scanname Scan044
timestamp 2024-03-06 17:24:01
ccdbias 1036.157715
ccdgain 4.045375
sigmaread 10.387852
laserwavenum -0.578507
wavenumcorrection -0.252075
scancount 17
totalexposurems 7371
singleexposurems 456
measurementstate Unknown
scanmode Auto
snr 907.972229 23.799095 5.026189
replacelist 0
peaks 52
257.349365 7.650918 0.000000 1.517819 0.000837
277.368073 7.477530 0.000000 6.814359 0.000555
288.704926 7.482611 0.000000 0.358705 0.000453
300.479431 7.361088 0.000000 2.096774 0.001022
355.542267 6.057531 0.000000 2.345639 0.000204
372.079865 6.012144 0.000000 2.163944 0.001017
374.895874 6.067427 0.000000 2.115773 0.000146
404.514191 5.755342 0.000000 0.502923 0.000290
418.572571 5.699839 0.000000 0.857264 0.000177
436.446350 5.690446 0.000000 0.222207 0.000222
445.357025 5.575943 0.000000 0.776422 0.000167
453.903687 5.563496 0.000000 1.027791 0.000420
458.961792 5.590792 0.000000 0.222504 0.000069
477.298248 5.468634 0.000000 0.152699 0.000063
490.535370 5.455645 0.000000 0.356026 0.000170
502.592010 5.422668 0.000000 1.111400 0.000095
516.886658 5.413016 0.000000 1.087845 0.000458
639.656494 5.362475 0.000000 0.851869 0.000431
648.818359 5.364925 0.000000 0.570854 0.000356
662.005920 5.304992 0.000000 2.902205 0.000226
672.905701 5.261721 0.000000 2.318748 0.000432
682.686096 5.210093 0.000000 2.061073 0.001173
707.351379 5.108460 0.000000 2.431124 0.001335
724.304321 5.044932 0.000000 0.250158 0.000086
744.743469 5.037653 0.000000 0.273186 0.000089
820.762024 4.894456 0.000000 0.204803 0.000276
847.313293 4.907331 0.000000 0.225474 0.000185
886.549316 4.852034 0.000000 0.603045 0.000280
941.576721 4.812204 0.000000 0.355151 0.000156
995.805176 4.867181 0.000000 0.083175 0.000115
1092.999268 5.739202 0.000000 0.559855 0.000878
1101.479614 5.747632 0.000000 1.028280 0.000727
1114.990723 5.954714 0.000000 0.584306 0.000924
1122.139526 5.959556 0.000000 1.173786 0.000819
1133.318970 5.992014 0.000000 2.203342 0.000276
1162.088989 6.232444 0.000000 0.294311 0.000206
1174.729492 6.233863 0.000000 0.570193 0.000200
1227.841309 6.762024 0.000000 0.281899 0.000323
1262.774048 7.286412 0.000000 0.103252 0.000094
1280.082886 7.404572 0.000000 0.064816 0.000068
1295.571777 7.327839 0.000000 0.267056 0.000243
1321.166748 7.391989 0.000000 0.228335 0.000236
1327.733276 7.396142 0.000000 0.183831 0.000340
1373.397827 7.244810 0.000000 0.583805 0.000383
1488.757568 7.277266 0.000000 0.267593 0.000123
1527.463501 7.240174 0.000000 0.216647 0.000220
1536.271362 7.229173 0.000000 0.527917 0.000975
1566.776001 7.128766 0.000000 0.240701 0.000479
1580.726563 6.884559 0.000000 0.585264 0.001021
1602.279175 6.507373 0.000000 0.841383 0.001221
1714.733398 3.291303 0.000000 0.303901 0.000448
1769.822021 3.005700 0.000000 0.066683 0.000120
finalresult GLS_NoMatch 0
spectrum 2048
-92.107414 2.027011
-89.482208 2.037248
-86.858887 2.232227
-84.237450 2.021106
-81.617897 2.144922
-79.000237 2.381413
-76.384453 2.083957
-73.770546 2.272191
-71.158524 2.436559
-68.548378 2.125389
-65.940094 2.282041
-63.333687 2.505819
-60.729153 2.502848
-58.126484 2.540542
-55.525677 2.598826
-52.926739 2.658524
-50.329662 2.515628
-47.734440 2.662863
-45.141075 2.510642
-42.549572 2.619251
-39.959923 2.615781
-37.372120 2.585399
-34.786163 2.588867
-32.202061 2.711109
-29.619802 2.782676
-27.039381 2.702149
-24.460812 2.732876
-21.884085 2.611235
-19.309183 12.380180
-16.736120 53.446934
-14.164899 7.819044
-11.595508 2.919205
-9.027940 2.368975
-6.462201 2.379886
-3.898295 2.389568
-1.336213 2.332093
1.224054 2.336389
3.782501 2.326491
6.339121 2.622408
8.893927 2.585773
11.446923 2.711299
13.998107 2.823882
16.547474 2.749274
19.095032 2.736312
21.640793 2.783015
24.184744 2.883788
26.726887 2.878478
29.267229 2.903113
31.805777 2.859056
34.342525 2.944414
36.877487 2.971728
39.410641 2.864952
41.942009 3.067087
44.471588 3.032272
46.999367 3.112082
49.525375 3.068483
52.049606 3.111174
54.572048 3.188655
57.092705 3.168322
59.611572 3.114619
62.128681 3.383365
64.644012 3.083751
67.157555 3.178787
69.669342 3.214655
72.179352 3.201910
74.687614 3.220273
77.194099 3.442774
79.698807 3.296698
82.201767 3.343575
84.702980 3.266228
87.202400 3.378295
89.700081 3.382846
92.196014 3.479172
94.690193 3.346302
97.182625 3.669721
99.673294 3.823499
102.162224 4.141104
104.649414 4.084264
107.134857 4.110202
109.618553 4.265024
112.100510 4.508458
114.580742 4.537705
117.059227 4.962152
119.535980 5.496839
122.011009 6.232811
124.484291 6.683596
126.955841 7.686687
129.425690 8.118579
131.893784 8.570806
134.360168 8.778449
136.824844 8.903094
139.287796 9.100547
141.749023 9.063461
144.208527 8.993859
146.666290 8.967044
149.122391 8.868265
151.576752 8.824925
154.029434 8.692659
156.480392 8.599663
158.929642 8.529657
161.377197 8.455446
163.823029 8.361311
166.267181 8.337642
168.709610 8.279579
171.150360 8.200165
173.589432 8.129858
176.026794 8.117492
178.462463 8.025714
180.896423 7.973467
183.328751 7.901789
185.759338 7.843800
188.188263 7.793375
190.615494 7.775361
193.041061 7.797668
195.464951 7.782124
197.887161 7.727029
200.307693 7.656168
202.726532 7.595163
205.143692 7.587294
207.559219 7.565440
209.973053 7.548162
212.385254 7.534860
214.795761 7.496511
217.204620 7.484473
219.611771 7.497016
222.017303 7.509063
224.421173 7.502254
226.823380 7.505352
229.223953 7.510916
231.622864 7.532369
234.020111 7.553713
236.415726 7.566854
238.809677 7.573081
241.201950 7.578004
243.592606 7.589215
245.981628 7.592018
248.369019 7.607337
250.754761 7.608534
253.138870 7.643591
255.521332 7.651177
257.902130 7.650323
260.281342 7.640769
262.658905 7.620206
265.034821 7.607240
267.409149 7.588204
269.781830 7.566927
272.152893 7.543286
274.522339 7.523442
276.890137 7.483736
279.256317 7.483045
281.620911 7.464453
283.983856 7.446407
286.345184 7.421887
288.704926 7.400460
291.063049 7.370391
293.419556 7.328465
295.774445 7.289138
298.127716 7.261347
300.479431 7.192255
302.829529 7.121759
305.178040 7.053149
307.524902 6.960664
309.870178 6.880531
312.213867 6.797335
314.555939 6.719312
316.896454 6.652271
319.235382 6.581104
321.572693 6.535262
323.908447 6.482733
326.242554 6.439006
328.575134 6.397043
330.906128 6.342493
333.235504 6.292084
335.563324 6.259022
337.889557 6.237876
340.214203 6.213951
342.537292 6.183780
344.858795 6.162851
347.178772 6.138593
349.497131 6.128464
351.813904 6.113182
354.129120 6.079739
356.442780 6.064206
358.754883 6.045625
361.065399 6.034092
363.374359 6.025886
365.681793 6.018825
367.987671 6.023304
370.291962 6.008363
372.594666 6.010154
374.895874 6.010851
377.195526 5.982793
379.493591 5.949079
381.790131 5.923642
384.085114 5.863718
386.378571 5.847250
388.670532 5.829912
390.960846 5.810094
393.249664 5.805793
395.536957 5.786270
397.822693 5.771291
400.106812 5.749151
402.389496 5.746865
404.670624 5.768832
406.950226 5.749339
409.228302 5.753345
411.504883 5.733727
413.779877 5.732956
416.053375 5.711499
418.325348 5.704378
420.595764 5.698598
422.864716 5.691290
425.132111 5.691475
427.397980 5.687616
429.662384 5.678313
431.925232 5.658402
434.186493 5.660266
436.446350 5.650312
438.704651 5.634016
440.961456 5.609075
443.216736 5.589311
445.470551 5.570725
447.722870 5.570970
449.973663 5.555068
452.222931 5.559879
454.470734 5.571609
456.717010 5.555131
458.961792 5.558650
461.205109 5.542961
463.446899 5.516756
465.687195 5.501465
467.926025 5.486668
470.163330 5.473861
472.399139 5.487400
474.633484 5.480810
476.866364 5.467544
479.097717 5.472104
481.327606 5.477853
483.556030 5.463490
485.782990 5.452727
488.008453 5.452522
490.232422 5.456500
492.454926 5.454643
494.675964 5.452511
496.895538 5.447461
499.113617 5.447278
501.330231 5.440069
503.545380 5.419718
505.759064 5.413034
507.971283 5.407614
510.182007 5.404855
512.391296 5.398510
514.599121 5.412698
516.805542 5.422033
519.010498 5.413495
521.213928 5.392132
523.415894 5.401137
525.616455 5.371604
527.815552 5.358138
530.013306 5.336990
532.209412 5.328739
534.404175 5.322299
536.597473 5.313241
538.789368 5.290555
540.979797 5.297940
543.168701 5.293478
545.356262 5.300837
547.542358 5.291347
549.726929 5.291335
551.910217 5.279655
554.091980 5.285940
556.272339 5.289520
558.451233 5.284511
560.628723 5.275216
562.804749 5.264895
564.979370 5.274358
567.152588 5.278133
569.324463 5.267263
571.494751 5.277610
573.663696 5.266994
575.831116 5.268931
577.997192 5.267796
580.161865 5.268971
582.325134 5.260117
584.487000 5.250843
586.647400 5.250878
588.806335 5.237369
590.963989 5.265305
593.120178 5.271902
595.274902 5.263314
597.428284 5.257179
599.580261 5.254932
601.730835 5.250944
603.879944 5.258398
606.027710 5.264544
608.174072 5.264251
610.318970 5.275695
612.462463 5.286579
614.604614 5.286699
616.745422 5.300060
618.884705 5.285612
621.022766 5.293964
623.159363 5.301036
625.294434 5.300401
627.428345 5.299495
629.560730 5.312010
631.691711 5.334397
633.821411 5.353182
635.949524 5.369330
638.076538 5.358587
640.201965 5.345621
642.326172 5.361047
644.448730 5.358015
646.570129 5.359340
648.690063 5.365641
650.808655 5.372359
652.925903 5.358194
655.041748 5.347303
657.156250 5.339762
659.269409 5.320292
661.381042 5.313909
663.491455 5.306732
665.600525 5.297095
667.708191 5.283846
669.814453 5.275510
671.919312 5.269097
674.022888 5.264483
676.125183 5.253983
678.225952 5.240159
680.325378 5.230223
682.423523 5.213908
684.520264 5.203787
686.615723 5.184045
688.709900 5.168628
690.802490 5.142244
692.893921 5.085889
694.984009 5.030549
697.072632 5.013298
699.159973 5.017401
701.246033 5.059254
703.330627 5.086583
705.413940 5.109040
707.495850 5.109932
709.576538 5.089279
711.655762 5.090408
713.733643 5.084857
715.810303 5.061430
717.885620 5.067906
719.959534 5.052014
722.032227 5.042639
724.103455 5.046511
726.173401 5.050147
728.242065 5.046460
730.309387 5.037127
732.375366 5.028303
734.440063 5.035791
736.503296 5.037689
738.565308 5.025303
740.626038 5.025403
742.685364 5.020669
744.743469 5.008928
746.800110 5.002496
748.855530 4.988955
750.909668 4.984748
752.962463 4.980019
755.013977 4.982326
757.064087 4.958045
759.112976 4.946806
761.160522 4.941653
763.206726 4.951140
765.251709 4.942242
767.295349 4.928767
769.337646 4.929228
771.378723 4.910773
773.418396 4.905643
775.456848 4.889538
777.493896 4.896130
779.529663 4.895440
781.564209 4.886136
783.597473 4.880798
785.629395 4.875560
787.660034 4.870737
789.689392 4.873602
791.717529 4.876591
793.744263 4.862309
795.769775 4.860023
797.793945 4.860264
799.816833 4.862339
801.838440 4.847978
803.858826 4.865116
805.877869 4.862235
807.895630 4.862762
809.912170 4.865191
811.927429 4.863245
813.941345 4.881876
815.953918 4.894958
817.965332 4.903279
819.975403 4.888278
821.984375 4.885399
823.991821 4.888585
825.998230 4.892807
828.003235 4.889115
830.006897 4.898816
832.009460 4.889690
834.010559 4.889709
836.010620 4.880938
838.009216 4.889787
840.006714 4.897310
842.002869 4.909318
843.997864 4.907350
845.991455 4.911523
847.983826 4.906943
849.974976 4.893835
851.964905 4.899384
853.953430 4.902375
855.940857 4.897510
857.926880 4.891788
859.911804 4.888256
861.895386 4.880117
863.877747 4.861670
865.858887 4.857738
867.838684 4.875366
869.817383 4.868195
871.794678 4.854973
873.770874 4.865927
875.745728 4.867589
877.719421 4.870679
879.691772 4.867820
881.662964 4.862239
883.632813 4.862036
885.601624 4.842804
887.568970 4.862382
889.535217 4.854867
891.500183 4.836977
893.463867 4.841125
895.426453 4.835843
897.387695 4.812556
899.347778 4.800463
901.306519 4.794593
903.264160 4.773869
905.220520 4.755555
907.175781 4.761837
909.129639 4.739316
911.082397 4.741970
913.033752 4.749461
914.984070 4.740521
916.933044 4.748796
918.880920 4.745672
920.827454 4.764601
922.772766 4.756822
924.716980 4.774173
926.659973 4.771596
928.601746 4.778807
930.542114 4.800696
932.481445 4.799237
934.419495 4.799321
936.356506 4.808483
938.292114 4.809339
940.226624 4.823753
942.159790 4.806917
944.091980 4.808973
946.022766 4.809255
947.952454 4.817622
949.880859 4.812578
951.808167 4.808878
953.734009 4.818720
955.658875 4.807072
957.582581 4.822294
959.504944 4.816882
961.426331 4.799700
963.346313 4.798884
965.265137 4.793633
967.182800 4.803413
969.099365 4.812882
971.014526 4.808451
972.928711 4.803049
974.841553 4.802720
976.753296 4.807407
978.663757 4.806519
980.573181 4.796405
982.481262 4.798287
984.388184 4.803350
986.294006 4.813030
988.198547 4.817814
990.102112 4.838697
992.004272 4.840117
993.905334 4.835457
995.805176 4.840489
997.703979 4.855214
999.601440 4.867420
1001.497925 4.874133
1003.392883 4.860406
1005.287048 4.856727
1007.179810 4.870699
1009.071533 4.869016
1010.962036 4.879147
1012.851257 4.902524
1014.739502 4.910141
1016.626404 4.915925
1018.512329 4.913487
1020.396790 4.922622
1022.280396 4.934773
1024.162598 4.956848
1026.043945 4.967690
1027.923828 4.977524
1029.802734 4.998937
1031.680420 5.002248
1033.557007 5.009598
1035.432373 5.018322
1037.306519 5.025222
1039.179443 5.029221
1041.051392 5.038892
1042.922119 5.070166
1044.791626 5.079065
1046.660278 5.090055
1048.527344 5.119527
1050.393677 5.135376
1052.258545 5.155926
1054.122437 5.165523
1055.985107 5.185823
1057.846680 5.195865
1059.707031 5.216182
1061.566284 5.235590
1063.424316 5.261114
1065.281372 5.258492
1067.137207 5.277929
1068.991943 5.299443
1070.845215 5.325546
1072.697754 5.347814
1074.549072 5.359026
1076.399170 5.391567
1078.248169 5.423284
1080.096069 5.457780
1081.942749 5.500062
1083.788330 5.537955
1085.632813 5.577616
1087.476074 5.602795
1089.318237 5.641083
1091.159424 5.672184
1092.999268 5.696408
1094.838257 5.717097
1096.675903 5.729133
1098.512329 5.737891
1100.347900 5.745826
1102.182007 5.749817
1104.015259 5.762879
1105.847290 5.763439
1107.678101 5.797470
1109.507935 5.824903
1111.336670 5.866642
1113.164307 5.899491
1114.990723 5.916572
1116.816040 5.935455
1118.640259 5.944577
1120.463379 5.957462
1122.285278 5.961538
1124.106445 5.956654
1125.926025 5.942090
1127.744751 5.964520
1129.562256 5.976039
1131.378662 5.991884
1133.193970 5.989045
1135.008179 6.001684
1136.821289 6.006067
1138.633423 6.047241
1140.444336 6.053755
1142.254028 6.065059
1144.062744 6.079796
1145.870239 6.101975
1147.677002 6.111463
1149.482300 6.124433
1151.286499 6.123424
1153.089600 6.138203
1154.891724 6.155646
1156.692749 6.172875
1158.492676 6.185007
1160.291382 6.179038
1162.088989 6.213282
1163.885742 6.203929
1165.681152 6.226129
1167.475586 6.221908
1169.268921 6.217986
1171.061157 6.229626
1172.852295 6.236675
1174.642456 6.232406
1176.431274 6.246848
1178.219238 6.222403
1180.005859 6.250297
1181.791626 6.253265
1183.576294 6.255772
1185.359863 6.264000
1187.142334 6.273912
1188.923584 6.291068
1190.703857 6.296785
1192.483032 6.315590
1194.261108 6.335751
1196.038330 6.355814
1197.814209 6.382372
1199.588867 6.390296
1201.362915 6.400697
1203.135620 6.411358
1204.907227 6.423007
1206.677856 6.428191
1208.447510 6.463182
1210.215820 6.485343
1211.983276 6.494304
1213.749512 6.503486
1215.514771 6.518032
1217.278931 6.540513
1219.041870 6.563063
1220.803955 6.603088
1222.564819 6.603273
1224.324829 6.642503
1226.083740 6.660565
1227.841309 6.682865
1229.598145 6.702656
1231.353760 6.708096
1233.108276 6.726597
1234.861816 6.733842
1236.614258 6.746947
1238.365723 6.770866
1240.115845 6.795466
1241.865234 6.823351
1243.613403 6.831248
1245.360596 6.847787
1247.106567 6.865005
1248.851685 6.874768
1250.595581 6.900977
1252.338501 6.918530
1254.080444 6.931639
1255.821289 6.950725
1257.561035 6.989452
1259.299805 7.004656
1261.037476 7.016663
1262.774048 7.027409
1264.509644 7.040414
1266.244263 7.058044
1267.977661 7.098928
1269.710083 7.088781
1271.441650 7.093971
1273.171753 7.118469
1274.901123 7.146732
1276.629517 7.149518
1278.356567 7.163994
1280.082886 7.202277
1281.807861 7.205015
1283.532104 7.201923
1285.255005 7.210906
1286.977173 7.220776
1288.698120 7.240525
1290.418213 7.262417
1292.137085 7.272156
1293.854980 7.273568
1295.571777 7.285192
1297.287598 7.293503
1299.002197 7.322967
1300.716064 7.333642
1302.428711 7.314836
1304.140381 7.322753
1305.851196 7.324005
1307.560791 7.352398
1309.269409 7.354810
1310.976929 7.372021
1312.683472 7.377246
1314.388916 7.391634
1316.093506 7.382662
1317.796875 7.380209
1319.499390 7.398064
1321.200806 7.381092
1322.901245 7.397927
1324.600464 7.404865
1326.298950 7.401430
1327.996338 7.389558
1329.692505 7.397634
1331.387817 7.377319
1333.082031 7.396528
1334.775391 7.382815
1336.467651 7.368611
1338.158813 7.365162
1339.848999 7.337961
1341.538330 7.334001
1343.226440 7.313799
1344.913696 7.314348
1346.599731 7.306768
1348.284912 7.292525
1349.968872 7.271403
1351.652100 7.262901
1353.334106 7.245552
1355.015259 7.249977
1356.695557 7.261533
1358.374634 7.260515
1360.052612 7.263968
1361.729614 7.254921
1363.405884 7.265491
1365.080933 7.261602
1366.754761 7.246776
1368.427979 7.228181
1370.100098 7.245717
1371.770996 7.251540
1373.441284 7.240372
1375.110229 7.251234
1376.778198 7.243534
1378.445190 7.218140
1380.111572 7.227675
1381.776489 7.210350
1383.440552 7.214407
1385.103638 7.196593
1386.765503 7.185828
1388.426758 7.149223
1390.086914 7.143198
1391.745850 7.148906
1393.404053 7.110293
1395.061157 7.109725
1396.717163 7.085019
1398.372314 7.080321
1400.026489 7.089299
1401.679810 7.076718
1403.331665 7.087527
1404.983032 7.087469
1406.633057 7.072911
1408.282471 7.075239
1409.930542 7.068119
1411.577637 7.080287
1413.224121 7.084047
1414.869263 7.064655
1416.513672 7.087693
1418.156738 7.098478
1419.799194 7.088783
1421.440552 7.105066
1423.080811 7.104716
1424.720093 7.091916
1426.358521 7.093340
1427.995850 7.098352
1429.632324 7.112293
1431.267822 7.105392
1432.902222 7.133554
1434.535767 7.145721
1436.168213 7.143324
1437.799805 7.128908
1439.430542 7.120889
1441.060181 7.141256
1442.688599 7.150232
1444.316284 7.156545
1445.942993 7.163902
1447.568726 7.170088
1449.193359 7.174227
1450.817261 7.184777
1452.439941 7.181735
1454.061890 7.196928
1455.682739 7.189579
1457.302612 7.205190
1458.921509 7.208934
1460.539429 7.208035
1462.156372 7.219876
1463.772583 7.219713
1465.387695 7.203859
1467.001709 7.215568
1468.614990 7.237705
1470.227051 7.228320
1471.838257 7.231900
1473.448608 7.247124
1475.058105 7.256194
1476.666138 7.275621
1478.273682 7.270187
1479.880127 7.258481
1481.485596 7.257481
1483.090088 7.273214
1484.693726 7.268195
1486.296021 7.273263
1487.897827 7.283160
1489.498657 7.290336
1491.098267 7.270522
1492.697021 7.282347
1494.295044 7.279284
1495.891724 7.271984
1497.487671 7.257305
1499.082764 7.282806
1500.676636 7.286548
1502.269897 7.295012
1503.861938 7.290070
1505.453003 7.263690
1507.043335 7.256714
1508.632568 7.251081
1510.220947 7.254609
1511.808472 7.257469
1513.394775 7.261319
1514.980225 7.266409
1516.564941 7.272787
1518.148682 7.247894
1519.731079 7.237263
1521.312866 7.244678
1522.893799 7.255659
1524.473755 7.246519
1526.052490 7.231687
1527.630371 7.249485
1529.207642 7.235760
1530.783569 7.238727
1532.358643 7.220013
1533.932983 7.218724
1535.506226 7.217056
1537.078857 7.239358
1538.649902 7.222519
1540.220337 7.221071
1541.790039 7.195949
1543.358643 7.175363
1544.926392 7.158608
1546.493164 7.166793
1548.058838 7.170135
1549.623535 7.151625
1551.187622 7.139684
1552.750732 7.134915
1554.312866 7.129601
1555.873901 7.122181
1557.434204 7.115948
1558.993408 7.110584
1560.552002 7.093824
1562.109375 7.078717
1563.665894 7.057522
1565.221436 7.048852
1566.776001 7.027564
1568.329834 7.006821
1569.882690 6.974461
1571.434570 6.959435
1572.985596 6.916218
1574.535522 6.886706
1576.084595 6.863307
1577.633057 6.845700
1579.180054 6.833400
1580.726563 6.809305
1582.272095 6.779075
1583.816772 6.755416
1585.359985 6.709038
1586.902832 6.654468
1588.444580 6.636019
1589.985474 6.596453
1591.525269 6.513643
1593.064453 6.464017
1594.602417 6.435148
1596.139526 6.358660
1597.675903 6.322536
1599.211304 6.257935
1600.745850 6.207832
1602.279175 6.143228
1603.811890 6.088204
1605.343750 6.014764
1606.874512 5.925288
1608.404297 5.845231
1609.933350 5.785745
1611.461426 5.725336
1612.988403 5.664042
1614.514893 5.594223
1616.040161 5.527025
1617.564697 5.444976
1619.087891 5.385309
1620.610840 5.323089
1622.132568 5.266217
1623.653320 5.203616
1625.173096 5.114413
1626.692383 5.054003
1628.210327 4.970922
1629.727661 4.927521
1631.243774 4.852257
1632.759277 4.779822
1634.273926 4.724992
1635.787354 4.657874
1637.300049 4.593874
1638.811890 4.541485
1640.322876 4.479103
1641.832886 4.439424
1643.341797 4.363896
1644.850098 4.316525
1646.357422 4.287135
1647.863770 4.249337
1649.369141 4.195493
1650.874023 4.149535
1652.377808 4.108562
1653.880615 4.065006
1655.382446 4.008505
1656.883667 3.974434
1658.383911 3.948924
1659.883057 3.912688
1661.381348 3.883358
1662.878906 3.857624
1664.375366 3.821925
1665.871094 3.777724
1667.365845 3.761873
1668.859863 3.729924
1670.352905 3.700539
1671.844971 3.681240
1673.336426 3.676159
1674.826660 3.647946
1676.316162 3.616566
1677.804810 3.594240
1679.292480 3.581919
1680.779541 3.553609
1682.265259 3.546986
1683.750366 3.529325
1685.234741 3.523514
1686.717651 3.484731
1688.200195 3.467246
1689.681641 3.455186
1691.162354 3.457288
1692.642090 3.429528
1694.121094 3.423228
1695.598999 3.407561
1697.076294 3.401459
1698.552246 3.381359
1700.027832 3.379520
1701.502197 3.354101
1702.975952 3.348721
1704.448608 3.320602
1705.920654 3.320689
1707.391602 3.298952
1708.861450 3.289662
1710.330811 3.267499
1711.799316 3.272608
1713.266724 3.261978
1714.733398 3.271077
1716.198853 3.243788
1717.663940 3.231835
1719.127930 3.217319
1720.591064 3.200709
1722.053223 3.168222
1723.514771 3.177912
1724.975342 3.153338
1726.434692 3.179335
1727.893677 3.144441
1729.351563 3.134969
1730.808716 3.130321
1732.264648 3.117370
1733.719971 3.109178
1735.174561 3.105128
1736.627930 3.098072
1738.080688 3.082609
1739.532593 3.081308
1740.983521 3.078196
1742.433472 3.057570
1743.882935 3.058566
1745.331177 3.048357
1746.778931 3.043734
1748.225342 3.039504
1749.671265 3.014501
1751.116211 3.005847
1752.560303 3.004292
1754.003418 3.002846
1755.445679 2.998368
1756.887207 2.986511
1758.327881 2.987413
1759.767578 2.979972
1761.206543 2.973474
1762.644653 2.983055
1764.081787 2.967885
1765.518188 2.943522
1766.953735 2.944754
1768.388306 2.945355
1769.822021 2.939617
1771.254883 2.925784
1772.687134 2.924201
1774.118408 2.900501
1775.548462 2.899846
1776.978027 2.891278
1778.406982 2.879334
1779.834595 2.865453
1781.261353 2.848320
1782.687622 2.843827
1784.113037 2.838749
1785.537109 2.833879
1786.960815 2.832249
1788.383545 2.817166
1789.805420 2.805533
1791.226318 2.805227
1792.646606 2.797985
1794.065918 2.786782
1795.484375 2.783031
1796.901855 2.776778
1798.318726 2.781493
1799.734619 2.765296
1801.149536 2.766029
1802.563843 2.748943
1803.977295 2.734285
1805.390015 2.726828
1806.801514 2.721745
1808.212402 2.727094
1809.622437 2.709962
1811.031738 2.711794
1812.439697 2.710811
1813.847412 2.700772
1815.254150 2.692593
1816.659790 2.690274
1818.064697 2.688610
1819.468750 2.681916
1820.872192 2.684757
1822.274536 2.681901
1823.676270 2.666526
1825.077148 2.659836
1826.477051 2.661006
1827.875977 2.651056
1829.274292 2.655127
1830.671631 2.658477
1832.068359 2.648454
1833.463989 2.648722
1834.859009 2.637962
1836.253174 2.635444
1837.646362 2.639656
1839.038696 2.633933
1840.430420 2.629729
1841.821167 2.620663
1843.211182 2.611998
1844.599976 2.599252
1845.988403 2.597750
1847.375977 2.599633
1848.762329 2.595946
1850.148071 2.587836
1851.533203 2.590878
1852.917236 2.579445
1854.300415 2.581499
1855.683105 2.563996
1857.064453 2.573511
1858.445435 2.568062
1859.825195 2.562441
1861.204468 2.559322
1862.582886 2.564452
1863.960449 2.555429
1865.337036 2.541896
1866.712769 2.560549
1868.087769 2.544067
1869.461792 2.542176
1870.835205 2.530231
1872.207886 2.537948
1873.579590 2.527047
1874.950439 2.529219
1876.320557 2.516375
1877.689941 2.510830
1879.058472 2.509725
1880.425781 2.505852
1881.792725 2.484161
1883.158569 2.505468
1884.523926 2.497555
1885.888184 2.485036
1887.251587 2.491291
1888.614380 2.489652
1889.976196 2.472188
1891.337402 2.473997
1892.697632 2.460821
1894.057007 2.471816
1895.415527 2.473174
1896.773315 2.476597
1898.130371 2.458611
1899.486694 2.466111
1900.841919 2.463591
1902.196411 2.447675
1903.550293 2.452410
1904.903320 2.452751
1906.255127 2.446526
1907.606445 2.434362
1908.957153 2.451869
1910.306763 2.439621
1911.655396 2.450595
1913.003662 2.445791
1914.350830 2.431969
1915.697144 2.430672
1917.042725 2.421969
1918.387695 2.434277
1919.731812 2.427986
1921.074829 2.413061
1922.417236 2.404504
1923.758789 2.418985
1925.099854 2.404862
1926.439575 2.409912
1927.778809 2.407842
1929.117188 2.399228
1930.454834 2.397874
1931.791382 2.392107
1933.127197 2.387841
1934.462402 2.389974
1935.796631 2.386686
1937.130249 2.385775
1938.462891 2.380728
1939.795044 2.375731
1941.126099 2.370394
1942.456543 2.365599
1943.786011 2.364263
1945.114868 2.358171
1946.442383 2.349806
1947.769531 2.358540
1949.096069 2.360698
1950.421509 2.343001
1951.746094 2.353498
1953.070190 2.349623
1954.393188 2.335489
1955.715454 2.343632
1957.037109 2.344803
1958.357544 2.332248
1959.677734 2.337999
1960.996704 2.321113
1962.315186 2.323804
1963.632813 2.320977
1964.949707 2.321229
1966.265503 2.313385
1967.580566 2.326851
1968.895020 2.314478
1970.208618 2.307929
1971.520996 2.314499
1972.833374 2.296755
1974.144531 2.297472
1975.454834 2.301706
1976.764404 2.292027
1978.073364 2.292472
1979.381470 2.289576
1980.688477 2.295483
1981.994873 2.300940
1983.300781 2.284828
1984.605713 2.301124
1985.909546 2.294701
1987.213013 2.286711
1988.515503 2.280823
1989.817261 2.285665
1991.118164 2.256957
1992.418213 2.278882
1993.717529 2.276751
1995.015991 2.259466
1996.313965 2.269043
1997.611084 2.261872
1998.907227 2.264971
2000.202515 2.264500
2001.497192 2.254195
2002.791138 2.243186
2004.084229 2.253806
2005.376587 2.248307
2006.668091 2.242371
2007.958740 2.245752
2009.248779 2.242244
2010.537842 2.233343
2011.826294 2.239353
2013.113892 2.239874
2014.400879 2.235827
2015.686646 2.236757
2016.972168 2.236805
2018.256836 2.228265
2019.540161 2.220486
2020.823120 2.235806
2022.105469 2.220834
2023.386597 2.215981
2024.667236 2.203405
2025.947021 2.208720
2027.226318 2.209942
2028.504517 2.206408
2029.781982 2.209748
2031.058716 2.217606
2032.334717 2.187089
2033.609863 2.211588
2034.884277 2.202179
2036.157837 2.183395
2037.430786 2.189180
2038.702637 2.190994
2039.974121 2.202418
2041.244629 2.193340
2042.514648 2.171139
2043.783325 2.180923
2045.051636 2.166416
2046.319214 2.162381
2047.585693 2.172800
2048.851318 2.173660
2050.116455 2.168496
2051.381104 2.177207
2052.644775 2.163234
2053.907227 2.156223
2055.169434 2.151293
2056.430664 2.159804
2057.691162 2.163390
2058.950928 2.154210
2060.209961 2.155586
2061.468262 2.148458
2062.725586 2.144057
2063.982422 2.149626
2065.238281 2.154514
2066.493408 2.139822
2067.747803 2.125514
2069.001709 2.134664
2070.254395 2.132367
2071.506836 2.139940
2072.757813 2.150102
2074.008301 2.124690
2075.258301 2.140727
2076.507324 2.114824
2077.755615 2.124346
2079.003174 2.113895
2080.250000 2.106356
2081.495850 2.116882
2082.741211 2.110025
2083.985840 2.118260
2085.229492 2.119149
2086.472168 2.106199
2087.714355 2.113818
2088.956299 2.112013
2090.197021 2.106138
2091.436523 2.097474
2092.676025 2.092897
2093.914307 2.093631
2095.152100 2.106068
2096.389160 2.088834
2097.625000 2.099268
2098.860596 2.094059
2100.095215 2.093754
2101.329102 2.074568
2102.562500 2.100197
2103.794678 2.091042
2105.026123 2.092169
2106.257324 2.093298
2107.487549 2.092993
2108.716797 2.099038
2109.945313 2.083711
2111.173096 2.079054
2112.400391 2.070111
2113.626953 2.075129
2114.852295 2.075574
2116.077148 2.074624
2117.301270 2.072108
2118.524414 2.070151
2119.747314 2.080039
2120.969482 2.085096
2122.190674 2.064003
2123.410645 2.069942
2124.630371 2.062226
2125.849365 2.054296
2127.067871 2.055173
2128.284912 2.051779
2129.501465 2.047997
2130.717285 2.061052
2131.932617 2.048082
2133.147217 2.041433
2134.360840 2.038903
2135.573730 2.034203
2136.785889 2.036834
2137.997070 2.049222
2139.208008 2.032960
2140.418213 2.051022
2141.627197 2.047405
2142.835449 2.022399
2144.043457 2.026905
2145.250488 2.021726
2146.456543 2.017373
2147.662109 2.024799
2148.866943 2.032910
2150.071045 2.030581
2151.273926 2.017060
2152.477051 2.012125
2153.678711 2.017863
2154.879639 2.023810
2156.079834 2.024821
2157.279541 2.019726
2158.478516 2.020146
2159.676270 2.016466
2160.873779 1.995875
2162.070557 2.001236
2163.266602 2.004616
2164.461426 2.011647
2165.656006 1.999057
2166.849854 2.004566
2168.042969 1.996087
2169.235107 2.003489
2170.426514 1.998832
2171.617676 1.994099
2172.807617 2.000018
2173.996826 2.012186
2175.185303 2.006734
2176.373047 2.006579
2177.560059 1.993951
2178.746826 2.005430
2179.932373 1.999481
2181.117432 1.996734
2182.301270 1.981150
2183.485107 1.978900
2184.667725 1.989108
2185.849854 1.992803
2187.030518 1.998031
2188.211426 1.987746
2189.391602 1.980931
2190.570557 1.981607
2191.748779 1.990875
2192.926758 1.985091
2194.103516 1.979860
2195.279297 1.984598
2196.454834 1.981675
2197.629639 1.964565
2198.803955 1.974259
2199.976807 1.975509
2201.149414 1.968969
2202.321289 1.967625
2203.492676 1.964764
2204.663086 1.956257
2205.832764 1.968758
2207.001953 1.956337
2208.169922 1.954198
2209.337402 1.967283
2210.504150 1.958877
2211.670410 1.952324
2212.835449 1.968290
2214.000000 1.955505
2215.164063 1.964255
2216.327393 1.941787
2217.489746 1.966596
2218.651367 1.939966
2219.812744 1.937950
2220.972900 1.942117
2222.132568 1.942041
2223.291504 1.932670
2224.449707 1.930512
2225.607178 1.934613
2226.763672 1.942616
2227.919922 1.939700
2229.074951 1.922255
2230.229736 1.914349
2231.383301 1.934687
2232.536621 1.914001
2233.688965 1.927376
2234.840576 1.901238
2235.991699 1.915725
2237.142090 1.917015
2238.291748 1.901245
2239.440430 1.900609
2240.588867 1.909872
2241.736572 1.907101
2242.883057 1.900015
2244.028809 1.898302
2245.174561 1.896384
2246.318848 1.896076
2247.462891 1.906078
2248.606201 1.893286
2249.748535 1.892222
2250.890625 1.879468
2252.031250 1.877003
2253.172119 1.864921
2254.311523 1.868657
2255.450439 1.870152
2256.588867 1.873738
2257.726318 1.890644
2258.863037 1.871530
2259.999268 1.893516
2261.134521 1.869244
2262.269287 1.870472
2263.403320 1.861911
2264.536865 1.857427
2265.669189 1.858550
2266.801270 1.856696
2267.932617 1.871651
2269.062744 1.849090
2270.192627 1.870730
2271.322266 1.871524
2272.450195 1.865762
2273.577881 1.852427
2274.705078 1.859630
2275.831299 1.852089
2276.957031 1.858482
2278.081543 1.857412
2279.206055 1.848712
2280.329590 1.848016
2281.452393 1.834135
2282.574463 1.839678
2283.695801 1.837380
2284.816650 1.824754
2285.936279 1.825572
2287.055908 1.843636
2288.174316 1.833374
2289.292236 1.840219
2290.409668 1.830095
2291.526123 1.833447
2292.642090 1.819187
2293.757324 1.833581
2294.871582 1.824292
2295.985352 1.820093
2297.098633 1.812913
2298.211182 1.804603
2299.322266 1.803060
2300.433594 1.795609
2301.543701 1.811108
2302.653320 1.818074
2303.762207 1.802229
2304.870850 1.803303
2305.978027 1.796577
2307.084961 1.793160
2308.191162 1.808462
2309.296631 1.812701
2310.401611 1.790601
2311.505371 1.797032
2312.608887 1.781716
2313.711670 1.785775
2314.813721 1.791173
2315.915039 1.786428
2317.015625 1.799012
2318.115723 1.800016
2319.215088 1.787035
2320.313477 1.780199
2321.411377 1.790526
2322.508789 1.773858
2323.604980 1.779322
2324.701172 1.768770
2325.796387 1.789318
2326.890869 1.777231
2327.984619 1.753870
2329.077881 1.762807
2330.170166 1.785912
2331.262207 1.783695
2332.353027 1.777839
2333.443604 1.778676
2334.533447 1.780746
2335.622803 1.769653
2336.710693 1.773892
2337.798584 1.758985
2338.885498 1.751601
2339.971680 1.753599
2341.057617 1.754879
2342.142578 1.759643
2343.227051 1.754217
2344.310303 1.776216
2345.393555 1.742371
2346.475586 1.755028
2347.557129 1.754774
2348.638184 1.742853
2349.718750 1.754865
2350.798096 1.759350
2351.877197 1.762953
2352.955322 1.761359
2354.032959 1.750386
2355.109863 1.743087
2356.185791 1.751672
2357.261475 1.745739
2358.336182 1.743480
2359.410645 1.743576
2360.483887 1.753041
2361.556885 1.732115
2362.629150 1.730658
2363.700928 1.751493
2364.771484 1.743064
2365.841797 1.742027
2366.911621 1.736791
2367.980469 1.731308
2369.048340 1.741535
2370.115967 1.751075
2371.182861 1.741199
2372.249023 1.727166
2373.314453 1.743985
2374.379150 1.736562
2375.443604 1.737119
2376.507080 1.732832
2377.569824 1.722278
2378.632080 1.732516
2379.693848 1.728272
2380.754395 1.720568
2381.814697 1.722992
2382.874756 1.731641
2383.933350 1.727646
2384.991455 1.722936
2386.049316 1.734341
2387.105957 1.715820
2388.162354 1.709746
2389.217529 1.716878
2390.272705 1.720011
2391.326904 1.719922
2392.380371 1.715699
2393.433594 1.715538
2394.486084 1.711427
2395.537598 1.714954
2396.588135 1.715517
2397.638672 1.701921
2398.688477 1.717229
2399.737305 1.712111
2400.785645 1.707455
2401.833252 1.698672
2402.880615 1.713208
2403.926758 1.699479
2404.972412 1.702366
2406.017822 1.710459
2407.062500 1.713954
2408.105957 1.694350
2409.149170 1.711962
2410.191406 1.687752
2411.233398 1.691029
2412.274414 1.699276
2413.314941 1.706828
2414.355225 1.708336
2415.394043 1.690700
2416.432373 1.695409
2417.470703 1.682810
2418.508301 1.700336
2419.544678 1.673361
2420.580322 1.701004
2421.615723 1.689400
2422.650635 1.710867
2423.684814 1.688060
2424.718018 1.684533
2425.750977 1.677760
2426.782959 1.685164
2427.814453 1.677739
2428.845459 1.681855
2429.875244 1.676956
2430.905029 1.675936
2431.933594 1.685228
2432.961914 1.680981
2433.989746 1.675576
2435.016846 1.675843
2436.042725 1.657919
2437.068604 1.669374
2438.093750 1.672146
2439.118164 1.660824
2440.141602 1.674719
2441.165039 1.664442
2442.187256 1.691098
2443.209473 1.670440
2444.230469 1.651800
2445.251221 1.663185
2446.270996 1.639237
2447.290039 1.649598
2448.308838 1.651968
2449.327148 1.661360
2450.344482 1.659769
2451.361328 1.649260
2452.376953 1.661970
2453.392822 1.656928
2454.407715 1.649708
2455.421631 1.640124
2456.435547 1.640400
2457.448730 1.658562
2458.460449 1.644827
2459.472168 1.655755
2460.483643 1.643329
2461.493896 1.639414
2462.503418 1.625318
2463.512939 1.656952
2464.521484 1.653191
2465.529541 1.652913
2466.536621 1.618685
2467.543213 1.620512
2468.549561 1.640988
2469.554932 1.623485
2470.559326 1.621975
2471.563721 1.637573
2472.567383 1.632376
2473.570313 1.624720
2474.572266 1.637497
2475.573975 1.634014
2476.575195 1.627451
2477.575439 1.620189
2478.575439 1.619793
2479.574463 1.621737
2480.573242 1.595860
2481.570801 1.626535
2482.568115 1.632795
2483.565186 1.625155
2484.561279 1.645607
2485.556396 1.640284
2486.551025 1.637740
2487.545410 1.604862
2488.538574 1.633721
2489.531494 1.620963
2490.524170 1.627815
2491.516113 1.615477
2492.507080 1.617781
2493.497559 1.602746
2494.487793 1.598428
2495.476563 1.607921
2496.465576 1.623740
2497.453857 1.615530
2498.440918 1.604194
2499.427734 1.601525
2500.414307 1.607443
2501.399414 1.596500
2502.384277 1.593632
2503.368896 1.587289
2504.352539 1.604944
2505.335693 1.597601
2506.318359 1.604193
2507.300049 1.602177
2508.281982 1.609953
2509.262207 1.600410
2510.242188 1.608015
2511.221924 1.588655
2512.200684 1.614540
2513.178711 1.603667
2514.156738 1.587472
2515.133545 1.586634
2516.110352 1.603675
2517.086182 1.605126
2518.061035 1.579124
2519.036133 1.599387
2520.010010 1.603749
2520.983154 1.597661
2521.956055 1.585043
2522.928467 1.578366
2523.899902 1.593061
2524.871094 1.590647
2525.841309 1.576662
2526.811523 1.589131
2527.780518 1.585772
2528.749023 1.576239
2529.717285 1.583923
2530.684570 1.593629
2531.651367 1.599317
2532.617676 1.600134
2533.583008 1.578332
2534.548584 1.583760
2535.512939 1.584284
2536.476563 1.586814
2537.440186 1.575945
2538.402588 1.567523
2539.364502 1.586978
2540.326172 1.598497
2541.287109 1.568111
2542.247314 1.597036
2543.207031 1.579160
2544.166260 1.574936
2545.124756 1.589759
2546.082520 1.572634
2547.039795 1.561155
2547.996826 1.581215
2548.952881 1.571793
2549.907959 1.574618
2550.863281 1.558280
2551.817383 1.568102
2552.771240 1.575230
2553.725098 1.572135
2554.677246 1.547081
2555.629639 1.568931
2556.580566 1.565270
2557.531494 1.572491
2558.482178 1.541519
2559.431885 1.554350
2560.380859 1.576860
2561.329590 1.575884
2562.277100 1.577899
2563.225098 1.538164
2564.171875 1.554215
2565.117920 1.554151
2566.063965 1.544284
2567.008545 1.532191
2567.952881 1.555386
2568.896729 1.553513
2569.839844 1.577839
2570.782715 1.535067
2571.725098 1.541497
2572.666992 1.550156
2573.608154 1.559172
2574.548096 1.541535
2575.487793 1.535839
2576.427246 1.524682
2577.365967 1.545531
2578.304199 1.532628
2579.241699 1.543509
2580.178711 1.550190
2581.114990 1.574239
2582.051025 1.517837
2582.986084 1.525114
2583.921387 1.539555
2584.855225 1.529571
2585.788818 1.549497
2586.722168 1.531446
2587.654297 1.538808
2588.585693 1.539549
2589.517578 1.532166
2590.447754 1.539166
2591.378662 1.537974
2592.307861 1.523454
2593.237061 1.533802
2594.165771 1.549888
2595.093506 1.544385
2596.020752 1.534274
2596.947754 1.530459
2597.873779 1.546273
2598.799072 1.555858
2599.724365 1.535314
2600.648926 1.543684
2601.573242 1.523572
2602.496582 1.546733
2603.419434 1.534021
2604.341797 1.518303
2605.263428 1.535073
2606.184082 1.509824
2607.105225 1.529313
2608.025146 1.519885
2608.945313 1.541383
2609.863770 1.504782
2610.781982 1.515414
2611.700439 1.514195
2612.617432 1.528826
2613.533691 1.528265
2614.450439 1.521287
2615.366211 1.516216
2616.281006 1.506503
2617.195801 1.508509
2618.109863 1.541549
2619.023438 1.541909
2619.936279 1.514602
2620.847656 1.521303
2621.760254 1.514468
2622.671387 1.538173
2623.582031 1.535374
2624.492432 1.499724
2625.401855 1.517762
2626.310547 1.520758
2627.219238 1.547764
2628.127441 1.517304
2629.035400 1.501844
2629.941650 1.505719
2630.848145 1.509957
2631.754150 1.523606
2632.659180 1.516147
2633.563477 1.507537
2634.468262 1.522667
2635.371582 1.511054
2636.275146 1.493475
2637.177246 1.502118
2638.079102 1.500032
2638.980713 1.519811
2639.881836 1.505540
2640.782227 1.497332
2641.682373 1.500237
2642.581299 1.529886
2643.480225 1.487538
2644.378906 1.513379
2645.276367 1.506866
2646.173828 1.529022
2647.070068 1.502165
2647.966309 1.504496
2648.862061 1.532219
2649.757324 1.501424
2650.651367 1.480147
2651.545898 1.495283
2652.439209 1.492585
2653.331787 1.485395
2654.225098 1.508808
2655.116699 1.495869
2656.008301 1.530632
2656.898926 1.505964
2657.788818 1.490977
2658.679199 1.481272
2659.568115 1.529130
2660.456787 1.520411
2661.345703 1.480993
2662.232910 1.487958
2663.120605 1.470773
2664.007080 1.511521
2664.892822 1.479030
2665.779297 1.496688
2666.664063 1.488411
2667.548096 1.496847
2668.432617 1.481613
2669.316162 1.500922
2670.198975 1.507479
2671.081787 1.501990
2671.963623 1.476842
2672.845459 1.511993
2673.726563 1.468825
2674.606445 1.476225
2675.486816 1.471965
2676.365967 1.497316
2677.244873 1.519750
2678.123535 1.475032
2679.001709 1.476945
2679.879395 1.509275
2680.755859 1.466045
2681.632080 1.466064
2682.508301 1.509624
2683.383789 1.474561
2684.258545 1.477059
2685.133301 1.492294
2686.006592 1.497596
2686.880127 1.463646
2687.752930 1.475439
2688.625000 1.503732
2689.497314 1.470875
2690.368164 1.465329
2691.239258 1.492419
2692.109619 1.465480
2692.979492 1.479064
2693.848633 1.493253
2694.717773 1.497716
2695.585938 1.474869
2696.453613 1.455881
2697.321289 1.481953
2698.187988 1.469919
2699.054932 1.504304
2699.920166 1.488384
2700.785156 1.441452
2701.650879 1.514566
2702.515137 1.485951
2703.378418 1.455432
2704.242432 1.465737
2705.105225 1.483638
2705.967529 1.459723
2706.829346 1.450630
2707.690674 1.472642
2708.552246 1.486449
2709.412109 1.453739
2710.271973 1.480549
2711.132080 1.475574
2711.990967 1.469627
2712.849121 1.465227
2713.707275 1.482503
2714.564697 1.456900
2715.422119 1.473693
2716.278564 1.461270
2717.134277 1.449135
2717.990479 1.470500
2718.845459 1.476026
2719.699707 1.466013
2720.554199 1.466354
2721.407715 1.470154
2722.261475 1.490339
2723.113770 1.457448
2723.966309 1.455854
2724.818115 1.495364
2725.669434 1.459834
2726.519775 1.464277
2727.370850 1.474305
2728.220215 1.446944
2729.069336 1.431686
2729.918701 1.455281
2730.767334 1.449198
2731.615479 1.438196
2732.462891 1.442734
2733.309570 1.456833
2734.156494 1.446004
2735.002441 1.429379
2735.847900 1.450206
2736.693359 1.422689
2737.537842 1.457622
2738.382080 1.454915
2739.226074 1.471055
2740.069336 1.429345
2740.912598 1.458829
2741.754883 1.464135
2742.596680 1.428144
2743.438477 1.430673
2744.279053 1.441489
2745.119629 1.422000
2745.959961 1.428049
2746.799316 1.437693
2747.639160 1.410753
2748.477539 1.431458
2749.315430 1.439042
2750.154053 1.419903
2750.991211 1.441337
2751.827881 1.413015
2752.664551 1.427860
2753.500488 1.422650
2754.335938 1.389093
2755.171143 1.426955
2756.005615 1.402807
2756.840088 1.434314
2757.673828 1.413647
2758.507080 1.412037
2759.339844 1.376919
2760.172363 1.402390
2761.004150 1.385223
2761.835938 1.413269
2762.666748 1.419460
2763.497803 1.424181
2764.327637 1.398007
2765.157715 1.397460
2765.987061 1.427311
2766.815430 1.434685
2767.644043 1.417091
2768.472412 1.426711
2769.299805 1.388239
2770.126221 1.403591
2770.953613 1.415844
2771.779541 1.402169
2772.605469 1.384490
2773.431152 1.401815
2774.255615 1.402462
2775.080322 1.411884
2775.904541 1.427048
2776.727783 1.417583
2777.551270 1.395070
2778.373779 1.430233
2779.196045 1.368770
2780.018311 1.378000
2780.839844 1.398389
2781.661133 1.414866
2782.481689 1.390789
2783.301758 1.427768
2784.121582 1.404025
2784.940918 1.378800
2785.759521 1.407683
2786.578613 1.399831
2787.396484 1.359236
2788.214355 1.384885
2789.031494 1.394801
2789.848145 1.415259
2790.664795 1.418886
2791.480469 1.404595
2792.296143 1.388104
2793.111572 1.414375
2793.925781 1.426822
2794.740479 1.404937
2795.554688 1.404208
2796.367920 1.415871
2797.181396 1.409034
2797.993652 1.369355
2798.805664 1.401301
2799.617920 1.387212
2800.429199 1.419299
2801.240234 1.395484
2802.051025 1.421172
2802.861084 1.410457
2803.670898 1.402041
2804.480469 1.401790
2805.289307 1.401486
2806.098145 1.390671
2806.906494 1.406184
2807.713867 1.422934
2808.521973 1.391982
2809.328369 1.401330
2810.135254 1.404316
2810.941650 1.358577
2811.746826 1.396667
2812.552490 1.374957
2813.357666 1.396467
2814.162109 1.415237
2814.966309 1.410830
2815.770020 1.414603
2816.573486 1.407730
2817.376709 1.412747
2818.179199 1.391598
2818.981445 1.409454
2819.783203 1.361682
2820.584473 1.381595
2821.386230 1.409300
2822.186523 1.393511
2822.987305 1.408693
2823.787109 1.385392
2824.586426 1.454049
2825.385254 1.427557
2826.184570 1.424820
2826.982666 1.436893
2827.781006 1.392176
2828.578369 1.422628
2829.375488 1.453375
2830.172607 1.483555
2830.968994 1.430170
2831.764648 1.388306
2832.561035 1.451020
2833.356445 1.447933
2834.150879 1.333255
2834.945801 1.455150
2835.739990 1.458669
2836.534180 1.471790
2837.327393 1.462011
2838.120605 1.443611
2838.913330 1.487841
2839.705811 1.458251
2840.497314 1.481661
2841.289063 1.472786
2842.080566 1.461337
2842.871094 1.480043
2843.662109 1.456024
2844.452148 1.452205
2845.242188 1.446285
2846.031494 1.447274
2846.820313 1.482167
2847.609619 1.445072
2848.397705 1.470199
2849.185547 1.494058
2849.973877 1.472706
2850.760498 1.493087
2851.548096 1.503794
2852.334229 1.483107
2853.120361 1.473566
2853.906738 1.524825
2854.692139 1.504796
2855.477051 1.558202
2856.262207 1.516776
2857.046387 1.503458
2857.830078 1.548069
2858.614502 1.532246
2859.397949 1.519041
2860.180908 1.571714
2860.963867 1.517606
2861.745850 1.593196
2862.528076 1.553557
2863.309570 1.521843
2864.091064 1.558073
2864.872070 1.592141
2865.652588 1.621416
2866.433105 1.620907
2867.213379 1.623336
2867.992920 1.579640
2868.772461 1.611225
2869.551270 1.615120
2870.330078 1.579800
2871.108398 1.567095
2871.886230 1.619729
2872.663818 1.627558
2873.441162 1.625214
2874.218262 1.646079
2874.995117 1.654551
2875.771240 1.628716
2876.547119 1.683873
2877.323242 1.647534
2878.098389 1.678398
2878.873291 1.706042
2879.648438 1.687594
2880.422607 1.666412
2881.196533 1.673389
2881.970703 1.711569
2882.743896 1.696662
2883.517090 1.676664
2884.289551 1.669831
2885.062256 1.706188
2885.834473 1.693281
2886.606201 1.753142
2887.377686 1.746184
2888.149658 1.717146
2888.919922 1.725155
2889.690918 1.704260
2890.460938 1.747269
2891.230957 1.722789
2892.001221 1.749006
2892.769531 1.724652
2893.538574 1.749670
2894.307617 1.699113
2895.076172 1.760164
2895.844238 1.746162
2896.612305 1.766255
2897.379883 1.764995
2898.146973 1.770613
2898.913818 1.748139
2899.680420 1.788913
2900.447021 1.786492
2901.212891 1.818565
2901.979004 1.783322
2902.744141 1.750782
2903.509277 1.795100
2904.274414 1.721936
2905.039063 1.757838
2905.802979 1.761761
2906.567383 1.723322
2907.330566 1.740435
2908.093750 1.710313
2908.857666 1.790201
2909.620117 1.747388
2910.382568 1.762426
2911.145020 1.740832
2911.907227 1.731734
2912.669189 1.739316
2913.430664 1.750344
2914.191162 1.755941
2914.952393 1.755637
spectrumdark 2048
-92.107414 23936.000000
-89.482208 23936.000000
-86.858887 24548.000000
-84.237450 22895.000000
-81.617897 23440.000000
-79.000237 22770.000000
-76.384453 24031.000000
-73.770546 24055.000000
-71.158524 23408.000000
-68.548378 23216.000000
-65.940094 23044.000000
-63.333687 22512.000000
-60.729153 22685.000000
-58.126484 23311.000000
-55.525677 23331.000000
-52.926739 23222.000000
-50.329662 23599.000000
-47.734440 23661.000000
-45.141075 23469.000000
-42.549572 23252.000000
-39.959923 23543.000000
-37.372120 22830.000000
-34.786163 22917.000000
-32.202061 23178.000000
-29.619802 23253.000000
-27.039381 23845.000000
-24.460812 23517.000000
-21.884085 23876.000000
-19.309183 22961.000000
-16.736120 23334.000000
-14.164899 23393.000000
-11.595508 23327.000000
-9.027940 22552.000000
-6.462201 22848.000000
-3.898295 23016.000000
-1.336213 23183.000000
1.224054 23631.000000
3.782501 23376.000000
6.339121 23189.000000
8.893927 23257.000000
11.446923 22951.000000
13.998107 23077.000000
16.547474 23787.000000
19.095032 23265.000000
21.640793 22832.000000
24.184744 24179.000000
26.726887 22726.000000
29.267229 25082.000000
31.805777 24322.000000
34.342525 23752.000000
36.877487 22964.000000
39.410641 23484.000000
41.942009 23673.000000
44.471588 23792.000000
46.999367 23025.000000
49.525375 23567.000000
52.049606 23922.000000
54.572048 23262.000000
57.092705 22990.000000
59.611572 23413.000000
62.128681 23996.000000
64.644012 24138.000000
67.157555 23918.000000
69.669342 23296.000000
72.179352 23068.000000
74.687614 23318.000000
77.194099 23128.000000
79.698807 23910.000000
82.201767 22608.000000
84.702980 23289.000000
87.202400 23482.000000
89.700081 23299.000000
92.196014 24090.000000
94.690193 23317.000000
97.182625 22824.000000
99.673294 23527.000000
102.162224 23748.000000
104.649414 23544.000000
107.134857 22346.000000
109.618553 23224.000000
112.100510 22880.000000
114.580742 23215.000000
117.059227 23323.000000
119.535980 23463.000000
122.011009 23747.000000
124.484291 23438.000000
126.955841 23404.000000
129.425690 23380.000000
131.893784 23419.000000
134.360168 23305.000000
136.824844 23629.000000
139.287796 23614.000000
141.749023 23134.000000
144.208527 23184.000000
146.666290 23438.000000
149.122391 24425.000000
151.576752 23448.000000
154.029434 22597.000000
156.480392 24147.000000
158.929642 24377.000000
161.377197 24103.000000
163.823029 23984.000000
166.267181 23304.000000
168.709610 24036.000000
171.150360 23661.000000
173.589432 23787.000000
176.026794 23712.000000
178.462463 24241.000000
180.896423 23429.000000
183.328751 23838.000000
185.759338 23314.000000
188.188263 23878.000000
190.615494 23937.000000
193.041061 23182.000000
195.464951 23088.000000
197.887161 23297.000000
200.307693 23841.000000
202.726532 24283.000000
205.143692 23314.000000
207.559219 23384.000000
209.973053 23669.000000
212.385254 23241.000000
214.795761 23994.000000
217.204620 23541.000000
219.611771 22539.000000
222.017303 22902.000000
224.421173 23158.000000
226.823380 23438.000000
229.223953 23941.000000
231.622864 23572.000000
234.020111 23210.000000
236.415726 24560.000000
238.809677 24238.000000
241.201950 24108.000000
243.592606 23861.000000
245.981628 24159.000000
248.369019 23515.000000
250.754761 24109.000000
253.138870 24608.000000
255.521332 24862.000000
257.902130 24339.000000
260.281342 24358.000000
262.658905 24996.000000
265.034821 24632.000000
267.409149 25257.000000
269.781830 25310.000000
272.152893 23846.000000
274.522339 24242.000000
276.890137 23288.000000
279.256317 22934.000000
281.620911 22831.000000
283.983856 23843.000000
286.345184 23595.000000
288.704926 23393.000000
291.063049 23906.000000
293.419556 24814.000000
295.774445 24030.000000
298.127716 24293.000000
300.479431 24081.000000
302.829529 23562.000000
305.178040 23297.000000
307.524902 24947.000000
309.870178 23858.000000
312.213867 23852.000000
314.555939 23796.000000
316.896454 23172.000000
319.235382 23807.000000
321.572693 23443.000000
323.908447 22961.000000
326.242554 23513.000000
328.575134 23516.000000
330.906128 23566.000000
333.235504 24548.000000
335.563324 24317.000000
337.889557 24083.000000
340.214203 23570.000000
342.537292 23451.000000
344.858795 24295.000000
347.178772 23330.000000
349.497131 23008.000000
351.813904 24828.000000
354.129120 24741.000000
356.442780 23600.000000
358.754883 23140.000000
361.065399 23734.000000
363.374359 23374.000000
365.681793 23950.000000
367.987671 23987.000000
370.291962 24085.000000
372.594666 23087.000000
374.895874 23428.000000
377.195526 24013.000000
379.493591 23421.000000
381.790131 22972.000000
384.085114 23309.000000
386.378571 24502.000000
388.670532 23081.000000
390.960846 23880.000000
393.249664 23732.000000
395.536957 23467.000000
397.822693 24663.000000
400.106812 26706.000000
402.389496 27985.000000
404.670624 27286.000000
406.950226 27687.000000
409.228302 24936.000000
411.504883 26438.000000
413.779877 31856.000000
416.053375 37509.000000
418.325348 40157.000000
420.595764 37823.000000
422.864716 31856.000000
425.132111 26069.000000
427.397980 23593.000000
429.662384 24126.000000
431.925232 24740.000000
434.186493 23081.000000
436.446350 22982.000000
438.704651 22813.000000
440.961456 22965.000000
443.216736 22675.000000
445.470551 23253.000000
447.722870 22288.000000
449.973663 23160.000000
452.222931 23005.000000
454.470734 22910.000000
456.717010 23871.000000
458.961792 23075.000000
461.205109 23483.000000
463.446899 23005.000000
465.687195 22620.000000
467.926025 23418.000000
470.163330 23314.000000
472.399139 23432.000000
474.633484 22830.000000
476.866364 23648.000000
479.097717 23919.000000
481.327606 23390.000000
483.556030 24008.000000
485.782990 23856.000000
488.008453 24259.000000
490.232422 23650.000000
492.454926 23539.000000
494.675964 23601.000000
496.895538 24150.000000
499.113617 23751.000000
501.330231 23969.000000
503.545380 23385.000000
505.759064 23294.000000
507.971283 24067.000000
510.182007 23708.000000
512.391296 24056.000000
514.599121 23331.000000
516.805542 23366.000000
519.010498 23630.000000
521.213928 23974.000000
523.415894 23035.000000
525.616455 24041.000000
527.815552 24573.000000
530.013306 24416.000000
532.209412 25370.000000
534.404175 25461.000000
536.597473 24945.000000
538.789368 23557.000000
540.979797 23456.000000
543.168701 23429.000000
545.356262 23324.000000
547.542358 22142.000000
549.726929 22907.000000
551.910217 22847.000000
554.091980 22736.000000
556.272339 22327.000000
558.451233 23305.000000
560.628723 23351.000000
562.804749 23661.000000
564.979370 23348.000000
567.152588 23726.000000
569.324463 23469.000000
571.494751 23345.000000
573.663696 23899.000000
575.831116 24040.000000
577.997192 23965.000000
580.161865 23541.000000
582.325134 23542.000000
584.487000 23442.000000
586.647400 23902.000000
588.806335 24034.000000
590.963989 22688.000000
593.120178 22564.000000
595.274902 22881.000000
597.428284 24100.000000
599.580261 23075.000000
601.730835 22824.000000
603.879944 23246.000000
606.027710 23877.000000
608.174072 23761.000000
610.318970 23544.000000
612.462463 23331.000000
614.604614 23531.000000
616.745422 23552.000000
618.884705 22954.000000
621.022766 22992.000000
623.159363 22984.000000
625.294434 24524.000000
627.428345 24010.000000
629.560730 23233.000000
631.691711 26114.000000
633.821411 23918.000000
635.949524 23114.000000
638.076538 25943.000000
640.201965 25935.000000
642.326172 26557.000000
644.448730 24572.000000
646.570129 24160.000000
648.690063 23677.000000
650.808655 22871.000000
652.925903 23988.000000
655.041748 23802.000000
657.156250 22884.000000
659.269409 23472.000000
661.381042 24414.000000
663.491455 23081.000000
665.600525 23684.000000
667.708191 24090.000000
669.814453 23184.000000
671.919312 22845.000000
674.022888 23599.000000
676.125183 22815.000000
678.225952 22820.000000
680.325378 24174.000000
682.423523 23735.000000
684.520264 23387.000000
686.615723 24347.000000
688.709900 27072.000000
690.802490 27699.000000
692.893921 34281.000000
694.984009 37920.000000
697.072632 37456.000000
699.159973 33330.000000
701.246033 28356.000000
703.330627 24762.000000
705.413940 23031.000000
707.495850 23495.000000
709.576538 23165.000000
711.655762 23678.000000
713.733643 23526.000000
715.810303 23889.000000
717.885620 23555.000000
719.959534 23753.000000
722.032227 23050.000000
724.103455 23361.000000
726.173401 23057.000000
728.242065 22848.000000
730.309387 24524.000000
732.375366 23218.000000
734.440063 23424.000000
736.503296 23722.000000
738.565308 23132.000000
740.626038 23851.000000
742.685364 23760.000000
744.743469 23764.000000
746.800110 22610.000000
748.855530 23355.000000
750.909668 22831.000000
752.962463 24163.000000
755.013977 22884.000000
757.064087 22969.000000
759.112976 23257.000000
761.160522 23298.000000
763.206726 23722.000000
765.251709 23254.000000
767.295349 24956.000000
769.337646 22628.000000
771.378723 23048.000000
773.418396 23375.000000
775.456848 23696.000000
777.493896 23882.000000
779.529663 23508.000000
781.564209 22375.000000
783.597473 22797.000000
785.629395 23477.000000
787.660034 22480.000000
789.689392 22616.000000
791.717529 23287.000000
793.744263 23441.000000
795.769775 23901.000000
797.793945 23144.000000
799.816833 23201.000000
801.838440 24079.000000
803.858826 23410.000000
805.877869 24704.000000
807.895630 23647.000000
809.912170 22672.000000
811.927429 23123.000000
813.941345 23986.000000
815.953918 23295.000000
817.965332 22740.000000
819.975403 23263.000000
821.984375 23934.000000
823.991821 23160.000000
825.998230 23674.000000
828.003235 22193.000000
830.006897 22953.000000
832.009460 22608.000000
834.010559 22671.000000
836.010620 22705.000000
838.009216 23227.000000
840.006714 22562.000000
842.002869 22727.000000
843.997864 22597.000000
845.991455 23990.000000
847.983826 24940.000000
849.974976 25301.000000
851.964905 24650.000000
853.953430 23477.000000
855.940857 23326.000000
857.926880 23292.000000
859.911804 23210.000000
861.895386 22690.000000
863.877747 24043.000000
865.858887 23346.000000
867.838684 23791.000000
869.817383 24415.000000
871.794678 27287.000000
873.770874 25358.000000
875.745728 24622.000000
877.719421 23747.000000
879.691772 22848.000000
881.662964 23047.000000
883.632813 23585.000000
885.601624 23700.000000
887.568970 22695.000000
889.535217 22792.000000
891.500183 23446.000000
893.463867 24773.000000
895.426453 23713.000000
897.387695 23009.000000
899.347778 23995.000000
901.306519 23026.000000
903.264160 22545.000000
905.220520 23294.000000
907.175781 22969.000000
909.129639 23388.000000
911.082397 22307.000000
913.033752 22413.000000
914.984070 22805.000000
916.933044 22943.000000
918.880920 23429.000000
920.827454 22647.000000
922.772766 23172.000000
924.716980 23152.000000
926.659973 22317.000000
928.601746 23387.000000
930.542114 22762.000000
932.481445 22775.000000
934.419495 22714.000000
936.356506 23034.000000
938.292114 22352.000000
940.226624 22801.000000
942.159790 21840.000000
944.091980 22910.000000
946.022766 22725.000000
947.952454 22574.000000
949.880859 24141.000000
951.808167 23335.000000
953.734009 23553.000000
955.658875 23491.000000
957.582581 22166.000000
959.504944 24111.000000
961.426331 22405.000000
963.346313 24278.000000
965.265137 23503.000000
967.182800 22711.000000
969.099365 24332.000000
971.014526 23322.000000
972.928711 23764.000000
974.841553 23418.000000
976.753296 23182.000000
978.663757 23121.000000
980.573181 23400.000000
982.481262 22979.000000
984.388184 23522.000000
986.294006 23125.000000
988.198547 22973.000000
990.102112 24653.000000
992.004272 23408.000000
993.905334 23445.000000
995.805176 23238.000000
997.703979 22946.000000
999.601440 23019.000000
1001.497925 23010.000000
1003.392883 24900.000000
1005.287048 23412.000000
1007.179810 23564.000000
1009.071533 24304.000000
1010.962036 23161.000000
1012.851257 23676.000000
1014.739502 23126.000000
1016.626404 23032.000000
1018.512329 22911.000000
1020.396790 22939.000000
1022.280396 21979.000000
1024.162598 22452.000000
1026.043945 23919.000000
1027.923828 23746.000000
1029.802734 22858.000000
1031.680420 23200.000000
1033.557007 23274.000000
1035.432373 22600.000000
1037.306519 22652.000000
1039.179443 21941.000000
1041.051392 22356.000000
1042.922119 23225.000000
1044.791626 23234.000000
1046.660278 22726.000000
1048.527344 22538.000000
1050.393677 23353.000000
1052.258545 22577.000000
1054.122437 22891.000000
1055.985107 22836.000000
1057.846680 22617.000000
1059.707031 22422.000000
1061.566284 23679.000000
1063.424316 23114.000000
1065.281372 24278.000000
1067.137207 21997.000000
1068.991943 22870.000000
1070.845215 23049.000000
1072.697754 22919.000000
1074.549072 23043.000000
1076.399170 22840.000000
1078.248169 21852.000000
1080.096069 22218.000000
1081.942749 24983.000000
1083.788330 23555.000000
1085.632813 23182.000000
1087.476074 22762.000000
1089.318237 22971.000000
1091.159424 22931.000000
1092.999268 22643.000000
1094.838257 23256.000000
1096.675903 25193.000000
1098.512329 22509.000000
1100.347900 23098.000000
1102.182007 22534.000000
1104.015259 23081.000000
1105.847290 23719.000000
1107.678101 22798.000000
1109.507935 22146.000000
1111.336670 23480.000000
1113.164307 22490.000000
1114.990723 22375.000000
1116.816040 22758.000000
1118.640259 22680.000000
1120.463379 22607.000000
1122.285278 21649.000000
1124.106445 23533.000000
1125.926025 23566.000000
1127.744751 22885.000000
1129.562256 22945.000000
1131.378662 22705.000000
1133.193970 23582.000000
1135.008179 23165.000000
1136.821289 22875.000000
1138.633423 22792.000000
1140.444336 22216.000000
1142.254028 22555.000000
1144.062744 22888.000000
1145.870239 22477.000000
1147.677002 23048.000000
1149.482300 22550.000000
1151.286499 22993.000000
1153.089600 23843.000000
1154.891724 23083.000000
1156.692749 23792.000000
1158.492676 23674.000000
1160.291382 24297.000000
1162.088989 23493.000000
1163.885742 23313.000000
1165.681152 24231.000000
1167.475586 23261.000000
1169.268921 23929.000000
1171.061157 22146.000000
1172.852295 24913.000000
1174.642456 22587.000000
1176.431274 23038.000000
1178.219238 31754.000000
1180.005859 22411.000000
1181.791626 23264.000000
1183.576294 23211.000000
1185.359863 23158.000000
1187.142334 21760.000000
1188.923584 22872.000000
1190.703857 23704.000000
1192.483032 22085.000000
1194.261108 22851.000000
1196.038330 23020.000000
1197.814209 23615.000000
1199.588867 23263.000000
1201.362915 22727.000000
1203.135620 22620.000000
1204.907227 23213.000000
1206.677856 22287.000000
1208.447510 23240.000000
1210.215820 23601.000000
1211.983276 23001.000000
1213.749512 23116.000000
1215.514771 22626.000000
1217.278931 21867.000000
1219.041870 23414.000000
1220.803955 23285.000000
1222.564819 22592.000000
1224.324829 23228.000000
1226.083740 23576.000000
1227.841309 24240.000000
1229.598145 23157.000000
1231.353760 22211.000000
1233.108276 24215.000000
1234.861816 22630.000000
1236.614258 22939.000000
1238.365723 22969.000000
1240.115845 23595.000000
1241.865234 22211.000000
1243.613403 22519.000000
1245.360596 23849.000000
1247.106567 22990.000000
1248.851685 22709.000000
1250.595581 22569.000000
1252.338501 22315.000000
1254.080444 22893.000000
1255.821289 23135.000000
1257.561035 23486.000000
1259.299805 23324.000000
1261.037476 23053.000000
1262.774048 23551.000000
1264.509644 23542.000000
1266.244263 23218.000000
1267.977661 23972.000000
1269.710083 23061.000000
1271.441650 22837.000000
1273.171753 23628.000000
1274.901123 23501.000000
1276.629517 23441.000000
1278.356567 22791.000000
1280.082886 24041.000000
1281.807861 22989.000000
1283.532104 23173.000000
1285.255005 23899.000000
1286.977173 23421.000000
1288.698120 23827.000000
1290.418213 23050.000000
1292.137085 23969.000000
1293.854980 23021.000000
1295.571777 24164.000000
1297.287598 23267.000000
1299.002197 24215.000000
1300.716064 22415.000000
1302.428711 22514.000000
1304.140381 23615.000000
1305.851196 24381.000000
1307.560791 22827.000000
1309.269409 22244.000000
1310.976929 22382.000000
1312.683472 23163.000000
1314.388916 22730.000000
1316.093506 23017.000000
1317.796875 22857.000000
1319.499390 22914.000000
1321.200806 22949.000000
1322.901245 23095.000000
1324.600464 22950.000000
1326.298950 22685.000000
1327.996338 23317.000000
1329.692505 23752.000000
1331.387817 23033.000000
1333.082031 24044.000000
1334.775391 23122.000000
1336.467651 23859.000000
1338.158813 23263.000000
1339.848999 23476.000000
1341.538330 22599.000000
1343.226440 23629.000000
1344.913696 24895.000000
1346.599731 25199.000000
1348.284912 26761.000000
1349.968872 26607.000000
1351.652100 25312.000000
1353.334106 24208.000000
1355.015259 24397.000000
1356.695557 23353.000000
1358.374634 21506.000000
1360.052612 23619.000000
1361.729614 23676.000000
1363.405884 23100.000000
1365.080933 23419.000000
1366.754761 23977.000000
1368.427979 23400.000000
1370.100098 23975.000000
1371.770996 22798.000000
1373.441284 23188.000000
1375.110229 23400.000000
1376.778198 22727.000000
1378.445190 22472.000000
1380.111572 22628.000000
1381.776489 23588.000000
1383.440552 23618.000000
1385.103638 23682.000000
1386.765503 22930.000000
1388.426758 22522.000000
1390.086914 23676.000000
1391.745850 23270.000000
1393.404053 24049.000000
1395.061157 23251.000000
1396.717163 23884.000000
1398.372314 23471.000000
1400.026489 22140.000000
1401.679810 23124.000000
1403.331665 23448.000000
1404.983032 22593.000000
1406.633057 24154.000000
1408.282471 23880.000000
1409.930542 22938.000000
1411.577637 22952.000000
1413.224121 23765.000000
1414.869263 22095.000000
1416.513672 23629.000000
1418.156738 22913.000000
1419.799194 22822.000000
1421.440552 23570.000000
1423.080811 22646.000000
1424.720093 23987.000000
1426.358521 23069.000000
1427.995850 22231.000000
1429.632324 22960.000000
1431.267822 23160.000000
1432.902222 24728.000000
1434.535767 23210.000000
1436.168213 22030.000000
1437.799805 22507.000000
1439.430542 22514.000000
1441.060181 24147.000000
1442.688599 22404.000000
1444.316284 23885.000000
1445.942993 23863.000000
1447.568726 23985.000000
1449.193359 24264.000000
1450.817261 22698.000000
1452.439941 24862.000000
1454.061890 23452.000000
1455.682739 22848.000000
1457.302612 23340.000000
1458.921509 23232.000000
1460.539429 23567.000000
1462.156372 23469.000000
1463.772583 23447.000000
1465.387695 23879.000000
1467.001709 23397.000000
1468.614990 24101.000000
1470.227051 22568.000000
1471.838257 23744.000000
1473.448608 23098.000000
1475.058105 23897.000000
1476.666138 21681.000000
1478.273682 22790.000000
1479.880127 23134.000000
1481.485596 23189.000000
1483.090088 22777.000000
1484.693726 23018.000000
1486.296021 23521.000000
1487.897827 23405.000000
1489.498657 23829.000000
1491.098267 22976.000000
1492.697021 23796.000000
1494.295044 23504.000000
1495.891724 23623.000000
1497.487671 23027.000000
1499.082764 22975.000000
1500.676636 22859.000000
1502.269897 23729.000000
1503.861938 22877.000000
1505.453003 23033.000000
1507.043335 22945.000000
1508.632568 22965.000000
1510.220947 23240.000000
1511.808472 22464.000000
1513.394775 23784.000000
1514.980225 23356.000000
1516.564941 22626.000000
1518.148682 23485.000000
1519.731079 23097.000000
1521.312866 23158.000000
1522.893799 22391.000000
1524.473755 23190.000000
1526.052490 22954.000000
1527.630371 23365.000000
1529.207642 22704.000000
1530.783569 22435.000000
1532.358643 23048.000000
1533.932983 22977.000000
1535.506226 23617.000000
1537.078857 22766.000000
1538.649902 23807.000000
1540.220337 25401.000000
1541.790039 24690.000000
1543.358643 24653.000000
1544.926392 24621.000000
1546.493164 25064.000000
1548.058838 24309.000000
1549.623535 22742.000000
1551.187622 23669.000000
1552.750732 23386.000000
1554.312866 23151.000000
1555.873901 22866.000000
1557.434204 23384.000000
1558.993408 23587.000000
1560.552002 22723.000000
1562.109375 23014.000000
1563.665894 23572.000000
1565.221436 23186.000000
1566.776001 24184.000000
1568.329834 23347.000000
1569.882690 22696.000000
1571.434570 22811.000000
1572.985596 23231.000000
1574.535522 23690.000000
1576.084595 22526.000000
1577.633057 23467.000000
1579.180054 22504.000000
1580.726563 23129.000000
1582.272095 22319.000000
1583.816772 22664.000000
1585.359985 23060.000000
1586.902832 22967.000000
1588.444580 22877.000000
1589.985474 22914.000000
1591.525269 24494.000000
1593.064453 23961.000000
1594.602417 23033.000000
1596.139526 23399.000000
1597.675903 23657.000000
1599.211304 23431.000000
1600.745850 22652.000000
1602.279175 23620.000000
1603.811890 23080.000000
1605.343750 22445.000000
1606.874512 23088.000000
1608.404297 23683.000000
1609.933350 24287.000000
1611.461426 23750.000000
1612.988403 22902.000000
1614.514893 23048.000000
1616.040161 23682.000000
1617.564697 23605.000000
1619.087891 23218.000000
1620.610840 22738.000000
1622.132568 23122.000000
1623.653320 24099.000000
1625.173096 23074.000000
1626.692383 23352.000000
1628.210327 22754.000000
1629.727661 23433.000000
1631.243774 24330.000000
1632.759277 22852.000000
1634.273926 23121.000000
1635.787354 23672.000000
1637.300049 23262.000000
1638.811890 24110.000000
1640.322876 23089.000000
1641.832886 23257.000000
1643.341797 22760.000000
1644.850098 23612.000000
1646.357422 22571.000000
1647.863770 22652.000000
1649.369141 22487.000000
1650.874023 22760.000000
1652.377808 23975.000000
1653.880615 23472.000000
1655.382446 22692.000000
1656.883667 23844.000000
1658.383911 23149.000000
1659.883057 23017.000000
1661.381348 22036.000000
1662.878906 22678.000000
1664.375366 23362.000000
1665.871094 23505.000000
1667.365845 22930.000000
1668.859863 22957.000000
1670.352905 23772.000000
1671.844971 23258.000000
1673.336426 23482.000000
1674.826660 22411.000000
1676.316162 23027.000000
1677.804810 23798.000000
1679.292480 23087.000000
1680.779541 24030.000000
1682.265259 22333.000000
1683.750366 22823.000000
1685.234741 22983.000000
1686.717651 22659.000000
1688.200195 23082.000000
1689.681641 22593.000000
1691.162354 22314.000000
1692.642090 22899.000000
1694.121094 23192.000000
1695.598999 24052.000000
1697.076294 23135.000000
1698.552246 23123.000000
1700.027832 23915.000000
1701.502197 23126.000000
1702.975952 23183.000000
1704.448608 23708.000000
1705.920654 23762.000000
1707.391602 23222.000000
1708.861450 21989.000000
1710.330811 22607.000000
1711.799316 22124.000000
1713.266724 22753.000000
1714.733398 26486.000000
1716.198853 23720.000000
1717.663940 24312.000000
1719.127930 23836.000000
1720.591064 21768.000000
1722.053223 23930.000000
1723.514771 22976.000000
1724.975342 22563.000000
1726.434692 24060.000000
1727.893677 23655.000000
1729.351563 24667.000000
1730.808716 23283.000000
1732.264648 22852.000000
1733.719971 24645.000000
1735.174561 22665.000000
1736.627930 22802.000000
1738.080688 23250.000000
1739.532593 23903.000000
1740.983521 22985.000000
1742.433472 23005.000000
1743.882935 23314.000000
1745.331177 23405.000000
1746.778931 23439.000000
1748.225342 23091.000000
1749.671265 23689.000000
1751.116211 24598.000000
1752.560303 22716.000000
1754.003418 25094.000000
1755.445679 23011.000000
1756.887207 23393.000000
1758.327881 23607.000000
1759.767578 23112.000000
1761.206543 22421.000000
1762.644653 23510.000000
1764.081787 23316.000000
1765.518188 23229.000000
1766.953735 23240.000000
1768.388306 22165.000000
1769.822021 22559.000000
1771.254883 23266.000000
1772.687134 24576.000000
1774.118408 22576.000000
1775.548462 23400.000000
1776.978027 24328.000000
1778.406982 24158.000000
1779.834595 24809.000000
1781.261353 23448.000000
1782.687622 24986.000000
1784.113037 23377.000000
1785.537109 24986.000000
1786.960815 22083.000000
1788.383545 23370.000000
1789.805420 23009.000000
1791.226318 23049.000000
1792.646606 22976.000000
1794.065918 23171.000000
1795.484375 23638.000000
1796.901855 23622.000000
1798.318726 23080.000000
1799.734619 22549.000000
1801.149536 23314.000000
1802.563843 23315.000000
1803.977295 23601.000000
1805.390015 21926.000000
1806.801514 23270.000000
1808.212402 23062.000000
1809.622437 23293.000000
1811.031738 22391.000000
1812.439697 23267.000000
1813.847412 23162.000000
1815.254150 23329.000000
1816.659790 23906.000000
1818.064697 22915.000000
1819.468750 23123.000000
1820.872192 23447.000000
1822.274536 22805.000000
1823.676270 23178.000000
1825.077148 22749.000000
1826.477051 23877.000000
1827.875977 22543.000000
1829.274292 22999.000000
1830.671631 22934.000000
1832.068359 23018.000000
1833.463989 23062.000000
1834.859009 23436.000000
1836.253174 23671.000000
1837.646362 22326.000000
1839.038696 23280.000000
1840.430420 23554.000000
1841.821167 23241.000000
1843.211182 22867.000000
1844.599976 23096.000000
1845.988403 23367.000000
1847.375977 22331.000000
1848.762329 23595.000000
1850.148071 22189.000000
1851.533203 22730.000000
1852.917236 22141.000000
1854.300415 23221.000000
1855.683105 23558.000000
1857.064453 22793.000000
1858.445435 23256.000000
1859.825195 22310.000000
1861.204468 23747.000000
1862.582886 23274.000000
1863.960449 22496.000000
1865.337036 22902.000000
1866.712769 23829.000000
1868.087769 22685.000000
1869.461792 24471.000000
1870.835205 21739.000000
1872.207886 22738.000000
1873.579590 23144.000000
1874.950439 23846.000000
1876.320557 22948.000000
1877.689941 24254.000000
1879.058472 23895.000000
1880.425781 23222.000000
1881.792725 25392.000000
1883.158569 21719.000000
1884.523926 23798.000000
1885.888184 21871.000000
1887.251587 22661.000000
1888.614380 22810.000000
1889.976196 22528.000000
1891.337402 22831.000000
1892.697632 23153.000000
1894.057007 21599.000000
1895.415527 23779.000000
1896.773315 23824.000000
1898.130371 24020.000000
1899.486694 23368.000000
1900.841919 23490.000000
1902.196411 23362.000000
1903.550293 24336.000000
1904.903320 22258.000000
1906.255127 24087.000000
1907.606445 23183.000000
1908.957153 23625.000000
1910.306763 23512.000000
1911.655396 22546.000000
1913.003662 22969.000000
1914.350830 22453.000000
1915.697144 23691.000000
1917.042725 22971.000000
1918.387695 23070.000000
1919.731812 24565.000000
1921.074829 23771.000000
1922.417236 23081.000000
1923.758789 23344.000000
1925.099854 23551.000000
1926.439575 22563.000000
1927.778809 23110.000000
1929.117188 23597.000000
1930.454834 23674.000000
1931.791382 23195.000000
1933.127197 22240.000000
1934.462402 22969.000000
1935.796631 23330.000000
1937.130249 22395.000000
1938.462891 21770.000000
1939.795044 23016.000000
1941.126099 22735.000000
1942.456543 22818.000000
1943.786011 22169.000000
1945.114868 23558.000000
1946.442383 22872.000000
1947.769531 22545.000000
1949.096069 23138.000000
1950.421509 22112.000000
1951.746094 22980.000000
1953.070190 23664.000000
1954.393188 23046.000000
1955.715454 23330.000000
1957.037109 23215.000000
1958.357544 22080.000000
1959.677734 22702.000000
1960.996704 23426.000000
1962.315186 22296.000000
1963.632813 23191.000000
1964.949707 22678.000000
1966.265503 23425.000000
1967.580566 22917.000000
1968.895020 22829.000000
1970.208618 24107.000000
1971.520996 22772.000000
1972.833374 22568.000000
1974.144531 23229.000000
1975.454834 23227.000000
1976.764404 22226.000000
1978.073364 23654.000000
1979.381470 23562.000000
1980.688477 23972.000000
1981.994873 22515.000000
1983.300781 23127.000000
1984.605713 23227.000000
1985.909546 23228.000000
1987.213013 23208.000000
1988.515503 23600.000000
1989.817261 23254.000000
1991.118164 23525.000000
1992.418213 23755.000000
1993.717529 22325.000000
1995.015991 23272.000000
1996.313965 23181.000000
1997.611084 23714.000000
1998.907227 23200.000000
2000.202515 22861.000000
2001.497192 22522.000000
2002.791138 23562.000000
2004.084229 23496.000000
2005.376587 22697.000000
2006.668091 23134.000000
2007.958740 23326.000000
2009.248779 22918.000000
2010.537842 23723.000000
2011.826294 21993.000000
2013.113892 23073.000000
2014.400879 21801.000000
2015.686646 24227.000000
2016.972168 23451.000000
2018.256836 21750.000000
2019.540161 23338.000000
2020.823120 22294.000000
2022.105469 23249.000000
2023.386597 22812.000000
2024.667236 23116.000000
2025.947021 24807.000000
2027.226318 23335.000000
2028.504517 22426.000000
2029.781982 23068.000000
2031.058716 22530.000000
2032.334717 23358.000000
2033.609863 22809.000000
2034.884277 22607.000000
2036.157837 24085.000000
2037.430786 22523.000000
2038.702637 22872.000000
2039.974121 22598.000000
2041.244629 23696.000000
2042.514648 23068.000000
2043.783325 22982.000000
2045.051636 22792.000000
2046.319214 23496.000000
2047.585693 23282.000000
2048.851318 22672.000000
2050.116455 23249.000000
2051.381104 22607.000000
2052.644775 22663.000000
2053.907227 23615.000000
2055.169434 22876.000000
2056.430664 22924.000000
2057.691162 23667.000000
2058.950928 23362.000000
2060.209961 23731.000000
2061.468262 23210.000000
2062.725586 23183.000000
2063.982422 23100.000000
2065.238281 22970.000000
2066.493408 23375.000000
2067.747803 23142.000000
2069.001709 23156.000000
2070.254395 23636.000000
2071.506836 22585.000000
2072.757813 22363.000000
2074.008301 24153.000000
2075.258301 23006.000000
2076.507324 23710.000000
2077.755615 24266.000000
2079.003174 23171.000000
2080.250000 22489.000000
2081.495850 22946.000000
2082.741211 21819.000000
2083.985840 22699.000000
2085.229492 23414.000000
2086.472168 23246.000000
2087.714355 24084.000000
2088.956299 23166.000000
2090.197021 23663.000000
2091.436523 23132.000000
2092.676025 23103.000000
2093.914307 24481.000000
2095.152100 23411.000000
2096.389160 23226.000000
2097.625000 23825.000000
2098.860596 23172.000000
2100.095215 24087.000000
2101.329102 22560.000000
2102.562500 23518.000000
2103.794678 23231.000000
2105.026123 22612.000000
2106.257324 23053.000000
2107.487549 22840.000000
2108.716797 23713.000000
2109.945313 22799.000000
2111.173096 23098.000000
2112.400391 22926.000000
2113.626953 23223.000000
2114.852295 23042.000000
2116.077148 23355.000000
2117.301270 23294.000000
2118.524414 23405.000000
2119.747314 22486.000000
2120.969482 22898.000000
2122.190674 22636.000000
2123.410645 23648.000000
2124.630371 23034.000000
2125.849365 23590.000000
2127.067871 22937.000000
2128.284912 21790.000000
2129.501465 22927.000000
2130.717285 23317.000000
2131.932617 23613.000000
2133.147217 22452.000000
2134.360840 23245.000000
2135.573730 23376.000000
2136.785889 23436.000000
2137.997070 23310.000000
2139.208008 23500.000000
2140.418213 22504.000000
2141.627197 22715.000000
2142.835449 22243.000000
2144.043457 22662.000000
2145.250488 22804.000000
2146.456543 23335.000000
2147.662109 22797.000000
2148.866943 22870.000000
2150.071045 23350.000000
2151.273926 22964.000000
2152.477051 23447.000000
2153.678711 23205.000000
2154.879639 24059.000000
2156.079834 23012.000000
2157.279541 23313.000000
2158.478516 22954.000000
2159.676270 23038.000000
2160.873779 22697.000000
2162.070557 23052.000000
2163.266602 23751.000000
2164.461426 23347.000000
2165.656006 23803.000000
2166.849854 23742.000000
2168.042969 24140.000000
2169.235107 23420.000000
2170.426514 23949.000000
2171.617676 22810.000000
2172.807617 22610.000000
2173.996826 23116.000000
2175.185303 23055.000000
2176.373047 23026.000000
2177.560059 23192.000000
2178.746826 22922.000000
2179.932373 23153.000000
2181.117432 22913.000000
2182.301270 22452.000000
2183.485107 23729.000000
2184.667725 23299.000000
2185.849854 23595.000000
2187.030518 22911.000000
2188.211426 23050.000000
2189.391602 23552.000000
2190.570557 23849.000000
2191.748779 25217.000000
2192.926758 23500.000000
2194.103516 23537.000000
2195.279297 24245.000000
2196.454834 22025.000000
2197.629639 22784.000000
2198.803955 24246.000000
2199.976807 24373.000000
2201.149414 23605.000000
2202.321289 22835.000000
2203.492676 23320.000000
2204.663086 23787.000000
2205.832764 23118.000000
2207.001953 23141.000000
2208.169922 23428.000000
2209.337402 23560.000000
2210.504150 24279.000000
2211.670410 24573.000000
2212.835449 23146.000000
2214.000000 23387.000000
2215.164063 24401.000000
2216.327393 22424.000000
2217.489746 22506.000000
2218.651367 23700.000000
2219.812744 23314.000000
2220.972900 22724.000000
2222.132568 23669.000000
2223.291504 23698.000000
2224.449707 22880.000000
2225.607178 23909.000000
2226.763672 23623.000000
2227.919922 22909.000000
2229.074951 22437.000000
2230.229736 22941.000000
2231.383301 22935.000000
2232.536621 23028.000000
2233.688965 23725.000000
2234.840576 23182.000000
2235.991699 23718.000000
2237.142090 22840.000000
2238.291748 23661.000000
2239.440430 23520.000000
2240.588867 22884.000000
2241.736572 23408.000000
2242.883057 23112.000000
2244.028809 23912.000000
2245.174561 23029.000000
2246.318848 23721.000000
2247.462891 23465.000000
2248.606201 23166.000000
2249.748535 22808.000000
2250.890625 22971.000000
2252.031250 23263.000000
2253.172119 23233.000000
2254.311523 23487.000000
2255.450439 22583.000000
2256.588867 23169.000000
2257.726318 23907.000000
2258.863037 22827.000000
2259.999268 22837.000000
2261.134521 23374.000000
2262.269287 23325.000000
2263.403320 22802.000000
2264.536865 23897.000000
2265.669189 22986.000000
2266.801270 23666.000000
2267.932617 23898.000000
2269.062744 23091.000000
2270.192627 22711.000000
2271.322266 22807.000000
2272.450195 23114.000000
2273.577881 23275.000000
2274.705078 23653.000000
2275.831299 23312.000000
2276.957031 22778.000000
2278.081543 24444.000000
2279.206055 23280.000000
2280.329590 23530.000000
2281.452393 23126.000000
2282.574463 23402.000000
2283.695801 24212.000000
2284.816650 22946.000000
2285.936279 23112.000000
2287.055908 22958.000000
2288.174316 23104.000000
2289.292236 23369.000000
2290.409668 23442.000000
2291.526123 22819.000000
2292.642090 23023.000000
2293.757324 22689.000000
2294.871582 23906.000000
2295.985352 22604.000000
2297.098633 21977.000000
2298.211182 21752.000000
2299.322266 24068.000000
2300.433594 23712.000000
2301.543701 22900.000000
2302.653320 23216.000000
2303.762207 23325.000000
2304.870850 23497.000000
2305.978027 23099.000000
2307.084961 22952.000000
2308.191162 24314.000000
2309.296631 22906.000000
2310.401611 23809.000000
2311.505371 23209.000000
2312.608887 23169.000000
2313.711670 22328.000000
2314.813721 23386.000000
2315.915039 23544.000000
2317.015625 24030.000000
2318.115723 24495.000000
2319.215088 23306.000000
2320.313477 24286.000000
2321.411377 22833.000000
2322.508789 24077.000000
2323.604980 23459.000000
2324.701172 23421.000000
2325.796387 22722.000000
2326.890869 23004.000000
2327.984619 23784.000000
2329.077881 23533.000000
2330.170166 23933.000000
2331.262207 23676.000000
2332.353027 22993.000000
2333.443604 23367.000000
2334.533447 23565.000000
2335.622803 23754.000000
2336.710693 23464.000000
2337.798584 23621.000000
2338.885498 24266.000000
2339.971680 23256.000000
2341.057617 23548.000000
2342.142578 23841.000000
2343.227051 23767.000000
2344.310303 22801.000000
2345.393555 23667.000000
2346.475586 24932.000000
2347.557129 23188.000000
2348.638184 23039.000000
2349.718750 23142.000000
2350.798096 23288.000000
2351.877197 22545.000000
2352.955322 23071.000000
2354.032959 22681.000000
2355.109863 22536.000000
2356.185791 23557.000000
2357.261475 23127.000000
2358.336182 23023.000000
2359.410645 23281.000000
2360.483887 23625.000000
2361.556885 23171.000000
2362.629150 22998.000000
2363.700928 22534.000000
2364.771484 22595.000000
2365.841797 23397.000000
2366.911621 23583.000000
2367.980469 23372.000000
2369.048340 22479.000000
2370.115967 23553.000000
2371.182861 23028.000000
2372.249023 24117.000000
2373.314453 23868.000000
2374.379150 24151.000000
2375.443604 23689.000000
2376.507080 23139.000000
2377.569824 23344.000000
2378.632080 24111.000000
2379.693848 23067.000000
2380.754395 23052.000000
2381.814697 23146.000000
2382.874756 23849.000000
2383.933350 23046.000000
2384.991455 23870.000000
2386.049316 24385.000000
2387.105957 24260.000000
2388.162354 23388.000000
2389.217529 24190.000000
2390.272705 23935.000000
2391.326904 23234.000000
2392.380371 23888.000000
2393.433594 23085.000000
2394.486084 23473.000000
2395.537598 23958.000000
2396.588135 23317.000000
2397.638672 23284.000000
2398.688477 23414.000000
2399.737305 24130.000000
2400.785645 22210.000000
2401.833252 23918.000000
2402.880615 23274.000000
2403.926758 23785.000000
2404.972412 23548.000000
2406.017822 24208.000000
2407.062500 23654.000000
2408.105957 24069.000000
2409.149170 23384.000000
2410.191406 23829.000000
2411.233398 23186.000000
2412.274414 24010.000000
2413.314941 23246.000000
2414.355225 23247.000000
2415.394043 23121.000000
2416.432373 23690.000000
2417.470703 24196.000000
2418.508301 23202.000000
2419.544678 23636.000000
2420.580322 23588.000000
2421.615723 23677.000000
2422.650635 23520.000000
2423.684814 23187.000000
2424.718018 23276.000000
2425.750977 23125.000000
2426.782959 22952.000000
2427.814453 23267.000000
2428.845459 24234.000000
2429.875244 23348.000000
2430.905029 24162.000000
2431.933594 22475.000000
2432.961914 23091.000000
2433.989746 23078.000000
2435.016846 23950.000000
2436.042725 23421.000000
2437.068604 24173.000000
2438.093750 23147.000000
2439.118164 24356.000000
2440.141602 23585.000000
2441.165039 23877.000000
2442.187256 23775.000000
2443.209473 23342.000000
2444.230469 23928.000000
2445.251221 23656.000000
2446.270996 22881.000000
2447.290039 23748.000000
2448.308838 23265.000000
2449.327148 24657.000000
2450.344482 22959.000000
2451.361328 23439.000000
2452.376953 22612.000000
2453.392822 23683.000000
2454.407715 24110.000000
2455.421631 23059.000000
2456.435547 23992.000000
2457.448730 22646.000000
2458.460449 23883.000000
2459.472168 23759.000000
2460.483643 23207.000000
2461.493896 22937.000000
2462.503418 23601.000000
2463.512939 24457.000000
2464.521484 23062.000000
2465.529541 23803.000000
2466.536621 23825.000000
2467.543213 23946.000000
2468.549561 23166.000000
2469.554932 23486.000000
2470.559326 23263.000000
2471.563721 23370.000000
2472.567383 24257.000000
2473.570313 22825.000000
2474.572266 24150.000000
2475.573975 23213.000000
2476.575195 22971.000000
2477.575439 22979.000000
2478.575439 23067.000000
2479.574463 23538.000000
2480.573242 24285.000000
2481.570801 23430.000000
2482.568115 23441.000000
2483.565186 24517.000000
2484.561279 23192.000000
2485.556396 23661.000000
2486.551025 24257.000000
2487.545410 23684.000000
2488.538574 24005.000000
2489.531494 22970.000000
2490.524170 24038.000000
2491.516113 24155.000000
2492.507080 23999.000000
2493.497559 23011.000000
2494.487793 24068.000000
2495.476563 23877.000000
2496.465576 23676.000000
2497.453857 23242.000000
2498.440918 24275.000000
2499.427734 23435.000000
2500.414307 22776.000000
2501.399414 23303.000000
2502.384277 23601.000000
2503.368896 23426.000000
2504.352539 23574.000000
2505.335693 23925.000000
2506.318359 22979.000000
2507.300049 23816.000000
2508.281982 22619.000000
2509.262207 24256.000000
2510.242188 22878.000000
2511.221924 24429.000000
2512.200684 24029.000000
2513.178711 24416.000000
2514.156738 24046.000000
2515.133545 23734.000000
2516.110352 23534.000000
2517.086182 24418.000000
2518.061035 23974.000000
2519.036133 22925.000000
2520.010010 23550.000000
2520.983154 23555.000000
2521.956055 23348.000000
2522.928467 23362.000000
2523.899902 22849.000000
2524.871094 24077.000000
2525.841309 23942.000000
2526.811523 23455.000000
2527.780518 23984.000000
2528.749023 24569.000000
2529.717285 23535.000000
2530.684570 24388.000000
2531.651367 22622.000000
2532.617676 22753.000000
2533.583008 22983.000000
2534.548584 24319.000000
2535.512939 24257.000000
2536.476563 23965.000000
2537.440186 23544.000000
2538.402588 24348.000000
2539.364502 24062.000000
2540.326172 23131.000000
2541.287109 24295.000000
2542.247314 23531.000000
2543.207031 23703.000000
2544.166260 24742.000000
2545.124756 23477.000000
2546.082520 24378.000000
2547.039795 23887.000000
2547.996826 23637.000000
2548.952881 22220.000000
2549.907959 23658.000000
2550.863281 23215.000000
2551.817383 23855.000000
2552.771240 23628.000000
2553.725098 23059.000000
2554.677246 23724.000000
2555.629639 23025.000000
2556.580566 23571.000000
2557.531494 23670.000000
2558.482178 22943.000000
2559.431885 23655.000000
2560.380859 23638.000000
2561.329590 23418.000000
2562.277100 23906.000000
2563.225098 27011.000000
2564.171875 23996.000000
2565.117920 23940.000000
2566.063965 23593.000000
2567.008545 23170.000000
2567.952881 23833.000000
2568.896729 24421.000000
2569.839844 23551.000000
2570.782715 24415.000000
2571.725098 24245.000000
2572.666992 23382.000000
2573.608154 24454.000000
2574.548096 24001.000000
2575.487793 23248.000000
2576.427246 23495.000000
2577.365967 22787.000000
2578.304199 24359.000000
2579.241699 24051.000000
2580.178711 23727.000000
2581.114990 23456.000000
2582.051025 23993.000000
2582.986084 23789.000000
2583.921387 23663.000000
2584.855225 23818.000000
2585.788818 23268.000000
2586.722168 23979.000000
2587.654297 24943.000000
2588.585693 24351.000000
2589.517578 23423.000000
2590.447754 24250.000000
2591.378662 24353.000000
2592.307861 23869.000000
2593.237061 23390.000000
2594.165771 24101.000000
2595.093506 24683.000000
2596.020752 23377.000000
2596.947754 23350.000000
2597.873779 23317.000000
2598.799072 23634.000000
2599.724365 23796.000000
2600.648926 23927.000000
2601.573242 23374.000000
2602.496582 23794.000000
2603.419434 23649.000000
2604.341797 23693.000000
2605.263428 24192.000000
2606.184082 23035.000000
2607.105225 23663.000000
2608.025146 23875.000000
2608.945313 23998.000000
2609.863770 23169.000000
2610.781982 23733.000000
2611.700439 23946.000000
2612.617432 23411.000000
2613.533691 23816.000000
2614.450439 24150.000000
2615.366211 23525.000000
2616.281006 23947.000000
2617.195801 23674.000000
2618.109863 23339.000000
2619.023438 23093.000000
2619.936279 23879.000000
2620.847656 22729.000000
2621.760254 24100.000000
2622.671387 23712.000000
2623.582031 23263.000000
2624.492432 24119.000000
2625.401855 23761.000000
2626.310547 23659.000000
2627.219238 25133.000000
2628.127441 23414.000000
2629.035400 23437.000000
2629.941650 23059.000000
2630.848145 23656.000000
2631.754150 24254.000000
2632.659180 23789.000000
2633.563477 23962.000000
2634.468262 23273.000000
2635.371582 24213.000000
2636.275146 24341.000000
2637.177246 23482.000000
2638.079102 24263.000000
2638.980713 23075.000000
2639.881836 23467.000000
2640.782227 23115.000000
2641.682373 23859.000000
2642.581299 23609.000000
2643.480225 22705.000000
2644.378906 23574.000000
2645.276367 23372.000000
2646.173828 22989.000000
2647.070068 23966.000000
2647.966309 23566.000000
2648.862061 23385.000000
2649.757324 23888.000000
2650.651367 23367.000000
2651.545898 23761.000000
2652.439209 23262.000000
2653.331787 23232.000000
2654.225098 23522.000000
2655.116699 24336.000000
2656.008301 23761.000000
2656.898926 24120.000000
2657.788818 23512.000000
2658.679199 24567.000000
2659.568115 23553.000000
2660.456787 23938.000000
2661.345703 23631.000000
2662.232910 24501.000000
2663.120605 23726.000000
2664.007080 23275.000000
2664.892822 23831.000000
2665.779297 23380.000000
2666.664063 23986.000000
2667.548096 23568.000000
2668.432617 22822.000000
2669.316162 23099.000000
2670.198975 23111.000000
2671.081787 23240.000000
2671.963623 23548.000000
2672.845459 23311.000000
2673.726563 24644.000000
2674.606445 23933.000000
2675.486816 23988.000000
2676.365967 23129.000000
2677.244873 23630.000000
2678.123535 23184.000000
2679.001709 23994.000000
2679.879395 23869.000000
2680.755859 23948.000000
2681.632080 23844.000000
2682.508301 23212.000000
2683.383789 24450.000000
2684.258545 25410.000000
2685.133301 23425.000000
2686.006592 23120.000000
2686.880127 23554.000000
2687.752930 23080.000000
2688.625000 24235.000000
2689.497314 23901.000000
2690.368164 24019.000000
2691.239258 23889.000000
2692.109619 24001.000000
2692.979492 23266.000000
2693.848633 23820.000000
2694.717773 24703.000000
2695.585938 24057.000000
2696.453613 23872.000000
2697.321289 23206.000000
2698.187988 23615.000000
2699.054932 24389.000000
2699.920166 24111.000000
2700.785156 23458.000000
2701.650879 23665.000000
2702.515137 23798.000000
2703.378418 24143.000000
2704.242432 24402.000000
2705.105225 23755.000000
2705.967529 24138.000000
2706.829346 23882.000000
2707.690674 24186.000000
2708.552246 23761.000000
2709.412109 24643.000000
2710.271973 23674.000000
2711.132080 23813.000000
2711.990967 23735.000000
2712.849121 23348.000000
2713.707275 25083.000000
2714.564697 24516.000000
2715.422119 23941.000000
2716.278564 23545.000000
2717.134277 23848.000000
2717.990479 24160.000000
2718.845459 23806.000000
2719.699707 24192.000000
2720.554199 24260.000000
2721.407715 24552.000000
2722.261475 23917.000000
2723.113770 23558.000000
2723.966309 24111.000000
2724.818115 24249.000000
2725.669434 24089.000000
2726.519775 24065.000000
2727.370850 23800.000000
2728.220215 25516.000000
2729.069336 23504.000000
2729.918701 23460.000000
2730.767334 23282.000000
2731.615479 23815.000000
2732.462891 24510.000000
2733.309570 23166.000000
2734.156494 24660.000000
2735.002441 24428.000000
2735.847900 23381.000000
2736.693359 24322.000000
2737.537842 23350.000000
2738.382080 24088.000000
2739.226074 23759.000000
2740.069336 24519.000000
2740.912598 23883.000000
2741.754883 23038.000000
2742.596680 23546.000000
2743.438477 24061.000000
2744.279053 23115.000000
2745.119629 24548.000000
2745.959961 24131.000000
2746.799316 24005.000000
2747.639160 24220.000000
2748.477539 25198.000000
2749.315430 26020.000000
2750.154053 23629.000000
2750.991211 23277.000000
2751.827881 23051.000000
2752.664551 23871.000000
2753.500488 24250.000000
2754.335938 24408.000000
2755.171143 23720.000000
2756.005615 23695.000000
2756.840088 23294.000000
2757.673828 24311.000000
2758.507080 23422.000000
2759.339844 24037.000000
2760.172363 23765.000000
2761.004150 23760.000000
2761.835938 24365.000000
2762.666748 23776.000000
2763.497803 24237.000000
2764.327637 23111.000000
2765.157715 24220.000000
2765.987061 23582.000000
2766.815430 23889.000000
2767.644043 23674.000000
2768.472412 25439.000000
2769.299805 23872.000000
2770.126221 23775.000000
2770.953613 24455.000000
2771.779541 23604.000000
2772.605469 24127.000000
2773.431152 23611.000000
2774.255615 23251.000000
2775.080322 23538.000000
2775.904541 23922.000000
2776.727783 23631.000000
2777.551270 24541.000000
2778.373779 23712.000000
2779.196045 23490.000000
2780.018311 23713.000000
2780.839844 25014.000000
2781.661133 23475.000000
2782.481689 24399.000000
2783.301758 24443.000000
2784.121582 24343.000000
2784.940918 23633.000000
2785.759521 24718.000000
2786.578613 24344.000000
2787.396484 23689.000000
2788.214355 23675.000000
2789.031494 24152.000000
2789.848145 24208.000000
2790.664795 23869.000000
2791.480469 23522.000000
2792.296143 24701.000000
2793.111572 25421.000000
2793.925781 24266.000000
2794.740479 23833.000000
2795.554688 25698.000000
2796.367920 24345.000000
2797.181396 23847.000000
2797.993652 24372.000000
2798.805664 24726.000000
2799.617920 23212.000000
2800.429199 24096.000000
2801.240234 23241.000000
2802.051025 24500.000000
2802.861084 24160.000000
2803.670898 24017.000000
2804.480469 24300.000000
2805.289307 24086.000000
2806.098145 24312.000000
2806.906494 23567.000000
2807.713867 26512.000000
2808.521973 23998.000000
2809.328369 24632.000000
2810.135254 24143.000000
2810.941650 24026.000000
2811.746826 24371.000000
2812.552490 23305.000000
2813.357666 24768.000000
2814.162109 24998.000000
2814.966309 24269.000000
2815.770020 24407.000000
2816.573486 26108.000000
2817.376709 23809.000000
2818.179199 25242.000000
2818.981445 25429.000000
2819.783203 24072.000000
2820.584473 23961.000000
2821.386230 23999.000000
2822.186523 24639.000000
2822.987305 24318.000000
2823.787109 24523.000000
2824.586426 23932.000000
2825.385254 24275.000000
2826.184570 23942.000000
2826.982666 24692.000000
2827.781006 24414.000000
2828.578369 24519.000000
2829.375488 24177.000000
2830.172607 27482.000000
2830.968994 24464.000000
2831.764648 22699.000000
2832.561035 24066.000000
2833.356445 23951.000000
2834.150879 24062.000000
2834.945801 24634.000000
2835.739990 23971.000000
2836.534180 24005.000000
2837.327393 24160.000000
2838.120605 23632.000000
2838.913330 23855.000000
2839.705811 24817.000000
2840.497314 23910.000000
2841.289063 24253.000000
2842.080566 30735.000000
2842.871094 24947.000000
2843.662109 24121.000000
2844.452148 24084.000000
2845.242188 23819.000000
2846.031494 23702.000000
2846.820313 23415.000000
2847.609619 23264.000000
2848.397705 24550.000000
2849.185547 24931.000000
2849.973877 24055.000000
2850.760498 25337.000000
2851.548096 24129.000000
2852.334229 24084.000000
2853.120361 24651.000000
2853.906738 23972.000000
2854.692139 24119.000000
2855.477051 23805.000000
2856.262207 25134.000000
2857.046387 24952.000000
2857.830078 25064.000000
2858.614502 24618.000000
2859.397949 24428.000000
2860.180908 23683.000000
2860.963867 24056.000000
2861.745850 24500.000000
2862.528076 24559.000000
2863.309570 23818.000000
2864.091064 24223.000000
2864.872070 24203.000000
2865.652588 24129.000000
2866.433105 24481.000000
2867.213379 24916.000000
2867.992920 24546.000000
2868.772461 24349.000000
2869.551270 23474.000000
2870.330078 24782.000000
2871.108398 24107.000000
2871.886230 23973.000000
2872.663818 25368.000000
2873.441162 24970.000000
2874.218262 24055.000000
2874.995117 25214.000000
2875.771240 24643.000000
2876.547119 25016.000000
2877.323242 26035.000000
2878.098389 26842.000000
2878.873291 26903.000000
2879.648438 28237.000000
2880.422607 27907.000000
2881.196533 27792.000000
2881.970703 27187.000000
2882.743896 26520.000000
2883.517090 25924.000000
2884.289551 26013.000000
2885.062256 25326.000000
2885.834473 25862.000000
2886.606201 26094.000000
2887.377686 24837.000000
2888.149658 24494.000000
2888.919922 25453.000000
2889.690918 24302.000000
2890.460938 24168.000000
2891.230957 24565.000000
2892.001221 24913.000000
2892.769531 24437.000000
2893.538574 24989.000000
2894.307617 24544.000000
2895.076172 27605.000000
2895.844238 25326.000000
2896.612305 24816.000000
2897.379883 24696.000000
2898.146973 24570.000000
2898.913818 25892.000000
2899.680420 24670.000000
2900.447021 24541.000000
2901.212891 24354.000000
2901.979004 24603.000000
2902.744141 24258.000000
2903.509277 24256.000000
2904.274414 24568.000000
2905.039063 24649.000000
2905.802979 24201.000000
2906.567383 29680.000000
2907.330566 25300.000000
2908.093750 24675.000000
2908.857666 24013.000000
2909.620117 23723.000000
2910.382568 24891.000000
2911.145020 25525.000000
2911.907227 24479.000000
2912.669189 24295.000000
2913.430664 24830.000000
2914.191162 24379.000000
2914.952393 24379.000000
