stage,scenario,outer_fold,model_family,model,representation,curriculum,seed,observation_uid,true_label,predicted_label,prediction_confidence,test_class_supported,correct,instrument,sensor_family,substrate_family,source_substrate,target_analyte,evaluation_subset,calibrated_correctness_probability
outer,nato_outer_o0__train_strict_core__test_strict_core,0,siamese,deterministic_edge_triplet,derivative_1,triplet,1729,session1_row31,blank,benzyl_fentanyl,-0.7646980881690979,True,False,Mira-3,pSERS_Metrohm_silver,,,blank,strict_core,0.25610771266022375
outer,nato_outer_o0__train_strict_core__test_strict_core,0,siamese,deterministic_edge_triplet,derivative_1,triplet,1729,session1_row33,4_ANPP,4_ANPP,-0.3427180349826813,True,True,Mira-3,pSERS_Metrohm_silver,,,4_ANPP,strict_core,0.5553372759749794
outer,nato_outer_o0__train_strict_core__test_strict_core,0,siamese,deterministic_edge_triplet,derivative_1,triplet,1729,session1_row36,blank,acetaminophen,-0.6531785130500793,True,False,Agilent-3,pSERS_Metrohm_silver,,,blank,strict_core,0.32612538876331276
outer,nato_outer_o0__train_strict_core__test_strict_core,0,siamese,deterministic_edge_triplet,derivative_1,triplet,1729,session1_row37,4_ANPP,4_ANPP,-0.5743204355239868,True,True,Agilent-3,pSERS_Metrohm_silver,,,4_ANPP,strict_core,0.3810812951486342
outer,nato_outer_o0__train_strict_core__test_strict_core,0,siamese,deterministic_edge_triplet,derivative_1,triplet,1729,session1_row38,4_ANPP,acetaminophen,-0.6138869524002075,True,False,Agilent-3,pSERS_Metrohm_silver,,,4_ANPP,strict_core,0.3530221019718203
outer,nato_outer_o0__train_strict_core__test_strict_core,0,siamese,deterministic_edge_triplet,derivative_1,triplet,1729,session1_row50,benzyl_fentanyl,benzyl_fentanyl,-0.126045674085617,True,True,Agilent-3,pSERS_Metrohm_silver,,,benzyl_fentanyl,strict_core,0.7076276719136322
outer,nato_outer_o0__train_strict_core__test_strict_core,0,siamese,deterministic_edge_triplet,derivative_1,triplet,1729,session1_row54,benzyl_fentanyl,benzyl_fentanyl,-0.5812714695930481,True,True,Mira-3,pSERS_Metrohm_silver,,,benzyl_fentanyl,strict_core,0.37608783591224676
outer,nato_outer_o0__train_strict_core__test_strict_core,0,siamese,deterministic_edge_triplet,derivative_1,triplet,1729,session1_row64,benzyl_fentanyl,benzyl_fentanyl,-0.2817113101482391,True,True,Mira-3,pSERS_Metrohm_silver,,,benzyl_fentanyl,strict_core,0.6007400521768752
outer,nato_outer_o0__train_strict_core__test_strict_core,0,siamese,deterministic_edge_triplet,derivative_1,triplet,1729,session1_row65,benzyl_fentanyl,benzyl_fentanyl,-0.3558589220046997,True,True,Pendar-2,pSERS_Metrohm_silver,,,benzyl_fentanyl,strict_core,0.5454076883388744
outer,nato_outer_o0__train_strict_core__test_strict_core,0,siamese,deterministic_edge_triplet,derivative_1,triplet,1729,session1_row177,4_nitrophenol,ethanol,-0.4527319669723511,True,False,Pendar-2,H_SERS_H_Kit,,,4_nitrophenol,strict_core,0.47161085905501193
outer,nato_outer_o0__train_strict_core__test_strict_core,0,siamese,deterministic_edge_triplet,derivative_1,triplet,1729,session1_row181,ethanol,ethanol,-0.2698087990283966,True,True,Pendar-2,H_SERS_H_Kit,,,ethanol,strict_core,0.6094248158703858
outer,nato_outer_o0__train_strict_core__test_strict_core,0,siamese,deterministic_edge_triplet,derivative_1,triplet,1729,session1_row188,4_nitrophenol,4_nitrophenol,-0.2406705170869827,True,True,Pendar-2,H_SERS_H_Kit,,,4_nitrophenol,strict_core,0.6303856758147635
outer,nato_outer_o0__train_strict_core__test_strict_core,0,siamese,deterministic_edge_triplet,derivative_1,triplet,1729,session1_row191,4_nitrophenol,4_nitrophenol,-0.0964354202151298,True,True,RMX-1,H_SERS_H_Kit,,,4_nitrophenol,strict_core,0.7259773029021362
outer,nato_outer_o0__train_strict_core__test_strict_core,0,siamese,deterministic_edge_triplet,derivative_1,triplet,1729,session1_row202,4_nitrophenol,4_nitrophenol,-0.4751999080181122,True,True,Pendar-2,GaN_polymer,,,4_nitrophenol,strict_core,0.4545540469703515
outer,nato_outer_o0__train_strict_core__test_strict_core,0,siamese,deterministic_edge_triplet,derivative_1,triplet,1729,session1_row204,4_nitrophenol,4_nitrophenol,-0.1577987223863601,True,True,Pendar-2,GaN_polymer,,,4_nitrophenol,strict_core,0.6871715296265005
outer,nato_outer_o0__train_strict_core__test_strict_core,0,siamese,deterministic_edge_triplet,derivative_1,triplet,1729,session1_row223,4_nitrophenol,4_nitrophenol,-0.104290023446083,True,True,Mira-2,H_SERS_H_Kit,,,4_nitrophenol,strict_core,0.7211801326078705
outer,nato_outer_o0__train_strict_core__test_strict_core,0,siamese,deterministic_edge_triplet,derivative_1,triplet,1729,session1_row227,ethanol,4_nitrophenol,-0.5000705718994141,True,False,Mira-2,H_SERS_H_Kit,,,ethanol,strict_core,0.43579838967224116
outer,nato_outer_o0__train_strict_core__test_strict_core,0,siamese,deterministic_edge_triplet,derivative_1,triplet,1729,session1_row230,4_nitrophenol,4_nitrophenol,-0.3264665603637695,True,True,Mira-2,GaN_polymer,,,4_nitrophenol,strict_core,0.5675556215289758
outer,nato_outer_o0__train_strict_core__test_strict_core,0,siamese,deterministic_edge_triplet,derivative_1,triplet,1729,session1_row231,4_nitrophenol,4_nitrophenol,-0.4066109657287597,True,True,Mira-2,GaN_polymer,,,4_nitrophenol,strict_core,0.5067886323037643
outer,nato_outer_o0__train_strict_core__test_strict_core,0,siamese,deterministic_edge_triplet,derivative_1,triplet,1729,session1_row239,4_nitrophenol,4_nitrophenol,-0.1343714743852615,True,True,Agilent-3,H_SERS_H_Kit,,,4_nitrophenol,strict_core,0.7023401271292194
outer,nato_outer_o0__train_strict_core__test_strict_core,0,siamese,deterministic_edge_triplet,derivative_1,triplet,1729,session1_row242,4_nitrophenol,acetaminophen,-0.3524084091186523,True,False,Agilent-3,GaN_polymer,,,4_nitrophenol,strict_core,0.5480188105306046
outer,nato_outer_o0__train_strict_core__test_strict_core,0,siamese,deterministic_edge_triplet,derivative_1,triplet,1729,session1_row243,4_nitrophenol,4_nitrophenol,-0.0935747101902961,True,True,Agilent-3,GaN_polymer,,,4_nitrophenol,strict_core,0.7277116505321647
outer,nato_outer_o0__train_strict_core__test_strict_core,0,siamese,deterministic_edge_triplet,derivative_1,triplet,1729,session1_row257,ethyl_paraoxon,ethyl_paraoxon,-0.2354402095079422,True,True,Mira-2,H_SERS_H_Kit,,,ethyl_paraoxon,strict_core,0.6340991606180534
outer,nato_outer_o0__train_strict_core__test_strict_core,0,siamese,deterministic_edge_triplet,derivative_1,triplet,1729,session1_row261,ethyl_paraoxon,ethyl_paraoxon,-0.2098988890647888,True,True,Pendar-2,H_SERS_H_Kit,,,ethyl_paraoxon,strict_core,0.6519986021669051
outer,nato_outer_o0__train_strict_core__test_strict_core,0,siamese,deterministic_edge_triplet,derivative_1,triplet,1729,session2_row39,4_ANPP,4_ANPP,-0.2223826646804809,True,True,Pendar-3,pSERS_Metrohm_silver,,,4_ANPP,strict_core,0.643299861307562
outer,nato_outer_o0__train_strict_core__test_strict_core,0,siamese,deterministic_edge_triplet,derivative_1,triplet,1729,session2_row40,4_ANPP,4_ANPP,-0.396499902009964,True,True,Mira-3,pSERS_Metrohm_silver,,,4_ANPP,strict_core,0.5145037619651837
outer,nato_outer_o0__train_strict_core__test_strict_core,0,siamese,deterministic_edge_triplet,derivative_1,triplet,1729,session2_row41,blank,blank,-0.5158432722091675,True,True,Mira-3,pSERS_Metrohm_silver,,,blank,strict_core,0.42399481865088723
outer,nato_outer_o0__train_strict_core__test_strict_core,0,siamese,deterministic_edge_triplet,derivative_1,triplet,1729,session2_row42,blank,blank,-0.4196085631847381,True,True,Pendar-3,pSERS_Metrohm_silver,,,blank,strict_core,0.4968667291333268
outer,nato_outer_o0__train_strict_core__test_strict_core,0,siamese,deterministic_edge_triplet,derivative_1,triplet,1729,session2_row47,benzyl_fentanyl,benzyl_fentanyl,-0.240849569439888,True,True,Pendar-3,pSERS_Metrohm_silver,,,benzyl_fentanyl,strict_core,0.6302582732819871
outer,nato_outer_o0__train_strict_core__test_strict_core,0,siamese,deterministic_edge_triplet,derivative_1,triplet,1729,session2_row48,benzyl_fentanyl,benzyl_fentanyl,-0.107926957309246,True,True,Mira-3,pSERS_Metrohm_silver,,,benzyl_fentanyl,strict_core,0.7189415225649236
outer,nato_outer_o0__train_strict_core__test_strict_core,0,siamese,deterministic_edge_triplet,derivative_1,triplet,1729,session2_row90,blank,blank,-0.2035605311393737,True,True,Mira-3,pSERS_Metrohm_silver,,,blank,strict_core,0.6563771194487119
outer,nato_outer_o0__train_strict_core__test_strict_core,0,siamese,deterministic_edge_triplet,derivative_1,triplet,1729,session2_row91,blank,blank,-0.2863822877407074,True,True,Pendar-3,pSERS_Metrohm_silver,,,blank,strict_core,0.5973141167496379
outer,nato_outer_o0__train_strict_core__test_strict_core,0,siamese,deterministic_edge_triplet,derivative_1,triplet,1729,session2_row111,4_ANPP,4_ANPP,-0.1295832246541977,True,True,Agilent-3,pSERS_Metrohm_silver,,,4_ANPP,strict_core,0.7053877823961944
outer,nato_outer_o0__train_strict_core__test_strict_core,0,siamese,deterministic_edge_triplet,derivative_1,triplet,1729,session2_row112,blank,blank,-0.2296574413776397,True,True,Agilent-3,pSERS_Metrohm_silver,,,blank,strict_core,0.6381863981618557
outer,nato_outer_o0__train_strict_core__test_strict_core,0,siamese,deterministic_edge_triplet,derivative_1,triplet,1729,session2_row115,benzyl_fentanyl,benzyl_fentanyl,-0.0604708828032016,True,True,Agilent-3,pSERS_Metrohm_silver,,,benzyl_fentanyl,strict_core,0.7472745765581601
outer,nato_outer_o0__train_strict_core__test_strict_core,0,siamese,deterministic_edge_triplet,derivative_1,triplet,1729,session2_row120,blank,blank,-0.1896941363811493,True,True,Agilent-3,pSERS_Metrohm_silver,,,blank,strict_core,0.6658630602936279
outer,nato_outer_o0__train_strict_core__test_strict_core,0,siamese,deterministic_edge_triplet,derivative_1,triplet,1729,session2_row190,benzyl_fentanyl,benzyl_fentanyl,-0.0991547182202339,True,True,Pendar-2,pSERS_Metrohm_silver,,,benzyl_fentanyl,strict_core,0.724322327574775
outer,nato_outer_o0__train_strict_core__test_strict_core,0,siamese,deterministic_edge_triplet,derivative_1,triplet,1729,session2_row195,4_ANPP,4_ANPP,-0.2913000285625458,True,True,Pendar-2,pSERS_Metrohm_silver,,,4_ANPP,strict_core,0.5936969068103296
outer,nato_outer_o0__train_strict_core__test_strict_core,0,siamese,deterministic_edge_triplet,derivative_1,triplet,1729,session2_row202,4_ANPP,4_ANPP,-0.3123824596405029,True,True,RMX-2,pSERS_Metrohm_silver,,,4_ANPP,strict_core,0.5780789483409537
outer,nato_outer_o0__train_strict_core__test_strict_core,0,siamese,deterministic_edge_triplet,derivative_1,triplet,1729,session2_row203,4_ANPP,4_ANPP,-0.5679460763931274,True,True,RMX-2,pSERS_Metrohm_silver,,,4_ANPP,strict_core,0.3856827208069707
outer,nato_outer_o0__train_strict_core__test_strict_core,0,siamese,deterministic_edge_triplet,derivative_1,triplet,1729,session2_row207,benzyl_fentanyl,benzyl_fentanyl,-0.1042058542370796,True,True,RMX-2,pSERS_Metrohm_silver,,,benzyl_fentanyl,strict_core,0.7212318108788611
outer,nato_outer_o0__train_strict_core__test_strict_core,0,siamese,deterministic_edge_triplet,derivative_1,triplet,1729,session2_row213,benzyl_fentanyl,benzyl_fentanyl,-0.1977772712707519,True,True,RMX-2,pSERS_Metrohm_silver,,,benzyl_fentanyl,strict_core,0.6603491375794338
outer,nato_outer_o0__train_strict_core__test_strict_core,0,siamese,deterministic_edge_triplet,derivative_1,triplet,1729,session2_row215,acetaminophen,blank,-0.4374585747718811,True,False,RMX-2,pSERS_Metrohm_silver,,,acetaminophen,strict_core,0.48324626979407465
outer,nato_outer_o0__train_strict_core__test_strict_core,0,siamese,deterministic_edge_triplet,derivative_1,triplet,1729,session2_row216,acetaminophen,acetaminophen,-0.3877347707748413,True,True,RMX-2,pSERS_Metrohm_silver,,,acetaminophen,strict_core,0.5211864366732566
outer,nato_outer_o0__train_strict_core__test_strict_core,0,siamese,deterministic_edge_triplet,derivative_1,triplet,1729,session2_row218,acetaminophen,acetaminophen,-0.2644385099411011,True,True,RMX-2,pSERS_Metrohm_silver,,,acetaminophen,strict_core,0.6133210591762265
outer,nato_outer_o0__train_strict_core__test_strict_core,0,siamese,deterministic_edge_triplet,derivative_1,triplet,1729,session2_row223,acetaminophen,blank,-0.2199575901031494,True,False,Pendar-2,pSERS_Metrohm_silver,,,acetaminophen,strict_core,0.6449972886267059
outer,nato_outer_o0__train_strict_core__test_strict_core,0,siamese,deterministic_edge_triplet,derivative_1,triplet,1729,session2_row225,acetaminophen,acetaminophen,-0.3630143105983734,True,True,Pendar-2,pSERS_Metrohm_silver,,,acetaminophen,strict_core,0.5399851539223928
outer,nato_outer_o0__train_strict_core__test_strict_core,0,siamese,deterministic_edge_triplet,derivative_1,triplet,1729,session2_row229,benzyl_fentanyl,benzyl_fentanyl,-0.1900089830160141,True,True,Pendar-2,pSERS_Metrohm_silver,,,benzyl_fentanyl,strict_core,0.6656491214499995
outer,nato_outer_o0__train_strict_core__test_strict_core,0,siamese,deterministic_edge_triplet,derivative_1,triplet,1729,session2_row287,4_nitrophenol,4_nitrophenol,-0.0733987540006637,True,True,RMX-1,H_SERS_H_Kit,,,4_nitrophenol,strict_core,0.7397467194735267
outer,nato_outer_o0__train_strict_core__test_strict_core,0,siamese,deterministic_edge_triplet,derivative_1,triplet,1729,session2_row292,4_nitrophenol,4_nitrophenol,-0.1089829802513122,True,True,Agilent-3,H_SERS_H_Kit,,,4_nitrophenol,strict_core,0.7182894710497761
outer,nato_outer_o0__train_strict_core__test_strict_core,0,siamese,deterministic_edge_triplet,derivative_1,triplet,1729,session2_row293,4_nitrophenol,4_nitrophenol,-0.098016008734703,True,True,Mira-2,H_SERS_H_Kit,,,4_nitrophenol,strict_core,0.7250161036135513
outer,nato_outer_o0__train_strict_core__test_strict_core,0,siamese,deterministic_edge_triplet,derivative_1,triplet,1729,session2_row299,4_nitrophenol,ethanol,-0.5413975119590759,True,False,RMX-1,NRC_Canadian_SERS,,,4_nitrophenol,strict_core,0.405059408101765
outer,nato_outer_o0__train_strict_core__test_strict_core,0,siamese,deterministic_edge_triplet,derivative_1,triplet,1729,session2_row308,4_nitrophenol,ethanol,-0.4679023623466491,True,False,RMX-1,NRC_Canadian_SERS,,,4_nitrophenol,strict_core,0.46008433906657364
outer,nato_outer_o0__train_strict_core__test_strict_core,0,siamese,deterministic_edge_triplet,derivative_1,triplet,1729,session2_row315,4_nitrophenol,4_nitrophenol,-0.1826533675193786,True,True,Mira-2,NRC_Canadian_SERS,,,4_nitrophenol,strict_core,0.670629332478581
outer,nato_outer_o0__train_strict_core__test_strict_core,0,siamese,deterministic_edge_triplet,derivative_1,triplet,1729,session2_row333,ethanol,ethanol,-0.4819454252719879,True,True,RMX-1,H_SERS_H_Kit,,,ethanol,strict_core,0.44945201981958327
outer,nato_outer_o0__train_strict_core__test_strict_core,0,siamese,deterministic_edge_triplet,derivative_1,triplet,1729,session2_row335,ethanol,ethanol,-0.2458178997039795,True,True,Mira-2,H_SERS_H_Kit,,,ethanol,strict_core,0.6267159338309043
outer,nato_outer_o0__train_strict_core__test_strict_core,0,siamese,deterministic_edge_triplet,derivative_1,triplet,1729,session2_row338,ethanol,ethanol,-0.1499138921499252,True,True,Agilent-3,H_SERS_H_Kit,,,ethanol,strict_core,0.6923238405971318
outer,nato_outer_o0__train_strict_core__test_strict_core,0,siamese,deterministic_edge_triplet,derivative_1,triplet,1729,session2_row347,ethanol,ethyl_paraoxon,-0.6817519068717957,True,False,Mira-2,NRC_Canadian_SERS,,,ethanol,strict_core,0.3072486459414152
outer,nato_outer_o0__train_strict_core__test_strict_core,0,siamese,deterministic_edge_triplet,derivative_1,triplet,1729,session2_row355,ethanol,4_nitrophenol,-0.4648822844028473,True,False,Pendar-3,NRC_Canadian_SERS,,,ethanol,strict_core,0.462375999639252
outer,nato_outer_o0__train_strict_core__test_strict_core,0,siamese,deterministic_edge_triplet,derivative_1,triplet,1729,session3_row3,4_nitrophenol,4_nitrophenol,-0.300882488489151,True,True,Pendar-2,H_SERS_H_Kit,,,4_nitrophenol,strict_core,0.5866196471552737
outer,nato_outer_o0__train_strict_core__test_strict_core,0,siamese,deterministic_edge_triplet,derivative_1,triplet,1729,session3_row11,ethanol,4_ANPP,-0.6249516606330872,True,False,Pendar-2,H_SERS_H_Kit,,,ethanol,strict_core,0.345344054495208
outer,nato_outer_o0__train_strict_core__test_strict_core,0,siamese,deterministic_edge_triplet,derivative_1,triplet,1729,session3_row15,ethanol,ethanol,-0.5633226037025452,True,True,Pendar-2,H_SERS_H_Kit,,,ethanol,strict_core,0.38903312676884516
outer,nato_outer_o0__train_strict_core__test_strict_core,0,siamese,deterministic_edge_triplet,derivative_1,triplet,1729,session3_row29,4_nitrophenol,4_nitrophenol,-0.1548295468091964,True,True,RMX-1,H_SERS_H_Kit,,,4_nitrophenol,strict_core,0.6891172476625484
outer,nato_outer_o0__train_strict_core__test_strict_core,0,siamese,deterministic_edge_triplet,derivative_1,triplet,1729,session3_row30,4_nitrophenol,4_nitrophenol,-0.1333697736263275,True,True,Mira-2,H_SERS_H_Kit,,,4_nitrophenol,strict_core,0.7029791974934813
outer,nato_outer_o0__train_strict_core__test_strict_core,0,siamese,deterministic_edge_triplet,derivative_1,triplet,1729,session3_row74,ethyl_paraoxon,ethanol,-0.6084086298942566,True,False,Pendar-2,H_SERS_H_Kit,,,ethyl_paraoxon,strict_core,0.35685219975971405
outer,nato_outer_o0__train_strict_core__test_strict_core,0,siamese,deterministic_edge_triplet,derivative_1,triplet,1729,session3_row84,ethyl_paraoxon,acetaminophen,-0.4094720184803009,True,False,Pendar-2,H_SERS_H_Kit,,,ethyl_paraoxon,strict_core,0.5046047926245062
outer,nato_outer_o0__train_strict_core__test_strict_core,0,siamese,deterministic_edge_triplet,derivative_1,triplet,1729,session3_row93,ethanol,ethanol,-0.5228473544120789,True,True,Pendar-2,H_SERS_H_Kit,,,ethanol,strict_core,0.4187801323084792
outer,nato_outer_o0__train_strict_core__test_strict_core,0,siamese,deterministic_edge_triplet,derivative_1,triplet,1729,session3_row105,ethyl_paraoxon,ethyl_paraoxon,-0.3324656188488006,True,True,Mira-2,H_SERS_H_Kit,,,ethyl_paraoxon,strict_core,0.5630540997359069
outer,nato_outer_o0__train_strict_core__test_strict_core,0,siamese,deterministic_edge_triplet,derivative_1,triplet,1729,session3_row149,ethanol,ethanol,-0.1950673162937164,True,True,Mira-2,H_SERS_H_Kit,,,ethanol,strict_core,0.6622026777370942
outer,nato_outer_o0__train_strict_core__test_strict_core,0,siamese,deterministic_edge_triplet,derivative_1,triplet,1729,session3_row154,ethanol,ethanol,-0.2139914780855178,True,True,RMX-1,H_SERS_H_Kit,,,ethanol,strict_core,0.6491576899102258
outer,nato_outer_o0__train_strict_core__test_strict_core,0,siamese,deterministic_edge_triplet,derivative_1,triplet,1729,session3_row169,ethyl_paraoxon,ethyl_paraoxon,-0.2387533038854599,True,True,Mira-2,H_SERS_H_Kit,,,ethyl_paraoxon,strict_core,0.6317487040949604
outer,nato_outer_o0__train_strict_core__test_strict_core,0,siamese,deterministic_edge_triplet,derivative_1,triplet,1729,session3_row211,4_ANPP,benzyl_fentanyl,-0.2661933600902557,True,False,Mira-3,pSERS_Metrohm_silver,,,4_ANPP,strict_core,0.6120494514855722
outer,nato_outer_o0__train_strict_core__test_strict_core,0,siamese,deterministic_edge_triplet,derivative_1,triplet,1729,session3_row217,4_ANPP,4_ANPP,-0.2556641399860382,True,True,Pendar-1,pSERS_Metrohm_silver,,,4_ANPP,strict_core,0.6196557256635091
outer,nato_outer_o0__train_strict_core__test_strict_core,0,siamese,deterministic_edge_triplet,derivative_1,triplet,1729,session3_row224,benzyl_fentanyl,benzyl_fentanyl,-0.5599213242530823,True,True,Pendar-1,pSERS_Metrohm_silver,,,benzyl_fentanyl,strict_core,0.3915045972255438
outer,nato_outer_o0__train_strict_core__test_strict_core,0,siamese,deterministic_edge_triplet,derivative_1,triplet,1729,session3_row225,4_ANPP,4_ANPP,-0.3861910998821258,True,True,Mira-3,pSERS_Metrohm_silver,,,4_ANPP,strict_core,0.5223626390147982
outer,nato_outer_o0__train_strict_core__test_strict_core,0,siamese,deterministic_edge_triplet,derivative_1,triplet,1729,session3_row235,benzyl_fentanyl,benzyl_fentanyl,-0.2375171929597854,True,True,Mira-3,pSERS_Metrohm_silver,,,benzyl_fentanyl,strict_core,0.6326263950092119
outer,nato_outer_o0__train_strict_core__test_strict_core,0,siamese,deterministic_edge_triplet,derivative_1,triplet,1729,session3_row256,4_ANPP,4_ANPP,-0.2173486053943634,True,True,Agilent-1,pSERS_Metrohm_silver,,,4_ANPP,strict_core,0.6468193766599737
outer,nato_outer_o0__train_strict_core__test_strict_core,0,siamese,deterministic_edge_triplet,derivative_1,triplet,1729,session3_row259,blank,blank,-0.3021597862243652,True,True,Agilent-1,pSERS_Metrohm_silver,,,blank,strict_core,0.5856735042734794
outer,nato_outer_o0__train_strict_core__test_strict_core,0,siamese,deterministic_edge_triplet,derivative_1,triplet,1729,session3_row263,blank,acetaminophen,-0.7538753747940063,True,False,Pendar-1,pSERS_Metrohm_silver,,,blank,strict_core,0.2624545250378034
outer,nato_outer_o0__train_strict_core__test_strict_core,0,siamese,deterministic_edge_triplet,derivative_1,triplet,1729,session3_row268,benzyl_fentanyl,benzyl_fentanyl,-0.1514884680509567,True,True,Agilent-1,pSERS_Metrohm_silver,,,benzyl_fentanyl,strict_core,0.6912987089763231
outer,nato_outer_o0__train_strict_core__test_strict_core,0,siamese,deterministic_edge_triplet,derivative_1,triplet,1729,session3_row277,blank,4_ANPP,-0.4598246216773987,True,False,Pendar-1,pSERS_Metrohm_silver,,,blank,strict_core,0.46621731122054433
outer,nato_outer_o0__train_strict_core__test_strict_core,0,siamese,deterministic_edge_triplet,derivative_1,triplet,1729,session3_row286,blank,blank,-0.2856174409389496,True,True,Agilent-1,pSERS_Metrohm_silver,,,blank,strict_core,0.5978757550223797
outer,nato_outer_o0__train_strict_core__test_strict_core,0,siamese,deterministic_edge_triplet,derivative_1,triplet,1729,session3_row289,blank,blank,-0.1894562095403671,True,True,Mira-3,pSERS_Metrohm_silver,,,blank,strict_core,0.6660246867493753
outer,nato_outer_o0__train_strict_core__test_strict_core,0,siamese,deterministic_edge_triplet,derivative_1,triplet,1729,session3_row296,blank,ethanol,-0.4690532684326172,True,False,Pendar-1,NRC_Canadian_SERS,,,blank,strict_core,0.4592114604678955
outer,nato_outer_o0__train_strict_core__test_strict_core,0,siamese,deterministic_edge_triplet,derivative_1,triplet,1729,session3_row297,4_ANPP,4_ANPP,-0.6731230020523071,True,True,Pendar-1,NRC_Canadian_SERS,,,4_ANPP,strict_core,0.31288529595203074
outer,nato_outer_o0__train_strict_core__test_strict_core,0,siamese,deterministic_edge_triplet,derivative_1,triplet,1729,session3_row298,blank,blank,-0.2471725940704345,True,True,Pendar-1,NRC_Canadian_SERS,,,blank,strict_core,0.6257476770365936
outer,nato_outer_o0__train_strict_core__test_strict_core,0,siamese,deterministic_edge_triplet,derivative_1,triplet,1729,session3_row306,benzyl_fentanyl,benzyl_fentanyl,-0.6864935159683228,True,True,Pendar-1,NRC_Canadian_SERS,,,benzyl_fentanyl,strict_core,0.30417547206636897
outer,nato_outer_o0__train_strict_core__test_strict_core,0,siamese,deterministic_edge_triplet,derivative_1,triplet,1729,session3_row312,blank,blank,-0.7101365327835083,True,True,Pendar-1,NRC_Canadian_SERS,,,blank,strict_core,0.2891144016565416
outer,nato_outer_o0__train_strict_core__test_strict_core,0,siamese,deterministic_edge_triplet,derivative_1,triplet,1729,session3_row315,benzyl_fentanyl,acetaminophen,-0.5767756700515747,True,False,Mira-3,NRC_Canadian_SERS,,,benzyl_fentanyl,strict_core,0.37931457765685156
outer,nato_outer_o0__train_strict_core__test_strict_core,0,siamese,deterministic_edge_triplet,derivative_1,triplet,1729,session3_row322,blank,blank,-0.5592746734619141,True,True,Mira-3,NRC_Canadian_SERS,,,blank,strict_core,0.39197510720618656
outer,nato_outer_o0__train_strict_core__test_strict_core,0,siamese,deterministic_edge_triplet,derivative_1,triplet,1729,session3_row323,4_ANPP,acetaminophen,-0.5018625259399414,True,False,Mira-3,NRC_Canadian_SERS,,,4_ANPP,strict_core,0.43445344279189274
outer,nato_outer_o0__train_strict_core__test_strict_core,0,siamese,deterministic_edge_triplet,derivative_1,triplet,1729,session3_row324,blank,blank,-0.1882760822772979,True,True,Mira-3,NRC_Canadian_SERS,,,blank,strict_core,0.6668257840312711
outer,nato_outer_o0__train_strict_core__test_strict_core,0,siamese,deterministic_edge_triplet,derivative_1,triplet,1729,session3_row330,4_ANPP,4_ANPP,-0.3006623089313507,True,True,Pendar-1,pSERS_Metrohm_silver,,,4_ANPP,strict_core,0.5867826781101083
outer,nato_outer_o0__train_strict_core__test_strict_core,0,siamese,deterministic_edge_triplet,derivative_1,triplet,1729,session3_row331,blank,blank,-0.453365683555603,True,True,Pendar-1,pSERS_Metrohm_silver,,,blank,strict_core,0.47112866627010075
outer,nato_outer_o0__train_strict_core__test_strict_core,0,siamese,deterministic_edge_triplet,derivative_1,triplet,1729,session3_row334,benzyl_fentanyl,benzyl_fentanyl,-0.1759580075740814,True,True,Pendar-1,pSERS_Metrohm_silver,,,benzyl_fentanyl,strict_core,0.6751294708337225
outer,nato_outer_o0__train_strict_core__test_strict_core,0,siamese,deterministic_edge_triplet,derivative_1,triplet,1729,session3_row347,blank,blank,-0.5623014569282532,True,True,Pendar-1,pSERS_Metrohm_silver,,,blank,strict_core,0.3897745297222853
outer,nato_outer_o0__train_strict_core__test_strict_core,0,siamese,deterministic_edge_triplet,derivative_1,triplet,1729,session3_row457,benzyl_fentanyl,benzyl_fentanyl,-0.1529842913150787,True,True,Pendar-3,pSERS_Metrohm_silver,,,benzyl_fentanyl,strict_core,0.6903231010639876
outer,nato_outer_o0__train_strict_core__test_strict_core,0,siamese,deterministic_edge_triplet,derivative_1,triplet,1729,session3_row458,benzyl_fentanyl,benzyl_fentanyl,-0.1682051122188568,True,True,RMX-2,pSERS_Metrohm_silver,,,benzyl_fentanyl,strict_core,0.6803002521035626
outer,nato_outer_o0__train_strict_core__test_strict_core,0,siamese,deterministic_edge_triplet,derivative_1,triplet,1729,session3_row461,4_ANPP,4_ANPP,-0.3438853621482849,True,True,Pendar-3,pSERS_Metrohm_silver,,,4_ANPP,strict_core,0.5544568815062578
outer,nato_outer_o0__train_strict_core__test_strict_core,0,siamese,deterministic_edge_triplet,derivative_1,triplet,1729,session3_row462,4_ANPP,4_ANPP,-0.2740021646022796,True,True,RMX-2,pSERS_Metrohm_silver,,,4_ANPP,strict_core,0.6063726898617902
outer,nato_outer_o0__train_strict_core__test_strict_core,0,siamese,deterministic_edge_triplet,derivative_1,triplet,1729,session3_row465,benzyl_fentanyl,benzyl_fentanyl,-0.1355713307857513,True,True,Pendar-3,pSERS_Metrohm_silver,,,benzyl_fentanyl,strict_core,0.701573594594601
outer,nato_outer_o0__train_strict_core__test_strict_core,0,siamese,deterministic_edge_triplet,derivative_1,triplet,1729,session3_row466,benzyl_fentanyl,benzyl_fentanyl,-0.2128434181213379,True,True,RMX-2,pSERS_Metrohm_silver,,,benzyl_fentanyl,strict_core,0.6499557051948711
outer,nato_outer_o0__train_strict_core__test_strict_core,0,siamese,deterministic_edge_triplet,derivative_1,triplet,1729,session3_row469,benzyl_fentanyl,benzyl_fentanyl,-0.0721016004681587,True,True,Mira-1,pSERS_Metrohm_silver,,,benzyl_fentanyl,strict_core,0.740508570049074
outer,nato_outer_o0__train_strict_core__test_strict_core,0,siamese,deterministic_edge_triplet,derivative_1,triplet,1729,session3_row470,benzyl_fentanyl,benzyl_fentanyl,-0.0419442355632782,True,True,Agilent-3,pSERS_Metrohm_silver,,,benzyl_fentanyl,strict_core,0.7578085069711731
outer,nato_outer_o0__train_strict_core__test_strict_core,0,siamese,deterministic_edge_triplet,derivative_1,triplet,1729,session3_row473,4_ANPP,4_ANPP,-0.2061926424503326,True,True,Mira-1,pSERS_Metrohm_silver,,,4_ANPP,strict_core,0.6545620403272593
outer,nato_outer_o0__train_strict_core__test_strict_core,0,siamese,deterministic_edge_triplet,derivative_1,triplet,1729,session3_row474,4_ANPP,4_ANPP,-0.2393272370100021,True,True,Agilent-3,pSERS_Metrohm_silver,,,4_ANPP,strict_core,0.6313408901601806
outer,nato_outer_o0__train_strict_core__test_strict_core,0,siamese,deterministic_edge_triplet,derivative_1,triplet,1729,session3_row477,benzyl_fentanyl,benzyl_fentanyl,-0.1048008352518081,True,True,Mira-1,pSERS_Metrohm_silver,,,benzyl_fentanyl,strict_core,0.7208663779985506
outer,nato_outer_o0__train_strict_core__test_strict_core,0,siamese,deterministic_edge_triplet,derivative_1,triplet,1729,session3_row478,benzyl_fentanyl,benzyl_fentanyl,-0.1047566458582878,True,True,Agilent-3,pSERS_Metrohm_silver,,,benzyl_fentanyl,strict_core,0.7208935288821186
outer,nato_outer_o0__train_strict_core__test_strict_core,0,siamese,deterministic_edge_triplet,derivative_1,triplet,1729,session3_row479,acetaminophen,acetaminophen,-0.5663178563117981,True,True,Mira-1,pSERS_Metrohm_silver,,,acetaminophen,strict_core,0.38686139557673227
outer,nato_outer_o0__train_strict_core__test_strict_core,0,siamese,deterministic_edge_triplet,derivative_1,triplet,1729,session3_row480,acetaminophen,4_ANPP,-0.3658164143562317,True,False,Agilent-3,pSERS_Metrohm_silver,,,acetaminophen,strict_core,0.5378589946711314
outer,nato_outer_o0__train_strict_core__test_strict_core,0,siamese,deterministic_edge_triplet,derivative_1,triplet,1729,session3_row481,acetaminophen,acetaminophen,-0.3329464495182037,True,True,Mira-1,pSERS_Metrohm_silver,,,acetaminophen,strict_core,0.5626928379415471
outer,nato_outer_o0__train_strict_core__test_strict_core,0,siamese,deterministic_edge_triplet,derivative_1,triplet,1729,session3_row482,acetaminophen,acetaminophen,-0.2135429680347442,True,True,Agilent-3,pSERS_Metrohm_silver,,,acetaminophen,strict_core,0.6494695483626648
outer,nato_outer_o0__train_strict_core__test_strict_core,0,siamese,deterministic_edge_triplet,derivative_1,triplet,1729,session3_row483,acetaminophen,benzyl_fentanyl,-0.4873099327087402,True,False,Pendar-3,pSERS_Metrohm_silver,,,acetaminophen,strict_core,0.44540205595942023
outer,nato_outer_o0__train_strict_core__test_strict_core,0,siamese,deterministic_edge_triplet,derivative_1,triplet,1729,session3_row484,acetaminophen,4_ANPP,-0.6451811194419861,True,False,RMX-2,pSERS_Metrohm_silver,,,acetaminophen,strict_core,0.33151491338820804
outer,nato_outer_o0__train_strict_core__test_strict_core,0,siamese,deterministic_edge_triplet,derivative_1,triplet,1729,session3_row485,acetaminophen,acetaminophen,-0.4029895365238189,True,True,Pendar-3,pSERS_Metrohm_silver,,,acetaminophen,strict_core,0.5095524848152976
outer,nato_outer_o0__train_strict_core__test_strict_core,0,siamese,deterministic_edge_triplet,derivative_1,triplet,1729,session3_row486,acetaminophen,acetaminophen,-0.4114880561828613,True,True,RMX-2,pSERS_Metrohm_silver,,,acetaminophen,strict_core,0.5030658419143311
outer,nato_outer_o0__train_strict_core__test_strict_core,0,siamese,deterministic_edge_triplet,derivative_1,triplet,1729,session3_row497,acetaminophen,4_ANPP,-0.3288634419441223,True,False,Mira-1,pSERS_Metrohm_silver,,,acetaminophen,strict_core,0.5657583650346031
outer,nato_outer_o0__train_strict_core__test_strict_core,0,siamese,deterministic_edge_triplet,derivative_1,triplet,1729,session3_row498,acetaminophen,benzyl_fentanyl,-0.5248346328735352,True,False,Mira-1,pSERS_Metrohm_silver,,,acetaminophen,strict_core,0.41730380767856756
outer,nato_outer_o0__train_strict_core__test_strict_core,0,siamese,deterministic_edge_triplet,derivative_1,triplet,2718,session1_row31,blank,acetaminophen,-0.0601002313196659,True,False,Mira-3,pSERS_Metrohm_silver,,,blank,strict_core,0.6708312982815733
outer,nato_outer_o0__train_strict_core__test_strict_core,0,siamese,deterministic_edge_triplet,derivative_1,triplet,2718,session1_row33,4_ANPP,acetaminophen,-0.038110114634037,True,False,Mira-3,pSERS_Metrohm_silver,,,4_ANPP,strict_core,0.682568454845019
outer,nato_outer_o0__train_strict_core__test_strict_core,0,siamese,deterministic_edge_triplet,derivative_1,triplet,2718,session1_row36,blank,acetaminophen,-0.2405610382556915,True,False,Agilent-3,pSERS_Metrohm_silver,,,blank,strict_core,0.5674964207040659
outer,nato_outer_o0__train_strict_core__test_strict_core,0,siamese,deterministic_edge_triplet,derivative_1,triplet,2718,session1_row37,4_ANPP,acetaminophen,-0.1236477941274643,True,False,Agilent-3,pSERS_Metrohm_silver,,,4_ANPP,strict_core,0.6357346346314752
outer,nato_outer_o0__train_strict_core__test_strict_core,0,siamese,deterministic_edge_triplet,derivative_1,triplet,2718,session1_row38,4_ANPP,acetaminophen,-0.2108985781669616,True,False,Agilent-3,pSERS_Metrohm_silver,,,4_ANPP,strict_core,0.5851659217879086
outer,nato_outer_o0__train_strict_core__test_strict_core,0,siamese,deterministic_edge_triplet,derivative_1,triplet,2718,session1_row50,benzyl_fentanyl,benzyl_fentanyl,-0.1547679156064987,True,True,Agilent-3,pSERS_Metrohm_silver,,,benzyl_fentanyl,strict_core,0.6179766915718021
outer,nato_outer_o0__train_strict_core__test_strict_core,0,siamese,deterministic_edge_triplet,derivative_1,triplet,2718,session1_row54,benzyl_fentanyl,acetaminophen,-0.2800728380680084,True,False,Mira-3,pSERS_Metrohm_silver,,,benzyl_fentanyl,strict_core,0.543698137103387
outer,nato_outer_o0__train_strict_core__test_strict_core,0,siamese,deterministic_edge_triplet,derivative_1,triplet,2718,session1_row64,benzyl_fentanyl,benzyl_fentanyl,-0.0310800783336162,True,True,Mira-3,pSERS_Metrohm_silver,,,benzyl_fentanyl,strict_core,0.6862731679444576
outer,nato_outer_o0__train_strict_core__test_strict_core,0,siamese,deterministic_edge_triplet,derivative_1,triplet,2718,session1_row65,benzyl_fentanyl,benzyl_fentanyl,-0.2271306067705154,True,True,Pendar-2,pSERS_Metrohm_silver,,,benzyl_fentanyl,strict_core,0.5755208420750377
outer,nato_outer_o0__train_strict_core__test_strict_core,0,siamese,deterministic_edge_triplet,derivative_1,triplet,2718,session1_row177,4_nitrophenol,ethanol,-0.2758966088294983,True,False,Pendar-2,H_SERS_H_Kit,,,4_nitrophenol,strict_core,0.546224911851915
outer,nato_outer_o0__train_strict_core__test_strict_core,0,siamese,deterministic_edge_triplet,derivative_1,triplet,2718,session1_row181,ethanol,ethyl_paraoxon,-0.2152964472770691,True,False,Pendar-2,H_SERS_H_Kit,,,ethanol,strict_core,0.5825588208574798
outer,nato_outer_o0__train_strict_core__test_strict_core,0,siamese,deterministic_edge_triplet,derivative_1,triplet,2718,session1_row188,4_nitrophenol,4_nitrophenol,-0.0891494080424308,True,True,Pendar-2,H_SERS_H_Kit,,,4_nitrophenol,strict_core,0.6549954472675481
outer,nato_outer_o0__train_strict_core__test_strict_core,0,siamese,deterministic_edge_triplet,derivative_1,triplet,2718,session1_row191,4_nitrophenol,4_nitrophenol,-0.092910036444664,True,True,RMX-1,H_SERS_H_Kit,,,4_nitrophenol,strict_core,0.6529190628851022
outer,nato_outer_o0__train_strict_core__test_strict_core,0,siamese,deterministic_edge_triplet,derivative_1,triplet,2718,session1_row202,4_nitrophenol,ethanol,-0.1721502244472503,True,False,Pendar-2,GaN_polymer,,,4_nitrophenol,strict_core,0.6079154484600888
outer,nato_outer_o0__train_strict_core__test_strict_core,0,siamese,deterministic_edge_triplet,derivative_1,triplet,2718,session1_row204,4_nitrophenol,4_nitrophenol,-0.1784140765666961,True,True,Pendar-2,GaN_polymer,,,4_nitrophenol,strict_core,0.6042667161361119
outer,nato_outer_o0__train_strict_core__test_strict_core,0,siamese,deterministic_edge_triplet,derivative_1,triplet,2718,session1_row223,4_nitrophenol,4_nitrophenol,-0.1539293080568313,True,True,Mira-2,H_SERS_H_Kit,,,4_nitrophenol,strict_core,0.6184596224220793
outer,nato_outer_o0__train_strict_core__test_strict_core,0,siamese,deterministic_edge_triplet,derivative_1,triplet,2718,session1_row227,ethanol,4_nitrophenol,-0.135979413986206,True,False,Mira-2,H_SERS_H_Kit,,,ethanol,strict_core,0.6287389946352291
outer,nato_outer_o0__train_strict_core__test_strict_core,0,siamese,deterministic_edge_triplet,derivative_1,triplet,2718,session1_row230,4_nitrophenol,4_nitrophenol,-0.184397891163826,True,True,Mira-2,GaN_polymer,,,4_nitrophenol,strict_core,0.600770224657879
outer,nato_outer_o0__train_strict_core__test_strict_core,0,siamese,deterministic_edge_triplet,derivative_1,triplet,2718,session1_row231,4_nitrophenol,4_nitrophenol,-0.1710789650678634,True,True,Mira-2,GaN_polymer,,,4_nitrophenol,strict_core,0.6085382705671254
outer,nato_outer_o0__train_strict_core__test_strict_core,0,siamese,deterministic_edge_triplet,derivative_1,triplet,2718,session1_row239,4_nitrophenol,4_nitrophenol,-0.111849270761013,True,True,Agilent-3,H_SERS_H_Kit,,,4_nitrophenol,strict_core,0.6423746193786345
outer,nato_outer_o0__train_strict_core__test_strict_core,0,siamese,deterministic_edge_triplet,derivative_1,triplet,2718,session1_row242,4_nitrophenol,ethyl_paraoxon,-0.1187600940465927,True,False,Agilent-3,GaN_polymer,,,4_nitrophenol,strict_core,0.6384917817579617
outer,nato_outer_o0__train_strict_core__test_strict_core,0,siamese,deterministic_edge_triplet,derivative_1,triplet,2718,session1_row243,4_nitrophenol,4_nitrophenol,-0.2021850198507309,True,True,Agilent-3,GaN_polymer,,,4_nitrophenol,strict_core,0.5903172145042104
outer,nato_outer_o0__train_strict_core__test_strict_core,0,siamese,deterministic_edge_triplet,derivative_1,triplet,2718,session1_row257,ethyl_paraoxon,ethyl_paraoxon,-0.1214482933282852,True,True,Mira-2,H_SERS_H_Kit,,,ethyl_paraoxon,strict_core,0.636976486512862
outer,nato_outer_o0__train_strict_core__test_strict_core,0,siamese,deterministic_edge_triplet,derivative_1,triplet,2718,session1_row261,ethyl_paraoxon,ethyl_paraoxon,-0.1214389577507972,True,True,Pendar-2,H_SERS_H_Kit,,,ethyl_paraoxon,strict_core,0.6369817535598107
outer,nato_outer_o0__train_strict_core__test_strict_core,0,siamese,deterministic_edge_triplet,derivative_1,triplet,2718,session2_row39,4_ANPP,4_ANPP,-0.0474435873329639,True,True,Pendar-3,pSERS_Metrohm_silver,,,4_ANPP,strict_core,0.6776139611582956
outer,nato_outer_o0__train_strict_core__test_strict_core,0,siamese,deterministic_edge_triplet,derivative_1,triplet,2718,session2_row40,4_ANPP,4_ANPP,-0.0523695982992649,True,True,Mira-3,pSERS_Metrohm_silver,,,4_ANPP,strict_core,0.6749828088044609
outer,nato_outer_o0__train_strict_core__test_strict_core,0,siamese,deterministic_edge_triplet,derivative_1,triplet,2718,session2_row41,blank,blank,-0.0759779661893844,True,True,Mira-3,pSERS_Metrohm_silver,,,blank,strict_core,0.6622209914471122
outer,nato_outer_o0__train_strict_core__test_strict_core,0,siamese,deterministic_edge_triplet,derivative_1,triplet,2718,session2_row42,blank,ethyl_paraoxon,-0.0561088658869266,True,False,Pendar-3,pSERS_Metrohm_silver,,,blank,strict_core,0.6729781260745294
outer,nato_outer_o0__train_strict_core__test_strict_core,0,siamese,deterministic_edge_triplet,derivative_1,triplet,2718,session2_row47,benzyl_fentanyl,benzyl_fentanyl,-0.1223931908607482,True,True,Pendar-3,pSERS_Metrohm_silver,,,benzyl_fentanyl,strict_core,0.6364432141865729
outer,nato_outer_o0__train_strict_core__test_strict_core,0,siamese,deterministic_edge_triplet,derivative_1,triplet,2718,session2_row48,benzyl_fentanyl,benzyl_fentanyl,-0.0226192791014909,True,True,Mira-3,pSERS_Metrohm_silver,,,benzyl_fentanyl,strict_core,0.6907005511852431
outer,nato_outer_o0__train_strict_core__test_strict_core,0,siamese,deterministic_edge_triplet,derivative_1,triplet,2718,session2_row90,blank,blank,-0.1646716594696045,True,True,Mira-3,pSERS_Metrohm_silver,,,blank,strict_core,0.6122559910439949
outer,nato_outer_o0__train_strict_core__test_strict_core,0,siamese,deterministic_edge_triplet,derivative_1,triplet,2718,session2_row91,blank,acetaminophen,-0.213403508067131,True,False,Pendar-3,pSERS_Metrohm_silver,,,blank,strict_core,0.5836815489780712
outer,nato_outer_o0__train_strict_core__test_strict_core,0,siamese,deterministic_edge_triplet,derivative_1,triplet,2718,session2_row111,4_ANPP,4_ANPP,-0.0510094054043293,True,True,Agilent-3,pSERS_Metrohm_silver,,,4_ANPP,strict_core,0.6757104482239511
outer,nato_outer_o0__train_strict_core__test_strict_core,0,siamese,deterministic_edge_triplet,derivative_1,triplet,2718,session2_row112,blank,blank,-0.0372694805264472,True,True,Agilent-3,pSERS_Metrohm_silver,,,blank,strict_core,0.6830126867603962
outer,nato_outer_o0__train_strict_core__test_strict_core,0,siamese,deterministic_edge_triplet,derivative_1,triplet,2718,session2_row115,benzyl_fentanyl,benzyl_fentanyl,-0.1650432646274566,True,True,Agilent-3,pSERS_Metrohm_silver,,,benzyl_fentanyl,strict_core,0.6120407261311889
outer,nato_outer_o0__train_strict_core__test_strict_core,0,siamese,deterministic_edge_triplet,derivative_1,triplet,2718,session2_row120,blank,blank,-0.0829773396253585,True,True,Agilent-3,pSERS_Metrohm_silver,,,blank,strict_core,0.6583904673407246
outer,nato_outer_o0__train_strict_core__test_strict_core,0,siamese,deterministic_edge_triplet,derivative_1,triplet,2718,session2_row190,benzyl_fentanyl,benzyl_fentanyl,-0.040640864521265,True,True,Pendar-2,pSERS_Metrohm_silver,,,benzyl_fentanyl,strict_core,0.6812290767174245
outer,nato_outer_o0__train_strict_core__test_strict_core,0,siamese,deterministic_edge_triplet,derivative_1,triplet,2718,session2_row195,4_ANPP,4_ANPP,-0.2561068832874298,True,True,Pendar-2,pSERS_Metrohm_silver,,,4_ANPP,strict_core,0.5581639324678792
outer,nato_outer_o0__train_strict_core__test_strict_core,0,siamese,deterministic_edge_triplet,derivative_1,triplet,2718,session2_row202,4_ANPP,4_ANPP,-0.0795039907097816,True,True,RMX-2,pSERS_Metrohm_silver,,,4_ANPP,strict_core,0.6602939370646814
outer,nato_outer_o0__train_strict_core__test_strict_core,0,siamese,deterministic_edge_triplet,derivative_1,triplet,2718,session2_row203,4_ANPP,4_ANPP,-0.0998456552624702,True,True,RMX-2,pSERS_Metrohm_silver,,,4_ANPP,strict_core,0.6490743897630404
outer,nato_outer_o0__train_strict_core__test_strict_core,0,siamese,deterministic_edge_triplet,derivative_1,triplet,2718,session2_row207,benzyl_fentanyl,benzyl_fentanyl,-0.0293997712433338,True,True,RMX-2,pSERS_Metrohm_silver,,,benzyl_fentanyl,strict_core,0.6871551797581178
outer,nato_outer_o0__train_strict_core__test_strict_core,0,siamese,deterministic_edge_triplet,derivative_1,triplet,2718,session2_row213,benzyl_fentanyl,benzyl_fentanyl,-0.0885715037584304,True,True,RMX-2,pSERS_Metrohm_silver,,,benzyl_fentanyl,strict_core,0.6553140087369596
outer,nato_outer_o0__train_strict_core__test_strict_core,0,siamese,deterministic_edge_triplet,derivative_1,triplet,2718,session2_row215,acetaminophen,acetaminophen,-0.1903419494628906,True,True,RMX-2,pSERS_Metrohm_silver,,,acetaminophen,strict_core,0.5972867622677782
outer,nato_outer_o0__train_strict_core__test_strict_core,0,siamese,deterministic_edge_triplet,derivative_1,triplet,2718,session2_row216,acetaminophen,blank,-0.1681105643510818,True,False,RMX-2,pSERS_Metrohm_silver,,,acetaminophen,strict_core,0.6102622249691085
outer,nato_outer_o0__train_strict_core__test_strict_core,0,siamese,deterministic_edge_triplet,derivative_1,triplet,2718,session2_row218,acetaminophen,acetaminophen,-0.1098193004727363,True,True,RMX-2,pSERS_Metrohm_silver,,,acetaminophen,strict_core,0.6435116405687804
outer,nato_outer_o0__train_strict_core__test_strict_core,0,siamese,deterministic_edge_triplet,derivative_1,triplet,2718,session2_row223,acetaminophen,acetaminophen,-0.0542952194809913,True,True,Pendar-2,pSERS_Metrohm_silver,,,acetaminophen,strict_core,0.6739512464407844
outer,nato_outer_o0__train_strict_core__test_strict_core,0,siamese,deterministic_edge_triplet,derivative_1,triplet,2718,session2_row225,acetaminophen,acetaminophen,-0.0865613371133804,True,True,Pendar-2,pSERS_Metrohm_silver,,,acetaminophen,strict_core,0.6564209963977647
outer,nato_outer_o0__train_strict_core__test_strict_core,0,siamese,deterministic_edge_triplet,derivative_1,triplet,2718,session2_row229,benzyl_fentanyl,benzyl_fentanyl,-0.0340845547616481,True,True,Pendar-2,pSERS_Metrohm_silver,,,benzyl_fentanyl,strict_core,0.6846927273863802
outer,nato_outer_o0__train_strict_core__test_strict_core,0,siamese,deterministic_edge_triplet,derivative_1,triplet,2718,session2_row287,4_nitrophenol,4_nitrophenol,-0.138937845826149,True,True,RMX-1,H_SERS_H_Kit,,,4_nitrophenol,strict_core,0.6270525100483774
outer,nato_outer_o0__train_strict_core__test_strict_core,0,siamese,deterministic_edge_triplet,derivative_1,triplet,2718,session2_row292,4_nitrophenol,4_nitrophenol,-0.0982291549444198,True,True,Agilent-3,H_SERS_H_Kit,,,4_nitrophenol,strict_core,0.6499722292383209
outer,nato_outer_o0__train_strict_core__test_strict_core,0,siamese,deterministic_edge_triplet,derivative_1,triplet,2718,session2_row293,4_nitrophenol,4_nitrophenol,-0.1842096894979477,True,True,Mira-2,H_SERS_H_Kit,,,4_nitrophenol,strict_core,0.6008803542128595
outer,nato_outer_o0__train_strict_core__test_strict_core,0,siamese,deterministic_edge_triplet,derivative_1,triplet,2718,session2_row299,4_nitrophenol,4_nitrophenol,-0.167371779680252,True,True,RMX-1,NRC_Canadian_SERS,,,4_nitrophenol,strict_core,0.6106908619512613
outer,nato_outer_o0__train_strict_core__test_strict_core,0,siamese,deterministic_edge_triplet,derivative_1,triplet,2718,session2_row308,4_nitrophenol,4_nitrophenol,-0.3419913351535797,True,True,RMX-1,NRC_Canadian_SERS,,,4_nitrophenol,strict_core,0.5060411234462364
outer,nato_outer_o0__train_strict_core__test_strict_core,0,siamese,deterministic_edge_triplet,derivative_1,triplet,2718,session2_row315,4_nitrophenol,4_nitrophenol,-0.1472732722759246,True,True,Mira-2,NRC_Canadian_SERS,,,4_nitrophenol,strict_core,0.6222842794234344
outer,nato_outer_o0__train_strict_core__test_strict_core,0,siamese,deterministic_edge_triplet,derivative_1,triplet,2718,session2_row333,ethanol,ethanol,-0.1356607675552368,True,True,RMX-1,H_SERS_H_Kit,,,ethanol,strict_core,0.6289204561378995
outer,nato_outer_o0__train_strict_core__test_strict_core,0,siamese,deterministic_edge_triplet,derivative_1,triplet,2718,session2_row335,ethanol,ethanol,-0.1534734517335891,True,True,Mira-2,H_SERS_H_Kit,,,ethanol,strict_core,0.618722039308133
outer,nato_outer_o0__train_strict_core__test_strict_core,0,siamese,deterministic_edge_triplet,derivative_1,triplet,2718,session2_row338,ethanol,ethanol,-0.0551769286394119,True,True,Agilent-3,H_SERS_H_Kit,,,ethanol,strict_core,0.6734783479157116
outer,nato_outer_o0__train_strict_core__test_strict_core,0,siamese,deterministic_edge_triplet,derivative_1,triplet,2718,session2_row347,ethanol,ethyl_paraoxon,-0.2300148010253906,True,False,Mira-2,NRC_Canadian_SERS,,,ethanol,strict_core,0.5738007954985255
outer,nato_outer_o0__train_strict_core__test_strict_core,0,siamese,deterministic_edge_triplet,derivative_1,triplet,2718,session2_row355,ethanol,4_nitrophenol,-0.2453263103961944,True,False,Pendar-3,NRC_Canadian_SERS,,,ethanol,strict_core,0.5646405022978859
outer,nato_outer_o0__train_strict_core__test_strict_core,0,siamese,deterministic_edge_triplet,derivative_1,triplet,2718,session3_row3,4_nitrophenol,4_nitrophenol,-0.028698407113552,True,True,Pendar-2,H_SERS_H_Kit,,,4_nitrophenol,strict_core,0.6875229337276524
outer,nato_outer_o0__train_strict_core__test_strict_core,0,siamese,deterministic_edge_triplet,derivative_1,triplet,2718,session3_row11,ethanol,4_ANPP,-0.1765409409999847,True,False,Pendar-2,H_SERS_H_Kit,,,ethanol,strict_core,0.6053590666178913
outer,nato_outer_o0__train_strict_core__test_strict_core,0,siamese,deterministic_edge_triplet,derivative_1,triplet,2718,session3_row15,ethanol,ethanol,-0.158355563879013,True,True,Pendar-2,H_SERS_H_Kit,,,ethanol,strict_core,0.6159080418084355
outer,nato_outer_o0__train_strict_core__test_strict_core,0,siamese,deterministic_edge_triplet,derivative_1,triplet,2718,session3_row29,4_nitrophenol,4_nitrophenol,-0.2146412432193756,True,True,RMX-1,H_SERS_H_Kit,,,4_nitrophenol,strict_core,0.5829475288245264
outer,nato_outer_o0__train_strict_core__test_strict_core,0,siamese,deterministic_edge_triplet,derivative_1,triplet,2718,session3_row30,4_nitrophenol,4_nitrophenol,-0.1830755621194839,True,True,Mira-2,H_SERS_H_Kit,,,4_nitrophenol,strict_core,0.6015437926838673
outer,nato_outer_o0__train_strict_core__test_strict_core,0,siamese,deterministic_edge_triplet,derivative_1,triplet,2718,session3_row74,ethyl_paraoxon,ethyl_paraoxon,-0.1055919378995895,True,True,Pendar-2,H_SERS_H_Kit,,,ethyl_paraoxon,strict_core,0.6458742625405608
outer,nato_outer_o0__train_strict_core__test_strict_core,0,siamese,deterministic_edge_triplet,derivative_1,triplet,2718,session3_row84,ethyl_paraoxon,blank,-0.1864842027425766,True,False,Pendar-2,H_SERS_H_Kit,,,ethyl_paraoxon,strict_core,0.5995487018353495
outer,nato_outer_o0__train_strict_core__test_strict_core,0,siamese,deterministic_edge_triplet,derivative_1,triplet,2718,session3_row93,ethanol,ethanol,-0.2358437329530716,True,True,Pendar-2,H_SERS_H_Kit,,,ethanol,strict_core,0.570319180806779
outer,nato_outer_o0__train_strict_core__test_strict_core,0,siamese,deterministic_edge_triplet,derivative_1,triplet,2718,session3_row105,ethyl_paraoxon,ethyl_paraoxon,-0.0841382220387458,True,True,Mira-2,H_SERS_H_Kit,,,ethyl_paraoxon,strict_core,0.6577531356159532
outer,nato_outer_o0__train_strict_core__test_strict_core,0,siamese,deterministic_edge_triplet,derivative_1,triplet,2718,session3_row149,ethanol,ethanol,-0.1736500263214111,True,True,Mira-2,H_SERS_H_Kit,,,ethanol,strict_core,0.6070428849353996
outer,nato_outer_o0__train_strict_core__test_strict_core,0,siamese,deterministic_edge_triplet,derivative_1,triplet,2718,session3_row154,ethanol,ethanol,-0.0937495380640029,True,True,RMX-1,H_SERS_H_Kit,,,ethanol,strict_core,0.6524547435723197
outer,nato_outer_o0__train_strict_core__test_strict_core,0,siamese,deterministic_edge_triplet,derivative_1,triplet,2718,session3_row169,ethyl_paraoxon,ethyl_paraoxon,-0.0538944900035858,True,True,Mira-2,H_SERS_H_Kit,,,ethyl_paraoxon,strict_core,0.6741660579877544
outer,nato_outer_o0__train_strict_core__test_strict_core,0,siamese,deterministic_edge_triplet,derivative_1,triplet,2718,session3_row211,4_ANPP,benzyl_fentanyl,-0.0999336466193199,True,False,Mira-3,pSERS_Metrohm_silver,,,4_ANPP,strict_core,0.6490254870842108
outer,nato_outer_o0__train_strict_core__test_strict_core,0,siamese,deterministic_edge_triplet,derivative_1,triplet,2718,session3_row217,4_ANPP,4_ANPP,-0.1809315085411071,True,True,Pendar-1,pSERS_Metrohm_silver,,,4_ANPP,strict_core,0.6027969946113919
outer,nato_outer_o0__train_strict_core__test_strict_core,0,siamese,deterministic_edge_triplet,derivative_1,triplet,2718,session3_row224,benzyl_fentanyl,acetaminophen,-0.2560140788555145,True,False,Pendar-1,pSERS_Metrohm_silver,,,benzyl_fentanyl,strict_core,0.5582197737176345
outer,nato_outer_o0__train_strict_core__test_strict_core,0,siamese,deterministic_edge_triplet,derivative_1,triplet,2718,session3_row225,4_ANPP,4_ANPP,-0.0890090391039848,True,True,Mira-3,pSERS_Metrohm_silver,,,4_ANPP,strict_core,0.6550728364511552
outer,nato_outer_o0__train_strict_core__test_strict_core,0,siamese,deterministic_edge_triplet,derivative_1,triplet,2718,session3_row235,benzyl_fentanyl,benzyl_fentanyl,-0.0404017716646194,True,True,Mira-3,pSERS_Metrohm_silver,,,benzyl_fentanyl,strict_core,0.6813557432124412
outer,nato_outer_o0__train_strict_core__test_strict_core,0,siamese,deterministic_edge_triplet,derivative_1,triplet,2718,session3_row256,4_ANPP,4_ANPP,-0.0470689944922924,True,True,Agilent-1,pSERS_Metrohm_silver,,,4_ANPP,strict_core,0.6778135869811501
outer,nato_outer_o0__train_strict_core__test_strict_core,0,siamese,deterministic_edge_triplet,derivative_1,triplet,2718,session3_row259,blank,blank,-0.0870111584663391,True,True,Agilent-1,pSERS_Metrohm_silver,,,blank,strict_core,0.6561734293333398
outer,nato_outer_o0__train_strict_core__test_strict_core,0,siamese,deterministic_edge_triplet,derivative_1,triplet,2718,session3_row263,blank,acetaminophen,-0.3025809526443481,True,False,Pendar-1,pSERS_Metrohm_silver,,,blank,strict_core,0.5300443704992891
outer,nato_outer_o0__train_strict_core__test_strict_core,0,siamese,deterministic_edge_triplet,derivative_1,triplet,2718,session3_row268,benzyl_fentanyl,benzyl_fentanyl,-0.182945117354393,True,True,Agilent-1,pSERS_Metrohm_silver,,,benzyl_fentanyl,strict_core,0.6016200760172188
outer,nato_outer_o0__train_strict_core__test_strict_core,0,siamese,deterministic_edge_triplet,derivative_1,triplet,2718,session3_row277,blank,4_ANPP,-0.0585781261324882,True,False,Pendar-1,pSERS_Metrohm_silver,,,blank,strict_core,0.6716508375688951
outer,nato_outer_o0__train_strict_core__test_strict_core,0,siamese,deterministic_edge_triplet,derivative_1,triplet,2718,session3_row286,blank,ethyl_paraoxon,-0.0529229082167148,True,False,Agilent-1,pSERS_Metrohm_silver,,,blank,strict_core,0.6746865718473942
outer,nato_outer_o0__train_strict_core__test_strict_core,0,siamese,deterministic_edge_triplet,derivative_1,triplet,2718,session3_row289,blank,4_nitrophenol,-0.2232554852962494,True,False,Mira-3,pSERS_Metrohm_silver,,,blank,strict_core,0.5778289638738089
outer,nato_outer_o0__train_strict_core__test_strict_core,0,siamese,deterministic_edge_triplet,derivative_1,triplet,2718,session3_row296,blank,acetaminophen,-0.3025215566158294,True,False,Pendar-1,NRC_Canadian_SERS,,,blank,strict_core,0.5300804693851098
outer,nato_outer_o0__train_strict_core__test_strict_core,0,siamese,deterministic_edge_triplet,derivative_1,triplet,2718,session3_row297,4_ANPP,4_ANPP,-0.2380504310131073,True,True,Pendar-1,NRC_Canadian_SERS,,,4_ANPP,strict_core,0.5689992855574453
outer,nato_outer_o0__train_strict_core__test_strict_core,0,siamese,deterministic_edge_triplet,derivative_1,triplet,2718,session3_row298,blank,ethyl_paraoxon,-0.2047563344240188,True,False,Pendar-1,NRC_Canadian_SERS,,,blank,strict_core,0.5887991077906228
outer,nato_outer_o0__train_strict_core__test_strict_core,0,siamese,deterministic_edge_triplet,derivative_1,triplet,2718,session3_row306,benzyl_fentanyl,acetaminophen,-0.1959673911333084,True,False,Pendar-1,NRC_Canadian_SERS,,,benzyl_fentanyl,strict_core,0.5939809506942864
outer,nato_outer_o0__train_strict_core__test_strict_core,0,siamese,deterministic_edge_triplet,derivative_1,triplet,2718,session3_row312,blank,acetaminophen,-0.1622745990753173,True,False,Pendar-1,NRC_Canadian_SERS,,,blank,strict_core,0.6136435135708774
outer,nato_outer_o0__train_strict_core__test_strict_core,0,siamese,deterministic_edge_triplet,derivative_1,triplet,2718,session3_row315,benzyl_fentanyl,blank,-0.1068368703126907,True,False,Mira-3,NRC_Canadian_SERS,,,benzyl_fentanyl,strict_core,0.6451792180812336
outer,nato_outer_o0__train_strict_core__test_strict_core,0,siamese,deterministic_edge_triplet,derivative_1,triplet,2718,session3_row322,blank,blank,-0.3269650638103485,True,True,Mira-3,NRC_Canadian_SERS,,,blank,strict_core,0.5152023204728783
outer,nato_outer_o0__train_strict_core__test_strict_core,0,siamese,deterministic_edge_triplet,derivative_1,triplet,2718,session3_row323,4_ANPP,blank,-0.0716035887598991,True,False,Mira-3,NRC_Canadian_SERS,,,4_ANPP,strict_core,0.6646042198019058
outer,nato_outer_o0__train_strict_core__test_strict_core,0,siamese,deterministic_edge_triplet,derivative_1,triplet,2718,session3_row324,blank,blank,-0.3955104053020477,True,True,Mira-3,NRC_Canadian_SERS,,,blank,strict_core,0.4734214119140248
outer,nato_outer_o0__train_strict_core__test_strict_core,0,siamese,deterministic_edge_triplet,derivative_1,triplet,2718,session3_row330,4_ANPP,4_ANPP,-0.1974166929721832,True,True,Pendar-1,pSERS_Metrohm_silver,,,4_ANPP,strict_core,0.5931278685146418
outer,nato_outer_o0__train_strict_core__test_strict_core,0,siamese,deterministic_edge_triplet,derivative_1,triplet,2718,session3_row331,blank,ethyl_paraoxon,-0.1258746087551117,True,False,Pendar-1,pSERS_Metrohm_silver,,,blank,strict_core,0.6344755168836635
outer,nato_outer_o0__train_strict_core__test_strict_core,0,siamese,deterministic_edge_triplet,derivative_1,triplet,2718,session3_row334,benzyl_fentanyl,benzyl_fentanyl,-0.398008644580841,True,True,Pendar-1,pSERS_Metrohm_silver,,,benzyl_fentanyl,strict_core,0.4719021151026114
outer,nato_outer_o0__train_strict_core__test_strict_core,0,siamese,deterministic_edge_triplet,derivative_1,triplet,2718,session3_row347,blank,acetaminophen,-0.1609067022800445,True,False,Pendar-1,pSERS_Metrohm_silver,,,blank,strict_core,0.6144344868165772
outer,nato_outer_o0__train_strict_core__test_strict_core,0,siamese,deterministic_edge_triplet,derivative_1,triplet,2718,session3_row457,benzyl_fentanyl,benzyl_fentanyl,-0.0304295942187309,True,True,Pendar-3,pSERS_Metrohm_silver,,,benzyl_fentanyl,strict_core,0.6866147744347398
outer,nato_outer_o0__train_strict_core__test_strict_core,0,siamese,deterministic_edge_triplet,derivative_1,triplet,2718,session3_row458,benzyl_fentanyl,benzyl_fentanyl,-0.1031926721334457,True,True,RMX-2,pSERS_Metrohm_silver,,,benzyl_fentanyl,strict_core,0.6472120314126019
outer,nato_outer_o0__train_strict_core__test_strict_core,0,siamese,deterministic_edge_triplet,derivative_1,triplet,2718,session3_row461,4_ANPP,4_ANPP,-0.1577174961566925,True,True,Pendar-3,pSERS_Metrohm_silver,,,4_ANPP,strict_core,0.6162762628623382
outer,nato_outer_o0__train_strict_core__test_strict_core,0,siamese,deterministic_edge_triplet,derivative_1,triplet,2718,session3_row462,4_ANPP,4_ANPP,-0.083876334130764,True,True,RMX-2,pSERS_Metrohm_silver,,,4_ANPP,strict_core,0.657896963556371
outer,nato_outer_o0__train_strict_core__test_strict_core,0,siamese,deterministic_edge_triplet,derivative_1,triplet,2718,session3_row465,benzyl_fentanyl,benzyl_fentanyl,-0.0213493388146162,True,True,Pendar-3,pSERS_Metrohm_silver,,,benzyl_fentanyl,strict_core,0.6913621040564757
outer,nato_outer_o0__train_strict_core__test_strict_core,0,siamese,deterministic_edge_triplet,derivative_1,triplet,2718,session3_row466,benzyl_fentanyl,benzyl_fentanyl,-0.1183114573359489,True,True,RMX-2,pSERS_Metrohm_silver,,,benzyl_fentanyl,strict_core,0.6387444040191463
outer,nato_outer_o0__train_strict_core__test_strict_core,0,siamese,deterministic_edge_triplet,derivative_1,triplet,2718,session3_row469,benzyl_fentanyl,benzyl_fentanyl,-0.014149647206068,True,True,Mira-1,pSERS_Metrohm_silver,,,benzyl_fentanyl,strict_core,0.6950977811687291
outer,nato_outer_o0__train_strict_core__test_strict_core,0,siamese,deterministic_edge_triplet,derivative_1,triplet,2718,session3_row470,benzyl_fentanyl,benzyl_fentanyl,-0.0670194700360298,True,True,Agilent-3,pSERS_Metrohm_silver,,,benzyl_fentanyl,strict_core,0.6670927470626694
outer,nato_outer_o0__train_strict_core__test_strict_core,0,siamese,deterministic_edge_triplet,derivative_1,triplet,2718,session3_row473,4_ANPP,4_ANPP,-0.0965873450040817,True,True,Mira-1,pSERS_Metrohm_silver,,,4_ANPP,strict_core,0.650883039623782
outer,nato_outer_o0__train_strict_core__test_strict_core,0,siamese,deterministic_edge_triplet,derivative_1,triplet,2718,session3_row474,4_ANPP,4_ANPP,-0.0663865804672241,True,True,Agilent-3,pSERS_Metrohm_silver,,,4_ANPP,strict_core,0.6674355894294709
outer,nato_outer_o0__train_strict_core__test_strict_core,0,siamese,deterministic_edge_triplet,derivative_1,triplet,2718,session3_row477,benzyl_fentanyl,benzyl_fentanyl,-0.0169388856738805,True,True,Mira-1,pSERS_Metrohm_silver,,,benzyl_fentanyl,strict_core,0.6936535501777774
outer,nato_outer_o0__train_strict_core__test_strict_core,0,siamese,deterministic_edge_triplet,derivative_1,triplet,2718,session3_row478,benzyl_fentanyl,benzyl_fentanyl,-0.0938470885157585,True,True,Agilent-3,pSERS_Metrohm_silver,,,benzyl_fentanyl,strict_core,0.652400770641702
outer,nato_outer_o0__train_strict_core__test_strict_core,0,siamese,deterministic_edge_triplet,derivative_1,triplet,2718,session3_row479,acetaminophen,acetaminophen,-0.2510095536708832,True,True,Mira-1,pSERS_Metrohm_silver,,,acetaminophen,strict_core,0.5612288247302548
outer,nato_outer_o0__train_strict_core__test_strict_core,0,siamese,deterministic_edge_triplet,derivative_1,triplet,2718,session3_row480,acetaminophen,4_ANPP,-0.1184076070785522,True,False,Agilent-3,pSERS_Metrohm_silver,,,acetaminophen,strict_core,0.6386902696411417
outer,nato_outer_o0__train_strict_core__test_strict_core,0,siamese,deterministic_edge_triplet,derivative_1,triplet,2718,session3_row481,acetaminophen,acetaminophen,-0.0319687202572822,True,True,Mira-1,pSERS_Metrohm_silver,,,acetaminophen,strict_core,0.6858061646473317
outer,nato_outer_o0__train_strict_core__test_strict_core,0,siamese,deterministic_edge_triplet,derivative_1,triplet,2718,session3_row482,acetaminophen,acetaminophen,-0.0553539544343948,True,True,Agilent-3,pSERS_Metrohm_silver,,,acetaminophen,strict_core,0.6733833587852753
outer,nato_outer_o0__train_strict_core__test_strict_core,0,siamese,deterministic_edge_triplet,derivative_1,triplet,2718,session3_row483,acetaminophen,acetaminophen,-0.2473920136690139,True,True,Pendar-3,pSERS_Metrohm_silver,,,acetaminophen,strict_core,0.5634011414237626
outer,nato_outer_o0__train_strict_core__test_strict_core,0,siamese,deterministic_edge_triplet,derivative_1,triplet,2718,session3_row484,acetaminophen,4_ANPP,-0.2006428092718124,True,False,RMX-2,pSERS_Metrohm_silver,,,acetaminophen,strict_core,0.5912269140136411
outer,nato_outer_o0__train_strict_core__test_strict_core,0,siamese,deterministic_edge_triplet,derivative_1,triplet,2718,session3_row485,acetaminophen,acetaminophen,-0.1336448043584823,True,True,Pendar-3,pSERS_Metrohm_silver,,,acetaminophen,strict_core,0.6300676540555159
outer,nato_outer_o0__train_strict_core__test_strict_core,0,siamese,deterministic_edge_triplet,derivative_1,triplet,2718,session3_row486,acetaminophen,ethyl_paraoxon,-0.189631849527359,True,False,RMX-2,pSERS_Metrohm_silver,,,acetaminophen,strict_core,0.5977034341199144
outer,nato_outer_o0__train_strict_core__test_strict_core,0,siamese,deterministic_edge_triplet,derivative_1,triplet,2718,session3_row497,acetaminophen,acetaminophen,-0.2299524247646331,True,True,Mira-1,pSERS_Metrohm_silver,,,acetaminophen,strict_core,0.5738380138761955
outer,nato_outer_o0__train_strict_core__test_strict_core,0,siamese,deterministic_edge_triplet,derivative_1,triplet,2718,session3_row498,acetaminophen,benzyl_fentanyl,-0.2448534220457077,True,False,Mira-1,pSERS_Metrohm_silver,,,acetaminophen,strict_core,0.5649241083069355
outer,nato_outer_o0__train_strict_core__test_strict_core,0,siamese,deterministic_edge_triplet,derivative_1,triplet,3141,session1_row31,blank,benzyl_fentanyl,-0.6729735732078552,True,False,Mira-3,pSERS_Metrohm_silver,,,blank,strict_core,0.2930609257853855
outer,nato_outer_o0__train_strict_core__test_strict_core,0,siamese,deterministic_edge_triplet,derivative_1,triplet,3141,session1_row33,4_ANPP,benzyl_fentanyl,-0.4007343649864197,True,False,Mira-3,pSERS_Metrohm_silver,,,4_ANPP,strict_core,0.5028704175258703
outer,nato_outer_o0__train_strict_core__test_strict_core,0,siamese,deterministic_edge_triplet,derivative_1,triplet,3141,session1_row36,blank,blank,-0.4331397414207458,True,True,Agilent-3,pSERS_Metrohm_silver,,,blank,strict_core,0.4763424662885455
outer,nato_outer_o0__train_strict_core__test_strict_core,0,siamese,deterministic_edge_triplet,derivative_1,triplet,3141,session1_row37,4_ANPP,blank,-0.4800538420677185,True,False,Agilent-3,pSERS_Metrohm_silver,,,4_ANPP,strict_core,0.43821139473166504
outer,nato_outer_o0__train_strict_core__test_strict_core,0,siamese,deterministic_edge_triplet,derivative_1,triplet,3141,session1_row38,4_ANPP,4_ANPP,-0.428553819656372,True,True,Agilent-3,pSERS_Metrohm_silver,,,4_ANPP,strict_core,0.4800919890949005
outer,nato_outer_o0__train_strict_core__test_strict_core,0,siamese,deterministic_edge_triplet,derivative_1,triplet,3141,session1_row50,benzyl_fentanyl,benzyl_fentanyl,-0.3432416617870331,True,True,Agilent-3,pSERS_Metrohm_silver,,,benzyl_fentanyl,strict_core,0.5498013349653676
outer,nato_outer_o0__train_strict_core__test_strict_core,0,siamese,deterministic_edge_triplet,derivative_1,triplet,3141,session1_row54,benzyl_fentanyl,benzyl_fentanyl,-0.6168415546417236,True,True,Mira-3,pSERS_Metrohm_silver,,,benzyl_fentanyl,strict_core,0.33255843140762553
outer,nato_outer_o0__train_strict_core__test_strict_core,0,siamese,deterministic_edge_triplet,derivative_1,triplet,3141,session1_row64,benzyl_fentanyl,benzyl_fentanyl,-0.3228675127029419,True,True,Mira-3,pSERS_Metrohm_silver,,,benzyl_fentanyl,strict_core,0.5662648926342068
outer,nato_outer_o0__train_strict_core__test_strict_core,0,siamese,deterministic_edge_triplet,derivative_1,triplet,3141,session1_row65,benzyl_fentanyl,benzyl_fentanyl,-0.5228516459465027,True,True,Pendar-2,pSERS_Metrohm_silver,,,benzyl_fentanyl,strict_core,0.40403999368831683
outer,nato_outer_o0__train_strict_core__test_strict_core,0,siamese,deterministic_edge_triplet,derivative_1,triplet,3141,session1_row177,4_nitrophenol,ethanol,-0.350642055273056,True,False,Pendar-2,H_SERS_H_Kit,,,4_nitrophenol,strict_core,0.5437922998659063
outer,nato_outer_o0__train_strict_core__test_strict_core,0,siamese,deterministic_edge_triplet,derivative_1,triplet,3141,session1_row181,ethanol,ethanol,-0.4477348029613495,True,True,Pendar-2,H_SERS_H_Kit,,,ethanol,strict_core,0.46442907790095084
outer,nato_outer_o0__train_strict_core__test_strict_core,0,siamese,deterministic_edge_triplet,derivative_1,triplet,3141,session1_row188,4_nitrophenol,4_nitrophenol,-0.2176594585180282,True,True,Pendar-2,H_SERS_H_Kit,,,4_nitrophenol,strict_core,0.6482516662784533
outer,nato_outer_o0__train_strict_core__test_strict_core,0,siamese,deterministic_edge_triplet,derivative_1,triplet,3141,session1_row191,4_nitrophenol,4_nitrophenol,-0.1301994025707245,True,True,RMX-1,H_SERS_H_Kit,,,4_nitrophenol,strict_core,0.7105266575774241
outer,nato_outer_o0__train_strict_core__test_strict_core,0,siamese,deterministic_edge_triplet,derivative_1,triplet,3141,session1_row202,4_nitrophenol,4_nitrophenol,-0.3241463601589203,True,True,Pendar-2,GaN_polymer,,,4_nitrophenol,strict_core,0.5652354091331553
outer,nato_outer_o0__train_strict_core__test_strict_core,0,siamese,deterministic_edge_triplet,derivative_1,triplet,3141,session1_row204,4_nitrophenol,4_nitrophenol,-0.1057009622454643,True,True,Pendar-2,GaN_polymer,,,4_nitrophenol,strict_core,0.7267543372626538
outer,nato_outer_o0__train_strict_core__test_strict_core,0,siamese,deterministic_edge_triplet,derivative_1,triplet,3141,session1_row223,4_nitrophenol,4_nitrophenol,-0.1425102055072784,True,True,Mira-2,H_SERS_H_Kit,,,4_nitrophenol,strict_core,0.702159916108778
outer,nato_outer_o0__train_strict_core__test_strict_core,0,siamese,deterministic_edge_triplet,derivative_1,triplet,3141,session1_row227,ethanol,4_nitrophenol,-0.2291729748249054,True,False,Mira-2,H_SERS_H_Kit,,,ethanol,strict_core,0.639601904284351
outer,nato_outer_o0__train_strict_core__test_strict_core,0,siamese,deterministic_edge_triplet,derivative_1,triplet,3141,session1_row230,4_nitrophenol,4_nitrophenol,-0.1803993582725525,True,True,Mira-2,GaN_polymer,,,4_nitrophenol,strict_core,0.6755625834003169
outer,nato_outer_o0__train_strict_core__test_strict_core,0,siamese,deterministic_edge_triplet,derivative_1,triplet,3141,session1_row231,4_nitrophenol,4_nitrophenol,-0.1990978121757507,True,True,Mira-2,GaN_polymer,,,4_nitrophenol,strict_core,0.6619920098571939
outer,nato_outer_o0__train_strict_core__test_strict_core,0,siamese,deterministic_edge_triplet,derivative_1,triplet,3141,session1_row239,4_nitrophenol,4_nitrophenol,-0.1249580606818199,True,True,Agilent-3,H_SERS_H_Kit,,,4_nitrophenol,strict_core,0.7140462294724896
outer,nato_outer_o0__train_strict_core__test_strict_core,0,siamese,deterministic_edge_triplet,derivative_1,triplet,3141,session1_row242,4_nitrophenol,acetaminophen,-0.4544309377670288,True,False,Agilent-3,GaN_polymer,,,4_nitrophenol,strict_core,0.45897601119693104
outer,nato_outer_o0__train_strict_core__test_strict_core,0,siamese,deterministic_edge_triplet,derivative_1,triplet,3141,session1_row243,4_nitrophenol,4_nitrophenol,-0.1040324494242668,True,True,Agilent-3,GaN_polymer,,,4_nitrophenol,strict_core,0.7278386829809631
outer,nato_outer_o0__train_strict_core__test_strict_core,0,siamese,deterministic_edge_triplet,derivative_1,triplet,3141,session1_row257,ethyl_paraoxon,ethyl_paraoxon,-0.1300147324800491,True,True,Mira-2,H_SERS_H_Kit,,,ethyl_paraoxon,strict_core,0.7106510994790173
outer,nato_outer_o0__train_strict_core__test_strict_core,0,siamese,deterministic_edge_triplet,derivative_1,triplet,3141,session1_row261,ethyl_paraoxon,ethyl_paraoxon,-0.1799220144748687,True,True,Pendar-2,H_SERS_H_Kit,,,ethyl_paraoxon,strict_core,0.6759053077306979
outer,nato_outer_o0__train_strict_core__test_strict_core,0,siamese,deterministic_edge_triplet,derivative_1,triplet,3141,session2_row39,4_ANPP,4_ANPP,-0.1396362632513046,True,True,Pendar-3,pSERS_Metrohm_silver,,,4_ANPP,strict_core,0.7041255583277608
outer,nato_outer_o0__train_strict_core__test_strict_core,0,siamese,deterministic_edge_triplet,derivative_1,triplet,3141,session2_row40,4_ANPP,4_ANPP,-0.1396362632513046,True,True,Mira-3,pSERS_Metrohm_silver,,,4_ANPP,strict_core,0.7041255583277608
outer,nato_outer_o0__train_strict_core__test_strict_core,0,siamese,deterministic_edge_triplet,derivative_1,triplet,3141,session2_row41,blank,blank,-0.263327807188034,True,True,Mira-3,pSERS_Metrohm_silver,,,blank,strict_core,0.6134225160956372
outer,nato_outer_o0__train_strict_core__test_strict_core,0,siamese,deterministic_edge_triplet,derivative_1,triplet,3141,session2_row42,blank,ethanol,-0.6566421985626221,True,False,Pendar-3,pSERS_Metrohm_silver,,,blank,strict_core,0.30426898707108113
outer,nato_outer_o0__train_strict_core__test_strict_core,0,siamese,deterministic_edge_triplet,derivative_1,triplet,3141,session2_row47,benzyl_fentanyl,benzyl_fentanyl,-0.1895779222249984,True,True,Pendar-3,pSERS_Metrohm_silver,,,benzyl_fentanyl,strict_core,0.6689362388978904
outer,nato_outer_o0__train_strict_core__test_strict_core,0,siamese,deterministic_edge_triplet,derivative_1,triplet,3141,session2_row48,benzyl_fentanyl,benzyl_fentanyl,-0.1991558521986007,True,True,Mira-3,pSERS_Metrohm_silver,,,benzyl_fentanyl,strict_core,0.6619494542171412
outer,nato_outer_o0__train_strict_core__test_strict_core,0,siamese,deterministic_edge_triplet,derivative_1,triplet,3141,session2_row90,blank,blank,-0.3960518538951874,True,True,Mira-3,pSERS_Metrohm_silver,,,blank,strict_core,0.5067058410142795
outer,nato_outer_o0__train_strict_core__test_strict_core,0,siamese,deterministic_edge_triplet,derivative_1,triplet,3141,session2_row91,blank,blank,-0.3811986744403839,True,True,Pendar-3,pSERS_Metrohm_silver,,,blank,strict_core,0.5188646312887026
outer,nato_outer_o0__train_strict_core__test_strict_core,0,siamese,deterministic_edge_triplet,derivative_1,triplet,3141,session2_row111,4_ANPP,4_ANPP,-0.2165305465459823,True,True,Agilent-3,pSERS_Metrohm_silver,,,4_ANPP,strict_core,0.6490946780376514
outer,nato_outer_o0__train_strict_core__test_strict_core,0,siamese,deterministic_edge_triplet,derivative_1,triplet,3141,session2_row112,blank,blank,-0.1564330756664276,True,True,Agilent-3,pSERS_Metrohm_silver,,,blank,strict_core,0.6925319984311663
outer,nato_outer_o0__train_strict_core__test_strict_core,0,siamese,deterministic_edge_triplet,derivative_1,triplet,3141,session2_row115,benzyl_fentanyl,benzyl_fentanyl,-0.3486844897270202,True,True,Agilent-3,pSERS_Metrohm_silver,,,benzyl_fentanyl,strict_core,0.5453831342620677
outer,nato_outer_o0__train_strict_core__test_strict_core,0,siamese,deterministic_edge_triplet,derivative_1,triplet,3141,session2_row120,blank,blank,-0.1348812282085418,True,True,Agilent-3,pSERS_Metrohm_silver,,,blank,strict_core,0.707361196322933
outer,nato_outer_o0__train_strict_core__test_strict_core,0,siamese,deterministic_edge_triplet,derivative_1,triplet,3141,session2_row190,benzyl_fentanyl,benzyl_fentanyl,-0.1327273547649383,True,True,Pendar-2,pSERS_Metrohm_silver,,,benzyl_fentanyl,strict_core,0.708819986643449
outer,nato_outer_o0__train_strict_core__test_strict_core,0,siamese,deterministic_edge_triplet,derivative_1,triplet,3141,session2_row195,4_ANPP,4_ANPP,-0.4151198267936706,True,True,Pendar-2,pSERS_Metrohm_silver,,,4_ANPP,strict_core,0.49108718860484335
outer,nato_outer_o0__train_strict_core__test_strict_core,0,siamese,deterministic_edge_triplet,derivative_1,triplet,3141,session2_row202,4_ANPP,4_ANPP,-0.1329701244831085,True,True,RMX-2,pSERS_Metrohm_silver,,,4_ANPP,strict_core,0.7086557762600855
outer,nato_outer_o0__train_strict_core__test_strict_core,0,siamese,deterministic_edge_triplet,derivative_1,triplet,3141,session2_row203,4_ANPP,4_ANPP,-0.140185922384262,True,True,RMX-2,pSERS_Metrohm_silver,,,4_ANPP,strict_core,0.7037501991444852
outer,nato_outer_o0__train_strict_core__test_strict_core,0,siamese,deterministic_edge_triplet,derivative_1,triplet,3141,session2_row207,benzyl_fentanyl,benzyl_fentanyl,-0.1807948648929596,True,True,RMX-2,pSERS_Metrohm_silver,,,benzyl_fentanyl,strict_core,0.675278474066974
outer,nato_outer_o0__train_strict_core__test_strict_core,0,siamese,deterministic_edge_triplet,derivative_1,triplet,3141,session2_row213,benzyl_fentanyl,benzyl_fentanyl,-0.1653504967689514,True,True,RMX-2,pSERS_Metrohm_silver,,,benzyl_fentanyl,strict_core,0.6862754537217552
outer,nato_outer_o0__train_strict_core__test_strict_core,0,siamese,deterministic_edge_triplet,derivative_1,triplet,3141,session2_row215,acetaminophen,acetaminophen,-0.4136273562908172,True,True,RMX-2,pSERS_Metrohm_silver,,,acetaminophen,strict_core,0.49230944486064143
outer,nato_outer_o0__train_strict_core__test_strict_core,0,siamese,deterministic_edge_triplet,derivative_1,triplet,3141,session2_row216,acetaminophen,acetaminophen,-0.3041726648807525,True,True,RMX-2,pSERS_Metrohm_silver,,,acetaminophen,strict_core,0.5812447629472434
outer,nato_outer_o0__train_strict_core__test_strict_core,0,siamese,deterministic_edge_triplet,derivative_1,triplet,3141,session2_row218,acetaminophen,acetaminophen,-0.3244865536689758,True,True,RMX-2,pSERS_Metrohm_silver,,,acetaminophen,strict_core,0.5649614551952608
outer,nato_outer_o0__train_strict_core__test_strict_core,0,siamese,deterministic_edge_triplet,derivative_1,triplet,3141,session2_row223,acetaminophen,blank,-0.4719112813472748,True,False,Pendar-2,pSERS_Metrohm_silver,,,acetaminophen,strict_core,0.44479016629084495
outer,nato_outer_o0__train_strict_core__test_strict_core,0,siamese,deterministic_edge_triplet,derivative_1,triplet,3141,session2_row225,acetaminophen,acetaminophen,-0.3034718632698059,True,True,Pendar-2,pSERS_Metrohm_silver,,,acetaminophen,strict_core,0.581803579997368
outer,nato_outer_o0__train_strict_core__test_strict_core,0,siamese,deterministic_edge_triplet,derivative_1,triplet,3141,session2_row229,benzyl_fentanyl,benzyl_fentanyl,-0.2338220477104187,True,True,Pendar-2,pSERS_Metrohm_silver,,,benzyl_fentanyl,strict_core,0.6360829696042115
outer,nato_outer_o0__train_strict_core__test_strict_core,0,siamese,deterministic_edge_triplet,derivative_1,triplet,3141,session2_row287,4_nitrophenol,4_nitrophenol,-0.0943022519350051,True,True,RMX-1,H_SERS_H_Kit,,,4_nitrophenol,strict_core,0.7341082816514436
outer,nato_outer_o0__train_strict_core__test_strict_core,0,siamese,deterministic_edge_triplet,derivative_1,triplet,3141,session2_row292,4_nitrophenol,4_nitrophenol,-0.1211869940161705,True,True,Agilent-3,H_SERS_H_Kit,,,4_nitrophenol,strict_core,0.7165625743862231
outer,nato_outer_o0__train_strict_core__test_strict_core,0,siamese,deterministic_edge_triplet,derivative_1,triplet,3141,session2_row293,4_nitrophenol,4_nitrophenol,-0.1411164999008178,True,True,Mira-2,H_SERS_H_Kit,,,4_nitrophenol,strict_core,0.7031140848161196
outer,nato_outer_o0__train_strict_core__test_strict_core,0,siamese,deterministic_edge_triplet,derivative_1,triplet,3141,session2_row299,4_nitrophenol,ethyl_paraoxon,-0.3376641571521759,True,False,RMX-1,NRC_Canadian_SERS,,,4_nitrophenol,strict_core,0.5543207186968889
outer,nato_outer_o0__train_strict_core__test_strict_core,0,siamese,deterministic_edge_triplet,derivative_1,triplet,3141,session2_row308,4_nitrophenol,4_nitrophenol,-0.4688790440559387,True,True,RMX-1,NRC_Canadian_SERS,,,4_nitrophenol,strict_core,0.4472451391399151
outer,nato_outer_o0__train_strict_core__test_strict_core,0,siamese,deterministic_edge_triplet,derivative_1,triplet,3141,session2_row315,4_nitrophenol,4_nitrophenol,-0.1506880670785904,True,True,Mira-2,NRC_Canadian_SERS,,,4_nitrophenol,strict_core,0.6965257674499636
outer,nato_outer_o0__train_strict_core__test_strict_core,0,siamese,deterministic_edge_triplet,derivative_1,triplet,3141,session2_row333,ethanol,ethanol,-0.5537037253379822,True,True,RMX-1,H_SERS_H_Kit,,,ethanol,strict_core,0.379951838515923
outer,nato_outer_o0__train_strict_core__test_strict_core,0,siamese,deterministic_edge_triplet,derivative_1,triplet,3141,session2_row335,ethanol,ethanol,-0.1195892766118049,True,True,Mira-2,H_SERS_H_Kit,,,ethanol,strict_core,0.7176246480643169
outer,nato_outer_o0__train_strict_core__test_strict_core,0,siamese,deterministic_edge_triplet,derivative_1,triplet,3141,session2_row338,ethanol,ethanol,-0.0435020811855793,True,True,Agilent-3,H_SERS_H_Kit,,,ethanol,strict_core,0.7653115692108604
outer,nato_outer_o0__train_strict_core__test_strict_core,0,siamese,deterministic_edge_triplet,derivative_1,triplet,3141,session2_row347,ethanol,ethyl_paraoxon,-0.4673897325992584,True,False,Mira-2,NRC_Canadian_SERS,,,ethanol,strict_core,0.4484518720265687
outer,nato_outer_o0__train_strict_core__test_strict_core,0,siamese,deterministic_edge_triplet,derivative_1,triplet,3141,session2_row355,ethanol,ethanol,-0.4655543267726898,True,True,Pendar-3,NRC_Canadian_SERS,,,ethanol,strict_core,0.4499398659939284
outer,nato_outer_o0__train_strict_core__test_strict_core,0,siamese,deterministic_edge_triplet,derivative_1,triplet,3141,session3_row3,4_nitrophenol,4_nitrophenol,-0.2267736196517944,True,True,Pendar-2,H_SERS_H_Kit,,,4_nitrophenol,strict_core,0.6414121794971918
outer,nato_outer_o0__train_strict_core__test_strict_core,0,siamese,deterministic_edge_triplet,derivative_1,triplet,3141,session3_row11,ethanol,4_nitrophenol,-0.7492236495018005,True,False,Pendar-2,H_SERS_H_Kit,,,ethanol,strict_core,0.24408499103795406
outer,nato_outer_o0__train_strict_core__test_strict_core,0,siamese,deterministic_edge_triplet,derivative_1,triplet,3141,session3_row15,ethanol,ethanol,-0.1691522002220153,True,True,Pendar-2,H_SERS_H_Kit,,,ethanol,strict_core,0.6835872327903731
outer,nato_outer_o0__train_strict_core__test_strict_core,0,siamese,deterministic_edge_triplet,derivative_1,triplet,3141,session3_row29,4_nitrophenol,4_nitrophenol,-0.1414596885442733,True,True,RMX-1,H_SERS_H_Kit,,,4_nitrophenol,strict_core,0.7028792924777644
outer,nato_outer_o0__train_strict_core__test_strict_core,0,siamese,deterministic_edge_triplet,derivative_1,triplet,3141,session3_row30,4_nitrophenol,4_nitrophenol,-0.2053655087947845,True,True,Mira-2,H_SERS_H_Kit,,,4_nitrophenol,strict_core,0.6573814243336192
outer,nato_outer_o0__train_strict_core__test_strict_core,0,siamese,deterministic_edge_triplet,derivative_1,triplet,3141,session3_row74,ethyl_paraoxon,blank,-0.4956337213516235,True,False,Pendar-2,H_SERS_H_Kit,,,ethyl_paraoxon,strict_core,0.425685886025751
outer,nato_outer_o0__train_strict_core__test_strict_core,0,siamese,deterministic_edge_triplet,derivative_1,triplet,3141,session3_row84,ethyl_paraoxon,acetaminophen,-0.4910352826118469,True,False,Pendar-2,H_SERS_H_Kit,,,ethyl_paraoxon,strict_core,0.4293736570670578
outer,nato_outer_o0__train_strict_core__test_strict_core,0,siamese,deterministic_edge_triplet,derivative_1,triplet,3141,session3_row93,ethanol,ethanol,-0.2076685130596161,True,True,Pendar-2,H_SERS_H_Kit,,,ethanol,strict_core,0.6556797613041933
outer,nato_outer_o0__train_strict_core__test_strict_core,0,siamese,deterministic_edge_triplet,derivative_1,triplet,3141,session3_row105,ethyl_paraoxon,ethyl_paraoxon,-0.1102530434727668,True,True,Mira-2,H_SERS_H_Kit,,,ethyl_paraoxon,strict_core,0.7237823245514625
outer,nato_outer_o0__train_strict_core__test_strict_core,0,siamese,deterministic_edge_triplet,derivative_1,triplet,3141,session3_row149,ethanol,ethanol,-0.1765777915716171,True,True,Mira-2,H_SERS_H_Kit,,,ethanol,strict_core,0.6783010979424963
outer,nato_outer_o0__train_strict_core__test_strict_core,0,siamese,deterministic_edge_triplet,derivative_1,triplet,3141,session3_row154,ethanol,ethanol,-0.1259753406047821,True,True,RMX-1,H_SERS_H_Kit,,,ethanol,strict_core,0.7133651329530812
outer,nato_outer_o0__train_strict_core__test_strict_core,0,siamese,deterministic_edge_triplet,derivative_1,triplet,3141,session3_row169,ethyl_paraoxon,ethyl_paraoxon,-0.0944686383008956,True,True,Mira-2,H_SERS_H_Kit,,,ethyl_paraoxon,strict_core,0.7340018490802543
outer,nato_outer_o0__train_strict_core__test_strict_core,0,siamese,deterministic_edge_triplet,derivative_1,triplet,3141,session3_row211,4_ANPP,benzyl_fentanyl,-0.153252974152565,True,False,Mira-3,pSERS_Metrohm_silver,,,4_ANPP,strict_core,0.6947463311132036
outer,nato_outer_o0__train_strict_core__test_strict_core,0,siamese,deterministic_edge_triplet,derivative_1,triplet,3141,session3_row217,4_ANPP,4_ANPP,-0.4465313851833343,True,True,Pendar-1,pSERS_Metrohm_silver,,,4_ANPP,strict_core,0.46541003413789683
outer,nato_outer_o0__train_strict_core__test_strict_core,0,siamese,deterministic_edge_triplet,derivative_1,triplet,3141,session3_row224,benzyl_fentanyl,blank,-0.4991490244865417,True,False,Pendar-1,pSERS_Metrohm_silver,,,benzyl_fentanyl,strict_core,0.42287229098842505
outer,nato_outer_o0__train_strict_core__test_strict_core,0,siamese,deterministic_edge_triplet,derivative_1,triplet,3141,session3_row225,4_ANPP,4_ANPP,-0.1396362632513046,True,True,Mira-3,pSERS_Metrohm_silver,,,4_ANPP,strict_core,0.7041255583277608
outer,nato_outer_o0__train_strict_core__test_strict_core,0,siamese,deterministic_edge_triplet,derivative_1,triplet,3141,session3_row235,benzyl_fentanyl,benzyl_fentanyl,-0.3006108403205871,True,True,Mira-3,pSERS_Metrohm_silver,,,benzyl_fentanyl,strict_core,0.5840827587961119
outer,nato_outer_o0__train_strict_core__test_strict_core,0,siamese,deterministic_edge_triplet,derivative_1,triplet,3141,session3_row256,4_ANPP,4_ANPP,-0.2280705124139785,True,True,Agilent-1,pSERS_Metrohm_silver,,,4_ANPP,strict_core,0.6404341911730042
outer,nato_outer_o0__train_strict_core__test_strict_core,0,siamese,deterministic_edge_triplet,derivative_1,triplet,3141,session3_row259,blank,blank,-0.2252576053142547,True,True,Agilent-1,pSERS_Metrohm_silver,,,blank,strict_core,0.6425539179856858
outer,nato_outer_o0__train_strict_core__test_strict_core,0,siamese,deterministic_edge_triplet,derivative_1,triplet,3141,session3_row263,blank,acetaminophen,-0.4666948020458221,True,False,Pendar-1,pSERS_Metrohm_silver,,,blank,strict_core,0.44901515667375763
outer,nato_outer_o0__train_strict_core__test_strict_core,0,siamese,deterministic_edge_triplet,derivative_1,triplet,3141,session3_row268,benzyl_fentanyl,benzyl_fentanyl,-0.1677107214927673,True,True,Agilent-1,pSERS_Metrohm_silver,,,benzyl_fentanyl,strict_core,0.6846079734241394
outer,nato_outer_o0__train_strict_core__test_strict_core,0,siamese,deterministic_edge_triplet,derivative_1,triplet,3141,session3_row277,blank,4_ANPP,-0.2039795070886612,True,False,Pendar-1,pSERS_Metrohm_silver,,,blank,strict_core,0.6584035811071464
outer,nato_outer_o0__train_strict_core__test_strict_core,0,siamese,deterministic_edge_triplet,derivative_1,triplet,3141,session3_row286,blank,blank,-0.3742779791355133,True,True,Agilent-1,pSERS_Metrohm_silver,,,blank,strict_core,0.5245231556276639
outer,nato_outer_o0__train_strict_core__test_strict_core,0,siamese,deterministic_edge_triplet,derivative_1,triplet,3141,session3_row289,blank,blank,-0.4652281105518341,True,True,Mira-3,pSERS_Metrohm_silver,,,blank,strict_core,0.450204429449747
outer,nato_outer_o0__train_strict_core__test_strict_core,0,siamese,deterministic_edge_triplet,derivative_1,triplet,3141,session3_row296,blank,blank,-0.5791056752204895,True,True,Pendar-1,NRC_Canadian_SERS,,,blank,strict_core,0.3605478353206066
outer,nato_outer_o0__train_strict_core__test_strict_core,0,siamese,deterministic_edge_triplet,derivative_1,triplet,3141,session3_row297,4_ANPP,blank,-0.6791287660598755,True,False,Pendar-1,NRC_Canadian_SERS,,,4_ANPP,strict_core,0.28889995633119664
outer,nato_outer_o0__train_strict_core__test_strict_core,0,siamese,deterministic_edge_triplet,derivative_1,triplet,3141,session3_row298,blank,ethanol,-0.4957000315189361,True,False,Pendar-1,NRC_Canadian_SERS,,,blank,strict_core,0.42563276721915116
outer,nato_outer_o0__train_strict_core__test_strict_core,0,siamese,deterministic_edge_triplet,derivative_1,triplet,3141,session3_row306,benzyl_fentanyl,blank,-0.5030788779258728,True,False,Pendar-1,NRC_Canadian_SERS,,,benzyl_fentanyl,strict_core,0.4197328172161081
outer,nato_outer_o0__train_strict_core__test_strict_core,0,siamese,deterministic_edge_triplet,derivative_1,triplet,3141,session3_row312,blank,blank,-0.4761349558830261,True,True,Pendar-1,NRC_Canadian_SERS,,,blank,strict_core,0.44137508856677454
outer,nato_outer_o0__train_strict_core__test_strict_core,0,siamese,deterministic_edge_triplet,derivative_1,triplet,3141,session3_row315,benzyl_fentanyl,ethyl_paraoxon,-0.4443362653255462,True,False,Mira-3,NRC_Canadian_SERS,,,benzyl_fentanyl,strict_core,0.46720005228915135
outer,nato_outer_o0__train_strict_core__test_strict_core,0,siamese,deterministic_edge_triplet,derivative_1,triplet,3141,session3_row322,blank,ethyl_paraoxon,-0.3639734387397766,True,False,Mira-3,NRC_Canadian_SERS,,,blank,strict_core,0.5329363019607334
outer,nato_outer_o0__train_strict_core__test_strict_core,0,siamese,deterministic_edge_triplet,derivative_1,triplet,3141,session3_row323,4_ANPP,acetaminophen,-0.5493404865264893,True,False,Mira-3,NRC_Canadian_SERS,,,4_ANPP,strict_core,0.38332578384119687
outer,nato_outer_o0__train_strict_core__test_strict_core,0,siamese,deterministic_edge_triplet,derivative_1,triplet,3141,session3_row324,blank,blank,-0.2492112815380096,True,True,Mira-3,NRC_Canadian_SERS,,,blank,strict_core,0.6243321704449893
outer,nato_outer_o0__train_strict_core__test_strict_core,0,siamese,deterministic_edge_triplet,derivative_1,triplet,3141,session3_row330,4_ANPP,4_ANPP,-0.1396362632513046,True,True,Pendar-1,pSERS_Metrohm_silver,,,4_ANPP,strict_core,0.7041255583277608
outer,nato_outer_o0__train_strict_core__test_strict_core,0,siamese,deterministic_edge_triplet,derivative_1,triplet,3141,session3_row331,blank,ethanol,-0.4605758786201477,True,False,Pendar-1,pSERS_Metrohm_silver,,,blank,strict_core,0.45398041384900195
outer,nato_outer_o0__train_strict_core__test_strict_core,0,siamese,deterministic_edge_triplet,derivative_1,triplet,3141,session3_row334,benzyl_fentanyl,benzyl_fentanyl,-0.3874644935131073,True,True,Pendar-1,pSERS_Metrohm_silver,,,benzyl_fentanyl,strict_core,0.5137373323328001
outer,nato_outer_o0__train_strict_core__test_strict_core,0,siamese,deterministic_edge_triplet,derivative_1,triplet,3141,session3_row347,blank,blank,-0.3010406494140625,True,True,Pendar-1,pSERS_Metrohm_silver,,,blank,strict_core,0.5837405865905306
outer,nato_outer_o0__train_strict_core__test_strict_core,0,siamese,deterministic_edge_triplet,derivative_1,triplet,3141,session3_row457,benzyl_fentanyl,benzyl_fentanyl,-0.3261131644248962,True,True,Pendar-3,pSERS_Metrohm_silver,,,benzyl_fentanyl,strict_core,0.5636510185697524
outer,nato_outer_o0__train_strict_core__test_strict_core,0,siamese,deterministic_edge_triplet,derivative_1,triplet,3141,session3_row458,benzyl_fentanyl,benzyl_fentanyl,-0.1154093742370605,True,True,RMX-2,pSERS_Metrohm_silver,,,benzyl_fentanyl,strict_core,0.7203917643328923
outer,nato_outer_o0__train_strict_core__test_strict_core,0,siamese,deterministic_edge_triplet,derivative_1,triplet,3141,session3_row461,4_ANPP,4_ANPP,-0.2037533819675445,True,True,Pendar-3,pSERS_Metrohm_silver,,,4_ANPP,strict_core,0.6585702059589539
outer,nato_outer_o0__train_strict_core__test_strict_core,0,siamese,deterministic_edge_triplet,derivative_1,triplet,3141,session3_row462,4_ANPP,4_ANPP,-0.0940373912453651,True,True,RMX-2,pSERS_Metrohm_silver,,,4_ANPP,strict_core,0.7342776493721301
outer,nato_outer_o0__train_strict_core__test_strict_core,0,siamese,deterministic_edge_triplet,derivative_1,triplet,3141,session3_row465,benzyl_fentanyl,benzyl_fentanyl,-0.182359904050827,True,True,Pendar-3,pSERS_Metrohm_silver,,,benzyl_fentanyl,strict_core,0.6741529747289257
outer,nato_outer_o0__train_strict_core__test_strict_core,0,siamese,deterministic_edge_triplet,derivative_1,triplet,3141,session3_row466,benzyl_fentanyl,benzyl_fentanyl,-0.2185505181550979,True,True,RMX-2,pSERS_Metrohm_silver,,,benzyl_fentanyl,strict_core,0.6475856165734624
outer,nato_outer_o0__train_strict_core__test_strict_core,0,siamese,deterministic_edge_triplet,derivative_1,triplet,3141,session3_row469,benzyl_fentanyl,benzyl_fentanyl,-0.1221120208501815,True,True,Mira-1,pSERS_Metrohm_silver,,,benzyl_fentanyl,strict_core,0.7159465655491611
outer,nato_outer_o0__train_strict_core__test_strict_core,0,siamese,deterministic_edge_triplet,derivative_1,triplet,3141,session3_row470,benzyl_fentanyl,benzyl_fentanyl,-0.2361075431108474,True,True,Agilent-3,pSERS_Metrohm_silver,,,benzyl_fentanyl,strict_core,0.6343476728830122
outer,nato_outer_o0__train_strict_core__test_strict_core,0,siamese,deterministic_edge_triplet,derivative_1,triplet,3141,session3_row473,4_ANPP,4_ANPP,-0.1171601265668869,True,True,Mira-1,pSERS_Metrohm_silver,,,4_ANPP,strict_core,0.7192347783107629
outer,nato_outer_o0__train_strict_core__test_strict_core,0,siamese,deterministic_edge_triplet,derivative_1,triplet,3141,session3_row474,4_ANPP,4_ANPP,-0.1750285327434539,True,True,Agilent-3,pSERS_Metrohm_silver,,,4_ANPP,strict_core,0.679407820310406
outer,nato_outer_o0__train_strict_core__test_strict_core,0,siamese,deterministic_edge_triplet,derivative_1,triplet,3141,session3_row477,benzyl_fentanyl,benzyl_fentanyl,-0.2045739144086837,True,True,Mira-1,pSERS_Metrohm_silver,,,benzyl_fentanyl,strict_core,0.6579653936171659
outer,nato_outer_o0__train_strict_core__test_strict_core,0,siamese,deterministic_edge_triplet,derivative_1,triplet,3141,session3_row478,benzyl_fentanyl,benzyl_fentanyl,-0.1835489571094513,True,True,Agilent-3,pSERS_Metrohm_silver,,,benzyl_fentanyl,strict_core,0.6732965205330855
outer,nato_outer_o0__train_strict_core__test_strict_core,0,siamese,deterministic_edge_triplet,derivative_1,triplet,3141,session3_row479,acetaminophen,acetaminophen,-0.2686220109462738,True,True,Mira-1,pSERS_Metrohm_silver,,,acetaminophen,strict_core,0.60930080235832
outer,nato_outer_o0__train_strict_core__test_strict_core,0,siamese,deterministic_edge_triplet,derivative_1,triplet,3141,session3_row480,acetaminophen,4_ANPP,-0.4555480480194092,True,False,Agilent-3,pSERS_Metrohm_silver,,,acetaminophen,strict_core,0.45806720075082397
outer,nato_outer_o0__train_strict_core__test_strict_core,0,siamese,deterministic_edge_triplet,derivative_1,triplet,3141,session3_row481,acetaminophen,acetaminophen,-0.3155898153781891,True,True,Mira-1,pSERS_Metrohm_silver,,,acetaminophen,strict_core,0.5721123677320331
outer,nato_outer_o0__train_strict_core__test_strict_core,0,siamese,deterministic_edge_triplet,derivative_1,triplet,3141,session3_row482,acetaminophen,acetaminophen,-0.2382512390613556,True,True,Agilent-3,pSERS_Metrohm_silver,,,acetaminophen,strict_core,0.6327168620577988
outer,nato_outer_o0__train_strict_core__test_strict_core,0,siamese,deterministic_edge_triplet,derivative_1,triplet,3141,session3_row483,acetaminophen,acetaminophen,-0.5201658606529236,True,True,Pendar-3,pSERS_Metrohm_silver,,,acetaminophen,strict_core,0.4061608601893946
outer,nato_outer_o0__train_strict_core__test_strict_core,0,siamese,deterministic_edge_triplet,derivative_1,triplet,3141,session3_row484,acetaminophen,4_ANPP,-0.4413894414901733,True,False,RMX-2,pSERS_Metrohm_silver,,,acetaminophen,strict_core,0.46960437014686246
outer,nato_outer_o0__train_strict_core__test_strict_core,0,siamese,deterministic_edge_triplet,derivative_1,triplet,3141,session3_row485,acetaminophen,acetaminophen,-0.4479089379310608,True,True,Pendar-3,pSERS_Metrohm_silver,,,acetaminophen,strict_core,0.4642871558035977
outer,nato_outer_o0__train_strict_core__test_strict_core,0,siamese,deterministic_edge_triplet,derivative_1,triplet,3141,session3_row486,acetaminophen,acetaminophen,-0.5597068667411804,True,True,RMX-2,pSERS_Metrohm_silver,,,acetaminophen,strict_core,0.3753287660541526
outer,nato_outer_o0__train_strict_core__test_strict_core,0,siamese,deterministic_edge_triplet,derivative_1,triplet,3141,session3_row497,acetaminophen,4_ANPP,-0.3989917635917663,True,False,Mira-1,pSERS_Metrohm_silver,,,acetaminophen,strict_core,0.5042978379745106
outer,nato_outer_o0__train_strict_core__test_strict_core,0,siamese,deterministic_edge_triplet,derivative_1,triplet,3141,session3_row498,acetaminophen,benzyl_fentanyl,-0.408167690038681,True,False,Mira-1,pSERS_Metrohm_silver,,,acetaminophen,strict_core,0.4967813025816613
outer,nato_outer_o0__train_quality_pass__test_quality_pass,0,siamese,deterministic_edge_triplet,derivative_1,triplet,1729,session1_row31,blank,4_ANPP,-0.4624031484127044,True,False,Mira-3,pSERS_Metrohm_silver,,,blank,quality_pass,0.583835161673704
outer,nato_outer_o0__train_quality_pass__test_quality_pass,0,siamese,deterministic_edge_triplet,derivative_1,triplet,1729,session1_row33,4_ANPP,acetaminophen,-0.4113475382328033,True,False,Mira-3,pSERS_Metrohm_silver,,,4_ANPP,quality_pass,0.6171921577993168
outer,nato_outer_o0__train_quality_pass__test_quality_pass,0,siamese,deterministic_edge_triplet,derivative_1,triplet,1729,session1_row36,blank,acetaminophen,-0.1580860614776611,True,False,Agilent-3,pSERS_Metrohm_silver,,,blank,quality_pass,0.762729536915161
outer,nato_outer_o0__train_quality_pass__test_quality_pass,0,siamese,deterministic_edge_triplet,derivative_1,triplet,1729,session1_row37,4_ANPP,acetaminophen,-0.1982742995023727,True,False,Agilent-3,pSERS_Metrohm_silver,,,4_ANPP,quality_pass,0.7423469618292412
outer,nato_outer_o0__train_quality_pass__test_quality_pass,0,siamese,deterministic_edge_triplet,derivative_1,triplet,1729,session1_row38,4_ANPP,acetaminophen,-0.381842702627182,True,False,Agilent-3,pSERS_Metrohm_silver,,,4_ANPP,quality_pass,0.635998541278451
outer,nato_outer_o0__train_quality_pass__test_quality_pass,0,siamese,deterministic_edge_triplet,derivative_1,triplet,1729,session1_row50,benzyl_fentanyl,benzyl_fentanyl,-0.1434493362903595,True,True,Agilent-3,pSERS_Metrohm_silver,,,benzyl_fentanyl,quality_pass,0.7698710356691988
outer,nato_outer_o0__train_quality_pass__test_quality_pass,0,siamese,deterministic_edge_triplet,derivative_1,triplet,1729,session1_row54,benzyl_fentanyl,benzyl_fentanyl,-0.4129043519496918,True,True,Mira-3,pSERS_Metrohm_silver,,,benzyl_fentanyl,quality_pass,0.6161894645732181
outer,nato_outer_o0__train_quality_pass__test_quality_pass,0,siamese,deterministic_edge_triplet,derivative_1,triplet,1729,session1_row64,benzyl_fentanyl,benzyl_fentanyl,-0.2347954362630844,True,True,Mira-3,pSERS_Metrohm_silver,,,benzyl_fentanyl,quality_pass,0.7228603652484151
outer,nato_outer_o0__train_quality_pass__test_quality_pass,0,siamese,deterministic_edge_triplet,derivative_1,triplet,1729,session1_row65,benzyl_fentanyl,4_ANPP,-0.2373529374599456,True,False,Pendar-2,pSERS_Metrohm_silver,,,benzyl_fentanyl,quality_pass,0.7214622047659401
outer,nato_outer_o0__train_quality_pass__test_quality_pass,0,siamese,deterministic_edge_triplet,derivative_1,triplet,1729,session1_row188,4_nitrophenol,4_nitrophenol,-0.0588777102530002,True,True,Pendar-2,H_SERS_H_Kit,,,4_nitrophenol,quality_pass,0.8081468347361438
outer,nato_outer_o0__train_quality_pass__test_quality_pass,0,siamese,deterministic_edge_triplet,derivative_1,triplet,1729,session1_row191,4_nitrophenol,4_nitrophenol,-0.0370918475091457,True,True,RMX-1,H_SERS_H_Kit,,,4_nitrophenol,quality_pass,0.8171823231272395
outer,nato_outer_o0__train_quality_pass__test_quality_pass,0,siamese,deterministic_edge_triplet,derivative_1,triplet,1729,session1_row223,4_nitrophenol,4_nitrophenol,-0.0632517859339714,True,True,Mira-2,H_SERS_H_Kit,,,4_nitrophenol,quality_pass,0.8062922223177987
outer,nato_outer_o0__train_quality_pass__test_quality_pass,0,siamese,deterministic_edge_triplet,derivative_1,triplet,1729,session1_row227,ethanol,blank,-0.3293077647686004,True,False,Mira-2,H_SERS_H_Kit,,,ethanol,quality_pass,0.6684491407144227
outer,nato_outer_o0__train_quality_pass__test_quality_pass,0,siamese,deterministic_edge_triplet,derivative_1,triplet,1729,session1_row230,4_nitrophenol,4_nitrophenol,-0.4314101338386535,True,True,Mira-2,GaN_polymer,,,4_nitrophenol,quality_pass,0.6041968801714388
outer,nato_outer_o0__train_quality_pass__test_quality_pass,0,siamese,deterministic_edge_triplet,derivative_1,triplet,1729,session1_row231,4_nitrophenol,4_nitrophenol,-0.2958927750587463,True,True,Mira-2,GaN_polymer,,,4_nitrophenol,quality_pass,0.688308693666992
outer,nato_outer_o0__train_quality_pass__test_quality_pass,0,siamese,deterministic_edge_triplet,derivative_1,triplet,1729,session1_row239,4_nitrophenol,4_nitrophenol,-0.0217963624745607,True,True,Agilent-3,H_SERS_H_Kit,,,4_nitrophenol,quality_pass,0.823326307592022
outer,nato_outer_o0__train_quality_pass__test_quality_pass,0,siamese,deterministic_edge_triplet,derivative_1,triplet,1729,session1_row242,4_nitrophenol,acetaminophen,-0.1810693889856338,True,False,Agilent-3,GaN_polymer,,,4_nitrophenol,quality_pass,0.751210861572317
outer,nato_outer_o0__train_quality_pass__test_quality_pass,0,siamese,deterministic_edge_triplet,derivative_1,triplet,1729,session1_row243,4_nitrophenol,4_nitrophenol,-0.0890744030475616,True,True,Agilent-3,GaN_polymer,,,4_nitrophenol,quality_pass,0.7950660140095084
outer,nato_outer_o0__train_quality_pass__test_quality_pass,0,siamese,deterministic_edge_triplet,derivative_1,triplet,1729,session1_row257,ethyl_paraoxon,ethyl_paraoxon,-0.0434323586523532,True,True,Mira-2,H_SERS_H_Kit,,,ethyl_paraoxon,quality_pass,0.8145872370229851
outer,nato_outer_o0__train_quality_pass__test_quality_pass,0,siamese,deterministic_edge_triplet,derivative_1,triplet,1729,session2_row39,4_ANPP,4_ANPP,-0.0652153491973877,True,True,Pendar-3,pSERS_Metrohm_silver,,,4_ANPP,quality_pass,0.805455251031564
outer,nato_outer_o0__train_quality_pass__test_quality_pass,0,siamese,deterministic_edge_triplet,derivative_1,triplet,1729,session2_row40,4_ANPP,4_ANPP,-0.0719217509031295,True,True,Mira-3,pSERS_Metrohm_silver,,,4_ANPP,quality_pass,0.8025759699313985
outer,nato_outer_o0__train_quality_pass__test_quality_pass,0,siamese,deterministic_edge_triplet,derivative_1,triplet,1729,session2_row41,blank,acetaminophen,-0.2041539400815963,True,False,Mira-3,pSERS_Metrohm_silver,,,blank,quality_pass,0.7392709502297015
outer,nato_outer_o0__train_quality_pass__test_quality_pass,0,siamese,deterministic_edge_triplet,derivative_1,triplet,1729,session2_row47,benzyl_fentanyl,benzyl_fentanyl,-0.3083900213241577,True,True,Pendar-3,pSERS_Metrohm_silver,,,benzyl_fentanyl,quality_pass,0.6809569787742908
outer,nato_outer_o0__train_quality_pass__test_quality_pass,0,siamese,deterministic_edge_triplet,derivative_1,triplet,1729,session2_row48,benzyl_fentanyl,benzyl_fentanyl,-0.1122256815433502,True,True,Mira-3,pSERS_Metrohm_silver,,,benzyl_fentanyl,quality_pass,0.7845966590051855
outer,nato_outer_o0__train_quality_pass__test_quality_pass,0,siamese,deterministic_edge_triplet,derivative_1,triplet,1729,session2_row90,blank,blank,-0.1426503956317901,True,True,Mira-3,pSERS_Metrohm_silver,,,blank,quality_pass,0.7702564816030766
outer,nato_outer_o0__train_quality_pass__test_quality_pass,0,siamese,deterministic_edge_triplet,derivative_1,triplet,1729,session2_row111,4_ANPP,4_ANPP,-0.1164605766534805,True,True,Agilent-3,pSERS_Metrohm_silver,,,4_ANPP,quality_pass,0.7826401576883453
outer,nato_outer_o0__train_quality_pass__test_quality_pass,0,siamese,deterministic_edge_triplet,derivative_1,triplet,1729,session2_row112,blank,blank,-0.0829792618751525,True,True,Agilent-3,pSERS_Metrohm_silver,,,blank,quality_pass,0.7977586830282147
outer,nato_outer_o0__train_quality_pass__test_quality_pass,0,siamese,deterministic_edge_triplet,derivative_1,triplet,1729,session2_row115,benzyl_fentanyl,benzyl_fentanyl,-0.1649952977895736,True,True,Agilent-3,pSERS_Metrohm_silver,,,benzyl_fentanyl,quality_pass,0.7593058057031796
outer,nato_outer_o0__train_quality_pass__test_quality_pass,0,siamese,deterministic_edge_triplet,derivative_1,triplet,1729,session2_row120,blank,blank,-0.0796817988157272,True,True,Agilent-3,pSERS_Metrohm_silver,,,blank,quality_pass,0.7992043660531968
outer,nato_outer_o0__train_quality_pass__test_quality_pass,0,siamese,deterministic_edge_triplet,derivative_1,triplet,1729,session2_row195,4_ANPP,4_ANPP,-0.2664217948913574,True,True,Pendar-2,pSERS_Metrohm_silver,,,4_ANPP,quality_pass,0.7052704116753532
outer,nato_outer_o0__train_quality_pass__test_quality_pass,0,siamese,deterministic_edge_triplet,derivative_1,triplet,1729,session2_row202,4_ANPP,4_ANPP,-0.0730996429920196,True,True,RMX-2,pSERS_Metrohm_silver,,,4_ANPP,quality_pass,0.8020669577805871
outer,nato_outer_o0__train_quality_pass__test_quality_pass,0,siamese,deterministic_edge_triplet,derivative_1,triplet,1729,session2_row203,4_ANPP,4_ANPP,-0.0281173177063465,True,True,RMX-2,pSERS_Metrohm_silver,,,4_ANPP,quality_pass,0.8208071470761815
outer,nato_outer_o0__train_quality_pass__test_quality_pass,0,siamese,deterministic_edge_triplet,derivative_1,triplet,1729,session2_row207,benzyl_fentanyl,benzyl_fentanyl,-0.1368927210569381,True,True,RMX-2,pSERS_Metrohm_silver,,,benzyl_fentanyl,quality_pass,0.7730208402603508
outer,nato_outer_o0__train_quality_pass__test_quality_pass,0,siamese,deterministic_edge_triplet,derivative_1,triplet,1729,session2_row213,benzyl_fentanyl,benzyl_fentanyl,-0.3567061722278595,True,True,RMX-2,pSERS_Metrohm_silver,,,benzyl_fentanyl,quality_pass,0.6517016223106056
outer,nato_outer_o0__train_quality_pass__test_quality_pass,0,siamese,deterministic_edge_triplet,derivative_1,triplet,1729,session2_row215,acetaminophen,acetaminophen,-0.0896987095475196,True,True,RMX-2,pSERS_Metrohm_silver,,,acetaminophen,quality_pass,0.7947887152823365
outer,nato_outer_o0__train_quality_pass__test_quality_pass,0,siamese,deterministic_edge_triplet,derivative_1,triplet,1729,session2_row216,acetaminophen,acetaminophen,-0.1152868792414665,True,True,RMX-2,pSERS_Metrohm_silver,,,acetaminophen,quality_pass,0.7831836829842299
outer,nato_outer_o0__train_quality_pass__test_quality_pass,0,siamese,deterministic_edge_triplet,derivative_1,triplet,1729,session2_row218,acetaminophen,blank,-0.0756765007972717,True,False,RMX-2,pSERS_Metrohm_silver,,,acetaminophen,quality_pass,0.800949954230837
outer,nato_outer_o0__train_quality_pass__test_quality_pass,0,siamese,deterministic_edge_triplet,derivative_1,triplet,1729,session2_row223,acetaminophen,acetaminophen,-0.078277088701725,True,True,Pendar-2,pSERS_Metrohm_silver,,,acetaminophen,quality_pass,0.7998178682894459
outer,nato_outer_o0__train_quality_pass__test_quality_pass,0,siamese,deterministic_edge_triplet,derivative_1,triplet,1729,session2_row229,benzyl_fentanyl,benzyl_fentanyl,-0.1167627573013305,True,True,Pendar-2,pSERS_Metrohm_silver,,,benzyl_fentanyl,quality_pass,0.782500062231625
outer,nato_outer_o0__train_quality_pass__test_quality_pass,0,siamese,deterministic_edge_triplet,derivative_1,triplet,1729,session2_row287,4_nitrophenol,4_nitrophenol,-0.0368624441325664,True,True,RMX-1,H_SERS_H_Kit,,,4_nitrophenol,quality_pass,0.8172756841846812
outer,nato_outer_o0__train_quality_pass__test_quality_pass,0,siamese,deterministic_edge_triplet,derivative_1,triplet,1729,session2_row292,4_nitrophenol,4_nitrophenol,-0.0183373037725687,True,True,Agilent-3,H_SERS_H_Kit,,,4_nitrophenol,quality_pass,0.8246930671178974
outer,nato_outer_o0__train_quality_pass__test_quality_pass,0,siamese,deterministic_edge_triplet,derivative_1,triplet,1729,session2_row293,4_nitrophenol,4_nitrophenol,-0.0263298321515321,True,True,Mira-2,H_SERS_H_Kit,,,4_nitrophenol,quality_pass,0.8215223682835505
outer,nato_outer_o0__train_quality_pass__test_quality_pass,0,siamese,deterministic_edge_triplet,derivative_1,triplet,1729,session2_row299,4_nitrophenol,4_nitrophenol,-0.0919863060116767,True,True,RMX-1,NRC_Canadian_SERS,,,4_nitrophenol,quality_pass,0.7937702539100182
outer,nato_outer_o0__train_quality_pass__test_quality_pass,0,siamese,deterministic_edge_triplet,derivative_1,triplet,1729,session2_row308,4_nitrophenol,blank,-0.1763181984424591,True,False,RMX-1,NRC_Canadian_SERS,,,4_nitrophenol,quality_pass,0.7536224019569147
outer,nato_outer_o0__train_quality_pass__test_quality_pass,0,siamese,deterministic_edge_triplet,derivative_1,triplet,1729,session2_row315,4_nitrophenol,4_nitrophenol,-0.1125783696770668,True,True,Mira-2,NRC_Canadian_SERS,,,4_nitrophenol,quality_pass,0.784434207624411
outer,nato_outer_o0__train_quality_pass__test_quality_pass,0,siamese,deterministic_edge_triplet,derivative_1,triplet,1729,session2_row333,ethanol,blank,-0.1787201762199401,True,False,RMX-1,H_SERS_H_Kit,,,ethanol,quality_pass,0.7524052106860003
outer,nato_outer_o0__train_quality_pass__test_quality_pass,0,siamese,deterministic_edge_triplet,derivative_1,triplet,1729,session2_row335,ethanol,ethanol,-0.0262049660086631,True,True,Mira-2,H_SERS_H_Kit,,,ethanol,quality_pass,0.8215722470022475
outer,nato_outer_o0__train_quality_pass__test_quality_pass,0,siamese,deterministic_edge_triplet,derivative_1,triplet,1729,session2_row338,ethanol,ethanol,-0.066384308040142,True,True,Agilent-3,H_SERS_H_Kit,,,ethanol,quality_pass,0.8049556798001297
outer,nato_outer_o0__train_quality_pass__test_quality_pass,0,siamese,deterministic_edge_triplet,derivative_1,triplet,1729,session2_row347,ethanol,ethyl_paraoxon,-0.1996005475521087,True,False,Mira-2,NRC_Canadian_SERS,,,ethanol,quality_pass,0.7416551915501948
outer,nato_outer_o0__train_quality_pass__test_quality_pass,0,siamese,deterministic_edge_triplet,derivative_1,triplet,1729,session2_row355,ethanol,ethyl_paraoxon,-0.1343101561069488,True,False,Pendar-3,NRC_Canadian_SERS,,,ethanol,quality_pass,0.7742531163386828
outer,nato_outer_o0__train_quality_pass__test_quality_pass,0,siamese,deterministic_edge_triplet,derivative_1,triplet,1729,session3_row29,4_nitrophenol,4_nitrophenol,-0.2948824763298034,True,True,RMX-1,H_SERS_H_Kit,,,4_nitrophenol,quality_pass,0.6888989590651219
outer,nato_outer_o0__train_quality_pass__test_quality_pass,0,siamese,deterministic_edge_triplet,derivative_1,triplet,1729,session3_row30,4_nitrophenol,4_nitrophenol,-0.0875453874468803,True,True,Mira-2,H_SERS_H_Kit,,,4_nitrophenol,quality_pass,0.7957439830203106
outer,nato_outer_o0__train_quality_pass__test_quality_pass,0,siamese,deterministic_edge_triplet,derivative_1,triplet,1729,session3_row105,ethyl_paraoxon,ethyl_paraoxon,-0.0434323586523532,True,True,Mira-2,H_SERS_H_Kit,,,ethyl_paraoxon,quality_pass,0.8145872370229851
outer,nato_outer_o0__train_quality_pass__test_quality_pass,0,siamese,deterministic_edge_triplet,derivative_1,triplet,1729,session3_row149,ethanol,ethanol,-0.126240849494934,True,True,Mira-2,H_SERS_H_Kit,,,ethanol,quality_pass,0.778072801990807
outer,nato_outer_o0__train_quality_pass__test_quality_pass,0,siamese,deterministic_edge_triplet,derivative_1,triplet,1729,session3_row154,ethanol,ethanol,-0.0762965530157089,True,True,RMX-1,H_SERS_H_Kit,,,ethanol,quality_pass,0.800680471086672
outer,nato_outer_o0__train_quality_pass__test_quality_pass,0,siamese,deterministic_edge_triplet,derivative_1,triplet,1729,session3_row169,ethyl_paraoxon,ethyl_paraoxon,-0.0434323586523532,True,True,Mira-2,H_SERS_H_Kit,,,ethyl_paraoxon,quality_pass,0.8145872370229851
outer,nato_outer_o0__train_quality_pass__test_quality_pass,0,siamese,deterministic_edge_triplet,derivative_1,triplet,1729,session3_row211,4_ANPP,benzyl_fentanyl,-0.2124839872121811,True,False,Mira-3,pSERS_Metrohm_silver,,,4_ANPP,quality_pass,0.7348724803603698
outer,nato_outer_o0__train_quality_pass__test_quality_pass,0,siamese,deterministic_edge_triplet,derivative_1,triplet,1729,session3_row217,4_ANPP,4_ANPP,-0.1945455819368362,True,True,Pendar-1,pSERS_Metrohm_silver,,,4_ANPP,quality_pass,0.7442853685238968
outer,nato_outer_o0__train_quality_pass__test_quality_pass,0,siamese,deterministic_edge_triplet,derivative_1,triplet,1729,session3_row224,benzyl_fentanyl,acetaminophen,-0.1139737665653228,True,False,Pendar-1,pSERS_Metrohm_silver,,,benzyl_fentanyl,quality_pass,0.7837906040943549
outer,nato_outer_o0__train_quality_pass__test_quality_pass,0,siamese,deterministic_edge_triplet,derivative_1,triplet,1729,session3_row225,4_ANPP,4_ANPP,-0.1057596355676651,True,True,Mira-3,pSERS_Metrohm_silver,,,4_ANPP,quality_pass,0.7875592336823616
outer,nato_outer_o0__train_quality_pass__test_quality_pass,0,siamese,deterministic_edge_triplet,derivative_1,triplet,1729,session3_row235,benzyl_fentanyl,benzyl_fentanyl,-0.0794123262166976,True,True,Mira-3,pSERS_Metrohm_silver,,,benzyl_fentanyl,quality_pass,0.7993221663055998
outer,nato_outer_o0__train_quality_pass__test_quality_pass,0,siamese,deterministic_edge_triplet,derivative_1,triplet,1729,session3_row256,4_ANPP,4_ANPP,-0.067191794514656,True,True,Agilent-1,pSERS_Metrohm_silver,,,4_ANPP,quality_pass,0.8046100216853859
outer,nato_outer_o0__train_quality_pass__test_quality_pass,0,siamese,deterministic_edge_triplet,derivative_1,triplet,1729,session3_row259,blank,blank,-0.1721868515014648,True,True,Agilent-1,pSERS_Metrohm_silver,,,blank,quality_pass,0.755706503688123
outer,nato_outer_o0__train_quality_pass__test_quality_pass,0,siamese,deterministic_edge_triplet,derivative_1,triplet,1729,session3_row263,blank,acetaminophen,-0.2586961686611175,True,False,Pendar-1,pSERS_Metrohm_silver,,,blank,quality_pass,0.7096269299210997
outer,nato_outer_o0__train_quality_pass__test_quality_pass,0,siamese,deterministic_edge_triplet,derivative_1,triplet,1729,session3_row268,benzyl_fentanyl,benzyl_fentanyl,-0.2554715871810913,True,True,Agilent-1,pSERS_Metrohm_silver,,,benzyl_fentanyl,quality_pass,0.7114339907411951
outer,nato_outer_o0__train_quality_pass__test_quality_pass,0,siamese,deterministic_edge_triplet,derivative_1,triplet,1729,session3_row277,blank,4_ANPP,-0.1686222851276397,True,False,Pendar-1,pSERS_Metrohm_silver,,,blank,quality_pass,0.7574950741215576
outer,nato_outer_o0__train_quality_pass__test_quality_pass,0,siamese,deterministic_edge_triplet,derivative_1,triplet,1729,session3_row286,blank,acetaminophen,-0.2097381502389907,True,False,Agilent-1,pSERS_Metrohm_silver,,,blank,quality_pass,0.7363275774058762
outer,nato_outer_o0__train_quality_pass__test_quality_pass,0,siamese,deterministic_edge_triplet,derivative_1,triplet,1729,session3_row289,blank,ethanol,-0.1714930236339569,True,False,Mira-3,pSERS_Metrohm_silver,,,blank,quality_pass,0.7560553400110342
outer,nato_outer_o0__train_quality_pass__test_quality_pass,0,siamese,deterministic_edge_triplet,derivative_1,triplet,1729,session3_row296,blank,acetaminophen,-0.2186843007802963,True,False,Pendar-1,NRC_Canadian_SERS,,,blank,quality_pass,0.7315679354799742
outer,nato_outer_o0__train_quality_pass__test_quality_pass,0,siamese,deterministic_edge_triplet,derivative_1,triplet,1729,session3_row297,4_ANPP,acetaminophen,-0.187055304646492,True,False,Pendar-1,NRC_Canadian_SERS,,,4_ANPP,quality_pass,0.7481502222890556
outer,nato_outer_o0__train_quality_pass__test_quality_pass,0,siamese,deterministic_edge_triplet,derivative_1,triplet,1729,session3_row298,blank,acetaminophen,-0.1565504968166351,True,False,Pendar-1,NRC_Canadian_SERS,,,blank,quality_pass,0.7634858811499877
outer,nato_outer_o0__train_quality_pass__test_quality_pass,0,siamese,deterministic_edge_triplet,derivative_1,triplet,1729,session3_row306,benzyl_fentanyl,blank,-0.2879300117492676,True,False,Pendar-1,NRC_Canadian_SERS,,,benzyl_fentanyl,quality_pass,0.6929442192969668
outer,nato_outer_o0__train_quality_pass__test_quality_pass,0,siamese,deterministic_edge_triplet,derivative_1,triplet,1729,session3_row312,blank,acetaminophen,-0.2660678029060364,True,False,Pendar-1,NRC_Canadian_SERS,,,blank,quality_pass,0.7054708596787366
outer,nato_outer_o0__train_quality_pass__test_quality_pass,0,siamese,deterministic_edge_triplet,derivative_1,triplet,1729,session3_row315,benzyl_fentanyl,blank,-0.141593649983406,True,False,Mira-3,NRC_Canadian_SERS,,,benzyl_fentanyl,quality_pass,0.770765608331277
outer,nato_outer_o0__train_quality_pass__test_quality_pass,0,siamese,deterministic_edge_triplet,derivative_1,triplet,1729,session3_row322,blank,4_nitrophenol,-0.269907683134079,True,False,Mira-3,NRC_Canadian_SERS,,,blank,quality_pass,0.7032922943437961
outer,nato_outer_o0__train_quality_pass__test_quality_pass,0,siamese,deterministic_edge_triplet,derivative_1,triplet,1729,session3_row323,4_ANPP,acetaminophen,-0.0811525508761406,True,False,Mira-3,NRC_Canadian_SERS,,,4_ANPP,quality_pass,0.7985605127248312
outer,nato_outer_o0__train_quality_pass__test_quality_pass,0,siamese,deterministic_edge_triplet,derivative_1,triplet,1729,session3_row324,blank,blank,-0.1271104365587234,True,True,Mira-3,NRC_Canadian_SERS,,,blank,quality_pass,0.777663404879579
outer,nato_outer_o0__train_quality_pass__test_quality_pass,0,siamese,deterministic_edge_triplet,derivative_1,triplet,1729,session3_row330,4_ANPP,4_ANPP,-0.0724557265639305,True,True,Pendar-1,pSERS_Metrohm_silver,,,4_ANPP,quality_pass,0.8023453410506701
outer,nato_outer_o0__train_quality_pass__test_quality_pass,0,siamese,deterministic_edge_triplet,derivative_1,triplet,1729,session3_row331,blank,acetaminophen,-0.0683121308684349,True,False,Pendar-1,pSERS_Metrohm_silver,,,blank,quality_pass,0.8041296750665909
outer,nato_outer_o0__train_quality_pass__test_quality_pass,0,siamese,deterministic_edge_triplet,derivative_1,triplet,1729,session3_row334,benzyl_fentanyl,benzyl_fentanyl,-0.3617194294929504,True,True,Pendar-1,pSERS_Metrohm_silver,,,benzyl_fentanyl,quality_pass,0.648594708130424
outer,nato_outer_o0__train_quality_pass__test_quality_pass,0,siamese,deterministic_edge_triplet,derivative_1,triplet,1729,session3_row347,blank,ethanol,-0.1653743386268615,True,False,Pendar-1,pSERS_Metrohm_silver,,,blank,quality_pass,0.7591170067712855
outer,nato_outer_o0__train_quality_pass__test_quality_pass,0,siamese,deterministic_edge_triplet,derivative_1,triplet,1729,session3_row457,benzyl_fentanyl,benzyl_fentanyl,-0.3188023567199707,True,True,Pendar-3,pSERS_Metrohm_silver,,,benzyl_fentanyl,quality_pass,0.6747620255841339
outer,nato_outer_o0__train_quality_pass__test_quality_pass,0,siamese,deterministic_edge_triplet,derivative_1,triplet,1729,session3_row458,benzyl_fentanyl,benzyl_fentanyl,-0.191046729683876,True,True,RMX-2,pSERS_Metrohm_silver,,,benzyl_fentanyl,quality_pass,0.7460955498172749
outer,nato_outer_o0__train_quality_pass__test_quality_pass,0,siamese,deterministic_edge_triplet,derivative_1,triplet,1729,session3_row461,4_ANPP,4_ANPP,-0.3125212788581848,True,True,Pendar-3,pSERS_Metrohm_silver,,,4_ANPP,quality_pass,0.678506522069593
outer,nato_outer_o0__train_quality_pass__test_quality_pass,0,siamese,deterministic_edge_triplet,derivative_1,triplet,1729,session3_row462,4_ANPP,4_ANPP,-0.0603433884680271,True,True,RMX-2,pSERS_Metrohm_silver,,,4_ANPP,quality_pass,0.8075268985631694
outer,nato_outer_o0__train_quality_pass__test_quality_pass,0,siamese,deterministic_edge_triplet,derivative_1,triplet,1729,session3_row465,benzyl_fentanyl,benzyl_fentanyl,-0.0203773565590381,True,True,Pendar-3,pSERS_Metrohm_silver,,,benzyl_fentanyl,quality_pass,0.8238880017284334
outer,nato_outer_o0__train_quality_pass__test_quality_pass,0,siamese,deterministic_edge_triplet,derivative_1,triplet,1729,session3_row466,benzyl_fentanyl,benzyl_fentanyl,-0.4057883322238922,True,True,RMX-2,pSERS_Metrohm_silver,,,benzyl_fentanyl,quality_pass,0.6207644779975872
outer,nato_outer_o0__train_quality_pass__test_quality_pass,0,siamese,deterministic_edge_triplet,derivative_1,triplet,1729,session3_row469,benzyl_fentanyl,benzyl_fentanyl,-0.1170826777815818,True,True,Mira-1,pSERS_Metrohm_silver,,,benzyl_fentanyl,quality_pass,0.7823516712852953
outer,nato_outer_o0__train_quality_pass__test_quality_pass,0,siamese,deterministic_edge_triplet,derivative_1,triplet,1729,session3_row470,benzyl_fentanyl,benzyl_fentanyl,-0.0357219576835632,True,True,Agilent-3,pSERS_Metrohm_silver,,,benzyl_fentanyl,quality_pass,0.8177392822841132
outer,nato_outer_o0__train_quality_pass__test_quality_pass,0,siamese,deterministic_edge_triplet,derivative_1,triplet,1729,session3_row473,4_ANPP,4_ANPP,-0.1941860765218734,True,True,Mira-1,pSERS_Metrohm_silver,,,4_ANPP,quality_pass,0.7444717537419249
outer,nato_outer_o0__train_quality_pass__test_quality_pass,0,siamese,deterministic_edge_triplet,derivative_1,triplet,1729,session3_row474,4_ANPP,4_ANPP,-0.0595295540988445,True,True,Agilent-3,pSERS_Metrohm_silver,,,4_ANPP,quality_pass,0.8078713133194259
outer,nato_outer_o0__train_quality_pass__test_quality_pass,0,siamese,deterministic_edge_triplet,derivative_1,triplet,1729,session3_row477,benzyl_fentanyl,benzyl_fentanyl,-0.1618398576974868,True,True,Mira-1,pSERS_Metrohm_silver,,,benzyl_fentanyl,quality_pass,0.7608735938698409
outer,nato_outer_o0__train_quality_pass__test_quality_pass,0,siamese,deterministic_edge_triplet,derivative_1,triplet,1729,session3_row478,benzyl_fentanyl,benzyl_fentanyl,-0.1465548276901245,True,True,Agilent-3,pSERS_Metrohm_silver,,,benzyl_fentanyl,quality_pass,0.7683685001155842
outer,nato_outer_o0__train_quality_pass__test_quality_pass,0,siamese,deterministic_edge_triplet,derivative_1,triplet,1729,session3_row479,acetaminophen,acetaminophen,-0.2762049734592438,True,True,Mira-1,pSERS_Metrohm_silver,,,acetaminophen,quality_pass,0.6996994356675358
outer,nato_outer_o0__train_quality_pass__test_quality_pass,0,siamese,deterministic_edge_triplet,derivative_1,triplet,1729,session3_row480,acetaminophen,4_ANPP,-0.1436387151479721,True,False,Agilent-3,pSERS_Metrohm_silver,,,acetaminophen,quality_pass,0.7697796041069532
outer,nato_outer_o0__train_quality_pass__test_quality_pass,0,siamese,deterministic_edge_triplet,derivative_1,triplet,1729,session3_row481,acetaminophen,acetaminophen,-0.0548872910439968,True,True,Mira-1,pSERS_Metrohm_silver,,,acetaminophen,quality_pass,0.8098269373473888
outer,nato_outer_o0__train_quality_pass__test_quality_pass,0,siamese,deterministic_edge_triplet,derivative_1,triplet,1729,session3_row482,acetaminophen,acetaminophen,-0.1051787734031677,True,True,Agilent-3,pSERS_Metrohm_silver,,,acetaminophen,quality_pass,0.7878239077501237
outer,nato_outer_o0__train_quality_pass__test_quality_pass,0,siamese,deterministic_edge_triplet,derivative_1,triplet,1729,session3_row483,acetaminophen,acetaminophen,-0.2320642322301864,True,True,Pendar-3,pSERS_Metrohm_silver,,,acetaminophen,quality_pass,0.7243486994165385
outer,nato_outer_o0__train_quality_pass__test_quality_pass,0,siamese,deterministic_edge_triplet,derivative_1,triplet,1729,session3_row484,acetaminophen,4_ANPP,-0.2407794296741485,True,False,RMX-2,pSERS_Metrohm_silver,,,acetaminophen,quality_pass,0.719582203715762
outer,nato_outer_o0__train_quality_pass__test_quality_pass,0,siamese,deterministic_edge_triplet,derivative_1,triplet,1729,session3_row485,acetaminophen,acetaminophen,-0.1416403353214264,True,True,Pendar-3,pSERS_Metrohm_silver,,,acetaminophen,quality_pass,0.7707431326698534
outer,nato_outer_o0__train_quality_pass__test_quality_pass,0,siamese,deterministic_edge_triplet,derivative_1,triplet,1729,session3_row486,acetaminophen,acetaminophen,-0.1382974088191986,True,True,RMX-2,pSERS_Metrohm_silver,,,acetaminophen,quality_pass,0.7723485986116052
outer,nato_outer_o0__train_quality_pass__test_quality_pass,0,siamese,deterministic_edge_triplet,derivative_1,triplet,1729,session3_row497,acetaminophen,acetaminophen,-0.2935205996036529,True,True,Mira-1,pSERS_Metrohm_silver,,,acetaminophen,quality_pass,0.6896936621469802
outer,nato_outer_o0__train_quality_pass__test_quality_pass,0,siamese,deterministic_edge_triplet,derivative_1,triplet,1729,session3_row498,acetaminophen,benzyl_fentanyl,-0.4106310904026031,True,False,Mira-1,pSERS_Metrohm_silver,,,acetaminophen,quality_pass,0.6176532642844684
outer,nato_outer_o0__train_quality_pass__test_quality_pass,0,siamese,deterministic_edge_triplet,derivative_1,triplet,2718,session1_row31,blank,benzyl_fentanyl,-0.4414462745189667,True,False,Mira-3,pSERS_Metrohm_silver,,,blank,quality_pass,0.5736483936519811
outer,nato_outer_o0__train_quality_pass__test_quality_pass,0,siamese,deterministic_edge_triplet,derivative_1,triplet,2718,session1_row33,4_ANPP,acetaminophen,-0.4145848453044891,True,False,Mira-3,pSERS_Metrohm_silver,,,4_ANPP,quality_pass,0.5870379927957604
outer,nato_outer_o0__train_quality_pass__test_quality_pass,0,siamese,deterministic_edge_triplet,derivative_1,triplet,2718,session1_row36,blank,acetaminophen,-0.3016161322593689,True,False,Agilent-3,pSERS_Metrohm_silver,,,blank,quality_pass,0.6417494627224376
outer,nato_outer_o0__train_quality_pass__test_quality_pass,0,siamese,deterministic_edge_triplet,derivative_1,triplet,2718,session1_row37,4_ANPP,acetaminophen,-0.3444623649120331,True,False,Agilent-3,pSERS_Metrohm_silver,,,4_ANPP,quality_pass,0.6213459570472885
outer,nato_outer_o0__train_quality_pass__test_quality_pass,0,siamese,deterministic_edge_triplet,derivative_1,triplet,2718,session1_row38,4_ANPP,4_ANPP,-0.1720335036516189,True,True,Agilent-3,pSERS_Metrohm_silver,,,4_ANPP,quality_pass,0.7001901068754675
outer,nato_outer_o0__train_quality_pass__test_quality_pass,0,siamese,deterministic_edge_triplet,derivative_1,triplet,2718,session1_row50,benzyl_fentanyl,benzyl_fentanyl,-0.0990276113152504,True,True,Agilent-3,pSERS_Metrohm_silver,,,benzyl_fentanyl,quality_pass,0.7305936031172743
outer,nato_outer_o0__train_quality_pass__test_quality_pass,0,siamese,deterministic_edge_triplet,derivative_1,triplet,2718,session1_row54,benzyl_fentanyl,benzyl_fentanyl,-0.3989620804786682,True,True,Mira-3,pSERS_Metrohm_silver,,,benzyl_fentanyl,quality_pass,0.5947679836573847
outer,nato_outer_o0__train_quality_pass__test_quality_pass,0,siamese,deterministic_edge_triplet,derivative_1,triplet,2718,session1_row64,benzyl_fentanyl,benzyl_fentanyl,-0.1852596402168274,True,True,Mira-3,pSERS_Metrohm_silver,,,benzyl_fentanyl,quality_pass,0.6944764110867965
outer,nato_outer_o0__train_quality_pass__test_quality_pass,0,siamese,deterministic_edge_triplet,derivative_1,triplet,2718,session1_row65,benzyl_fentanyl,4_ANPP,-0.5171223282814026,True,False,Pendar-2,pSERS_Metrohm_silver,,,benzyl_fentanyl,quality_pass,0.5354040946536318
outer,nato_outer_o0__train_quality_pass__test_quality_pass,0,siamese,deterministic_edge_triplet,derivative_1,triplet,2718,session1_row188,4_nitrophenol,4_nitrophenol,-0.2523426413536072,True,True,Pendar-2,H_SERS_H_Kit,,,4_nitrophenol,quality_pass,0.664591081803083
outer,nato_outer_o0__train_quality_pass__test_quality_pass,0,siamese,deterministic_edge_triplet,derivative_1,triplet,2718,session1_row191,4_nitrophenol,4_nitrophenol,-0.0461818352341651,True,True,RMX-1,H_SERS_H_Kit,,,4_nitrophenol,quality_pass,0.7513460966644036
outer,nato_outer_o0__train_quality_pass__test_quality_pass,0,siamese,deterministic_edge_triplet,derivative_1,triplet,2718,session1_row223,4_nitrophenol,4_nitrophenol,-0.1430243402719497,True,True,Mira-2,H_SERS_H_Kit,,,4_nitrophenol,quality_pass,0.7125049212471765
outer,nato_outer_o0__train_quality_pass__test_quality_pass,0,siamese,deterministic_edge_triplet,derivative_1,triplet,2718,session1_row227,ethanol,blank,-0.4568237364292145,True,False,Mira-2,H_SERS_H_Kit,,,ethanol,quality_pass,0.5659329822688077
outer,nato_outer_o0__train_quality_pass__test_quality_pass,0,siamese,deterministic_edge_triplet,derivative_1,triplet,2718,session1_row230,4_nitrophenol,4_nitrophenol,-0.5608689785003662,True,True,Mira-2,GaN_polymer,,,4_nitrophenol,quality_pass,0.5130746125058664
outer,nato_outer_o0__train_quality_pass__test_quality_pass,0,siamese,deterministic_edge_triplet,derivative_1,triplet,2718,session1_row231,4_nitrophenol,4_nitrophenol,-0.4208934009075165,True,True,Mira-2,GaN_polymer,,,4_nitrophenol,quality_pass,0.5839041490355258
outer,nato_outer_o0__train_quality_pass__test_quality_pass,0,siamese,deterministic_edge_triplet,derivative_1,triplet,2718,session1_row239,4_nitrophenol,4_nitrophenol,-0.0858595445752143,True,True,Agilent-3,H_SERS_H_Kit,,,4_nitrophenol,quality_pass,0.7358656289404867
outer,nato_outer_o0__train_quality_pass__test_quality_pass,0,siamese,deterministic_edge_triplet,derivative_1,triplet,2718,session1_row242,4_nitrophenol,acetaminophen,-0.6259392499923706,True,False,Agilent-3,GaN_polymer,,,4_nitrophenol,quality_pass,0.47979112728394513
outer,nato_outer_o0__train_quality_pass__test_quality_pass,0,siamese,deterministic_edge_triplet,derivative_1,triplet,2718,session1_row243,4_nitrophenol,4_nitrophenol,-0.2760560810565948,True,True,Agilent-3,GaN_polymer,,,4_nitrophenol,quality_pass,0.6536864757569895
outer,nato_outer_o0__train_quality_pass__test_quality_pass,0,siamese,deterministic_edge_triplet,derivative_1,triplet,2718,session1_row257,ethyl_paraoxon,ethyl_paraoxon,-0.0980886965990066,True,True,Mira-2,H_SERS_H_Kit,,,ethyl_paraoxon,quality_pass,0.7309717026341743
outer,nato_outer_o0__train_quality_pass__test_quality_pass,0,siamese,deterministic_edge_triplet,derivative_1,triplet,2718,session2_row39,4_ANPP,4_ANPP,-0.2265524417161941,True,True,Pendar-3,pSERS_Metrohm_silver,,,4_ANPP,quality_pass,0.6762542220912773
outer,nato_outer_o0__train_quality_pass__test_quality_pass,0,siamese,deterministic_edge_triplet,derivative_1,triplet,2718,session2_row40,4_ANPP,4_ANPP,-0.152913749217987,True,True,Mira-3,pSERS_Metrohm_silver,,,4_ANPP,quality_pass,0.7083406916174301
outer,nato_outer_o0__train_quality_pass__test_quality_pass,0,siamese,deterministic_edge_triplet,derivative_1,triplet,2718,session2_row41,blank,blank,-0.1799364686012268,True,True,Mira-3,pSERS_Metrohm_silver,,,blank,quality_pass,0.6967833595949764
outer,nato_outer_o0__train_quality_pass__test_quality_pass,0,siamese,deterministic_edge_triplet,derivative_1,triplet,2718,session2_row47,benzyl_fentanyl,benzyl_fentanyl,-0.3084617257118225,True,True,Pendar-3,pSERS_Metrohm_silver,,,benzyl_fentanyl,quality_pass,0.6385216482888129
outer,nato_outer_o0__train_quality_pass__test_quality_pass,0,siamese,deterministic_edge_triplet,derivative_1,triplet,2718,session2_row48,benzyl_fentanyl,benzyl_fentanyl,-0.0308274291455745,True,True,Mira-3,pSERS_Metrohm_silver,,,benzyl_fentanyl,quality_pass,0.7571712109260477
outer,nato_outer_o0__train_quality_pass__test_quality_pass,0,siamese,deterministic_edge_triplet,derivative_1,triplet,2718,session2_row90,blank,ethanol,-0.2099291980266571,True,False,Mira-3,pSERS_Metrohm_silver,,,blank,quality_pass,0.6836584579229635
outer,nato_outer_o0__train_quality_pass__test_quality_pass,0,siamese,deterministic_edge_triplet,derivative_1,triplet,2718,session2_row111,4_ANPP,4_ANPP,-0.1044047102332115,True,True,Agilent-3,pSERS_Metrohm_silver,,,4_ANPP,quality_pass,0.7284218033515693
outer,nato_outer_o0__train_quality_pass__test_quality_pass,0,siamese,deterministic_edge_triplet,derivative_1,triplet,2718,session2_row112,blank,blank,-0.1281400322914123,True,True,Agilent-3,pSERS_Metrohm_silver,,,blank,quality_pass,0.7187050351689177
outer,nato_outer_o0__train_quality_pass__test_quality_pass,0,siamese,deterministic_edge_triplet,derivative_1,triplet,2718,session2_row115,benzyl_fentanyl,benzyl_fentanyl,-0.1866456419229507,True,True,Agilent-3,pSERS_Metrohm_silver,,,benzyl_fentanyl,quality_pass,0.693874137030428
outer,nato_outer_o0__train_quality_pass__test_quality_pass,0,siamese,deterministic_edge_triplet,derivative_1,triplet,2718,session2_row120,blank,blank,-0.1390692889690399,True,True,Agilent-3,pSERS_Metrohm_silver,,,blank,quality_pass,0.714160349310946
outer,nato_outer_o0__train_quality_pass__test_quality_pass,0,siamese,deterministic_edge_triplet,derivative_1,triplet,2718,session2_row195,4_ANPP,4_ANPP,-0.0920822918415069,True,True,Pendar-2,pSERS_Metrohm_silver,,,4_ANPP,quality_pass,0.733382523491881
outer,nato_outer_o0__train_quality_pass__test_quality_pass,0,siamese,deterministic_edge_triplet,derivative_1,triplet,2718,session2_row202,4_ANPP,4_ANPP,-0.1062257066369056,True,True,RMX-2,pSERS_Metrohm_silver,,,4_ANPP,quality_pass,0.7276838224882558
outer,nato_outer_o0__train_quality_pass__test_quality_pass,0,siamese,deterministic_edge_triplet,derivative_1,triplet,2718,session2_row203,4_ANPP,4_ANPP,-0.1487974226474762,True,True,RMX-2,pSERS_Metrohm_silver,,,4_ANPP,quality_pass,0.7100783018497533
outer,nato_outer_o0__train_quality_pass__test_quality_pass,0,siamese,deterministic_edge_triplet,derivative_1,triplet,2718,session2_row207,benzyl_fentanyl,benzyl_fentanyl,-0.0930494889616966,True,True,RMX-2,pSERS_Metrohm_silver,,,benzyl_fentanyl,quality_pass,0.7329952449019593
outer,nato_outer_o0__train_quality_pass__test_quality_pass,0,siamese,deterministic_edge_triplet,derivative_1,triplet,2718,session2_row213,benzyl_fentanyl,benzyl_fentanyl,-0.0615162700414657,True,True,RMX-2,pSERS_Metrohm_silver,,,benzyl_fentanyl,quality_pass,0.7454359847778196
outer,nato_outer_o0__train_quality_pass__test_quality_pass,0,siamese,deterministic_edge_triplet,derivative_1,triplet,2718,session2_row215,acetaminophen,acetaminophen,-0.267422080039978,True,True,RMX-2,pSERS_Metrohm_silver,,,acetaminophen,quality_pass,0.6576762706745836
outer,nato_outer_o0__train_quality_pass__test_quality_pass,0,siamese,deterministic_edge_triplet,derivative_1,triplet,2718,session2_row216,acetaminophen,acetaminophen,-0.1807896792888641,True,True,RMX-2,pSERS_Metrohm_silver,,,acetaminophen,quality_pass,0.6964142587695762
outer,nato_outer_o0__train_quality_pass__test_quality_pass,0,siamese,deterministic_edge_triplet,derivative_1,triplet,2718,session2_row218,acetaminophen,blank,-0.2964603900909424,True,False,RMX-2,pSERS_Metrohm_silver,,,acetaminophen,quality_pass,0.6441720482453853
outer,nato_outer_o0__train_quality_pass__test_quality_pass,0,siamese,deterministic_edge_triplet,derivative_1,triplet,2718,session2_row223,acetaminophen,blank,-0.1478648483753204,True,False,Pendar-2,pSERS_Metrohm_silver,,,acetaminophen,quality_pass,0.7104711139887132
outer,nato_outer_o0__train_quality_pass__test_quality_pass,0,siamese,deterministic_edge_triplet,derivative_1,triplet,2718,session2_row229,benzyl_fentanyl,benzyl_fentanyl,-0.2036602050065994,True,True,Pendar-2,pSERS_Metrohm_silver,,,benzyl_fentanyl,quality_pass,0.6864270166435362
outer,nato_outer_o0__train_quality_pass__test_quality_pass,0,siamese,deterministic_edge_triplet,derivative_1,triplet,2718,session2_row287,4_nitrophenol,4_nitrophenol,-0.0716547220945358,True,True,RMX-1,H_SERS_H_Kit,,,4_nitrophenol,quality_pass,0.7414780397737144
outer,nato_outer_o0__train_quality_pass__test_quality_pass,0,siamese,deterministic_edge_triplet,derivative_1,triplet,2718,session2_row292,4_nitrophenol,4_nitrophenol,-0.0698425024747848,True,True,Agilent-3,H_SERS_H_Kit,,,4_nitrophenol,quality_pass,0.7421884447391875
outer,nato_outer_o0__train_quality_pass__test_quality_pass,0,siamese,deterministic_edge_triplet,derivative_1,triplet,2718,session2_row293,4_nitrophenol,4_nitrophenol,-0.0849185511469841,True,True,Mira-2,H_SERS_H_Kit,,,4_nitrophenol,quality_pass,0.7362398268870739
outer,nato_outer_o0__train_quality_pass__test_quality_pass,0,siamese,deterministic_edge_triplet,derivative_1,triplet,2718,session2_row299,4_nitrophenol,4_nitrophenol,-0.3040737509727478,True,True,RMX-1,NRC_Canadian_SERS,,,4_nitrophenol,quality_pass,0.6405921132938764
outer,nato_outer_o0__train_quality_pass__test_quality_pass,0,siamese,deterministic_edge_triplet,derivative_1,triplet,2718,session2_row308,4_nitrophenol,ethanol,-0.356394350528717,True,False,RMX-1,NRC_Canadian_SERS,,,4_nitrophenol,quality_pass,0.6155830062226818
outer,nato_outer_o0__train_quality_pass__test_quality_pass,0,siamese,deterministic_edge_triplet,derivative_1,triplet,2718,session2_row315,4_nitrophenol,4_nitrophenol,-0.1913810223340988,True,True,Mira-2,NRC_Canadian_SERS,,,4_nitrophenol,quality_pass,0.6918114286804257
outer,nato_outer_o0__train_quality_pass__test_quality_pass,0,siamese,deterministic_edge_triplet,derivative_1,triplet,2718,session2_row333,ethanol,ethanol,-0.1156238764524459,True,True,RMX-1,H_SERS_H_Kit,,,ethanol,quality_pass,0.7238552127072775
outer,nato_outer_o0__train_quality_pass__test_quality_pass,0,siamese,deterministic_edge_triplet,derivative_1,triplet,2718,session2_row335,ethanol,ethanol,-0.0752484276890754,True,True,Mira-2,H_SERS_H_Kit,,,ethanol,quality_pass,0.7400655115357968
outer,nato_outer_o0__train_quality_pass__test_quality_pass,0,siamese,deterministic_edge_triplet,derivative_1,triplet,2718,session2_row338,ethanol,ethanol,-0.1203833371400833,True,True,Agilent-3,H_SERS_H_Kit,,,ethanol,quality_pass,0.7219036623703178
outer,nato_outer_o0__train_quality_pass__test_quality_pass,0,siamese,deterministic_edge_triplet,derivative_1,triplet,2718,session2_row347,ethanol,ethyl_paraoxon,-0.2881582975387573,True,False,Mira-2,NRC_Canadian_SERS,,,ethanol,quality_pass,0.6480575324190904
outer,nato_outer_o0__train_quality_pass__test_quality_pass,0,siamese,deterministic_edge_triplet,derivative_1,triplet,2718,session2_row355,ethanol,ethanol,-0.1663438826799392,True,True,Pendar-3,NRC_Canadian_SERS,,,ethanol,quality_pass,0.7026291405633047
outer,nato_outer_o0__train_quality_pass__test_quality_pass,0,siamese,deterministic_edge_triplet,derivative_1,triplet,2718,session3_row29,4_nitrophenol,4_nitrophenol,-0.3545491397380829,True,True,RMX-1,H_SERS_H_Kit,,,4_nitrophenol,quality_pass,0.6164763814044107
outer,nato_outer_o0__train_quality_pass__test_quality_pass,0,siamese,deterministic_edge_triplet,derivative_1,triplet,2718,session3_row30,4_nitrophenol,4_nitrophenol,-0.1312164217233657,True,True,Mira-2,H_SERS_H_Kit,,,4_nitrophenol,quality_pass,0.7174302418106828
outer,nato_outer_o0__train_quality_pass__test_quality_pass,0,siamese,deterministic_edge_triplet,derivative_1,triplet,2718,session3_row105,ethyl_paraoxon,ethyl_paraoxon,-0.1177150085568428,True,True,Mira-2,H_SERS_H_Kit,,,ethyl_paraoxon,quality_pass,0.7229988170715805
outer,nato_outer_o0__train_quality_pass__test_quality_pass,0,siamese,deterministic_edge_triplet,derivative_1,triplet,2718,session3_row149,ethanol,ethanol,-0.172362670302391,True,True,Mira-2,H_SERS_H_Kit,,,ethanol,quality_pass,0.7000486496665926
outer,nato_outer_o0__train_quality_pass__test_quality_pass,0,siamese,deterministic_edge_triplet,derivative_1,triplet,2718,session3_row154,ethanol,ethanol,-0.072375938296318,True,True,RMX-1,H_SERS_H_Kit,,,ethanol,quality_pass,0.7411949626763727
outer,nato_outer_o0__train_quality_pass__test_quality_pass,0,siamese,deterministic_edge_triplet,derivative_1,triplet,2718,session3_row169,ethyl_paraoxon,ethyl_paraoxon,-0.1569465398788452,True,True,Mira-2,H_SERS_H_Kit,,,ethyl_paraoxon,quality_pass,0.7066324176259458
outer,nato_outer_o0__train_quality_pass__test_quality_pass,0,siamese,deterministic_edge_triplet,derivative_1,triplet,2718,session3_row211,4_ANPP,benzyl_fentanyl,-0.0552354119718074,True,False,Mira-3,pSERS_Metrohm_silver,,,4_ANPP,quality_pass,0.747867858139298
outer,nato_outer_o0__train_quality_pass__test_quality_pass,0,siamese,deterministic_edge_triplet,derivative_1,triplet,2718,session3_row217,4_ANPP,4_ANPP,-0.168034017086029,True,True,Pendar-1,pSERS_Metrohm_silver,,,4_ANPP,quality_pass,0.7019058068971546
outer,nato_outer_o0__train_quality_pass__test_quality_pass,0,siamese,deterministic_edge_triplet,derivative_1,triplet,2718,session3_row224,benzyl_fentanyl,blank,-0.2890493273735046,True,False,Pendar-1,pSERS_Metrohm_silver,,,benzyl_fentanyl,quality_pass,0.6476414461230284
outer,nato_outer_o0__train_quality_pass__test_quality_pass,0,siamese,deterministic_edge_triplet,derivative_1,triplet,2718,session3_row225,4_ANPP,4_ANPP,-0.1803110241889953,True,True,Mira-3,pSERS_Metrohm_silver,,,4_ANPP,quality_pass,0.6966213572325656
outer,nato_outer_o0__train_quality_pass__test_quality_pass,0,siamese,deterministic_edge_triplet,derivative_1,triplet,2718,session3_row235,benzyl_fentanyl,benzyl_fentanyl,-0.0609633922576904,True,True,Mira-3,pSERS_Metrohm_silver,,,benzyl_fentanyl,quality_pass,0.7456506712161266
outer,nato_outer_o0__train_quality_pass__test_quality_pass,0,siamese,deterministic_edge_triplet,derivative_1,triplet,2718,session3_row256,4_ANPP,4_ANPP,-0.1143072769045829,True,True,Agilent-1,pSERS_Metrohm_silver,,,4_ANPP,quality_pass,0.7243935678167697
outer,nato_outer_o0__train_quality_pass__test_quality_pass,0,siamese,deterministic_edge_triplet,derivative_1,triplet,2718,session3_row259,blank,blank,-0.2509010732173919,True,True,Agilent-1,pSERS_Metrohm_silver,,,blank,quality_pass,0.6652485002230525
outer,nato_outer_o0__train_quality_pass__test_quality_pass,0,siamese,deterministic_edge_triplet,derivative_1,triplet,2718,session3_row263,blank,acetaminophen,-0.4434647262096405,True,False,Pendar-1,pSERS_Metrohm_silver,,,blank,quality_pass,0.5726376236264261
outer,nato_outer_o0__train_quality_pass__test_quality_pass,0,siamese,deterministic_edge_triplet,derivative_1,triplet,2718,session3_row268,benzyl_fentanyl,benzyl_fentanyl,-0.1141468659043312,True,True,Agilent-1,pSERS_Metrohm_silver,,,benzyl_fentanyl,quality_pass,0.724459115122052
outer,nato_outer_o0__train_quality_pass__test_quality_pass,0,siamese,deterministic_edge_triplet,derivative_1,triplet,2718,session3_row277,blank,4_ANPP,-0.078760452568531,True,False,Pendar-1,pSERS_Metrohm_silver,,,blank,quality_pass,0.7386802599008166
outer,nato_outer_o0__train_quality_pass__test_quality_pass,0,siamese,deterministic_edge_triplet,derivative_1,triplet,2718,session3_row286,blank,ethanol,-0.2445276230573654,True,False,Agilent-1,pSERS_Metrohm_silver,,,blank,quality_pass,0.6681473680663912
outer,nato_outer_o0__train_quality_pass__test_quality_pass,0,siamese,deterministic_edge_triplet,derivative_1,triplet,2718,session3_row289,blank,ethanol,-0.1409603655338287,True,False,Mira-3,pSERS_Metrohm_silver,,,blank,quality_pass,0.7133695328464675
outer,nato_outer_o0__train_quality_pass__test_quality_pass,0,siamese,deterministic_edge_triplet,derivative_1,triplet,2718,session3_row296,blank,blank,-0.169735237956047,True,True,Pendar-1,NRC_Canadian_SERS,,,blank,quality_pass,0.7011767073612114
outer,nato_outer_o0__train_quality_pass__test_quality_pass,0,siamese,deterministic_edge_triplet,derivative_1,triplet,2718,session3_row297,4_ANPP,acetaminophen,-0.2562926113605499,True,False,Pendar-1,NRC_Canadian_SERS,,,4_ANPP,quality_pass,0.6627864541111064
outer,nato_outer_o0__train_quality_pass__test_quality_pass,0,siamese,deterministic_edge_triplet,derivative_1,triplet,2718,session3_row298,blank,blank,-0.116449162364006,True,True,Pendar-1,NRC_Canadian_SERS,,,blank,quality_pass,0.723517423395941
outer,nato_outer_o0__train_quality_pass__test_quality_pass,0,siamese,deterministic_edge_triplet,derivative_1,triplet,2718,session3_row306,benzyl_fentanyl,blank,-0.466730535030365,True,False,Pendar-1,NRC_Canadian_SERS,,,benzyl_fentanyl,quality_pass,0.5609451709290553
outer,nato_outer_o0__train_quality_pass__test_quality_pass,0,siamese,deterministic_edge_triplet,derivative_1,triplet,2718,session3_row312,blank,ethanol,-0.3653259575366974,True,False,Pendar-1,NRC_Canadian_SERS,,,blank,quality_pass,0.6112477566086661
outer,nato_outer_o0__train_quality_pass__test_quality_pass,0,siamese,deterministic_edge_triplet,derivative_1,triplet,2718,session3_row315,benzyl_fentanyl,acetaminophen,-0.4534259438514709,True,False,Mira-3,NRC_Canadian_SERS,,,benzyl_fentanyl,quality_pass,0.5676406625614605
outer,nato_outer_o0__train_quality_pass__test_quality_pass,0,siamese,deterministic_edge_triplet,derivative_1,triplet,2718,session3_row322,blank,blank,-0.1791875809431076,True,True,Mira-3,NRC_Canadian_SERS,,,blank,quality_pass,0.6971071210693182
outer,nato_outer_o0__train_quality_pass__test_quality_pass,0,siamese,deterministic_edge_triplet,derivative_1,triplet,2718,session3_row323,4_ANPP,blank,-0.1988788247108459,True,False,Mira-3,NRC_Canadian_SERS,,,4_ANPP,quality_pass,0.6885297293230704
outer,nato_outer_o0__train_quality_pass__test_quality_pass,0,siamese,deterministic_edge_triplet,derivative_1,triplet,2718,session3_row324,blank,ethanol,-0.1026660278439521,True,False,Mira-3,NRC_Canadian_SERS,,,blank,quality_pass,0.7291252537712136
outer,nato_outer_o0__train_quality_pass__test_quality_pass,0,siamese,deterministic_edge_triplet,derivative_1,triplet,2718,session3_row330,4_ANPP,4_ANPP,-0.1997105926275253,True,True,Pendar-1,pSERS_Metrohm_silver,,,4_ANPP,quality_pass,0.6881644967205954
outer,nato_outer_o0__train_quality_pass__test_quality_pass,0,siamese,deterministic_edge_triplet,derivative_1,triplet,2718,session3_row331,blank,acetaminophen,-0.3707930743694305,True,False,Pendar-1,pSERS_Metrohm_silver,,,blank,quality_pass,0.6085853538191361
outer,nato_outer_o0__train_quality_pass__test_quality_pass,0,siamese,deterministic_edge_triplet,derivative_1,triplet,2718,session3_row334,benzyl_fentanyl,benzyl_fentanyl,-0.2779633402824402,True,True,Pendar-1,pSERS_Metrohm_silver,,,benzyl_fentanyl,quality_pass,0.6528021800227977
outer,nato_outer_o0__train_quality_pass__test_quality_pass,0,siamese,deterministic_edge_triplet,derivative_1,triplet,2718,session3_row347,blank,blank,-0.1872111558914184,True,True,Pendar-1,pSERS_Metrohm_silver,,,blank,quality_pass,0.693628207746609
outer,nato_outer_o0__train_quality_pass__test_quality_pass,0,siamese,deterministic_edge_triplet,derivative_1,triplet,2718,session3_row457,benzyl_fentanyl,benzyl_fentanyl,-0.2668363749980926,True,True,Pendar-3,pSERS_Metrohm_silver,,,benzyl_fentanyl,quality_pass,0.6579461283415773
outer,nato_outer_o0__train_quality_pass__test_quality_pass,0,siamese,deterministic_edge_triplet,derivative_1,triplet,2718,session3_row458,benzyl_fentanyl,benzyl_fentanyl,-0.3084071278572082,True,True,RMX-2,pSERS_Metrohm_silver,,,benzyl_fentanyl,quality_pass,0.6385474421010879
outer,nato_outer_o0__train_quality_pass__test_quality_pass,0,siamese,deterministic_edge_triplet,derivative_1,triplet,2718,session3_row461,4_ANPP,4_ANPP,-0.3034343719482422,True,True,Pendar-3,pSERS_Metrohm_silver,,,4_ANPP,quality_pass,0.6408933697571105
outer,nato_outer_o0__train_quality_pass__test_quality_pass,0,siamese,deterministic_edge_triplet,derivative_1,triplet,2718,session3_row462,4_ANPP,4_ANPP,-0.2626994252204895,True,True,RMX-2,pSERS_Metrohm_silver,,,4_ANPP,quality_pass,0.6598492686368853
outer,nato_outer_o0__train_quality_pass__test_quality_pass,0,siamese,deterministic_edge_triplet,derivative_1,triplet,2718,session3_row465,benzyl_fentanyl,benzyl_fentanyl,-0.165564939379692,True,True,Pendar-3,pSERS_Metrohm_silver,,,benzyl_fentanyl,quality_pass,0.7029621670656688
outer,nato_outer_o0__train_quality_pass__test_quality_pass,0,siamese,deterministic_edge_triplet,derivative_1,triplet,2718,session3_row466,benzyl_fentanyl,benzyl_fentanyl,-0.2515766024589538,True,True,RMX-2,pSERS_Metrohm_silver,,,benzyl_fentanyl,quality_pass,0.6649405088694373
outer,nato_outer_o0__train_quality_pass__test_quality_pass,0,siamese,deterministic_edge_triplet,derivative_1,triplet,2718,session3_row469,benzyl_fentanyl,benzyl_fentanyl,-0.0994797721505165,True,True,Mira-1,pSERS_Metrohm_silver,,,benzyl_fentanyl,quality_pass,0.730411399020724
outer,nato_outer_o0__train_quality_pass__test_quality_pass,0,siamese,deterministic_edge_triplet,derivative_1,triplet,2718,session3_row470,benzyl_fentanyl,benzyl_fentanyl,-0.1083488836884498,True,True,Agilent-3,pSERS_Metrohm_silver,,,benzyl_fentanyl,quality_pass,0.7268217964401719
outer,nato_outer_o0__train_quality_pass__test_quality_pass,0,siamese,deterministic_edge_triplet,derivative_1,triplet,2718,session3_row473,4_ANPP,4_ANPP,-0.0529624298214912,True,True,Mira-1,pSERS_Metrohm_silver,,,4_ANPP,quality_pass,0.7487441253182786
outer,nato_outer_o0__train_quality_pass__test_quality_pass,0,siamese,deterministic_edge_triplet,derivative_1,triplet,2718,session3_row474,4_ANPP,4_ANPP,-0.1764729619026184,True,True,Agilent-3,pSERS_Metrohm_silver,,,4_ANPP,quality_pass,0.6982790728195681
outer,nato_outer_o0__train_quality_pass__test_quality_pass,0,siamese,deterministic_edge_triplet,derivative_1,triplet,2718,session3_row477,benzyl_fentanyl,benzyl_fentanyl,-0.1256533861160278,True,True,Mira-1,pSERS_Metrohm_silver,,,benzyl_fentanyl,quality_pass,0.7197328888359473
outer,nato_outer_o0__train_quality_pass__test_quality_pass,0,siamese,deterministic_edge_triplet,derivative_1,triplet,2718,session3_row478,benzyl_fentanyl,benzyl_fentanyl,-0.0765540823340416,True,True,Agilent-3,pSERS_Metrohm_silver,,,benzyl_fentanyl,quality_pass,0.7395510775954155
outer,nato_outer_o0__train_quality_pass__test_quality_pass,0,siamese,deterministic_edge_triplet,derivative_1,triplet,2718,session3_row479,acetaminophen,4_ANPP,-0.4428719878196716,True,False,Mira-1,pSERS_Metrohm_silver,,,acetaminophen,quality_pass,0.5729345095841721
outer,nato_outer_o0__train_quality_pass__test_quality_pass,0,siamese,deterministic_edge_triplet,derivative_1,triplet,2718,session3_row480,acetaminophen,4_ANPP,-0.226389467716217,True,False,Agilent-3,pSERS_Metrohm_silver,,,acetaminophen,quality_pass,0.6763272511412318
outer,nato_outer_o0__train_quality_pass__test_quality_pass,0,siamese,deterministic_edge_triplet,derivative_1,triplet,2718,session3_row481,acetaminophen,blank,-0.2171864956617355,True,False,Mira-1,pSERS_Metrohm_silver,,,acetaminophen,quality_pass,0.680437110519093
outer,nato_outer_o0__train_quality_pass__test_quality_pass,0,siamese,deterministic_edge_triplet,derivative_1,triplet,2718,session3_row482,acetaminophen,acetaminophen,-0.1280299574136734,True,True,Agilent-3,pSERS_Metrohm_silver,,,acetaminophen,quality_pass,0.7187505830540908
outer,nato_outer_o0__train_quality_pass__test_quality_pass,0,siamese,deterministic_edge_triplet,derivative_1,triplet,2718,session3_row483,acetaminophen,acetaminophen,-0.4462262988090515,True,True,Pendar-3,pSERS_Metrohm_silver,,,acetaminophen,quality_pass,0.5712537431367295
outer,nato_outer_o0__train_quality_pass__test_quality_pass,0,siamese,deterministic_edge_triplet,derivative_1,triplet,2718,session3_row484,acetaminophen,4_ANPP,-0.3399764597415924,True,False,RMX-2,pSERS_Metrohm_silver,,,acetaminophen,quality_pass,0.6235038418391048
outer,nato_outer_o0__train_quality_pass__test_quality_pass,0,siamese,deterministic_edge_triplet,derivative_1,triplet,2718,session3_row485,acetaminophen,acetaminophen,-0.2763167023658752,True,True,Pendar-3,pSERS_Metrohm_silver,,,acetaminophen,quality_pass,0.6535657018177016
outer,nato_outer_o0__train_quality_pass__test_quality_pass,0,siamese,deterministic_edge_triplet,derivative_1,triplet,2718,session3_row486,acetaminophen,acetaminophen,-0.3642934560775757,True,True,RMX-2,pSERS_Metrohm_silver,,,acetaminophen,quality_pass,0.6117498301846244
outer,nato_outer_o0__train_quality_pass__test_quality_pass,0,siamese,deterministic_edge_triplet,derivative_1,triplet,2718,session3_row497,acetaminophen,4_ANPP,-0.1372358500957489,True,False,Mira-1,pSERS_Metrohm_silver,,,acetaminophen,quality_pass,0.7149258119372703
outer,nato_outer_o0__train_quality_pass__test_quality_pass,0,siamese,deterministic_edge_triplet,derivative_1,triplet,2718,session3_row498,acetaminophen,benzyl_fentanyl,-0.2272487431764602,True,False,Mira-1,pSERS_Metrohm_silver,,,acetaminophen,quality_pass,0.6759421109969377
outer,nato_outer_o0__train_quality_pass__test_quality_pass,0,siamese,deterministic_edge_triplet,derivative_1,triplet,3141,session1_row31,blank,acetaminophen,-0.5971400141716003,True,False,Mira-3,pSERS_Metrohm_silver,,,blank,quality_pass,0.4516063883863291
outer,nato_outer_o0__train_quality_pass__test_quality_pass,0,siamese,deterministic_edge_triplet,derivative_1,triplet,3141,session1_row33,4_ANPP,4_ANPP,-0.5421194434165955,True,True,Mira-3,pSERS_Metrohm_silver,,,4_ANPP,quality_pass,0.48433491600072276
outer,nato_outer_o0__train_quality_pass__test_quality_pass,0,siamese,deterministic_edge_triplet,derivative_1,triplet,3141,session1_row36,blank,blank,-0.7055874466896057,True,True,Agilent-3,pSERS_Metrohm_silver,,,blank,quality_pass,0.38855833784372246
outer,nato_outer_o0__train_quality_pass__test_quality_pass,0,siamese,deterministic_edge_triplet,derivative_1,triplet,3141,session1_row37,4_ANPP,4_ANPP,-0.2434770762920379,True,True,Agilent-3,pSERS_Metrohm_silver,,,4_ANPP,quality_pass,0.6572553566409493
outer,nato_outer_o0__train_quality_pass__test_quality_pass,0,siamese,deterministic_edge_triplet,derivative_1,triplet,3141,session1_row38,4_ANPP,4_ANPP,-0.1411581635475158,True,True,Agilent-3,pSERS_Metrohm_silver,,,4_ANPP,quality_pass,0.710051341866217
outer,nato_outer_o0__train_quality_pass__test_quality_pass,0,siamese,deterministic_edge_triplet,derivative_1,triplet,3141,session1_row50,benzyl_fentanyl,benzyl_fentanyl,-0.3249006271362304,True,True,Agilent-3,pSERS_Metrohm_silver,,,benzyl_fentanyl,quality_pass,0.6121790936001833
outer,nato_outer_o0__train_quality_pass__test_quality_pass,0,siamese,deterministic_edge_triplet,derivative_1,triplet,3141,session1_row54,benzyl_fentanyl,benzyl_fentanyl,-0.4917459189891815,True,True,Mira-3,pSERS_Metrohm_silver,,,benzyl_fentanyl,quality_pass,0.5144244924591995
outer,nato_outer_o0__train_quality_pass__test_quality_pass,0,siamese,deterministic_edge_triplet,derivative_1,triplet,3141,session1_row64,benzyl_fentanyl,benzyl_fentanyl,-0.1469422876834869,True,True,Mira-3,pSERS_Metrohm_silver,,,benzyl_fentanyl,quality_pass,0.7071969737267714
outer,nato_outer_o0__train_quality_pass__test_quality_pass,0,siamese,deterministic_edge_triplet,derivative_1,triplet,3141,session1_row65,benzyl_fentanyl,benzyl_fentanyl,-0.3963949978351593,True,True,Pendar-2,pSERS_Metrohm_silver,,,benzyl_fentanyl,quality_pass,0.5709202374430665
outer,nato_outer_o0__train_quality_pass__test_quality_pass,0,siamese,deterministic_edge_triplet,derivative_1,triplet,3141,session1_row188,4_nitrophenol,4_nitrophenol,-0.0646007731556892,True,True,Pendar-2,H_SERS_H_Kit,,,4_nitrophenol,quality_pass,0.7462306185735176
outer,nato_outer_o0__train_quality_pass__test_quality_pass,0,siamese,deterministic_edge_triplet,derivative_1,triplet,3141,session1_row191,4_nitrophenol,4_nitrophenol,-0.0488831847906112,True,True,RMX-1,H_SERS_H_Kit,,,4_nitrophenol,quality_pass,0.7532784325146796
outer,nato_outer_o0__train_quality_pass__test_quality_pass,0,siamese,deterministic_edge_triplet,derivative_1,triplet,3141,session1_row223,4_nitrophenol,4_nitrophenol,-0.16304612159729,True,True,Mira-2,H_SERS_H_Kit,,,4_nitrophenol,quality_pass,0.6991640434539553
outer,nato_outer_o0__train_quality_pass__test_quality_pass,0,siamese,deterministic_edge_triplet,derivative_1,triplet,3141,session1_row227,ethanol,4_nitrophenol,-0.4167737066745758,True,False,Mira-2,H_SERS_H_Kit,,,ethanol,quality_pass,0.5589497382083788
outer,nato_outer_o0__train_quality_pass__test_quality_pass,0,siamese,deterministic_edge_triplet,derivative_1,triplet,3141,session1_row230,4_nitrophenol,4_nitrophenol,-0.3991818130016327,True,True,Mira-2,GaN_polymer,,,4_nitrophenol,quality_pass,0.5692878218220254
outer,nato_outer_o0__train_quality_pass__test_quality_pass,0,siamese,deterministic_edge_triplet,derivative_1,triplet,3141,session1_row231,4_nitrophenol,4_nitrophenol,-0.3720463514328003,True,True,Mira-2,GaN_polymer,,,4_nitrophenol,quality_pass,0.5851135269526245
outer,nato_outer_o0__train_quality_pass__test_quality_pass,0,siamese,deterministic_edge_triplet,derivative_1,triplet,3141,session1_row239,4_nitrophenol,4_nitrophenol,-0.0927425548434257,True,True,Agilent-3,H_SERS_H_Kit,,,4_nitrophenol,quality_pass,0.7332840183212437
outer,nato_outer_o0__train_quality_pass__test_quality_pass,0,siamese,deterministic_edge_triplet,derivative_1,triplet,3141,session1_row242,4_nitrophenol,4_ANPP,-0.4157021045684814,True,False,Agilent-3,GaN_polymer,,,4_nitrophenol,quality_pass,0.5595810357731247
outer,nato_outer_o0__train_quality_pass__test_quality_pass,0,siamese,deterministic_edge_triplet,derivative_1,triplet,3141,session1_row243,4_nitrophenol,4_nitrophenol,-0.0774454250931739,True,True,Agilent-3,GaN_polymer,,,4_nitrophenol,quality_pass,0.7403732693059716
outer,nato_outer_o0__train_quality_pass__test_quality_pass,0,siamese,deterministic_edge_triplet,derivative_1,triplet,3141,session1_row257,ethyl_paraoxon,ethyl_paraoxon,-0.1960736513137817,True,True,Mira-2,H_SERS_H_Kit,,,ethyl_paraoxon,quality_pass,0.6823045940582055
outer,nato_outer_o0__train_quality_pass__test_quality_pass,0,siamese,deterministic_edge_triplet,derivative_1,triplet,3141,session2_row39,4_ANPP,4_ANPP,-0.1446621865034103,True,True,Pendar-3,pSERS_Metrohm_silver,,,4_ANPP,quality_pass,0.7083241307458326
outer,nato_outer_o0__train_quality_pass__test_quality_pass,0,siamese,deterministic_edge_triplet,derivative_1,triplet,3141,session2_row40,4_ANPP,4_ANPP,-0.1340238451957702,True,True,Mira-3,pSERS_Metrohm_silver,,,4_ANPP,quality_pass,0.7135492279320305
outer,nato_outer_o0__train_quality_pass__test_quality_pass,0,siamese,deterministic_edge_triplet,derivative_1,triplet,3141,session2_row41,blank,blank,-0.4196891784667969,True,True,Mira-3,pSERS_Metrohm_silver,,,blank,quality_pass,0.5572312289561215
outer,nato_outer_o0__train_quality_pass__test_quality_pass,0,siamese,deterministic_edge_triplet,derivative_1,triplet,3141,session2_row47,benzyl_fentanyl,benzyl_fentanyl,-0.3481732010841369,True,True,Pendar-3,pSERS_Metrohm_silver,,,benzyl_fentanyl,quality_pass,0.5988939779585163
outer,nato_outer_o0__train_quality_pass__test_quality_pass,0,siamese,deterministic_edge_triplet,derivative_1,triplet,3141,session2_row48,benzyl_fentanyl,benzyl_fentanyl,-0.1640315055847168,True,True,Mira-3,pSERS_Metrohm_silver,,,benzyl_fentanyl,quality_pass,0.6986684524668584
outer,nato_outer_o0__train_quality_pass__test_quality_pass,0,siamese,deterministic_edge_triplet,derivative_1,triplet,3141,session2_row90,blank,blank,-0.210717424750328,True,True,Mira-3,pSERS_Metrohm_silver,,,blank,quality_pass,0.6746700512047393
outer,nato_outer_o0__train_quality_pass__test_quality_pass,0,siamese,deterministic_edge_triplet,derivative_1,triplet,3141,session2_row111,4_ANPP,4_ANPP,-0.1216970384120941,True,True,Agilent-3,pSERS_Metrohm_silver,,,4_ANPP,quality_pass,0.7195329997486369
outer,nato_outer_o0__train_quality_pass__test_quality_pass,0,siamese,deterministic_edge_triplet,derivative_1,triplet,3141,session2_row112,blank,blank,-0.2308175265789032,True,True,Agilent-3,pSERS_Metrohm_silver,,,blank,quality_pass,0.6640385487431871
outer,nato_outer_o0__train_quality_pass__test_quality_pass,0,siamese,deterministic_edge_triplet,derivative_1,triplet,3141,session2_row115,benzyl_fentanyl,benzyl_fentanyl,-0.2282114177942276,True,True,Agilent-3,pSERS_Metrohm_silver,,,benzyl_fentanyl,quality_pass,0.6654266970937485
outer,nato_outer_o0__train_quality_pass__test_quality_pass,0,siamese,deterministic_edge_triplet,derivative_1,triplet,3141,session2_row120,blank,blank,-0.1968226581811905,True,True,Agilent-3,pSERS_Metrohm_silver,,,blank,quality_pass,0.68191642386178
outer,nato_outer_o0__train_quality_pass__test_quality_pass,0,siamese,deterministic_edge_triplet,derivative_1,triplet,3141,session2_row195,4_ANPP,4_ANPP,-0.1898030787706375,True,True,Pendar-2,pSERS_Metrohm_silver,,,4_ANPP,quality_pass,0.6855443245343545
outer,nato_outer_o0__train_quality_pass__test_quality_pass,0,siamese,deterministic_edge_triplet,derivative_1,triplet,3141,session2_row202,4_ANPP,4_ANPP,-0.1312314420938491,True,True,RMX-2,pSERS_Metrohm_silver,,,4_ANPP,quality_pass,0.7149114171308151
outer,nato_outer_o0__train_quality_pass__test_quality_pass,0,siamese,deterministic_edge_triplet,derivative_1,triplet,3141,session2_row203,4_ANPP,4_ANPP,-0.2005724310874939,True,True,RMX-2,pSERS_Metrohm_silver,,,4_ANPP,quality_pass,0.6799693223223672
outer,nato_outer_o0__train_quality_pass__test_quality_pass,0,siamese,deterministic_edge_triplet,derivative_1,triplet,3141,session2_row207,benzyl_fentanyl,benzyl_fentanyl,-0.1102606803178787,True,True,RMX-2,pSERS_Metrohm_silver,,,benzyl_fentanyl,quality_pass,0.7250157774987699
outer,nato_outer_o0__train_quality_pass__test_quality_pass,0,siamese,deterministic_edge_triplet,derivative_1,triplet,3141,session2_row213,benzyl_fentanyl,benzyl_fentanyl,-0.1665476560592651,True,True,RMX-2,pSERS_Metrohm_silver,,,benzyl_fentanyl,quality_pass,0.697400871445573
outer,nato_outer_o0__train_quality_pass__test_quality_pass,0,siamese,deterministic_edge_triplet,derivative_1,triplet,3141,session2_row215,acetaminophen,acetaminophen,-0.1001346409320831,True,True,RMX-2,pSERS_Metrohm_silver,,,acetaminophen,quality_pass,0.7298144447456412
outer,nato_outer_o0__train_quality_pass__test_quality_pass,0,siamese,deterministic_edge_triplet,derivative_1,triplet,3141,session2_row216,acetaminophen,acetaminophen,-0.1886411607265472,True,True,RMX-2,pSERS_Metrohm_silver,,,acetaminophen,quality_pass,0.6861426699846267
outer,nato_outer_o0__train_quality_pass__test_quality_pass,0,siamese,deterministic_edge_triplet,derivative_1,triplet,3141,session2_row218,acetaminophen,blank,-0.4493135213851928,True,False,RMX-2,pSERS_Metrohm_silver,,,acetaminophen,quality_pass,0.5396985627042237
outer,nato_outer_o0__train_quality_pass__test_quality_pass,0,siamese,deterministic_edge_triplet,derivative_1,triplet,3141,session2_row223,acetaminophen,acetaminophen,-0.3017221093177795,True,True,Pendar-2,pSERS_Metrohm_silver,,,acetaminophen,quality_pass,0.6252468182508673
outer,nato_outer_o0__train_quality_pass__test_quality_pass,0,siamese,deterministic_edge_triplet,derivative_1,triplet,3141,session2_row229,benzyl_fentanyl,benzyl_fentanyl,-0.2352295815944671,True,True,Pendar-2,pSERS_Metrohm_silver,,,benzyl_fentanyl,quality_pass,0.6616819967187746
outer,nato_outer_o0__train_quality_pass__test_quality_pass,0,siamese,deterministic_edge_triplet,derivative_1,triplet,3141,session2_row287,4_nitrophenol,4_nitrophenol,-0.069887675344944,True,True,RMX-1,H_SERS_H_Kit,,,4_nitrophenol,quality_pass,0.7438303124660425
outer,nato_outer_o0__train_quality_pass__test_quality_pass,0,siamese,deterministic_edge_triplet,derivative_1,triplet,3141,session2_row292,4_nitrophenol,4_nitrophenol,-0.0571475848555564,True,True,Agilent-3,H_SERS_H_Kit,,,4_nitrophenol,quality_pass,0.7495891368789664
outer,nato_outer_o0__train_quality_pass__test_quality_pass,0,siamese,deterministic_edge_triplet,derivative_1,triplet,3141,session2_row293,4_nitrophenol,4_nitrophenol,-0.0535583421587944,True,True,Mira-2,H_SERS_H_Kit,,,4_nitrophenol,quality_pass,0.7511959052203081
outer,nato_outer_o0__train_quality_pass__test_quality_pass,0,siamese,deterministic_edge_triplet,derivative_1,triplet,3141,session2_row299,4_nitrophenol,ethyl_paraoxon,-0.2337595522403717,True,False,RMX-1,NRC_Canadian_SERS,,,4_nitrophenol,quality_pass,0.6624680624614778
outer,nato_outer_o0__train_quality_pass__test_quality_pass,0,siamese,deterministic_edge_triplet,derivative_1,triplet,3141,session2_row308,4_nitrophenol,acetaminophen,-0.3421823382377624,True,False,RMX-1,NRC_Canadian_SERS,,,4_nitrophenol,quality_pass,0.6023286247715668
outer,nato_outer_o0__train_quality_pass__test_quality_pass,0,siamese,deterministic_edge_triplet,derivative_1,triplet,3141,session2_row315,4_nitrophenol,4_nitrophenol,-0.169880598783493,True,True,Mira-2,NRC_Canadian_SERS,,,4_nitrophenol,quality_pass,0.6957171715754976
outer,nato_outer_o0__train_quality_pass__test_quality_pass,0,siamese,deterministic_edge_triplet,derivative_1,triplet,3141,session2_row333,ethanol,4_nitrophenol,-0.4365410804748535,True,False,RMX-1,H_SERS_H_Kit,,,ethanol,quality_pass,0.5472723541242696
outer,nato_outer_o0__train_quality_pass__test_quality_pass,0,siamese,deterministic_edge_triplet,derivative_1,triplet,3141,session2_row335,ethanol,ethanol,-0.247049018740654,True,True,Mira-2,H_SERS_H_Kit,,,ethanol,quality_pass,0.6553296258597361
outer,nato_outer_o0__train_quality_pass__test_quality_pass,0,siamese,deterministic_edge_triplet,derivative_1,triplet,3141,session2_row338,ethanol,ethanol,-0.1916905045509338,True,True,Agilent-3,H_SERS_H_Kit,,,ethanol,quality_pass,0.6845710546297586
outer,nato_outer_o0__train_quality_pass__test_quality_pass,0,siamese,deterministic_edge_triplet,derivative_1,triplet,3141,session2_row347,ethanol,ethyl_paraoxon,-0.3853138983249664,True,False,Mira-2,NRC_Canadian_SERS,,,ethanol,quality_pass,0.5773955620779159
outer,nato_outer_o0__train_quality_pass__test_quality_pass,0,siamese,deterministic_edge_triplet,derivative_1,triplet,3141,session2_row355,ethanol,blank,-0.4147879183292389,True,False,Pendar-3,NRC_Canadian_SERS,,,ethanol,quality_pass,0.5601194449944844
outer,nato_outer_o0__train_quality_pass__test_quality_pass,0,siamese,deterministic_edge_triplet,derivative_1,triplet,3141,session3_row29,4_nitrophenol,4_nitrophenol,-0.1648409366607666,True,True,RMX-1,H_SERS_H_Kit,,,4_nitrophenol,quality_pass,0.6982610084552549
outer,nato_outer_o0__train_quality_pass__test_quality_pass,0,siamese,deterministic_edge_triplet,derivative_1,triplet,3141,session3_row30,4_nitrophenol,4_nitrophenol,-0.0661606714129448,True,True,Mira-2,H_SERS_H_Kit,,,4_nitrophenol,quality_pass,0.7455239554344872
outer,nato_outer_o0__train_quality_pass__test_quality_pass,0,siamese,deterministic_edge_triplet,derivative_1,triplet,3141,session3_row105,ethyl_paraoxon,ethyl_paraoxon,-0.0299524664878845,True,True,Mira-2,H_SERS_H_Kit,,,ethyl_paraoxon,quality_pass,0.761590584245126
outer,nato_outer_o0__train_quality_pass__test_quality_pass,0,siamese,deterministic_edge_triplet,derivative_1,triplet,3141,session3_row149,ethanol,ethanol,-0.3157535791397095,True,True,Mira-2,H_SERS_H_Kit,,,ethanol,quality_pass,0.6173565345455393
outer,nato_outer_o0__train_quality_pass__test_quality_pass,0,siamese,deterministic_edge_triplet,derivative_1,triplet,3141,session3_row154,ethanol,ethanol,-0.194401279091835,True,True,RMX-1,H_SERS_H_Kit,,,ethanol,quality_pass,0.6831703804761394
outer,nato_outer_o0__train_quality_pass__test_quality_pass,0,siamese,deterministic_edge_triplet,derivative_1,triplet,3141,session3_row169,ethyl_paraoxon,ethyl_paraoxon,-0.0315576121211051,True,True,Mira-2,H_SERS_H_Kit,,,ethyl_paraoxon,quality_pass,0.760893315091708
outer,nato_outer_o0__train_quality_pass__test_quality_pass,0,siamese,deterministic_edge_triplet,derivative_1,triplet,3141,session3_row211,4_ANPP,benzyl_fentanyl,-0.1468058973550796,True,False,Mira-3,pSERS_Metrohm_silver,,,4_ANPP,quality_pass,0.707264469365344
outer,nato_outer_o0__train_quality_pass__test_quality_pass,0,siamese,deterministic_edge_triplet,derivative_1,triplet,3141,session3_row217,4_ANPP,4_ANPP,-0.059150144457817,True,True,Pendar-1,pSERS_Metrohm_silver,,,4_ANPP,quality_pass,0.7486896689186895
outer,nato_outer_o0__train_quality_pass__test_quality_pass,0,siamese,deterministic_edge_triplet,derivative_1,triplet,3141,session3_row224,benzyl_fentanyl,blank,-0.4426387250423431,True,False,Pendar-1,pSERS_Metrohm_silver,,,benzyl_fentanyl,quality_pass,0.5436590895967893
outer,nato_outer_o0__train_quality_pass__test_quality_pass,0,siamese,deterministic_edge_triplet,derivative_1,triplet,3141,session3_row225,4_ANPP,4_ANPP,-0.1720084100961685,True,True,Mira-3,pSERS_Metrohm_silver,,,4_ANPP,quality_pass,0.694639515100858
outer,nato_outer_o0__train_quality_pass__test_quality_pass,0,siamese,deterministic_edge_triplet,derivative_1,triplet,3141,session3_row235,benzyl_fentanyl,benzyl_fentanyl,-0.1152235716581344,True,True,Mira-3,pSERS_Metrohm_silver,,,benzyl_fentanyl,quality_pass,0.7226446707534132
outer,nato_outer_o0__train_quality_pass__test_quality_pass,0,siamese,deterministic_edge_triplet,derivative_1,triplet,3141,session3_row256,4_ANPP,4_ANPP,-0.1829060912132263,True,True,Agilent-1,pSERS_Metrohm_silver,,,4_ANPP,quality_pass,0.6890869387202957
outer,nato_outer_o0__train_quality_pass__test_quality_pass,0,siamese,deterministic_edge_triplet,derivative_1,triplet,3141,session3_row259,blank,blank,-0.2253014892339706,True,True,Agilent-1,pSERS_Metrohm_silver,,,blank,quality_pass,0.6669732978683461
outer,nato_outer_o0__train_quality_pass__test_quality_pass,0,siamese,deterministic_edge_triplet,derivative_1,triplet,3141,session3_row263,blank,ethanol,-0.7406373023986816,True,False,Pendar-1,pSERS_Metrohm_silver,,,blank,quality_pass,0.3688515461820399
outer,nato_outer_o0__train_quality_pass__test_quality_pass,0,siamese,deterministic_edge_triplet,derivative_1,triplet,3141,session3_row268,benzyl_fentanyl,benzyl_fentanyl,-0.2589273154735565,True,True,Agilent-1,pSERS_Metrohm_silver,,,benzyl_fentanyl,quality_pass,0.6488892159043138
outer,nato_outer_o0__train_quality_pass__test_quality_pass,0,siamese,deterministic_edge_triplet,derivative_1,triplet,3141,session3_row277,blank,4_ANPP,-0.119364283978939,True,False,Pendar-1,pSERS_Metrohm_silver,,,blank,quality_pass,0.7206567625703777
outer,nato_outer_o0__train_quality_pass__test_quality_pass,0,siamese,deterministic_edge_triplet,derivative_1,triplet,3141,session3_row286,blank,blank,-0.2906491160392761,True,True,Agilent-1,pSERS_Metrohm_silver,,,blank,quality_pass,0.6314270527869962
outer,nato_outer_o0__train_quality_pass__test_quality_pass,0,siamese,deterministic_edge_triplet,derivative_1,triplet,3141,session3_row289,blank,blank,-0.382814884185791,True,True,Mira-3,pSERS_Metrohm_silver,,,blank,quality_pass,0.5788522942845541
outer,nato_outer_o0__train_quality_pass__test_quality_pass,0,siamese,deterministic_edge_triplet,derivative_1,triplet,3141,session3_row296,blank,ethanol,-0.3852175772190094,True,False,Pendar-1,NRC_Canadian_SERS,,,blank,quality_pass,0.5774517349632788
outer,nato_outer_o0__train_quality_pass__test_quality_pass,0,siamese,deterministic_edge_triplet,derivative_1,triplet,3141,session3_row297,4_ANPP,acetaminophen,-0.1463346183300018,True,False,Pendar-1,NRC_Canadian_SERS,,,4_ANPP,quality_pass,0.7074976215469467
outer,nato_outer_o0__train_quality_pass__test_quality_pass,0,siamese,deterministic_edge_triplet,derivative_1,triplet,3141,session3_row298,blank,blank,-0.2601195871829986,True,True,Pendar-1,NRC_Canadian_SERS,,,blank,quality_pass,0.6482397154116083
outer,nato_outer_o0__train_quality_pass__test_quality_pass,0,siamese,deterministic_edge_triplet,derivative_1,triplet,3141,session3_row306,benzyl_fentanyl,blank,-0.6165953278541565,True,False,Pendar-1,NRC_Canadian_SERS,,,benzyl_fentanyl,quality_pass,0.4401184531991296
outer,nato_outer_o0__train_quality_pass__test_quality_pass,0,siamese,deterministic_edge_triplet,derivative_1,triplet,3141,session3_row312,blank,blank,-0.5106645822525024,True,True,Pendar-1,NRC_Canadian_SERS,,,blank,quality_pass,0.5031243559288185
outer,nato_outer_o0__train_quality_pass__test_quality_pass,0,siamese,deterministic_edge_triplet,derivative_1,triplet,3141,session3_row315,benzyl_fentanyl,blank,-0.3274073004722595,True,False,Mira-3,NRC_Canadian_SERS,,,benzyl_fentanyl,quality_pass,0.6107557700208105
outer,nato_outer_o0__train_quality_pass__test_quality_pass,0,siamese,deterministic_edge_triplet,derivative_1,triplet,3141,session3_row322,blank,blank,-0.2613683640956878,True,True,Mira-3,NRC_Canadian_SERS,,,blank,quality_pass,0.6475588446476814
outer,nato_outer_o0__train_quality_pass__test_quality_pass,0,siamese,deterministic_edge_triplet,derivative_1,triplet,3141,session3_row323,4_ANPP,acetaminophen,-0.4260709583759308,True,False,Mira-3,NRC_Canadian_SERS,,,4_ANPP,quality_pass,0.553464792741696
outer,nato_outer_o0__train_quality_pass__test_quality_pass,0,siamese,deterministic_edge_triplet,derivative_1,triplet,3141,session3_row324,blank,blank,-0.3227735757827759,True,True,Mira-3,NRC_Canadian_SERS,,,blank,quality_pass,0.6133853639837837
outer,nato_outer_o0__train_quality_pass__test_quality_pass,0,siamese,deterministic_edge_triplet,derivative_1,triplet,3141,session3_row330,4_ANPP,4_ANPP,-0.0898867771029472,True,True,Pendar-1,pSERS_Metrohm_silver,,,4_ANPP,quality_pass,0.7346167985315694
outer,nato_outer_o0__train_quality_pass__test_quality_pass,0,siamese,deterministic_edge_triplet,derivative_1,triplet,3141,session3_row331,blank,acetaminophen,-0.2592059969902038,True,False,Pendar-1,pSERS_Metrohm_silver,,,blank,quality_pass,0.6487374509616937
outer,nato_outer_o0__train_quality_pass__test_quality_pass,0,siamese,deterministic_edge_triplet,derivative_1,triplet,3141,session3_row334,benzyl_fentanyl,benzyl_fentanyl,-0.3048635721206665,True,True,Pendar-1,pSERS_Metrohm_silver,,,benzyl_fentanyl,quality_pass,0.6234858934497435
outer,nato_outer_o0__train_quality_pass__test_quality_pass,0,siamese,deterministic_edge_triplet,derivative_1,triplet,3141,session3_row347,blank,blank,-0.2663978636264801,True,True,Pendar-1,pSERS_Metrohm_silver,,,blank,quality_pass,0.6448105586507675
outer,nato_outer_o0__train_quality_pass__test_quality_pass,0,siamese,deterministic_edge_triplet,derivative_1,triplet,3141,session3_row457,benzyl_fentanyl,benzyl_fentanyl,-0.4082866609096527,True,True,Pendar-3,pSERS_Metrohm_silver,,,benzyl_fentanyl,quality_pass,0.5639442038219435
outer,nato_outer_o0__train_quality_pass__test_quality_pass,0,siamese,deterministic_edge_triplet,derivative_1,triplet,3141,session3_row458,benzyl_fentanyl,benzyl_fentanyl,-0.270656406879425,True,True,RMX-2,pSERS_Metrohm_silver,,,benzyl_fentanyl,quality_pass,0.642476049454295
outer,nato_outer_o0__train_quality_pass__test_quality_pass,0,siamese,deterministic_edge_triplet,derivative_1,triplet,3141,session3_row461,4_ANPP,4_ANPP,-0.2270642966032028,True,True,Pendar-3,pSERS_Metrohm_silver,,,4_ANPP,quality_pass,0.6660368084722187
outer,nato_outer_o0__train_quality_pass__test_quality_pass,0,siamese,deterministic_edge_triplet,derivative_1,triplet,3141,session3_row462,4_ANPP,4_ANPP,-0.2683611512184143,True,True,RMX-2,pSERS_Metrohm_silver,,,4_ANPP,quality_pass,0.6437351437935201
outer,nato_outer_o0__train_quality_pass__test_quality_pass,0,siamese,deterministic_edge_triplet,derivative_1,triplet,3141,session3_row465,benzyl_fentanyl,benzyl_fentanyl,-0.2941677868366241,True,True,Pendar-3,pSERS_Metrohm_silver,,,benzyl_fentanyl,quality_pass,0.6294677186287418
outer,nato_outer_o0__train_quality_pass__test_quality_pass,0,siamese,deterministic_edge_triplet,derivative_1,triplet,3141,session3_row466,benzyl_fentanyl,benzyl_fentanyl,-0.3375571370124817,True,True,RMX-2,pSERS_Metrohm_silver,,,benzyl_fentanyl,quality_pass,0.6049734597253049
outer,nato_outer_o0__train_quality_pass__test_quality_pass,0,siamese,deterministic_edge_triplet,derivative_1,triplet,3141,session3_row469,benzyl_fentanyl,benzyl_fentanyl,-0.1093542948365211,True,True,Mira-1,pSERS_Metrohm_silver,,,benzyl_fentanyl,quality_pass,0.7254474574464779
outer,nato_outer_o0__train_quality_pass__test_quality_pass,0,siamese,deterministic_edge_triplet,derivative_1,triplet,3141,session3_row470,benzyl_fentanyl,benzyl_fentanyl,-0.1011755913496017,True,True,Agilent-3,pSERS_Metrohm_silver,,,benzyl_fentanyl,quality_pass,0.7293235840022995
outer,nato_outer_o0__train_quality_pass__test_quality_pass,0,siamese,deterministic_edge_triplet,derivative_1,triplet,3141,session3_row473,4_ANPP,4_ANPP,-0.1501578837633133,True,True,Mira-1,pSERS_Metrohm_silver,,,4_ANPP,quality_pass,0.7056030301654489
outer,nato_outer_o0__train_quality_pass__test_quality_pass,0,siamese,deterministic_edge_triplet,derivative_1,triplet,3141,session3_row474,4_ANPP,4_ANPP,-0.0984395816922187,True,True,Agilent-3,pSERS_Metrohm_silver,,,4_ANPP,quality_pass,0.7306125501082336
outer,nato_outer_o0__train_quality_pass__test_quality_pass,0,siamese,deterministic_edge_triplet,derivative_1,triplet,3141,session3_row477,benzyl_fentanyl,benzyl_fentanyl,-0.1071257218718528,True,True,Mira-1,pSERS_Metrohm_silver,,,benzyl_fentanyl,quality_pass,0.7265070565576494
outer,nato_outer_o0__train_quality_pass__test_quality_pass,0,siamese,deterministic_edge_triplet,derivative_1,triplet,3141,session3_row478,benzyl_fentanyl,benzyl_fentanyl,-0.1343611925840377,True,True,Agilent-3,pSERS_Metrohm_silver,,,benzyl_fentanyl,quality_pass,0.7133843997130317
outer,nato_outer_o0__train_quality_pass__test_quality_pass,0,siamese,deterministic_edge_triplet,derivative_1,triplet,3141,session3_row479,acetaminophen,4_ANPP,-0.3854161202907562,True,False,Mira-1,pSERS_Metrohm_silver,,,acetaminophen,quality_pass,0.5773359457187038
outer,nato_outer_o0__train_quality_pass__test_quality_pass,0,siamese,deterministic_edge_triplet,derivative_1,triplet,3141,session3_row480,acetaminophen,4_ANPP,-0.2089200317859649,True,False,Agilent-3,pSERS_Metrohm_silver,,,acetaminophen,quality_pass,0.6756122392958794
outer,nato_outer_o0__train_quality_pass__test_quality_pass,0,siamese,deterministic_edge_triplet,derivative_1,triplet,3141,session3_row481,acetaminophen,acetaminophen,-0.2303182333707809,True,True,Mira-1,pSERS_Metrohm_silver,,,acetaminophen,quality_pass,0.6643047185920852
outer,nato_outer_o0__train_quality_pass__test_quality_pass,0,siamese,deterministic_edge_triplet,derivative_1,triplet,3141,session3_row482,acetaminophen,acetaminophen,-0.2277885228395462,True,True,Agilent-3,pSERS_Metrohm_silver,,,acetaminophen,quality_pass,0.6656516838109839
outer,nato_outer_o0__train_quality_pass__test_quality_pass,0,siamese,deterministic_edge_triplet,derivative_1,triplet,3141,session3_row483,acetaminophen,acetaminophen,-0.4997232556343078,True,True,Pendar-3,pSERS_Metrohm_silver,,,acetaminophen,quality_pass,0.5096607514351807
outer,nato_outer_o0__train_quality_pass__test_quality_pass,0,siamese,deterministic_edge_triplet,derivative_1,triplet,3141,session3_row484,acetaminophen,4_ANPP,-0.1701170057058334,True,False,RMX-2,pSERS_Metrohm_silver,,,acetaminophen,quality_pass,0.6955975460412223
outer,nato_outer_o0__train_quality_pass__test_quality_pass,0,siamese,deterministic_edge_triplet,derivative_1,triplet,3141,session3_row485,acetaminophen,acetaminophen,-0.4056377410888672,True,True,Pendar-3,pSERS_Metrohm_silver,,,acetaminophen,quality_pass,0.565500439256265
outer,nato_outer_o0__train_quality_pass__test_quality_pass,0,siamese,deterministic_edge_triplet,derivative_1,triplet,3141,session3_row486,acetaminophen,acetaminophen,-0.4266456067562103,True,True,RMX-2,pSERS_Metrohm_silver,,,acetaminophen,quality_pass,0.5531253353787046
outer,nato_outer_o0__train_quality_pass__test_quality_pass,0,siamese,deterministic_edge_triplet,derivative_1,triplet,3141,session3_row497,acetaminophen,4_ANPP,-0.1499321162700653,True,False,Mira-1,pSERS_Metrohm_silver,,,acetaminophen,quality_pass,0.7057151061366531
outer,nato_outer_o0__train_quality_pass__test_quality_pass,0,siamese,deterministic_edge_triplet,derivative_1,triplet,3141,session3_row498,acetaminophen,benzyl_fentanyl,-0.5059417486190796,True,False,Mira-1,pSERS_Metrohm_silver,,,acetaminophen,quality_pass,0.5059460588496453
outer,nato_outer_o0__train_quality_pass__test_field_quality_stress,0,siamese,deterministic_edge_triplet,derivative_1,triplet,1729,session1_row177,4_nitrophenol,ethanol,-0.1638938188552856,True,False,Pendar-2,H_SERS_H_Kit,,,4_nitrophenol,field_quality_stress,0.3961919720753082
outer,nato_outer_o0__train_quality_pass__test_field_quality_stress,0,siamese,deterministic_edge_triplet,derivative_1,triplet,1729,session1_row181,ethanol,ethanol,-0.1355284750461578,True,True,Pendar-2,H_SERS_H_Kit,,,ethanol,field_quality_stress,0.40048712073380066
outer,nato_outer_o0__train_quality_pass__test_field_quality_stress,0,siamese,deterministic_edge_triplet,derivative_1,triplet,1729,session1_row202,4_nitrophenol,acetaminophen,-0.1007235050201416,True,False,Pendar-2,GaN_polymer,,,4_nitrophenol,field_quality_stress,0.40577827876190176
outer,nato_outer_o0__train_quality_pass__test_field_quality_stress,0,siamese,deterministic_edge_triplet,derivative_1,triplet,1729,session1_row204,4_nitrophenol,4_nitrophenol,-0.0410391278564929,True,True,Pendar-2,GaN_polymer,,,4_nitrophenol,field_quality_stress,0.4149021821643149
outer,nato_outer_o0__train_quality_pass__test_field_quality_stress,0,siamese,deterministic_edge_triplet,derivative_1,triplet,1729,session1_row261,ethyl_paraoxon,ethanol,-0.2256972193717956,True,False,Pendar-2,H_SERS_H_Kit,,,ethyl_paraoxon,field_quality_stress,0.3868896015927693
outer,nato_outer_o0__train_quality_pass__test_field_quality_stress,0,siamese,deterministic_edge_triplet,derivative_1,triplet,1729,session2_row42,blank,acetaminophen,-0.2744165658950805,True,False,Pendar-3,pSERS_Metrohm_silver,,,blank,field_quality_stress,0.3796139467942026
outer,nato_outer_o0__train_quality_pass__test_field_quality_stress,0,siamese,deterministic_edge_triplet,derivative_1,triplet,1729,session2_row91,blank,blank,-0.1515414416790008,True,True,Pendar-3,pSERS_Metrohm_silver,,,blank,field_quality_stress,0.39806047337898803
outer,nato_outer_o0__train_quality_pass__test_field_quality_stress,0,siamese,deterministic_edge_triplet,derivative_1,triplet,1729,session2_row190,benzyl_fentanyl,benzyl_fentanyl,-0.1472062170505523,True,True,Pendar-2,pSERS_Metrohm_silver,,,benzyl_fentanyl,field_quality_stress,0.3987169557280935
outer,nato_outer_o0__train_quality_pass__test_field_quality_stress,0,siamese,deterministic_edge_triplet,derivative_1,triplet,1729,session2_row225,acetaminophen,acetaminophen,-0.3041924834251404,True,True,Pendar-2,pSERS_Metrohm_silver,,,acetaminophen,field_quality_stress,0.3751935362730709
outer,nato_outer_o0__train_quality_pass__test_field_quality_stress,0,siamese,deterministic_edge_triplet,derivative_1,triplet,1729,session3_row3,4_nitrophenol,4_nitrophenol,-0.0938315913081169,True,True,Pendar-2,H_SERS_H_Kit,,,4_nitrophenol,field_quality_stress,0.4068286509281831
outer,nato_outer_o0__train_quality_pass__test_field_quality_stress,0,siamese,deterministic_edge_triplet,derivative_1,triplet,1729,session3_row11,ethanol,4_ANPP,-0.318730354309082,True,False,Pendar-2,H_SERS_H_Kit,,,ethanol,field_quality_stress,0.3730427880972851
outer,nato_outer_o0__train_quality_pass__test_field_quality_stress,0,siamese,deterministic_edge_triplet,derivative_1,triplet,1729,session3_row15,ethanol,acetaminophen,-0.2110849469900131,True,False,Pendar-2,H_SERS_H_Kit,,,ethanol,field_quality_stress,0.3890818142799111
outer,nato_outer_o0__train_quality_pass__test_field_quality_stress,0,siamese,deterministic_edge_triplet,derivative_1,triplet,1729,session3_row74,ethyl_paraoxon,ethanol,-0.0433828309178352,True,False,Pendar-2,H_SERS_H_Kit,,,ethyl_paraoxon,field_quality_stress,0.41454275532350277
outer,nato_outer_o0__train_quality_pass__test_field_quality_stress,0,siamese,deterministic_edge_triplet,derivative_1,triplet,1729,session3_row84,ethyl_paraoxon,acetaminophen,-0.068452276289463,True,False,Pendar-2,H_SERS_H_Kit,,,ethyl_paraoxon,field_quality_stress,0.4107039044345708
outer,nato_outer_o0__train_quality_pass__test_field_quality_stress,0,siamese,deterministic_edge_triplet,derivative_1,triplet,1729,session3_row93,ethanol,acetaminophen,-0.1890669167041778,True,False,Pendar-2,H_SERS_H_Kit,,,ethanol,field_quality_stress,0.3923935418115857
outer,nato_outer_o0__train_quality_pass__test_field_quality_stress,0,siamese,deterministic_edge_triplet,derivative_1,triplet,2718,session1_row177,4_nitrophenol,acetaminophen,-0.3410084843635559,True,False,Pendar-2,H_SERS_H_Kit,,,4_nitrophenol,field_quality_stress,0.32183510207644256
outer,nato_outer_o0__train_quality_pass__test_field_quality_stress,0,siamese,deterministic_edge_triplet,derivative_1,triplet,2718,session1_row181,ethanol,ethanol,-0.1743026077747345,True,True,Pendar-2,H_SERS_H_Kit,,,ethanol,field_quality_stress,0.33213785475812563
outer,nato_outer_o0__train_quality_pass__test_field_quality_stress,0,siamese,deterministic_edge_triplet,derivative_1,triplet,2718,session1_row202,4_nitrophenol,acetaminophen,-0.395864188671112,True,False,Pendar-2,GaN_polymer,,,4_nitrophenol,field_quality_stress,0.3184818419763737
outer,nato_outer_o0__train_quality_pass__test_field_quality_stress,0,siamese,deterministic_edge_triplet,derivative_1,triplet,2718,session1_row204,4_nitrophenol,ethyl_paraoxon,-0.2546393275260925,True,False,Pendar-2,GaN_polymer,,,4_nitrophenol,field_quality_stress,0.3271520537777392
outer,nato_outer_o0__train_quality_pass__test_field_quality_stress,0,siamese,deterministic_edge_triplet,derivative_1,triplet,2718,session1_row261,ethyl_paraoxon,ethyl_paraoxon,-0.2768787145614624,True,True,Pendar-2,H_SERS_H_Kit,,,ethyl_paraoxon,field_quality_stress,0.3257786598845814
outer,nato_outer_o0__train_quality_pass__test_field_quality_stress,0,siamese,deterministic_edge_triplet,derivative_1,triplet,2718,session2_row42,blank,acetaminophen,-0.1813437938690185,True,False,Pendar-3,pSERS_Metrohm_silver,,,blank,field_quality_stress,0.33169934174752774
outer,nato_outer_o0__train_quality_pass__test_field_quality_stress,0,siamese,deterministic_edge_triplet,derivative_1,triplet,2718,session2_row91,blank,blank,-0.0990793034434318,True,True,Pendar-3,pSERS_Metrohm_silver,,,blank,field_quality_stress,0.3368406929297711
outer,nato_outer_o0__train_quality_pass__test_field_quality_stress,0,siamese,deterministic_edge_triplet,derivative_1,triplet,2718,session2_row190,benzyl_fentanyl,benzyl_fentanyl,-0.0967470556497573,True,True,Pendar-2,pSERS_Metrohm_silver,,,benzyl_fentanyl,field_quality_stress,0.3369870249105177
outer,nato_outer_o0__train_quality_pass__test_field_quality_stress,0,siamese,deterministic_edge_triplet,derivative_1,triplet,2718,session2_row225,acetaminophen,acetaminophen,-0.187236487865448,True,True,Pendar-2,pSERS_Metrohm_silver,,,acetaminophen,field_quality_stress,0.3313325791171048
outer,nato_outer_o0__train_quality_pass__test_field_quality_stress,0,siamese,deterministic_edge_triplet,derivative_1,triplet,2718,session3_row3,4_nitrophenol,4_nitrophenol,-0.2494515776634216,True,True,Pendar-2,H_SERS_H_Kit,,,4_nitrophenol,field_quality_stress,0.32747285104230694
outer,nato_outer_o0__train_quality_pass__test_field_quality_stress,0,siamese,deterministic_edge_triplet,derivative_1,triplet,2718,session3_row11,ethanol,4_ANPP,-0.3276579678058624,True,False,Pendar-2,H_SERS_H_Kit,,,ethanol,field_quality_stress,0.32265400464762845
outer,nato_outer_o0__train_quality_pass__test_field_quality_stress,0,siamese,deterministic_edge_triplet,derivative_1,triplet,2718,session3_row15,ethanol,ethanol,-0.3999214172363281,True,True,Pendar-2,H_SERS_H_Kit,,,ethanol,field_quality_stress,0.31823456854498255
outer,nato_outer_o0__train_quality_pass__test_field_quality_stress,0,siamese,deterministic_edge_triplet,derivative_1,triplet,2718,session3_row74,ethyl_paraoxon,ethanol,-0.1457414627075195,True,False,Pendar-2,H_SERS_H_Kit,,,ethyl_paraoxon,field_quality_stress,0.33391957451082177
outer,nato_outer_o0__train_quality_pass__test_field_quality_stress,0,siamese,deterministic_edge_triplet,derivative_1,triplet,2718,session3_row84,ethyl_paraoxon,acetaminophen,-0.2773869931697845,True,False,Pendar-2,H_SERS_H_Kit,,,ethyl_paraoxon,field_quality_stress,0.32574730596096685
outer,nato_outer_o0__train_quality_pass__test_field_quality_stress,0,siamese,deterministic_edge_triplet,derivative_1,triplet,2718,session3_row93,ethanol,acetaminophen,-0.4008846879005432,True,False,Pendar-2,H_SERS_H_Kit,,,ethanol,field_quality_stress,0.3181758757157178
outer,nato_outer_o0__train_quality_pass__test_field_quality_stress,0,siamese,deterministic_edge_triplet,derivative_1,triplet,3141,session1_row177,4_nitrophenol,ethanol,-0.1371727883815765,True,False,Pendar-2,H_SERS_H_Kit,,,4_nitrophenol,field_quality_stress,0.33138302541646936
outer,nato_outer_o0__train_quality_pass__test_field_quality_stress,0,siamese,deterministic_edge_triplet,derivative_1,triplet,3141,session1_row181,ethanol,acetaminophen,-0.07533610612154,True,False,Pendar-2,H_SERS_H_Kit,,,ethanol,field_quality_stress,0.33441330248161333
outer,nato_outer_o0__train_quality_pass__test_field_quality_stress,0,siamese,deterministic_edge_triplet,derivative_1,triplet,3141,session1_row202,4_nitrophenol,acetaminophen,-0.3718626201152801,True,False,Pendar-2,GaN_polymer,,,4_nitrophenol,field_quality_stress,0.3200102974803365
outer,nato_outer_o0__train_quality_pass__test_field_quality_stress,0,siamese,deterministic_edge_triplet,derivative_1,triplet,3141,session1_row204,4_nitrophenol,4_nitrophenol,-0.1408339738845825,True,True,Pendar-2,GaN_polymer,,,4_nitrophenol,field_quality_stress,0.33120404517851726
outer,nato_outer_o0__train_quality_pass__test_field_quality_stress,0,siamese,deterministic_edge_triplet,derivative_1,triplet,3141,session1_row261,ethyl_paraoxon,ethyl_paraoxon,-0.3135768473148346,True,True,Pendar-2,H_SERS_H_Kit,,,ethyl_paraoxon,field_quality_stress,0.32281550027821504
outer,nato_outer_o0__train_quality_pass__test_field_quality_stress,0,siamese,deterministic_edge_triplet,derivative_1,triplet,3141,session2_row42,blank,acetaminophen,-0.4504817426204681,True,False,Pendar-3,pSERS_Metrohm_silver,,,blank,field_quality_stress,0.3162470351117085
outer,nato_outer_o0__train_quality_pass__test_field_quality_stress,0,siamese,deterministic_edge_triplet,derivative_1,triplet,3141,session2_row91,blank,blank,-0.161683514714241,True,True,Pendar-3,pSERS_Metrohm_silver,,,blank,field_quality_stress,0.3301857287921672
outer,nato_outer_o0__train_quality_pass__test_field_quality_stress,0,siamese,deterministic_edge_triplet,derivative_1,triplet,3141,session2_row190,benzyl_fentanyl,benzyl_fentanyl,-0.1047541871666908,True,True,Pendar-2,pSERS_Metrohm_silver,,,benzyl_fentanyl,field_quality_stress,0.3329699603557589
outer,nato_outer_o0__train_quality_pass__test_field_quality_stress,0,siamese,deterministic_edge_triplet,derivative_1,triplet,3141,session2_row225,acetaminophen,acetaminophen,-0.3210850059986114,True,True,Pendar-2,pSERS_Metrohm_silver,,,acetaminophen,field_quality_stress,0.32245342228306906
outer,nato_outer_o0__train_quality_pass__test_field_quality_stress,0,siamese,deterministic_edge_triplet,derivative_1,triplet,3141,session3_row3,4_nitrophenol,4_nitrophenol,-0.1612895876169204,True,True,Pendar-2,H_SERS_H_Kit,,,4_nitrophenol,field_quality_stress,0.3302049539464275
outer,nato_outer_o0__train_quality_pass__test_field_quality_stress,0,siamese,deterministic_edge_triplet,derivative_1,triplet,3141,session3_row11,ethanol,4_ANPP,-0.1156959906220436,True,False,Pendar-2,H_SERS_H_Kit,,,ethanol,field_quality_stress,0.3324339182483585
outer,nato_outer_o0__train_quality_pass__test_field_quality_stress,0,siamese,deterministic_edge_triplet,derivative_1,triplet,3141,session3_row15,ethanol,acetaminophen,-0.0762135684490203,True,False,Pendar-2,H_SERS_H_Kit,,,ethanol,field_quality_stress,0.33437020641791104
outer,nato_outer_o0__train_quality_pass__test_field_quality_stress,0,siamese,deterministic_edge_triplet,derivative_1,triplet,3141,session3_row74,ethyl_paraoxon,ethanol,-0.3137089610099792,True,False,Pendar-2,H_SERS_H_Kit,,,ethyl_paraoxon,field_quality_stress,0.3228091273084701
outer,nato_outer_o0__train_quality_pass__test_field_quality_stress,0,siamese,deterministic_edge_triplet,derivative_1,triplet,3141,session3_row84,ethyl_paraoxon,acetaminophen,-0.1269319206476211,True,False,Pendar-2,H_SERS_H_Kit,,,ethyl_paraoxon,field_quality_stress,0.33188391801775824
outer,nato_outer_o0__train_quality_pass__test_field_quality_stress,0,siamese,deterministic_edge_triplet,derivative_1,triplet,3141,session3_row93,ethanol,acetaminophen,-0.1954044848680496,True,False,Pendar-2,H_SERS_H_Kit,,,ethanol,field_quality_stress,0.3285421247572479
outer,nato_outer_o1__train_strict_core__test_strict_core,1,siamese,deterministic_edge_triplet,derivative_1,triplet,1729,session1_row10,benzyl_fentanyl,4_ANPP,-0.2301852256059646,True,False,Mira-3,pSERS_Metrohm_silver,,,benzyl_fentanyl,strict_core,0.6756233228463882
outer,nato_outer_o1__train_strict_core__test_strict_core,1,siamese,deterministic_edge_triplet,derivative_1,triplet,1729,session1_row12,benzyl_fentanyl,benzyl_fentanyl,-0.1178155019879341,True,True,Agilent-3,pSERS_Metrohm_silver,,,benzyl_fentanyl,strict_core,0.7368318690060837
outer,nato_outer_o1__train_strict_core__test_strict_core,1,siamese,deterministic_edge_triplet,derivative_1,triplet,1729,session1_row15,benzyl_fentanyl,benzyl_fentanyl,-0.2105107009410858,True,True,Agilent-3,pSERS_Metrohm_silver,,,benzyl_fentanyl,strict_core,0.6868701930194728
outer,nato_outer_o1__train_strict_core__test_strict_core,1,siamese,deterministic_edge_triplet,derivative_1,triplet,1729,session1_row22,benzyl_fentanyl,benzyl_fentanyl,-0.2888906300067901,True,True,Agilent-3,pSERS_Metrohm_silver,,,benzyl_fentanyl,strict_core,0.6408778424824171
outer,nato_outer_o1__train_strict_core__test_strict_core,1,siamese,deterministic_edge_triplet,derivative_1,triplet,1729,session1_row26,benzyl_fentanyl,acetaminophen,-0.412418931722641,True,False,Mira-3,pSERS_Metrohm_silver,,,benzyl_fentanyl,strict_core,0.5631516078004413
outer,nato_outer_o1__train_strict_core__test_strict_core,1,siamese,deterministic_edge_triplet,derivative_1,triplet,1729,session1_row29,4_ANPP,4_ANPP,-0.480752557516098,True,True,Agilent-3,pSERS_Metrohm_silver,,,4_ANPP,strict_core,0.5185066380268213
outer,nato_outer_o1__train_strict_core__test_strict_core,1,siamese,deterministic_edge_triplet,derivative_1,triplet,1729,session1_row30,benzyl_fentanyl,benzyl_fentanyl,-0.1754291802644729,True,True,Agilent-3,pSERS_Metrohm_silver,,,benzyl_fentanyl,strict_core,0.7063841233264637
outer,nato_outer_o1__train_strict_core__test_strict_core,1,siamese,deterministic_edge_triplet,derivative_1,triplet,1729,session1_row35,4_ANPP,4_ANPP,-0.2530857920646667,True,True,Mira-3,pSERS_Metrohm_silver,,,4_ANPP,strict_core,0.6622729692207601
outer,nato_outer_o1__train_strict_core__test_strict_core,1,siamese,deterministic_edge_triplet,derivative_1,triplet,1729,session1_row41,4_ANPP,acetaminophen,-0.3974631428718567,True,False,Mira-3,pSERS_Metrohm_silver,,,4_ANPP,strict_core,0.5728128528349793
outer,nato_outer_o1__train_strict_core__test_strict_core,1,siamese,deterministic_edge_triplet,derivative_1,triplet,1729,session1_row42,4_ANPP,4_ANPP,-0.2572669088840484,True,True,Agilent-3,pSERS_Metrohm_silver,,,4_ANPP,strict_core,0.6598065356266614
outer,nato_outer_o1__train_strict_core__test_strict_core,1,siamese,deterministic_edge_triplet,derivative_1,triplet,1729,session1_row51,blank,blank,-0.2191819846630096,True,True,Agilent-3,pSERS_Metrohm_silver,,,blank,strict_core,0.6819393356885755
outer,nato_outer_o1__train_strict_core__test_strict_core,1,siamese,deterministic_edge_triplet,derivative_1,triplet,1729,session1_row56,blank,blank,-0.4753386974334717,True,True,Pendar-2,pSERS_Metrohm_silver,,,blank,strict_core,0.522064032105738
outer,nato_outer_o1__train_strict_core__test_strict_core,1,siamese,deterministic_edge_triplet,derivative_1,triplet,1729,session1_row58,blank,acetaminophen,-0.2819169163703918,True,False,Pendar-2,pSERS_Metrohm_silver,,,blank,strict_core,0.6450923785455183
outer,nato_outer_o1__train_strict_core__test_strict_core,1,siamese,deterministic_edge_triplet,derivative_1,triplet,1729,session1_row67,blank,ethyl_paraoxon,-0.3413174748420715,True,False,Pendar-2,pSERS_Metrohm_silver,,,blank,strict_core,0.6085334570357094
outer,nato_outer_o1__train_strict_core__test_strict_core,1,siamese,deterministic_edge_triplet,derivative_1,triplet,1729,session1_row132,acetaminophen,acetaminophen,-0.3144845962524414,True,True,Pendar-3,pSERS_Metrohm_silver,,,acetaminophen,strict_core,0.6252271459405848
outer,nato_outer_o1__train_strict_core__test_strict_core,1,siamese,deterministic_edge_triplet,derivative_1,triplet,1729,session1_row135,acetaminophen,acetaminophen,-0.3002691864967346,True,True,Pendar-3,NRC_Canadian_SERS,,,acetaminophen,strict_core,0.6339545781073471
outer,nato_outer_o1__train_strict_core__test_strict_core,1,siamese,deterministic_edge_triplet,derivative_1,triplet,1729,session1_row136,acetaminophen,acetaminophen,-0.2497629821300506,True,True,RMX-2,pSERS_Metrohm_silver,,,acetaminophen,strict_core,0.6642268215337833
outer,nato_outer_o1__train_strict_core__test_strict_core,1,siamese,deterministic_edge_triplet,derivative_1,triplet,1729,session1_row138,acetaminophen,acetaminophen,-0.3849914073944092,True,True,RMX-2,NRC_Canadian_SERS,,,acetaminophen,strict_core,0.5808274935900899
outer,nato_outer_o1__train_strict_core__test_strict_core,1,siamese,deterministic_edge_triplet,derivative_1,triplet,1729,session1_row182,4_nitrophenol,4_nitrophenol,-0.435976505279541,True,True,Pendar-2,H_SERS_H_Kit,,,4_nitrophenol,strict_core,0.5478388488240611
outer,nato_outer_o1__train_strict_core__test_strict_core,1,siamese,deterministic_edge_triplet,derivative_1,triplet,1729,session1_row194,ethanol,ethanol,-0.3388778865337372,True,True,Pendar-2,H_SERS_H_Kit,,,ethanol,strict_core,0.6100624086710948
outer,nato_outer_o1__train_strict_core__test_strict_core,1,siamese,deterministic_edge_triplet,derivative_1,triplet,1729,session1_row199,4_nitrophenol,4_nitrophenol,-0.059259109199047,True,True,RMX-1,H_SERS_H_Kit,,,4_nitrophenol,strict_core,0.7656175074192583
outer,nato_outer_o1__train_strict_core__test_strict_core,1,siamese,deterministic_edge_triplet,derivative_1,triplet,1729,session1_row206,4_nitrophenol,4_nitrophenol,-0.059259109199047,True,True,RMX-1,GaN_polymer,,,4_nitrophenol,strict_core,0.7656175074192583
outer,nato_outer_o1__train_strict_core__test_strict_core,1,siamese,deterministic_edge_triplet,derivative_1,triplet,1729,session1_row207,4_nitrophenol,4_nitrophenol,-0.059259109199047,True,True,Pendar-2,GaN_polymer,,,4_nitrophenol,strict_core,0.7656175074192583
outer,nato_outer_o1__train_strict_core__test_strict_core,1,siamese,deterministic_edge_triplet,derivative_1,triplet,1729,session1_row209,4_nitrophenol,4_nitrophenol,-0.0660702586174011,True,True,Pendar-2,GaN_polymer,,,4_nitrophenol,strict_core,0.7623843902981616
outer,nato_outer_o1__train_strict_core__test_strict_core,1,siamese,deterministic_edge_triplet,derivative_1,triplet,1729,session1_row213,ethyl_paraoxon,ethyl_paraoxon,-0.2518027722835541,True,True,Pendar-2,H_SERS_H_Kit,,,ethyl_paraoxon,strict_core,0.6630280614914915
outer,nato_outer_o1__train_strict_core__test_strict_core,1,siamese,deterministic_edge_triplet,derivative_1,triplet,1729,session1_row226,ethanol,ethanol,-0.2306930720806121,True,True,Mira-2,H_SERS_H_Kit,,,ethanol,strict_core,0.67533023970531
outer,nato_outer_o1__train_strict_core__test_strict_core,1,siamese,deterministic_edge_triplet,derivative_1,triplet,1729,session1_row228,4_nitrophenol,4_nitrophenol,-0.059259109199047,True,True,Mira-2,H_SERS_H_Kit,,,4_nitrophenol,strict_core,0.7656175074192583
outer,nato_outer_o1__train_strict_core__test_strict_core,1,siamese,deterministic_edge_triplet,derivative_1,triplet,1729,session1_row232,4_nitrophenol,4_nitrophenol,-0.059259109199047,True,True,Mira-2,GaN_polymer,,,4_nitrophenol,strict_core,0.7656175074192583
outer,nato_outer_o1__train_strict_core__test_strict_core,1,siamese,deterministic_edge_triplet,derivative_1,triplet,1729,session1_row233,4_nitrophenol,4_nitrophenol,-0.059259109199047,True,True,Mira-2,GaN_polymer,,,4_nitrophenol,strict_core,0.7656175074192583
outer,nato_outer_o1__train_strict_core__test_strict_core,1,siamese,deterministic_edge_triplet,derivative_1,triplet,1729,session1_row237,ethyl_paraoxon,ethyl_paraoxon,-0.2004013061523437,True,True,Mira-2,H_SERS_H_Kit,,,ethyl_paraoxon,strict_core,0.6925658825781817
outer,nato_outer_o1__train_strict_core__test_strict_core,1,siamese,deterministic_edge_triplet,derivative_1,triplet,1729,session1_row244,4_nitrophenol,4_nitrophenol,-0.0520372837781906,True,True,Agilent-3,GaN_polymer,,,4_nitrophenol,strict_core,0.7690120828993441
outer,nato_outer_o1__train_strict_core__test_strict_core,1,siamese,deterministic_edge_triplet,derivative_1,triplet,1729,session1_row245,4_nitrophenol,4_nitrophenol,-0.059259109199047,True,True,Agilent-3,GaN_polymer,,,4_nitrophenol,strict_core,0.7656175074192583
outer,nato_outer_o1__train_strict_core__test_strict_core,1,siamese,deterministic_edge_triplet,derivative_1,triplet,1729,session2_row15,benzyl_fentanyl,benzyl_fentanyl,-0.1117952838540077,True,True,Pendar-3,pSERS_Metrohm_silver,,,benzyl_fentanyl,strict_core,0.7398936910448839
outer,nato_outer_o1__train_strict_core__test_strict_core,1,siamese,deterministic_edge_triplet,derivative_1,triplet,1729,session2_row19,benzyl_fentanyl,benzyl_fentanyl,-0.1164313182234764,True,True,Mira-3,pSERS_Metrohm_silver,,,benzyl_fentanyl,strict_core,0.7375378979889877
outer,nato_outer_o1__train_strict_core__test_strict_core,1,siamese,deterministic_edge_triplet,derivative_1,triplet,1729,session2_row35,benzyl_fentanyl,benzyl_fentanyl,-0.1332945823669433,True,True,Pendar-3,pSERS_Metrohm_silver,,,benzyl_fentanyl,strict_core,0.7288537544462926
outer,nato_outer_o1__train_strict_core__test_strict_core,1,siamese,deterministic_edge_triplet,derivative_1,triplet,1729,session2_row36,benzyl_fentanyl,benzyl_fentanyl,-0.0700288712978363,True,True,Mira-3,pSERS_Metrohm_silver,,,benzyl_fentanyl,strict_core,0.7604912645176243
outer,nato_outer_o1__train_strict_core__test_strict_core,1,siamese,deterministic_edge_triplet,derivative_1,triplet,1729,session2_row37,4_ANPP,4_ANPP,-0.0628603100776672,True,True,Mira-3,pSERS_Metrohm_silver,,,4_ANPP,strict_core,0.7639119027032054
outer,nato_outer_o1__train_strict_core__test_strict_core,1,siamese,deterministic_edge_triplet,derivative_1,triplet,1729,session2_row38,4_ANPP,4_ANPP,-0.1846476346254348,True,True,Pendar-3,pSERS_Metrohm_silver,,,4_ANPP,strict_core,0.7013254091279073
outer,nato_outer_o1__train_strict_core__test_strict_core,1,siamese,deterministic_edge_triplet,derivative_1,triplet,1729,session2_row49,blank,blank,-0.5054386854171753,True,True,Pendar-3,pSERS_Metrohm_silver,,,blank,strict_core,0.5022672568902077
outer,nato_outer_o1__train_strict_core__test_strict_core,1,siamese,deterministic_edge_triplet,derivative_1,triplet,1729,session2_row66,blank,blank,-0.1815516203641891,True,True,Mira-3,pSERS_Metrohm_silver,,,blank,strict_core,0.7030299543805231
outer,nato_outer_o1__train_strict_core__test_strict_core,1,siamese,deterministic_edge_triplet,derivative_1,triplet,1729,session2_row86,4_ANPP,4_ANPP,-0.2558787763118744,True,True,Pendar-3,pSERS_Metrohm_silver,,,4_ANPP,strict_core,0.6606263616422657
outer,nato_outer_o1__train_strict_core__test_strict_core,1,siamese,deterministic_edge_triplet,derivative_1,triplet,1729,session2_row87,4_ANPP,4_ANPP,-0.0738576874136924,True,True,Mira-3,pSERS_Metrohm_silver,,,4_ANPP,strict_core,0.7586504056536888
outer,nato_outer_o1__train_strict_core__test_strict_core,1,siamese,deterministic_edge_triplet,derivative_1,triplet,1729,session2_row105,benzyl_fentanyl,benzyl_fentanyl,-0.1688533872365951,True,True,Agilent-3,pSERS_Metrohm_silver,,,benzyl_fentanyl,strict_core,0.7099618821697853
outer,nato_outer_o1__train_strict_core__test_strict_core,1,siamese,deterministic_edge_triplet,derivative_1,triplet,1729,session2_row109,benzyl_fentanyl,benzyl_fentanyl,-0.1708659082651138,True,True,Agilent-3,pSERS_Metrohm_silver,,,benzyl_fentanyl,strict_core,0.7088696495561612
outer,nato_outer_o1__train_strict_core__test_strict_core,1,siamese,deterministic_edge_triplet,derivative_1,triplet,1729,session2_row110,4_ANPP,4_ANPP,-0.2875626981258392,True,True,Agilent-3,pSERS_Metrohm_silver,,,4_ANPP,strict_core,0.6416820741808021
outer,nato_outer_o1__train_strict_core__test_strict_core,1,siamese,deterministic_edge_triplet,derivative_1,triplet,1729,session2_row116,blank,blank,-0.1316927820444107,True,True,Agilent-3,pSERS_Metrohm_silver,,,blank,strict_core,0.7296863517686966
outer,nato_outer_o1__train_strict_core__test_strict_core,1,siamese,deterministic_edge_triplet,derivative_1,triplet,1729,session2_row118,4_ANPP,4_ANPP,-0.1299779415130615,True,True,Agilent-3,pSERS_Metrohm_silver,,,4_ANPP,strict_core,0.7305759200837839
outer,nato_outer_o1__train_strict_core__test_strict_core,1,siamese,deterministic_edge_triplet,derivative_1,triplet,1729,session2_row165,acetaminophen,blank,-0.3554742932319641,True,False,Pendar-2,pSERS_Metrohm_silver,,,acetaminophen,strict_core,0.5996197808628702
outer,nato_outer_o1__train_strict_core__test_strict_core,1,siamese,deterministic_edge_triplet,derivative_1,triplet,1729,session2_row166,acetaminophen,acetaminophen,-0.370621383190155,True,True,Pendar-2,pSERS_Metrohm_silver,,,acetaminophen,strict_core,0.5900091713367674
outer,nato_outer_o1__train_strict_core__test_strict_core,1,siamese,deterministic_edge_triplet,derivative_1,triplet,1729,session2_row177,acetaminophen,acetaminophen,-0.227590262889862,True,True,RMX-2,pSERS_Metrohm_silver,,,acetaminophen,strict_core,0.6771187495944263
outer,nato_outer_o1__train_strict_core__test_strict_core,1,siamese,deterministic_edge_triplet,derivative_1,triplet,1729,session2_row235,benzyl_fentanyl,benzyl_fentanyl,-0.0959275886416435,True,True,RMX-2,pSERS_Metrohm_silver,,,benzyl_fentanyl,strict_core,0.747852408955258
outer,nato_outer_o1__train_strict_core__test_strict_core,1,siamese,deterministic_edge_triplet,derivative_1,triplet,1729,session2_row241,benzyl_fentanyl,benzyl_fentanyl,-0.1305229514837265,True,True,Pendar-2,pSERS_Metrohm_silver,,,benzyl_fentanyl,strict_core,0.7302933982222309
outer,nato_outer_o1__train_strict_core__test_strict_core,1,siamese,deterministic_edge_triplet,derivative_1,triplet,1729,session2_row259,acetaminophen,acetaminophen,-0.3361983299255371,True,True,RMX-2,pSERS_Metrohm_silver,,,acetaminophen,strict_core,0.6117392642266699
outer,nato_outer_o1__train_strict_core__test_strict_core,1,siamese,deterministic_edge_triplet,derivative_1,triplet,1729,session2_row266,acetaminophen,blank,-0.4361220896244049,True,False,Pendar-2,pSERS_Metrohm_silver,,,acetaminophen,strict_core,0.547743904080966
outer,nato_outer_o1__train_strict_core__test_strict_core,1,siamese,deterministic_edge_triplet,derivative_1,triplet,1729,session2_row267,acetaminophen,acetaminophen,-0.3777950704097748,True,True,Pendar-2,pSERS_Metrohm_silver,,,acetaminophen,strict_core,0.5854329868211764
outer,nato_outer_o1__train_strict_core__test_strict_core,1,siamese,deterministic_edge_triplet,derivative_1,triplet,1729,session2_row272,acetaminophen,acetaminophen,-0.2075291872024536,True,True,Pendar-2,pSERS_Metrohm_silver,,,acetaminophen,strict_core,0.6885559668903487
outer,nato_outer_o1__train_strict_core__test_strict_core,1,siamese,deterministic_edge_triplet,derivative_1,triplet,1729,session2_row273,acetaminophen,acetaminophen,-0.5263472199440002,True,True,Pendar-2,pSERS_Metrohm_silver,,,acetaminophen,strict_core,0.48850779532741145
outer,nato_outer_o1__train_strict_core__test_strict_core,1,siamese,deterministic_edge_triplet,derivative_1,triplet,1729,session2_row331,ethanol,ethanol,-0.1218204051256179,True,True,RMX-1,H_SERS_H_Kit,,,ethanol,strict_core,0.7347822283478952
outer,nato_outer_o1__train_strict_core__test_strict_core,1,siamese,deterministic_edge_triplet,derivative_1,triplet,1729,session2_row332,ethanol,ethanol,-0.1731137186288833,True,True,Mira-2,H_SERS_H_Kit,,,ethanol,strict_core,0.7076468602657787
outer,nato_outer_o1__train_strict_core__test_strict_core,1,siamese,deterministic_edge_triplet,derivative_1,triplet,1729,session2_row334,ethanol,ethanol,-0.1891558021306991,True,True,Agilent-3,H_SERS_H_Kit,,,ethanol,strict_core,0.698833375052901
outer,nato_outer_o1__train_strict_core__test_strict_core,1,siamese,deterministic_edge_triplet,derivative_1,triplet,1729,session2_row336,4_nitrophenol,4_nitrophenol,-0.059259109199047,True,True,RMX-1,H_SERS_H_Kit,,,4_nitrophenol,strict_core,0.7656175074192583
outer,nato_outer_o1__train_strict_core__test_strict_core,1,siamese,deterministic_edge_triplet,derivative_1,triplet,1729,session2_row339,4_nitrophenol,4_nitrophenol,-0.059259109199047,True,True,Mira-2,H_SERS_H_Kit,,,4_nitrophenol,strict_core,0.7656175074192583
outer,nato_outer_o1__train_strict_core__test_strict_core,1,siamese,deterministic_edge_triplet,derivative_1,triplet,1729,session2_row340,4_nitrophenol,4_nitrophenol,-0.059259109199047,True,True,Agilent-3,H_SERS_H_Kit,,,4_nitrophenol,strict_core,0.7656175074192583
outer,nato_outer_o1__train_strict_core__test_strict_core,1,siamese,deterministic_edge_triplet,derivative_1,triplet,1729,session2_row343,ethanol,ethanol,-0.3066813945770263,True,True,RMX-1,NRC_Canadian_SERS,,,ethanol,strict_core,0.6300283474268764
outer,nato_outer_o1__train_strict_core__test_strict_core,1,siamese,deterministic_edge_triplet,derivative_1,triplet,1729,session2_row345,ethanol,ethyl_paraoxon,-0.4319393038749695,True,False,Mira-2,NRC_Canadian_SERS,,,ethanol,strict_core,0.5504703517064172
outer,nato_outer_o1__train_strict_core__test_strict_core,1,siamese,deterministic_edge_triplet,derivative_1,triplet,1729,session2_row346,4_nitrophenol,ethyl_paraoxon,-0.3251160085201263,True,False,RMX-1,NRC_Canadian_SERS,,,4_nitrophenol,strict_core,0.6186460902321602
outer,nato_outer_o1__train_strict_core__test_strict_core,1,siamese,deterministic_edge_triplet,derivative_1,triplet,1729,session2_row349,4_nitrophenol,4_nitrophenol,-0.2492160648107528,True,True,Mira-2,NRC_Canadian_SERS,,,4_nitrophenol,strict_core,0.6645478795704495
outer,nato_outer_o1__train_strict_core__test_strict_core,1,siamese,deterministic_edge_triplet,derivative_1,triplet,1729,session2_row353,ethanol,ethanol,-0.3430445492267608,True,True,Pendar-3,NRC_Canadian_SERS,,,ethanol,strict_core,0.6074497647166222
outer,nato_outer_o1__train_strict_core__test_strict_core,1,siamese,deterministic_edge_triplet,derivative_1,triplet,1729,session2_row357,4_nitrophenol,ethyl_paraoxon,-0.3938296735286712,True,False,Pendar-3,NRC_Canadian_SERS,,,4_nitrophenol,strict_core,0.5751519537122126
outer,nato_outer_o1__train_strict_core__test_strict_core,1,siamese,deterministic_edge_triplet,derivative_1,triplet,1729,session2_row377,ethyl_paraoxon,4_nitrophenol,-0.059259109199047,True,False,RMX-1,H_SERS_H_Kit,,,ethyl_paraoxon,strict_core,0.7656175074192583
outer,nato_outer_o1__train_strict_core__test_strict_core,1,siamese,deterministic_edge_triplet,derivative_1,triplet,1729,session2_row378,ethyl_paraoxon,4_nitrophenol,-0.059259109199047,True,False,Pendar-3,H_SERS_H_Kit,,,ethyl_paraoxon,strict_core,0.7656175074192583
outer,nato_outer_o1__train_strict_core__test_strict_core,1,siamese,deterministic_edge_triplet,derivative_1,triplet,1729,session2_row382,ethyl_paraoxon,4_nitrophenol,-0.059259109199047,True,False,Mira-2,H_SERS_H_Kit,,,ethyl_paraoxon,strict_core,0.7656175074192583
outer,nato_outer_o1__train_strict_core__test_strict_core,1,siamese,deterministic_edge_triplet,derivative_1,triplet,1729,session2_row385,ethyl_paraoxon,blank,-0.4307449162006378,True,False,Mira-2,NRC_Canadian_SERS,,,ethyl_paraoxon,strict_core,0.5512483354599889
outer,nato_outer_o1__train_strict_core__test_strict_core,1,siamese,deterministic_edge_triplet,derivative_1,triplet,1729,session2_row387,ethyl_paraoxon,ethyl_paraoxon,-0.4079600572586059,True,True,Pendar-3,NRC_Canadian_SERS,,,ethyl_paraoxon,strict_core,0.566037344567627
outer,nato_outer_o1__train_strict_core__test_strict_core,1,siamese,deterministic_edge_triplet,derivative_1,triplet,1729,session2_row393,ethyl_paraoxon,4_nitrophenol,-0.417250782251358,True,False,Mira-2,NRC_Canadian_SERS,,,ethyl_paraoxon,strict_core,0.5600196569044116
outer,nato_outer_o1__train_strict_core__test_strict_core,1,siamese,deterministic_edge_triplet,derivative_1,triplet,1729,session2_row395,ethyl_paraoxon,4_nitrophenol,-0.2654861211776733,True,False,RMX-1,NRC_Canadian_SERS,,,ethyl_paraoxon,strict_core,0.6549327952600906
outer,nato_outer_o1__train_strict_core__test_strict_core,1,siamese,deterministic_edge_triplet,derivative_1,triplet,1729,session3_row10,ethanol,ethanol,-0.2966435551643371,True,True,Pendar-2,H_SERS_H_Kit,,,ethanol,strict_core,0.636166759536641
outer,nato_outer_o1__train_strict_core__test_strict_core,1,siamese,deterministic_edge_triplet,derivative_1,triplet,1729,session3_row12,4_nitrophenol,4_nitrophenol,-0.059259109199047,True,True,Pendar-2,H_SERS_H_Kit,,,4_nitrophenol,strict_core,0.7656175074192583
outer,nato_outer_o1__train_strict_core__test_strict_core,1,siamese,deterministic_edge_triplet,derivative_1,triplet,1729,session3_row14,ethanol,ethanol,-0.2885993123054504,True,True,Pendar-2,H_SERS_H_Kit,,,ethanol,strict_core,0.6410543404087615
outer,nato_outer_o1__train_strict_core__test_strict_core,1,siamese,deterministic_edge_triplet,derivative_1,triplet,1729,session3_row47,ethanol,ethanol,-0.1499631255865097,True,True,RMX-1,H_SERS_H_Kit,,,ethanol,strict_core,0.7200947031055593
outer,nato_outer_o1__train_strict_core__test_strict_core,1,siamese,deterministic_edge_triplet,derivative_1,triplet,1729,session3_row49,ethanol,ethanol,-0.2671217024326324,True,True,Mira-2,H_SERS_H_Kit,,,ethanol,strict_core,0.6539590083627359
outer,nato_outer_o1__train_strict_core__test_strict_core,1,siamese,deterministic_edge_triplet,derivative_1,triplet,1729,session3_row60,ethyl_paraoxon,4_nitrophenol,-0.1584954559803009,True,False,Pendar-2,H_SERS_H_Kit,,,ethyl_paraoxon,strict_core,0.7155447727899763
outer,nato_outer_o1__train_strict_core__test_strict_core,1,siamese,deterministic_edge_triplet,derivative_1,triplet,1729,session3_row128,ethyl_paraoxon,4_nitrophenol,-0.059259109199047,True,False,RMX-1,H_SERS_H_Kit,,,ethyl_paraoxon,strict_core,0.7656175074192583
outer,nato_outer_o1__train_strict_core__test_strict_core,1,siamese,deterministic_edge_triplet,derivative_1,triplet,1729,session3_row129,ethyl_paraoxon,4_nitrophenol,-0.059259109199047,True,False,Mira-2,H_SERS_H_Kit,,,ethyl_paraoxon,strict_core,0.7656175074192583
outer,nato_outer_o1__train_strict_core__test_strict_core,1,siamese,deterministic_edge_triplet,derivative_1,triplet,1729,session3_row133,4_nitrophenol,4_nitrophenol,-0.059259109199047,True,True,Mira-2,H_SERS_H_Kit,,,4_nitrophenol,strict_core,0.7656175074192583
outer,nato_outer_o1__train_strict_core__test_strict_core,1,siamese,deterministic_edge_triplet,derivative_1,triplet,1729,session3_row134,4_nitrophenol,4_nitrophenol,-0.059259109199047,True,True,RMX-1,H_SERS_H_Kit,,,4_nitrophenol,strict_core,0.7656175074192583
outer,nato_outer_o1__train_strict_core__test_strict_core,1,siamese,deterministic_edge_triplet,derivative_1,triplet,1729,session3_row142,ethyl_paraoxon,4_nitrophenol,-0.059259109199047,True,False,RMX-1,H_SERS_H_Kit,,,ethyl_paraoxon,strict_core,0.7656175074192583
outer,nato_outer_o1__train_strict_core__test_strict_core,1,siamese,deterministic_edge_triplet,derivative_1,triplet,1729,session3_row143,ethyl_paraoxon,4_nitrophenol,-0.059259109199047,True,False,Mira-2,H_SERS_H_Kit,,,ethyl_paraoxon,strict_core,0.7656175074192583
outer,nato_outer_o1__train_strict_core__test_strict_core,1,siamese,deterministic_edge_triplet,derivative_1,triplet,1729,session3_row206,benzyl_fentanyl,benzyl_fentanyl,-0.0556992590427398,True,True,Pendar-1,pSERS_Metrohm_silver,,,benzyl_fentanyl,strict_core,0.7672951058434978
outer,nato_outer_o1__train_strict_core__test_strict_core,1,siamese,deterministic_edge_triplet,derivative_1,triplet,1729,session3_row226,benzyl_fentanyl,benzyl_fentanyl,-0.2056315243244171,True,True,Agilent-1,pSERS_Metrohm_silver,,,benzyl_fentanyl,strict_core,0.6896263289708657
outer,nato_outer_o1__train_strict_core__test_strict_core,1,siamese,deterministic_edge_triplet,derivative_1,triplet,1729,session3_row229,blank,4_ANPP,-0.4750371277332306,True,False,Pendar-1,NRC_Canadian_SERS,,,blank,strict_core,0.5222621281392994
outer,nato_outer_o1__train_strict_core__test_strict_core,1,siamese,deterministic_edge_triplet,derivative_1,triplet,1729,session3_row232,4_ANPP,blank,-0.610958993434906,True,False,Pendar-1,NRC_Canadian_SERS,,,4_ANPP,strict_core,0.4332177346883969
outer,nato_outer_o1__train_strict_core__test_strict_core,1,siamese,deterministic_edge_triplet,derivative_1,triplet,1729,session3_row238,4_ANPP,blank,-0.3676613867282867,True,False,Mira-3,NRC_Canadian_SERS,,,4_ANPP,strict_core,0.5918929054386678
outer,nato_outer_o1__train_strict_core__test_strict_core,1,siamese,deterministic_edge_triplet,derivative_1,triplet,1729,session3_row243,blank,4_ANPP,-0.5175272226333618,True,False,Mira-3,NRC_Canadian_SERS,,,blank,strict_core,0.4943111294845842
outer,nato_outer_o1__train_strict_core__test_strict_core,1,siamese,deterministic_edge_triplet,derivative_1,triplet,1729,session3_row246,benzyl_fentanyl,benzyl_fentanyl,-0.2206086963415146,True,True,Mira-3,pSERS_Metrohm_silver,,,benzyl_fentanyl,strict_core,0.6811240862317472
outer,nato_outer_o1__train_strict_core__test_strict_core,1,siamese,deterministic_edge_triplet,derivative_1,triplet,1729,session3_row248,4_ANPP,4_ANPP,-0.0822439193725586,True,True,Mira-3,pSERS_Metrohm_silver,,,4_ANPP,strict_core,0.7545847854439129
outer,nato_outer_o1__train_strict_core__test_strict_core,1,siamese,deterministic_edge_triplet,derivative_1,triplet,1729,session3_row249,benzyl_fentanyl,benzyl_fentanyl,-0.2137702256441116,True,True,Agilent-1,pSERS_Metrohm_silver,,,benzyl_fentanyl,strict_core,0.6850215634307442
outer,nato_outer_o1__train_strict_core__test_strict_core,1,siamese,deterministic_edge_triplet,derivative_1,triplet,1729,session3_row250,blank,blank,-0.2762159407138824,True,True,Pendar-1,pSERS_Metrohm_silver,,,blank,strict_core,0.6485211281880819
outer,nato_outer_o1__train_strict_core__test_strict_core,1,siamese,deterministic_edge_triplet,derivative_1,triplet,1729,session3_row252,blank,blank,-0.3105019927024841,True,True,Mira-3,pSERS_Metrohm_silver,,,blank,strict_core,0.6276807326687293
outer,nato_outer_o1__train_strict_core__test_strict_core,1,siamese,deterministic_edge_triplet,derivative_1,triplet,1729,session3_row253,4_ANPP,4_ANPP,-0.0624858550727367,True,True,Agilent-1,pSERS_Metrohm_silver,,,4_ANPP,strict_core,0.7640896513136768
outer,nato_outer_o1__train_strict_core__test_strict_core,1,siamese,deterministic_edge_triplet,derivative_1,triplet,1729,session3_row254,4_ANPP,4_ANPP,-0.1609728634357452,True,True,Pendar-1,pSERS_Metrohm_silver,,,4_ANPP,strict_core,0.714215360075199
outer,nato_outer_o1__train_strict_core__test_strict_core,1,siamese,deterministic_edge_triplet,derivative_1,triplet,1729,session3_row255,4_ANPP,benzyl_fentanyl,-0.1285270452499389,True,False,Mira-3,pSERS_Metrohm_silver,,,4_ANPP,strict_core,0.7313271233675479
outer,nato_outer_o1__train_strict_core__test_strict_core,1,siamese,deterministic_edge_triplet,derivative_1,triplet,1729,session3_row258,4_ANPP,acetaminophen,-0.3308934271335602,True,False,Mira-3,pSERS_Metrohm_silver,,,4_ANPP,strict_core,0.6150512251722977
outer,nato_outer_o1__train_strict_core__test_strict_core,1,siamese,deterministic_edge_triplet,derivative_1,triplet,1729,session3_row271,blank,blank,-0.226992517709732,True,True,Agilent-1,pSERS_Metrohm_silver,,,blank,strict_core,0.6774627071414733
outer,nato_outer_o1__train_strict_core__test_strict_core,1,siamese,deterministic_edge_triplet,derivative_1,triplet,1729,session3_row300,benzyl_fentanyl,acetaminophen,-0.5188486576080322,True,False,Mira-3,NRC_Canadian_SERS,,,benzyl_fentanyl,strict_core,0.4934415230076411
outer,nato_outer_o1__train_strict_core__test_strict_core,1,siamese,deterministic_edge_triplet,derivative_1,triplet,1729,session3_row305,blank,acetaminophen,-0.1810878366231918,True,False,Pendar-1,NRC_Canadian_SERS,,,blank,strict_core,0.7032848113470991
outer,nato_outer_o1__train_strict_core__test_strict_core,1,siamese,deterministic_edge_triplet,derivative_1,triplet,1729,session3_row310,benzyl_fentanyl,acetaminophen,-0.3927051424980163,True,False,Mira-3,NRC_Canadian_SERS,,,benzyl_fentanyl,strict_core,0.5758752112239586
outer,nato_outer_o1__train_strict_core__test_strict_core,1,siamese,deterministic_edge_triplet,derivative_1,triplet,1729,session3_row313,blank,blank,-0.2363888174295425,True,True,Mira-3,NRC_Canadian_SERS,,,blank,strict_core,0.6720337936471257
outer,nato_outer_o1__train_strict_core__test_strict_core,1,siamese,deterministic_edge_triplet,derivative_1,triplet,1729,session3_row314,4_ANPP,4_ANPP,-0.2911684811115265,True,True,Agilent-1,NRC_Canadian_SERS,,,4_ANPP,strict_core,0.6394964701087251
outer,nato_outer_o1__train_strict_core__test_strict_core,1,siamese,deterministic_edge_triplet,derivative_1,triplet,1729,session3_row328,benzyl_fentanyl,benzyl_fentanyl,-0.2802877724170685,True,True,Pendar-1,pSERS_Metrohm_silver,,,benzyl_fentanyl,strict_core,0.6460737379035167
outer,nato_outer_o1__train_strict_core__test_strict_core,1,siamese,deterministic_edge_triplet,derivative_1,triplet,1729,session3_row329,4_ANPP,4_ANPP,-0.1372261196374893,True,True,Pendar-1,pSERS_Metrohm_silver,,,4_ANPP,strict_core,0.7268033729110809
outer,nato_outer_o1__train_strict_core__test_strict_core,1,siamese,deterministic_edge_triplet,derivative_1,triplet,1729,session3_row335,blank,acetaminophen,-0.4399430453777313,True,False,Pendar-1,pSERS_Metrohm_silver,,,blank,strict_core,0.5452507955988485
outer,nato_outer_o1__train_strict_core__test_strict_core,1,siamese,deterministic_edge_triplet,derivative_1,triplet,1729,session3_row336,benzyl_fentanyl,acetaminophen,-0.4200583696365356,True,False,Agilent-1,NRC_Canadian_SERS,,,benzyl_fentanyl,strict_core,0.5581975964629415
outer,nato_outer_o1__train_strict_core__test_strict_core,1,siamese,deterministic_edge_triplet,derivative_1,triplet,1729,session3_row337,benzyl_fentanyl,acetaminophen,-0.3141686022281647,True,False,Agilent-1,NRC_Canadian_SERS,,,benzyl_fentanyl,strict_core,0.6254220593742292
outer,nato_outer_o1__train_strict_core__test_strict_core,1,siamese,deterministic_edge_triplet,derivative_1,triplet,1729,session3_row345,4_ANPP,4_ANPP,-0.3036032617092132,True,True,Pendar-1,pSERS_Metrohm_silver,,,4_ANPP,strict_core,0.6319152885919992
outer,nato_outer_o1__train_strict_core__test_strict_core,1,siamese,deterministic_edge_triplet,derivative_1,triplet,1729,session3_row399,acetaminophen,acetaminophen,-0.3750775456428528,True,True,Pendar-3,pSERS_Metrohm_silver,,,acetaminophen,strict_core,0.5871683102825639
outer,nato_outer_o1__train_strict_core__test_strict_core,1,siamese,deterministic_edge_triplet,derivative_1,triplet,1729,session3_row400,acetaminophen,benzyl_fentanyl,-0.4252193570137024,True,False,RMX-2,pSERS_Metrohm_silver,,,acetaminophen,strict_core,0.5548441767044838
outer,nato_outer_o1__train_strict_core__test_strict_core,1,siamese,deterministic_edge_triplet,derivative_1,triplet,1729,session3_row413,acetaminophen,4_ANPP,-0.3037729561328888,True,False,Mira-1,pSERS_Metrohm_silver,,,acetaminophen,strict_core,0.631811367902667
outer,nato_outer_o1__train_strict_core__test_strict_core,1,siamese,deterministic_edge_triplet,derivative_1,triplet,1729,session3_row414,acetaminophen,4_ANPP,-0.1801466643810272,True,False,Agilent-3,pSERS_Metrohm_silver,,,acetaminophen,strict_core,0.7038016124366203
outer,nato_outer_o1__train_strict_core__test_strict_core,1,siamese,deterministic_edge_triplet,derivative_1,triplet,2718,session1_row10,benzyl_fentanyl,benzyl_fentanyl,-0.3870376646518707,True,True,Mira-3,pSERS_Metrohm_silver,,,benzyl_fentanyl,strict_core,0.46781401346393375
outer,nato_outer_o1__train_strict_core__test_strict_core,1,siamese,deterministic_edge_triplet,derivative_1,triplet,2718,session1_row12,benzyl_fentanyl,acetaminophen,-0.3539002537727356,True,False,Agilent-3,pSERS_Metrohm_silver,,,benzyl_fentanyl,strict_core,0.4935744626768304
outer,nato_outer_o1__train_strict_core__test_strict_core,1,siamese,deterministic_edge_triplet,derivative_1,triplet,2718,session1_row15,benzyl_fentanyl,benzyl_fentanyl,-0.3158312737941742,True,True,Agilent-3,pSERS_Metrohm_silver,,,benzyl_fentanyl,strict_core,0.5232023922711222
outer,nato_outer_o1__train_strict_core__test_strict_core,1,siamese,deterministic_edge_triplet,derivative_1,triplet,2718,session1_row22,benzyl_fentanyl,benzyl_fentanyl,-0.2630881369113922,True,True,Agilent-3,pSERS_Metrohm_silver,,,benzyl_fentanyl,strict_core,0.5639390548529523
outer,nato_outer_o1__train_strict_core__test_strict_core,1,siamese,deterministic_edge_triplet,derivative_1,triplet,2718,session1_row26,benzyl_fentanyl,acetaminophen,-0.2374694645404815,True,False,Mira-3,pSERS_Metrohm_silver,,,benzyl_fentanyl,strict_core,0.5834525984664174
outer,nato_outer_o1__train_strict_core__test_strict_core,1,siamese,deterministic_edge_triplet,derivative_1,triplet,2718,session1_row29,4_ANPP,acetaminophen,-0.280367910861969,True,False,Agilent-3,pSERS_Metrohm_silver,,,4_ANPP,strict_core,0.5506605544334027
outer,nato_outer_o1__train_strict_core__test_strict_core,1,siamese,deterministic_edge_triplet,derivative_1,triplet,2718,session1_row30,benzyl_fentanyl,benzyl_fentanyl,-0.3014135658740997,True,True,Agilent-3,pSERS_Metrohm_silver,,,benzyl_fentanyl,strict_core,0.5343919885729694
outer,nato_outer_o1__train_strict_core__test_strict_core,1,siamese,deterministic_edge_triplet,derivative_1,triplet,2718,session1_row35,4_ANPP,4_ANPP,-0.3118485808372497,True,True,Mira-3,pSERS_Metrohm_silver,,,4_ANPP,strict_core,0.5262961740113261
outer,nato_outer_o1__train_strict_core__test_strict_core,1,siamese,deterministic_edge_triplet,derivative_1,triplet,2718,session1_row41,4_ANPP,4_ANPP,-0.1840677261352539,True,True,Mira-3,pSERS_Metrohm_silver,,,4_ANPP,strict_core,0.6232350697640612
outer,nato_outer_o1__train_strict_core__test_strict_core,1,siamese,deterministic_edge_triplet,derivative_1,triplet,2718,session1_row42,4_ANPP,4_ANPP,-0.2808464765548706,True,True,Agilent-3,pSERS_Metrohm_silver,,,4_ANPP,strict_core,0.5502916852225549
outer,nato_outer_o1__train_strict_core__test_strict_core,1,siamese,deterministic_edge_triplet,derivative_1,triplet,2718,session1_row51,blank,ethyl_paraoxon,-0.1559273451566696,True,False,Agilent-3,pSERS_Metrohm_silver,,,blank,strict_core,0.6435844357718286
outer,nato_outer_o1__train_strict_core__test_strict_core,1,siamese,deterministic_edge_triplet,derivative_1,triplet,2718,session1_row56,blank,blank,-0.1771254390478134,True,True,Pendar-2,pSERS_Metrohm_silver,,,blank,strict_core,0.628299048339786
outer,nato_outer_o1__train_strict_core__test_strict_core,1,siamese,deterministic_edge_triplet,derivative_1,triplet,2718,session1_row58,blank,blank,-0.1348786205053329,True,True,Pendar-2,pSERS_Metrohm_silver,,,blank,strict_core,0.6584781905942694
outer,nato_outer_o1__train_strict_core__test_strict_core,1,siamese,deterministic_edge_triplet,derivative_1,triplet,2718,session1_row67,blank,blank,-0.1822641044855117,True,True,Pendar-2,pSERS_Metrohm_silver,,,blank,strict_core,0.6245533437784369
outer,nato_outer_o1__train_strict_core__test_strict_core,1,siamese,deterministic_edge_triplet,derivative_1,triplet,2718,session1_row132,acetaminophen,acetaminophen,-0.1997177898883819,True,True,Pendar-3,pSERS_Metrohm_silver,,,acetaminophen,strict_core,0.6117215413105501
outer,nato_outer_o1__train_strict_core__test_strict_core,1,siamese,deterministic_edge_triplet,derivative_1,triplet,2718,session1_row135,acetaminophen,blank,-0.1217374876141548,True,False,Pendar-3,NRC_Canadian_SERS,,,acetaminophen,strict_core,0.6676227726290517
outer,nato_outer_o1__train_strict_core__test_strict_core,1,siamese,deterministic_edge_triplet,derivative_1,triplet,2718,session1_row136,acetaminophen,blank,-0.0487621761858463,True,False,RMX-2,pSERS_Metrohm_silver,,,acetaminophen,strict_core,0.71601123821165
outer,nato_outer_o1__train_strict_core__test_strict_core,1,siamese,deterministic_edge_triplet,derivative_1,triplet,2718,session1_row138,acetaminophen,ethyl_paraoxon,-0.2331946194171905,True,False,RMX-2,NRC_Canadian_SERS,,,acetaminophen,strict_core,0.5866851188238482
outer,nato_outer_o1__train_strict_core__test_strict_core,1,siamese,deterministic_edge_triplet,derivative_1,triplet,2718,session1_row182,4_nitrophenol,4_nitrophenol,-0.0188875999301671,True,True,Pendar-2,H_SERS_H_Kit,,,4_nitrophenol,strict_core,0.7345470719086409
outer,nato_outer_o1__train_strict_core__test_strict_core,1,siamese,deterministic_edge_triplet,derivative_1,triplet,2718,session1_row194,ethanol,4_nitrophenol,-0.1903802305459976,True,False,Pendar-2,H_SERS_H_Kit,,,ethanol,strict_core,0.6186069641221376
outer,nato_outer_o1__train_strict_core__test_strict_core,1,siamese,deterministic_edge_triplet,derivative_1,triplet,2718,session1_row199,4_nitrophenol,4_nitrophenol,-0.0188875999301671,True,True,RMX-1,H_SERS_H_Kit,,,4_nitrophenol,strict_core,0.7345470719086409
outer,nato_outer_o1__train_strict_core__test_strict_core,1,siamese,deterministic_edge_triplet,derivative_1,triplet,2718,session1_row206,4_nitrophenol,4_nitrophenol,-0.0188875999301671,True,True,RMX-1,GaN_polymer,,,4_nitrophenol,strict_core,0.7345470719086409
outer,nato_outer_o1__train_strict_core__test_strict_core,1,siamese,deterministic_edge_triplet,derivative_1,triplet,2718,session1_row207,4_nitrophenol,4_nitrophenol,-0.0188875999301671,True,True,Pendar-2,GaN_polymer,,,4_nitrophenol,strict_core,0.7345470719086409
outer,nato_outer_o1__train_strict_core__test_strict_core,1,siamese,deterministic_edge_triplet,derivative_1,triplet,2718,session1_row209,4_nitrophenol,4_nitrophenol,-0.0188875999301671,True,True,Pendar-2,GaN_polymer,,,4_nitrophenol,strict_core,0.7345470719086409
outer,nato_outer_o1__train_strict_core__test_strict_core,1,siamese,deterministic_edge_triplet,derivative_1,triplet,2718,session1_row213,ethyl_paraoxon,ethyl_paraoxon,-0.1493094265460968,True,True,Pendar-2,H_SERS_H_Kit,,,ethyl_paraoxon,strict_core,0.6482988132361577
outer,nato_outer_o1__train_strict_core__test_strict_core,1,siamese,deterministic_edge_triplet,derivative_1,triplet,2718,session1_row226,ethanol,ethanol,-0.1592636108398437,True,True,Mira-2,H_SERS_H_Kit,,,ethanol,strict_core,0.6411971355918205
outer,nato_outer_o1__train_strict_core__test_strict_core,1,siamese,deterministic_edge_triplet,derivative_1,triplet,2718,session1_row228,4_nitrophenol,4_nitrophenol,-0.0188875999301671,True,True,Mira-2,H_SERS_H_Kit,,,4_nitrophenol,strict_core,0.7345470719086409
outer,nato_outer_o1__train_strict_core__test_strict_core,1,siamese,deterministic_edge_triplet,derivative_1,triplet,2718,session1_row232,4_nitrophenol,4_nitrophenol,-0.0188875999301671,True,True,Mira-2,GaN_polymer,,,4_nitrophenol,strict_core,0.7345470719086409
outer,nato_outer_o1__train_strict_core__test_strict_core,1,siamese,deterministic_edge_triplet,derivative_1,triplet,2718,session1_row233,4_nitrophenol,4_nitrophenol,-0.0188875999301671,True,True,Mira-2,GaN_polymer,,,4_nitrophenol,strict_core,0.7345470719086409
outer,nato_outer_o1__train_strict_core__test_strict_core,1,siamese,deterministic_edge_triplet,derivative_1,triplet,2718,session1_row237,ethyl_paraoxon,ethyl_paraoxon,-0.067855954170227,True,True,Mira-2,H_SERS_H_Kit,,,ethyl_paraoxon,strict_core,0.7037639925410639
outer,nato_outer_o1__train_strict_core__test_strict_core,1,siamese,deterministic_edge_triplet,derivative_1,triplet,2718,session1_row244,4_nitrophenol,4_nitrophenol,-0.0188875999301671,True,True,Agilent-3,GaN_polymer,,,4_nitrophenol,strict_core,0.7345470719086409
outer,nato_outer_o1__train_strict_core__test_strict_core,1,siamese,deterministic_edge_triplet,derivative_1,triplet,2718,session1_row245,4_nitrophenol,4_nitrophenol,-0.0188875999301671,True,True,Agilent-3,GaN_polymer,,,4_nitrophenol,strict_core,0.7345470719086409
outer,nato_outer_o1__train_strict_core__test_strict_core,1,siamese,deterministic_edge_triplet,derivative_1,triplet,2718,session2_row15,benzyl_fentanyl,benzyl_fentanyl,-0.0690728649497032,True,True,Pendar-3,pSERS_Metrohm_silver,,,benzyl_fentanyl,strict_core,0.7029731349524639
outer,nato_outer_o1__train_strict_core__test_strict_core,1,siamese,deterministic_edge_triplet,derivative_1,triplet,2718,session2_row19,benzyl_fentanyl,benzyl_fentanyl,-0.0391728654503822,True,True,Mira-3,pSERS_Metrohm_silver,,,benzyl_fentanyl,strict_core,0.7220454811856792
outer,nato_outer_o1__train_strict_core__test_strict_core,1,siamese,deterministic_edge_triplet,derivative_1,triplet,2718,session2_row35,benzyl_fentanyl,benzyl_fentanyl,-0.2378308773040771,True,True,Pendar-3,pSERS_Metrohm_silver,,,benzyl_fentanyl,strict_core,0.5831789746697885
outer,nato_outer_o1__train_strict_core__test_strict_core,1,siamese,deterministic_edge_triplet,derivative_1,triplet,2718,session2_row36,benzyl_fentanyl,benzyl_fentanyl,-0.0767983049154281,True,True,Mira-3,pSERS_Metrohm_silver,,,benzyl_fentanyl,strict_core,0.6979241665394214
outer,nato_outer_o1__train_strict_core__test_strict_core,1,siamese,deterministic_edge_triplet,derivative_1,triplet,2718,session2_row37,4_ANPP,4_ANPP,-0.1623918116092682,True,True,Mira-3,pSERS_Metrohm_silver,,,4_ANPP,strict_core,0.6389523431730061
outer,nato_outer_o1__train_strict_core__test_strict_core,1,siamese,deterministic_edge_triplet,derivative_1,triplet,2718,session2_row38,4_ANPP,4_ANPP,-0.1810715645551681,True,True,Pendar-3,pSERS_Metrohm_silver,,,4_ANPP,strict_core,0.625423964372741
outer,nato_outer_o1__train_strict_core__test_strict_core,1,siamese,deterministic_edge_triplet,derivative_1,triplet,2718,session2_row49,blank,ethanol,-0.0935057029128074,True,False,Pendar-3,pSERS_Metrohm_silver,,,blank,strict_core,0.6868408390888353
outer,nato_outer_o1__train_strict_core__test_strict_core,1,siamese,deterministic_edge_triplet,derivative_1,triplet,2718,session2_row66,blank,blank,-0.0816575735807418,True,True,Mira-3,pSERS_Metrohm_silver,,,blank,strict_core,0.6947235810635012
outer,nato_outer_o1__train_strict_core__test_strict_core,1,siamese,deterministic_edge_triplet,derivative_1,triplet,2718,session2_row86,4_ANPP,4_ANPP,-0.1374179869890213,True,True,Pendar-3,pSERS_Metrohm_silver,,,4_ANPP,strict_core,0.6566971766885128
outer,nato_outer_o1__train_strict_core__test_strict_core,1,siamese,deterministic_edge_triplet,derivative_1,triplet,2718,session2_row87,4_ANPP,4_ANPP,-0.0465926378965377,True,True,Mira-3,pSERS_Metrohm_silver,,,4_ANPP,strict_core,0.717383360344404
outer,nato_outer_o1__train_strict_core__test_strict_core,1,siamese,deterministic_edge_triplet,derivative_1,triplet,2718,session2_row105,benzyl_fentanyl,benzyl_fentanyl,-0.2092533558607101,True,True,Agilent-3,pSERS_Metrohm_silver,,,benzyl_fentanyl,strict_core,0.6046438002891461
outer,nato_outer_o1__train_strict_core__test_strict_core,1,siamese,deterministic_edge_triplet,derivative_1,triplet,2718,session2_row109,benzyl_fentanyl,benzyl_fentanyl,-0.2890963852405548,True,True,Agilent-3,pSERS_Metrohm_silver,,,benzyl_fentanyl,strict_core,0.5439244583545046
outer,nato_outer_o1__train_strict_core__test_strict_core,1,siamese,deterministic_edge_triplet,derivative_1,triplet,2718,session2_row110,4_ANPP,4_ANPP,-0.3066613674163818,True,True,Agilent-3,pSERS_Metrohm_silver,,,4_ANPP,strict_core,0.530322573925148
outer,nato_outer_o1__train_strict_core__test_strict_core,1,siamese,deterministic_edge_triplet,derivative_1,triplet,2718,session2_row116,blank,blank,-0.1769199818372726,True,True,Agilent-3,pSERS_Metrohm_silver,,,blank,strict_core,0.6284484947212587
outer,nato_outer_o1__train_strict_core__test_strict_core,1,siamese,deterministic_edge_triplet,derivative_1,triplet,2718,session2_row118,4_ANPP,4_ANPP,-0.2158422917127609,True,True,Agilent-3,pSERS_Metrohm_silver,,,4_ANPP,strict_core,0.5997272385156696
outer,nato_outer_o1__train_strict_core__test_strict_core,1,siamese,deterministic_edge_triplet,derivative_1,triplet,2718,session2_row165,acetaminophen,ethanol,-0.1418848633766174,True,False,Pendar-2,pSERS_Metrohm_silver,,,acetaminophen,strict_core,0.6535535790653402
outer,nato_outer_o1__train_strict_core__test_strict_core,1,siamese,deterministic_edge_triplet,derivative_1,triplet,2718,session2_row166,acetaminophen,ethyl_paraoxon,-0.1611751616001129,True,False,Pendar-2,pSERS_Metrohm_silver,,,acetaminophen,strict_core,0.6398261373010464
outer,nato_outer_o1__train_strict_core__test_strict_core,1,siamese,deterministic_edge_triplet,derivative_1,triplet,2718,session2_row177,acetaminophen,acetaminophen,-0.2154187262058258,True,True,RMX-2,pSERS_Metrohm_silver,,,acetaminophen,strict_core,0.6000439128089198
outer,nato_outer_o1__train_strict_core__test_strict_core,1,siamese,deterministic_edge_triplet,derivative_1,triplet,2718,session2_row235,benzyl_fentanyl,benzyl_fentanyl,-0.0538648627698421,True,True,RMX-2,pSERS_Metrohm_silver,,,benzyl_fentanyl,strict_core,0.7127682604824189
outer,nato_outer_o1__train_strict_core__test_strict_core,1,siamese,deterministic_edge_triplet,derivative_1,triplet,2718,session2_row241,benzyl_fentanyl,benzyl_fentanyl,-0.1052857115864753,True,True,Pendar-2,pSERS_Metrohm_silver,,,benzyl_fentanyl,strict_core,0.6788949028322522
outer,nato_outer_o1__train_strict_core__test_strict_core,1,siamese,deterministic_edge_triplet,derivative_1,triplet,2718,session2_row259,acetaminophen,ethyl_paraoxon,-0.1870619654655456,True,False,RMX-2,pSERS_Metrohm_silver,,,acetaminophen,strict_core,0.6210425436220709
outer,nato_outer_o1__train_strict_core__test_strict_core,1,siamese,deterministic_edge_triplet,derivative_1,triplet,2718,session2_row266,acetaminophen,ethyl_paraoxon,-0.0174601916223764,True,False,Pendar-2,pSERS_Metrohm_silver,,,acetaminophen,strict_core,0.7354131191996163
outer,nato_outer_o1__train_strict_core__test_strict_core,1,siamese,deterministic_edge_triplet,derivative_1,triplet,2718,session2_row267,acetaminophen,ethanol,-0.1935868114233017,True,False,Pendar-2,pSERS_Metrohm_silver,,,acetaminophen,strict_core,0.6162476783141392
outer,nato_outer_o1__train_strict_core__test_strict_core,1,siamese,deterministic_edge_triplet,derivative_1,triplet,2718,session2_row272,acetaminophen,blank,-0.0692377537488937,True,False,Pendar-2,pSERS_Metrohm_silver,,,acetaminophen,strict_core,0.7028658816937967
outer,nato_outer_o1__train_strict_core__test_strict_core,1,siamese,deterministic_edge_triplet,derivative_1,triplet,2718,session2_row273,acetaminophen,4_ANPP,-0.230611577630043,True,False,Pendar-2,pSERS_Metrohm_silver,,,acetaminophen,strict_core,0.5886347480407528
outer,nato_outer_o1__train_strict_core__test_strict_core,1,siamese,deterministic_edge_triplet,derivative_1,triplet,2718,session2_row331,ethanol,ethanol,-0.0464348532259464,True,True,RMX-1,H_SERS_H_Kit,,,ethanol,strict_core,0.7174829942243031
outer,nato_outer_o1__train_strict_core__test_strict_core,1,siamese,deterministic_edge_triplet,derivative_1,triplet,2718,session2_row332,ethanol,ethanol,-0.0838916674256324,True,True,Mira-2,H_SERS_H_Kit,,,ethanol,strict_core,0.6932457204819048
outer,nato_outer_o1__train_strict_core__test_strict_core,1,siamese,deterministic_edge_triplet,derivative_1,triplet,2718,session2_row334,ethanol,ethanol,-0.0890598073601722,True,True,Agilent-3,H_SERS_H_Kit,,,ethanol,strict_core,0.6898117588125868
outer,nato_outer_o1__train_strict_core__test_strict_core,1,siamese,deterministic_edge_triplet,derivative_1,triplet,2718,session2_row336,4_nitrophenol,4_nitrophenol,-0.0188875999301671,True,True,RMX-1,H_SERS_H_Kit,,,4_nitrophenol,strict_core,0.7345470719086409
outer,nato_outer_o1__train_strict_core__test_strict_core,1,siamese,deterministic_edge_triplet,derivative_1,triplet,2718,session2_row339,4_nitrophenol,4_nitrophenol,-0.0188875999301671,True,True,Mira-2,H_SERS_H_Kit,,,4_nitrophenol,strict_core,0.7345470719086409
outer,nato_outer_o1__train_strict_core__test_strict_core,1,siamese,deterministic_edge_triplet,derivative_1,triplet,2718,session2_row340,4_nitrophenol,4_nitrophenol,-0.0188875999301671,True,True,Agilent-3,H_SERS_H_Kit,,,4_nitrophenol,strict_core,0.7345470719086409
outer,nato_outer_o1__train_strict_core__test_strict_core,1,siamese,deterministic_edge_triplet,derivative_1,triplet,2718,session2_row343,ethanol,4_nitrophenol,-0.2309713512659073,True,False,RMX-1,NRC_Canadian_SERS,,,ethanol,strict_core,0.5883633632260369
outer,nato_outer_o1__train_strict_core__test_strict_core,1,siamese,deterministic_edge_triplet,derivative_1,triplet,2718,session2_row345,ethanol,ethyl_paraoxon,-0.032827004790306,True,False,Mira-2,NRC_Canadian_SERS,,,ethanol,strict_core,0.7259950745497957
outer,nato_outer_o1__train_strict_core__test_strict_core,1,siamese,deterministic_edge_triplet,derivative_1,triplet,2718,session2_row346,4_nitrophenol,ethyl_paraoxon,-0.0232044253498315,True,False,RMX-1,NRC_Canadian_SERS,,,4_nitrophenol,strict_core,0.7319169460605384
outer,nato_outer_o1__train_strict_core__test_strict_core,1,siamese,deterministic_edge_triplet,derivative_1,triplet,2718,session2_row349,4_nitrophenol,4_nitrophenol,-0.1524360328912735,True,True,Mira-2,NRC_Canadian_SERS,,,4_nitrophenol,strict_core,0.6460750623378323
outer,nato_outer_o1__train_strict_core__test_strict_core,1,siamese,deterministic_edge_triplet,derivative_1,triplet,2718,session2_row353,ethanol,4_nitrophenol,-0.1272262781858444,True,False,Pendar-3,NRC_Canadian_SERS,,,ethanol,strict_core,0.6638181247779922
outer,nato_outer_o1__train_strict_core__test_strict_core,1,siamese,deterministic_edge_triplet,derivative_1,triplet,2718,session2_row357,4_nitrophenol,ethyl_paraoxon,-0.1020572483539581,True,False,Pendar-3,NRC_Canadian_SERS,,,4_nitrophenol,strict_core,0.6810831730767662
outer,nato_outer_o1__train_strict_core__test_strict_core,1,siamese,deterministic_edge_triplet,derivative_1,triplet,2718,session2_row377,ethyl_paraoxon,4_nitrophenol,-0.0188875999301671,True,False,RMX-1,H_SERS_H_Kit,,,ethyl_paraoxon,strict_core,0.7345470719086409
outer,nato_outer_o1__train_strict_core__test_strict_core,1,siamese,deterministic_edge_triplet,derivative_1,triplet,2718,session2_row378,ethyl_paraoxon,4_nitrophenol,-0.0188875999301671,True,False,Pendar-3,H_SERS_H_Kit,,,ethyl_paraoxon,strict_core,0.7345470719086409
outer,nato_outer_o1__train_strict_core__test_strict_core,1,siamese,deterministic_edge_triplet,derivative_1,triplet,2718,session2_row382,ethyl_paraoxon,4_nitrophenol,-0.0188875999301671,True,False,Mira-2,H_SERS_H_Kit,,,ethyl_paraoxon,strict_core,0.7345470719086409
outer,nato_outer_o1__train_strict_core__test_strict_core,1,siamese,deterministic_edge_triplet,derivative_1,triplet,2718,session2_row385,ethyl_paraoxon,blank,-0.2299304902553558,True,False,Mira-2,NRC_Canadian_SERS,,,ethyl_paraoxon,strict_core,0.5891483588134006
outer,nato_outer_o1__train_strict_core__test_strict_core,1,siamese,deterministic_edge_triplet,derivative_1,triplet,2718,session2_row387,ethyl_paraoxon,blank,-0.1390608251094818,True,False,Pendar-3,NRC_Canadian_SERS,,,ethyl_paraoxon,strict_core,0.6555425958596717
outer,nato_outer_o1__train_strict_core__test_strict_core,1,siamese,deterministic_edge_triplet,derivative_1,triplet,2718,session2_row393,ethyl_paraoxon,ethyl_paraoxon,-0.2313796132802963,True,True,Mira-2,NRC_Canadian_SERS,,,ethyl_paraoxon,strict_core,0.5880553375091971
outer,nato_outer_o1__train_strict_core__test_strict_core,1,siamese,deterministic_edge_triplet,derivative_1,triplet,2718,session2_row395,ethyl_paraoxon,ethyl_paraoxon,-0.1090580075979232,True,True,RMX-1,NRC_Canadian_SERS,,,ethyl_paraoxon,strict_core,0.6763280321554898
outer,nato_outer_o1__train_strict_core__test_strict_core,1,siamese,deterministic_edge_triplet,derivative_1,triplet,2718,session3_row10,ethanol,ethanol,-0.0523952730000019,True,True,Pendar-2,H_SERS_H_Kit,,,ethanol,strict_core,0.7137045129516478
outer,nato_outer_o1__train_strict_core__test_strict_core,1,siamese,deterministic_edge_triplet,derivative_1,triplet,2718,session3_row12,4_nitrophenol,4_nitrophenol,-0.0188875999301671,True,True,Pendar-2,H_SERS_H_Kit,,,4_nitrophenol,strict_core,0.7345470719086409
outer,nato_outer_o1__train_strict_core__test_strict_core,1,siamese,deterministic_edge_triplet,derivative_1,triplet,2718,session3_row14,ethanol,ethanol,-0.1055073142051696,True,True,Pendar-2,H_SERS_H_Kit,,,ethanol,strict_core,0.6787444092900806
outer,nato_outer_o1__train_strict_core__test_strict_core,1,siamese,deterministic_edge_triplet,derivative_1,triplet,2718,session3_row47,ethanol,ethanol,-0.1130728647112846,True,True,RMX-1,H_SERS_H_Kit,,,ethanol,strict_core,0.6735844040836241
outer,nato_outer_o1__train_strict_core__test_strict_core,1,siamese,deterministic_edge_triplet,derivative_1,triplet,2718,session3_row49,ethanol,ethanol,-0.2966838479042053,True,True,Mira-2,H_SERS_H_Kit,,,ethanol,strict_core,0.5380557517966033
outer,nato_outer_o1__train_strict_core__test_strict_core,1,siamese,deterministic_edge_triplet,derivative_1,triplet,2718,session3_row60,ethyl_paraoxon,4_nitrophenol,-0.0188875999301671,True,False,Pendar-2,H_SERS_H_Kit,,,ethyl_paraoxon,strict_core,0.7345470719086409
outer,nato_outer_o1__train_strict_core__test_strict_core,1,siamese,deterministic_edge_triplet,derivative_1,triplet,2718,session3_row128,ethyl_paraoxon,4_nitrophenol,-0.0188875999301671,True,False,RMX-1,H_SERS_H_Kit,,,ethyl_paraoxon,strict_core,0.7345470719086409
outer,nato_outer_o1__train_strict_core__test_strict_core,1,siamese,deterministic_edge_triplet,derivative_1,triplet,2718,session3_row129,ethyl_paraoxon,4_nitrophenol,-0.0188875999301671,True,False,Mira-2,H_SERS_H_Kit,,,ethyl_paraoxon,strict_core,0.7345470719086409
outer,nato_outer_o1__train_strict_core__test_strict_core,1,siamese,deterministic_edge_triplet,derivative_1,triplet,2718,session3_row133,4_nitrophenol,4_nitrophenol,-0.0188875999301671,True,True,Mira-2,H_SERS_H_Kit,,,4_nitrophenol,strict_core,0.7345470719086409
outer,nato_outer_o1__train_strict_core__test_strict_core,1,siamese,deterministic_edge_triplet,derivative_1,triplet,2718,session3_row134,4_nitrophenol,4_nitrophenol,-0.0188875999301671,True,True,RMX-1,H_SERS_H_Kit,,,4_nitrophenol,strict_core,0.7345470719086409
outer,nato_outer_o1__train_strict_core__test_strict_core,1,siamese,deterministic_edge_triplet,derivative_1,triplet,2718,session3_row142,ethyl_paraoxon,4_nitrophenol,-0.0188875999301671,True,False,RMX-1,H_SERS_H_Kit,,,ethyl_paraoxon,strict_core,0.7345470719086409
outer,nato_outer_o1__train_strict_core__test_strict_core,1,siamese,deterministic_edge_triplet,derivative_1,triplet,2718,session3_row143,ethyl_paraoxon,4_nitrophenol,-0.0188875999301671,True,False,Mira-2,H_SERS_H_Kit,,,ethyl_paraoxon,strict_core,0.7345470719086409
outer,nato_outer_o1__train_strict_core__test_strict_core,1,siamese,deterministic_edge_triplet,derivative_1,triplet,2718,session3_row206,benzyl_fentanyl,benzyl_fentanyl,-0.1001059189438819,True,True,Pendar-1,pSERS_Metrohm_silver,,,benzyl_fentanyl,strict_core,0.6824019420208703
outer,nato_outer_o1__train_strict_core__test_strict_core,1,siamese,deterministic_edge_triplet,derivative_1,triplet,2718,session3_row226,benzyl_fentanyl,benzyl_fentanyl,-0.1542728096246719,True,True,Agilent-1,pSERS_Metrohm_silver,,,benzyl_fentanyl,strict_core,0.6447657235007911
outer,nato_outer_o1__train_strict_core__test_strict_core,1,siamese,deterministic_edge_triplet,derivative_1,triplet,2718,session3_row229,blank,acetaminophen,-0.2502039074897766,True,False,Pendar-1,NRC_Canadian_SERS,,,blank,strict_core,0.5737815747039203
outer,nato_outer_o1__train_strict_core__test_strict_core,1,siamese,deterministic_edge_triplet,derivative_1,triplet,2718,session3_row232,4_ANPP,acetaminophen,-0.2774261832237243,True,False,Pendar-1,NRC_Canadian_SERS,,,4_ANPP,strict_core,0.5529267427403397
outer,nato_outer_o1__train_strict_core__test_strict_core,1,siamese,deterministic_edge_triplet,derivative_1,triplet,2718,session3_row238,4_ANPP,acetaminophen,-0.2008805274963379,True,False,Mira-3,NRC_Canadian_SERS,,,4_ANPP,strict_core,0.6108609564653277
outer,nato_outer_o1__train_strict_core__test_strict_core,1,siamese,deterministic_edge_triplet,derivative_1,triplet,2718,session3_row243,blank,4_ANPP,-0.2158977091312408,True,False,Mira-3,NRC_Canadian_SERS,,,blank,strict_core,0.5996858000952957
outer,nato_outer_o1__train_strict_core__test_strict_core,1,siamese,deterministic_edge_triplet,derivative_1,triplet,2718,session3_row246,benzyl_fentanyl,benzyl_fentanyl,-0.2276621907949447,True,True,Mira-3,pSERS_Metrohm_silver,,,benzyl_fentanyl,strict_core,0.5908574861939279
outer,nato_outer_o1__train_strict_core__test_strict_core,1,siamese,deterministic_edge_triplet,derivative_1,triplet,2718,session3_row248,4_ANPP,4_ANPP,-0.117879182100296,True,True,Mira-3,pSERS_Metrohm_silver,,,4_ANPP,strict_core,0.6702842293197175
outer,nato_outer_o1__train_strict_core__test_strict_core,1,siamese,deterministic_edge_triplet,derivative_1,triplet,2718,session3_row249,benzyl_fentanyl,benzyl_fentanyl,-0.0891962125897407,True,True,Agilent-1,pSERS_Metrohm_silver,,,benzyl_fentanyl,strict_core,0.6897208383622522
outer,nato_outer_o1__train_strict_core__test_strict_core,1,siamese,deterministic_edge_triplet,derivative_1,triplet,2718,session3_row250,blank,acetaminophen,-0.1370658129453659,True,False,Pendar-1,pSERS_Metrohm_silver,,,blank,strict_core,0.65694444291022
outer,nato_outer_o1__train_strict_core__test_strict_core,1,siamese,deterministic_edge_triplet,derivative_1,triplet,2718,session3_row252,blank,acetaminophen,-0.1637422144412994,True,False,Mira-3,pSERS_Metrohm_silver,,,blank,strict_core,0.6379814102640858
outer,nato_outer_o1__train_strict_core__test_strict_core,1,siamese,deterministic_edge_triplet,derivative_1,triplet,2718,session3_row253,4_ANPP,4_ANPP,-0.0981264933943748,True,True,Agilent-1,pSERS_Metrohm_silver,,,4_ANPP,strict_core,0.683736714854598
outer,nato_outer_o1__train_strict_core__test_strict_core,1,siamese,deterministic_edge_triplet,derivative_1,triplet,2718,session3_row254,4_ANPP,4_ANPP,-0.2442162781953811,True,True,Pendar-1,pSERS_Metrohm_silver,,,4_ANPP,strict_core,0.5783363143133132
outer,nato_outer_o1__train_strict_core__test_strict_core,1,siamese,deterministic_edge_triplet,derivative_1,triplet,2718,session3_row255,4_ANPP,benzyl_fentanyl,-0.079964131116867,True,False,Mira-3,pSERS_Metrohm_silver,,,4_ANPP,strict_core,0.695841135022474
outer,nato_outer_o1__train_strict_core__test_strict_core,1,siamese,deterministic_edge_triplet,derivative_1,triplet,2718,session3_row258,4_ANPP,blank,-0.1711571961641311,True,False,Mira-3,pSERS_Metrohm_silver,,,4_ANPP,strict_core,0.6326301571102185
outer,nato_outer_o1__train_strict_core__test_strict_core,1,siamese,deterministic_edge_triplet,derivative_1,triplet,2718,session3_row271,blank,blank,-0.1729556918144226,True,True,Agilent-1,pSERS_Metrohm_silver,,,blank,strict_core,0.6313272181669306
outer,nato_outer_o1__train_strict_core__test_strict_core,1,siamese,deterministic_edge_triplet,derivative_1,triplet,2718,session3_row300,benzyl_fentanyl,benzyl_fentanyl,-0.2143871337175369,True,True,Mira-3,NRC_Canadian_SERS,,,benzyl_fentanyl,strict_core,0.6008148219000616
outer,nato_outer_o1__train_strict_core__test_strict_core,1,siamese,deterministic_edge_triplet,derivative_1,triplet,2718,session3_row305,blank,ethyl_paraoxon,-0.0772821754217147,True,False,Pendar-1,NRC_Canadian_SERS,,,blank,strict_core,0.6976063163494051
outer,nato_outer_o1__train_strict_core__test_strict_core,1,siamese,deterministic_edge_triplet,derivative_1,triplet,2718,session3_row310,benzyl_fentanyl,4_ANPP,-0.1262527406215667,True,False,Mira-3,NRC_Canadian_SERS,,,benzyl_fentanyl,strict_core,0.6644945187148803
outer,nato_outer_o1__train_strict_core__test_strict_core,1,siamese,deterministic_edge_triplet,derivative_1,triplet,2718,session3_row313,blank,acetaminophen,-0.2033762335777282,True,False,Mira-3,NRC_Canadian_SERS,,,blank,strict_core,0.6090114643764519
outer,nato_outer_o1__train_strict_core__test_strict_core,1,siamese,deterministic_edge_triplet,derivative_1,triplet,2718,session3_row314,4_ANPP,4_ANPP,-0.1940678656101226,True,True,Agilent-1,NRC_Canadian_SERS,,,4_ANPP,strict_core,0.6158932605357299
outer,nato_outer_o1__train_strict_core__test_strict_core,1,siamese,deterministic_edge_triplet,derivative_1,triplet,2718,session3_row328,benzyl_fentanyl,benzyl_fentanyl,-0.1148062795400619,True,True,Pendar-1,pSERS_Metrohm_silver,,,benzyl_fentanyl,strict_core,0.67239614478852
outer,nato_outer_o1__train_strict_core__test_strict_core,1,siamese,deterministic_edge_triplet,derivative_1,triplet,2718,session3_row329,4_ANPP,4_ANPP,-0.0368731021881103,True,True,Pendar-1,pSERS_Metrohm_silver,,,4_ANPP,strict_core,0.7234808679561023
outer,nato_outer_o1__train_strict_core__test_strict_core,1,siamese,deterministic_edge_triplet,derivative_1,triplet,2718,session3_row335,blank,benzyl_fentanyl,-0.2758151888847351,True,False,Pendar-1,pSERS_Metrohm_silver,,,blank,strict_core,0.5541668626406461
outer,nato_outer_o1__train_strict_core__test_strict_core,1,siamese,deterministic_edge_triplet,derivative_1,triplet,2718,session3_row336,benzyl_fentanyl,benzyl_fentanyl,-0.3263698816299438,True,True,Agilent-1,NRC_Canadian_SERS,,,benzyl_fentanyl,strict_core,0.5150079664689109
outer,nato_outer_o1__train_strict_core__test_strict_core,1,siamese,deterministic_edge_triplet,derivative_1,triplet,2718,session3_row337,benzyl_fentanyl,benzyl_fentanyl,-0.3450490236282348,True,True,Agilent-1,NRC_Canadian_SERS,,,benzyl_fentanyl,strict_core,0.500466711637616
outer,nato_outer_o1__train_strict_core__test_strict_core,1,siamese,deterministic_edge_triplet,derivative_1,triplet,2718,session3_row345,4_ANPP,4_ANPP,-0.0922899767756462,True,True,Pendar-1,pSERS_Metrohm_silver,,,4_ANPP,strict_core,0.6876547725643931
outer,nato_outer_o1__train_strict_core__test_strict_core,1,siamese,deterministic_edge_triplet,derivative_1,triplet,2718,session3_row399,acetaminophen,acetaminophen,-0.1276843249797821,True,True,Pendar-3,pSERS_Metrohm_silver,,,acetaminophen,strict_core,0.6634996505392411
outer,nato_outer_o1__train_strict_core__test_strict_core,1,siamese,deterministic_edge_triplet,derivative_1,triplet,2718,session3_row400,acetaminophen,acetaminophen,-0.3912217020988464,True,True,RMX-2,pSERS_Metrohm_silver,,,acetaminophen,strict_core,0.4645707400798077
outer,nato_outer_o1__train_strict_core__test_strict_core,1,siamese,deterministic_edge_triplet,derivative_1,triplet,2718,session3_row413,acetaminophen,ethanol,-0.215679258108139,True,False,Mira-1,pSERS_Metrohm_silver,,,acetaminophen,strict_core,0.5998491387534993
outer,nato_outer_o1__train_strict_core__test_strict_core,1,siamese,deterministic_edge_triplet,derivative_1,triplet,2718,session3_row414,acetaminophen,4_ANPP,-0.0492426864802837,True,False,Agilent-3,pSERS_Metrohm_silver,,,acetaminophen,strict_core,0.7157067968494057
outer,nato_outer_o1__train_strict_core__test_strict_core,1,siamese,deterministic_edge_triplet,derivative_1,triplet,3141,session1_row10,benzyl_fentanyl,4_ANPP,-0.7372990250587463,True,False,Mira-3,pSERS_Metrohm_silver,,,benzyl_fentanyl,strict_core,0.28903314018858495
outer,nato_outer_o1__train_strict_core__test_strict_core,1,siamese,deterministic_edge_triplet,derivative_1,triplet,3141,session1_row12,benzyl_fentanyl,benzyl_fentanyl,-0.2156915068626403,True,True,Agilent-3,pSERS_Metrohm_silver,,,benzyl_fentanyl,strict_core,0.6772820399215768
outer,nato_outer_o1__train_strict_core__test_strict_core,1,siamese,deterministic_edge_triplet,derivative_1,triplet,3141,session1_row15,benzyl_fentanyl,benzyl_fentanyl,-0.1758360117673874,True,True,Agilent-3,pSERS_Metrohm_silver,,,benzyl_fentanyl,strict_core,0.7040640378785492
outer,nato_outer_o1__train_strict_core__test_strict_core,1,siamese,deterministic_edge_triplet,derivative_1,triplet,3141,session1_row22,benzyl_fentanyl,benzyl_fentanyl,-0.2447156906127929,True,True,Agilent-3,pSERS_Metrohm_silver,,,benzyl_fentanyl,strict_core,0.6570050074087155
outer,nato_outer_o1__train_strict_core__test_strict_core,1,siamese,deterministic_edge_triplet,derivative_1,triplet,3141,session1_row26,benzyl_fentanyl,benzyl_fentanyl,-0.5595937371253967,True,True,Mira-3,pSERS_Metrohm_silver,,,benzyl_fentanyl,strict_core,0.41559528879926766
outer,nato_outer_o1__train_strict_core__test_strict_core,1,siamese,deterministic_edge_triplet,derivative_1,triplet,3141,session1_row29,4_ANPP,benzyl_fentanyl,-0.7660893797874451,True,False,Agilent-3,pSERS_Metrohm_silver,,,4_ANPP,strict_core,0.27077741155732876
outer,nato_outer_o1__train_strict_core__test_strict_core,1,siamese,deterministic_edge_triplet,derivative_1,triplet,3141,session1_row30,benzyl_fentanyl,benzyl_fentanyl,-0.1495950073003769,True,True,Agilent-3,pSERS_Metrohm_silver,,,benzyl_fentanyl,strict_core,0.7209746559456609
outer,nato_outer_o1__train_strict_core__test_strict_core,1,siamese,deterministic_edge_triplet,derivative_1,triplet,3141,session1_row35,4_ANPP,4_ANPP,-0.2627037167549133,True,True,Mira-3,pSERS_Metrohm_silver,,,4_ANPP,strict_core,0.6441382598043511
outer,nato_outer_o1__train_strict_core__test_strict_core,1,siamese,deterministic_edge_triplet,derivative_1,triplet,3141,session1_row41,4_ANPP,acetaminophen,-0.6794000864028931,True,False,Mira-3,pSERS_Metrohm_silver,,,4_ANPP,strict_core,0.3278581851664635
outer,nato_outer_o1__train_strict_core__test_strict_core,1,siamese,deterministic_edge_triplet,derivative_1,triplet,3141,session1_row42,4_ANPP,4_ANPP,-0.4549090564250946,True,True,Agilent-3,pSERS_Metrohm_silver,,,4_ANPP,strict_core,0.4971349630292319
outer,nato_outer_o1__train_strict_core__test_strict_core,1,siamese,deterministic_edge_triplet,derivative_1,triplet,3141,session1_row51,blank,blank,-0.4592981040477752,True,True,Agilent-3,pSERS_Metrohm_silver,,,blank,strict_core,0.49368240632026583
outer,nato_outer_o1__train_strict_core__test_strict_core,1,siamese,deterministic_edge_triplet,derivative_1,triplet,3141,session1_row56,blank,blank,-0.3813214600086212,True,True,Pendar-2,pSERS_Metrohm_silver,,,blank,strict_core,0.5548051769495489
outer,nato_outer_o1__train_strict_core__test_strict_core,1,siamese,deterministic_edge_triplet,derivative_1,triplet,3141,session1_row58,blank,acetaminophen,-0.3209240436553955,True,False,Pendar-2,pSERS_Metrohm_silver,,,blank,strict_core,0.6011270820024892
outer,nato_outer_o1__train_strict_core__test_strict_core,1,siamese,deterministic_edge_triplet,derivative_1,triplet,3141,session1_row67,blank,ethyl_paraoxon,-0.4294097423553467,True,False,Pendar-2,pSERS_Metrohm_silver,,,blank,strict_core,0.5171884536148921
outer,nato_outer_o1__train_strict_core__test_strict_core,1,siamese,deterministic_edge_triplet,derivative_1,triplet,3141,session1_row132,acetaminophen,acetaminophen,-0.5012553334236145,True,True,Pendar-3,pSERS_Metrohm_silver,,,acetaminophen,strict_core,0.4607552283835823
outer,nato_outer_o1__train_strict_core__test_strict_core,1,siamese,deterministic_edge_triplet,derivative_1,triplet,3141,session1_row135,acetaminophen,acetaminophen,-0.2783197462558746,True,True,Pendar-3,NRC_Canadian_SERS,,,acetaminophen,strict_core,0.6327960169808335
outer,nato_outer_o1__train_strict_core__test_strict_core,1,siamese,deterministic_edge_triplet,derivative_1,triplet,3141,session1_row136,acetaminophen,blank,-0.274349182844162,True,False,RMX-2,pSERS_Metrohm_silver,,,acetaminophen,strict_core,0.6356944714754276
outer,nato_outer_o1__train_strict_core__test_strict_core,1,siamese,deterministic_edge_triplet,derivative_1,triplet,3141,session1_row138,acetaminophen,acetaminophen,-0.276690274477005,True,True,RMX-2,NRC_Canadian_SERS,,,acetaminophen,strict_core,0.6339866838161536
outer,nato_outer_o1__train_strict_core__test_strict_core,1,siamese,deterministic_edge_triplet,derivative_1,triplet,3141,session1_row182,4_nitrophenol,4_nitrophenol,-0.122890867292881,True,True,Pendar-2,H_SERS_H_Kit,,,4_nitrophenol,strict_core,0.7375617318399057
outer,nato_outer_o1__train_strict_core__test_strict_core,1,siamese,deterministic_edge_triplet,derivative_1,triplet,3141,session1_row194,ethanol,ethanol,-0.405083954334259,True,True,Pendar-2,H_SERS_H_Kit,,,ethanol,strict_core,0.5362685027958034
outer,nato_outer_o1__train_strict_core__test_strict_core,1,siamese,deterministic_edge_triplet,derivative_1,triplet,3141,session1_row199,4_nitrophenol,4_nitrophenol,-0.142693355679512,True,True,RMX-1,H_SERS_H_Kit,,,4_nitrophenol,strict_core,0.7253226536208015
outer,nato_outer_o1__train_strict_core__test_strict_core,1,siamese,deterministic_edge_triplet,derivative_1,triplet,3141,session1_row206,4_nitrophenol,4_nitrophenol,-0.1409041434526443,True,True,RMX-1,GaN_polymer,,,4_nitrophenol,strict_core,0.7264429503102224
outer,nato_outer_o1__train_strict_core__test_strict_core,1,siamese,deterministic_edge_triplet,derivative_1,triplet,3141,session1_row207,4_nitrophenol,4_nitrophenol,-0.1072681620717048,True,True,Pendar-2,GaN_polymer,,,4_nitrophenol,strict_core,0.74696592429934
outer,nato_outer_o1__train_strict_core__test_strict_core,1,siamese,deterministic_edge_triplet,derivative_1,triplet,3141,session1_row209,4_nitrophenol,4_nitrophenol,-0.24353589117527,True,True,Pendar-2,GaN_polymer,,,4_nitrophenol,strict_core,0.6578411492143793
outer,nato_outer_o1__train_strict_core__test_strict_core,1,siamese,deterministic_edge_triplet,derivative_1,triplet,3141,session1_row213,ethyl_paraoxon,ethyl_paraoxon,-0.3624216616153717,True,True,Pendar-2,H_SERS_H_Kit,,,ethyl_paraoxon,strict_core,0.5694429769046802
outer,nato_outer_o1__train_strict_core__test_strict_core,1,siamese,deterministic_edge_triplet,derivative_1,triplet,3141,session1_row226,ethanol,ethanol,-0.2914654612541199,True,True,Mira-2,H_SERS_H_Kit,,,ethanol,strict_core,0.6231320765175061
outer,nato_outer_o1__train_strict_core__test_strict_core,1,siamese,deterministic_edge_triplet,derivative_1,triplet,3141,session1_row228,4_nitrophenol,4_nitrophenol,-0.2776574194431305,True,True,Mira-2,H_SERS_H_Kit,,,4_nitrophenol,strict_core,0.633280180409194
outer,nato_outer_o1__train_strict_core__test_strict_core,1,siamese,deterministic_edge_triplet,derivative_1,triplet,3141,session1_row232,4_nitrophenol,4_nitrophenol,-0.2859994173049927,True,True,Mira-2,GaN_polymer,,,4_nitrophenol,strict_core,0.627162788327578
outer,nato_outer_o1__train_strict_core__test_strict_core,1,siamese,deterministic_edge_triplet,derivative_1,triplet,3141,session1_row233,4_nitrophenol,4_nitrophenol,-0.1201230883598327,True,True,Mira-2,GaN_polymer,,,4_nitrophenol,strict_core,0.739244116905397
outer,nato_outer_o1__train_strict_core__test_strict_core,1,siamese,deterministic_edge_triplet,derivative_1,triplet,3141,session1_row237,ethyl_paraoxon,ethyl_paraoxon,-0.2363885641098022,True,True,Mira-2,H_SERS_H_Kit,,,ethyl_paraoxon,strict_core,0.6628854858820316
outer,nato_outer_o1__train_strict_core__test_strict_core,1,siamese,deterministic_edge_triplet,derivative_1,triplet,3141,session1_row244,4_nitrophenol,4_nitrophenol,-0.153529480099678,True,True,Agilent-3,GaN_polymer,,,4_nitrophenol,strict_core,0.7184771685212366
outer,nato_outer_o1__train_strict_core__test_strict_core,1,siamese,deterministic_edge_triplet,derivative_1,triplet,3141,session1_row245,4_nitrophenol,4_nitrophenol,-0.2237220555543899,True,True,Agilent-3,GaN_polymer,,,4_nitrophenol,strict_core,0.6717340766052377
outer,nato_outer_o1__train_strict_core__test_strict_core,1,siamese,deterministic_edge_triplet,derivative_1,triplet,3141,session2_row15,benzyl_fentanyl,benzyl_fentanyl,-0.1510744839906692,True,True,Pendar-3,pSERS_Metrohm_silver,,,benzyl_fentanyl,strict_core,0.7200371222625348
outer,nato_outer_o1__train_strict_core__test_strict_core,1,siamese,deterministic_edge_triplet,derivative_1,triplet,3141,session2_row19,benzyl_fentanyl,benzyl_fentanyl,-0.0949311926960945,True,True,Mira-3,pSERS_Metrohm_silver,,,benzyl_fentanyl,strict_core,0.754232989916188
outer,nato_outer_o1__train_strict_core__test_strict_core,1,siamese,deterministic_edge_triplet,derivative_1,triplet,3141,session2_row35,benzyl_fentanyl,benzyl_fentanyl,-0.1849389523267746,True,True,Pendar-3,pSERS_Metrohm_silver,,,benzyl_fentanyl,strict_core,0.6980609223667816
outer,nato_outer_o1__train_strict_core__test_strict_core,1,siamese,deterministic_edge_triplet,derivative_1,triplet,3141,session2_row36,benzyl_fentanyl,benzyl_fentanyl,-0.0813748314976692,True,True,Mira-3,pSERS_Metrohm_silver,,,benzyl_fentanyl,strict_core,0.7620545113628362
outer,nato_outer_o1__train_strict_core__test_strict_core,1,siamese,deterministic_edge_triplet,derivative_1,triplet,3141,session2_row37,4_ANPP,4_ANPP,-0.2048129439353943,True,True,Mira-3,pSERS_Metrohm_silver,,,4_ANPP,strict_core,0.6847184484837997
outer,nato_outer_o1__train_strict_core__test_strict_core,1,siamese,deterministic_edge_triplet,derivative_1,triplet,3141,session2_row38,4_ANPP,4_ANPP,-0.1571741253137588,True,True,Pendar-3,pSERS_Metrohm_silver,,,4_ANPP,strict_core,0.7161515658007053
outer,nato_outer_o1__train_strict_core__test_strict_core,1,siamese,deterministic_edge_triplet,derivative_1,triplet,3141,session2_row49,blank,4_nitrophenol,-0.6859678030014038,True,False,Pendar-3,pSERS_Metrohm_silver,,,blank,strict_core,0.323320101860456
outer,nato_outer_o1__train_strict_core__test_strict_core,1,siamese,deterministic_edge_triplet,derivative_1,triplet,3141,session2_row66,blank,blank,-0.3230644762516022,True,True,Mira-3,pSERS_Metrohm_silver,,,blank,strict_core,0.599510992007211
outer,nato_outer_o1__train_strict_core__test_strict_core,1,siamese,deterministic_edge_triplet,derivative_1,triplet,3141,session2_row86,4_ANPP,4_ANPP,-0.3073206543922424,True,True,Pendar-3,pSERS_Metrohm_silver,,,4_ANPP,strict_core,0.6113452920525922
outer,nato_outer_o1__train_strict_core__test_strict_core,1,siamese,deterministic_edge_triplet,derivative_1,triplet,3141,session2_row87,4_ANPP,4_ANPP,-0.2070420980453491,True,True,Mira-3,pSERS_Metrohm_silver,,,4_ANPP,strict_core,0.6832021633906135
outer,nato_outer_o1__train_strict_core__test_strict_core,1,siamese,deterministic_edge_triplet,derivative_1,triplet,3141,session2_row105,benzyl_fentanyl,benzyl_fentanyl,-0.0966174751520156,True,True,Agilent-3,pSERS_Metrohm_silver,,,benzyl_fentanyl,strict_core,0.7532480413256062
outer,nato_outer_o1__train_strict_core__test_strict_core,1,siamese,deterministic_edge_triplet,derivative_1,triplet,3141,session2_row109,benzyl_fentanyl,benzyl_fentanyl,-0.0894941538572311,True,True,Agilent-3,pSERS_Metrohm_silver,,,benzyl_fentanyl,strict_core,0.7573906464825843
outer,nato_outer_o1__train_strict_core__test_strict_core,1,siamese,deterministic_edge_triplet,derivative_1,triplet,3141,session2_row110,4_ANPP,4_ANPP,-0.4759159386157989,True,True,Agilent-3,pSERS_Metrohm_silver,,,4_ANPP,strict_core,0.48061854395438225
outer,nato_outer_o1__train_strict_core__test_strict_core,1,siamese,deterministic_edge_triplet,derivative_1,triplet,3141,session2_row116,blank,blank,-0.2247110903263092,True,True,Agilent-3,pSERS_Metrohm_silver,,,blank,strict_core,0.6710474265719183
outer,nato_outer_o1__train_strict_core__test_strict_core,1,siamese,deterministic_edge_triplet,derivative_1,triplet,3141,session2_row118,4_ANPP,4_ANPP,-0.2530451416969299,True,True,Agilent-3,pSERS_Metrohm_silver,,,4_ANPP,strict_core,0.6510742839937073
outer,nato_outer_o1__train_strict_core__test_strict_core,1,siamese,deterministic_edge_triplet,derivative_1,triplet,3141,session2_row165,acetaminophen,acetaminophen,-0.5831572413444519,True,True,Pendar-2,pSERS_Metrohm_silver,,,acetaminophen,strict_core,0.39770630013187436
outer,nato_outer_o1__train_strict_core__test_strict_core,1,siamese,deterministic_edge_triplet,derivative_1,triplet,3141,session2_row166,acetaminophen,4_nitrophenol,-0.6609484553337097,True,False,Pendar-2,pSERS_Metrohm_silver,,,acetaminophen,strict_core,0.3407790040042293
outer,nato_outer_o1__train_strict_core__test_strict_core,1,siamese,deterministic_edge_triplet,derivative_1,triplet,3141,session2_row177,acetaminophen,acetaminophen,-0.403899610042572,True,True,RMX-2,pSERS_Metrohm_silver,,,acetaminophen,strict_core,0.5371951971578987
outer,nato_outer_o1__train_strict_core__test_strict_core,1,siamese,deterministic_edge_triplet,derivative_1,triplet,3141,session2_row235,benzyl_fentanyl,benzyl_fentanyl,-0.1556652039289474,True,True,RMX-2,pSERS_Metrohm_silver,,,benzyl_fentanyl,strict_core,0.7171157957262005
outer,nato_outer_o1__train_strict_core__test_strict_core,1,siamese,deterministic_edge_triplet,derivative_1,triplet,3141,session2_row241,benzyl_fentanyl,benzyl_fentanyl,-0.2718938291072845,True,True,Pendar-2,pSERS_Metrohm_silver,,,benzyl_fentanyl,strict_core,0.6374819460741078
outer,nato_outer_o1__train_strict_core__test_strict_core,1,siamese,deterministic_edge_triplet,derivative_1,triplet,3141,session2_row259,acetaminophen,blank,-0.4674666225910187,True,False,RMX-2,pSERS_Metrohm_silver,,,acetaminophen,strict_core,0.48725865962796805
outer,nato_outer_o1__train_strict_core__test_strict_core,1,siamese,deterministic_edge_triplet,derivative_1,triplet,3141,session2_row266,acetaminophen,ethyl_paraoxon,-0.3294073343276977,True,False,Pendar-2,pSERS_Metrohm_silver,,,acetaminophen,strict_core,0.5947093406565163
outer,nato_outer_o1__train_strict_core__test_strict_core,1,siamese,deterministic_edge_triplet,derivative_1,triplet,3141,session2_row267,acetaminophen,blank,-0.6027386784553528,True,False,Pendar-2,pSERS_Metrohm_silver,,,acetaminophen,strict_core,0.38304343513923994
outer,nato_outer_o1__train_strict_core__test_strict_core,1,siamese,deterministic_edge_triplet,derivative_1,triplet,3141,session2_row272,acetaminophen,acetaminophen,-0.3994258940219879,True,True,Pendar-2,pSERS_Metrohm_silver,,,acetaminophen,strict_core,0.5406933013373956
outer,nato_outer_o1__train_strict_core__test_strict_core,1,siamese,deterministic_edge_triplet,derivative_1,triplet,3141,session2_row273,acetaminophen,acetaminophen,-0.6191700100898743,True,True,Pendar-2,pSERS_Metrohm_silver,,,acetaminophen,strict_core,0.37090033289689484
outer,nato_outer_o1__train_strict_core__test_strict_core,1,siamese,deterministic_edge_triplet,derivative_1,triplet,3141,session2_row331,ethanol,ethanol,-0.1056927815079689,True,True,RMX-1,H_SERS_H_Kit,,,ethanol,strict_core,0.747901764887204
outer,nato_outer_o1__train_strict_core__test_strict_core,1,siamese,deterministic_edge_triplet,derivative_1,triplet,3141,session2_row332,ethanol,ethanol,-0.1657025963068008,True,True,Mira-2,H_SERS_H_Kit,,,ethanol,strict_core,0.7106646041255443
outer,nato_outer_o1__train_strict_core__test_strict_core,1,siamese,deterministic_edge_triplet,derivative_1,triplet,3141,session2_row334,ethanol,ethanol,-0.0697803124785423,True,True,Agilent-3,H_SERS_H_Kit,,,ethanol,strict_core,0.7686069768297827
outer,nato_outer_o1__train_strict_core__test_strict_core,1,siamese,deterministic_edge_triplet,derivative_1,triplet,3141,session2_row336,4_nitrophenol,4_nitrophenol,-0.1486966609954834,True,True,RMX-1,H_SERS_H_Kit,,,4_nitrophenol,strict_core,0.7215429914734539
outer,nato_outer_o1__train_strict_core__test_strict_core,1,siamese,deterministic_edge_triplet,derivative_1,triplet,3141,session2_row339,4_nitrophenol,4_nitrophenol,-0.1911211311817169,True,True,Mira-2,H_SERS_H_Kit,,,4_nitrophenol,strict_core,0.6939448221376828
outer,nato_outer_o1__train_strict_core__test_strict_core,1,siamese,deterministic_edge_triplet,derivative_1,triplet,3141,session2_row340,4_nitrophenol,4_nitrophenol,-0.1092610955238342,True,True,Agilent-3,H_SERS_H_Kit,,,4_nitrophenol,strict_core,0.7457787535122876
outer,nato_outer_o1__train_strict_core__test_strict_core,1,siamese,deterministic_edge_triplet,derivative_1,triplet,3141,session2_row343,ethanol,4_nitrophenol,-0.4612445831298828,True,False,RMX-1,NRC_Canadian_SERS,,,ethanol,strict_core,0.4921514206930573
outer,nato_outer_o1__train_strict_core__test_strict_core,1,siamese,deterministic_edge_triplet,derivative_1,triplet,3141,session2_row345,ethanol,blank,-0.4670978188514709,True,False,Mira-2,NRC_Canadian_SERS,,,ethanol,strict_core,0.48754861319549103
outer,nato_outer_o1__train_strict_core__test_strict_core,1,siamese,deterministic_edge_triplet,derivative_1,triplet,3141,session2_row346,4_nitrophenol,ethyl_paraoxon,-0.3861678838729858,True,False,RMX-1,NRC_Canadian_SERS,,,4_nitrophenol,strict_core,0.5510352269495722
outer,nato_outer_o1__train_strict_core__test_strict_core,1,siamese,deterministic_edge_triplet,derivative_1,triplet,3141,session2_row349,4_nitrophenol,4_nitrophenol,-0.2312025278806686,True,True,Mira-2,NRC_Canadian_SERS,,,4_nitrophenol,strict_core,0.666522607755905
outer,nato_outer_o1__train_strict_core__test_strict_core,1,siamese,deterministic_edge_triplet,derivative_1,triplet,3141,session2_row353,ethanol,4_nitrophenol,-0.3372389078140259,True,False,Pendar-3,NRC_Canadian_SERS,,,ethanol,strict_core,0.5887557075370852
outer,nato_outer_o1__train_strict_core__test_strict_core,1,siamese,deterministic_edge_triplet,derivative_1,triplet,3141,session2_row357,4_nitrophenol,blank,-0.3671540915966034,True,False,Pendar-3,NRC_Canadian_SERS,,,4_nitrophenol,strict_core,0.5657880785448137
outer,nato_outer_o1__train_strict_core__test_strict_core,1,siamese,deterministic_edge_triplet,derivative_1,triplet,3141,session2_row377,ethyl_paraoxon,4_nitrophenol,-0.0911697000265121,True,False,RMX-1,H_SERS_H_Kit,,,ethyl_paraoxon,strict_core,0.7564204905891277
outer,nato_outer_o1__train_strict_core__test_strict_core,1,siamese,deterministic_edge_triplet,derivative_1,triplet,3141,session2_row378,ethyl_paraoxon,4_nitrophenol,-0.1083081811666488,True,False,Pendar-3,H_SERS_H_Kit,,,ethyl_paraoxon,strict_core,0.7463468528794958
outer,nato_outer_o1__train_strict_core__test_strict_core,1,siamese,deterministic_edge_triplet,derivative_1,triplet,3141,session2_row382,ethyl_paraoxon,4_nitrophenol,-0.0933765769004821,True,False,Mira-2,H_SERS_H_Kit,,,ethyl_paraoxon,strict_core,0.7551386816032317
outer,nato_outer_o1__train_strict_core__test_strict_core,1,siamese,deterministic_edge_triplet,derivative_1,triplet,3141,session2_row385,ethyl_paraoxon,ethyl_paraoxon,-0.2224007695913314,True,True,Mira-2,NRC_Canadian_SERS,,,ethyl_paraoxon,strict_core,0.6726502512158735
outer,nato_outer_o1__train_strict_core__test_strict_core,1,siamese,deterministic_edge_triplet,derivative_1,triplet,3141,session2_row387,ethyl_paraoxon,blank,-0.3547094762325287,True,False,Pendar-3,NRC_Canadian_SERS,,,ethyl_paraoxon,strict_core,0.575382815869271
outer,nato_outer_o1__train_strict_core__test_strict_core,1,siamese,deterministic_edge_triplet,derivative_1,triplet,3141,session2_row393,ethyl_paraoxon,4_nitrophenol,-0.5259657502174377,True,False,Mira-2,NRC_Canadian_SERS,,,ethyl_paraoxon,strict_core,0.4415037634086601
outer,nato_outer_o1__train_strict_core__test_strict_core,1,siamese,deterministic_edge_triplet,derivative_1,triplet,3141,session2_row395,ethyl_paraoxon,4_nitrophenol,-0.122890867292881,True,False,RMX-1,NRC_Canadian_SERS,,,ethyl_paraoxon,strict_core,0.7375617318399057
outer,nato_outer_o1__train_strict_core__test_strict_core,1,siamese,deterministic_edge_triplet,derivative_1,triplet,3141,session3_row10,ethanol,ethanol,-0.2886998057365417,True,True,Pendar-2,H_SERS_H_Kit,,,ethanol,strict_core,0.6251736656675698
outer,nato_outer_o1__train_strict_core__test_strict_core,1,siamese,deterministic_edge_triplet,derivative_1,triplet,3141,session3_row12,4_nitrophenol,4_nitrophenol,-0.122890867292881,True,True,Pendar-2,H_SERS_H_Kit,,,4_nitrophenol,strict_core,0.7375617318399057
outer,nato_outer_o1__train_strict_core__test_strict_core,1,siamese,deterministic_edge_triplet,derivative_1,triplet,3141,session3_row14,ethanol,ethanol,-0.5415493845939636,True,True,Pendar-2,H_SERS_H_Kit,,,ethanol,strict_core,0.4294489224182557
outer,nato_outer_o1__train_strict_core__test_strict_core,1,siamese,deterministic_edge_triplet,derivative_1,triplet,3141,session3_row47,ethanol,ethanol,-0.1234721317887306,True,True,RMX-1,H_SERS_H_Kit,,,ethanol,strict_core,0.7372075250878624
outer,nato_outer_o1__train_strict_core__test_strict_core,1,siamese,deterministic_edge_triplet,derivative_1,triplet,3141,session3_row49,ethanol,ethanol,-0.3010318577289581,True,True,Mira-2,H_SERS_H_Kit,,,ethanol,strict_core,0.616036847765773
outer,nato_outer_o1__train_strict_core__test_strict_core,1,siamese,deterministic_edge_triplet,derivative_1,triplet,3141,session3_row60,ethyl_paraoxon,4_nitrophenol,-0.3088178932666778,True,False,Pendar-2,H_SERS_H_Kit,,,ethyl_paraoxon,strict_core,0.610225241679305
outer,nato_outer_o1__train_strict_core__test_strict_core,1,siamese,deterministic_edge_triplet,derivative_1,triplet,3141,session3_row128,ethyl_paraoxon,4_nitrophenol,-0.2482528090476989,True,False,RMX-1,H_SERS_H_Kit,,,ethyl_paraoxon,strict_core,0.6544923686439287
outer,nato_outer_o1__train_strict_core__test_strict_core,1,siamese,deterministic_edge_triplet,derivative_1,triplet,3141,session3_row129,ethyl_paraoxon,4_nitrophenol,-0.3636950552463531,True,False,Mira-2,H_SERS_H_Kit,,,ethyl_paraoxon,strict_core,0.5684602502316852
outer,nato_outer_o1__train_strict_core__test_strict_core,1,siamese,deterministic_edge_triplet,derivative_1,triplet,3141,session3_row133,4_nitrophenol,4_nitrophenol,-0.2027473598718643,True,True,Mira-2,H_SERS_H_Kit,,,4_nitrophenol,strict_core,0.6861199696874142
outer,nato_outer_o1__train_strict_core__test_strict_core,1,siamese,deterministic_edge_triplet,derivative_1,triplet,3141,session3_row134,4_nitrophenol,4_nitrophenol,-0.1385037153959274,True,True,RMX-1,H_SERS_H_Kit,,,4_nitrophenol,strict_core,0.7279414708834012
outer,nato_outer_o1__train_strict_core__test_strict_core,1,siamese,deterministic_edge_triplet,derivative_1,triplet,3141,session3_row142,ethyl_paraoxon,4_nitrophenol,-0.257877379655838,True,False,RMX-1,H_SERS_H_Kit,,,ethyl_paraoxon,strict_core,0.6476119326041675
outer,nato_outer_o1__train_strict_core__test_strict_core,1,siamese,deterministic_edge_triplet,derivative_1,triplet,3141,session3_row143,ethyl_paraoxon,4_nitrophenol,-0.2991845607757568,True,False,Mira-2,H_SERS_H_Kit,,,ethyl_paraoxon,strict_core,0.6174109142638228
outer,nato_outer_o1__train_strict_core__test_strict_core,1,siamese,deterministic_edge_triplet,derivative_1,triplet,3141,session3_row206,benzyl_fentanyl,benzyl_fentanyl,-0.084414966404438,True,True,Pendar-1,pSERS_Metrohm_silver,,,benzyl_fentanyl,strict_core,0.7603154614110627
outer,nato_outer_o1__train_strict_core__test_strict_core,1,siamese,deterministic_edge_triplet,derivative_1,triplet,3141,session3_row226,benzyl_fentanyl,benzyl_fentanyl,-0.1041533723473548,True,True,Agilent-1,pSERS_Metrohm_silver,,,benzyl_fentanyl,strict_core,0.7488140177235346
outer,nato_outer_o1__train_strict_core__test_strict_core,1,siamese,deterministic_edge_triplet,derivative_1,triplet,3141,session3_row229,blank,acetaminophen,-0.6191339492797852,True,False,Pendar-1,NRC_Canadian_SERS,,,blank,strict_core,0.3709268110315166
outer,nato_outer_o1__train_strict_core__test_strict_core,1,siamese,deterministic_edge_triplet,derivative_1,triplet,3141,session3_row232,4_ANPP,benzyl_fentanyl,-0.5966848134994507,True,False,Pendar-1,NRC_Canadian_SERS,,,4_ANPP,strict_core,0.38755533817633603
outer,nato_outer_o1__train_strict_core__test_strict_core,1,siamese,deterministic_edge_triplet,derivative_1,triplet,3141,session3_row238,4_ANPP,blank,-0.5316035747528076,True,False,Mira-3,NRC_Canadian_SERS,,,4_ANPP,strict_core,0.4371338459650594
outer,nato_outer_o1__train_strict_core__test_strict_core,1,siamese,deterministic_edge_triplet,derivative_1,triplet,3141,session3_row243,blank,acetaminophen,-0.5381321310997009,True,False,Mira-3,NRC_Canadian_SERS,,,blank,strict_core,0.43208572448870863
outer,nato_outer_o1__train_strict_core__test_strict_core,1,siamese,deterministic_edge_triplet,derivative_1,triplet,3141,session3_row246,benzyl_fentanyl,benzyl_fentanyl,-0.1722400337457656,True,True,Mira-3,pSERS_Metrohm_silver,,,benzyl_fentanyl,strict_core,0.706416320403997
outer,nato_outer_o1__train_strict_core__test_strict_core,1,siamese,deterministic_edge_triplet,derivative_1,triplet,3141,session3_row248,4_ANPP,4_ANPP,-0.132982075214386,True,True,Mira-3,pSERS_Metrohm_silver,,,4_ANPP,strict_core,0.7313688979879008
outer,nato_outer_o1__train_strict_core__test_strict_core,1,siamese,deterministic_edge_triplet,derivative_1,triplet,3141,session3_row249,benzyl_fentanyl,benzyl_fentanyl,-0.131596639752388,True,True,Agilent-1,pSERS_Metrohm_silver,,,benzyl_fentanyl,strict_core,0.7322245741052595
outer,nato_outer_o1__train_strict_core__test_strict_core,1,siamese,deterministic_edge_triplet,derivative_1,triplet,3141,session3_row250,blank,acetaminophen,-0.3009284138679504,True,False,Pendar-1,pSERS_Metrohm_silver,,,blank,strict_core,0.6161138411518138
outer,nato_outer_o1__train_strict_core__test_strict_core,1,siamese,deterministic_edge_triplet,derivative_1,triplet,3141,session3_row252,blank,blank,-0.4838510155677795,True,True,Mira-3,pSERS_Metrohm_silver,,,blank,strict_core,0.474388741291466
outer,nato_outer_o1__train_strict_core__test_strict_core,1,siamese,deterministic_edge_triplet,derivative_1,triplet,3141,session3_row253,4_ANPP,4_ANPP,-0.1527366191148758,True,True,Agilent-1,pSERS_Metrohm_silver,,,4_ANPP,strict_core,0.718981545917994
outer,nato_outer_o1__train_strict_core__test_strict_core,1,siamese,deterministic_edge_triplet,derivative_1,triplet,3141,session3_row254,4_ANPP,4_ANPP,-0.4401937425136566,True,True,Pendar-1,pSERS_Metrohm_silver,,,4_ANPP,strict_core,0.5087105804324735
outer,nato_outer_o1__train_strict_core__test_strict_core,1,siamese,deterministic_edge_triplet,derivative_1,triplet,3141,session3_row255,4_ANPP,benzyl_fentanyl,-0.1438230723142624,True,False,Mira-3,pSERS_Metrohm_silver,,,4_ANPP,strict_core,0.7246138269741476
outer,nato_outer_o1__train_strict_core__test_strict_core,1,siamese,deterministic_edge_triplet,derivative_1,triplet,3141,session3_row258,4_ANPP,blank,-0.2980731427669525,True,False,Mira-3,pSERS_Metrohm_silver,,,4_ANPP,strict_core,0.6182367134175846
outer,nato_outer_o1__train_strict_core__test_strict_core,1,siamese,deterministic_edge_triplet,derivative_1,triplet,3141,session3_row271,blank,blank,-0.3321415185928345,True,True,Agilent-1,pSERS_Metrohm_silver,,,blank,strict_core,0.5926338568065174
outer,nato_outer_o1__train_strict_core__test_strict_core,1,siamese,deterministic_edge_triplet,derivative_1,triplet,3141,session3_row300,benzyl_fentanyl,acetaminophen,-0.502859890460968,True,False,Mira-3,NRC_Canadian_SERS,,,benzyl_fentanyl,strict_core,0.4595009519290496
outer,nato_outer_o1__train_strict_core__test_strict_core,1,siamese,deterministic_edge_triplet,derivative_1,triplet,3141,session3_row305,blank,acetaminophen,-0.4795698821544647,True,False,Pendar-1,NRC_Canadian_SERS,,,blank,strict_core,0.4777489786967973
outer,nato_outer_o1__train_strict_core__test_strict_core,1,siamese,deterministic_edge_triplet,derivative_1,triplet,3141,session3_row310,benzyl_fentanyl,acetaminophen,-0.4031343460083008,True,False,Mira-3,NRC_Canadian_SERS,,,benzyl_fentanyl,strict_core,0.5377938444741672
outer,nato_outer_o1__train_strict_core__test_strict_core,1,siamese,deterministic_edge_triplet,derivative_1,triplet,3141,session3_row313,blank,ethyl_paraoxon,-0.490852415561676,True,False,Mira-3,NRC_Canadian_SERS,,,blank,strict_core,0.46889851502450947
outer,nato_outer_o1__train_strict_core__test_strict_core,1,siamese,deterministic_edge_triplet,derivative_1,triplet,3141,session3_row314,4_ANPP,4_ANPP,-0.1952967196702957,True,True,Agilent-1,NRC_Canadian_SERS,,,4_ANPP,strict_core,0.691147044939248
outer,nato_outer_o1__train_strict_core__test_strict_core,1,siamese,deterministic_edge_triplet,derivative_1,triplet,3141,session3_row328,benzyl_fentanyl,benzyl_fentanyl,-0.3017098903656006,True,True,Pendar-1,pSERS_Metrohm_silver,,,benzyl_fentanyl,strict_core,0.6155320434314766
outer,nato_outer_o1__train_strict_core__test_strict_core,1,siamese,deterministic_edge_triplet,derivative_1,triplet,3141,session3_row329,4_ANPP,4_ANPP,-0.0941309556365013,True,True,Pendar-1,pSERS_Metrohm_silver,,,4_ANPP,strict_core,0.7546994757494195
outer,nato_outer_o1__train_strict_core__test_strict_core,1,siamese,deterministic_edge_triplet,derivative_1,triplet,3141,session3_row335,blank,benzyl_fentanyl,-0.3832699954509735,True,False,Pendar-1,pSERS_Metrohm_silver,,,blank,strict_core,0.5532901777855536
outer,nato_outer_o1__train_strict_core__test_strict_core,1,siamese,deterministic_edge_triplet,derivative_1,triplet,3141,session3_row336,benzyl_fentanyl,benzyl_fentanyl,-0.4685060083866119,True,True,Agilent-1,NRC_Canadian_SERS,,,benzyl_fentanyl,strict_core,0.48644154109764304
outer,nato_outer_o1__train_strict_core__test_strict_core,1,siamese,deterministic_edge_triplet,derivative_1,triplet,3141,session3_row337,benzyl_fentanyl,benzyl_fentanyl,-0.4455029964447021,True,True,Agilent-1,NRC_Canadian_SERS,,,benzyl_fentanyl,strict_core,0.504534550052147
outer,nato_outer_o1__train_strict_core__test_strict_core,1,siamese,deterministic_edge_triplet,derivative_1,triplet,3141,session3_row345,4_ANPP,4_ANPP,-0.4040176570415497,True,True,Pendar-1,pSERS_Metrohm_silver,,,4_ANPP,strict_core,0.537102842289944
outer,nato_outer_o1__train_strict_core__test_strict_core,1,siamese,deterministic_edge_triplet,derivative_1,triplet,3141,session3_row399,acetaminophen,acetaminophen,-0.4914620220661163,True,True,Pendar-3,pSERS_Metrohm_silver,,,acetaminophen,strict_core,0.4684208221218956
outer,nato_outer_o1__train_strict_core__test_strict_core,1,siamese,deterministic_edge_triplet,derivative_1,triplet,3141,session3_row400,acetaminophen,benzyl_fentanyl,-0.3589904904365539,True,False,RMX-2,pSERS_Metrohm_silver,,,acetaminophen,strict_core,0.5720882008611641
outer,nato_outer_o1__train_strict_core__test_strict_core,1,siamese,deterministic_edge_triplet,derivative_1,triplet,3141,session3_row413,acetaminophen,4_ANPP,-0.2731831967830658,True,False,Mira-1,pSERS_Metrohm_silver,,,acetaminophen,strict_core,0.6365437688123281
outer,nato_outer_o1__train_strict_core__test_strict_core,1,siamese,deterministic_edge_triplet,derivative_1,triplet,3141,session3_row414,acetaminophen,4_ANPP,-0.3573917150497436,True,False,Agilent-3,pSERS_Metrohm_silver,,,acetaminophen,strict_core,0.5733193627889189
outer,nato_outer_o1__train_quality_pass__test_quality_pass,1,siamese,deterministic_edge_triplet,derivative_1,triplet,1729,session1_row10,benzyl_fentanyl,benzyl_fentanyl,-0.6517049074172974,True,True,Mira-3,pSERS_Metrohm_silver,,,benzyl_fentanyl,quality_pass,0.39584794181720423
outer,nato_outer_o1__train_quality_pass__test_quality_pass,1,siamese,deterministic_edge_triplet,derivative_1,triplet,1729,session1_row12,benzyl_fentanyl,benzyl_fentanyl,-0.2743914723396301,True,True,Agilent-3,pSERS_Metrohm_silver,,,benzyl_fentanyl,quality_pass,0.672187100148586
outer,nato_outer_o1__train_quality_pass__test_quality_pass,1,siamese,deterministic_edge_triplet,derivative_1,triplet,1729,session1_row15,benzyl_fentanyl,benzyl_fentanyl,-0.5729209780693054,True,True,Agilent-3,pSERS_Metrohm_silver,,,benzyl_fentanyl,quality_pass,0.453986715133107
outer,nato_outer_o1__train_quality_pass__test_quality_pass,1,siamese,deterministic_edge_triplet,derivative_1,triplet,1729,session1_row22,benzyl_fentanyl,benzyl_fentanyl,-0.1642251908779144,True,True,Agilent-3,pSERS_Metrohm_silver,,,benzyl_fentanyl,quality_pass,0.7410063188128927
outer,nato_outer_o1__train_quality_pass__test_quality_pass,1,siamese,deterministic_edge_triplet,derivative_1,triplet,1729,session1_row26,benzyl_fentanyl,acetaminophen,-0.6128680109977722,True,False,Mira-3,pSERS_Metrohm_silver,,,benzyl_fentanyl,quality_pass,0.42424675038756404
outer,nato_outer_o1__train_quality_pass__test_quality_pass,1,siamese,deterministic_edge_triplet,derivative_1,triplet,1729,session1_row29,4_ANPP,4_ANPP,-0.4913633167743683,True,True,Agilent-3,pSERS_Metrohm_silver,,,4_ANPP,quality_pass,0.515503030986325
outer,nato_outer_o1__train_quality_pass__test_quality_pass,1,siamese,deterministic_edge_triplet,derivative_1,triplet,1729,session1_row30,benzyl_fentanyl,benzyl_fentanyl,-0.1905477195978164,True,True,Agilent-3,pSERS_Metrohm_silver,,,benzyl_fentanyl,quality_pass,0.7254410018658454
outer,nato_outer_o1__train_quality_pass__test_quality_pass,1,siamese,deterministic_edge_triplet,derivative_1,triplet,1729,session1_row35,4_ANPP,4_ANPP,-0.2020926773548126,True,True,Mira-3,pSERS_Metrohm_silver,,,4_ANPP,quality_pass,0.7184335788668478
outer,nato_outer_o1__train_quality_pass__test_quality_pass,1,siamese,deterministic_edge_triplet,derivative_1,triplet,1729,session1_row41,4_ANPP,4_ANPP,-0.3459261059761047,True,True,Mira-3,pSERS_Metrohm_silver,,,4_ANPP,quality_pass,0.6228806326649583
outer,nato_outer_o1__train_quality_pass__test_quality_pass,1,siamese,deterministic_edge_triplet,derivative_1,triplet,1729,session1_row42,4_ANPP,4_ANPP,-0.2752001285552978,True,True,Agilent-3,pSERS_Metrohm_silver,,,4_ANPP,quality_pass,0.6716480810970163
outer,nato_outer_o1__train_quality_pass__test_quality_pass,1,siamese,deterministic_edge_triplet,derivative_1,triplet,1729,session1_row51,blank,blank,-0.2881848812103271,True,True,Agilent-3,pSERS_Metrohm_silver,,,blank,quality_pass,0.6629316861494295
outer,nato_outer_o1__train_quality_pass__test_quality_pass,1,siamese,deterministic_edge_triplet,derivative_1,triplet,1729,session1_row67,blank,acetaminophen,-0.2223268002271652,True,False,Pendar-2,pSERS_Metrohm_silver,,,blank,quality_pass,0.705893535161343
outer,nato_outer_o1__train_quality_pass__test_quality_pass,1,siamese,deterministic_edge_triplet,derivative_1,triplet,1729,session1_row136,acetaminophen,acetaminophen,-0.2152474522590637,True,True,RMX-2,pSERS_Metrohm_silver,,,acetaminophen,quality_pass,0.7103179103383852
outer,nato_outer_o1__train_quality_pass__test_quality_pass,1,siamese,deterministic_edge_triplet,derivative_1,triplet,1729,session1_row138,acetaminophen,acetaminophen,-0.1690515875816345,True,True,RMX-2,NRC_Canadian_SERS,,,acetaminophen,quality_pass,0.738195726580553
outer,nato_outer_o1__train_quality_pass__test_quality_pass,1,siamese,deterministic_edge_triplet,derivative_1,triplet,1729,session1_row199,4_nitrophenol,4_nitrophenol,-0.130519837141037,True,True,RMX-1,H_SERS_H_Kit,,,4_nitrophenol,quality_pass,0.760080514389157
outer,nato_outer_o1__train_quality_pass__test_quality_pass,1,siamese,deterministic_edge_triplet,derivative_1,triplet,1729,session1_row206,4_nitrophenol,4_nitrophenol,-0.1701316982507705,True,True,RMX-1,GaN_polymer,,,4_nitrophenol,quality_pass,0.7375640490697175
outer,nato_outer_o1__train_quality_pass__test_quality_pass,1,siamese,deterministic_edge_triplet,derivative_1,triplet,1729,session1_row207,4_nitrophenol,4_nitrophenol,-0.2212099432945251,True,True,Pendar-2,GaN_polymer,,,4_nitrophenol,quality_pass,0.7065941516338009
outer,nato_outer_o1__train_quality_pass__test_quality_pass,1,siamese,deterministic_edge_triplet,derivative_1,triplet,1729,session1_row209,4_nitrophenol,4_nitrophenol,-0.0983104929327964,True,True,Pendar-2,GaN_polymer,,,4_nitrophenol,quality_pass,0.7773886435241102
outer,nato_outer_o1__train_quality_pass__test_quality_pass,1,siamese,deterministic_edge_triplet,derivative_1,triplet,1729,session1_row226,ethanol,ethanol,-0.1678376346826553,True,True,Mira-2,H_SERS_H_Kit,,,ethanol,quality_pass,0.7389045064236087
outer,nato_outer_o1__train_quality_pass__test_quality_pass,1,siamese,deterministic_edge_triplet,derivative_1,triplet,1729,session1_row228,4_nitrophenol,4_nitrophenol,-0.1803991347551345,True,True,Mira-2,H_SERS_H_Kit,,,4_nitrophenol,quality_pass,0.7315105537358036
outer,nato_outer_o1__train_quality_pass__test_quality_pass,1,siamese,deterministic_edge_triplet,derivative_1,triplet,1729,session1_row232,4_nitrophenol,4_nitrophenol,-0.2328826338052749,True,True,Mira-2,GaN_polymer,,,4_nitrophenol,quality_pass,0.6992238710027235
outer,nato_outer_o1__train_quality_pass__test_quality_pass,1,siamese,deterministic_edge_triplet,derivative_1,triplet,1729,session1_row233,4_nitrophenol,4_nitrophenol,-0.1624604165554046,True,True,Mira-2,GaN_polymer,,,4_nitrophenol,quality_pass,0.7420290991331734
outer,nato_outer_o1__train_quality_pass__test_quality_pass,1,siamese,deterministic_edge_triplet,derivative_1,triplet,1729,session1_row237,ethyl_paraoxon,ethyl_paraoxon,-0.1232959181070327,True,True,Mira-2,H_SERS_H_Kit,,,ethyl_paraoxon,quality_pass,0.7640411227008329
outer,nato_outer_o1__train_quality_pass__test_quality_pass,1,siamese,deterministic_edge_triplet,derivative_1,triplet,1729,session1_row244,4_nitrophenol,4_nitrophenol,-0.2653319537639618,True,True,Agilent-3,GaN_polymer,,,4_nitrophenol,quality_pass,0.6781945747708957
outer,nato_outer_o1__train_quality_pass__test_quality_pass,1,siamese,deterministic_edge_triplet,derivative_1,triplet,1729,session1_row245,4_nitrophenol,4_nitrophenol,-0.2026672214269638,True,True,Agilent-3,GaN_polymer,,,4_nitrophenol,quality_pass,0.7180820209673761
outer,nato_outer_o1__train_quality_pass__test_quality_pass,1,siamese,deterministic_edge_triplet,derivative_1,triplet,1729,session2_row15,benzyl_fentanyl,benzyl_fentanyl,-0.1549353748559951,True,True,Pendar-3,pSERS_Metrohm_silver,,,benzyl_fentanyl,quality_pass,0.746360597189134
outer,nato_outer_o1__train_quality_pass__test_quality_pass,1,siamese,deterministic_edge_triplet,derivative_1,triplet,1729,session2_row19,benzyl_fentanyl,benzyl_fentanyl,-0.1274893581867218,True,True,Mira-3,pSERS_Metrohm_silver,,,benzyl_fentanyl,quality_pass,0.7617475346777339
outer,nato_outer_o1__train_quality_pass__test_quality_pass,1,siamese,deterministic_edge_triplet,derivative_1,triplet,1729,session2_row35,benzyl_fentanyl,benzyl_fentanyl,-0.1825862824916839,True,True,Pendar-3,pSERS_Metrohm_silver,,,benzyl_fentanyl,quality_pass,0.7302096921470135
outer,nato_outer_o1__train_quality_pass__test_quality_pass,1,siamese,deterministic_edge_triplet,derivative_1,triplet,1729,session2_row36,benzyl_fentanyl,benzyl_fentanyl,-0.0545981675386428,True,True,Mira-3,pSERS_Metrohm_silver,,,benzyl_fentanyl,quality_pass,0.7994221503452124
outer,nato_outer_o1__train_quality_pass__test_quality_pass,1,siamese,deterministic_edge_triplet,derivative_1,triplet,1729,session2_row37,4_ANPP,4_ANPP,-0.1590418815612793,True,True,Mira-3,pSERS_Metrohm_silver,,,4_ANPP,quality_pass,0.7440028120391776
outer,nato_outer_o1__train_quality_pass__test_quality_pass,1,siamese,deterministic_edge_triplet,derivative_1,triplet,1729,session2_row66,blank,blank,-0.1056717932224273,True,True,Mira-3,pSERS_Metrohm_silver,,,blank,quality_pass,0.7735129175750234
outer,nato_outer_o1__train_quality_pass__test_quality_pass,1,siamese,deterministic_edge_triplet,derivative_1,triplet,1729,session2_row86,4_ANPP,4_ANPP,-0.3063687980175018,True,True,Pendar-3,pSERS_Metrohm_silver,,,4_ANPP,quality_pass,0.6505376369860472
outer,nato_outer_o1__train_quality_pass__test_quality_pass,1,siamese,deterministic_edge_triplet,derivative_1,triplet,1729,session2_row87,4_ANPP,4_ANPP,-0.2000850141048431,True,True,Mira-3,pSERS_Metrohm_silver,,,4_ANPP,quality_pass,0.7196599525439197
outer,nato_outer_o1__train_quality_pass__test_quality_pass,1,siamese,deterministic_edge_triplet,derivative_1,triplet,1729,session2_row105,benzyl_fentanyl,benzyl_fentanyl,-0.0594791509211063,True,True,Agilent-3,pSERS_Metrohm_silver,,,benzyl_fentanyl,quality_pass,0.7970451825322468
outer,nato_outer_o1__train_quality_pass__test_quality_pass,1,siamese,deterministic_edge_triplet,derivative_1,triplet,1729,session2_row109,benzyl_fentanyl,benzyl_fentanyl,-0.0898590236902237,True,True,Agilent-3,pSERS_Metrohm_silver,,,benzyl_fentanyl,quality_pass,0.7817796883125402
outer,nato_outer_o1__train_quality_pass__test_quality_pass,1,siamese,deterministic_edge_triplet,derivative_1,triplet,1729,session2_row110,4_ANPP,4_ANPP,-0.3464835882186889,True,True,Agilent-3,pSERS_Metrohm_silver,,,4_ANPP,quality_pass,0.6224845864471732
outer,nato_outer_o1__train_quality_pass__test_quality_pass,1,siamese,deterministic_edge_triplet,derivative_1,triplet,1729,session2_row116,blank,blank,-0.1198407933115959,True,True,Agilent-3,pSERS_Metrohm_silver,,,blank,quality_pass,0.7659193917207835
outer,nato_outer_o1__train_quality_pass__test_quality_pass,1,siamese,deterministic_edge_triplet,derivative_1,triplet,1729,session2_row118,4_ANPP,4_ANPP,-0.1719537079334259,True,True,Agilent-3,pSERS_Metrohm_silver,,,4_ANPP,quality_pass,0.7364962667432174
outer,nato_outer_o1__train_quality_pass__test_quality_pass,1,siamese,deterministic_edge_triplet,derivative_1,triplet,1729,session2_row165,acetaminophen,blank,-0.181636556982994,True,False,Pendar-2,pSERS_Metrohm_silver,,,acetaminophen,quality_pass,0.730775053386011
outer,nato_outer_o1__train_quality_pass__test_quality_pass,1,siamese,deterministic_edge_triplet,derivative_1,triplet,1729,session2_row177,acetaminophen,acetaminophen,-0.4325497448444366,True,True,RMX-2,pSERS_Metrohm_silver,,,acetaminophen,quality_pass,0.5596810386443141
outer,nato_outer_o1__train_quality_pass__test_quality_pass,1,siamese,deterministic_edge_triplet,derivative_1,triplet,1729,session2_row235,benzyl_fentanyl,benzyl_fentanyl,-0.1640642285346985,True,True,RMX-2,pSERS_Metrohm_silver,,,benzyl_fentanyl,quality_pass,0.7410997142632911
outer,nato_outer_o1__train_quality_pass__test_quality_pass,1,siamese,deterministic_edge_triplet,derivative_1,triplet,1729,session2_row241,benzyl_fentanyl,benzyl_fentanyl,-0.637930154800415,True,True,Pendar-2,pSERS_Metrohm_silver,,,benzyl_fentanyl,quality_pass,0.405850815683408
outer,nato_outer_o1__train_quality_pass__test_quality_pass,1,siamese,deterministic_edge_triplet,derivative_1,triplet,1729,session2_row259,acetaminophen,blank,-0.2489587366580963,True,False,RMX-2,pSERS_Metrohm_silver,,,acetaminophen,quality_pass,0.6889028742820772
outer,nato_outer_o1__train_quality_pass__test_quality_pass,1,siamese,deterministic_edge_triplet,derivative_1,triplet,1729,session2_row266,acetaminophen,blank,-0.2368540167808532,True,False,Pendar-2,pSERS_Metrohm_silver,,,acetaminophen,quality_pass,0.6966923724570958
outer,nato_outer_o1__train_quality_pass__test_quality_pass,1,siamese,deterministic_edge_triplet,derivative_1,triplet,1729,session2_row267,acetaminophen,acetaminophen,-0.2263677567243576,True,True,Pendar-2,pSERS_Metrohm_silver,,,acetaminophen,quality_pass,0.7033504682239803
outer,nato_outer_o1__train_quality_pass__test_quality_pass,1,siamese,deterministic_edge_triplet,derivative_1,triplet,1729,session2_row272,acetaminophen,acetaminophen,-0.1556802988052368,True,True,Pendar-2,pSERS_Metrohm_silver,,,acetaminophen,quality_pass,0.7459339591798194
outer,nato_outer_o1__train_quality_pass__test_quality_pass,1,siamese,deterministic_edge_triplet,derivative_1,triplet,1729,session2_row273,acetaminophen,acetaminophen,-0.4567610323429107,True,True,Pendar-2,pSERS_Metrohm_silver,,,acetaminophen,quality_pass,0.5415687194070132
outer,nato_outer_o1__train_quality_pass__test_quality_pass,1,siamese,deterministic_edge_triplet,derivative_1,triplet,1729,session2_row331,ethanol,ethanol,-0.200736716389656,True,True,RMX-1,H_SERS_H_Kit,,,ethanol,quality_pass,0.719262220198433
outer,nato_outer_o1__train_quality_pass__test_quality_pass,1,siamese,deterministic_edge_triplet,derivative_1,triplet,1729,session2_row332,ethanol,ethanol,-0.1201341673731803,True,True,Mira-2,H_SERS_H_Kit,,,ethanol,quality_pass,0.7657603123189525
outer,nato_outer_o1__train_quality_pass__test_quality_pass,1,siamese,deterministic_edge_triplet,derivative_1,triplet,1729,session2_row334,ethanol,ethanol,-0.1874341517686844,True,True,Agilent-3,H_SERS_H_Kit,,,ethanol,quality_pass,0.7273121726678057
outer,nato_outer_o1__train_quality_pass__test_quality_pass,1,siamese,deterministic_edge_triplet,derivative_1,triplet,1729,session2_row336,4_nitrophenol,4_nitrophenol,-0.104822464287281,True,True,RMX-1,H_SERS_H_Kit,,,4_nitrophenol,quality_pass,0.7739625142015163
outer,nato_outer_o1__train_quality_pass__test_quality_pass,1,siamese,deterministic_edge_triplet,derivative_1,triplet,1729,session2_row339,4_nitrophenol,4_nitrophenol,-0.1307636052370071,True,True,Mira-2,H_SERS_H_Kit,,,4_nitrophenol,quality_pass,0.7599460749994791
outer,nato_outer_o1__train_quality_pass__test_quality_pass,1,siamese,deterministic_edge_triplet,derivative_1,triplet,1729,session2_row340,4_nitrophenol,4_nitrophenol,-0.2515326142311096,True,True,Agilent-3,H_SERS_H_Kit,,,4_nitrophenol,quality_pass,0.6872324763420656
outer,nato_outer_o1__train_quality_pass__test_quality_pass,1,siamese,deterministic_edge_triplet,derivative_1,triplet,1729,session2_row343,ethanol,4_nitrophenol,-0.3911161422729492,True,False,RMX-1,NRC_Canadian_SERS,,,ethanol,quality_pass,0.5902868213922363
outer,nato_outer_o1__train_quality_pass__test_quality_pass,1,siamese,deterministic_edge_triplet,derivative_1,triplet,1729,session2_row345,ethanol,acetaminophen,-0.3927637934684753,True,False,Mira-2,NRC_Canadian_SERS,,,ethanol,quality_pass,0.5890813855574942
outer,nato_outer_o1__train_quality_pass__test_quality_pass,1,siamese,deterministic_edge_triplet,derivative_1,triplet,1729,session2_row346,4_nitrophenol,ethyl_paraoxon,-0.2740749418735504,True,False,RMX-1,NRC_Canadian_SERS,,,4_nitrophenol,quality_pass,0.6723979636601686
outer,nato_outer_o1__train_quality_pass__test_quality_pass,1,siamese,deterministic_edge_triplet,derivative_1,triplet,1729,session2_row349,4_nitrophenol,4_nitrophenol,-0.3665379285812378,True,True,Mira-2,NRC_Canadian_SERS,,,4_nitrophenol,quality_pass,0.6081324482895248
outer,nato_outer_o1__train_quality_pass__test_quality_pass,1,siamese,deterministic_edge_triplet,derivative_1,triplet,1729,session2_row353,ethanol,blank,-0.2223653644323349,True,False,Pendar-3,NRC_Canadian_SERS,,,ethanol,quality_pass,0.7058693259919182
outer,nato_outer_o1__train_quality_pass__test_quality_pass,1,siamese,deterministic_edge_triplet,derivative_1,triplet,1729,session2_row357,4_nitrophenol,blank,-0.2761178016662597,True,False,Pendar-3,NRC_Canadian_SERS,,,4_nitrophenol,quality_pass,0.6710358473486434
outer,nato_outer_o1__train_quality_pass__test_quality_pass,1,siamese,deterministic_edge_triplet,derivative_1,triplet,1729,session2_row377,ethyl_paraoxon,4_nitrophenol,-0.0892969593405723,True,False,RMX-1,H_SERS_H_Kit,,,ethyl_paraoxon,quality_pass,0.7820694886340402
outer,nato_outer_o1__train_quality_pass__test_quality_pass,1,siamese,deterministic_edge_triplet,derivative_1,triplet,1729,session2_row378,ethyl_paraoxon,4_nitrophenol,-0.1288531869649887,True,False,Pendar-3,H_SERS_H_Kit,,,ethyl_paraoxon,quality_pass,0.7609982997243215
outer,nato_outer_o1__train_quality_pass__test_quality_pass,1,siamese,deterministic_edge_triplet,derivative_1,triplet,1729,session2_row382,ethyl_paraoxon,4_nitrophenol,-0.0798749029636383,True,False,Mira-2,H_SERS_H_Kit,,,ethyl_paraoxon,quality_pass,0.786886139583705
outer,nato_outer_o1__train_quality_pass__test_quality_pass,1,siamese,deterministic_edge_triplet,derivative_1,triplet,1729,session2_row385,ethyl_paraoxon,ethyl_paraoxon,-0.1358704268932342,True,True,Mira-2,NRC_Canadian_SERS,,,ethyl_paraoxon,quality_pass,0.7571177997330347
outer,nato_outer_o1__train_quality_pass__test_quality_pass,1,siamese,deterministic_edge_triplet,derivative_1,triplet,1729,session2_row387,ethyl_paraoxon,acetaminophen,-0.3849300146102905,True,False,Pendar-3,NRC_Canadian_SERS,,,ethyl_paraoxon,quality_pass,0.5948028609003779
outer,nato_outer_o1__train_quality_pass__test_quality_pass,1,siamese,deterministic_edge_triplet,derivative_1,triplet,1729,session2_row393,ethyl_paraoxon,acetaminophen,-0.4502018392086029,True,False,Mira-2,NRC_Canadian_SERS,,,ethyl_paraoxon,quality_pass,0.546488518996197
outer,nato_outer_o1__train_quality_pass__test_quality_pass,1,siamese,deterministic_edge_triplet,derivative_1,triplet,1729,session2_row395,ethyl_paraoxon,4_nitrophenol,-0.1887465864419937,True,False,RMX-1,NRC_Canadian_SERS,,,ethyl_paraoxon,quality_pass,0.7265244071294791
outer,nato_outer_o1__train_quality_pass__test_quality_pass,1,siamese,deterministic_edge_triplet,derivative_1,triplet,1729,session3_row12,4_nitrophenol,4_nitrophenol,-0.2503105401992798,True,True,Pendar-2,H_SERS_H_Kit,,,4_nitrophenol,quality_pass,0.6880261889572193
outer,nato_outer_o1__train_quality_pass__test_quality_pass,1,siamese,deterministic_edge_triplet,derivative_1,triplet,1729,session3_row47,ethanol,ethanol,-0.1428712159395218,True,True,RMX-1,H_SERS_H_Kit,,,ethanol,quality_pass,0.7532039751439312
outer,nato_outer_o1__train_quality_pass__test_quality_pass,1,siamese,deterministic_edge_triplet,derivative_1,triplet,1729,session3_row49,ethanol,ethanol,-0.2250798642635345,True,True,Mira-2,H_SERS_H_Kit,,,ethanol,quality_pass,0.7041623485648921
outer,nato_outer_o1__train_quality_pass__test_quality_pass,1,siamese,deterministic_edge_triplet,derivative_1,triplet,1729,session3_row128,ethyl_paraoxon,4_nitrophenol,-0.1375242322683334,True,False,RMX-1,H_SERS_H_Kit,,,ethyl_paraoxon,quality_pass,0.7561970476793582
outer,nato_outer_o1__train_quality_pass__test_quality_pass,1,siamese,deterministic_edge_triplet,derivative_1,triplet,1729,session3_row129,ethyl_paraoxon,4_nitrophenol,-0.0717850178480148,True,False,Mira-2,H_SERS_H_Kit,,,ethyl_paraoxon,quality_pass,0.7909594607322723
outer,nato_outer_o1__train_quality_pass__test_quality_pass,1,siamese,deterministic_edge_triplet,derivative_1,triplet,1729,session3_row133,4_nitrophenol,4_nitrophenol,-0.1300438642501831,True,True,Mira-2,H_SERS_H_Kit,,,4_nitrophenol,quality_pass,0.7603428673902928
outer,nato_outer_o1__train_quality_pass__test_quality_pass,1,siamese,deterministic_edge_triplet,derivative_1,triplet,1729,session3_row134,4_nitrophenol,4_nitrophenol,-0.0869307518005371,True,True,RMX-1,H_SERS_H_Kit,,,4_nitrophenol,quality_pass,0.7832864592358163
outer,nato_outer_o1__train_quality_pass__test_quality_pass,1,siamese,deterministic_edge_triplet,derivative_1,triplet,1729,session3_row142,ethyl_paraoxon,4_nitrophenol,-0.0738818943500518,True,False,RMX-1,H_SERS_H_Kit,,,ethyl_paraoxon,quality_pass,0.789909194597524
outer,nato_outer_o1__train_quality_pass__test_quality_pass,1,siamese,deterministic_edge_triplet,derivative_1,triplet,1729,session3_row143,ethyl_paraoxon,4_nitrophenol,-0.0714611336588859,True,False,Mira-2,H_SERS_H_Kit,,,ethyl_paraoxon,quality_pass,0.7911213402959967
outer,nato_outer_o1__train_quality_pass__test_quality_pass,1,siamese,deterministic_edge_triplet,derivative_1,triplet,1729,session3_row206,benzyl_fentanyl,benzyl_fentanyl,-0.0584111250936985,True,True,Pendar-1,pSERS_Metrohm_silver,,,benzyl_fentanyl,quality_pass,0.7975670840698067
outer,nato_outer_o1__train_quality_pass__test_quality_pass,1,siamese,deterministic_edge_triplet,derivative_1,triplet,1729,session3_row226,benzyl_fentanyl,benzyl_fentanyl,-0.0368784703314304,True,True,Agilent-1,pSERS_Metrohm_silver,,,benzyl_fentanyl,quality_pass,0.8078757657455438
outer,nato_outer_o1__train_quality_pass__test_quality_pass,1,siamese,deterministic_edge_triplet,derivative_1,triplet,1729,session3_row238,4_ANPP,blank,-0.1729595959186554,True,False,Mira-3,NRC_Canadian_SERS,,,4_ANPP,quality_pass,0.7359055756595366
outer,nato_outer_o1__train_quality_pass__test_quality_pass,1,siamese,deterministic_edge_triplet,derivative_1,triplet,1729,session3_row243,blank,blank,-0.4613280892372131,True,True,Mira-3,NRC_Canadian_SERS,,,blank,quality_pass,0.5381382937636625
outer,nato_outer_o1__train_quality_pass__test_quality_pass,1,siamese,deterministic_edge_triplet,derivative_1,triplet,1729,session3_row246,benzyl_fentanyl,benzyl_fentanyl,-0.213717371225357,True,True,Mira-3,pSERS_Metrohm_silver,,,benzyl_fentanyl,quality_pass,0.7112689683083903
outer,nato_outer_o1__train_quality_pass__test_quality_pass,1,siamese,deterministic_edge_triplet,derivative_1,triplet,1729,session3_row248,4_ANPP,4_ANPP,-0.1474032253026962,True,True,Mira-3,pSERS_Metrohm_silver,,,4_ANPP,quality_pass,0.7506478296230992
outer,nato_outer_o1__train_quality_pass__test_quality_pass,1,siamese,deterministic_edge_triplet,derivative_1,triplet,1729,session3_row249,benzyl_fentanyl,benzyl_fentanyl,-0.1233369931578636,True,True,Agilent-1,pSERS_Metrohm_silver,,,benzyl_fentanyl,quality_pass,0.7640187310192496
outer,nato_outer_o1__train_quality_pass__test_quality_pass,1,siamese,deterministic_edge_triplet,derivative_1,triplet,1729,session3_row250,blank,blank,-0.1649728566408157,True,True,Pendar-1,pSERS_Metrohm_silver,,,blank,quality_pass,0.7405722122198269
outer,nato_outer_o1__train_quality_pass__test_quality_pass,1,siamese,deterministic_edge_triplet,derivative_1,triplet,1729,session3_row252,blank,blank,-0.4195466339588165,True,True,Mira-3,pSERS_Metrohm_silver,,,blank,quality_pass,0.5693465058315131
outer,nato_outer_o1__train_quality_pass__test_quality_pass,1,siamese,deterministic_edge_triplet,derivative_1,triplet,1729,session3_row253,4_ANPP,4_ANPP,-0.2769936919212341,True,True,Agilent-1,pSERS_Metrohm_silver,,,4_ANPP,quality_pass,0.6704509470932183
outer,nato_outer_o1__train_quality_pass__test_quality_pass,1,siamese,deterministic_edge_triplet,derivative_1,triplet,1729,session3_row254,4_ANPP,4_ANPP,-0.2808473408222198,True,True,Pendar-1,pSERS_Metrohm_silver,,,4_ANPP,quality_pass,0.667871307502423
outer,nato_outer_o1__train_quality_pass__test_quality_pass,1,siamese,deterministic_edge_triplet,derivative_1,triplet,1729,session3_row255,4_ANPP,benzyl_fentanyl,-0.3187535405158996,True,False,Mira-3,pSERS_Metrohm_silver,,,4_ANPP,quality_pass,0.6419770159332991
outer,nato_outer_o1__train_quality_pass__test_quality_pass,1,siamese,deterministic_edge_triplet,derivative_1,triplet,1729,session3_row258,4_ANPP,benzyl_fentanyl,-0.5252153873443604,True,False,Mira-3,pSERS_Metrohm_silver,,,4_ANPP,quality_pass,0.48991958819081133
outer,nato_outer_o1__train_quality_pass__test_quality_pass,1,siamese,deterministic_edge_triplet,derivative_1,triplet,1729,session3_row271,blank,blank,-0.0728868544101715,True,True,Agilent-1,pSERS_Metrohm_silver,,,blank,quality_pass,0.7904080642131122
outer,nato_outer_o1__train_quality_pass__test_quality_pass,1,siamese,deterministic_edge_triplet,derivative_1,triplet,1729,session3_row300,benzyl_fentanyl,benzyl_fentanyl,-0.3438447713851928,True,True,Mira-3,NRC_Canadian_SERS,,,benzyl_fentanyl,quality_pass,0.6243578000579963
outer,nato_outer_o1__train_quality_pass__test_quality_pass,1,siamese,deterministic_edge_triplet,derivative_1,triplet,1729,session3_row305,blank,acetaminophen,-0.3825840353965759,True,False,Pendar-1,NRC_Canadian_SERS,,,blank,quality_pass,0.5965113456277993
outer,nato_outer_o1__train_quality_pass__test_quality_pass,1,siamese,deterministic_edge_triplet,derivative_1,triplet,1729,session3_row310,benzyl_fentanyl,benzyl_fentanyl,-0.5825556516647339,True,True,Mira-3,NRC_Canadian_SERS,,,benzyl_fentanyl,quality_pass,0.4467754375129025
outer,nato_outer_o1__train_quality_pass__test_quality_pass,1,siamese,deterministic_edge_triplet,derivative_1,triplet,1729,session3_row313,blank,blank,-0.3381662368774414,True,True,Mira-3,NRC_Canadian_SERS,,,blank,quality_pass,0.6283761568916536
outer,nato_outer_o1__train_quality_pass__test_quality_pass,1,siamese,deterministic_edge_triplet,derivative_1,triplet,1729,session3_row314,4_ANPP,4_ANPP,-0.1968243718147277,True,True,Agilent-1,NRC_Canadian_SERS,,,4_ANPP,quality_pass,0.7216447395131387
outer,nato_outer_o1__train_quality_pass__test_quality_pass,1,siamese,deterministic_edge_triplet,derivative_1,triplet,1729,session3_row328,benzyl_fentanyl,benzyl_fentanyl,-0.289009541273117,True,True,Pendar-1,pSERS_Metrohm_silver,,,benzyl_fentanyl,quality_pass,0.6623742704114528
outer,nato_outer_o1__train_quality_pass__test_quality_pass,1,siamese,deterministic_edge_triplet,derivative_1,triplet,1729,session3_row329,4_ANPP,4_ANPP,-0.1230366751551628,True,True,Pendar-1,pSERS_Metrohm_silver,,,4_ANPP,quality_pass,0.7641824126974723
outer,nato_outer_o1__train_quality_pass__test_quality_pass,1,siamese,deterministic_edge_triplet,derivative_1,triplet,1729,session3_row335,blank,benzyl_fentanyl,-0.4385223686695099,True,False,Pendar-1,pSERS_Metrohm_silver,,,blank,quality_pass,0.5552258000101624
outer,nato_outer_o1__train_quality_pass__test_quality_pass,1,siamese,deterministic_edge_triplet,derivative_1,triplet,1729,session3_row336,benzyl_fentanyl,benzyl_fentanyl,-0.3858702480792999,True,True,Agilent-1,NRC_Canadian_SERS,,,benzyl_fentanyl,quality_pass,0.5941174780947782
outer,nato_outer_o1__train_quality_pass__test_quality_pass,1,siamese,deterministic_edge_triplet,derivative_1,triplet,1729,session3_row337,benzyl_fentanyl,benzyl_fentanyl,-0.2927062809467315,True,True,Agilent-1,NRC_Canadian_SERS,,,benzyl_fentanyl,quality_pass,0.6598699863276415
outer,nato_outer_o1__train_quality_pass__test_quality_pass,1,siamese,deterministic_edge_triplet,derivative_1,triplet,1729,session3_row345,4_ANPP,4_ANPP,-0.4156068861484527,True,True,Pendar-1,pSERS_Metrohm_silver,,,4_ANPP,quality_pass,0.5722649447304442
outer,nato_outer_o1__train_quality_pass__test_quality_pass,1,siamese,deterministic_edge_triplet,derivative_1,triplet,1729,session3_row399,acetaminophen,blank,-0.3901287019252777,True,False,Pendar-3,pSERS_Metrohm_silver,,,acetaminophen,quality_pass,0.5910087226724535
outer,nato_outer_o1__train_quality_pass__test_quality_pass,1,siamese,deterministic_edge_triplet,derivative_1,triplet,1729,session3_row400,acetaminophen,acetaminophen,-0.3893801271915436,True,True,RMX-2,pSERS_Metrohm_silver,,,acetaminophen,quality_pass,0.5915557320414547
outer,nato_outer_o1__train_quality_pass__test_quality_pass,1,siamese,deterministic_edge_triplet,derivative_1,triplet,1729,session3_row413,acetaminophen,4_ANPP,-0.4280391931533813,True,False,Mira-1,pSERS_Metrohm_silver,,,acetaminophen,quality_pass,0.5630393338109213
outer,nato_outer_o1__train_quality_pass__test_quality_pass,1,siamese,deterministic_edge_triplet,derivative_1,triplet,1729,session3_row414,acetaminophen,4_ANPP,-0.2655639052391052,True,False,Agilent-3,pSERS_Metrohm_silver,,,acetaminophen,quality_pass,0.6780414870429401
outer,nato_outer_o1__train_quality_pass__test_quality_pass,1,siamese,deterministic_edge_triplet,derivative_1,triplet,2718,session1_row10,benzyl_fentanyl,benzyl_fentanyl,-0.4715695083141327,True,True,Mira-3,pSERS_Metrohm_silver,,,benzyl_fentanyl,quality_pass,0.506248189244196
outer,nato_outer_o1__train_quality_pass__test_quality_pass,1,siamese,deterministic_edge_triplet,derivative_1,triplet,2718,session1_row12,benzyl_fentanyl,benzyl_fentanyl,-0.2379817217588424,True,True,Agilent-3,pSERS_Metrohm_silver,,,benzyl_fentanyl,quality_pass,0.6867709204261058
outer,nato_outer_o1__train_quality_pass__test_quality_pass,1,siamese,deterministic_edge_triplet,derivative_1,triplet,2718,session1_row15,benzyl_fentanyl,benzyl_fentanyl,-0.2659740746021271,True,True,Agilent-3,pSERS_Metrohm_silver,,,benzyl_fentanyl,quality_pass,0.6668520650287608
outer,nato_outer_o1__train_quality_pass__test_quality_pass,1,siamese,deterministic_edge_triplet,derivative_1,triplet,2718,session1_row22,benzyl_fentanyl,benzyl_fentanyl,-0.2337755113840103,True,True,Agilent-3,pSERS_Metrohm_silver,,,benzyl_fentanyl,quality_pass,0.6897075827154008
outer,nato_outer_o1__train_quality_pass__test_quality_pass,1,siamese,deterministic_edge_triplet,derivative_1,triplet,2718,session1_row26,benzyl_fentanyl,benzyl_fentanyl,-0.4651468992233276,True,True,Mira-3,pSERS_Metrohm_silver,,,benzyl_fentanyl,quality_pass,0.5114711374947235
outer,nato_outer_o1__train_quality_pass__test_quality_pass,1,siamese,deterministic_edge_triplet,derivative_1,triplet,2718,session1_row29,4_ANPP,acetaminophen,-0.4009567201137543,True,False,Agilent-3,pSERS_Metrohm_silver,,,4_ANPP,quality_pass,0.5633480450285846
outer,nato_outer_o1__train_quality_pass__test_quality_pass,1,siamese,deterministic_edge_triplet,derivative_1,triplet,2718,session1_row30,benzyl_fentanyl,benzyl_fentanyl,-0.3220417201519012,True,True,Agilent-3,pSERS_Metrohm_silver,,,benzyl_fentanyl,quality_pass,0.6251681029982379
outer,nato_outer_o1__train_quality_pass__test_quality_pass,1,siamese,deterministic_edge_triplet,derivative_1,triplet,2718,session1_row35,4_ANPP,4_ANPP,-0.1013008058071136,True,True,Mira-3,pSERS_Metrohm_silver,,,4_ANPP,quality_pass,0.7737857344639318
outer,nato_outer_o1__train_quality_pass__test_quality_pass,1,siamese,deterministic_edge_triplet,derivative_1,triplet,2718,session1_row41,4_ANPP,4_ANPP,-0.0995214134454727,True,True,Mira-3,pSERS_Metrohm_silver,,,4_ANPP,quality_pass,0.7747976118114349
outer,nato_outer_o1__train_quality_pass__test_quality_pass,1,siamese,deterministic_edge_triplet,derivative_1,triplet,2718,session1_row42,4_ANPP,4_ANPP,-0.2113926112651825,True,True,Agilent-3,pSERS_Metrohm_silver,,,4_ANPP,quality_pass,0.7050752631071815
outer,nato_outer_o1__train_quality_pass__test_quality_pass,1,siamese,deterministic_edge_triplet,derivative_1,triplet,2718,session1_row51,blank,acetaminophen,-0.0337890684604644,True,False,Agilent-3,pSERS_Metrohm_silver,,,blank,quality_pass,0.8099197783246664
outer,nato_outer_o1__train_quality_pass__test_quality_pass,1,siamese,deterministic_edge_triplet,derivative_1,triplet,2718,session1_row67,blank,acetaminophen,-0.1212029606103897,True,False,Pendar-2,pSERS_Metrohm_silver,,,blank,quality_pass,0.7622496048456638
outer,nato_outer_o1__train_quality_pass__test_quality_pass,1,siamese,deterministic_edge_triplet,derivative_1,triplet,2718,session1_row136,acetaminophen,blank,-0.086644098162651,True,False,RMX-2,pSERS_Metrohm_silver,,,acetaminophen,quality_pass,0.7820245818274114
outer,nato_outer_o1__train_quality_pass__test_quality_pass,1,siamese,deterministic_edge_triplet,derivative_1,triplet,2718,session1_row138,acetaminophen,acetaminophen,-0.2908799052238464,True,True,RMX-2,NRC_Canadian_SERS,,,acetaminophen,quality_pass,0.6486112641555898
outer,nato_outer_o1__train_quality_pass__test_quality_pass,1,siamese,deterministic_edge_triplet,derivative_1,triplet,2718,session1_row199,4_nitrophenol,4_nitrophenol,-0.0417279154062271,True,True,RMX-1,H_SERS_H_Kit,,,4_nitrophenol,quality_pass,0.805911041942841
outer,nato_outer_o1__train_quality_pass__test_quality_pass,1,siamese,deterministic_edge_triplet,derivative_1,triplet,2718,session1_row206,4_nitrophenol,4_nitrophenol,-0.0417279154062271,True,True,RMX-1,GaN_polymer,,,4_nitrophenol,quality_pass,0.805911041942841
outer,nato_outer_o1__train_quality_pass__test_quality_pass,1,siamese,deterministic_edge_triplet,derivative_1,triplet,2718,session1_row207,4_nitrophenol,4_nitrophenol,-0.0417279154062271,True,True,Pendar-2,GaN_polymer,,,4_nitrophenol,quality_pass,0.805911041942841
outer,nato_outer_o1__train_quality_pass__test_quality_pass,1,siamese,deterministic_edge_triplet,derivative_1,triplet,2718,session1_row209,4_nitrophenol,4_nitrophenol,-0.2475388646125793,True,True,Pendar-2,GaN_polymer,,,4_nitrophenol,quality_pass,0.6800426842008221
outer,nato_outer_o1__train_quality_pass__test_quality_pass,1,siamese,deterministic_edge_triplet,derivative_1,triplet,2718,session1_row226,ethanol,ethanol,-0.3114914298057556,True,True,Mira-2,H_SERS_H_Kit,,,ethanol,quality_pass,0.6331774609265616
outer,nato_outer_o1__train_quality_pass__test_quality_pass,1,siamese,deterministic_edge_triplet,derivative_1,triplet,2718,session1_row228,4_nitrophenol,4_nitrophenol,-0.0417279154062271,True,True,Mira-2,H_SERS_H_Kit,,,4_nitrophenol,quality_pass,0.805911041942841
outer,nato_outer_o1__train_quality_pass__test_quality_pass,1,siamese,deterministic_edge_triplet,derivative_1,triplet,2718,session1_row232,4_nitrophenol,4_nitrophenol,-0.0417279154062271,True,True,Mira-2,GaN_polymer,,,4_nitrophenol,quality_pass,0.805911041942841
outer,nato_outer_o1__train_quality_pass__test_quality_pass,1,siamese,deterministic_edge_triplet,derivative_1,triplet,2718,session1_row233,4_nitrophenol,4_nitrophenol,-0.0826037302613258,True,True,Mira-2,GaN_polymer,,,4_nitrophenol,quality_pass,0.784257330695845
outer,nato_outer_o1__train_quality_pass__test_quality_pass,1,siamese,deterministic_edge_triplet,derivative_1,triplet,2718,session1_row237,ethyl_paraoxon,ethyl_paraoxon,-0.1287839263677597,True,True,Mira-2,H_SERS_H_Kit,,,ethyl_paraoxon,quality_pass,0.7577503146440464
outer,nato_outer_o1__train_quality_pass__test_quality_pass,1,siamese,deterministic_edge_triplet,derivative_1,triplet,2718,session1_row244,4_nitrophenol,4_nitrophenol,-0.0749004110693931,True,True,Agilent-3,GaN_polymer,,,4_nitrophenol,quality_pass,0.7884681932652432
outer,nato_outer_o1__train_quality_pass__test_quality_pass,1,siamese,deterministic_edge_triplet,derivative_1,triplet,2718,session1_row245,4_nitrophenol,4_nitrophenol,-0.0735521018505096,True,True,Agilent-3,GaN_polymer,,,4_nitrophenol,quality_pass,0.7891990023447342
outer,nato_outer_o1__train_quality_pass__test_quality_pass,1,siamese,deterministic_edge_triplet,derivative_1,triplet,2718,session2_row15,benzyl_fentanyl,benzyl_fentanyl,-0.0726896151900291,True,True,Pendar-3,pSERS_Metrohm_silver,,,benzyl_fentanyl,quality_pass,0.7896655150866829
outer,nato_outer_o1__train_quality_pass__test_quality_pass,1,siamese,deterministic_edge_triplet,derivative_1,triplet,2718,session2_row19,benzyl_fentanyl,benzyl_fentanyl,-0.1401533484458923,True,True,Mira-3,pSERS_Metrohm_silver,,,benzyl_fentanyl,quality_pass,0.7508947479060725
outer,nato_outer_o1__train_quality_pass__test_quality_pass,1,siamese,deterministic_edge_triplet,derivative_1,triplet,2718,session2_row35,benzyl_fentanyl,benzyl_fentanyl,-0.1051200926303863,True,True,Pendar-3,pSERS_Metrohm_silver,,,benzyl_fentanyl,quality_pass,0.771602993810388
outer,nato_outer_o1__train_quality_pass__test_quality_pass,1,siamese,deterministic_edge_triplet,derivative_1,triplet,2718,session2_row36,benzyl_fentanyl,benzyl_fentanyl,-0.1401533484458923,True,True,Mira-3,pSERS_Metrohm_silver,,,benzyl_fentanyl,quality_pass,0.7508947479060725
outer,nato_outer_o1__train_quality_pass__test_quality_pass,1,siamese,deterministic_edge_triplet,derivative_1,triplet,2718,session2_row37,4_ANPP,4_ANPP,-0.0535307079553604,True,True,Mira-3,pSERS_Metrohm_silver,,,4_ANPP,quality_pass,0.7998331104694731
outer,nato_outer_o1__train_quality_pass__test_quality_pass,1,siamese,deterministic_edge_triplet,derivative_1,triplet,2718,session2_row66,blank,blank,-0.1470226943492889,True,True,Mira-3,pSERS_Metrohm_silver,,,blank,quality_pass,0.7466903277446478
outer,nato_outer_o1__train_quality_pass__test_quality_pass,1,siamese,deterministic_edge_triplet,derivative_1,triplet,2718,session2_row86,4_ANPP,4_ANPP,-0.5038740038871765,True,True,Pendar-3,pSERS_Metrohm_silver,,,4_ANPP,quality_pass,0.47998030190986857
outer,nato_outer_o1__train_quality_pass__test_quality_pass,1,siamese,deterministic_edge_triplet,derivative_1,triplet,2718,session2_row87,4_ANPP,4_ANPP,-0.0672668367624282,True,True,Mira-3,pSERS_Metrohm_silver,,,4_ANPP,quality_pass,0.792581295058094
outer,nato_outer_o1__train_quality_pass__test_quality_pass,1,siamese,deterministic_edge_triplet,derivative_1,triplet,2718,session2_row105,benzyl_fentanyl,benzyl_fentanyl,-0.0530345179140567,True,True,Agilent-3,pSERS_Metrohm_silver,,,benzyl_fentanyl,quality_pass,0.8000914756221817
outer,nato_outer_o1__train_quality_pass__test_quality_pass,1,siamese,deterministic_edge_triplet,derivative_1,triplet,2718,session2_row109,benzyl_fentanyl,benzyl_fentanyl,-0.106303870677948,True,True,Agilent-3,pSERS_Metrohm_silver,,,benzyl_fentanyl,quality_pass,0.7709234566592099
outer,nato_outer_o1__train_quality_pass__test_quality_pass,1,siamese,deterministic_edge_triplet,derivative_1,triplet,2718,session2_row110,4_ANPP,4_ANPP,-0.217275470495224,True,True,Agilent-3,pSERS_Metrohm_silver,,,4_ANPP,quality_pass,0.7010791791615221
outer,nato_outer_o1__train_quality_pass__test_quality_pass,1,siamese,deterministic_edge_triplet,derivative_1,triplet,2718,session2_row116,blank,blank,-0.0796146094799041,True,True,Agilent-3,pSERS_Metrohm_silver,,,blank,quality_pass,0.7858984500735963
outer,nato_outer_o1__train_quality_pass__test_quality_pass,1,siamese,deterministic_edge_triplet,derivative_1,triplet,2718,session2_row118,4_ANPP,4_ANPP,-0.100260354578495,True,True,Agilent-3,pSERS_Metrohm_silver,,,4_ANPP,quality_pass,0.7743777924101176
outer,nato_outer_o1__train_quality_pass__test_quality_pass,1,siamese,deterministic_edge_triplet,derivative_1,triplet,2718,session2_row165,acetaminophen,blank,-0.1705476939678192,True,False,Pendar-2,pSERS_Metrohm_silver,,,acetaminophen,quality_pass,0.7319403996467257
outer,nato_outer_o1__train_quality_pass__test_quality_pass,1,siamese,deterministic_edge_triplet,derivative_1,triplet,2718,session2_row177,acetaminophen,acetaminophen,-0.2338797152042389,True,True,RMX-2,pSERS_Metrohm_silver,,,acetaminophen,quality_pass,0.6896350135221141
outer,nato_outer_o1__train_quality_pass__test_quality_pass,1,siamese,deterministic_edge_triplet,derivative_1,triplet,2718,session2_row235,benzyl_fentanyl,benzyl_fentanyl,-0.076160080730915,True,True,RMX-2,pSERS_Metrohm_silver,,,benzyl_fentanyl,quality_pass,0.7877837549959945
outer,nato_outer_o1__train_quality_pass__test_quality_pass,1,siamese,deterministic_edge_triplet,derivative_1,triplet,2718,session2_row241,benzyl_fentanyl,benzyl_fentanyl,-0.4621208906173706,True,True,Pendar-2,pSERS_Metrohm_silver,,,benzyl_fentanyl,quality_pass,0.5139311284897626
outer,nato_outer_o1__train_quality_pass__test_quality_pass,1,siamese,deterministic_edge_triplet,derivative_1,triplet,2718,session2_row259,acetaminophen,blank,-0.1924981772899627,True,False,RMX-2,pSERS_Metrohm_silver,,,acetaminophen,quality_pass,0.7176966952121852
outer,nato_outer_o1__train_quality_pass__test_quality_pass,1,siamese,deterministic_edge_triplet,derivative_1,triplet,2718,session2_row266,acetaminophen,acetaminophen,-0.1941339522600174,True,True,Pendar-2,pSERS_Metrohm_silver,,,acetaminophen,quality_pass,0.7166170339521811
outer,nato_outer_o1__train_quality_pass__test_quality_pass,1,siamese,deterministic_edge_triplet,derivative_1,triplet,2718,session2_row267,acetaminophen,acetaminophen,-0.1374559253454208,True,True,Pendar-2,pSERS_Metrohm_silver,,,acetaminophen,quality_pass,0.7525329122678391
outer,nato_outer_o1__train_quality_pass__test_quality_pass,1,siamese,deterministic_edge_triplet,derivative_1,triplet,2718,session2_row272,acetaminophen,blank,-0.0954351648688316,True,False,Pendar-2,pSERS_Metrohm_silver,,,acetaminophen,quality_pass,0.7771091459239555
outer,nato_outer_o1__train_quality_pass__test_quality_pass,1,siamese,deterministic_edge_triplet,derivative_1,triplet,2718,session2_row273,acetaminophen,4_ANPP,-0.4050528705120086,True,False,Pendar-2,pSERS_Metrohm_silver,,,acetaminophen,quality_pass,0.5600666912023049
outer,nato_outer_o1__train_quality_pass__test_quality_pass,1,siamese,deterministic_edge_triplet,derivative_1,triplet,2718,session2_row331,ethanol,ethanol,-0.1111536622047424,True,True,RMX-1,H_SERS_H_Kit,,,ethanol,quality_pass,0.7681246608733929
outer,nato_outer_o1__train_quality_pass__test_quality_pass,1,siamese,deterministic_edge_triplet,derivative_1,triplet,2718,session2_row332,ethanol,ethanol,-0.1701149940490722,True,True,Mira-2,H_SERS_H_Kit,,,ethanol,quality_pass,0.7322165569820603
outer,nato_outer_o1__train_quality_pass__test_quality_pass,1,siamese,deterministic_edge_triplet,derivative_1,triplet,2718,session2_row334,ethanol,ethanol,-0.2869528532028198,True,True,Agilent-3,H_SERS_H_Kit,,,ethanol,quality_pass,0.6515180544248135
outer,nato_outer_o1__train_quality_pass__test_quality_pass,1,siamese,deterministic_edge_triplet,derivative_1,triplet,2718,session2_row336,4_nitrophenol,4_nitrophenol,-0.0417279154062271,True,True,RMX-1,H_SERS_H_Kit,,,4_nitrophenol,quality_pass,0.805911041942841
outer,nato_outer_o1__train_quality_pass__test_quality_pass,1,siamese,deterministic_edge_triplet,derivative_1,triplet,2718,session2_row339,4_nitrophenol,4_nitrophenol,-0.0417279154062271,True,True,Mira-2,H_SERS_H_Kit,,,4_nitrophenol,quality_pass,0.805911041942841
outer,nato_outer_o1__train_quality_pass__test_quality_pass,1,siamese,deterministic_edge_triplet,derivative_1,triplet,2718,session2_row340,4_nitrophenol,4_nitrophenol,-0.0417279154062271,True,True,Agilent-3,H_SERS_H_Kit,,,4_nitrophenol,quality_pass,0.805911041942841
outer,nato_outer_o1__train_quality_pass__test_quality_pass,1,siamese,deterministic_edge_triplet,derivative_1,triplet,2718,session2_row343,ethanol,4_nitrophenol,-0.3020373284816742,True,False,RMX-1,NRC_Canadian_SERS,,,ethanol,quality_pass,0.6402928153236621
outer,nato_outer_o1__train_quality_pass__test_quality_pass,1,siamese,deterministic_edge_triplet,derivative_1,triplet,2718,session2_row345,ethanol,ethyl_paraoxon,-0.3041500747203827,True,False,Mira-2,NRC_Canadian_SERS,,,ethanol,quality_pass,0.6387079331173865
outer,nato_outer_o1__train_quality_pass__test_quality_pass,1,siamese,deterministic_edge_triplet,derivative_1,triplet,2718,session2_row346,4_nitrophenol,ethyl_paraoxon,-0.2043620944023132,True,False,RMX-1,NRC_Canadian_SERS,,,4_nitrophenol,quality_pass,0.7098099028940565
outer,nato_outer_o1__train_quality_pass__test_quality_pass,1,siamese,deterministic_edge_triplet,derivative_1,triplet,2718,session2_row349,4_nitrophenol,4_nitrophenol,-0.3366259038448334,True,True,Mira-2,NRC_Canadian_SERS,,,4_nitrophenol,quality_pass,0.6139833751239919
outer,nato_outer_o1__train_quality_pass__test_quality_pass,1,siamese,deterministic_edge_triplet,derivative_1,triplet,2718,session2_row353,ethanol,acetaminophen,-0.1426146030426025,True,False,Pendar-3,NRC_Canadian_SERS,,,ethanol,quality_pass,0.749393701062912
outer,nato_outer_o1__train_quality_pass__test_quality_pass,1,siamese,deterministic_edge_triplet,derivative_1,triplet,2718,session2_row357,4_nitrophenol,blank,-0.2284998744726181,True,False,Pendar-3,NRC_Canadian_SERS,,,4_nitrophenol,quality_pass,0.6933693687615811
outer,nato_outer_o1__train_quality_pass__test_quality_pass,1,siamese,deterministic_edge_triplet,derivative_1,triplet,2718,session2_row377,ethyl_paraoxon,4_nitrophenol,-0.0417279154062271,True,False,RMX-1,H_SERS_H_Kit,,,ethyl_paraoxon,quality_pass,0.805911041942841
outer,nato_outer_o1__train_quality_pass__test_quality_pass,1,siamese,deterministic_edge_triplet,derivative_1,triplet,2718,session2_row378,ethyl_paraoxon,4_nitrophenol,-0.0417279154062271,True,False,Pendar-3,H_SERS_H_Kit,,,ethyl_paraoxon,quality_pass,0.805911041942841
outer,nato_outer_o1__train_quality_pass__test_quality_pass,1,siamese,deterministic_edge_triplet,derivative_1,triplet,2718,session2_row382,ethyl_paraoxon,4_nitrophenol,-0.0417279154062271,True,False,Mira-2,H_SERS_H_Kit,,,ethyl_paraoxon,quality_pass,0.805911041942841
outer,nato_outer_o1__train_quality_pass__test_quality_pass,1,siamese,deterministic_edge_triplet,derivative_1,triplet,2718,session2_row385,ethyl_paraoxon,ethyl_paraoxon,-0.0433348231017589,True,True,Mira-2,NRC_Canadian_SERS,,,ethyl_paraoxon,quality_pass,0.8050918651254007
outer,nato_outer_o1__train_quality_pass__test_quality_pass,1,siamese,deterministic_edge_triplet,derivative_1,triplet,2718,session2_row387,ethyl_paraoxon,blank,-0.1367378681898117,True,False,Pendar-3,NRC_Canadian_SERS,,,ethyl_paraoxon,quality_pass,0.7529677729532949
outer,nato_outer_o1__train_quality_pass__test_quality_pass,1,siamese,deterministic_edge_triplet,derivative_1,triplet,2718,session2_row393,ethyl_paraoxon,ethyl_paraoxon,-0.338724672794342,True,True,Mira-2,NRC_Canadian_SERS,,,ethyl_paraoxon,quality_pass,0.6123635493186004
outer,nato_outer_o1__train_quality_pass__test_quality_pass,1,siamese,deterministic_edge_triplet,derivative_1,triplet,2718,session2_row395,ethyl_paraoxon,4_nitrophenol,-0.0944631546735763,True,False,RMX-1,NRC_Canadian_SERS,,,ethyl_paraoxon,quality_pass,0.7776565005788351
outer,nato_outer_o1__train_quality_pass__test_quality_pass,1,siamese,deterministic_edge_triplet,derivative_1,triplet,2718,session3_row12,4_nitrophenol,4_nitrophenol,-0.063929833471775,True,True,Pendar-2,H_SERS_H_Kit,,,4_nitrophenol,quality_pass,0.7943606850380031
outer,nato_outer_o1__train_quality_pass__test_quality_pass,1,siamese,deterministic_edge_triplet,derivative_1,triplet,2718,session3_row47,ethanol,ethanol,-0.0882713794708252,True,True,RMX-1,H_SERS_H_Kit,,,ethanol,quality_pass,0.781120634490172
outer,nato_outer_o1__train_quality_pass__test_quality_pass,1,siamese,deterministic_edge_triplet,derivative_1,triplet,2718,session3_row49,ethanol,ethanol,-0.3107841312885284,True,True,Mira-2,H_SERS_H_Kit,,,ethanol,quality_pass,0.6337118474300815
outer,nato_outer_o1__train_quality_pass__test_quality_pass,1,siamese,deterministic_edge_triplet,derivative_1,triplet,2718,session3_row128,ethyl_paraoxon,4_nitrophenol,-0.0417279154062271,True,False,RMX-1,H_SERS_H_Kit,,,ethyl_paraoxon,quality_pass,0.805911041942841
outer,nato_outer_o1__train_quality_pass__test_quality_pass,1,siamese,deterministic_edge_triplet,derivative_1,triplet,2718,session3_row129,ethyl_paraoxon,4_nitrophenol,-0.0417279154062271,True,False,Mira-2,H_SERS_H_Kit,,,ethyl_paraoxon,quality_pass,0.805911041942841
outer,nato_outer_o1__train_quality_pass__test_quality_pass,1,siamese,deterministic_edge_triplet,derivative_1,triplet,2718,session3_row133,4_nitrophenol,4_nitrophenol,-0.0417279154062271,True,True,Mira-2,H_SERS_H_Kit,,,4_nitrophenol,quality_pass,0.805911041942841
outer,nato_outer_o1__train_quality_pass__test_quality_pass,1,siamese,deterministic_edge_triplet,derivative_1,triplet,2718,session3_row134,4_nitrophenol,4_nitrophenol,-0.0417279154062271,True,True,RMX-1,H_SERS_H_Kit,,,4_nitrophenol,quality_pass,0.805911041942841
outer,nato_outer_o1__train_quality_pass__test_quality_pass,1,siamese,deterministic_edge_triplet,derivative_1,triplet,2718,session3_row142,ethyl_paraoxon,4_nitrophenol,-0.0417279154062271,True,False,RMX-1,H_SERS_H_Kit,,,ethyl_paraoxon,quality_pass,0.805911041942841
outer,nato_outer_o1__train_quality_pass__test_quality_pass,1,siamese,deterministic_edge_triplet,derivative_1,triplet,2718,session3_row143,ethyl_paraoxon,4_nitrophenol,-0.0417279154062271,True,False,Mira-2,H_SERS_H_Kit,,,ethyl_paraoxon,quality_pass,0.805911041942841
outer,nato_outer_o1__train_quality_pass__test_quality_pass,1,siamese,deterministic_edge_triplet,derivative_1,triplet,2718,session3_row206,benzyl_fentanyl,benzyl_fentanyl,-0.0824740603566169,True,True,Pendar-1,pSERS_Metrohm_silver,,,benzyl_fentanyl,quality_pass,0.784328712298324
outer,nato_outer_o1__train_quality_pass__test_quality_pass,1,siamese,deterministic_edge_triplet,derivative_1,triplet,2718,session3_row226,benzyl_fentanyl,benzyl_fentanyl,-0.0415111109614372,True,True,Agilent-1,pSERS_Metrohm_silver,,,benzyl_fentanyl,quality_pass,0.8060213651663122
outer,nato_outer_o1__train_quality_pass__test_quality_pass,1,siamese,deterministic_edge_triplet,derivative_1,triplet,2718,session3_row238,4_ANPP,acetaminophen,-0.2082464396953582,True,False,Mira-3,NRC_Canadian_SERS,,,4_ANPP,quality_pass,0.7071995787249565
outer,nato_outer_o1__train_quality_pass__test_quality_pass,1,siamese,deterministic_edge_triplet,derivative_1,triplet,2718,session3_row243,blank,4_ANPP,-0.3387877941131592,True,False,Mira-3,NRC_Canadian_SERS,,,blank,quality_pass,0.6123147937097506
outer,nato_outer_o1__train_quality_pass__test_quality_pass,1,siamese,deterministic_edge_triplet,derivative_1,triplet,2718,session3_row246,benzyl_fentanyl,benzyl_fentanyl,-0.1321550756692886,True,True,Mira-3,pSERS_Metrohm_silver,,,benzyl_fentanyl,quality_pass,0.7557310317171873
outer,nato_outer_o1__train_quality_pass__test_quality_pass,1,siamese,deterministic_edge_triplet,derivative_1,triplet,2718,session3_row248,4_ANPP,4_ANPP,-0.1858082413673401,True,True,Mira-3,pSERS_Metrohm_silver,,,4_ANPP,quality_pass,0.7220861758355046
outer,nato_outer_o1__train_quality_pass__test_quality_pass,1,siamese,deterministic_edge_triplet,derivative_1,triplet,2718,session3_row249,benzyl_fentanyl,benzyl_fentanyl,-0.055859588086605,True,True,Agilent-1,pSERS_Metrohm_silver,,,benzyl_fentanyl,quality_pass,0.798617122936328
outer,nato_outer_o1__train_quality_pass__test_quality_pass,1,siamese,deterministic_edge_triplet,derivative_1,triplet,2718,session3_row250,blank,acetaminophen,-0.0891423374414444,True,False,Pendar-1,pSERS_Metrohm_silver,,,blank,quality_pass,0.7806357139979235
outer,nato_outer_o1__train_quality_pass__test_quality_pass,1,siamese,deterministic_edge_triplet,derivative_1,triplet,2718,session3_row252,blank,acetaminophen,-0.2618070244789123,True,False,Mira-3,pSERS_Metrohm_silver,,,blank,quality_pass,0.6698575311891215
outer,nato_outer_o1__train_quality_pass__test_quality_pass,1,siamese,deterministic_edge_triplet,derivative_1,triplet,2718,session3_row253,4_ANPP,4_ANPP,-0.15973000228405,True,True,Agilent-1,pSERS_Metrohm_silver,,,4_ANPP,quality_pass,0.7387900827597822
outer,nato_outer_o1__train_quality_pass__test_quality_pass,1,siamese,deterministic_edge_triplet,derivative_1,triplet,2718,session3_row254,4_ANPP,4_ANPP,-0.1747605800628662,True,True,Pendar-1,pSERS_Metrohm_silver,,,4_ANPP,quality_pass,0.7292422403724861
outer,nato_outer_o1__train_quality_pass__test_quality_pass,1,siamese,deterministic_edge_triplet,derivative_1,triplet,2718,session3_row255,4_ANPP,benzyl_fentanyl,-0.2640942931175232,True,False,Mira-3,pSERS_Metrohm_silver,,,4_ANPP,quality_pass,0.6682095473954514
outer,nato_outer_o1__train_quality_pass__test_quality_pass,1,siamese,deterministic_edge_triplet,derivative_1,triplet,2718,session3_row258,4_ANPP,ethyl_paraoxon,-0.0976641997694969,True,False,Mira-3,pSERS_Metrohm_silver,,,4_ANPP,quality_pass,0.775850314572923
outer,nato_outer_o1__train_quality_pass__test_quality_pass,1,siamese,deterministic_edge_triplet,derivative_1,triplet,2718,session3_row271,blank,acetaminophen,-0.2049890309572219,True,False,Agilent-1,pSERS_Metrohm_silver,,,blank,quality_pass,0.7093895262631863
outer,nato_outer_o1__train_quality_pass__test_quality_pass,1,siamese,deterministic_edge_triplet,derivative_1,triplet,2718,session3_row300,benzyl_fentanyl,benzyl_fentanyl,-0.3430655002593994,True,True,Mira-3,NRC_Canadian_SERS,,,benzyl_fentanyl,quality_pass,0.6090054494738308
outer,nato_outer_o1__train_quality_pass__test_quality_pass,1,siamese,deterministic_edge_triplet,derivative_1,triplet,2718,session3_row305,blank,acetaminophen,-0.3053170442581177,True,False,Pendar-1,NRC_Canadian_SERS,,,blank,quality_pass,0.6378312288990354
outer,nato_outer_o1__train_quality_pass__test_quality_pass,1,siamese,deterministic_edge_triplet,derivative_1,triplet,2718,session3_row310,benzyl_fentanyl,blank,-0.1677007526159286,True,False,Mira-3,NRC_Canadian_SERS,,,benzyl_fentanyl,quality_pass,0.7337540557104218
outer,nato_outer_o1__train_quality_pass__test_quality_pass,1,siamese,deterministic_edge_triplet,derivative_1,triplet,2718,session3_row313,blank,acetaminophen,-0.416372686624527,True,False,Mira-3,NRC_Canadian_SERS,,,blank,quality_pass,0.5509720987368916
outer,nato_outer_o1__train_quality_pass__test_quality_pass,1,siamese,deterministic_edge_triplet,derivative_1,triplet,2718,session3_row314,4_ANPP,4_ANPP,-0.0216496456414461,True,True,Agilent-1,NRC_Canadian_SERS,,,4_ANPP,quality_pass,0.8159265538592592
outer,nato_outer_o1__train_quality_pass__test_quality_pass,1,siamese,deterministic_edge_triplet,derivative_1,triplet,2718,session3_row328,benzyl_fentanyl,ethyl_paraoxon,-0.3311309516429901,True,False,Pendar-1,pSERS_Metrohm_silver,,,benzyl_fentanyl,quality_pass,0.6182123523753199
outer,nato_outer_o1__train_quality_pass__test_quality_pass,1,siamese,deterministic_edge_triplet,derivative_1,triplet,2718,session3_row329,4_ANPP,4_ANPP,-0.0529652647674083,True,True,Pendar-1,pSERS_Metrohm_silver,,,4_ANPP,quality_pass,0.800127515694786
outer,nato_outer_o1__train_quality_pass__test_quality_pass,1,siamese,deterministic_edge_triplet,derivative_1,triplet,2718,session3_row335,blank,blank,-0.3303637206554413,True,True,Pendar-1,pSERS_Metrohm_silver,,,blank,quality_pass,0.6188014155466375
outer,nato_outer_o1__train_quality_pass__test_quality_pass,1,siamese,deterministic_edge_triplet,derivative_1,triplet,2718,session3_row336,benzyl_fentanyl,benzyl_fentanyl,-0.387771338224411,True,True,Agilent-1,NRC_Canadian_SERS,,,benzyl_fentanyl,quality_pass,0.5738716437843773
outer,nato_outer_o1__train_quality_pass__test_quality_pass,1,siamese,deterministic_edge_triplet,derivative_1,triplet,2718,session3_row337,benzyl_fentanyl,benzyl_fentanyl,-0.368011325597763,True,True,Agilent-1,NRC_Canadian_SERS,,,benzyl_fentanyl,quality_pass,0.5895153697624725
outer,nato_outer_o1__train_quality_pass__test_quality_pass,1,siamese,deterministic_edge_triplet,derivative_1,triplet,2718,session3_row345,4_ANPP,4_ANPP,-0.3924600183963775,True,True,Pendar-1,pSERS_Metrohm_silver,,,4_ANPP,quality_pass,0.5701366346236275
outer,nato_outer_o1__train_quality_pass__test_quality_pass,1,siamese,deterministic_edge_triplet,derivative_1,triplet,2718,session3_row399,acetaminophen,blank,-0.1586738228797912,True,False,Pendar-3,pSERS_Metrohm_silver,,,acetaminophen,quality_pass,0.7394527511980729
outer,nato_outer_o1__train_quality_pass__test_quality_pass,1,siamese,deterministic_edge_triplet,derivative_1,triplet,2718,session3_row400,acetaminophen,acetaminophen,-0.4747965335845947,True,True,RMX-2,pSERS_Metrohm_silver,,,acetaminophen,quality_pass,0.5036233445466625
outer,nato_outer_o1__train_quality_pass__test_quality_pass,1,siamese,deterministic_edge_triplet,derivative_1,triplet,2718,session3_row413,acetaminophen,acetaminophen,-0.2229140549898147,True,True,Mira-1,pSERS_Metrohm_silver,,,acetaminophen,quality_pass,0.6972200362955809
outer,nato_outer_o1__train_quality_pass__test_quality_pass,1,siamese,deterministic_edge_triplet,derivative_1,triplet,2718,session3_row414,acetaminophen,4_ANPP,-0.0708366632461547,True,False,Agilent-3,pSERS_Metrohm_silver,,,acetaminophen,quality_pass,0.7906652002069564
outer,nato_outer_o1__train_quality_pass__test_quality_pass,1,siamese,deterministic_edge_triplet,derivative_1,triplet,3141,session1_row10,benzyl_fentanyl,blank,-0.2743189632892608,True,False,Mira-3,pSERS_Metrohm_silver,,,benzyl_fentanyl,quality_pass,0.6855755846076593
outer,nato_outer_o1__train_quality_pass__test_quality_pass,1,siamese,deterministic_edge_triplet,derivative_1,triplet,3141,session1_row12,benzyl_fentanyl,blank,-0.1188561245799064,True,False,Agilent-3,pSERS_Metrohm_silver,,,benzyl_fentanyl,quality_pass,0.7680378304169935
outer,nato_outer_o1__train_quality_pass__test_quality_pass,1,siamese,deterministic_edge_triplet,derivative_1,triplet,3141,session1_row15,benzyl_fentanyl,blank,-0.4214368462562561,True,False,Agilent-3,pSERS_Metrohm_silver,,,benzyl_fentanyl,quality_pass,0.5948831390305309
outer,nato_outer_o1__train_quality_pass__test_quality_pass,1,siamese,deterministic_edge_triplet,derivative_1,triplet,3141,session1_row22,benzyl_fentanyl,benzyl_fentanyl,-0.4365581274032593,True,True,Agilent-3,pSERS_Metrohm_silver,,,benzyl_fentanyl,quality_pass,0.5850541760448057
outer,nato_outer_o1__train_quality_pass__test_quality_pass,1,siamese,deterministic_edge_triplet,derivative_1,triplet,3141,session1_row26,benzyl_fentanyl,blank,-0.2056180089712143,True,False,Mira-3,pSERS_Metrohm_silver,,,benzyl_fentanyl,quality_pass,0.7239466959131758
outer,nato_outer_o1__train_quality_pass__test_quality_pass,1,siamese,deterministic_edge_triplet,derivative_1,triplet,3141,session1_row29,4_ANPP,4_ANPP,-0.5391967296600342,True,True,Agilent-3,pSERS_Metrohm_silver,,,4_ANPP,quality_pass,0.5169316964540763
outer,nato_outer_o1__train_quality_pass__test_quality_pass,1,siamese,deterministic_edge_triplet,derivative_1,triplet,3141,session1_row30,benzyl_fentanyl,blank,-0.2408379018306732,True,False,Agilent-3,pSERS_Metrohm_silver,,,benzyl_fentanyl,quality_pass,0.7046381463783449
outer,nato_outer_o1__train_quality_pass__test_quality_pass,1,siamese,deterministic_edge_triplet,derivative_1,triplet,3141,session1_row35,4_ANPP,4_ANPP,-0.3530380427837372,True,True,Mira-3,pSERS_Metrohm_silver,,,4_ANPP,quality_pass,0.6382983801596414
outer,nato_outer_o1__train_quality_pass__test_quality_pass,1,siamese,deterministic_edge_triplet,derivative_1,triplet,3141,session1_row41,4_ANPP,4_ANPP,-0.2913017272949219,True,True,Mira-3,pSERS_Metrohm_silver,,,4_ANPP,quality_pass,0.6756561465789432
outer,nato_outer_o1__train_quality_pass__test_quality_pass,1,siamese,deterministic_edge_triplet,derivative_1,triplet,3141,session1_row42,4_ANPP,4_ANPP,-0.2829626500606537,True,True,Agilent-3,pSERS_Metrohm_silver,,,4_ANPP,quality_pass,0.6805473386218999
outer,nato_outer_o1__train_quality_pass__test_quality_pass,1,siamese,deterministic_edge_triplet,derivative_1,triplet,3141,session1_row51,blank,blank,-0.2559850811958313,True,True,Agilent-3,pSERS_Metrohm_silver,,,blank,quality_pass,0.6960970448175673
outer,nato_outer_o1__train_quality_pass__test_quality_pass,1,siamese,deterministic_edge_triplet,derivative_1,triplet,3141,session1_row67,blank,acetaminophen,-0.1681217551231384,True,False,Pendar-2,pSERS_Metrohm_silver,,,blank,quality_pass,0.7436222601851672
outer,nato_outer_o1__train_quality_pass__test_quality_pass,1,siamese,deterministic_edge_triplet,derivative_1,triplet,3141,session1_row136,acetaminophen,acetaminophen,-0.1373892873525619,True,True,RMX-2,pSERS_Metrohm_silver,,,acetaminophen,quality_pass,0.7590473248484445
outer,nato_outer_o1__train_quality_pass__test_quality_pass,1,siamese,deterministic_edge_triplet,derivative_1,triplet,3141,session1_row138,acetaminophen,ethanol,-0.3258745670318603,True,False,RMX-2,NRC_Canadian_SERS,,,acetaminophen,quality_pass,0.6549745430727364
outer,nato_outer_o1__train_quality_pass__test_quality_pass,1,siamese,deterministic_edge_triplet,derivative_1,triplet,3141,session1_row199,4_nitrophenol,4_nitrophenol,-0.0375027544796466,True,True,RMX-1,H_SERS_H_Kit,,,4_nitrophenol,quality_pass,0.8046904906283591
outer,nato_outer_o1__train_quality_pass__test_quality_pass,1,siamese,deterministic_edge_triplet,derivative_1,triplet,3141,session1_row206,4_nitrophenol,4_nitrophenol,-0.1025057360529899,True,True,RMX-1,GaN_polymer,,,4_nitrophenol,quality_pass,0.7757728916748959
outer,nato_outer_o1__train_quality_pass__test_quality_pass,1,siamese,deterministic_edge_triplet,derivative_1,triplet,3141,session1_row207,4_nitrophenol,4_nitrophenol,-0.2766780257225036,True,True,Pendar-2,GaN_polymer,,,4_nitrophenol,quality_pass,0.6842075084091755
outer,nato_outer_o1__train_quality_pass__test_quality_pass,1,siamese,deterministic_edge_triplet,derivative_1,triplet,3141,session1_row209,4_nitrophenol,4_nitrophenol,-0.1986118704080581,True,True,Pendar-2,GaN_polymer,,,4_nitrophenol,quality_pass,0.7276932137602831
outer,nato_outer_o1__train_quality_pass__test_quality_pass,1,siamese,deterministic_edge_triplet,derivative_1,triplet,3141,session1_row226,ethanol,ethanol,-0.1775287538766861,True,True,Mira-2,H_SERS_H_Kit,,,ethanol,quality_pass,0.7387734767767046
outer,nato_outer_o1__train_quality_pass__test_quality_pass,1,siamese,deterministic_edge_triplet,derivative_1,triplet,3141,session1_row228,4_nitrophenol,4_nitrophenol,-0.1835887879133224,True,True,Mira-2,H_SERS_H_Kit,,,4_nitrophenol,quality_pass,0.735618650692969
outer,nato_outer_o1__train_quality_pass__test_quality_pass,1,siamese,deterministic_edge_triplet,derivative_1,triplet,3141,session1_row232,4_nitrophenol,4_nitrophenol,-0.1685228645801544,True,True,Mira-2,GaN_polymer,,,4_nitrophenol,quality_pass,0.7434167188776174
outer,nato_outer_o1__train_quality_pass__test_quality_pass,1,siamese,deterministic_edge_triplet,derivative_1,triplet,3141,session1_row233,4_nitrophenol,4_nitrophenol,-0.1346735656261444,True,True,Mira-2,GaN_polymer,,,4_nitrophenol,quality_pass,0.7603794751853241
outer,nato_outer_o1__train_quality_pass__test_quality_pass,1,siamese,deterministic_edge_triplet,derivative_1,triplet,3141,session1_row237,ethyl_paraoxon,ethyl_paraoxon,-0.1185808107256889,True,True,Mira-2,H_SERS_H_Kit,,,ethyl_paraoxon,quality_pass,0.7681696048680113
outer,nato_outer_o1__train_quality_pass__test_quality_pass,1,siamese,deterministic_edge_triplet,derivative_1,triplet,3141,session1_row244,4_nitrophenol,4_nitrophenol,-0.0532202906906604,True,True,Agilent-3,GaN_polymer,,,4_nitrophenol,quality_pass,0.7979671379405143
outer,nato_outer_o1__train_quality_pass__test_quality_pass,1,siamese,deterministic_edge_triplet,derivative_1,triplet,3141,session1_row245,4_nitrophenol,4_nitrophenol,-0.1317435055971145,True,True,Agilent-3,GaN_polymer,,,4_nitrophenol,quality_pass,0.7618110984706412
outer,nato_outer_o1__train_quality_pass__test_quality_pass,1,siamese,deterministic_edge_triplet,derivative_1,triplet,3141,session2_row15,benzyl_fentanyl,benzyl_fentanyl,-0.0771086663007736,True,True,Pendar-3,pSERS_Metrohm_silver,,,benzyl_fentanyl,quality_pass,0.7874203959177994
outer,nato_outer_o1__train_quality_pass__test_quality_pass,1,siamese,deterministic_edge_triplet,derivative_1,triplet,3141,session2_row19,benzyl_fentanyl,benzyl_fentanyl,-0.0976724550127983,True,True,Mira-3,pSERS_Metrohm_silver,,,benzyl_fentanyl,quality_pass,0.7780239952363514
outer,nato_outer_o1__train_quality_pass__test_quality_pass,1,siamese,deterministic_edge_triplet,derivative_1,triplet,3141,session2_row35,benzyl_fentanyl,benzyl_fentanyl,-0.0588694475591182,True,True,Pendar-3,pSERS_Metrohm_silver,,,benzyl_fentanyl,quality_pass,0.7955088054420973
outer,nato_outer_o1__train_quality_pass__test_quality_pass,1,siamese,deterministic_edge_triplet,derivative_1,triplet,3141,session2_row36,benzyl_fentanyl,benzyl_fentanyl,-0.086963839828968,True,True,Mira-3,pSERS_Metrohm_silver,,,benzyl_fentanyl,quality_pass,0.7829538197405571
outer,nato_outer_o1__train_quality_pass__test_quality_pass,1,siamese,deterministic_edge_triplet,derivative_1,triplet,3141,session2_row37,4_ANPP,4_ANPP,-0.1376094073057174,True,True,Mira-3,pSERS_Metrohm_silver,,,4_ANPP,quality_pass,0.7589391276389336
outer,nato_outer_o1__train_quality_pass__test_quality_pass,1,siamese,deterministic_edge_triplet,derivative_1,triplet,3141,session2_row66,blank,blank,-0.0679130256175994,True,True,Mira-3,pSERS_Metrohm_silver,,,blank,quality_pass,0.7915272029115024
outer,nato_outer_o1__train_quality_pass__test_quality_pass,1,siamese,deterministic_edge_triplet,derivative_1,triplet,3141,session2_row86,4_ANPP,4_ANPP,-0.2963341772556305,True,True,Pendar-3,pSERS_Metrohm_silver,,,4_ANPP,quality_pass,0.6726856669371205
outer,nato_outer_o1__train_quality_pass__test_quality_pass,1,siamese,deterministic_edge_triplet,derivative_1,triplet,3141,session2_row87,4_ANPP,4_ANPP,-0.1711872518062591,True,True,Mira-3,pSERS_Metrohm_silver,,,4_ANPP,quality_pass,0.7420486650087429
outer,nato_outer_o1__train_quality_pass__test_quality_pass,1,siamese,deterministic_edge_triplet,derivative_1,triplet,3141,session2_row105,benzyl_fentanyl,benzyl_fentanyl,-0.1233709007501602,True,True,Agilent-3,pSERS_Metrohm_silver,,,benzyl_fentanyl,quality_pass,0.765869453912284
outer,nato_outer_o1__train_quality_pass__test_quality_pass,1,siamese,deterministic_edge_triplet,derivative_1,triplet,3141,session2_row109,benzyl_fentanyl,benzyl_fentanyl,-0.0908832773566246,True,True,Agilent-3,pSERS_Metrohm_silver,,,benzyl_fentanyl,quality_pass,0.7811586989084522
outer,nato_outer_o1__train_quality_pass__test_quality_pass,1,siamese,deterministic_edge_triplet,derivative_1,triplet,3141,session2_row110,4_ANPP,4_ANPP,-0.3053246438503265,True,True,Agilent-3,pSERS_Metrohm_silver,,,4_ANPP,quality_pass,0.6673444118114219
outer,nato_outer_o1__train_quality_pass__test_quality_pass,1,siamese,deterministic_edge_triplet,derivative_1,triplet,3141,session2_row116,blank,blank,-0.1722521036863327,True,True,Agilent-3,pSERS_Metrohm_silver,,,blank,quality_pass,0.7415005780426898
outer,nato_outer_o1__train_quality_pass__test_quality_pass,1,siamese,deterministic_edge_triplet,derivative_1,triplet,3141,session2_row118,4_ANPP,4_ANPP,-0.1904606968164444,True,True,Agilent-3,pSERS_Metrohm_silver,,,4_ANPP,quality_pass,0.7320117703557365
outer,nato_outer_o1__train_quality_pass__test_quality_pass,1,siamese,deterministic_edge_triplet,derivative_1,triplet,3141,session2_row165,acetaminophen,ethanol,-0.0730895027518272,True,False,Pendar-2,pSERS_Metrohm_silver,,,acetaminophen,quality_pass,0.7892225968170952
outer,nato_outer_o1__train_quality_pass__test_quality_pass,1,siamese,deterministic_edge_triplet,derivative_1,triplet,3141,session2_row177,acetaminophen,ethanol,-0.276990681886673,True,False,RMX-2,pSERS_Metrohm_silver,,,acetaminophen,quality_pass,0.6840259512712155
outer,nato_outer_o1__train_quality_pass__test_quality_pass,1,siamese,deterministic_edge_triplet,derivative_1,triplet,3141,session2_row235,benzyl_fentanyl,benzyl_fentanyl,-0.1103162989020347,True,True,RMX-2,pSERS_Metrohm_silver,,,benzyl_fentanyl,quality_pass,0.7721009186057335
outer,nato_outer_o1__train_quality_pass__test_quality_pass,1,siamese,deterministic_edge_triplet,derivative_1,triplet,3141,session2_row241,benzyl_fentanyl,benzyl_fentanyl,-0.5090230107307434,True,True,Pendar-2,pSERS_Metrohm_silver,,,benzyl_fentanyl,quality_pass,0.5371398547972406
outer,nato_outer_o1__train_quality_pass__test_quality_pass,1,siamese,deterministic_edge_triplet,derivative_1,triplet,3141,session2_row259,acetaminophen,ethanol,-0.2130956947803497,True,False,RMX-2,pSERS_Metrohm_silver,,,acetaminophen,quality_pass,0.7199130268359077
outer,nato_outer_o1__train_quality_pass__test_quality_pass,1,siamese,deterministic_edge_triplet,derivative_1,triplet,3141,session2_row266,acetaminophen,blank,-0.2629199624061584,True,False,Pendar-2,pSERS_Metrohm_silver,,,acetaminophen,quality_pass,0.6921405503460406
outer,nato_outer_o1__train_quality_pass__test_quality_pass,1,siamese,deterministic_edge_triplet,derivative_1,triplet,3141,session2_row267,acetaminophen,acetaminophen,-0.3189869225025177,True,True,Pendar-2,pSERS_Metrohm_silver,,,acetaminophen,quality_pass,0.6591449605945892
outer,nato_outer_o1__train_quality_pass__test_quality_pass,1,siamese,deterministic_edge_triplet,derivative_1,triplet,3141,session2_row272,acetaminophen,ethanol,-0.1664390861988067,True,False,Pendar-2,pSERS_Metrohm_silver,,,acetaminophen,quality_pass,0.7444833372103165
outer,nato_outer_o1__train_quality_pass__test_quality_pass,1,siamese,deterministic_edge_triplet,derivative_1,triplet,3141,session2_row273,acetaminophen,acetaminophen,-0.5221647620201111,True,True,Pendar-2,pSERS_Metrohm_silver,,,acetaminophen,quality_pass,0.528349534591027
outer,nato_outer_o1__train_quality_pass__test_quality_pass,1,siamese,deterministic_edge_triplet,derivative_1,triplet,3141,session2_row331,ethanol,ethanol,-0.0821671932935714,True,True,RMX-1,H_SERS_H_Kit,,,ethanol,quality_pass,0.7851361903742571
outer,nato_outer_o1__train_quality_pass__test_quality_pass,1,siamese,deterministic_edge_triplet,derivative_1,triplet,3141,session2_row332,ethanol,ethanol,-0.1126154065132141,True,True,Mira-2,H_SERS_H_Kit,,,ethanol,quality_pass,0.7710120016849551
outer,nato_outer_o1__train_quality_pass__test_quality_pass,1,siamese,deterministic_edge_triplet,derivative_1,triplet,3141,session2_row334,ethanol,ethanol,-0.0904494673013687,True,True,Agilent-3,H_SERS_H_Kit,,,ethanol,quality_pass,0.7813579108259309
outer,nato_outer_o1__train_quality_pass__test_quality_pass,1,siamese,deterministic_edge_triplet,derivative_1,triplet,3141,session2_row336,4_nitrophenol,4_nitrophenol,-0.0127902999520301,True,True,RMX-1,H_SERS_H_Kit,,,4_nitrophenol,quality_pass,0.814916396993822
outer,nato_outer_o1__train_quality_pass__test_quality_pass,1,siamese,deterministic_edge_triplet,derivative_1,triplet,3141,session2_row339,4_nitrophenol,4_nitrophenol,-0.1081514880061149,True,True,Mira-2,H_SERS_H_Kit,,,4_nitrophenol,quality_pass,0.7731228882879317
outer,nato_outer_o1__train_quality_pass__test_quality_pass,1,siamese,deterministic_edge_triplet,derivative_1,triplet,3141,session2_row340,4_nitrophenol,4_nitrophenol,-0.0235299952328205,True,True,Agilent-3,H_SERS_H_Kit,,,4_nitrophenol,quality_pass,0.8105240459852157
outer,nato_outer_o1__train_quality_pass__test_quality_pass,1,siamese,deterministic_edge_triplet,derivative_1,triplet,3141,session2_row343,ethanol,4_nitrophenol,-0.0179494172334671,True,False,RMX-1,NRC_Canadian_SERS,,,ethanol,quality_pass,0.8128163012283515
outer,nato_outer_o1__train_quality_pass__test_quality_pass,1,siamese,deterministic_edge_triplet,derivative_1,triplet,3141,session2_row345,ethanol,ethanol,-0.306152880191803,True,True,Mira-2,NRC_Canadian_SERS,,,ethanol,quality_pass,0.6668501577596718
outer,nato_outer_o1__train_quality_pass__test_quality_pass,1,siamese,deterministic_edge_triplet,derivative_1,triplet,3141,session2_row346,4_nitrophenol,ethyl_paraoxon,-0.3289205133914947,True,False,RMX-1,NRC_Canadian_SERS,,,4_nitrophenol,quality_pass,0.653122563817484
outer,nato_outer_o1__train_quality_pass__test_quality_pass,1,siamese,deterministic_edge_triplet,derivative_1,triplet,3141,session2_row349,4_nitrophenol,4_nitrophenol,-0.2379431277513504,True,True,Mira-2,NRC_Canadian_SERS,,,4_nitrophenol,quality_pass,0.7062544828973198
outer,nato_outer_o1__train_quality_pass__test_quality_pass,1,siamese,deterministic_edge_triplet,derivative_1,triplet,3141,session2_row353,ethanol,ethanol,-0.1663943082094192,True,True,Pendar-3,NRC_Canadian_SERS,,,ethanol,quality_pass,0.744506225615166
outer,nato_outer_o1__train_quality_pass__test_quality_pass,1,siamese,deterministic_edge_triplet,derivative_1,triplet,3141,session2_row357,4_nitrophenol,ethanol,-0.2908532917499542,True,False,Pendar-3,NRC_Canadian_SERS,,,4_nitrophenol,quality_pass,0.6759201618026504
outer,nato_outer_o1__train_quality_pass__test_quality_pass,1,siamese,deterministic_edge_triplet,derivative_1,triplet,3141,session2_row377,ethyl_paraoxon,4_nitrophenol,-0.119962178170681,True,False,RMX-1,H_SERS_H_Kit,,,ethyl_paraoxon,quality_pass,0.7675079092790298
outer,nato_outer_o1__train_quality_pass__test_quality_pass,1,siamese,deterministic_edge_triplet,derivative_1,triplet,3141,session2_row378,ethyl_paraoxon,4_nitrophenol,-0.1076278463006019,True,False,Pendar-3,H_SERS_H_Kit,,,ethyl_paraoxon,quality_pass,0.7733696035441168
outer,nato_outer_o1__train_quality_pass__test_quality_pass,1,siamese,deterministic_edge_triplet,derivative_1,triplet,3141,session2_row382,ethyl_paraoxon,4_nitrophenol,-0.1285004317760467,True,False,Mira-2,H_SERS_H_Kit,,,ethyl_paraoxon,quality_pass,0.7633887920871776
outer,nato_outer_o1__train_quality_pass__test_quality_pass,1,siamese,deterministic_edge_triplet,derivative_1,triplet,3141,session2_row385,ethyl_paraoxon,ethyl_paraoxon,-0.1424955278635025,True,True,Mira-2,NRC_Canadian_SERS,,,ethyl_paraoxon,quality_pass,0.7565288886134625
outer,nato_outer_o1__train_quality_pass__test_quality_pass,1,siamese,deterministic_edge_triplet,derivative_1,triplet,3141,session2_row387,ethyl_paraoxon,ethanol,-0.1546915918588638,True,False,Pendar-3,NRC_Canadian_SERS,,,ethyl_paraoxon,quality_pass,0.7504418011513636
outer,nato_outer_o1__train_quality_pass__test_quality_pass,1,siamese,deterministic_edge_triplet,derivative_1,triplet,3141,session2_row393,ethyl_paraoxon,4_nitrophenol,-0.2735354900360107,True,False,Mira-2,NRC_Canadian_SERS,,,ethyl_paraoxon,quality_pass,0.6860292289324195
outer,nato_outer_o1__train_quality_pass__test_quality_pass,1,siamese,deterministic_edge_triplet,derivative_1,triplet,3141,session2_row395,ethyl_paraoxon,4_nitrophenol,-0.2588372230529785,True,False,RMX-1,NRC_Canadian_SERS,,,ethyl_paraoxon,quality_pass,0.6944733051290842
outer,nato_outer_o1__train_quality_pass__test_quality_pass,1,siamese,deterministic_edge_triplet,derivative_1,triplet,3141,session3_row12,4_nitrophenol,ethanol,-0.2971305251121521,True,False,Pendar-2,H_SERS_H_Kit,,,4_nitrophenol,quality_pass,0.6722143317461062
outer,nato_outer_o1__train_quality_pass__test_quality_pass,1,siamese,deterministic_edge_triplet,derivative_1,triplet,3141,session3_row47,ethanol,ethanol,-0.0672354847192764,True,True,RMX-1,H_SERS_H_Kit,,,ethanol,quality_pass,0.7918274713539241
outer,nato_outer_o1__train_quality_pass__test_quality_pass,1,siamese,deterministic_edge_triplet,derivative_1,triplet,3141,session3_row49,ethanol,blank,-0.1478272229433059,True,False,Mira-2,H_SERS_H_Kit,,,ethanol,quality_pass,0.7538802701357622
outer,nato_outer_o1__train_quality_pass__test_quality_pass,1,siamese,deterministic_edge_triplet,derivative_1,triplet,3141,session3_row128,ethyl_paraoxon,4_nitrophenol,-0.2653047740459442,True,False,RMX-1,H_SERS_H_Kit,,,ethyl_paraoxon,quality_pass,0.6907733758221765
outer,nato_outer_o1__train_quality_pass__test_quality_pass,1,siamese,deterministic_edge_triplet,derivative_1,triplet,3141,session3_row129,ethyl_paraoxon,4_nitrophenol,-0.1915763914585113,True,False,Mira-2,H_SERS_H_Kit,,,ethyl_paraoxon,quality_pass,0.7314232377870106
outer,nato_outer_o1__train_quality_pass__test_quality_pass,1,siamese,deterministic_edge_triplet,derivative_1,triplet,3141,session3_row133,4_nitrophenol,4_nitrophenol,-0.0910768955945968,True,True,Mira-2,H_SERS_H_Kit,,,4_nitrophenol,quality_pass,0.7810697444225873
outer,nato_outer_o1__train_quality_pass__test_quality_pass,1,siamese,deterministic_edge_triplet,derivative_1,triplet,3141,session3_row134,4_nitrophenol,4_nitrophenol,-0.016474399715662,True,True,RMX-1,H_SERS_H_Kit,,,4_nitrophenol,quality_pass,0.8134185950525095
outer,nato_outer_o1__train_quality_pass__test_quality_pass,1,siamese,deterministic_edge_triplet,derivative_1,triplet,3141,session3_row142,ethyl_paraoxon,4_nitrophenol,-0.2110578417778015,True,False,RMX-1,H_SERS_H_Kit,,,ethyl_paraoxon,quality_pass,0.7210158643656105
outer,nato_outer_o1__train_quality_pass__test_quality_pass,1,siamese,deterministic_edge_triplet,derivative_1,triplet,3141,session3_row143,ethyl_paraoxon,4_nitrophenol,-0.1597986966371536,True,False,Mira-2,H_SERS_H_Kit,,,ethyl_paraoxon,quality_pass,0.7478628595651624
outer,nato_outer_o1__train_quality_pass__test_quality_pass,1,siamese,deterministic_edge_triplet,derivative_1,triplet,3141,session3_row206,benzyl_fentanyl,benzyl_fentanyl,-0.0847066417336463,True,True,Pendar-1,pSERS_Metrohm_silver,,,benzyl_fentanyl,quality_pass,0.7839827867160857
outer,nato_outer_o1__train_quality_pass__test_quality_pass,1,siamese,deterministic_edge_triplet,derivative_1,triplet,3141,session3_row226,benzyl_fentanyl,benzyl_fentanyl,-0.0927107334136962,True,True,Agilent-1,pSERS_Metrohm_silver,,,benzyl_fentanyl,quality_pass,0.780318070302841
outer,nato_outer_o1__train_quality_pass__test_quality_pass,1,siamese,deterministic_edge_triplet,derivative_1,triplet,3141,session3_row238,4_ANPP,blank,-0.4059497117996216,True,False,Mira-3,NRC_Canadian_SERS,,,4_ANPP,quality_pass,0.6048716010404763
outer,nato_outer_o1__train_quality_pass__test_quality_pass,1,siamese,deterministic_edge_triplet,derivative_1,triplet,3141,session3_row243,blank,acetaminophen,-0.5763697624206543,True,False,Mira-3,NRC_Canadian_SERS,,,blank,quality_pass,0.4919666238260073
outer,nato_outer_o1__train_quality_pass__test_quality_pass,1,siamese,deterministic_edge_triplet,derivative_1,triplet,3141,session3_row246,benzyl_fentanyl,benzyl_fentanyl,-0.5372599363327026,True,True,Mira-3,pSERS_Metrohm_silver,,,benzyl_fentanyl,quality_pass,0.518231193335251
outer,nato_outer_o1__train_quality_pass__test_quality_pass,1,siamese,deterministic_edge_triplet,derivative_1,triplet,3141,session3_row248,4_ANPP,4_ANPP,-0.1702415347099304,True,True,Mira-3,pSERS_Metrohm_silver,,,4_ANPP,quality_pass,0.7425347963512798
outer,nato_outer_o1__train_quality_pass__test_quality_pass,1,siamese,deterministic_edge_triplet,derivative_1,triplet,3141,session3_row249,benzyl_fentanyl,benzyl_fentanyl,-0.2586447298526764,True,True,Agilent-1,pSERS_Metrohm_silver,,,benzyl_fentanyl,quality_pass,0.6945830453733041
outer,nato_outer_o1__train_quality_pass__test_quality_pass,1,siamese,deterministic_edge_triplet,derivative_1,triplet,3141,session3_row250,blank,blank,-0.2971225678920746,True,True,Pendar-1,pSERS_Metrohm_silver,,,blank,quality_pass,0.672219043113849
outer,nato_outer_o1__train_quality_pass__test_quality_pass,1,siamese,deterministic_edge_triplet,derivative_1,triplet,3141,session3_row252,blank,blank,-0.3224333524703979,True,True,Mira-3,pSERS_Metrohm_silver,,,blank,quality_pass,0.6570612036280504
outer,nato_outer_o1__train_quality_pass__test_quality_pass,1,siamese,deterministic_edge_triplet,derivative_1,triplet,3141,session3_row253,4_ANPP,4_ANPP,-0.3036665320396423,True,True,Agilent-1,pSERS_Metrohm_silver,,,4_ANPP,quality_pass,0.6683327913720567
outer,nato_outer_o1__train_quality_pass__test_quality_pass,1,siamese,deterministic_edge_triplet,derivative_1,triplet,3141,session3_row254,4_ANPP,4_ANPP,-0.3117611706256866,True,True,Pendar-1,pSERS_Metrohm_silver,,,4_ANPP,quality_pass,0.6634937630533818
outer,nato_outer_o1__train_quality_pass__test_quality_pass,1,siamese,deterministic_edge_triplet,derivative_1,triplet,3141,session3_row255,4_ANPP,benzyl_fentanyl,-0.489662617444992,True,False,Mira-3,pSERS_Metrohm_silver,,,4_ANPP,quality_pass,0.5500462446596367
outer,nato_outer_o1__train_quality_pass__test_quality_pass,1,siamese,deterministic_edge_triplet,derivative_1,triplet,3141,session3_row258,4_ANPP,ethanol,-0.3333665430545807,True,False,Mira-3,pSERS_Metrohm_silver,,,4_ANPP,quality_pass,0.6504109824792977
outer,nato_outer_o1__train_quality_pass__test_quality_pass,1,siamese,deterministic_edge_triplet,derivative_1,triplet,3141,session3_row271,blank,blank,-0.1206323429942131,True,True,Agilent-1,pSERS_Metrohm_silver,,,blank,quality_pass,0.7671864164253666
outer,nato_outer_o1__train_quality_pass__test_quality_pass,1,siamese,deterministic_edge_triplet,derivative_1,triplet,3141,session3_row300,benzyl_fentanyl,blank,-0.4778433442115783,True,False,Mira-3,NRC_Canadian_SERS,,,benzyl_fentanyl,quality_pass,0.5578935611312098
outer,nato_outer_o1__train_quality_pass__test_quality_pass,1,siamese,deterministic_edge_triplet,derivative_1,triplet,3141,session3_row305,blank,acetaminophen,-0.227300614118576,True,False,Pendar-1,NRC_Canadian_SERS,,,blank,quality_pass,0.7121521822170335
outer,nato_outer_o1__train_quality_pass__test_quality_pass,1,siamese,deterministic_edge_triplet,derivative_1,triplet,3141,session3_row310,benzyl_fentanyl,blank,-0.2509337663650512,True,False,Mira-3,NRC_Canadian_SERS,,,benzyl_fentanyl,quality_pass,0.6989608110509664
outer,nato_outer_o1__train_quality_pass__test_quality_pass,1,siamese,deterministic_edge_triplet,derivative_1,triplet,3141,session3_row313,blank,acetaminophen,-0.213375061750412,True,False,Mira-3,NRC_Canadian_SERS,,,blank,quality_pass,0.7197616326533177
outer,nato_outer_o1__train_quality_pass__test_quality_pass,1,siamese,deterministic_edge_triplet,derivative_1,triplet,3141,session3_row314,4_ANPP,4_ANPP,-0.2352384030818939,True,True,Agilent-1,NRC_Canadian_SERS,,,4_ANPP,quality_pass,0.7077600238796653
outer,nato_outer_o1__train_quality_pass__test_quality_pass,1,siamese,deterministic_edge_triplet,derivative_1,triplet,3141,session3_row328,benzyl_fentanyl,benzyl_fentanyl,-0.3415543437004089,True,True,Pendar-1,pSERS_Metrohm_silver,,,benzyl_fentanyl,quality_pass,0.6453918988814467
outer,nato_outer_o1__train_quality_pass__test_quality_pass,1,siamese,deterministic_edge_triplet,derivative_1,triplet,3141,session3_row329,4_ANPP,4_ANPP,-0.2446614354848861,True,True,Pendar-1,pSERS_Metrohm_silver,,,4_ANPP,quality_pass,0.7024953286780707
outer,nato_outer_o1__train_quality_pass__test_quality_pass,1,siamese,deterministic_edge_triplet,derivative_1,triplet,3141,session3_row335,blank,acetaminophen,-0.309292197227478,True,False,Pendar-1,pSERS_Metrohm_silver,,,blank,quality_pass,0.6649734282748648
outer,nato_outer_o1__train_quality_pass__test_quality_pass,1,siamese,deterministic_edge_triplet,derivative_1,triplet,3141,session3_row336,benzyl_fentanyl,blank,-0.4795868694782257,True,False,Agilent-1,NRC_Canadian_SERS,,,benzyl_fentanyl,quality_pass,0.5567376805770752
outer,nato_outer_o1__train_quality_pass__test_quality_pass,1,siamese,deterministic_edge_triplet,derivative_1,triplet,3141,session3_row337,benzyl_fentanyl,benzyl_fentanyl,-0.4956541359424591,True,True,Agilent-1,NRC_Canadian_SERS,,,benzyl_fentanyl,quality_pass,0.5460584372349666
outer,nato_outer_o1__train_quality_pass__test_quality_pass,1,siamese,deterministic_edge_triplet,derivative_1,triplet,3141,session3_row345,4_ANPP,4_ANPP,-0.1984828263521194,True,True,Pendar-1,pSERS_Metrohm_silver,,,4_ANPP,quality_pass,0.7277619206053573
outer,nato_outer_o1__train_quality_pass__test_quality_pass,1,siamese,deterministic_edge_triplet,derivative_1,triplet,3141,session3_row399,acetaminophen,ethanol,-0.133145660161972,True,False,Pendar-3,pSERS_Metrohm_silver,,,acetaminophen,quality_pass,0.7611267420950218
outer,nato_outer_o1__train_quality_pass__test_quality_pass,1,siamese,deterministic_edge_triplet,derivative_1,triplet,3141,session3_row400,acetaminophen,acetaminophen,-0.2938806712627411,True,True,RMX-2,pSERS_Metrohm_silver,,,acetaminophen,quality_pass,0.6741356338484242
outer,nato_outer_o1__train_quality_pass__test_quality_pass,1,siamese,deterministic_edge_triplet,derivative_1,triplet,3141,session3_row413,acetaminophen,4_ANPP,-0.3102211952209472,True,False,Mira-1,pSERS_Metrohm_silver,,,acetaminophen,quality_pass,0.6644170547026162
outer,nato_outer_o1__train_quality_pass__test_quality_pass,1,siamese,deterministic_edge_triplet,derivative_1,triplet,3141,session3_row414,acetaminophen,4_ANPP,-0.2592669129371643,True,False,Agilent-3,pSERS_Metrohm_silver,,,acetaminophen,quality_pass,0.6942282595708327
outer,nato_outer_o1__train_quality_pass__test_field_quality_stress,1,siamese,deterministic_edge_triplet,derivative_1,triplet,1729,session1_row56,blank,blank,-0.2838894724845886,True,True,Pendar-2,pSERS_Metrohm_silver,,,blank,field_quality_stress,0.37361934267761726
outer,nato_outer_o1__train_quality_pass__test_field_quality_stress,1,siamese,deterministic_edge_triplet,derivative_1,triplet,1729,session1_row58,blank,acetaminophen,-0.2683351337909698,True,False,Pendar-2,pSERS_Metrohm_silver,,,blank,field_quality_stress,0.37666487575332597
outer,nato_outer_o1__train_quality_pass__test_field_quality_stress,1,siamese,deterministic_edge_triplet,derivative_1,triplet,1729,session1_row132,acetaminophen,acetaminophen,-0.3339195251464844,True,True,Pendar-3,pSERS_Metrohm_silver,,,acetaminophen,field_quality_stress,0.36389221421960005
outer,nato_outer_o1__train_quality_pass__test_field_quality_stress,1,siamese,deterministic_edge_triplet,derivative_1,triplet,1729,session1_row135,acetaminophen,acetaminophen,-0.3141006827354431,True,True,Pendar-3,NRC_Canadian_SERS,,,acetaminophen,field_quality_stress,0.3677327160673617
outer,nato_outer_o1__train_quality_pass__test_field_quality_stress,1,siamese,deterministic_edge_triplet,derivative_1,triplet,1729,session1_row182,4_nitrophenol,acetaminophen,-0.3987425565719604,True,False,Pendar-2,H_SERS_H_Kit,,,4_nitrophenol,field_quality_stress,0.3514535102496363
outer,nato_outer_o1__train_quality_pass__test_field_quality_stress,1,siamese,deterministic_edge_triplet,derivative_1,triplet,1729,session1_row194,ethanol,ethanol,-0.2669311165809631,True,True,Pendar-2,H_SERS_H_Kit,,,ethanol,field_quality_stress,0.37694026592357455
outer,nato_outer_o1__train_quality_pass__test_field_quality_stress,1,siamese,deterministic_edge_triplet,derivative_1,triplet,1729,session1_row213,ethyl_paraoxon,ethyl_paraoxon,-0.5264720320701599,True,True,Pendar-2,H_SERS_H_Kit,,,ethyl_paraoxon,field_quality_stress,0.3275367476779054
outer,nato_outer_o1__train_quality_pass__test_field_quality_stress,1,siamese,deterministic_edge_triplet,derivative_1,triplet,1729,session2_row38,4_ANPP,4_ANPP,-0.3990823030471802,True,True,Pendar-3,pSERS_Metrohm_silver,,,4_ANPP,field_quality_stress,0.3513888284409727
outer,nato_outer_o1__train_quality_pass__test_field_quality_stress,1,siamese,deterministic_edge_triplet,derivative_1,triplet,1729,session2_row49,blank,acetaminophen,-0.2345507740974426,True,False,Pendar-3,pSERS_Metrohm_silver,,,blank,field_quality_stress,0.38331323061753597
outer,nato_outer_o1__train_quality_pass__test_field_quality_stress,1,siamese,deterministic_edge_triplet,derivative_1,triplet,1729,session2_row166,acetaminophen,blank,-0.3077011406421661,True,False,Pendar-2,pSERS_Metrohm_silver,,,acetaminophen,field_quality_stress,0.3689764415146456
outer,nato_outer_o1__train_quality_pass__test_field_quality_stress,1,siamese,deterministic_edge_triplet,derivative_1,triplet,1729,session3_row10,ethanol,blank,-0.2398525476455688,True,False,Pendar-2,H_SERS_H_Kit,,,ethanol,field_quality_stress,0.3822669430858457
outer,nato_outer_o1__train_quality_pass__test_field_quality_stress,1,siamese,deterministic_edge_triplet,derivative_1,triplet,1729,session3_row14,ethanol,blank,-0.2436847388744354,True,False,Pendar-2,H_SERS_H_Kit,,,ethanol,field_quality_stress,0.3815113512488442
outer,nato_outer_o1__train_quality_pass__test_field_quality_stress,1,siamese,deterministic_edge_triplet,derivative_1,triplet,1729,session3_row60,ethyl_paraoxon,ethanol,-0.3163698315620422,True,False,Pendar-2,H_SERS_H_Kit,,,ethyl_paraoxon,field_quality_stress,0.367292137389964
outer,nato_outer_o1__train_quality_pass__test_field_quality_stress,1,siamese,deterministic_edge_triplet,derivative_1,triplet,1729,session3_row229,blank,benzyl_fentanyl,-0.3559973537921905,True,False,Pendar-1,NRC_Canadian_SERS,,,blank,field_quality_stress,0.3596343153211883
outer,nato_outer_o1__train_quality_pass__test_field_quality_stress,1,siamese,deterministic_edge_triplet,derivative_1,triplet,1729,session3_row232,4_ANPP,acetaminophen,-0.5026972889900208,True,False,Pendar-1,NRC_Canadian_SERS,,,4_ANPP,field_quality_stress,0.33192565670865354
outer,nato_outer_o1__train_quality_pass__test_field_quality_stress,1,siamese,deterministic_edge_triplet,derivative_1,triplet,2718,session1_row56,blank,ethyl_paraoxon,-0.2174408137798309,True,False,Pendar-2,pSERS_Metrohm_silver,,,blank,field_quality_stress,0.3496837722228097
outer,nato_outer_o1__train_quality_pass__test_field_quality_stress,1,siamese,deterministic_edge_triplet,derivative_1,triplet,2718,session1_row58,blank,blank,-0.0559995286166667,True,True,Pendar-2,pSERS_Metrohm_silver,,,blank,field_quality_stress,0.3762850426156254
outer,nato_outer_o1__train_quality_pass__test_field_quality_stress,1,siamese,deterministic_edge_triplet,derivative_1,triplet,2718,session1_row132,acetaminophen,acetaminophen,-0.2835100293159485,True,True,Pendar-3,pSERS_Metrohm_silver,,,acetaminophen,field_quality_stress,0.33905085789586575
outer,nato_outer_o1__train_quality_pass__test_field_quality_stress,1,siamese,deterministic_edge_triplet,derivative_1,triplet,2718,session1_row135,acetaminophen,acetaminophen,-0.1494023650884628,True,True,Pendar-3,NRC_Canadian_SERS,,,acetaminophen,field_quality_stress,0.3607919568453604
outer,nato_outer_o1__train_quality_pass__test_field_quality_stress,1,siamese,deterministic_edge_triplet,derivative_1,triplet,2718,session1_row182,4_nitrophenol,acetaminophen,-0.1863518357276916,True,False,Pendar-2,H_SERS_H_Kit,,,4_nitrophenol,field_quality_stress,0.3547400903697171
outer,nato_outer_o1__train_quality_pass__test_field_quality_stress,1,siamese,deterministic_edge_triplet,derivative_1,triplet,2718,session1_row194,ethanol,blank,-0.2822827696800232,True,False,Pendar-2,H_SERS_H_Kit,,,ethanol,field_quality_stress,0.3392469350592264
outer,nato_outer_o1__train_quality_pass__test_field_quality_stress,1,siamese,deterministic_edge_triplet,derivative_1,triplet,2718,session1_row213,ethyl_paraoxon,blank,-0.1056781187653541,True,False,Pendar-2,H_SERS_H_Kit,,,ethyl_paraoxon,field_quality_stress,0.3680108584393844
outer,nato_outer_o1__train_quality_pass__test_field_quality_stress,1,siamese,deterministic_edge_triplet,derivative_1,triplet,2718,session2_row38,4_ANPP,4_ANPP,-0.2770083546638489,True,True,Pendar-3,pSERS_Metrohm_silver,,,4_ANPP,field_quality_stress,0.3400902465588618
outer,nato_outer_o1__train_quality_pass__test_field_quality_stress,1,siamese,deterministic_edge_triplet,derivative_1,triplet,2718,session2_row49,blank,acetaminophen,-0.0766539052128791,True,False,Pendar-3,pSERS_Metrohm_silver,,,blank,field_quality_stress,0.3728358807984472
outer,nato_outer_o1__train_quality_pass__test_field_quality_stress,1,siamese,deterministic_edge_triplet,derivative_1,triplet,2718,session2_row166,acetaminophen,blank,-0.2204516530036926,True,False,Pendar-2,pSERS_Metrohm_silver,,,acetaminophen,field_quality_stress,0.34919585749762455
outer,nato_outer_o1__train_quality_pass__test_field_quality_stress,1,siamese,deterministic_edge_triplet,derivative_1,triplet,2718,session3_row10,ethanol,acetaminophen,-0.112547181546688,True,False,Pendar-2,H_SERS_H_Kit,,,ethanol,field_quality_stress,0.36687275215489146
outer,nato_outer_o1__train_quality_pass__test_field_quality_stress,1,siamese,deterministic_edge_triplet,derivative_1,triplet,2718,session3_row14,ethanol,acetaminophen,-0.2518354654312134,True,False,Pendar-2,H_SERS_H_Kit,,,ethanol,field_quality_stress,0.3441289749061259
outer,nato_outer_o1__train_quality_pass__test_field_quality_stress,1,siamese,deterministic_edge_triplet,derivative_1,triplet,2718,session3_row60,ethyl_paraoxon,4_nitrophenol,-0.0764293298125267,True,False,Pendar-2,H_SERS_H_Kit,,,ethyl_paraoxon,field_quality_stress,0.3728733148189425
outer,nato_outer_o1__train_quality_pass__test_field_quality_stress,1,siamese,deterministic_edge_triplet,derivative_1,triplet,2718,session3_row229,blank,blank,-0.4362238347530365,True,True,Pendar-1,NRC_Canadian_SERS,,,blank,field_quality_stress,0.31509878793087476
outer,nato_outer_o1__train_quality_pass__test_field_quality_stress,1,siamese,deterministic_edge_triplet,derivative_1,triplet,2718,session3_row232,4_ANPP,4_ANPP,-0.2725878059864044,True,True,Pendar-1,NRC_Canadian_SERS,,,4_ANPP,field_quality_stress,0.3407978174949048
outer,nato_outer_o1__train_quality_pass__test_field_quality_stress,1,siamese,deterministic_edge_triplet,derivative_1,triplet,3141,session1_row56,blank,ethanol,-0.2556113004684448,True,False,Pendar-2,pSERS_Metrohm_silver,,,blank,field_quality_stress,0.32492355106571197
outer,nato_outer_o1__train_quality_pass__test_field_quality_stress,1,siamese,deterministic_edge_triplet,derivative_1,triplet,3141,session1_row58,blank,ethanol,-0.1985330581665039,True,False,Pendar-2,pSERS_Metrohm_silver,,,blank,field_quality_stress,0.3283337726171093
outer,nato_outer_o1__train_quality_pass__test_field_quality_stress,1,siamese,deterministic_edge_triplet,derivative_1,triplet,3141,session1_row132,acetaminophen,acetaminophen,-0.5391603112220764,True,True,Pendar-3,pSERS_Metrohm_silver,,,acetaminophen,field_quality_stress,0.3082610930238125
outer,nato_outer_o1__train_quality_pass__test_field_quality_stress,1,siamese,deterministic_edge_triplet,derivative_1,triplet,3141,session1_row135,acetaminophen,acetaminophen,-0.3488042056560516,True,True,Pendar-3,NRC_Canadian_SERS,,,acetaminophen,field_quality_stress,0.3193954071823192
outer,nato_outer_o1__train_quality_pass__test_field_quality_stress,1,siamese,deterministic_edge_triplet,derivative_1,triplet,3141,session1_row182,4_nitrophenol,acetaminophen,-0.3610377013683319,True,False,Pendar-2,H_SERS_H_Kit,,,4_nitrophenol,field_quality_stress,0.3186734371301771
outer,nato_outer_o1__train_quality_pass__test_field_quality_stress,1,siamese,deterministic_edge_triplet,derivative_1,triplet,3141,session1_row194,ethanol,ethanol,-0.1981754153966903,True,True,Pendar-2,H_SERS_H_Kit,,,ethanol,field_quality_stress,0.32835519815857533
outer,nato_outer_o1__train_quality_pass__test_field_quality_stress,1,siamese,deterministic_edge_triplet,derivative_1,triplet,3141,session1_row213,ethyl_paraoxon,acetaminophen,-0.2512352764606476,True,False,Pendar-2,H_SERS_H_Kit,,,ethyl_paraoxon,field_quality_stress,0.3251843526545699
outer,nato_outer_o1__train_quality_pass__test_field_quality_stress,1,siamese,deterministic_edge_triplet,derivative_1,triplet,3141,session2_row38,4_ANPP,4_ANPP,-0.1075307056307792,True,True,Pendar-3,pSERS_Metrohm_silver,,,4_ANPP,field_quality_stress,0.333808373403241
outer,nato_outer_o1__train_quality_pass__test_field_quality_stress,1,siamese,deterministic_edge_triplet,derivative_1,triplet,3141,session2_row49,blank,acetaminophen,-0.1033766344189643,True,False,Pendar-3,pSERS_Metrohm_silver,,,blank,field_quality_stress,0.3340593641940199
outer,nato_outer_o1__train_quality_pass__test_field_quality_stress,1,siamese,deterministic_edge_triplet,derivative_1,triplet,3141,session2_row166,acetaminophen,ethanol,-0.081610232591629,True,False,Pendar-2,pSERS_Metrohm_silver,,,acetaminophen,field_quality_stress,0.33537603411615124
outer,nato_outer_o1__train_quality_pass__test_field_quality_stress,1,siamese,deterministic_edge_triplet,derivative_1,triplet,3141,session3_row10,ethanol,ethanol,-0.1335858851671219,True,True,Pendar-2,H_SERS_H_Kit,,,ethanol,field_quality_stress,0.3322362589854426
outer,nato_outer_o1__train_quality_pass__test_field_quality_stress,1,siamese,deterministic_edge_triplet,derivative_1,triplet,3141,session3_row14,ethanol,ethanol,-0.2929988503456116,True,True,Pendar-2,H_SERS_H_Kit,,,ethanol,field_quality_stress,0.32269977049794185
outer,nato_outer_o1__train_quality_pass__test_field_quality_stress,1,siamese,deterministic_edge_triplet,derivative_1,triplet,3141,session3_row60,ethyl_paraoxon,ethanol,-0.2017734199762344,True,False,Pendar-2,H_SERS_H_Kit,,,ethyl_paraoxon,field_quality_stress,0.32813968270169913
outer,nato_outer_o1__train_quality_pass__test_field_quality_stress,1,siamese,deterministic_edge_triplet,derivative_1,triplet,3141,session3_row229,blank,benzyl_fentanyl,-0.5287656188011169,True,False,Pendar-1,NRC_Canadian_SERS,,,blank,field_quality_stress,0.30886353262563704
outer,nato_outer_o1__train_quality_pass__test_field_quality_stress,1,siamese,deterministic_edge_triplet,derivative_1,triplet,3141,session3_row232,4_ANPP,acetaminophen,-0.5684307813644409,True,False,Pendar-1,NRC_Canadian_SERS,,,4_ANPP,field_quality_stress,0.30656818731318186
outer,nato_outer_o2__train_strict_core__test_strict_core,2,siamese,deterministic_edge_triplet,derivative_1,triplet,1729,session1_row14,benzyl_fentanyl,benzyl_fentanyl,-0.2205629795789718,True,True,Mira-3,pSERS_Metrohm_silver,,,benzyl_fentanyl,strict_core,0.7139773487011778
outer,nato_outer_o2__train_strict_core__test_strict_core,2,siamese,deterministic_edge_triplet,derivative_1,triplet,1729,session1_row16,blank,blank,-0.1832877546548843,True,True,Mira-3,pSERS_Metrohm_silver,,,blank,strict_core,0.7360354361210975
outer,nato_outer_o2__train_strict_core__test_strict_core,2,siamese,deterministic_edge_triplet,derivative_1,triplet,1729,session1_row17,blank,blank,-0.0438791364431381,True,True,Mira-3,pSERS_Metrohm_silver,,,blank,strict_core,0.8083642462491535
outer,nato_outer_o2__train_strict_core__test_strict_core,2,siamese,deterministic_edge_triplet,derivative_1,triplet,1729,session1_row20,blank,acetaminophen,-0.18169566988945,True,False,Agilent-3,pSERS_Metrohm_silver,,,blank,strict_core,0.7369528952078563
outer,nato_outer_o2__train_strict_core__test_strict_core,2,siamese,deterministic_edge_triplet,derivative_1,triplet,1729,session1_row21,benzyl_fentanyl,benzyl_fentanyl,-0.1428985446691513,True,True,Agilent-3,pSERS_Metrohm_silver,,,benzyl_fentanyl,strict_core,0.7586684378566986
outer,nato_outer_o2__train_strict_core__test_strict_core,2,siamese,deterministic_edge_triplet,derivative_1,triplet,1729,session1_row46,blank,blank,-0.2416903227567672,True,True,Mira-3,pSERS_Metrohm_silver,,,blank,strict_core,0.7009961120769875
outer,nato_outer_o2__train_strict_core__test_strict_core,2,siamese,deterministic_edge_triplet,derivative_1,triplet,1729,session1_row48,blank,blank,-0.2463612705469131,True,True,Mira-3,pSERS_Metrohm_silver,,,blank,strict_core,0.6980809400815745
outer,nato_outer_o2__train_strict_core__test_strict_core,2,siamese,deterministic_edge_triplet,derivative_1,triplet,1729,session1_row63,blank,blank,-0.2403026223182678,True,True,Pendar-2,pSERS_Metrohm_silver,,,blank,strict_core,0.70185906941491
outer,nato_outer_o2__train_strict_core__test_strict_core,2,siamese,deterministic_edge_triplet,derivative_1,triplet,1729,session1_row72,acetaminophen,blank,-0.0971845388412475,True,False,Pendar-3,pSERS_Metrohm_silver,,,acetaminophen,strict_core,0.7826427354111603
outer,nato_outer_o2__train_strict_core__test_strict_core,2,siamese,deterministic_edge_triplet,derivative_1,triplet,1729,session1_row74,acetaminophen,blank,-0.1238967552781105,True,False,Mira-2,pSERS_Metrohm_silver,,,acetaminophen,strict_core,0.7688476875214456
outer,nato_outer_o2__train_strict_core__test_strict_core,2,siamese,deterministic_edge_triplet,derivative_1,triplet,1729,session1_row75,acetaminophen,blank,-0.1332868039608001,True,False,RMX-2,pSERS_Metrohm_silver,,,acetaminophen,strict_core,0.7638553131870187
outer,nato_outer_o2__train_strict_core__test_strict_core,2,siamese,deterministic_edge_triplet,derivative_1,triplet,1729,session1_row76,acetaminophen,blank,-0.1143614575266838,True,False,RMX-2,pSERS_Metrohm_silver,,,acetaminophen,strict_core,0.7738412671360824
outer,nato_outer_o2__train_strict_core__test_strict_core,2,siamese,deterministic_edge_triplet,derivative_1,triplet,1729,session1_row77,acetaminophen,acetaminophen,-0.3660572469234466,True,True,RMX-2,pSERS_Metrohm_silver,,,acetaminophen,strict_core,0.6183986663094364
outer,nato_outer_o2__train_strict_core__test_strict_core,2,siamese,deterministic_edge_triplet,derivative_1,triplet,1729,session1_row78,acetaminophen,ethanol,-0.2845691740512848,True,False,RMX-2,pSERS_Metrohm_silver,,,acetaminophen,strict_core,0.6736463082486225
outer,nato_outer_o2__train_strict_core__test_strict_core,2,siamese,deterministic_edge_triplet,derivative_1,triplet,1729,session1_row79,acetaminophen,ethyl_paraoxon,-0.1590656489133834,True,False,RMX-2,pSERS_Metrohm_silver,,,acetaminophen,strict_core,0.7497702432636024
outer,nato_outer_o2__train_strict_core__test_strict_core,2,siamese,deterministic_edge_triplet,derivative_1,triplet,1729,session1_row80,acetaminophen,acetaminophen,-0.1610033214092254,True,True,RMX-2,pSERS_Metrohm_silver,,,acetaminophen,strict_core,0.748689227051484
outer,nato_outer_o2__train_strict_core__test_strict_core,2,siamese,deterministic_edge_triplet,derivative_1,triplet,1729,session1_row82,acetaminophen,4_ANPP,-0.3229188919067383,True,False,Pendar-3,NRC_Canadian_SERS,,,acetaminophen,strict_core,0.6481346187482218
outer,nato_outer_o2__train_strict_core__test_strict_core,2,siamese,deterministic_edge_triplet,derivative_1,triplet,1729,session1_row85,acetaminophen,acetaminophen,-0.1589902490377426,True,True,RMX-2,NRC_Canadian_SERS,,,acetaminophen,strict_core,0.7498122457314212
outer,nato_outer_o2__train_strict_core__test_strict_core,2,siamese,deterministic_edge_triplet,derivative_1,triplet,1729,session1_row87,acetaminophen,ethanol,-0.414885014295578,True,False,Mira-2,NRC_Canadian_SERS,,,acetaminophen,strict_core,0.5836487767806614
outer,nato_outer_o2__train_strict_core__test_strict_core,2,siamese,deterministic_edge_triplet,derivative_1,triplet,1729,session1_row96,4_ANPP,4_ANPP,-0.0634272173047065,True,True,RMX-2,pSERS_Metrohm_silver,,,4_ANPP,strict_core,0.7992111337731659
outer,nato_outer_o2__train_strict_core__test_strict_core,2,siamese,deterministic_edge_triplet,derivative_1,triplet,1729,session1_row97,4_ANPP,4_ANPP,-0.2050076723098755,True,True,Pendar-3,NRC_Canadian_SERS,,,4_ANPP,strict_core,0.7233158476528748
outer,nato_outer_o2__train_strict_core__test_strict_core,2,siamese,deterministic_edge_triplet,derivative_1,triplet,1729,session1_row98,4_ANPP,acetaminophen,-0.1385282576084137,True,False,Pendar-3,pSERS_Metrohm_silver,,,4_ANPP,strict_core,0.7610364066806176
outer,nato_outer_o2__train_strict_core__test_strict_core,2,siamese,deterministic_edge_triplet,derivative_1,triplet,1729,session1_row99,4_ANPP,4_ANPP,-0.0383444018661975,True,True,Pendar-3,pSERS_Metrohm_silver,,,4_ANPP,strict_core,0.8108972547508786
outer,nato_outer_o2__train_strict_core__test_strict_core,2,siamese,deterministic_edge_triplet,derivative_1,triplet,1729,session1_row106,benzyl_fentanyl,benzyl_fentanyl,-0.31589475274086,True,True,Pendar-3,NRC_Canadian_SERS,,,benzyl_fentanyl,strict_core,0.6528763914116552
outer,nato_outer_o2__train_strict_core__test_strict_core,2,siamese,deterministic_edge_triplet,derivative_1,triplet,1729,session1_row108,benzyl_fentanyl,ethanol,-0.1231329888105392,True,False,Mira-2,NRC_Canadian_SERS,,,benzyl_fentanyl,strict_core,0.7692504931695756
outer,nato_outer_o2__train_strict_core__test_strict_core,2,siamese,deterministic_edge_triplet,derivative_1,triplet,1729,session1_row112,benzyl_fentanyl,acetaminophen,-0.1211239099502563,True,False,RMX-2,NRC_Canadian_SERS,,,benzyl_fentanyl,strict_core,0.7703077208997678
outer,nato_outer_o2__train_strict_core__test_strict_core,2,siamese,deterministic_edge_triplet,derivative_1,triplet,1729,session1_row125,4_ANPP,acetaminophen,-0.2523086071014404,True,False,Pendar-3,NRC_Canadian_SERS,,,4_ANPP,strict_core,0.6943459396126288
outer,nato_outer_o2__train_strict_core__test_strict_core,2,siamese,deterministic_edge_triplet,derivative_1,triplet,1729,session1_row128,4_ANPP,4_ANPP,-0.1771599948406219,True,True,Pendar-3,pSERS_Metrohm_silver,,,4_ANPP,strict_core,0.7395553680507452
outer,nato_outer_o2__train_strict_core__test_strict_core,2,siamese,deterministic_edge_triplet,derivative_1,triplet,1729,session1_row130,4_ANPP,4_ANPP,-0.0866399705410003,True,True,RMX-2,pSERS_Metrohm_silver,,,4_ANPP,strict_core,0.7879219121690986
outer,nato_outer_o2__train_strict_core__test_strict_core,2,siamese,deterministic_edge_triplet,derivative_1,triplet,1729,session1_row131,4_ANPP,4_ANPP,-0.1898395866155624,True,True,RMX-2,NRC_Canadian_SERS,,,4_ANPP,strict_core,0.7322383231034751
outer,nato_outer_o2__train_strict_core__test_strict_core,2,siamese,deterministic_edge_triplet,derivative_1,triplet,1729,session1_row211,4_nitrophenol,4_nitrophenol,-0.1394240856170654,True,True,Pendar-2,H_SERS_H_Kit,,,4_nitrophenol,strict_core,0.7605523184450775
outer,nato_outer_o2__train_strict_core__test_strict_core,2,siamese,deterministic_edge_triplet,derivative_1,triplet,1729,session1_row215,4_nitrophenol,4_nitrophenol,-0.0444141812622547,True,True,RMX-1,H_SERS_H_Kit,,,4_nitrophenol,strict_core,0.8081180123536466
outer,nato_outer_o2__train_strict_core__test_strict_core,2,siamese,deterministic_edge_triplet,derivative_1,triplet,1729,session1_row235,4_nitrophenol,4_nitrophenol,-0.0444141812622547,True,True,Mira-2,H_SERS_H_Kit,,,4_nitrophenol,strict_core,0.8081180123536466
outer,nato_outer_o2__train_strict_core__test_strict_core,2,siamese,deterministic_edge_triplet,derivative_1,triplet,1729,session1_row248,4_nitrophenol,4_nitrophenol,-0.0717157050967216,True,True,Pendar-2,GaN_polymer,,,4_nitrophenol,strict_core,0.7952325760324838
outer,nato_outer_o2__train_strict_core__test_strict_core,2,siamese,deterministic_edge_triplet,derivative_1,triplet,1729,session1_row249,4_nitrophenol,acetaminophen,-0.0910020843148231,True,False,Pendar-2,GaN_polymer,,,4_nitrophenol,strict_core,0.7857494418766711
outer,nato_outer_o2__train_strict_core__test_strict_core,2,siamese,deterministic_edge_triplet,derivative_1,triplet,1729,session1_row255,ethanol,ethanol,-0.1898921877145767,True,True,Mira-2,H_SERS_H_Kit,,,ethanol,strict_core,0.7322076983390745
outer,nato_outer_o2__train_strict_core__test_strict_core,2,siamese,deterministic_edge_triplet,derivative_1,triplet,1729,session1_row256,ethanol,ethyl_paraoxon,-0.1952182948589325,True,False,Mira-2,H_SERS_H_Kit,,,ethanol,strict_core,0.7290953203554411
outer,nato_outer_o2__train_strict_core__test_strict_core,2,siamese,deterministic_edge_triplet,derivative_1,triplet,1729,session1_row259,ethanol,blank,-0.2760672867298126,True,False,Pendar-2,H_SERS_H_Kit,,,ethanol,strict_core,0.6791718452882035
outer,nato_outer_o2__train_strict_core__test_strict_core,2,siamese,deterministic_edge_triplet,derivative_1,triplet,1729,session1_row260,ethanol,blank,-0.2180517464876175,True,False,Pendar-2,H_SERS_H_Kit,,,ethanol,strict_core,0.715497681952992
outer,nato_outer_o2__train_strict_core__test_strict_core,2,siamese,deterministic_edge_triplet,derivative_1,triplet,1729,session2_row17,blank,ethyl_paraoxon,-0.1580267250537872,True,False,Pendar-3,pSERS_Metrohm_silver,,,blank,strict_core,0.7503485754143158
outer,nato_outer_o2__train_strict_core__test_strict_core,2,siamese,deterministic_edge_triplet,derivative_1,triplet,1729,session2_row30,benzyl_fentanyl,benzyl_fentanyl,-0.0770807787775993,True,True,Mira-3,pSERS_Metrohm_silver,,,benzyl_fentanyl,strict_core,0.7926262410562449
outer,nato_outer_o2__train_strict_core__test_strict_core,2,siamese,deterministic_edge_triplet,derivative_1,triplet,1729,session2_row34,benzyl_fentanyl,benzyl_fentanyl,-0.2152214795351028,True,True,Pendar-3,pSERS_Metrohm_silver,,,benzyl_fentanyl,strict_core,0.7172053143335553
outer,nato_outer_o2__train_strict_core__test_strict_core,2,siamese,deterministic_edge_triplet,derivative_1,triplet,1729,session2_row43,blank,blank,-0.1541717797517776,True,True,Pendar-3,pSERS_Metrohm_silver,,,blank,strict_core,0.7524866810274307
outer,nato_outer_o2__train_strict_core__test_strict_core,2,siamese,deterministic_edge_triplet,derivative_1,triplet,1729,session2_row44,blank,ethyl_paraoxon,-0.2202985882759094,True,False,Mira-3,pSERS_Metrohm_silver,,,blank,strict_core,0.7141376438453361
outer,nato_outer_o2__train_strict_core__test_strict_core,2,siamese,deterministic_edge_triplet,derivative_1,triplet,1729,session2_row107,blank,blank,-0.0775489136576652,True,True,Agilent-3,pSERS_Metrohm_silver,,,blank,strict_core,0.7923976647653505
outer,nato_outer_o2__train_strict_core__test_strict_core,2,siamese,deterministic_edge_triplet,derivative_1,triplet,1729,session2_row108,benzyl_fentanyl,benzyl_fentanyl,-0.0504798293113708,True,True,Agilent-3,pSERS_Metrohm_silver,,,benzyl_fentanyl,strict_core,0.8053096538452902
outer,nato_outer_o2__train_strict_core__test_strict_core,2,siamese,deterministic_edge_triplet,derivative_1,triplet,1729,session2_row113,blank,blank,-0.08248320966959,True,True,Agilent-3,pSERS_Metrohm_silver,,,blank,strict_core,0.7899770889424987
outer,nato_outer_o2__train_strict_core__test_strict_core,2,siamese,deterministic_edge_triplet,derivative_1,triplet,1729,session2_row117,benzyl_fentanyl,benzyl_fentanyl,-0.0177061762660741,True,True,Agilent-3,pSERS_Metrohm_silver,,,benzyl_fentanyl,strict_core,0.8201159074205017
outer,nato_outer_o2__train_strict_core__test_strict_core,2,siamese,deterministic_edge_triplet,derivative_1,triplet,1729,session2_row137,4_ANPP,4_ANPP,-0.135293424129486,True,True,Pendar-2,pSERS_Metrohm_silver,,,4_ANPP,strict_core,0.7627788534495172
outer,nato_outer_o2__train_strict_core__test_strict_core,2,siamese,deterministic_edge_triplet,derivative_1,triplet,1729,session2_row142,benzyl_fentanyl,benzyl_fentanyl,-0.1117791533470153,True,True,Pendar-2,pSERS_Metrohm_silver,,,benzyl_fentanyl,strict_core,0.775180391404016
outer,nato_outer_o2__train_strict_core__test_strict_core,2,siamese,deterministic_edge_triplet,derivative_1,triplet,1729,session2_row143,benzyl_fentanyl,benzyl_fentanyl,-0.253977507352829,True,True,Pendar-2,pSERS_Metrohm_silver,,,benzyl_fentanyl,strict_core,0.6932932136397327
outer,nato_outer_o2__train_strict_core__test_strict_core,2,siamese,deterministic_edge_triplet,derivative_1,triplet,1729,session2_row146,acetaminophen,blank,-0.1280492097139358,True,False,Pendar-2,pSERS_Metrohm_silver,,,acetaminophen,strict_core,0.7666491126356286
outer,nato_outer_o2__train_strict_core__test_strict_core,2,siamese,deterministic_edge_triplet,derivative_1,triplet,1729,session2_row147,acetaminophen,blank,-0.0676008090376854,True,False,Pendar-2,pSERS_Metrohm_silver,,,acetaminophen,strict_core,0.797215043215284
outer,nato_outer_o2__train_strict_core__test_strict_core,2,siamese,deterministic_edge_triplet,derivative_1,triplet,1729,session2_row150,benzyl_fentanyl,4_ANPP,-0.4028086066246032,True,False,RMX-2,pSERS_Metrohm_silver,,,benzyl_fentanyl,strict_core,0.5923356475520234
outer,nato_outer_o2__train_strict_core__test_strict_core,2,siamese,deterministic_edge_triplet,derivative_1,triplet,1729,session2_row151,acetaminophen,acetaminophen,-0.2196163237094879,True,True,RMX-2,pSERS_Metrohm_silver,,,acetaminophen,strict_core,0.7145510381710777
outer,nato_outer_o2__train_strict_core__test_strict_core,2,siamese,deterministic_edge_triplet,derivative_1,triplet,1729,session2_row154,4_ANPP,4_ANPP,-0.0866399705410003,True,True,RMX-2,pSERS_Metrohm_silver,,,4_ANPP,strict_core,0.7879219121690986
outer,nato_outer_o2__train_strict_core__test_strict_core,2,siamese,deterministic_edge_triplet,derivative_1,triplet,1729,session2_row156,4_ANPP,4_ANPP,-0.0866399705410003,True,True,RMX-2,pSERS_Metrohm_silver,,,4_ANPP,strict_core,0.7879219121690986
outer,nato_outer_o2__train_strict_core__test_strict_core,2,siamese,deterministic_edge_triplet,derivative_1,triplet,1729,session2_row162,4_ANPP,4_ANPP,-0.1244686394929885,True,True,Pendar-2,pSERS_Metrohm_silver,,,4_ANPP,strict_core,0.7685457575763712
outer,nato_outer_o2__train_strict_core__test_strict_core,2,siamese,deterministic_edge_triplet,derivative_1,triplet,1729,session2_row183,4_ANPP,4_ANPP,-0.0866399705410003,True,True,RMX-2,pSERS_Metrohm_silver,,,4_ANPP,strict_core,0.7879219121690986
outer,nato_outer_o2__train_strict_core__test_strict_core,2,siamese,deterministic_edge_triplet,derivative_1,triplet,1729,session2_row372,4_nitrophenol,ethyl_paraoxon,-0.0481323711574077,True,False,RMX-1,H_SERS_H_Kit,,,4_nitrophenol,strict_core,0.8064001935502337
outer,nato_outer_o2__train_strict_core__test_strict_core,2,siamese,deterministic_edge_triplet,derivative_1,triplet,1729,session2_row373,4_nitrophenol,ethyl_paraoxon,-0.1080125942826271,True,False,Pendar-3,H_SERS_H_Kit,,,4_nitrophenol,strict_core,0.777123530899194
outer,nato_outer_o2__train_strict_core__test_strict_core,2,siamese,deterministic_edge_triplet,derivative_1,triplet,1729,session2_row376,4_nitrophenol,ethyl_paraoxon,-0.2616366147994995,True,False,Pendar-3,H_SERS_H_Kit,,,4_nitrophenol,strict_core,0.6884361435876126
outer,nato_outer_o2__train_strict_core__test_strict_core,2,siamese,deterministic_edge_triplet,derivative_1,triplet,1729,session2_row380,4_nitrophenol,4_nitrophenol,-0.3091476559638977,True,True,Mira-2,H_SERS_H_Kit,,,4_nitrophenol,strict_core,0.6574027688054946
outer,nato_outer_o2__train_strict_core__test_strict_core,2,siamese,deterministic_edge_triplet,derivative_1,triplet,1729,session2_row389,4_nitrophenol,ethyl_paraoxon,-0.2512860298156738,True,False,Mira-2,NRC_Canadian_SERS,,,4_nitrophenol,strict_core,0.6949899709254771
outer,nato_outer_o2__train_strict_core__test_strict_core,2,siamese,deterministic_edge_triplet,derivative_1,triplet,1729,session2_row394,4_nitrophenol,4_nitrophenol,-0.3074248135089874,True,True,RMX-1,NRC_Canadian_SERS,,,4_nitrophenol,strict_core,0.6585540243698448
outer,nato_outer_o2__train_strict_core__test_strict_core,2,siamese,deterministic_edge_triplet,derivative_1,triplet,1729,session3_row58,4_nitrophenol,ethyl_paraoxon,-0.2280305027961731,True,False,Pendar-2,H_SERS_H_Kit,,,4_nitrophenol,strict_core,0.7094277785844619
outer,nato_outer_o2__train_strict_core__test_strict_core,2,siamese,deterministic_edge_triplet,derivative_1,triplet,1729,session3_row71,ethanol,blank,-0.174009159207344,True,False,Pendar-2,H_SERS_H_Kit,,,ethanol,strict_core,0.7413534013225195
outer,nato_outer_o2__train_strict_core__test_strict_core,2,siamese,deterministic_edge_triplet,derivative_1,triplet,1729,session3_row73,ethanol,ethanol,-0.0546827800571918,True,True,Pendar-2,H_SERS_H_Kit,,,ethanol,strict_core,0.8033455012840677
outer,nato_outer_o2__train_strict_core__test_strict_core,2,siamese,deterministic_edge_triplet,derivative_1,triplet,1729,session3_row82,ethyl_paraoxon,ethyl_paraoxon,-0.0953611880540847,True,True,Pendar-2,H_SERS_H_Kit,,,ethyl_paraoxon,strict_core,0.783562346326578
outer,nato_outer_o2__train_strict_core__test_strict_core,2,siamese,deterministic_edge_triplet,derivative_1,triplet,1729,session3_row94,ethyl_paraoxon,ethyl_paraoxon,-0.1354160755872726,True,True,Pendar-2,H_SERS_H_Kit,,,ethyl_paraoxon,strict_core,0.7627129470432102
outer,nato_outer_o2__train_strict_core__test_strict_core,2,siamese,deterministic_edge_triplet,derivative_1,triplet,1729,session3_row95,4_nitrophenol,4_nitrophenol,-0.0444141812622547,True,True,Pendar-2,H_SERS_H_Kit,,,4_nitrophenol,strict_core,0.8081180123536466
outer,nato_outer_o2__train_strict_core__test_strict_core,2,siamese,deterministic_edge_triplet,derivative_1,triplet,1729,session3_row96,ethanol,ethyl_paraoxon,-0.1848423033952713,True,False,Pendar-2,H_SERS_H_Kit,,,ethanol,strict_core,0.7351376297688798
outer,nato_outer_o2__train_strict_core__test_strict_core,2,siamese,deterministic_edge_triplet,derivative_1,triplet,1729,session3_row101,ethanol,blank,-0.2283190637826919,True,False,Mira-2,H_SERS_H_Kit,,,ethanol,strict_core,0.7092511182201889
outer,nato_outer_o2__train_strict_core__test_strict_core,2,siamese,deterministic_edge_triplet,derivative_1,triplet,1729,session3_row103,ethanol,ethanol,-0.2881103456020355,True,True,Mira-2,H_SERS_H_Kit,,,ethanol,strict_core,0.6713304155664226
outer,nato_outer_o2__train_strict_core__test_strict_core,2,siamese,deterministic_edge_triplet,derivative_1,triplet,1729,session3_row141,4_nitrophenol,ethanol,-0.2524438798427582,True,False,Mira-2,H_SERS_H_Kit,,,4_nitrophenol,strict_core,0.6942606862397207
outer,nato_outer_o2__train_strict_core__test_strict_core,2,siamese,deterministic_edge_triplet,derivative_1,triplet,1729,session3_row146,ethanol,ethyl_paraoxon,-0.0972428768873214,True,False,Mira-2,H_SERS_H_Kit,,,ethanol,strict_core,0.7826132659515708
outer,nato_outer_o2__train_strict_core__test_strict_core,2,siamese,deterministic_edge_triplet,derivative_1,triplet,1729,session3_row147,4_nitrophenol,4_nitrophenol,-0.0444141812622547,True,True,Mira-2,H_SERS_H_Kit,,,4_nitrophenol,strict_core,0.8081180123536466
outer,nato_outer_o2__train_strict_core__test_strict_core,2,siamese,deterministic_edge_triplet,derivative_1,triplet,1729,session3_row148,ethanol,ethanol,-0.2960844933986664,True,True,Mira-2,H_SERS_H_Kit,,,ethanol,strict_core,0.6660849206050546
outer,nato_outer_o2__train_strict_core__test_strict_core,2,siamese,deterministic_edge_triplet,derivative_1,triplet,1729,session3_row150,ethyl_paraoxon,ethyl_paraoxon,-0.1137300655245781,True,True,Mira-2,H_SERS_H_Kit,,,ethyl_paraoxon,strict_core,0.7741692133318641
outer,nato_outer_o2__train_strict_core__test_strict_core,2,siamese,deterministic_edge_triplet,derivative_1,triplet,1729,session3_row156,ethyl_paraoxon,ethyl_paraoxon,-0.0612609423696994,True,True,RMX-1,H_SERS_H_Kit,,,ethyl_paraoxon,strict_core,0.8002413763196208
outer,nato_outer_o2__train_strict_core__test_strict_core,2,siamese,deterministic_edge_triplet,derivative_1,triplet,1729,session3_row157,ethanol,ethanol,-0.2457116842269897,True,True,RMX-1,H_SERS_H_Kit,,,ethanol,strict_core,0.6984873164638029
outer,nato_outer_o2__train_strict_core__test_strict_core,2,siamese,deterministic_edge_triplet,derivative_1,triplet,1729,session3_row159,4_nitrophenol,4_nitrophenol,-0.0402241870760917,True,True,RMX-1,H_SERS_H_Kit,,,4_nitrophenol,strict_core,0.8100398490231259
outer,nato_outer_o2__train_strict_core__test_strict_core,2,siamese,deterministic_edge_triplet,derivative_1,triplet,1729,session3_row162,ethyl_paraoxon,ethyl_paraoxon,-0.1163083761930465,True,True,Mira-2,H_SERS_H_Kit,,,ethyl_paraoxon,strict_core,0.7728279130268899
outer,nato_outer_o2__train_strict_core__test_strict_core,2,siamese,deterministic_edge_triplet,derivative_1,triplet,1729,session3_row212,blank,blank,-0.0327854976058006,True,True,Pendar-1,pSERS_Metrohm_silver,,,blank,strict_core,0.8134154033690505
outer,nato_outer_o2__train_strict_core__test_strict_core,2,siamese,deterministic_edge_triplet,derivative_1,triplet,1729,session3_row214,benzyl_fentanyl,benzyl_fentanyl,-0.1727884113788604,True,True,Pendar-1,pSERS_Metrohm_silver,,,benzyl_fentanyl,strict_core,0.7420478482649983
outer,nato_outer_o2__train_strict_core__test_strict_core,2,siamese,deterministic_edge_triplet,derivative_1,triplet,1729,session3_row219,blank,blank,-0.1470229476690292,True,True,Mira-3,pSERS_Metrohm_silver,,,blank,strict_core,0.756419066976156
outer,nato_outer_o2__train_strict_core__test_strict_core,2,siamese,deterministic_edge_triplet,derivative_1,triplet,1729,session3_row220,blank,ethyl_paraoxon,-0.1860556900501251,True,False,Pendar-1,pSERS_Metrohm_silver,,,blank,strict_core,0.734435500531769
outer,nato_outer_o2__train_strict_core__test_strict_core,2,siamese,deterministic_edge_triplet,derivative_1,triplet,1729,session3_row222,benzyl_fentanyl,benzyl_fentanyl,-0.0582666359841823,True,True,Mira-3,pSERS_Metrohm_silver,,,benzyl_fentanyl,strict_core,0.8016588775182543
outer,nato_outer_o2__train_strict_core__test_strict_core,2,siamese,deterministic_edge_triplet,derivative_1,triplet,1729,session3_row228,blank,acetaminophen,-0.2090820670127868,True,False,Mira-3,pSERS_Metrohm_silver,,,blank,strict_core,0.7208880845687589
outer,nato_outer_o2__train_strict_core__test_strict_core,2,siamese,deterministic_edge_triplet,derivative_1,triplet,1729,session3_row242,blank,blank,-0.1300992369651794,True,True,Agilent-1,pSERS_Metrohm_silver,,,blank,strict_core,0.7655583476251214
outer,nato_outer_o2__train_strict_core__test_strict_core,2,siamese,deterministic_edge_triplet,derivative_1,triplet,1729,session3_row245,benzyl_fentanyl,benzyl_fentanyl,-0.0197453871369361,True,True,Agilent-1,pSERS_Metrohm_silver,,,benzyl_fentanyl,strict_core,0.8192208874128731
outer,nato_outer_o2__train_strict_core__test_strict_core,2,siamese,deterministic_edge_triplet,derivative_1,triplet,1729,session3_row251,benzyl_fentanyl,benzyl_fentanyl,-0.0722449943423271,True,True,Pendar-1,pSERS_Metrohm_silver,,,benzyl_fentanyl,strict_core,0.7949765342272319
outer,nato_outer_o2__train_strict_core__test_strict_core,2,siamese,deterministic_edge_triplet,derivative_1,triplet,1729,session3_row262,blank,acetaminophen,-0.2177445739507675,True,False,Agilent-1,pSERS_Metrohm_silver,,,blank,strict_core,0.7156833137424888
outer,nato_outer_o2__train_strict_core__test_strict_core,2,siamese,deterministic_edge_triplet,derivative_1,triplet,1729,session3_row275,benzyl_fentanyl,benzyl_fentanyl,-0.0370419695973396,True,True,Agilent-1,pSERS_Metrohm_silver,,,benzyl_fentanyl,strict_core,0.8114895765538327
outer,nato_outer_o2__train_strict_core__test_strict_core,2,siamese,deterministic_edge_triplet,derivative_1,triplet,1729,session3_row304,blank,benzyl_fentanyl,-0.3964178562164306,True,False,Mira-3,NRC_Canadian_SERS,,,blank,strict_core,0.5969097981828716
outer,nato_outer_o2__train_strict_core__test_strict_core,2,siamese,deterministic_edge_triplet,derivative_1,triplet,1729,session3_row307,benzyl_fentanyl,blank,-0.1712938398122787,True,False,Mira-3,NRC_Canadian_SERS,,,benzyl_fentanyl,strict_core,0.7428964074090764
outer,nato_outer_o2__train_strict_core__test_strict_core,2,siamese,deterministic_edge_triplet,derivative_1,triplet,1729,session3_row321,blank,blank,-0.1278638988733291,True,True,Mira-3,NRC_Canadian_SERS,,,blank,strict_core,0.7667475374271824
outer,nato_outer_o2__train_strict_core__test_strict_core,2,siamese,deterministic_edge_triplet,derivative_1,triplet,1729,session3_row327,benzyl_fentanyl,benzyl_fentanyl,-0.091058000922203,True,True,Pendar-1,pSERS_Metrohm_silver,,,benzyl_fentanyl,strict_core,0.7857214888542627
outer,nato_outer_o2__train_strict_core__test_strict_core,2,siamese,deterministic_edge_triplet,derivative_1,triplet,1729,session3_row332,blank,blank,-0.1410821974277496,True,True,Pendar-1,pSERS_Metrohm_silver,,,blank,strict_core,0.7596545352714129
outer,nato_outer_o2__train_strict_core__test_strict_core,2,siamese,deterministic_edge_triplet,derivative_1,triplet,1729,session3_row338,blank,benzyl_fentanyl,-0.1866972148418426,True,False,Agilent-1,NRC_Canadian_SERS,,,blank,strict_core,0.7340638007603848
outer,nato_outer_o2__train_strict_core__test_strict_core,2,siamese,deterministic_edge_triplet,derivative_1,triplet,1729,session3_row341,benzyl_fentanyl,benzyl_fentanyl,-0.0360592305660247,True,True,Agilent-1,NRC_Canadian_SERS,,,benzyl_fentanyl,strict_core,0.8119355643222839
outer,nato_outer_o2__train_strict_core__test_strict_core,2,siamese,deterministic_edge_triplet,derivative_1,triplet,1729,session3_row344,benzyl_fentanyl,benzyl_fentanyl,-0.2619471848011017,True,True,Pendar-1,pSERS_Metrohm_silver,,,benzyl_fentanyl,strict_core,0.6882383068259824
outer,nato_outer_o2__train_strict_core__test_strict_core,2,siamese,deterministic_edge_triplet,derivative_1,triplet,1729,session3_row387,4_ANPP,4_ANPP,-0.0507859587669372,True,True,RMX-2,pSERS_Metrohm_silver,,,4_ANPP,strict_core,0.805167094967199
outer,nato_outer_o2__train_strict_core__test_strict_core,2,siamese,deterministic_edge_triplet,derivative_1,triplet,1729,session3_row388,4_ANPP,4_ANPP,-0.0866399705410003,True,True,Pendar-3,pSERS_Metrohm_silver,,,4_ANPP,strict_core,0.7879219121690986
outer,nato_outer_o2__train_strict_core__test_strict_core,2,siamese,deterministic_edge_triplet,derivative_1,triplet,1729,session3_row392,benzyl_fentanyl,benzyl_fentanyl,-0.0185591094195842,True,True,RMX-2,pSERS_Metrohm_silver,,,benzyl_fentanyl,strict_core,0.8197419722499968
outer,nato_outer_o2__train_strict_core__test_strict_core,2,siamese,deterministic_edge_triplet,derivative_1,triplet,1729,session3_row393,acetaminophen,benzyl_fentanyl,-0.2678782939910888,True,False,Pendar-3,pSERS_Metrohm_silver,,,acetaminophen,strict_core,0.6844469932045578
outer,nato_outer_o2__train_strict_core__test_strict_core,2,siamese,deterministic_edge_triplet,derivative_1,triplet,1729,session3_row394,acetaminophen,blank,-0.2215436995029449,True,False,RMX-2,pSERS_Metrohm_silver,,,acetaminophen,strict_core,0.7133822875913166
outer,nato_outer_o2__train_strict_core__test_strict_core,2,siamese,deterministic_edge_triplet,derivative_1,triplet,1729,session3_row397,4_ANPP,4_ANPP,-0.1774346828460693,True,True,Pendar-3,pSERS_Metrohm_silver,,,4_ANPP,strict_core,0.7393982334040083
outer,nato_outer_o2__train_strict_core__test_strict_core,2,siamese,deterministic_edge_triplet,derivative_1,triplet,1729,session3_row398,4_ANPP,4_ANPP,-0.0756100639700889,True,True,RMX-2,pSERS_Metrohm_silver,,,4_ANPP,strict_core,0.7933431379435959
outer,nato_outer_o2__train_strict_core__test_strict_core,2,siamese,deterministic_edge_triplet,derivative_1,triplet,1729,session3_row401,4_ANPP,4_ANPP,-0.0552434287965297,True,True,Mira-1,pSERS_Metrohm_silver,,,4_ANPP,strict_core,0.8030823668487361
outer,nato_outer_o2__train_strict_core__test_strict_core,2,siamese,deterministic_edge_triplet,derivative_1,triplet,1729,session3_row403,4_ANPP,acetaminophen,-0.173853650689125,True,False,Agilent-3,pSERS_Metrohm_silver,,,4_ANPP,strict_core,0.7414419330920411
outer,nato_outer_o2__train_strict_core__test_strict_core,2,siamese,deterministic_edge_triplet,derivative_1,triplet,1729,session3_row404,benzyl_fentanyl,benzyl_fentanyl,-0.1286770701408386,True,True,Mira-1,pSERS_Metrohm_silver,,,benzyl_fentanyl,strict_core,0.7663154202149536
outer,nato_outer_o2__train_strict_core__test_strict_core,2,siamese,deterministic_edge_triplet,derivative_1,triplet,1729,session3_row406,benzyl_fentanyl,benzyl_fentanyl,-0.1564942896366119,True,True,Agilent-3,pSERS_Metrohm_silver,,,benzyl_fentanyl,strict_core,0.7511999984593267
outer,nato_outer_o2__train_strict_core__test_strict_core,2,siamese,deterministic_edge_triplet,derivative_1,triplet,1729,session3_row407,acetaminophen,blank,-0.0944430604577064,True,False,Mira-1,pSERS_Metrohm_silver,,,acetaminophen,strict_core,0.7840243387501659
outer,nato_outer_o2__train_strict_core__test_strict_core,2,siamese,deterministic_edge_triplet,derivative_1,triplet,1729,session3_row408,acetaminophen,blank,-0.111145868897438,True,False,Agilent-3,pSERS_Metrohm_silver,,,acetaminophen,strict_core,0.7755079374046372
outer,nato_outer_o2__train_strict_core__test_strict_core,2,siamese,deterministic_edge_triplet,derivative_1,triplet,1729,session3_row411,4_ANPP,4_ANPP,-0.0888491794466972,True,True,Mira-1,pSERS_Metrohm_silver,,,4_ANPP,strict_core,0.7868236739330993
outer,nato_outer_o2__train_strict_core__test_strict_core,2,siamese,deterministic_edge_triplet,derivative_1,triplet,1729,session3_row412,4_ANPP,acetaminophen,-0.1272439658641815,True,False,Agilent-3,pSERS_Metrohm_silver,,,4_ANPP,strict_core,0.7670765946130209
outer,nato_outer_o2__train_strict_core__test_strict_core,2,siamese,deterministic_edge_triplet,derivative_1,triplet,2718,session1_row14,benzyl_fentanyl,benzyl_fentanyl,-0.2659508287906647,True,True,Mira-3,pSERS_Metrohm_silver,,,benzyl_fentanyl,strict_core,0.5850060599629023
outer,nato_outer_o2__train_strict_core__test_strict_core,2,siamese,deterministic_edge_triplet,derivative_1,triplet,2718,session1_row16,blank,blank,-0.1092053428292274,True,True,Mira-3,pSERS_Metrohm_silver,,,blank,strict_core,0.6922857216826727
outer,nato_outer_o2__train_strict_core__test_strict_core,2,siamese,deterministic_edge_triplet,derivative_1,triplet,2718,session1_row17,blank,ethanol,-0.0438036099076271,True,False,Mira-3,pSERS_Metrohm_silver,,,blank,strict_core,0.7322125895286362
outer,nato_outer_o2__train_strict_core__test_strict_core,2,siamese,deterministic_edge_triplet,derivative_1,triplet,2718,session1_row20,blank,acetaminophen,-0.1368777900934219,True,False,Agilent-3,pSERS_Metrohm_silver,,,blank,strict_core,0.6744317464573444
outer,nato_outer_o2__train_strict_core__test_strict_core,2,siamese,deterministic_edge_triplet,derivative_1,triplet,2718,session1_row21,benzyl_fentanyl,benzyl_fentanyl,-0.4402763843536377,True,True,Agilent-3,pSERS_Metrohm_silver,,,benzyl_fentanyl,strict_core,0.45597919729133757
outer,nato_outer_o2__train_strict_core__test_strict_core,2,siamese,deterministic_edge_triplet,derivative_1,triplet,2718,session1_row46,blank,ethyl_paraoxon,-0.2547249794006347,True,False,Mira-3,pSERS_Metrohm_silver,,,blank,strict_core,0.5931101496484015
outer,nato_outer_o2__train_strict_core__test_strict_core,2,siamese,deterministic_edge_triplet,derivative_1,triplet,2718,session1_row48,blank,blank,-0.163558691740036,True,True,Mira-3,pSERS_Metrohm_silver,,,blank,strict_core,0.6567234820734521
outer,nato_outer_o2__train_strict_core__test_strict_core,2,siamese,deterministic_edge_triplet,derivative_1,triplet,2718,session1_row63,blank,acetaminophen,-0.2373225390911102,True,False,Pendar-2,pSERS_Metrohm_silver,,,blank,strict_core,0.6055721943209309
outer,nato_outer_o2__train_strict_core__test_strict_core,2,siamese,deterministic_edge_triplet,derivative_1,triplet,2718,session1_row72,acetaminophen,acetaminophen,-0.2092742472887039,True,True,Pendar-3,pSERS_Metrohm_silver,,,acetaminophen,strict_core,0.6253659439635074
outer,nato_outer_o2__train_strict_core__test_strict_core,2,siamese,deterministic_edge_triplet,derivative_1,triplet,2718,session1_row74,acetaminophen,blank,-0.2301765084266662,True,False,Mira-2,pSERS_Metrohm_silver,,,acetaminophen,strict_core,0.610651021806128
outer,nato_outer_o2__train_strict_core__test_strict_core,2,siamese,deterministic_edge_triplet,derivative_1,triplet,2718,session1_row75,acetaminophen,blank,-0.2377789765596389,True,False,RMX-2,pSERS_Metrohm_silver,,,acetaminophen,strict_core,0.6052470062050302
outer,nato_outer_o2__train_strict_core__test_strict_core,2,siamese,deterministic_edge_triplet,derivative_1,triplet,2718,session1_row76,acetaminophen,acetaminophen,-0.1743888854980468,True,True,RMX-2,pSERS_Metrohm_silver,,,acetaminophen,strict_core,0.6494055813880304
outer,nato_outer_o2__train_strict_core__test_strict_core,2,siamese,deterministic_edge_triplet,derivative_1,triplet,2718,session1_row77,acetaminophen,acetaminophen,-0.2746548354625702,True,True,RMX-2,pSERS_Metrohm_silver,,,acetaminophen,strict_core,0.5786904710517121
outer,nato_outer_o2__train_strict_core__test_strict_core,2,siamese,deterministic_edge_triplet,derivative_1,triplet,2718,session1_row78,acetaminophen,blank,-0.037273820489645,True,False,RMX-2,pSERS_Metrohm_silver,,,acetaminophen,strict_core,0.7360137038548092
outer,nato_outer_o2__train_strict_core__test_strict_core,2,siamese,deterministic_edge_triplet,derivative_1,triplet,2718,session1_row79,acetaminophen,blank,-0.2341477274894714,True,False,RMX-2,pSERS_Metrohm_silver,,,acetaminophen,strict_core,0.6078314836041044
outer,nato_outer_o2__train_strict_core__test_strict_core,2,siamese,deterministic_edge_triplet,derivative_1,triplet,2718,session1_row80,acetaminophen,acetaminophen,-0.0988076478242874,True,True,RMX-2,pSERS_Metrohm_silver,,,acetaminophen,strict_core,0.6988518779217947
outer,nato_outer_o2__train_strict_core__test_strict_core,2,siamese,deterministic_edge_triplet,derivative_1,triplet,2718,session1_row82,acetaminophen,acetaminophen,-0.1516877263784408,True,True,Pendar-3,NRC_Canadian_SERS,,,acetaminophen,strict_core,0.6646598558882578
outer,nato_outer_o2__train_strict_core__test_strict_core,2,siamese,deterministic_edge_triplet,derivative_1,triplet,2718,session1_row85,acetaminophen,blank,-0.1720819175243377,True,False,RMX-2,NRC_Canadian_SERS,,,acetaminophen,strict_core,0.6509704297149005
outer,nato_outer_o2__train_strict_core__test_strict_core,2,siamese,deterministic_edge_triplet,derivative_1,triplet,2718,session1_row87,acetaminophen,blank,-0.0781995952129364,True,False,Mira-2,NRC_Canadian_SERS,,,acetaminophen,strict_core,0.7116265348916525
outer,nato_outer_o2__train_strict_core__test_strict_core,2,siamese,deterministic_edge_triplet,derivative_1,triplet,2718,session1_row96,4_ANPP,4_ANPP,-0.0643296614289283,True,True,RMX-2,pSERS_Metrohm_silver,,,4_ANPP,strict_core,0.720040346485545
outer,nato_outer_o2__train_strict_core__test_strict_core,2,siamese,deterministic_edge_triplet,derivative_1,triplet,2718,session1_row97,4_ANPP,acetaminophen,-0.1351963281631469,True,False,Pendar-3,NRC_Canadian_SERS,,,4_ANPP,strict_core,0.6755318765437255
outer,nato_outer_o2__train_strict_core__test_strict_core,2,siamese,deterministic_edge_triplet,derivative_1,triplet,2718,session1_row98,4_ANPP,acetaminophen,-0.143762394785881,True,False,Pendar-3,pSERS_Metrohm_silver,,,4_ANPP,strict_core,0.6699073616268878
outer,nato_outer_o2__train_strict_core__test_strict_core,2,siamese,deterministic_edge_triplet,derivative_1,triplet,2718,session1_row99,4_ANPP,4_ANPP,-0.0683645382523536,True,True,Pendar-3,pSERS_Metrohm_silver,,,4_ANPP,strict_core,0.7176082189312801
outer,nato_outer_o2__train_strict_core__test_strict_core,2,siamese,deterministic_edge_triplet,derivative_1,triplet,2718,session1_row106,benzyl_fentanyl,blank,-0.2362940013408661,True,False,Pendar-3,NRC_Canadian_SERS,,,benzyl_fentanyl,strict_core,0.6063046313717463
outer,nato_outer_o2__train_strict_core__test_strict_core,2,siamese,deterministic_edge_triplet,derivative_1,triplet,2718,session1_row108,benzyl_fentanyl,ethanol,-0.0484553761780262,True,False,Mira-2,NRC_Canadian_SERS,,,benzyl_fentanyl,strict_core,0.7294836295204251
outer,nato_outer_o2__train_strict_core__test_strict_core,2,siamese,deterministic_edge_triplet,derivative_1,triplet,2718,session1_row112,benzyl_fentanyl,acetaminophen,-0.1287949085235595,True,False,RMX-2,NRC_Canadian_SERS,,,benzyl_fentanyl,strict_core,0.6797023530079153
outer,nato_outer_o2__train_strict_core__test_strict_core,2,siamese,deterministic_edge_triplet,derivative_1,triplet,2718,session1_row125,4_ANPP,4_ANPP,-0.1420352458953857,True,True,Pendar-3,NRC_Canadian_SERS,,,4_ANPP,strict_core,0.6710454004155957
outer,nato_outer_o2__train_strict_core__test_strict_core,2,siamese,deterministic_edge_triplet,derivative_1,triplet,2718,session1_row128,4_ANPP,4_ANPP,-0.0704999193549156,True,True,Pendar-3,pSERS_Metrohm_silver,,,4_ANPP,strict_core,0.7163158895036696
outer,nato_outer_o2__train_strict_core__test_strict_core,2,siamese,deterministic_edge_triplet,derivative_1,triplet,2718,session1_row130,4_ANPP,4_ANPP,-0.1048456504940986,True,True,RMX-2,pSERS_Metrohm_silver,,,4_ANPP,strict_core,0.6950485627842916
outer,nato_outer_o2__train_strict_core__test_strict_core,2,siamese,deterministic_edge_triplet,derivative_1,triplet,2718,session1_row131,4_ANPP,4_ANPP,-0.1693079024553299,True,True,RMX-2,NRC_Canadian_SERS,,,4_ANPP,strict_core,0.6528477800048068
outer,nato_outer_o2__train_strict_core__test_strict_core,2,siamese,deterministic_edge_triplet,derivative_1,triplet,2718,session1_row211,4_nitrophenol,ethyl_paraoxon,-0.0963118150830268,True,False,Pendar-2,H_SERS_H_Kit,,,4_nitrophenol,strict_core,0.7004160841415775
outer,nato_outer_o2__train_strict_core__test_strict_core,2,siamese,deterministic_edge_triplet,derivative_1,triplet,2718,session1_row215,4_nitrophenol,4_nitrophenol,-0.0479929037392139,True,True,RMX-1,H_SERS_H_Kit,,,4_nitrophenol,strict_core,0.7297557210540055
outer,nato_outer_o2__train_strict_core__test_strict_core,2,siamese,deterministic_edge_triplet,derivative_1,triplet,2718,session1_row235,4_nitrophenol,4_nitrophenol,-0.0314499996602535,True,True,Mira-2,H_SERS_H_Kit,,,4_nitrophenol,strict_core,0.7393745246668681
outer,nato_outer_o2__train_strict_core__test_strict_core,2,siamese,deterministic_edge_triplet,derivative_1,triplet,2718,session1_row248,4_nitrophenol,4_nitrophenol,-0.1964516192674636,True,True,Pendar-2,GaN_polymer,,,4_nitrophenol,strict_core,0.6342814566794143
outer,nato_outer_o2__train_strict_core__test_strict_core,2,siamese,deterministic_edge_triplet,derivative_1,triplet,2718,session1_row249,4_nitrophenol,acetaminophen,-0.0997279956936836,True,False,Pendar-2,GaN_polymer,,,4_nitrophenol,strict_core,0.6982738993752597
outer,nato_outer_o2__train_strict_core__test_strict_core,2,siamese,deterministic_edge_triplet,derivative_1,triplet,2718,session1_row255,ethanol,blank,-0.1017862260341644,True,False,Mira-2,H_SERS_H_Kit,,,ethanol,strict_core,0.6969790544211716
outer,nato_outer_o2__train_strict_core__test_strict_core,2,siamese,deterministic_edge_triplet,derivative_1,triplet,2718,session1_row256,ethanol,ethyl_paraoxon,-0.2042307257652282,True,False,Mira-2,H_SERS_H_Kit,,,ethanol,strict_core,0.6288832211124732
outer,nato_outer_o2__train_strict_core__test_strict_core,2,siamese,deterministic_edge_triplet,derivative_1,triplet,2718,session1_row259,ethanol,blank,-0.1440622508525848,True,False,Pendar-2,H_SERS_H_Kit,,,ethanol,strict_core,0.6697095795322718
outer,nato_outer_o2__train_strict_core__test_strict_core,2,siamese,deterministic_edge_triplet,derivative_1,triplet,2718,session1_row260,ethanol,blank,-0.1062498614192009,True,False,Pendar-2,H_SERS_H_Kit,,,ethanol,strict_core,0.6941602006976243
outer,nato_outer_o2__train_strict_core__test_strict_core,2,siamese,deterministic_edge_triplet,derivative_1,triplet,2718,session2_row17,blank,ethanol,-0.2305913567543029,True,False,Pendar-3,pSERS_Metrohm_silver,,,blank,strict_core,0.6103568246617155
outer,nato_outer_o2__train_strict_core__test_strict_core,2,siamese,deterministic_edge_triplet,derivative_1,triplet,2718,session2_row30,benzyl_fentanyl,benzyl_fentanyl,-0.1231203749775886,True,True,Mira-3,pSERS_Metrohm_silver,,,benzyl_fentanyl,strict_core,0.6833754396490812
outer,nato_outer_o2__train_strict_core__test_strict_core,2,siamese,deterministic_edge_triplet,derivative_1,triplet,2718,session2_row34,benzyl_fentanyl,benzyl_fentanyl,-0.1033160164952278,True,True,Pendar-3,pSERS_Metrohm_silver,,,benzyl_fentanyl,strict_core,0.6960146224025048
outer,nato_outer_o2__train_strict_core__test_strict_core,2,siamese,deterministic_edge_triplet,derivative_1,triplet,2718,session2_row43,blank,blank,-0.2011222243309021,True,True,Pendar-3,pSERS_Metrohm_silver,,,blank,strict_core,0.6310442846939424
outer,nato_outer_o2__train_strict_core__test_strict_core,2,siamese,deterministic_edge_triplet,derivative_1,triplet,2718,session2_row44,blank,ethanol,-0.1568341702222824,True,False,Mira-3,pSERS_Metrohm_silver,,,blank,strict_core,0.6612302814293672
outer,nato_outer_o2__train_strict_core__test_strict_core,2,siamese,deterministic_edge_triplet,derivative_1,triplet,2718,session2_row107,blank,blank,-0.1067098006606102,True,True,Agilent-3,pSERS_Metrohm_silver,,,blank,strict_core,0.6938689094970316
outer,nato_outer_o2__train_strict_core__test_strict_core,2,siamese,deterministic_edge_triplet,derivative_1,triplet,2718,session2_row108,benzyl_fentanyl,benzyl_fentanyl,-0.0722071975469589,True,True,Agilent-3,pSERS_Metrohm_silver,,,benzyl_fentanyl,strict_core,0.7152800818174855
outer,nato_outer_o2__train_strict_core__test_strict_core,2,siamese,deterministic_edge_triplet,derivative_1,triplet,2718,session2_row113,blank,blank,-0.1245390474796295,True,True,Agilent-3,pSERS_Metrohm_silver,,,blank,strict_core,0.6824592610821311
outer,nato_outer_o2__train_strict_core__test_strict_core,2,siamese,deterministic_edge_triplet,derivative_1,triplet,2718,session2_row117,benzyl_fentanyl,benzyl_fentanyl,-0.0726662576198577,True,True,Agilent-3,pSERS_Metrohm_silver,,,benzyl_fentanyl,strict_core,0.715001181483654
outer,nato_outer_o2__train_strict_core__test_strict_core,2,siamese,deterministic_edge_triplet,derivative_1,triplet,2718,session2_row137,4_ANPP,4_ANPP,-0.0781800150871276,True,True,Pendar-2,pSERS_Metrohm_silver,,,4_ANPP,strict_core,0.7116385181554222
outer,nato_outer_o2__train_strict_core__test_strict_core,2,siamese,deterministic_edge_triplet,derivative_1,triplet,2718,session2_row142,benzyl_fentanyl,benzyl_fentanyl,-0.1872391402721405,True,True,Pendar-2,pSERS_Metrohm_silver,,,benzyl_fentanyl,strict_core,0.6406309131558436
outer,nato_outer_o2__train_strict_core__test_strict_core,2,siamese,deterministic_edge_triplet,derivative_1,triplet,2718,session2_row143,benzyl_fentanyl,acetaminophen,-0.1812748312950134,True,False,Pendar-2,pSERS_Metrohm_silver,,,benzyl_fentanyl,strict_core,0.6447157044460772
outer,nato_outer_o2__train_strict_core__test_strict_core,2,siamese,deterministic_edge_triplet,derivative_1,triplet,2718,session2_row146,acetaminophen,blank,-0.1333560049533844,True,False,Pendar-2,pSERS_Metrohm_silver,,,acetaminophen,strict_core,0.6767337265717555
outer,nato_outer_o2__train_strict_core__test_strict_core,2,siamese,deterministic_edge_triplet,derivative_1,triplet,2718,session2_row147,acetaminophen,blank,-0.1120102331042289,True,False,Pendar-2,pSERS_Metrohm_silver,,,acetaminophen,strict_core,0.6905008661669232
outer,nato_outer_o2__train_strict_core__test_strict_core,2,siamese,deterministic_edge_triplet,derivative_1,triplet,2718,session2_row150,benzyl_fentanyl,benzyl_fentanyl,-0.2036279290914535,True,True,RMX-2,pSERS_Metrohm_silver,,,benzyl_fentanyl,strict_core,0.6293026982467848
outer,nato_outer_o2__train_strict_core__test_strict_core,2,siamese,deterministic_edge_triplet,derivative_1,triplet,2718,session2_row151,acetaminophen,acetaminophen,-0.0860064178705215,True,True,RMX-2,pSERS_Metrohm_silver,,,acetaminophen,strict_core,0.7068251694669041
outer,nato_outer_o2__train_strict_core__test_strict_core,2,siamese,deterministic_edge_triplet,derivative_1,triplet,2718,session2_row154,4_ANPP,4_ANPP,-0.0888195261359214,True,True,RMX-2,pSERS_Metrohm_silver,,,4_ANPP,strict_core,0.7050836256693324
outer,nato_outer_o2__train_strict_core__test_strict_core,2,siamese,deterministic_edge_triplet,derivative_1,triplet,2718,session2_row156,4_ANPP,4_ANPP,-0.1024341955780983,True,True,RMX-2,pSERS_Metrohm_silver,,,4_ANPP,strict_core,0.6965707634644044
outer,nato_outer_o2__train_strict_core__test_strict_core,2,siamese,deterministic_edge_triplet,derivative_1,triplet,2718,session2_row162,4_ANPP,acetaminophen,-0.1446496546268463,True,False,Pendar-2,pSERS_Metrohm_silver,,,4_ANPP,strict_core,0.6693219598459986
outer,nato_outer_o2__train_strict_core__test_strict_core,2,siamese,deterministic_edge_triplet,derivative_1,triplet,2718,session2_row183,4_ANPP,4_ANPP,-0.0820590108633041,True,True,RMX-2,pSERS_Metrohm_silver,,,4_ANPP,strict_core,0.7092587572308858
outer,nato_outer_o2__train_strict_core__test_strict_core,2,siamese,deterministic_edge_triplet,derivative_1,triplet,2718,session2_row372,4_nitrophenol,ethyl_paraoxon,-0.0938893556594848,True,False,RMX-1,H_SERS_H_Kit,,,4_nitrophenol,strict_core,0.7019298490567449
outer,nato_outer_o2__train_strict_core__test_strict_core,2,siamese,deterministic_edge_triplet,derivative_1,triplet,2718,session2_row373,4_nitrophenol,ethyl_paraoxon,-0.1539877355098724,True,False,Pendar-3,H_SERS_H_Kit,,,4_nitrophenol,strict_core,0.6631292575776716
outer,nato_outer_o2__train_strict_core__test_strict_core,2,siamese,deterministic_edge_triplet,derivative_1,triplet,2718,session2_row376,4_nitrophenol,ethyl_paraoxon,-0.1517309099435806,True,False,Pendar-3,H_SERS_H_Kit,,,4_nitrophenol,strict_core,0.6646311500471059
outer,nato_outer_o2__train_strict_core__test_strict_core,2,siamese,deterministic_edge_triplet,derivative_1,triplet,2718,session2_row380,4_nitrophenol,blank,-0.3353902995586395,True,False,Mira-2,H_SERS_H_Kit,,,4_nitrophenol,strict_core,0.5340138778857059
outer,nato_outer_o2__train_strict_core__test_strict_core,2,siamese,deterministic_edge_triplet,derivative_1,triplet,2718,session2_row389,4_nitrophenol,ethyl_paraoxon,-0.2775942385196686,True,False,Mira-2,NRC_Canadian_SERS,,,4_nitrophenol,strict_core,0.5765517150541539
outer,nato_outer_o2__train_strict_core__test_strict_core,2,siamese,deterministic_edge_triplet,derivative_1,triplet,2718,session2_row394,4_nitrophenol,4_nitrophenol,-0.3602431118488312,True,True,RMX-1,NRC_Canadian_SERS,,,4_nitrophenol,strict_core,0.5155315929206712
outer,nato_outer_o2__train_strict_core__test_strict_core,2,siamese,deterministic_edge_triplet,derivative_1,triplet,2718,session3_row58,4_nitrophenol,blank,-0.1208404079079628,True,False,Pendar-2,H_SERS_H_Kit,,,4_nitrophenol,strict_core,0.684844864121829
outer,nato_outer_o2__train_strict_core__test_strict_core,2,siamese,deterministic_edge_triplet,derivative_1,triplet,2718,session3_row71,ethanol,ethyl_paraoxon,-0.2315769344568252,True,False,Pendar-2,H_SERS_H_Kit,,,ethanol,strict_core,0.6096575626885781
outer,nato_outer_o2__train_strict_core__test_strict_core,2,siamese,deterministic_edge_triplet,derivative_1,triplet,2718,session3_row73,ethanol,ethanol,-0.2743950486183166,True,True,Pendar-2,H_SERS_H_Kit,,,ethanol,strict_core,0.5788793553457103
outer,nato_outer_o2__train_strict_core__test_strict_core,2,siamese,deterministic_edge_triplet,derivative_1,triplet,2718,session3_row82,ethyl_paraoxon,ethyl_paraoxon,-0.1235745921730995,True,True,Pendar-2,H_SERS_H_Kit,,,ethyl_paraoxon,strict_core,0.6830822605915519
outer,nato_outer_o2__train_strict_core__test_strict_core,2,siamese,deterministic_edge_triplet,derivative_1,triplet,2718,session3_row94,ethyl_paraoxon,4_nitrophenol,-0.2409931123256683,True,False,Pendar-2,H_SERS_H_Kit,,,ethyl_paraoxon,strict_core,0.6029544768061005
outer,nato_outer_o2__train_strict_core__test_strict_core,2,siamese,deterministic_edge_triplet,derivative_1,triplet,2718,session3_row95,4_nitrophenol,4_nitrophenol,-0.0386529117822647,True,True,Pendar-2,H_SERS_H_Kit,,,4_nitrophenol,strict_core,0.735213797692694
outer,nato_outer_o2__train_strict_core__test_strict_core,2,siamese,deterministic_edge_triplet,derivative_1,triplet,2718,session3_row96,ethanol,blank,-0.1256846636533737,True,False,Pendar-2,H_SERS_H_Kit,,,ethanol,strict_core,0.6817183888875554
outer,nato_outer_o2__train_strict_core__test_strict_core,2,siamese,deterministic_edge_triplet,derivative_1,triplet,2718,session3_row101,ethanol,blank,-0.0421530231833457,True,False,Mira-2,H_SERS_H_Kit,,,ethanol,strict_core,0.7331766987616872
outer,nato_outer_o2__train_strict_core__test_strict_core,2,siamese,deterministic_edge_triplet,derivative_1,triplet,2718,session3_row103,ethanol,blank,-0.067506156861782,True,False,Mira-2,H_SERS_H_Kit,,,ethanol,strict_core,0.7181267027711785
outer,nato_outer_o2__train_strict_core__test_strict_core,2,siamese,deterministic_edge_triplet,derivative_1,triplet,2718,session3_row141,4_nitrophenol,ethanol,-0.1011528968811035,True,False,Mira-2,H_SERS_H_Kit,,,4_nitrophenol,strict_core,0.6973778200830495
outer,nato_outer_o2__train_strict_core__test_strict_core,2,siamese,deterministic_edge_triplet,derivative_1,triplet,2718,session3_row146,ethanol,ethyl_paraoxon,-0.1437021791934967,True,False,Mira-2,H_SERS_H_Kit,,,ethanol,strict_core,0.6699470719918457
outer,nato_outer_o2__train_strict_core__test_strict_core,2,siamese,deterministic_edge_triplet,derivative_1,triplet,2718,session3_row147,4_nitrophenol,4_nitrophenol,-0.0970108062028884,True,True,Mira-2,H_SERS_H_Kit,,,4_nitrophenol,strict_core,0.6999784762284778
outer,nato_outer_o2__train_strict_core__test_strict_core,2,siamese,deterministic_edge_triplet,derivative_1,triplet,2718,session3_row148,ethanol,blank,-0.1017383709549903,True,False,Mira-2,H_SERS_H_Kit,,,ethanol,strict_core,0.6970091959851885
outer,nato_outer_o2__train_strict_core__test_strict_core,2,siamese,deterministic_edge_triplet,derivative_1,triplet,2718,session3_row150,ethyl_paraoxon,ethyl_paraoxon,-0.1524788290262222,True,True,Mira-2,H_SERS_H_Kit,,,ethyl_paraoxon,strict_core,0.6641337853725534
outer,nato_outer_o2__train_strict_core__test_strict_core,2,siamese,deterministic_edge_triplet,derivative_1,triplet,2718,session3_row156,ethyl_paraoxon,ethyl_paraoxon,-0.1124423816800117,True,True,RMX-1,H_SERS_H_Kit,,,ethyl_paraoxon,strict_core,0.6902253666058457
outer,nato_outer_o2__train_strict_core__test_strict_core,2,siamese,deterministic_edge_triplet,derivative_1,triplet,2718,session3_row157,ethanol,blank,-0.1097534298896789,True,False,RMX-1,H_SERS_H_Kit,,,ethanol,strict_core,0.6919374031540944
outer,nato_outer_o2__train_strict_core__test_strict_core,2,siamese,deterministic_edge_triplet,derivative_1,triplet,2718,session3_row159,4_nitrophenol,ethyl_paraoxon,-0.2217302620410919,True,False,RMX-1,H_SERS_H_Kit,,,4_nitrophenol,strict_core,0.6166230485921607
outer,nato_outer_o2__train_strict_core__test_strict_core,2,siamese,deterministic_edge_triplet,derivative_1,triplet,2718,session3_row162,ethyl_paraoxon,ethyl_paraoxon,-0.0662534162402153,True,True,Mira-2,H_SERS_H_Kit,,,ethyl_paraoxon,strict_core,0.7188823506437206
outer,nato_outer_o2__train_strict_core__test_strict_core,2,siamese,deterministic_edge_triplet,derivative_1,triplet,2718,session3_row212,blank,blank,-0.1423107832670211,True,True,Pendar-1,pSERS_Metrohm_silver,,,blank,strict_core,0.6708639796566036
outer,nato_outer_o2__train_strict_core__test_strict_core,2,siamese,deterministic_edge_triplet,derivative_1,triplet,2718,session3_row214,benzyl_fentanyl,benzyl_fentanyl,-0.3172965943813324,True,True,Pendar-1,pSERS_Metrohm_silver,,,benzyl_fentanyl,strict_core,0.5474140090362877
outer,nato_outer_o2__train_strict_core__test_strict_core,2,siamese,deterministic_edge_triplet,derivative_1,triplet,2718,session3_row219,blank,blank,-0.0876223519444465,True,True,Mira-3,pSERS_Metrohm_silver,,,blank,strict_core,0.7058255098190435
outer,nato_outer_o2__train_strict_core__test_strict_core,2,siamese,deterministic_edge_triplet,derivative_1,triplet,2718,session3_row220,blank,blank,-0.2313055396080017,True,True,Pendar-1,pSERS_Metrohm_silver,,,blank,strict_core,0.6098501609425356
outer,nato_outer_o2__train_strict_core__test_strict_core,2,siamese,deterministic_edge_triplet,derivative_1,triplet,2718,session3_row222,benzyl_fentanyl,benzyl_fentanyl,-0.0806723609566688,True,True,Mira-3,pSERS_Metrohm_silver,,,benzyl_fentanyl,strict_core,0.7101107962186962
outer,nato_outer_o2__train_strict_core__test_strict_core,2,siamese,deterministic_edge_triplet,derivative_1,triplet,2718,session3_row228,blank,acetaminophen,-0.0695328265428543,True,False,Mira-3,pSERS_Metrohm_silver,,,blank,strict_core,0.7169016150385891
outer,nato_outer_o2__train_strict_core__test_strict_core,2,siamese,deterministic_edge_triplet,derivative_1,triplet,2718,session3_row242,blank,acetaminophen,-0.2051138281822204,True,False,Agilent-1,pSERS_Metrohm_silver,,,blank,strict_core,0.6282683325127216
outer,nato_outer_o2__train_strict_core__test_strict_core,2,siamese,deterministic_edge_triplet,derivative_1,triplet,2718,session3_row245,benzyl_fentanyl,benzyl_fentanyl,-0.0941055417060852,True,True,Agilent-1,pSERS_Metrohm_silver,,,benzyl_fentanyl,strict_core,0.7017949360047527
outer,nato_outer_o2__train_strict_core__test_strict_core,2,siamese,deterministic_edge_triplet,derivative_1,triplet,2718,session3_row251,benzyl_fentanyl,benzyl_fentanyl,-0.1592320948839187,True,True,Pendar-1,pSERS_Metrohm_silver,,,benzyl_fentanyl,strict_core,0.6596264836065157
outer,nato_outer_o2__train_strict_core__test_strict_core,2,siamese,deterministic_edge_triplet,derivative_1,triplet,2718,session3_row262,blank,blank,-0.1241402029991149,True,True,Agilent-1,pSERS_Metrohm_silver,,,blank,strict_core,0.6827169780719016
outer,nato_outer_o2__train_strict_core__test_strict_core,2,siamese,deterministic_edge_triplet,derivative_1,triplet,2718,session3_row275,benzyl_fentanyl,benzyl_fentanyl,-0.1102141439914703,True,True,Agilent-1,pSERS_Metrohm_silver,,,benzyl_fentanyl,strict_core,0.6916444424681727
outer,nato_outer_o2__train_strict_core__test_strict_core,2,siamese,deterministic_edge_triplet,derivative_1,triplet,2718,session3_row304,blank,benzyl_fentanyl,-0.5380992293357849,True,False,Mira-3,NRC_Canadian_SERS,,,blank,strict_core,0.38502305423435434
outer,nato_outer_o2__train_strict_core__test_strict_core,2,siamese,deterministic_edge_triplet,derivative_1,triplet,2718,session3_row307,benzyl_fentanyl,ethanol,-0.0451966188848018,True,False,Mira-3,NRC_Canadian_SERS,,,benzyl_fentanyl,strict_core,0.7313972145375983
outer,nato_outer_o2__train_strict_core__test_strict_core,2,siamese,deterministic_edge_triplet,derivative_1,triplet,2718,session3_row321,blank,blank,-0.1570764929056167,True,True,Mira-3,NRC_Canadian_SERS,,,blank,strict_core,0.6610683766932334
outer,nato_outer_o2__train_strict_core__test_strict_core,2,siamese,deterministic_edge_triplet,derivative_1,triplet,2718,session3_row327,benzyl_fentanyl,benzyl_fentanyl,-0.2151696234941482,True,True,Pendar-1,pSERS_Metrohm_silver,,,benzyl_fentanyl,strict_core,0.6212377728086188
outer,nato_outer_o2__train_strict_core__test_strict_core,2,siamese,deterministic_edge_triplet,derivative_1,triplet,2718,session3_row332,blank,acetaminophen,-0.2709101438522339,True,False,Pendar-1,pSERS_Metrohm_silver,,,blank,strict_core,0.5814108865720221
outer,nato_outer_o2__train_strict_core__test_strict_core,2,siamese,deterministic_edge_triplet,derivative_1,triplet,2718,session3_row338,blank,acetaminophen,-0.3924343585968017,True,False,Agilent-1,NRC_Canadian_SERS,,,blank,strict_core,0.49153606580189607
outer,nato_outer_o2__train_strict_core__test_strict_core,2,siamese,deterministic_edge_triplet,derivative_1,triplet,2718,session3_row341,benzyl_fentanyl,benzyl_fentanyl,-0.1879555284976959,True,True,Agilent-1,NRC_Canadian_SERS,,,benzyl_fentanyl,strict_core,0.6401388906509
outer,nato_outer_o2__train_strict_core__test_strict_core,2,siamese,deterministic_edge_triplet,derivative_1,triplet,2718,session3_row344,benzyl_fentanyl,benzyl_fentanyl,-0.3305205404758453,True,True,Pendar-1,pSERS_Metrohm_silver,,,benzyl_fentanyl,strict_core,0.5376260502503776
outer,nato_outer_o2__train_strict_core__test_strict_core,2,siamese,deterministic_edge_triplet,derivative_1,triplet,2718,session3_row387,4_ANPP,4_ANPP,-0.0696896314620971,True,True,RMX-2,pSERS_Metrohm_silver,,,4_ANPP,strict_core,0.716806694923015
outer,nato_outer_o2__train_strict_core__test_strict_core,2,siamese,deterministic_edge_triplet,derivative_1,triplet,2718,session3_row388,4_ANPP,4_ANPP,-0.1433414220809936,True,True,Pendar-3,pSERS_Metrohm_silver,,,4_ANPP,strict_core,0.6701849296398347
outer,nato_outer_o2__train_strict_core__test_strict_core,2,siamese,deterministic_edge_triplet,derivative_1,triplet,2718,session3_row392,benzyl_fentanyl,benzyl_fentanyl,-0.2085389196872711,True,True,RMX-2,pSERS_Metrohm_silver,,,benzyl_fentanyl,strict_core,0.6258795857769558
outer,nato_outer_o2__train_strict_core__test_strict_core,2,siamese,deterministic_edge_triplet,derivative_1,triplet,2718,session3_row393,acetaminophen,acetaminophen,-0.2517513930797577,True,True,Pendar-3,pSERS_Metrohm_silver,,,acetaminophen,strict_core,0.5952485501022576
outer,nato_outer_o2__train_strict_core__test_strict_core,2,siamese,deterministic_edge_triplet,derivative_1,triplet,2718,session3_row394,acetaminophen,blank,-0.2535664737224579,True,False,RMX-2,pSERS_Metrohm_silver,,,acetaminophen,strict_core,0.593943692315864
outer,nato_outer_o2__train_strict_core__test_strict_core,2,siamese,deterministic_edge_triplet,derivative_1,triplet,2718,session3_row397,4_ANPP,acetaminophen,-0.1543604880571365,True,False,Pendar-3,pSERS_Metrohm_silver,,,4_ANPP,strict_core,0.6628808765600425
outer,nato_outer_o2__train_strict_core__test_strict_core,2,siamese,deterministic_edge_triplet,derivative_1,triplet,2718,session3_row398,4_ANPP,4_ANPP,-0.0408139824867248,True,True,RMX-2,pSERS_Metrohm_silver,,,4_ANPP,strict_core,0.7339572096477184
outer,nato_outer_o2__train_strict_core__test_strict_core,2,siamese,deterministic_edge_triplet,derivative_1,triplet,2718,session3_row401,4_ANPP,4_ANPP,-0.0870696231722831,True,True,Mira-1,pSERS_Metrohm_silver,,,4_ANPP,strict_core,0.7061676661548512
outer,nato_outer_o2__train_strict_core__test_strict_core,2,siamese,deterministic_edge_triplet,derivative_1,triplet,2718,session3_row403,4_ANPP,acetaminophen,-0.1616129279136657,True,False,Agilent-3,pSERS_Metrohm_silver,,,4_ANPP,strict_core,0.6580304903428161
outer,nato_outer_o2__train_strict_core__test_strict_core,2,siamese,deterministic_edge_triplet,derivative_1,triplet,2718,session3_row404,benzyl_fentanyl,benzyl_fentanyl,-0.0181392673403024,True,True,Mira-1,pSERS_Metrohm_silver,,,benzyl_fentanyl,strict_core,0.7469511705582366
outer,nato_outer_o2__train_strict_core__test_strict_core,2,siamese,deterministic_edge_triplet,derivative_1,triplet,2718,session3_row406,benzyl_fentanyl,benzyl_fentanyl,-0.253128707408905,True,True,Agilent-3,pSERS_Metrohm_silver,,,benzyl_fentanyl,strict_core,0.5942585237797717
outer,nato_outer_o2__train_strict_core__test_strict_core,2,siamese,deterministic_edge_triplet,derivative_1,triplet,2718,session3_row407,acetaminophen,blank,-0.175142616033554,True,False,Mira-1,pSERS_Metrohm_silver,,,acetaminophen,strict_core,0.648893616235767
outer,nato_outer_o2__train_strict_core__test_strict_core,2,siamese,deterministic_edge_triplet,derivative_1,triplet,2718,session3_row408,acetaminophen,ethyl_paraoxon,-0.1683412343263626,True,False,Agilent-3,pSERS_Metrohm_silver,,,acetaminophen,strict_core,0.6535008733020691
outer,nato_outer_o2__train_strict_core__test_strict_core,2,siamese,deterministic_edge_triplet,derivative_1,triplet,2718,session3_row411,4_ANPP,4_ANPP,-0.0814584195613861,True,True,Mira-1,pSERS_Metrohm_silver,,,4_ANPP,strict_core,0.7096279771297807
outer,nato_outer_o2__train_strict_core__test_strict_core,2,siamese,deterministic_edge_triplet,derivative_1,triplet,2718,session3_row412,4_ANPP,acetaminophen,-0.1124075651168823,True,False,Agilent-3,pSERS_Metrohm_silver,,,4_ANPP,strict_core,0.6902475675613207
outer,nato_outer_o2__train_strict_core__test_strict_core,2,siamese,deterministic_edge_triplet,derivative_1,triplet,3141,session1_row14,benzyl_fentanyl,benzyl_fentanyl,-0.1962937265634536,True,True,Mira-3,pSERS_Metrohm_silver,,,benzyl_fentanyl,strict_core,0.7183057497537768
outer,nato_outer_o2__train_strict_core__test_strict_core,2,siamese,deterministic_edge_triplet,derivative_1,triplet,3141,session1_row16,blank,blank,-0.2255447506904602,True,True,Mira-3,pSERS_Metrohm_silver,,,blank,strict_core,0.6971737653645221
outer,nato_outer_o2__train_strict_core__test_strict_core,2,siamese,deterministic_edge_triplet,derivative_1,triplet,3141,session1_row17,blank,acetaminophen,-0.1925254464149475,True,False,Mira-3,pSERS_Metrohm_silver,,,blank,strict_core,0.7209620497192282
outer,nato_outer_o2__train_strict_core__test_strict_core,2,siamese,deterministic_edge_triplet,derivative_1,triplet,3141,session1_row20,blank,blank,-0.0945916250348091,True,True,Agilent-3,pSERS_Metrohm_silver,,,blank,strict_core,0.7843842081791512
outer,nato_outer_o2__train_strict_core__test_strict_core,2,siamese,deterministic_edge_triplet,derivative_1,triplet,3141,session1_row21,benzyl_fentanyl,4_ANPP,-0.2262907922267913,True,False,Agilent-3,pSERS_Metrohm_silver,,,benzyl_fentanyl,strict_core,0.6966231861033054
outer,nato_outer_o2__train_strict_core__test_strict_core,2,siamese,deterministic_edge_triplet,derivative_1,triplet,3141,session1_row46,blank,blank,-0.0663416758179664,True,True,Mira-3,pSERS_Metrohm_silver,,,blank,strict_core,0.8006083407785318
outer,nato_outer_o2__train_strict_core__test_strict_core,2,siamese,deterministic_edge_triplet,derivative_1,triplet,3141,session1_row48,blank,blank,-0.1238688006997108,True,True,Mira-3,pSERS_Metrohm_silver,,,blank,strict_core,0.7665822062710848
outer,nato_outer_o2__train_strict_core__test_strict_core,2,siamese,deterministic_edge_triplet,derivative_1,triplet,3141,session1_row63,blank,blank,-0.1394423842430114,True,True,Pendar-2,pSERS_Metrohm_silver,,,blank,strict_core,0.7567053795207974
outer,nato_outer_o2__train_strict_core__test_strict_core,2,siamese,deterministic_edge_triplet,derivative_1,triplet,3141,session1_row72,acetaminophen,blank,-0.1595516502857208,True,False,Pendar-3,pSERS_Metrohm_silver,,,acetaminophen,strict_core,0.743538670926861
outer,nato_outer_o2__train_strict_core__test_strict_core,2,siamese,deterministic_edge_triplet,derivative_1,triplet,3141,session1_row74,acetaminophen,acetaminophen,-0.2381049245595932,True,True,Mira-2,pSERS_Metrohm_silver,,,acetaminophen,strict_core,0.6878297554195827
outer,nato_outer_o2__train_strict_core__test_strict_core,2,siamese,deterministic_edge_triplet,derivative_1,triplet,3141,session1_row75,acetaminophen,ethyl_paraoxon,-0.156473770737648,True,False,RMX-2,pSERS_Metrohm_silver,,,acetaminophen,strict_core,0.7455838733763442
outer,nato_outer_o2__train_strict_core__test_strict_core,2,siamese,deterministic_edge_triplet,derivative_1,triplet,3141,session1_row76,acetaminophen,blank,-0.1680471450090408,True,False,RMX-2,pSERS_Metrohm_silver,,,acetaminophen,strict_core,0.7378379200865103
outer,nato_outer_o2__train_strict_core__test_strict_core,2,siamese,deterministic_edge_triplet,derivative_1,triplet,3141,session1_row77,acetaminophen,acetaminophen,-0.1917667835950851,True,True,RMX-2,pSERS_Metrohm_silver,,,acetaminophen,strict_core,0.7214949785729172
outer,nato_outer_o2__train_strict_core__test_strict_core,2,siamese,deterministic_edge_triplet,derivative_1,triplet,3141,session1_row78,acetaminophen,ethyl_paraoxon,-0.1134372800588607,True,False,RMX-2,pSERS_Metrohm_silver,,,acetaminophen,strict_core,0.7730401292058791
outer,nato_outer_o2__train_strict_core__test_strict_core,2,siamese,deterministic_edge_triplet,derivative_1,triplet,3141,session1_row79,acetaminophen,ethyl_paraoxon,-0.0914672538638114,True,False,RMX-2,pSERS_Metrohm_silver,,,acetaminophen,strict_core,0.7862246450378001
outer,nato_outer_o2__train_strict_core__test_strict_core,2,siamese,deterministic_edge_triplet,derivative_1,triplet,3141,session1_row80,acetaminophen,acetaminophen,-0.140496090054512,True,True,RMX-2,pSERS_Metrohm_silver,,,acetaminophen,strict_core,0.7560269759408249
outer,nato_outer_o2__train_strict_core__test_strict_core,2,siamese,deterministic_edge_triplet,derivative_1,triplet,3141,session1_row82,acetaminophen,4_ANPP,-0.1199435144662857,True,False,Pendar-3,NRC_Canadian_SERS,,,acetaminophen,strict_core,0.7690271657740277
outer,nato_outer_o2__train_strict_core__test_strict_core,2,siamese,deterministic_edge_triplet,derivative_1,triplet,3141,session1_row85,acetaminophen,acetaminophen,-0.2014237344264984,True,True,RMX-2,NRC_Canadian_SERS,,,acetaminophen,strict_core,0.7146649599945716
outer,nato_outer_o2__train_strict_core__test_strict_core,2,siamese,deterministic_edge_triplet,derivative_1,triplet,3141,session1_row87,acetaminophen,acetaminophen,-0.2345400750637054,True,True,Mira-2,NRC_Canadian_SERS,,,acetaminophen,strict_core,0.690497796764534
outer,nato_outer_o2__train_strict_core__test_strict_core,2,siamese,deterministic_edge_triplet,derivative_1,triplet,3141,session1_row96,4_ANPP,4_ANPP,-0.1343559026718139,True,True,RMX-2,pSERS_Metrohm_silver,,,4_ANPP,strict_core,0.7599621562906367
outer,nato_outer_o2__train_strict_core__test_strict_core,2,siamese,deterministic_edge_triplet,derivative_1,triplet,3141,session1_row97,4_ANPP,4_ANPP,-0.1803090572357177,True,True,Pendar-3,NRC_Canadian_SERS,,,4_ANPP,strict_core,0.7294670800772846
outer,nato_outer_o2__train_strict_core__test_strict_core,2,siamese,deterministic_edge_triplet,derivative_1,triplet,3141,session1_row98,4_ANPP,acetaminophen,-0.2384546846151352,True,False,Pendar-3,pSERS_Metrohm_silver,,,4_ANPP,strict_core,0.6875673084218524
outer,nato_outer_o2__train_strict_core__test_strict_core,2,siamese,deterministic_edge_triplet,derivative_1,triplet,3141,session1_row99,4_ANPP,4_ANPP,-0.0621215626597404,True,True,Pendar-3,pSERS_Metrohm_silver,,,4_ANPP,strict_core,0.8029516090267492
outer,nato_outer_o2__train_strict_core__test_strict_core,2,siamese,deterministic_edge_triplet,derivative_1,triplet,3141,session1_row106,benzyl_fentanyl,4_ANPP,-0.2281909883022308,True,False,Pendar-3,NRC_Canadian_SERS,,,benzyl_fentanyl,strict_core,0.695218291608875
outer,nato_outer_o2__train_strict_core__test_strict_core,2,siamese,deterministic_edge_triplet,derivative_1,triplet,3141,session1_row108,benzyl_fentanyl,ethanol,-0.1682226061820984,True,False,Mira-2,NRC_Canadian_SERS,,,benzyl_fentanyl,strict_core,0.7377193228739957
outer,nato_outer_o2__train_strict_core__test_strict_core,2,siamese,deterministic_edge_triplet,derivative_1,triplet,3141,session1_row112,benzyl_fentanyl,blank,-0.1826421171426773,True,False,RMX-2,NRC_Canadian_SERS,,,benzyl_fentanyl,strict_core,0.7278554636682386
outer,nato_outer_o2__train_strict_core__test_strict_core,2,siamese,deterministic_edge_triplet,derivative_1,triplet,3141,session1_row125,4_ANPP,4_ANPP,-0.1627720296382904,True,True,Pendar-3,NRC_Canadian_SERS,,,4_ANPP,strict_core,0.7413872823913688
outer,nato_outer_o2__train_strict_core__test_strict_core,2,siamese,deterministic_edge_triplet,derivative_1,triplet,3141,session1_row128,4_ANPP,4_ANPP,-0.1838014125823974,True,True,Pendar-3,pSERS_Metrohm_silver,,,4_ANPP,strict_core,0.7270524210596334
outer,nato_outer_o2__train_strict_core__test_strict_core,2,siamese,deterministic_edge_triplet,derivative_1,triplet,3141,session1_row130,4_ANPP,4_ANPP,-0.1301218271255493,True,True,RMX-2,pSERS_Metrohm_silver,,,4_ANPP,strict_core,0.7626503140811689
outer,nato_outer_o2__train_strict_core__test_strict_core,2,siamese,deterministic_edge_triplet,derivative_1,triplet,3141,session1_row131,4_ANPP,4_ANPP,-0.1468849927186966,True,True,RMX-2,NRC_Canadian_SERS,,,4_ANPP,strict_core,0.751886258292834
outer,nato_outer_o2__train_strict_core__test_strict_core,2,siamese,deterministic_edge_triplet,derivative_1,triplet,3141,session1_row211,4_nitrophenol,ethyl_paraoxon,-0.1898126453161239,True,False,Pendar-2,H_SERS_H_Kit,,,4_nitrophenol,strict_core,0.722864796950225
outer,nato_outer_o2__train_strict_core__test_strict_core,2,siamese,deterministic_edge_triplet,derivative_1,triplet,3141,session1_row215,4_nitrophenol,4_nitrophenol,-0.0713185220956802,True,True,RMX-1,H_SERS_H_Kit,,,4_nitrophenol,strict_core,0.7978180745531791
outer,nato_outer_o2__train_strict_core__test_strict_core,2,siamese,deterministic_edge_triplet,derivative_1,triplet,3141,session1_row235,4_nitrophenol,4_nitrophenol,-0.0945964902639389,True,True,Mira-2,H_SERS_H_Kit,,,4_nitrophenol,strict_core,0.7843813333363581
outer,nato_outer_o2__train_strict_core__test_strict_core,2,siamese,deterministic_edge_triplet,derivative_1,triplet,3141,session1_row248,4_nitrophenol,4_nitrophenol,-0.171670064330101,True,True,Pendar-2,GaN_polymer,,,4_nitrophenol,strict_core,0.7353821234231998
outer,nato_outer_o2__train_strict_core__test_strict_core,2,siamese,deterministic_edge_triplet,derivative_1,triplet,3141,session1_row249,4_nitrophenol,blank,-0.1184547543525695,True,False,Pendar-2,GaN_polymer,,,4_nitrophenol,strict_core,0.7699497761436319
outer,nato_outer_o2__train_strict_core__test_strict_core,2,siamese,deterministic_edge_triplet,derivative_1,triplet,3141,session1_row255,ethanol,ethanol,-0.1024612113833427,True,True,Mira-2,H_SERS_H_Kit,,,ethanol,strict_core,0.7796977777809603
outer,nato_outer_o2__train_strict_core__test_strict_core,2,siamese,deterministic_edge_triplet,derivative_1,triplet,3141,session1_row256,ethanol,ethyl_paraoxon,-0.1147548109292984,True,False,Mira-2,H_SERS_H_Kit,,,ethanol,strict_core,0.772231486575677
outer,nato_outer_o2__train_strict_core__test_strict_core,2,siamese,deterministic_edge_triplet,derivative_1,triplet,3141,session1_row259,ethanol,ethanol,-0.1011011898517608,True,True,Pendar-2,H_SERS_H_Kit,,,ethanol,strict_core,0.7805128810448222
outer,nato_outer_o2__train_strict_core__test_strict_core,2,siamese,deterministic_edge_triplet,derivative_1,triplet,3141,session1_row260,ethanol,ethanol,-0.0665750950574874,True,True,Pendar-2,H_SERS_H_Kit,,,ethanol,strict_core,0.8004781232342473
outer,nato_outer_o2__train_strict_core__test_strict_core,2,siamese,deterministic_edge_triplet,derivative_1,triplet,3141,session2_row17,blank,ethyl_paraoxon,-0.149677038192749,True,False,Pendar-3,pSERS_Metrohm_silver,,,blank,strict_core,0.7500619857425325
outer,nato_outer_o2__train_strict_core__test_strict_core,2,siamese,deterministic_edge_triplet,derivative_1,triplet,3141,session2_row30,benzyl_fentanyl,benzyl_fentanyl,-0.0332768000662326,True,True,Mira-3,pSERS_Metrohm_silver,,,benzyl_fentanyl,strict_core,0.8184116643788533
outer,nato_outer_o2__train_strict_core__test_strict_core,2,siamese,deterministic_edge_triplet,derivative_1,triplet,3141,session2_row34,benzyl_fentanyl,benzyl_fentanyl,-0.0345005579292774,True,True,Pendar-3,pSERS_Metrohm_silver,,,benzyl_fentanyl,strict_core,0.81777538838793
outer,nato_outer_o2__train_strict_core__test_strict_core,2,siamese,deterministic_edge_triplet,derivative_1,triplet,3141,session2_row43,blank,blank,-0.113966591656208,True,True,Pendar-3,pSERS_Metrohm_silver,,,blank,strict_core,0.772715504893176
outer,nato_outer_o2__train_strict_core__test_strict_core,2,siamese,deterministic_edge_triplet,derivative_1,triplet,3141,session2_row44,blank,blank,-0.0945539847016334,True,True,Mira-3,pSERS_Metrohm_silver,,,blank,strict_core,0.7844064487494677
outer,nato_outer_o2__train_strict_core__test_strict_core,2,siamese,deterministic_edge_triplet,derivative_1,triplet,3141,session2_row107,blank,blank,-0.0573350563645362,True,True,Agilent-3,pSERS_Metrohm_silver,,,blank,strict_core,0.8055841516596892
outer,nato_outer_o2__train_strict_core__test_strict_core,2,siamese,deterministic_edge_triplet,derivative_1,triplet,3141,session2_row108,benzyl_fentanyl,benzyl_fentanyl,-0.1114666163921356,True,True,Agilent-3,pSERS_Metrohm_silver,,,benzyl_fentanyl,strict_core,0.7742458466309229
outer,nato_outer_o2__train_strict_core__test_strict_core,2,siamese,deterministic_edge_triplet,derivative_1,triplet,3141,session2_row113,blank,blank,-0.1125470697879791,True,True,Agilent-3,pSERS_Metrohm_silver,,,blank,strict_core,0.773585352004985
outer,nato_outer_o2__train_strict_core__test_strict_core,2,siamese,deterministic_edge_triplet,derivative_1,triplet,3141,session2_row117,benzyl_fentanyl,benzyl_fentanyl,-0.0843692794442176,True,True,Agilent-3,pSERS_Metrohm_silver,,,benzyl_fentanyl,strict_core,0.7903631563689694
outer,nato_outer_o2__train_strict_core__test_strict_core,2,siamese,deterministic_edge_triplet,derivative_1,triplet,3141,session2_row137,4_ANPP,4_ANPP,-0.0849376767873764,True,True,Pendar-2,pSERS_Metrohm_silver,,,4_ANPP,strict_core,0.7900339289566765
outer,nato_outer_o2__train_strict_core__test_strict_core,2,siamese,deterministic_edge_triplet,derivative_1,triplet,3141,session2_row142,benzyl_fentanyl,benzyl_fentanyl,-0.1805252730846405,True,True,Pendar-2,pSERS_Metrohm_silver,,,benzyl_fentanyl,strict_core,0.7293179765537487
outer,nato_outer_o2__train_strict_core__test_strict_core,2,siamese,deterministic_edge_triplet,derivative_1,triplet,3141,session2_row143,benzyl_fentanyl,benzyl_fentanyl,-0.2696472406387329,True,True,Pendar-2,pSERS_Metrohm_silver,,,benzyl_fentanyl,strict_core,0.6636917816834111
outer,nato_outer_o2__train_strict_core__test_strict_core,2,siamese,deterministic_edge_triplet,derivative_1,triplet,3141,session2_row146,acetaminophen,acetaminophen,-0.1057363077998161,True,True,Pendar-2,pSERS_Metrohm_silver,,,acetaminophen,strict_core,0.7777260090390556
outer,nato_outer_o2__train_strict_core__test_strict_core,2,siamese,deterministic_edge_triplet,derivative_1,triplet,3141,session2_row147,acetaminophen,blank,-0.1725831925868988,True,False,Pendar-2,pSERS_Metrohm_silver,,,acetaminophen,strict_core,0.7347608407968105
outer,nato_outer_o2__train_strict_core__test_strict_core,2,siamese,deterministic_edge_triplet,derivative_1,triplet,3141,session2_row150,benzyl_fentanyl,benzyl_fentanyl,-0.1989564895629882,True,True,RMX-2,pSERS_Metrohm_silver,,,benzyl_fentanyl,strict_core,0.7164195012037787
outer,nato_outer_o2__train_strict_core__test_strict_core,2,siamese,deterministic_edge_triplet,derivative_1,triplet,3141,session2_row151,acetaminophen,acetaminophen,-0.1110667437314987,True,True,RMX-2,pSERS_Metrohm_silver,,,acetaminophen,strict_core,0.7744899474327807
outer,nato_outer_o2__train_strict_core__test_strict_core,2,siamese,deterministic_edge_triplet,derivative_1,triplet,3141,session2_row154,4_ANPP,4_ANPP,-0.1148813143372535,True,True,RMX-2,pSERS_Metrohm_silver,,,4_ANPP,strict_core,0.7721537375483237
outer,nato_outer_o2__train_strict_core__test_strict_core,2,siamese,deterministic_edge_triplet,derivative_1,triplet,3141,session2_row156,4_ANPP,4_ANPP,-0.1506532430648803,True,True,RMX-2,pSERS_Metrohm_silver,,,4_ANPP,strict_core,0.7494220448318681
outer,nato_outer_o2__train_strict_core__test_strict_core,2,siamese,deterministic_edge_triplet,derivative_1,triplet,3141,session2_row162,4_ANPP,4_ANPP,-0.1159127131104469,True,True,Pendar-2,pSERS_Metrohm_silver,,,4_ANPP,strict_core,0.7715191416679424
outer,nato_outer_o2__train_strict_core__test_strict_core,2,siamese,deterministic_edge_triplet,derivative_1,triplet,3141,session2_row183,4_ANPP,4_ANPP,-0.0902586728334426,True,True,RMX-2,pSERS_Metrohm_silver,,,4_ANPP,strict_core,0.7869334947109083
outer,nato_outer_o2__train_strict_core__test_strict_core,2,siamese,deterministic_edge_triplet,derivative_1,triplet,3141,session2_row372,4_nitrophenol,ethyl_paraoxon,-0.0652857199311256,True,False,RMX-1,H_SERS_H_Kit,,,4_nitrophenol,strict_core,0.8011966291926783
outer,nato_outer_o2__train_strict_core__test_strict_core,2,siamese,deterministic_edge_triplet,derivative_1,triplet,3141,session2_row373,4_nitrophenol,ethyl_paraoxon,-0.1951081305742263,True,False,Pendar-3,H_SERS_H_Kit,,,4_nitrophenol,strict_core,0.7191431443954414
outer,nato_outer_o2__train_strict_core__test_strict_core,2,siamese,deterministic_edge_triplet,derivative_1,triplet,3141,session2_row376,4_nitrophenol,ethyl_paraoxon,-0.0689856261014938,True,False,Pendar-3,H_SERS_H_Kit,,,4_nitrophenol,strict_core,0.79912962661487
outer,nato_outer_o2__train_strict_core__test_strict_core,2,siamese,deterministic_edge_triplet,derivative_1,triplet,3141,session2_row380,4_nitrophenol,ethyl_paraoxon,-0.4793838262557983,True,False,Mira-2,H_SERS_H_Kit,,,4_nitrophenol,strict_core,0.4867555990744463
outer,nato_outer_o2__train_strict_core__test_strict_core,2,siamese,deterministic_edge_triplet,derivative_1,triplet,3141,session2_row389,4_nitrophenol,ethyl_paraoxon,-0.1604186296463012,True,False,Mira-2,NRC_Canadian_SERS,,,4_nitrophenol,strict_core,0.74296063655169
outer,nato_outer_o2__train_strict_core__test_strict_core,2,siamese,deterministic_edge_triplet,derivative_1,triplet,3141,session2_row394,4_nitrophenol,4_nitrophenol,-0.1770491898059845,True,True,RMX-1,NRC_Canadian_SERS,,,4_nitrophenol,strict_core,0.7317088282758165
outer,nato_outer_o2__train_strict_core__test_strict_core,2,siamese,deterministic_edge_triplet,derivative_1,triplet,3141,session3_row58,4_nitrophenol,ethyl_paraoxon,-0.1853117644786834,True,False,Pendar-2,H_SERS_H_Kit,,,4_nitrophenol,strict_core,0.7260039847420585
outer,nato_outer_o2__train_strict_core__test_strict_core,2,siamese,deterministic_edge_triplet,derivative_1,triplet,3141,session3_row71,ethanol,ethyl_paraoxon,-0.0724968016147613,True,False,Pendar-2,H_SERS_H_Kit,,,ethanol,strict_core,0.7971532210037339
outer,nato_outer_o2__train_strict_core__test_strict_core,2,siamese,deterministic_edge_triplet,derivative_1,triplet,3141,session3_row73,ethanol,ethanol,-0.2614670693874359,True,True,Pendar-2,H_SERS_H_Kit,,,ethanol,strict_core,0.6700408377908961
outer,nato_outer_o2__train_strict_core__test_strict_core,2,siamese,deterministic_edge_triplet,derivative_1,triplet,3141,session3_row82,ethyl_paraoxon,ethyl_paraoxon,-0.1124815344810485,True,True,Pendar-2,H_SERS_H_Kit,,,ethyl_paraoxon,strict_core,0.7736254534650737
outer,nato_outer_o2__train_strict_core__test_strict_core,2,siamese,deterministic_edge_triplet,derivative_1,triplet,3141,session3_row94,ethyl_paraoxon,ethyl_paraoxon,-0.22435362637043,True,True,Pendar-2,H_SERS_H_Kit,,,ethyl_paraoxon,strict_core,0.6980516431914743
outer,nato_outer_o2__train_strict_core__test_strict_core,2,siamese,deterministic_edge_triplet,derivative_1,triplet,3141,session3_row95,4_nitrophenol,4_nitrophenol,-0.0638112649321556,True,True,Pendar-2,H_SERS_H_Kit,,,4_nitrophenol,strict_core,0.8020158847303945
outer,nato_outer_o2__train_strict_core__test_strict_core,2,siamese,deterministic_edge_triplet,derivative_1,triplet,3141,session3_row96,ethanol,ethyl_paraoxon,-0.0514775179326534,True,False,Pendar-2,H_SERS_H_Kit,,,ethanol,strict_core,0.8087693348616429
outer,nato_outer_o2__train_strict_core__test_strict_core,2,siamese,deterministic_edge_triplet,derivative_1,triplet,3141,session3_row101,ethanol,4_ANPP,-0.2436290085315704,True,False,Mira-2,H_SERS_H_Kit,,,ethanol,strict_core,0.6836706901314442
outer,nato_outer_o2__train_strict_core__test_strict_core,2,siamese,deterministic_edge_triplet,derivative_1,triplet,3141,session3_row103,ethanol,ethanol,-0.2040799111127853,True,True,Mira-2,H_SERS_H_Kit,,,ethanol,strict_core,0.7127687922102772
outer,nato_outer_o2__train_strict_core__test_strict_core,2,siamese,deterministic_edge_triplet,derivative_1,triplet,3141,session3_row141,4_nitrophenol,ethanol,-0.1946405917406082,True,False,Mira-2,H_SERS_H_Kit,,,4_nitrophenol,strict_core,0.7194729528819354
outer,nato_outer_o2__train_strict_core__test_strict_core,2,siamese,deterministic_edge_triplet,derivative_1,triplet,3141,session3_row146,ethanol,ethyl_paraoxon,-0.1096057593822479,True,False,Mira-2,H_SERS_H_Kit,,,ethanol,strict_core,0.7753802088297721
outer,nato_outer_o2__train_strict_core__test_strict_core,2,siamese,deterministic_edge_triplet,derivative_1,triplet,3141,session3_row147,4_nitrophenol,4_nitrophenol,-0.3156088888645172,True,True,Mira-2,H_SERS_H_Kit,,,4_nitrophenol,strict_core,0.6269626757266384
outer,nato_outer_o2__train_strict_core__test_strict_core,2,siamese,deterministic_edge_triplet,derivative_1,triplet,3141,session3_row148,ethanol,ethanol,-0.1991089880466461,True,True,Mira-2,H_SERS_H_Kit,,,ethanol,strict_core,0.7163112435394591
outer,nato_outer_o2__train_strict_core__test_strict_core,2,siamese,deterministic_edge_triplet,derivative_1,triplet,3141,session3_row150,ethyl_paraoxon,ethyl_paraoxon,-0.0353089533746242,True,True,Mira-2,H_SERS_H_Kit,,,ethyl_paraoxon,strict_core,0.8173541248250045
outer,nato_outer_o2__train_strict_core__test_strict_core,2,siamese,deterministic_edge_triplet,derivative_1,triplet,3141,session3_row156,ethyl_paraoxon,ethyl_paraoxon,-0.0581238083541393,True,True,RMX-1,H_SERS_H_Kit,,,ethyl_paraoxon,strict_core,0.8051521872694929
outer,nato_outer_o2__train_strict_core__test_strict_core,2,siamese,deterministic_edge_triplet,derivative_1,triplet,3141,session3_row157,ethanol,ethanol,-0.2130633741617202,True,True,RMX-1,H_SERS_H_Kit,,,ethanol,strict_core,0.7063003832643578
outer,nato_outer_o2__train_strict_core__test_strict_core,2,siamese,deterministic_edge_triplet,derivative_1,triplet,3141,session3_row159,4_nitrophenol,4_nitrophenol,-0.0835741460323333,True,True,RMX-1,H_SERS_H_Kit,,,4_nitrophenol,strict_core,0.7908230772633684
outer,nato_outer_o2__train_strict_core__test_strict_core,2,siamese,deterministic_edge_triplet,derivative_1,triplet,3141,session3_row162,ethyl_paraoxon,ethyl_paraoxon,-0.0501226857304573,True,True,Mira-2,H_SERS_H_Kit,,,ethyl_paraoxon,strict_core,0.8095003593429321
outer,nato_outer_o2__train_strict_core__test_strict_core,2,siamese,deterministic_edge_triplet,derivative_1,triplet,3141,session3_row212,blank,acetaminophen,-0.1532056480646133,True,False,Pendar-1,pSERS_Metrohm_silver,,,blank,strict_core,0.7477436954275639
outer,nato_outer_o2__train_strict_core__test_strict_core,2,siamese,deterministic_edge_triplet,derivative_1,triplet,3141,session3_row214,benzyl_fentanyl,benzyl_fentanyl,-0.1216250881552696,True,True,Pendar-1,pSERS_Metrohm_silver,,,benzyl_fentanyl,strict_core,0.767981955896302
outer,nato_outer_o2__train_strict_core__test_strict_core,2,siamese,deterministic_edge_triplet,derivative_1,triplet,3141,session3_row219,blank,blank,-0.305612176656723,True,True,Mira-3,pSERS_Metrohm_silver,,,blank,strict_core,0.6350944430161943
outer,nato_outer_o2__train_strict_core__test_strict_core,2,siamese,deterministic_edge_triplet,derivative_1,triplet,3141,session3_row220,blank,acetaminophen,-0.1698749959468841,True,False,Pendar-1,pSERS_Metrohm_silver,,,blank,strict_core,0.7366007495228093
outer,nato_outer_o2__train_strict_core__test_strict_core,2,siamese,deterministic_edge_triplet,derivative_1,triplet,3141,session3_row222,benzyl_fentanyl,benzyl_fentanyl,-0.1104497388005256,True,True,Mira-3,pSERS_Metrohm_silver,,,benzyl_fentanyl,strict_core,0.7748662286588783
outer,nato_outer_o2__train_strict_core__test_strict_core,2,siamese,deterministic_edge_triplet,derivative_1,triplet,3141,session3_row228,blank,blank,-0.1460847705602646,True,True,Mira-3,pSERS_Metrohm_silver,,,blank,strict_core,0.7524074611846229
outer,nato_outer_o2__train_strict_core__test_strict_core,2,siamese,deterministic_edge_triplet,derivative_1,triplet,3141,session3_row242,blank,blank,-0.0852385684847831,True,True,Agilent-1,pSERS_Metrohm_silver,,,blank,strict_core,0.7898594926986294
outer,nato_outer_o2__train_strict_core__test_strict_core,2,siamese,deterministic_edge_triplet,derivative_1,triplet,3141,session3_row245,benzyl_fentanyl,benzyl_fentanyl,-0.0846957489848136,True,True,Agilent-1,pSERS_Metrohm_silver,,,benzyl_fentanyl,strict_core,0.7901741048914115
outer,nato_outer_o2__train_strict_core__test_strict_core,2,siamese,deterministic_edge_triplet,derivative_1,triplet,3141,session3_row251,benzyl_fentanyl,benzyl_fentanyl,-0.1454598307609558,True,True,Pendar-1,pSERS_Metrohm_silver,,,benzyl_fentanyl,strict_core,0.752813987510513
outer,nato_outer_o2__train_strict_core__test_strict_core,2,siamese,deterministic_edge_triplet,derivative_1,triplet,3141,session3_row262,blank,blank,-0.0754716619849205,True,True,Agilent-1,pSERS_Metrohm_silver,,,blank,strict_core,0.7954673852049685
outer,nato_outer_o2__train_strict_core__test_strict_core,2,siamese,deterministic_edge_triplet,derivative_1,triplet,3141,session3_row275,benzyl_fentanyl,benzyl_fentanyl,-0.1203721910715103,True,True,Agilent-1,pSERS_Metrohm_silver,,,benzyl_fentanyl,strict_core,0.7687610279471762
outer,nato_outer_o2__train_strict_core__test_strict_core,2,siamese,deterministic_edge_triplet,derivative_1,triplet,3141,session3_row304,blank,benzyl_fentanyl,-0.3045697212219238,True,False,Mira-3,NRC_Canadian_SERS,,,blank,strict_core,0.6359380913811225
outer,nato_outer_o2__train_strict_core__test_strict_core,2,siamese,deterministic_edge_triplet,derivative_1,triplet,3141,session3_row307,benzyl_fentanyl,blank,-0.2558769583702087,True,False,Mira-3,NRC_Canadian_SERS,,,benzyl_fentanyl,strict_core,0.6743443943895302
outer,nato_outer_o2__train_strict_core__test_strict_core,2,siamese,deterministic_edge_triplet,derivative_1,triplet,3141,session3_row321,blank,acetaminophen,-0.1598246097564697,True,False,Mira-3,NRC_Canadian_SERS,,,blank,strict_core,0.7433567746713886
outer,nato_outer_o2__train_strict_core__test_strict_core,2,siamese,deterministic_edge_triplet,derivative_1,triplet,3141,session3_row327,benzyl_fentanyl,benzyl_fentanyl,-0.1329250186681747,True,True,Pendar-1,pSERS_Metrohm_silver,,,benzyl_fentanyl,strict_core,0.7608729299383963
outer,nato_outer_o2__train_strict_core__test_strict_core,2,siamese,deterministic_edge_triplet,derivative_1,triplet,3141,session3_row332,blank,blank,-0.0921366438269615,True,True,Pendar-1,pSERS_Metrohm_silver,,,blank,strict_core,0.7858313002520647
outer,nato_outer_o2__train_strict_core__test_strict_core,2,siamese,deterministic_edge_triplet,derivative_1,triplet,3141,session3_row338,blank,acetaminophen,-0.2094270288944244,True,False,Agilent-1,NRC_Canadian_SERS,,,blank,strict_core,0.7089289234063295
outer,nato_outer_o2__train_strict_core__test_strict_core,2,siamese,deterministic_edge_triplet,derivative_1,triplet,3141,session3_row341,benzyl_fentanyl,acetaminophen,-0.3015653491020202,True,False,Agilent-1,NRC_Canadian_SERS,,,benzyl_fentanyl,strict_core,0.6383648124679512
outer,nato_outer_o2__train_strict_core__test_strict_core,2,siamese,deterministic_edge_triplet,derivative_1,triplet,3141,session3_row344,benzyl_fentanyl,benzyl_fentanyl,-0.1652547717094421,True,True,Pendar-1,pSERS_Metrohm_silver,,,benzyl_fentanyl,strict_core,0.7397206743189356
outer,nato_outer_o2__train_strict_core__test_strict_core,2,siamese,deterministic_edge_triplet,derivative_1,triplet,3141,session3_row387,4_ANPP,4_ANPP,-0.1751652359962463,True,True,RMX-2,pSERS_Metrohm_silver,,,4_ANPP,strict_core,0.7329990097431679
outer,nato_outer_o2__train_strict_core__test_strict_core,2,siamese,deterministic_edge_triplet,derivative_1,triplet,3141,session3_row388,4_ANPP,4_ANPP,-0.0286374390125274,True,True,Pendar-3,pSERS_Metrohm_silver,,,4_ANPP,strict_core,0.8208081347996983
outer,nato_outer_o2__train_strict_core__test_strict_core,2,siamese,deterministic_edge_triplet,derivative_1,triplet,3141,session3_row392,benzyl_fentanyl,benzyl_fentanyl,-0.1408039182424545,True,True,RMX-2,pSERS_Metrohm_silver,,,benzyl_fentanyl,strict_core,0.7558285463929034
outer,nato_outer_o2__train_strict_core__test_strict_core,2,siamese,deterministic_edge_triplet,derivative_1,triplet,3141,session3_row393,acetaminophen,benzyl_fentanyl,-0.2907018661499023,True,False,Pendar-3,pSERS_Metrohm_silver,,,acetaminophen,strict_core,0.6470800927672837
outer,nato_outer_o2__train_strict_core__test_strict_core,2,siamese,deterministic_edge_triplet,derivative_1,triplet,3141,session3_row394,acetaminophen,acetaminophen,-0.1013465002179145,True,True,RMX-2,pSERS_Metrohm_silver,,,acetaminophen,strict_core,0.7803660192918455
outer,nato_outer_o2__train_strict_core__test_strict_core,2,siamese,deterministic_edge_triplet,derivative_1,triplet,3141,session3_row397,4_ANPP,4_ANPP,-0.105328619480133,True,True,Pendar-3,pSERS_Metrohm_silver,,,4_ANPP,strict_core,0.7779721426901454
outer,nato_outer_o2__train_strict_core__test_strict_core,2,siamese,deterministic_edge_triplet,derivative_1,triplet,3141,session3_row398,4_ANPP,4_ANPP,-0.1606541872024536,True,True,RMX-2,pSERS_Metrohm_silver,,,4_ANPP,strict_core,0.7428034379780339
outer,nato_outer_o2__train_strict_core__test_strict_core,2,siamese,deterministic_edge_triplet,derivative_1,triplet,3141,session3_row401,4_ANPP,4_ANPP,-0.1453846395015716,True,True,Mira-1,pSERS_Metrohm_silver,,,4_ANPP,strict_core,0.7528628695571573
outer,nato_outer_o2__train_strict_core__test_strict_core,2,siamese,deterministic_edge_triplet,derivative_1,triplet,3141,session3_row403,4_ANPP,benzyl_fentanyl,-0.353832483291626,True,False,Agilent-3,pSERS_Metrohm_silver,,,4_ANPP,strict_core,0.5952381120340974
outer,nato_outer_o2__train_strict_core__test_strict_core,2,siamese,deterministic_edge_triplet,derivative_1,triplet,3141,session3_row404,benzyl_fentanyl,benzyl_fentanyl,-0.1109461039304733,True,True,Mira-1,pSERS_Metrohm_silver,,,benzyl_fentanyl,strict_core,0.7745635548111778
outer,nato_outer_o2__train_strict_core__test_strict_core,2,siamese,deterministic_edge_triplet,derivative_1,triplet,3141,session3_row406,benzyl_fentanyl,benzyl_fentanyl,-0.1330553293228149,True,True,Agilent-3,pSERS_Metrohm_silver,,,benzyl_fentanyl,strict_core,0.760790083913452
outer,nato_outer_o2__train_strict_core__test_strict_core,2,siamese,deterministic_edge_triplet,derivative_1,triplet,3141,session3_row407,acetaminophen,acetaminophen,-0.1324847638607025,True,True,Mira-1,pSERS_Metrohm_silver,,,acetaminophen,strict_core,0.7611526798516947
outer,nato_outer_o2__train_strict_core__test_strict_core,2,siamese,deterministic_edge_triplet,derivative_1,triplet,3141,session3_row408,acetaminophen,ethyl_paraoxon,-0.1888648122549057,True,False,Agilent-3,pSERS_Metrohm_silver,,,acetaminophen,strict_core,0.7235277138953156
outer,nato_outer_o2__train_strict_core__test_strict_core,2,siamese,deterministic_edge_triplet,derivative_1,triplet,3141,session3_row411,4_ANPP,4_ANPP,-0.0590012185275554,True,True,Mira-1,pSERS_Metrohm_silver,,,4_ANPP,strict_core,0.8046708144302596
outer,nato_outer_o2__train_strict_core__test_strict_core,2,siamese,deterministic_edge_triplet,derivative_1,triplet,3141,session3_row412,4_ANPP,benzyl_fentanyl,-0.3142550885677337,True,False,Agilent-3,pSERS_Metrohm_silver,,,4_ANPP,strict_core,0.6280682459688165
outer,nato_outer_o2__train_quality_pass__test_quality_pass,2,siamese,deterministic_edge_triplet,derivative_1,triplet,1729,session1_row14,benzyl_fentanyl,benzyl_fentanyl,-0.4774066209793091,True,True,Mira-3,pSERS_Metrohm_silver,,,benzyl_fentanyl,quality_pass,0.5698182700998978
outer,nato_outer_o2__train_quality_pass__test_quality_pass,2,siamese,deterministic_edge_triplet,derivative_1,triplet,1729,session1_row16,blank,blank,-0.2446402162313461,True,True,Mira-3,pSERS_Metrohm_silver,,,blank,quality_pass,0.6997346292219386
outer,nato_outer_o2__train_quality_pass__test_quality_pass,2,siamese,deterministic_edge_triplet,derivative_1,triplet,1729,session1_row17,blank,blank,-0.2042152434587478,True,True,Mira-3,pSERS_Metrohm_silver,,,blank,quality_pass,0.719936377050537
outer,nato_outer_o2__train_quality_pass__test_quality_pass,2,siamese,deterministic_edge_triplet,derivative_1,triplet,1729,session1_row20,blank,ethanol,-0.4834606647491455,True,False,Agilent-3,pSERS_Metrohm_silver,,,blank,quality_pass,0.5662129640529293
outer,nato_outer_o2__train_quality_pass__test_quality_pass,2,siamese,deterministic_edge_triplet,derivative_1,triplet,1729,session1_row21,benzyl_fentanyl,benzyl_fentanyl,-0.5883896946907043,True,True,Agilent-3,pSERS_Metrohm_silver,,,benzyl_fentanyl,quality_pass,0.5029383366414649
outer,nato_outer_o2__train_quality_pass__test_quality_pass,2,siamese,deterministic_edge_triplet,derivative_1,triplet,1729,session1_row48,blank,blank,-0.3112660944461822,True,True,Mira-3,pSERS_Metrohm_silver,,,blank,quality_pass,0.6647051579449778
outer,nato_outer_o2__train_quality_pass__test_quality_pass,2,siamese,deterministic_edge_triplet,derivative_1,triplet,1729,session1_row63,blank,ethyl_paraoxon,-0.3323736488819122,True,False,Pendar-2,pSERS_Metrohm_silver,,,blank,quality_pass,0.6531932234885255
outer,nato_outer_o2__train_quality_pass__test_quality_pass,2,siamese,deterministic_edge_triplet,derivative_1,triplet,1729,session1_row74,acetaminophen,ethanol,-0.3116518557071686,True,False,Mira-2,pSERS_Metrohm_silver,,,acetaminophen,quality_pass,0.6644964630638436
outer,nato_outer_o2__train_quality_pass__test_quality_pass,2,siamese,deterministic_edge_triplet,derivative_1,triplet,1729,session1_row75,acetaminophen,acetaminophen,-0.3125829994678497,True,True,RMX-2,pSERS_Metrohm_silver,,,acetaminophen,quality_pass,0.6639924542574831
outer,nato_outer_o2__train_quality_pass__test_quality_pass,2,siamese,deterministic_edge_triplet,derivative_1,triplet,1729,session1_row76,acetaminophen,acetaminophen,-0.2789318263530731,True,True,RMX-2,pSERS_Metrohm_silver,,,acetaminophen,quality_pass,0.681963215016078
outer,nato_outer_o2__train_quality_pass__test_quality_pass,2,siamese,deterministic_edge_triplet,derivative_1,triplet,1729,session1_row77,acetaminophen,4_ANPP,-0.432625949382782,True,False,RMX-2,pSERS_Metrohm_silver,,,acetaminophen,quality_pass,0.5962327623948737
outer,nato_outer_o2__train_quality_pass__test_quality_pass,2,siamese,deterministic_edge_triplet,derivative_1,triplet,1729,session1_row78,acetaminophen,ethanol,-0.3373507261276245,True,False,RMX-2,pSERS_Metrohm_silver,,,acetaminophen,quality_pass,0.6504518194203813
outer,nato_outer_o2__train_quality_pass__test_quality_pass,2,siamese,deterministic_edge_triplet,derivative_1,triplet,1729,session1_row79,acetaminophen,acetaminophen,-0.2125214338302612,True,True,RMX-2,pSERS_Metrohm_silver,,,acetaminophen,quality_pass,0.7158537653707564
outer,nato_outer_o2__train_quality_pass__test_quality_pass,2,siamese,deterministic_edge_triplet,derivative_1,triplet,1729,session1_row80,acetaminophen,ethanol,-0.3793597221374511,True,False,RMX-2,pSERS_Metrohm_silver,,,acetaminophen,quality_pass,0.6269302426506546
outer,nato_outer_o2__train_quality_pass__test_quality_pass,2,siamese,deterministic_edge_triplet,derivative_1,triplet,1729,session1_row85,acetaminophen,ethanol,-0.3898945748806,True,False,RMX-2,NRC_Canadian_SERS,,,acetaminophen,quality_pass,0.6209310051450219
outer,nato_outer_o2__train_quality_pass__test_quality_pass,2,siamese,deterministic_edge_triplet,derivative_1,triplet,1729,session1_row87,acetaminophen,ethanol,-0.2908405363559723,True,False,Mira-2,NRC_Canadian_SERS,,,acetaminophen,quality_pass,0.6756618735353408
outer,nato_outer_o2__train_quality_pass__test_quality_pass,2,siamese,deterministic_edge_triplet,derivative_1,triplet,1729,session1_row96,4_ANPP,4_ANPP,-0.1066392362117767,True,True,RMX-2,pSERS_Metrohm_silver,,,4_ANPP,quality_pass,0.7651209646072159
outer,nato_outer_o2__train_quality_pass__test_quality_pass,2,siamese,deterministic_edge_triplet,derivative_1,triplet,1729,session1_row97,4_ANPP,acetaminophen,-0.489489197731018,True,False,Pendar-3,NRC_Canadian_SERS,,,4_ANPP,quality_pass,0.5626158722435205
outer,nato_outer_o2__train_quality_pass__test_quality_pass,2,siamese,deterministic_edge_triplet,derivative_1,triplet,1729,session1_row98,4_ANPP,acetaminophen,-0.3100723028182983,True,False,Pendar-3,pSERS_Metrohm_silver,,,4_ANPP,quality_pass,0.665350585150235
outer,nato_outer_o2__train_quality_pass__test_quality_pass,2,siamese,deterministic_edge_triplet,derivative_1,triplet,1729,session1_row99,4_ANPP,4_ANPP,-0.1936249136924743,True,True,Pendar-3,pSERS_Metrohm_silver,,,4_ANPP,quality_pass,0.7250893600343348
outer,nato_outer_o2__train_quality_pass__test_quality_pass,2,siamese,deterministic_edge_triplet,derivative_1,triplet,1729,session1_row108,benzyl_fentanyl,ethanol,-0.2151227593421936,True,False,Mira-2,NRC_Canadian_SERS,,,benzyl_fentanyl,quality_pass,0.7145678214075941
outer,nato_outer_o2__train_quality_pass__test_quality_pass,2,siamese,deterministic_edge_triplet,derivative_1,triplet,1729,session1_row112,benzyl_fentanyl,acetaminophen,-0.2395431250333786,True,False,RMX-2,NRC_Canadian_SERS,,,benzyl_fentanyl,quality_pass,0.7023273399346558
outer,nato_outer_o2__train_quality_pass__test_quality_pass,2,siamese,deterministic_edge_triplet,derivative_1,triplet,1729,session1_row128,4_ANPP,4_ANPP,-0.1301147043704986,True,True,Pendar-3,pSERS_Metrohm_silver,,,4_ANPP,quality_pass,0.7547277507076527
outer,nato_outer_o2__train_quality_pass__test_quality_pass,2,siamese,deterministic_edge_triplet,derivative_1,triplet,1729,session1_row130,4_ANPP,4_ANPP,-0.2152122855186462,True,True,RMX-2,pSERS_Metrohm_silver,,,4_ANPP,quality_pass,0.7145235027099588
outer,nato_outer_o2__train_quality_pass__test_quality_pass,2,siamese,deterministic_edge_triplet,derivative_1,triplet,1729,session1_row131,4_ANPP,4_ANPP,-0.1732983738183975,True,True,RMX-2,NRC_Canadian_SERS,,,4_ANPP,quality_pass,0.7348131109897577
outer,nato_outer_o2__train_quality_pass__test_quality_pass,2,siamese,deterministic_edge_triplet,derivative_1,triplet,1729,session1_row211,4_nitrophenol,4_nitrophenol,-0.3317054510116577,True,True,Pendar-2,H_SERS_H_Kit,,,4_nitrophenol,quality_pass,0.6535605029775464
outer,nato_outer_o2__train_quality_pass__test_quality_pass,2,siamese,deterministic_edge_triplet,derivative_1,triplet,1729,session1_row215,4_nitrophenol,4_nitrophenol,-0.1254241913557052,True,True,RMX-1,H_SERS_H_Kit,,,4_nitrophenol,quality_pass,0.7568289496784886
outer,nato_outer_o2__train_quality_pass__test_quality_pass,2,siamese,deterministic_edge_triplet,derivative_1,triplet,1729,session1_row235,4_nitrophenol,4_nitrophenol,-0.1543922871351242,True,True,Mira-2,H_SERS_H_Kit,,,4_nitrophenol,quality_pass,0.7436575702373222
outer,nato_outer_o2__train_quality_pass__test_quality_pass,2,siamese,deterministic_edge_triplet,derivative_1,triplet,1729,session1_row255,ethanol,ethanol,-0.2515679001808166,True,True,Mira-2,H_SERS_H_Kit,,,ethanol,quality_pass,0.6961901890048032
outer,nato_outer_o2__train_quality_pass__test_quality_pass,2,siamese,deterministic_edge_triplet,derivative_1,triplet,1729,session2_row17,blank,4_nitrophenol,-0.2643468976020813,True,False,Pendar-3,pSERS_Metrohm_silver,,,blank,quality_pass,0.6895906678225161
outer,nato_outer_o2__train_quality_pass__test_quality_pass,2,siamese,deterministic_edge_triplet,derivative_1,triplet,1729,session2_row30,benzyl_fentanyl,benzyl_fentanyl,-0.1193642541766166,True,True,Mira-3,pSERS_Metrohm_silver,,,benzyl_fentanyl,quality_pass,0.7595254648953681
outer,nato_outer_o2__train_quality_pass__test_quality_pass,2,siamese,deterministic_edge_triplet,derivative_1,triplet,1729,session2_row34,benzyl_fentanyl,benzyl_fentanyl,-0.2411426901817321,True,True,Pendar-3,pSERS_Metrohm_silver,,,benzyl_fentanyl,quality_pass,0.7015150866301464
outer,nato_outer_o2__train_quality_pass__test_quality_pass,2,siamese,deterministic_edge_triplet,derivative_1,triplet,1729,session2_row44,blank,blank,-0.2506324052810669,True,True,Mira-3,pSERS_Metrohm_silver,,,blank,quality_pass,0.6966701963036739
outer,nato_outer_o2__train_quality_pass__test_quality_pass,2,siamese,deterministic_edge_triplet,derivative_1,triplet,1729,session2_row107,blank,blank,-0.2071845382452011,True,True,Agilent-3,pSERS_Metrohm_silver,,,blank,quality_pass,0.7184810471152543
outer,nato_outer_o2__train_quality_pass__test_quality_pass,2,siamese,deterministic_edge_triplet,derivative_1,triplet,1729,session2_row108,benzyl_fentanyl,benzyl_fentanyl,-0.1476613134145736,True,True,Agilent-3,pSERS_Metrohm_silver,,,benzyl_fentanyl,quality_pass,0.74675932068933
outer,nato_outer_o2__train_quality_pass__test_quality_pass,2,siamese,deterministic_edge_triplet,derivative_1,triplet,1729,session2_row113,blank,blank,-0.1567728221416473,True,True,Agilent-3,pSERS_Metrohm_silver,,,blank,quality_pass,0.7425546375972433
outer,nato_outer_o2__train_quality_pass__test_quality_pass,2,siamese,deterministic_edge_triplet,derivative_1,triplet,1729,session2_row117,benzyl_fentanyl,benzyl_fentanyl,-0.1397070735692978,True,True,Agilent-3,pSERS_Metrohm_silver,,,benzyl_fentanyl,quality_pass,0.7503926584456405
outer,nato_outer_o2__train_quality_pass__test_quality_pass,2,siamese,deterministic_edge_triplet,derivative_1,triplet,1729,session2_row137,4_ANPP,4_ANPP,-0.3580148816108703,True,True,Pendar-2,pSERS_Metrohm_silver,,,4_ANPP,quality_pass,0.6389647875344632
outer,nato_outer_o2__train_quality_pass__test_quality_pass,2,siamese,deterministic_edge_triplet,derivative_1,triplet,1729,session2_row142,benzyl_fentanyl,benzyl_fentanyl,-0.4976194202899933,True,True,Pendar-2,pSERS_Metrohm_silver,,,benzyl_fentanyl,quality_pass,0.5577543691702869
outer,nato_outer_o2__train_quality_pass__test_quality_pass,2,siamese,deterministic_edge_triplet,derivative_1,triplet,1729,session2_row143,benzyl_fentanyl,acetaminophen,-0.5745012760162354,True,False,Pendar-2,pSERS_Metrohm_silver,,,benzyl_fentanyl,quality_pass,0.511363222092366
outer,nato_outer_o2__train_quality_pass__test_quality_pass,2,siamese,deterministic_edge_triplet,derivative_1,triplet,1729,session2_row146,acetaminophen,acetaminophen,-0.2793003916740417,True,True,Pendar-2,pSERS_Metrohm_silver,,,acetaminophen,quality_pass,0.681769173902427
outer,nato_outer_o2__train_quality_pass__test_quality_pass,2,siamese,deterministic_edge_triplet,derivative_1,triplet,1729,session2_row150,benzyl_fentanyl,benzyl_fentanyl,-0.419547289609909,True,True,RMX-2,pSERS_Metrohm_silver,,,benzyl_fentanyl,quality_pass,0.6038503865750815
outer,nato_outer_o2__train_quality_pass__test_quality_pass,2,siamese,deterministic_edge_triplet,derivative_1,triplet,1729,session2_row151,acetaminophen,acetaminophen,-0.4038493633270263,True,True,RMX-2,pSERS_Metrohm_silver,,,acetaminophen,quality_pass,0.6129272110062461
outer,nato_outer_o2__train_quality_pass__test_quality_pass,2,siamese,deterministic_edge_triplet,derivative_1,triplet,1729,session2_row154,4_ANPP,4_ANPP,-0.358925461769104,True,True,RMX-2,pSERS_Metrohm_silver,,,4_ANPP,quality_pass,0.6384548133306023
outer,nato_outer_o2__train_quality_pass__test_quality_pass,2,siamese,deterministic_edge_triplet,derivative_1,triplet,1729,session2_row156,4_ANPP,4_ANPP,-0.3252926468849182,True,True,RMX-2,pSERS_Metrohm_silver,,,4_ANPP,quality_pass,0.6570759942253944
outer,nato_outer_o2__train_quality_pass__test_quality_pass,2,siamese,deterministic_edge_triplet,derivative_1,triplet,1729,session2_row162,4_ANPP,4_ANPP,-0.2150414884090423,True,True,Pendar-2,pSERS_Metrohm_silver,,,4_ANPP,quality_pass,0.7146080498827965
outer,nato_outer_o2__train_quality_pass__test_quality_pass,2,siamese,deterministic_edge_triplet,derivative_1,triplet,1729,session2_row183,4_ANPP,4_ANPP,-0.1611796766519546,True,True,RMX-2,pSERS_Metrohm_silver,,,4_ANPP,quality_pass,0.7405047195775903
outer,nato_outer_o2__train_quality_pass__test_quality_pass,2,siamese,deterministic_edge_triplet,derivative_1,triplet,1729,session2_row372,4_nitrophenol,ethyl_paraoxon,-0.2970936894416809,True,False,RMX-1,H_SERS_H_Kit,,,4_nitrophenol,quality_pass,0.6723272425680947
outer,nato_outer_o2__train_quality_pass__test_quality_pass,2,siamese,deterministic_edge_triplet,derivative_1,triplet,1729,session2_row380,4_nitrophenol,blank,-0.3499069511890411,True,False,Mira-2,H_SERS_H_Kit,,,4_nitrophenol,quality_pass,0.6434917497209839
outer,nato_outer_o2__train_quality_pass__test_quality_pass,2,siamese,deterministic_edge_triplet,derivative_1,triplet,1729,session2_row389,4_nitrophenol,blank,-0.346316248178482,True,False,Mira-2,NRC_Canadian_SERS,,,4_nitrophenol,quality_pass,0.6454884684454236
outer,nato_outer_o2__train_quality_pass__test_quality_pass,2,siamese,deterministic_edge_triplet,derivative_1,triplet,1729,session2_row394,4_nitrophenol,blank,-0.3743308186531067,True,False,RMX-1,NRC_Canadian_SERS,,,4_nitrophenol,quality_pass,0.6297804418373598
outer,nato_outer_o2__train_quality_pass__test_quality_pass,2,siamese,deterministic_edge_triplet,derivative_1,triplet,1729,session3_row95,4_nitrophenol,4_nitrophenol,-0.2947165966033935,True,True,Pendar-2,H_SERS_H_Kit,,,4_nitrophenol,quality_pass,0.6735969531724623
outer,nato_outer_o2__train_quality_pass__test_quality_pass,2,siamese,deterministic_edge_triplet,derivative_1,triplet,1729,session3_row101,ethanol,ethanol,-0.2130299359560012,True,True,Mira-2,H_SERS_H_Kit,,,ethanol,quality_pass,0.7156026663816021
outer,nato_outer_o2__train_quality_pass__test_quality_pass,2,siamese,deterministic_edge_triplet,derivative_1,triplet,1729,session3_row103,ethanol,ethanol,-0.1668539494276046,True,True,Mira-2,H_SERS_H_Kit,,,ethanol,quality_pass,0.7378496753919778
outer,nato_outer_o2__train_quality_pass__test_quality_pass,2,siamese,deterministic_edge_triplet,derivative_1,triplet,1729,session3_row141,4_nitrophenol,ethanol,-0.2235114723443985,True,False,Mira-2,H_SERS_H_Kit,,,4_nitrophenol,quality_pass,0.7103972233319338
outer,nato_outer_o2__train_quality_pass__test_quality_pass,2,siamese,deterministic_edge_triplet,derivative_1,triplet,1729,session3_row146,ethanol,benzyl_fentanyl,-0.580593466758728,True,False,Mira-2,H_SERS_H_Kit,,,ethanol,quality_pass,0.5076681364094229
outer,nato_outer_o2__train_quality_pass__test_quality_pass,2,siamese,deterministic_edge_triplet,derivative_1,triplet,1729,session3_row147,4_nitrophenol,4_nitrophenol,-0.090281143784523,True,True,Mira-2,H_SERS_H_Kit,,,4_nitrophenol,quality_pass,0.7721804585030585
outer,nato_outer_o2__train_quality_pass__test_quality_pass,2,siamese,deterministic_edge_triplet,derivative_1,triplet,1729,session3_row148,ethanol,ethanol,-0.1750776618719101,True,True,Mira-2,H_SERS_H_Kit,,,ethanol,quality_pass,0.7339707748178771
outer,nato_outer_o2__train_quality_pass__test_quality_pass,2,siamese,deterministic_edge_triplet,derivative_1,triplet,1729,session3_row150,ethyl_paraoxon,ethyl_paraoxon,-0.2460628598928451,True,True,Mira-2,H_SERS_H_Kit,,,ethyl_paraoxon,quality_pass,0.6990086833418236
outer,nato_outer_o2__train_quality_pass__test_quality_pass,2,siamese,deterministic_edge_triplet,derivative_1,triplet,1729,session3_row156,ethyl_paraoxon,ethyl_paraoxon,-0.1146290600299835,True,True,RMX-1,H_SERS_H_Kit,,,ethyl_paraoxon,quality_pass,0.7616182344013822
outer,nato_outer_o2__train_quality_pass__test_quality_pass,2,siamese,deterministic_edge_triplet,derivative_1,triplet,1729,session3_row157,ethanol,ethanol,-0.0838983282446861,True,True,RMX-1,H_SERS_H_Kit,,,ethanol,quality_pass,0.7748941248241652
outer,nato_outer_o2__train_quality_pass__test_quality_pass,2,siamese,deterministic_edge_triplet,derivative_1,triplet,1729,session3_row159,4_nitrophenol,4_nitrophenol,-0.1747522801160812,True,True,RMX-1,H_SERS_H_Kit,,,4_nitrophenol,quality_pass,0.7341249418018483
outer,nato_outer_o2__train_quality_pass__test_quality_pass,2,siamese,deterministic_edge_triplet,derivative_1,triplet,1729,session3_row162,ethyl_paraoxon,ethyl_paraoxon,-0.1281438916921615,True,True,Mira-2,H_SERS_H_Kit,,,ethyl_paraoxon,quality_pass,0.7556121018634159
outer,nato_outer_o2__train_quality_pass__test_quality_pass,2,siamese,deterministic_edge_triplet,derivative_1,triplet,1729,session3_row214,benzyl_fentanyl,benzyl_fentanyl,-0.5894514918327332,True,True,Pendar-1,pSERS_Metrohm_silver,,,benzyl_fentanyl,quality_pass,0.5022941081476975
outer,nato_outer_o2__train_quality_pass__test_quality_pass,2,siamese,deterministic_edge_triplet,derivative_1,triplet,1729,session3_row219,blank,blank,-0.276983380317688,True,True,Mira-3,pSERS_Metrohm_silver,,,blank,quality_pass,0.6829879761707753
outer,nato_outer_o2__train_quality_pass__test_quality_pass,2,siamese,deterministic_edge_triplet,derivative_1,triplet,1729,session3_row220,blank,blank,-0.417696088552475,True,True,Pendar-1,pSERS_Metrohm_silver,,,blank,quality_pass,0.6049246460066107
outer,nato_outer_o2__train_quality_pass__test_quality_pass,2,siamese,deterministic_edge_triplet,derivative_1,triplet,1729,session3_row222,benzyl_fentanyl,benzyl_fentanyl,-0.2804750204086303,True,True,Mira-3,pSERS_Metrohm_silver,,,benzyl_fentanyl,quality_pass,0.6811503382033103
outer,nato_outer_o2__train_quality_pass__test_quality_pass,2,siamese,deterministic_edge_triplet,derivative_1,triplet,1729,session3_row228,blank,4_ANPP,-0.4299018979072571,True,False,Mira-3,pSERS_Metrohm_silver,,,blank,quality_pass,0.5978233395542057
outer,nato_outer_o2__train_quality_pass__test_quality_pass,2,siamese,deterministic_edge_triplet,derivative_1,triplet,1729,session3_row242,blank,blank,-0.2803376615047455,True,True,Agilent-1,pSERS_Metrohm_silver,,,blank,quality_pass,0.6812227367490618
outer,nato_outer_o2__train_quality_pass__test_quality_pass,2,siamese,deterministic_edge_triplet,derivative_1,triplet,1729,session3_row245,benzyl_fentanyl,benzyl_fentanyl,-0.1744066625833511,True,True,Agilent-1,pSERS_Metrohm_silver,,,benzyl_fentanyl,quality_pass,0.7342886341411515
outer,nato_outer_o2__train_quality_pass__test_quality_pass,2,siamese,deterministic_edge_triplet,derivative_1,triplet,1729,session3_row251,benzyl_fentanyl,benzyl_fentanyl,-0.3660835921764374,True,True,Pendar-1,pSERS_Metrohm_silver,,,benzyl_fentanyl,quality_pass,0.6344350765682365
outer,nato_outer_o2__train_quality_pass__test_quality_pass,2,siamese,deterministic_edge_triplet,derivative_1,triplet,1729,session3_row262,blank,blank,-0.1833351999521255,True,True,Agilent-1,pSERS_Metrohm_silver,,,blank,quality_pass,0.7300392988583427
outer,nato_outer_o2__train_quality_pass__test_quality_pass,2,siamese,deterministic_edge_triplet,derivative_1,triplet,1729,session3_row275,benzyl_fentanyl,benzyl_fentanyl,-0.1376241743564605,True,True,Agilent-1,pSERS_Metrohm_silver,,,benzyl_fentanyl,quality_pass,0.751338316675809
outer,nato_outer_o2__train_quality_pass__test_quality_pass,2,siamese,deterministic_edge_triplet,derivative_1,triplet,1729,session3_row304,blank,ethanol,-0.5062572360038757,True,False,Mira-3,NRC_Canadian_SERS,,,blank,quality_pass,0.5525772160823358
outer,nato_outer_o2__train_quality_pass__test_quality_pass,2,siamese,deterministic_edge_triplet,derivative_1,triplet,1729,session3_row307,benzyl_fentanyl,blank,-0.3394786715507507,True,False,Mira-3,NRC_Canadian_SERS,,,benzyl_fentanyl,quality_pass,0.6492766794434462
outer,nato_outer_o2__train_quality_pass__test_quality_pass,2,siamese,deterministic_edge_triplet,derivative_1,triplet,1729,session3_row321,blank,blank,-0.4026890993118286,True,True,Mira-3,NRC_Canadian_SERS,,,blank,quality_pass,0.6135950785157084
outer,nato_outer_o2__train_quality_pass__test_quality_pass,2,siamese,deterministic_edge_triplet,derivative_1,triplet,1729,session3_row327,benzyl_fentanyl,benzyl_fentanyl,-0.2678717374801636,True,True,Pendar-1,pSERS_Metrohm_silver,,,benzyl_fentanyl,quality_pass,0.6877565038318273
outer,nato_outer_o2__train_quality_pass__test_quality_pass,2,siamese,deterministic_edge_triplet,derivative_1,triplet,1729,session3_row332,blank,blank,-0.3439938426017761,True,True,Pendar-1,pSERS_Metrohm_silver,,,blank,quality_pass,0.6467772226530349
outer,nato_outer_o2__train_quality_pass__test_quality_pass,2,siamese,deterministic_edge_triplet,derivative_1,triplet,1729,session3_row338,blank,ethanol,-0.4942505359649658,True,False,Agilent-1,NRC_Canadian_SERS,,,blank,quality_pass,0.5597702065753095
outer,nato_outer_o2__train_quality_pass__test_quality_pass,2,siamese,deterministic_edge_triplet,derivative_1,triplet,1729,session3_row341,benzyl_fentanyl,benzyl_fentanyl,-0.5045022368431091,True,True,Agilent-1,NRC_Canadian_SERS,,,benzyl_fentanyl,quality_pass,0.553630051285484
outer,nato_outer_o2__train_quality_pass__test_quality_pass,2,siamese,deterministic_edge_triplet,derivative_1,triplet,1729,session3_row344,benzyl_fentanyl,benzyl_fentanyl,-0.4090006351470947,True,True,Pendar-1,pSERS_Metrohm_silver,,,benzyl_fentanyl,quality_pass,0.6099569524857715
outer,nato_outer_o2__train_quality_pass__test_quality_pass,2,siamese,deterministic_edge_triplet,derivative_1,triplet,1729,session3_row387,4_ANPP,4_ANPP,-0.1327010989189148,True,True,RMX-2,pSERS_Metrohm_silver,,,4_ANPP,quality_pass,0.7535638997152738
outer,nato_outer_o2__train_quality_pass__test_quality_pass,2,siamese,deterministic_edge_triplet,derivative_1,triplet,1729,session3_row388,4_ANPP,4_ANPP,-0.268190860748291,True,True,Pendar-3,pSERS_Metrohm_silver,,,4_ANPP,quality_pass,0.6875901548928175
outer,nato_outer_o2__train_quality_pass__test_quality_pass,2,siamese,deterministic_edge_triplet,derivative_1,triplet,1729,session3_row392,benzyl_fentanyl,benzyl_fentanyl,-0.5459240078926086,True,True,RMX-2,pSERS_Metrohm_silver,,,benzyl_fentanyl,quality_pass,0.5286729651016153
outer,nato_outer_o2__train_quality_pass__test_quality_pass,2,siamese,deterministic_edge_triplet,derivative_1,triplet,1729,session3_row393,acetaminophen,ethyl_paraoxon,-0.1363147944211959,True,False,Pendar-3,pSERS_Metrohm_silver,,,acetaminophen,quality_pass,0.7519315606029077
outer,nato_outer_o2__train_quality_pass__test_quality_pass,2,siamese,deterministic_edge_triplet,derivative_1,triplet,1729,session3_row394,acetaminophen,blank,-0.1711611002683639,True,False,RMX-2,pSERS_Metrohm_silver,,,acetaminophen,quality_pass,0.735822665439967
outer,nato_outer_o2__train_quality_pass__test_quality_pass,2,siamese,deterministic_edge_triplet,derivative_1,triplet,1729,session3_row397,4_ANPP,acetaminophen,-0.4666924178600311,True,False,Pendar-3,pSERS_Metrohm_silver,,,4_ANPP,quality_pass,0.5761804558959951
outer,nato_outer_o2__train_quality_pass__test_quality_pass,2,siamese,deterministic_edge_triplet,derivative_1,triplet,1729,session3_row398,4_ANPP,4_ANPP,-0.254708468914032,True,True,RMX-2,pSERS_Metrohm_silver,,,4_ANPP,quality_pass,0.6945756217611158
outer,nato_outer_o2__train_quality_pass__test_quality_pass,2,siamese,deterministic_edge_triplet,derivative_1,triplet,1729,session3_row401,4_ANPP,4_ANPP,-0.3316085040569305,True,True,Mira-1,pSERS_Metrohm_silver,,,4_ANPP,quality_pass,0.653613775344737
outer,nato_outer_o2__train_quality_pass__test_quality_pass,2,siamese,deterministic_edge_triplet,derivative_1,triplet,1729,session3_row403,4_ANPP,ethyl_paraoxon,-0.4602106511592865,True,False,Agilent-3,pSERS_Metrohm_silver,,,4_ANPP,quality_pass,0.5800172996904414
outer,nato_outer_o2__train_quality_pass__test_quality_pass,2,siamese,deterministic_edge_triplet,derivative_1,triplet,1729,session3_row404,benzyl_fentanyl,benzyl_fentanyl,-0.2708613872528076,True,True,Mira-1,pSERS_Metrohm_silver,,,benzyl_fentanyl,quality_pass,0.6861962010101825
outer,nato_outer_o2__train_quality_pass__test_quality_pass,2,siamese,deterministic_edge_triplet,derivative_1,triplet,1729,session3_row406,benzyl_fentanyl,benzyl_fentanyl,-0.4302311539649963,True,True,Agilent-3,pSERS_Metrohm_silver,,,benzyl_fentanyl,quality_pass,0.5976311951457864
outer,nato_outer_o2__train_quality_pass__test_quality_pass,2,siamese,deterministic_edge_triplet,derivative_1,triplet,1729,session3_row408,acetaminophen,blank,-0.3674782216548919,True,False,Agilent-3,pSERS_Metrohm_silver,,,acetaminophen,quality_pass,0.6336496996889345
outer,nato_outer_o2__train_quality_pass__test_quality_pass,2,siamese,deterministic_edge_triplet,derivative_1,triplet,1729,session3_row411,4_ANPP,acetaminophen,-0.3961708545684814,True,False,Mira-1,pSERS_Metrohm_silver,,,4_ANPP,quality_pass,0.6173390860070751
outer,nato_outer_o2__train_quality_pass__test_quality_pass,2,siamese,deterministic_edge_triplet,derivative_1,triplet,1729,session3_row412,4_ANPP,acetaminophen,-0.5132557153701782,True,False,Agilent-3,pSERS_Metrohm_silver,,,4_ANPP,quality_pass,0.5483741846153839
outer,nato_outer_o2__train_quality_pass__test_quality_pass,2,siamese,deterministic_edge_triplet,derivative_1,triplet,2718,session1_row14,benzyl_fentanyl,benzyl_fentanyl,-0.1063965633511543,True,True,Mira-3,pSERS_Metrohm_silver,,,benzyl_fentanyl,quality_pass,0.7595153534762639
outer,nato_outer_o2__train_quality_pass__test_quality_pass,2,siamese,deterministic_edge_triplet,derivative_1,triplet,2718,session1_row16,blank,blank,-0.146046295762062,True,True,Mira-3,pSERS_Metrohm_silver,,,blank,quality_pass,0.7412610321199141
outer,nato_outer_o2__train_quality_pass__test_quality_pass,2,siamese,deterministic_edge_triplet,derivative_1,triplet,2718,session1_row17,blank,blank,-0.1541744023561477,True,True,Mira-3,pSERS_Metrohm_silver,,,blank,quality_pass,0.7374095137057237
outer,nato_outer_o2__train_quality_pass__test_quality_pass,2,siamese,deterministic_edge_triplet,derivative_1,triplet,2718,session1_row20,blank,acetaminophen,-0.4904603362083435,True,False,Agilent-3,pSERS_Metrohm_silver,,,blank,quality_pass,0.5512405772858092
outer,nato_outer_o2__train_quality_pass__test_quality_pass,2,siamese,deterministic_edge_triplet,derivative_1,triplet,2718,session1_row21,benzyl_fentanyl,benzyl_fentanyl,-0.4174610376358032,True,True,Agilent-3,pSERS_Metrohm_silver,,,benzyl_fentanyl,quality_pass,0.5951208364563775
outer,nato_outer_o2__train_quality_pass__test_quality_pass,2,siamese,deterministic_edge_triplet,derivative_1,triplet,2718,session1_row48,blank,acetaminophen,-0.2072316706180572,True,False,Mira-3,pSERS_Metrohm_silver,,,blank,quality_pass,0.711378789673391
outer,nato_outer_o2__train_quality_pass__test_quality_pass,2,siamese,deterministic_edge_triplet,derivative_1,triplet,2718,session1_row63,blank,acetaminophen,-0.1700934320688247,True,False,Pendar-2,pSERS_Metrohm_silver,,,blank,quality_pass,0.729760103286315
outer,nato_outer_o2__train_quality_pass__test_quality_pass,2,siamese,deterministic_edge_triplet,derivative_1,triplet,2718,session1_row74,acetaminophen,ethanol,-0.2038605660200119,True,False,Mira-2,pSERS_Metrohm_silver,,,acetaminophen,quality_pass,0.7130776733098989
outer,nato_outer_o2__train_quality_pass__test_quality_pass,2,siamese,deterministic_edge_triplet,derivative_1,triplet,2718,session1_row75,acetaminophen,acetaminophen,-0.240101933479309,True,True,RMX-2,pSERS_Metrohm_silver,,,acetaminophen,quality_pass,0.6945054713941647
outer,nato_outer_o2__train_quality_pass__test_quality_pass,2,siamese,deterministic_edge_triplet,derivative_1,triplet,2718,session1_row76,acetaminophen,acetaminophen,-0.1930273026227951,True,True,RMX-2,pSERS_Metrohm_silver,,,acetaminophen,quality_pass,0.7184964589739913
outer,nato_outer_o2__train_quality_pass__test_quality_pass,2,siamese,deterministic_edge_triplet,derivative_1,triplet,2718,session1_row77,acetaminophen,4_ANPP,-0.3101890087127685,True,False,RMX-2,pSERS_Metrohm_silver,,,acetaminophen,quality_pass,0.6567709595337645
outer,nato_outer_o2__train_quality_pass__test_quality_pass,2,siamese,deterministic_edge_triplet,derivative_1,triplet,2718,session1_row78,acetaminophen,blank,-0.0803636834025383,True,False,RMX-2,pSERS_Metrohm_silver,,,acetaminophen,quality_pass,0.7710119754552922
outer,nato_outer_o2__train_quality_pass__test_quality_pass,2,siamese,deterministic_edge_triplet,derivative_1,triplet,2718,session1_row79,acetaminophen,ethanol,-0.0966987013816833,True,False,RMX-2,pSERS_Metrohm_silver,,,acetaminophen,quality_pass,0.7638437320089502
outer,nato_outer_o2__train_quality_pass__test_quality_pass,2,siamese,deterministic_edge_triplet,derivative_1,triplet,2718,session1_row80,acetaminophen,ethanol,-0.1064037904143333,True,False,RMX-2,pSERS_Metrohm_silver,,,acetaminophen,quality_pass,0.7595121077435039
outer,nato_outer_o2__train_quality_pass__test_quality_pass,2,siamese,deterministic_edge_triplet,derivative_1,triplet,2718,session1_row85,acetaminophen,benzyl_fentanyl,-0.3844751417636871,True,False,RMX-2,NRC_Canadian_SERS,,,acetaminophen,quality_pass,0.6145033470560655
outer,nato_outer_o2__train_quality_pass__test_quality_pass,2,siamese,deterministic_edge_triplet,derivative_1,triplet,2718,session1_row87,acetaminophen,ethanol,-0.4360242187976837,True,False,Mira-2,NRC_Canadian_SERS,,,acetaminophen,quality_pass,0.5840769504828486
outer,nato_outer_o2__train_quality_pass__test_quality_pass,2,siamese,deterministic_edge_triplet,derivative_1,triplet,2718,session1_row96,4_ANPP,4_ANPP,-0.1311142593622207,True,True,RMX-2,pSERS_Metrohm_silver,,,4_ANPP,quality_pass,0.7482401203335057
outer,nato_outer_o2__train_quality_pass__test_quality_pass,2,siamese,deterministic_edge_triplet,derivative_1,triplet,2718,session1_row97,4_ANPP,ethanol,-0.2481633275747299,True,False,Pendar-3,NRC_Canadian_SERS,,,4_ANPP,quality_pass,0.6902838664940996
outer,nato_outer_o2__train_quality_pass__test_quality_pass,2,siamese,deterministic_edge_triplet,derivative_1,triplet,2718,session1_row98,4_ANPP,acetaminophen,-0.2503069639205932,True,False,Pendar-3,pSERS_Metrohm_silver,,,4_ANPP,quality_pass,0.6891558837824658
outer,nato_outer_o2__train_quality_pass__test_quality_pass,2,siamese,deterministic_edge_triplet,derivative_1,triplet,2718,session1_row99,4_ANPP,4_ANPP,-0.1177394688129425,True,True,Pendar-3,pSERS_Metrohm_silver,,,4_ANPP,quality_pass,0.7543843811628927
outer,nato_outer_o2__train_quality_pass__test_quality_pass,2,siamese,deterministic_edge_triplet,derivative_1,triplet,2718,session1_row108,benzyl_fentanyl,ethanol,-0.1990475803613662,True,False,Mira-2,NRC_Canadian_SERS,,,benzyl_fentanyl,quality_pass,0.7154928112783346
outer,nato_outer_o2__train_quality_pass__test_quality_pass,2,siamese,deterministic_edge_triplet,derivative_1,triplet,2718,session1_row112,benzyl_fentanyl,ethanol,-0.2179710865020752,True,False,RMX-2,NRC_Canadian_SERS,,,benzyl_fentanyl,quality_pass,0.7059269844876875
outer,nato_outer_o2__train_quality_pass__test_quality_pass,2,siamese,deterministic_edge_triplet,derivative_1,triplet,2718,session1_row128,4_ANPP,4_ANPP,-0.2206718474626541,True,True,Pendar-3,pSERS_Metrohm_silver,,,4_ANPP,quality_pass,0.7045465404655072
outer,nato_outer_o2__train_quality_pass__test_quality_pass,2,siamese,deterministic_edge_triplet,derivative_1,triplet,2718,session1_row130,4_ANPP,4_ANPP,-0.1381045281887054,True,True,RMX-2,pSERS_Metrohm_silver,,,4_ANPP,quality_pass,0.7449885540600034
outer,nato_outer_o2__train_quality_pass__test_quality_pass,2,siamese,deterministic_edge_triplet,derivative_1,triplet,2718,session1_row131,4_ANPP,4_ANPP,-0.4071889221668243,True,True,RMX-2,NRC_Canadian_SERS,,,4_ANPP,quality_pass,0.6011916976525178
outer,nato_outer_o2__train_quality_pass__test_quality_pass,2,siamese,deterministic_edge_triplet,derivative_1,triplet,2718,session1_row211,4_nitrophenol,4_nitrophenol,-0.083647109568119,True,True,Pendar-2,H_SERS_H_Kit,,,4_nitrophenol,quality_pass,0.7695834925727462
outer,nato_outer_o2__train_quality_pass__test_quality_pass,2,siamese,deterministic_edge_triplet,derivative_1,triplet,2718,session1_row215,4_nitrophenol,4_nitrophenol,-0.0590290836989879,True,True,RMX-1,H_SERS_H_Kit,,,4_nitrophenol,quality_pass,0.7801416324262757
outer,nato_outer_o2__train_quality_pass__test_quality_pass,2,siamese,deterministic_edge_triplet,derivative_1,triplet,2718,session1_row235,4_nitrophenol,4_nitrophenol,-0.1235529854893684,True,True,Mira-2,H_SERS_H_Kit,,,4_nitrophenol,quality_pass,0.751726183658407
outer,nato_outer_o2__train_quality_pass__test_quality_pass,2,siamese,deterministic_edge_triplet,derivative_1,triplet,2718,session1_row255,ethanol,ethanol,-0.1574335843324661,True,True,Mira-2,H_SERS_H_Kit,,,ethanol,quality_pass,0.7358548156920878
outer,nato_outer_o2__train_quality_pass__test_quality_pass,2,siamese,deterministic_edge_triplet,derivative_1,triplet,2718,session2_row17,blank,4_nitrophenol,-0.2805443406105041,True,False,Pendar-3,pSERS_Metrohm_silver,,,blank,quality_pass,0.6730094217506818
outer,nato_outer_o2__train_quality_pass__test_quality_pass,2,siamese,deterministic_edge_triplet,derivative_1,triplet,2718,session2_row30,benzyl_fentanyl,benzyl_fentanyl,-0.0832102969288826,True,True,Mira-3,pSERS_Metrohm_silver,,,benzyl_fentanyl,quality_pass,0.7697738911731211
outer,nato_outer_o2__train_quality_pass__test_quality_pass,2,siamese,deterministic_edge_triplet,derivative_1,triplet,2718,session2_row34,benzyl_fentanyl,benzyl_fentanyl,-0.0392879843711853,True,True,Pendar-3,pSERS_Metrohm_silver,,,benzyl_fentanyl,quality_pass,0.7883538970467752
outer,nato_outer_o2__train_quality_pass__test_quality_pass,2,siamese,deterministic_edge_triplet,derivative_1,triplet,2718,session2_row44,blank,ethanol,-0.338125079870224,True,False,Mira-3,pSERS_Metrohm_silver,,,blank,quality_pass,0.6411244384607013
outer,nato_outer_o2__train_quality_pass__test_quality_pass,2,siamese,deterministic_edge_triplet,derivative_1,triplet,2718,session2_row107,blank,blank,-0.2361959964036941,True,True,Agilent-3,pSERS_Metrohm_silver,,,blank,quality_pass,0.6965393053624598
outer,nato_outer_o2__train_quality_pass__test_quality_pass,2,siamese,deterministic_edge_triplet,derivative_1,triplet,2718,session2_row108,benzyl_fentanyl,benzyl_fentanyl,-0.0898772180080413,True,True,Agilent-3,pSERS_Metrohm_silver,,,benzyl_fentanyl,quality_pass,0.7668559056195444
outer,nato_outer_o2__train_quality_pass__test_quality_pass,2,siamese,deterministic_edge_triplet,derivative_1,triplet,2718,session2_row113,blank,blank,-0.1305237412452697,True,True,Agilent-3,pSERS_Metrohm_silver,,,blank,quality_pass,0.7485135396217197
outer,nato_outer_o2__train_quality_pass__test_quality_pass,2,siamese,deterministic_edge_triplet,derivative_1,triplet,2718,session2_row117,benzyl_fentanyl,benzyl_fentanyl,-0.1024712175130844,True,True,Agilent-3,pSERS_Metrohm_silver,,,benzyl_fentanyl,quality_pass,0.761273831821929
outer,nato_outer_o2__train_quality_pass__test_quality_pass,2,siamese,deterministic_edge_triplet,derivative_1,triplet,2718,session2_row137,4_ANPP,4_ANPP,-0.3118173778057098,True,True,Pendar-2,pSERS_Metrohm_silver,,,4_ANPP,quality_pass,0.6558678344237684
outer,nato_outer_o2__train_quality_pass__test_quality_pass,2,siamese,deterministic_edge_triplet,derivative_1,triplet,2718,session2_row142,benzyl_fentanyl,benzyl_fentanyl,-0.3470016419887543,True,True,Pendar-2,pSERS_Metrohm_silver,,,benzyl_fentanyl,quality_pass,0.6360873628479292
outer,nato_outer_o2__train_quality_pass__test_quality_pass,2,siamese,deterministic_edge_triplet,derivative_1,triplet,2718,session2_row143,benzyl_fentanyl,benzyl_fentanyl,-0.252800703048706,True,True,Pendar-2,pSERS_Metrohm_silver,,,benzyl_fentanyl,quality_pass,0.6878408443618547
outer,nato_outer_o2__train_quality_pass__test_quality_pass,2,siamese,deterministic_edge_triplet,derivative_1,triplet,2718,session2_row146,acetaminophen,ethanol,-0.2761596441268921,True,False,Pendar-2,pSERS_Metrohm_silver,,,acetaminophen,quality_pass,0.6753775619255177
outer,nato_outer_o2__train_quality_pass__test_quality_pass,2,siamese,deterministic_edge_triplet,derivative_1,triplet,2718,session2_row150,benzyl_fentanyl,benzyl_fentanyl,-0.2793487012386322,True,True,RMX-2,pSERS_Metrohm_silver,,,benzyl_fentanyl,quality_pass,0.673656058579377
outer,nato_outer_o2__train_quality_pass__test_quality_pass,2,siamese,deterministic_edge_triplet,derivative_1,triplet,2718,session2_row151,acetaminophen,acetaminophen,-0.2856445908546448,True,True,RMX-2,pSERS_Metrohm_silver,,,acetaminophen,quality_pass,0.6702436875456824
outer,nato_outer_o2__train_quality_pass__test_quality_pass,2,siamese,deterministic_edge_triplet,derivative_1,triplet,2718,session2_row154,4_ANPP,4_ANPP,-0.0697153881192207,True,True,RMX-2,pSERS_Metrohm_silver,,,4_ANPP,quality_pass,0.775601668165792
outer,nato_outer_o2__train_quality_pass__test_quality_pass,2,siamese,deterministic_edge_triplet,derivative_1,triplet,2718,session2_row156,4_ANPP,4_ANPP,-0.1985496580600738,True,True,RMX-2,pSERS_Metrohm_silver,,,4_ANPP,quality_pass,0.7157419667747559
outer,nato_outer_o2__train_quality_pass__test_quality_pass,2,siamese,deterministic_edge_triplet,derivative_1,triplet,2718,session2_row162,4_ANPP,4_ANPP,-0.2154018133878708,True,True,Pendar-2,pSERS_Metrohm_silver,,,4_ANPP,quality_pass,0.7072367217048564
outer,nato_outer_o2__train_quality_pass__test_quality_pass,2,siamese,deterministic_edge_triplet,derivative_1,triplet,2718,session2_row183,4_ANPP,4_ANPP,-0.0558309517800807,True,True,RMX-2,pSERS_Metrohm_silver,,,4_ANPP,quality_pass,0.7814874305642845
outer,nato_outer_o2__train_quality_pass__test_quality_pass,2,siamese,deterministic_edge_triplet,derivative_1,triplet,2718,session2_row372,4_nitrophenol,ethyl_paraoxon,-0.0857975780963897,True,False,RMX-1,H_SERS_H_Kit,,,4_nitrophenol,quality_pass,0.7686445351283485
outer,nato_outer_o2__train_quality_pass__test_quality_pass,2,siamese,deterministic_edge_triplet,derivative_1,triplet,2718,session2_row380,4_nitrophenol,ethyl_paraoxon,-0.2300689965486526,True,False,Mira-2,H_SERS_H_Kit,,,4_nitrophenol,quality_pass,0.699714195861341
outer,nato_outer_o2__train_quality_pass__test_quality_pass,2,siamese,deterministic_edge_triplet,derivative_1,triplet,2718,session2_row389,4_nitrophenol,ethyl_paraoxon,-0.191991701722145,True,False,Mira-2,NRC_Canadian_SERS,,,4_nitrophenol,quality_pass,0.7190111944626473
outer,nato_outer_o2__train_quality_pass__test_quality_pass,2,siamese,deterministic_edge_triplet,derivative_1,triplet,2718,session2_row394,4_nitrophenol,acetaminophen,-0.3368548452854156,True,False,RMX-1,NRC_Canadian_SERS,,,4_nitrophenol,quality_pass,0.6418427343952946
outer,nato_outer_o2__train_quality_pass__test_quality_pass,2,siamese,deterministic_edge_triplet,derivative_1,triplet,2718,session3_row95,4_nitrophenol,4_nitrophenol,-0.3436480462551117,True,True,Pendar-2,H_SERS_H_Kit,,,4_nitrophenol,quality_pass,0.637993964981408
outer,nato_outer_o2__train_quality_pass__test_quality_pass,2,siamese,deterministic_edge_triplet,derivative_1,triplet,2718,session3_row101,ethanol,ethanol,-0.1308108866214752,True,True,Mira-2,H_SERS_H_Kit,,,ethanol,quality_pass,0.7483806113743112
outer,nato_outer_o2__train_quality_pass__test_quality_pass,2,siamese,deterministic_edge_triplet,derivative_1,triplet,2718,session3_row103,ethanol,ethanol,-0.1566792130470276,True,True,Mira-2,H_SERS_H_Kit,,,ethanol,quality_pass,0.7362151908941869
outer,nato_outer_o2__train_quality_pass__test_quality_pass,2,siamese,deterministic_edge_triplet,derivative_1,triplet,2718,session3_row141,4_nitrophenol,ethanol,-0.1828793436288833,True,False,Mira-2,H_SERS_H_Kit,,,4_nitrophenol,quality_pass,0.7235155893953269
outer,nato_outer_o2__train_quality_pass__test_quality_pass,2,siamese,deterministic_edge_triplet,derivative_1,triplet,2718,session3_row146,ethanol,ethyl_paraoxon,-0.4520887434482574,True,False,Mira-2,H_SERS_H_Kit,,,ethanol,quality_pass,0.574450548904585
outer,nato_outer_o2__train_quality_pass__test_quality_pass,2,siamese,deterministic_edge_triplet,derivative_1,triplet,2718,session3_row147,4_nitrophenol,4_nitrophenol,-0.1946569383144378,True,True,Mira-2,H_SERS_H_Kit,,,4_nitrophenol,quality_pass,0.7176853040141022
outer,nato_outer_o2__train_quality_pass__test_quality_pass,2,siamese,deterministic_edge_triplet,derivative_1,triplet,2718,session3_row148,ethanol,ethanol,-0.2542465329170227,True,True,Mira-2,H_SERS_H_Kit,,,ethanol,quality_pass,0.6870770158335
outer,nato_outer_o2__train_quality_pass__test_quality_pass,2,siamese,deterministic_edge_triplet,derivative_1,triplet,2718,session3_row150,ethyl_paraoxon,ethyl_paraoxon,-0.1219193786382675,True,True,Mira-2,H_SERS_H_Kit,,,ethyl_paraoxon,quality_pass,0.7524750833522807
outer,nato_outer_o2__train_quality_pass__test_quality_pass,2,siamese,deterministic_edge_triplet,derivative_1,triplet,2718,session3_row156,ethyl_paraoxon,ethyl_paraoxon,-0.0488039329648017,True,True,RMX-1,H_SERS_H_Kit,,,ethyl_paraoxon,quality_pass,0.7844235700058143
outer,nato_outer_o2__train_quality_pass__test_quality_pass,2,siamese,deterministic_edge_triplet,derivative_1,triplet,2718,session3_row157,ethanol,ethanol,-0.1802235394716262,True,True,RMX-1,H_SERS_H_Kit,,,ethanol,quality_pass,0.7248199708440448
outer,nato_outer_o2__train_quality_pass__test_quality_pass,2,siamese,deterministic_edge_triplet,derivative_1,triplet,2718,session3_row159,4_nitrophenol,4_nitrophenol,-0.131838709115982,True,True,RMX-1,H_SERS_H_Kit,,,4_nitrophenol,quality_pass,0.7479044192506601
outer,nato_outer_o2__train_quality_pass__test_quality_pass,2,siamese,deterministic_edge_triplet,derivative_1,triplet,2718,session3_row162,ethyl_paraoxon,ethyl_paraoxon,-0.0437814407050609,True,True,Mira-2,H_SERS_H_Kit,,,ethyl_paraoxon,quality_pass,0.7865045500492798
outer,nato_outer_o2__train_quality_pass__test_quality_pass,2,siamese,deterministic_edge_triplet,derivative_1,triplet,2718,session3_row214,benzyl_fentanyl,benzyl_fentanyl,-0.3779758214950561,True,True,Pendar-1,pSERS_Metrohm_silver,,,benzyl_fentanyl,quality_pass,0.6182819791637606
outer,nato_outer_o2__train_quality_pass__test_quality_pass,2,siamese,deterministic_edge_triplet,derivative_1,triplet,2718,session3_row219,blank,blank,-0.2229984551668167,True,True,Mira-3,pSERS_Metrohm_silver,,,blank,quality_pass,0.7033543264555163
outer,nato_outer_o2__train_quality_pass__test_quality_pass,2,siamese,deterministic_edge_triplet,derivative_1,triplet,2718,session3_row220,blank,ethanol,-0.1923182755708694,True,False,Pendar-1,pSERS_Metrohm_silver,,,blank,quality_pass,0.718848935973802
outer,nato_outer_o2__train_quality_pass__test_quality_pass,2,siamese,deterministic_edge_triplet,derivative_1,triplet,2718,session3_row222,benzyl_fentanyl,benzyl_fentanyl,-0.2258254438638687,True,True,Mira-3,pSERS_Metrohm_silver,,,benzyl_fentanyl,quality_pass,0.7019019680093485
outer,nato_outer_o2__train_quality_pass__test_quality_pass,2,siamese,deterministic_edge_triplet,derivative_1,triplet,2718,session3_row228,blank,acetaminophen,-0.2099809199571609,True,False,Mira-3,pSERS_Metrohm_silver,,,blank,quality_pass,0.7099888766409791
outer,nato_outer_o2__train_quality_pass__test_quality_pass,2,siamese,deterministic_edge_triplet,derivative_1,triplet,2718,session3_row242,blank,ethanol,-0.1254246979951858,True,False,Agilent-1,pSERS_Metrohm_silver,,,blank,quality_pass,0.7508662649790814
outer,nato_outer_o2__train_quality_pass__test_quality_pass,2,siamese,deterministic_edge_triplet,derivative_1,triplet,2718,session3_row245,benzyl_fentanyl,benzyl_fentanyl,-0.1254724562168121,True,True,Agilent-1,pSERS_Metrohm_silver,,,benzyl_fentanyl,quality_pass,0.7508442974573516
outer,nato_outer_o2__train_quality_pass__test_quality_pass,2,siamese,deterministic_edge_triplet,derivative_1,triplet,2718,session3_row251,benzyl_fentanyl,benzyl_fentanyl,-0.1004958972334861,True,True,Pendar-1,pSERS_Metrohm_silver,,,benzyl_fentanyl,quality_pass,0.7621553917180595
outer,nato_outer_o2__train_quality_pass__test_quality_pass,2,siamese,deterministic_edge_triplet,derivative_1,triplet,2718,session3_row262,blank,ethanol,-0.0862238258123397,True,False,Agilent-1,pSERS_Metrohm_silver,,,blank,quality_pass,0.7684581056348347
outer,nato_outer_o2__train_quality_pass__test_quality_pass,2,siamese,deterministic_edge_triplet,derivative_1,triplet,2718,session3_row275,benzyl_fentanyl,benzyl_fentanyl,-0.0806959718465805,True,True,Agilent-1,pSERS_Metrohm_silver,,,benzyl_fentanyl,quality_pass,0.7708676940792295
outer,nato_outer_o2__train_quality_pass__test_quality_pass,2,siamese,deterministic_edge_triplet,derivative_1,triplet,2718,session3_row304,blank,ethanol,-0.4691658616065979,True,False,Mira-3,NRC_Canadian_SERS,,,blank,quality_pass,0.5641552716678466
outer,nato_outer_o2__train_quality_pass__test_quality_pass,2,siamese,deterministic_edge_triplet,derivative_1,triplet,2718,session3_row307,benzyl_fentanyl,ethanol,-0.1578388214111328,True,False,Mira-3,NRC_Canadian_SERS,,,benzyl_fentanyl,quality_pass,0.7356610972176075
outer,nato_outer_o2__train_quality_pass__test_quality_pass,2,siamese,deterministic_edge_triplet,derivative_1,triplet,2718,session3_row321,blank,ethanol,-0.3179793655872345,True,False,Mira-3,NRC_Canadian_SERS,,,blank,quality_pass,0.652440109744834
outer,nato_outer_o2__train_quality_pass__test_quality_pass,2,siamese,deterministic_edge_triplet,derivative_1,triplet,2718,session3_row327,benzyl_fentanyl,benzyl_fentanyl,-0.3796842992305755,True,True,Pendar-1,pSERS_Metrohm_silver,,,benzyl_fentanyl,quality_pass,0.6172900543015527
outer,nato_outer_o2__train_quality_pass__test_quality_pass,2,siamese,deterministic_edge_triplet,derivative_1,triplet,2718,session3_row332,blank,ethanol,-0.1911624372005462,True,False,Pendar-1,pSERS_Metrohm_silver,,,blank,quality_pass,0.7194229587723184
outer,nato_outer_o2__train_quality_pass__test_quality_pass,2,siamese,deterministic_edge_triplet,derivative_1,triplet,2718,session3_row338,blank,ethanol,-0.4227371513843536,True,False,Agilent-1,NRC_Canadian_SERS,,,blank,quality_pass,0.5919911568673021
outer,nato_outer_o2__train_quality_pass__test_quality_pass,2,siamese,deterministic_edge_triplet,derivative_1,triplet,2718,session3_row341,benzyl_fentanyl,benzyl_fentanyl,-0.2561144530773163,True,True,Agilent-1,NRC_Canadian_SERS,,,benzyl_fentanyl,quality_pass,0.6860886932108234
outer,nato_outer_o2__train_quality_pass__test_quality_pass,2,siamese,deterministic_edge_triplet,derivative_1,triplet,2718,session3_row344,benzyl_fentanyl,benzyl_fentanyl,-0.4412131011486053,True,True,Pendar-1,pSERS_Metrohm_silver,,,benzyl_fentanyl,quality_pass,0.580974234013381
outer,nato_outer_o2__train_quality_pass__test_quality_pass,2,siamese,deterministic_edge_triplet,derivative_1,triplet,2718,session3_row387,4_ANPP,4_ANPP,-0.1160825118422508,True,True,RMX-2,pSERS_Metrohm_silver,,,4_ANPP,quality_pass,0.7551384906816996
outer,nato_outer_o2__train_quality_pass__test_quality_pass,2,siamese,deterministic_edge_triplet,derivative_1,triplet,2718,session3_row388,4_ANPP,4_ANPP,-0.064139187335968,True,True,Pendar-3,pSERS_Metrohm_silver,,,4_ANPP,quality_pass,0.7779789298481368
outer,nato_outer_o2__train_quality_pass__test_quality_pass,2,siamese,deterministic_edge_triplet,derivative_1,triplet,2718,session3_row392,benzyl_fentanyl,benzyl_fentanyl,-0.2580048143863678,True,True,RMX-2,pSERS_Metrohm_silver,,,benzyl_fentanyl,quality_pass,0.6850867754954562
outer,nato_outer_o2__train_quality_pass__test_quality_pass,2,siamese,deterministic_edge_triplet,derivative_1,triplet,2718,session3_row393,acetaminophen,ethyl_paraoxon,-0.287912368774414,True,False,Pendar-3,pSERS_Metrohm_silver,,,acetaminophen,quality_pass,0.6690101206550058
outer,nato_outer_o2__train_quality_pass__test_quality_pass,2,siamese,deterministic_edge_triplet,derivative_1,triplet,2718,session3_row394,acetaminophen,blank,-0.2118959128856659,True,False,RMX-2,pSERS_Metrohm_silver,,,acetaminophen,quality_pass,0.7090183953050916
outer,nato_outer_o2__train_quality_pass__test_quality_pass,2,siamese,deterministic_edge_triplet,derivative_1,triplet,2718,session3_row397,4_ANPP,4_ANPP,-0.2599166631698608,True,True,Pendar-3,pSERS_Metrohm_silver,,,4_ANPP,quality_pass,0.6840717142537414
outer,nato_outer_o2__train_quality_pass__test_quality_pass,2,siamese,deterministic_edge_triplet,derivative_1,triplet,2718,session3_row398,4_ANPP,4_ANPP,-0.1247888207435607,True,True,RMX-2,pSERS_Metrohm_silver,,,4_ANPP,quality_pass,0.7511586283864751
outer,nato_outer_o2__train_quality_pass__test_quality_pass,2,siamese,deterministic_edge_triplet,derivative_1,triplet,2718,session3_row401,4_ANPP,4_ANPP,-0.1659599989652633,True,True,Mira-1,pSERS_Metrohm_silver,,,4_ANPP,quality_pass,0.7317597294408857
outer,nato_outer_o2__train_quality_pass__test_quality_pass,2,siamese,deterministic_edge_triplet,derivative_1,triplet,2718,session3_row403,4_ANPP,acetaminophen,-0.3225608170032501,True,False,Agilent-3,pSERS_Metrohm_silver,,,4_ANPP,quality_pass,0.649881286990849
outer,nato_outer_o2__train_quality_pass__test_quality_pass,2,siamese,deterministic_edge_triplet,derivative_1,triplet,2718,session3_row404,benzyl_fentanyl,benzyl_fentanyl,-0.1535005122423172,True,True,Mira-1,pSERS_Metrohm_silver,,,benzyl_fentanyl,quality_pass,0.7377302372875051
outer,nato_outer_o2__train_quality_pass__test_quality_pass,2,siamese,deterministic_edge_triplet,derivative_1,triplet,2718,session3_row406,benzyl_fentanyl,benzyl_fentanyl,-0.2874902784824371,True,True,Agilent-3,pSERS_Metrohm_silver,,,benzyl_fentanyl,quality_pass,0.6692398950063724
outer,nato_outer_o2__train_quality_pass__test_quality_pass,2,siamese,deterministic_edge_triplet,derivative_1,triplet,2718,session3_row408,acetaminophen,4_nitrophenol,-0.3432945907115936,True,False,Agilent-3,pSERS_Metrohm_silver,,,acetaminophen,quality_pass,0.6381946616036951
outer,nato_outer_o2__train_quality_pass__test_quality_pass,2,siamese,deterministic_edge_triplet,derivative_1,triplet,2718,session3_row411,4_ANPP,acetaminophen,-0.2804436385631561,True,False,Mira-1,pSERS_Metrohm_silver,,,4_ANPP,quality_pass,0.6730639097761348
outer,nato_outer_o2__train_quality_pass__test_quality_pass,2,siamese,deterministic_edge_triplet,derivative_1,triplet,2718,session3_row412,4_ANPP,acetaminophen,-0.2618365883827209,True,False,Agilent-3,pSERS_Metrohm_silver,,,4_ANPP,quality_pass,0.683050595653451
outer,nato_outer_o2__train_quality_pass__test_quality_pass,2,siamese,deterministic_edge_triplet,derivative_1,triplet,3141,session1_row14,benzyl_fentanyl,benzyl_fentanyl,-0.1105263084173202,True,True,Mira-3,pSERS_Metrohm_silver,,,benzyl_fentanyl,quality_pass,0.7799534462054514
outer,nato_outer_o2__train_quality_pass__test_quality_pass,2,siamese,deterministic_edge_triplet,derivative_1,triplet,3141,session1_row16,blank,blank,-0.1110167130827903,True,True,Mira-3,pSERS_Metrohm_silver,,,blank,quality_pass,0.779716614286501
outer,nato_outer_o2__train_quality_pass__test_quality_pass,2,siamese,deterministic_edge_triplet,derivative_1,triplet,3141,session1_row17,blank,blank,-0.1113490760326385,True,True,Mira-3,pSERS_Metrohm_silver,,,blank,quality_pass,0.7795560017650982
outer,nato_outer_o2__train_quality_pass__test_quality_pass,2,siamese,deterministic_edge_triplet,derivative_1,triplet,3141,session1_row20,blank,acetaminophen,-0.1512940675020218,True,False,Agilent-3,pSERS_Metrohm_silver,,,blank,quality_pass,0.7596432507960684
outer,nato_outer_o2__train_quality_pass__test_quality_pass,2,siamese,deterministic_edge_triplet,derivative_1,triplet,3141,session1_row21,benzyl_fentanyl,benzyl_fentanyl,-0.2904818952083587,True,True,Agilent-3,pSERS_Metrohm_silver,,,benzyl_fentanyl,quality_pass,0.6811845482182952
outer,nato_outer_o2__train_quality_pass__test_quality_pass,2,siamese,deterministic_edge_triplet,derivative_1,triplet,3141,session1_row48,blank,blank,-0.2897641956806183,True,True,Mira-3,pSERS_Metrohm_silver,,,blank,quality_pass,0.6816227988571465
outer,nato_outer_o2__train_quality_pass__test_quality_pass,2,siamese,deterministic_edge_triplet,derivative_1,triplet,3141,session1_row63,blank,ethanol,-0.1576851308345794,True,False,Pendar-2,pSERS_Metrohm_silver,,,blank,quality_pass,0.7563456816711198
outer,nato_outer_o2__train_quality_pass__test_quality_pass,2,siamese,deterministic_edge_triplet,derivative_1,triplet,3141,session1_row74,acetaminophen,ethanol,-0.1528332382440567,True,False,Mira-2,pSERS_Metrohm_silver,,,acetaminophen,quality_pass,0.7588518886041784
outer,nato_outer_o2__train_quality_pass__test_quality_pass,2,siamese,deterministic_edge_triplet,derivative_1,triplet,3141,session1_row75,acetaminophen,ethanol,-0.0442783795297145,True,False,RMX-2,pSERS_Metrohm_silver,,,acetaminophen,quality_pass,0.8102653854122231
outer,nato_outer_o2__train_quality_pass__test_quality_pass,2,siamese,deterministic_edge_triplet,derivative_1,triplet,3141,session1_row76,acetaminophen,acetaminophen,-0.0626054778695106,True,True,RMX-2,pSERS_Metrohm_silver,,,acetaminophen,quality_pass,0.8022133275521565
outer,nato_outer_o2__train_quality_pass__test_quality_pass,2,siamese,deterministic_edge_triplet,derivative_1,triplet,3141,session1_row77,acetaminophen,4_ANPP,-0.358544260263443,True,False,RMX-2,pSERS_Metrohm_silver,,,acetaminophen,quality_pass,0.6382500379972963
outer,nato_outer_o2__train_quality_pass__test_quality_pass,2,siamese,deterministic_edge_triplet,derivative_1,triplet,3141,session1_row78,acetaminophen,ethanol,-0.1380395144224167,True,False,RMX-2,pSERS_Metrohm_silver,,,acetaminophen,quality_pass,0.7663843733473161
outer,nato_outer_o2__train_quality_pass__test_quality_pass,2,siamese,deterministic_edge_triplet,derivative_1,triplet,3141,session1_row79,acetaminophen,ethanol,-0.1816942691802978,True,False,RMX-2,pSERS_Metrohm_silver,,,acetaminophen,quality_pass,0.7436860232261737
outer,nato_outer_o2__train_quality_pass__test_quality_pass,2,siamese,deterministic_edge_triplet,derivative_1,triplet,3141,session1_row80,acetaminophen,acetaminophen,-0.0510935857892036,True,True,RMX-2,pSERS_Metrohm_silver,,,acetaminophen,quality_pass,0.8073007932987742
outer,nato_outer_o2__train_quality_pass__test_quality_pass,2,siamese,deterministic_edge_triplet,derivative_1,triplet,3141,session1_row85,acetaminophen,benzyl_fentanyl,-0.3900835216045379,True,False,RMX-2,NRC_Canadian_SERS,,,acetaminophen,quality_pass,0.6175268433280009
outer,nato_outer_o2__train_quality_pass__test_quality_pass,2,siamese,deterministic_edge_triplet,derivative_1,triplet,3141,session1_row87,acetaminophen,ethyl_paraoxon,-0.1868116855621338,True,False,Mira-2,NRC_Canadian_SERS,,,acetaminophen,quality_pass,0.7409326449386315
outer,nato_outer_o2__train_quality_pass__test_quality_pass,2,siamese,deterministic_edge_triplet,derivative_1,triplet,3141,session1_row96,4_ANPP,4_ANPP,-0.1324613094329834,True,True,RMX-2,pSERS_Metrohm_silver,,,4_ANPP,quality_pass,0.7691817917938296
outer,nato_outer_o2__train_quality_pass__test_quality_pass,2,siamese,deterministic_edge_triplet,derivative_1,triplet,3141,session1_row97,4_ANPP,acetaminophen,-0.278850108385086,True,False,Pendar-3,NRC_Canadian_SERS,,,4_ANPP,quality_pass,0.6882473973002423
outer,nato_outer_o2__train_quality_pass__test_quality_pass,2,siamese,deterministic_edge_triplet,derivative_1,triplet,3141,session1_row98,4_ANPP,acetaminophen,-0.2246126234531402,True,False,Pendar-3,pSERS_Metrohm_silver,,,4_ANPP,quality_pass,0.720006968050702
outer,nato_outer_o2__train_quality_pass__test_quality_pass,2,siamese,deterministic_edge_triplet,derivative_1,triplet,3141,session1_row99,4_ANPP,4_ANPP,-0.1189429014921188,True,True,Pendar-3,pSERS_Metrohm_silver,,,4_ANPP,quality_pass,0.7758634604666778
outer,nato_outer_o2__train_quality_pass__test_quality_pass,2,siamese,deterministic_edge_triplet,derivative_1,triplet,3141,session1_row108,benzyl_fentanyl,ethanol,-0.1072365120053291,True,False,Mira-2,NRC_Canadian_SERS,,,benzyl_fentanyl,quality_pass,0.7815374648830687
outer,nato_outer_o2__train_quality_pass__test_quality_pass,2,siamese,deterministic_edge_triplet,derivative_1,triplet,3141,session1_row112,benzyl_fentanyl,ethyl_paraoxon,-0.272347092628479,True,False,RMX-2,NRC_Canadian_SERS,,,benzyl_fentanyl,quality_pass,0.6921585004430364
outer,nato_outer_o2__train_quality_pass__test_quality_pass,2,siamese,deterministic_edge_triplet,derivative_1,triplet,3141,session1_row128,4_ANPP,4_ANPP,-0.2147688865661621,True,True,Pendar-3,pSERS_Metrohm_silver,,,4_ANPP,quality_pass,0.7255546753100146
outer,nato_outer_o2__train_quality_pass__test_quality_pass,2,siamese,deterministic_edge_triplet,derivative_1,triplet,3141,session1_row130,4_ANPP,4_ANPP,-0.0107325604185462,True,True,RMX-2,pSERS_Metrohm_silver,,,4_ANPP,quality_pass,0.8243486189639828
outer,nato_outer_o2__train_quality_pass__test_quality_pass,2,siamese,deterministic_edge_triplet,derivative_1,triplet,3141,session1_row131,4_ANPP,4_ANPP,-0.4243625700473785,True,True,RMX-2,NRC_Canadian_SERS,,,4_ANPP,quality_pass,0.5945108565928101
outer,nato_outer_o2__train_quality_pass__test_quality_pass,2,siamese,deterministic_edge_triplet,derivative_1,triplet,3141,session1_row211,4_nitrophenol,4_nitrophenol,-0.2071855366230011,True,True,Pendar-2,H_SERS_H_Kit,,,4_nitrophenol,quality_pass,0.7297815655144272
outer,nato_outer_o2__train_quality_pass__test_quality_pass,2,siamese,deterministic_edge_triplet,derivative_1,triplet,3141,session1_row215,4_nitrophenol,4_nitrophenol,-0.0528971515595912,True,True,RMX-1,H_SERS_H_Kit,,,4_nitrophenol,quality_pass,0.8065103719884175
outer,nato_outer_o2__train_quality_pass__test_quality_pass,2,siamese,deterministic_edge_triplet,derivative_1,triplet,3141,session1_row235,4_nitrophenol,4_nitrophenol,-0.0152884814888238,True,True,Mira-2,H_SERS_H_Kit,,,4_nitrophenol,quality_pass,0.8224853467480263
outer,nato_outer_o2__train_quality_pass__test_quality_pass,2,siamese,deterministic_edge_triplet,derivative_1,triplet,3141,session1_row255,ethanol,acetaminophen,-0.1575902849435806,True,False,Mira-2,H_SERS_H_Kit,,,ethanol,quality_pass,0.75639484236199
outer,nato_outer_o2__train_quality_pass__test_quality_pass,2,siamese,deterministic_edge_triplet,derivative_1,triplet,3141,session2_row17,blank,4_nitrophenol,-0.1600661724805832,True,False,Pendar-3,pSERS_Metrohm_silver,,,blank,quality_pass,0.7551093335431095
outer,nato_outer_o2__train_quality_pass__test_quality_pass,2,siamese,deterministic_edge_triplet,derivative_1,triplet,3141,session2_row30,benzyl_fentanyl,benzyl_fentanyl,-0.0229306686669588,True,True,Mira-3,pSERS_Metrohm_silver,,,benzyl_fentanyl,quality_pass,0.8193251147750878
outer,nato_outer_o2__train_quality_pass__test_quality_pass,2,siamese,deterministic_edge_triplet,derivative_1,triplet,3141,session2_row34,benzyl_fentanyl,benzyl_fentanyl,-0.089690200984478,True,True,Pendar-3,pSERS_Metrohm_silver,,,benzyl_fentanyl,quality_pass,0.7898468218776704
outer,nato_outer_o2__train_quality_pass__test_quality_pass,2,siamese,deterministic_edge_triplet,derivative_1,triplet,3141,session2_row44,blank,4_nitrophenol,-0.3366579711437225,True,False,Mira-3,pSERS_Metrohm_silver,,,blank,quality_pass,0.6523393456572139
outer,nato_outer_o2__train_quality_pass__test_quality_pass,2,siamese,deterministic_edge_triplet,derivative_1,triplet,3141,session2_row107,blank,blank,-0.0766225829720497,True,True,Agilent-3,pSERS_Metrohm_silver,,,blank,quality_pass,0.7958829610476689
outer,nato_outer_o2__train_quality_pass__test_quality_pass,2,siamese,deterministic_edge_triplet,derivative_1,triplet,3141,session2_row108,benzyl_fentanyl,benzyl_fentanyl,-0.0871132686734199,True,True,Agilent-3,pSERS_Metrohm_silver,,,benzyl_fentanyl,quality_pass,0.7910474353463347
outer,nato_outer_o2__train_quality_pass__test_quality_pass,2,siamese,deterministic_edge_triplet,derivative_1,triplet,3141,session2_row113,blank,blank,-0.1326832324266433,True,True,Agilent-3,pSERS_Metrohm_silver,,,blank,quality_pass,0.7690709485970029
outer,nato_outer_o2__train_quality_pass__test_quality_pass,2,siamese,deterministic_edge_triplet,derivative_1,triplet,3141,session2_row117,benzyl_fentanyl,benzyl_fentanyl,-0.0772487223148346,True,True,Agilent-3,pSERS_Metrohm_silver,,,benzyl_fentanyl,quality_pass,0.7955967012012577
outer,nato_outer_o2__train_quality_pass__test_quality_pass,2,siamese,deterministic_edge_triplet,derivative_1,triplet,3141,session2_row137,4_ANPP,4_ANPP,-0.0819941535592079,True,True,Pendar-2,pSERS_Metrohm_silver,,,4_ANPP,quality_pass,0.7934174779197845
outer,nato_outer_o2__train_quality_pass__test_quality_pass,2,siamese,deterministic_edge_triplet,derivative_1,triplet,3141,session2_row142,benzyl_fentanyl,benzyl_fentanyl,-0.2877547144889831,True,True,Pendar-2,pSERS_Metrohm_silver,,,benzyl_fentanyl,quality_pass,0.6828481426869636
outer,nato_outer_o2__train_quality_pass__test_quality_pass,2,siamese,deterministic_edge_triplet,derivative_1,triplet,3141,session2_row143,benzyl_fentanyl,benzyl_fentanyl,-0.2482485622167587,True,True,Pendar-2,pSERS_Metrohm_silver,,,benzyl_fentanyl,quality_pass,0.7064104290272909
outer,nato_outer_o2__train_quality_pass__test_quality_pass,2,siamese,deterministic_edge_triplet,derivative_1,triplet,3141,session2_row146,acetaminophen,acetaminophen,-0.1176062896847724,True,True,Pendar-2,pSERS_Metrohm_silver,,,acetaminophen,quality_pass,0.7765165718762872
outer,nato_outer_o2__train_quality_pass__test_quality_pass,2,siamese,deterministic_edge_triplet,derivative_1,triplet,3141,session2_row150,benzyl_fentanyl,benzyl_fentanyl,-0.1196602880954742,True,True,RMX-2,pSERS_Metrohm_silver,,,benzyl_fentanyl,quality_pass,0.7755123630709073
outer,nato_outer_o2__train_quality_pass__test_quality_pass,2,siamese,deterministic_edge_triplet,derivative_1,triplet,3141,session2_row151,acetaminophen,4_ANPP,-0.2574826776981354,True,False,RMX-2,pSERS_Metrohm_silver,,,acetaminophen,quality_pass,0.7009949385331804
outer,nato_outer_o2__train_quality_pass__test_quality_pass,2,siamese,deterministic_edge_triplet,derivative_1,triplet,3141,session2_row154,4_ANPP,4_ANPP,-0.1410903036594391,True,True,RMX-2,pSERS_Metrohm_silver,,,4_ANPP,quality_pass,0.7648444941011273
outer,nato_outer_o2__train_quality_pass__test_quality_pass,2,siamese,deterministic_edge_triplet,derivative_1,triplet,3141,session2_row156,4_ANPP,4_ANPP,-0.0946678221225738,True,True,RMX-2,pSERS_Metrohm_silver,,,4_ANPP,quality_pass,0.7875133945912343
outer,nato_outer_o2__train_quality_pass__test_quality_pass,2,siamese,deterministic_edge_triplet,derivative_1,triplet,3141,session2_row162,4_ANPP,4_ANPP,-0.2162305861711502,True,True,Pendar-2,pSERS_Metrohm_silver,,,4_ANPP,quality_pass,0.7247352277921477
outer,nato_outer_o2__train_quality_pass__test_quality_pass,2,siamese,deterministic_edge_triplet,derivative_1,triplet,3141,session2_row183,4_ANPP,4_ANPP,-0.1019221544265747,True,True,RMX-2,pSERS_Metrohm_silver,,,4_ANPP,quality_pass,0.7840789076610858
outer,nato_outer_o2__train_quality_pass__test_quality_pass,2,siamese,deterministic_edge_triplet,derivative_1,triplet,3141,session2_row372,4_nitrophenol,ethyl_paraoxon,-0.0827650427818298,True,False,RMX-1,H_SERS_H_Kit,,,4_nitrophenol,quality_pass,0.7930618480303628
outer,nato_outer_o2__train_quality_pass__test_quality_pass,2,siamese,deterministic_edge_triplet,derivative_1,triplet,3141,session2_row380,4_nitrophenol,4_nitrophenol,-0.2213641554117202,True,True,Mira-2,H_SERS_H_Kit,,,4_nitrophenol,quality_pass,0.721845292049078
outer,nato_outer_o2__train_quality_pass__test_quality_pass,2,siamese,deterministic_edge_triplet,derivative_1,triplet,3141,session2_row389,4_nitrophenol,4_nitrophenol,-0.2184425592422485,True,True,Mira-2,NRC_Canadian_SERS,,,4_nitrophenol,quality_pass,0.7234922858816969
outer,nato_outer_o2__train_quality_pass__test_quality_pass,2,siamese,deterministic_edge_triplet,derivative_1,triplet,3141,session2_row394,4_nitrophenol,4_nitrophenol,-0.1109880581498146,True,True,RMX-1,NRC_Canadian_SERS,,,4_nitrophenol,quality_pass,0.7797304576891564
outer,nato_outer_o2__train_quality_pass__test_quality_pass,2,siamese,deterministic_edge_triplet,derivative_1,triplet,3141,session3_row95,4_nitrophenol,4_nitrophenol,-0.1487981081008911,True,True,Pendar-2,H_SERS_H_Kit,,,4_nitrophenol,quality_pass,0.760922766221255
outer,nato_outer_o2__train_quality_pass__test_quality_pass,2,siamese,deterministic_edge_triplet,derivative_1,triplet,3141,session3_row101,ethanol,ethanol,-0.0557013601064682,True,True,Mira-2,H_SERS_H_Kit,,,ethanol,quality_pass,0.8052765240265445
outer,nato_outer_o2__train_quality_pass__test_quality_pass,2,siamese,deterministic_edge_triplet,derivative_1,triplet,3141,session3_row103,ethanol,ethanol,-0.0758092403411865,True,True,Mira-2,H_SERS_H_Kit,,,ethanol,quality_pass,0.7962543616902954
outer,nato_outer_o2__train_quality_pass__test_quality_pass,2,siamese,deterministic_edge_triplet,derivative_1,triplet,3141,session3_row141,4_nitrophenol,ethanol,-0.0829683244228363,True,False,Mira-2,H_SERS_H_Kit,,,4_nitrophenol,quality_pass,0.7929679939270823
outer,nato_outer_o2__train_quality_pass__test_quality_pass,2,siamese,deterministic_edge_triplet,derivative_1,triplet,3141,session3_row146,ethanol,ethyl_paraoxon,-0.0190441589802503,True,False,Mira-2,H_SERS_H_Kit,,,ethanol,quality_pass,0.820937730200165
outer,nato_outer_o2__train_quality_pass__test_quality_pass,2,siamese,deterministic_edge_triplet,derivative_1,triplet,3141,session3_row147,4_nitrophenol,4_nitrophenol,-0.1694057136774063,True,True,Mira-2,H_SERS_H_Kit,,,4_nitrophenol,quality_pass,0.7502190110103538
outer,nato_outer_o2__train_quality_pass__test_quality_pass,2,siamese,deterministic_edge_triplet,derivative_1,triplet,3141,session3_row148,ethanol,ethanol,-0.1162585318088531,True,True,Mira-2,H_SERS_H_Kit,,,ethanol,quality_pass,0.7771737560747404
outer,nato_outer_o2__train_quality_pass__test_quality_pass,2,siamese,deterministic_edge_triplet,derivative_1,triplet,3141,session3_row150,ethyl_paraoxon,ethyl_paraoxon,-0.034177154302597,True,True,Mira-2,H_SERS_H_Kit,,,ethyl_paraoxon,quality_pass,0.8145949274560876
outer,nato_outer_o2__train_quality_pass__test_quality_pass,2,siamese,deterministic_edge_triplet,derivative_1,triplet,3141,session3_row156,ethyl_paraoxon,ethyl_paraoxon,-0.0597100108861923,True,True,RMX-1,H_SERS_H_Kit,,,ethyl_paraoxon,quality_pass,0.8035023788843831
outer,nato_outer_o2__train_quality_pass__test_quality_pass,2,siamese,deterministic_edge_triplet,derivative_1,triplet,3141,session3_row157,ethanol,ethanol,-0.1446508467197418,True,True,RMX-1,H_SERS_H_Kit,,,ethanol,quality_pass,0.7630384469923248
outer,nato_outer_o2__train_quality_pass__test_quality_pass,2,siamese,deterministic_edge_triplet,derivative_1,triplet,3141,session3_row159,4_nitrophenol,4_nitrophenol,-0.0830274075269699,True,True,RMX-1,H_SERS_H_Kit,,,4_nitrophenol,quality_pass,0.7929407096587634
outer,nato_outer_o2__train_quality_pass__test_quality_pass,2,siamese,deterministic_edge_triplet,derivative_1,triplet,3141,session3_row162,ethyl_paraoxon,ethyl_paraoxon,-0.0430381000041961,True,True,Mira-2,H_SERS_H_Kit,,,ethyl_paraoxon,quality_pass,0.810801130106235
outer,nato_outer_o2__train_quality_pass__test_quality_pass,2,siamese,deterministic_edge_triplet,derivative_1,triplet,3141,session3_row214,benzyl_fentanyl,benzyl_fentanyl,-0.3650916814804077,True,True,Pendar-1,pSERS_Metrohm_silver,,,benzyl_fentanyl,quality_pass,0.6339871964750792
outer,nato_outer_o2__train_quality_pass__test_quality_pass,2,siamese,deterministic_edge_triplet,derivative_1,triplet,3141,session3_row219,blank,blank,-0.0956901013851165,True,True,Mira-3,pSERS_Metrohm_silver,,,blank,quality_pass,0.7870318320857949
outer,nato_outer_o2__train_quality_pass__test_quality_pass,2,siamese,deterministic_edge_triplet,derivative_1,triplet,3141,session3_row220,blank,ethanol,-0.2305822670459747,True,False,Pendar-1,pSERS_Metrohm_silver,,,blank,quality_pass,0.7166094315050504
outer,nato_outer_o2__train_quality_pass__test_quality_pass,2,siamese,deterministic_edge_triplet,derivative_1,triplet,3141,session3_row222,benzyl_fentanyl,benzyl_fentanyl,-0.1626694500446319,True,True,Mira-3,pSERS_Metrohm_silver,,,benzyl_fentanyl,quality_pass,0.7537527474934406
outer,nato_outer_o2__train_quality_pass__test_quality_pass,2,siamese,deterministic_edge_triplet,derivative_1,triplet,3141,session3_row228,blank,acetaminophen,-0.3325672447681427,True,False,Mira-3,pSERS_Metrohm_silver,,,blank,quality_pass,0.654944292635992
outer,nato_outer_o2__train_quality_pass__test_quality_pass,2,siamese,deterministic_edge_triplet,derivative_1,triplet,3141,session3_row242,blank,acetaminophen,-0.1149439141154289,True,False,Agilent-1,pSERS_Metrohm_silver,,,blank,quality_pass,0.7778134515430665
outer,nato_outer_o2__train_quality_pass__test_quality_pass,2,siamese,deterministic_edge_triplet,derivative_1,triplet,3141,session3_row245,benzyl_fentanyl,benzyl_fentanyl,-0.1041711643338203,True,True,Agilent-1,pSERS_Metrohm_silver,,,benzyl_fentanyl,quality_pass,0.7830060042361809
outer,nato_outer_o2__train_quality_pass__test_quality_pass,2,siamese,deterministic_edge_triplet,derivative_1,triplet,3141,session3_row251,benzyl_fentanyl,benzyl_fentanyl,-0.0398010164499282,True,True,Pendar-1,pSERS_Metrohm_silver,,,benzyl_fentanyl,quality_pass,0.8121939380674708
outer,nato_outer_o2__train_quality_pass__test_quality_pass,2,siamese,deterministic_edge_triplet,derivative_1,triplet,3141,session3_row262,blank,ethanol,-0.1093278676271438,True,False,Agilent-1,pSERS_Metrohm_silver,,,blank,quality_pass,0.7805314417424376
outer,nato_outer_o2__train_quality_pass__test_quality_pass,2,siamese,deterministic_edge_triplet,derivative_1,triplet,3141,session3_row275,benzyl_fentanyl,benzyl_fentanyl,-0.0849474146962165,True,True,Agilent-1,pSERS_Metrohm_silver,,,benzyl_fentanyl,quality_pass,0.7920526143849796
outer,nato_outer_o2__train_quality_pass__test_quality_pass,2,siamese,deterministic_edge_triplet,derivative_1,triplet,3141,session3_row304,blank,ethanol,-0.1161994710564613,True,False,Mira-3,NRC_Canadian_SERS,,,blank,quality_pass,0.777202523312197
outer,nato_outer_o2__train_quality_pass__test_quality_pass,2,siamese,deterministic_edge_triplet,derivative_1,triplet,3141,session3_row307,benzyl_fentanyl,ethanol,-0.2235254645347595,True,False,Mira-3,NRC_Canadian_SERS,,,benzyl_fentanyl,quality_pass,0.7206230227169701
outer,nato_outer_o2__train_quality_pass__test_quality_pass,2,siamese,deterministic_edge_triplet,derivative_1,triplet,3141,session3_row321,blank,ethanol,-0.0628725364804267,True,False,Mira-3,NRC_Canadian_SERS,,,blank,quality_pass,0.8020941136842066
outer,nato_outer_o2__train_quality_pass__test_quality_pass,2,siamese,deterministic_edge_triplet,derivative_1,triplet,3141,session3_row327,benzyl_fentanyl,benzyl_fentanyl,-0.2000850886106491,True,True,Pendar-1,pSERS_Metrohm_silver,,,benzyl_fentanyl,quality_pass,0.7337019210988495
outer,nato_outer_o2__train_quality_pass__test_quality_pass,2,siamese,deterministic_edge_triplet,derivative_1,triplet,3141,session3_row332,blank,ethanol,-0.1473791450262069,True,False,Pendar-1,pSERS_Metrohm_silver,,,blank,quality_pass,0.7616480901305392
outer,nato_outer_o2__train_quality_pass__test_quality_pass,2,siamese,deterministic_edge_triplet,derivative_1,triplet,3141,session3_row338,blank,ethanol,-0.1113498210906982,True,False,Agilent-1,NRC_Canadian_SERS,,,blank,quality_pass,0.7795556416256584
outer,nato_outer_o2__train_quality_pass__test_quality_pass,2,siamese,deterministic_edge_triplet,derivative_1,triplet,3141,session3_row341,benzyl_fentanyl,benzyl_fentanyl,-0.0878338068723678,True,True,Agilent-1,NRC_Canadian_SERS,,,benzyl_fentanyl,quality_pass,0.7907122399382803
outer,nato_outer_o2__train_quality_pass__test_quality_pass,2,siamese,deterministic_edge_triplet,derivative_1,triplet,3141,session3_row344,benzyl_fentanyl,ethyl_paraoxon,-0.2800112962722778,True,False,Pendar-1,pSERS_Metrohm_silver,,,benzyl_fentanyl,quality_pass,0.6875461703535133
outer,nato_outer_o2__train_quality_pass__test_quality_pass,2,siamese,deterministic_edge_triplet,derivative_1,triplet,3141,session3_row387,4_ANPP,4_ANPP,-0.0961915627121925,True,True,RMX-2,pSERS_Metrohm_silver,,,4_ANPP,quality_pass,0.7867953191255339
outer,nato_outer_o2__train_quality_pass__test_quality_pass,2,siamese,deterministic_edge_triplet,derivative_1,triplet,3141,session3_row388,4_ANPP,4_ANPP,-0.0642328262329101,True,True,Pendar-3,pSERS_Metrohm_silver,,,4_ANPP,quality_pass,0.8014860459925719
outer,nato_outer_o2__train_quality_pass__test_quality_pass,2,siamese,deterministic_edge_triplet,derivative_1,triplet,3141,session3_row392,benzyl_fentanyl,benzyl_fentanyl,-0.205135628581047,True,True,RMX-2,pSERS_Metrohm_silver,,,benzyl_fentanyl,quality_pass,0.730917101068716
outer,nato_outer_o2__train_quality_pass__test_quality_pass,2,siamese,deterministic_edge_triplet,derivative_1,triplet,3141,session3_row393,acetaminophen,ethyl_paraoxon,-0.1835056990385055,True,False,Pendar-3,pSERS_Metrohm_silver,,,acetaminophen,quality_pass,0.7427135967709865
outer,nato_outer_o2__train_quality_pass__test_quality_pass,2,siamese,deterministic_edge_triplet,derivative_1,triplet,3141,session3_row394,acetaminophen,blank,-0.178351029753685,True,False,RMX-2,pSERS_Metrohm_silver,,,acetaminophen,quality_pass,0.7454744321671927
outer,nato_outer_o2__train_quality_pass__test_quality_pass,2,siamese,deterministic_edge_triplet,derivative_1,triplet,3141,session3_row397,4_ANPP,4_ANPP,-0.2651066780090332,True,True,Pendar-3,pSERS_Metrohm_silver,,,4_ANPP,quality_pass,0.696480847719804
outer,nato_outer_o2__train_quality_pass__test_quality_pass,2,siamese,deterministic_edge_triplet,derivative_1,triplet,3141,session3_row398,4_ANPP,4_ANPP,-0.0853554978966713,True,True,RMX-2,pSERS_Metrohm_silver,,,4_ANPP,quality_pass,0.7918634948056623
outer,nato_outer_o2__train_quality_pass__test_quality_pass,2,siamese,deterministic_edge_triplet,derivative_1,triplet,3141,session3_row401,4_ANPP,4_ANPP,-0.0892172381281852,True,True,Mira-1,pSERS_Metrohm_silver,,,4_ANPP,quality_pass,0.7900675578396616
outer,nato_outer_o2__train_quality_pass__test_quality_pass,2,siamese,deterministic_edge_triplet,derivative_1,triplet,3141,session3_row403,4_ANPP,acetaminophen,-0.3155489563941955,True,False,Agilent-3,pSERS_Metrohm_silver,,,4_ANPP,quality_pass,0.6656805423235916
outer,nato_outer_o2__train_quality_pass__test_quality_pass,2,siamese,deterministic_edge_triplet,derivative_1,triplet,3141,session3_row404,benzyl_fentanyl,benzyl_fentanyl,-0.11532624065876,True,True,Mira-1,pSERS_Metrohm_silver,,,benzyl_fentanyl,quality_pass,0.7776275461006292
outer,nato_outer_o2__train_quality_pass__test_quality_pass,2,siamese,deterministic_edge_triplet,derivative_1,triplet,3141,session3_row406,benzyl_fentanyl,benzyl_fentanyl,-0.1936855912208557,True,True,Agilent-3,pSERS_Metrohm_silver,,,benzyl_fentanyl,quality_pass,0.7372040608549547
outer,nato_outer_o2__train_quality_pass__test_quality_pass,2,siamese,deterministic_edge_triplet,derivative_1,triplet,3141,session3_row408,acetaminophen,ethyl_paraoxon,-0.2248249948024749,True,False,Agilent-3,pSERS_Metrohm_silver,,,acetaminophen,quality_pass,0.7198865278057389
outer,nato_outer_o2__train_quality_pass__test_quality_pass,2,siamese,deterministic_edge_triplet,derivative_1,triplet,3141,session3_row411,4_ANPP,acetaminophen,-0.1750538498163223,True,False,Mira-1,pSERS_Metrohm_silver,,,4_ANPP,quality_pass,0.7472301343174481
outer,nato_outer_o2__train_quality_pass__test_quality_pass,2,siamese,deterministic_edge_triplet,derivative_1,triplet,3141,session3_row412,4_ANPP,acetaminophen,-0.25277841091156,True,False,Agilent-3,pSERS_Metrohm_silver,,,4_ANPP,quality_pass,0.7037609899950925
outer,nato_outer_o2__train_quality_pass__test_field_quality_stress,2,siamese,deterministic_edge_triplet,derivative_1,triplet,1729,session1_row46,blank,blank,-0.5732816457748413,True,True,Mira-3,pSERS_Metrohm_silver,,,blank,field_quality_stress,0.358039952764869
outer,nato_outer_o2__train_quality_pass__test_field_quality_stress,2,siamese,deterministic_edge_triplet,derivative_1,triplet,1729,session1_row72,acetaminophen,acetaminophen,-0.1048105508089065,True,True,Pendar-3,pSERS_Metrohm_silver,,,acetaminophen,field_quality_stress,0.4162447016553903
outer,nato_outer_o2__train_quality_pass__test_field_quality_stress,2,siamese,deterministic_edge_triplet,derivative_1,triplet,1729,session1_row82,acetaminophen,ethanol,-0.5292947888374329,True,False,Pendar-3,NRC_Canadian_SERS,,,acetaminophen,field_quality_stress,0.3633591007942203
outer,nato_outer_o2__train_quality_pass__test_field_quality_stress,2,siamese,deterministic_edge_triplet,derivative_1,triplet,1729,session1_row106,benzyl_fentanyl,4_ANPP,-0.5600904226303101,True,False,Pendar-3,NRC_Canadian_SERS,,,benzyl_fentanyl,field_quality_stress,0.3596315164030152
outer,nato_outer_o2__train_quality_pass__test_field_quality_stress,2,siamese,deterministic_edge_triplet,derivative_1,triplet,1729,session1_row125,4_ANPP,acetaminophen,-0.4673340916633606,True,False,Pendar-3,NRC_Canadian_SERS,,,4_ANPP,field_quality_stress,0.3709085538167814
outer,nato_outer_o2__train_quality_pass__test_field_quality_stress,2,siamese,deterministic_edge_triplet,derivative_1,triplet,1729,session1_row248,4_nitrophenol,4_nitrophenol,-0.2820932269096374,True,True,Pendar-2,GaN_polymer,,,4_nitrophenol,field_quality_stress,0.39384503912192964
outer,nato_outer_o2__train_quality_pass__test_field_quality_stress,2,siamese,deterministic_edge_triplet,derivative_1,triplet,1729,session1_row249,4_nitrophenol,4_ANPP,-0.4761478006839752,True,False,Pendar-2,GaN_polymer,,,4_nitrophenol,field_quality_stress,0.3698307145616621
outer,nato_outer_o2__train_quality_pass__test_field_quality_stress,2,siamese,deterministic_edge_triplet,derivative_1,triplet,1729,session1_row256,ethanol,acetaminophen,-0.4408291280269623,True,False,Mira-2,H_SERS_H_Kit,,,ethanol,field_quality_stress,0.37415759549221045
outer,nato_outer_o2__train_quality_pass__test_field_quality_stress,2,siamese,deterministic_edge_triplet,derivative_1,triplet,1729,session1_row259,ethanol,ethanol,-0.1673288196325302,True,True,Pendar-2,H_SERS_H_Kit,,,ethanol,field_quality_stress,0.4083008473894351
outer,nato_outer_o2__train_quality_pass__test_field_quality_stress,2,siamese,deterministic_edge_triplet,derivative_1,triplet,1729,session1_row260,ethanol,ethanol,-0.3711054027080536,True,True,Pendar-2,H_SERS_H_Kit,,,ethanol,field_quality_stress,0.38275819946870815
outer,nato_outer_o2__train_quality_pass__test_field_quality_stress,2,siamese,deterministic_edge_triplet,derivative_1,triplet,1729,session2_row43,blank,acetaminophen,-0.4027867615222931,True,False,Pendar-3,pSERS_Metrohm_silver,,,blank,field_quality_stress,0.3788407534809177
outer,nato_outer_o2__train_quality_pass__test_field_quality_stress,2,siamese,deterministic_edge_triplet,derivative_1,triplet,1729,session2_row147,acetaminophen,blank,-0.2665957808494568,True,False,Pendar-2,pSERS_Metrohm_silver,,,acetaminophen,field_quality_stress,0.39578689103727865
outer,nato_outer_o2__train_quality_pass__test_field_quality_stress,2,siamese,deterministic_edge_triplet,derivative_1,triplet,1729,session2_row373,4_nitrophenol,ethyl_paraoxon,-0.3921330869197845,True,False,Pendar-3,H_SERS_H_Kit,,,4_nitrophenol,field_quality_stress,0.38015636147589144
outer,nato_outer_o2__train_quality_pass__test_field_quality_stress,2,siamese,deterministic_edge_triplet,derivative_1,triplet,1729,session2_row376,4_nitrophenol,ethyl_paraoxon,-0.372216135263443,True,False,Pendar-3,H_SERS_H_Kit,,,4_nitrophenol,field_quality_stress,0.3826205944902893
outer,nato_outer_o2__train_quality_pass__test_field_quality_stress,2,siamese,deterministic_edge_triplet,derivative_1,triplet,1729,session3_row58,4_nitrophenol,acetaminophen,-0.1246687173843383,True,False,Pendar-2,H_SERS_H_Kit,,,4_nitrophenol,field_quality_stress,0.41371650629819107
outer,nato_outer_o2__train_quality_pass__test_field_quality_stress,2,siamese,deterministic_edge_triplet,derivative_1,triplet,1729,session3_row71,ethanol,blank,-0.3718951642513275,True,False,Pendar-2,H_SERS_H_Kit,,,ethanol,field_quality_stress,0.3826603565940769
outer,nato_outer_o2__train_quality_pass__test_field_quality_stress,2,siamese,deterministic_edge_triplet,derivative_1,triplet,1729,session3_row73,ethanol,ethanol,-0.3910964727401733,True,True,Pendar-2,H_SERS_H_Kit,,,ethanol,field_quality_stress,0.38028446595730425
outer,nato_outer_o2__train_quality_pass__test_field_quality_stress,2,siamese,deterministic_edge_triplet,derivative_1,triplet,1729,session3_row82,ethyl_paraoxon,blank,-0.2818359434604645,True,False,Pendar-2,H_SERS_H_Kit,,,ethyl_paraoxon,field_quality_stress,0.3938772499281531
outer,nato_outer_o2__train_quality_pass__test_field_quality_stress,2,siamese,deterministic_edge_triplet,derivative_1,triplet,1729,session3_row94,ethyl_paraoxon,blank,-0.3241102993488312,True,False,Pendar-2,H_SERS_H_Kit,,,ethyl_paraoxon,field_quality_stress,0.38859724083968783
outer,nato_outer_o2__train_quality_pass__test_field_quality_stress,2,siamese,deterministic_edge_triplet,derivative_1,triplet,1729,session3_row96,ethanol,acetaminophen,-0.3835225701332092,True,False,Pendar-2,H_SERS_H_Kit,,,ethanol,field_quality_stress,0.38122095165532877
outer,nato_outer_o2__train_quality_pass__test_field_quality_stress,2,siamese,deterministic_edge_triplet,derivative_1,triplet,1729,session3_row212,blank,acetaminophen,-0.1244531869888305,True,False,Pendar-1,pSERS_Metrohm_silver,,,blank,field_quality_stress,0.4137439218984697
outer,nato_outer_o2__train_quality_pass__test_field_quality_stress,2,siamese,deterministic_edge_triplet,derivative_1,triplet,1729,session3_row407,acetaminophen,acetaminophen,-0.383099228143692,True,True,Mira-1,pSERS_Metrohm_silver,,,acetaminophen,field_quality_stress,0.3812733225075666
outer,nato_outer_o2__train_quality_pass__test_field_quality_stress,2,siamese,deterministic_edge_triplet,derivative_1,triplet,2718,session1_row46,blank,blank,-0.3070175051689148,True,True,Mira-3,pSERS_Metrohm_silver,,,blank,field_quality_stress,0.3651860446258958
outer,nato_outer_o2__train_quality_pass__test_field_quality_stress,2,siamese,deterministic_edge_triplet,derivative_1,triplet,2718,session1_row72,acetaminophen,acetaminophen,-0.1426266878843307,True,True,Pendar-3,pSERS_Metrohm_silver,,,acetaminophen,field_quality_stress,0.3935530087267894
outer,nato_outer_o2__train_quality_pass__test_field_quality_stress,2,siamese,deterministic_edge_triplet,derivative_1,triplet,2718,session1_row82,acetaminophen,acetaminophen,-0.3056969344615936,True,True,Pendar-3,NRC_Canadian_SERS,,,acetaminophen,field_quality_stress,0.3654105222588631
outer,nato_outer_o2__train_quality_pass__test_field_quality_stress,2,siamese,deterministic_edge_triplet,derivative_1,triplet,2718,session1_row106,benzyl_fentanyl,benzyl_fentanyl,-0.4003024697303772,True,True,Pendar-3,NRC_Canadian_SERS,,,benzyl_fentanyl,field_quality_stress,0.34948195441758667
outer,nato_outer_o2__train_quality_pass__test_field_quality_stress,2,siamese,deterministic_edge_triplet,derivative_1,triplet,2718,session1_row125,4_ANPP,ethanol,-0.4240644872188568,True,False,Pendar-3,NRC_Canadian_SERS,,,4_ANPP,field_quality_stress,0.3455318073589988
outer,nato_outer_o2__train_quality_pass__test_field_quality_stress,2,siamese,deterministic_edge_triplet,derivative_1,triplet,2718,session1_row248,4_nitrophenol,acetaminophen,-0.325421541929245,True,False,Pendar-2,GaN_polymer,,,4_nitrophenol,field_quality_stress,0.3620637635769961
outer,nato_outer_o2__train_quality_pass__test_field_quality_stress,2,siamese,deterministic_edge_triplet,derivative_1,triplet,2718,session1_row249,4_nitrophenol,acetaminophen,-0.3614610135555267,True,False,Pendar-2,GaN_polymer,,,4_nitrophenol,field_quality_stress,0.3559833973330617
outer,nato_outer_o2__train_quality_pass__test_field_quality_stress,2,siamese,deterministic_edge_triplet,derivative_1,triplet,2718,session1_row256,ethanol,ethanol,-0.2424022704362869,True,True,Mira-2,H_SERS_H_Kit,,,ethanol,field_quality_stress,0.37623676213583884
outer,nato_outer_o2__train_quality_pass__test_field_quality_stress,2,siamese,deterministic_edge_triplet,derivative_1,triplet,2718,session1_row259,ethanol,blank,-0.1522192060947418,True,False,Pendar-2,H_SERS_H_Kit,,,ethanol,field_quality_stress,0.39187576549483344
outer,nato_outer_o2__train_quality_pass__test_field_quality_stress,2,siamese,deterministic_edge_triplet,derivative_1,triplet,2718,session1_row260,ethanol,acetaminophen,-0.3325612246990204,True,False,Pendar-2,H_SERS_H_Kit,,,ethanol,field_quality_stress,0.36085561340222255
outer,nato_outer_o2__train_quality_pass__test_field_quality_stress,2,siamese,deterministic_edge_triplet,derivative_1,triplet,2718,session2_row43,blank,acetaminophen,-0.2621260285377502,True,False,Pendar-3,pSERS_Metrohm_silver,,,blank,field_quality_stress,0.3728492513688747
outer,nato_outer_o2__train_quality_pass__test_field_quality_stress,2,siamese,deterministic_edge_triplet,derivative_1,triplet,2718,session2_row147,acetaminophen,blank,-0.2074613124132156,True,False,Pendar-2,pSERS_Metrohm_silver,,,acetaminophen,field_quality_stress,0.38226742712735234
outer,nato_outer_o2__train_quality_pass__test_field_quality_stress,2,siamese,deterministic_edge_triplet,derivative_1,triplet,2718,session2_row373,4_nitrophenol,blank,-0.2924136817455292,True,False,Pendar-3,H_SERS_H_Kit,,,4_nitrophenol,field_quality_stress,0.36767172053771074
outer,nato_outer_o2__train_quality_pass__test_field_quality_stress,2,siamese,deterministic_edge_triplet,derivative_1,triplet,2718,session2_row376,4_nitrophenol,ethanol,-0.2629373967647552,True,False,Pendar-3,H_SERS_H_Kit,,,4_nitrophenol,field_quality_stress,0.3727101650292305
outer,nato_outer_o2__train_quality_pass__test_field_quality_stress,2,siamese,deterministic_edge_triplet,derivative_1,triplet,2718,session3_row58,4_nitrophenol,ethanol,-0.153061106801033,True,False,Pendar-2,H_SERS_H_Kit,,,4_nitrophenol,field_quality_stress,0.3917286810604016
outer,nato_outer_o2__train_quality_pass__test_field_quality_stress,2,siamese,deterministic_edge_triplet,derivative_1,triplet,2718,session3_row71,ethanol,blank,-0.0958660244941711,True,False,Pendar-2,H_SERS_H_Kit,,,ethanol,field_quality_stress,0.4017643848096598
outer,nato_outer_o2__train_quality_pass__test_field_quality_stress,2,siamese,deterministic_edge_triplet,derivative_1,triplet,2718,session3_row73,ethanol,ethanol,-0.295794665813446,True,True,Pendar-2,H_SERS_H_Kit,,,ethanol,field_quality_stress,0.36709562113545824
outer,nato_outer_o2__train_quality_pass__test_field_quality_stress,2,siamese,deterministic_edge_triplet,derivative_1,triplet,2718,session3_row82,ethyl_paraoxon,blank,-0.2816547453403473,True,False,Pendar-2,H_SERS_H_Kit,,,ethyl_paraoxon,field_quality_stress,0.36950748767687336
outer,nato_outer_o2__train_quality_pass__test_field_quality_stress,2,siamese,deterministic_edge_triplet,derivative_1,triplet,2718,session3_row94,ethyl_paraoxon,acetaminophen,-0.2263857573270797,True,False,Pendar-2,H_SERS_H_Kit,,,ethyl_paraoxon,field_quality_stress,0.3789965119802079
outer,nato_outer_o2__train_quality_pass__test_field_quality_stress,2,siamese,deterministic_edge_triplet,derivative_1,triplet,2718,session3_row96,ethanol,blank,-0.1907802522182464,True,False,Pendar-2,H_SERS_H_Kit,,,ethanol,field_quality_stress,0.3851594778828063
outer,nato_outer_o2__train_quality_pass__test_field_quality_stress,2,siamese,deterministic_edge_triplet,derivative_1,triplet,2718,session3_row212,blank,acetaminophen,-0.1830902248620987,True,False,Pendar-1,pSERS_Metrohm_silver,,,blank,field_quality_stress,0.3864954740382069
outer,nato_outer_o2__train_quality_pass__test_field_quality_stress,2,siamese,deterministic_edge_triplet,derivative_1,triplet,2718,session3_row407,acetaminophen,ethanol,-0.0978092774748802,True,False,Mira-1,pSERS_Metrohm_silver,,,acetaminophen,field_quality_stress,0.40142200644627896
outer,nato_outer_o2__train_quality_pass__test_field_quality_stress,2,siamese,deterministic_edge_triplet,derivative_1,triplet,3141,session1_row46,blank,blank,-0.2357273995876312,True,True,Mira-3,pSERS_Metrohm_silver,,,blank,field_quality_stress,0.3596461345725253
outer,nato_outer_o2__train_quality_pass__test_field_quality_stress,2,siamese,deterministic_edge_triplet,derivative_1,triplet,3141,session1_row72,acetaminophen,acetaminophen,-0.1190352216362953,True,True,Pendar-3,pSERS_Metrohm_silver,,,acetaminophen,field_quality_stress,0.37205158388260895
outer,nato_outer_o2__train_quality_pass__test_field_quality_stress,2,siamese,deterministic_edge_triplet,derivative_1,triplet,3141,session1_row82,acetaminophen,acetaminophen,-0.3044851124286651,True,True,Pendar-3,NRC_Canadian_SERS,,,acetaminophen,field_quality_stress,0.3524222226305385
outer,nato_outer_o2__train_quality_pass__test_field_quality_stress,2,siamese,deterministic_edge_triplet,derivative_1,triplet,3141,session1_row106,benzyl_fentanyl,benzyl_fentanyl,-0.0909773856401443,True,True,Pendar-3,NRC_Canadian_SERS,,,benzyl_fentanyl,field_quality_stress,0.37506041692032405
outer,nato_outer_o2__train_quality_pass__test_field_quality_stress,2,siamese,deterministic_edge_triplet,derivative_1,triplet,3141,session1_row125,4_ANPP,acetaminophen,-0.3698220252990722,True,False,Pendar-3,NRC_Canadian_SERS,,,4_ANPP,field_quality_stress,0.3456196293701944
outer,nato_outer_o2__train_quality_pass__test_field_quality_stress,2,siamese,deterministic_edge_triplet,derivative_1,triplet,3141,session1_row248,4_nitrophenol,4_nitrophenol,-0.2363483309745788,True,True,Pendar-2,GaN_polymer,,,4_nitrophenol,field_quality_stress,0.35958060619311527
outer,nato_outer_o2__train_quality_pass__test_field_quality_stress,2,siamese,deterministic_edge_triplet,derivative_1,triplet,3141,session1_row249,4_nitrophenol,4_ANPP,-0.2942631840705871,True,False,Pendar-2,GaN_polymer,,,4_nitrophenol,field_quality_stress,0.3534920047085503
outer,nato_outer_o2__train_quality_pass__test_field_quality_stress,2,siamese,deterministic_edge_triplet,derivative_1,triplet,3141,session1_row256,ethanol,ethanol,-0.1066605225205421,True,True,Mira-2,H_SERS_H_Kit,,,ethanol,field_quality_stress,0.37337740082172133
outer,nato_outer_o2__train_quality_pass__test_field_quality_stress,2,siamese,deterministic_edge_triplet,derivative_1,triplet,3141,session1_row259,ethanol,acetaminophen,-0.261150598526001,True,False,Pendar-2,H_SERS_H_Kit,,,ethanol,field_quality_stress,0.3569674665778834
outer,nato_outer_o2__train_quality_pass__test_field_quality_stress,2,siamese,deterministic_edge_triplet,derivative_1,triplet,3141,session1_row260,ethanol,acetaminophen,-0.319328635931015,True,False,Pendar-2,H_SERS_H_Kit,,,ethanol,field_quality_stress,0.3508713985406556
outer,nato_outer_o2__train_quality_pass__test_field_quality_stress,2,siamese,deterministic_edge_triplet,derivative_1,triplet,3141,session2_row43,blank,ethanol,-0.1177427545189857,True,False,Pendar-3,pSERS_Metrohm_silver,,,blank,field_quality_stress,0.37218996832198736
outer,nato_outer_o2__train_quality_pass__test_field_quality_stress,2,siamese,deterministic_edge_triplet,derivative_1,triplet,3141,session2_row147,acetaminophen,blank,-0.1371387541294098,True,False,Pendar-2,pSERS_Metrohm_silver,,,acetaminophen,field_quality_stress,0.37011545194262363
outer,nato_outer_o2__train_quality_pass__test_field_quality_stress,2,siamese,deterministic_edge_triplet,derivative_1,triplet,3141,session2_row373,4_nitrophenol,ethanol,-0.0219108946621418,True,False,Pendar-3,H_SERS_H_Kit,,,4_nitrophenol,field_quality_stress,0.3825077151817454
outer,nato_outer_o2__train_quality_pass__test_field_quality_stress,2,siamese,deterministic_edge_triplet,derivative_1,triplet,3141,session2_row376,4_nitrophenol,ethyl_paraoxon,-0.205281376838684,True,False,Pendar-3,H_SERS_H_Kit,,,4_nitrophenol,field_quality_stress,0.3628655568905516
outer,nato_outer_o2__train_quality_pass__test_field_quality_stress,2,siamese,deterministic_edge_triplet,derivative_1,triplet,3141,session3_row58,4_nitrophenol,acetaminophen,-0.0834696069359779,True,False,Pendar-2,H_SERS_H_Kit,,,4_nitrophenol,field_quality_stress,0.37586717765252026
outer,nato_outer_o2__train_quality_pass__test_field_quality_stress,2,siamese,deterministic_edge_triplet,derivative_1,triplet,3141,session3_row71,ethanol,acetaminophen,-0.1731661409139633,True,False,Pendar-2,H_SERS_H_Kit,,,ethanol,field_quality_stress,0.3662748567688665
outer,nato_outer_o2__train_quality_pass__test_field_quality_stress,2,siamese,deterministic_edge_triplet,derivative_1,triplet,3141,session3_row73,ethanol,ethyl_paraoxon,-0.1683704555034637,True,False,Pendar-2,H_SERS_H_Kit,,,ethanol,field_quality_stress,0.3667851196013578
outer,nato_outer_o2__train_quality_pass__test_field_quality_stress,2,siamese,deterministic_edge_triplet,derivative_1,triplet,3141,session3_row82,ethyl_paraoxon,blank,-0.2559156417846679,True,False,Pendar-2,H_SERS_H_Kit,,,ethyl_paraoxon,field_quality_stress,0.35751831390314154
outer,nato_outer_o2__train_quality_pass__test_field_quality_stress,2,siamese,deterministic_edge_triplet,derivative_1,triplet,3141,session3_row94,ethyl_paraoxon,ethanol,-0.050634853541851,True,False,Pendar-2,H_SERS_H_Kit,,,ethyl_paraoxon,field_quality_stress,0.3794035389861224
outer,nato_outer_o2__train_quality_pass__test_field_quality_stress,2,siamese,deterministic_edge_triplet,derivative_1,triplet,3141,session3_row96,ethanol,blank,-0.0580560564994812,True,False,Pendar-2,H_SERS_H_Kit,,,ethanol,field_quality_stress,0.37860312583967665
outer,nato_outer_o2__train_quality_pass__test_field_quality_stress,2,siamese,deterministic_edge_triplet,derivative_1,triplet,3141,session3_row212,blank,acetaminophen,-0.0618859939277172,True,False,Pendar-1,pSERS_Metrohm_silver,,,blank,field_quality_stress,0.3781903065009931
outer,nato_outer_o2__train_quality_pass__test_field_quality_stress,2,siamese,deterministic_edge_triplet,derivative_1,triplet,3141,session3_row407,acetaminophen,ethanol,-0.1012706235051155,True,False,Mira-1,pSERS_Metrohm_silver,,,acetaminophen,field_quality_stress,0.3739554676729679
outer,nato_outer_o3__train_strict_core__test_strict_core,3,siamese,deterministic_edge_triplet,derivative_1,triplet,1729,session1_row13,4_ANPP,4_ANPP,-0.0526034832000732,True,True,Mira-3,pSERS_Metrohm_silver,,,4_ANPP,strict_core,0.7572992165711292
outer,nato_outer_o3__train_strict_core__test_strict_core,3,siamese,deterministic_edge_triplet,derivative_1,triplet,1729,session1_row18,4_ANPP,4_ANPP,-0.2431000024080276,True,True,Agilent-3,pSERS_Metrohm_silver,,,4_ANPP,strict_core,0.6693353884142105
outer,nato_outer_o3__train_strict_core__test_strict_core,3,siamese,deterministic_edge_triplet,derivative_1,triplet,1729,session1_row19,4_ANPP,4_ANPP,-0.0609421581029892,True,True,Agilent-3,pSERS_Metrohm_silver,,,4_ANPP,strict_core,0.7538006264467705
outer,nato_outer_o3__train_strict_core__test_strict_core,3,siamese,deterministic_edge_triplet,derivative_1,triplet,1729,session1_row142,acetaminophen,acetaminophen,-0.2651937007904053,True,True,Pendar-3,pSERS_Metrohm_silver,,,acetaminophen,strict_core,0.6581342213167847
outer,nato_outer_o3__train_strict_core__test_strict_core,3,siamese,deterministic_edge_triplet,derivative_1,triplet,1729,session1_row143,acetaminophen,acetaminophen,-0.3083634972572326,True,True,RMX-2,pSERS_Metrohm_silver,,,acetaminophen,strict_core,0.6357401523625356
outer,nato_outer_o3__train_strict_core__test_strict_core,3,siamese,deterministic_edge_triplet,derivative_1,triplet,1729,session1_row144,acetaminophen,acetaminophen,-0.4236567616462707,True,True,Pendar-3,NRC_Canadian_SERS,,,acetaminophen,strict_core,0.5732227668161759
outer,nato_outer_o3__train_strict_core__test_strict_core,3,siamese,deterministic_edge_triplet,derivative_1,triplet,1729,session1_row146,acetaminophen,acetaminophen,-0.386957585811615,True,True,RMX-2,NRC_Canadian_SERS,,,acetaminophen,strict_core,0.5934826269015626
outer,nato_outer_o3__train_strict_core__test_strict_core,3,siamese,deterministic_edge_triplet,derivative_1,triplet,1729,session1_row176,ethyl_paraoxon,4_nitrophenol,-0.3864212930202484,True,False,Pendar-2,H_SERS_H_Kit,,,ethyl_paraoxon,strict_core,0.5937765190857331
outer,nato_outer_o3__train_strict_core__test_strict_core,3,siamese,deterministic_edge_triplet,derivative_1,triplet,1729,session1_row178,ethanol,ethanol,-0.3542501926422119,True,True,Pendar-2,H_SERS_H_Kit,,,ethanol,strict_core,0.611276768762216
outer,nato_outer_o3__train_strict_core__test_strict_core,3,siamese,deterministic_edge_triplet,derivative_1,triplet,1729,session1_row185,ethyl_paraoxon,ethyl_paraoxon,-0.2092708051204681,True,True,Pendar-2,H_SERS_H_Kit,,,ethyl_paraoxon,strict_core,0.6861174609012881
outer,nato_outer_o3__train_strict_core__test_strict_core,3,siamese,deterministic_edge_triplet,derivative_1,triplet,1729,session1_row186,ethyl_paraoxon,4_nitrophenol,-0.4315121173858642,True,False,Pendar-2,H_SERS_H_Kit,,,ethyl_paraoxon,strict_core,0.5688516208986186
outer,nato_outer_o3__train_strict_core__test_strict_core,3,siamese,deterministic_edge_triplet,derivative_1,triplet,1729,session1_row189,ethanol,4_nitrophenol,-0.4206185340881347,True,False,Pendar-2,H_SERS_H_Kit,,,ethanol,strict_core,0.5749103776001341
outer,nato_outer_o3__train_strict_core__test_strict_core,3,siamese,deterministic_edge_triplet,derivative_1,triplet,1729,session1_row210,4_nitrophenol,4_nitrophenol,-0.1348332911729812,True,True,Pendar-2,H_SERS_H_Kit,,,4_nitrophenol,strict_core,0.7213421171876548
outer,nato_outer_o3__train_strict_core__test_strict_core,3,siamese,deterministic_edge_triplet,derivative_1,triplet,1729,session1_row214,4_nitrophenol,4_nitrophenol,-0.1975589543581009,True,True,RMX-1,H_SERS_H_Kit,,,4_nitrophenol,strict_core,0.6918186955178359
outer,nato_outer_o3__train_strict_core__test_strict_core,3,siamese,deterministic_edge_triplet,derivative_1,triplet,1729,session1_row218,4_nitrophenol,4_nitrophenol,-0.231494516134262,True,True,RMX-1,GaN_polymer,,,4_nitrophenol,strict_core,0.6751441525258121
outer,nato_outer_o3__train_strict_core__test_strict_core,3,siamese,deterministic_edge_triplet,derivative_1,triplet,1729,session1_row222,ethyl_paraoxon,ethyl_paraoxon,-0.4509349763393402,True,True,Mira-2,H_SERS_H_Kit,,,ethyl_paraoxon,strict_core,0.557998913930753
outer,nato_outer_o3__train_strict_core__test_strict_core,3,siamese,deterministic_edge_triplet,derivative_1,triplet,1729,session1_row224,ethanol,ethanol,-0.4806821644306183,True,True,Mira-2,H_SERS_H_Kit,,,ethanol,strict_core,0.5412729675487579
outer,nato_outer_o3__train_strict_core__test_strict_core,3,siamese,deterministic_edge_triplet,derivative_1,triplet,1729,session1_row234,4_nitrophenol,4_nitrophenol,-0.0958062410354614,True,True,Mira-2,H_SERS_H_Kit,,,4_nitrophenol,strict_core,0.738808705400395
outer,nato_outer_o3__train_strict_core__test_strict_core,3,siamese,deterministic_edge_triplet,derivative_1,triplet,1729,session1_row238,ethyl_paraoxon,ethyl_paraoxon,-0.2151592224836349,True,True,Agilent-3,H_SERS_H_Kit,,,ethyl_paraoxon,strict_core,0.6832295168906324
outer,nato_outer_o3__train_strict_core__test_strict_core,3,siamese,deterministic_edge_triplet,derivative_1,triplet,1729,session1_row240,ethanol,ethyl_paraoxon,-0.369030237197876,True,False,Agilent-3,H_SERS_H_Kit,,,ethanol,strict_core,0.6032694467489395
outer,nato_outer_o3__train_strict_core__test_strict_core,3,siamese,deterministic_edge_triplet,derivative_1,triplet,1729,session1_row246,4_nitrophenol,4_nitrophenol,-0.1333976686000824,True,True,Pendar-2,GaN_polymer,,,4_nitrophenol,strict_core,0.721997187019009
outer,nato_outer_o3__train_strict_core__test_strict_core,3,siamese,deterministic_edge_triplet,derivative_1,triplet,1729,session1_row247,4_nitrophenol,4_nitrophenol,-0.1484488546848297,True,True,Pendar-2,GaN_polymer,,,4_nitrophenol,strict_core,0.7150825351826854
outer,nato_outer_o3__train_strict_core__test_strict_core,3,siamese,deterministic_edge_triplet,derivative_1,triplet,1729,session2_row16,4_ANPP,4_ANPP,-0.2477535158395767,True,True,Pendar-3,pSERS_Metrohm_silver,,,4_ANPP,strict_core,0.666991510315172
outer,nato_outer_o3__train_strict_core__test_strict_core,3,siamese,deterministic_edge_triplet,derivative_1,triplet,1729,session2_row25,4_ANPP,4_ANPP,-0.0526034832000732,True,True,Mira-3,pSERS_Metrohm_silver,,,4_ANPP,strict_core,0.7572992165711292
outer,nato_outer_o3__train_strict_core__test_strict_core,3,siamese,deterministic_edge_triplet,derivative_1,triplet,1729,session2_row88,blank,blank,-0.2576227784156799,True,True,Pendar-3,pSERS_Metrohm_silver,,,blank,strict_core,0.6619932422606886
outer,nato_outer_o3__train_strict_core__test_strict_core,3,siamese,deterministic_edge_triplet,derivative_1,triplet,1729,session2_row89,blank,acetaminophen,-0.2451615631580352,True,False,Mira-3,pSERS_Metrohm_silver,,,blank,strict_core,0.6682980514253591
outer,nato_outer_o3__train_strict_core__test_strict_core,3,siamese,deterministic_edge_triplet,derivative_1,triplet,1729,session2_row96,4_ANPP,4_ANPP,-0.0408799611032009,True,True,Pendar-3,pSERS_Metrohm_silver,,,4_ANPP,strict_core,0.7621605335674639
outer,nato_outer_o3__train_strict_core__test_strict_core,3,siamese,deterministic_edge_triplet,derivative_1,triplet,1729,session2_row97,4_ANPP,4_ANPP,-0.0526034832000732,True,True,Mira-3,pSERS_Metrohm_silver,,,4_ANPP,strict_core,0.7572992165711292
outer,nato_outer_o3__train_strict_core__test_strict_core,3,siamese,deterministic_edge_triplet,derivative_1,triplet,1729,session2_row106,4_ANPP,4_ANPP,-0.1216108947992324,True,True,Agilent-3,pSERS_Metrohm_silver,,,4_ANPP,strict_core,0.7273394891376203
outer,nato_outer_o3__train_strict_core__test_strict_core,3,siamese,deterministic_edge_triplet,derivative_1,triplet,1729,session2_row119,blank,blank,-0.1788080036640167,True,True,Agilent-3,pSERS_Metrohm_silver,,,blank,strict_core,0.700825507902571
outer,nato_outer_o3__train_strict_core__test_strict_core,3,siamese,deterministic_edge_triplet,derivative_1,triplet,1729,session2_row123,4_ANPP,4_ANPP,-0.0526034832000732,True,True,Agilent-3,pSERS_Metrohm_silver,,,4_ANPP,strict_core,0.7572992165711292
outer,nato_outer_o3__train_strict_core__test_strict_core,3,siamese,deterministic_edge_triplet,derivative_1,triplet,1729,session2_row169,acetaminophen,acetaminophen,-0.3641398847103119,True,True,Pendar-2,pSERS_Metrohm_silver,,,acetaminophen,strict_core,0.6059252334225212
outer,nato_outer_o3__train_strict_core__test_strict_core,3,siamese,deterministic_edge_triplet,derivative_1,triplet,1729,session2_row170,acetaminophen,acetaminophen,-0.2008153796195984,True,True,Pendar-2,pSERS_Metrohm_silver,,,acetaminophen,strict_core,0.6902392564277295
outer,nato_outer_o3__train_strict_core__test_strict_core,3,siamese,deterministic_edge_triplet,derivative_1,triplet,1729,session2_row178,acetaminophen,acetaminophen,-0.2832225561141968,True,True,RMX-2,pSERS_Metrohm_silver,,,acetaminophen,strict_core,0.6488606396999658
outer,nato_outer_o3__train_strict_core__test_strict_core,3,siamese,deterministic_edge_triplet,derivative_1,triplet,1729,session2_row180,acetaminophen,acetaminophen,-0.2013409584760666,True,True,RMX-2,pSERS_Metrohm_silver,,,acetaminophen,strict_core,0.689983921050415
outer,nato_outer_o3__train_strict_core__test_strict_core,3,siamese,deterministic_edge_triplet,derivative_1,triplet,1729,session2_row193,benzyl_fentanyl,benzyl_fentanyl,-0.1781888157129287,True,True,Pendar-2,pSERS_Metrohm_silver,,,benzyl_fentanyl,strict_core,0.701120345384678
outer,nato_outer_o3__train_strict_core__test_strict_core,3,siamese,deterministic_edge_triplet,derivative_1,triplet,1729,session2_row200,benzyl_fentanyl,benzyl_fentanyl,-0.0305464025586843,True,True,RMX-2,pSERS_Metrohm_silver,,,benzyl_fentanyl,strict_core,0.766389599168324
outer,nato_outer_o3__train_strict_core__test_strict_core,3,siamese,deterministic_edge_triplet,derivative_1,triplet,1729,session2_row210,benzyl_fentanyl,benzyl_fentanyl,-0.0566071271896362,True,True,RMX-2,pSERS_Metrohm_silver,,,benzyl_fentanyl,strict_core,0.7556236676670177
outer,nato_outer_o3__train_strict_core__test_strict_core,3,siamese,deterministic_edge_triplet,derivative_1,triplet,1729,session2_row227,benzyl_fentanyl,benzyl_fentanyl,-0.2819438278675079,True,True,Pendar-2,pSERS_Metrohm_silver,,,benzyl_fentanyl,strict_core,0.6495222002636027
outer,nato_outer_o3__train_strict_core__test_strict_core,3,siamese,deterministic_edge_triplet,derivative_1,triplet,1729,session2_row232,acetaminophen,acetaminophen,-0.3421962261199951,True,True,RMX-2,pSERS_Metrohm_silver,,,acetaminophen,strict_core,0.6177632395722612
outer,nato_outer_o3__train_strict_core__test_strict_core,3,siamese,deterministic_edge_triplet,derivative_1,triplet,1729,session2_row244,acetaminophen,benzyl_fentanyl,-0.4086344838142395,True,False,Pendar-2,pSERS_Metrohm_silver,,,acetaminophen,strict_core,0.5815496607867969
outer,nato_outer_o3__train_strict_core__test_strict_core,3,siamese,deterministic_edge_triplet,derivative_1,triplet,1729,session2_row247,acetaminophen,acetaminophen,-0.3711883127689361,True,True,Pendar-2,pSERS_Metrohm_silver,,,acetaminophen,strict_core,0.6020955195805273
outer,nato_outer_o3__train_strict_core__test_strict_core,3,siamese,deterministic_edge_triplet,derivative_1,triplet,1729,session2_row248,acetaminophen,blank,-0.4319377839565277,True,False,Pendar-2,pSERS_Metrohm_silver,,,acetaminophen,strict_core,0.5686144438544259
outer,nato_outer_o3__train_strict_core__test_strict_core,3,siamese,deterministic_edge_triplet,derivative_1,triplet,1729,session2_row286,ethyl_paraoxon,ethyl_paraoxon,-0.2159506231546402,True,True,RMX-1,H_SERS_H_Kit,,,ethyl_paraoxon,strict_core,0.6828402932784964
outer,nato_outer_o3__train_strict_core__test_strict_core,3,siamese,deterministic_edge_triplet,derivative_1,triplet,1729,session2_row288,ethanol,ethanol,-0.1321006715297699,True,True,RMX-1,H_SERS_H_Kit,,,ethanol,strict_core,0.7225881875517366
outer,nato_outer_o3__train_strict_core__test_strict_core,3,siamese,deterministic_edge_triplet,derivative_1,triplet,1729,session2_row290,ethyl_paraoxon,ethyl_paraoxon,-0.4223427772521972,True,True,Agilent-3,H_SERS_H_Kit,,,ethyl_paraoxon,strict_core,0.5739528428898062
outer,nato_outer_o3__train_strict_core__test_strict_core,3,siamese,deterministic_edge_triplet,derivative_1,triplet,1729,session2_row291,ethyl_paraoxon,ethyl_paraoxon,-0.2174585163593292,True,True,Mira-2,H_SERS_H_Kit,,,ethyl_paraoxon,strict_core,0.6820979789140406
outer,nato_outer_o3__train_strict_core__test_strict_core,3,siamese,deterministic_edge_triplet,derivative_1,triplet,1729,session2_row294,ethanol,ethanol,-0.1571929901838302,True,True,Agilent-3,H_SERS_H_Kit,,,ethanol,strict_core,0.7110182357425507
outer,nato_outer_o3__train_strict_core__test_strict_core,3,siamese,deterministic_edge_triplet,derivative_1,triplet,1729,session2_row295,ethanol,ethanol,-0.3250419199466705,True,True,Mira-2,H_SERS_H_Kit,,,ethanol,strict_core,0.626921921059572
outer,nato_outer_o3__train_strict_core__test_strict_core,3,siamese,deterministic_edge_triplet,derivative_1,triplet,1729,session2_row298,ethyl_paraoxon,4_nitrophenol,-0.5065082907676697,True,False,RMX-1,NRC_Canadian_SERS,,,ethyl_paraoxon,strict_core,0.5266745273523648
outer,nato_outer_o3__train_strict_core__test_strict_core,3,siamese,deterministic_edge_triplet,derivative_1,triplet,1729,session2_row302,ethyl_paraoxon,blank,-0.1830354332923889,True,False,Agilent-3,NRC_Canadian_SERS,,,ethyl_paraoxon,strict_core,0.6988080969879445
outer,nato_outer_o3__train_strict_core__test_strict_core,3,siamese,deterministic_edge_triplet,derivative_1,triplet,1729,session2_row304,ethanol,blank,-0.5072523951530457,True,False,Agilent-3,NRC_Canadian_SERS,,,ethanol,strict_core,0.5262531181614813
outer,nato_outer_o3__train_strict_core__test_strict_core,3,siamese,deterministic_edge_triplet,derivative_1,triplet,1729,session2_row305,ethyl_paraoxon,benzyl_fentanyl,-0.6726033687591553,True,False,RMX-1,NRC_Canadian_SERS,,,ethyl_paraoxon,strict_core,0.43278029931456896
outer,nato_outer_o3__train_strict_core__test_strict_core,3,siamese,deterministic_edge_triplet,derivative_1,triplet,1729,session2_row309,ethyl_paraoxon,blank,-0.3105679154396057,True,False,Agilent-3,NRC_Canadian_SERS,,,ethyl_paraoxon,strict_core,0.6345796987063703
outer,nato_outer_o3__train_strict_core__test_strict_core,3,siamese,deterministic_edge_triplet,derivative_1,triplet,1729,session2_row310,ethanol,4_nitrophenol,-0.2057413756847381,True,False,RMX-1,NRC_Canadian_SERS,,,ethanol,strict_core,0.6878415856545965
outer,nato_outer_o3__train_strict_core__test_strict_core,3,siamese,deterministic_edge_triplet,derivative_1,triplet,1729,session2_row312,ethanol,ethanol,-0.2277241647243499,True,True,Mira-2,NRC_Canadian_SERS,,,ethanol,strict_core,0.6770198545232002
outer,nato_outer_o3__train_strict_core__test_strict_core,3,siamese,deterministic_edge_triplet,derivative_1,triplet,1729,session2_row314,ethyl_paraoxon,ethanol,-0.392638087272644,True,False,Mira-2,NRC_Canadian_SERS,,,ethyl_paraoxon,strict_core,0.5903656007212071
outer,nato_outer_o3__train_strict_core__test_strict_core,3,siamese,deterministic_edge_triplet,derivative_1,triplet,1729,session2_row370,4_nitrophenol,4_nitrophenol,-0.1275127977132797,True,True,RMX-1,H_SERS_H_Kit,,,4_nitrophenol,strict_core,0.7246725127667609
outer,nato_outer_o3__train_strict_core__test_strict_core,3,siamese,deterministic_edge_triplet,derivative_1,triplet,1729,session2_row371,4_nitrophenol,4_nitrophenol,-0.1417281776666641,True,True,Pendar-3,H_SERS_H_Kit,,,4_nitrophenol,strict_core,0.7181828411822626
outer,nato_outer_o3__train_strict_core__test_strict_core,3,siamese,deterministic_edge_triplet,derivative_1,triplet,1729,session2_row379,4_nitrophenol,4_nitrophenol,-0.3105823695659637,True,True,Mira-2,H_SERS_H_Kit,,,4_nitrophenol,strict_core,0.6345720845624738
outer,nato_outer_o3__train_strict_core__test_strict_core,3,siamese,deterministic_edge_triplet,derivative_1,triplet,1729,session2_row383,4_nitrophenol,blank,-0.4526819288730621,True,False,Pendar-3,NRC_Canadian_SERS,,,4_nitrophenol,strict_core,0.5570199072246108
outer,nato_outer_o3__train_strict_core__test_strict_core,3,siamese,deterministic_edge_triplet,derivative_1,triplet,1729,session2_row388,4_nitrophenol,4_nitrophenol,-0.3117091357707977,True,True,Mira-2,NRC_Canadian_SERS,,,4_nitrophenol,strict_core,0.6339783198963153
outer,nato_outer_o3__train_strict_core__test_strict_core,3,siamese,deterministic_edge_triplet,derivative_1,triplet,1729,session2_row392,4_nitrophenol,ethanol,-0.2102085947990417,True,False,RMX-1,NRC_Canadian_SERS,,,4_nitrophenol,strict_core,0.6856584831724244
outer,nato_outer_o3__train_strict_core__test_strict_core,3,siamese,deterministic_edge_triplet,derivative_1,triplet,1729,session3_row2,ethyl_paraoxon,4_nitrophenol,-0.1576071083545684,True,False,Pendar-2,H_SERS_H_Kit,,,ethyl_paraoxon,strict_core,0.710824900902541
outer,nato_outer_o3__train_strict_core__test_strict_core,3,siamese,deterministic_edge_triplet,derivative_1,triplet,1729,session3_row4,ethanol,ethanol,-0.3845642209053039,True,True,Pendar-2,H_SERS_H_Kit,,,ethanol,strict_core,0.5947936874802854
outer,nato_outer_o3__train_strict_core__test_strict_core,3,siamese,deterministic_edge_triplet,derivative_1,triplet,1729,session3_row26,ethyl_paraoxon,ethanol,-0.2775675356388092,True,False,RMX-1,H_SERS_H_Kit,,,ethyl_paraoxon,strict_core,0.6517819514957636
outer,nato_outer_o3__train_strict_core__test_strict_core,3,siamese,deterministic_edge_triplet,derivative_1,triplet,1729,session3_row27,ethyl_paraoxon,ethanol,-0.3100366294384002,True,False,Mira-2,H_SERS_H_Kit,,,ethyl_paraoxon,strict_core,0.6348595227957061
outer,nato_outer_o3__train_strict_core__test_strict_core,3,siamese,deterministic_edge_triplet,derivative_1,triplet,1729,session3_row34,ethanol,ethanol,-0.3881644904613495,True,True,RMX-1,H_SERS_H_Kit,,,ethanol,strict_core,0.5928209901776584
outer,nato_outer_o3__train_strict_core__test_strict_core,3,siamese,deterministic_edge_triplet,derivative_1,triplet,1729,session3_row35,ethanol,ethanol,-0.2331689298152923,True,True,Mira-2,H_SERS_H_Kit,,,ethanol,strict_core,0.6743093431224721
outer,nato_outer_o3__train_strict_core__test_strict_core,3,siamese,deterministic_edge_triplet,derivative_1,triplet,1729,session3_row57,4_nitrophenol,4_nitrophenol,-0.3144585788249969,True,True,Pendar-2,H_SERS_H_Kit,,,4_nitrophenol,strict_core,0.6325277569610788
outer,nato_outer_o3__train_strict_core__test_strict_core,3,siamese,deterministic_edge_triplet,derivative_1,triplet,1729,session3_row83,4_nitrophenol,4_nitrophenol,-0.185843363404274,True,True,Pendar-2,H_SERS_H_Kit,,,4_nitrophenol,strict_core,0.6974638297725942
outer,nato_outer_o3__train_strict_core__test_strict_core,3,siamese,deterministic_edge_triplet,derivative_1,triplet,1729,session3_row135,4_nitrophenol,4_nitrophenol,-0.1474545896053314,True,True,RMX-1,H_SERS_H_Kit,,,4_nitrophenol,strict_core,0.7155424895900647
outer,nato_outer_o3__train_strict_core__test_strict_core,3,siamese,deterministic_edge_triplet,derivative_1,triplet,1729,session3_row136,4_nitrophenol,4_nitrophenol,-0.2033205777406692,True,True,Mira-2,H_SERS_H_Kit,,,4_nitrophenol,strict_core,0.689021148267627
outer,nato_outer_o3__train_strict_core__test_strict_core,3,siamese,deterministic_edge_triplet,derivative_1,triplet,1729,session3_row166,4_nitrophenol,4_nitrophenol,-0.3806273639202118,True,True,RMX-1,H_SERS_H_Kit,,,4_nitrophenol,strict_core,0.5969473107862474
outer,nato_outer_o3__train_strict_core__test_strict_core,3,siamese,deterministic_edge_triplet,derivative_1,triplet,1729,session3_row167,4_nitrophenol,blank,-0.5029618144035339,True,False,Mira-2,H_SERS_H_Kit,,,4_nitrophenol,strict_core,0.528682473495534
outer,nato_outer_o3__train_strict_core__test_strict_core,3,siamese,deterministic_edge_triplet,derivative_1,triplet,1729,session3_row209,4_ANPP,4_ANPP,-0.5460668206214905,True,True,Pendar-1,pSERS_Metrohm_silver,,,4_ANPP,strict_core,0.5042336275437419
outer,nato_outer_o3__train_strict_core__test_strict_core,3,siamese,deterministic_edge_triplet,derivative_1,triplet,1729,session3_row215,4_ANPP,4_ANPP,-0.0526034832000732,True,True,Mira-3,pSERS_Metrohm_silver,,,4_ANPP,strict_core,0.7572992165711292
outer,nato_outer_o3__train_strict_core__test_strict_core,3,siamese,deterministic_edge_triplet,derivative_1,triplet,1729,session3_row236,4_ANPP,4_ANPP,-0.0413816906511783,True,True,Agilent-1,pSERS_Metrohm_silver,,,4_ANPP,strict_core,0.7619538631741355
outer,nato_outer_o3__train_strict_core__test_strict_core,3,siamese,deterministic_edge_triplet,derivative_1,triplet,1729,session3_row257,blank,acetaminophen,-0.5099026560783386,True,False,Pendar-1,pSERS_Metrohm_silver,,,blank,strict_core,0.524751894205967
outer,nato_outer_o3__train_strict_core__test_strict_core,3,siamese,deterministic_edge_triplet,derivative_1,triplet,1729,session3_row260,blank,acetaminophen,-0.3982313275337219,True,False,Pendar-1,NRC_Canadian_SERS,,,blank,strict_core,0.587289344546227
outer,nato_outer_o3__train_strict_core__test_strict_core,3,siamese,deterministic_edge_triplet,derivative_1,triplet,1729,session3_row261,blank,4_ANPP,-0.2312684208154678,True,False,Mira-3,pSERS_Metrohm_silver,,,blank,strict_core,0.6752567913640496
outer,nato_outer_o3__train_strict_core__test_strict_core,3,siamese,deterministic_edge_triplet,derivative_1,triplet,1729,session3_row264,blank,benzyl_fentanyl,-0.4345867335796356,True,False,Mira-3,NRC_Canadian_SERS,,,blank,strict_core,0.5671377730177649
outer,nato_outer_o3__train_strict_core__test_strict_core,3,siamese,deterministic_edge_triplet,derivative_1,triplet,1729,session3_row283,blank,blank,-0.2241539061069488,True,True,Agilent-1,pSERS_Metrohm_silver,,,blank,strict_core,0.6787907785068532
outer,nato_outer_o3__train_strict_core__test_strict_core,3,siamese,deterministic_edge_triplet,derivative_1,triplet,1729,session3_row285,blank,blank,-0.2344834059476852,True,True,Mira-3,pSERS_Metrohm_silver,,,blank,strict_core,0.6736532107925892
outer,nato_outer_o3__train_strict_core__test_strict_core,3,siamese,deterministic_edge_triplet,derivative_1,triplet,1729,session3_row287,4_ANPP,4_ANPP,-0.0526034832000732,True,True,Pendar-1,pSERS_Metrohm_silver,,,4_ANPP,strict_core,0.7572992165711292
outer,nato_outer_o3__train_strict_core__test_strict_core,3,siamese,deterministic_edge_triplet,derivative_1,triplet,1729,session3_row294,4_ANPP,4_ANPP,-0.1738703995943069,True,True,Agilent-1,pSERS_Metrohm_silver,,,4_ANPP,strict_core,0.7031719911616462
outer,nato_outer_o3__train_strict_core__test_strict_core,3,siamese,deterministic_edge_triplet,derivative_1,triplet,1729,session3_row295,4_ANPP,4_ANPP,-0.0526034832000732,True,True,Mira-3,pSERS_Metrohm_silver,,,4_ANPP,strict_core,0.7572992165711292
outer,nato_outer_o3__train_strict_core__test_strict_core,3,siamese,deterministic_edge_triplet,derivative_1,triplet,1729,session3_row301,4_ANPP,blank,-0.2618102729320526,True,False,Mira-3,NRC_Canadian_SERS,,,4_ANPP,strict_core,0.6598614340115093
outer,nato_outer_o3__train_strict_core__test_strict_core,3,siamese,deterministic_edge_triplet,derivative_1,triplet,1729,session3_row311,blank,acetaminophen,-0.2850275635719299,True,False,Mira-3,NRC_Canadian_SERS,,,blank,strict_core,0.6479258305080331
outer,nato_outer_o3__train_strict_core__test_strict_core,3,siamese,deterministic_edge_triplet,derivative_1,triplet,1729,session3_row317,4_ANPP,benzyl_fentanyl,-0.4533685445785522,True,False,Pendar-1,NRC_Canadian_SERS,,,4_ANPP,strict_core,0.5566350003506825
outer,nato_outer_o3__train_strict_core__test_strict_core,3,siamese,deterministic_edge_triplet,derivative_1,triplet,1729,session3_row320,blank,4_ANPP,-0.2257803529500961,True,False,Pendar-1,NRC_Canadian_SERS,,,blank,strict_core,0.6779846602207242
outer,nato_outer_o3__train_strict_core__test_strict_core,3,siamese,deterministic_edge_triplet,derivative_1,triplet,1729,session3_row326,4_ANPP,blank,-0.1754711121320724,True,False,Mira-3,NRC_Canadian_SERS,,,4_ANPP,strict_core,0.7024124544798208
outer,nato_outer_o3__train_strict_core__test_strict_core,3,siamese,deterministic_edge_triplet,derivative_1,triplet,1729,session3_row339,4_ANPP,4_ANPP,-0.5496301651000977,True,True,Agilent-1,NRC_Canadian_SERS,,,4_ANPP,strict_core,0.5022100136124754
outer,nato_outer_o3__train_strict_core__test_strict_core,3,siamese,deterministic_edge_triplet,derivative_1,triplet,1729,session3_row343,blank,4_ANPP,-0.5727530717849731,True,False,Agilent-1,NRC_Canadian_SERS,,,blank,strict_core,0.48907976394550806
outer,nato_outer_o3__train_strict_core__test_strict_core,3,siamese,deterministic_edge_triplet,derivative_1,triplet,1729,session3_row346,blank,acetaminophen,-0.333061158657074,True,False,Pendar-1,pSERS_Metrohm_silver,,,blank,strict_core,0.622651329070648
outer,nato_outer_o3__train_strict_core__test_strict_core,3,siamese,deterministic_edge_triplet,derivative_1,triplet,1729,session3_row349,4_ANPP,4_ANPP,-0.0777184888720512,True,True,Pendar-1,pSERS_Metrohm_silver,,,4_ANPP,strict_core,0.7466596604025221
outer,nato_outer_o3__train_strict_core__test_strict_core,3,siamese,deterministic_edge_triplet,derivative_1,triplet,1729,session3_row415,acetaminophen,4_ANPP,-0.2324238717555999,True,False,Mira-1,pSERS_Metrohm_silver,,,acetaminophen,strict_core,0.6746809423908677
outer,nato_outer_o3__train_strict_core__test_strict_core,3,siamese,deterministic_edge_triplet,derivative_1,triplet,1729,session3_row416,acetaminophen,4_ANPP,-0.2167928665876388,True,False,Agilent-3,pSERS_Metrohm_silver,,,acetaminophen,strict_core,0.682425783220231
outer,nato_outer_o3__train_strict_core__test_strict_core,3,siamese,deterministic_edge_triplet,derivative_1,triplet,1729,session3_row419,acetaminophen,4_ANPP,-0.1221775785088539,True,False,Pendar-3,pSERS_Metrohm_silver,,,acetaminophen,strict_core,0.72708411573247
outer,nato_outer_o3__train_strict_core__test_strict_core,3,siamese,deterministic_edge_triplet,derivative_1,triplet,1729,session3_row420,acetaminophen,4_ANPP,-0.3444171547889709,True,False,RMX-2,pSERS_Metrohm_silver,,,acetaminophen,strict_core,0.6165711887238925
outer,nato_outer_o3__train_strict_core__test_strict_core,3,siamese,deterministic_edge_triplet,derivative_1,triplet,1729,session3_row459,benzyl_fentanyl,benzyl_fentanyl,-0.2246075868606567,True,True,Pendar-3,pSERS_Metrohm_silver,,,benzyl_fentanyl,strict_core,0.6785660269249398
outer,nato_outer_o3__train_strict_core__test_strict_core,3,siamese,deterministic_edge_triplet,derivative_1,triplet,1729,session3_row460,benzyl_fentanyl,benzyl_fentanyl,-0.0765097960829734,True,True,RMX-2,pSERS_Metrohm_silver,,,benzyl_fentanyl,strict_core,0.7471786959806391
outer,nato_outer_o3__train_strict_core__test_strict_core,3,siamese,deterministic_edge_triplet,derivative_1,triplet,1729,session3_row463,benzyl_fentanyl,benzyl_fentanyl,-0.0838591083884239,True,True,Pendar-3,pSERS_Metrohm_silver,,,benzyl_fentanyl,strict_core,0.7440119070771387
outer,nato_outer_o3__train_strict_core__test_strict_core,3,siamese,deterministic_edge_triplet,derivative_1,triplet,1729,session3_row464,benzyl_fentanyl,benzyl_fentanyl,-0.0598987378180027,True,True,RMX-2,pSERS_Metrohm_silver,,,benzyl_fentanyl,strict_core,0.7542402589462709
outer,nato_outer_o3__train_strict_core__test_strict_core,3,siamese,deterministic_edge_triplet,derivative_1,triplet,1729,session3_row471,benzyl_fentanyl,benzyl_fentanyl,-0.1224529966711998,True,True,Mira-1,pSERS_Metrohm_silver,,,benzyl_fentanyl,strict_core,0.7269599458674707
outer,nato_outer_o3__train_strict_core__test_strict_core,3,siamese,deterministic_edge_triplet,derivative_1,triplet,1729,session3_row475,benzyl_fentanyl,benzyl_fentanyl,-0.1323879063129425,True,True,Mira-1,pSERS_Metrohm_silver,,,benzyl_fentanyl,strict_core,0.7224573704953122
outer,nato_outer_o3__train_strict_core__test_strict_core,3,siamese,deterministic_edge_triplet,derivative_1,triplet,1729,session3_row476,benzyl_fentanyl,benzyl_fentanyl,-0.1191436424851417,True,True,Agilent-3,pSERS_Metrohm_silver,,,benzyl_fentanyl,strict_core,0.7284496023826864
outer,nato_outer_o3__train_strict_core__test_strict_core,3,siamese,deterministic_edge_triplet,derivative_1,triplet,1729,session3_row487,benzyl_fentanyl,benzyl_fentanyl,-0.6200477480888367,True,True,Pendar-3,pSERS_Metrohm_silver,,,benzyl_fentanyl,strict_core,0.4622900981113924
outer,nato_outer_o3__train_strict_core__test_strict_core,3,siamese,deterministic_edge_triplet,derivative_1,triplet,1729,session3_row488,benzyl_fentanyl,4_nitrophenol,-0.5917667150497437,True,False,Pendar-3,pSERS_Metrohm_silver,,,benzyl_fentanyl,strict_core,0.4782934184136862
outer,nato_outer_o3__train_strict_core__test_strict_core,3,siamese,deterministic_edge_triplet,derivative_1,triplet,1729,session3_row491,benzyl_fentanyl,blank,-0.4687750041484833,True,False,Pendar-3,pSERS_Metrohm_silver,,,benzyl_fentanyl,strict_core,0.5479813267915185
outer,nato_outer_o3__train_strict_core__test_strict_core,3,siamese,deterministic_edge_triplet,derivative_1,triplet,1729,session3_row492,benzyl_fentanyl,benzyl_fentanyl,-0.0437955558300018,True,True,RMX-2,pSERS_Metrohm_silver,,,benzyl_fentanyl,strict_core,0.7609578284334974
outer,nato_outer_o3__train_strict_core__test_strict_core,3,siamese,deterministic_edge_triplet,derivative_1,triplet,1729,session3_row493,benzyl_fentanyl,benzyl_fentanyl,-0.1728269308805465,True,True,Pendar-3,pSERS_Metrohm_silver,,,benzyl_fentanyl,strict_core,0.7036665124947571
outer,nato_outer_o3__train_strict_core__test_strict_core,3,siamese,deterministic_edge_triplet,derivative_1,triplet,1729,session3_row494,benzyl_fentanyl,benzyl_fentanyl,-0.0736626908183097,True,True,RMX-2,pSERS_Metrohm_silver,,,benzyl_fentanyl,strict_core,0.7483985135464295
outer,nato_outer_o3__train_strict_core__test_strict_core,3,siamese,deterministic_edge_triplet,derivative_1,triplet,1729,session3_row495,benzyl_fentanyl,benzyl_fentanyl,-0.1065077558159828,True,True,Mira-1,pSERS_Metrohm_silver,,,benzyl_fentanyl,strict_core,0.7340903398795063
outer,nato_outer_o3__train_strict_core__test_strict_core,3,siamese,deterministic_edge_triplet,derivative_1,triplet,1729,session3_row496,benzyl_fentanyl,benzyl_fentanyl,-0.0953206494450569,True,True,Agilent-3,pSERS_Metrohm_silver,,,benzyl_fentanyl,strict_core,0.7390215172915684
outer,nato_outer_o3__train_strict_core__test_strict_core,3,siamese,deterministic_edge_triplet,derivative_1,triplet,1729,session3_row499_scan4214,benzyl_fentanyl,benzyl_fentanyl,-0.1959567815065384,True,True,Mira-1,GaN_polymer,,,benzyl_fentanyl,strict_core,0.692594143810575
outer,nato_outer_o3__train_strict_core__test_strict_core,3,siamese,deterministic_edge_triplet,derivative_1,triplet,1729,session3_row499_scan4213,benzyl_fentanyl,benzyl_fentanyl,-0.1973335444927215,True,True,Mira-1,GaN_polymer,,,benzyl_fentanyl,strict_core,0.6919278589813296
outer,nato_outer_o3__train_strict_core__test_strict_core,3,siamese,deterministic_edge_triplet,derivative_1,triplet,1729,session3_row500,benzyl_fentanyl,blank,-0.446654736995697,True,False,Agilent-3,GaN_polymer,,,benzyl_fentanyl,strict_core,0.5603956761194459
outer,nato_outer_o3__train_strict_core__test_strict_core,3,siamese,deterministic_edge_triplet,derivative_1,triplet,1729,session3_row501,benzyl_fentanyl,benzyl_fentanyl,-0.1953509598970413,True,True,Mira-1,GaN_polymer,,,benzyl_fentanyl,strict_core,0.6928870772935862
outer,nato_outer_o3__train_strict_core__test_strict_core,3,siamese,deterministic_edge_triplet,derivative_1,triplet,1729,session3_row502,benzyl_fentanyl,benzyl_fentanyl,-0.0628991052508354,True,True,Agilent-3,GaN_polymer,,,benzyl_fentanyl,strict_core,0.7529746634850923
outer,nato_outer_o3__train_strict_core__test_strict_core,3,siamese,deterministic_edge_triplet,derivative_1,triplet,2718,session1_row13,4_ANPP,4_ANPP,-0.2653692364692688,True,True,Mira-3,pSERS_Metrohm_silver,,,4_ANPP,strict_core,0.5626693559218756
outer,nato_outer_o3__train_strict_core__test_strict_core,3,siamese,deterministic_edge_triplet,derivative_1,triplet,2718,session1_row18,4_ANPP,acetaminophen,-0.4390440583229065,True,False,Agilent-3,pSERS_Metrohm_silver,,,4_ANPP,strict_core,0.4819543181576122
outer,nato_outer_o3__train_strict_core__test_strict_core,3,siamese,deterministic_edge_triplet,derivative_1,triplet,2718,session1_row19,4_ANPP,4_ANPP,-0.0842825025320053,True,True,Agilent-3,pSERS_Metrohm_silver,,,4_ANPP,strict_core,0.6433779817020573
outer,nato_outer_o3__train_strict_core__test_strict_core,3,siamese,deterministic_edge_triplet,derivative_1,triplet,2718,session1_row142,acetaminophen,acetaminophen,-0.2445320934057235,True,True,Pendar-3,pSERS_Metrohm_silver,,,acetaminophen,strict_core,0.5722168161751919
outer,nato_outer_o3__train_strict_core__test_strict_core,3,siamese,deterministic_edge_triplet,derivative_1,triplet,2718,session1_row143,acetaminophen,blank,-0.2729086875915527,True,False,RMX-2,pSERS_Metrohm_silver,,,acetaminophen,strict_core,0.5592029651307502
outer,nato_outer_o3__train_strict_core__test_strict_core,3,siamese,deterministic_edge_triplet,derivative_1,triplet,2718,session1_row144,acetaminophen,acetaminophen,-0.2267310619354248,True,True,Pendar-3,NRC_Canadian_SERS,,,acetaminophen,strict_core,0.580331043922912
outer,nato_outer_o3__train_strict_core__test_strict_core,3,siamese,deterministic_edge_triplet,derivative_1,triplet,2718,session1_row146,acetaminophen,acetaminophen,-0.3945820331573486,True,True,RMX-2,NRC_Canadian_SERS,,,acetaminophen,strict_core,0.5026969141594445
outer,nato_outer_o3__train_strict_core__test_strict_core,3,siamese,deterministic_edge_triplet,derivative_1,triplet,2718,session1_row176,ethyl_paraoxon,ethanol,-0.478731244802475,True,False,Pendar-2,H_SERS_H_Kit,,,ethyl_paraoxon,strict_core,0.46348953451995695
outer,nato_outer_o3__train_strict_core__test_strict_core,3,siamese,deterministic_edge_triplet,derivative_1,triplet,2718,session1_row178,ethanol,ethanol,-0.3841660618782043,True,True,Pendar-2,H_SERS_H_Kit,,,ethanol,strict_core,0.5075575070421338
outer,nato_outer_o3__train_strict_core__test_strict_core,3,siamese,deterministic_edge_triplet,derivative_1,triplet,2718,session1_row185,ethyl_paraoxon,4_nitrophenol,-0.442821204662323,True,False,Pendar-2,H_SERS_H_Kit,,,ethyl_paraoxon,strict_core,0.48019404833287826
outer,nato_outer_o3__train_strict_core__test_strict_core,3,siamese,deterministic_edge_triplet,derivative_1,triplet,2718,session1_row186,ethyl_paraoxon,ethanol,-0.619527280330658,True,False,Pendar-2,H_SERS_H_Kit,,,ethyl_paraoxon,strict_core,0.39911816753697954
outer,nato_outer_o3__train_strict_core__test_strict_core,3,siamese,deterministic_edge_triplet,derivative_1,triplet,2718,session1_row189,ethanol,ethyl_paraoxon,-0.4687719941139221,True,False,Pendar-2,H_SERS_H_Kit,,,ethanol,strict_core,0.46811574866576827
outer,nato_outer_o3__train_strict_core__test_strict_core,3,siamese,deterministic_edge_triplet,derivative_1,triplet,2718,session1_row210,4_nitrophenol,4_nitrophenol,-0.0905170738697052,True,True,Pendar-2,H_SERS_H_Kit,,,4_nitrophenol,strict_core,0.640703128702338
outer,nato_outer_o3__train_strict_core__test_strict_core,3,siamese,deterministic_edge_triplet,derivative_1,triplet,2718,session1_row214,4_nitrophenol,4_nitrophenol,-0.1486618965864181,True,True,RMX-1,H_SERS_H_Kit,,,4_nitrophenol,strict_core,0.6153535262463593
outer,nato_outer_o3__train_strict_core__test_strict_core,3,siamese,deterministic_edge_triplet,derivative_1,triplet,2718,session1_row218,4_nitrophenol,4_nitrophenol,-0.1858886629343032,True,True,RMX-1,GaN_polymer,,,4_nitrophenol,strict_core,0.5987782902945905
outer,nato_outer_o3__train_strict_core__test_strict_core,3,siamese,deterministic_edge_triplet,derivative_1,triplet,2718,session1_row222,ethyl_paraoxon,ethyl_paraoxon,-0.1556985825300216,True,True,Mira-2,H_SERS_H_Kit,,,ethyl_paraoxon,strict_core,0.6122396202133668
outer,nato_outer_o3__train_strict_core__test_strict_core,3,siamese,deterministic_edge_triplet,derivative_1,triplet,2718,session1_row224,ethanol,ethanol,-0.4637447595596313,True,True,Mira-2,H_SERS_H_Kit,,,ethanol,strict_core,0.4704531047104232
outer,nato_outer_o3__train_strict_core__test_strict_core,3,siamese,deterministic_edge_triplet,derivative_1,triplet,2718,session1_row234,4_nitrophenol,4_nitrophenol,-0.1117133349180221,True,True,Mira-2,H_SERS_H_Kit,,,4_nitrophenol,strict_core,0.6315443868892665
outer,nato_outer_o3__train_strict_core__test_strict_core,3,siamese,deterministic_edge_triplet,derivative_1,triplet,2718,session1_row238,ethyl_paraoxon,4_nitrophenol,-0.4460890591144562,True,False,Agilent-3,H_SERS_H_Kit,,,ethyl_paraoxon,strict_core,0.4786715197142021
outer,nato_outer_o3__train_strict_core__test_strict_core,3,siamese,deterministic_edge_triplet,derivative_1,triplet,2718,session1_row240,ethanol,4_nitrophenol,-0.5277661085128784,True,False,Agilent-3,H_SERS_H_Kit,,,ethanol,strict_core,0.4408185427416133
outer,nato_outer_o3__train_strict_core__test_strict_core,3,siamese,deterministic_edge_triplet,derivative_1,triplet,2718,session1_row246,4_nitrophenol,4_nitrophenol,-0.290106326341629,True,True,Pendar-2,GaN_polymer,,,4_nitrophenol,strict_core,0.5512749516386097
outer,nato_outer_o3__train_strict_core__test_strict_core,3,siamese,deterministic_edge_triplet,derivative_1,triplet,2718,session1_row247,4_nitrophenol,4_nitrophenol,-0.1589086055755615,True,True,Pendar-2,GaN_polymer,,,4_nitrophenol,strict_core,0.6108160382695447
outer,nato_outer_o3__train_strict_core__test_strict_core,3,siamese,deterministic_edge_triplet,derivative_1,triplet,2718,session2_row16,4_ANPP,4_ANPP,-0.3557102978229522,True,True,Pendar-3,pSERS_Metrohm_silver,,,4_ANPP,strict_core,0.5208263543330046
outer,nato_outer_o3__train_strict_core__test_strict_core,3,siamese,deterministic_edge_triplet,derivative_1,triplet,2718,session2_row25,4_ANPP,4_ANPP,-0.2169710397720337,True,True,Mira-3,pSERS_Metrohm_silver,,,4_ANPP,strict_core,0.5847618712663081
outer,nato_outer_o3__train_strict_core__test_strict_core,3,siamese,deterministic_edge_triplet,derivative_1,triplet,2718,session2_row88,blank,blank,-0.2688669562339782,True,True,Pendar-3,pSERS_Metrohm_silver,,,blank,strict_core,0.5610619596841361
outer,nato_outer_o3__train_strict_core__test_strict_core,3,siamese,deterministic_edge_triplet,derivative_1,triplet,2718,session2_row89,blank,4_ANPP,-0.4776205420494079,True,False,Mira-3,pSERS_Metrohm_silver,,,blank,strict_core,0.4640051753012508
outer,nato_outer_o3__train_strict_core__test_strict_core,3,siamese,deterministic_edge_triplet,derivative_1,triplet,2718,session2_row96,4_ANPP,4_ANPP,-0.2015725821256637,True,True,Pendar-3,pSERS_Metrohm_silver,,,4_ANPP,strict_core,0.5917243731250311
outer,nato_outer_o3__train_strict_core__test_strict_core,3,siamese,deterministic_edge_triplet,derivative_1,triplet,2718,session2_row97,4_ANPP,4_ANPP,-0.1657004505395889,True,True,Mira-3,pSERS_Metrohm_silver,,,4_ANPP,strict_core,0.6077977793635625
outer,nato_outer_o3__train_strict_core__test_strict_core,3,siamese,deterministic_edge_triplet,derivative_1,triplet,2718,session2_row106,4_ANPP,4_ANPP,-0.2010156214237213,True,True,Agilent-3,pSERS_Metrohm_silver,,,4_ANPP,strict_core,0.5919755354915375
outer,nato_outer_o3__train_strict_core__test_strict_core,3,siamese,deterministic_edge_triplet,derivative_1,triplet,2718,session2_row119,blank,blank,-0.2450163960456848,True,True,Agilent-3,pSERS_Metrohm_silver,,,blank,strict_core,0.571995492412806
outer,nato_outer_o3__train_strict_core__test_strict_core,3,siamese,deterministic_edge_triplet,derivative_1,triplet,2718,session2_row123,4_ANPP,4_ANPP,-0.0680633708834648,True,True,Agilent-3,pSERS_Metrohm_silver,,,4_ANPP,strict_core,0.6502944787469035
outer,nato_outer_o3__train_strict_core__test_strict_core,3,siamese,deterministic_edge_triplet,derivative_1,triplet,2718,session2_row169,acetaminophen,acetaminophen,-0.3800365924835205,True,True,Pendar-2,pSERS_Metrohm_silver,,,acetaminophen,strict_core,0.5094841717078372
outer,nato_outer_o3__train_strict_core__test_strict_core,3,siamese,deterministic_edge_triplet,derivative_1,triplet,2718,session2_row170,acetaminophen,acetaminophen,-0.2364329695701599,True,True,Pendar-2,pSERS_Metrohm_silver,,,acetaminophen,strict_core,0.5759137248097266
outer,nato_outer_o3__train_strict_core__test_strict_core,3,siamese,deterministic_edge_triplet,derivative_1,triplet,2718,session2_row178,acetaminophen,acetaminophen,-0.3128528296947479,True,True,RMX-2,pSERS_Metrohm_silver,,,acetaminophen,strict_core,0.5407494451799919
outer,nato_outer_o3__train_strict_core__test_strict_core,3,siamese,deterministic_edge_triplet,derivative_1,triplet,2718,session2_row180,acetaminophen,acetaminophen,-0.1140463054180145,True,True,RMX-2,pSERS_Metrohm_silver,,,acetaminophen,strict_core,0.6305303703181508
outer,nato_outer_o3__train_strict_core__test_strict_core,3,siamese,deterministic_edge_triplet,derivative_1,triplet,2718,session2_row193,benzyl_fentanyl,benzyl_fentanyl,-0.3850729763507843,True,True,Pendar-2,pSERS_Metrohm_silver,,,benzyl_fentanyl,strict_core,0.5071343406990029
outer,nato_outer_o3__train_strict_core__test_strict_core,3,siamese,deterministic_edge_triplet,derivative_1,triplet,2718,session2_row200,benzyl_fentanyl,benzyl_fentanyl,-0.1067353934049606,True,True,RMX-2,pSERS_Metrohm_silver,,,benzyl_fentanyl,strict_core,0.6337041380417336
outer,nato_outer_o3__train_strict_core__test_strict_core,3,siamese,deterministic_edge_triplet,derivative_1,triplet,2718,session2_row210,benzyl_fentanyl,benzyl_fentanyl,-0.2006919980049133,True,True,RMX-2,pSERS_Metrohm_silver,,,benzyl_fentanyl,strict_core,0.5921214519617968
outer,nato_outer_o3__train_strict_core__test_strict_core,3,siamese,deterministic_edge_triplet,derivative_1,triplet,2718,session2_row227,benzyl_fentanyl,benzyl_fentanyl,-0.5114759206771851,True,True,Pendar-2,pSERS_Metrohm_silver,,,benzyl_fentanyl,strict_core,0.4483276111043774
outer,nato_outer_o3__train_strict_core__test_strict_core,3,siamese,deterministic_edge_triplet,derivative_1,triplet,2718,session2_row232,acetaminophen,acetaminophen,-0.5190914273262024,True,True,RMX-2,pSERS_Metrohm_silver,,,acetaminophen,strict_core,0.4448140471435509
outer,nato_outer_o3__train_strict_core__test_strict_core,3,siamese,deterministic_edge_triplet,derivative_1,triplet,2718,session2_row244,acetaminophen,benzyl_fentanyl,-0.3671547770500183,True,False,Pendar-2,pSERS_Metrohm_silver,,,acetaminophen,strict_core,0.5154923026211028
outer,nato_outer_o3__train_strict_core__test_strict_core,3,siamese,deterministic_edge_triplet,derivative_1,triplet,2718,session2_row247,acetaminophen,acetaminophen,-0.3092789947986603,True,True,Pendar-2,pSERS_Metrohm_silver,,,acetaminophen,strict_core,0.5424058220185014
outer,nato_outer_o3__train_strict_core__test_strict_core,3,siamese,deterministic_edge_triplet,derivative_1,triplet,2718,session2_row248,acetaminophen,blank,-0.4794047772884369,True,False,Pendar-2,pSERS_Metrohm_silver,,,acetaminophen,strict_core,0.4631768868184796
outer,nato_outer_o3__train_strict_core__test_strict_core,3,siamese,deterministic_edge_triplet,derivative_1,triplet,2718,session2_row286,ethyl_paraoxon,ethyl_paraoxon,-0.1776241213083267,True,True,RMX-1,H_SERS_H_Kit,,,ethyl_paraoxon,strict_core,0.6024791092895925
outer,nato_outer_o3__train_strict_core__test_strict_core,3,siamese,deterministic_edge_triplet,derivative_1,triplet,2718,session2_row288,ethanol,ethanol,-0.1438839882612228,True,True,RMX-1,H_SERS_H_Kit,,,ethanol,strict_core,0.6174625104730719
outer,nato_outer_o3__train_strict_core__test_strict_core,3,siamese,deterministic_edge_triplet,derivative_1,triplet,2718,session2_row290,ethyl_paraoxon,ethyl_paraoxon,-0.2890278398990631,True,True,Agilent-3,H_SERS_H_Kit,,,ethyl_paraoxon,strict_core,0.5517729373032704
outer,nato_outer_o3__train_strict_core__test_strict_core,3,siamese,deterministic_edge_triplet,derivative_1,triplet,2718,session2_row291,ethyl_paraoxon,ethyl_paraoxon,-0.2388461232185363,True,True,Mira-2,H_SERS_H_Kit,,,ethyl_paraoxon,strict_core,0.5748130906474102
outer,nato_outer_o3__train_strict_core__test_strict_core,3,siamese,deterministic_edge_triplet,derivative_1,triplet,2718,session2_row294,ethanol,ethyl_paraoxon,-0.4182538092136383,True,False,Agilent-3,H_SERS_H_Kit,,,ethanol,strict_core,0.49165007935
outer,nato_outer_o3__train_strict_core__test_strict_core,3,siamese,deterministic_edge_triplet,derivative_1,triplet,2718,session2_row295,ethanol,ethanol,-0.4243896901607513,True,True,Mira-2,H_SERS_H_Kit,,,ethanol,strict_core,0.48878756237619925
outer,nato_outer_o3__train_strict_core__test_strict_core,3,siamese,deterministic_edge_triplet,derivative_1,triplet,2718,session2_row298,ethyl_paraoxon,4_nitrophenol,-0.4750570356845855,True,False,RMX-1,NRC_Canadian_SERS,,,ethyl_paraoxon,strict_core,0.46519556830035524
outer,nato_outer_o3__train_strict_core__test_strict_core,3,siamese,deterministic_edge_triplet,derivative_1,triplet,2718,session2_row302,ethyl_paraoxon,blank,-0.4751924872398376,True,False,Agilent-3,NRC_Canadian_SERS,,,ethyl_paraoxon,strict_core,0.465132659805591
outer,nato_outer_o3__train_strict_core__test_strict_core,3,siamese,deterministic_edge_triplet,derivative_1,triplet,2718,session2_row304,ethanol,4_nitrophenol,-0.5553985834121704,True,False,Agilent-3,NRC_Canadian_SERS,,,ethanol,strict_core,0.42814461725250125
outer,nato_outer_o3__train_strict_core__test_strict_core,3,siamese,deterministic_edge_triplet,derivative_1,triplet,2718,session2_row305,ethyl_paraoxon,ethanol,-0.3368813693523407,True,False,RMX-1,NRC_Canadian_SERS,,,ethyl_paraoxon,strict_core,0.5295912661713157
outer,nato_outer_o3__train_strict_core__test_strict_core,3,siamese,deterministic_edge_triplet,derivative_1,triplet,2718,session2_row309,ethyl_paraoxon,blank,-0.5434467792510986,True,False,Agilent-3,NRC_Canadian_SERS,,,ethyl_paraoxon,strict_core,0.43361587918424904
outer,nato_outer_o3__train_strict_core__test_strict_core,3,siamese,deterministic_edge_triplet,derivative_1,triplet,2718,session2_row310,ethanol,4_nitrophenol,-0.3760356605052948,True,False,RMX-1,NRC_Canadian_SERS,,,ethanol,strict_core,0.511350597229173
outer,nato_outer_o3__train_strict_core__test_strict_core,3,siamese,deterministic_edge_triplet,derivative_1,triplet,2718,session2_row312,ethanol,ethanol,-0.402543842792511,True,True,Mira-2,NRC_Canadian_SERS,,,ethanol,strict_core,0.49898115863224324
outer,nato_outer_o3__train_strict_core__test_strict_core,3,siamese,deterministic_edge_triplet,derivative_1,triplet,2718,session2_row314,ethyl_paraoxon,ethanol,-0.4559127390384674,True,False,Mira-2,NRC_Canadian_SERS,,,ethyl_paraoxon,strict_core,0.47409706012042824
outer,nato_outer_o3__train_strict_core__test_strict_core,3,siamese,deterministic_edge_triplet,derivative_1,triplet,2718,session2_row370,4_nitrophenol,4_nitrophenol,-0.1488553136587143,True,True,RMX-1,H_SERS_H_Kit,,,4_nitrophenol,strict_core,0.6152680593575998
outer,nato_outer_o3__train_strict_core__test_strict_core,3,siamese,deterministic_edge_triplet,derivative_1,triplet,2718,session2_row371,4_nitrophenol,4_nitrophenol,-0.1182133331894874,True,True,Pendar-3,H_SERS_H_Kit,,,4_nitrophenol,strict_core,0.6287163225465418
outer,nato_outer_o3__train_strict_core__test_strict_core,3,siamese,deterministic_edge_triplet,derivative_1,triplet,2718,session2_row379,4_nitrophenol,ethyl_paraoxon,-0.4553402364253998,True,False,Mira-2,H_SERS_H_Kit,,,4_nitrophenol,strict_core,0.4743635378208164
outer,nato_outer_o3__train_strict_core__test_strict_core,3,siamese,deterministic_edge_triplet,derivative_1,triplet,2718,session2_row383,4_nitrophenol,acetaminophen,-0.4276668131351471,True,False,Pendar-3,NRC_Canadian_SERS,,,4_nitrophenol,strict_core,0.48725900512782555
outer,nato_outer_o3__train_strict_core__test_strict_core,3,siamese,deterministic_edge_triplet,derivative_1,triplet,2718,session2_row388,4_nitrophenol,4_nitrophenol,-0.3399291336536407,True,True,Mira-2,NRC_Canadian_SERS,,,4_nitrophenol,strict_core,0.5281736192548967
outer,nato_outer_o3__train_strict_core__test_strict_core,3,siamese,deterministic_edge_triplet,derivative_1,triplet,2718,session2_row392,4_nitrophenol,ethanol,-0.1637191027402877,True,False,RMX-1,NRC_Canadian_SERS,,,4_nitrophenol,strict_core,0.6086791423489175
outer,nato_outer_o3__train_strict_core__test_strict_core,3,siamese,deterministic_edge_triplet,derivative_1,triplet,2718,session3_row2,ethyl_paraoxon,ethanol,-0.5553606748580933,True,False,Pendar-2,H_SERS_H_Kit,,,ethyl_paraoxon,strict_core,0.42816194390581236
outer,nato_outer_o3__train_strict_core__test_strict_core,3,siamese,deterministic_edge_triplet,derivative_1,triplet,2718,session3_row4,ethanol,ethyl_paraoxon,-0.6430506706237793,True,False,Pendar-2,H_SERS_H_Kit,,,ethanol,strict_core,0.3886348230856045
outer,nato_outer_o3__train_strict_core__test_strict_core,3,siamese,deterministic_edge_triplet,derivative_1,triplet,2718,session3_row26,ethyl_paraoxon,ethanol,-0.4981515109539032,True,False,RMX-1,H_SERS_H_Kit,,,ethyl_paraoxon,strict_core,0.4544873089309197
outer,nato_outer_o3__train_strict_core__test_strict_core,3,siamese,deterministic_edge_triplet,derivative_1,triplet,2718,session3_row27,ethyl_paraoxon,ethyl_paraoxon,-0.4367677569389343,True,True,Mira-2,H_SERS_H_Kit,,,ethyl_paraoxon,strict_core,0.4830153658450271
outer,nato_outer_o3__train_strict_core__test_strict_core,3,siamese,deterministic_edge_triplet,derivative_1,triplet,2718,session3_row34,ethanol,ethanol,-0.2050424814224243,True,True,RMX-1,H_SERS_H_Kit,,,ethanol,strict_core,0.590158541950888
outer,nato_outer_o3__train_strict_core__test_strict_core,3,siamese,deterministic_edge_triplet,derivative_1,triplet,2718,session3_row35,ethanol,acetaminophen,-0.5909652709960938,True,False,Mira-2,H_SERS_H_Kit,,,ethanol,strict_core,0.411971531975469
outer,nato_outer_o3__train_strict_core__test_strict_core,3,siamese,deterministic_edge_triplet,derivative_1,triplet,2718,session3_row57,4_nitrophenol,4_nitrophenol,-0.2332645058631897,True,True,Pendar-2,H_SERS_H_Kit,,,4_nitrophenol,strict_core,0.5773577099010063
outer,nato_outer_o3__train_strict_core__test_strict_core,3,siamese,deterministic_edge_triplet,derivative_1,triplet,2718,session3_row83,4_nitrophenol,4_nitrophenol,-0.2458476275205612,True,True,Pendar-2,H_SERS_H_Kit,,,4_nitrophenol,strict_core,0.5716155568737659
outer,nato_outer_o3__train_strict_core__test_strict_core,3,siamese,deterministic_edge_triplet,derivative_1,triplet,2718,session3_row135,4_nitrophenol,4_nitrophenol,-0.2774917185306549,True,True,RMX-1,H_SERS_H_Kit,,,4_nitrophenol,strict_core,0.5570929923231944
outer,nato_outer_o3__train_strict_core__test_strict_core,3,siamese,deterministic_edge_triplet,derivative_1,triplet,2718,session3_row136,4_nitrophenol,4_nitrophenol,-0.2762325704097748,True,True,Mira-2,H_SERS_H_Kit,,,4_nitrophenol,strict_core,0.5576728977138526
outer,nato_outer_o3__train_strict_core__test_strict_core,3,siamese,deterministic_edge_triplet,derivative_1,triplet,2718,session3_row166,4_nitrophenol,ethyl_paraoxon,-0.3752613663673401,True,False,RMX-1,H_SERS_H_Kit,,,4_nitrophenol,strict_core,0.5117117687236628
outer,nato_outer_o3__train_strict_core__test_strict_core,3,siamese,deterministic_edge_triplet,derivative_1,triplet,2718,session3_row167,4_nitrophenol,ethyl_paraoxon,-0.3940756618976593,True,False,Mira-2,H_SERS_H_Kit,,,4_nitrophenol,strict_core,0.5029332305464597
outer,nato_outer_o3__train_strict_core__test_strict_core,3,siamese,deterministic_edge_triplet,derivative_1,triplet,2718,session3_row209,4_ANPP,4_ANPP,-0.5466775298118591,True,True,Pendar-1,pSERS_Metrohm_silver,,,4_ANPP,strict_core,0.43213526103117694
outer,nato_outer_o3__train_strict_core__test_strict_core,3,siamese,deterministic_edge_triplet,derivative_1,triplet,2718,session3_row215,4_ANPP,4_ANPP,-0.1719547659158706,True,True,Mira-3,pSERS_Metrohm_silver,,,4_ANPP,strict_core,0.6050110839785043
outer,nato_outer_o3__train_strict_core__test_strict_core,3,siamese,deterministic_edge_triplet,derivative_1,triplet,2718,session3_row236,4_ANPP,4_ANPP,-0.0808957144618034,True,True,Agilent-1,pSERS_Metrohm_silver,,,4_ANPP,strict_core,0.6448273073200749
outer,nato_outer_o3__train_strict_core__test_strict_core,3,siamese,deterministic_edge_triplet,derivative_1,triplet,2718,session3_row257,blank,acetaminophen,-0.5337969660758972,True,False,Pendar-1,pSERS_Metrohm_silver,,,blank,strict_core,0.4380452456921276
outer,nato_outer_o3__train_strict_core__test_strict_core,3,siamese,deterministic_edge_triplet,derivative_1,triplet,2718,session3_row260,blank,4_ANPP,-0.4381064474582672,True,False,Pendar-1,NRC_Canadian_SERS,,,blank,strict_core,0.48239134561940106
outer,nato_outer_o3__train_strict_core__test_strict_core,3,siamese,deterministic_edge_triplet,derivative_1,triplet,2718,session3_row261,blank,4_ANPP,-0.2328986674547195,True,False,Mira-3,pSERS_Metrohm_silver,,,blank,strict_core,0.5775243512662602
outer,nato_outer_o3__train_strict_core__test_strict_core,3,siamese,deterministic_edge_triplet,derivative_1,triplet,2718,session3_row264,blank,acetaminophen,-0.3808266222476959,True,False,Mira-3,NRC_Canadian_SERS,,,blank,strict_core,0.5091155917399631
outer,nato_outer_o3__train_strict_core__test_strict_core,3,siamese,deterministic_edge_triplet,derivative_1,triplet,2718,session3_row283,blank,blank,-0.2283662110567093,True,True,Agilent-1,pSERS_Metrohm_silver,,,blank,strict_core,0.5795874347500175
outer,nato_outer_o3__train_strict_core__test_strict_core,3,siamese,deterministic_edge_triplet,derivative_1,triplet,2718,session3_row285,blank,blank,-0.2610130906105041,True,True,Mira-3,pSERS_Metrohm_silver,,,blank,strict_core,0.5646694041870893
outer,nato_outer_o3__train_strict_core__test_strict_core,3,siamese,deterministic_edge_triplet,derivative_1,triplet,2718,session3_row287,4_ANPP,4_ANPP,-0.1264747232198715,True,True,Pendar-1,pSERS_Metrohm_silver,,,4_ANPP,strict_core,0.6251091523812407
outer,nato_outer_o3__train_strict_core__test_strict_core,3,siamese,deterministic_edge_triplet,derivative_1,triplet,2718,session3_row294,4_ANPP,4_ANPP,-0.2263440787792205,True,True,Agilent-1,pSERS_Metrohm_silver,,,4_ANPP,strict_core,0.5805069772211732
outer,nato_outer_o3__train_strict_core__test_strict_core,3,siamese,deterministic_edge_triplet,derivative_1,triplet,2718,session3_row295,4_ANPP,4_ANPP,-0.1939356476068496,True,True,Mira-3,pSERS_Metrohm_silver,,,4_ANPP,strict_core,0.5951640341135904
outer,nato_outer_o3__train_strict_core__test_strict_core,3,siamese,deterministic_edge_triplet,derivative_1,triplet,2718,session3_row301,4_ANPP,blank,-0.3475153148174286,True,False,Mira-3,NRC_Canadian_SERS,,,4_ANPP,strict_core,0.524643033664696
outer,nato_outer_o3__train_strict_core__test_strict_core,3,siamese,deterministic_edge_triplet,derivative_1,triplet,2718,session3_row311,blank,4_ANPP,-0.4161410331726074,True,False,Mira-3,NRC_Canadian_SERS,,,blank,strict_core,0.4926358698600039
outer,nato_outer_o3__train_strict_core__test_strict_core,3,siamese,deterministic_edge_triplet,derivative_1,triplet,2718,session3_row317,4_ANPP,acetaminophen,-0.4174459874629974,True,False,Pendar-1,NRC_Canadian_SERS,,,4_ANPP,strict_core,0.49202698995612326
outer,nato_outer_o3__train_strict_core__test_strict_core,3,siamese,deterministic_edge_triplet,derivative_1,triplet,2718,session3_row320,blank,4_ANPP,-0.3944081366062164,True,False,Pendar-1,NRC_Canadian_SERS,,,blank,strict_core,0.5027780693896797
outer,nato_outer_o3__train_strict_core__test_strict_core,3,siamese,deterministic_edge_triplet,derivative_1,triplet,2718,session3_row326,4_ANPP,blank,-0.442935049533844,True,False,Mira-3,NRC_Canadian_SERS,,,4_ANPP,strict_core,0.48014100043016894
outer,nato_outer_o3__train_strict_core__test_strict_core,3,siamese,deterministic_edge_triplet,derivative_1,triplet,2718,session3_row339,4_ANPP,benzyl_fentanyl,-0.2914129793643951,True,False,Agilent-1,NRC_Canadian_SERS,,,4_ANPP,strict_core,0.5506714735404743
outer,nato_outer_o3__train_strict_core__test_strict_core,3,siamese,deterministic_edge_triplet,derivative_1,triplet,2718,session3_row343,blank,benzyl_fentanyl,-0.531204879283905,True,False,Agilent-1,NRC_Canadian_SERS,,,blank,strict_core,0.4392367559531414
outer,nato_outer_o3__train_strict_core__test_strict_core,3,siamese,deterministic_edge_triplet,derivative_1,triplet,2718,session3_row346,blank,acetaminophen,-0.3185226023197174,True,False,Pendar-1,pSERS_Metrohm_silver,,,blank,strict_core,0.5381198235151151
outer,nato_outer_o3__train_strict_core__test_strict_core,3,siamese,deterministic_edge_triplet,derivative_1,triplet,2718,session3_row349,4_ANPP,4_ANPP,-0.0361500680446624,True,True,Pendar-1,pSERS_Metrohm_silver,,,4_ANPP,strict_core,0.6637185499016898
outer,nato_outer_o3__train_strict_core__test_strict_core,3,siamese,deterministic_edge_triplet,derivative_1,triplet,2718,session3_row415,acetaminophen,4_ANPP,-0.3301889896392822,True,False,Mira-1,pSERS_Metrohm_silver,,,acetaminophen,strict_core,0.53270247489279
outer,nato_outer_o3__train_strict_core__test_strict_core,3,siamese,deterministic_edge_triplet,derivative_1,triplet,2718,session3_row416,acetaminophen,4_ANPP,-0.2537350356578827,True,False,Agilent-3,pSERS_Metrohm_silver,,,acetaminophen,strict_core,0.5680062737991617
outer,nato_outer_o3__train_strict_core__test_strict_core,3,siamese,deterministic_edge_triplet,derivative_1,triplet,2718,session3_row419,acetaminophen,4_ANPP,-0.2152746021747589,True,False,Pendar-3,pSERS_Metrohm_silver,,,acetaminophen,strict_core,0.5855306401396976
outer,nato_outer_o3__train_strict_core__test_strict_core,3,siamese,deterministic_edge_triplet,derivative_1,triplet,2718,session3_row420,acetaminophen,4_ANPP,-0.3615234196186065,True,False,RMX-2,pSERS_Metrohm_silver,,,acetaminophen,strict_core,0.5181174868761917
outer,nato_outer_o3__train_strict_core__test_strict_core,3,siamese,deterministic_edge_triplet,derivative_1,triplet,2718,session3_row459,benzyl_fentanyl,benzyl_fentanyl,-0.2818434536457062,True,True,Pendar-3,pSERS_Metrohm_silver,,,benzyl_fentanyl,strict_core,0.5550875953977987
outer,nato_outer_o3__train_strict_core__test_strict_core,3,siamese,deterministic_edge_triplet,derivative_1,triplet,2718,session3_row460,benzyl_fentanyl,benzyl_fentanyl,-0.0932085737586021,True,True,RMX-2,pSERS_Metrohm_silver,,,benzyl_fentanyl,strict_core,0.6395456595463265
outer,nato_outer_o3__train_strict_core__test_strict_core,3,siamese,deterministic_edge_triplet,derivative_1,triplet,2718,session3_row463,benzyl_fentanyl,benzyl_fentanyl,-0.2457150667905807,True,True,Pendar-3,pSERS_Metrohm_silver,,,benzyl_fentanyl,strict_core,0.5716761528065214
outer,nato_outer_o3__train_strict_core__test_strict_core,3,siamese,deterministic_edge_triplet,derivative_1,triplet,2718,session3_row464,benzyl_fentanyl,benzyl_fentanyl,-0.1584780663251876,True,True,RMX-2,pSERS_Metrohm_silver,,,benzyl_fentanyl,strict_core,0.611007084278808
outer,nato_outer_o3__train_strict_core__test_strict_core,3,siamese,deterministic_edge_triplet,derivative_1,triplet,2718,session3_row471,benzyl_fentanyl,benzyl_fentanyl,-0.144492894411087,True,True,Mira-1,pSERS_Metrohm_silver,,,benzyl_fentanyl,strict_core,0.6171939813098538
outer,nato_outer_o3__train_strict_core__test_strict_core,3,siamese,deterministic_edge_triplet,derivative_1,triplet,2718,session3_row475,benzyl_fentanyl,benzyl_fentanyl,-0.209489032626152,True,True,Mira-1,pSERS_Metrohm_silver,,,benzyl_fentanyl,strict_core,0.5881493145718772
outer,nato_outer_o3__train_strict_core__test_strict_core,3,siamese,deterministic_edge_triplet,derivative_1,triplet,2718,session3_row476,benzyl_fentanyl,benzyl_fentanyl,-0.1333865821361541,True,True,Agilent-3,pSERS_Metrohm_silver,,,benzyl_fentanyl,strict_core,0.6220804979277952
outer,nato_outer_o3__train_strict_core__test_strict_core,3,siamese,deterministic_edge_triplet,derivative_1,triplet,2718,session3_row487,benzyl_fentanyl,benzyl_fentanyl,-0.5815934538841248,True,True,Pendar-3,pSERS_Metrohm_silver,,,benzyl_fentanyl,strict_core,0.4162162240659913
outer,nato_outer_o3__train_strict_core__test_strict_core,3,siamese,deterministic_edge_triplet,derivative_1,triplet,2718,session3_row488,benzyl_fentanyl,4_nitrophenol,-0.4345389008522033,True,False,Pendar-3,pSERS_Metrohm_silver,,,benzyl_fentanyl,strict_core,0.48405444643443657
outer,nato_outer_o3__train_strict_core__test_strict_core,3,siamese,deterministic_edge_triplet,derivative_1,triplet,2718,session3_row491,benzyl_fentanyl,blank,-0.2638843357563019,True,False,Pendar-3,pSERS_Metrohm_silver,,,benzyl_fentanyl,strict_core,0.5633513544344121
outer,nato_outer_o3__train_strict_core__test_strict_core,3,siamese,deterministic_edge_triplet,derivative_1,triplet,2718,session3_row492,benzyl_fentanyl,benzyl_fentanyl,-0.2356695681810379,True,True,RMX-2,pSERS_Metrohm_silver,,,benzyl_fentanyl,strict_core,0.5762617543375383
outer,nato_outer_o3__train_strict_core__test_strict_core,3,siamese,deterministic_edge_triplet,derivative_1,triplet,2718,session3_row493,benzyl_fentanyl,benzyl_fentanyl,-0.2510118186473846,True,True,Pendar-3,pSERS_Metrohm_silver,,,benzyl_fentanyl,strict_core,0.569253256200668
outer,nato_outer_o3__train_strict_core__test_strict_core,3,siamese,deterministic_edge_triplet,derivative_1,triplet,2718,session3_row494,benzyl_fentanyl,benzyl_fentanyl,-0.2664123773574829,True,True,RMX-2,pSERS_Metrohm_silver,,,benzyl_fentanyl,strict_core,0.5621901109505901
outer,nato_outer_o3__train_strict_core__test_strict_core,3,siamese,deterministic_edge_triplet,derivative_1,triplet,2718,session3_row495,benzyl_fentanyl,benzyl_fentanyl,-0.1621691584587097,True,True,Mira-1,pSERS_Metrohm_silver,,,benzyl_fentanyl,strict_core,0.6093681106021533
outer,nato_outer_o3__train_strict_core__test_strict_core,3,siamese,deterministic_edge_triplet,derivative_1,triplet,2718,session3_row496,benzyl_fentanyl,benzyl_fentanyl,-0.1395854204893112,True,True,Agilent-3,pSERS_Metrohm_silver,,,benzyl_fentanyl,strict_core,0.6193561418280827
outer,nato_outer_o3__train_strict_core__test_strict_core,3,siamese,deterministic_edge_triplet,derivative_1,triplet,2718,session3_row499_scan4214,benzyl_fentanyl,benzyl_fentanyl,-0.5078402161598206,True,True,Mira-1,GaN_polymer,,,benzyl_fentanyl,strict_core,0.45000685794562756
outer,nato_outer_o3__train_strict_core__test_strict_core,3,siamese,deterministic_edge_triplet,derivative_1,triplet,2718,session3_row499_scan4213,benzyl_fentanyl,benzyl_fentanyl,-0.2420799285173416,True,True,Mira-1,GaN_polymer,,,benzyl_fentanyl,strict_core,0.5733369972830831
outer,nato_outer_o3__train_strict_core__test_strict_core,3,siamese,deterministic_edge_triplet,derivative_1,triplet,2718,session3_row500,benzyl_fentanyl,blank,-0.7497094869613647,True,False,Agilent-3,GaN_polymer,,,benzyl_fentanyl,strict_core,0.3425017499529596
outer,nato_outer_o3__train_strict_core__test_strict_core,3,siamese,deterministic_edge_triplet,derivative_1,triplet,2718,session3_row501,benzyl_fentanyl,benzyl_fentanyl,-0.2290633767843246,True,True,Mira-1,GaN_polymer,,,benzyl_fentanyl,strict_core,0.5792702778530657
outer,nato_outer_o3__train_strict_core__test_strict_core,3,siamese,deterministic_edge_triplet,derivative_1,triplet,2718,session3_row502,benzyl_fentanyl,benzyl_fentanyl,-0.163666620850563,True,True,Agilent-3,GaN_polymer,,,benzyl_fentanyl,strict_core,0.6087024782627537
outer,nato_outer_o3__train_strict_core__test_strict_core,3,siamese,deterministic_edge_triplet,derivative_1,triplet,3141,session1_row13,4_ANPP,4_ANPP,-0.053051684051752,True,True,Mira-3,pSERS_Metrohm_silver,,,4_ANPP,strict_core,0.7932121492274448
outer,nato_outer_o3__train_strict_core__test_strict_core,3,siamese,deterministic_edge_triplet,derivative_1,triplet,3141,session1_row18,4_ANPP,acetaminophen,-0.3991680443286896,True,False,Agilent-3,pSERS_Metrohm_silver,,,4_ANPP,strict_core,0.5571671369412992
outer,nato_outer_o3__train_strict_core__test_strict_core,3,siamese,deterministic_edge_triplet,derivative_1,triplet,3141,session1_row19,4_ANPP,4_ANPP,-0.1891942769289016,True,True,Agilent-3,pSERS_Metrohm_silver,,,4_ANPP,strict_core,0.7121661391173614
outer,nato_outer_o3__train_strict_core__test_strict_core,3,siamese,deterministic_edge_triplet,derivative_1,triplet,3141,session1_row142,acetaminophen,acetaminophen,-0.3422154188156128,True,True,Pendar-3,pSERS_Metrohm_silver,,,acetaminophen,strict_core,0.6018305150359737
outer,nato_outer_o3__train_strict_core__test_strict_core,3,siamese,deterministic_edge_triplet,derivative_1,triplet,3141,session1_row143,acetaminophen,acetaminophen,-0.2947739362716675,True,True,RMX-2,pSERS_Metrohm_silver,,,acetaminophen,strict_core,0.6378145478097208
outer,nato_outer_o3__train_strict_core__test_strict_core,3,siamese,deterministic_edge_triplet,derivative_1,triplet,3141,session1_row144,acetaminophen,4_ANPP,-0.2353576868772506,True,False,Pendar-3,NRC_Canadian_SERS,,,acetaminophen,strict_core,0.6807565890284584
outer,nato_outer_o3__train_strict_core__test_strict_core,3,siamese,deterministic_edge_triplet,derivative_1,triplet,3141,session1_row146,acetaminophen,benzyl_fentanyl,-0.2764944732189178,True,False,RMX-2,NRC_Canadian_SERS,,,acetaminophen,strict_core,0.6513010854539717
outer,nato_outer_o3__train_strict_core__test_strict_core,3,siamese,deterministic_edge_triplet,derivative_1,triplet,3141,session1_row176,ethyl_paraoxon,4_nitrophenol,-0.2062708884477615,True,False,Pendar-2,H_SERS_H_Kit,,,ethyl_paraoxon,strict_core,0.700762143902939
outer,nato_outer_o3__train_strict_core__test_strict_core,3,siamese,deterministic_edge_triplet,derivative_1,triplet,3141,session1_row178,ethanol,blank,-0.1984736919403076,True,False,Pendar-2,H_SERS_H_Kit,,,ethanol,strict_core,0.706001336005518
outer,nato_outer_o3__train_strict_core__test_strict_core,3,siamese,deterministic_edge_triplet,derivative_1,triplet,3141,session1_row185,ethyl_paraoxon,ethyl_paraoxon,-0.2925343513488769,True,True,Pendar-2,H_SERS_H_Kit,,,ethyl_paraoxon,strict_core,0.6394791290257035
outer,nato_outer_o3__train_strict_core__test_strict_core,3,siamese,deterministic_edge_triplet,derivative_1,triplet,3141,session1_row186,ethyl_paraoxon,4_nitrophenol,-0.3197657763957977,True,False,Pendar-2,H_SERS_H_Kit,,,ethyl_paraoxon,strict_core,0.6190223970871435
outer,nato_outer_o3__train_strict_core__test_strict_core,3,siamese,deterministic_edge_triplet,derivative_1,triplet,3141,session1_row189,ethanol,ethyl_paraoxon,-0.3044323921203613,True,False,Pendar-2,H_SERS_H_Kit,,,ethanol,strict_core,0.6305983378342764
outer,nato_outer_o3__train_strict_core__test_strict_core,3,siamese,deterministic_edge_triplet,derivative_1,triplet,3141,session1_row210,4_nitrophenol,4_nitrophenol,-0.0706878006458282,True,True,Pendar-2,H_SERS_H_Kit,,,4_nitrophenol,strict_core,0.7837402324427668
outer,nato_outer_o3__train_strict_core__test_strict_core,3,siamese,deterministic_edge_triplet,derivative_1,triplet,3141,session1_row214,4_nitrophenol,4_nitrophenol,-0.0706878006458282,True,True,RMX-1,H_SERS_H_Kit,,,4_nitrophenol,strict_core,0.7837402324427668
outer,nato_outer_o3__train_strict_core__test_strict_core,3,siamese,deterministic_edge_triplet,derivative_1,triplet,3141,session1_row218,4_nitrophenol,4_nitrophenol,-0.0706878006458282,True,True,RMX-1,GaN_polymer,,,4_nitrophenol,strict_core,0.7837402324427668
outer,nato_outer_o3__train_strict_core__test_strict_core,3,siamese,deterministic_edge_triplet,derivative_1,triplet,3141,session1_row222,ethyl_paraoxon,ethyl_paraoxon,-0.124167576432228,True,True,Mira-2,H_SERS_H_Kit,,,ethyl_paraoxon,strict_core,0.7531264597408319
outer,nato_outer_o3__train_strict_core__test_strict_core,3,siamese,deterministic_edge_triplet,derivative_1,triplet,3141,session1_row224,ethanol,ethanol,-0.2461308985948562,True,True,Mira-2,H_SERS_H_Kit,,,ethanol,strict_core,0.6731691904995257
outer,nato_outer_o3__train_strict_core__test_strict_core,3,siamese,deterministic_edge_triplet,derivative_1,triplet,3141,session1_row234,4_nitrophenol,4_nitrophenol,-0.0706878006458282,True,True,Mira-2,H_SERS_H_Kit,,,4_nitrophenol,strict_core,0.7837402324427668
outer,nato_outer_o3__train_strict_core__test_strict_core,3,siamese,deterministic_edge_triplet,derivative_1,triplet,3141,session1_row238,ethyl_paraoxon,ethyl_paraoxon,-0.3041481971740722,True,True,Agilent-3,H_SERS_H_Kit,,,ethyl_paraoxon,strict_core,0.6308115252106666
outer,nato_outer_o3__train_strict_core__test_strict_core,3,siamese,deterministic_edge_triplet,derivative_1,triplet,3141,session1_row240,ethanol,ethyl_paraoxon,-0.3385393619537353,True,False,Agilent-3,H_SERS_H_Kit,,,ethanol,strict_core,0.6046641341075448
outer,nato_outer_o3__train_strict_core__test_strict_core,3,siamese,deterministic_edge_triplet,derivative_1,triplet,3141,session1_row246,4_nitrophenol,4_nitrophenol,-0.0706878006458282,True,True,Pendar-2,GaN_polymer,,,4_nitrophenol,strict_core,0.7837402324427668
outer,nato_outer_o3__train_strict_core__test_strict_core,3,siamese,deterministic_edge_triplet,derivative_1,triplet,3141,session1_row247,4_nitrophenol,4_nitrophenol,-0.0706878006458282,True,True,Pendar-2,GaN_polymer,,,4_nitrophenol,strict_core,0.7837402324427668
outer,nato_outer_o3__train_strict_core__test_strict_core,3,siamese,deterministic_edge_triplet,derivative_1,triplet,3141,session2_row16,4_ANPP,4_ANPP,-0.1677354276180267,True,True,Pendar-3,pSERS_Metrohm_silver,,,4_ANPP,strict_core,0.7261228417433433
outer,nato_outer_o3__train_strict_core__test_strict_core,3,siamese,deterministic_edge_triplet,derivative_1,triplet,3141,session2_row25,4_ANPP,4_ANPP,-0.125129833817482,True,True,Mira-3,pSERS_Metrohm_silver,,,4_ANPP,strict_core,0.7525498000597054
outer,nato_outer_o3__train_strict_core__test_strict_core,3,siamese,deterministic_edge_triplet,derivative_1,triplet,3141,session2_row88,blank,ethyl_paraoxon,-0.1679569482803344,True,False,Pendar-3,pSERS_Metrohm_silver,,,blank,strict_core,0.7259809374251689
outer,nato_outer_o3__train_strict_core__test_strict_core,3,siamese,deterministic_edge_triplet,derivative_1,triplet,3141,session2_row89,blank,ethanol,-0.1582821607589721,True,False,Mira-3,pSERS_Metrohm_silver,,,blank,strict_core,0.7321356903712996
outer,nato_outer_o3__train_strict_core__test_strict_core,3,siamese,deterministic_edge_triplet,derivative_1,triplet,3141,session2_row96,4_ANPP,4_ANPP,-0.0532487705349922,True,True,Pendar-3,pSERS_Metrohm_silver,,,4_ANPP,strict_core,0.7931080140533247
outer,nato_outer_o3__train_strict_core__test_strict_core,3,siamese,deterministic_edge_triplet,derivative_1,triplet,3141,session2_row97,4_ANPP,4_ANPP,-0.0714527890086174,True,True,Mira-3,pSERS_Metrohm_silver,,,4_ANPP,strict_core,0.783322352430226
outer,nato_outer_o3__train_strict_core__test_strict_core,3,siamese,deterministic_edge_triplet,derivative_1,triplet,3141,session2_row106,4_ANPP,4_ANPP,-0.2890128195285797,True,True,Agilent-3,pSERS_Metrohm_silver,,,4_ANPP,strict_core,0.6420897431577244
outer,nato_outer_o3__train_strict_core__test_strict_core,3,siamese,deterministic_edge_triplet,derivative_1,triplet,3141,session2_row119,blank,blank,-0.0934821143746376,True,True,Agilent-3,pSERS_Metrohm_silver,,,blank,strict_core,0.7710385092542322
outer,nato_outer_o3__train_strict_core__test_strict_core,3,siamese,deterministic_edge_triplet,derivative_1,triplet,3141,session2_row123,4_ANPP,4_ANPP,-0.1929711997509002,True,True,Agilent-3,pSERS_Metrohm_silver,,,4_ANPP,strict_core,0.7096662333219617
outer,nato_outer_o3__train_strict_core__test_strict_core,3,siamese,deterministic_edge_triplet,derivative_1,triplet,3141,session2_row169,acetaminophen,acetaminophen,-0.2752042710781097,True,True,Pendar-2,pSERS_Metrohm_silver,,,acetaminophen,strict_core,0.6522441946578502
outer,nato_outer_o3__train_strict_core__test_strict_core,3,siamese,deterministic_edge_triplet,derivative_1,triplet,3141,session2_row170,acetaminophen,blank,-0.3231576979160309,True,False,Pendar-2,pSERS_Metrohm_silver,,,acetaminophen,strict_core,0.6164427652016149
outer,nato_outer_o3__train_strict_core__test_strict_core,3,siamese,deterministic_edge_triplet,derivative_1,triplet,3141,session2_row178,acetaminophen,acetaminophen,-0.2196572571992874,True,True,RMX-2,pSERS_Metrohm_silver,,,acetaminophen,strict_core,0.6916440745751119
outer,nato_outer_o3__train_strict_core__test_strict_core,3,siamese,deterministic_edge_triplet,derivative_1,triplet,3141,session2_row180,acetaminophen,acetaminophen,-0.2222409099340438,True,True,RMX-2,pSERS_Metrohm_silver,,,acetaminophen,strict_core,0.6898665929762451
outer,nato_outer_o3__train_strict_core__test_strict_core,3,siamese,deterministic_edge_triplet,derivative_1,triplet,3141,session2_row193,benzyl_fentanyl,benzyl_fentanyl,-0.1783324480056762,True,True,Pendar-2,pSERS_Metrohm_silver,,,benzyl_fentanyl,strict_core,0.7192834535714686
outer,nato_outer_o3__train_strict_core__test_strict_core,3,siamese,deterministic_edge_triplet,derivative_1,triplet,3141,session2_row200,benzyl_fentanyl,benzyl_fentanyl,-0.2450742870569229,True,True,RMX-2,pSERS_Metrohm_silver,,,benzyl_fentanyl,strict_core,0.6739174490830856
outer,nato_outer_o3__train_strict_core__test_strict_core,3,siamese,deterministic_edge_triplet,derivative_1,triplet,3141,session2_row210,benzyl_fentanyl,benzyl_fentanyl,-0.1795405745506286,True,True,RMX-2,pSERS_Metrohm_silver,,,benzyl_fentanyl,strict_core,0.7184971394450388
outer,nato_outer_o3__train_strict_core__test_strict_core,3,siamese,deterministic_edge_triplet,derivative_1,triplet,3141,session2_row227,benzyl_fentanyl,benzyl_fentanyl,-0.3845899403095245,True,True,Pendar-2,pSERS_Metrohm_silver,,,benzyl_fentanyl,strict_core,0.5687183639641517
outer,nato_outer_o3__train_strict_core__test_strict_core,3,siamese,deterministic_edge_triplet,derivative_1,triplet,3141,session2_row232,acetaminophen,acetaminophen,-0.2302255779504776,True,True,RMX-2,pSERS_Metrohm_silver,,,acetaminophen,strict_core,0.6843379624765387
outer,nato_outer_o3__train_strict_core__test_strict_core,3,siamese,deterministic_edge_triplet,derivative_1,triplet,3141,session2_row244,acetaminophen,benzyl_fentanyl,-0.1252153068780899,True,False,Pendar-2,pSERS_Metrohm_silver,,,acetaminophen,strict_core,0.7524985342396546
outer,nato_outer_o3__train_strict_core__test_strict_core,3,siamese,deterministic_edge_triplet,derivative_1,triplet,3141,session2_row247,acetaminophen,acetaminophen,-0.270298570394516,True,True,Pendar-2,pSERS_Metrohm_silver,,,acetaminophen,strict_core,0.6558192161432017
outer,nato_outer_o3__train_strict_core__test_strict_core,3,siamese,deterministic_edge_triplet,derivative_1,triplet,3141,session2_row248,acetaminophen,ethyl_paraoxon,-0.2291382402181625,True,False,Pendar-2,pSERS_Metrohm_silver,,,acetaminophen,strict_core,0.6850939630878101
outer,nato_outer_o3__train_strict_core__test_strict_core,3,siamese,deterministic_edge_triplet,derivative_1,triplet,3141,session2_row286,ethyl_paraoxon,ethyl_paraoxon,-0.0954989939928054,True,True,RMX-1,H_SERS_H_Kit,,,ethyl_paraoxon,strict_core,0.7698897536205253
outer,nato_outer_o3__train_strict_core__test_strict_core,3,siamese,deterministic_edge_triplet,derivative_1,triplet,3141,session2_row288,ethanol,ethanol,-0.057239145040512,True,True,RMX-1,H_SERS_H_Kit,,,ethanol,strict_core,0.7909912711374643
outer,nato_outer_o3__train_strict_core__test_strict_core,3,siamese,deterministic_edge_triplet,derivative_1,triplet,3141,session2_row290,ethyl_paraoxon,ethyl_paraoxon,-0.0831084251403808,True,True,Agilent-3,H_SERS_H_Kit,,,ethyl_paraoxon,strict_core,0.7768832074936655
outer,nato_outer_o3__train_strict_core__test_strict_core,3,siamese,deterministic_edge_triplet,derivative_1,triplet,3141,session2_row291,ethyl_paraoxon,ethyl_paraoxon,-0.2446608543395996,True,True,Mira-2,H_SERS_H_Kit,,,ethyl_paraoxon,strict_core,0.6742099881599648
outer,nato_outer_o3__train_strict_core__test_strict_core,3,siamese,deterministic_edge_triplet,derivative_1,triplet,3141,session2_row294,ethanol,ethyl_paraoxon,-0.0461374223232269,True,False,Agilent-3,H_SERS_H_Kit,,,ethanol,strict_core,0.7968409348001315
outer,nato_outer_o3__train_strict_core__test_strict_core,3,siamese,deterministic_edge_triplet,derivative_1,triplet,3141,session2_row295,ethanol,ethanol,-0.3860072791576385,True,True,Mira-2,H_SERS_H_Kit,,,ethanol,strict_core,0.5675983773927046
outer,nato_outer_o3__train_strict_core__test_strict_core,3,siamese,deterministic_edge_triplet,derivative_1,triplet,3141,session2_row298,ethyl_paraoxon,ethyl_paraoxon,-0.408436506986618,True,True,RMX-1,NRC_Canadian_SERS,,,ethyl_paraoxon,strict_core,0.5497899992134776
outer,nato_outer_o3__train_strict_core__test_strict_core,3,siamese,deterministic_edge_triplet,derivative_1,triplet,3141,session2_row302,ethyl_paraoxon,ethyl_paraoxon,-0.3468755781650543,True,True,Agilent-3,NRC_Canadian_SERS,,,ethyl_paraoxon,strict_core,0.5982285088698414
outer,nato_outer_o3__train_strict_core__test_strict_core,3,siamese,deterministic_edge_triplet,derivative_1,triplet,3141,session2_row304,ethanol,ethanol,-0.317644327878952,True,True,Agilent-3,NRC_Canadian_SERS,,,ethanol,strict_core,0.6206324086398876
outer,nato_outer_o3__train_strict_core__test_strict_core,3,siamese,deterministic_edge_triplet,derivative_1,triplet,3141,session2_row305,ethyl_paraoxon,ethyl_paraoxon,-0.2301766723394394,True,True,RMX-1,NRC_Canadian_SERS,,,ethyl_paraoxon,strict_core,0.6843719864064659
outer,nato_outer_o3__train_strict_core__test_strict_core,3,siamese,deterministic_edge_triplet,derivative_1,triplet,3141,session2_row309,ethyl_paraoxon,ethyl_paraoxon,-0.336682379245758,True,True,Agilent-3,NRC_Canadian_SERS,,,ethyl_paraoxon,strict_core,0.6060928985418552
outer,nato_outer_o3__train_strict_core__test_strict_core,3,siamese,deterministic_edge_triplet,derivative_1,triplet,3141,session2_row310,ethanol,4_nitrophenol,-0.0706878006458282,True,False,RMX-1,NRC_Canadian_SERS,,,ethanol,strict_core,0.7837402324427668
outer,nato_outer_o3__train_strict_core__test_strict_core,3,siamese,deterministic_edge_triplet,derivative_1,triplet,3141,session2_row312,ethanol,ethanol,-0.3692880868911743,True,True,Mira-2,NRC_Canadian_SERS,,,ethanol,strict_core,0.5807629473620636
outer,nato_outer_o3__train_strict_core__test_strict_core,3,siamese,deterministic_edge_triplet,derivative_1,triplet,3141,session2_row314,ethyl_paraoxon,ethanol,-0.3727161288261413,True,False,Mira-2,NRC_Canadian_SERS,,,ethyl_paraoxon,strict_core,0.5780724467306123
outer,nato_outer_o3__train_strict_core__test_strict_core,3,siamese,deterministic_edge_triplet,derivative_1,triplet,3141,session2_row370,4_nitrophenol,4_nitrophenol,-0.0706878006458282,True,True,RMX-1,H_SERS_H_Kit,,,4_nitrophenol,strict_core,0.7837402324427668
outer,nato_outer_o3__train_strict_core__test_strict_core,3,siamese,deterministic_edge_triplet,derivative_1,triplet,3141,session2_row371,4_nitrophenol,4_nitrophenol,-0.0706878006458282,True,True,Pendar-3,H_SERS_H_Kit,,,4_nitrophenol,strict_core,0.7837402324427668
outer,nato_outer_o3__train_strict_core__test_strict_core,3,siamese,deterministic_edge_triplet,derivative_1,triplet,3141,session2_row379,4_nitrophenol,4_nitrophenol,-0.2612595558166504,True,True,Mira-2,H_SERS_H_Kit,,,4_nitrophenol,strict_core,0.6623601709727286
outer,nato_outer_o3__train_strict_core__test_strict_core,3,siamese,deterministic_edge_triplet,derivative_1,triplet,3141,session2_row383,4_nitrophenol,ethanol,-0.4521017074584961,True,False,Pendar-3,NRC_Canadian_SERS,,,4_nitrophenol,strict_core,0.5147935079210253
outer,nato_outer_o3__train_strict_core__test_strict_core,3,siamese,deterministic_edge_triplet,derivative_1,triplet,3141,session2_row388,4_nitrophenol,4_nitrophenol,-0.3905267715454101,True,True,Mira-2,NRC_Canadian_SERS,,,4_nitrophenol,strict_core,0.5640224936954155
outer,nato_outer_o3__train_strict_core__test_strict_core,3,siamese,deterministic_edge_triplet,derivative_1,triplet,3141,session2_row392,4_nitrophenol,ethanol,-0.159689575433731,True,False,RMX-1,NRC_Canadian_SERS,,,4_nitrophenol,strict_core,0.7312458125431253
outer,nato_outer_o3__train_strict_core__test_strict_core,3,siamese,deterministic_edge_triplet,derivative_1,triplet,3141,session3_row2,ethyl_paraoxon,4_nitrophenol,-0.2874320745468139,True,False,Pendar-2,H_SERS_H_Kit,,,ethyl_paraoxon,strict_core,0.6432588712896371
outer,nato_outer_o3__train_strict_core__test_strict_core,3,siamese,deterministic_edge_triplet,derivative_1,triplet,3141,session3_row4,ethanol,acetaminophen,-0.4352947771549225,True,False,Pendar-2,H_SERS_H_Kit,,,ethanol,strict_core,0.5282999172065487
outer,nato_outer_o3__train_strict_core__test_strict_core,3,siamese,deterministic_edge_triplet,derivative_1,triplet,3141,session3_row26,ethyl_paraoxon,ethanol,-0.1754810065031051,True,False,RMX-1,H_SERS_H_Kit,,,ethyl_paraoxon,strict_core,0.721134005213684
outer,nato_outer_o3__train_strict_core__test_strict_core,3,siamese,deterministic_edge_triplet,derivative_1,triplet,3141,session3_row27,ethyl_paraoxon,ethyl_paraoxon,-0.2856177091598511,True,True,Mira-2,H_SERS_H_Kit,,,ethyl_paraoxon,strict_core,0.6445986852057491
outer,nato_outer_o3__train_strict_core__test_strict_core,3,siamese,deterministic_edge_triplet,derivative_1,triplet,3141,session3_row34,ethanol,ethanol,-0.1314843893051147,True,True,RMX-1,H_SERS_H_Kit,,,ethanol,strict_core,0.7487190048025083
outer,nato_outer_o3__train_strict_core__test_strict_core,3,siamese,deterministic_edge_triplet,derivative_1,triplet,3141,session3_row35,ethanol,ethanol,-0.5450953245162964,True,True,Mira-2,H_SERS_H_Kit,,,ethanol,strict_core,0.44020998712639
outer,nato_outer_o3__train_strict_core__test_strict_core,3,siamese,deterministic_edge_triplet,derivative_1,triplet,3141,session3_row57,4_nitrophenol,4_nitrophenol,-0.0780494809150695,True,True,Pendar-2,H_SERS_H_Kit,,,4_nitrophenol,strict_core,0.7796946480146981
outer,nato_outer_o3__train_strict_core__test_strict_core,3,siamese,deterministic_edge_triplet,derivative_1,triplet,3141,session3_row83,4_nitrophenol,4_nitrophenol,-0.0706878006458282,True,True,Pendar-2,H_SERS_H_Kit,,,4_nitrophenol,strict_core,0.7837402324427668
outer,nato_outer_o3__train_strict_core__test_strict_core,3,siamese,deterministic_edge_triplet,derivative_1,triplet,3141,session3_row135,4_nitrophenol,4_nitrophenol,-0.0486820787191391,True,True,RMX-1,H_SERS_H_Kit,,,4_nitrophenol,strict_core,0.7955109772449404
outer,nato_outer_o3__train_strict_core__test_strict_core,3,siamese,deterministic_edge_triplet,derivative_1,triplet,3141,session3_row136,4_nitrophenol,4_nitrophenol,-0.0706878006458282,True,True,Mira-2,H_SERS_H_Kit,,,4_nitrophenol,strict_core,0.7837402324427668
outer,nato_outer_o3__train_strict_core__test_strict_core,3,siamese,deterministic_edge_triplet,derivative_1,triplet,3141,session3_row166,4_nitrophenol,ethyl_paraoxon,-0.2789495587348938,True,False,RMX-1,H_SERS_H_Kit,,,4_nitrophenol,strict_core,0.6495031999170657
outer,nato_outer_o3__train_strict_core__test_strict_core,3,siamese,deterministic_edge_triplet,derivative_1,triplet,3141,session3_row167,4_nitrophenol,blank,-0.3964826166629791,True,False,Mira-2,H_SERS_H_Kit,,,4_nitrophenol,strict_core,0.5593000189035875
outer,nato_outer_o3__train_strict_core__test_strict_core,3,siamese,deterministic_edge_triplet,derivative_1,triplet,3141,session3_row209,4_ANPP,4_ANPP,-0.1910238564014434,True,True,Pendar-1,pSERS_Metrohm_silver,,,4_ANPP,strict_core,0.71095676152062
outer,nato_outer_o3__train_strict_core__test_strict_core,3,siamese,deterministic_edge_triplet,derivative_1,triplet,3141,session3_row215,4_ANPP,4_ANPP,-0.1830282062292099,True,True,Mira-3,pSERS_Metrohm_silver,,,4_ANPP,strict_core,0.7162197018520687
outer,nato_outer_o3__train_strict_core__test_strict_core,3,siamese,deterministic_edge_triplet,derivative_1,triplet,3141,session3_row236,4_ANPP,4_ANPP,-0.1626631915569305,True,True,Agilent-1,pSERS_Metrohm_silver,,,4_ANPP,strict_core,0.7293595224183042
outer,nato_outer_o3__train_strict_core__test_strict_core,3,siamese,deterministic_edge_triplet,derivative_1,triplet,3141,session3_row257,blank,ethanol,-0.1110624596476554,True,False,Pendar-1,pSERS_Metrohm_silver,,,blank,strict_core,0.7608898190296157
outer,nato_outer_o3__train_strict_core__test_strict_core,3,siamese,deterministic_edge_triplet,derivative_1,triplet,3141,session3_row260,blank,4_ANPP,-0.2845954298973083,True,False,Pendar-1,NRC_Canadian_SERS,,,blank,strict_core,0.645352589649608
outer,nato_outer_o3__train_strict_core__test_strict_core,3,siamese,deterministic_edge_triplet,derivative_1,triplet,3141,session3_row261,blank,4_ANPP,-0.3207698464393616,True,False,Mira-3,pSERS_Metrohm_silver,,,blank,strict_core,0.6182594717544263
outer,nato_outer_o3__train_strict_core__test_strict_core,3,siamese,deterministic_edge_triplet,derivative_1,triplet,3141,session3_row264,blank,benzyl_fentanyl,-0.6001308560371399,True,False,Mira-3,NRC_Canadian_SERS,,,blank,strict_core,0.39710056901017987
outer,nato_outer_o3__train_strict_core__test_strict_core,3,siamese,deterministic_edge_triplet,derivative_1,triplet,3141,session3_row283,blank,ethyl_paraoxon,-0.2174828648567199,True,False,Agilent-1,pSERS_Metrohm_silver,,,blank,strict_core,0.6931356115955
outer,nato_outer_o3__train_strict_core__test_strict_core,3,siamese,deterministic_edge_triplet,derivative_1,triplet,3141,session3_row285,blank,blank,-0.2312255948781967,True,True,Mira-3,pSERS_Metrohm_silver,,,blank,strict_core,0.6836418117357751
outer,nato_outer_o3__train_strict_core__test_strict_core,3,siamese,deterministic_edge_triplet,derivative_1,triplet,3141,session3_row287,4_ANPP,4_ANPP,-0.148343488574028,True,True,Pendar-1,pSERS_Metrohm_silver,,,4_ANPP,strict_core,0.7383662681503993
outer,nato_outer_o3__train_strict_core__test_strict_core,3,siamese,deterministic_edge_triplet,derivative_1,triplet,3141,session3_row294,4_ANPP,4_ANPP,-0.3001035749912262,True,True,Agilent-1,pSERS_Metrohm_silver,,,4_ANPP,strict_core,0.6338400113047412
outer,nato_outer_o3__train_strict_core__test_strict_core,3,siamese,deterministic_edge_triplet,derivative_1,triplet,3141,session3_row295,4_ANPP,4_ANPP,-0.1924799978733062,True,True,Mira-3,pSERS_Metrohm_silver,,,4_ANPP,strict_core,0.7099920797752618
outer,nato_outer_o3__train_strict_core__test_strict_core,3,siamese,deterministic_edge_triplet,derivative_1,triplet,3141,session3_row301,4_ANPP,ethyl_paraoxon,-0.1185638532042503,True,False,Mira-3,NRC_Canadian_SERS,,,4_ANPP,strict_core,0.7564666661862132
outer,nato_outer_o3__train_strict_core__test_strict_core,3,siamese,deterministic_edge_triplet,derivative_1,triplet,3141,session3_row311,blank,ethanol,-0.373656153678894,True,False,Mira-3,NRC_Canadian_SERS,,,blank,strict_core,0.5773338502513273
outer,nato_outer_o3__train_strict_core__test_strict_core,3,siamese,deterministic_edge_triplet,derivative_1,triplet,3141,session3_row317,4_ANPP,benzyl_fentanyl,-0.4737407267093658,True,False,Pendar-1,NRC_Canadian_SERS,,,4_ANPP,strict_core,0.4973748488630885
outer,nato_outer_o3__train_strict_core__test_strict_core,3,siamese,deterministic_edge_triplet,derivative_1,triplet,3141,session3_row320,blank,4_ANPP,-0.301486998796463,True,False,Pendar-1,NRC_Canadian_SERS,,,blank,strict_core,0.6328053230227035
outer,nato_outer_o3__train_strict_core__test_strict_core,3,siamese,deterministic_edge_triplet,derivative_1,triplet,3141,session3_row326,4_ANPP,blank,-0.4289814233779907,True,False,Mira-3,NRC_Canadian_SERS,,,4_ANPP,strict_core,0.5333638419472847
outer,nato_outer_o3__train_strict_core__test_strict_core,3,siamese,deterministic_edge_triplet,derivative_1,triplet,3141,session3_row339,4_ANPP,benzyl_fentanyl,-0.1171452850103378,True,False,Agilent-1,NRC_Canadian_SERS,,,4_ANPP,strict_core,0.7573073535210358
outer,nato_outer_o3__train_strict_core__test_strict_core,3,siamese,deterministic_edge_triplet,derivative_1,triplet,3141,session3_row343,blank,benzyl_fentanyl,-0.1935761868953704,True,False,Agilent-1,NRC_Canadian_SERS,,,blank,strict_core,0.7092646084832159
outer,nato_outer_o3__train_strict_core__test_strict_core,3,siamese,deterministic_edge_triplet,derivative_1,triplet,3141,session3_row346,blank,ethanol,-0.3638930022716522,True,False,Pendar-1,pSERS_Metrohm_silver,,,blank,strict_core,0.584987515234549
outer,nato_outer_o3__train_strict_core__test_strict_core,3,siamese,deterministic_edge_triplet,derivative_1,triplet,3141,session3_row349,4_ANPP,4_ANPP,-0.0494788102805614,True,True,Pendar-1,pSERS_Metrohm_silver,,,4_ANPP,strict_core,0.7950932403729026
outer,nato_outer_o3__train_strict_core__test_strict_core,3,siamese,deterministic_edge_triplet,derivative_1,triplet,3141,session3_row415,acetaminophen,4_ANPP,-0.2571711242198944,True,False,Mira-1,pSERS_Metrohm_silver,,,acetaminophen,strict_core,0.6652986073326238
outer,nato_outer_o3__train_strict_core__test_strict_core,3,siamese,deterministic_edge_triplet,derivative_1,triplet,3141,session3_row416,acetaminophen,4_ANPP,-0.3495958745479584,True,False,Agilent-3,pSERS_Metrohm_silver,,,acetaminophen,strict_core,0.5961209535279787
outer,nato_outer_o3__train_strict_core__test_strict_core,3,siamese,deterministic_edge_triplet,derivative_1,triplet,3141,session3_row419,acetaminophen,4_ANPP,-0.4531702101230621,True,False,Pendar-3,pSERS_Metrohm_silver,,,acetaminophen,strict_core,0.5139338961306039
outer,nato_outer_o3__train_strict_core__test_strict_core,3,siamese,deterministic_edge_triplet,derivative_1,triplet,3141,session3_row420,acetaminophen,4_ANPP,-0.272947758436203,True,False,RMX-2,pSERS_Metrohm_silver,,,acetaminophen,strict_core,0.653890785251707
outer,nato_outer_o3__train_strict_core__test_strict_core,3,siamese,deterministic_edge_triplet,derivative_1,triplet,3141,session3_row459,benzyl_fentanyl,benzyl_fentanyl,-0.2759056091308594,True,True,Pendar-3,pSERS_Metrohm_silver,,,benzyl_fentanyl,strict_core,0.6517316796219587
outer,nato_outer_o3__train_strict_core__test_strict_core,3,siamese,deterministic_edge_triplet,derivative_1,triplet,3141,session3_row460,benzyl_fentanyl,benzyl_fentanyl,-0.1576572060585022,True,True,RMX-2,pSERS_Metrohm_silver,,,benzyl_fentanyl,strict_core,0.7325302361131047
outer,nato_outer_o3__train_strict_core__test_strict_core,3,siamese,deterministic_edge_triplet,derivative_1,triplet,3141,session3_row463,benzyl_fentanyl,benzyl_fentanyl,-0.1233054995536804,True,True,Pendar-3,pSERS_Metrohm_silver,,,benzyl_fentanyl,strict_core,0.7536423157153406
outer,nato_outer_o3__train_strict_core__test_strict_core,3,siamese,deterministic_edge_triplet,derivative_1,triplet,3141,session3_row464,benzyl_fentanyl,benzyl_fentanyl,-0.1873306185007095,True,True,RMX-2,pSERS_Metrohm_silver,,,benzyl_fentanyl,strict_core,0.71339493831685
outer,nato_outer_o3__train_strict_core__test_strict_core,3,siamese,deterministic_edge_triplet,derivative_1,triplet,3141,session3_row471,benzyl_fentanyl,benzyl_fentanyl,-0.0528426021337509,True,True,Mira-1,pSERS_Metrohm_silver,,,benzyl_fentanyl,strict_core,0.7933225801000435
outer,nato_outer_o3__train_strict_core__test_strict_core,3,siamese,deterministic_edge_triplet,derivative_1,triplet,3141,session3_row475,benzyl_fentanyl,benzyl_fentanyl,-0.1042093485593795,True,True,Mira-1,pSERS_Metrohm_silver,,,benzyl_fentanyl,strict_core,0.7648822911266678
outer,nato_outer_o3__train_strict_core__test_strict_core,3,siamese,deterministic_edge_triplet,derivative_1,triplet,3141,session3_row476,benzyl_fentanyl,benzyl_fentanyl,-0.0611577928066253,True,True,Agilent-3,pSERS_Metrohm_silver,,,benzyl_fentanyl,strict_core,0.78889711119957
outer,nato_outer_o3__train_strict_core__test_strict_core,3,siamese,deterministic_edge_triplet,derivative_1,triplet,3141,session3_row487,benzyl_fentanyl,benzyl_fentanyl,-0.2017399966716766,True,True,Pendar-3,pSERS_Metrohm_silver,,,benzyl_fentanyl,strict_core,0.7038131152128787
outer,nato_outer_o3__train_strict_core__test_strict_core,3,siamese,deterministic_edge_triplet,derivative_1,triplet,3141,session3_row488,benzyl_fentanyl,4_nitrophenol,-0.3855743706226349,True,False,Pendar-3,pSERS_Metrohm_silver,,,benzyl_fentanyl,strict_core,0.567940537218756
outer,nato_outer_o3__train_strict_core__test_strict_core,3,siamese,deterministic_edge_triplet,derivative_1,triplet,3141,session3_row491,benzyl_fentanyl,blank,-0.3449663519859314,True,False,Pendar-3,pSERS_Metrohm_silver,,,benzyl_fentanyl,strict_core,0.5997055255753542
outer,nato_outer_o3__train_strict_core__test_strict_core,3,siamese,deterministic_edge_triplet,derivative_1,triplet,3141,session3_row492,benzyl_fentanyl,benzyl_fentanyl,-0.1998466849327087,True,True,RMX-2,pSERS_Metrohm_silver,,,benzyl_fentanyl,strict_core,0.7050826656731272
outer,nato_outer_o3__train_strict_core__test_strict_core,3,siamese,deterministic_edge_triplet,derivative_1,triplet,3141,session3_row493,benzyl_fentanyl,benzyl_fentanyl,-0.0613042972981929,True,True,Pendar-3,pSERS_Metrohm_silver,,,benzyl_fentanyl,strict_core,0.7888185206933251
outer,nato_outer_o3__train_strict_core__test_strict_core,3,siamese,deterministic_edge_triplet,derivative_1,triplet,3141,session3_row494,benzyl_fentanyl,benzyl_fentanyl,-0.2486728429794311,True,True,RMX-2,pSERS_Metrohm_silver,,,benzyl_fentanyl,strict_core,0.6713654569751902
outer,nato_outer_o3__train_strict_core__test_strict_core,3,siamese,deterministic_edge_triplet,derivative_1,triplet,3141,session3_row495,benzyl_fentanyl,benzyl_fentanyl,-0.0899272933602333,True,True,Mira-1,pSERS_Metrohm_silver,,,benzyl_fentanyl,strict_core,0.7730533993582339
outer,nato_outer_o3__train_strict_core__test_strict_core,3,siamese,deterministic_edge_triplet,derivative_1,triplet,3141,session3_row496,benzyl_fentanyl,benzyl_fentanyl,-0.0749711841344833,True,True,Agilent-3,pSERS_Metrohm_silver,,,benzyl_fentanyl,strict_core,0.781392889106778
outer,nato_outer_o3__train_strict_core__test_strict_core,3,siamese,deterministic_edge_triplet,derivative_1,triplet,3141,session3_row499_scan4214,benzyl_fentanyl,benzyl_fentanyl,-0.5022843480110168,True,True,Mira-1,GaN_polymer,,,benzyl_fentanyl,strict_core,0.4744148378047902
outer,nato_outer_o3__train_strict_core__test_strict_core,3,siamese,deterministic_edge_triplet,derivative_1,triplet,3141,session3_row499_scan4213,benzyl_fentanyl,benzyl_fentanyl,-0.5062593817710876,True,True,Mira-1,GaN_polymer,,,benzyl_fentanyl,strict_core,0.47122374502696956
outer,nato_outer_o3__train_strict_core__test_strict_core,3,siamese,deterministic_edge_triplet,derivative_1,triplet,3141,session3_row500,benzyl_fentanyl,blank,-0.3291280269622803,True,False,Agilent-3,GaN_polymer,,,benzyl_fentanyl,strict_core,0.6118863144140997
outer,nato_outer_o3__train_strict_core__test_strict_core,3,siamese,deterministic_edge_triplet,derivative_1,triplet,3141,session3_row501,benzyl_fentanyl,benzyl_fentanyl,-0.148649051785469,True,True,Mira-1,GaN_polymer,,,benzyl_fentanyl,strict_core,0.7381761104522218
outer,nato_outer_o3__train_strict_core__test_strict_core,3,siamese,deterministic_edge_triplet,derivative_1,triplet,3141,session3_row502,benzyl_fentanyl,benzyl_fentanyl,-0.1601728647947311,True,True,Agilent-3,GaN_polymer,,,benzyl_fentanyl,strict_core,0.730939808239755
outer,nato_outer_o3__train_quality_pass__test_quality_pass,3,siamese,deterministic_edge_triplet,derivative_1,triplet,1729,session1_row13,4_ANPP,4_ANPP,-0.0247190967202186,True,True,Mira-3,pSERS_Metrohm_silver,,,4_ANPP,quality_pass,0.8008796930347378
outer,nato_outer_o3__train_quality_pass__test_quality_pass,3,siamese,deterministic_edge_triplet,derivative_1,triplet,1729,session1_row18,4_ANPP,acetaminophen,-0.3294818997383117,True,False,Agilent-3,pSERS_Metrohm_silver,,,4_ANPP,quality_pass,0.6639435928743138
outer,nato_outer_o3__train_quality_pass__test_quality_pass,3,siamese,deterministic_edge_triplet,derivative_1,triplet,1729,session1_row19,4_ANPP,4_ANPP,-0.0247190967202186,True,True,Agilent-3,pSERS_Metrohm_silver,,,4_ANPP,quality_pass,0.8008796930347378
outer,nato_outer_o3__train_quality_pass__test_quality_pass,3,siamese,deterministic_edge_triplet,derivative_1,triplet,1729,session1_row143,acetaminophen,acetaminophen,-0.2096495479345321,True,True,RMX-2,pSERS_Metrohm_silver,,,acetaminophen,quality_pass,0.7232092152059726
outer,nato_outer_o3__train_quality_pass__test_quality_pass,3,siamese,deterministic_edge_triplet,derivative_1,triplet,1729,session1_row210,4_nitrophenol,4_nitrophenol,-0.0821530446410179,True,True,Pendar-2,H_SERS_H_Kit,,,4_nitrophenol,quality_pass,0.7786527261621261
outer,nato_outer_o3__train_quality_pass__test_quality_pass,3,siamese,deterministic_edge_triplet,derivative_1,triplet,1729,session1_row214,4_nitrophenol,4_nitrophenol,-0.0590434931218624,True,True,RMX-1,H_SERS_H_Kit,,,4_nitrophenol,quality_pass,0.7878037017153611
outer,nato_outer_o3__train_quality_pass__test_quality_pass,3,siamese,deterministic_edge_triplet,derivative_1,triplet,1729,session1_row218,4_nitrophenol,4_nitrophenol,-0.0657687410712242,True,True,RMX-1,GaN_polymer,,,4_nitrophenol,quality_pass,0.7851694530204739
outer,nato_outer_o3__train_quality_pass__test_quality_pass,3,siamese,deterministic_edge_triplet,derivative_1,triplet,1729,session1_row222,ethyl_paraoxon,ethyl_paraoxon,-0.10224200040102,True,True,Mira-2,H_SERS_H_Kit,,,ethyl_paraoxon,quality_pass,0.7704711054206996
outer,nato_outer_o3__train_quality_pass__test_quality_pass,3,siamese,deterministic_edge_triplet,derivative_1,triplet,1729,session1_row224,ethanol,ethyl_paraoxon,-0.2950491309165954,True,False,Mira-2,H_SERS_H_Kit,,,ethanol,quality_pass,0.681621877369162
outer,nato_outer_o3__train_quality_pass__test_quality_pass,3,siamese,deterministic_edge_triplet,derivative_1,triplet,1729,session1_row234,4_nitrophenol,4_nitrophenol,-0.0657687410712242,True,True,Mira-2,H_SERS_H_Kit,,,4_nitrophenol,quality_pass,0.7851694530204739
outer,nato_outer_o3__train_quality_pass__test_quality_pass,3,siamese,deterministic_edge_triplet,derivative_1,triplet,1729,session1_row238,ethyl_paraoxon,ethyl_paraoxon,-0.1741288006305694,True,True,Agilent-3,H_SERS_H_Kit,,,ethyl_paraoxon,quality_pass,0.7394846183167074
outer,nato_outer_o3__train_quality_pass__test_quality_pass,3,siamese,deterministic_edge_triplet,derivative_1,triplet,1729,session1_row240,ethanol,ethyl_paraoxon,-0.3042392134666443,True,False,Agilent-3,H_SERS_H_Kit,,,ethanol,quality_pass,0.6769518436848677
outer,nato_outer_o3__train_quality_pass__test_quality_pass,3,siamese,deterministic_edge_triplet,derivative_1,triplet,1729,session1_row246,4_nitrophenol,4_nitrophenol,-0.0657687410712242,True,True,Pendar-2,GaN_polymer,,,4_nitrophenol,quality_pass,0.7851694530204739
outer,nato_outer_o3__train_quality_pass__test_quality_pass,3,siamese,deterministic_edge_triplet,derivative_1,triplet,1729,session2_row16,4_ANPP,4_ANPP,-0.0198268126696348,True,True,Pendar-3,pSERS_Metrohm_silver,,,4_ANPP,quality_pass,0.8026932766699759
outer,nato_outer_o3__train_quality_pass__test_quality_pass,3,siamese,deterministic_edge_triplet,derivative_1,triplet,1729,session2_row25,4_ANPP,4_ANPP,-0.0247190967202186,True,True,Mira-3,pSERS_Metrohm_silver,,,4_ANPP,quality_pass,0.8008796930347378
outer,nato_outer_o3__train_quality_pass__test_quality_pass,3,siamese,deterministic_edge_triplet,derivative_1,triplet,1729,session2_row89,blank,ethyl_paraoxon,-0.3360971510410309,True,False,Mira-3,pSERS_Metrohm_silver,,,blank,quality_pass,0.6604920162870235
outer,nato_outer_o3__train_quality_pass__test_quality_pass,3,siamese,deterministic_edge_triplet,derivative_1,triplet,1729,session2_row96,4_ANPP,4_ANPP,-0.0247190967202186,True,True,Pendar-3,pSERS_Metrohm_silver,,,4_ANPP,quality_pass,0.8008796930347378
outer,nato_outer_o3__train_quality_pass__test_quality_pass,3,siamese,deterministic_edge_triplet,derivative_1,triplet,1729,session2_row97,4_ANPP,4_ANPP,-0.0247190967202186,True,True,Mira-3,pSERS_Metrohm_silver,,,4_ANPP,quality_pass,0.8008796930347378
outer,nato_outer_o3__train_quality_pass__test_quality_pass,3,siamese,deterministic_edge_triplet,derivative_1,triplet,1729,session2_row106,4_ANPP,4_ANPP,-0.1010367944836616,True,True,Agilent-3,pSERS_Metrohm_silver,,,4_ANPP,quality_pass,0.7709678818614433
outer,nato_outer_o3__train_quality_pass__test_quality_pass,3,siamese,deterministic_edge_triplet,derivative_1,triplet,1729,session2_row119,blank,blank,-0.2867203652858734,True,True,Agilent-3,pSERS_Metrohm_silver,,,blank,quality_pass,0.685822952708665
outer,nato_outer_o3__train_quality_pass__test_quality_pass,3,siamese,deterministic_edge_triplet,derivative_1,triplet,1729,session2_row123,4_ANPP,4_ANPP,-0.0247190967202186,True,True,Agilent-3,pSERS_Metrohm_silver,,,4_ANPP,quality_pass,0.8008796930347378
outer,nato_outer_o3__train_quality_pass__test_quality_pass,3,siamese,deterministic_edge_triplet,derivative_1,triplet,1729,session2_row169,acetaminophen,acetaminophen,-0.1784103512763977,True,True,Pendar-2,pSERS_Metrohm_silver,,,acetaminophen,quality_pass,0.7375560441556187
outer,nato_outer_o3__train_quality_pass__test_quality_pass,3,siamese,deterministic_edge_triplet,derivative_1,triplet,1729,session2_row170,acetaminophen,ethanol,-0.2178234159946441,True,False,Pendar-2,pSERS_Metrohm_silver,,,acetaminophen,quality_pass,0.7193763938550298
outer,nato_outer_o3__train_quality_pass__test_quality_pass,3,siamese,deterministic_edge_triplet,derivative_1,triplet,1729,session2_row178,acetaminophen,ethanol,-0.140176847577095,True,False,RMX-2,pSERS_Metrohm_silver,,,acetaminophen,quality_pass,0.7544497739745321
outer,nato_outer_o3__train_quality_pass__test_quality_pass,3,siamese,deterministic_edge_triplet,derivative_1,triplet,1729,session2_row180,acetaminophen,acetaminophen,-0.16746886074543,True,True,RMX-2,pSERS_Metrohm_silver,,,acetaminophen,quality_pass,0.7424662073780284
outer,nato_outer_o3__train_quality_pass__test_quality_pass,3,siamese,deterministic_edge_triplet,derivative_1,triplet,1729,session2_row193,benzyl_fentanyl,benzyl_fentanyl,-0.2318275272846222,True,True,Pendar-2,pSERS_Metrohm_silver,,,benzyl_fentanyl,quality_pass,0.7127350367492075
outer,nato_outer_o3__train_quality_pass__test_quality_pass,3,siamese,deterministic_edge_triplet,derivative_1,triplet,1729,session2_row200,benzyl_fentanyl,benzyl_fentanyl,-0.1267910748720169,True,True,RMX-2,pSERS_Metrohm_silver,,,benzyl_fentanyl,quality_pass,0.7601880147744511
outer,nato_outer_o3__train_quality_pass__test_quality_pass,3,siamese,deterministic_edge_triplet,derivative_1,triplet,1729,session2_row210,benzyl_fentanyl,benzyl_fentanyl,-0.1523687541484832,True,True,RMX-2,pSERS_Metrohm_silver,,,benzyl_fentanyl,quality_pass,0.7491433337807762
outer,nato_outer_o3__train_quality_pass__test_quality_pass,3,siamese,deterministic_edge_triplet,derivative_1,triplet,1729,session2_row227,benzyl_fentanyl,benzyl_fentanyl,-0.3110485076904297,True,True,Pendar-2,pSERS_Metrohm_silver,,,benzyl_fentanyl,quality_pass,0.6734686573126739
outer,nato_outer_o3__train_quality_pass__test_quality_pass,3,siamese,deterministic_edge_triplet,derivative_1,triplet,1729,session2_row232,acetaminophen,acetaminophen,-0.1633699238300323,True,True,RMX-2,pSERS_Metrohm_silver,,,acetaminophen,quality_pass,0.7442901434368414
outer,nato_outer_o3__train_quality_pass__test_quality_pass,3,siamese,deterministic_edge_triplet,derivative_1,triplet,1729,session2_row244,acetaminophen,benzyl_fentanyl,-0.3479999601840973,True,False,Pendar-2,pSERS_Metrohm_silver,,,acetaminophen,quality_pass,0.6542386348338539
outer,nato_outer_o3__train_quality_pass__test_quality_pass,3,siamese,deterministic_edge_triplet,derivative_1,triplet,1729,session2_row247,acetaminophen,acetaminophen,-0.2411936223506927,True,True,Pendar-2,pSERS_Metrohm_silver,,,acetaminophen,quality_pass,0.7082412596478425
outer,nato_outer_o3__train_quality_pass__test_quality_pass,3,siamese,deterministic_edge_triplet,derivative_1,triplet,1729,session2_row248,acetaminophen,ethyl_paraoxon,-0.3518455028533935,True,False,Pendar-2,pSERS_Metrohm_silver,,,acetaminophen,quality_pass,0.6522067221648176
outer,nato_outer_o3__train_quality_pass__test_quality_pass,3,siamese,deterministic_edge_triplet,derivative_1,triplet,1729,session2_row286,ethyl_paraoxon,ethyl_paraoxon,-0.1203916817903518,True,True,RMX-1,H_SERS_H_Kit,,,ethyl_paraoxon,quality_pass,0.7628986781274489
outer,nato_outer_o3__train_quality_pass__test_quality_pass,3,siamese,deterministic_edge_triplet,derivative_1,triplet,1729,session2_row290,ethyl_paraoxon,ethyl_paraoxon,-0.0908253192901611,True,True,Agilent-3,H_SERS_H_Kit,,,ethyl_paraoxon,quality_pass,0.7751466005745231
outer,nato_outer_o3__train_quality_pass__test_quality_pass,3,siamese,deterministic_edge_triplet,derivative_1,triplet,1729,session2_row291,ethyl_paraoxon,ethyl_paraoxon,-0.2122721374034881,True,True,Mira-2,H_SERS_H_Kit,,,ethyl_paraoxon,quality_pass,0.7219829784022799
outer,nato_outer_o3__train_quality_pass__test_quality_pass,3,siamese,deterministic_edge_triplet,derivative_1,triplet,1729,session2_row294,ethanol,ethyl_paraoxon,-0.2335779815912246,True,False,Agilent-3,H_SERS_H_Kit,,,ethanol,quality_pass,0.7118983271811193
outer,nato_outer_o3__train_quality_pass__test_quality_pass,3,siamese,deterministic_edge_triplet,derivative_1,triplet,1729,session2_row295,ethanol,acetaminophen,-0.1694266647100448,True,False,Mira-2,H_SERS_H_Kit,,,ethanol,quality_pass,0.7415920353419215
outer,nato_outer_o3__train_quality_pass__test_quality_pass,3,siamese,deterministic_edge_triplet,derivative_1,triplet,1729,session2_row298,ethyl_paraoxon,ethyl_paraoxon,-0.2234491258859634,True,True,RMX-1,NRC_Canadian_SERS,,,ethyl_paraoxon,quality_pass,0.71671970992755
outer,nato_outer_o3__train_quality_pass__test_quality_pass,3,siamese,deterministic_edge_triplet,derivative_1,triplet,1729,session2_row302,ethyl_paraoxon,ethyl_paraoxon,-0.2751328349113464,True,True,Agilent-3,NRC_Canadian_SERS,,,ethyl_paraoxon,quality_pass,0.6916173947776237
outer,nato_outer_o3__train_quality_pass__test_quality_pass,3,siamese,deterministic_edge_triplet,derivative_1,triplet,1729,session2_row304,ethanol,ethyl_paraoxon,-0.3107599914073944,True,False,Agilent-3,NRC_Canadian_SERS,,,ethanol,quality_pass,0.6736166356939771
outer,nato_outer_o3__train_quality_pass__test_quality_pass,3,siamese,deterministic_edge_triplet,derivative_1,triplet,1729,session2_row305,ethyl_paraoxon,ethyl_paraoxon,-0.4027106165885925,True,True,RMX-1,NRC_Canadian_SERS,,,ethyl_paraoxon,quality_pass,0.6248314146449361
outer,nato_outer_o3__train_quality_pass__test_quality_pass,3,siamese,deterministic_edge_triplet,derivative_1,triplet,1729,session2_row309,ethyl_paraoxon,ethyl_paraoxon,-0.1925887316465377,True,True,Agilent-3,NRC_Canadian_SERS,,,ethyl_paraoxon,quality_pass,0.7311042540177832
outer,nato_outer_o3__train_quality_pass__test_quality_pass,3,siamese,deterministic_edge_triplet,derivative_1,triplet,1729,session2_row310,ethanol,4_nitrophenol,-0.158202975988388,True,False,RMX-1,NRC_Canadian_SERS,,,ethanol,quality_pass,0.7465772066537035
outer,nato_outer_o3__train_quality_pass__test_quality_pass,3,siamese,deterministic_edge_triplet,derivative_1,triplet,1729,session2_row312,ethanol,blank,-0.1462820619344711,True,False,Mira-2,NRC_Canadian_SERS,,,ethanol,quality_pass,0.7518020227299633
outer,nato_outer_o3__train_quality_pass__test_quality_pass,3,siamese,deterministic_edge_triplet,derivative_1,triplet,1729,session2_row314,ethyl_paraoxon,acetaminophen,-0.2477583736181259,True,False,Mira-2,NRC_Canadian_SERS,,,ethyl_paraoxon,quality_pass,0.7050670301107184
outer,nato_outer_o3__train_quality_pass__test_quality_pass,3,siamese,deterministic_edge_triplet,derivative_1,triplet,1729,session2_row370,4_nitrophenol,4_nitrophenol,-0.0657687410712242,True,True,RMX-1,H_SERS_H_Kit,,,4_nitrophenol,quality_pass,0.7851694530204739
outer,nato_outer_o3__train_quality_pass__test_quality_pass,3,siamese,deterministic_edge_triplet,derivative_1,triplet,1729,session2_row371,4_nitrophenol,4_nitrophenol,-0.0429627746343612,True,True,Pendar-3,H_SERS_H_Kit,,,4_nitrophenol,quality_pass,0.7940064483445494
outer,nato_outer_o3__train_quality_pass__test_quality_pass,3,siamese,deterministic_edge_triplet,derivative_1,triplet,1729,session2_row379,4_nitrophenol,4_nitrophenol,-0.0924837440252304,True,True,Mira-2,H_SERS_H_Kit,,,4_nitrophenol,quality_pass,0.7744716415260023
outer,nato_outer_o3__train_quality_pass__test_quality_pass,3,siamese,deterministic_edge_triplet,derivative_1,triplet,1729,session2_row388,4_nitrophenol,4_nitrophenol,-0.0622828379273414,True,True,Mira-2,NRC_Canadian_SERS,,,4_nitrophenol,quality_pass,0.7865378209794448
outer,nato_outer_o3__train_quality_pass__test_quality_pass,3,siamese,deterministic_edge_triplet,derivative_1,triplet,1729,session2_row392,4_nitrophenol,ethyl_paraoxon,-0.2654140889644623,True,False,RMX-1,NRC_Canadian_SERS,,,4_nitrophenol,quality_pass,0.6964313432027599
outer,nato_outer_o3__train_quality_pass__test_quality_pass,3,siamese,deterministic_edge_triplet,derivative_1,triplet,1729,session3_row26,ethyl_paraoxon,ethyl_paraoxon,-0.3397372961044311,True,True,RMX-1,H_SERS_H_Kit,,,ethyl_paraoxon,quality_pass,0.6585854045381353
outer,nato_outer_o3__train_quality_pass__test_quality_pass,3,siamese,deterministic_edge_triplet,derivative_1,triplet,1729,session3_row27,ethyl_paraoxon,ethyl_paraoxon,-0.3041025698184967,True,True,Mira-2,H_SERS_H_Kit,,,ethyl_paraoxon,quality_pass,0.6770215426593437
outer,nato_outer_o3__train_quality_pass__test_quality_pass,3,siamese,deterministic_edge_triplet,derivative_1,triplet,1729,session3_row34,ethanol,ethanol,-0.0372554957866668,True,True,RMX-1,H_SERS_H_Kit,,,ethanol,quality_pass,0.7961753518775034
outer,nato_outer_o3__train_quality_pass__test_quality_pass,3,siamese,deterministic_edge_triplet,derivative_1,triplet,1729,session3_row35,ethanol,ethanol,-0.4927508234977722,True,True,Mira-2,H_SERS_H_Kit,,,ethanol,quality_pass,0.574462190438123
outer,nato_outer_o3__train_quality_pass__test_quality_pass,3,siamese,deterministic_edge_triplet,derivative_1,triplet,1729,session3_row83,4_nitrophenol,ethyl_paraoxon,-0.1952360123395919,True,False,Pendar-2,H_SERS_H_Kit,,,4_nitrophenol,quality_pass,0.7298885762971851
outer,nato_outer_o3__train_quality_pass__test_quality_pass,3,siamese,deterministic_edge_triplet,derivative_1,triplet,1729,session3_row135,4_nitrophenol,4_nitrophenol,-0.0585895180702209,True,True,RMX-1,H_SERS_H_Kit,,,4_nitrophenol,quality_pass,0.787980668526045
outer,nato_outer_o3__train_quality_pass__test_quality_pass,3,siamese,deterministic_edge_triplet,derivative_1,triplet,1729,session3_row136,4_nitrophenol,4_nitrophenol,-0.0657687410712242,True,True,Mira-2,H_SERS_H_Kit,,,4_nitrophenol,quality_pass,0.7851694530204739
outer,nato_outer_o3__train_quality_pass__test_quality_pass,3,siamese,deterministic_edge_triplet,derivative_1,triplet,1729,session3_row166,4_nitrophenol,4_nitrophenol,-0.1909885257482528,True,True,RMX-1,H_SERS_H_Kit,,,4_nitrophenol,quality_pass,0.7318374170018574
outer,nato_outer_o3__train_quality_pass__test_quality_pass,3,siamese,deterministic_edge_triplet,derivative_1,triplet,1729,session3_row167,4_nitrophenol,4_nitrophenol,-0.2142630219459533,True,True,Mira-2,H_SERS_H_Kit,,,4_nitrophenol,quality_pass,0.7210498788875572
outer,nato_outer_o3__train_quality_pass__test_quality_pass,3,siamese,deterministic_edge_triplet,derivative_1,triplet,1729,session3_row209,4_ANPP,4_ANPP,-0.0247190967202186,True,True,Pendar-1,pSERS_Metrohm_silver,,,4_ANPP,quality_pass,0.8008796930347378
outer,nato_outer_o3__train_quality_pass__test_quality_pass,3,siamese,deterministic_edge_triplet,derivative_1,triplet,1729,session3_row215,4_ANPP,4_ANPP,-0.0247190967202186,True,True,Mira-3,pSERS_Metrohm_silver,,,4_ANPP,quality_pass,0.8008796930347378
outer,nato_outer_o3__train_quality_pass__test_quality_pass,3,siamese,deterministic_edge_triplet,derivative_1,triplet,1729,session3_row236,4_ANPP,4_ANPP,-0.0247190967202186,True,True,Agilent-1,pSERS_Metrohm_silver,,,4_ANPP,quality_pass,0.8008796930347378
outer,nato_outer_o3__train_quality_pass__test_quality_pass,3,siamese,deterministic_edge_triplet,derivative_1,triplet,1729,session3_row257,blank,ethanol,-0.4049035906791687,True,False,Pendar-1,pSERS_Metrohm_silver,,,blank,quality_pass,0.6236315405513945
outer,nato_outer_o3__train_quality_pass__test_quality_pass,3,siamese,deterministic_edge_triplet,derivative_1,triplet,1729,session3_row261,blank,4_ANPP,-0.1336637586355209,True,False,Mira-3,pSERS_Metrohm_silver,,,blank,quality_pass,0.7572533358693789
outer,nato_outer_o3__train_quality_pass__test_quality_pass,3,siamese,deterministic_edge_triplet,derivative_1,triplet,1729,session3_row264,blank,benzyl_fentanyl,-0.2269241362810135,True,False,Mira-3,NRC_Canadian_SERS,,,blank,quality_pass,0.7150710943035565
outer,nato_outer_o3__train_quality_pass__test_quality_pass,3,siamese,deterministic_edge_triplet,derivative_1,triplet,1729,session3_row283,blank,blank,-0.2752276062965393,True,True,Agilent-1,pSERS_Metrohm_silver,,,blank,quality_pass,0.691570244115164
outer,nato_outer_o3__train_quality_pass__test_quality_pass,3,siamese,deterministic_edge_triplet,derivative_1,triplet,1729,session3_row285,blank,blank,-0.3374490141868591,True,True,Mira-3,pSERS_Metrohm_silver,,,blank,quality_pass,0.6597845493108089
outer,nato_outer_o3__train_quality_pass__test_quality_pass,3,siamese,deterministic_edge_triplet,derivative_1,triplet,1729,session3_row287,4_ANPP,4_ANPP,-0.0247190967202186,True,True,Pendar-1,pSERS_Metrohm_silver,,,4_ANPP,quality_pass,0.8008796930347378
outer,nato_outer_o3__train_quality_pass__test_quality_pass,3,siamese,deterministic_edge_triplet,derivative_1,triplet,1729,session3_row294,4_ANPP,4_ANPP,-0.0288082174956798,True,True,Agilent-1,pSERS_Metrohm_silver,,,4_ANPP,quality_pass,0.7993542569425226
outer,nato_outer_o3__train_quality_pass__test_quality_pass,3,siamese,deterministic_edge_triplet,derivative_1,triplet,1729,session3_row295,4_ANPP,4_ANPP,-0.0247190967202186,True,True,Mira-3,pSERS_Metrohm_silver,,,4_ANPP,quality_pass,0.8008796930347378
outer,nato_outer_o3__train_quality_pass__test_quality_pass,3,siamese,deterministic_edge_triplet,derivative_1,triplet,1729,session3_row301,4_ANPP,blank,-0.3274761438369751,True,False,Mira-3,NRC_Canadian_SERS,,,4_ANPP,quality_pass,0.6649866883446847
outer,nato_outer_o3__train_quality_pass__test_quality_pass,3,siamese,deterministic_edge_triplet,derivative_1,triplet,1729,session3_row311,blank,ethanol,-0.29331174492836,True,False,Mira-3,NRC_Canadian_SERS,,,blank,quality_pass,0.6825006961188224
outer,nato_outer_o3__train_quality_pass__test_quality_pass,3,siamese,deterministic_edge_triplet,derivative_1,triplet,1729,session3_row320,blank,4_ANPP,-0.0247190967202186,True,False,Pendar-1,NRC_Canadian_SERS,,,blank,quality_pass,0.8008796930347378
outer,nato_outer_o3__train_quality_pass__test_quality_pass,3,siamese,deterministic_edge_triplet,derivative_1,triplet,1729,session3_row326,4_ANPP,ethyl_paraoxon,-0.2708485722541809,True,False,Mira-3,NRC_Canadian_SERS,,,4_ANPP,quality_pass,0.6937447196544863
outer,nato_outer_o3__train_quality_pass__test_quality_pass,3,siamese,deterministic_edge_triplet,derivative_1,triplet,1729,session3_row339,4_ANPP,benzyl_fentanyl,-0.4533108174800873,True,False,Agilent-1,NRC_Canadian_SERS,,,4_ANPP,quality_pass,0.5967826946721534
outer,nato_outer_o3__train_quality_pass__test_quality_pass,3,siamese,deterministic_edge_triplet,derivative_1,triplet,1729,session3_row343,blank,acetaminophen,-0.5851067304611206,True,False,Agilent-1,NRC_Canadian_SERS,,,blank,quality_pass,0.5211506241387515
outer,nato_outer_o3__train_quality_pass__test_quality_pass,3,siamese,deterministic_edge_triplet,derivative_1,triplet,1729,session3_row346,blank,ethanol,-0.4753544926643371,True,False,Pendar-1,pSERS_Metrohm_silver,,,blank,quality_pass,0.5843505439734897
outer,nato_outer_o3__train_quality_pass__test_quality_pass,3,siamese,deterministic_edge_triplet,derivative_1,triplet,1729,session3_row349,4_ANPP,4_ANPP,-0.0247190967202186,True,True,Pendar-1,pSERS_Metrohm_silver,,,4_ANPP,quality_pass,0.8008796930347378
outer,nato_outer_o3__train_quality_pass__test_quality_pass,3,siamese,deterministic_edge_triplet,derivative_1,triplet,1729,session3_row415,acetaminophen,4_ANPP,-0.1626069396734237,True,False,Mira-1,pSERS_Metrohm_silver,,,acetaminophen,quality_pass,0.7446287167785571
outer,nato_outer_o3__train_quality_pass__test_quality_pass,3,siamese,deterministic_edge_triplet,derivative_1,triplet,1729,session3_row416,acetaminophen,4_ANPP,-0.1073346361517906,True,False,Agilent-3,pSERS_Metrohm_silver,,,acetaminophen,quality_pass,0.7683636169519446
outer,nato_outer_o3__train_quality_pass__test_quality_pass,3,siamese,deterministic_edge_triplet,derivative_1,triplet,1729,session3_row419,acetaminophen,acetaminophen,-0.3970972895622253,True,True,Pendar-3,pSERS_Metrohm_silver,,,acetaminophen,quality_pass,0.6278957098326201
outer,nato_outer_o3__train_quality_pass__test_quality_pass,3,siamese,deterministic_edge_triplet,derivative_1,triplet,1729,session3_row420,acetaminophen,acetaminophen,-0.4206336140632629,True,True,RMX-2,pSERS_Metrohm_silver,,,acetaminophen,quality_pass,0.6149812109333116
outer,nato_outer_o3__train_quality_pass__test_quality_pass,3,siamese,deterministic_edge_triplet,derivative_1,triplet,1729,session3_row459,benzyl_fentanyl,benzyl_fentanyl,-0.1042586490511894,True,True,Pendar-3,pSERS_Metrohm_silver,,,benzyl_fentanyl,quality_pass,0.7696381678413466
outer,nato_outer_o3__train_quality_pass__test_quality_pass,3,siamese,deterministic_edge_triplet,derivative_1,triplet,1729,session3_row460,benzyl_fentanyl,benzyl_fentanyl,-0.1245833560824394,True,True,RMX-2,pSERS_Metrohm_silver,,,benzyl_fentanyl,quality_pass,0.7611255542816913
outer,nato_outer_o3__train_quality_pass__test_quality_pass,3,siamese,deterministic_edge_triplet,derivative_1,triplet,1729,session3_row463,benzyl_fentanyl,benzyl_fentanyl,-0.09561138600111,True,True,Pendar-3,pSERS_Metrohm_silver,,,benzyl_fentanyl,quality_pass,0.7731948244566156
outer,nato_outer_o3__train_quality_pass__test_quality_pass,3,siamese,deterministic_edge_triplet,derivative_1,triplet,1729,session3_row464,benzyl_fentanyl,benzyl_fentanyl,-0.1296029090881347,True,True,RMX-2,pSERS_Metrohm_silver,,,benzyl_fentanyl,quality_pass,0.7589902867318198
outer,nato_outer_o3__train_quality_pass__test_quality_pass,3,siamese,deterministic_edge_triplet,derivative_1,triplet,1729,session3_row471,benzyl_fentanyl,benzyl_fentanyl,-0.1323425024747848,True,True,Mira-1,pSERS_Metrohm_silver,,,benzyl_fentanyl,quality_pass,0.7578194100591041
outer,nato_outer_o3__train_quality_pass__test_quality_pass,3,siamese,deterministic_edge_triplet,derivative_1,triplet,1729,session3_row475,benzyl_fentanyl,benzyl_fentanyl,-0.1679502576589584,True,True,Mira-1,pSERS_Metrohm_silver,,,benzyl_fentanyl,quality_pass,0.7422514397477301
outer,nato_outer_o3__train_quality_pass__test_quality_pass,3,siamese,deterministic_edge_triplet,derivative_1,triplet,1729,session3_row476,benzyl_fentanyl,benzyl_fentanyl,-0.1310677826404571,True,True,Agilent-3,pSERS_Metrohm_silver,,,benzyl_fentanyl,quality_pass,0.758364694461297
outer,nato_outer_o3__train_quality_pass__test_quality_pass,3,siamese,deterministic_edge_triplet,derivative_1,triplet,1729,session3_row491,benzyl_fentanyl,ethyl_paraoxon,-0.453331857919693,True,False,Pendar-3,pSERS_Metrohm_silver,,,benzyl_fentanyl,quality_pass,0.5967708847060503
outer,nato_outer_o3__train_quality_pass__test_quality_pass,3,siamese,deterministic_edge_triplet,derivative_1,triplet,1729,session3_row492,benzyl_fentanyl,benzyl_fentanyl,-0.1520942151546478,True,True,RMX-2,pSERS_Metrohm_silver,,,benzyl_fentanyl,quality_pass,0.7492636603954822
outer,nato_outer_o3__train_quality_pass__test_quality_pass,3,siamese,deterministic_edge_triplet,derivative_1,triplet,1729,session3_row493,benzyl_fentanyl,benzyl_fentanyl,-0.4907587468624115,True,True,Pendar-3,pSERS_Metrohm_silver,,,benzyl_fentanyl,quality_pass,0.5755977005822855
outer,nato_outer_o3__train_quality_pass__test_quality_pass,3,siamese,deterministic_edge_triplet,derivative_1,triplet,1729,session3_row494,benzyl_fentanyl,benzyl_fentanyl,-0.1562199741601944,True,True,RMX-2,pSERS_Metrohm_silver,,,benzyl_fentanyl,quality_pass,0.7474513528778867
outer,nato_outer_o3__train_quality_pass__test_quality_pass,3,siamese,deterministic_edge_triplet,derivative_1,triplet,1729,session3_row495,benzyl_fentanyl,benzyl_fentanyl,-0.1718846261501312,True,True,Mira-1,pSERS_Metrohm_silver,,,benzyl_fentanyl,quality_pass,0.7404918060645665
outer,nato_outer_o3__train_quality_pass__test_quality_pass,3,siamese,deterministic_edge_triplet,derivative_1,triplet,1729,session3_row496,benzyl_fentanyl,benzyl_fentanyl,-0.1366051137447357,True,True,Agilent-3,pSERS_Metrohm_silver,,,benzyl_fentanyl,quality_pass,0.7559899272918068
outer,nato_outer_o3__train_quality_pass__test_quality_pass,3,siamese,deterministic_edge_triplet,derivative_1,triplet,1729,session3_row499_scan4214,benzyl_fentanyl,benzyl_fentanyl,-0.1701233088970184,True,True,Mira-1,GaN_polymer,,,benzyl_fentanyl,quality_pass,0.7412805132873039
outer,nato_outer_o3__train_quality_pass__test_quality_pass,3,siamese,deterministic_edge_triplet,derivative_1,triplet,1729,session3_row499_scan4213,benzyl_fentanyl,benzyl_fentanyl,-0.2529225647449493,True,True,Mira-1,GaN_polymer,,,benzyl_fentanyl,quality_pass,0.7025559457919194
outer,nato_outer_o3__train_quality_pass__test_quality_pass,3,siamese,deterministic_edge_triplet,derivative_1,triplet,1729,session3_row500,benzyl_fentanyl,ethanol,-0.1917331367731094,True,False,Agilent-3,GaN_polymer,,,benzyl_fentanyl,quality_pass,0.7314964177307519
outer,nato_outer_o3__train_quality_pass__test_quality_pass,3,siamese,deterministic_edge_triplet,derivative_1,triplet,1729,session3_row501,benzyl_fentanyl,benzyl_fentanyl,-0.2240705639123916,True,True,Mira-1,GaN_polymer,,,benzyl_fentanyl,quality_pass,0.7164253109459571
outer,nato_outer_o3__train_quality_pass__test_quality_pass,3,siamese,deterministic_edge_triplet,derivative_1,triplet,1729,session3_row502,benzyl_fentanyl,benzyl_fentanyl,-0.1282296925783157,True,True,Agilent-3,GaN_polymer,,,benzyl_fentanyl,quality_pass,0.7595757311516209
outer,nato_outer_o3__train_quality_pass__test_quality_pass,3,siamese,deterministic_edge_triplet,derivative_1,triplet,2718,session1_row13,4_ANPP,4_ANPP,-0.1521075963973999,True,True,Mira-3,pSERS_Metrohm_silver,,,4_ANPP,quality_pass,0.7139340656236768
outer,nato_outer_o3__train_quality_pass__test_quality_pass,3,siamese,deterministic_edge_triplet,derivative_1,triplet,2718,session1_row18,4_ANPP,acetaminophen,-0.3402446806430816,True,False,Agilent-3,pSERS_Metrohm_silver,,,4_ANPP,quality_pass,0.6198350051729017
outer,nato_outer_o3__train_quality_pass__test_quality_pass,3,siamese,deterministic_edge_triplet,derivative_1,triplet,2718,session1_row19,4_ANPP,4_ANPP,-0.1834782063961029,True,True,Agilent-3,pSERS_Metrohm_silver,,,4_ANPP,quality_pass,0.6992191426597626
outer,nato_outer_o3__train_quality_pass__test_quality_pass,3,siamese,deterministic_edge_triplet,derivative_1,triplet,2718,session1_row143,acetaminophen,acetaminophen,-0.2224996089935302,True,True,RMX-2,pSERS_Metrohm_silver,,,acetaminophen,quality_pass,0.6803289315313265
outer,nato_outer_o3__train_quality_pass__test_quality_pass,3,siamese,deterministic_edge_triplet,derivative_1,triplet,2718,session1_row210,4_nitrophenol,4_nitrophenol,-0.0712140053510665,True,True,Pendar-2,H_SERS_H_Kit,,,4_nitrophenol,quality_pass,0.7498131324356238
outer,nato_outer_o3__train_quality_pass__test_quality_pass,3,siamese,deterministic_edge_triplet,derivative_1,triplet,2718,session1_row214,4_nitrophenol,4_nitrophenol,-0.1627277731895446,True,True,RMX-1,H_SERS_H_Kit,,,4_nitrophenol,quality_pass,0.7090009249526156
outer,nato_outer_o3__train_quality_pass__test_quality_pass,3,siamese,deterministic_edge_triplet,derivative_1,triplet,2718,session1_row218,4_nitrophenol,4_nitrophenol,-0.1997778266668319,True,True,RMX-1,GaN_polymer,,,4_nitrophenol,quality_pass,0.691405666912396
outer,nato_outer_o3__train_quality_pass__test_quality_pass,3,siamese,deterministic_edge_triplet,derivative_1,triplet,2718,session1_row222,ethyl_paraoxon,ethyl_paraoxon,-0.1965038329362869,True,True,Mira-2,H_SERS_H_Kit,,,ethyl_paraoxon,quality_pass,0.6929841186671442
outer,nato_outer_o3__train_quality_pass__test_quality_pass,3,siamese,deterministic_edge_triplet,derivative_1,triplet,2718,session1_row224,ethanol,ethanol,-0.1212188526988029,True,True,Mira-2,H_SERS_H_Kit,,,ethanol,quality_pass,0.7279930631333403
outer,nato_outer_o3__train_quality_pass__test_quality_pass,3,siamese,deterministic_edge_triplet,derivative_1,triplet,2718,session1_row234,4_nitrophenol,4_nitrophenol,-0.056524384766817,True,True,Mira-2,H_SERS_H_Kit,,,4_nitrophenol,quality_pass,0.7559968130933445
outer,nato_outer_o3__train_quality_pass__test_quality_pass,3,siamese,deterministic_edge_triplet,derivative_1,triplet,2718,session1_row238,ethyl_paraoxon,ethyl_paraoxon,-0.2822287678718567,True,True,Agilent-3,H_SERS_H_Kit,,,ethyl_paraoxon,quality_pass,0.6502475512761287
outer,nato_outer_o3__train_quality_pass__test_quality_pass,3,siamese,deterministic_edge_triplet,derivative_1,triplet,2718,session1_row240,ethanol,ethyl_paraoxon,-0.2697064876556396,True,False,Agilent-3,H_SERS_H_Kit,,,ethanol,quality_pass,0.6566640619601932
outer,nato_outer_o3__train_quality_pass__test_quality_pass,3,siamese,deterministic_edge_triplet,derivative_1,triplet,2718,session1_row246,4_nitrophenol,4_nitrophenol,-0.0483407191932201,True,True,Pendar-2,GaN_polymer,,,4_nitrophenol,quality_pass,0.7593965633160021
outer,nato_outer_o3__train_quality_pass__test_quality_pass,3,siamese,deterministic_edge_triplet,derivative_1,triplet,2718,session2_row16,4_ANPP,4_ANPP,-0.2260960936546325,True,True,Pendar-3,pSERS_Metrohm_silver,,,4_ANPP,quality_pass,0.6785564330325611
outer,nato_outer_o3__train_quality_pass__test_quality_pass,3,siamese,deterministic_edge_triplet,derivative_1,triplet,2718,session2_row25,4_ANPP,4_ANPP,-0.1503328830003738,True,True,Mira-3,pSERS_Metrohm_silver,,,4_ANPP,quality_pass,0.7147535277987115
outer,nato_outer_o3__train_quality_pass__test_quality_pass,3,siamese,deterministic_edge_triplet,derivative_1,triplet,2718,session2_row89,blank,ethanol,-0.3639771640300751,True,False,Mira-3,pSERS_Metrohm_silver,,,blank,quality_pass,0.6071017262997263
outer,nato_outer_o3__train_quality_pass__test_quality_pass,3,siamese,deterministic_edge_triplet,derivative_1,triplet,2718,session2_row96,4_ANPP,4_ANPP,-0.188179537653923,True,True,Pendar-3,pSERS_Metrohm_silver,,,4_ANPP,quality_pass,0.6969770599930009
outer,nato_outer_o3__train_quality_pass__test_quality_pass,3,siamese,deterministic_edge_triplet,derivative_1,triplet,2718,session2_row97,4_ANPP,4_ANPP,-0.1353982388973236,True,True,Mira-3,pSERS_Metrohm_silver,,,4_ANPP,quality_pass,0.7215932728258105
outer,nato_outer_o3__train_quality_pass__test_quality_pass,3,siamese,deterministic_edge_triplet,derivative_1,triplet,2718,session2_row106,4_ANPP,4_ANPP,-0.1387454569339752,True,True,Agilent-3,pSERS_Metrohm_silver,,,4_ANPP,quality_pass,0.7200691020808495
outer,nato_outer_o3__train_quality_pass__test_quality_pass,3,siamese,deterministic_edge_triplet,derivative_1,triplet,2718,session2_row119,blank,blank,-0.101416677236557,True,True,Agilent-3,pSERS_Metrohm_silver,,,blank,quality_pass,0.7367748703070192
outer,nato_outer_o3__train_quality_pass__test_quality_pass,3,siamese,deterministic_edge_triplet,derivative_1,triplet,2718,session2_row123,4_ANPP,4_ANPP,-0.1048662215471267,True,True,Agilent-3,pSERS_Metrohm_silver,,,4_ANPP,quality_pass,0.735258256351835
outer,nato_outer_o3__train_quality_pass__test_quality_pass,3,siamese,deterministic_edge_triplet,derivative_1,triplet,2718,session2_row169,acetaminophen,acetaminophen,-0.1440224945545196,True,True,Pendar-2,pSERS_Metrohm_silver,,,acetaminophen,quality_pass,0.7176558495948124
outer,nato_outer_o3__train_quality_pass__test_quality_pass,3,siamese,deterministic_edge_triplet,derivative_1,triplet,2718,session2_row170,acetaminophen,acetaminophen,-0.2700880467891693,True,True,Pendar-2,pSERS_Metrohm_silver,,,acetaminophen,quality_pass,0.6564693767044067
outer,nato_outer_o3__train_quality_pass__test_quality_pass,3,siamese,deterministic_edge_triplet,derivative_1,triplet,2718,session2_row178,acetaminophen,blank,-0.1785275340080261,True,False,RMX-2,pSERS_Metrohm_silver,,,acetaminophen,quality_pass,0.7015698847086544
outer,nato_outer_o3__train_quality_pass__test_quality_pass,3,siamese,deterministic_edge_triplet,derivative_1,triplet,2718,session2_row180,acetaminophen,acetaminophen,-0.1426952928304672,True,True,RMX-2,pSERS_Metrohm_silver,,,acetaminophen,quality_pass,0.7182639815382567
outer,nato_outer_o3__train_quality_pass__test_quality_pass,3,siamese,deterministic_edge_triplet,derivative_1,triplet,2718,session2_row193,benzyl_fentanyl,benzyl_fentanyl,-0.1159729436039924,True,True,Pendar-2,pSERS_Metrohm_silver,,,benzyl_fentanyl,quality_pass,0.7303372869875153
outer,nato_outer_o3__train_quality_pass__test_quality_pass,3,siamese,deterministic_edge_triplet,derivative_1,triplet,2718,session2_row200,benzyl_fentanyl,benzyl_fentanyl,-0.1220601126551628,True,True,RMX-2,pSERS_Metrohm_silver,,,benzyl_fentanyl,quality_pass,0.727615946394011
outer,nato_outer_o3__train_quality_pass__test_quality_pass,3,siamese,deterministic_edge_triplet,derivative_1,triplet,2718,session2_row210,benzyl_fentanyl,benzyl_fentanyl,-0.1803101599216461,True,True,RMX-2,pSERS_Metrohm_silver,,,benzyl_fentanyl,quality_pass,0.7007246517050608
outer,nato_outer_o3__train_quality_pass__test_quality_pass,3,siamese,deterministic_edge_triplet,derivative_1,triplet,2718,session2_row227,benzyl_fentanyl,benzyl_fentanyl,-0.3467530906200409,True,True,Pendar-2,pSERS_Metrohm_silver,,,benzyl_fentanyl,quality_pass,0.616358584053777
outer,nato_outer_o3__train_quality_pass__test_quality_pass,3,siamese,deterministic_edge_triplet,derivative_1,triplet,2718,session2_row232,acetaminophen,acetaminophen,-0.2202816307544708,True,True,RMX-2,pSERS_Metrohm_silver,,,acetaminophen,quality_pass,0.6814194568063772
outer,nato_outer_o3__train_quality_pass__test_quality_pass,3,siamese,deterministic_edge_triplet,derivative_1,triplet,2718,session2_row244,acetaminophen,benzyl_fentanyl,-0.2484865635633468,True,False,Pendar-2,pSERS_Metrohm_silver,,,acetaminophen,quality_pass,0.6674068929411461
outer,nato_outer_o3__train_quality_pass__test_quality_pass,3,siamese,deterministic_edge_triplet,derivative_1,triplet,2718,session2_row247,acetaminophen,acetaminophen,-0.1698251217603683,True,True,Pendar-2,pSERS_Metrohm_silver,,,acetaminophen,quality_pass,0.7056763560355838
outer,nato_outer_o3__train_quality_pass__test_quality_pass,3,siamese,deterministic_edge_triplet,derivative_1,triplet,2718,session2_row248,acetaminophen,acetaminophen,-0.2384533733129501,True,True,Pendar-2,pSERS_Metrohm_silver,,,acetaminophen,quality_pass,0.6724271606885729
outer,nato_outer_o3__train_quality_pass__test_quality_pass,3,siamese,deterministic_edge_triplet,derivative_1,triplet,2718,session2_row286,ethyl_paraoxon,ethyl_paraoxon,-0.0867890939116478,True,True,RMX-1,H_SERS_H_Kit,,,ethyl_paraoxon,quality_pass,0.7431436320858181
outer,nato_outer_o3__train_quality_pass__test_quality_pass,3,siamese,deterministic_edge_triplet,derivative_1,triplet,2718,session2_row290,ethyl_paraoxon,ethyl_paraoxon,-0.1081603989005088,True,True,Agilent-3,H_SERS_H_Kit,,,ethyl_paraoxon,quality_pass,0.7338047412842019
outer,nato_outer_o3__train_quality_pass__test_quality_pass,3,siamese,deterministic_edge_triplet,derivative_1,triplet,2718,session2_row291,ethyl_paraoxon,ethyl_paraoxon,-0.0506614670157432,True,True,Mira-2,H_SERS_H_Kit,,,ethyl_paraoxon,quality_pass,0.7584357491881939
outer,nato_outer_o3__train_quality_pass__test_quality_pass,3,siamese,deterministic_edge_triplet,derivative_1,triplet,2718,session2_row294,ethanol,blank,-0.1063246726989746,True,False,Agilent-3,H_SERS_H_Kit,,,ethanol,quality_pass,0.7346153597655274
outer,nato_outer_o3__train_quality_pass__test_quality_pass,3,siamese,deterministic_edge_triplet,derivative_1,triplet,2718,session2_row295,ethanol,ethanol,-0.2441398501396179,True,True,Mira-2,H_SERS_H_Kit,,,ethanol,quality_pass,0.6695865938400575
outer,nato_outer_o3__train_quality_pass__test_quality_pass,3,siamese,deterministic_edge_triplet,derivative_1,triplet,2718,session2_row298,ethyl_paraoxon,ethyl_paraoxon,-0.3076601922512054,True,True,RMX-1,NRC_Canadian_SERS,,,ethyl_paraoxon,quality_pass,0.6370494753407253
outer,nato_outer_o3__train_quality_pass__test_quality_pass,3,siamese,deterministic_edge_triplet,derivative_1,triplet,2718,session2_row302,ethyl_paraoxon,acetaminophen,-0.2377505600452423,True,False,Agilent-3,NRC_Canadian_SERS,,,ethyl_paraoxon,quality_pass,0.6727773669370939
outer,nato_outer_o3__train_quality_pass__test_quality_pass,3,siamese,deterministic_edge_triplet,derivative_1,triplet,2718,session2_row304,ethanol,acetaminophen,-0.2718186676502228,True,False,Agilent-3,NRC_Canadian_SERS,,,ethanol,quality_pass,0.6555856917194258
outer,nato_outer_o3__train_quality_pass__test_quality_pass,3,siamese,deterministic_edge_triplet,derivative_1,triplet,2718,session2_row305,ethyl_paraoxon,blank,-0.1729728579521179,True,False,RMX-1,NRC_Canadian_SERS,,,ethyl_paraoxon,quality_pass,0.7041948143316231
outer,nato_outer_o3__train_quality_pass__test_quality_pass,3,siamese,deterministic_edge_triplet,derivative_1,triplet,2718,session2_row309,ethyl_paraoxon,ethyl_paraoxon,-0.2503835558891296,True,True,Agilent-3,NRC_Canadian_SERS,,,ethyl_paraoxon,quality_pass,0.6664533703006389
outer,nato_outer_o3__train_quality_pass__test_quality_pass,3,siamese,deterministic_edge_triplet,derivative_1,triplet,2718,session2_row310,ethanol,4_nitrophenol,-0.2719150185585022,True,False,RMX-1,NRC_Canadian_SERS,,,ethanol,quality_pass,0.6555364615683288
outer,nato_outer_o3__train_quality_pass__test_quality_pass,3,siamese,deterministic_edge_triplet,derivative_1,triplet,2718,session2_row312,ethanol,blank,-0.1437673717737198,True,False,Mira-2,NRC_Canadian_SERS,,,ethanol,quality_pass,0.7177728102138927
outer,nato_outer_o3__train_quality_pass__test_quality_pass,3,siamese,deterministic_edge_triplet,derivative_1,triplet,2718,session2_row314,ethyl_paraoxon,ethyl_paraoxon,-0.2924343943595886,True,True,Mira-2,NRC_Canadian_SERS,,,ethyl_paraoxon,quality_pass,0.6449774462014197
outer,nato_outer_o3__train_quality_pass__test_quality_pass,3,siamese,deterministic_edge_triplet,derivative_1,triplet,2718,session2_row370,4_nitrophenol,4_nitrophenol,-0.0563939362764358,True,True,RMX-1,H_SERS_H_Kit,,,4_nitrophenol,quality_pass,0.7560512598074305
outer,nato_outer_o3__train_quality_pass__test_quality_pass,3,siamese,deterministic_edge_triplet,derivative_1,triplet,2718,session2_row371,4_nitrophenol,4_nitrophenol,-0.113660529255867,True,True,Pendar-3,H_SERS_H_Kit,,,4_nitrophenol,quality_pass,0.7313665725734825
outer,nato_outer_o3__train_quality_pass__test_quality_pass,3,siamese,deterministic_edge_triplet,derivative_1,triplet,2718,session2_row379,4_nitrophenol,4_nitrophenol,-0.2080439925193786,True,True,Mira-2,H_SERS_H_Kit,,,4_nitrophenol,quality_pass,0.6874005064635875
outer,nato_outer_o3__train_quality_pass__test_quality_pass,3,siamese,deterministic_edge_triplet,derivative_1,triplet,2718,session2_row388,4_nitrophenol,4_nitrophenol,-0.242218866944313,True,True,Mira-2,NRC_Canadian_SERS,,,4_nitrophenol,quality_pass,0.6705475802291423
outer,nato_outer_o3__train_quality_pass__test_quality_pass,3,siamese,deterministic_edge_triplet,derivative_1,triplet,2718,session2_row392,4_nitrophenol,ethanol,-0.1676578372716903,True,False,RMX-1,NRC_Canadian_SERS,,,4_nitrophenol,quality_pass,0.7066939110636434
outer,nato_outer_o3__train_quality_pass__test_quality_pass,3,siamese,deterministic_edge_triplet,derivative_1,triplet,2718,session3_row26,ethyl_paraoxon,ethanol,-0.2364663779735565,True,False,RMX-1,H_SERS_H_Kit,,,ethyl_paraoxon,quality_pass,0.6734167674600389
outer,nato_outer_o3__train_quality_pass__test_quality_pass,3,siamese,deterministic_edge_triplet,derivative_1,triplet,2718,session3_row27,ethyl_paraoxon,ethyl_paraoxon,-0.2378180623054504,True,True,Mira-2,H_SERS_H_Kit,,,ethyl_paraoxon,quality_pass,0.6727437394467479
outer,nato_outer_o3__train_quality_pass__test_quality_pass,3,siamese,deterministic_edge_triplet,derivative_1,triplet,2718,session3_row34,ethanol,ethanol,-0.2557741701602936,True,True,RMX-1,H_SERS_H_Kit,,,ethanol,quality_pass,0.6637363564904332
outer,nato_outer_o3__train_quality_pass__test_quality_pass,3,siamese,deterministic_edge_triplet,derivative_1,triplet,2718,session3_row35,ethanol,blank,-0.4204854965209961,True,False,Mira-2,H_SERS_H_Kit,,,ethanol,quality_pass,0.5762205808576416
outer,nato_outer_o3__train_quality_pass__test_quality_pass,3,siamese,deterministic_edge_triplet,derivative_1,triplet,2718,session3_row83,4_nitrophenol,4_nitrophenol,-0.2223305106163025,True,True,Pendar-2,H_SERS_H_Kit,,,4_nitrophenol,quality_pass,0.6804121427178956
outer,nato_outer_o3__train_quality_pass__test_quality_pass,3,siamese,deterministic_edge_triplet,derivative_1,triplet,2718,session3_row135,4_nitrophenol,4_nitrophenol,-0.1108945831656456,True,True,RMX-1,H_SERS_H_Kit,,,4_nitrophenol,quality_pass,0.7325944612325506
outer,nato_outer_o3__train_quality_pass__test_quality_pass,3,siamese,deterministic_edge_triplet,derivative_1,triplet,2718,session3_row136,4_nitrophenol,4_nitrophenol,-0.1300830692052841,True,True,Mira-2,H_SERS_H_Kit,,,4_nitrophenol,quality_pass,0.7240030570757533
outer,nato_outer_o3__train_quality_pass__test_quality_pass,3,siamese,deterministic_edge_triplet,derivative_1,triplet,2718,session3_row166,4_nitrophenol,ethyl_paraoxon,-0.1992443799972534,True,False,RMX-1,H_SERS_H_Kit,,,4_nitrophenol,quality_pass,0.6916631575723341
outer,nato_outer_o3__train_quality_pass__test_quality_pass,3,siamese,deterministic_edge_triplet,derivative_1,triplet,2718,session3_row167,4_nitrophenol,ethyl_paraoxon,-0.057439062744379,True,False,Mira-2,H_SERS_H_Kit,,,4_nitrophenol,quality_pass,0.7556148128176821
outer,nato_outer_o3__train_quality_pass__test_quality_pass,3,siamese,deterministic_edge_triplet,derivative_1,triplet,2718,session3_row209,4_ANPP,4_ANPP,-0.1960874199867248,True,True,Pendar-1,pSERS_Metrohm_silver,,,4_ANPP,quality_pass,0.6931845563276269
outer,nato_outer_o3__train_quality_pass__test_quality_pass,3,siamese,deterministic_edge_triplet,derivative_1,triplet,2718,session3_row215,4_ANPP,4_ANPP,-0.1871796995401382,True,True,Mira-3,pSERS_Metrohm_silver,,,4_ANPP,quality_pass,0.6974546772026748
outer,nato_outer_o3__train_quality_pass__test_quality_pass,3,siamese,deterministic_edge_triplet,derivative_1,triplet,2718,session3_row236,4_ANPP,4_ANPP,-0.1285998076200485,True,True,Agilent-1,pSERS_Metrohm_silver,,,4_ANPP,quality_pass,0.7246732280162426
outer,nato_outer_o3__train_quality_pass__test_quality_pass,3,siamese,deterministic_edge_triplet,derivative_1,triplet,2718,session3_row257,blank,blank,-0.3122743368148803,True,True,Pendar-1,pSERS_Metrohm_silver,,,blank,quality_pass,0.634631901762077
outer,nato_outer_o3__train_quality_pass__test_quality_pass,3,siamese,deterministic_edge_triplet,derivative_1,triplet,2718,session3_row261,blank,4_ANPP,-0.4627079665660858,True,False,Mira-3,pSERS_Metrohm_silver,,,blank,quality_pass,0.5527370257478951
outer,nato_outer_o3__train_quality_pass__test_quality_pass,3,siamese,deterministic_edge_triplet,derivative_1,triplet,2718,session3_row264,blank,benzyl_fentanyl,-0.2178963720798492,True,False,Mira-3,NRC_Canadian_SERS,,,blank,quality_pass,0.6825900153291709
outer,nato_outer_o3__train_quality_pass__test_quality_pass,3,siamese,deterministic_edge_triplet,derivative_1,triplet,2718,session3_row283,blank,blank,-0.2205056250095367,True,True,Agilent-1,pSERS_Metrohm_silver,,,blank,quality_pass,0.6813094142782712
outer,nato_outer_o3__train_quality_pass__test_quality_pass,3,siamese,deterministic_edge_triplet,derivative_1,triplet,2718,session3_row285,blank,blank,-0.0330885536968708,True,True,Mira-3,pSERS_Metrohm_silver,,,blank,quality_pass,0.7656459655719521
outer,nato_outer_o3__train_quality_pass__test_quality_pass,3,siamese,deterministic_edge_triplet,derivative_1,triplet,2718,session3_row287,4_ANPP,4_ANPP,-0.1589858084917068,True,True,Pendar-1,pSERS_Metrohm_silver,,,4_ANPP,quality_pass,0.7107448089442188
outer,nato_outer_o3__train_quality_pass__test_quality_pass,3,siamese,deterministic_edge_triplet,derivative_1,triplet,2718,session3_row294,4_ANPP,4_ANPP,-0.2096947878599167,True,True,Agilent-1,pSERS_Metrohm_silver,,,4_ANPP,quality_pass,0.6865972671728209
outer,nato_outer_o3__train_quality_pass__test_quality_pass,3,siamese,deterministic_edge_triplet,derivative_1,triplet,2718,session3_row295,4_ANPP,4_ANPP,-0.0891011133790016,True,True,Mira-3,pSERS_Metrohm_silver,,,4_ANPP,quality_pass,0.7421437325606859
outer,nato_outer_o3__train_quality_pass__test_quality_pass,3,siamese,deterministic_edge_triplet,derivative_1,triplet,2718,session3_row301,4_ANPP,acetaminophen,-0.1728293150663375,True,False,Mira-3,NRC_Canadian_SERS,,,4_ANPP,quality_pass,0.7042624695725351
outer,nato_outer_o3__train_quality_pass__test_quality_pass,3,siamese,deterministic_edge_triplet,derivative_1,triplet,2718,session3_row311,blank,acetaminophen,-0.2698370516300201,True,False,Mira-3,NRC_Canadian_SERS,,,blank,quality_pass,0.6565974494273695
outer,nato_outer_o3__train_quality_pass__test_quality_pass,3,siamese,deterministic_edge_triplet,derivative_1,triplet,2718,session3_row320,blank,4_ANPP,-0.1293688863515854,True,False,Pendar-1,NRC_Canadian_SERS,,,blank,quality_pass,0.7243258669286925
outer,nato_outer_o3__train_quality_pass__test_quality_pass,3,siamese,deterministic_edge_triplet,derivative_1,triplet,2718,session3_row326,4_ANPP,ethyl_paraoxon,-0.2536205947399139,True,False,Mira-3,NRC_Canadian_SERS,,,4_ANPP,quality_pass,0.6648231282163154
outer,nato_outer_o3__train_quality_pass__test_quality_pass,3,siamese,deterministic_edge_triplet,derivative_1,triplet,2718,session3_row339,4_ANPP,benzyl_fentanyl,-0.4208181500434875,True,False,Agilent-1,NRC_Canadian_SERS,,,4_ANPP,quality_pass,0.5760367596459045
outer,nato_outer_o3__train_quality_pass__test_quality_pass,3,siamese,deterministic_edge_triplet,derivative_1,triplet,2718,session3_row343,blank,benzyl_fentanyl,-0.4253000020980835,True,False,Agilent-1,NRC_Canadian_SERS,,,blank,quality_pass,0.5735580982920103
outer,nato_outer_o3__train_quality_pass__test_quality_pass,3,siamese,deterministic_edge_triplet,derivative_1,triplet,2718,session3_row346,blank,blank,-0.3378093838691711,True,True,Pendar-1,pSERS_Metrohm_silver,,,blank,quality_pass,0.6211326692839353
outer,nato_outer_o3__train_quality_pass__test_quality_pass,3,siamese,deterministic_edge_triplet,derivative_1,triplet,2718,session3_row349,4_ANPP,4_ANPP,-0.0650190636515617,True,True,Pendar-1,pSERS_Metrohm_silver,,,4_ANPP,quality_pass,0.7524336040977936
outer,nato_outer_o3__train_quality_pass__test_quality_pass,3,siamese,deterministic_edge_triplet,derivative_1,triplet,2718,session3_row415,acetaminophen,4_ANPP,-0.2009586244821548,True,False,Mira-1,pSERS_Metrohm_silver,,,acetaminophen,quality_pass,0.6908352816414067
outer,nato_outer_o3__train_quality_pass__test_quality_pass,3,siamese,deterministic_edge_triplet,derivative_1,triplet,2718,session3_row416,acetaminophen,4_ANPP,-0.2051632553339004,True,False,Agilent-3,pSERS_Metrohm_silver,,,acetaminophen,quality_pass,0.68879951379135
outer,nato_outer_o3__train_quality_pass__test_quality_pass,3,siamese,deterministic_edge_triplet,derivative_1,triplet,2718,session3_row419,acetaminophen,4_ANPP,-0.3058600127696991,True,False,Pendar-3,pSERS_Metrohm_silver,,,acetaminophen,quality_pass,0.6379908085622863
outer,nato_outer_o3__train_quality_pass__test_quality_pass,3,siamese,deterministic_edge_triplet,derivative_1,triplet,2718,session3_row420,acetaminophen,4_ANPP,-0.3145917356014251,True,False,RMX-2,pSERS_Metrohm_silver,,,acetaminophen,quality_pass,0.6334151303629226
outer,nato_outer_o3__train_quality_pass__test_quality_pass,3,siamese,deterministic_edge_triplet,derivative_1,triplet,2718,session3_row459,benzyl_fentanyl,benzyl_fentanyl,-0.1555100381374359,True,True,Pendar-3,pSERS_Metrohm_silver,,,benzyl_fentanyl,quality_pass,0.7123590724055305
outer,nato_outer_o3__train_quality_pass__test_quality_pass,3,siamese,deterministic_edge_triplet,derivative_1,triplet,2718,session3_row460,benzyl_fentanyl,benzyl_fentanyl,-0.0708421170711517,True,True,RMX-2,pSERS_Metrohm_silver,,,benzyl_fentanyl,quality_pass,0.7499709621254689
outer,nato_outer_o3__train_quality_pass__test_quality_pass,3,siamese,deterministic_edge_triplet,derivative_1,triplet,2718,session3_row463,benzyl_fentanyl,benzyl_fentanyl,-0.1051308140158653,True,True,Pendar-3,pSERS_Metrohm_silver,,,benzyl_fentanyl,quality_pass,0.7351416959729165
outer,nato_outer_o3__train_quality_pass__test_quality_pass,3,siamese,deterministic_edge_triplet,derivative_1,triplet,2718,session3_row464,benzyl_fentanyl,benzyl_fentanyl,-0.0869844481348991,True,True,RMX-2,pSERS_Metrohm_silver,,,benzyl_fentanyl,quality_pass,0.7430592437252336
outer,nato_outer_o3__train_quality_pass__test_quality_pass,3,siamese,deterministic_edge_triplet,derivative_1,triplet,2718,session3_row471,benzyl_fentanyl,benzyl_fentanyl,-0.1249398663640022,True,True,Mira-1,pSERS_Metrohm_silver,,,benzyl_fentanyl,quality_pass,0.7263225480401603
outer,nato_outer_o3__train_quality_pass__test_quality_pass,3,siamese,deterministic_edge_triplet,derivative_1,triplet,2718,session3_row475,benzyl_fentanyl,benzyl_fentanyl,-0.1254055798053741,True,True,Mira-1,pSERS_Metrohm_silver,,,benzyl_fentanyl,quality_pass,0.7261130206305618
outer,nato_outer_o3__train_quality_pass__test_quality_pass,3,siamese,deterministic_edge_triplet,derivative_1,triplet,2718,session3_row476,benzyl_fentanyl,benzyl_fentanyl,-0.1069125309586525,True,True,Agilent-3,pSERS_Metrohm_silver,,,benzyl_fentanyl,quality_pass,0.73435594548387
outer,nato_outer_o3__train_quality_pass__test_quality_pass,3,siamese,deterministic_edge_triplet,derivative_1,triplet,2718,session3_row491,benzyl_fentanyl,blank,-0.2604664266109466,True,False,Pendar-3,pSERS_Metrohm_silver,,,benzyl_fentanyl,quality_pass,0.6613624761194834
outer,nato_outer_o3__train_quality_pass__test_quality_pass,3,siamese,deterministic_edge_triplet,derivative_1,triplet,2718,session3_row492,benzyl_fentanyl,benzyl_fentanyl,-0.240796148777008,True,True,RMX-2,pSERS_Metrohm_silver,,,benzyl_fentanyl,quality_pass,0.6712583883677716
outer,nato_outer_o3__train_quality_pass__test_quality_pass,3,siamese,deterministic_edge_triplet,derivative_1,triplet,2718,session3_row493,benzyl_fentanyl,benzyl_fentanyl,-0.1014864146709442,True,True,Pendar-3,pSERS_Metrohm_silver,,,benzyl_fentanyl,quality_pass,0.7367442651706813
outer,nato_outer_o3__train_quality_pass__test_quality_pass,3,siamese,deterministic_edge_triplet,derivative_1,triplet,2718,session3_row494,benzyl_fentanyl,benzyl_fentanyl,-0.2256053537130355,True,True,RMX-2,pSERS_Metrohm_silver,,,benzyl_fentanyl,quality_pass,0.6787985950039859
outer,nato_outer_o3__train_quality_pass__test_quality_pass,3,siamese,deterministic_edge_triplet,derivative_1,triplet,2718,session3_row495,benzyl_fentanyl,benzyl_fentanyl,-0.1926885098218917,True,True,Mira-1,pSERS_Metrohm_silver,,,benzyl_fentanyl,quality_pass,0.6948178670683602
outer,nato_outer_o3__train_quality_pass__test_quality_pass,3,siamese,deterministic_edge_triplet,derivative_1,triplet,2718,session3_row496,benzyl_fentanyl,benzyl_fentanyl,-0.1427304297685623,True,True,Agilent-3,pSERS_Metrohm_silver,,,benzyl_fentanyl,quality_pass,0.7182478918405442
outer,nato_outer_o3__train_quality_pass__test_quality_pass,3,siamese,deterministic_edge_triplet,derivative_1,triplet,2718,session3_row499_scan4214,benzyl_fentanyl,benzyl_fentanyl,-0.4409410059452057,True,True,Mira-1,GaN_polymer,,,benzyl_fentanyl,quality_pass,0.5648797203152822
outer,nato_outer_o3__train_quality_pass__test_quality_pass,3,siamese,deterministic_edge_triplet,derivative_1,triplet,2718,session3_row499_scan4213,benzyl_fentanyl,benzyl_fentanyl,-0.2470091432332992,True,True,Mira-1,GaN_polymer,,,benzyl_fentanyl,quality_pass,0.6681485695476062
outer,nato_outer_o3__train_quality_pass__test_quality_pass,3,siamese,deterministic_edge_triplet,derivative_1,triplet,2718,session3_row500,benzyl_fentanyl,ethyl_paraoxon,-0.3240736126899719,True,False,Agilent-3,GaN_polymer,,,benzyl_fentanyl,quality_pass,0.6284189798005873
outer,nato_outer_o3__train_quality_pass__test_quality_pass,3,siamese,deterministic_edge_triplet,derivative_1,triplet,2718,session3_row501,benzyl_fentanyl,benzyl_fentanyl,-0.2152913957834243,True,True,Mira-1,GaN_polymer,,,benzyl_fentanyl,quality_pass,0.6838657660766632
outer,nato_outer_o3__train_quality_pass__test_quality_pass,3,siamese,deterministic_edge_triplet,derivative_1,triplet,2718,session3_row502,benzyl_fentanyl,benzyl_fentanyl,-0.196903720498085,True,True,Agilent-3,GaN_polymer,,,benzyl_fentanyl,quality_pass,0.6927915667670216
outer,nato_outer_o3__train_quality_pass__test_quality_pass,3,siamese,deterministic_edge_triplet,derivative_1,triplet,3141,session1_row13,4_ANPP,4_ANPP,-0.1120095029473304,True,True,Mira-3,pSERS_Metrohm_silver,,,4_ANPP,quality_pass,0.7330033685646554
outer,nato_outer_o3__train_quality_pass__test_quality_pass,3,siamese,deterministic_edge_triplet,derivative_1,triplet,3141,session1_row18,4_ANPP,benzyl_fentanyl,-0.456136405467987,True,False,Agilent-3,pSERS_Metrohm_silver,,,4_ANPP,quality_pass,0.5627816009155849
outer,nato_outer_o3__train_quality_pass__test_quality_pass,3,siamese,deterministic_edge_triplet,derivative_1,triplet,3141,session1_row19,4_ANPP,4_ANPP,-0.1517886221408844,True,True,Agilent-3,pSERS_Metrohm_silver,,,4_ANPP,quality_pass,0.715522055670319
outer,nato_outer_o3__train_quality_pass__test_quality_pass,3,siamese,deterministic_edge_triplet,derivative_1,triplet,3141,session1_row143,acetaminophen,acetaminophen,-0.3631410300731659,True,True,RMX-2,pSERS_Metrohm_silver,,,acetaminophen,quality_pass,0.6123379313690893
outer,nato_outer_o3__train_quality_pass__test_quality_pass,3,siamese,deterministic_edge_triplet,derivative_1,triplet,3141,session1_row210,4_nitrophenol,4_nitrophenol,-0.2160833179950714,True,True,Pendar-2,H_SERS_H_Kit,,,4_nitrophenol,quality_pass,0.6858607081448242
outer,nato_outer_o3__train_quality_pass__test_quality_pass,3,siamese,deterministic_edge_triplet,derivative_1,triplet,3141,session1_row214,4_nitrophenol,4_nitrophenol,-0.0801999792456626,True,True,RMX-1,H_SERS_H_Kit,,,4_nitrophenol,quality_pass,0.7464807341637086
outer,nato_outer_o3__train_quality_pass__test_quality_pass,3,siamese,deterministic_edge_triplet,derivative_1,triplet,3141,session1_row218,4_nitrophenol,4_nitrophenol,-0.2464935034513473,True,True,RMX-1,GaN_polymer,,,4_nitrophenol,quality_pass,0.6712628748460978
outer,nato_outer_o3__train_quality_pass__test_quality_pass,3,siamese,deterministic_edge_triplet,derivative_1,triplet,3141,session1_row222,ethyl_paraoxon,ethyl_paraoxon,-0.2748979032039642,True,True,Mira-2,H_SERS_H_Kit,,,ethyl_paraoxon,quality_pass,0.6573217510096567
outer,nato_outer_o3__train_quality_pass__test_quality_pass,3,siamese,deterministic_edge_triplet,derivative_1,triplet,3141,session1_row224,ethanol,ethanol,-0.4608618021011352,True,True,Mira-2,H_SERS_H_Kit,,,ethanol,quality_pass,0.5602206878811155
outer,nato_outer_o3__train_quality_pass__test_quality_pass,3,siamese,deterministic_edge_triplet,derivative_1,triplet,3141,session1_row234,4_nitrophenol,4_nitrophenol,-0.1230460926890373,True,True,Mira-2,H_SERS_H_Kit,,,4_nitrophenol,quality_pass,0.7282222573269831
outer,nato_outer_o3__train_quality_pass__test_quality_pass,3,siamese,deterministic_edge_triplet,derivative_1,triplet,3141,session1_row238,ethyl_paraoxon,ethyl_paraoxon,-0.2156688868999481,True,True,Agilent-3,H_SERS_H_Kit,,,ethyl_paraoxon,quality_pass,0.686057213929024
outer,nato_outer_o3__train_quality_pass__test_quality_pass,3,siamese,deterministic_edge_triplet,derivative_1,triplet,3141,session1_row240,ethanol,ethanol,-0.3383954167366028,True,True,Agilent-3,H_SERS_H_Kit,,,ethanol,quality_pass,0.6251856266732914
outer,nato_outer_o3__train_quality_pass__test_quality_pass,3,siamese,deterministic_edge_triplet,derivative_1,triplet,3141,session1_row246,4_nitrophenol,4_nitrophenol,-0.1491437405347824,True,True,Pendar-2,GaN_polymer,,,4_nitrophenol,quality_pass,0.7167055619059632
outer,nato_outer_o3__train_quality_pass__test_quality_pass,3,siamese,deterministic_edge_triplet,derivative_1,triplet,3141,session2_row16,4_ANPP,4_ANPP,-0.2671844363212585,True,True,Pendar-3,pSERS_Metrohm_silver,,,4_ANPP,quality_pass,0.6611357780849039
outer,nato_outer_o3__train_quality_pass__test_quality_pass,3,siamese,deterministic_edge_triplet,derivative_1,triplet,3141,session2_row25,4_ANPP,4_ANPP,-0.0846994966268539,True,True,Mira-3,pSERS_Metrohm_silver,,,4_ANPP,quality_pass,0.7446018851531573
outer,nato_outer_o3__train_quality_pass__test_quality_pass,3,siamese,deterministic_edge_triplet,derivative_1,triplet,3141,session2_row89,blank,acetaminophen,-0.5152928233146667,True,False,Mira-3,pSERS_Metrohm_silver,,,blank,quality_pass,0.5305244913583044
outer,nato_outer_o3__train_quality_pass__test_quality_pass,3,siamese,deterministic_edge_triplet,derivative_1,triplet,3141,session2_row96,4_ANPP,4_ANPP,-0.063968114554882,True,True,Pendar-3,pSERS_Metrohm_silver,,,4_ANPP,quality_pass,0.7531824022881336
outer,nato_outer_o3__train_quality_pass__test_quality_pass,3,siamese,deterministic_edge_triplet,derivative_1,triplet,3141,session2_row97,4_ANPP,4_ANPP,-0.0725952014327049,True,True,Mira-3,pSERS_Metrohm_silver,,,4_ANPP,quality_pass,0.7496354217330998
outer,nato_outer_o3__train_quality_pass__test_quality_pass,3,siamese,deterministic_edge_triplet,derivative_1,triplet,3141,session2_row106,4_ANPP,4_ANPP,-0.1270302385091781,True,True,Agilent-3,pSERS_Metrohm_silver,,,4_ANPP,quality_pass,0.726483180324634
outer,nato_outer_o3__train_quality_pass__test_quality_pass,3,siamese,deterministic_edge_triplet,derivative_1,triplet,3141,session2_row119,blank,blank,-0.1790060698986053,True,True,Agilent-3,pSERS_Metrohm_silver,,,blank,quality_pass,0.7031719731595967
outer,nato_outer_o3__train_quality_pass__test_quality_pass,3,siamese,deterministic_edge_triplet,derivative_1,triplet,3141,session2_row123,4_ANPP,4_ANPP,-0.0911490842700004,True,True,Agilent-3,pSERS_Metrohm_silver,,,4_ANPP,quality_pass,0.7418928440468457
outer,nato_outer_o3__train_quality_pass__test_quality_pass,3,siamese,deterministic_edge_triplet,derivative_1,triplet,3141,session2_row169,acetaminophen,acetaminophen,-0.2077012956142425,True,True,Pendar-2,pSERS_Metrohm_silver,,,acetaminophen,quality_pass,0.6898220883397302
outer,nato_outer_o3__train_quality_pass__test_quality_pass,3,siamese,deterministic_edge_triplet,derivative_1,triplet,3141,session2_row170,acetaminophen,acetaminophen,-0.3483528196811676,True,True,Pendar-2,pSERS_Metrohm_silver,,,acetaminophen,quality_pass,0.6200358835574599
outer,nato_outer_o3__train_quality_pass__test_quality_pass,3,siamese,deterministic_edge_triplet,derivative_1,triplet,3141,session2_row178,acetaminophen,blank,-0.3622625172138214,True,False,RMX-2,pSERS_Metrohm_silver,,,acetaminophen,quality_pass,0.6127968509681132
outer,nato_outer_o3__train_quality_pass__test_quality_pass,3,siamese,deterministic_edge_triplet,derivative_1,triplet,3141,session2_row180,acetaminophen,acetaminophen,-0.277992308139801,True,True,RMX-2,pSERS_Metrohm_silver,,,acetaminophen,quality_pass,0.6557859176649321
outer,nato_outer_o3__train_quality_pass__test_quality_pass,3,siamese,deterministic_edge_triplet,derivative_1,triplet,3141,session2_row193,benzyl_fentanyl,benzyl_fentanyl,-0.2139988094568252,True,True,Pendar-2,pSERS_Metrohm_silver,,,benzyl_fentanyl,quality_pass,0.686848417992336
outer,nato_outer_o3__train_quality_pass__test_quality_pass,3,siamese,deterministic_edge_triplet,derivative_1,triplet,3141,session2_row200,benzyl_fentanyl,benzyl_fentanyl,-0.1113097965717315,True,True,RMX-2,pSERS_Metrohm_silver,,,benzyl_fentanyl,quality_pass,0.7333046762119236
outer,nato_outer_o3__train_quality_pass__test_quality_pass,3,siamese,deterministic_edge_triplet,derivative_1,triplet,3141,session2_row210,benzyl_fentanyl,benzyl_fentanyl,-0.1806447058916092,True,True,RMX-2,pSERS_Metrohm_silver,,,benzyl_fentanyl,quality_pass,0.7024186083676788
outer,nato_outer_o3__train_quality_pass__test_quality_pass,3,siamese,deterministic_edge_triplet,derivative_1,triplet,3141,session2_row227,benzyl_fentanyl,benzyl_fentanyl,-0.3585317432880401,True,True,Pendar-2,pSERS_Metrohm_silver,,,benzyl_fentanyl,quality_pass,0.6147435028397801
outer,nato_outer_o3__train_quality_pass__test_quality_pass,3,siamese,deterministic_edge_triplet,derivative_1,triplet,3141,session2_row232,acetaminophen,acetaminophen,-0.0803354606032371,True,True,RMX-2,pSERS_Metrohm_silver,,,acetaminophen,quality_pass,0.7464242951380379
outer,nato_outer_o3__train_quality_pass__test_quality_pass,3,siamese,deterministic_edge_triplet,derivative_1,triplet,3141,session2_row244,acetaminophen,benzyl_fentanyl,-0.2026384770870208,True,False,Pendar-2,pSERS_Metrohm_silver,,,acetaminophen,quality_pass,0.692201428920038
outer,nato_outer_o3__train_quality_pass__test_quality_pass,3,siamese,deterministic_edge_triplet,derivative_1,triplet,3141,session2_row247,acetaminophen,blank,-0.3118331134319305,True,False,Pendar-2,pSERS_Metrohm_silver,,,acetaminophen,quality_pass,0.6387825160653754
outer,nato_outer_o3__train_quality_pass__test_quality_pass,3,siamese,deterministic_edge_triplet,derivative_1,triplet,3141,session2_row248,acetaminophen,blank,-0.2340901643037796,True,False,Pendar-2,pSERS_Metrohm_silver,,,acetaminophen,quality_pass,0.6772589319443351
outer,nato_outer_o3__train_quality_pass__test_quality_pass,3,siamese,deterministic_edge_triplet,derivative_1,triplet,3141,session2_row286,ethyl_paraoxon,ethyl_paraoxon,-0.0891830995678901,True,True,RMX-1,H_SERS_H_Kit,,,ethyl_paraoxon,quality_pass,0.7427206047449677
outer,nato_outer_o3__train_quality_pass__test_quality_pass,3,siamese,deterministic_edge_triplet,derivative_1,triplet,3141,session2_row290,ethyl_paraoxon,ethyl_paraoxon,-0.1830227226018905,True,True,Agilent-3,H_SERS_H_Kit,,,ethyl_paraoxon,quality_pass,0.7013233551280161
outer,nato_outer_o3__train_quality_pass__test_quality_pass,3,siamese,deterministic_edge_triplet,derivative_1,triplet,3141,session2_row291,ethyl_paraoxon,ethyl_paraoxon,-0.2064823359251022,True,True,Mira-2,H_SERS_H_Kit,,,ethyl_paraoxon,quality_pass,0.6903958802137701
outer,nato_outer_o3__train_quality_pass__test_quality_pass,3,siamese,deterministic_edge_triplet,derivative_1,triplet,3141,session2_row294,ethanol,ethanol,-0.3923982679843902,True,True,Agilent-3,H_SERS_H_Kit,,,ethanol,quality_pass,0.5969451048594794
outer,nato_outer_o3__train_quality_pass__test_quality_pass,3,siamese,deterministic_edge_triplet,derivative_1,triplet,3141,session2_row295,ethanol,ethanol,-0.1578431129455566,True,True,Mira-2,H_SERS_H_Kit,,,ethanol,quality_pass,0.7128016702642619
outer,nato_outer_o3__train_quality_pass__test_quality_pass,3,siamese,deterministic_edge_triplet,derivative_1,triplet,3141,session2_row298,ethyl_paraoxon,ethyl_paraoxon,-0.4478296041488647,True,True,RMX-1,NRC_Canadian_SERS,,,ethyl_paraoxon,quality_pass,0.5672752617825408
outer,nato_outer_o3__train_quality_pass__test_quality_pass,3,siamese,deterministic_edge_triplet,derivative_1,triplet,3141,session2_row302,ethyl_paraoxon,ethyl_paraoxon,-0.393198549747467,True,True,Agilent-3,NRC_Canadian_SERS,,,ethyl_paraoxon,quality_pass,0.5965212140021993
outer,nato_outer_o3__train_quality_pass__test_quality_pass,3,siamese,deterministic_edge_triplet,derivative_1,triplet,3141,session2_row304,ethanol,ethyl_paraoxon,-0.4057779014110565,True,False,Agilent-3,NRC_Canadian_SERS,,,ethanol,quality_pass,0.5898396562794613
outer,nato_outer_o3__train_quality_pass__test_quality_pass,3,siamese,deterministic_edge_triplet,derivative_1,triplet,3141,session2_row305,ethyl_paraoxon,ethyl_paraoxon,-0.3393255770206451,True,True,RMX-1,NRC_Canadian_SERS,,,ethyl_paraoxon,quality_pass,0.6247057466594251
outer,nato_outer_o3__train_quality_pass__test_quality_pass,3,siamese,deterministic_edge_triplet,derivative_1,triplet,3141,session2_row309,ethyl_paraoxon,ethyl_paraoxon,-0.3963327407836914,True,True,Agilent-3,NRC_Canadian_SERS,,,ethyl_paraoxon,quality_pass,0.5948597226178122
outer,nato_outer_o3__train_quality_pass__test_quality_pass,3,siamese,deterministic_edge_triplet,derivative_1,triplet,3141,session2_row310,ethanol,4_nitrophenol,-0.1690896302461624,True,False,RMX-1,NRC_Canadian_SERS,,,ethanol,quality_pass,0.7077074385906862
outer,nato_outer_o3__train_quality_pass__test_quality_pass,3,siamese,deterministic_edge_triplet,derivative_1,triplet,3141,session2_row312,ethanol,ethanol,-0.4294467270374298,True,True,Mira-2,NRC_Canadian_SERS,,,ethanol,quality_pass,0.5771794263317614
outer,nato_outer_o3__train_quality_pass__test_quality_pass,3,siamese,deterministic_edge_triplet,derivative_1,triplet,3141,session2_row314,ethyl_paraoxon,ethanol,-0.43451789021492,True,False,Mira-2,NRC_Canadian_SERS,,,ethyl_paraoxon,quality_pass,0.574453068843644
outer,nato_outer_o3__train_quality_pass__test_quality_pass,3,siamese,deterministic_edge_triplet,derivative_1,triplet,3141,session2_row370,4_nitrophenol,4_nitrophenol,-0.1270648539066314,True,True,RMX-1,H_SERS_H_Kit,,,4_nitrophenol,quality_pass,0.7264680403588084
outer,nato_outer_o3__train_quality_pass__test_quality_pass,3,siamese,deterministic_edge_triplet,derivative_1,triplet,3141,session2_row371,4_nitrophenol,4_nitrophenol,-0.1197045296430587,True,True,Pendar-3,H_SERS_H_Kit,,,4_nitrophenol,quality_pass,0.7296754915714924
outer,nato_outer_o3__train_quality_pass__test_quality_pass,3,siamese,deterministic_edge_triplet,derivative_1,triplet,3141,session2_row379,4_nitrophenol,4_nitrophenol,-0.2307598143815994,True,True,Mira-2,H_SERS_H_Kit,,,4_nitrophenol,quality_pass,0.6788591214844669
outer,nato_outer_o3__train_quality_pass__test_quality_pass,3,siamese,deterministic_edge_triplet,derivative_1,triplet,3141,session2_row388,4_nitrophenol,4_nitrophenol,-0.2987625300884247,True,True,Mira-2,NRC_Canadian_SERS,,,4_nitrophenol,quality_pass,0.6453939374055301
outer,nato_outer_o3__train_quality_pass__test_quality_pass,3,siamese,deterministic_edge_triplet,derivative_1,triplet,3141,session2_row392,4_nitrophenol,ethanol,-0.2732617557048797,True,False,RMX-1,NRC_Canadian_SERS,,,4_nitrophenol,quality_pass,0.6581324861851703
outer,nato_outer_o3__train_quality_pass__test_quality_pass,3,siamese,deterministic_edge_triplet,derivative_1,triplet,3141,session3_row26,ethyl_paraoxon,ethanol,-0.2782413959503174,True,False,RMX-1,H_SERS_H_Kit,,,ethyl_paraoxon,quality_pass,0.6556621467057437
outer,nato_outer_o3__train_quality_pass__test_quality_pass,3,siamese,deterministic_edge_triplet,derivative_1,triplet,3141,session3_row27,ethyl_paraoxon,ethyl_paraoxon,-0.2253985404968261,True,True,Mira-2,H_SERS_H_Kit,,,ethyl_paraoxon,quality_pass,0.6814263292014231
outer,nato_outer_o3__train_quality_pass__test_quality_pass,3,siamese,deterministic_edge_triplet,derivative_1,triplet,3141,session3_row34,ethanol,ethanol,-0.4685315489768982,True,True,RMX-1,H_SERS_H_Kit,,,ethanol,quality_pass,0.5560573192604107
outer,nato_outer_o3__train_quality_pass__test_quality_pass,3,siamese,deterministic_edge_triplet,derivative_1,triplet,3141,session3_row35,ethanol,ethanol,-0.6206068396568298,True,True,Mira-2,H_SERS_H_Kit,,,ethanol,quality_pass,0.4726383624529219
outer,nato_outer_o3__train_quality_pass__test_quality_pass,3,siamese,deterministic_edge_triplet,derivative_1,triplet,3141,session3_row83,4_nitrophenol,4_nitrophenol,-0.3019031286239624,True,True,Pendar-2,H_SERS_H_Kit,,,4_nitrophenol,quality_pass,0.6438102957253018
outer,nato_outer_o3__train_quality_pass__test_quality_pass,3,siamese,deterministic_edge_triplet,derivative_1,triplet,3141,session3_row135,4_nitrophenol,4_nitrophenol,-0.1297420263290405,True,True,RMX-1,H_SERS_H_Kit,,,4_nitrophenol,quality_pass,0.7252955261675837
outer,nato_outer_o3__train_quality_pass__test_quality_pass,3,siamese,deterministic_edge_triplet,derivative_1,triplet,3141,session3_row136,4_nitrophenol,4_nitrophenol,-0.2450881600379943,True,True,Mira-2,H_SERS_H_Kit,,,4_nitrophenol,quality_pass,0.6719451066489746
outer,nato_outer_o3__train_quality_pass__test_quality_pass,3,siamese,deterministic_edge_triplet,derivative_1,triplet,3141,session3_row166,4_nitrophenol,4_nitrophenol,-0.3667669892311096,True,True,RMX-1,H_SERS_H_Kit,,,4_nitrophenol,quality_pass,0.6104416922496839
outer,nato_outer_o3__train_quality_pass__test_quality_pass,3,siamese,deterministic_edge_triplet,derivative_1,triplet,3141,session3_row167,4_nitrophenol,ethyl_paraoxon,-0.230952501296997,True,False,Mira-2,H_SERS_H_Kit,,,4_nitrophenol,quality_pass,0.6787666519036082
outer,nato_outer_o3__train_quality_pass__test_quality_pass,3,siamese,deterministic_edge_triplet,derivative_1,triplet,3141,session3_row209,4_ANPP,4_ANPP,-0.230527713894844,True,True,Pendar-1,pSERS_Metrohm_silver,,,4_ANPP,quality_pass,0.6789704868342036
outer,nato_outer_o3__train_quality_pass__test_quality_pass,3,siamese,deterministic_edge_triplet,derivative_1,triplet,3141,session3_row215,4_ANPP,4_ANPP,-0.0880068615078926,True,True,Mira-3,pSERS_Metrohm_silver,,,4_ANPP,quality_pass,0.7432150191468023
outer,nato_outer_o3__train_quality_pass__test_quality_pass,3,siamese,deterministic_edge_triplet,derivative_1,triplet,3141,session3_row236,4_ANPP,4_ANPP,-0.062032725661993,True,True,Agilent-1,pSERS_Metrohm_silver,,,4_ANPP,quality_pass,0.7539734709751161
outer,nato_outer_o3__train_quality_pass__test_quality_pass,3,siamese,deterministic_edge_triplet,derivative_1,triplet,3141,session3_row257,blank,acetaminophen,-0.4066855609416961,True,False,Pendar-1,pSERS_Metrohm_silver,,,blank,quality_pass,0.5893562337384626
outer,nato_outer_o3__train_quality_pass__test_quality_pass,3,siamese,deterministic_edge_triplet,derivative_1,triplet,3141,session3_row261,blank,4_ANPP,-0.3514257967472076,True,False,Mira-3,pSERS_Metrohm_silver,,,blank,quality_pass,0.6184410759497477
outer,nato_outer_o3__train_quality_pass__test_quality_pass,3,siamese,deterministic_edge_triplet,derivative_1,triplet,3141,session3_row264,blank,benzyl_fentanyl,-0.1734290570020675,True,False,Mira-3,NRC_Canadian_SERS,,,blank,quality_pass,0.705727728882872
outer,nato_outer_o3__train_quality_pass__test_quality_pass,3,siamese,deterministic_edge_triplet,derivative_1,triplet,3141,session3_row283,blank,blank,-0.2044807523488998,True,True,Agilent-1,pSERS_Metrohm_silver,,,blank,quality_pass,0.6913367993092416
outer,nato_outer_o3__train_quality_pass__test_quality_pass,3,siamese,deterministic_edge_triplet,derivative_1,triplet,3141,session3_row285,blank,blank,-0.2448621392250061,True,True,Mira-3,pSERS_Metrohm_silver,,,blank,quality_pass,0.6720547620600331
outer,nato_outer_o3__train_quality_pass__test_quality_pass,3,siamese,deterministic_edge_triplet,derivative_1,triplet,3141,session3_row287,4_ANPP,4_ANPP,-0.0469926856458187,True,True,Pendar-1,pSERS_Metrohm_silver,,,4_ANPP,quality_pass,0.7600625274498224
outer,nato_outer_o3__train_quality_pass__test_quality_pass,3,siamese,deterministic_edge_triplet,derivative_1,triplet,3141,session3_row294,4_ANPP,4_ANPP,-0.1803143769502639,True,True,Agilent-1,pSERS_Metrohm_silver,,,4_ANPP,quality_pass,0.7025705661506206
outer,nato_outer_o3__train_quality_pass__test_quality_pass,3,siamese,deterministic_edge_triplet,derivative_1,triplet,3141,session3_row295,4_ANPP,4_ANPP,-0.0975371897220611,True,True,Mira-3,pSERS_Metrohm_silver,,,4_ANPP,quality_pass,0.7391912241521253
outer,nato_outer_o3__train_quality_pass__test_quality_pass,3,siamese,deterministic_edge_triplet,derivative_1,triplet,3141,session3_row301,4_ANPP,blank,-0.2443622201681137,True,False,Mira-3,NRC_Canadian_SERS,,,4_ANPP,quality_pass,0.6722972342316645
outer,nato_outer_o3__train_quality_pass__test_quality_pass,3,siamese,deterministic_edge_triplet,derivative_1,triplet,3141,session3_row311,blank,acetaminophen,-0.2985042631626129,True,False,Mira-3,NRC_Canadian_SERS,,,blank,quality_pass,0.6455240269526165
outer,nato_outer_o3__train_quality_pass__test_quality_pass,3,siamese,deterministic_edge_triplet,derivative_1,triplet,3141,session3_row320,blank,4_ANPP,-0.1728346049785614,True,False,Pendar-1,NRC_Canadian_SERS,,,blank,quality_pass,0.7059993883582999
outer,nato_outer_o3__train_quality_pass__test_quality_pass,3,siamese,deterministic_edge_triplet,derivative_1,triplet,3141,session3_row326,4_ANPP,blank,-0.4336392283439636,True,False,Mira-3,NRC_Canadian_SERS,,,4_ANPP,quality_pass,0.574925784087608
outer,nato_outer_o3__train_quality_pass__test_quality_pass,3,siamese,deterministic_edge_triplet,derivative_1,triplet,3141,session3_row339,4_ANPP,benzyl_fentanyl,-0.2517371475696563,True,False,Agilent-1,NRC_Canadian_SERS,,,4_ANPP,quality_pass,0.6687109519770332
outer,nato_outer_o3__train_quality_pass__test_quality_pass,3,siamese,deterministic_edge_triplet,derivative_1,triplet,3141,session3_row343,blank,benzyl_fentanyl,-0.3029766678810119,True,False,Agilent-1,NRC_Canadian_SERS,,,blank,quality_pass,0.6432682410556061
outer,nato_outer_o3__train_quality_pass__test_quality_pass,3,siamese,deterministic_edge_triplet,derivative_1,triplet,3141,session3_row346,blank,acetaminophen,-0.3203290402889251,True,False,Pendar-1,pSERS_Metrohm_silver,,,blank,quality_pass,0.6344565120667716
outer,nato_outer_o3__train_quality_pass__test_quality_pass,3,siamese,deterministic_edge_triplet,derivative_1,triplet,3141,session3_row349,4_ANPP,4_ANPP,-0.0726524293422699,True,True,Pendar-1,pSERS_Metrohm_silver,,,4_ANPP,quality_pass,0.7496117797991979
outer,nato_outer_o3__train_quality_pass__test_quality_pass,3,siamese,deterministic_edge_triplet,derivative_1,triplet,3141,session3_row415,acetaminophen,4_ANPP,-0.2845201194286346,True,False,Mira-1,pSERS_Metrohm_silver,,,acetaminophen,quality_pass,0.6525353253361873
outer,nato_outer_o3__train_quality_pass__test_quality_pass,3,siamese,deterministic_edge_triplet,derivative_1,triplet,3141,session3_row416,acetaminophen,4_ANPP,-0.2147347927093505,True,False,Agilent-3,pSERS_Metrohm_silver,,,acetaminophen,quality_pass,0.6864998774509781
outer,nato_outer_o3__train_quality_pass__test_quality_pass,3,siamese,deterministic_edge_triplet,derivative_1,triplet,3141,session3_row419,acetaminophen,4_ANPP,-0.4472913146018982,True,False,Pendar-3,pSERS_Metrohm_silver,,,acetaminophen,quality_pass,0.5675660824886718
outer,nato_outer_o3__train_quality_pass__test_quality_pass,3,siamese,deterministic_edge_triplet,derivative_1,triplet,3141,session3_row420,acetaminophen,4_ANPP,-0.2713641226291656,True,False,RMX-2,pSERS_Metrohm_silver,,,acetaminophen,quality_pass,0.6590716351689456
outer,nato_outer_o3__train_quality_pass__test_quality_pass,3,siamese,deterministic_edge_triplet,derivative_1,triplet,3141,session3_row459,benzyl_fentanyl,benzyl_fentanyl,-0.1293731033802032,True,True,Pendar-3,pSERS_Metrohm_silver,,,benzyl_fentanyl,quality_pass,0.7254572877582696
outer,nato_outer_o3__train_quality_pass__test_quality_pass,3,siamese,deterministic_edge_triplet,derivative_1,triplet,3141,session3_row460,benzyl_fentanyl,benzyl_fentanyl,-0.0758106857538223,True,True,RMX-2,pSERS_Metrohm_silver,,,benzyl_fentanyl,quality_pass,0.7483047404833583
outer,nato_outer_o3__train_quality_pass__test_quality_pass,3,siamese,deterministic_edge_triplet,derivative_1,triplet,3141,session3_row463,benzyl_fentanyl,benzyl_fentanyl,-0.1446098387241363,True,True,Pendar-3,pSERS_Metrohm_silver,,,benzyl_fentanyl,quality_pass,0.7187274057609975
outer,nato_outer_o3__train_quality_pass__test_quality_pass,3,siamese,deterministic_edge_triplet,derivative_1,triplet,3141,session3_row464,benzyl_fentanyl,benzyl_fentanyl,-0.071418859064579,True,True,RMX-2,pSERS_Metrohm_silver,,,benzyl_fentanyl,quality_pass,0.7501210616038323
outer,nato_outer_o3__train_quality_pass__test_quality_pass,3,siamese,deterministic_edge_triplet,derivative_1,triplet,3141,session3_row471,benzyl_fentanyl,benzyl_fentanyl,-0.0901162847876548,True,True,Mira-1,pSERS_Metrohm_silver,,,benzyl_fentanyl,quality_pass,0.7423279116838154
outer,nato_outer_o3__train_quality_pass__test_quality_pass,3,siamese,deterministic_edge_triplet,derivative_1,triplet,3141,session3_row475,benzyl_fentanyl,benzyl_fentanyl,-0.1138545125722885,True,True,Mira-1,pSERS_Metrohm_silver,,,benzyl_fentanyl,quality_pass,0.7322078333528809
outer,nato_outer_o3__train_quality_pass__test_quality_pass,3,siamese,deterministic_edge_triplet,derivative_1,triplet,3141,session3_row476,benzyl_fentanyl,benzyl_fentanyl,-0.0930332392454147,True,True,Agilent-3,pSERS_Metrohm_silver,,,benzyl_fentanyl,quality_pass,0.7410979090892696
outer,nato_outer_o3__train_quality_pass__test_quality_pass,3,siamese,deterministic_edge_triplet,derivative_1,triplet,3141,session3_row491,benzyl_fentanyl,blank,-0.4517365992069244,True,False,Pendar-3,pSERS_Metrohm_silver,,,benzyl_fentanyl,quality_pass,0.5651630592437618
outer,nato_outer_o3__train_quality_pass__test_quality_pass,3,siamese,deterministic_edge_triplet,derivative_1,triplet,3141,session3_row492,benzyl_fentanyl,benzyl_fentanyl,-0.1790103018283844,True,True,RMX-2,pSERS_Metrohm_silver,,,benzyl_fentanyl,quality_pass,0.7031700289449591
outer,nato_outer_o3__train_quality_pass__test_quality_pass,3,siamese,deterministic_edge_triplet,derivative_1,triplet,3141,session3_row493,benzyl_fentanyl,benzyl_fentanyl,-0.2821738421916961,True,True,Pendar-3,pSERS_Metrohm_silver,,,benzyl_fentanyl,quality_pass,0.6537053352561645
outer,nato_outer_o3__train_quality_pass__test_quality_pass,3,siamese,deterministic_edge_triplet,derivative_1,triplet,3141,session3_row494,benzyl_fentanyl,benzyl_fentanyl,-0.1897190362215042,True,True,RMX-2,pSERS_Metrohm_silver,,,benzyl_fentanyl,quality_pass,0.6982268160825773
outer,nato_outer_o3__train_quality_pass__test_quality_pass,3,siamese,deterministic_edge_triplet,derivative_1,triplet,3141,session3_row495,benzyl_fentanyl,benzyl_fentanyl,-0.1089835241436958,True,True,Mira-1,pSERS_Metrohm_silver,,,benzyl_fentanyl,quality_pass,0.7343048591889584
outer,nato_outer_o3__train_quality_pass__test_quality_pass,3,siamese,deterministic_edge_triplet,derivative_1,triplet,3141,session3_row496,benzyl_fentanyl,benzyl_fentanyl,-0.1011869236826896,True,True,Agilent-3,pSERS_Metrohm_silver,,,benzyl_fentanyl,quality_pass,0.7376395102320603
outer,nato_outer_o3__train_quality_pass__test_quality_pass,3,siamese,deterministic_edge_triplet,derivative_1,triplet,3141,session3_row499_scan4214,benzyl_fentanyl,benzyl_fentanyl,-0.3538021147251129,True,True,Mira-1,GaN_polymer,,,benzyl_fentanyl,quality_pass,0.617206064132819
outer,nato_outer_o3__train_quality_pass__test_quality_pass,3,siamese,deterministic_edge_triplet,derivative_1,triplet,3141,session3_row499_scan4213,benzyl_fentanyl,benzyl_fentanyl,-0.0556002892553806,True,True,Mira-1,GaN_polymer,,,benzyl_fentanyl,quality_pass,0.7565903635446957
outer,nato_outer_o3__train_quality_pass__test_quality_pass,3,siamese,deterministic_edge_triplet,derivative_1,triplet,3141,session3_row500,benzyl_fentanyl,blank,-0.6022692918777466,True,False,Agilent-3,GaN_polymer,,,benzyl_fentanyl,quality_pass,0.48270856283473323
outer,nato_outer_o3__train_quality_pass__test_quality_pass,3,siamese,deterministic_edge_triplet,derivative_1,triplet,3141,session3_row501,benzyl_fentanyl,benzyl_fentanyl,-0.277724027633667,True,True,Mira-1,GaN_polymer,,,benzyl_fentanyl,quality_pass,0.655919201767091
outer,nato_outer_o3__train_quality_pass__test_quality_pass,3,siamese,deterministic_edge_triplet,derivative_1,triplet,3141,session3_row502,benzyl_fentanyl,benzyl_fentanyl,-0.0586123242974281,True,True,Agilent-3,GaN_polymer,,,benzyl_fentanyl,quality_pass,0.7553673397714487
outer,nato_outer_o3__train_quality_pass__test_field_quality_stress,3,siamese,deterministic_edge_triplet,derivative_1,triplet,1729,session1_row142,acetaminophen,ethanol,-0.2415886223316192,True,False,Pendar-3,pSERS_Metrohm_silver,,,acetaminophen,field_quality_stress,0.3960397986125723
outer,nato_outer_o3__train_quality_pass__test_field_quality_stress,3,siamese,deterministic_edge_triplet,derivative_1,triplet,1729,session1_row144,acetaminophen,4_ANPP,-0.2451722770929336,True,False,Pendar-3,NRC_Canadian_SERS,,,acetaminophen,field_quality_stress,0.39577880831386736
outer,nato_outer_o3__train_quality_pass__test_field_quality_stress,3,siamese,deterministic_edge_triplet,derivative_1,triplet,1729,session1_row146,acetaminophen,4_ANPP,-0.4898340106010437,True,False,RMX-2,NRC_Canadian_SERS,,,acetaminophen,field_quality_stress,0.3781079964350469
outer,nato_outer_o3__train_quality_pass__test_field_quality_stress,3,siamese,deterministic_edge_triplet,derivative_1,triplet,1729,session1_row176,ethyl_paraoxon,acetaminophen,-0.2725732922554016,True,False,Pendar-2,H_SERS_H_Kit,,,ethyl_paraoxon,field_quality_stress,0.3937852199901377
outer,nato_outer_o3__train_quality_pass__test_field_quality_stress,3,siamese,deterministic_edge_triplet,derivative_1,triplet,1729,session1_row178,ethanol,ethanol,-0.1189276427030563,True,True,Pendar-2,H_SERS_H_Kit,,,ethanol,field_quality_stress,0.40500774344805723
outer,nato_outer_o3__train_quality_pass__test_field_quality_stress,3,siamese,deterministic_edge_triplet,derivative_1,triplet,1729,session1_row185,ethyl_paraoxon,ethyl_paraoxon,-0.3012800216674804,True,True,Pendar-2,H_SERS_H_Kit,,,ethyl_paraoxon,field_quality_stress,0.39170042094596497
outer,nato_outer_o3__train_quality_pass__test_field_quality_stress,3,siamese,deterministic_edge_triplet,derivative_1,triplet,1729,session1_row186,ethyl_paraoxon,acetaminophen,-0.2938447296619415,True,False,Pendar-2,H_SERS_H_Kit,,,ethyl_paraoxon,field_quality_stress,0.3922400263105466
outer,nato_outer_o3__train_quality_pass__test_field_quality_stress,3,siamese,deterministic_edge_triplet,derivative_1,triplet,1729,session1_row189,ethanol,ethyl_paraoxon,-0.2291252166032791,True,False,Pendar-2,H_SERS_H_Kit,,,ethanol,field_quality_stress,0.3969479434260853
outer,nato_outer_o3__train_quality_pass__test_field_quality_stress,3,siamese,deterministic_edge_triplet,derivative_1,triplet,1729,session1_row247,4_nitrophenol,4_nitrophenol,-0.0729748979210853,True,True,Pendar-2,GaN_polymer,,,4_nitrophenol,field_quality_stress,0.40838416777325853
outer,nato_outer_o3__train_quality_pass__test_field_quality_stress,3,siamese,deterministic_edge_triplet,derivative_1,triplet,1729,session2_row88,blank,blank,-0.3700786828994751,True,True,Pendar-3,pSERS_Metrohm_silver,,,blank,field_quality_stress,0.38672016324869257
outer,nato_outer_o3__train_quality_pass__test_field_quality_stress,3,siamese,deterministic_edge_triplet,derivative_1,triplet,1729,session2_row288,ethanol,ethanol,-0.1594434231519699,True,True,RMX-1,H_SERS_H_Kit,,,ethanol,field_quality_stress,0.40203823184158655
outer,nato_outer_o3__train_quality_pass__test_field_quality_stress,3,siamese,deterministic_edge_triplet,derivative_1,triplet,1729,session2_row383,4_nitrophenol,acetaminophen,-0.205517292022705,True,False,Pendar-3,NRC_Canadian_SERS,,,4_nitrophenol,field_quality_stress,0.39867007571228175
outer,nato_outer_o3__train_quality_pass__test_field_quality_stress,3,siamese,deterministic_edge_triplet,derivative_1,triplet,1729,session3_row2,ethyl_paraoxon,ethanol,-0.2438166290521621,True,False,Pendar-2,H_SERS_H_Kit,,,ethyl_paraoxon,field_quality_stress,0.3958775304347629
outer,nato_outer_o3__train_quality_pass__test_field_quality_stress,3,siamese,deterministic_edge_triplet,derivative_1,triplet,1729,session3_row4,ethanol,4_ANPP,-0.4577847719192505,True,False,Pendar-2,H_SERS_H_Kit,,,ethanol,field_quality_stress,0.38040553279905776
outer,nato_outer_o3__train_quality_pass__test_field_quality_stress,3,siamese,deterministic_edge_triplet,derivative_1,triplet,1729,session3_row57,4_nitrophenol,ethyl_paraoxon,-0.3134373724460602,True,False,Pendar-2,H_SERS_H_Kit,,,4_nitrophenol,field_quality_stress,0.39081868960523714
outer,nato_outer_o3__train_quality_pass__test_field_quality_stress,3,siamese,deterministic_edge_triplet,derivative_1,triplet,1729,session3_row260,blank,acetaminophen,-0.4587559998035431,True,False,Pendar-1,NRC_Canadian_SERS,,,blank,field_quality_stress,0.3803358283510545
outer,nato_outer_o3__train_quality_pass__test_field_quality_stress,3,siamese,deterministic_edge_triplet,derivative_1,triplet,1729,session3_row317,4_ANPP,benzyl_fentanyl,-0.509335458278656,True,False,Pendar-1,NRC_Canadian_SERS,,,4_ANPP,field_quality_stress,0.3767126484702992
outer,nato_outer_o3__train_quality_pass__test_field_quality_stress,3,siamese,deterministic_edge_triplet,derivative_1,triplet,1729,session3_row487,benzyl_fentanyl,benzyl_fentanyl,-0.1997440606355667,True,True,Pendar-3,pSERS_Metrohm_silver,,,benzyl_fentanyl,field_quality_stress,0.39909160042020625
outer,nato_outer_o3__train_quality_pass__test_field_quality_stress,3,siamese,deterministic_edge_triplet,derivative_1,triplet,1729,session3_row488,benzyl_fentanyl,4_ANPP,-0.4738407135009765,True,False,Pendar-3,pSERS_Metrohm_silver,,,benzyl_fentanyl,field_quality_stress,0.37925384235820997
outer,nato_outer_o3__train_quality_pass__test_field_quality_stress,3,siamese,deterministic_edge_triplet,derivative_1,triplet,2718,session1_row142,acetaminophen,blank,-0.2600798308849334,True,False,Pendar-3,pSERS_Metrohm_silver,,,acetaminophen,field_quality_stress,0.35718071621821373
outer,nato_outer_o3__train_quality_pass__test_field_quality_stress,3,siamese,deterministic_edge_triplet,derivative_1,triplet,2718,session1_row144,acetaminophen,4_ANPP,-0.2637394070625305,True,False,Pendar-3,NRC_Canadian_SERS,,,acetaminophen,field_quality_stress,0.35683734512788773
outer,nato_outer_o3__train_quality_pass__test_field_quality_stress,3,siamese,deterministic_edge_triplet,derivative_1,triplet,2718,session1_row146,acetaminophen,acetaminophen,-0.3148930668830871,True,True,RMX-2,NRC_Canadian_SERS,,,acetaminophen,field_quality_stress,0.35205321598867134
outer,nato_outer_o3__train_quality_pass__test_field_quality_stress,3,siamese,deterministic_edge_triplet,derivative_1,triplet,2718,session1_row176,ethyl_paraoxon,acetaminophen,-0.234387531876564,True,False,Pendar-2,H_SERS_H_Kit,,,ethyl_paraoxon,field_quality_stress,0.3595954908698403
outer,nato_outer_o3__train_quality_pass__test_field_quality_stress,3,siamese,deterministic_edge_triplet,derivative_1,triplet,2718,session1_row178,ethanol,blank,-0.0707458332180976,True,False,Pendar-2,H_SERS_H_Kit,,,ethanol,field_quality_stress,0.37513888718322397
outer,nato_outer_o3__train_quality_pass__test_field_quality_stress,3,siamese,deterministic_edge_triplet,derivative_1,triplet,2718,session1_row185,ethyl_paraoxon,ethyl_paraoxon,-0.2359317243099212,True,True,Pendar-2,H_SERS_H_Kit,,,ethyl_paraoxon,field_quality_stress,0.35945015245330575
outer,nato_outer_o3__train_quality_pass__test_field_quality_stress,3,siamese,deterministic_edge_triplet,derivative_1,triplet,2718,session1_row186,ethyl_paraoxon,ethanol,-0.1885474771261215,True,False,Pendar-2,H_SERS_H_Kit,,,ethyl_paraoxon,field_quality_stress,0.36392156449875285
outer,nato_outer_o3__train_quality_pass__test_field_quality_stress,3,siamese,deterministic_edge_triplet,derivative_1,triplet,2718,session1_row189,ethanol,ethyl_paraoxon,-0.2188338339328766,True,False,Pendar-2,H_SERS_H_Kit,,,ethanol,field_quality_stress,0.3610608279211549
outer,nato_outer_o3__train_quality_pass__test_field_quality_stress,3,siamese,deterministic_edge_triplet,derivative_1,triplet,2718,session1_row247,4_nitrophenol,4_nitrophenol,-0.2135279774665832,True,True,Pendar-2,GaN_polymer,,,4_nitrophenol,field_quality_stress,0.36156129438711004
outer,nato_outer_o3__train_quality_pass__test_field_quality_stress,3,siamese,deterministic_edge_triplet,derivative_1,triplet,2718,session2_row88,blank,blank,-0.1032060161232948,True,True,Pendar-3,pSERS_Metrohm_silver,,,blank,field_quality_stress,0.37203396872539446
outer,nato_outer_o3__train_quality_pass__test_field_quality_stress,3,siamese,deterministic_edge_triplet,derivative_1,triplet,2718,session2_row288,ethanol,ethanol,-0.0629312098026275,True,True,RMX-1,H_SERS_H_Kit,,,ethanol,field_quality_stress,0.3758879278500243
outer,nato_outer_o3__train_quality_pass__test_field_quality_stress,3,siamese,deterministic_edge_triplet,derivative_1,triplet,2718,session2_row383,4_nitrophenol,ethanol,-0.2848369181156158,True,False,Pendar-3,NRC_Canadian_SERS,,,4_nitrophenol,field_quality_stress,0.35486068177534436
outer,nato_outer_o3__train_quality_pass__test_field_quality_stress,3,siamese,deterministic_edge_triplet,derivative_1,triplet,2718,session3_row2,ethyl_paraoxon,ethanol,-0.1892883330583572,True,False,Pendar-2,H_SERS_H_Kit,,,ethyl_paraoxon,field_quality_stress,0.36385147011651986
outer,nato_outer_o3__train_quality_pass__test_field_quality_stress,3,siamese,deterministic_edge_triplet,derivative_1,triplet,2718,session3_row4,ethanol,acetaminophen,-0.3425653576850891,True,False,Pendar-2,H_SERS_H_Kit,,,ethanol,field_quality_stress,0.3494774233945867
outer,nato_outer_o3__train_quality_pass__test_field_quality_stress,3,siamese,deterministic_edge_triplet,derivative_1,triplet,2718,session3_row57,4_nitrophenol,ethyl_paraoxon,-0.2707837224006653,True,False,Pendar-2,H_SERS_H_Kit,,,4_nitrophenol,field_quality_stress,0.3561768045376518
outer,nato_outer_o3__train_quality_pass__test_field_quality_stress,3,siamese,deterministic_edge_triplet,derivative_1,triplet,2718,session3_row260,blank,benzyl_fentanyl,-0.4038397371768951,True,False,Pendar-1,NRC_Canadian_SERS,,,blank,field_quality_stress,0.34380521048970064
outer,nato_outer_o3__train_quality_pass__test_field_quality_stress,3,siamese,deterministic_edge_triplet,derivative_1,triplet,2718,session3_row317,4_ANPP,benzyl_fentanyl,-0.4787788987159729,True,False,Pendar-1,NRC_Canadian_SERS,,,4_ANPP,field_quality_stress,0.33692825384887115
outer,nato_outer_o3__train_quality_pass__test_field_quality_stress,3,siamese,deterministic_edge_triplet,derivative_1,triplet,2718,session3_row487,benzyl_fentanyl,benzyl_fentanyl,-0.3339372277259826,True,True,Pendar-3,pSERS_Metrohm_silver,,,benzyl_fentanyl,field_quality_stress,0.35027961334277397
outer,nato_outer_o3__train_quality_pass__test_field_quality_stress,3,siamese,deterministic_edge_triplet,derivative_1,triplet,2718,session3_row488,benzyl_fentanyl,acetaminophen,-0.2020833045244217,True,False,Pendar-3,pSERS_Metrohm_silver,,,benzyl_fentanyl,field_quality_stress,0.36264181725448685
outer,nato_outer_o3__train_quality_pass__test_field_quality_stress,3,siamese,deterministic_edge_triplet,derivative_1,triplet,3141,session1_row142,acetaminophen,acetaminophen,-0.4005072116851806,True,True,Pendar-3,pSERS_Metrohm_silver,,,acetaminophen,field_quality_stress,0.3430873542606722
outer,nato_outer_o3__train_quality_pass__test_field_quality_stress,3,siamese,deterministic_edge_triplet,derivative_1,triplet,3141,session1_row144,acetaminophen,4_ANPP,-0.3417924046516418,True,False,Pendar-3,NRC_Canadian_SERS,,,acetaminophen,field_quality_stress,0.34263247966206295
outer,nato_outer_o3__train_quality_pass__test_field_quality_stress,3,siamese,deterministic_edge_triplet,derivative_1,triplet,3141,session1_row146,acetaminophen,4_ANPP,-0.4433517754077911,True,False,RMX-2,NRC_Canadian_SERS,,,acetaminophen,field_quality_stress,0.3434194610898874
outer,nato_outer_o3__train_quality_pass__test_field_quality_stress,3,siamese,deterministic_edge_triplet,derivative_1,triplet,3141,session1_row176,ethyl_paraoxon,acetaminophen,-0.419019490480423,True,False,Pendar-2,H_SERS_H_Kit,,,ethyl_paraoxon,field_quality_stress,0.34323083215760214
outer,nato_outer_o3__train_quality_pass__test_field_quality_stress,3,siamese,deterministic_edge_triplet,derivative_1,triplet,3141,session1_row178,ethanol,ethyl_paraoxon,-0.551727831363678,True,False,Pendar-2,H_SERS_H_Kit,,,ethanol,field_quality_stress,0.34426021453104455
outer,nato_outer_o3__train_quality_pass__test_field_quality_stress,3,siamese,deterministic_edge_triplet,derivative_1,triplet,3141,session1_row185,ethyl_paraoxon,ethyl_paraoxon,-0.2648574709892273,True,True,Pendar-2,H_SERS_H_Kit,,,ethyl_paraoxon,field_quality_stress,0.34203688778833696
outer,nato_outer_o3__train_quality_pass__test_field_quality_stress,3,siamese,deterministic_edge_triplet,derivative_1,triplet,3141,session1_row186,ethyl_paraoxon,ethanol,-0.3618266880512237,True,False,Pendar-2,H_SERS_H_Kit,,,ethyl_paraoxon,field_quality_stress,0.3427876565621696
outer,nato_outer_o3__train_quality_pass__test_field_quality_stress,3,siamese,deterministic_edge_triplet,derivative_1,triplet,3141,session1_row189,ethanol,ethyl_paraoxon,-0.3110356628894806,True,False,Pendar-2,H_SERS_H_Kit,,,ethanol,field_quality_stress,0.34239431670919007
outer,nato_outer_o3__train_quality_pass__test_field_quality_stress,3,siamese,deterministic_edge_triplet,derivative_1,triplet,3141,session1_row247,4_nitrophenol,4_nitrophenol,-0.2346318811178207,True,True,Pendar-2,GaN_polymer,,,4_nitrophenol,field_quality_stress,0.34180303240789595
outer,nato_outer_o3__train_quality_pass__test_field_quality_stress,3,siamese,deterministic_edge_triplet,derivative_1,triplet,3141,session2_row88,blank,blank,-0.3389846980571747,True,True,Pendar-3,pSERS_Metrohm_silver,,,blank,field_quality_stress,0.34261073506739353
outer,nato_outer_o3__train_quality_pass__test_field_quality_stress,3,siamese,deterministic_edge_triplet,derivative_1,triplet,3141,session2_row288,ethanol,ethanol,-0.1860394179821014,True,True,RMX-1,H_SERS_H_Kit,,,ethanol,field_quality_stress,0.34142723373385436
outer,nato_outer_o3__train_quality_pass__test_field_quality_stress,3,siamese,deterministic_edge_triplet,derivative_1,triplet,3141,session2_row383,4_nitrophenol,acetaminophen,-0.311840146780014,True,False,Pendar-3,NRC_Canadian_SERS,,,4_nitrophenol,field_quality_stress,0.34240054517051266
outer,nato_outer_o3__train_quality_pass__test_field_quality_stress,3,siamese,deterministic_edge_triplet,derivative_1,triplet,3141,session3_row2,ethyl_paraoxon,acetaminophen,-0.3059298396110534,True,False,Pendar-2,H_SERS_H_Kit,,,ethyl_paraoxon,field_quality_stress,0.3423547877583365
outer,nato_outer_o3__train_quality_pass__test_field_quality_stress,3,siamese,deterministic_edge_triplet,derivative_1,triplet,3141,session3_row4,ethanol,acetaminophen,-0.3470207154750824,True,False,Pendar-2,H_SERS_H_Kit,,,ethanol,field_quality_stress,0.3426729726549377
outer,nato_outer_o3__train_quality_pass__test_field_quality_stress,3,siamese,deterministic_edge_triplet,derivative_1,triplet,3141,session3_row57,4_nitrophenol,ethyl_paraoxon,-0.4582448601722717,True,False,Pendar-2,H_SERS_H_Kit,,,4_nitrophenol,field_quality_stress,0.34353493976878086
outer,nato_outer_o3__train_quality_pass__test_field_quality_stress,3,siamese,deterministic_edge_triplet,derivative_1,triplet,3141,session3_row260,blank,benzyl_fentanyl,-0.3325343132019043,True,False,Pendar-1,NRC_Canadian_SERS,,,blank,field_quality_stress,0.3425607818505362
outer,nato_outer_o3__train_quality_pass__test_field_quality_stress,3,siamese,deterministic_edge_triplet,derivative_1,triplet,3141,session3_row317,4_ANPP,benzyl_fentanyl,-0.2963403761386871,True,False,Pendar-1,NRC_Canadian_SERS,,,4_ANPP,field_quality_stress,0.3422805526715434
outer,nato_outer_o3__train_quality_pass__test_field_quality_stress,3,siamese,deterministic_edge_triplet,derivative_1,triplet,3141,session3_row487,benzyl_fentanyl,benzyl_fentanyl,-0.3062915802001953,True,True,Pendar-3,pSERS_Metrohm_silver,,,benzyl_fentanyl,field_quality_stress,0.342357588258375
outer,nato_outer_o3__train_quality_pass__test_field_quality_stress,3,siamese,deterministic_edge_triplet,derivative_1,triplet,3141,session3_row488,benzyl_fentanyl,acetaminophen,-0.4093507826328277,True,False,Pendar-3,pSERS_Metrohm_silver,,,benzyl_fentanyl,field_quality_stress,0.34315589205725633
outer,nato_outer_o4__train_strict_core__test_strict_core,4,siamese,deterministic_edge_triplet,derivative_1,triplet,1729,session1_row52,blank,benzyl_fentanyl,-0.2345490604639053,True,False,Mira-3,pSERS_Metrohm_silver,,,blank,strict_core,0.7112645999262572
outer,nato_outer_o4__train_strict_core__test_strict_core,4,siamese,deterministic_edge_triplet,derivative_1,triplet,1729,session1_row60,blank,ethyl_paraoxon,-0.1764532625675201,True,False,Pendar-2,pSERS_Metrohm_silver,,,blank,strict_core,0.7467465159366502
outer,nato_outer_o4__train_strict_core__test_strict_core,4,siamese,deterministic_edge_triplet,derivative_1,triplet,1729,session1_row110,acetaminophen,blank,-0.1873081177473068,True,False,Pendar-3,H_SERS_H_Kit,,,acetaminophen,strict_core,0.7403407053744927
outer,nato_outer_o4__train_strict_core__test_strict_core,4,siamese,deterministic_edge_triplet,derivative_1,triplet,1729,session1_row114,acetaminophen,acetaminophen,-0.0647740215063095,True,True,Pendar-3,NRC_Canadian_SERS,,,acetaminophen,strict_core,0.8064290372379965
outer,nato_outer_o4__train_strict_core__test_strict_core,4,siamese,deterministic_edge_triplet,derivative_1,triplet,1729,session1_row124,benzyl_fentanyl,4_ANPP,-0.2524521946907043,True,False,Pendar-3,NRC_Canadian_SERS,,,benzyl_fentanyl,strict_core,0.6997537011156646
outer,nato_outer_o4__train_strict_core__test_strict_core,4,siamese,deterministic_edge_triplet,derivative_1,triplet,1729,session1_row129,benzyl_fentanyl,benzyl_fentanyl,-0.2054458707571029,True,True,Pendar-3,pSERS_Metrohm_silver,,,benzyl_fentanyl,strict_core,0.729404916553755
outer,nato_outer_o4__train_strict_core__test_strict_core,4,siamese,deterministic_edge_triplet,derivative_1,triplet,1729,session1_row133,benzyl_fentanyl,benzyl_fentanyl,-0.0720857828855514,True,True,RMX-2,pSERS_Metrohm_silver,,,benzyl_fentanyl,strict_core,0.8028720748018525
outer,nato_outer_o4__train_strict_core__test_strict_core,4,siamese,deterministic_edge_triplet,derivative_1,triplet,1729,session1_row134,benzyl_fentanyl,4_ANPP,-0.0906707197427749,True,False,RMX-2,NRC_Canadian_SERS,,,benzyl_fentanyl,strict_core,0.7936098832814734
outer,nato_outer_o4__train_strict_core__test_strict_core,4,siamese,deterministic_edge_triplet,derivative_1,triplet,1729,session1_row137,benzyl_fentanyl,benzyl_fentanyl,-0.2188569903373718,True,True,Pendar-3,pSERS_Metrohm_silver,,,benzyl_fentanyl,strict_core,0.7211351492213078
outer,nato_outer_o4__train_strict_core__test_strict_core,4,siamese,deterministic_edge_triplet,derivative_1,triplet,1729,session1_row139,benzyl_fentanyl,4_ANPP,-0.0860340148210525,True,False,Pendar-3,NRC_Canadian_SERS,,,benzyl_fentanyl,strict_core,0.7959504421967335
outer,nato_outer_o4__train_strict_core__test_strict_core,4,siamese,deterministic_edge_triplet,derivative_1,triplet,1729,session1_row140,benzyl_fentanyl,benzyl_fentanyl,-0.1236793547868728,True,True,RMX-2,pSERS_Metrohm_silver,,,benzyl_fentanyl,strict_core,0.7763750182356935
outer,nato_outer_o4__train_strict_core__test_strict_core,4,siamese,deterministic_edge_triplet,derivative_1,triplet,1729,session1_row141,benzyl_fentanyl,4_ANPP,-0.293244332075119,True,False,RMX-2,NRC_Canadian_SERS,,,benzyl_fentanyl,strict_core,0.6725800240729789
outer,nato_outer_o4__train_strict_core__test_strict_core,4,siamese,deterministic_edge_triplet,derivative_1,triplet,1729,session1_row179,4_nitrophenol,ethyl_paraoxon,-0.1550668179988861,True,False,Pendar-2,H_SERS_H_Kit,,,4_nitrophenol,strict_core,0.7590583643764589
outer,nato_outer_o4__train_strict_core__test_strict_core,4,siamese,deterministic_edge_triplet,derivative_1,triplet,1729,session1_row183,ethyl_paraoxon,ethanol,-0.2137556970119476,True,False,Pendar-2,H_SERS_H_Kit,,,ethyl_paraoxon,strict_core,0.7242989979414177
outer,nato_outer_o4__train_strict_core__test_strict_core,4,siamese,deterministic_edge_triplet,derivative_1,triplet,1729,session1_row190,4_nitrophenol,4_nitrophenol,-0.1731636971235275,True,True,Pendar-2,H_SERS_H_Kit,,,4_nitrophenol,strict_core,0.7486670471347878
outer,nato_outer_o4__train_strict_core__test_strict_core,4,siamese,deterministic_edge_triplet,derivative_1,triplet,1729,session1_row200,ethyl_paraoxon,ethyl_paraoxon,-0.1995862573385238,True,True,Pendar-2,H_SERS_H_Kit,,,ethyl_paraoxon,strict_core,0.7329693478001092
outer,nato_outer_o4__train_strict_core__test_strict_core,4,siamese,deterministic_edge_triplet,derivative_1,triplet,1729,session1_row212,ethanol,4_nitrophenol,-0.2130949646234512,True,False,Pendar-2,H_SERS_H_Kit,,,ethanol,strict_core,0.724707157610134
outer,nato_outer_o4__train_strict_core__test_strict_core,4,siamese,deterministic_edge_triplet,derivative_1,triplet,1729,session1_row225,4_nitrophenol,4_nitrophenol,-0.1247535422444343,True,True,Mira-2,H_SERS_H_Kit,,,4_nitrophenol,strict_core,0.7757972969981246
outer,nato_outer_o4__train_strict_core__test_strict_core,4,siamese,deterministic_edge_triplet,derivative_1,triplet,1729,session1_row229,ethyl_paraoxon,ethyl_paraoxon,-0.1287901848554611,True,True,Mira-2,H_SERS_H_Kit,,,ethyl_paraoxon,strict_core,0.773616826220348
outer,nato_outer_o4__train_strict_core__test_strict_core,4,siamese,deterministic_edge_triplet,derivative_1,triplet,1729,session1_row236,ethanol,acetaminophen,-0.0810578316450119,True,False,Mira-2,H_SERS_H_Kit,,,ethanol,strict_core,0.7984403433271571
outer,nato_outer_o4__train_strict_core__test_strict_core,4,siamese,deterministic_edge_triplet,derivative_1,triplet,1729,session1_row241,4_nitrophenol,4_nitrophenol,-0.2985446155071258,True,True,Agilent-3,H_SERS_H_Kit,,,4_nitrophenol,strict_core,0.6689574501575383
outer,nato_outer_o4__train_strict_core__test_strict_core,4,siamese,deterministic_edge_triplet,derivative_1,triplet,1729,session1_row250,4_nitrophenol,4_nitrophenol,-0.2084903270006179,True,True,RMX-1,H_SERS_H_Kit,,,4_nitrophenol,strict_core,0.7275411890018842
outer,nato_outer_o4__train_strict_core__test_strict_core,4,siamese,deterministic_edge_triplet,derivative_1,triplet,1729,session1_row254,4_nitrophenol,4_nitrophenol,-0.1170795410871505,True,True,Mira-2,H_SERS_H_Kit,,,4_nitrophenol,strict_core,0.779901253808219
outer,nato_outer_o4__train_strict_core__test_strict_core,4,siamese,deterministic_edge_triplet,derivative_1,triplet,1729,session1_row258,4_nitrophenol,ethyl_paraoxon,-0.1953762322664261,True,False,Pendar-2,H_SERS_H_Kit,,,4_nitrophenol,strict_core,0.7355118231271438
outer,nato_outer_o4__train_strict_core__test_strict_core,4,siamese,deterministic_edge_triplet,derivative_1,triplet,1729,session2_row45,blank,acetaminophen,-0.2408466041088104,True,False,Pendar-3,pSERS_Metrohm_silver,,,blank,strict_core,0.7072455062896813
outer,nato_outer_o4__train_strict_core__test_strict_core,4,siamese,deterministic_edge_triplet,derivative_1,triplet,1729,session2_row46,blank,blank,-0.0871511995792388,True,True,Mira-3,pSERS_Metrohm_silver,,,blank,strict_core,0.7953883100114437
outer,nato_outer_o4__train_strict_core__test_strict_core,4,siamese,deterministic_edge_triplet,derivative_1,triplet,1729,session2_row67,blank,blank,-0.2905890643596649,True,True,Pendar-3,pSERS_Metrohm_silver,,,blank,strict_core,0.6743871444610325
outer,nato_outer_o4__train_strict_core__test_strict_core,4,siamese,deterministic_edge_triplet,derivative_1,triplet,1729,session2_row92,4_ANPP,4_ANPP,-0.1124398112297058,True,True,Pendar-3,pSERS_Metrohm_silver,,,4_ANPP,strict_core,0.7823562339131974
outer,nato_outer_o4__train_strict_core__test_strict_core,4,siamese,deterministic_edge_triplet,derivative_1,triplet,1729,session2_row93,4_ANPP,4_ANPP,-0.1142584457993507,True,True,Mira-3,pSERS_Metrohm_silver,,,4_ANPP,strict_core,0.7813963175621724
outer,nato_outer_o4__train_strict_core__test_strict_core,4,siamese,deterministic_edge_triplet,derivative_1,triplet,1729,session2_row94,4_ANPP,4_ANPP,-0.227718636393547,True,True,Pendar-3,pSERS_Metrohm_silver,,,4_ANPP,strict_core,0.7155865038322483
outer,nato_outer_o4__train_strict_core__test_strict_core,4,siamese,deterministic_edge_triplet,derivative_1,triplet,1729,session2_row95,4_ANPP,4_ANPP,-0.101882979273796,True,True,Mira-3,pSERS_Metrohm_silver,,,4_ANPP,strict_core,0.7878681876776589
outer,nato_outer_o4__train_strict_core__test_strict_core,4,siamese,deterministic_edge_triplet,derivative_1,triplet,1729,session2_row103,blank,blank,-0.165785402059555,True,True,Pendar-3,pSERS_Metrohm_silver,,,blank,strict_core,0.7529393681207636
outer,nato_outer_o4__train_strict_core__test_strict_core,4,siamese,deterministic_edge_triplet,derivative_1,triplet,1729,session2_row104,blank,blank,-0.3355224430561065,True,True,Mira-3,pSERS_Metrohm_silver,,,blank,strict_core,0.6431426920872141
outer,nato_outer_o4__train_strict_core__test_strict_core,4,siamese,deterministic_edge_triplet,derivative_1,triplet,1729,session2_row114,blank,blank,-0.0999429300427436,True,True,Agilent-3,pSERS_Metrohm_silver,,,blank,strict_core,0.7888699585029667
outer,nato_outer_o4__train_strict_core__test_strict_core,4,siamese,deterministic_edge_triplet,derivative_1,triplet,1729,session2_row121,4_ANPP,4_ANPP,-0.1970471888780594,True,True,Agilent-3,pSERS_Metrohm_silver,,,4_ANPP,strict_core,0.7345045738624185
outer,nato_outer_o4__train_strict_core__test_strict_core,4,siamese,deterministic_edge_triplet,derivative_1,triplet,1729,session2_row122,4_ANPP,4_ANPP,-0.1515723466873169,True,True,Agilent-3,pSERS_Metrohm_silver,,,4_ANPP,strict_core,0.7610307724628022
outer,nato_outer_o4__train_strict_core__test_strict_core,4,siamese,deterministic_edge_triplet,derivative_1,triplet,1729,session2_row124,blank,blank,-0.2218347042798996,True,True,Agilent-3,pSERS_Metrohm_silver,,,blank,strict_core,0.7192780980693311
outer,nato_outer_o4__train_strict_core__test_strict_core,4,siamese,deterministic_edge_triplet,derivative_1,triplet,1729,session2_row138,acetaminophen,ethyl_paraoxon,-0.150261715054512,True,False,Pendar-2,pSERS_Metrohm_silver,,,acetaminophen,strict_core,0.7617676786818531
outer,nato_outer_o4__train_strict_core__test_strict_core,4,siamese,deterministic_edge_triplet,derivative_1,triplet,1729,session2_row139,acetaminophen,ethyl_paraoxon,-0.1435206830501556,True,False,Pendar-2,pSERS_Metrohm_silver,,,acetaminophen,strict_core,0.7655331226344763
outer,nato_outer_o4__train_strict_core__test_strict_core,4,siamese,deterministic_edge_triplet,derivative_1,triplet,1729,session2_row155,acetaminophen,acetaminophen,-0.0826718434691429,True,True,RMX-2,pSERS_Metrohm_silver,,,acetaminophen,strict_core,0.7976352478710105
outer,nato_outer_o4__train_strict_core__test_strict_core,4,siamese,deterministic_edge_triplet,derivative_1,triplet,1729,session2_row159,benzyl_fentanyl,benzyl_fentanyl,-0.0369364656507968,True,True,Pendar-2,pSERS_Metrohm_silver,,,benzyl_fentanyl,strict_core,0.8195240721284219
outer,nato_outer_o4__train_strict_core__test_strict_core,4,siamese,deterministic_edge_triplet,derivative_1,triplet,1729,session2_row173,benzyl_fentanyl,benzyl_fentanyl,-0.0527755096554756,True,True,Pendar-2,pSERS_Metrohm_silver,,,benzyl_fentanyl,strict_core,0.8121598740011786
outer,nato_outer_o4__train_strict_core__test_strict_core,4,siamese,deterministic_edge_triplet,derivative_1,triplet,1729,session2_row179,benzyl_fentanyl,benzyl_fentanyl,-0.2587858736515045,True,True,RMX-2,pSERS_Metrohm_silver,,,benzyl_fentanyl,strict_core,0.6956192640861786
outer,nato_outer_o4__train_strict_core__test_strict_core,4,siamese,deterministic_edge_triplet,derivative_1,triplet,1729,session2_row181,benzyl_fentanyl,benzyl_fentanyl,-0.0606322959065437,True,True,RMX-2,pSERS_Metrohm_silver,,,benzyl_fentanyl,strict_core,0.8084221268068953
outer,nato_outer_o4__train_strict_core__test_strict_core,4,siamese,deterministic_edge_triplet,derivative_1,triplet,1729,session2_row187,acetaminophen,acetaminophen,-0.2286818921566009,True,True,Pendar-2,pSERS_Metrohm_silver,,,acetaminophen,strict_core,0.7149793756178057
outer,nato_outer_o4__train_strict_core__test_strict_core,4,siamese,deterministic_edge_triplet,derivative_1,triplet,1729,session2_row188,acetaminophen,acetaminophen,-0.2374479621648788,True,True,Pendar-2,pSERS_Metrohm_silver,,,acetaminophen,strict_core,0.7094185930213911
outer,nato_outer_o4__train_strict_core__test_strict_core,4,siamese,deterministic_edge_triplet,derivative_1,triplet,1729,session2_row189,acetaminophen,acetaminophen,-0.1746353060007095,True,True,Pendar-2,pSERS_Metrohm_silver,,,acetaminophen,strict_core,0.7478090822638374
outer,nato_outer_o4__train_strict_core__test_strict_core,4,siamese,deterministic_edge_triplet,derivative_1,triplet,1729,session2_row205,acetaminophen,acetaminophen,-0.1944159269332885,True,True,RMX-2,pSERS_Metrohm_silver,,,acetaminophen,strict_core,0.7360895846688706
outer,nato_outer_o4__train_strict_core__test_strict_core,4,siamese,deterministic_edge_triplet,derivative_1,triplet,1729,session2_row233,benzyl_fentanyl,benzyl_fentanyl,-0.2305769473314285,True,True,RMX-2,pSERS_Metrohm_silver,,,benzyl_fentanyl,strict_core,0.7137826739108933
outer,nato_outer_o4__train_strict_core__test_strict_core,4,siamese,deterministic_edge_triplet,derivative_1,triplet,1729,session2_row251,benzyl_fentanyl,benzyl_fentanyl,-0.1430002003908157,True,True,Pendar-2,pSERS_Metrohm_silver,,,benzyl_fentanyl,strict_core,0.7658221330549576
outer,nato_outer_o4__train_strict_core__test_strict_core,4,siamese,deterministic_edge_triplet,derivative_1,triplet,1729,session2_row254,benzyl_fentanyl,benzyl_fentanyl,-0.0421450175344944,True,True,RMX-2,pSERS_Metrohm_silver,,,benzyl_fentanyl,strict_core,0.817127564487001
outer,nato_outer_o4__train_strict_core__test_strict_core,4,siamese,deterministic_edge_triplet,derivative_1,triplet,1729,session2_row257,4_ANPP,4_ANPP,-0.0651490464806556,True,True,RMX-2,pSERS_Metrohm_silver,,,4_ANPP,strict_core,0.8062477911818047
outer,nato_outer_o4__train_strict_core__test_strict_core,4,siamese,deterministic_edge_triplet,derivative_1,triplet,1729,session2_row263,4_ANPP,4_ANPP,-0.158261090517044,True,True,Pendar-2,pSERS_Metrohm_silver,,,4_ANPP,strict_core,0.7572457029835563
outer,nato_outer_o4__train_strict_core__test_strict_core,4,siamese,deterministic_edge_triplet,derivative_1,triplet,1729,session2_row270,benzyl_fentanyl,benzyl_fentanyl,-0.1300819367170334,True,True,Pendar-2,pSERS_Metrohm_silver,,,benzyl_fentanyl,strict_core,0.7729159013637079
outer,nato_outer_o4__train_strict_core__test_strict_core,4,siamese,deterministic_edge_triplet,derivative_1,triplet,1729,session2_row289,4_nitrophenol,ethyl_paraoxon,-0.1104378774762153,True,False,RMX-1,H_SERS_H_Kit,,,4_nitrophenol,strict_core,0.783409377437196
outer,nato_outer_o4__train_strict_core__test_strict_core,4,siamese,deterministic_edge_triplet,derivative_1,triplet,1729,session2_row296,4_nitrophenol,ethyl_paraoxon,-0.2449924200773239,True,False,Agilent-3,H_SERS_H_Kit,,,4_nitrophenol,strict_core,0.7045818279935214
outer,nato_outer_o4__train_strict_core__test_strict_core,4,siamese,deterministic_edge_triplet,derivative_1,triplet,1729,session2_row297,4_nitrophenol,4_nitrophenol,-0.2046088874340057,True,True,Mira-2,H_SERS_H_Kit,,,4_nitrophenol,strict_core,0.7299158857453636
outer,nato_outer_o4__train_strict_core__test_strict_core,4,siamese,deterministic_edge_triplet,derivative_1,triplet,1729,session2_row306,4_nitrophenol,4_nitrophenol,-0.180195540189743,True,True,RMX-1,NRC_Canadian_SERS,,,4_nitrophenol,strict_core,0.7445499196424186
outer,nato_outer_o4__train_strict_core__test_strict_core,4,siamese,deterministic_edge_triplet,derivative_1,triplet,1729,session2_row316,4_nitrophenol,blank,-0.2452062666416168,True,False,Mira-2,NRC_Canadian_SERS,,,4_nitrophenol,strict_core,0.7044440508170469
outer,nato_outer_o4__train_strict_core__test_strict_core,4,siamese,deterministic_edge_triplet,derivative_1,triplet,1729,session2_row337,ethyl_paraoxon,ethyl_paraoxon,-0.0785002931952476,True,True,RMX-1,H_SERS_H_Kit,,,ethyl_paraoxon,strict_core,0.7997111774099366
outer,nato_outer_o4__train_strict_core__test_strict_core,4,siamese,deterministic_edge_triplet,derivative_1,triplet,1729,session2_row341,ethyl_paraoxon,ethyl_paraoxon,-0.124783381819725,True,True,Mira-2,H_SERS_H_Kit,,,ethyl_paraoxon,strict_core,0.7757812334909194
outer,nato_outer_o4__train_strict_core__test_strict_core,4,siamese,deterministic_edge_triplet,derivative_1,triplet,1729,session2_row342,ethyl_paraoxon,ethyl_paraoxon,-0.1028940454125404,True,True,Agilent-3,H_SERS_H_Kit,,,ethyl_paraoxon,strict_core,0.7873447348770652
outer,nato_outer_o4__train_strict_core__test_strict_core,4,siamese,deterministic_edge_triplet,derivative_1,triplet,1729,session2_row348,ethyl_paraoxon,ethyl_paraoxon,-0.1196119710803031,True,True,RMX-1,NRC_Canadian_SERS,,,ethyl_paraoxon,strict_core,0.7785529313731112
outer,nato_outer_o4__train_strict_core__test_strict_core,4,siamese,deterministic_edge_triplet,derivative_1,triplet,1729,session2_row350,ethyl_paraoxon,ethyl_paraoxon,-0.0150743462145328,True,True,Mira-2,NRC_Canadian_SERS,,,ethyl_paraoxon,strict_core,0.8293160306552266
outer,nato_outer_o4__train_strict_core__test_strict_core,4,siamese,deterministic_edge_triplet,derivative_1,triplet,1729,session2_row351,ethyl_paraoxon,ethyl_paraoxon,-0.1009069308638572,True,True,Mira-2,NRC_Canadian_SERS,,,ethyl_paraoxon,strict_core,0.7883726171702234
outer,nato_outer_o4__train_strict_core__test_strict_core,4,siamese,deterministic_edge_triplet,derivative_1,triplet,1729,session2_row359,ethyl_paraoxon,blank,-0.1299943178892135,True,False,Pendar-3,NRC_Canadian_SERS,,,ethyl_paraoxon,strict_core,0.772963493130757
outer,nato_outer_o4__train_strict_core__test_strict_core,4,siamese,deterministic_edge_triplet,derivative_1,triplet,1729,session2_row362,ethyl_paraoxon,ethanol,-0.1502633094787597,True,False,Pendar-3,NRC_Canadian_SERS,,,ethyl_paraoxon,strict_core,0.761766783161949
outer,nato_outer_o4__train_strict_core__test_strict_core,4,siamese,deterministic_edge_triplet,derivative_1,triplet,1729,session2_row374,ethanol,blank,-0.4653960466384887,True,False,RMX-1,H_SERS_H_Kit,,,ethanol,strict_core,0.5466350389072286
outer,nato_outer_o4__train_strict_core__test_strict_core,4,siamese,deterministic_edge_triplet,derivative_1,triplet,1729,session2_row375,ethanol,blank,-0.3153753578662872,True,False,Pendar-3,H_SERS_H_Kit,,,ethanol,strict_core,0.6573222674159375
outer,nato_outer_o4__train_strict_core__test_strict_core,4,siamese,deterministic_edge_triplet,derivative_1,triplet,1729,session2_row381,ethanol,ethanol,-0.1493826359510421,True,True,Mira-2,H_SERS_H_Kit,,,ethanol,strict_core,0.7622610674896098
outer,nato_outer_o4__train_strict_core__test_strict_core,4,siamese,deterministic_edge_triplet,derivative_1,triplet,1729,session2_row386,ethanol,acetaminophen,-0.196865439414978,True,False,Pendar-3,NRC_Canadian_SERS,,,ethanol,strict_core,0.7346142507095392
outer,nato_outer_o4__train_strict_core__test_strict_core,4,siamese,deterministic_edge_triplet,derivative_1,triplet,1729,session2_row390,ethanol,4_nitrophenol,-0.0775274708867073,True,False,RMX-1,NRC_Canadian_SERS,,,ethanol,strict_core,0.8001929908643616
outer,nato_outer_o4__train_strict_core__test_strict_core,4,siamese,deterministic_edge_triplet,derivative_1,triplet,1729,session2_row391,ethanol,ethyl_paraoxon,-0.1752240806818008,True,False,Mira-2,NRC_Canadian_SERS,,,ethanol,strict_core,0.7474652766972774
outer,nato_outer_o4__train_strict_core__test_strict_core,4,siamese,deterministic_edge_triplet,derivative_1,triplet,1729,session3_row5,4_nitrophenol,4_nitrophenol,-0.1081545948982238,True,True,Pendar-2,H_SERS_H_Kit,,,4_nitrophenol,strict_core,0.7846060213586399
outer,nato_outer_o4__train_strict_core__test_strict_core,4,siamese,deterministic_edge_triplet,derivative_1,triplet,1729,session3_row13,ethyl_paraoxon,acetaminophen,-0.111283965408802,True,False,Pendar-2,H_SERS_H_Kit,,,ethyl_paraoxon,strict_core,0.7829647321886011
outer,nato_outer_o4__train_strict_core__test_strict_core,4,siamese,deterministic_edge_triplet,derivative_1,triplet,1729,session3_row31,4_nitrophenol,4_nitrophenol,-0.1901472210884094,True,True,RMX-1,H_SERS_H_Kit,,,4_nitrophenol,strict_core,0.7386480069529592
outer,nato_outer_o4__train_strict_core__test_strict_core,4,siamese,deterministic_edge_triplet,derivative_1,triplet,1729,session3_row33,4_nitrophenol,acetaminophen,-0.1916458159685135,True,False,Mira-2,H_SERS_H_Kit,,,4_nitrophenol,strict_core,0.7377516616539234
outer,nato_outer_o4__train_strict_core__test_strict_core,4,siamese,deterministic_edge_triplet,derivative_1,triplet,1729,session3_row59,ethanol,blank,-0.1506593078374862,True,False,Pendar-2,H_SERS_H_Kit,,,ethanol,strict_core,0.7615442961845268
outer,nato_outer_o4__train_strict_core__test_strict_core,4,siamese,deterministic_edge_triplet,derivative_1,triplet,1729,session3_row69,4_nitrophenol,ethyl_paraoxon,-0.1438437849283218,True,False,Pendar-2,H_SERS_H_Kit,,,4_nitrophenol,strict_core,0.7653535881698952
outer,nato_outer_o4__train_strict_core__test_strict_core,4,siamese,deterministic_edge_triplet,derivative_1,triplet,1729,session3_row70,4_nitrophenol,ethyl_paraoxon,-0.2669789791107178,True,False,Pendar-2,H_SERS_H_Kit,,,4_nitrophenol,strict_core,0.6902238959722232
outer,nato_outer_o4__train_strict_core__test_strict_core,4,siamese,deterministic_edge_triplet,derivative_1,triplet,1729,session3_row86,ethanol,ethanol,-0.2809152901172638,True,True,Pendar-2,H_SERS_H_Kit,,,ethanol,strict_core,0.680926884658746
outer,nato_outer_o4__train_strict_core__test_strict_core,4,siamese,deterministic_edge_triplet,derivative_1,triplet,1729,session3_row98,4_nitrophenol,acetaminophen,-0.1463824063539505,True,False,RMX-1,H_SERS_H_Kit,,,4_nitrophenol,strict_core,0.7639396654121171
outer,nato_outer_o4__train_strict_core__test_strict_core,4,siamese,deterministic_edge_triplet,derivative_1,triplet,1729,session3_row99,4_nitrophenol,acetaminophen,-0.1693611741065979,True,False,Mira-2,H_SERS_H_Kit,,,4_nitrophenol,strict_core,0.7508749679703585
outer,nato_outer_o4__train_strict_core__test_strict_core,4,siamese,deterministic_edge_triplet,derivative_1,triplet,1729,session3_row130,ethyl_paraoxon,blank,-0.1049587950110435,True,False,Mira-2,H_SERS_H_Kit,,,ethyl_paraoxon,strict_core,0.7862728386905563
outer,nato_outer_o4__train_strict_core__test_strict_core,4,siamese,deterministic_edge_triplet,derivative_1,triplet,1729,session3_row139,ethanol,ethyl_paraoxon,-0.1220356747508049,True,False,Mira-2,H_SERS_H_Kit,,,ethanol,strict_core,0.7772569716061222
outer,nato_outer_o4__train_strict_core__test_strict_core,4,siamese,deterministic_edge_triplet,derivative_1,triplet,1729,session3_row164,ethanol,ethanol,-0.1159889549016952,True,True,Mira-2,H_SERS_H_Kit,,,ethanol,strict_core,0.780480088074428
outer,nato_outer_o4__train_strict_core__test_strict_core,4,siamese,deterministic_edge_triplet,derivative_1,triplet,1729,session3_row165,ethanol,ethanol,-0.047309573739767,True,True,Mira-2,H_SERS_H_Kit,,,ethanol,strict_core,0.8147269833457147
outer,nato_outer_o4__train_strict_core__test_strict_core,4,siamese,deterministic_edge_triplet,derivative_1,triplet,1729,session3_row223,blank,blank,-0.2712774872779846,True,True,Pendar-1,pSERS_Metrohm_silver,,,blank,strict_core,0.6873722392648418
outer,nato_outer_o4__train_strict_core__test_strict_core,4,siamese,deterministic_edge_triplet,derivative_1,triplet,1729,session3_row231,blank,blank,-0.1618231236934662,True,True,Mira-3,pSERS_Metrohm_silver,,,blank,strict_core,0.7552134478303127
outer,nato_outer_o4__train_strict_core__test_strict_core,4,siamese,deterministic_edge_triplet,derivative_1,triplet,1729,session3_row265,blank,blank,-0.1580373346805572,True,True,Agilent-1,pSERS_Metrohm_silver,,,blank,strict_core,0.757372979507617
outer,nato_outer_o4__train_strict_core__test_strict_core,4,siamese,deterministic_edge_triplet,derivative_1,triplet,1729,session3_row279,4_ANPP,4_ANPP,-0.134095162153244,True,True,Agilent-1,pSERS_Metrohm_silver,,,4_ANPP,strict_core,0.7707284966380858
outer,nato_outer_o4__train_strict_core__test_strict_core,4,siamese,deterministic_edge_triplet,derivative_1,triplet,1729,session3_row281,4_ANPP,ethyl_paraoxon,-0.2791216075420379,True,False,Pendar-1,pSERS_Metrohm_silver,,,4_ANPP,strict_core,0.6821317728847722
outer,nato_outer_o4__train_strict_core__test_strict_core,4,siamese,deterministic_edge_triplet,derivative_1,triplet,1729,session3_row284,4_ANPP,4_ANPP,-0.1462991684675216,True,True,Pendar-1,pSERS_Metrohm_silver,,,4_ANPP,strict_core,0.7639861192028184
outer,nato_outer_o4__train_strict_core__test_strict_core,4,siamese,deterministic_edge_triplet,derivative_1,triplet,1729,session3_row288,4_ANPP,4_ANPP,-0.1012659668922424,True,True,Agilent-1,pSERS_Metrohm_silver,,,4_ANPP,strict_core,0.7881871666177084
outer,nato_outer_o4__train_strict_core__test_strict_core,4,siamese,deterministic_edge_triplet,derivative_1,triplet,1729,session3_row290,4_ANPP,4_ANPP,-0.0440077781677246,True,True,Mira-3,pSERS_Metrohm_silver,,,4_ANPP,strict_core,0.8162645138957287
outer,nato_outer_o4__train_strict_core__test_strict_core,4,siamese,deterministic_edge_triplet,derivative_1,triplet,1729,session3_row291,4_ANPP,4_ANPP,-0.0639602094888687,True,True,Agilent-1,pSERS_Metrohm_silver,,,4_ANPP,strict_core,0.8068219017019941
outer,nato_outer_o4__train_strict_core__test_strict_core,4,siamese,deterministic_edge_triplet,derivative_1,triplet,1729,session3_row292,4_ANPP,acetaminophen,-0.137414664030075,True,False,Pendar-1,NRC_Canadian_SERS,,,4_ANPP,strict_core,0.7689080508290096
outer,nato_outer_o4__train_strict_core__test_strict_core,4,siamese,deterministic_edge_triplet,derivative_1,triplet,1729,session3_row293,blank,4_ANPP,-0.2050121128559112,True,False,Mira-3,pSERS_Metrohm_silver,,,blank,strict_core,0.7296697969167832
outer,nato_outer_o4__train_strict_core__test_strict_core,4,siamese,deterministic_edge_triplet,derivative_1,triplet,1729,session3_row303,blank,acetaminophen,-0.0443215258419513,True,False,Agilent-1,pSERS_Metrohm_silver,,,blank,strict_core,0.816118838770732
outer,nato_outer_o4__train_strict_core__test_strict_core,4,siamese,deterministic_edge_triplet,derivative_1,triplet,1729,session3_row308,4_ANPP,acetaminophen,-0.2722416818141937,True,False,Agilent-1,NRC_Canadian_SERS,,,4_ANPP,strict_core,0.6867306245184374
outer,nato_outer_o4__train_strict_core__test_strict_core,4,siamese,deterministic_edge_triplet,derivative_1,triplet,1729,session3_row309,4_ANPP,4_ANPP,-0.1572314649820327,True,True,Agilent-1,pSERS_Metrohm_silver,,,4_ANPP,strict_core,0.7578309974075604
outer,nato_outer_o4__train_strict_core__test_strict_core,4,siamese,deterministic_edge_triplet,derivative_1,triplet,1729,session3_row316,4_ANPP,4_ANPP,-0.1067087426781654,True,True,Pendar-1,NRC_Canadian_SERS,,,4_ANPP,strict_core,0.7853612930404916
outer,nato_outer_o4__train_strict_core__test_strict_core,4,siamese,deterministic_edge_triplet,derivative_1,triplet,1729,session3_row318,blank,ethyl_paraoxon,-0.1625329256057739,True,False,Pendar-1,NRC_Canadian_SERS,,,blank,strict_core,0.7548071117554136
outer,nato_outer_o4__train_strict_core__test_strict_core,4,siamese,deterministic_edge_triplet,derivative_1,triplet,1729,session3_row319,blank,benzyl_fentanyl,-0.0631264895200729,True,False,Mira-3,NRC_Canadian_SERS,,,blank,strict_core,0.8072237474762465
outer,nato_outer_o4__train_strict_core__test_strict_core,4,siamese,deterministic_edge_triplet,derivative_1,triplet,1729,session3_row325,4_ANPP,4_ANPP,-0.0576627813279628,True,True,Mira-3,NRC_Canadian_SERS,,,4_ANPP,strict_core,0.8098414596357957
outer,nato_outer_o4__train_strict_core__test_strict_core,4,siamese,deterministic_edge_triplet,derivative_1,triplet,1729,session3_row333,blank,acetaminophen,-0.1540481001138687,True,False,Pendar-1,pSERS_Metrohm_silver,,,blank,strict_core,0.7596345117545221
outer,nato_outer_o4__train_strict_core__test_strict_core,4,siamese,deterministic_edge_triplet,derivative_1,triplet,1729,session3_row340,blank,acetaminophen,-0.1213703602552414,True,False,Mira-3,NRC_Canadian_SERS,,,blank,strict_core,0.7776132547529986
outer,nato_outer_o4__train_strict_core__test_strict_core,4,siamese,deterministic_edge_triplet,derivative_1,triplet,1729,session3_row342,4_ANPP,4_ANPP,-0.0800053104758262,True,True,Mira-3,NRC_Canadian_SERS,,,4_ANPP,strict_core,0.7989640668842454
outer,nato_outer_o4__train_strict_core__test_strict_core,4,siamese,deterministic_edge_triplet,derivative_1,triplet,1729,session3_row348,4_ANPP,acetaminophen,-0.203726664185524,True,False,Pendar-1,pSERS_Metrohm_silver,,,4_ANPP,strict_core,0.7304538149264864
outer,nato_outer_o4__train_strict_core__test_strict_core,4,siamese,deterministic_edge_triplet,derivative_1,triplet,1729,session3_row389,acetaminophen,blank,-0.0979779362678527,True,False,RMX-2,pSERS_Metrohm_silver,,,acetaminophen,strict_core,0.78988107356824
outer,nato_outer_o4__train_strict_core__test_strict_core,4,siamese,deterministic_edge_triplet,derivative_1,triplet,1729,session3_row395,benzyl_fentanyl,benzyl_fentanyl,-0.0520959720015525,True,True,Pendar-3,pSERS_Metrohm_silver,,,benzyl_fentanyl,strict_core,0.8124805052232629
outer,nato_outer_o4__train_strict_core__test_strict_core,4,siamese,deterministic_edge_triplet,derivative_1,triplet,1729,session3_row396,benzyl_fentanyl,benzyl_fentanyl,-0.0842519551515579,True,True,RMX-2,pSERS_Metrohm_silver,,,benzyl_fentanyl,strict_core,0.7968447398546981
outer,nato_outer_o4__train_strict_core__test_strict_core,4,siamese,deterministic_edge_triplet,derivative_1,triplet,1729,session3_row402,acetaminophen,blank,-0.2666867077350616,True,False,Mira-1,pSERS_Metrohm_silver,,,acetaminophen,strict_core,0.6904172694927764
outer,nato_outer_o4__train_strict_core__test_strict_core,4,siamese,deterministic_edge_triplet,derivative_1,triplet,1729,session3_row405,acetaminophen,ethyl_paraoxon,-0.3027437031269073,True,False,Agilent-3,pSERS_Metrohm_silver,,,acetaminophen,strict_core,0.6660731972730569
outer,nato_outer_o4__train_strict_core__test_strict_core,4,siamese,deterministic_edge_triplet,derivative_1,triplet,1729,session3_row409,benzyl_fentanyl,benzyl_fentanyl,-0.0276990924030542,True,True,Mira-1,pSERS_Metrohm_silver,,,benzyl_fentanyl,strict_core,0.8237139229317174
outer,nato_outer_o4__train_strict_core__test_strict_core,4,siamese,deterministic_edge_triplet,derivative_1,triplet,1729,session3_row410,benzyl_fentanyl,benzyl_fentanyl,-0.024758692830801,True,True,Agilent-3,pSERS_Metrohm_silver,,,benzyl_fentanyl,strict_core,0.8250314751928256
outer,nato_outer_o4__train_strict_core__test_strict_core,4,siamese,deterministic_edge_triplet,derivative_1,triplet,1729,session3_row417,benzyl_fentanyl,benzyl_fentanyl,-0.1207970604300499,True,True,Mira-1,pSERS_Metrohm_silver,,,benzyl_fentanyl,strict_core,0.7779199365135154
outer,nato_outer_o4__train_strict_core__test_strict_core,4,siamese,deterministic_edge_triplet,derivative_1,triplet,1729,session3_row418,benzyl_fentanyl,benzyl_fentanyl,-0.0772552266716957,True,True,Agilent-3,pSERS_Metrohm_silver,,,benzyl_fentanyl,strict_core,0.8003276704680659
outer,nato_outer_o4__train_strict_core__test_strict_core,4,siamese,deterministic_edge_triplet,derivative_1,triplet,1729,session3_row421,benzyl_fentanyl,benzyl_fentanyl,-0.26593679189682,True,True,Pendar-3,pSERS_Metrohm_silver,,,benzyl_fentanyl,strict_core,0.6909131264141221
outer,nato_outer_o4__train_strict_core__test_strict_core,4,siamese,deterministic_edge_triplet,derivative_1,triplet,1729,session3_row422,benzyl_fentanyl,benzyl_fentanyl,-0.0726397186517715,True,True,RMX-2,pSERS_Metrohm_silver,,,benzyl_fentanyl,strict_core,0.8026006016204543
outer,nato_outer_o4__train_strict_core__test_strict_core,4,siamese,deterministic_edge_triplet,derivative_1,triplet,1729,session3_row455,acetaminophen,blank,-0.2371663451194763,True,False,Pendar-3,pSERS_Metrohm_silver,,,acetaminophen,strict_core,0.7095982307703198
outer,nato_outer_o4__train_strict_core__test_strict_core,4,siamese,deterministic_edge_triplet,derivative_1,triplet,1729,session3_row456,acetaminophen,acetaminophen,-0.0981196835637092,True,True,RMX-2,pSERS_Metrohm_silver,,,acetaminophen,strict_core,0.7898082546108934
outer,nato_outer_o4__train_strict_core__test_strict_core,4,siamese,deterministic_edge_triplet,derivative_1,triplet,1729,session3_row467,acetaminophen,acetaminophen,-0.1564742922782898,True,True,Mira-1,pSERS_Metrohm_silver,,,acetaminophen,strict_core,0.7582608018662393
outer,nato_outer_o4__train_strict_core__test_strict_core,4,siamese,deterministic_edge_triplet,derivative_1,triplet,1729,session3_row468,acetaminophen,acetaminophen,-0.0255052763968706,True,True,Agilent-3,pSERS_Metrohm_silver,,,acetaminophen,strict_core,0.8246976781124477
outer,nato_outer_o4__train_strict_core__test_strict_core,4,siamese,deterministic_edge_triplet,derivative_1,triplet,2718,session1_row52,blank,acetaminophen,-0.2655185461044311,True,False,Mira-3,pSERS_Metrohm_silver,,,blank,strict_core,0.5711505817734012
outer,nato_outer_o4__train_strict_core__test_strict_core,4,siamese,deterministic_edge_triplet,derivative_1,triplet,2718,session1_row60,blank,blank,-0.2529772222042084,True,True,Pendar-2,pSERS_Metrohm_silver,,,blank,strict_core,0.5785501956962952
outer,nato_outer_o4__train_strict_core__test_strict_core,4,siamese,deterministic_edge_triplet,derivative_1,triplet,2718,session1_row110,acetaminophen,ethyl_paraoxon,-0.2042592614889145,True,False,Pendar-3,H_SERS_H_Kit,,,acetaminophen,strict_core,0.6069335890037386
outer,nato_outer_o4__train_strict_core__test_strict_core,4,siamese,deterministic_edge_triplet,derivative_1,triplet,2718,session1_row114,acetaminophen,acetaminophen,-0.0605063214898109,True,True,Pendar-3,NRC_Canadian_SERS,,,acetaminophen,strict_core,0.6860017727143592
outer,nato_outer_o4__train_strict_core__test_strict_core,4,siamese,deterministic_edge_triplet,derivative_1,triplet,2718,session1_row124,benzyl_fentanyl,4_ANPP,-0.2173185646533966,True,False,Pendar-3,NRC_Canadian_SERS,,,benzyl_fentanyl,strict_core,0.5993872625533255
outer,nato_outer_o4__train_strict_core__test_strict_core,4,siamese,deterministic_edge_triplet,derivative_1,triplet,2718,session1_row129,benzyl_fentanyl,benzyl_fentanyl,-0.2135611027479171,True,True,Pendar-3,pSERS_Metrohm_silver,,,benzyl_fentanyl,strict_core,0.601563520714713
outer,nato_outer_o4__train_strict_core__test_strict_core,4,siamese,deterministic_edge_triplet,derivative_1,triplet,2718,session1_row133,benzyl_fentanyl,benzyl_fentanyl,-0.1351645588874817,True,True,RMX-2,pSERS_Metrohm_silver,,,benzyl_fentanyl,strict_core,0.6459424672129538
outer,nato_outer_o4__train_strict_core__test_strict_core,4,siamese,deterministic_edge_triplet,derivative_1,triplet,2718,session1_row134,benzyl_fentanyl,4_ANPP,-0.1535601913928985,True,False,RMX-2,NRC_Canadian_SERS,,,benzyl_fentanyl,strict_core,0.6357210172053509
outer,nato_outer_o4__train_strict_core__test_strict_core,4,siamese,deterministic_edge_triplet,derivative_1,triplet,2718,session1_row137,benzyl_fentanyl,benzyl_fentanyl,-0.1783670037984848,True,True,Pendar-3,pSERS_Metrohm_silver,,,benzyl_fentanyl,strict_core,0.6217424330257328
outer,nato_outer_o4__train_strict_core__test_strict_core,4,siamese,deterministic_edge_triplet,derivative_1,triplet,2718,session1_row139,benzyl_fentanyl,4_ANPP,-0.2728600203990936,True,False,Pendar-3,NRC_Canadian_SERS,,,benzyl_fentanyl,strict_core,0.5668039456722341
outer,nato_outer_o4__train_strict_core__test_strict_core,4,siamese,deterministic_edge_triplet,derivative_1,triplet,2718,session1_row140,benzyl_fentanyl,benzyl_fentanyl,-0.0774393752217292,True,True,RMX-2,pSERS_Metrohm_silver,,,benzyl_fentanyl,strict_core,0.6771298122501239
outer,nato_outer_o4__train_strict_core__test_strict_core,4,siamese,deterministic_edge_triplet,derivative_1,triplet,2718,session1_row141,benzyl_fentanyl,4_ANPP,-0.071688674390316,True,False,RMX-2,NRC_Canadian_SERS,,,benzyl_fentanyl,strict_core,0.6801575964124017
outer,nato_outer_o4__train_strict_core__test_strict_core,4,siamese,deterministic_edge_triplet,derivative_1,triplet,2718,session1_row179,4_nitrophenol,blank,-0.1681240946054458,True,False,Pendar-2,H_SERS_H_Kit,,,4_nitrophenol,strict_core,0.6275403475867672
outer,nato_outer_o4__train_strict_core__test_strict_core,4,siamese,deterministic_edge_triplet,derivative_1,triplet,2718,session1_row183,ethyl_paraoxon,ethanol,-0.1231303736567497,True,False,Pendar-2,H_SERS_H_Kit,,,ethyl_paraoxon,strict_core,0.6525584490350589
outer,nato_outer_o4__train_strict_core__test_strict_core,4,siamese,deterministic_edge_triplet,derivative_1,triplet,2718,session1_row190,4_nitrophenol,4_nitrophenol,-0.0934624001383781,True,True,Pendar-2,H_SERS_H_Kit,,,4_nitrophenol,strict_core,0.6686154174839835
outer,nato_outer_o4__train_strict_core__test_strict_core,4,siamese,deterministic_edge_triplet,derivative_1,triplet,2718,session1_row200,ethyl_paraoxon,ethyl_paraoxon,-0.0736173242330551,True,True,Pendar-2,H_SERS_H_Kit,,,ethyl_paraoxon,strict_core,0.6791438237693661
outer,nato_outer_o4__train_strict_core__test_strict_core,4,siamese,deterministic_edge_triplet,derivative_1,triplet,2718,session1_row212,ethanol,ethyl_paraoxon,-0.1456815749406814,True,False,Pendar-2,H_SERS_H_Kit,,,ethanol,strict_core,0.6401143672012195
outer,nato_outer_o4__train_strict_core__test_strict_core,4,siamese,deterministic_edge_triplet,derivative_1,triplet,2718,session1_row225,4_nitrophenol,ethanol,-0.3220578134059906,True,False,Mira-2,H_SERS_H_Kit,,,4_nitrophenol,strict_core,0.5374418958921968
outer,nato_outer_o4__train_strict_core__test_strict_core,4,siamese,deterministic_edge_triplet,derivative_1,triplet,2718,session1_row229,ethyl_paraoxon,ethyl_paraoxon,-0.0992717891931533,True,True,Mira-2,H_SERS_H_Kit,,,ethyl_paraoxon,strict_core,0.6655005599523233
outer,nato_outer_o4__train_strict_core__test_strict_core,4,siamese,deterministic_edge_triplet,derivative_1,triplet,2718,session1_row236,ethanol,blank,-0.2440293282270431,True,False,Mira-2,H_SERS_H_Kit,,,ethanol,strict_core,0.5838083396463903
outer,nato_outer_o4__train_strict_core__test_strict_core,4,siamese,deterministic_edge_triplet,derivative_1,triplet,2718,session1_row241,4_nitrophenol,4_nitrophenol,-0.1487065851688385,True,True,Agilent-3,H_SERS_H_Kit,,,4_nitrophenol,strict_core,0.638430260758284
outer,nato_outer_o4__train_strict_core__test_strict_core,4,siamese,deterministic_edge_triplet,derivative_1,triplet,2718,session1_row250,4_nitrophenol,4_nitrophenol,-0.0411965325474739,True,True,RMX-1,H_SERS_H_Kit,,,4_nitrophenol,strict_core,0.6959553763742182
outer,nato_outer_o4__train_strict_core__test_strict_core,4,siamese,deterministic_edge_triplet,derivative_1,triplet,2718,session1_row254,4_nitrophenol,4_nitrophenol,-0.0539945401251316,True,True,Mira-2,H_SERS_H_Kit,,,4_nitrophenol,strict_core,0.6893781670592953
outer,nato_outer_o4__train_strict_core__test_strict_core,4,siamese,deterministic_edge_triplet,derivative_1,triplet,2718,session1_row258,4_nitrophenol,4_nitrophenol,-0.2382188141345977,True,True,Pendar-2,H_SERS_H_Kit,,,4_nitrophenol,strict_core,0.5872127252557051
outer,nato_outer_o4__train_strict_core__test_strict_core,4,siamese,deterministic_edge_triplet,derivative_1,triplet,2718,session2_row45,blank,blank,-0.3112538754940033,True,True,Pendar-3,pSERS_Metrohm_silver,,,blank,strict_core,0.543919423642483
outer,nato_outer_o4__train_strict_core__test_strict_core,4,siamese,deterministic_edge_triplet,derivative_1,triplet,2718,session2_row46,blank,blank,-0.0499230101704597,True,True,Mira-3,pSERS_Metrohm_silver,,,blank,strict_core,0.6914791081136517
outer,nato_outer_o4__train_strict_core__test_strict_core,4,siamese,deterministic_edge_triplet,derivative_1,triplet,2718,session2_row67,blank,ethanol,-0.3087852001190185,True,False,Pendar-3,pSERS_Metrohm_silver,,,blank,strict_core,0.5453975211768332
outer,nato_outer_o4__train_strict_core__test_strict_core,4,siamese,deterministic_edge_triplet,derivative_1,triplet,2718,session2_row92,4_ANPP,4_ANPP,-0.0734838396310806,True,True,Pendar-3,pSERS_Metrohm_silver,,,4_ANPP,strict_core,0.679214043016252
outer,nato_outer_o4__train_strict_core__test_strict_core,4,siamese,deterministic_edge_triplet,derivative_1,triplet,2718,session2_row93,4_ANPP,4_ANPP,-0.0415413081645965,True,True,Mira-3,pSERS_Metrohm_silver,,,4_ANPP,strict_core,0.6957792177147606
outer,nato_outer_o4__train_strict_core__test_strict_core,4,siamese,deterministic_edge_triplet,derivative_1,triplet,2718,session2_row94,4_ANPP,4_ANPP,-0.1358100324869156,True,True,Pendar-3,pSERS_Metrohm_silver,,,4_ANPP,strict_core,0.6455859973936106
outer,nato_outer_o4__train_strict_core__test_strict_core,4,siamese,deterministic_edge_triplet,derivative_1,triplet,2718,session2_row95,4_ANPP,4_ANPP,-0.0136715173721313,True,True,Mira-3,pSERS_Metrohm_silver,,,4_ANPP,strict_core,0.7098308494534096
outer,nato_outer_o4__train_strict_core__test_strict_core,4,siamese,deterministic_edge_triplet,derivative_1,triplet,2718,session2_row103,blank,blank,-0.0468497909605503,True,True,Pendar-3,pSERS_Metrohm_silver,,,blank,strict_core,0.6930596883714452
outer,nato_outer_o4__train_strict_core__test_strict_core,4,siamese,deterministic_edge_triplet,derivative_1,triplet,2718,session2_row104,blank,ethanol,-0.072889544069767,True,False,Mira-3,pSERS_Metrohm_silver,,,blank,strict_core,0.6795265722690894
outer,nato_outer_o4__train_strict_core__test_strict_core,4,siamese,deterministic_edge_triplet,derivative_1,triplet,2718,session2_row114,blank,blank,-0.1118905171751976,True,True,Agilent-3,pSERS_Metrohm_silver,,,blank,strict_core,0.6586850437219622
outer,nato_outer_o4__train_strict_core__test_strict_core,4,siamese,deterministic_edge_triplet,derivative_1,triplet,2718,session2_row121,4_ANPP,4_ANPP,-0.213823065161705,True,True,Agilent-3,pSERS_Metrohm_silver,,,4_ANPP,strict_core,0.6014119255445777
outer,nato_outer_o4__train_strict_core__test_strict_core,4,siamese,deterministic_edge_triplet,derivative_1,triplet,2718,session2_row122,4_ANPP,4_ANPP,-0.2079991400241851,True,True,Agilent-3,pSERS_Metrohm_silver,,,4_ANPP,strict_core,0.6047775377814144
outer,nato_outer_o4__train_strict_core__test_strict_core,4,siamese,deterministic_edge_triplet,derivative_1,triplet,2718,session2_row124,blank,ethanol,-0.1905668824911117,True,False,Agilent-3,pSERS_Metrohm_silver,,,blank,strict_core,0.6147912278954786
outer,nato_outer_o4__train_strict_core__test_strict_core,4,siamese,deterministic_edge_triplet,derivative_1,triplet,2718,session2_row138,acetaminophen,ethyl_paraoxon,-0.2674292922019958,True,False,Pendar-2,pSERS_Metrohm_silver,,,acetaminophen,strict_core,0.5700203223461459
outer,nato_outer_o4__train_strict_core__test_strict_core,4,siamese,deterministic_edge_triplet,derivative_1,triplet,2718,session2_row139,acetaminophen,blank,-0.2142984569072723,True,False,Pendar-2,pSERS_Metrohm_silver,,,acetaminophen,strict_core,0.6011367711909628
outer,nato_outer_o4__train_strict_core__test_strict_core,4,siamese,deterministic_edge_triplet,derivative_1,triplet,2718,session2_row155,acetaminophen,blank,-0.1168109700083732,True,False,RMX-2,pSERS_Metrohm_silver,,,acetaminophen,strict_core,0.6560093868226177
outer,nato_outer_o4__train_strict_core__test_strict_core,4,siamese,deterministic_edge_triplet,derivative_1,triplet,2718,session2_row159,benzyl_fentanyl,benzyl_fentanyl,-0.0465183593332767,True,True,Pendar-2,pSERS_Metrohm_silver,,,benzyl_fentanyl,strict_core,0.6932298765240957
outer,nato_outer_o4__train_strict_core__test_strict_core,4,siamese,deterministic_edge_triplet,derivative_1,triplet,2718,session2_row173,benzyl_fentanyl,benzyl_fentanyl,-0.2899031639099121,True,True,Pendar-2,pSERS_Metrohm_silver,,,benzyl_fentanyl,strict_core,0.556674657376223
outer,nato_outer_o4__train_strict_core__test_strict_core,4,siamese,deterministic_edge_triplet,derivative_1,triplet,2718,session2_row179,benzyl_fentanyl,benzyl_fentanyl,-0.0838903412222862,True,True,RMX-2,pSERS_Metrohm_silver,,,benzyl_fentanyl,strict_core,0.6737155768545369
outer,nato_outer_o4__train_strict_core__test_strict_core,4,siamese,deterministic_edge_triplet,derivative_1,triplet,2718,session2_row181,benzyl_fentanyl,benzyl_fentanyl,-0.136130005121231,True,True,RMX-2,pSERS_Metrohm_silver,,,benzyl_fentanyl,strict_core,0.6454092290277312
outer,nato_outer_o4__train_strict_core__test_strict_core,4,siamese,deterministic_edge_triplet,derivative_1,triplet,2718,session2_row187,acetaminophen,acetaminophen,-0.3543459475040436,True,True,Pendar-2,pSERS_Metrohm_silver,,,acetaminophen,strict_core,0.5180166021053881
outer,nato_outer_o4__train_strict_core__test_strict_core,4,siamese,deterministic_edge_triplet,derivative_1,triplet,2718,session2_row188,acetaminophen,benzyl_fentanyl,-0.3335123658180237,True,False,Pendar-2,pSERS_Metrohm_silver,,,acetaminophen,strict_core,0.5305605077857417
outer,nato_outer_o4__train_strict_core__test_strict_core,4,siamese,deterministic_edge_triplet,derivative_1,triplet,2718,session2_row189,acetaminophen,acetaminophen,-0.2328809946775436,True,True,Pendar-2,pSERS_Metrohm_silver,,,acetaminophen,strict_core,0.5903328339672893
outer,nato_outer_o4__train_strict_core__test_strict_core,4,siamese,deterministic_edge_triplet,derivative_1,triplet,2718,session2_row205,acetaminophen,acetaminophen,-0.0515076294541358,True,True,RMX-2,pSERS_Metrohm_silver,,,acetaminophen,strict_core,0.6906623673907315
outer,nato_outer_o4__train_strict_core__test_strict_core,4,siamese,deterministic_edge_triplet,derivative_1,triplet,2718,session2_row233,benzyl_fentanyl,benzyl_fentanyl,-0.3147820830345154,True,True,RMX-2,pSERS_Metrohm_silver,,,benzyl_fentanyl,strict_core,0.5418056033883564
outer,nato_outer_o4__train_strict_core__test_strict_core,4,siamese,deterministic_edge_triplet,derivative_1,triplet,2718,session2_row251,benzyl_fentanyl,benzyl_fentanyl,-0.0733563899993896,True,True,Pendar-2,pSERS_Metrohm_silver,,,benzyl_fentanyl,strict_core,0.6792810800132114
outer,nato_outer_o4__train_strict_core__test_strict_core,4,siamese,deterministic_edge_triplet,derivative_1,triplet,2718,session2_row254,benzyl_fentanyl,benzyl_fentanyl,-0.0368602685630321,True,True,RMX-2,pSERS_Metrohm_silver,,,benzyl_fentanyl,strict_core,0.6981660182391085
outer,nato_outer_o4__train_strict_core__test_strict_core,4,siamese,deterministic_edge_triplet,derivative_1,triplet,2718,session2_row257,4_ANPP,4_ANPP,-0.1197431311011314,True,True,RMX-2,pSERS_Metrohm_silver,,,4_ANPP,strict_core,0.6544101953760011
outer,nato_outer_o4__train_strict_core__test_strict_core,4,siamese,deterministic_edge_triplet,derivative_1,triplet,2718,session2_row263,4_ANPP,4_ANPP,-0.2538165152072906,True,True,Pendar-2,pSERS_Metrohm_silver,,,4_ANPP,strict_core,0.5780560586707926
outer,nato_outer_o4__train_strict_core__test_strict_core,4,siamese,deterministic_edge_triplet,derivative_1,triplet,2718,session2_row270,benzyl_fentanyl,benzyl_fentanyl,-0.0168389175087213,True,True,Pendar-2,pSERS_Metrohm_silver,,,benzyl_fentanyl,strict_core,0.7082533027169561
outer,nato_outer_o4__train_strict_core__test_strict_core,4,siamese,deterministic_edge_triplet,derivative_1,triplet,2718,session2_row289,4_nitrophenol,ethyl_paraoxon,-0.4008626937866211,True,False,RMX-1,H_SERS_H_Kit,,,4_nitrophenol,strict_core,0.4899502754391892
outer,nato_outer_o4__train_strict_core__test_strict_core,4,siamese,deterministic_edge_triplet,derivative_1,triplet,2718,session2_row296,4_nitrophenol,ethyl_paraoxon,-0.0769175961613655,True,False,Agilent-3,H_SERS_H_Kit,,,4_nitrophenol,strict_core,0.6774051510975254
outer,nato_outer_o4__train_strict_core__test_strict_core,4,siamese,deterministic_edge_triplet,derivative_1,triplet,2718,session2_row297,4_nitrophenol,ethyl_paraoxon,-0.3228491544723511,True,False,Mira-2,H_SERS_H_Kit,,,4_nitrophenol,strict_core,0.5369669213155299
outer,nato_outer_o4__train_strict_core__test_strict_core,4,siamese,deterministic_edge_triplet,derivative_1,triplet,2718,session2_row306,4_nitrophenol,4_nitrophenol,-0.3876723945140838,True,True,RMX-1,NRC_Canadian_SERS,,,4_nitrophenol,strict_core,0.4979100246410246
outer,nato_outer_o4__train_strict_core__test_strict_core,4,siamese,deterministic_edge_triplet,derivative_1,triplet,2718,session2_row316,4_nitrophenol,ethanol,-0.2180291414260864,True,False,Mira-2,NRC_Canadian_SERS,,,4_nitrophenol,strict_core,0.5989752645329456
outer,nato_outer_o4__train_strict_core__test_strict_core,4,siamese,deterministic_edge_triplet,derivative_1,triplet,2718,session2_row337,ethyl_paraoxon,ethyl_paraoxon,-0.0816351845860481,True,True,RMX-1,H_SERS_H_Kit,,,ethyl_paraoxon,strict_core,0.6749112595026255
outer,nato_outer_o4__train_strict_core__test_strict_core,4,siamese,deterministic_edge_triplet,derivative_1,triplet,2718,session2_row341,ethyl_paraoxon,ethyl_paraoxon,-0.1286045908927917,True,True,Mira-2,H_SERS_H_Kit,,,ethyl_paraoxon,strict_core,0.649556030086014
outer,nato_outer_o4__train_strict_core__test_strict_core,4,siamese,deterministic_edge_triplet,derivative_1,triplet,2718,session2_row342,ethyl_paraoxon,ethyl_paraoxon,-0.1016025468707084,True,True,Agilent-3,H_SERS_H_Kit,,,ethyl_paraoxon,strict_core,0.6642467770520716
outer,nato_outer_o4__train_strict_core__test_strict_core,4,siamese,deterministic_edge_triplet,derivative_1,triplet,2718,session2_row348,ethyl_paraoxon,4_nitrophenol,-0.3549262583255768,True,False,RMX-1,NRC_Canadian_SERS,,,ethyl_paraoxon,strict_core,0.5176667977349774
outer,nato_outer_o4__train_strict_core__test_strict_core,4,siamese,deterministic_edge_triplet,derivative_1,triplet,2718,session2_row350,ethyl_paraoxon,ethanol,-0.2195817530155182,True,False,Mira-2,NRC_Canadian_SERS,,,ethyl_paraoxon,strict_core,0.5980745619099984
outer,nato_outer_o4__train_strict_core__test_strict_core,4,siamese,deterministic_edge_triplet,derivative_1,triplet,2718,session2_row351,ethyl_paraoxon,4_nitrophenol,-0.3498829007148742,True,False,Mira-2,NRC_Canadian_SERS,,,ethyl_paraoxon,strict_core,0.5207062573120398
outer,nato_outer_o4__train_strict_core__test_strict_core,4,siamese,deterministic_edge_triplet,derivative_1,triplet,2718,session2_row359,ethyl_paraoxon,blank,-0.2074344456195831,True,False,Pendar-3,NRC_Canadian_SERS,,,ethyl_paraoxon,strict_core,0.6051033494022584
outer,nato_outer_o4__train_strict_core__test_strict_core,4,siamese,deterministic_edge_triplet,derivative_1,triplet,2718,session2_row362,ethyl_paraoxon,ethanol,-0.2150492519140243,True,False,Pendar-3,NRC_Canadian_SERS,,,ethyl_paraoxon,strict_core,0.6007020847573447
outer,nato_outer_o4__train_strict_core__test_strict_core,4,siamese,deterministic_edge_triplet,derivative_1,triplet,2718,session2_row374,ethanol,ethanol,-0.1856231689453125,True,True,RMX-1,H_SERS_H_Kit,,,ethanol,strict_core,0.6176138665897519
outer,nato_outer_o4__train_strict_core__test_strict_core,4,siamese,deterministic_edge_triplet,derivative_1,triplet,2718,session2_row375,ethanol,benzyl_fentanyl,-0.4906119108200073,True,False,Pendar-3,H_SERS_H_Kit,,,ethanol,strict_core,0.43613102384684416
outer,nato_outer_o4__train_strict_core__test_strict_core,4,siamese,deterministic_edge_triplet,derivative_1,triplet,2718,session2_row381,ethanol,ethyl_paraoxon,-0.4013429880142212,True,False,Mira-2,H_SERS_H_Kit,,,ethanol,strict_core,0.4896605112618642
outer,nato_outer_o4__train_strict_core__test_strict_core,4,siamese,deterministic_edge_triplet,derivative_1,triplet,2718,session2_row386,ethanol,blank,-0.3581582605838775,True,False,Pendar-3,NRC_Canadian_SERS,,,ethanol,strict_core,0.5157182784626528
outer,nato_outer_o4__train_strict_core__test_strict_core,4,siamese,deterministic_edge_triplet,derivative_1,triplet,2718,session2_row390,ethanol,ethyl_paraoxon,-0.4043358564376831,True,False,RMX-1,NRC_Canadian_SERS,,,ethanol,strict_core,0.48785506128636014
outer,nato_outer_o4__train_strict_core__test_strict_core,4,siamese,deterministic_edge_triplet,derivative_1,triplet,2718,session2_row391,ethanol,4_nitrophenol,-0.3283963799476623,True,False,Mira-2,NRC_Canadian_SERS,,,ethanol,strict_core,0.5336355591621543
outer,nato_outer_o4__train_strict_core__test_strict_core,4,siamese,deterministic_edge_triplet,derivative_1,triplet,2718,session3_row5,4_nitrophenol,ethyl_paraoxon,-0.3883088827133178,True,False,Pendar-2,H_SERS_H_Kit,,,4_nitrophenol,strict_core,0.49752587608129084
outer,nato_outer_o4__train_strict_core__test_strict_core,4,siamese,deterministic_edge_triplet,derivative_1,triplet,2718,session3_row13,ethyl_paraoxon,acetaminophen,-0.2742534875869751,True,False,Pendar-2,H_SERS_H_Kit,,,ethyl_paraoxon,strict_core,0.5659777380058134
outer,nato_outer_o4__train_strict_core__test_strict_core,4,siamese,deterministic_edge_triplet,derivative_1,triplet,2718,session3_row31,4_nitrophenol,4_nitrophenol,-0.3448364734649658,True,True,RMX-1,H_SERS_H_Kit,,,4_nitrophenol,strict_core,0.5237460332277247
outer,nato_outer_o4__train_strict_core__test_strict_core,4,siamese,deterministic_edge_triplet,derivative_1,triplet,2718,session3_row33,4_nitrophenol,ethyl_paraoxon,-0.0750287324190139,True,False,Mira-2,H_SERS_H_Kit,,,4_nitrophenol,strict_core,0.6784008602863774
outer,nato_outer_o4__train_strict_core__test_strict_core,4,siamese,deterministic_edge_triplet,derivative_1,triplet,2718,session3_row59,ethanol,blank,-0.1193064004182815,True,False,Pendar-2,H_SERS_H_Kit,,,ethanol,strict_core,0.6546486094320055
outer,nato_outer_o4__train_strict_core__test_strict_core,4,siamese,deterministic_edge_triplet,derivative_1,triplet,2718,session3_row69,4_nitrophenol,ethyl_paraoxon,-0.4138234853744507,True,False,Pendar-2,H_SERS_H_Kit,,,4_nitrophenol,strict_core,0.482133961465587
outer,nato_outer_o4__train_strict_core__test_strict_core,4,siamese,deterministic_edge_triplet,derivative_1,triplet,2718,session3_row70,4_nitrophenol,ethyl_paraoxon,-0.2656618654727936,True,False,Pendar-2,H_SERS_H_Kit,,,4_nitrophenol,strict_core,0.5710658299726713
outer,nato_outer_o4__train_strict_core__test_strict_core,4,siamese,deterministic_edge_triplet,derivative_1,triplet,2718,session3_row86,ethanol,ethanol,-0.3862028419971466,True,True,Pendar-2,H_SERS_H_Kit,,,ethanol,strict_core,0.498796972743697
outer,nato_outer_o4__train_strict_core__test_strict_core,4,siamese,deterministic_edge_triplet,derivative_1,triplet,2718,session3_row98,4_nitrophenol,ethyl_paraoxon,-0.1343166828155517,True,False,RMX-1,H_SERS_H_Kit,,,4_nitrophenol,strict_core,0.6464104696295822
outer,nato_outer_o4__train_strict_core__test_strict_core,4,siamese,deterministic_edge_triplet,derivative_1,triplet,2718,session3_row99,4_nitrophenol,ethyl_paraoxon,-0.0477938167750835,True,False,Mira-2,H_SERS_H_Kit,,,4_nitrophenol,strict_core,0.6925746486613871
outer,nato_outer_o4__train_strict_core__test_strict_core,4,siamese,deterministic_edge_triplet,derivative_1,triplet,2718,session3_row130,ethyl_paraoxon,ethyl_paraoxon,-0.2437569200992584,True,True,Mira-2,H_SERS_H_Kit,,,ethyl_paraoxon,strict_core,0.5839681252657096
outer,nato_outer_o4__train_strict_core__test_strict_core,4,siamese,deterministic_edge_triplet,derivative_1,triplet,2718,session3_row139,ethanol,ethyl_paraoxon,-0.278680145740509,True,False,Mira-2,H_SERS_H_Kit,,,ethanol,strict_core,0.563350693404557
outer,nato_outer_o4__train_strict_core__test_strict_core,4,siamese,deterministic_edge_triplet,derivative_1,triplet,2718,session3_row164,ethanol,ethanol,-0.086966872215271,True,True,Mira-2,H_SERS_H_Kit,,,ethanol,strict_core,0.6720807534239869
outer,nato_outer_o4__train_strict_core__test_strict_core,4,siamese,deterministic_edge_triplet,derivative_1,triplet,2718,session3_row165,ethanol,ethanol,-0.0428513512015342,True,True,Mira-2,H_SERS_H_Kit,,,ethanol,strict_core,0.6951093447617511
outer,nato_outer_o4__train_strict_core__test_strict_core,4,siamese,deterministic_edge_triplet,derivative_1,triplet,2718,session3_row223,blank,blank,-0.1405683904886245,True,True,Pendar-1,pSERS_Metrohm_silver,,,blank,strict_core,0.6429531713639488
outer,nato_outer_o4__train_strict_core__test_strict_core,4,siamese,deterministic_edge_triplet,derivative_1,triplet,2718,session3_row231,blank,ethanol,-0.1942485123872757,True,False,Mira-3,pSERS_Metrohm_silver,,,blank,strict_core,0.6126841414905961
outer,nato_outer_o4__train_strict_core__test_strict_core,4,siamese,deterministic_edge_triplet,derivative_1,triplet,2718,session3_row265,blank,blank,-0.2188776731491089,True,True,Agilent-1,pSERS_Metrohm_silver,,,blank,strict_core,0.5984830958703639
outer,nato_outer_o4__train_strict_core__test_strict_core,4,siamese,deterministic_edge_triplet,derivative_1,triplet,2718,session3_row279,4_ANPP,4_ANPP,-0.0942792370915412,True,True,Agilent-1,pSERS_Metrohm_silver,,,4_ANPP,strict_core,0.6681783321162925
outer,nato_outer_o4__train_strict_core__test_strict_core,4,siamese,deterministic_edge_triplet,derivative_1,triplet,2718,session3_row281,4_ANPP,4_ANPP,-0.4867062866687774,True,True,Pendar-1,pSERS_Metrohm_silver,,,4_ANPP,strict_core,0.43845120526253195
outer,nato_outer_o4__train_strict_core__test_strict_core,4,siamese,deterministic_edge_triplet,derivative_1,triplet,2718,session3_row284,4_ANPP,4_ANPP,-0.0580630004405975,True,True,Pendar-1,pSERS_Metrohm_silver,,,4_ANPP,strict_core,0.6872709824363993
outer,nato_outer_o4__train_strict_core__test_strict_core,4,siamese,deterministic_edge_triplet,derivative_1,triplet,2718,session3_row288,4_ANPP,4_ANPP,-0.1071764081716537,True,True,Agilent-1,pSERS_Metrohm_silver,,,4_ANPP,strict_core,0.6612390523190393
outer,nato_outer_o4__train_strict_core__test_strict_core,4,siamese,deterministic_edge_triplet,derivative_1,triplet,2718,session3_row290,4_ANPP,4_ANPP,-0.1461243778467178,True,True,Mira-3,pSERS_Metrohm_silver,,,4_ANPP,strict_core,0.639868060927431
outer,nato_outer_o4__train_strict_core__test_strict_core,4,siamese,deterministic_edge_triplet,derivative_1,triplet,2718,session3_row291,4_ANPP,4_ANPP,-0.1072499603033065,True,True,Agilent-1,pSERS_Metrohm_silver,,,4_ANPP,strict_core,0.6611992748227433
outer,nato_outer_o4__train_strict_core__test_strict_core,4,siamese,deterministic_edge_triplet,derivative_1,triplet,2718,session3_row292,4_ANPP,ethyl_paraoxon,-0.3054881691932678,True,False,Pendar-1,NRC_Canadian_SERS,,,4_ANPP,strict_core,0.5473703376917658
outer,nato_outer_o4__train_strict_core__test_strict_core,4,siamese,deterministic_edge_triplet,derivative_1,triplet,2718,session3_row293,blank,4_ANPP,-0.2515022754669189,True,False,Mira-3,pSERS_Metrohm_silver,,,blank,strict_core,0.5794181947169069
outer,nato_outer_o4__train_strict_core__test_strict_core,4,siamese,deterministic_edge_triplet,derivative_1,triplet,2718,session3_row303,blank,acetaminophen,-0.1508164256811142,True,False,Agilent-1,pSERS_Metrohm_silver,,,blank,strict_core,0.6372536346661895
outer,nato_outer_o4__train_strict_core__test_strict_core,4,siamese,deterministic_edge_triplet,derivative_1,triplet,2718,session3_row308,4_ANPP,acetaminophen,-0.0739987418055534,True,False,Agilent-1,NRC_Canadian_SERS,,,4_ANPP,strict_core,0.6789431353158524
outer,nato_outer_o4__train_strict_core__test_strict_core,4,siamese,deterministic_edge_triplet,derivative_1,triplet,2718,session3_row309,4_ANPP,4_ANPP,-0.0851715430617332,True,True,Agilent-1,pSERS_Metrohm_silver,,,4_ANPP,strict_core,0.6730352752926276
outer,nato_outer_o4__train_strict_core__test_strict_core,4,siamese,deterministic_edge_triplet,derivative_1,triplet,2718,session3_row316,4_ANPP,4_ANPP,-0.3222652375698089,True,True,Pendar-1,NRC_Canadian_SERS,,,4_ANPP,strict_core,0.5373174033867009
outer,nato_outer_o4__train_strict_core__test_strict_core,4,siamese,deterministic_edge_triplet,derivative_1,triplet,2718,session3_row318,blank,blank,-0.2712920904159546,True,True,Pendar-1,NRC_Canadian_SERS,,,blank,strict_core,0.5677331508219208
outer,nato_outer_o4__train_strict_core__test_strict_core,4,siamese,deterministic_edge_triplet,derivative_1,triplet,2718,session3_row319,blank,benzyl_fentanyl,-0.2529233396053314,True,False,Mira-3,NRC_Canadian_SERS,,,blank,strict_core,0.5785819139238375
outer,nato_outer_o4__train_strict_core__test_strict_core,4,siamese,deterministic_edge_triplet,derivative_1,triplet,2718,session3_row325,4_ANPP,4_ANPP,-0.2813449800014496,True,True,Mira-3,NRC_Canadian_SERS,,,4_ANPP,strict_core,0.561767495282956
outer,nato_outer_o4__train_strict_core__test_strict_core,4,siamese,deterministic_edge_triplet,derivative_1,triplet,2718,session3_row333,blank,acetaminophen,-0.025145610794425,True,False,Pendar-1,pSERS_Metrohm_silver,,,blank,strict_core,0.7040922463678031
outer,nato_outer_o4__train_strict_core__test_strict_core,4,siamese,deterministic_edge_triplet,derivative_1,triplet,2718,session3_row340,blank,blank,-0.1575793474912643,True,True,Mira-3,NRC_Canadian_SERS,,,blank,strict_core,0.633471017981762
outer,nato_outer_o4__train_strict_core__test_strict_core,4,siamese,deterministic_edge_triplet,derivative_1,triplet,2718,session3_row342,4_ANPP,4_ANPP,-0.3187466561794281,True,True,Mira-3,NRC_Canadian_SERS,,,4_ANPP,strict_core,0.5394285545272911
outer,nato_outer_o4__train_strict_core__test_strict_core,4,siamese,deterministic_edge_triplet,derivative_1,triplet,2718,session3_row348,4_ANPP,4_ANPP,-0.2179758101701736,True,True,Pendar-1,pSERS_Metrohm_silver,,,4_ANPP,strict_core,0.5990061912796881
outer,nato_outer_o4__train_strict_core__test_strict_core,4,siamese,deterministic_edge_triplet,derivative_1,triplet,2718,session3_row389,acetaminophen,blank,-0.1698431819677353,True,False,RMX-2,pSERS_Metrohm_silver,,,acetaminophen,strict_core,0.626569779362677
outer,nato_outer_o4__train_strict_core__test_strict_core,4,siamese,deterministic_edge_triplet,derivative_1,triplet,2718,session3_row395,benzyl_fentanyl,benzyl_fentanyl,-0.0345720797777175,True,True,Pendar-3,pSERS_Metrohm_silver,,,benzyl_fentanyl,strict_core,0.6993288592379657
outer,nato_outer_o4__train_strict_core__test_strict_core,4,siamese,deterministic_edge_triplet,derivative_1,triplet,2718,session3_row396,benzyl_fentanyl,benzyl_fentanyl,-0.0074374852702021,True,True,RMX-2,pSERS_Metrohm_silver,,,benzyl_fentanyl,strict_core,0.7129209707672244
outer,nato_outer_o4__train_strict_core__test_strict_core,4,siamese,deterministic_edge_triplet,derivative_1,triplet,2718,session3_row402,acetaminophen,acetaminophen,-0.3068516850471496,True,True,Mira-1,pSERS_Metrohm_silver,,,acetaminophen,strict_core,0.546554639104834
outer,nato_outer_o4__train_strict_core__test_strict_core,4,siamese,deterministic_edge_triplet,derivative_1,triplet,2718,session3_row405,acetaminophen,blank,-0.1529810428619384,True,False,Agilent-3,pSERS_Metrohm_silver,,,acetaminophen,strict_core,0.6360447495406016
outer,nato_outer_o4__train_strict_core__test_strict_core,4,siamese,deterministic_edge_triplet,derivative_1,triplet,2718,session3_row409,benzyl_fentanyl,benzyl_fentanyl,-0.0311726201325655,True,True,Mira-1,pSERS_Metrohm_silver,,,benzyl_fentanyl,strict_core,0.7010517140539878
outer,nato_outer_o4__train_strict_core__test_strict_core,4,siamese,deterministic_edge_triplet,derivative_1,triplet,2718,session3_row410,benzyl_fentanyl,benzyl_fentanyl,-0.1423668265342712,True,True,Agilent-3,pSERS_Metrohm_silver,,,benzyl_fentanyl,strict_core,0.6419558241192308
outer,nato_outer_o4__train_strict_core__test_strict_core,4,siamese,deterministic_edge_triplet,derivative_1,triplet,2718,session3_row417,benzyl_fentanyl,benzyl_fentanyl,-0.1174593418836593,True,True,Mira-1,pSERS_Metrohm_silver,,,benzyl_fentanyl,strict_core,0.655656069682113
outer,nato_outer_o4__train_strict_core__test_strict_core,4,siamese,deterministic_edge_triplet,derivative_1,triplet,2718,session3_row418,benzyl_fentanyl,benzyl_fentanyl,-0.198548674583435,True,True,Agilent-3,pSERS_Metrohm_silver,,,benzyl_fentanyl,strict_core,0.6102177096708513
outer,nato_outer_o4__train_strict_core__test_strict_core,4,siamese,deterministic_edge_triplet,derivative_1,triplet,2718,session3_row421,benzyl_fentanyl,benzyl_fentanyl,-0.1495392620563507,True,True,Pendar-3,pSERS_Metrohm_silver,,,benzyl_fentanyl,strict_core,0.6379660868872852
outer,nato_outer_o4__train_strict_core__test_strict_core,4,siamese,deterministic_edge_triplet,derivative_1,triplet,2718,session3_row422,benzyl_fentanyl,benzyl_fentanyl,-0.1503646373748779,True,True,RMX-2,pSERS_Metrohm_silver,,,benzyl_fentanyl,strict_core,0.6375057290874302
outer,nato_outer_o4__train_strict_core__test_strict_core,4,siamese,deterministic_edge_triplet,derivative_1,triplet,2718,session3_row455,acetaminophen,acetaminophen,-0.3079599738121032,True,True,Pendar-3,pSERS_Metrohm_silver,,,acetaminophen,strict_core,0.5458914410659679
outer,nato_outer_o4__train_strict_core__test_strict_core,4,siamese,deterministic_edge_triplet,derivative_1,triplet,2718,session3_row456,acetaminophen,acetaminophen,-0.3077235817909241,True,True,RMX-2,pSERS_Metrohm_silver,,,acetaminophen,strict_core,0.5460329113786128
outer,nato_outer_o4__train_strict_core__test_strict_core,4,siamese,deterministic_edge_triplet,derivative_1,triplet,2718,session3_row467,acetaminophen,acetaminophen,-0.1694709658622741,True,True,Mira-1,pSERS_Metrohm_silver,,,acetaminophen,strict_core,0.6267800131707855
outer,nato_outer_o4__train_strict_core__test_strict_core,4,siamese,deterministic_edge_triplet,derivative_1,triplet,2718,session3_row468,acetaminophen,acetaminophen,-0.1627759337425232,True,True,Agilent-3,pSERS_Metrohm_silver,,,acetaminophen,strict_core,0.6305532332331627
outer,nato_outer_o4__train_strict_core__test_strict_core,4,siamese,deterministic_edge_triplet,derivative_1,triplet,3141,session1_row52,blank,benzyl_fentanyl,-0.377136081457138,True,False,Mira-3,pSERS_Metrohm_silver,,,blank,strict_core,0.5858633874038122
outer,nato_outer_o4__train_strict_core__test_strict_core,4,siamese,deterministic_edge_triplet,derivative_1,triplet,3141,session1_row60,blank,blank,-0.0476449579000473,True,True,Pendar-2,pSERS_Metrohm_silver,,,blank,strict_core,0.8139884712501799
outer,nato_outer_o4__train_strict_core__test_strict_core,4,siamese,deterministic_edge_triplet,derivative_1,triplet,3141,session1_row110,acetaminophen,blank,-0.3442427217960357,True,False,Pendar-3,H_SERS_H_Kit,,,acetaminophen,strict_core,0.6129250546363069
outer,nato_outer_o4__train_strict_core__test_strict_core,4,siamese,deterministic_edge_triplet,derivative_1,triplet,3141,session1_row114,acetaminophen,ethanol,-0.3393213152885437,True,False,Pendar-3,NRC_Canadian_SERS,,,acetaminophen,strict_core,0.6169189818243862
outer,nato_outer_o4__train_strict_core__test_strict_core,4,siamese,deterministic_edge_triplet,derivative_1,triplet,3141,session1_row124,benzyl_fentanyl,4_ANPP,-0.3319132030010223,True,False,Pendar-3,NRC_Canadian_SERS,,,benzyl_fentanyl,strict_core,0.6229011817417515
outer,nato_outer_o4__train_strict_core__test_strict_core,4,siamese,deterministic_edge_triplet,derivative_1,triplet,3141,session1_row129,benzyl_fentanyl,benzyl_fentanyl,-0.252416729927063,True,True,Pendar-3,pSERS_Metrohm_silver,,,benzyl_fentanyl,strict_core,0.6844577887656013
outer,nato_outer_o4__train_strict_core__test_strict_core,4,siamese,deterministic_edge_triplet,derivative_1,triplet,3141,session1_row133,benzyl_fentanyl,benzyl_fentanyl,-0.0959435179829597,True,True,RMX-2,pSERS_Metrohm_silver,,,benzyl_fentanyl,strict_core,0.7876146357073309
outer,nato_outer_o4__train_strict_core__test_strict_core,4,siamese,deterministic_edge_triplet,derivative_1,triplet,3141,session1_row134,benzyl_fentanyl,4_ANPP,-0.0715488642454147,True,False,RMX-2,NRC_Canadian_SERS,,,benzyl_fentanyl,strict_core,0.801263973622633
outer,nato_outer_o4__train_strict_core__test_strict_core,4,siamese,deterministic_edge_triplet,derivative_1,triplet,3141,session1_row137,benzyl_fentanyl,benzyl_fentanyl,-0.182227686047554,True,True,Pendar-3,pSERS_Metrohm_silver,,,benzyl_fentanyl,strict_core,0.7339759536025194
outer,nato_outer_o4__train_strict_core__test_strict_core,4,siamese,deterministic_edge_triplet,derivative_1,triplet,3141,session1_row139,benzyl_fentanyl,benzyl_fentanyl,-0.2868741452693939,True,True,Pendar-3,NRC_Canadian_SERS,,,benzyl_fentanyl,strict_core,0.6584153652284688
outer,nato_outer_o4__train_strict_core__test_strict_core,4,siamese,deterministic_edge_triplet,derivative_1,triplet,3141,session1_row140,benzyl_fentanyl,benzyl_fentanyl,-0.0866390168666839,True,True,RMX-2,pSERS_Metrohm_silver,,,benzyl_fentanyl,strict_core,0.792900001956959
outer,nato_outer_o4__train_strict_core__test_strict_core,4,siamese,deterministic_edge_triplet,derivative_1,triplet,3141,session1_row141,benzyl_fentanyl,4_ANPP,-0.3347092270851135,True,False,RMX-2,NRC_Canadian_SERS,,,benzyl_fentanyl,strict_core,0.6206476232188654
outer,nato_outer_o4__train_strict_core__test_strict_core,4,siamese,deterministic_edge_triplet,derivative_1,triplet,3141,session1_row179,4_nitrophenol,ethanol,-0.1298218667507171,True,False,Pendar-2,H_SERS_H_Kit,,,4_nitrophenol,strict_core,0.7675444102308997
outer,nato_outer_o4__train_strict_core__test_strict_core,4,siamese,deterministic_edge_triplet,derivative_1,triplet,3141,session1_row183,ethyl_paraoxon,ethanol,-0.2430682182312011,True,False,Pendar-2,H_SERS_H_Kit,,,ethyl_paraoxon,strict_core,0.6913363201828875
outer,nato_outer_o4__train_strict_core__test_strict_core,4,siamese,deterministic_edge_triplet,derivative_1,triplet,3141,session1_row190,4_nitrophenol,4_nitrophenol,-0.1023150384426117,True,True,Pendar-2,H_SERS_H_Kit,,,4_nitrophenol,strict_core,0.7839388900417325
outer,nato_outer_o4__train_strict_core__test_strict_core,4,siamese,deterministic_edge_triplet,derivative_1,triplet,3141,session1_row200,ethyl_paraoxon,ethanol,-0.2965869307518005,True,False,Pendar-2,H_SERS_H_Kit,,,ethyl_paraoxon,strict_core,0.650889729936616
outer,nato_outer_o4__train_strict_core__test_strict_core,4,siamese,deterministic_edge_triplet,derivative_1,triplet,3141,session1_row212,ethanol,ethanol,-0.1904542297124862,True,True,Pendar-2,H_SERS_H_Kit,,,ethanol,strict_core,0.7284346648854332
outer,nato_outer_o4__train_strict_core__test_strict_core,4,siamese,deterministic_edge_triplet,derivative_1,triplet,3141,session1_row225,4_nitrophenol,ethanol,-0.1473720818758011,True,False,Mira-2,H_SERS_H_Kit,,,4_nitrophenol,strict_core,0.7566404618743083
outer,nato_outer_o4__train_strict_core__test_strict_core,4,siamese,deterministic_edge_triplet,derivative_1,triplet,3141,session1_row229,ethyl_paraoxon,ethyl_paraoxon,-0.1001785993576049,True,True,Mira-2,H_SERS_H_Kit,,,ethyl_paraoxon,strict_core,0.7851765193127985
outer,nato_outer_o4__train_strict_core__test_strict_core,4,siamese,deterministic_edge_triplet,derivative_1,triplet,3141,session1_row236,ethanol,ethanol,-0.2177904695272445,True,True,Mira-2,H_SERS_H_Kit,,,ethanol,strict_core,0.7095103609185764
outer,nato_outer_o4__train_strict_core__test_strict_core,4,siamese,deterministic_edge_triplet,derivative_1,triplet,3141,session1_row241,4_nitrophenol,4_nitrophenol,-0.0531769394874572,True,True,Agilent-3,H_SERS_H_Kit,,,4_nitrophenol,strict_core,0.8111006918559687
outer,nato_outer_o4__train_strict_core__test_strict_core,4,siamese,deterministic_edge_triplet,derivative_1,triplet,3141,session1_row250,4_nitrophenol,4_nitrophenol,-0.2389524579048156,True,True,RMX-1,H_SERS_H_Kit,,,4_nitrophenol,strict_core,0.6943381937648021
outer,nato_outer_o4__train_strict_core__test_strict_core,4,siamese,deterministic_edge_triplet,derivative_1,triplet,3141,session1_row254,4_nitrophenol,4_nitrophenol,-0.0493914000689983,True,True,Mira-2,H_SERS_H_Kit,,,4_nitrophenol,strict_core,0.8130804977981186
outer,nato_outer_o4__train_strict_core__test_strict_core,4,siamese,deterministic_edge_triplet,derivative_1,triplet,3141,session1_row258,4_nitrophenol,4_nitrophenol,-0.3160122632980346,True,True,Pendar-2,H_SERS_H_Kit,,,4_nitrophenol,strict_core,0.6356138424904931
outer,nato_outer_o4__train_strict_core__test_strict_core,4,siamese,deterministic_edge_triplet,derivative_1,triplet,3141,session2_row45,blank,acetaminophen,-0.2516752183437347,True,False,Pendar-3,pSERS_Metrohm_silver,,,blank,strict_core,0.6850063984362725
outer,nato_outer_o4__train_strict_core__test_strict_core,4,siamese,deterministic_edge_triplet,derivative_1,triplet,3141,session2_row46,blank,blank,-0.1496841311454773,True,True,Mira-3,pSERS_Metrohm_silver,,,blank,strict_core,0.7551784126957714
outer,nato_outer_o4__train_strict_core__test_strict_core,4,siamese,deterministic_edge_triplet,derivative_1,triplet,3141,session2_row67,blank,ethyl_paraoxon,-0.2906985580921173,True,False,Pendar-3,pSERS_Metrohm_silver,,,blank,strict_core,0.6554614048002194
outer,nato_outer_o4__train_strict_core__test_strict_core,4,siamese,deterministic_edge_triplet,derivative_1,triplet,3141,session2_row92,4_ANPP,4_ANPP,-0.198416382074356,True,True,Pendar-3,pSERS_Metrohm_silver,,,4_ANPP,strict_core,0.7230030478532092
outer,nato_outer_o4__train_strict_core__test_strict_core,4,siamese,deterministic_edge_triplet,derivative_1,triplet,3141,session2_row93,4_ANPP,4_ANPP,-0.0918324515223503,True,True,Mira-3,pSERS_Metrohm_silver,,,4_ANPP,strict_core,0.7899619675429425
outer,nato_outer_o4__train_strict_core__test_strict_core,4,siamese,deterministic_edge_triplet,derivative_1,triplet,3141,session2_row94,4_ANPP,4_ANPP,-0.0826594084501266,True,True,Pendar-3,pSERS_Metrohm_silver,,,4_ANPP,strict_core,0.7951307257589332
outer,nato_outer_o4__train_strict_core__test_strict_core,4,siamese,deterministic_edge_triplet,derivative_1,triplet,3141,session2_row95,4_ANPP,4_ANPP,-0.112514354288578,True,True,Mira-3,pSERS_Metrohm_silver,,,4_ANPP,strict_core,0.7779594246291215
outer,nato_outer_o4__train_strict_core__test_strict_core,4,siamese,deterministic_edge_triplet,derivative_1,triplet,3141,session2_row103,blank,blank,-0.3058476448059082,True,True,Pendar-3,pSERS_Metrohm_silver,,,blank,strict_core,0.6436435703053917
outer,nato_outer_o4__train_strict_core__test_strict_core,4,siamese,deterministic_edge_triplet,derivative_1,triplet,3141,session2_row104,blank,blank,-0.170238122344017,True,True,Mira-3,pSERS_Metrohm_silver,,,blank,strict_core,0.7419217096652013
outer,nato_outer_o4__train_strict_core__test_strict_core,4,siamese,deterministic_edge_triplet,derivative_1,triplet,3141,session2_row114,blank,blank,-0.1490895599126815,True,True,Agilent-3,pSERS_Metrohm_silver,,,blank,strict_core,0.7555549624815455
outer,nato_outer_o4__train_strict_core__test_strict_core,4,siamese,deterministic_edge_triplet,derivative_1,triplet,3141,session2_row121,4_ANPP,4_ANPP,-0.240605816245079,True,True,Agilent-3,pSERS_Metrohm_silver,,,4_ANPP,strict_core,0.6931342624084246
outer,nato_outer_o4__train_strict_core__test_strict_core,4,siamese,deterministic_edge_triplet,derivative_1,triplet,3141,session2_row122,4_ANPP,4_ANPP,-0.1805064976215362,True,True,Agilent-3,pSERS_Metrohm_silver,,,4_ANPP,strict_core,0.7351261606853444
outer,nato_outer_o4__train_strict_core__test_strict_core,4,siamese,deterministic_edge_triplet,derivative_1,triplet,3141,session2_row124,blank,blank,-0.0992761552333831,True,True,Agilent-3,pSERS_Metrohm_silver,,,blank,strict_core,0.7856977515822086
outer,nato_outer_o4__train_strict_core__test_strict_core,4,siamese,deterministic_edge_triplet,derivative_1,triplet,3141,session2_row138,acetaminophen,blank,-0.2717528343200683,True,False,Pendar-2,pSERS_Metrohm_silver,,,acetaminophen,strict_core,0.6699734421261279
outer,nato_outer_o4__train_strict_core__test_strict_core,4,siamese,deterministic_edge_triplet,derivative_1,triplet,3141,session2_row139,acetaminophen,acetaminophen,-0.2248469293117523,True,True,Pendar-2,pSERS_Metrohm_silver,,,acetaminophen,strict_core,0.7045007241682318
outer,nato_outer_o4__train_strict_core__test_strict_core,4,siamese,deterministic_edge_triplet,derivative_1,triplet,3141,session2_row155,acetaminophen,blank,-0.2482821643352508,True,False,RMX-2,pSERS_Metrohm_silver,,,acetaminophen,strict_core,0.6875101663146616
outer,nato_outer_o4__train_strict_core__test_strict_core,4,siamese,deterministic_edge_triplet,derivative_1,triplet,3141,session2_row159,benzyl_fentanyl,benzyl_fentanyl,-0.1441889405250549,True,True,Pendar-2,pSERS_Metrohm_silver,,,benzyl_fentanyl,strict_core,0.7586436442102626
outer,nato_outer_o4__train_strict_core__test_strict_core,4,siamese,deterministic_edge_triplet,derivative_1,triplet,3141,session2_row173,benzyl_fentanyl,benzyl_fentanyl,-0.0368065387010574,True,True,Pendar-2,pSERS_Metrohm_silver,,,benzyl_fentanyl,strict_core,0.81954730676457
outer,nato_outer_o4__train_strict_core__test_strict_core,4,siamese,deterministic_edge_triplet,derivative_1,triplet,3141,session2_row179,benzyl_fentanyl,benzyl_fentanyl,-0.3351980149745941,True,True,RMX-2,pSERS_Metrohm_silver,,,benzyl_fentanyl,strict_core,0.6202531285124818
outer,nato_outer_o4__train_strict_core__test_strict_core,4,siamese,deterministic_edge_triplet,derivative_1,triplet,3141,session2_row181,benzyl_fentanyl,benzyl_fentanyl,-0.0239478293806314,True,True,RMX-2,pSERS_Metrohm_silver,,,benzyl_fentanyl,strict_core,0.8259732571027552
outer,nato_outer_o4__train_strict_core__test_strict_core,4,siamese,deterministic_edge_triplet,derivative_1,triplet,3141,session2_row187,acetaminophen,benzyl_fentanyl,-0.3747456073760986,True,False,Pendar-2,pSERS_Metrohm_silver,,,acetaminophen,strict_core,0.5878497629134817
outer,nato_outer_o4__train_strict_core__test_strict_core,4,siamese,deterministic_edge_triplet,derivative_1,triplet,3141,session2_row188,acetaminophen,acetaminophen,-0.2966652810573578,True,True,Pendar-2,pSERS_Metrohm_silver,,,acetaminophen,strict_core,0.6508287097561103
outer,nato_outer_o4__train_strict_core__test_strict_core,4,siamese,deterministic_edge_triplet,derivative_1,triplet,3141,session2_row189,acetaminophen,blank,-0.2078380733728408,True,False,Pendar-2,pSERS_Metrohm_silver,,,acetaminophen,strict_core,0.7164899178309253
outer,nato_outer_o4__train_strict_core__test_strict_core,4,siamese,deterministic_edge_triplet,derivative_1,triplet,3141,session2_row205,acetaminophen,acetaminophen,-0.1354949623346328,True,True,RMX-2,pSERS_Metrohm_silver,,,acetaminophen,strict_core,0.7640573451032483
outer,nato_outer_o4__train_strict_core__test_strict_core,4,siamese,deterministic_edge_triplet,derivative_1,triplet,3141,session2_row233,benzyl_fentanyl,benzyl_fentanyl,-0.2851863205432892,True,True,RMX-2,pSERS_Metrohm_silver,,,benzyl_fentanyl,strict_core,0.6597151510134471
outer,nato_outer_o4__train_strict_core__test_strict_core,4,siamese,deterministic_edge_triplet,derivative_1,triplet,3141,session2_row251,benzyl_fentanyl,benzyl_fentanyl,-0.0167712029069662,True,True,Pendar-2,pSERS_Metrohm_silver,,,benzyl_fentanyl,strict_core,0.8294804335584878
outer,nato_outer_o4__train_strict_core__test_strict_core,4,siamese,deterministic_edge_triplet,derivative_1,triplet,3141,session2_row254,benzyl_fentanyl,benzyl_fentanyl,-0.1833449602127075,True,True,RMX-2,pSERS_Metrohm_silver,,,benzyl_fentanyl,strict_core,0.7332276180453958
outer,nato_outer_o4__train_strict_core__test_strict_core,4,siamese,deterministic_edge_triplet,derivative_1,triplet,3141,session2_row257,4_ANPP,4_ANPP,-0.2125357091426849,True,True,RMX-2,pSERS_Metrohm_silver,,,4_ANPP,strict_core,0.713208133471015
outer,nato_outer_o4__train_strict_core__test_strict_core,4,siamese,deterministic_edge_triplet,derivative_1,triplet,3141,session2_row263,4_ANPP,4_ANPP,-0.1733992397785186,True,True,Pendar-2,pSERS_Metrohm_silver,,,4_ANPP,strict_core,0.7398418652815578
outer,nato_outer_o4__train_strict_core__test_strict_core,4,siamese,deterministic_edge_triplet,derivative_1,triplet,3141,session2_row270,benzyl_fentanyl,benzyl_fentanyl,-0.0429887548089027,True,True,Pendar-2,pSERS_Metrohm_silver,,,benzyl_fentanyl,strict_core,0.8163925869692319
outer,nato_outer_o4__train_strict_core__test_strict_core,4,siamese,deterministic_edge_triplet,derivative_1,triplet,3141,session2_row289,4_nitrophenol,ethyl_paraoxon,-0.168967455625534,True,False,RMX-1,H_SERS_H_Kit,,,4_nitrophenol,strict_core,0.7427546777664388
outer,nato_outer_o4__train_strict_core__test_strict_core,4,siamese,deterministic_edge_triplet,derivative_1,triplet,3141,session2_row296,4_nitrophenol,ethanol,-0.1862966269254684,True,False,Agilent-3,H_SERS_H_Kit,,,4_nitrophenol,strict_core,0.7312441997943291
outer,nato_outer_o4__train_strict_core__test_strict_core,4,siamese,deterministic_edge_triplet,derivative_1,triplet,3141,session2_row297,4_nitrophenol,ethyl_paraoxon,-0.1737898588180542,True,False,Mira-2,H_SERS_H_Kit,,,4_nitrophenol,strict_core,0.7395841060192936
outer,nato_outer_o4__train_strict_core__test_strict_core,4,siamese,deterministic_edge_triplet,derivative_1,triplet,3141,session2_row306,4_nitrophenol,4_nitrophenol,-0.4307482242584228,True,True,RMX-1,NRC_Canadian_SERS,,,4_nitrophenol,strict_core,0.5406969649157689
outer,nato_outer_o4__train_strict_core__test_strict_core,4,siamese,deterministic_edge_triplet,derivative_1,triplet,3141,session2_row316,4_nitrophenol,ethanol,-0.3540054857730865,True,False,Mira-2,NRC_Canadian_SERS,,,4_nitrophenol,strict_core,0.6049575236737492
outer,nato_outer_o4__train_strict_core__test_strict_core,4,siamese,deterministic_edge_triplet,derivative_1,triplet,3141,session2_row337,ethyl_paraoxon,ethyl_paraoxon,-0.0769348293542862,True,True,RMX-1,H_SERS_H_Kit,,,ethyl_paraoxon,strict_core,0.7983082053882116
outer,nato_outer_o4__train_strict_core__test_strict_core,4,siamese,deterministic_edge_triplet,derivative_1,triplet,3141,session2_row341,ethyl_paraoxon,ethanol,-0.2810069322586059,True,False,Mira-2,H_SERS_H_Kit,,,ethyl_paraoxon,strict_core,0.6629233191911694
outer,nato_outer_o4__train_strict_core__test_strict_core,4,siamese,deterministic_edge_triplet,derivative_1,triplet,3141,session2_row342,ethyl_paraoxon,ethyl_paraoxon,-0.1670798361301422,True,True,Agilent-3,H_SERS_H_Kit,,,ethyl_paraoxon,strict_core,0.7439888320958555
outer,nato_outer_o4__train_strict_core__test_strict_core,4,siamese,deterministic_edge_triplet,derivative_1,triplet,3141,session2_row348,ethyl_paraoxon,ethyl_paraoxon,-0.3335433602333069,True,True,RMX-1,NRC_Canadian_SERS,,,ethyl_paraoxon,strict_core,0.6215879355399574
outer,nato_outer_o4__train_strict_core__test_strict_core,4,siamese,deterministic_edge_triplet,derivative_1,triplet,3141,session2_row350,ethyl_paraoxon,ethanol,-0.1949356794357299,True,False,Mira-2,NRC_Canadian_SERS,,,ethyl_paraoxon,strict_core,0.7253857417946079
outer,nato_outer_o4__train_strict_core__test_strict_core,4,siamese,deterministic_edge_triplet,derivative_1,triplet,3141,session2_row351,ethyl_paraoxon,ethyl_paraoxon,-0.3459713160991668,True,True,Mira-2,NRC_Canadian_SERS,,,ethyl_paraoxon,strict_core,0.6115185860427946
outer,nato_outer_o4__train_strict_core__test_strict_core,4,siamese,deterministic_edge_triplet,derivative_1,triplet,3141,session2_row359,ethyl_paraoxon,blank,-0.2788908183574676,True,False,Pendar-3,NRC_Canadian_SERS,,,ethyl_paraoxon,strict_core,0.6645420008394837
outer,nato_outer_o4__train_strict_core__test_strict_core,4,siamese,deterministic_edge_triplet,derivative_1,triplet,3141,session2_row362,ethyl_paraoxon,ethyl_paraoxon,-0.2806623578071594,True,True,Pendar-3,NRC_Canadian_SERS,,,ethyl_paraoxon,strict_core,0.6631871567569866
outer,nato_outer_o4__train_strict_core__test_strict_core,4,siamese,deterministic_edge_triplet,derivative_1,triplet,3141,session2_row374,ethanol,acetaminophen,-0.3209806978702545,True,False,RMX-1,H_SERS_H_Kit,,,ethanol,strict_core,0.6316609638721616
outer,nato_outer_o4__train_strict_core__test_strict_core,4,siamese,deterministic_edge_triplet,derivative_1,triplet,3141,session2_row375,ethanol,acetaminophen,-0.1820123046636581,True,False,Pendar-3,H_SERS_H_Kit,,,ethanol,strict_core,0.7341200592574794
outer,nato_outer_o4__train_strict_core__test_strict_core,4,siamese,deterministic_edge_triplet,derivative_1,triplet,3141,session2_row381,ethanol,ethanol,-0.140434056520462,True,True,Mira-2,H_SERS_H_Kit,,,ethanol,strict_core,0.7609921364984578
outer,nato_outer_o4__train_strict_core__test_strict_core,4,siamese,deterministic_edge_triplet,derivative_1,triplet,3141,session2_row386,ethanol,acetaminophen,-0.3430579006671905,True,False,Pendar-3,NRC_Canadian_SERS,,,ethanol,strict_core,0.6138879978651584
outer,nato_outer_o4__train_strict_core__test_strict_core,4,siamese,deterministic_edge_triplet,derivative_1,triplet,3141,session2_row390,ethanol,ethanol,-0.4470159113407135,True,True,RMX-1,NRC_Canadian_SERS,,,ethanol,strict_core,0.5268230825153886
outer,nato_outer_o4__train_strict_core__test_strict_core,4,siamese,deterministic_edge_triplet,derivative_1,triplet,3141,session2_row391,ethanol,ethyl_paraoxon,-0.2262823432683944,True,False,Mira-2,NRC_Canadian_SERS,,,ethanol,strict_core,0.7034755528501812
outer,nato_outer_o4__train_strict_core__test_strict_core,4,siamese,deterministic_edge_triplet,derivative_1,triplet,3141,session3_row5,4_nitrophenol,ethyl_paraoxon,-0.2175035774707794,True,False,Pendar-2,H_SERS_H_Kit,,,4_nitrophenol,strict_core,0.7097129721782017
outer,nato_outer_o4__train_strict_core__test_strict_core,4,siamese,deterministic_edge_triplet,derivative_1,triplet,3141,session3_row13,ethyl_paraoxon,ethanol,-0.1385427415370941,True,False,Pendar-2,H_SERS_H_Kit,,,ethyl_paraoxon,strict_core,0.762169107497026
outer,nato_outer_o4__train_strict_core__test_strict_core,4,siamese,deterministic_edge_triplet,derivative_1,triplet,3141,session3_row31,4_nitrophenol,ethyl_paraoxon,-0.1762524098157882,True,False,RMX-1,H_SERS_H_Kit,,,4_nitrophenol,strict_core,0.73795532796666
outer,nato_outer_o4__train_strict_core__test_strict_core,4,siamese,deterministic_edge_triplet,derivative_1,triplet,3141,session3_row33,4_nitrophenol,ethyl_paraoxon,-0.2558132112026214,True,False,Mira-2,H_SERS_H_Kit,,,4_nitrophenol,strict_core,0.6819383308000004
outer,nato_outer_o4__train_strict_core__test_strict_core,4,siamese,deterministic_edge_triplet,derivative_1,triplet,3141,session3_row59,ethanol,acetaminophen,-0.1715489625930786,True,False,Pendar-2,H_SERS_H_Kit,,,ethanol,strict_core,0.7410605652016261
outer,nato_outer_o4__train_strict_core__test_strict_core,4,siamese,deterministic_edge_triplet,derivative_1,triplet,3141,session3_row69,4_nitrophenol,ethyl_paraoxon,-0.1548843830823898,True,False,Pendar-2,H_SERS_H_Kit,,,4_nitrophenol,strict_core,0.7518683447235956
outer,nato_outer_o4__train_strict_core__test_strict_core,4,siamese,deterministic_edge_triplet,derivative_1,triplet,3141,session3_row70,4_nitrophenol,ethyl_paraoxon,-0.2926213443279266,True,False,Pendar-2,H_SERS_H_Kit,,,4_nitrophenol,strict_core,0.6539716844905398
outer,nato_outer_o4__train_strict_core__test_strict_core,4,siamese,deterministic_edge_triplet,derivative_1,triplet,3141,session3_row86,ethanol,acetaminophen,-0.2500797510147095,True,False,Pendar-2,H_SERS_H_Kit,,,ethanol,strict_core,0.6861850602902008
outer,nato_outer_o4__train_strict_core__test_strict_core,4,siamese,deterministic_edge_triplet,derivative_1,triplet,3141,session3_row98,4_nitrophenol,ethyl_paraoxon,-0.0518611520528793,True,False,RMX-1,H_SERS_H_Kit,,,4_nitrophenol,strict_core,0.8117906558728624
outer,nato_outer_o4__train_strict_core__test_strict_core,4,siamese,deterministic_edge_triplet,derivative_1,triplet,3141,session3_row99,4_nitrophenol,ethyl_paraoxon,-0.124900184571743,True,False,Mira-2,H_SERS_H_Kit,,,4_nitrophenol,strict_core,0.7705403733543326
outer,nato_outer_o4__train_strict_core__test_strict_core,4,siamese,deterministic_edge_triplet,derivative_1,triplet,3141,session3_row130,ethyl_paraoxon,ethyl_paraoxon,-0.2925457060337066,True,True,Mira-2,H_SERS_H_Kit,,,ethyl_paraoxon,strict_core,0.6540303442297565
outer,nato_outer_o4__train_strict_core__test_strict_core,4,siamese,deterministic_edge_triplet,derivative_1,triplet,3141,session3_row139,ethanol,ethyl_paraoxon,-0.1673828512430191,True,False,Mira-2,H_SERS_H_Kit,,,ethanol,strict_core,0.7437909781162461
outer,nato_outer_o4__train_strict_core__test_strict_core,4,siamese,deterministic_edge_triplet,derivative_1,triplet,3141,session3_row164,ethanol,ethanol,-0.0724154487252235,True,True,Mira-2,H_SERS_H_Kit,,,ethanol,strict_core,0.8007906079931865
outer,nato_outer_o4__train_strict_core__test_strict_core,4,siamese,deterministic_edge_triplet,derivative_1,triplet,3141,session3_row165,ethanol,ethanol,-0.0481924712657928,True,True,Mira-2,H_SERS_H_Kit,,,ethanol,strict_core,0.8137041863286564
outer,nato_outer_o4__train_strict_core__test_strict_core,4,siamese,deterministic_edge_triplet,derivative_1,triplet,3141,session3_row223,blank,blank,-0.2345595061779022,True,True,Pendar-1,pSERS_Metrohm_silver,,,blank,strict_core,0.6975241278712723
outer,nato_outer_o4__train_strict_core__test_strict_core,4,siamese,deterministic_edge_triplet,derivative_1,triplet,3141,session3_row231,blank,blank,-0.2864522635936737,True,True,Mira-3,pSERS_Metrohm_silver,,,blank,strict_core,0.6587404783976595
outer,nato_outer_o4__train_strict_core__test_strict_core,4,siamese,deterministic_edge_triplet,derivative_1,triplet,3141,session3_row265,blank,blank,-0.2369235605001449,True,True,Agilent-1,pSERS_Metrohm_silver,,,blank,strict_core,0.6958119621736614
outer,nato_outer_o4__train_strict_core__test_strict_core,4,siamese,deterministic_edge_triplet,derivative_1,triplet,3141,session3_row279,4_ANPP,4_ANPP,-0.0266121290624141,True,True,Agilent-1,pSERS_Metrohm_silver,,,4_ANPP,strict_core,0.8246568148968371
outer,nato_outer_o4__train_strict_core__test_strict_core,4,siamese,deterministic_edge_triplet,derivative_1,triplet,3141,session3_row281,4_ANPP,ethanol,-0.2847970724105835,True,False,Pendar-1,pSERS_Metrohm_silver,,,4_ANPP,strict_core,0.6600145691996284
outer,nato_outer_o4__train_strict_core__test_strict_core,4,siamese,deterministic_edge_triplet,derivative_1,triplet,3141,session3_row284,4_ANPP,4_ANPP,-0.0370424762368202,True,True,Pendar-1,pSERS_Metrohm_silver,,,4_ANPP,strict_core,0.8194276900696453
outer,nato_outer_o4__train_strict_core__test_strict_core,4,siamese,deterministic_edge_triplet,derivative_1,triplet,3141,session3_row288,4_ANPP,4_ANPP,-0.0715950578451156,True,True,Agilent-1,pSERS_Metrohm_silver,,,4_ANPP,strict_core,0.8012387620525094
outer,nato_outer_o4__train_strict_core__test_strict_core,4,siamese,deterministic_edge_triplet,derivative_1,triplet,3141,session3_row290,4_ANPP,4_ANPP,-0.0898467674851417,True,True,Mira-3,pSERS_Metrohm_silver,,,4_ANPP,strict_core,0.791088909622887
outer,nato_outer_o4__train_strict_core__test_strict_core,4,siamese,deterministic_edge_triplet,derivative_1,triplet,3141,session3_row291,4_ANPP,4_ANPP,-0.047621589154005,True,True,Agilent-1,pSERS_Metrohm_silver,,,4_ANPP,strict_core,0.8140005975348261
outer,nato_outer_o4__train_strict_core__test_strict_core,4,siamese,deterministic_edge_triplet,derivative_1,triplet,3141,session3_row292,4_ANPP,ethanol,-0.1655506789684295,True,False,Pendar-1,NRC_Canadian_SERS,,,4_ANPP,strict_core,0.744985766621963
outer,nato_outer_o4__train_strict_core__test_strict_core,4,siamese,deterministic_edge_triplet,derivative_1,triplet,3141,session3_row293,blank,4_ANPP,-0.4928265810012817,True,False,Mira-3,pSERS_Metrohm_silver,,,blank,strict_core,0.48760030398371135
outer,nato_outer_o4__train_strict_core__test_strict_core,4,siamese,deterministic_edge_triplet,derivative_1,triplet,3141,session3_row303,blank,acetaminophen,-0.118339829146862,True,False,Agilent-1,pSERS_Metrohm_silver,,,blank,strict_core,0.7744915121911957
outer,nato_outer_o4__train_strict_core__test_strict_core,4,siamese,deterministic_edge_triplet,derivative_1,triplet,3141,session3_row308,4_ANPP,4_ANPP,-0.3054851293563843,True,True,Agilent-1,NRC_Canadian_SERS,,,4_ANPP,strict_core,0.6439284911040748
outer,nato_outer_o4__train_strict_core__test_strict_core,4,siamese,deterministic_edge_triplet,derivative_1,triplet,3141,session3_row309,4_ANPP,4_ANPP,-0.0868361592292785,True,True,Agilent-1,pSERS_Metrohm_silver,,,4_ANPP,strict_core,0.7927890309404448
outer,nato_outer_o4__train_strict_core__test_strict_core,4,siamese,deterministic_edge_triplet,derivative_1,triplet,3141,session3_row316,4_ANPP,acetaminophen,-0.1561359018087387,True,False,Pendar-1,NRC_Canadian_SERS,,,4_ANPP,strict_core,0.7510672659051714
outer,nato_outer_o4__train_strict_core__test_strict_core,4,siamese,deterministic_edge_triplet,derivative_1,triplet,3141,session3_row318,blank,blank,-0.245845228433609,True,True,Pendar-1,NRC_Canadian_SERS,,,blank,strict_core,0.6893016883321155
outer,nato_outer_o4__train_strict_core__test_strict_core,4,siamese,deterministic_edge_triplet,derivative_1,triplet,3141,session3_row319,blank,benzyl_fentanyl,-0.3246093690395355,True,False,Mira-3,NRC_Canadian_SERS,,,blank,strict_core,0.6287627486240167
outer,nato_outer_o4__train_strict_core__test_strict_core,4,siamese,deterministic_edge_triplet,derivative_1,triplet,3141,session3_row325,4_ANPP,4_ANPP,-0.3726851344108581,True,True,Mira-3,NRC_Canadian_SERS,,,4_ANPP,strict_core,0.5895596318895108
outer,nato_outer_o4__train_strict_core__test_strict_core,4,siamese,deterministic_edge_triplet,derivative_1,triplet,3141,session3_row333,blank,acetaminophen,-0.1691455692052841,True,False,Pendar-1,pSERS_Metrohm_silver,,,blank,strict_core,0.742638023824973
outer,nato_outer_o4__train_strict_core__test_strict_core,4,siamese,deterministic_edge_triplet,derivative_1,triplet,3141,session3_row340,blank,blank,-0.1578448712825775,True,True,Mira-3,NRC_Canadian_SERS,,,blank,strict_core,0.7499705903400709
outer,nato_outer_o4__train_strict_core__test_strict_core,4,siamese,deterministic_edge_triplet,derivative_1,triplet,3141,session3_row342,4_ANPP,acetaminophen,-0.2011896669864654,True,False,Mira-3,NRC_Canadian_SERS,,,4_ANPP,strict_core,0.7210955107845953
outer,nato_outer_o4__train_strict_core__test_strict_core,4,siamese,deterministic_edge_triplet,derivative_1,triplet,3141,session3_row348,4_ANPP,4_ANPP,-0.2834343314170837,True,True,Pendar-1,pSERS_Metrohm_silver,,,4_ANPP,strict_core,0.6610618112480452
outer,nato_outer_o4__train_strict_core__test_strict_core,4,siamese,deterministic_edge_triplet,derivative_1,triplet,3141,session3_row389,acetaminophen,acetaminophen,-0.1848225891590118,True,True,RMX-2,pSERS_Metrohm_silver,,,acetaminophen,strict_core,0.732235867266231
outer,nato_outer_o4__train_strict_core__test_strict_core,4,siamese,deterministic_edge_triplet,derivative_1,triplet,3141,session3_row395,benzyl_fentanyl,benzyl_fentanyl,-0.0346124358475208,True,True,Pendar-3,pSERS_Metrohm_silver,,,benzyl_fentanyl,strict_core,0.82065672467571
outer,nato_outer_o4__train_strict_core__test_strict_core,4,siamese,deterministic_edge_triplet,derivative_1,triplet,3141,session3_row396,benzyl_fentanyl,benzyl_fentanyl,-0.0534260012209415,True,True,RMX-2,pSERS_Metrohm_silver,,,benzyl_fentanyl,strict_core,0.8109698723157817
outer,nato_outer_o4__train_strict_core__test_strict_core,4,siamese,deterministic_edge_triplet,derivative_1,triplet,3141,session3_row402,acetaminophen,acetaminophen,-0.0767621397972107,True,True,Mira-1,pSERS_Metrohm_silver,,,acetaminophen,strict_core,0.7984034835504961
outer,nato_outer_o4__train_strict_core__test_strict_core,4,siamese,deterministic_edge_triplet,derivative_1,triplet,3141,session3_row405,acetaminophen,4_nitrophenol,-0.1644680649042129,True,False,Agilent-3,pSERS_Metrohm_silver,,,acetaminophen,strict_core,0.74569003165751
outer,nato_outer_o4__train_strict_core__test_strict_core,4,siamese,deterministic_edge_triplet,derivative_1,triplet,3141,session3_row409,benzyl_fentanyl,benzyl_fentanyl,-0.0713896602392196,True,True,Mira-1,pSERS_Metrohm_silver,,,benzyl_fentanyl,strict_core,0.801350845652985
outer,nato_outer_o4__train_strict_core__test_strict_core,4,siamese,deterministic_edge_triplet,derivative_1,triplet,3141,session3_row410,benzyl_fentanyl,benzyl_fentanyl,-0.0134978434070944,True,True,Agilent-3,pSERS_Metrohm_silver,,,benzyl_fentanyl,strict_core,0.8310613625346521
outer,nato_outer_o4__train_strict_core__test_strict_core,4,siamese,deterministic_edge_triplet,derivative_1,triplet,3141,session3_row417,benzyl_fentanyl,benzyl_fentanyl,-0.0500375404953956,True,True,Mira-1,pSERS_Metrohm_silver,,,benzyl_fentanyl,strict_core,0.8127437061934994
outer,nato_outer_o4__train_strict_core__test_strict_core,4,siamese,deterministic_edge_triplet,derivative_1,triplet,3141,session3_row418,benzyl_fentanyl,benzyl_fentanyl,-0.0792985409498214,True,True,Agilent-3,pSERS_Metrohm_silver,,,benzyl_fentanyl,strict_core,0.797000689816645
outer,nato_outer_o4__train_strict_core__test_strict_core,4,siamese,deterministic_edge_triplet,derivative_1,triplet,3141,session3_row421,benzyl_fentanyl,benzyl_fentanyl,-0.189953327178955,True,True,Pendar-3,pSERS_Metrohm_silver,,,benzyl_fentanyl,strict_core,0.7287741282687589
outer,nato_outer_o4__train_strict_core__test_strict_core,4,siamese,deterministic_edge_triplet,derivative_1,triplet,3141,session3_row422,benzyl_fentanyl,benzyl_fentanyl,-0.1252859830856323,True,True,RMX-2,pSERS_Metrohm_silver,,,benzyl_fentanyl,strict_core,0.7703065097141223
outer,nato_outer_o4__train_strict_core__test_strict_core,4,siamese,deterministic_edge_triplet,derivative_1,triplet,3141,session3_row455,acetaminophen,acetaminophen,-0.209178939461708,True,True,Pendar-3,pSERS_Metrohm_silver,,,acetaminophen,strict_core,0.7155555009572895
outer,nato_outer_o4__train_strict_core__test_strict_core,4,siamese,deterministic_edge_triplet,derivative_1,triplet,3141,session3_row456,acetaminophen,acetaminophen,-0.1691496223211288,True,True,RMX-2,pSERS_Metrohm_silver,,,acetaminophen,strict_core,0.7426353688697555
outer,nato_outer_o4__train_strict_core__test_strict_core,4,siamese,deterministic_edge_triplet,derivative_1,triplet,3141,session3_row467,acetaminophen,blank,-0.2054956406354904,True,False,Mira-1,pSERS_Metrohm_silver,,,acetaminophen,strict_core,0.7181178428510058
outer,nato_outer_o4__train_strict_core__test_strict_core,4,siamese,deterministic_edge_triplet,derivative_1,triplet,3141,session3_row468,acetaminophen,acetaminophen,-0.1197996512055397,True,True,Agilent-3,pSERS_Metrohm_silver,,,acetaminophen,strict_core,0.7736164869856383
outer,nato_outer_o4__train_quality_pass__test_quality_pass,4,siamese,deterministic_edge_triplet,derivative_1,triplet,1729,session1_row52,blank,blank,-0.3046218752861023,True,True,Mira-3,pSERS_Metrohm_silver,,,blank,quality_pass,0.6556162408844884
outer,nato_outer_o4__train_quality_pass__test_quality_pass,4,siamese,deterministic_edge_triplet,derivative_1,triplet,1729,session1_row114,acetaminophen,blank,-0.4141706824302673,True,False,Pendar-3,NRC_Canadian_SERS,,,acetaminophen,quality_pass,0.5869539735761853
outer,nato_outer_o4__train_quality_pass__test_quality_pass,4,siamese,deterministic_edge_triplet,derivative_1,triplet,1729,session1_row129,benzyl_fentanyl,benzyl_fentanyl,-0.391663134098053,True,True,Pendar-3,pSERS_Metrohm_silver,,,benzyl_fentanyl,quality_pass,0.601440171915992
outer,nato_outer_o4__train_quality_pass__test_quality_pass,4,siamese,deterministic_edge_triplet,derivative_1,triplet,1729,session1_row133,benzyl_fentanyl,benzyl_fentanyl,-0.2863480150699615,True,True,RMX-2,pSERS_Metrohm_silver,,,benzyl_fentanyl,quality_pass,0.6665449683059156
outer,nato_outer_o4__train_quality_pass__test_quality_pass,4,siamese,deterministic_edge_triplet,derivative_1,triplet,1729,session1_row134,benzyl_fentanyl,4_ANPP,-0.2367995828390121,True,False,RMX-2,NRC_Canadian_SERS,,,benzyl_fentanyl,quality_pass,0.6952680881029911
outer,nato_outer_o4__train_quality_pass__test_quality_pass,4,siamese,deterministic_edge_triplet,derivative_1,triplet,1729,session1_row137,benzyl_fentanyl,benzyl_fentanyl,-0.5657253265380859,True,True,Pendar-3,pSERS_Metrohm_silver,,,benzyl_fentanyl,quality_pass,0.4867092774815885
outer,nato_outer_o4__train_quality_pass__test_quality_pass,4,siamese,deterministic_edge_triplet,derivative_1,triplet,1729,session1_row139,benzyl_fentanyl,acetaminophen,-0.2559639811515808,True,False,Pendar-3,NRC_Canadian_SERS,,,benzyl_fentanyl,quality_pass,0.6843223098280885
outer,nato_outer_o4__train_quality_pass__test_quality_pass,4,siamese,deterministic_edge_triplet,derivative_1,triplet,1729,session1_row140,benzyl_fentanyl,benzyl_fentanyl,-0.1453718245029449,True,True,RMX-2,pSERS_Metrohm_silver,,,benzyl_fentanyl,quality_pass,0.7443922478746701
outer,nato_outer_o4__train_quality_pass__test_quality_pass,4,siamese,deterministic_edge_triplet,derivative_1,triplet,1729,session1_row141,benzyl_fentanyl,4_ANPP,-0.4885788261890411,True,False,RMX-2,NRC_Canadian_SERS,,,benzyl_fentanyl,quality_pass,0.5381161284859557
outer,nato_outer_o4__train_quality_pass__test_quality_pass,4,siamese,deterministic_edge_triplet,derivative_1,triplet,1729,session1_row225,4_nitrophenol,4_nitrophenol,-0.4294518232345581,True,True,Mira-2,H_SERS_H_Kit,,,4_nitrophenol,quality_pass,0.577030637116961
outer,nato_outer_o4__train_quality_pass__test_quality_pass,4,siamese,deterministic_edge_triplet,derivative_1,triplet,1729,session1_row229,ethyl_paraoxon,ethyl_paraoxon,-0.1538557708263397,True,True,Mira-2,H_SERS_H_Kit,,,ethyl_paraoxon,quality_pass,0.7400593125171889
outer,nato_outer_o4__train_quality_pass__test_quality_pass,4,siamese,deterministic_edge_triplet,derivative_1,triplet,1729,session1_row236,ethanol,ethanol,-0.3082289397716522,True,True,Mira-2,H_SERS_H_Kit,,,ethanol,quality_pass,0.6534389781824355
outer,nato_outer_o4__train_quality_pass__test_quality_pass,4,siamese,deterministic_edge_triplet,derivative_1,triplet,1729,session1_row241,4_nitrophenol,4_nitrophenol,-0.2617044150829315,True,True,Agilent-3,H_SERS_H_Kit,,,4_nitrophenol,quality_pass,0.6810027089303422
outer,nato_outer_o4__train_quality_pass__test_quality_pass,4,siamese,deterministic_edge_triplet,derivative_1,triplet,1729,session1_row250,4_nitrophenol,4_nitrophenol,-0.0562167651951313,True,True,RMX-1,H_SERS_H_Kit,,,4_nitrophenol,quality_pass,0.786996673275609
outer,nato_outer_o4__train_quality_pass__test_quality_pass,4,siamese,deterministic_edge_triplet,derivative_1,triplet,1729,session1_row254,4_nitrophenol,4_nitrophenol,-0.0518690608441829,True,True,Mira-2,H_SERS_H_Kit,,,4_nitrophenol,quality_pass,0.7889357141188591
outer,nato_outer_o4__train_quality_pass__test_quality_pass,4,siamese,deterministic_edge_triplet,derivative_1,triplet,1729,session1_row258,4_nitrophenol,4_nitrophenol,-0.1474400013685226,True,True,Pendar-2,H_SERS_H_Kit,,,4_nitrophenol,quality_pass,0.7433403695878671
outer,nato_outer_o4__train_quality_pass__test_quality_pass,4,siamese,deterministic_edge_triplet,derivative_1,triplet,1729,session2_row46,blank,blank,-0.1584443151950836,True,True,Mira-3,pSERS_Metrohm_silver,,,blank,quality_pass,0.7376960832187918
outer,nato_outer_o4__train_quality_pass__test_quality_pass,4,siamese,deterministic_edge_triplet,derivative_1,triplet,1729,session2_row92,4_ANPP,4_ANPP,-0.1559100449085235,True,True,Pendar-3,pSERS_Metrohm_silver,,,4_ANPP,quality_pass,0.7390030135201087
outer,nato_outer_o4__train_quality_pass__test_quality_pass,4,siamese,deterministic_edge_triplet,derivative_1,triplet,1729,session2_row93,4_ANPP,4_ANPP,-0.1199039667844772,True,True,Mira-3,pSERS_Metrohm_silver,,,4_ANPP,quality_pass,0.7571115716537188
outer,nato_outer_o4__train_quality_pass__test_quality_pass,4,siamese,deterministic_edge_triplet,derivative_1,triplet,1729,session2_row94,4_ANPP,4_ANPP,-0.0718249231576919,True,True,Pendar-3,pSERS_Metrohm_silver,,,4_ANPP,quality_pass,0.7799288045141533
outer,nato_outer_o4__train_quality_pass__test_quality_pass,4,siamese,deterministic_edge_triplet,derivative_1,triplet,1729,session2_row95,4_ANPP,4_ANPP,-0.1199039667844772,True,True,Mira-3,pSERS_Metrohm_silver,,,4_ANPP,quality_pass,0.7571115716537188
outer,nato_outer_o4__train_quality_pass__test_quality_pass,4,siamese,deterministic_edge_triplet,derivative_1,triplet,1729,session2_row104,blank,blank,-0.1944928169250488,True,True,Mira-3,pSERS_Metrohm_silver,,,blank,quality_pass,0.7186549658996391
outer,nato_outer_o4__train_quality_pass__test_quality_pass,4,siamese,deterministic_edge_triplet,derivative_1,triplet,1729,session2_row114,blank,blank,-0.185210570693016,True,True,Agilent-3,pSERS_Metrohm_silver,,,blank,quality_pass,0.723637620206301
outer,nato_outer_o4__train_quality_pass__test_quality_pass,4,siamese,deterministic_edge_triplet,derivative_1,triplet,1729,session2_row121,4_ANPP,4_ANPP,-0.1833572089672088,True,True,Agilent-3,pSERS_Metrohm_silver,,,4_ANPP,quality_pass,0.7246259361624446
outer,nato_outer_o4__train_quality_pass__test_quality_pass,4,siamese,deterministic_edge_triplet,derivative_1,triplet,1729,session2_row122,4_ANPP,4_ANPP,-0.2494957000017166,True,True,Agilent-3,pSERS_Metrohm_silver,,,4_ANPP,quality_pass,0.6880403957059025
outer,nato_outer_o4__train_quality_pass__test_quality_pass,4,siamese,deterministic_edge_triplet,derivative_1,triplet,1729,session2_row124,blank,blank,-0.2430688887834549,True,True,Agilent-3,pSERS_Metrohm_silver,,,blank,quality_pass,0.6917108104195064
outer,nato_outer_o4__train_quality_pass__test_quality_pass,4,siamese,deterministic_edge_triplet,derivative_1,triplet,1729,session2_row138,acetaminophen,ethyl_paraoxon,-0.071400336921215,True,False,Pendar-2,pSERS_Metrohm_silver,,,acetaminophen,quality_pass,0.7801232791427076
outer,nato_outer_o4__train_quality_pass__test_quality_pass,4,siamese,deterministic_edge_triplet,derivative_1,triplet,1729,session2_row139,acetaminophen,acetaminophen,-0.4583809673786163,True,True,Pendar-2,pSERS_Metrohm_silver,,,acetaminophen,quality_pass,0.558079547750524
outer,nato_outer_o4__train_quality_pass__test_quality_pass,4,siamese,deterministic_edge_triplet,derivative_1,triplet,1729,session2_row155,acetaminophen,ethyl_paraoxon,-0.3710034489631653,True,False,RMX-2,pSERS_Metrohm_silver,,,acetaminophen,quality_pass,0.614583158745295
outer,nato_outer_o4__train_quality_pass__test_quality_pass,4,siamese,deterministic_edge_triplet,derivative_1,triplet,1729,session2_row159,benzyl_fentanyl,benzyl_fentanyl,-0.230163112282753,True,True,Pendar-2,pSERS_Metrohm_silver,,,benzyl_fentanyl,quality_pass,0.6990084448290209
outer,nato_outer_o4__train_quality_pass__test_quality_pass,4,siamese,deterministic_edge_triplet,derivative_1,triplet,1729,session2_row173,benzyl_fentanyl,benzyl_fentanyl,-0.3210393488407135,True,True,Pendar-2,pSERS_Metrohm_silver,,,benzyl_fentanyl,quality_pass,0.645654909425479
outer,nato_outer_o4__train_quality_pass__test_quality_pass,4,siamese,deterministic_edge_triplet,derivative_1,triplet,1729,session2_row179,benzyl_fentanyl,benzyl_fentanyl,-0.5898916125297546,True,True,RMX-2,pSERS_Metrohm_silver,,,benzyl_fentanyl,quality_pass,0.4706125720336315
outer,nato_outer_o4__train_quality_pass__test_quality_pass,4,siamese,deterministic_edge_triplet,derivative_1,triplet,1729,session2_row181,benzyl_fentanyl,benzyl_fentanyl,-0.1384774595499038,True,True,RMX-2,pSERS_Metrohm_silver,,,benzyl_fentanyl,quality_pass,0.7478782338571178
outer,nato_outer_o4__train_quality_pass__test_quality_pass,4,siamese,deterministic_edge_triplet,derivative_1,triplet,1729,session2_row189,acetaminophen,acetaminophen,-0.3352298438549042,True,True,Pendar-2,pSERS_Metrohm_silver,,,acetaminophen,quality_pass,0.636941427478485
outer,nato_outer_o4__train_quality_pass__test_quality_pass,4,siamese,deterministic_edge_triplet,derivative_1,triplet,1729,session2_row205,acetaminophen,acetaminophen,-0.3291867673397064,True,True,RMX-2,pSERS_Metrohm_silver,,,acetaminophen,quality_pass,0.6406634864468681
outer,nato_outer_o4__train_quality_pass__test_quality_pass,4,siamese,deterministic_edge_triplet,derivative_1,triplet,1729,session2_row233,benzyl_fentanyl,benzyl_fentanyl,-0.4743938744068146,True,True,RMX-2,pSERS_Metrohm_silver,,,benzyl_fentanyl,quality_pass,0.5475128247144788
outer,nato_outer_o4__train_quality_pass__test_quality_pass,4,siamese,deterministic_edge_triplet,derivative_1,triplet,1729,session2_row251,benzyl_fentanyl,benzyl_fentanyl,-0.188010886311531,True,True,Pendar-2,pSERS_Metrohm_silver,,,benzyl_fentanyl,quality_pass,0.7221401839581668
outer,nato_outer_o4__train_quality_pass__test_quality_pass,4,siamese,deterministic_edge_triplet,derivative_1,triplet,1729,session2_row254,benzyl_fentanyl,benzyl_fentanyl,-0.1647096276283264,True,True,RMX-2,pSERS_Metrohm_silver,,,benzyl_fentanyl,quality_pass,0.7344469954006307
outer,nato_outer_o4__train_quality_pass__test_quality_pass,4,siamese,deterministic_edge_triplet,derivative_1,triplet,1729,session2_row257,4_ANPP,4_ANPP,-0.0867767482995987,True,True,RMX-2,pSERS_Metrohm_silver,,,4_ANPP,quality_pass,0.7730017226784911
outer,nato_outer_o4__train_quality_pass__test_quality_pass,4,siamese,deterministic_edge_triplet,derivative_1,triplet,1729,session2_row263,4_ANPP,4_ANPP,-0.3178923428058624,True,True,Pendar-2,pSERS_Metrohm_silver,,,4_ANPP,quality_pass,0.6475744951625546
outer,nato_outer_o4__train_quality_pass__test_quality_pass,4,siamese,deterministic_edge_triplet,derivative_1,triplet,1729,session2_row270,benzyl_fentanyl,benzyl_fentanyl,-0.1774098128080368,True,True,Pendar-2,pSERS_Metrohm_silver,,,benzyl_fentanyl,quality_pass,0.7277825783650886
outer,nato_outer_o4__train_quality_pass__test_quality_pass,4,siamese,deterministic_edge_triplet,derivative_1,triplet,1729,session2_row289,4_nitrophenol,ethyl_paraoxon,-0.2800264954566955,True,False,RMX-1,H_SERS_H_Kit,,,4_nitrophenol,quality_pass,0.6702850044429296
outer,nato_outer_o4__train_quality_pass__test_quality_pass,4,siamese,deterministic_edge_triplet,derivative_1,triplet,1729,session2_row296,4_nitrophenol,4_nitrophenol,-0.2812613844871521,True,True,Agilent-3,H_SERS_H_Kit,,,4_nitrophenol,quality_pass,0.6695560736709221
outer,nato_outer_o4__train_quality_pass__test_quality_pass,4,siamese,deterministic_edge_triplet,derivative_1,triplet,1729,session2_row297,4_nitrophenol,4_nitrophenol,-0.2495603561401367,True,True,Mira-2,H_SERS_H_Kit,,,4_nitrophenol,quality_pass,0.6880033487230502
outer,nato_outer_o4__train_quality_pass__test_quality_pass,4,siamese,deterministic_edge_triplet,derivative_1,triplet,1729,session2_row306,4_nitrophenol,ethanol,-0.4771482944488525,True,False,RMX-1,NRC_Canadian_SERS,,,4_nitrophenol,quality_pass,0.5456906197755746
outer,nato_outer_o4__train_quality_pass__test_quality_pass,4,siamese,deterministic_edge_triplet,derivative_1,triplet,1729,session2_row316,4_nitrophenol,ethanol,-0.439071923494339,True,False,Mira-2,NRC_Canadian_SERS,,,4_nitrophenol,quality_pass,0.5707509195775404
outer,nato_outer_o4__train_quality_pass__test_quality_pass,4,siamese,deterministic_edge_triplet,derivative_1,triplet,1729,session2_row337,ethyl_paraoxon,ethyl_paraoxon,-0.1271792501211166,True,True,RMX-1,H_SERS_H_Kit,,,ethyl_paraoxon,quality_pass,0.7535224052874079
outer,nato_outer_o4__train_quality_pass__test_quality_pass,4,siamese,deterministic_edge_triplet,derivative_1,triplet,1729,session2_row341,ethyl_paraoxon,ethyl_paraoxon,-0.0746227204799652,True,True,Mira-2,H_SERS_H_Kit,,,ethyl_paraoxon,quality_pass,0.778644233890075
outer,nato_outer_o4__train_quality_pass__test_quality_pass,4,siamese,deterministic_edge_triplet,derivative_1,triplet,1729,session2_row348,ethyl_paraoxon,ethyl_paraoxon,-0.2725732624530792,True,True,RMX-1,NRC_Canadian_SERS,,,ethyl_paraoxon,quality_pass,0.6746670453742646
outer,nato_outer_o4__train_quality_pass__test_quality_pass,4,siamese,deterministic_edge_triplet,derivative_1,triplet,1729,session2_row350,ethyl_paraoxon,ethanol,-0.2082191854715347,True,False,Mira-2,NRC_Canadian_SERS,,,ethyl_paraoxon,quality_pass,0.7111874430881276
outer,nato_outer_o4__train_quality_pass__test_quality_pass,4,siamese,deterministic_edge_triplet,derivative_1,triplet,1729,session2_row351,ethyl_paraoxon,4_nitrophenol,-0.2943057119846344,True,False,Mira-2,NRC_Canadian_SERS,,,ethyl_paraoxon,quality_pass,0.6618069841480937
outer,nato_outer_o4__train_quality_pass__test_quality_pass,4,siamese,deterministic_edge_triplet,derivative_1,triplet,1729,session2_row374,ethanol,ethanol,-0.5654363632202148,True,True,RMX-1,H_SERS_H_Kit,,,ethanol,quality_pass,0.4869019842085308
outer,nato_outer_o4__train_quality_pass__test_quality_pass,4,siamese,deterministic_edge_triplet,derivative_1,triplet,1729,session2_row381,ethanol,ethanol,-0.219572901725769,True,True,Mira-2,H_SERS_H_Kit,,,ethanol,quality_pass,0.7049226012056866
outer,nato_outer_o4__train_quality_pass__test_quality_pass,4,siamese,deterministic_edge_triplet,derivative_1,triplet,1729,session2_row391,ethanol,ethyl_paraoxon,-0.2847321331501007,True,False,Mira-2,NRC_Canadian_SERS,,,ethanol,quality_pass,0.6675030013499671
outer,nato_outer_o4__train_quality_pass__test_quality_pass,4,siamese,deterministic_edge_triplet,derivative_1,triplet,1729,session3_row31,4_nitrophenol,4_nitrophenol,-0.0999324768781662,True,True,RMX-1,H_SERS_H_Kit,,,4_nitrophenol,quality_pass,0.7667805341781673
outer,nato_outer_o4__train_quality_pass__test_quality_pass,4,siamese,deterministic_edge_triplet,derivative_1,triplet,1729,session3_row33,4_nitrophenol,ethyl_paraoxon,-0.0497099719941616,True,False,Mira-2,H_SERS_H_Kit,,,4_nitrophenol,quality_pass,0.7898938337771533
outer,nato_outer_o4__train_quality_pass__test_quality_pass,4,siamese,deterministic_edge_triplet,derivative_1,triplet,1729,session3_row98,4_nitrophenol,ethyl_paraoxon,-0.1241940557956695,True,False,RMX-1,H_SERS_H_Kit,,,4_nitrophenol,quality_pass,0.754999417619897
outer,nato_outer_o4__train_quality_pass__test_quality_pass,4,siamese,deterministic_edge_triplet,derivative_1,triplet,1729,session3_row99,4_nitrophenol,ethyl_paraoxon,-0.0267817359417676,True,False,Mira-2,H_SERS_H_Kit,,,4_nitrophenol,quality_pass,0.7998713757315496
outer,nato_outer_o4__train_quality_pass__test_quality_pass,4,siamese,deterministic_edge_triplet,derivative_1,triplet,1729,session3_row130,ethyl_paraoxon,ethyl_paraoxon,-0.1705631166696548,True,True,Mira-2,H_SERS_H_Kit,,,ethyl_paraoxon,quality_pass,0.7313883565927236
outer,nato_outer_o4__train_quality_pass__test_quality_pass,4,siamese,deterministic_edge_triplet,derivative_1,triplet,1729,session3_row139,ethanol,ethyl_paraoxon,-0.1453561782836914,True,False,Mira-2,H_SERS_H_Kit,,,ethanol,quality_pass,0.7444001947707016
outer,nato_outer_o4__train_quality_pass__test_quality_pass,4,siamese,deterministic_edge_triplet,derivative_1,triplet,1729,session3_row164,ethanol,ethanol,-0.1192356124520301,True,True,Mira-2,H_SERS_H_Kit,,,ethanol,quality_pass,0.7574395090001097
outer,nato_outer_o4__train_quality_pass__test_quality_pass,4,siamese,deterministic_edge_triplet,derivative_1,triplet,1729,session3_row165,ethanol,ethanol,-0.0840762630105018,True,True,Mira-2,H_SERS_H_Kit,,,ethanol,quality_pass,0.7742641483063465
outer,nato_outer_o4__train_quality_pass__test_quality_pass,4,siamese,deterministic_edge_triplet,derivative_1,triplet,1729,session3_row231,blank,blank,-0.1812984198331833,True,True,Mira-3,pSERS_Metrohm_silver,,,blank,quality_pass,0.7257212247711835
outer,nato_outer_o4__train_quality_pass__test_quality_pass,4,siamese,deterministic_edge_triplet,derivative_1,triplet,1729,session3_row265,blank,blank,-0.4346117377281189,True,True,Agilent-1,pSERS_Metrohm_silver,,,blank,quality_pass,0.5736653575908239
outer,nato_outer_o4__train_quality_pass__test_quality_pass,4,siamese,deterministic_edge_triplet,derivative_1,triplet,1729,session3_row279,4_ANPP,4_ANPP,-0.2242539227008819,True,True,Agilent-1,pSERS_Metrohm_silver,,,4_ANPP,quality_pass,0.702316792759315
outer,nato_outer_o4__train_quality_pass__test_quality_pass,4,siamese,deterministic_edge_triplet,derivative_1,triplet,1729,session3_row281,4_ANPP,acetaminophen,-0.4576520323753357,True,False,Pendar-1,pSERS_Metrohm_silver,,,4_ANPP,quality_pass,0.5585593877945277
outer,nato_outer_o4__train_quality_pass__test_quality_pass,4,siamese,deterministic_edge_triplet,derivative_1,triplet,1729,session3_row284,4_ANPP,4_ANPP,-0.1593704968690872,True,True,Pendar-1,pSERS_Metrohm_silver,,,4_ANPP,quality_pass,0.73721739779552
outer,nato_outer_o4__train_quality_pass__test_quality_pass,4,siamese,deterministic_edge_triplet,derivative_1,triplet,1729,session3_row288,4_ANPP,4_ANPP,-0.2159048020839691,True,True,Agilent-1,pSERS_Metrohm_silver,,,4_ANPP,quality_pass,0.706955244524705
outer,nato_outer_o4__train_quality_pass__test_quality_pass,4,siamese,deterministic_edge_triplet,derivative_1,triplet,1729,session3_row290,4_ANPP,4_ANPP,-0.1199039667844772,True,True,Mira-3,pSERS_Metrohm_silver,,,4_ANPP,quality_pass,0.7571115716537188
outer,nato_outer_o4__train_quality_pass__test_quality_pass,4,siamese,deterministic_edge_triplet,derivative_1,triplet,1729,session3_row291,4_ANPP,4_ANPP,-0.1830217838287353,True,True,Agilent-1,pSERS_Metrohm_silver,,,4_ANPP,quality_pass,0.7248045692219784
outer,nato_outer_o4__train_quality_pass__test_quality_pass,4,siamese,deterministic_edge_triplet,derivative_1,triplet,1729,session3_row292,4_ANPP,blank,-0.2978493869304657,True,False,Pendar-1,NRC_Canadian_SERS,,,4_ANPP,quality_pass,0.6596865316171314
outer,nato_outer_o4__train_quality_pass__test_quality_pass,4,siamese,deterministic_edge_triplet,derivative_1,triplet,1729,session3_row293,blank,benzyl_fentanyl,-0.5891523957252502,True,False,Mira-3,pSERS_Metrohm_silver,,,blank,quality_pass,0.4711042159995092
outer,nato_outer_o4__train_quality_pass__test_quality_pass,4,siamese,deterministic_edge_triplet,derivative_1,triplet,1729,session3_row303,blank,acetaminophen,-0.5594213008880615,True,False,Agilent-1,pSERS_Metrohm_silver,,,blank,quality_pass,0.4909141670418905
outer,nato_outer_o4__train_quality_pass__test_quality_pass,4,siamese,deterministic_edge_triplet,derivative_1,triplet,1729,session3_row308,4_ANPP,acetaminophen,-0.5205527544021606,True,False,Agilent-1,NRC_Canadian_SERS,,,4_ANPP,quality_pass,0.5168458939739519
outer,nato_outer_o4__train_quality_pass__test_quality_pass,4,siamese,deterministic_edge_triplet,derivative_1,triplet,1729,session3_row309,4_ANPP,4_ANPP,-0.1207374632358551,True,True,Agilent-1,pSERS_Metrohm_silver,,,4_ANPP,quality_pass,0.7567021832958363
outer,nato_outer_o4__train_quality_pass__test_quality_pass,4,siamese,deterministic_edge_triplet,derivative_1,triplet,1729,session3_row316,4_ANPP,4_ANPP,-0.199500560760498,True,True,Pendar-1,NRC_Canadian_SERS,,,4_ANPP,quality_pass,0.7159442546144694
outer,nato_outer_o4__train_quality_pass__test_quality_pass,4,siamese,deterministic_edge_triplet,derivative_1,triplet,1729,session3_row318,blank,ethyl_paraoxon,-0.2172972410917282,True,False,Pendar-1,NRC_Canadian_SERS,,,blank,quality_pass,0.7061846029133839
outer,nato_outer_o4__train_quality_pass__test_quality_pass,4,siamese,deterministic_edge_triplet,derivative_1,triplet,1729,session3_row319,blank,benzyl_fentanyl,-0.5611166954040527,True,False,Mira-3,NRC_Canadian_SERS,,,blank,quality_pass,0.48978315965470887
outer,nato_outer_o4__train_quality_pass__test_quality_pass,4,siamese,deterministic_edge_triplet,derivative_1,triplet,1729,session3_row325,4_ANPP,4_ANPP,-0.1199039667844772,True,True,Mira-3,NRC_Canadian_SERS,,,4_ANPP,quality_pass,0.7571115716537188
outer,nato_outer_o4__train_quality_pass__test_quality_pass,4,siamese,deterministic_edge_triplet,derivative_1,triplet,1729,session3_row333,blank,blank,-0.3137807548046112,True,True,Pendar-1,pSERS_Metrohm_silver,,,blank,quality_pass,0.6500752788665678
outer,nato_outer_o4__train_quality_pass__test_quality_pass,4,siamese,deterministic_edge_triplet,derivative_1,triplet,1729,session3_row340,blank,blank,-0.2390680015087127,True,True,Mira-3,NRC_Canadian_SERS,,,blank,quality_pass,0.6939836220571266
outer,nato_outer_o4__train_quality_pass__test_quality_pass,4,siamese,deterministic_edge_triplet,derivative_1,triplet,1729,session3_row342,4_ANPP,4_ANPP,-0.1408736705780029,True,True,Mira-3,NRC_Canadian_SERS,,,4_ANPP,quality_pass,0.7466702235326307
outer,nato_outer_o4__train_quality_pass__test_quality_pass,4,siamese,deterministic_edge_triplet,derivative_1,triplet,1729,session3_row348,4_ANPP,acetaminophen,-0.4591670036315918,True,False,Pendar-1,pSERS_Metrohm_silver,,,4_ANPP,quality_pass,0.5575619978323076
outer,nato_outer_o4__train_quality_pass__test_quality_pass,4,siamese,deterministic_edge_triplet,derivative_1,triplet,1729,session3_row389,acetaminophen,ethyl_paraoxon,-0.2917258143424988,True,False,RMX-2,pSERS_Metrohm_silver,,,acetaminophen,quality_pass,0.6633466616026794
outer,nato_outer_o4__train_quality_pass__test_quality_pass,4,siamese,deterministic_edge_triplet,derivative_1,triplet,1729,session3_row395,benzyl_fentanyl,benzyl_fentanyl,-0.1009519025683403,True,True,Pendar-3,pSERS_Metrohm_silver,,,benzyl_fentanyl,quality_pass,0.7662935405536497
outer,nato_outer_o4__train_quality_pass__test_quality_pass,4,siamese,deterministic_edge_triplet,derivative_1,triplet,1729,session3_row396,benzyl_fentanyl,benzyl_fentanyl,-0.1220196411013603,True,True,RMX-2,pSERS_Metrohm_silver,,,benzyl_fentanyl,quality_pass,0.7560715026827366
outer,nato_outer_o4__train_quality_pass__test_quality_pass,4,siamese,deterministic_edge_triplet,derivative_1,triplet,1729,session3_row405,acetaminophen,ethyl_paraoxon,-0.2712253034114837,True,False,Agilent-3,pSERS_Metrohm_silver,,,acetaminophen,quality_pass,0.6754563371987626
outer,nato_outer_o4__train_quality_pass__test_quality_pass,4,siamese,deterministic_edge_triplet,derivative_1,triplet,1729,session3_row409,benzyl_fentanyl,benzyl_fentanyl,-0.1088065057992935,True,True,Mira-1,pSERS_Metrohm_silver,,,benzyl_fentanyl,quality_pass,0.7625176232580452
outer,nato_outer_o4__train_quality_pass__test_quality_pass,4,siamese,deterministic_edge_triplet,derivative_1,triplet,1729,session3_row410,benzyl_fentanyl,benzyl_fentanyl,-0.2374367117881775,True,True,Agilent-3,pSERS_Metrohm_silver,,,benzyl_fentanyl,quality_pass,0.6949076269964934
outer,nato_outer_o4__train_quality_pass__test_quality_pass,4,siamese,deterministic_edge_triplet,derivative_1,triplet,1729,session3_row417,benzyl_fentanyl,benzyl_fentanyl,-0.1146958544850349,True,True,Mira-1,pSERS_Metrohm_silver,,,benzyl_fentanyl,quality_pass,0.7596590302761815
outer,nato_outer_o4__train_quality_pass__test_quality_pass,4,siamese,deterministic_edge_triplet,derivative_1,triplet,1729,session3_row418,benzyl_fentanyl,benzyl_fentanyl,-0.2457537651062011,True,True,Agilent-3,pSERS_Metrohm_silver,,,benzyl_fentanyl,quality_pass,0.6901803605651318
outer,nato_outer_o4__train_quality_pass__test_quality_pass,4,siamese,deterministic_edge_triplet,derivative_1,triplet,1729,session3_row421,benzyl_fentanyl,benzyl_fentanyl,-0.6318632364273071,True,True,Pendar-3,pSERS_Metrohm_silver,,,benzyl_fentanyl,quality_pass,0.4428199492176652
outer,nato_outer_o4__train_quality_pass__test_quality_pass,4,siamese,deterministic_edge_triplet,derivative_1,triplet,1729,session3_row422,benzyl_fentanyl,benzyl_fentanyl,-0.3627780973911285,True,True,RMX-2,pSERS_Metrohm_silver,,,benzyl_fentanyl,quality_pass,0.6197708465587948
outer,nato_outer_o4__train_quality_pass__test_quality_pass,4,siamese,deterministic_edge_triplet,derivative_1,triplet,1729,session3_row455,acetaminophen,acetaminophen,-0.3618708848953247,True,True,Pendar-3,pSERS_Metrohm_silver,,,acetaminophen,quality_pass,0.6203413734341143
outer,nato_outer_o4__train_quality_pass__test_quality_pass,4,siamese,deterministic_edge_triplet,derivative_1,triplet,1729,session3_row456,acetaminophen,acetaminophen,-0.2067824006080627,True,True,RMX-2,pSERS_Metrohm_silver,,,acetaminophen,quality_pass,0.7119745911382452
outer,nato_outer_o4__train_quality_pass__test_quality_pass,4,siamese,deterministic_edge_triplet,derivative_1,triplet,1729,session3_row467,acetaminophen,acetaminophen,-0.1690155416727066,True,True,Mira-1,pSERS_Metrohm_silver,,,acetaminophen,quality_pass,0.7321991789439352
outer,nato_outer_o4__train_quality_pass__test_quality_pass,4,siamese,deterministic_edge_triplet,derivative_1,triplet,1729,session3_row468,acetaminophen,acetaminophen,-0.1407796442508697,True,True,Agilent-3,pSERS_Metrohm_silver,,,acetaminophen,quality_pass,0.7467176973706908
outer,nato_outer_o4__train_quality_pass__test_quality_pass,4,siamese,deterministic_edge_triplet,derivative_1,triplet,2718,session1_row52,blank,benzyl_fentanyl,-0.5281054973602295,True,False,Mira-3,pSERS_Metrohm_silver,,,blank,quality_pass,0.46073107058439694
outer,nato_outer_o4__train_quality_pass__test_quality_pass,4,siamese,deterministic_edge_triplet,derivative_1,triplet,2718,session1_row114,acetaminophen,ethyl_paraoxon,-0.5905845761299133,True,False,Pendar-3,NRC_Canadian_SERS,,,acetaminophen,quality_pass,0.4198676275973677
outer,nato_outer_o4__train_quality_pass__test_quality_pass,4,siamese,deterministic_edge_triplet,derivative_1,triplet,2718,session1_row129,benzyl_fentanyl,benzyl_fentanyl,-0.2677784264087677,True,True,Pendar-3,pSERS_Metrohm_silver,,,benzyl_fentanyl,quality_pass,0.6303955902090455
outer,nato_outer_o4__train_quality_pass__test_quality_pass,4,siamese,deterministic_edge_triplet,derivative_1,triplet,2718,session1_row133,benzyl_fentanyl,benzyl_fentanyl,-0.1120047941803932,True,True,RMX-2,pSERS_Metrohm_silver,,,benzyl_fentanyl,quality_pass,0.7206283356632721
outer,nato_outer_o4__train_quality_pass__test_quality_pass,4,siamese,deterministic_edge_triplet,derivative_1,triplet,2718,session1_row134,benzyl_fentanyl,4_ANPP,-0.372012585401535,True,False,RMX-2,NRC_Canadian_SERS,,,benzyl_fentanyl,quality_pass,0.5639267694220792
outer,nato_outer_o4__train_quality_pass__test_quality_pass,4,siamese,deterministic_edge_triplet,derivative_1,triplet,2718,session1_row137,benzyl_fentanyl,benzyl_fentanyl,-0.3843929171562195,True,True,Pendar-3,pSERS_Metrohm_silver,,,benzyl_fentanyl,quality_pass,0.5558256496341191
outer,nato_outer_o4__train_quality_pass__test_quality_pass,4,siamese,deterministic_edge_triplet,derivative_1,triplet,2718,session1_row139,benzyl_fentanyl,4_nitrophenol,-0.5000379085540771,True,False,Pendar-3,NRC_Canadian_SERS,,,benzyl_fentanyl,quality_pass,0.4792956682303676
outer,nato_outer_o4__train_quality_pass__test_quality_pass,4,siamese,deterministic_edge_triplet,derivative_1,triplet,2718,session1_row140,benzyl_fentanyl,benzyl_fentanyl,-0.1520577222108841,True,True,RMX-2,pSERS_Metrohm_silver,,,benzyl_fentanyl,quality_pass,0.6987215824366259
outer,nato_outer_o4__train_quality_pass__test_quality_pass,4,siamese,deterministic_edge_triplet,derivative_1,triplet,2718,session1_row141,benzyl_fentanyl,benzyl_fentanyl,-0.7420586943626404,True,True,RMX-2,NRC_Canadian_SERS,,,benzyl_fentanyl,quality_pass,0.3261686185478776
outer,nato_outer_o4__train_quality_pass__test_quality_pass,4,siamese,deterministic_edge_triplet,derivative_1,triplet,2718,session1_row225,4_nitrophenol,ethanol,-0.3245206773281097,True,False,Mira-2,H_SERS_H_Kit,,,4_nitrophenol,quality_pass,0.5946523420806781
outer,nato_outer_o4__train_quality_pass__test_quality_pass,4,siamese,deterministic_edge_triplet,derivative_1,triplet,2718,session1_row229,ethyl_paraoxon,ethyl_paraoxon,-0.1321457475423813,True,True,Mira-2,H_SERS_H_Kit,,,ethyl_paraoxon,quality_pass,0.7097345102525925
outer,nato_outer_o4__train_quality_pass__test_quality_pass,4,siamese,deterministic_edge_triplet,derivative_1,triplet,2718,session1_row236,ethanol,ethyl_paraoxon,-0.4906070828437805,True,False,Mira-2,H_SERS_H_Kit,,,ethanol,quality_pass,0.48554887898073346
outer,nato_outer_o4__train_quality_pass__test_quality_pass,4,siamese,deterministic_edge_triplet,derivative_1,triplet,2718,session1_row241,4_nitrophenol,4_nitrophenol,-0.2275471538305282,True,True,Agilent-3,H_SERS_H_Kit,,,4_nitrophenol,quality_pass,0.6549231668687727
outer,nato_outer_o4__train_quality_pass__test_quality_pass,4,siamese,deterministic_edge_triplet,derivative_1,triplet,2718,session1_row250,4_nitrophenol,4_nitrophenol,-0.0867704674601554,True,True,RMX-1,H_SERS_H_Kit,,,4_nitrophenol,quality_pass,0.7339178024480817
outer,nato_outer_o4__train_quality_pass__test_quality_pass,4,siamese,deterministic_edge_triplet,derivative_1,triplet,2718,session1_row254,4_nitrophenol,4_nitrophenol,-0.0232183653861284,True,True,Mira-2,H_SERS_H_Kit,,,4_nitrophenol,quality_pass,0.7655510762099171
outer,nato_outer_o4__train_quality_pass__test_quality_pass,4,siamese,deterministic_edge_triplet,derivative_1,triplet,2718,session1_row258,4_nitrophenol,4_nitrophenol,-0.383041501045227,True,True,Pendar-2,H_SERS_H_Kit,,,4_nitrophenol,quality_pass,0.5567114784410252
outer,nato_outer_o4__train_quality_pass__test_quality_pass,4,siamese,deterministic_edge_triplet,derivative_1,triplet,2718,session2_row46,blank,blank,-0.1453518122434616,True,True,Mira-3,pSERS_Metrohm_silver,,,blank,quality_pass,0.7024570106666542
outer,nato_outer_o4__train_quality_pass__test_quality_pass,4,siamese,deterministic_edge_triplet,derivative_1,triplet,2718,session2_row92,4_ANPP,4_ANPP,-0.2599391639232635,True,True,Pendar-3,pSERS_Metrohm_silver,,,4_ANPP,quality_pass,0.635232730482522
outer,nato_outer_o4__train_quality_pass__test_quality_pass,4,siamese,deterministic_edge_triplet,derivative_1,triplet,2718,session2_row93,4_ANPP,4_ANPP,-0.1338761299848556,True,True,Mira-3,pSERS_Metrohm_silver,,,4_ANPP,quality_pass,0.7087869484780333
outer,nato_outer_o4__train_quality_pass__test_quality_pass,4,siamese,deterministic_edge_triplet,derivative_1,triplet,2718,session2_row94,4_ANPP,4_ANPP,-0.1228189244866371,True,True,Pendar-3,pSERS_Metrohm_silver,,,4_ANPP,quality_pass,0.7148103617344271
outer,nato_outer_o4__train_quality_pass__test_quality_pass,4,siamese,deterministic_edge_triplet,derivative_1,triplet,2718,session2_row95,4_ANPP,4_ANPP,-0.1384453177452087,True,True,Mira-3,pSERS_Metrohm_silver,,,4_ANPP,quality_pass,0.7062761147869883
outer,nato_outer_o4__train_quality_pass__test_quality_pass,4,siamese,deterministic_edge_triplet,derivative_1,triplet,2718,session2_row104,blank,blank,-0.3986521065235138,True,True,Mira-3,pSERS_Metrohm_silver,,,blank,quality_pass,0.5464584443210246
outer,nato_outer_o4__train_quality_pass__test_quality_pass,4,siamese,deterministic_edge_triplet,derivative_1,triplet,2718,session2_row114,blank,blank,-0.0762122422456741,True,True,Agilent-3,pSERS_Metrohm_silver,,,blank,quality_pass,0.7393571017048748
outer,nato_outer_o4__train_quality_pass__test_quality_pass,4,siamese,deterministic_edge_triplet,derivative_1,triplet,2718,session2_row121,4_ANPP,4_ANPP,-0.3344443738460541,True,True,Agilent-3,pSERS_Metrohm_silver,,,4_ANPP,quality_pass,0.5882846824923786
outer,nato_outer_o4__train_quality_pass__test_quality_pass,4,siamese,deterministic_edge_triplet,derivative_1,triplet,2718,session2_row122,4_ANPP,4_ANPP,-0.2894551455974579,True,True,Agilent-3,pSERS_Metrohm_silver,,,4_ANPP,quality_pass,0.6168857158722141
outer,nato_outer_o4__train_quality_pass__test_quality_pass,4,siamese,deterministic_edge_triplet,derivative_1,triplet,2718,session2_row124,blank,blank,-0.1453393548727035,True,True,Agilent-3,pSERS_Metrohm_silver,,,blank,quality_pass,0.7024639249801696
outer,nato_outer_o4__train_quality_pass__test_quality_pass,4,siamese,deterministic_edge_triplet,derivative_1,triplet,2718,session2_row138,acetaminophen,4_nitrophenol,-0.2422762364149093,True,False,Pendar-2,pSERS_Metrohm_silver,,,acetaminophen,quality_pass,0.6460307062991467
outer,nato_outer_o4__train_quality_pass__test_quality_pass,4,siamese,deterministic_edge_triplet,derivative_1,triplet,2718,session2_row139,acetaminophen,acetaminophen,-0.3666797876358032,True,True,Pendar-2,pSERS_Metrohm_silver,,,acetaminophen,quality_pass,0.567406079412023
outer,nato_outer_o4__train_quality_pass__test_quality_pass,4,siamese,deterministic_edge_triplet,derivative_1,triplet,2718,session2_row155,acetaminophen,blank,-0.4457878470420837,True,False,RMX-2,pSERS_Metrohm_silver,,,acetaminophen,quality_pass,0.5152951216560421
outer,nato_outer_o4__train_quality_pass__test_quality_pass,4,siamese,deterministic_edge_triplet,derivative_1,triplet,2718,session2_row159,benzyl_fentanyl,benzyl_fentanyl,-0.148301288485527,True,True,Pendar-2,pSERS_Metrohm_silver,,,benzyl_fentanyl,quality_pass,0.7008173367330538
outer,nato_outer_o4__train_quality_pass__test_quality_pass,4,siamese,deterministic_edge_triplet,derivative_1,triplet,2718,session2_row173,benzyl_fentanyl,benzyl_fentanyl,-0.1534851789474487,True,True,Pendar-2,pSERS_Metrohm_silver,,,benzyl_fentanyl,quality_pass,0.6979230032233532
outer,nato_outer_o4__train_quality_pass__test_quality_pass,4,siamese,deterministic_edge_triplet,derivative_1,triplet,2718,session2_row179,benzyl_fentanyl,benzyl_fentanyl,-0.3716256618499756,True,True,RMX-2,pSERS_Metrohm_silver,,,benzyl_fentanyl,quality_pass,0.5641794284687697
outer,nato_outer_o4__train_quality_pass__test_quality_pass,4,siamese,deterministic_edge_triplet,derivative_1,triplet,2718,session2_row181,benzyl_fentanyl,benzyl_fentanyl,-0.1311337649822235,True,True,RMX-2,pSERS_Metrohm_silver,,,benzyl_fentanyl,quality_pass,0.7102878291371247
outer,nato_outer_o4__train_quality_pass__test_quality_pass,4,siamese,deterministic_edge_triplet,derivative_1,triplet,2718,session2_row189,acetaminophen,acetaminophen,-0.5225602984428406,True,True,Pendar-2,pSERS_Metrohm_silver,,,acetaminophen,quality_pass,0.464391815751589
outer,nato_outer_o4__train_quality_pass__test_quality_pass,4,siamese,deterministic_edge_triplet,derivative_1,triplet,2718,session2_row205,acetaminophen,acetaminophen,-0.3070313334465027,True,True,RMX-2,pSERS_Metrohm_silver,,,acetaminophen,quality_pass,0.6057962554806836
outer,nato_outer_o4__train_quality_pass__test_quality_pass,4,siamese,deterministic_edge_triplet,derivative_1,triplet,2718,session2_row233,benzyl_fentanyl,benzyl_fentanyl,-0.4753067791461944,True,True,RMX-2,pSERS_Metrohm_silver,,,benzyl_fentanyl,quality_pass,0.4957026774171486
outer,nato_outer_o4__train_quality_pass__test_quality_pass,4,siamese,deterministic_edge_triplet,derivative_1,triplet,2718,session2_row251,benzyl_fentanyl,benzyl_fentanyl,-0.2289842069149017,True,True,Pendar-2,pSERS_Metrohm_silver,,,benzyl_fentanyl,quality_pass,0.6540602054271659
outer,nato_outer_o4__train_quality_pass__test_quality_pass,4,siamese,deterministic_edge_triplet,derivative_1,triplet,2718,session2_row254,benzyl_fentanyl,benzyl_fentanyl,-0.1070284619927406,True,True,RMX-2,pSERS_Metrohm_silver,,,benzyl_fentanyl,quality_pass,0.7232810377654629
outer,nato_outer_o4__train_quality_pass__test_quality_pass,4,siamese,deterministic_edge_triplet,derivative_1,triplet,2718,session2_row257,4_ANPP,4_ANPP,-0.2163181751966476,True,True,RMX-2,pSERS_Metrohm_silver,,,4_ANPP,quality_pass,0.6616307924012169
outer,nato_outer_o4__train_quality_pass__test_quality_pass,4,siamese,deterministic_edge_triplet,derivative_1,triplet,2718,session2_row263,4_ANPP,4_ANPP,-0.5268496870994568,True,True,Pendar-2,pSERS_Metrohm_silver,,,4_ANPP,quality_pass,0.46155975565595053
outer,nato_outer_o4__train_quality_pass__test_quality_pass,4,siamese,deterministic_edge_triplet,derivative_1,triplet,2718,session2_row270,benzyl_fentanyl,benzyl_fentanyl,-0.0905857980251312,True,True,Pendar-2,pSERS_Metrohm_silver,,,benzyl_fentanyl,quality_pass,0.7319345485831928
outer,nato_outer_o4__train_quality_pass__test_quality_pass,4,siamese,deterministic_edge_triplet,derivative_1,triplet,2718,session2_row289,4_nitrophenol,ethyl_paraoxon,-0.1115637123584747,True,False,RMX-1,H_SERS_H_Kit,,,4_nitrophenol,quality_pass,0.720864088373896
outer,nato_outer_o4__train_quality_pass__test_quality_pass,4,siamese,deterministic_edge_triplet,derivative_1,triplet,2718,session2_row296,4_nitrophenol,ethanol,-0.455198585987091,True,False,Agilent-3,H_SERS_H_Kit,,,4_nitrophenol,quality_pass,0.5090512109196657
outer,nato_outer_o4__train_quality_pass__test_quality_pass,4,siamese,deterministic_edge_triplet,derivative_1,triplet,2718,session2_row297,4_nitrophenol,ethyl_paraoxon,-0.3322689235210418,True,False,Mira-2,H_SERS_H_Kit,,,4_nitrophenol,quality_pass,0.5896831977157513
outer,nato_outer_o4__train_quality_pass__test_quality_pass,4,siamese,deterministic_edge_triplet,derivative_1,triplet,2718,session2_row306,4_nitrophenol,4_nitrophenol,-0.6008341312408447,True,True,RMX-1,NRC_Canadian_SERS,,,4_nitrophenol,quality_pass,0.4132526607256135
outer,nato_outer_o4__train_quality_pass__test_quality_pass,4,siamese,deterministic_edge_triplet,derivative_1,triplet,2718,session2_row316,4_nitrophenol,ethyl_paraoxon,-0.498934268951416,True,False,Mira-2,NRC_Canadian_SERS,,,4_nitrophenol,quality_pass,0.4800271510442239
outer,nato_outer_o4__train_quality_pass__test_quality_pass,4,siamese,deterministic_edge_triplet,derivative_1,triplet,2718,session2_row337,ethyl_paraoxon,ethyl_paraoxon,-0.1751731932163238,True,True,RMX-1,H_SERS_H_Kit,,,ethyl_paraoxon,quality_pass,0.6856441253524169
outer,nato_outer_o4__train_quality_pass__test_quality_pass,4,siamese,deterministic_edge_triplet,derivative_1,triplet,2718,session2_row341,ethyl_paraoxon,ethyl_paraoxon,-0.1952985227108001,True,True,Mira-2,H_SERS_H_Kit,,,ethyl_paraoxon,quality_pass,0.6740123645410182
outer,nato_outer_o4__train_quality_pass__test_quality_pass,4,siamese,deterministic_edge_triplet,derivative_1,triplet,2718,session2_row348,ethyl_paraoxon,ethyl_paraoxon,-0.2437175810337066,True,True,RMX-1,NRC_Canadian_SERS,,,ethyl_paraoxon,quality_pass,0.6451549465555283
outer,nato_outer_o4__train_quality_pass__test_quality_pass,4,siamese,deterministic_edge_triplet,derivative_1,triplet,2718,session2_row350,ethyl_paraoxon,ethanol,-0.3813127875328064,True,False,Mira-2,NRC_Canadian_SERS,,,ethyl_paraoxon,quality_pass,0.5578440926018489
outer,nato_outer_o4__train_quality_pass__test_quality_pass,4,siamese,deterministic_edge_triplet,derivative_1,triplet,2718,session2_row351,ethyl_paraoxon,ethyl_paraoxon,-0.4829331040382385,True,True,Mira-2,NRC_Canadian_SERS,,,ethyl_paraoxon,quality_pass,0.49064062420670873
outer,nato_outer_o4__train_quality_pass__test_quality_pass,4,siamese,deterministic_edge_triplet,derivative_1,triplet,2718,session2_row374,ethanol,benzyl_fentanyl,-0.5563070774078369,True,False,RMX-1,H_SERS_H_Kit,,,ethanol,quality_pass,0.4421870118665709
outer,nato_outer_o4__train_quality_pass__test_quality_pass,4,siamese,deterministic_edge_triplet,derivative_1,triplet,2718,session2_row381,ethanol,ethanol,-0.2151273787021637,True,True,Mira-2,H_SERS_H_Kit,,,ethanol,quality_pass,0.6623383762728873
outer,nato_outer_o4__train_quality_pass__test_quality_pass,4,siamese,deterministic_edge_triplet,derivative_1,triplet,2718,session2_row391,ethanol,ethyl_paraoxon,-0.4787532091140747,True,False,Mira-2,NRC_Canadian_SERS,,,ethanol,quality_pass,0.4934149020134121
outer,nato_outer_o4__train_quality_pass__test_quality_pass,4,siamese,deterministic_edge_triplet,derivative_1,triplet,2718,session3_row31,4_nitrophenol,4_nitrophenol,-0.3866280019283294,True,True,RMX-1,H_SERS_H_Kit,,,4_nitrophenol,quality_pass,0.5543598155227468
outer,nato_outer_o4__train_quality_pass__test_quality_pass,4,siamese,deterministic_edge_triplet,derivative_1,triplet,2718,session3_row33,4_nitrophenol,ethyl_paraoxon,-0.1776647269725799,True,False,Mira-2,H_SERS_H_Kit,,,4_nitrophenol,quality_pass,0.6842162989315671
outer,nato_outer_o4__train_quality_pass__test_quality_pass,4,siamese,deterministic_edge_triplet,derivative_1,triplet,2718,session3_row98,4_nitrophenol,ethyl_paraoxon,-0.1621298491954803,True,False,RMX-1,H_SERS_H_Kit,,,4_nitrophenol,quality_pass,0.6930613014630479
outer,nato_outer_o4__train_quality_pass__test_quality_pass,4,siamese,deterministic_edge_triplet,derivative_1,triplet,2718,session3_row99,4_nitrophenol,ethyl_paraoxon,-0.0869872793555259,True,False,Mira-2,H_SERS_H_Kit,,,4_nitrophenol,quality_pass,0.7338053520640203
outer,nato_outer_o4__train_quality_pass__test_quality_pass,4,siamese,deterministic_edge_triplet,derivative_1,triplet,2718,session3_row130,ethyl_paraoxon,ethyl_paraoxon,-0.323336660861969,True,True,Mira-2,H_SERS_H_Kit,,,ethyl_paraoxon,quality_pass,0.5954100033182552
outer,nato_outer_o4__train_quality_pass__test_quality_pass,4,siamese,deterministic_edge_triplet,derivative_1,triplet,2718,session3_row139,ethanol,ethyl_paraoxon,-0.225816547870636,True,False,Mira-2,H_SERS_H_Kit,,,ethanol,quality_pass,0.6559610551308432
outer,nato_outer_o4__train_quality_pass__test_quality_pass,4,siamese,deterministic_edge_triplet,derivative_1,triplet,2718,session3_row164,ethanol,ethanol,-0.1872064024209976,True,True,Mira-2,H_SERS_H_Kit,,,ethanol,quality_pass,0.6787161751310854
outer,nato_outer_o4__train_quality_pass__test_quality_pass,4,siamese,deterministic_edge_triplet,derivative_1,triplet,2718,session3_row165,ethanol,ethanol,-0.1818825453519821,True,True,Mira-2,H_SERS_H_Kit,,,ethanol,quality_pass,0.6817912551154904
outer,nato_outer_o4__train_quality_pass__test_quality_pass,4,siamese,deterministic_edge_triplet,derivative_1,triplet,2718,session3_row231,blank,blank,-0.3318323194980621,True,True,Mira-3,pSERS_Metrohm_silver,,,blank,quality_pass,0.58996370018996
outer,nato_outer_o4__train_quality_pass__test_quality_pass,4,siamese,deterministic_edge_triplet,derivative_1,triplet,2718,session3_row265,blank,blank,-0.3672039210796356,True,True,Agilent-1,pSERS_Metrohm_silver,,,blank,quality_pass,0.5670644045251997
outer,nato_outer_o4__train_quality_pass__test_quality_pass,4,siamese,deterministic_edge_triplet,derivative_1,triplet,2718,session3_row279,4_ANPP,4_ANPP,-0.1651362180709839,True,True,Agilent-1,pSERS_Metrohm_silver,,,4_ANPP,quality_pass,0.6913603603791524
outer,nato_outer_o4__train_quality_pass__test_quality_pass,4,siamese,deterministic_edge_triplet,derivative_1,triplet,2718,session3_row281,4_ANPP,acetaminophen,-0.4420653879642486,True,False,Pendar-1,pSERS_Metrohm_silver,,,4_ANPP,quality_pass,0.517763719087119
outer,nato_outer_o4__train_quality_pass__test_quality_pass,4,siamese,deterministic_edge_triplet,derivative_1,triplet,2718,session3_row284,4_ANPP,4_ANPP,-0.2068239152431488,True,True,Pendar-1,pSERS_Metrohm_silver,,,4_ANPP,quality_pass,0.6672520650981458
outer,nato_outer_o4__train_quality_pass__test_quality_pass,4,siamese,deterministic_edge_triplet,derivative_1,triplet,2718,session3_row288,4_ANPP,4_ANPP,-0.1117636635899543,True,True,Agilent-1,pSERS_Metrohm_silver,,,4_ANPP,quality_pass,0.7207572320510544
outer,nato_outer_o4__train_quality_pass__test_quality_pass,4,siamese,deterministic_edge_triplet,derivative_1,triplet,2718,session3_row290,4_ANPP,4_ANPP,-0.2225549519062042,True,True,Mira-3,pSERS_Metrohm_silver,,,4_ANPP,quality_pass,0.6579130692801445
outer,nato_outer_o4__train_quality_pass__test_quality_pass,4,siamese,deterministic_edge_triplet,derivative_1,triplet,2718,session3_row291,4_ANPP,4_ANPP,-0.0957134664058685,True,True,Agilent-1,pSERS_Metrohm_silver,,,4_ANPP,quality_pass,0.7292544166730427
outer,nato_outer_o4__train_quality_pass__test_quality_pass,4,siamese,deterministic_edge_triplet,derivative_1,triplet,2718,session3_row292,4_ANPP,blank,-0.5764216780662537,True,False,Pendar-1,NRC_Canadian_SERS,,,4_ANPP,quality_pass,0.42905533695430625
outer,nato_outer_o4__train_quality_pass__test_quality_pass,4,siamese,deterministic_edge_triplet,derivative_1,triplet,2718,session3_row293,blank,benzyl_fentanyl,-0.5176281929016113,True,False,Mira-3,pSERS_Metrohm_silver,,,blank,quality_pass,0.46765105782547667
outer,nato_outer_o4__train_quality_pass__test_quality_pass,4,siamese,deterministic_edge_triplet,derivative_1,triplet,2718,session3_row303,blank,blank,-0.362065851688385,True,True,Agilent-1,pSERS_Metrohm_silver,,,blank,quality_pass,0.570411035341765
outer,nato_outer_o4__train_quality_pass__test_quality_pass,4,siamese,deterministic_edge_triplet,derivative_1,triplet,2718,session3_row308,4_ANPP,blank,-0.5871925950050354,True,False,Agilent-1,NRC_Canadian_SERS,,,4_ANPP,quality_pass,0.4220632602497635
outer,nato_outer_o4__train_quality_pass__test_quality_pass,4,siamese,deterministic_edge_triplet,derivative_1,triplet,2718,session3_row309,4_ANPP,4_ANPP,-0.1514407843351364,True,True,Agilent-1,pSERS_Metrohm_silver,,,4_ANPP,quality_pass,0.6990663514769586
outer,nato_outer_o4__train_quality_pass__test_quality_pass,4,siamese,deterministic_edge_triplet,derivative_1,triplet,2718,session3_row316,4_ANPP,4_ANPP,-0.4463528990745544,True,True,Pendar-1,NRC_Canadian_SERS,,,4_ANPP,quality_pass,0.5149203317702062
outer,nato_outer_o4__train_quality_pass__test_quality_pass,4,siamese,deterministic_edge_triplet,derivative_1,triplet,2718,session3_row318,blank,blank,-0.4446647465229034,True,True,Pendar-1,NRC_Canadian_SERS,,,blank,quality_pass,0.5160400046003359
outer,nato_outer_o4__train_quality_pass__test_quality_pass,4,siamese,deterministic_edge_triplet,derivative_1,triplet,2718,session3_row319,blank,benzyl_fentanyl,-0.3402511179447174,True,False,Mira-3,NRC_Canadian_SERS,,,blank,quality_pass,0.5845448135420017
outer,nato_outer_o4__train_quality_pass__test_quality_pass,4,siamese,deterministic_edge_triplet,derivative_1,triplet,2718,session3_row325,4_ANPP,4_ANPP,-0.3528240621089935,True,True,Mira-3,NRC_Canadian_SERS,,,4_ANPP,quality_pass,0.5764142190768082
outer,nato_outer_o4__train_quality_pass__test_quality_pass,4,siamese,deterministic_edge_triplet,derivative_1,triplet,2718,session3_row333,blank,blank,-0.4293277859687805,True,True,Pendar-1,pSERS_Metrohm_silver,,,blank,quality_pass,0.5262035360663705
outer,nato_outer_o4__train_quality_pass__test_quality_pass,4,siamese,deterministic_edge_triplet,derivative_1,triplet,2718,session3_row340,blank,blank,-0.3515726029872894,True,True,Mira-3,NRC_Canadian_SERS,,,blank,quality_pass,0.5772254381734776
outer,nato_outer_o4__train_quality_pass__test_quality_pass,4,siamese,deterministic_edge_triplet,derivative_1,triplet,2718,session3_row342,4_ANPP,4_ANPP,-0.5143876075744629,True,True,Mira-3,NRC_Canadian_SERS,,,4_ANPP,quality_pass,0.46979402799818115
outer,nato_outer_o4__train_quality_pass__test_quality_pass,4,siamese,deterministic_edge_triplet,derivative_1,triplet,2718,session3_row348,4_ANPP,4_ANPP,-0.2605135142803192,True,True,Pendar-1,pSERS_Metrohm_silver,,,4_ANPP,quality_pass,0.6348792452780706
outer,nato_outer_o4__train_quality_pass__test_quality_pass,4,siamese,deterministic_edge_triplet,derivative_1,triplet,2718,session3_row389,acetaminophen,acetaminophen,-0.342773288488388,True,True,RMX-2,pSERS_Metrohm_silver,,,acetaminophen,quality_pass,0.5829173287883166
outer,nato_outer_o4__train_quality_pass__test_quality_pass,4,siamese,deterministic_edge_triplet,derivative_1,triplet,2718,session3_row395,benzyl_fentanyl,benzyl_fentanyl,-0.1005522236227989,True,True,Pendar-3,pSERS_Metrohm_silver,,,benzyl_fentanyl,quality_pass,0.7267098979745819
outer,nato_outer_o4__train_quality_pass__test_quality_pass,4,siamese,deterministic_edge_triplet,derivative_1,triplet,2718,session3_row396,benzyl_fentanyl,benzyl_fentanyl,-0.0948398038744926,True,True,RMX-2,pSERS_Metrohm_silver,,,benzyl_fentanyl,quality_pass,0.7297122518361637
outer,nato_outer_o4__train_quality_pass__test_quality_pass,4,siamese,deterministic_edge_triplet,derivative_1,triplet,2718,session3_row405,acetaminophen,4_nitrophenol,-0.222859501838684,True,False,Agilent-3,pSERS_Metrohm_silver,,,acetaminophen,quality_pass,0.6577310258284293
outer,nato_outer_o4__train_quality_pass__test_quality_pass,4,siamese,deterministic_edge_triplet,derivative_1,triplet,2718,session3_row409,benzyl_fentanyl,benzyl_fentanyl,-0.0742517411708831,True,True,Mira-1,pSERS_Metrohm_silver,,,benzyl_fentanyl,quality_pass,0.740359133506736
outer,nato_outer_o4__train_quality_pass__test_quality_pass,4,siamese,deterministic_edge_triplet,derivative_1,triplet,2718,session3_row410,benzyl_fentanyl,benzyl_fentanyl,-0.0582923293113708,True,True,Agilent-3,pSERS_Metrohm_silver,,,benzyl_fentanyl,quality_pass,0.7484226131438632
outer,nato_outer_o4__train_quality_pass__test_quality_pass,4,siamese,deterministic_edge_triplet,derivative_1,triplet,2718,session3_row417,benzyl_fentanyl,benzyl_fentanyl,-0.0699853673577308,True,True,Mira-1,pSERS_Metrohm_silver,,,benzyl_fentanyl,quality_pass,0.7425310584899539
outer,nato_outer_o4__train_quality_pass__test_quality_pass,4,siamese,deterministic_edge_triplet,derivative_1,triplet,2718,session3_row418,benzyl_fentanyl,benzyl_fentanyl,-0.0798309370875358,True,True,Agilent-3,pSERS_Metrohm_silver,,,benzyl_fentanyl,quality_pass,0.7375009863698501
outer,nato_outer_o4__train_quality_pass__test_quality_pass,4,siamese,deterministic_edge_triplet,derivative_1,triplet,2718,session3_row421,benzyl_fentanyl,benzyl_fentanyl,-0.384002536535263,True,True,Pendar-3,pSERS_Metrohm_silver,,,benzyl_fentanyl,quality_pass,0.5560815737735957
outer,nato_outer_o4__train_quality_pass__test_quality_pass,4,siamese,deterministic_edge_triplet,derivative_1,triplet,2718,session3_row422,benzyl_fentanyl,benzyl_fentanyl,-0.1180119216442108,True,True,RMX-2,pSERS_Metrohm_silver,,,benzyl_fentanyl,quality_pass,0.7174054966261252
outer,nato_outer_o4__train_quality_pass__test_quality_pass,4,siamese,deterministic_edge_triplet,derivative_1,triplet,2718,session3_row455,acetaminophen,acetaminophen,-0.2764042019844055,True,True,Pendar-3,pSERS_Metrohm_silver,,,acetaminophen,quality_pass,0.6250427453358893
outer,nato_outer_o4__train_quality_pass__test_quality_pass,4,siamese,deterministic_edge_triplet,derivative_1,triplet,2718,session3_row456,acetaminophen,acetaminophen,-0.2869286835193634,True,True,RMX-2,pSERS_Metrohm_silver,,,acetaminophen,quality_pass,0.6184700978189602
outer,nato_outer_o4__train_quality_pass__test_quality_pass,4,siamese,deterministic_edge_triplet,derivative_1,triplet,2718,session3_row467,acetaminophen,acetaminophen,-0.2101840525865554,True,True,Mira-1,pSERS_Metrohm_silver,,,acetaminophen,quality_pass,0.6652679622689971
outer,nato_outer_o4__train_quality_pass__test_quality_pass,4,siamese,deterministic_edge_triplet,derivative_1,triplet,2718,session3_row468,acetaminophen,acetaminophen,-0.1836965084075927,True,True,Agilent-3,pSERS_Metrohm_silver,,,acetaminophen,quality_pass,0.6807452646453902
outer,nato_outer_o4__train_quality_pass__test_quality_pass,4,siamese,deterministic_edge_triplet,derivative_1,triplet,3141,session1_row52,blank,blank,-0.3824307024478912,True,True,Mira-3,pSERS_Metrohm_silver,,,blank,quality_pass,0.5911564744028979
outer,nato_outer_o4__train_quality_pass__test_quality_pass,4,siamese,deterministic_edge_triplet,derivative_1,triplet,3141,session1_row114,acetaminophen,blank,-0.3022172451019287,True,False,Pendar-3,NRC_Canadian_SERS,,,acetaminophen,quality_pass,0.6395428212286502
outer,nato_outer_o4__train_quality_pass__test_quality_pass,4,siamese,deterministic_edge_triplet,derivative_1,triplet,3141,session1_row129,benzyl_fentanyl,benzyl_fentanyl,-0.3019028007984161,True,True,Pendar-3,pSERS_Metrohm_silver,,,benzyl_fentanyl,quality_pass,0.6397277247084838
outer,nato_outer_o4__train_quality_pass__test_quality_pass,4,siamese,deterministic_edge_triplet,derivative_1,triplet,3141,session1_row133,benzyl_fentanyl,benzyl_fentanyl,-0.1817358434200287,True,True,RMX-2,pSERS_Metrohm_silver,,,benzyl_fentanyl,quality_pass,0.7069755330822328
outer,nato_outer_o4__train_quality_pass__test_quality_pass,4,siamese,deterministic_edge_triplet,derivative_1,triplet,3141,session1_row134,benzyl_fentanyl,4_ANPP,-0.2456460893154144,True,False,RMX-2,NRC_Canadian_SERS,,,benzyl_fentanyl,quality_pass,0.6721000806928757
outer,nato_outer_o4__train_quality_pass__test_quality_pass,4,siamese,deterministic_edge_triplet,derivative_1,triplet,3141,session1_row137,benzyl_fentanyl,benzyl_fentanyl,-0.4492901861667633,True,True,Pendar-3,pSERS_Metrohm_silver,,,benzyl_fentanyl,quality_pass,0.5493842997873197
outer,nato_outer_o4__train_quality_pass__test_quality_pass,4,siamese,deterministic_edge_triplet,derivative_1,triplet,3141,session1_row139,benzyl_fentanyl,blank,-0.4997380971908569,True,False,Pendar-3,NRC_Canadian_SERS,,,benzyl_fentanyl,quality_pass,0.5173644883249903
outer,nato_outer_o4__train_quality_pass__test_quality_pass,4,siamese,deterministic_edge_triplet,derivative_1,triplet,3141,session1_row140,benzyl_fentanyl,benzyl_fentanyl,-0.1210825964808464,True,True,RMX-2,pSERS_Metrohm_silver,,,benzyl_fentanyl,quality_pass,0.7379754120516572
outer,nato_outer_o4__train_quality_pass__test_quality_pass,4,siamese,deterministic_edge_triplet,derivative_1,triplet,3141,session1_row141,benzyl_fentanyl,4_ANPP,-0.5164421796798706,True,False,RMX-2,NRC_Canadian_SERS,,,benzyl_fentanyl,quality_pass,0.5067176437370864
outer,nato_outer_o4__train_quality_pass__test_quality_pass,4,siamese,deterministic_edge_triplet,derivative_1,triplet,3141,session1_row225,4_nitrophenol,ethanol,-0.2485871911048889,True,False,Mira-2,H_SERS_H_Kit,,,4_nitrophenol,quality_pass,0.6704444208794974
outer,nato_outer_o4__train_quality_pass__test_quality_pass,4,siamese,deterministic_edge_triplet,derivative_1,triplet,3141,session1_row229,ethyl_paraoxon,ethyl_paraoxon,-0.1459639370441436,True,True,Mira-2,H_SERS_H_Kit,,,ethyl_paraoxon,quality_pass,0.7255174608217512
outer,nato_outer_o4__train_quality_pass__test_quality_pass,4,siamese,deterministic_edge_triplet,derivative_1,triplet,3141,session1_row236,ethanol,ethanol,-0.1228081360459327,True,True,Mira-2,H_SERS_H_Kit,,,ethanol,quality_pass,0.7371233130986159
outer,nato_outer_o4__train_quality_pass__test_quality_pass,4,siamese,deterministic_edge_triplet,derivative_1,triplet,3141,session1_row241,4_nitrophenol,4_nitrophenol,-0.2891700565814972,True,True,Agilent-3,H_SERS_H_Kit,,,4_nitrophenol,quality_pass,0.6471796763400446
outer,nato_outer_o4__train_quality_pass__test_quality_pass,4,siamese,deterministic_edge_triplet,derivative_1,triplet,3141,session1_row250,4_nitrophenol,4_nitrophenol,-0.0493635348975658,True,True,RMX-1,H_SERS_H_Kit,,,4_nitrophenol,quality_pass,0.7717879015427023
outer,nato_outer_o4__train_quality_pass__test_quality_pass,4,siamese,deterministic_edge_triplet,derivative_1,triplet,3141,session1_row254,4_nitrophenol,4_nitrophenol,-0.1094576194882392,True,True,Mira-2,H_SERS_H_Kit,,,4_nitrophenol,quality_pass,0.7436694039825396
outer,nato_outer_o4__train_quality_pass__test_quality_pass,4,siamese,deterministic_edge_triplet,derivative_1,triplet,3141,session1_row258,4_nitrophenol,4_nitrophenol,-0.096042476594448,True,True,Pendar-2,H_SERS_H_Kit,,,4_nitrophenol,quality_pass,0.7501386500449482
outer,nato_outer_o4__train_quality_pass__test_quality_pass,4,siamese,deterministic_edge_triplet,derivative_1,triplet,3141,session2_row46,blank,blank,-0.0991872102022171,True,True,Mira-3,pSERS_Metrohm_silver,,,blank,quality_pass,0.7486319693455602
outer,nato_outer_o4__train_quality_pass__test_quality_pass,4,siamese,deterministic_edge_triplet,derivative_1,triplet,3141,session2_row92,4_ANPP,4_ANPP,-0.1624546647071838,True,True,Pendar-3,pSERS_Metrohm_silver,,,4_ANPP,quality_pass,0.7170606927068591
outer,nato_outer_o4__train_quality_pass__test_quality_pass,4,siamese,deterministic_edge_triplet,derivative_1,triplet,3141,session2_row93,4_ANPP,4_ANPP,-0.1211704835295677,True,True,Mira-3,pSERS_Metrohm_silver,,,4_ANPP,quality_pass,0.7379320551069096
outer,nato_outer_o4__train_quality_pass__test_quality_pass,4,siamese,deterministic_edge_triplet,derivative_1,triplet,3141,session2_row94,4_ANPP,4_ANPP,-0.135620504617691,True,True,Pendar-3,pSERS_Metrohm_silver,,,4_ANPP,quality_pass,0.7307408476121685
outer,nato_outer_o4__train_quality_pass__test_quality_pass,4,siamese,deterministic_edge_triplet,derivative_1,triplet,3141,session2_row95,4_ANPP,4_ANPP,-0.1251796334981918,True,True,Mira-3,pSERS_Metrohm_silver,,,4_ANPP,quality_pass,0.7359493249538773
outer,nato_outer_o4__train_quality_pass__test_quality_pass,4,siamese,deterministic_edge_triplet,derivative_1,triplet,3141,session2_row104,blank,blank,-0.3043650984764099,True,True,Mira-3,pSERS_Metrohm_silver,,,blank,quality_pass,0.6382787087373087
outer,nato_outer_o4__train_quality_pass__test_quality_pass,4,siamese,deterministic_edge_triplet,derivative_1,triplet,3141,session2_row114,blank,blank,-0.0754213407635688,True,True,Agilent-3,pSERS_Metrohm_silver,,,blank,quality_pass,0.7598684402768437
outer,nato_outer_o4__train_quality_pass__test_quality_pass,4,siamese,deterministic_edge_triplet,derivative_1,triplet,3141,session2_row121,4_ANPP,4_ANPP,-0.3266443610191345,True,True,Agilent-3,pSERS_Metrohm_silver,,,4_ANPP,quality_pass,0.6250559878102069
outer,nato_outer_o4__train_quality_pass__test_quality_pass,4,siamese,deterministic_edge_triplet,derivative_1,triplet,3141,session2_row122,4_ANPP,4_ANPP,-0.3432841598987579,True,True,Agilent-3,pSERS_Metrohm_silver,,,4_ANPP,quality_pass,0.6150558457131724
outer,nato_outer_o4__train_quality_pass__test_quality_pass,4,siamese,deterministic_edge_triplet,derivative_1,triplet,3141,session2_row124,blank,blank,-0.232141226530075,True,True,Agilent-3,pSERS_Metrohm_silver,,,blank,quality_pass,0.6796472133981806
outer,nato_outer_o4__train_quality_pass__test_quality_pass,4,siamese,deterministic_edge_triplet,derivative_1,triplet,3141,session2_row138,acetaminophen,blank,-0.252439796924591,True,False,Pendar-2,pSERS_Metrohm_silver,,,acetaminophen,quality_pass,0.6682692301688776
outer,nato_outer_o4__train_quality_pass__test_quality_pass,4,siamese,deterministic_edge_triplet,derivative_1,triplet,3141,session2_row139,acetaminophen,acetaminophen,-0.4015641510486603,True,True,Pendar-2,pSERS_Metrohm_silver,,,acetaminophen,quality_pass,0.5793088958357319
outer,nato_outer_o4__train_quality_pass__test_quality_pass,4,siamese,deterministic_edge_triplet,derivative_1,triplet,3141,session2_row155,acetaminophen,acetaminophen,-0.2959985733032226,True,True,RMX-2,pSERS_Metrohm_silver,,,acetaminophen,quality_pass,0.6431918574323829
outer,nato_outer_o4__train_quality_pass__test_quality_pass,4,siamese,deterministic_edge_triplet,derivative_1,triplet,3141,session2_row159,benzyl_fentanyl,benzyl_fentanyl,-0.3318289816379547,True,True,Pendar-2,pSERS_Metrohm_silver,,,benzyl_fentanyl,quality_pass,0.6219511308145548
outer,nato_outer_o4__train_quality_pass__test_quality_pass,4,siamese,deterministic_edge_triplet,derivative_1,triplet,3141,session2_row173,benzyl_fentanyl,benzyl_fentanyl,-0.2892166376113891,True,True,Pendar-2,pSERS_Metrohm_silver,,,benzyl_fentanyl,quality_pass,0.6471525418398607
outer,nato_outer_o4__train_quality_pass__test_quality_pass,4,siamese,deterministic_edge_triplet,derivative_1,triplet,3141,session2_row179,benzyl_fentanyl,acetaminophen,-0.5259125232696533,True,False,RMX-2,pSERS_Metrohm_silver,,,benzyl_fentanyl,quality_pass,0.5006781103386405
outer,nato_outer_o4__train_quality_pass__test_quality_pass,4,siamese,deterministic_edge_triplet,derivative_1,triplet,3141,session2_row181,benzyl_fentanyl,benzyl_fentanyl,-0.0937273353338241,True,True,RMX-2,pSERS_Metrohm_silver,,,benzyl_fentanyl,quality_pass,0.7512440066365433
outer,nato_outer_o4__train_quality_pass__test_quality_pass,4,siamese,deterministic_edge_triplet,derivative_1,triplet,3141,session2_row189,acetaminophen,ethanol,-0.3849434852600097,True,False,Pendar-2,pSERS_Metrohm_silver,,,acetaminophen,quality_pass,0.5896062535598546
outer,nato_outer_o4__train_quality_pass__test_quality_pass,4,siamese,deterministic_edge_triplet,derivative_1,triplet,3141,session2_row205,acetaminophen,acetaminophen,-0.1689132899045944,True,True,RMX-2,pSERS_Metrohm_silver,,,acetaminophen,quality_pass,0.7137059276843665
outer,nato_outer_o4__train_quality_pass__test_quality_pass,4,siamese,deterministic_edge_triplet,derivative_1,triplet,3141,session2_row233,benzyl_fentanyl,benzyl_fentanyl,-0.4088699221611023,True,True,RMX-2,pSERS_Metrohm_silver,,,benzyl_fentanyl,quality_pass,0.5747601036135473
outer,nato_outer_o4__train_quality_pass__test_quality_pass,4,siamese,deterministic_edge_triplet,derivative_1,triplet,3141,session2_row251,benzyl_fentanyl,benzyl_fentanyl,-0.159691110253334,True,True,Pendar-2,pSERS_Metrohm_silver,,,benzyl_fentanyl,quality_pass,0.7184888565076489
outer,nato_outer_o4__train_quality_pass__test_quality_pass,4,siamese,deterministic_edge_triplet,derivative_1,triplet,3141,session2_row254,benzyl_fentanyl,benzyl_fentanyl,-0.2189662903547287,True,True,RMX-2,pSERS_Metrohm_silver,,,benzyl_fentanyl,quality_pass,0.6869205252721754
outer,nato_outer_o4__train_quality_pass__test_quality_pass,4,siamese,deterministic_edge_triplet,derivative_1,triplet,3141,session2_row257,4_ANPP,4_ANPP,-0.2026064395904541,True,True,RMX-2,pSERS_Metrohm_silver,,,4_ANPP,quality_pass,0.6958254382268855
outer,nato_outer_o4__train_quality_pass__test_quality_pass,4,siamese,deterministic_edge_triplet,derivative_1,triplet,3141,session2_row263,4_ANPP,4_ANPP,-0.1928144097328186,True,True,Pendar-2,pSERS_Metrohm_silver,,,4_ANPP,quality_pass,0.7010865899603352
outer,nato_outer_o4__train_quality_pass__test_quality_pass,4,siamese,deterministic_edge_triplet,derivative_1,triplet,3141,session2_row270,benzyl_fentanyl,benzyl_fentanyl,-0.1586568802595138,True,True,Pendar-2,pSERS_Metrohm_silver,,,benzyl_fentanyl,quality_pass,0.7190222023342335
outer,nato_outer_o4__train_quality_pass__test_quality_pass,4,siamese,deterministic_edge_triplet,derivative_1,triplet,3141,session2_row289,4_nitrophenol,4_nitrophenol,-0.3353781998157501,True,True,RMX-1,H_SERS_H_Kit,,,4_nitrophenol,quality_pass,0.6198198512430567
outer,nato_outer_o4__train_quality_pass__test_quality_pass,4,siamese,deterministic_edge_triplet,derivative_1,triplet,3141,session2_row296,4_nitrophenol,ethyl_paraoxon,-0.0238443743437528,True,False,Agilent-3,H_SERS_H_Kit,,,4_nitrophenol,quality_pass,0.7830511028628296
outer,nato_outer_o4__train_quality_pass__test_quality_pass,4,siamese,deterministic_edge_triplet,derivative_1,triplet,3141,session2_row297,4_nitrophenol,4_nitrophenol,-0.2855811715126037,True,True,Mira-2,H_SERS_H_Kit,,,4_nitrophenol,quality_pass,0.6492674183998081
outer,nato_outer_o4__train_quality_pass__test_quality_pass,4,siamese,deterministic_edge_triplet,derivative_1,triplet,3141,session2_row306,4_nitrophenol,ethanol,-0.3303701281547546,True,False,RMX-1,NRC_Canadian_SERS,,,4_nitrophenol,quality_pass,0.6228258023543899
outer,nato_outer_o4__train_quality_pass__test_quality_pass,4,siamese,deterministic_edge_triplet,derivative_1,triplet,3141,session2_row316,4_nitrophenol,ethyl_paraoxon,-0.2736786007881164,True,False,Mira-2,NRC_Canadian_SERS,,,4_nitrophenol,quality_pass,0.6561502950732474
outer,nato_outer_o4__train_quality_pass__test_quality_pass,4,siamese,deterministic_edge_triplet,derivative_1,triplet,3141,session2_row337,ethyl_paraoxon,ethyl_paraoxon,-0.0227891411632299,True,True,RMX-1,H_SERS_H_Kit,,,ethyl_paraoxon,quality_pass,0.7835080769920979
outer,nato_outer_o4__train_quality_pass__test_quality_pass,4,siamese,deterministic_edge_triplet,derivative_1,triplet,3141,session2_row341,ethyl_paraoxon,ethyl_paraoxon,-0.0466230288147926,True,True,Mira-2,H_SERS_H_Kit,,,ethyl_paraoxon,quality_pass,0.7730169467981383
outer,nato_outer_o4__train_quality_pass__test_quality_pass,4,siamese,deterministic_edge_triplet,derivative_1,triplet,3141,session2_row348,ethyl_paraoxon,ethanol,-0.2564082741737366,True,False,RMX-1,NRC_Canadian_SERS,,,ethyl_paraoxon,quality_pass,0.6660210839475809
outer,nato_outer_o4__train_quality_pass__test_quality_pass,4,siamese,deterministic_edge_triplet,derivative_1,triplet,3141,session2_row350,ethyl_paraoxon,ethanol,-0.3165435791015625,True,False,Mira-2,NRC_Canadian_SERS,,,ethyl_paraoxon,quality_pass,0.6310752854988725
outer,nato_outer_o4__train_quality_pass__test_quality_pass,4,siamese,deterministic_edge_triplet,derivative_1,triplet,3141,session2_row351,ethyl_paraoxon,ethyl_paraoxon,-0.1611353605985641,True,True,Mira-2,NRC_Canadian_SERS,,,ethyl_paraoxon,quality_pass,0.7177430364720025
outer,nato_outer_o4__train_quality_pass__test_quality_pass,4,siamese,deterministic_edge_triplet,derivative_1,triplet,3141,session2_row374,ethanol,ethanol,-0.3000778257846832,True,True,RMX-1,H_SERS_H_Kit,,,ethanol,quality_pass,0.6408000496438374
outer,nato_outer_o4__train_quality_pass__test_quality_pass,4,siamese,deterministic_edge_triplet,derivative_1,triplet,3141,session2_row381,ethanol,ethyl_paraoxon,-0.3585913181304931,True,False,Mira-2,H_SERS_H_Kit,,,ethanol,quality_pass,0.6057697372610417
outer,nato_outer_o4__train_quality_pass__test_quality_pass,4,siamese,deterministic_edge_triplet,derivative_1,triplet,3141,session2_row391,ethanol,ethyl_paraoxon,-0.0625756457448005,True,False,Mira-2,NRC_Canadian_SERS,,,ethanol,quality_pass,0.7657970189771675
outer,nato_outer_o4__train_quality_pass__test_quality_pass,4,siamese,deterministic_edge_triplet,derivative_1,triplet,3141,session3_row31,4_nitrophenol,4_nitrophenol,-0.1726834625005722,True,True,RMX-1,H_SERS_H_Kit,,,4_nitrophenol,quality_pass,0.7117366371119052
outer,nato_outer_o4__train_quality_pass__test_quality_pass,4,siamese,deterministic_edge_triplet,derivative_1,triplet,3141,session3_row33,4_nitrophenol,ethyl_paraoxon,-0.0820154696702957,True,False,Mira-2,H_SERS_H_Kit,,,4_nitrophenol,quality_pass,0.75678550656297
outer,nato_outer_o4__train_quality_pass__test_quality_pass,4,siamese,deterministic_edge_triplet,derivative_1,triplet,3141,session3_row98,4_nitrophenol,ethyl_paraoxon,-0.0237062480300664,True,False,RMX-1,H_SERS_H_Kit,,,4_nitrophenol,quality_pass,0.783110958813813
outer,nato_outer_o4__train_quality_pass__test_quality_pass,4,siamese,deterministic_edge_triplet,derivative_1,triplet,3141,session3_row99,4_nitrophenol,ethyl_paraoxon,-0.0236415062099695,True,False,Mira-2,H_SERS_H_Kit,,,4_nitrophenol,quality_pass,0.7831390100617796
outer,nato_outer_o4__train_quality_pass__test_quality_pass,4,siamese,deterministic_edge_triplet,derivative_1,triplet,3141,session3_row130,ethyl_paraoxon,ethyl_paraoxon,-0.1431881487369537,True,True,Mira-2,H_SERS_H_Kit,,,ethyl_paraoxon,quality_pass,0.7269253899869127
outer,nato_outer_o4__train_quality_pass__test_quality_pass,4,siamese,deterministic_edge_triplet,derivative_1,triplet,3141,session3_row139,ethanol,ethyl_paraoxon,-0.1273649483919143,True,False,Mira-2,H_SERS_H_Kit,,,ethanol,quality_pass,0.7348645330832425
outer,nato_outer_o4__train_quality_pass__test_quality_pass,4,siamese,deterministic_edge_triplet,derivative_1,triplet,3141,session3_row164,ethanol,ethanol,-0.081812597811222,True,True,Mira-2,H_SERS_H_Kit,,,ethanol,quality_pass,0.7568807539398416
outer,nato_outer_o4__train_quality_pass__test_quality_pass,4,siamese,deterministic_edge_triplet,derivative_1,triplet,3141,session3_row165,ethanol,ethanol,-0.0643773674964904,True,True,Mira-2,H_SERS_H_Kit,,,ethanol,quality_pass,0.7649716452734531
outer,nato_outer_o4__train_quality_pass__test_quality_pass,4,siamese,deterministic_edge_triplet,derivative_1,triplet,3141,session3_row231,blank,blank,-0.2199603170156479,True,True,Mira-3,pSERS_Metrohm_silver,,,blank,quality_pass,0.6863749037712417
outer,nato_outer_o4__train_quality_pass__test_quality_pass,4,siamese,deterministic_edge_triplet,derivative_1,triplet,3141,session3_row265,blank,blank,-0.1174143105745315,True,True,Agilent-1,pSERS_Metrohm_silver,,,blank,quality_pass,0.7397809413144325
outer,nato_outer_o4__train_quality_pass__test_quality_pass,4,siamese,deterministic_edge_triplet,derivative_1,triplet,3141,session3_row279,4_ANPP,4_ANPP,-0.2917816638946533,True,True,Agilent-1,pSERS_Metrohm_silver,,,4_ANPP,quality_pass,0.6456568952276946
outer,nato_outer_o4__train_quality_pass__test_quality_pass,4,siamese,deterministic_edge_triplet,derivative_1,triplet,3141,session3_row281,4_ANPP,4_ANPP,-0.4552163481712341,True,True,Pendar-1,pSERS_Metrohm_silver,,,4_ANPP,quality_pass,0.5456388942232179
outer,nato_outer_o4__train_quality_pass__test_quality_pass,4,siamese,deterministic_edge_triplet,derivative_1,triplet,3141,session3_row284,4_ANPP,4_ANPP,-0.0990649387240409,True,True,Pendar-1,pSERS_Metrohm_silver,,,4_ANPP,quality_pass,0.7486906637324793
outer,nato_outer_o4__train_quality_pass__test_quality_pass,4,siamese,deterministic_edge_triplet,derivative_1,triplet,3141,session3_row288,4_ANPP,4_ANPP,-0.2774767577648163,True,True,Agilent-1,pSERS_Metrohm_silver,,,4_ANPP,quality_pass,0.6539608918050099
outer,nato_outer_o4__train_quality_pass__test_quality_pass,4,siamese,deterministic_edge_triplet,derivative_1,triplet,3141,session3_row290,4_ANPP,4_ANPP,-0.1388596445322036,True,True,Mira-3,pSERS_Metrohm_silver,,,4_ANPP,quality_pass,0.7291118643283598
outer,nato_outer_o4__train_quality_pass__test_quality_pass,4,siamese,deterministic_edge_triplet,derivative_1,triplet,3141,session3_row291,4_ANPP,4_ANPP,-0.3112119734287262,True,True,Agilent-1,pSERS_Metrohm_silver,,,4_ANPP,quality_pass,0.6342362772641841
outer,nato_outer_o4__train_quality_pass__test_quality_pass,4,siamese,deterministic_edge_triplet,derivative_1,triplet,3141,session3_row292,4_ANPP,blank,-0.3837422728538513,True,False,Pendar-1,NRC_Canadian_SERS,,,4_ANPP,quality_pass,0.5903475462682476
outer,nato_outer_o4__train_quality_pass__test_quality_pass,4,siamese,deterministic_edge_triplet,derivative_1,triplet,3141,session3_row293,blank,acetaminophen,-0.4256976246833801,True,False,Mira-3,pSERS_Metrohm_silver,,,blank,quality_pass,0.564235608326122
outer,nato_outer_o4__train_quality_pass__test_quality_pass,4,siamese,deterministic_edge_triplet,derivative_1,triplet,3141,session3_row303,blank,blank,-0.4541684091091156,True,True,Agilent-1,pSERS_Metrohm_silver,,,blank,quality_pass,0.546301592640181
outer,nato_outer_o4__train_quality_pass__test_quality_pass,4,siamese,deterministic_edge_triplet,derivative_1,triplet,3141,session3_row308,4_ANPP,acetaminophen,-0.5331922769546509,True,False,Agilent-1,NRC_Canadian_SERS,,,4_ANPP,quality_pass,0.4960353575221378
outer,nato_outer_o4__train_quality_pass__test_quality_pass,4,siamese,deterministic_edge_triplet,derivative_1,triplet,3141,session3_row309,4_ANPP,4_ANPP,-0.2388640642166137,True,True,Agilent-1,pSERS_Metrohm_silver,,,4_ANPP,quality_pass,0.6759016183131844
outer,nato_outer_o4__train_quality_pass__test_quality_pass,4,siamese,deterministic_edge_triplet,derivative_1,triplet,3141,session3_row316,4_ANPP,4_ANPP,-0.2317282259464264,True,True,Pendar-1,NRC_Canadian_SERS,,,4_ANPP,quality_pass,0.6798765678413091
outer,nato_outer_o4__train_quality_pass__test_quality_pass,4,siamese,deterministic_edge_triplet,derivative_1,triplet,3141,session3_row318,blank,ethyl_paraoxon,-0.356058806180954,True,False,Pendar-1,NRC_Canadian_SERS,,,blank,quality_pass,0.6073115709656594
outer,nato_outer_o4__train_quality_pass__test_quality_pass,4,siamese,deterministic_edge_triplet,derivative_1,triplet,3141,session3_row319,blank,benzyl_fentanyl,-0.1575629413127899,True,False,Mira-3,NRC_Canadian_SERS,,,blank,quality_pass,0.7195856692395809
outer,nato_outer_o4__train_quality_pass__test_quality_pass,4,siamese,deterministic_edge_triplet,derivative_1,triplet,3141,session3_row325,4_ANPP,4_ANPP,-0.1655124127864837,True,True,Mira-3,NRC_Canadian_SERS,,,4_ANPP,quality_pass,0.7154753931020581
outer,nato_outer_o4__train_quality_pass__test_quality_pass,4,siamese,deterministic_edge_triplet,derivative_1,triplet,3141,session3_row333,blank,blank,-0.3081588745117187,True,True,Pendar-1,pSERS_Metrohm_silver,,,blank,quality_pass,0.6360412192136056
outer,nato_outer_o4__train_quality_pass__test_quality_pass,4,siamese,deterministic_edge_triplet,derivative_1,triplet,3141,session3_row340,blank,blank,-0.2259186208248138,True,True,Mira-3,NRC_Canadian_SERS,,,blank,quality_pass,0.6830936092280578
outer,nato_outer_o4__train_quality_pass__test_quality_pass,4,siamese,deterministic_edge_triplet,derivative_1,triplet,3141,session3_row342,4_ANPP,4_ANPP,-0.2561259567737579,True,True,Mira-3,NRC_Canadian_SERS,,,4_ANPP,quality_pass,0.6661812680490432
outer,nato_outer_o4__train_quality_pass__test_quality_pass,4,siamese,deterministic_edge_triplet,derivative_1,triplet,3141,session3_row348,4_ANPP,4_ANPP,-0.4173893928527832,True,True,Pendar-1,pSERS_Metrohm_silver,,,4_ANPP,quality_pass,0.5694396456134648
outer,nato_outer_o4__train_quality_pass__test_quality_pass,4,siamese,deterministic_edge_triplet,derivative_1,triplet,3141,session3_row389,acetaminophen,ethanol,-0.3394786417484283,True,False,RMX-2,pSERS_Metrohm_silver,,,acetaminophen,quality_pass,0.6173518067741594
outer,nato_outer_o4__train_quality_pass__test_quality_pass,4,siamese,deterministic_edge_triplet,derivative_1,triplet,3141,session3_row395,benzyl_fentanyl,benzyl_fentanyl,-0.1693666726350784,True,True,Pendar-3,pSERS_Metrohm_silver,,,benzyl_fentanyl,quality_pass,0.7134695368540082
outer,nato_outer_o4__train_quality_pass__test_quality_pass,4,siamese,deterministic_edge_triplet,derivative_1,triplet,3141,session3_row396,benzyl_fentanyl,benzyl_fentanyl,-0.1898138672113418,True,True,RMX-2,pSERS_Metrohm_silver,,,benzyl_fentanyl,quality_pass,0.7026882614065676
outer,nato_outer_o4__train_quality_pass__test_quality_pass,4,siamese,deterministic_edge_triplet,derivative_1,triplet,3141,session3_row405,acetaminophen,ethanol,-0.3317938446998596,True,False,Agilent-3,pSERS_Metrohm_silver,,,acetaminophen,quality_pass,0.6219722069048735
outer,nato_outer_o4__train_quality_pass__test_quality_pass,4,siamese,deterministic_edge_triplet,derivative_1,triplet,3141,session3_row409,benzyl_fentanyl,benzyl_fentanyl,-0.1926333606243133,True,True,Mira-1,pSERS_Metrohm_silver,,,benzyl_fentanyl,quality_pass,0.7011833731182381
outer,nato_outer_o4__train_quality_pass__test_quality_pass,4,siamese,deterministic_edge_triplet,derivative_1,triplet,3141,session3_row410,benzyl_fentanyl,benzyl_fentanyl,-0.2114445865154266,True,True,Agilent-3,pSERS_Metrohm_silver,,,benzyl_fentanyl,quality_pass,0.6910323614857715
outer,nato_outer_o4__train_quality_pass__test_quality_pass,4,siamese,deterministic_edge_triplet,derivative_1,triplet,3141,session3_row417,benzyl_fentanyl,benzyl_fentanyl,-0.1015829667448997,True,True,Mira-1,pSERS_Metrohm_silver,,,benzyl_fentanyl,quality_pass,0.7474800903150647
outer,nato_outer_o4__train_quality_pass__test_quality_pass,4,siamese,deterministic_edge_triplet,derivative_1,triplet,3141,session3_row418,benzyl_fentanyl,benzyl_fentanyl,-0.2293252497911453,True,True,Agilent-3,pSERS_Metrohm_silver,,,benzyl_fentanyl,quality_pass,0.6812093025102441
outer,nato_outer_o4__train_quality_pass__test_quality_pass,4,siamese,deterministic_edge_triplet,derivative_1,triplet,3141,session3_row421,benzyl_fentanyl,benzyl_fentanyl,-0.3151073157787323,True,True,Pendar-3,pSERS_Metrohm_silver,,,benzyl_fentanyl,quality_pass,0.631927935231788
outer,nato_outer_o4__train_quality_pass__test_quality_pass,4,siamese,deterministic_edge_triplet,derivative_1,triplet,3141,session3_row422,benzyl_fentanyl,benzyl_fentanyl,-0.2302154600620269,True,True,RMX-2,pSERS_Metrohm_silver,,,benzyl_fentanyl,quality_pass,0.6807159196421224
outer,nato_outer_o4__train_quality_pass__test_quality_pass,4,siamese,deterministic_edge_triplet,derivative_1,triplet,3141,session3_row455,acetaminophen,acetaminophen,-0.1918630599975586,True,True,Pendar-3,pSERS_Metrohm_silver,,,acetaminophen,quality_pass,0.70159495049672
outer,nato_outer_o4__train_quality_pass__test_quality_pass,4,siamese,deterministic_edge_triplet,derivative_1,triplet,3141,session3_row456,acetaminophen,acetaminophen,-0.2357908189296722,True,True,RMX-2,pSERS_Metrohm_silver,,,acetaminophen,quality_pass,0.6776166948733512
outer,nato_outer_o4__train_quality_pass__test_quality_pass,4,siamese,deterministic_edge_triplet,derivative_1,triplet,3141,session3_row467,acetaminophen,ethanol,-0.284219354391098,True,False,Mira-1,pSERS_Metrohm_silver,,,acetaminophen,quality_pass,0.650058132712087
outer,nato_outer_o4__train_quality_pass__test_quality_pass,4,siamese,deterministic_edge_triplet,derivative_1,triplet,3141,session3_row468,acetaminophen,acetaminophen,-0.1672860234975814,True,True,Agilent-3,pSERS_Metrohm_silver,,,acetaminophen,quality_pass,0.7145534111971731
outer,nato_outer_o4__train_quality_pass__test_field_quality_stress,4,siamese,deterministic_edge_triplet,derivative_1,triplet,1729,session1_row60,blank,acetaminophen,-0.2995513081550598,True,False,Pendar-2,pSERS_Metrohm_silver,,,blank,field_quality_stress,0.35106659174474225
outer,nato_outer_o4__train_quality_pass__test_field_quality_stress,4,siamese,deterministic_edge_triplet,derivative_1,triplet,1729,session1_row110,acetaminophen,ethyl_paraoxon,-0.2592637240886688,True,False,Pendar-3,H_SERS_H_Kit,,,acetaminophen,field_quality_stress,0.35728592251968994
outer,nato_outer_o4__train_quality_pass__test_field_quality_stress,4,siamese,deterministic_edge_triplet,derivative_1,triplet,1729,session1_row124,benzyl_fentanyl,acetaminophen,-0.3200516104698181,True,False,Pendar-3,NRC_Canadian_SERS,,,benzyl_fentanyl,field_quality_stress,0.3479210434005232
outer,nato_outer_o4__train_quality_pass__test_field_quality_stress,4,siamese,deterministic_edge_triplet,derivative_1,triplet,1729,session1_row179,4_nitrophenol,ethyl_paraoxon,-0.4026351273059845,True,False,Pendar-2,H_SERS_H_Kit,,,4_nitrophenol,field_quality_stress,0.33538546321050106
outer,nato_outer_o4__train_quality_pass__test_field_quality_stress,4,siamese,deterministic_edge_triplet,derivative_1,triplet,1729,session1_row183,ethyl_paraoxon,ethanol,-0.2323465347290039,True,False,Pendar-2,H_SERS_H_Kit,,,ethyl_paraoxon,field_quality_stress,0.3614683292351575
outer,nato_outer_o4__train_quality_pass__test_field_quality_stress,4,siamese,deterministic_edge_triplet,derivative_1,triplet,1729,session1_row190,4_nitrophenol,4_nitrophenol,-0.0453419983386993,True,True,Pendar-2,H_SERS_H_Kit,,,4_nitrophenol,field_quality_stress,0.39107751793672885
outer,nato_outer_o4__train_quality_pass__test_field_quality_stress,4,siamese,deterministic_edge_triplet,derivative_1,triplet,1729,session1_row200,ethyl_paraoxon,ethyl_paraoxon,-0.2189296185970306,True,True,Pendar-2,H_SERS_H_Kit,,,ethyl_paraoxon,field_quality_stress,0.3635609712531517
outer,nato_outer_o4__train_quality_pass__test_field_quality_stress,4,siamese,deterministic_edge_triplet,derivative_1,triplet,1729,session1_row212,ethanol,acetaminophen,-0.2556667327880859,True,False,Pendar-2,H_SERS_H_Kit,,,ethanol,field_quality_stress,0.35784358414318107
outer,nato_outer_o4__train_quality_pass__test_field_quality_stress,4,siamese,deterministic_edge_triplet,derivative_1,triplet,1729,session2_row45,blank,acetaminophen,-0.3174243867397308,True,False,Pendar-3,pSERS_Metrohm_silver,,,blank,field_quality_stress,0.3483234289065231
outer,nato_outer_o4__train_quality_pass__test_field_quality_stress,4,siamese,deterministic_edge_triplet,derivative_1,triplet,1729,session2_row67,blank,blank,-0.2971190810203552,True,True,Pendar-3,pSERS_Metrohm_silver,,,blank,field_quality_stress,0.3514406568808115
outer,nato_outer_o4__train_quality_pass__test_field_quality_stress,4,siamese,deterministic_edge_triplet,derivative_1,triplet,1729,session2_row103,blank,ethyl_paraoxon,-0.2690717875957489,True,False,Pendar-3,pSERS_Metrohm_silver,,,blank,field_quality_stress,0.3557672900195232
outer,nato_outer_o4__train_quality_pass__test_field_quality_stress,4,siamese,deterministic_edge_triplet,derivative_1,triplet,1729,session2_row187,acetaminophen,acetaminophen,-0.2961589395999908,True,True,Pendar-2,pSERS_Metrohm_silver,,,acetaminophen,field_quality_stress,0.3515883723909459
outer,nato_outer_o4__train_quality_pass__test_field_quality_stress,4,siamese,deterministic_edge_triplet,derivative_1,triplet,1729,session2_row188,acetaminophen,acetaminophen,-0.4376740455627441,True,True,Pendar-2,pSERS_Metrohm_silver,,,acetaminophen,field_quality_stress,0.3301349153637329
outer,nato_outer_o4__train_quality_pass__test_field_quality_stress,4,siamese,deterministic_edge_triplet,derivative_1,triplet,1729,session2_row342,ethyl_paraoxon,ethyl_paraoxon,-0.1258484870195388,True,True,Agilent-3,H_SERS_H_Kit,,,ethyl_paraoxon,field_quality_stress,0.3782177178228021
outer,nato_outer_o4__train_quality_pass__test_field_quality_stress,4,siamese,deterministic_edge_triplet,derivative_1,triplet,1729,session2_row359,ethyl_paraoxon,blank,-0.2992069125175476,True,False,Pendar-3,NRC_Canadian_SERS,,,ethyl_paraoxon,field_quality_stress,0.35111954707557724
outer,nato_outer_o4__train_quality_pass__test_field_quality_stress,4,siamese,deterministic_edge_triplet,derivative_1,triplet,1729,session2_row362,ethyl_paraoxon,ethyl_paraoxon,-0.3648490905761719,True,True,Pendar-3,NRC_Canadian_SERS,,,ethyl_paraoxon,field_quality_stress,0.34109362373278157
outer,nato_outer_o4__train_quality_pass__test_field_quality_stress,4,siamese,deterministic_edge_triplet,derivative_1,triplet,1729,session2_row375,ethanol,ethyl_paraoxon,-0.37547567486763,True,False,Pendar-3,H_SERS_H_Kit,,,ethanol,field_quality_stress,0.3394835645344812
outer,nato_outer_o4__train_quality_pass__test_field_quality_stress,4,siamese,deterministic_edge_triplet,derivative_1,triplet,1729,session2_row386,ethanol,acetaminophen,-0.1371569335460662,True,False,Pendar-3,NRC_Canadian_SERS,,,ethanol,field_quality_stress,0.37642453341043114
outer,nato_outer_o4__train_quality_pass__test_field_quality_stress,4,siamese,deterministic_edge_triplet,derivative_1,triplet,1729,session2_row390,ethanol,ethanol,-0.5449768304824829,True,True,RMX-1,NRC_Canadian_SERS,,,ethanol,field_quality_stress,0.31432098623829047
outer,nato_outer_o4__train_quality_pass__test_field_quality_stress,4,siamese,deterministic_edge_triplet,derivative_1,triplet,1729,session3_row5,4_nitrophenol,4_nitrophenol,-0.2831013798713684,True,True,Pendar-2,H_SERS_H_Kit,,,4_nitrophenol,field_quality_stress,0.35360005874207273
outer,nato_outer_o4__train_quality_pass__test_field_quality_stress,4,siamese,deterministic_edge_triplet,derivative_1,triplet,1729,session3_row13,ethyl_paraoxon,acetaminophen,-0.200732871890068,True,False,Pendar-2,H_SERS_H_Kit,,,ethyl_paraoxon,field_quality_stress,0.3664073851220591
outer,nato_outer_o4__train_quality_pass__test_field_quality_stress,4,siamese,deterministic_edge_triplet,derivative_1,triplet,1729,session3_row59,ethanol,blank,-0.3374530971050262,True,False,Pendar-2,H_SERS_H_Kit,,,ethanol,field_quality_stress,0.3452613312898925
outer,nato_outer_o4__train_quality_pass__test_field_quality_stress,4,siamese,deterministic_edge_triplet,derivative_1,triplet,1729,session3_row69,4_nitrophenol,ethyl_paraoxon,-0.3171758353710174,True,False,Pendar-2,H_SERS_H_Kit,,,4_nitrophenol,field_quality_stress,0.3483615082435252
outer,nato_outer_o4__train_quality_pass__test_field_quality_stress,4,siamese,deterministic_edge_triplet,derivative_1,triplet,1729,session3_row70,4_nitrophenol,4_nitrophenol,-0.2881821095943451,True,True,Pendar-2,H_SERS_H_Kit,,,4_nitrophenol,field_quality_stress,0.35281668553626017
outer,nato_outer_o4__train_quality_pass__test_field_quality_stress,4,siamese,deterministic_edge_triplet,derivative_1,triplet,1729,session3_row86,ethanol,ethanol,-0.1694173365831375,True,True,Pendar-2,H_SERS_H_Kit,,,ethanol,field_quality_stress,0.3713277045556862
outer,nato_outer_o4__train_quality_pass__test_field_quality_stress,4,siamese,deterministic_edge_triplet,derivative_1,triplet,1729,session3_row223,blank,blank,-0.3248990774154663,True,True,Pendar-1,pSERS_Metrohm_silver,,,blank,field_quality_stress,0.3471791752951886
outer,nato_outer_o4__train_quality_pass__test_field_quality_stress,4,siamese,deterministic_edge_triplet,derivative_1,triplet,1729,session3_row402,acetaminophen,ethanol,-0.4213199019432068,True,False,Mira-1,pSERS_Metrohm_silver,,,acetaminophen,field_quality_stress,0.3325803980390025
outer,nato_outer_o4__train_quality_pass__test_field_quality_stress,4,siamese,deterministic_edge_triplet,derivative_1,triplet,2718,session1_row60,blank,acetaminophen,-0.4097165167331695,True,False,Pendar-2,pSERS_Metrohm_silver,,,blank,field_quality_stress,0.34941402139942623
outer,nato_outer_o4__train_quality_pass__test_field_quality_stress,4,siamese,deterministic_edge_triplet,derivative_1,triplet,2718,session1_row110,acetaminophen,4_nitrophenol,-0.3999912440776825,True,False,Pendar-3,H_SERS_H_Kit,,,acetaminophen,field_quality_stress,0.3495646953699166
outer,nato_outer_o4__train_quality_pass__test_field_quality_stress,4,siamese,deterministic_edge_triplet,derivative_1,triplet,2718,session1_row124,benzyl_fentanyl,acetaminophen,-0.5291382074356079,True,False,Pendar-3,NRC_Canadian_SERS,,,benzyl_fentanyl,field_quality_stress,0.34756627640785437
outer,nato_outer_o4__train_quality_pass__test_field_quality_stress,4,siamese,deterministic_edge_triplet,derivative_1,triplet,2718,session1_row179,4_nitrophenol,blank,-0.4081466495990753,True,False,Pendar-2,H_SERS_H_Kit,,,4_nitrophenol,field_quality_stress,0.34943834136809376
outer,nato_outer_o4__train_quality_pass__test_field_quality_stress,4,siamese,deterministic_edge_triplet,derivative_1,triplet,2718,session1_row183,ethyl_paraoxon,blank,-0.4283225238323211,True,False,Pendar-2,H_SERS_H_Kit,,,ethyl_paraoxon,field_quality_stress,0.3491258417374837
outer,nato_outer_o4__train_quality_pass__test_field_quality_stress,4,siamese,deterministic_edge_triplet,derivative_1,triplet,2718,session1_row190,4_nitrophenol,4_nitrophenol,-0.2529257833957672,True,True,Pendar-2,H_SERS_H_Kit,,,4_nitrophenol,field_quality_stress,0.35184683428953273
outer,nato_outer_o4__train_quality_pass__test_field_quality_stress,4,siamese,deterministic_edge_triplet,derivative_1,triplet,2718,session1_row200,ethyl_paraoxon,4_nitrophenol,-0.4179724454879761,True,False,Pendar-2,H_SERS_H_Kit,,,ethyl_paraoxon,field_quality_stress,0.3492861356214824
outer,nato_outer_o4__train_quality_pass__test_field_quality_stress,4,siamese,deterministic_edge_triplet,derivative_1,triplet,2718,session1_row212,ethanol,acetaminophen,-0.378464937210083,True,False,Pendar-2,H_SERS_H_Kit,,,ethanol,field_quality_stress,0.34989830997952903
outer,nato_outer_o4__train_quality_pass__test_field_quality_stress,4,siamese,deterministic_edge_triplet,derivative_1,triplet,2718,session2_row45,blank,acetaminophen,-0.3419003486633301,True,False,Pendar-3,pSERS_Metrohm_silver,,,blank,field_quality_stress,0.35046532447396256
outer,nato_outer_o4__train_quality_pass__test_field_quality_stress,4,siamese,deterministic_edge_triplet,derivative_1,triplet,2718,session2_row67,blank,blank,-0.3596826493740082,True,True,Pendar-3,pSERS_Metrohm_silver,,,blank,field_quality_stress,0.3501895178501898
outer,nato_outer_o4__train_quality_pass__test_field_quality_stress,4,siamese,deterministic_edge_triplet,derivative_1,triplet,2718,session2_row103,blank,blank,-0.4247935712337494,True,True,Pendar-3,pSERS_Metrohm_silver,,,blank,field_quality_stress,0.349180491552408
outer,nato_outer_o4__train_quality_pass__test_field_quality_stress,4,siamese,deterministic_edge_triplet,derivative_1,triplet,2718,session2_row187,acetaminophen,acetaminophen,-0.386883795261383,True,True,Pendar-2,pSERS_Metrohm_silver,,,acetaminophen,field_quality_stress,0.3497678170423337
outer,nato_outer_o4__train_quality_pass__test_field_quality_stress,4,siamese,deterministic_edge_triplet,derivative_1,triplet,2718,session2_row188,acetaminophen,acetaminophen,-0.3193340897560119,True,True,Pendar-2,pSERS_Metrohm_silver,,,acetaminophen,field_quality_stress,0.3508154750520883
outer,nato_outer_o4__train_quality_pass__test_field_quality_stress,4,siamese,deterministic_edge_triplet,derivative_1,triplet,2718,session2_row342,ethyl_paraoxon,ethyl_paraoxon,-0.0482900328934192,True,True,Agilent-3,H_SERS_H_Kit,,,ethyl_paraoxon,field_quality_stress,0.35503361398868655
outer,nato_outer_o4__train_quality_pass__test_field_quality_stress,4,siamese,deterministic_edge_triplet,derivative_1,triplet,2718,session2_row359,ethyl_paraoxon,ethanol,-0.3718787729740143,True,False,Pendar-3,NRC_Canadian_SERS,,,ethyl_paraoxon,field_quality_stress,0.35000041169480955
outer,nato_outer_o4__train_quality_pass__test_field_quality_stress,4,siamese,deterministic_edge_triplet,derivative_1,triplet,2718,session2_row362,ethyl_paraoxon,ethanol,-0.4387867450714111,True,False,Pendar-3,NRC_Canadian_SERS,,,ethyl_paraoxon,field_quality_stress,0.3489638147764679
outer,nato_outer_o4__train_quality_pass__test_field_quality_stress,4,siamese,deterministic_edge_triplet,derivative_1,triplet,2718,session2_row375,ethanol,benzyl_fentanyl,-0.6349979639053345,True,False,Pendar-3,H_SERS_H_Kit,,,ethanol,field_quality_stress,0.34593219452207613
outer,nato_outer_o4__train_quality_pass__test_field_quality_stress,4,siamese,deterministic_edge_triplet,derivative_1,triplet,2718,session2_row386,ethanol,acetaminophen,-0.1859751939773559,True,False,Pendar-3,NRC_Canadian_SERS,,,ethanol,field_quality_stress,0.3528880163942376
outer,nato_outer_o4__train_quality_pass__test_field_quality_stress,4,siamese,deterministic_edge_triplet,derivative_1,triplet,2718,session2_row390,ethanol,ethyl_paraoxon,-0.3122724592685699,True,False,RMX-1,NRC_Canadian_SERS,,,ethanol,field_quality_stress,0.3509250802502064
outer,nato_outer_o4__train_quality_pass__test_field_quality_stress,4,siamese,deterministic_edge_triplet,derivative_1,triplet,2718,session3_row5,4_nitrophenol,4_nitrophenol,-0.4078732430934906,True,True,Pendar-2,H_SERS_H_Kit,,,4_nitrophenol,field_quality_stress,0.3494425769898646
outer,nato_outer_o4__train_quality_pass__test_field_quality_stress,4,siamese,deterministic_edge_triplet,derivative_1,triplet,2718,session3_row13,ethyl_paraoxon,acetaminophen,-0.269043505191803,True,False,Pendar-2,H_SERS_H_Kit,,,ethyl_paraoxon,field_quality_stress,0.35159638931025605
outer,nato_outer_o4__train_quality_pass__test_field_quality_stress,4,siamese,deterministic_edge_triplet,derivative_1,triplet,2718,session3_row59,ethanol,acetaminophen,-0.5735303163528442,True,False,Pendar-2,H_SERS_H_Kit,,,ethanol,field_quality_stress,0.34688058715412345
outer,nato_outer_o4__train_quality_pass__test_field_quality_stress,4,siamese,deterministic_edge_triplet,derivative_1,triplet,2718,session3_row69,4_nitrophenol,blank,-0.4102476835250854,True,False,Pendar-2,H_SERS_H_Kit,,,4_nitrophenol,field_quality_stress,0.34940579288062584
outer,nato_outer_o4__train_quality_pass__test_field_quality_stress,4,siamese,deterministic_edge_triplet,derivative_1,triplet,2718,session3_row70,4_nitrophenol,4_nitrophenol,-0.4144895374774933,True,True,Pendar-2,H_SERS_H_Kit,,,4_nitrophenol,field_quality_stress,0.34934008383097487
outer,nato_outer_o4__train_quality_pass__test_field_quality_stress,4,siamese,deterministic_edge_triplet,derivative_1,triplet,2718,session3_row86,ethanol,blank,-0.5831202268600464,True,False,Pendar-2,H_SERS_H_Kit,,,ethanol,field_quality_stress,0.34673254283038574
outer,nato_outer_o4__train_quality_pass__test_field_quality_stress,4,siamese,deterministic_edge_triplet,derivative_1,triplet,2718,session3_row223,blank,ethanol,-0.5073978304862976,True,False,Pendar-1,pSERS_Metrohm_silver,,,blank,field_quality_stress,0.34790231348904627
outer,nato_outer_o4__train_quality_pass__test_field_quality_stress,4,siamese,deterministic_edge_triplet,derivative_1,triplet,2718,session3_row402,acetaminophen,acetaminophen,-0.313567042350769,True,True,Mira-1,pSERS_Metrohm_silver,,,acetaminophen,field_quality_stress,0.3509049855495313
outer,nato_outer_o4__train_quality_pass__test_field_quality_stress,4,siamese,deterministic_edge_triplet,derivative_1,triplet,3141,session1_row60,blank,acetaminophen,-0.1436890512704849,True,False,Pendar-2,pSERS_Metrohm_silver,,,blank,field_quality_stress,0.3436782842053449
outer,nato_outer_o4__train_quality_pass__test_field_quality_stress,4,siamese,deterministic_edge_triplet,derivative_1,triplet,3141,session1_row110,acetaminophen,blank,-0.2474071234464645,True,False,Pendar-3,H_SERS_H_Kit,,,acetaminophen,field_quality_stress,0.3380089214936792
outer,nato_outer_o4__train_quality_pass__test_field_quality_stress,4,siamese,deterministic_edge_triplet,derivative_1,triplet,3141,session1_row124,benzyl_fentanyl,acetaminophen,-0.2573317885398865,True,False,Pendar-3,NRC_Canadian_SERS,,,benzyl_fentanyl,field_quality_stress,0.3374688269288707
outer,nato_outer_o4__train_quality_pass__test_field_quality_stress,4,siamese,deterministic_edge_triplet,derivative_1,triplet,3141,session1_row179,4_nitrophenol,acetaminophen,-0.3051850795745849,True,False,Pendar-2,H_SERS_H_Kit,,,4_nitrophenol,field_quality_stress,0.33487064503489455
outer,nato_outer_o4__train_quality_pass__test_field_quality_stress,4,siamese,deterministic_edge_triplet,derivative_1,triplet,3141,session1_row183,ethyl_paraoxon,ethanol,-0.2504589259624481,True,False,Pendar-2,H_SERS_H_Kit,,,ethyl_paraoxon,field_quality_stress,0.3378427991022266
outer,nato_outer_o4__train_quality_pass__test_field_quality_stress,4,siamese,deterministic_edge_triplet,derivative_1,triplet,3141,session1_row190,4_nitrophenol,4_nitrophenol,-0.1450777798891067,True,True,Pendar-2,H_SERS_H_Kit,,,4_nitrophenol,field_quality_stress,0.34360207507419943
outer,nato_outer_o4__train_quality_pass__test_field_quality_stress,4,siamese,deterministic_edge_triplet,derivative_1,triplet,3141,session1_row200,ethyl_paraoxon,acetaminophen,-0.367794394493103,True,False,Pendar-2,H_SERS_H_Kit,,,ethyl_paraoxon,field_quality_stress,0.33148636401624476
outer,nato_outer_o4__train_quality_pass__test_field_quality_stress,4,siamese,deterministic_edge_triplet,derivative_1,triplet,3141,session1_row212,ethanol,acetaminophen,-0.3670716285705566,True,False,Pendar-2,H_SERS_H_Kit,,,ethanol,field_quality_stress,0.33152533399562883
outer,nato_outer_o4__train_quality_pass__test_field_quality_stress,4,siamese,deterministic_edge_triplet,derivative_1,triplet,3141,session2_row45,blank,ethanol,-0.3863600492477417,True,False,Pendar-3,pSERS_Metrohm_silver,,,blank,field_quality_stress,0.3304861366792688
outer,nato_outer_o4__train_quality_pass__test_field_quality_stress,4,siamese,deterministic_edge_triplet,derivative_1,triplet,3141,session2_row67,blank,ethyl_paraoxon,-0.0905241817235946,True,False,Pendar-3,pSERS_Metrohm_silver,,,blank,field_quality_stress,0.3466018326701922
outer,nato_outer_o4__train_quality_pass__test_field_quality_stress,4,siamese,deterministic_edge_triplet,derivative_1,triplet,3141,session2_row103,blank,ethyl_paraoxon,-0.3087344765663147,True,False,Pendar-3,pSERS_Metrohm_silver,,,blank,field_quality_stress,0.3346783272186357
outer,nato_outer_o4__train_quality_pass__test_field_quality_stress,4,siamese,deterministic_edge_triplet,derivative_1,triplet,3141,session2_row187,acetaminophen,acetaminophen,-0.296975165605545,True,True,Pendar-2,pSERS_Metrohm_silver,,,acetaminophen,field_quality_stress,0.335315694854846
outer,nato_outer_o4__train_quality_pass__test_field_quality_stress,4,siamese,deterministic_edge_triplet,derivative_1,triplet,3141,session2_row188,acetaminophen,acetaminophen,-0.5077883005142212,True,True,Pendar-2,pSERS_Metrohm_silver,,,acetaminophen,field_quality_stress,0.3239822151558355
outer,nato_outer_o4__train_quality_pass__test_field_quality_stress,4,siamese,deterministic_edge_triplet,derivative_1,triplet,3141,session2_row342,ethyl_paraoxon,ethyl_paraoxon,-0.0755286589264869,True,True,Agilent-3,H_SERS_H_Kit,,,ethyl_paraoxon,field_quality_stress,0.34742854939455986
outer,nato_outer_o4__train_quality_pass__test_field_quality_stress,4,siamese,deterministic_edge_triplet,derivative_1,triplet,3141,session2_row359,ethyl_paraoxon,ethyl_paraoxon,-0.2761479616165161,True,True,Pendar-3,NRC_Canadian_SERS,,,ethyl_paraoxon,field_quality_stress,0.3364460258017224
outer,nato_outer_o4__train_quality_pass__test_field_quality_stress,4,siamese,deterministic_edge_triplet,derivative_1,triplet,3141,session2_row362,ethyl_paraoxon,ethanol,-0.2527733743190765,True,False,Pendar-3,NRC_Canadian_SERS,,,ethyl_paraoxon,field_quality_stress,0.3377168406536003
outer,nato_outer_o4__train_quality_pass__test_field_quality_stress,4,siamese,deterministic_edge_triplet,derivative_1,triplet,3141,session2_row375,ethanol,ethanol,-0.3720517158508301,True,True,Pendar-3,H_SERS_H_Kit,,,ethanol,field_quality_stress,0.33125686531321497
outer,nato_outer_o4__train_quality_pass__test_field_quality_stress,4,siamese,deterministic_edge_triplet,derivative_1,triplet,3141,session2_row386,ethanol,acetaminophen,-0.3671716451644897,True,False,Pendar-3,NRC_Canadian_SERS,,,ethanol,field_quality_stress,0.33151994117897166
outer,nato_outer_o4__train_quality_pass__test_field_quality_stress,4,siamese,deterministic_edge_triplet,derivative_1,triplet,3141,session2_row390,ethanol,ethanol,-0.1869638115167617,True,True,RMX-1,NRC_Canadian_SERS,,,ethanol,field_quality_stress,0.34130729801906523
outer,nato_outer_o4__train_quality_pass__test_field_quality_stress,4,siamese,deterministic_edge_triplet,derivative_1,triplet,3141,session3_row5,4_nitrophenol,ethyl_paraoxon,-0.399108737707138,True,False,Pendar-2,H_SERS_H_Kit,,,4_nitrophenol,field_quality_stress,0.3298001852057481
outer,nato_outer_o4__train_quality_pass__test_field_quality_stress,4,siamese,deterministic_edge_triplet,derivative_1,triplet,3141,session3_row13,ethyl_paraoxon,acetaminophen,-0.2117936909198761,True,False,Pendar-2,H_SERS_H_Kit,,,ethyl_paraoxon,field_quality_stress,0.3399504560550261
outer,nato_outer_o4__train_quality_pass__test_field_quality_stress,4,siamese,deterministic_edge_triplet,derivative_1,triplet,3141,session3_row59,ethanol,acetaminophen,-0.1543542593717575,True,False,Pendar-2,H_SERS_H_Kit,,,ethanol,field_quality_stress,0.3430932173048338
outer,nato_outer_o4__train_quality_pass__test_field_quality_stress,4,siamese,deterministic_edge_triplet,derivative_1,triplet,3141,session3_row69,4_nitrophenol,ethanol,-0.173608973622322,True,False,Pendar-2,H_SERS_H_Kit,,,4_nitrophenol,field_quality_stress,0.34203815829874373
outer,nato_outer_o4__train_quality_pass__test_field_quality_stress,4,siamese,deterministic_edge_triplet,derivative_1,triplet,3141,session3_row70,4_nitrophenol,acetaminophen,-0.3300599455833435,True,False,Pendar-2,H_SERS_H_Kit,,,4_nitrophenol,field_quality_stress,0.333524001920795
outer,nato_outer_o4__train_quality_pass__test_field_quality_stress,4,siamese,deterministic_edge_triplet,derivative_1,triplet,3141,session3_row86,ethanol,ethanol,-0.2654655575752258,True,True,Pendar-2,H_SERS_H_Kit,,,ethanol,field_quality_stress,0.3370265078116406
outer,nato_outer_o4__train_quality_pass__test_field_quality_stress,4,siamese,deterministic_edge_triplet,derivative_1,triplet,3141,session3_row223,blank,ethanol,-0.2952381372451782,True,False,Pendar-1,pSERS_Metrohm_silver,,,blank,field_quality_stress,0.3354098946887998
outer,nato_outer_o4__train_quality_pass__test_field_quality_stress,4,siamese,deterministic_edge_triplet,derivative_1,triplet,3141,session3_row402,acetaminophen,acetaminophen,-0.2550355195999145,True,True,Mira-1,pSERS_Metrohm_silver,,,acetaminophen,field_quality_stress,0.33759375092204086
