master_sample_id,target_analyte,instrument_a,instrument_b,observation_uid_a,observation_uid_b,both_quality_pass,best_integer_lag_cm1_b_relative_to_a,best_cosine_similarity,zero_lag_cosine_similarity,similarity_gain_over_zero_lag
1.0,benzyl_fentanyl,Agilent-3,Mira-3,session1_row12,session1_row10,True,-1,0.24336081256376232,0.23140975300816294,0.011951059555599386
1.0,benzyl_fentanyl,Agilent-3,Mira-3,session1_row15,session1_row10,True,-1,0.2832357931298822,0.2826180056306678,0.0006177874992143728
1.0,benzyl_fentanyl,Agilent-3,Mira-3,session1_row22,session1_row10,True,0,0.29405655215931575,0.29405655215931575,0.0
1.0,benzyl_fentanyl,Mira-3,Pendar-3,session1_row10,session2_row15,True,-1,0.3375872236429765,0.32844006522372426,0.009147158419252233
1.0,benzyl_fentanyl,Agilent-3,Mira-3,session2_row105,session1_row10,True,0,0.3584919516027036,0.3584919516027036,0.0
1.0,benzyl_fentanyl,Mira-3,Pendar-1,session1_row10,session3_row206,True,-1,0.35811343624941433,0.35346787871749347,0.004645557531920863
1.0,benzyl_fentanyl,Agilent-1,Mira-3,session3_row226,session1_row10,True,-1,0.32990538210319836,0.3212033078490106,0.008702074254187786
1.0,benzyl_fentanyl,Agilent-1,Mira-3,session3_row336,session1_row10,True,-1,0.10925204325429233,0.10721443953962509,0.002037603714667241
1.0,benzyl_fentanyl,Agilent-3,Pendar-3,session1_row12,session2_row15,True,-3,0.5051973839431052,0.4468364301635038,0.05836095377960143
1.0,benzyl_fentanyl,Agilent-3,Mira-3,session1_row12,session2_row19,True,-2,0.5352484326568496,0.4954043531674671,0.03984407948938251
1.0,benzyl_fentanyl,Agilent-3,Pendar-1,session1_row12,session3_row206,True,-2,0.49226909874996233,0.45156124593501873,0.0407078528149436
1.0,benzyl_fentanyl,Agilent-1,Agilent-3,session3_row226,session1_row12,True,0,0.4634856765706427,0.4634856765706427,0.0
1.0,benzyl_fentanyl,Agilent-3,Mira-3,session1_row12,session3_row300,True,-3,0.06439911467007459,0.05315308707888042,0.011246027591194169
1.0,benzyl_fentanyl,Agilent-1,Agilent-3,session3_row336,session1_row12,True,5,0.18496984582828246,0.08435694801436085,0.10061289781392162
1.0,benzyl_fentanyl,Agilent-3,Pendar-3,session1_row15,session2_row15,True,-1,0.541399980652893,0.5247550919802049,0.016644888672688096
1.0,benzyl_fentanyl,Agilent-3,Mira-3,session1_row15,session2_row19,True,-1,0.6022744674864186,0.584366190984584,0.017908276501834575
1.0,benzyl_fentanyl,Agilent-3,Pendar-1,session1_row15,session3_row206,True,-2,0.5767242405795394,0.5528087899665178,0.023915450613021583
1.0,benzyl_fentanyl,Agilent-1,Agilent-3,session3_row226,session1_row15,True,0,0.5654474177055181,0.5654474177055181,0.0
1.0,benzyl_fentanyl,Agilent-3,Mira-3,session1_row15,session3_row300,True,2,0.09803262021932038,0.09428662304395219,0.003745997175368193
1.0,benzyl_fentanyl,Agilent-1,Agilent-3,session3_row336,session1_row15,True,5,0.1613036411515262,0.13790192733620618,0.023401713815320024
1.0,benzyl_fentanyl,Agilent-3,Pendar-3,session1_row22,session2_row15,True,0,0.5481592901956471,0.5481592901956471,0.0
1.0,benzyl_fentanyl,Agilent-3,Mira-3,session1_row22,session2_row19,True,-1,0.5837131308588474,0.5747606315580234,0.00895249930082398
1.0,benzyl_fentanyl,Agilent-3,Pendar-1,session1_row22,session3_row206,True,-2,0.5742077000915053,0.5484637232582026,0.025743976833302762
1.0,benzyl_fentanyl,Agilent-1,Agilent-3,session3_row226,session1_row22,True,0,0.6451919470595758,0.6451919470595758,0.0
1.0,benzyl_fentanyl,Agilent-3,Mira-3,session1_row22,session3_row300,True,4,0.17073316742761083,0.1275388901236411,0.043194277303969714
1.0,benzyl_fentanyl,Agilent-1,Agilent-3,session3_row336,session1_row22,True,-3,0.2853450247153622,0.27280416558703713,0.012540859128325088
1.0,benzyl_fentanyl,Mira-3,Pendar-3,session2_row19,session2_row15,True,0,0.767739366439523,0.767739366439523,0.0
1.0,benzyl_fentanyl,Agilent-3,Pendar-3,session2_row105,session2_row15,True,0,0.7760876523565047,0.7760876523565047,0.0
1.0,benzyl_fentanyl,Pendar-1,Pendar-3,session3_row206,session2_row15,True,0,0.7414336737897262,0.7414336737897262,0.0
1.0,benzyl_fentanyl,Agilent-1,Pendar-3,session3_row226,session2_row15,True,-2,0.6671782520157741,0.6323509004521752,0.03482735156359884
1.0,benzyl_fentanyl,Mira-3,Pendar-3,session3_row300,session2_row15,True,-5,0.11811689717817066,0.05439357194875602,0.06372332522941464
1.0,benzyl_fentanyl,Agilent-1,Pendar-3,session3_row336,session2_row15,True,-1,0.2966322160779007,0.2937353099427749,0.0028969061351257763
1.0,benzyl_fentanyl,Agilent-3,Mira-3,session2_row105,session2_row19,True,0,0.7940070636091999,0.7940070636091999,0.0
1.0,benzyl_fentanyl,Mira-3,Pendar-1,session2_row19,session3_row206,True,-1,0.7702227667713724,0.7692668263817859,0.0009559403895864627
1.0,benzyl_fentanyl,Agilent-1,Mira-3,session3_row226,session2_row19,True,-2,0.7010903520036341,0.6801371156982743,0.020953236305359835
1.0,benzyl_fentanyl,Agilent-1,Mira-3,session3_row336,session2_row19,True,0,0.28302589897690195,0.28302589897690195,0.0
1.0,benzyl_fentanyl,Agilent-3,Pendar-1,session2_row105,session3_row206,True,-1,0.7893590902635907,0.7873685089416493,0.0019905813219414092
1.0,benzyl_fentanyl,Agilent-1,Agilent-3,session3_row226,session2_row105,True,-1,0.8626231527685232,0.8468089129186088,0.01581423984991437
1.0,benzyl_fentanyl,Agilent-3,Mira-3,session2_row105,session3_row300,True,4,0.14462060496690568,0.1262601509693587,0.018360453997546988
1.0,benzyl_fentanyl,Agilent-1,Agilent-3,session3_row336,session2_row105,True,-1,0.38462663064091057,0.3834312972236835,0.0011953334172270513
1.0,benzyl_fentanyl,Agilent-1,Pendar-1,session3_row226,session3_row206,True,-2,0.686387653193331,0.6457397788823934,0.040647874310937526
1.0,benzyl_fentanyl,Mira-3,Pendar-1,session3_row300,session3_row206,True,-2,0.135198015320628,0.12289849713771112,0.012299518182916885
1.0,benzyl_fentanyl,Agilent-1,Pendar-1,session3_row336,session3_row206,True,-2,0.26848131907915257,0.2635571087841137,0.004924210295038867
1.0,benzyl_fentanyl,Agilent-1,Mira-3,session3_row226,session3_row300,True,0,0.1687323928027928,0.1687323928027928,0.0
1.0,benzyl_fentanyl,Agilent-1,Mira-3,session3_row336,session3_row300,True,-1,0.24485272702595967,0.24325839775166017,0.0015943292742995052
2.0,4_ANPP,Agilent-3,Mira-3,session1_row18,session1_row13,True,-1,0.5178184590914038,0.5163004595981625,0.0015179994932412733
2.0,4_ANPP,Agilent-3,Mira-3,session1_row19,session1_row13,True,-1,0.5158049153648322,0.5082154407613828,0.0075894746034493865
2.0,4_ANPP,Mira-3,Pendar-3,session1_row13,session2_row16,True,-1,0.48135186601283414,0.4744301645567192,0.006921701456114926
2.0,4_ANPP,Agilent-3,Mira-3,session2_row106,session1_row13,True,0,0.5620122589588491,0.5620122589588491,0.0
2.0,4_ANPP,Mira-3,Pendar-1,session1_row13,session3_row209,True,-1,0.5373291522679563,0.5220560889884355,0.015273063279520827
2.0,4_ANPP,Agilent-1,Mira-3,session3_row236,session1_row13,True,-1,0.5259078624514519,0.5210616178650133,0.004846244586438675
2.0,4_ANPP,Agilent-1,Mira-3,session3_row339,session1_row13,True,-1,0.1779503013634627,0.17556130085308025,0.0023890005103824608
2.0,4_ANPP,Agilent-3,Pendar-3,session1_row18,session2_row16,True,-1,0.511815581848944,0.504563002941422,0.007252578907522067
2.0,4_ANPP,Agilent-3,Mira-3,session1_row18,session2_row25,True,0,0.6085577845483081,0.6085577845483081,0.0
2.0,4_ANPP,Agilent-3,Pendar-1,session1_row18,session3_row209,True,-1,0.6497165299502493,0.6382585273096937,0.011458002640555631
2.0,4_ANPP,Agilent-3,Mira-3,session1_row18,session3_row215,True,0,0.6685238683369492,0.6685238683369492,0.0
2.0,4_ANPP,Agilent-1,Agilent-3,session3_row236,session1_row18,True,-1,0.6965826392742599,0.6942820307974245,0.002300608476835442
2.0,4_ANPP,Agilent-3,Mira-3,session1_row18,session3_row301,True,4,0.14868084463720144,0.12895115941677238,0.01972968522042906
2.0,4_ANPP,Agilent-1,Agilent-3,session3_row339,session1_row18,True,-2,0.2938244938816237,0.2769227562572088,0.01690173762441488
2.0,4_ANPP,Agilent-3,Pendar-3,session1_row19,session2_row16,True,-2,0.6108920617425001,0.575056248538231,0.035835813204269096
2.0,4_ANPP,Agilent-3,Mira-3,session1_row19,session2_row25,True,-1,0.716177860827663,0.7082261259090548,0.007951734918608233
2.0,4_ANPP,Agilent-3,Pendar-1,session1_row19,session3_row209,True,-2,0.7334713097029879,0.7069098300625174,0.02656147964047051
2.0,4_ANPP,Agilent-3,Mira-3,session1_row19,session3_row215,True,-1,0.7664669075992131,0.7619411008841477,0.004525806715065417
2.0,4_ANPP,Agilent-1,Agilent-3,session3_row236,session1_row19,True,0,0.8207948632010081,0.8207948632010081,0.0
2.0,4_ANPP,Agilent-3,Mira-3,session1_row19,session3_row301,True,3,0.16264183328836446,0.13989192480283916,0.0227499084855253
2.0,4_ANPP,Agilent-1,Agilent-3,session3_row339,session1_row19,True,-2,0.4191576479048576,0.4035012483495796,0.015656399555277978
2.0,4_ANPP,Mira-3,Pendar-3,session2_row25,session2_row16,True,-1,0.6732697998541853,0.6540907136085267,0.019179086245658672
2.0,4_ANPP,Agilent-3,Pendar-3,session2_row106,session2_row16,True,0,0.6640330632253105,0.6640330632253105,0.0
2.0,4_ANPP,Pendar-1,Pendar-3,session3_row209,session2_row16,True,0,0.6731511115039576,0.6731511115039576,0.0
2.0,4_ANPP,Mira-3,Pendar-3,session3_row215,session2_row16,True,-1,0.7290765591540456,0.7080732730436983,0.021003286110347297
2.0,4_ANPP,Agilent-1,Pendar-3,session3_row236,session2_row16,True,-2,0.6576245699262521,0.6371718497426532,0.020452720183598894
2.0,4_ANPP,Mira-3,Pendar-3,session3_row301,session2_row16,True,-5,0.10565570656564625,0.0828203554835124,0.02283535108213386
2.0,4_ANPP,Agilent-1,Pendar-3,session3_row339,session2_row16,True,-1,0.2922763872902736,0.2886665183262158,0.003609868964057794
2.0,4_ANPP,Agilent-3,Mira-3,session2_row106,session2_row25,True,1,0.7728506463464905,0.7654776024777677,0.007373043868722728
2.0,4_ANPP,Mira-3,Pendar-1,session2_row25,session3_row209,True,-1,0.7691940474161308,0.7508831705906592,0.01831087682547161
2.0,4_ANPP,Agilent-1,Mira-3,session3_row236,session2_row25,True,-1,0.746842912900121,0.7441041651889548,0.002738747711166112
2.0,4_ANPP,Agilent-1,Mira-3,session3_row339,session2_row25,True,0,0.30368355883846415,0.30368355883846415,0.0
2.0,4_ANPP,Agilent-3,Pendar-1,session2_row106,session3_row209,True,0,0.8141500950822119,0.8141500950822119,0.0
2.0,4_ANPP,Agilent-3,Mira-3,session2_row106,session3_row215,True,1,0.8296292015095723,0.8198077019981485,0.009821499511423859
2.0,4_ANPP,Agilent-1,Agilent-3,session3_row236,session2_row106,True,-1,0.91775485199708,0.8999799191738483,0.017774932823231615
2.0,4_ANPP,Agilent-3,Mira-3,session2_row106,session3_row301,True,3,0.19411795540869,0.17877766696761999,0.015340288441070021
2.0,4_ANPP,Agilent-1,Agilent-3,session3_row339,session2_row106,True,-2,0.4474592391195228,0.4317579146966507,0.015701324422872087
2.0,4_ANPP,Mira-3,Pendar-1,session3_row215,session3_row209,True,-1,0.8346566763978167,0.8136851480762463,0.020971528321570454
2.0,4_ANPP,Agilent-1,Pendar-1,session3_row236,session3_row209,True,-2,0.8084709964518608,0.785857218638804,0.022613777813056846
2.0,4_ANPP,Mira-3,Pendar-1,session3_row301,session3_row209,True,-2,0.1391122664351529,0.13067756657561105,0.008434699859541844
2.0,4_ANPP,Agilent-1,Pendar-1,session3_row339,session3_row209,True,-2,0.3370755790449374,0.32492847545288966,0.012147103592047737
2.0,4_ANPP,Agilent-1,Mira-3,session3_row236,session3_row215,True,-1,0.8146609272786318,0.8146426514670109,1.8275811620949156e-05
2.0,4_ANPP,Agilent-1,Mira-3,session3_row339,session3_row215,True,0,0.33348031004021045,0.33348031004021045,0.0
2.0,4_ANPP,Agilent-1,Mira-3,session3_row236,session3_row301,True,1,0.16705367737339397,0.1654493136135684,0.0016043637598255611
2.0,4_ANPP,Agilent-1,Mira-3,session3_row339,session3_row301,True,2,0.3393658401312383,0.32970421128085037,0.00966162885038796
3.0,blank,Agilent-3,Mira-3,session1_row20,session1_row16,True,-4,0.027640095380319873,0.0033702059980854483,0.024269889382234424
3.0,blank,Mira-3,Pendar-3,session1_row16,session2_row17,True,-5,0.07512721504397055,0.005544426469882215,0.06958278857408834
3.0,blank,Agilent-3,Mira-3,session2_row107,session1_row16,True,-1,0.060378642190617705,0.059584489370098484,0.0007941528205192214
3.0,blank,Mira-3,Pendar-1,session1_row16,session3_row212,False,4,0.008843562520243273,-0.017881885388791326,0.026725447909034597
3.0,blank,Agilent-1,Mira-3,session3_row242,session1_row16,True,-5,0.0826174180938798,0.046584590950945734,0.03603282714293407
3.0,blank,Agilent-1,Mira-3,session3_row338,session1_row16,True,5,-0.018305921696325556,-0.025313765647672782,0.007007843951347226
3.0,blank,Agilent-3,Mira-3,session1_row20,session1_row17,True,-5,0.06659079854883658,0.04503040039604072,0.02156039815279586
3.0,blank,Mira-3,Pendar-3,session1_row17,session2_row17,True,4,0.030804698784190118,0.006744154850727031,0.02406054393346309
3.0,blank,Agilent-3,Mira-3,session2_row107,session1_row17,True,0,0.10561849027403414,0.10561849027403414,0.0
3.0,blank,Mira-3,Pendar-1,session1_row17,session3_row212,False,2,0.05294110420047108,0.03333599100548578,0.0196051131949853
3.0,blank,Agilent-1,Mira-3,session3_row242,session1_row17,True,-1,0.11479547565754548,0.11398471988932637,0.0008107557682191097
3.0,blank,Agilent-1,Mira-3,session3_row338,session1_row17,True,2,0.018303115589927945,0.017375281490702554,0.0009278340992253907
3.0,blank,Agilent-3,Pendar-3,session1_row20,session2_row17,True,5,0.05492481946858777,-0.0456489816224549,0.10057380109104266
3.0,blank,Agilent-3,Pendar-1,session1_row20,session3_row212,False,-5,0.11740467456966691,-0.004885861748053748,0.12229053631772066
3.0,blank,Agilent-3,Mira-3,session1_row20,session3_row219,True,-3,0.03455268524717037,0.010941813839526804,0.023610871407643563
3.0,blank,Agilent-1,Agilent-3,session3_row242,session1_row20,True,4,0.2073983658715693,0.16696751986958472,0.04043084600198457
3.0,blank,Agilent-3,Mira-3,session1_row20,session3_row304,True,5,0.06866873642634204,0.03597966919220682,0.03268906723413522
3.0,blank,Agilent-1,Agilent-3,session3_row338,session1_row20,True,5,0.021553761852859992,0.0002712118102618845,0.021282550042598106
3.0,blank,Agilent-3,Pendar-3,session2_row107,session2_row17,True,-1,0.21715596071773888,0.21551312244300938,0.0016428382747294967
3.0,blank,Pendar-1,Pendar-3,session3_row212,session2_row17,False,5,0.05653957837629794,-0.07426028361120296,0.1307998619875009
3.0,blank,Mira-3,Pendar-3,session3_row219,session2_row17,True,-2,0.060209384926403806,0.05190863032459413,0.008300754601809679
3.0,blank,Agilent-1,Pendar-3,session3_row242,session2_row17,True,-2,0.15888580692491303,0.1484742985062779,0.010411508418635113
3.0,blank,Mira-3,Pendar-3,session3_row304,session2_row17,True,2,0.054249435476710677,0.042156173190590125,0.012093262286120551
3.0,blank,Agilent-1,Pendar-3,session3_row338,session2_row17,True,0,0.1319656177323441,0.1319656177323441,0.0
3.0,blank,Agilent-3,Pendar-1,session2_row107,session3_row212,False,-1,0.06741000768228775,0.0668351988122984,0.0005748088699893544
3.0,blank,Agilent-3,Mira-3,session2_row107,session3_row219,True,-1,0.16064962589234055,0.15676474750827893,0.003884878384061624
3.0,blank,Agilent-1,Agilent-3,session3_row242,session2_row107,True,0,0.7936538646507122,0.7936538646507122,0.0
3.0,blank,Agilent-3,Mira-3,session2_row107,session3_row304,True,4,0.17160847295661852,0.14396654961082808,0.027641923345790437
3.0,blank,Agilent-1,Agilent-3,session3_row338,session2_row107,True,-2,0.3292437590322493,0.3175940940466358,0.011649664985613484
3.0,blank,Mira-3,Pendar-1,session3_row219,session3_row212,False,1,0.018161902880681376,0.015316723245303466,0.0028451796353779098
3.0,blank,Agilent-1,Pendar-1,session3_row242,session3_row212,False,0,0.08916341734211727,0.08916341734211727,0.0
3.0,blank,Mira-3,Pendar-1,session3_row304,session3_row212,False,3,0.04408976612737991,0.019380643467450887,0.02470912265992902
3.0,blank,Agilent-1,Pendar-1,session3_row338,session3_row212,False,-2,0.060796548845230024,0.05616230772117601,0.004634241124054014
3.0,blank,Agilent-1,Mira-3,session3_row242,session3_row219,True,-5,0.14371813038825157,0.09959475172298414,0.04412337866526743
3.0,blank,Agilent-1,Mira-3,session3_row338,session3_row219,True,0,0.013311973157311802,0.013311973157311802,0.0
3.0,blank,Agilent-1,Mira-3,session3_row242,session3_row304,True,0,0.12162940858817065,0.12162940858817065,0.0
3.0,blank,Agilent-1,Mira-3,session3_row338,session3_row304,True,-2,0.3697611113021727,0.36261955789156186,0.007141553410610846
4.0,benzyl_fentanyl,Agilent-3,Mira-3,session1_row21,session1_row14,True,-2,0.14083380157794803,0.13015845964379777,0.010675341934150262
4.0,benzyl_fentanyl,Mira-3,Pendar-3,session1_row14,session2_row34,True,-2,0.19982675658683213,0.17924274176521213,0.020584014821620006
4.0,benzyl_fentanyl,Agilent-3,Mira-3,session2_row108,session1_row14,True,1,0.2163281203751943,0.2098372487858352,0.0064908715893590985
4.0,benzyl_fentanyl,Mira-3,Pendar-1,session1_row14,session3_row214,True,-2,0.1397838525659703,0.12793889426407648,0.011844958301893832
4.0,benzyl_fentanyl,Agilent-1,Mira-3,session3_row245,session1_row14,True,-1,0.1887058675759088,0.18806808430696906,0.0006377832689397345
4.0,benzyl_fentanyl,Mira-3,Pendar-1,session1_row14,session3_row327,True,0,0.1802096383858392,0.1802096383858392,0.0
4.0,benzyl_fentanyl,Agilent-1,Mira-3,session3_row341,session1_row14,True,-1,0.08163191837724436,0.08012257758347416,0.0015093407937702003
4.0,benzyl_fentanyl,Agilent-3,Mira-3,session1_row21,session2_row30,True,0,0.38159090609073426,0.38159090609073426,0.0
4.0,benzyl_fentanyl,Agilent-3,Pendar-3,session1_row21,session2_row34,True,0,0.31382454712243657,0.31382454712243657,0.0
4.0,benzyl_fentanyl,Agilent-3,Pendar-1,session1_row21,session3_row214,True,0,0.3087109617522171,0.3087109617522171,0.0
4.0,benzyl_fentanyl,Agilent-3,Mira-3,session1_row21,session3_row222,True,0,0.33510927375994687,0.33510927375994687,0.0
4.0,benzyl_fentanyl,Agilent-1,Agilent-3,session3_row245,session1_row21,True,0,0.4868152868220753,0.4868152868220753,0.0
4.0,benzyl_fentanyl,Agilent-3,Mira-3,session1_row21,session3_row307,True,-2,0.04399601056242896,0.036266211334427645,0.007729799228001315
4.0,benzyl_fentanyl,Agilent-3,Pendar-1,session1_row21,session3_row327,True,-3,0.44676812042032166,0.3863442994354046,0.060423820984917054
4.0,benzyl_fentanyl,Agilent-1,Agilent-3,session3_row341,session1_row21,True,-2,0.24465230032034374,0.23549438139300097,0.009157918927342773
4.0,benzyl_fentanyl,Mira-3,Pendar-3,session2_row30,session2_row34,True,-1,0.5526763322980531,0.5313464355502349,0.021329896747818267
4.0,benzyl_fentanyl,Agilent-3,Mira-3,session2_row108,session2_row30,True,1,0.6834765203772301,0.6655577061946568,0.01791881418257324
4.0,benzyl_fentanyl,Mira-3,Pendar-1,session2_row30,session3_row214,True,-2,0.4971093695582479,0.4520972635983202,0.04501210595992772
4.0,benzyl_fentanyl,Agilent-1,Mira-3,session3_row245,session2_row30,True,0,0.6425364207391279,0.6425364207391279,0.0
4.0,benzyl_fentanyl,Mira-3,Pendar-1,session2_row30,session3_row327,True,-1,0.571053785689497,0.5535484428059934,0.017505342883503694
4.0,benzyl_fentanyl,Agilent-1,Mira-3,session3_row341,session2_row30,True,0,0.24734950051487067,0.24734950051487067,0.0
4.0,benzyl_fentanyl,Agilent-3,Pendar-3,session2_row108,session2_row34,True,0,0.6478969915490321,0.6478969915490321,0.0
4.0,benzyl_fentanyl,Pendar-1,Pendar-3,session3_row214,session2_row34,True,1,0.4625441257531547,0.45315336890320473,0.009390756849949944
4.0,benzyl_fentanyl,Mira-3,Pendar-3,session3_row222,session2_row34,True,-1,0.5459339417982018,0.5296211798538373,0.016312761944364484
4.0,benzyl_fentanyl,Agilent-1,Pendar-3,session3_row245,session2_row34,True,-1,0.6066760983285523,0.5959732735530122,0.010702824775540076
4.0,benzyl_fentanyl,Mira-3,Pendar-3,session3_row307,session2_row34,True,-5,0.05523954499432417,-0.014846167956866895,0.07008571295119106
4.0,benzyl_fentanyl,Pendar-1,Pendar-3,session3_row327,session2_row34,True,0,0.5375198291000443,0.5375198291000443,0.0
4.0,benzyl_fentanyl,Agilent-1,Pendar-3,session3_row341,session2_row34,True,0,0.24058085991352035,0.24058085991352035,0.0
4.0,benzyl_fentanyl,Agilent-3,Pendar-1,session2_row108,session3_row214,True,0,0.5984726886665231,0.5984726886665231,0.0
4.0,benzyl_fentanyl,Agilent-3,Mira-3,session2_row108,session3_row222,True,1,0.6566539552262322,0.6454645693108008,0.011189385915431393
4.0,benzyl_fentanyl,Agilent-1,Agilent-3,session3_row245,session2_row108,True,-1,0.9327566469763147,0.9155641758253942,0.017192471150920485
4.0,benzyl_fentanyl,Agilent-3,Mira-3,session2_row108,session3_row307,True,3,0.039059389766060916,0.03379533833174304,0.005264051434317879
4.0,benzyl_fentanyl,Agilent-3,Pendar-1,session2_row108,session3_row327,True,0,0.7269664114242775,0.7269664114242775,0.0
4.0,benzyl_fentanyl,Agilent-1,Agilent-3,session3_row341,session2_row108,True,-1,0.39937070692814164,0.3948472777133561,0.004523429214785546
4.0,benzyl_fentanyl,Mira-3,Pendar-1,session3_row222,session3_row214,True,-2,0.5246321702553098,0.4760490860701285,0.04858308418518131
4.0,benzyl_fentanyl,Agilent-1,Pendar-1,session3_row245,session3_row214,True,-2,0.5886084920978957,0.5535323912361106,0.03507610086178503
4.0,benzyl_fentanyl,Mira-3,Pendar-1,session3_row307,session3_row214,True,1,0.046091065844872305,0.0439892476678898,0.0021018181769825034
4.0,benzyl_fentanyl,Agilent-1,Pendar-1,session3_row341,session3_row214,True,-2,0.2314251814903647,0.22451360714044644,0.006911574349918265
4.0,benzyl_fentanyl,Agilent-1,Mira-3,session3_row245,session3_row222,True,0,0.6349054059701971,0.6349054059701971,0.0
4.0,benzyl_fentanyl,Mira-3,Pendar-1,session3_row222,session3_row327,True,-1,0.5614148442851292,0.5573644299075866,0.0040504143775426105
4.0,benzyl_fentanyl,Agilent-1,Mira-3,session3_row341,session3_row222,True,0,0.20918922016961886,0.20918922016961886,0.0
4.0,benzyl_fentanyl,Agilent-1,Mira-3,session3_row245,session3_row307,True,-1,0.04428060763017152,0.04279718148254919,0.001483426147622327
4.0,benzyl_fentanyl,Agilent-1,Pendar-1,session3_row245,session3_row327,True,-1,0.7091725739812583,0.6993175759206164,0.00985499806064194
4.0,benzyl_fentanyl,Mira-3,Pendar-1,session3_row307,session3_row327,True,3,0.02304627831158139,0.009306820864004214,0.013739457447577175
4.0,benzyl_fentanyl,Agilent-1,Mira-3,session3_row341,session3_row307,True,-3,0.16048154236081327,0.1472933615737624,0.013188180787050863
4.0,benzyl_fentanyl,Agilent-1,Pendar-1,session3_row341,session3_row327,True,-2,0.29676809455902714,0.2892416749196454,0.007526419639381721
5.0,benzyl_fentanyl,Agilent-3,Mira-3,session1_row30,session1_row26,True,-1,0.29456003804616804,0.2874302211393485,0.007129816906819519
5.0,benzyl_fentanyl,Mira-3,Pendar-3,session1_row26,session2_row35,True,-1,0.29722564685171354,0.28258043848390696,0.014645208367806584
5.0,benzyl_fentanyl,Agilent-3,Mira-3,session2_row109,session1_row26,True,2,0.273163542383093,0.26265057567017175,0.010512966712921235
5.0,benzyl_fentanyl,Agilent-1,Mira-3,session3_row249,session1_row26,True,1,0.26917841453525926,0.2663754350887339,0.0028029794465253555
5.0,benzyl_fentanyl,Mira-3,Pendar-1,session1_row26,session3_row328,True,0,0.2841241940228742,0.2841241940228742,0.0
5.0,benzyl_fentanyl,Agilent-1,Mira-3,session3_row337,session1_row26,True,0,0.10719711038874641,0.10719711038874641,0.0
5.0,benzyl_fentanyl,Agilent-3,Pendar-3,session1_row30,session2_row35,True,-2,0.6757424259717085,0.6373360293618705,0.03840639660983802
5.0,benzyl_fentanyl,Agilent-3,Mira-3,session1_row30,session2_row36,True,-1,0.7216394312851324,0.710466512250957,0.011172919034175388
5.0,benzyl_fentanyl,Agilent-3,Mira-3,session1_row30,session3_row246,True,-1,0.5611941988980164,0.5578708842312109,0.003323314666805466
5.0,benzyl_fentanyl,Agilent-1,Agilent-3,session3_row249,session1_row30,True,0,0.6816001044171525,0.6816001044171525,0.0
5.0,benzyl_fentanyl,Agilent-3,Mira-3,session1_row30,session3_row310,True,0,0.1938515800980813,0.1938515800980813,0.0
5.0,benzyl_fentanyl,Agilent-3,Pendar-1,session1_row30,session3_row328,True,-3,0.5827347564232841,0.5058655724409671,0.07686918398231701
5.0,benzyl_fentanyl,Agilent-1,Agilent-3,session3_row337,session1_row30,True,3,0.27400937434305306,0.2524170007703037,0.021592373572749346
5.0,benzyl_fentanyl,Mira-3,Pendar-3,session2_row36,session2_row35,True,-1,0.7693974933755111,0.7550563233046146,0.014341170070896525
5.0,benzyl_fentanyl,Agilent-3,Pendar-3,session2_row109,session2_row35,True,0,0.7532410037265451,0.7532410037265451,0.0
5.0,benzyl_fentanyl,Mira-3,Pendar-3,session3_row246,session2_row35,True,-1,0.5650239544255937,0.5521053209283356,0.01291863349725808
5.0,benzyl_fentanyl,Agilent-1,Pendar-3,session3_row249,session2_row35,True,-2,0.6879819214613798,0.6341156374384842,0.053866284022895616
5.0,benzyl_fentanyl,Mira-3,Pendar-3,session3_row310,session2_row35,True,-3,0.18925150594898651,0.1634449991251858,0.0258065068238007
5.0,benzyl_fentanyl,Pendar-1,Pendar-3,session3_row328,session2_row35,True,0,0.5785561346315252,0.5785561346315252,0.0
5.0,benzyl_fentanyl,Agilent-1,Pendar-3,session3_row337,session2_row35,True,-1,0.25928806924394576,0.25341442355221594,0.005873645691729823
5.0,benzyl_fentanyl,Agilent-3,Mira-3,session2_row109,session2_row36,True,1,0.8054275405261704,0.7837738187050494,0.02165372182112102
5.0,benzyl_fentanyl,Agilent-1,Mira-3,session3_row249,session2_row36,True,0,0.7186163032969825,0.7186163032969825,0.0
5.0,benzyl_fentanyl,Mira-3,Pendar-1,session2_row36,session3_row328,True,-1,0.6397699080942211,0.6171984956280372,0.022571412466183882
5.0,benzyl_fentanyl,Agilent-1,Mira-3,session3_row337,session2_row36,True,0,0.26684203384673727,0.26684203384673727,0.0
5.0,benzyl_fentanyl,Agilent-3,Mira-3,session2_row109,session3_row246,True,1,0.602312334995221,0.5847812117144838,0.017531123280737138
5.0,benzyl_fentanyl,Agilent-1,Agilent-3,session3_row249,session2_row109,True,-2,0.8169802304079445,0.785148977485371,0.031831252922573494
5.0,benzyl_fentanyl,Agilent-3,Mira-3,session2_row109,session3_row310,True,4,0.22899071432739904,0.18957416609189706,0.039416548235501975
5.0,benzyl_fentanyl,Agilent-3,Pendar-1,session2_row109,session3_row328,True,0,0.5999640685068058,0.5999640685068058,0.0
5.0,benzyl_fentanyl,Agilent-1,Agilent-3,session3_row337,session2_row109,True,-2,0.3230257999956774,0.3134796940385897,0.009546105957087658
5.0,benzyl_fentanyl,Agilent-1,Mira-3,session3_row249,session3_row246,True,0,0.545185136539781,0.545185136539781,0.0
5.0,benzyl_fentanyl,Mira-3,Pendar-1,session3_row246,session3_row328,True,-2,0.48851276967112206,0.45910722409761695,0.02940554557350511
5.0,benzyl_fentanyl,Agilent-1,Mira-3,session3_row337,session3_row246,True,0,0.1668561625877746,0.1668561625877746,0.0
5.0,benzyl_fentanyl,Agilent-1,Mira-3,session3_row249,session3_row310,True,3,0.23259616998932778,0.20364459291880097,0.028951577070526813
5.0,benzyl_fentanyl,Agilent-1,Pendar-1,session3_row249,session3_row328,True,-2,0.6071900286984353,0.5727926593265157,0.03439736937191962
5.0,benzyl_fentanyl,Mira-3,Pendar-1,session3_row310,session3_row328,True,-3,0.16316628419364204,0.15559539960758723,0.007570884586054816
5.0,benzyl_fentanyl,Agilent-1,Mira-3,session3_row337,session3_row310,True,0,0.4374818377374045,0.4374818377374045,0.0
5.0,benzyl_fentanyl,Agilent-1,Pendar-1,session3_row337,session3_row328,True,-2,0.26662039299410756,0.26048934512832117,0.006131047865786388
6.0,4_ANPP,Agilent-3,Mira-3,session1_row29,session1_row35,True,1,0.2676714671184178,0.2657293984193523,0.0019420686990655467
6.0,4_ANPP,Agilent-3,Mira-3,session1_row29,session1_row41,True,3,0.19832595340456144,0.17123960642761485,0.02708634697694659
6.0,4_ANPP,Agilent-3,Mira-3,session1_row29,session2_row37,True,2,0.5644346898210236,0.5414108398435582,0.023023849977465427
6.0,4_ANPP,Agilent-3,Pendar-3,session1_row29,session2_row38,False,1,0.41995301778658495,0.4050353002718633,0.014917717514721651
6.0,4_ANPP,Agilent-3,Pendar-1,session1_row29,session3_row232,False,-1,0.5135819897243938,0.5129667380050473,0.0006152517193465101
6.0,4_ANPP,Agilent-3,Mira-3,session1_row29,session3_row238,True,-1,0.37577783121737734,0.37523473450988987,0.0005430967074874782
6.0,4_ANPP,Agilent-3,Mira-3,session1_row29,session3_row248,True,1,0.6274970878422363,0.6087707169911557,0.018726370851080643
6.0,4_ANPP,Agilent-1,Agilent-3,session3_row253,session1_row29,True,-2,0.6719095989270001,0.6452760189851543,0.026633579941845786
6.0,4_ANPP,Agilent-1,Agilent-3,session3_row314,session1_row29,True,-1,0.5450684464899963,0.535723111189253,0.00934533530074333
6.0,4_ANPP,Agilent-3,Pendar-1,session1_row29,session3_row329,True,0,0.6783378430765165,0.6783378430765165,0.0
6.0,4_ANPP,Agilent-3,Mira-3,session1_row42,session1_row35,True,-1,0.34023425613716624,0.3382120443731153,0.0020222117640509296
6.0,4_ANPP,Mira-3,Pendar-3,session1_row35,session2_row38,False,-2,0.16800925261069308,0.14923475171560213,0.018774500895090945
6.0,4_ANPP,Agilent-3,Mira-3,session2_row110,session1_row35,True,1,0.3490662154232226,0.34575867948919875,0.003307535934023831
6.0,4_ANPP,Mira-3,Pendar-1,session1_row35,session3_row232,False,-1,0.1787369013187632,0.17352573578472055,0.005211165534042661
6.0,4_ANPP,Agilent-1,Mira-3,session3_row253,session1_row35,True,-1,0.3104729807204374,0.30980360105801025,0.0006693796624271386
6.0,4_ANPP,Agilent-1,Mira-3,session3_row314,session1_row35,True,0,0.3007952328482369,0.3007952328482369,0.0
6.0,4_ANPP,Mira-3,Pendar-1,session1_row35,session3_row329,True,-2,0.3417267008544419,0.3262514621532191,0.015475238701222804
6.0,4_ANPP,Agilent-3,Mira-3,session1_row42,session1_row41,True,0,0.25585943084080515,0.25585943084080515,0.0
6.0,4_ANPP,Mira-3,Pendar-3,session1_row41,session2_row38,False,-5,0.13536954015329214,0.09180706901774607,0.043562471135546066
6.0,4_ANPP,Agilent-3,Mira-3,session2_row110,session1_row41,True,2,0.25112292202013,0.23431680945222116,0.016806112567908815
6.0,4_ANPP,Mira-3,Pendar-1,session1_row41,session3_row232,False,-3,0.1526441761144379,0.07401869427215778,0.07862548184228012
6.0,4_ANPP,Agilent-1,Mira-3,session3_row253,session1_row41,True,0,0.2740349892149978,0.2740349892149978,0.0
6.0,4_ANPP,Agilent-1,Mira-3,session3_row314,session1_row41,True,1,0.22060733304560728,0.21959958444009076,0.0010077486055165286
6.0,4_ANPP,Mira-3,Pendar-1,session1_row41,session3_row329,True,-2,0.24974333244505598,0.2402302569927582,0.009513075452297765
6.0,4_ANPP,Agilent-3,Mira-3,session1_row42,session2_row37,True,0,0.7563931635633959,0.7563931635633959,0.0
6.0,4_ANPP,Agilent-3,Pendar-3,session1_row42,session2_row38,False,-1,0.40472226529299105,0.4044377814872,0.00028448380579104704
6.0,4_ANPP,Agilent-3,Pendar-1,session1_row42,session3_row232,False,-2,0.34843024765275604,0.32626961826886064,0.022160629383895403
6.0,4_ANPP,Agilent-3,Mira-3,session1_row42,session3_row238,True,-2,0.3272289429246567,0.30226693216191836,0.02496201076273835
6.0,4_ANPP,Agilent-3,Mira-3,session1_row42,session3_row248,True,-1,0.8381223732627451,0.8352407538477109,0.0028816194150341756
6.0,4_ANPP,Agilent-1,Agilent-3,session3_row253,session1_row42,True,0,0.903599669177111,0.903599669177111,0.0
6.0,4_ANPP,Agilent-1,Agilent-3,session3_row314,session1_row42,True,0,0.7117606607356427,0.7117606607356427,0.0
6.0,4_ANPP,Agilent-3,Pendar-1,session1_row42,session3_row329,True,-2,0.8888556105016616,0.8437680203925321,0.04508759010912955
6.0,4_ANPP,Mira-3,Pendar-3,session2_row37,session2_row38,False,-1,0.3721297880964448,0.3649175930495768,0.007212195046867986
6.0,4_ANPP,Agilent-3,Mira-3,session2_row110,session2_row37,True,1,0.733622777363071,0.7167198391105026,0.01690293825256839
6.0,4_ANPP,Mira-3,Pendar-1,session2_row37,session3_row232,False,-3,0.3313931400680261,0.277185038968078,0.054208101099948114
6.0,4_ANPP,Agilent-1,Mira-3,session3_row253,session2_row37,True,0,0.7184752880994111,0.7184752880994111,0.0
6.0,4_ANPP,Agilent-1,Mira-3,session3_row314,session2_row37,True,0,0.6106143437761566,0.6106143437761566,0.0
6.0,4_ANPP,Mira-3,Pendar-1,session2_row37,session3_row329,True,-2,0.7868541841356843,0.7407796304205629,0.04607455371512137
6.0,4_ANPP,Agilent-3,Pendar-3,session2_row110,session2_row38,False,1,0.4085121426359987,0.402774647407937,0.0057374952280617175
6.0,4_ANPP,Pendar-1,Pendar-3,session3_row232,session2_row38,False,3,0.2648935777582576,0.16311967507069092,0.1017739026875667
6.0,4_ANPP,Mira-3,Pendar-3,session3_row238,session2_row38,False,0,0.22503213683910298,0.22503213683910298,0.0
6.0,4_ANPP,Mira-3,Pendar-3,session3_row248,session2_row38,False,-1,0.42668554603761805,0.42571143327103744,0.0009741127665806038
6.0,4_ANPP,Agilent-1,Pendar-3,session3_row253,session2_row38,False,-1,0.39870732659458485,0.3958178794662655,0.0028894471283193446
6.0,4_ANPP,Agilent-1,Pendar-3,session3_row314,session2_row38,False,-1,0.34250511740709777,0.3333208060574841,0.009184311349613672
6.0,4_ANPP,Pendar-1,Pendar-3,session3_row329,session2_row38,False,1,0.4078790791823591,0.40541438727998397,0.002464691902375138
6.0,4_ANPP,Agilent-3,Pendar-1,session2_row110,session3_row232,False,0,0.3582789205294426,0.3582789205294426,0.0
6.0,4_ANPP,Agilent-3,Mira-3,session2_row110,session3_row238,True,0,0.3232106769737056,0.3232106769737056,0.0
6.0,4_ANPP,Agilent-3,Mira-3,session2_row110,session3_row248,True,1,0.8045801171997035,0.793938290160325,0.010641827039378438
6.0,4_ANPP,Agilent-1,Agilent-3,session3_row253,session2_row110,True,-1,0.8835806173538204,0.8660947138718768,0.017485903481943676
6.0,4_ANPP,Agilent-1,Agilent-3,session3_row314,session2_row110,True,-1,0.7887267728472221,0.7825332028140507,0.006193570033171447
6.0,4_ANPP,Agilent-3,Pendar-1,session2_row110,session3_row329,True,0,0.8668401334224681,0.8668401334224681,0.0
6.0,4_ANPP,Mira-3,Pendar-1,session3_row238,session3_row232,False,-1,0.36327146893317164,0.35747538968959147,0.005796079243580166
6.0,4_ANPP,Mira-3,Pendar-1,session3_row248,session3_row232,False,-2,0.36581593798027723,0.32058204981038035,0.045233888169896874
6.0,4_ANPP,Agilent-1,Pendar-1,session3_row253,session3_row232,False,-3,0.32527729388164256,0.28991741786916664,0.03535987601247592
6.0,4_ANPP,Agilent-1,Pendar-1,session3_row314,session3_row232,False,-3,0.30737400992803965,0.27154545668250063,0.03582855324553902
6.0,4_ANPP,Agilent-1,Mira-3,session3_row253,session3_row238,True,-2,0.28033517292745014,0.2563720670780602,0.023963105849389932
6.0,4_ANPP,Agilent-1,Mira-3,session3_row314,session3_row238,True,-2,0.3049755234497846,0.2934097552339876,0.011565768215797023
6.0,4_ANPP,Mira-3,Pendar-1,session3_row238,session3_row329,True,0,0.32460466261165044,0.32460466261165044,0.0
6.0,4_ANPP,Agilent-1,Mira-3,session3_row253,session3_row248,True,-1,0.8096487027657593,0.808571078174083,0.0010776245916762628
6.0,4_ANPP,Agilent-1,Mira-3,session3_row314,session3_row248,True,0,0.6707640602357086,0.6707640602357086,0.0
6.0,4_ANPP,Mira-3,Pendar-1,session3_row248,session3_row329,True,-1,0.8760821111884626,0.8465920474361793,0.029490063752283247
6.0,4_ANPP,Agilent-1,Pendar-1,session3_row253,session3_row329,True,-2,0.8561732774091472,0.8192545016741998,0.036918775734947396
6.0,4_ANPP,Agilent-1,Pendar-1,session3_row314,session3_row329,True,-1,0.6887534038464549,0.6734223426101474,0.015331061236307453
7.0,4_ANPP,Agilent-3,Mira-3,session1_row37,session1_row33,True,-1,0.21260982548037521,0.20618689069238819,0.006422934787987028
7.0,4_ANPP,Agilent-3,Mira-3,session1_row38,session1_row33,True,-1,0.26130616071443397,0.25905341205952825,0.002252748654905712
7.0,4_ANPP,Mira-3,Pendar-3,session1_row33,session2_row39,True,-1,0.2607822073793811,0.24690076712196665,0.013881440257414474
7.0,4_ANPP,Agilent-3,Mira-3,session2_row111,session1_row33,True,0,0.3184426831212514,0.3184426831212514,0.0
7.0,4_ANPP,Mira-3,Pendar-1,session1_row33,session3_row217,True,-1,0.24595793444395234,0.24074810135666325,0.00520983308728909
7.0,4_ANPP,Agilent-1,Mira-3,session3_row256,session1_row33,True,-1,0.2849424079885169,0.2823142137689301,0.002628194219586766
7.0,4_ANPP,Mira-3,Pendar-1,session1_row33,session3_row297,True,-2,0.10007669240029761,0.09530028891254277,0.004776403487754835
7.0,4_ANPP,Mira-3,Pendar-1,session1_row33,session3_row330,True,-2,0.29989915048760313,0.28247343659816343,0.017425713889439698
7.0,4_ANPP,Agilent-3,Pendar-3,session1_row37,session2_row39,True,-2,0.41519295706646653,0.391484548855026,0.023708408211440546
7.0,4_ANPP,Agilent-3,Mira-3,session1_row37,session2_row40,True,0,0.4589737961698367,0.4589737961698367,0.0
7.0,4_ANPP,Agilent-3,Mira-3,session1_row37,session3_row211,True,-4,0.2260082940235461,0.18545644005685682,0.04055185396668928
7.0,4_ANPP,Agilent-3,Pendar-1,session1_row37,session3_row217,True,-3,0.3920387364030757,0.35621561459328327,0.03582312180979241
7.0,4_ANPP,Agilent-3,Mira-3,session1_row37,session3_row225,True,-1,0.47354589086884075,0.47112655120053853,0.0024193396683022117
7.0,4_ANPP,Agilent-1,Agilent-3,session3_row256,session1_row37,True,0,0.567567971394169,0.567567971394169,0.0
7.0,4_ANPP,Agilent-3,Pendar-1,session1_row37,session3_row297,True,0,0.22325252483929808,0.22325252483929808,0.0
7.0,4_ANPP,Agilent-3,Mira-3,session1_row37,session3_row323,True,5,0.12172875115132788,0.11364919679238614,0.00807955435894174
7.0,4_ANPP,Agilent-3,Pendar-1,session1_row37,session3_row330,True,-3,0.5485895622368605,0.48155376485017687,0.06703579738668364
7.0,4_ANPP,Agilent-3,Pendar-3,session1_row38,session2_row39,True,-1,0.4856629680320966,0.4688233258734345,0.01683964215866207
7.0,4_ANPP,Agilent-3,Mira-3,session1_row38,session2_row40,True,0,0.5534785559063607,0.5534785559063607,0.0
7.0,4_ANPP,Agilent-3,Mira-3,session1_row38,session3_row211,True,-2,0.29753338939338825,0.27991665272210714,0.017616736671281108
7.0,4_ANPP,Agilent-3,Pendar-1,session1_row38,session3_row217,True,-1,0.44751528576453936,0.4348487914035313,0.012666494361008085
7.0,4_ANPP,Agilent-3,Mira-3,session1_row38,session3_row225,True,0,0.5628205687615982,0.5628205687615982,0.0
7.0,4_ANPP,Agilent-1,Agilent-3,session3_row256,session1_row38,True,-1,0.6624043412784666,0.6619375366023832,0.0004668046760833988
7.0,4_ANPP,Agilent-3,Pendar-1,session1_row38,session3_row297,True,-2,0.20062903281932976,0.18036705283901752,0.020261979980312234
7.0,4_ANPP,Agilent-3,Mira-3,session1_row38,session3_row323,True,0,0.18405478203592637,0.18405478203592637,0.0
7.0,4_ANPP,Agilent-3,Pendar-1,session1_row38,session3_row330,True,-2,0.5787711778330707,0.5537836260892824,0.024987551743788305
7.0,4_ANPP,Mira-3,Pendar-3,session2_row40,session2_row39,True,-2,0.6632672112142897,0.6217137172806076,0.04155349393368202
7.0,4_ANPP,Agilent-3,Pendar-3,session2_row111,session2_row39,True,0,0.6638690501783101,0.6638690501783101,0.0
7.0,4_ANPP,Mira-3,Pendar-3,session3_row211,session2_row39,True,1,0.3589601438343519,0.3560430928685473,0.0029170509658045796
7.0,4_ANPP,Pendar-1,Pendar-3,session3_row217,session2_row39,True,0,0.5915607063762643,0.5915607063762643,0.0
7.0,4_ANPP,Mira-3,Pendar-3,session3_row225,session2_row39,True,-1,0.6728105668373493,0.6495824314599761,0.023228135377373227
7.0,4_ANPP,Agilent-1,Pendar-3,session3_row256,session2_row39,True,-2,0.6501371830007115,0.6269421148877792,0.02319506811293237
7.0,4_ANPP,Pendar-1,Pendar-3,session3_row297,session2_row39,True,0,0.23094839699881767,0.23094839699881767,0.0
7.0,4_ANPP,Mira-3,Pendar-3,session3_row323,session2_row39,True,-2,0.18713734560702702,0.1753544198556435,0.01178292575138351
7.0,4_ANPP,Pendar-1,Pendar-3,session3_row330,session2_row39,True,0,0.701509972030701,0.701509972030701,0.0
7.0,4_ANPP,Agilent-3,Mira-3,session2_row111,session2_row40,True,1,0.7876232070333403,0.775214882162692,0.012408324870648357
7.0,4_ANPP,Mira-3,Pendar-1,session2_row40,session3_row217,True,-1,0.7057471063410327,0.6762763335436369,0.02947077279739574
7.0,4_ANPP,Agilent-1,Mira-3,session3_row256,session2_row40,True,0,0.7574695127566881,0.7574695127566881,0.0
7.0,4_ANPP,Mira-3,Pendar-1,session2_row40,session3_row297,True,-2,0.19667457674182187,0.18519709304528312,0.011477483696538754
7.0,4_ANPP,Mira-3,Pendar-1,session2_row40,session3_row330,True,-2,0.792592334515081,0.7280551926210771,0.06453714189400395
7.0,4_ANPP,Agilent-3,Mira-3,session2_row111,session3_row211,True,-1,0.4361053398321951,0.4305820575551637,0.005523282277031416
7.0,4_ANPP,Agilent-3,Pendar-1,session2_row111,session3_row217,True,0,0.7016312825573774,0.7016312825573774,0.0
7.0,4_ANPP,Agilent-3,Mira-3,session2_row111,session3_row225,True,0,0.7981604970679153,0.7981604970679153,0.0
7.0,4_ANPP,Agilent-1,Agilent-3,session3_row256,session2_row111,True,-1,0.927198753051542,0.9204160785459823,0.006782674505559694
7.0,4_ANPP,Agilent-3,Pendar-1,session2_row111,session3_row297,True,1,0.2745620877194774,0.27441475695394635,0.00014733076553102853
7.0,4_ANPP,Agilent-3,Mira-3,session2_row111,session3_row323,True,1,0.26584687902379983,0.2597166968762935,0.0061301821475063245
7.0,4_ANPP,Agilent-3,Pendar-1,session2_row111,session3_row330,True,-1,0.8349480053916105,0.8196198357137872,0.015328169677823356
7.0,4_ANPP,Mira-3,Pendar-1,session3_row211,session3_row217,True,0,0.34433063881256687,0.34433063881256687,0.0
7.0,4_ANPP,Agilent-1,Mira-3,session3_row256,session3_row211,True,-2,0.4269004277785167,0.4094022248972778,0.017498202881238933
7.0,4_ANPP,Mira-3,Pendar-1,session3_row211,session3_row297,True,-1,0.12081245096932154,0.11829881541556643,0.0025136355537551114
7.0,4_ANPP,Mira-3,Pendar-1,session3_row211,session3_row330,True,0,0.4315369158546946,0.4315369158546946,0.0
7.0,4_ANPP,Mira-3,Pendar-1,session3_row225,session3_row217,True,-1,0.7173872772180154,0.7031243791857719,0.014262898032243565
7.0,4_ANPP,Agilent-1,Pendar-1,session3_row256,session3_row217,True,-2,0.6886823974770677,0.6692174112437315,0.019464986233336257
7.0,4_ANPP,Mira-3,Pendar-1,session3_row323,session3_row217,True,-3,0.24975766826437207,0.2102156725544308,0.03954199570994127
7.0,4_ANPP,Agilent-1,Mira-3,session3_row256,session3_row225,True,-1,0.7705058898720089,0.7687492836571658,0.0017566062148430817
7.0,4_ANPP,Mira-3,Pendar-1,session3_row225,session3_row297,True,1,0.19417325442379313,0.1930982638323758,0.0010749905914173297
7.0,4_ANPP,Mira-3,Pendar-1,session3_row225,session3_row330,True,-1,0.8055912361317307,0.7732107149752337,0.03238052115649692
7.0,4_ANPP,Agilent-1,Pendar-1,session3_row256,session3_row297,True,0,0.23851686754714851,0.23851686754714851,0.0
7.0,4_ANPP,Agilent-1,Mira-3,session3_row256,session3_row323,True,0,0.27107685443303714,0.27107685443303714,0.0
7.0,4_ANPP,Agilent-1,Pendar-1,session3_row256,session3_row330,True,-2,0.8053353472662865,0.7579386351347193,0.047396712131567265
7.0,4_ANPP,Mira-3,Pendar-1,session3_row323,session3_row297,True,-2,0.2391382796829228,0.236611173460157,0.002527106222765807
7.0,4_ANPP,Mira-3,Pendar-1,session3_row323,session3_row330,True,-3,0.21123036200697068,0.18674966420366806,0.024480697803302615
8.0,blank,Agilent-3,Mira-3,session1_row36,session1_row31,True,5,0.03343231863560182,0.030147915898729897,0.00328440273687192
8.0,blank,Mira-3,Pendar-3,session1_row31,session2_row42,False,-5,0.05349345424621815,-0.06605926631895602,0.11955272056517417
8.0,blank,Agilent-3,Mira-3,session2_row112,session1_row31,True,4,0.12399122326521662,0.10693930311242099,0.017051920152795635
8.0,blank,Agilent-1,Mira-3,session3_row259,session1_row31,True,0,0.1258862684670349,0.1258862684670349,0.0
8.0,blank,Mira-3,Pendar-1,session1_row31,session3_row298,True,-1,0.08078798086215222,0.0769304130492018,0.0038575678129504215
8.0,blank,Mira-3,Pendar-1,session1_row31,session3_row331,True,-4,0.05733607314544063,0.016390718157012617,0.040945354988428016
8.0,blank,Agilent-3,Mira-3,session1_row36,session2_row41,True,1,0.05826528933770897,0.05742897993236792,0.0008363094053410527
8.0,blank,Agilent-3,Pendar-3,session1_row36,session2_row42,False,4,0.05549418107032787,0.022876946678584455,0.03261723439174342
8.0,blank,Agilent-1,Agilent-3,session3_row259,session1_row36,True,5,0.161998696867048,0.13105446199495097,0.03094423487209702
8.0,blank,Agilent-3,Pendar-1,session1_row36,session3_row298,True,-3,0.1813448844215553,0.13387839449724379,0.04746648992431152
8.0,blank,Agilent-3,Mira-3,session1_row36,session3_row322,True,0,0.04497794181449717,0.04497794181449717,0.0
8.0,blank,Agilent-3,Pendar-1,session1_row36,session3_row331,True,-2,0.13751885545396117,0.12143252014165794,0.016086335312303232
8.0,blank,Mira-3,Pendar-3,session2_row41,session2_row42,False,-5,0.10274756886127019,-0.0254987708439758,0.128246339705246
8.0,blank,Agilent-3,Mira-3,session2_row112,session2_row41,True,1,0.30602262571735583,0.3047104493349753,0.0013121763823805144
8.0,blank,Agilent-1,Mira-3,session3_row259,session2_row41,True,0,0.25670678781862266,0.25670678781862266,0.0
8.0,blank,Mira-3,Pendar-1,session2_row41,session3_row298,True,1,0.12775646423267814,0.12341164344800581,0.004344820784672326
8.0,blank,Mira-3,Pendar-1,session2_row41,session3_row331,True,-3,0.17290059514079067,0.11959225192153183,0.05330834321925884
8.0,blank,Agilent-3,Pendar-3,session2_row112,session2_row42,False,3,0.13743933349284662,0.11831361288242344,0.019125720610423183
8.0,blank,Agilent-1,Pendar-3,session3_row259,session2_row42,False,-5,0.10403012996063939,0.026116868421438115,0.07791326153920128
8.0,blank,Pendar-1,Pendar-3,session3_row298,session2_row42,False,3,0.11687828142485387,0.09442220790696351,0.022456073517890363
8.0,blank,Mira-3,Pendar-3,session3_row322,session2_row42,False,-5,0.04532469650957434,-0.021227160971197454,0.06655185748077179
8.0,blank,Pendar-1,Pendar-3,session3_row331,session2_row42,False,2,0.09956267046315366,0.09338060597266692,0.0061820644904867356
8.0,blank,Agilent-1,Agilent-3,session3_row259,session2_row112,True,0,0.7310927372321327,0.7310927372321327,0.0
8.0,blank,Agilent-3,Pendar-1,session2_row112,session3_row298,True,2,0.3997766593217786,0.3836736062737767,0.01610305304800186
8.0,blank,Agilent-3,Mira-3,session2_row112,session3_row322,True,2,0.28860115247262064,0.2806668264343128,0.007934326038307848
8.0,blank,Agilent-3,Pendar-1,session2_row112,session3_row331,True,-1,0.3728550194238578,0.36236773289638824,0.010487286527469553
8.0,blank,Agilent-1,Pendar-1,session3_row259,session3_row298,True,1,0.3531306239071447,0.34304739698040376,0.010083226926740962
8.0,blank,Agilent-1,Mira-3,session3_row259,session3_row322,True,0,0.24112251339324126,0.24112251339324126,0.0
8.0,blank,Agilent-1,Pendar-1,session3_row259,session3_row331,True,-1,0.3483259232987408,0.3411974048523072,0.007128518446433585
8.0,blank,Mira-3,Pendar-1,session3_row322,session3_row298,True,0,0.34992490983651087,0.34992490983651087,0.0
8.0,blank,Mira-3,Pendar-1,session3_row322,session3_row331,True,-5,0.13038631103129578,0.07528685504418557,0.055099455987110205
9.0,blank,Mira-3,Pendar-2,session1_row46,session1_row63,False,2,0.0772653241406272,0.044978028980061,0.0322872951605662
9.0,blank,Mira-3,Pendar-3,session1_row46,session2_row43,False,-4,0.04230840667325666,0.028420561027034007,0.013887845646222651
9.0,blank,Agilent-3,Mira-3,session2_row113,session1_row46,False,-1,0.10153783149322745,0.09925954282249871,0.0022782886707287398
9.0,blank,Mira-3,Pendar-1,session1_row46,session3_row220,False,-2,0.07161976034366499,0.04070247576849396,0.030917284575171032
9.0,blank,Agilent-1,Mira-3,session3_row262,session1_row46,False,-3,0.08887430756512273,0.07456452904802593,0.014309778517096791
9.0,blank,Mira-3,Pendar-1,session1_row46,session3_row332,False,5,0.060544446526294385,0.019220455293144968,0.04132399123314942
9.0,blank,Mira-3,Pendar-2,session1_row48,session1_row63,True,3,0.07786953805346615,0.06124743112279736,0.01662210693066879
9.0,blank,Mira-3,Pendar-3,session1_row48,session2_row43,False,-5,0.1207421181641808,-0.00644180233995929,0.1271839205041401
9.0,blank,Agilent-3,Mira-3,session2_row113,session1_row48,True,-1,0.10401995036577204,0.10214650357256477,0.0018734467932072646
9.0,blank,Mira-3,Pendar-1,session1_row48,session3_row220,True,-4,0.09105116794303518,0.00673833387145165,0.08431283407158353
9.0,blank,Agilent-1,Mira-3,session3_row262,session1_row48,True,-2,0.09471797951139113,0.0905736239937289,0.004144355517662235
9.0,blank,Mira-3,Pendar-1,session1_row48,session3_row332,True,-2,0.08011071311612929,0.0595096449835637,0.020601068132565584
9.0,blank,Pendar-2,Pendar-3,session1_row63,session2_row43,False,-1,0.21642405680402474,0.2117785139386154,0.00464554286540933
9.0,blank,Mira-3,Pendar-2,session2_row44,session1_row63,True,-5,0.08755287079568322,0.005135715917866536,0.08241715487781669
9.0,blank,Agilent-3,Pendar-2,session2_row113,session1_row63,True,-4,0.1614135458445152,0.13028334385232426,0.031130201992190937
9.0,blank,Pendar-1,Pendar-2,session3_row220,session1_row63,True,5,0.09302388065951975,0.03108728665904935,0.0619365940004704
9.0,blank,Mira-3,Pendar-2,session3_row228,session1_row63,True,-5,0.05397589057823338,0.018574226068618412,0.035401664509614975
9.0,blank,Agilent-1,Pendar-2,session3_row262,session1_row63,True,-2,0.1502305996127068,0.12578234156903037,0.024448258043676424
9.0,blank,Mira-3,Pendar-2,session3_row321,session1_row63,True,-5,0.08688611015508922,0.026583291822300428,0.06030281833278879
9.0,blank,Pendar-1,Pendar-2,session3_row332,session1_row63,True,-5,0.11213652662743828,0.012923792614985054,0.09921273401245323
9.0,blank,Mira-3,Pendar-3,session2_row44,session2_row43,False,4,0.08770471617978293,0.018026848455805024,0.06967786772397791
9.0,blank,Agilent-3,Pendar-3,session2_row113,session2_row43,False,4,0.12145733279239422,0.0908202583642955,0.030637074428098723
9.0,blank,Pendar-1,Pendar-3,session3_row220,session2_row43,False,-4,0.12750049816990708,-0.03815340570980323,0.1656539038797103
9.0,blank,Mira-3,Pendar-3,session3_row228,session2_row43,False,5,0.09312489034450261,-0.052999831769195586,0.1461247221136982
9.0,blank,Agilent-1,Pendar-3,session3_row262,session2_row43,False,-4,0.087406670381932,0.061765132569914706,0.0256415378120173
9.0,blank,Mira-3,Pendar-3,session3_row321,session2_row43,False,5,0.05635518510871898,0.02555809901629694,0.03079708609242204
9.0,blank,Pendar-1,Pendar-3,session3_row332,session2_row43,False,-5,0.1616546035327084,-0.1064505720262551,0.2681051755589635
9.0,blank,Agilent-3,Mira-3,session2_row113,session2_row44,True,1,0.2679634873094812,0.264146666845718,0.003816820463763193
9.0,blank,Mira-3,Pendar-1,session2_row44,session3_row220,True,-2,0.0727324398035029,0.0636423342096642,0.009090105593838702
9.0,blank,Agilent-1,Mira-3,session3_row262,session2_row44,True,0,0.17871602140048082,0.17871602140048082,0.0
9.0,blank,Mira-3,Pendar-1,session2_row44,session3_row332,True,0,0.11862398460764563,0.11862398460764563,0.0
9.0,blank,Agilent-3,Pendar-1,session2_row113,session3_row220,True,-1,0.21466788158432892,0.2078637619163454,0.006804119667983527
9.0,blank,Agilent-3,Mira-3,session2_row113,session3_row228,True,0,0.17644320389990603,0.17644320389990603,0.0
9.0,blank,Agilent-1,Agilent-3,session3_row262,session2_row113,True,-1,0.7707509019096441,0.7608816516500743,0.009869250259569862
9.0,blank,Agilent-3,Mira-3,session2_row113,session3_row321,True,1,0.3063151405515392,0.3047015221860215,0.0016136183655177105
9.0,blank,Agilent-3,Pendar-1,session2_row113,session3_row332,True,-1,0.3725755756020912,0.3677633528264303,0.0048122227756609015
9.0,blank,Mira-3,Pendar-1,session3_row228,session3_row220,True,-3,0.0925122097990871,0.03704734874200997,0.05546486105707713
9.0,blank,Agilent-1,Pendar-1,session3_row262,session3_row220,True,-3,0.2010422992344134,0.1554688706303111,0.04557342860410232
9.0,blank,Mira-3,Pendar-1,session3_row321,session3_row220,True,-5,0.05587207502248847,0.02444111644411359,0.031430958578374885
9.0,blank,Agilent-1,Mira-3,session3_row262,session3_row228,True,-1,0.16146857772206605,0.15903217516810636,0.002436402553959688
9.0,blank,Mira-3,Pendar-1,session3_row228,session3_row332,True,-1,0.11416106907392115,0.11177061081253924,0.002390458261381914
9.0,blank,Agilent-1,Mira-3,session3_row262,session3_row321,True,0,0.22972048288877736,0.22972048288877736,0.0
9.0,blank,Agilent-1,Pendar-1,session3_row262,session3_row332,True,0,0.3516858938205419,0.3516858938205419,0.0
9.0,blank,Mira-3,Pendar-1,session3_row321,session3_row332,True,-2,0.10810042174328846,0.10254246036863315,0.005557961374655307
10.0,blank,Mira-3,Pendar-2,session1_row52,session1_row60,False,-2,0.09474618973769454,0.08005605496611716,0.014690134771577379
10.0,blank,Mira-3,Pendar-3,session1_row52,session2_row45,False,-4,0.05864184472476346,0.007452978621702384,0.05118886610306108
10.0,blank,Mira-3,Pendar-3,session1_row52,session2_row67,False,5,0.013725557363513266,-0.016141421581234616,0.02986697894474788
10.0,blank,Agilent-3,Mira-3,session2_row114,session1_row52,True,0,0.1014370897152302,0.1014370897152302,0.0
10.0,blank,Mira-3,Pendar-1,session1_row52,session3_row223,False,5,0.1133052281648984,0.0021544600935158808,0.11115076807138251
10.0,blank,Agilent-1,Mira-3,session3_row265,session1_row52,True,-3,0.09405237815532916,0.07402524858881578,0.020027129566513382
10.0,blank,Mira-3,Pendar-1,session1_row52,session3_row333,True,-1,0.044678953836102514,0.044084168636619944,0.0005947851994825698
10.0,blank,Pendar-2,Pendar-3,session1_row60,session2_row45,False,5,0.09719037966400737,0.026824639349175068,0.07036574031483231
10.0,blank,Mira-3,Pendar-2,session2_row46,session1_row60,False,-2,0.19412968485561702,0.182535048848119,0.011594636007498021
10.0,blank,Pendar-2,Pendar-3,session1_row60,session2_row67,False,-1,0.105823031931407,0.09554248836856934,0.010280543562837668
10.0,blank,Agilent-3,Pendar-2,session2_row114,session1_row60,False,-1,0.3350616822170369,0.32956239813480137,0.005499284082235545
10.0,blank,Pendar-1,Pendar-2,session3_row223,session1_row60,False,-1,0.09722613236386816,0.08421017373075765,0.013015958633110516
10.0,blank,Mira-3,Pendar-2,session3_row231,session1_row60,False,1,0.12400651500010083,0.1208491427906959,0.0031573722094049295
10.0,blank,Agilent-1,Pendar-2,session3_row265,session1_row60,False,-3,0.2779174108532645,0.2523264206300402,0.025590990223224308
10.0,blank,Mira-3,Pendar-2,session3_row319,session1_row60,False,-4,0.058749812971176034,0.016831657062578245,0.04191815590859779
10.0,blank,Pendar-1,Pendar-2,session3_row333,session1_row60,False,3,0.1330831666865487,0.10050793250047706,0.03257523418607165
10.0,blank,Mira-3,Pendar-3,session2_row46,session2_row45,False,-4,0.11034361451934818,0.04848306772141916,0.061860546797929024
10.0,blank,Agilent-3,Pendar-3,session2_row114,session2_row45,False,2,0.12072506672767211,0.11548961378106685,0.005235452946605254
10.0,blank,Pendar-1,Pendar-3,session3_row223,session2_row45,False,5,0.06567325231862112,-0.06004166287042299,0.1257149151890441
10.0,blank,Mira-3,Pendar-3,session3_row231,session2_row45,False,5,0.07635237279611805,0.026762587319772806,0.04958978547634524
10.0,blank,Agilent-1,Pendar-3,session3_row265,session2_row45,False,0,0.13680259388087568,0.13680259388087568,0.0
10.0,blank,Mira-3,Pendar-3,session3_row319,session2_row45,False,-5,0.006833822546880739,-0.01727993917420028,0.02411376172108102
10.0,blank,Pendar-1,Pendar-3,session3_row333,session2_row45,False,-3,0.10266543240269942,0.033417713459614626,0.06924771894308479
10.0,blank,Mira-3,Pendar-3,session2_row46,session2_row67,False,-5,0.050269953360464734,0.00972864167649723,0.040541311683967504
10.0,blank,Agilent-3,Mira-3,session2_row114,session2_row46,True,1,0.3596462597776171,0.3529010900631853,0.006745169714431787
10.0,blank,Mira-3,Pendar-1,session2_row46,session3_row223,False,4,0.12721753380477668,0.07007447319060349,0.057143060614173194
10.0,blank,Agilent-1,Mira-3,session3_row265,session2_row46,True,-1,0.26349928445741644,0.258502072572963,0.004997211884453456
10.0,blank,Mira-3,Pendar-1,session2_row46,session3_row333,True,-2,0.10208777906009629,0.09301010227152208,0.009077676788574213
10.0,blank,Agilent-3,Pendar-3,session2_row114,session2_row67,False,1,0.14923378056701414,0.14292216872584254,0.006311611841171599
10.0,blank,Pendar-1,Pendar-3,session3_row223,session2_row67,False,-5,0.023178686040607473,-0.024669887042684722,0.0478485730832922
10.0,blank,Mira-3,Pendar-3,session3_row231,session2_row67,False,4,0.0265615574818325,0.012308427005807508,0.014253130476024993
10.0,blank,Agilent-1,Pendar-3,session3_row265,session2_row67,False,1,0.07401979719519003,0.07050094082349871,0.0035188563716913174
10.0,blank,Mira-3,Pendar-3,session3_row319,session2_row67,False,5,0.007216116008760004,-0.03355072302033346,0.04076683902909346
10.0,blank,Pendar-1,Pendar-3,session3_row333,session2_row67,False,5,0.03144261776374223,-0.11824576536144463,0.14968838312518684
10.0,blank,Agilent-3,Pendar-1,session2_row114,session3_row223,False,5,0.16749785820333996,0.11276533702483846,0.0547325211785015
10.0,blank,Agilent-3,Mira-3,session2_row114,session3_row231,True,1,0.2649173896409622,0.26167861947519827,0.0032387701657639045
10.0,blank,Agilent-1,Agilent-3,session3_row265,session2_row114,True,0,0.6990342751930642,0.6990342751930642,0.0
10.0,blank,Agilent-3,Mira-3,session2_row114,session3_row319,True,-4,0.019435008791870337,0.010077509289975887,0.00935749950189445
10.0,blank,Agilent-3,Pendar-1,session2_row114,session3_row333,True,-2,0.25364040962182904,0.2408724108476786,0.01276799877415044
10.0,blank,Mira-3,Pendar-1,session3_row231,session3_row223,False,3,0.07316461383791473,0.04158477794890282,0.031579835889011906
10.0,blank,Agilent-1,Pendar-1,session3_row265,session3_row223,False,2,0.19102292681888675,0.17413264380756835,0.016890283011318397
10.0,blank,Mira-3,Pendar-1,session3_row319,session3_row223,False,4,0.06951708742651061,0.023964167859475208,0.0455529195670354
10.0,blank,Agilent-1,Mira-3,session3_row265,session3_row231,True,1,0.20129355869294166,0.19666561071512229,0.004627947977819374
10.0,blank,Mira-3,Pendar-1,session3_row231,session3_row333,True,2,0.04690938284648035,0.043607810330656985,0.003301572515823366
10.0,blank,Agilent-1,Mira-3,session3_row265,session3_row319,True,-5,0.0445496560892788,0.005501322228249512,0.03904833386102929
10.0,blank,Agilent-1,Pendar-1,session3_row265,session3_row333,True,-5,0.20313809958644244,0.1992184935113942,0.0039196060750482375
10.0,blank,Mira-3,Pendar-1,session3_row319,session3_row333,True,-4,0.04800941521694716,0.02263710940825083,0.02537230580869633
11.0,benzyl_fentanyl,Agilent-3,Mira-3,session1_row50,session1_row54,True,-3,0.05971216006577972,0.03726907466142932,0.022443085404350402
11.0,benzyl_fentanyl,Agilent-3,Mira-3,session1_row50,session1_row64,True,-1,0.3168305398086273,0.3106156451067991,0.0062148947018281775
11.0,benzyl_fentanyl,Agilent-3,Pendar-2,session1_row50,session1_row65,True,-3,0.5033192467593093,0.4293232126252833,0.073996034134026
11.0,benzyl_fentanyl,Agilent-3,Pendar-3,session1_row50,session2_row47,True,0,0.22388279006593262,0.22388279006593262,0.0
11.0,benzyl_fentanyl,Agilent-3,Mira-3,session1_row50,session2_row48,True,0,0.3331206325102538,0.3331206325102538,0.0
11.0,benzyl_fentanyl,Agilent-3,Pendar-1,session1_row50,session3_row224,True,2,0.10833092467391471,0.09248561475641924,0.01584530991749547
11.0,benzyl_fentanyl,Agilent-3,Mira-3,session1_row50,session3_row235,True,-1,0.2778240618274806,0.2715403247235233,0.006283737103957299
11.0,benzyl_fentanyl,Agilent-1,Agilent-3,session3_row268,session1_row50,True,0,0.41860107579070255,0.41860107579070255,0.0
11.0,benzyl_fentanyl,Agilent-3,Pendar-1,session1_row50,session3_row306,True,-1,0.19022274894399363,0.18522939560196064,0.004993353342032991
11.0,benzyl_fentanyl,Agilent-3,Mira-3,session1_row50,session3_row315,True,5,0.030034939377027524,0.013769768068969967,0.016265171308057557
11.0,benzyl_fentanyl,Agilent-3,Pendar-1,session1_row50,session3_row334,True,-1,0.3203432992395471,0.3074040042677433,0.012939294971803794
11.0,benzyl_fentanyl,Mira-3,Pendar-2,session1_row54,session1_row65,True,-3,0.11184704825925078,0.0962633946022896,0.015583653656961183
11.0,benzyl_fentanyl,Mira-3,Pendar-3,session1_row54,session2_row47,True,-4,0.09643016375850649,0.07402147836705737,0.02240868539144912
11.0,benzyl_fentanyl,Agilent-3,Mira-3,session2_row115,session1_row54,True,4,0.11850670539716451,0.10492999299518196,0.01357671240198255
11.0,benzyl_fentanyl,Mira-3,Pendar-1,session1_row54,session3_row224,True,1,0.07299258734546103,0.06828531821903609,0.00470726912642494
11.0,benzyl_fentanyl,Agilent-1,Mira-3,session3_row268,session1_row54,True,1,0.14432350773646474,0.14045433740573757,0.003869170330727173
11.0,benzyl_fentanyl,Mira-3,Pendar-1,session1_row54,session3_row306,True,-2,0.11625418158878938,0.08970783445738882,0.026546347131400555
11.0,benzyl_fentanyl,Mira-3,Pendar-1,session1_row54,session3_row334,True,0,0.12579421130068333,0.12579421130068333,0.0
11.0,benzyl_fentanyl,Mira-3,Pendar-2,session1_row64,session1_row65,True,-1,0.5535186342834229,0.543346805331976,0.01017182895144686
11.0,benzyl_fentanyl,Mira-3,Pendar-3,session1_row64,session2_row47,True,0,0.5669507432103834,0.5669507432103834,0.0
11.0,benzyl_fentanyl,Agilent-3,Mira-3,session2_row115,session1_row64,True,1,0.6747476800304816,0.671046347432391,0.0037013325980905787
11.0,benzyl_fentanyl,Mira-3,Pendar-1,session1_row64,session3_row224,True,1,0.22885700991907074,0.22334704739346897,0.005509962525601764
11.0,benzyl_fentanyl,Agilent-1,Mira-3,session3_row268,session1_row64,True,-1,0.5326479011929252,0.5315954543411734,0.0010524468517517649
11.0,benzyl_fentanyl,Mira-3,Pendar-1,session1_row64,session3_row306,True,0,0.3133801249670387,0.3133801249670387,0.0
11.0,benzyl_fentanyl,Mira-3,Pendar-1,session1_row64,session3_row334,True,-1,0.5321730373794783,0.5301094654204858,0.0020635719589925383
11.0,benzyl_fentanyl,Pendar-2,Pendar-3,session1_row65,session2_row47,True,0,0.4257548988209178,0.4257548988209178,0.0
11.0,benzyl_fentanyl,Mira-3,Pendar-2,session2_row48,session1_row65,True,-1,0.5737688624430062,0.5455925581685149,0.02817630427449125
11.0,benzyl_fentanyl,Agilent-3,Pendar-2,session2_row115,session1_row65,True,0,0.5965769602654136,0.5965769602654136,0.0
11.0,benzyl_fentanyl,Pendar-1,Pendar-2,session3_row224,session1_row65,True,-4,0.1569482625560751,0.12084050758877804,0.03610775496729707
11.0,benzyl_fentanyl,Mira-3,Pendar-2,session3_row235,session1_row65,True,-1,0.4637063454297343,0.45627873951105746,0.007427605918676861
11.0,benzyl_fentanyl,Agilent-1,Pendar-2,session3_row268,session1_row65,True,-1,0.47287932733717736,0.46633246053109745,0.0065468668060799096
11.0,benzyl_fentanyl,Pendar-1,Pendar-2,session3_row306,session1_row65,True,-3,0.23749534786443344,0.21428349865322696,0.023211849211206476
11.0,benzyl_fentanyl,Mira-3,Pendar-2,session3_row315,session1_row65,True,-5,0.052018755017621605,-0.053538976425977707,0.10555773144359931
11.0,benzyl_fentanyl,Pendar-1,Pendar-2,session3_row334,session1_row65,True,-1,0.449891635462625,0.44843274410679923,0.0014588913558257754
11.0,benzyl_fentanyl,Mira-3,Pendar-3,session2_row48,session2_row47,True,-1,0.5921676997125713,0.5774934392167054,0.014674260495865954
11.0,benzyl_fentanyl,Agilent-3,Pendar-3,session2_row115,session2_row47,True,0,0.6355915231626084,0.6355915231626084,0.0
11.0,benzyl_fentanyl,Pendar-1,Pendar-3,session3_row224,session2_row47,True,0,0.23414601640762175,0.23414601640762175,0.0
11.0,benzyl_fentanyl,Mira-3,Pendar-3,session3_row235,session2_row47,True,-1,0.4921461507510724,0.48929725037519173,0.0028489003758806475
11.0,benzyl_fentanyl,Agilent-1,Pendar-3,session3_row268,session2_row47,True,-2,0.4953407212981305,0.4733672942816597,0.021973427016470815
11.0,benzyl_fentanyl,Pendar-1,Pendar-3,session3_row306,session2_row47,True,-1,0.3137366834734554,0.30264055479650864,0.01109612867694676
11.0,benzyl_fentanyl,Mira-3,Pendar-3,session3_row315,session2_row47,True,-2,0.08160227255377295,0.07299572310150919,0.00860654945226376
11.0,benzyl_fentanyl,Pendar-1,Pendar-3,session3_row334,session2_row47,True,0,0.46518860904895354,0.46518860904895354,0.0
11.0,benzyl_fentanyl,Agilent-3,Mira-3,session2_row115,session2_row48,True,1,0.7196823611937805,0.6998028744470868,0.01987948674669371
11.0,benzyl_fentanyl,Mira-3,Pendar-1,session2_row48,session3_row224,True,-1,0.23025983901106797,0.22923133462370213,0.0010285043873658473
11.0,benzyl_fentanyl,Agilent-1,Mira-3,session3_row268,session2_row48,True,0,0.5811440896405603,0.5811440896405603,0.0
11.0,benzyl_fentanyl,Mira-3,Pendar-1,session2_row48,session3_row306,True,0,0.323605561555636,0.323605561555636,0.0
11.0,benzyl_fentanyl,Mira-3,Pendar-1,session2_row48,session3_row334,True,-1,0.5611779700709676,0.5367856660972107,0.024392303973756913
11.0,benzyl_fentanyl,Agilent-3,Pendar-1,session2_row115,session3_row224,True,0,0.24736844699701763,0.24736844699701763,0.0
11.0,benzyl_fentanyl,Agilent-3,Mira-3,session2_row115,session3_row235,True,1,0.5788389369837428,0.5750126396711309,0.0038262973126118593
11.0,benzyl_fentanyl,Agilent-1,Agilent-3,session3_row268,session2_row115,True,-1,0.8055269019051982,0.7882234339369281,0.017303467968270092
11.0,benzyl_fentanyl,Agilent-3,Pendar-1,session2_row115,session3_row306,True,1,0.40894086050895734,0.40467183089943315,0.004269029609524189
11.0,benzyl_fentanyl,Agilent-3,Mira-3,session2_row115,session3_row315,True,5,0.05541234138714123,0.0349097497360294,0.02050259165111183
11.0,benzyl_fentanyl,Agilent-3,Pendar-1,session2_row115,session3_row334,True,-1,0.6064216552271184,0.6014993363600447,0.004922318867073727
11.0,benzyl_fentanyl,Mira-3,Pendar-1,session3_row235,session3_row224,True,0,0.2145532645607872,0.2145532645607872,0.0
11.0,benzyl_fentanyl,Agilent-1,Pendar-1,session3_row268,session3_row224,True,-3,0.1702408078218426,0.1612203245870437,0.009020483234798898
11.0,benzyl_fentanyl,Mira-3,Pendar-1,session3_row315,session3_row224,True,0,0.08804009913740939,0.08804009913740939,0.0
11.0,benzyl_fentanyl,Agilent-1,Mira-3,session3_row268,session3_row235,True,0,0.48368139181051406,0.48368139181051406,0.0
11.0,benzyl_fentanyl,Mira-3,Pendar-1,session3_row235,session3_row306,True,0,0.27616480411710154,0.27616480411710154,0.0
11.0,benzyl_fentanyl,Mira-3,Pendar-1,session3_row235,session3_row334,True,-1,0.46769386352645037,0.463086887061641,0.004606976464809398
11.0,benzyl_fentanyl,Agilent-1,Pendar-1,session3_row268,session3_row306,True,-2,0.36339056257645863,0.3408160973749621,0.02257446520149653
11.0,benzyl_fentanyl,Agilent-1,Mira-3,session3_row268,session3_row315,True,2,0.07729861656955757,0.06664964604859618,0.010648970520961393
11.0,benzyl_fentanyl,Agilent-1,Pendar-1,session3_row268,session3_row334,True,-2,0.5475296754700888,0.5246064929500662,0.022923182520022567
11.0,benzyl_fentanyl,Mira-3,Pendar-1,session3_row315,session3_row306,True,-2,0.09022377701998416,0.07852169581356029,0.011702081206423867
11.0,benzyl_fentanyl,Mira-3,Pendar-1,session3_row315,session3_row334,True,-1,0.0887146106499199,0.08723458302783434,0.0014800276220855585
12.0,blank,Agilent-3,Pendar-2,session1_row51,session1_row56,False,0,0.17495609192028713,0.17495609192028713,0.0
12.0,blank,Agilent-3,Pendar-2,session1_row51,session1_row58,False,4,0.13582080558315254,0.0783609088922335,0.05745989669091904
12.0,blank,Agilent-3,Pendar-2,session1_row51,session1_row67,True,-1,0.12971170135779553,0.1279272577377426,0.0017844436200529223
12.0,blank,Agilent-3,Pendar-3,session1_row51,session2_row49,False,1,0.12356831454012787,0.10677594687013293,0.016792367669994937
12.0,blank,Agilent-3,Mira-3,session1_row51,session2_row66,True,-1,0.12945494184311385,0.12603133950497508,0.003423602338138765
12.0,blank,Agilent-3,Pendar-1,session1_row51,session3_row229,False,-2,0.12529729679027213,0.10887154960018301,0.016425747190089116
12.0,blank,Agilent-3,Mira-3,session1_row51,session3_row243,True,5,0.10951520944013965,0.10233583998014464,0.007179369459995005
12.0,blank,Agilent-3,Pendar-1,session1_row51,session3_row250,True,-2,0.10686906404911341,0.08477125135129472,0.022097812697818686
12.0,blank,Agilent-3,Mira-3,session1_row51,session3_row252,True,0,0.12245165204752977,0.12245165204752977,0.0
12.0,blank,Agilent-1,Agilent-3,session3_row271,session1_row51,True,0,0.27613886826277556,0.27613886826277556,0.0
12.0,blank,Agilent-3,Pendar-1,session1_row51,session3_row305,True,-5,0.12163062540356279,-0.020935079405702904,0.1425657048092657
12.0,blank,Agilent-3,Mira-3,session1_row51,session3_row313,True,-5,0.10757140145398705,-0.011424819129104952,0.118996220583092
12.0,blank,Agilent-3,Pendar-1,session1_row51,session3_row335,True,-5,0.19376233955188646,-0.06728067587607028,0.2610430154279567
12.0,blank,Pendar-2,Pendar-3,session1_row56,session2_row49,False,5,-0.009593766786746331,-0.04720684779970487,0.03761308101295854
12.0,blank,Mira-3,Pendar-2,session2_row66,session1_row56,False,-1,0.09015860619588853,0.08504249879365817,0.005116107402230355
12.0,blank,Agilent-3,Pendar-2,session2_row116,session1_row56,False,0,0.07339884236360053,0.07339884236360053,0.0
12.0,blank,Pendar-1,Pendar-2,session3_row229,session1_row56,False,1,0.0722623643382777,0.06248123416163482,0.009781130176642873
12.0,blank,Mira-3,Pendar-2,session3_row243,session1_row56,False,-4,0.07409219214013879,0.03019365113653798,0.04389854100360081
12.0,blank,Pendar-1,Pendar-2,session3_row250,session1_row56,False,5,0.07731481378487648,0.026817689950031764,0.05049712383484471
12.0,blank,Mira-3,Pendar-2,session3_row252,session1_row56,False,-1,0.08548402129457182,0.08016125034256913,0.0053227709520026895
12.0,blank,Agilent-1,Pendar-2,session3_row271,session1_row56,False,1,0.1329528947959473,0.12884509512323297,0.004107799672714324
12.0,blank,Pendar-1,Pendar-2,session3_row305,session1_row56,False,5,0.04016913440628772,-0.1439877223812232,0.18415685678751093
12.0,blank,Mira-3,Pendar-2,session3_row313,session1_row56,False,4,0.11304965403981028,0.0019160326408315003,0.11113362139897878
12.0,blank,Pendar-1,Pendar-2,session3_row335,session1_row56,False,5,0.04333848469195614,-0.047745772250415514,0.09108425694237166
12.0,blank,Pendar-2,Pendar-3,session1_row58,session2_row49,False,5,0.08927818782014744,-0.025963556643433618,0.11524174446358107
12.0,blank,Mira-3,Pendar-2,session2_row66,session1_row58,False,-2,0.14994311415468095,0.14403173058954744,0.005911383565133516
12.0,blank,Agilent-3,Pendar-2,session2_row116,session1_row58,False,0,0.2659386225898007,0.2659386225898007,0.0
12.0,blank,Pendar-1,Pendar-2,session3_row229,session1_row58,False,3,0.19058563087172442,0.12574010000009767,0.06484553087162676
12.0,blank,Mira-3,Pendar-2,session3_row243,session1_row58,False,-3,0.09056620641665501,0.06451148805013508,0.02605471836651993
12.0,blank,Pendar-1,Pendar-2,session3_row250,session1_row58,False,-4,0.09264588494493611,0.059398450771254385,0.03324743417368173
12.0,blank,Mira-3,Pendar-2,session3_row252,session1_row58,False,0,0.14290586184660184,0.14290586184660184,0.0
12.0,blank,Agilent-1,Pendar-2,session3_row271,session1_row58,False,0,0.22454140786648563,0.22454140786648563,0.0
12.0,blank,Pendar-1,Pendar-2,session3_row305,session1_row58,False,-5,0.09076025306917589,0.0012907084861700723,0.08946954458300581
12.0,blank,Mira-3,Pendar-2,session3_row313,session1_row58,False,5,0.04748411280406118,-0.0497837649750347,0.09726787777909587
12.0,blank,Pendar-1,Pendar-2,session3_row335,session1_row58,False,-2,0.1580730794665132,0.11846490970454873,0.03960816976196446
12.0,blank,Pendar-2,Pendar-3,session1_row67,session2_row49,False,5,0.17653828172976604,-0.01446973245609079,0.19100801418585683
12.0,blank,Mira-3,Pendar-2,session2_row66,session1_row67,True,-3,0.17483231149520595,0.11479583649934949,0.06003647499585646
12.0,blank,Agilent-3,Pendar-2,session2_row116,session1_row67,True,-2,0.3386386128678554,0.321023929884668,0.017614682983187413
12.0,blank,Pendar-1,Pendar-2,session3_row229,session1_row67,False,-3,0.21190191484815,0.18276426795034725,0.029137646897802738
12.0,blank,Mira-3,Pendar-2,session3_row243,session1_row67,True,4,0.13022517930653713,0.10546913736594458,0.02475604194059254
12.0,blank,Pendar-1,Pendar-2,session3_row250,session1_row67,True,-3,0.14621969180662037,0.0738846805299736,0.07233501127664677
12.0,blank,Mira-3,Pendar-2,session3_row252,session1_row67,True,-2,0.14512882767679272,0.13767907206772828,0.00744975560906444
12.0,blank,Agilent-1,Pendar-2,session3_row271,session1_row67,True,-2,0.24846081003561177,0.2449198538654399,0.0035409561701718606
12.0,blank,Pendar-1,Pendar-2,session3_row305,session1_row67,True,-2,0.10721825435899031,0.09044315286815093,0.016775101490839384
12.0,blank,Mira-3,Pendar-2,session3_row313,session1_row67,True,5,0.017754837798576194,0.016251677809776963,0.0015031599887992304
12.0,blank,Pendar-1,Pendar-2,session3_row335,session1_row67,True,4,0.19101665013213337,0.1084089402029948,0.08260770992913857
12.0,blank,Mira-3,Pendar-3,session2_row66,session2_row49,False,4,0.09018171042429929,0.02738905577396605,0.06279265465033324
12.0,blank,Agilent-3,Pendar-3,session2_row116,session2_row49,False,4,0.10799045260690399,0.08055812923406527,0.027432323372838713
12.0,blank,Pendar-1,Pendar-3,session3_row229,session2_row49,False,5,0.19799057397992673,0.0883993223253125,0.10959125165461422
12.0,blank,Mira-3,Pendar-3,session3_row243,session2_row49,False,5,0.10776276015286146,0.0540219362422023,0.05374082391065916
12.0,blank,Pendar-1,Pendar-3,session3_row250,session2_row49,False,5,0.08069370726341189,0.003037230498315878,0.07765647676509602
12.0,blank,Mira-3,Pendar-3,session3_row252,session2_row49,False,4,0.06589437281402145,0.03531035972109969,0.03058401309292176
12.0,blank,Agilent-1,Pendar-3,session3_row271,session2_row49,False,3,0.1755493370143762,0.12906029721579537,0.04648903979858082
12.0,blank,Pendar-1,Pendar-3,session3_row305,session2_row49,False,-5,0.07501396307370473,-0.011362285210697806,0.08637624828440253
12.0,blank,Mira-3,Pendar-3,session3_row313,session2_row49,False,1,0.09518719891248732,0.09204132444045209,0.003145874472035237
12.0,blank,Pendar-1,Pendar-3,session3_row335,session2_row49,False,5,0.1675422616691672,-0.028868473728242975,0.19641073539741016
12.0,blank,Agilent-3,Mira-3,session2_row116,session2_row66,True,0,0.22231185152613048,0.22231185152613048,0.0
12.0,blank,Mira-3,Pendar-1,session2_row66,session3_row229,False,1,0.14183983884111498,0.13453823595350703,0.00730160288760795
12.0,blank,Mira-3,Pendar-1,session2_row66,session3_row250,True,1,0.13744631310722744,0.13486022353475782,0.002586089572469613
12.0,blank,Agilent-1,Mira-3,session3_row271,session2_row66,True,1,0.2147889832141024,0.21341100313634392,0.0013779800777584672
12.0,blank,Mira-3,Pendar-1,session2_row66,session3_row305,True,-3,0.09402427157239605,0.08334328367992608,0.010680987892469976
12.0,blank,Mira-3,Pendar-1,session2_row66,session3_row335,True,-5,0.08330340922069772,0.03377100123593742,0.0495324079847603
12.0,blank,Agilent-3,Pendar-1,session2_row116,session3_row229,False,-1,0.20343153254813695,0.20224328671916625,0.001188245828970702
12.0,blank,Agilent-3,Mira-3,session2_row116,session3_row243,True,4,0.2227787789421345,0.20122237671408302,0.02155640222805147
12.0,blank,Agilent-3,Pendar-1,session2_row116,session3_row250,True,0,0.19534253067351198,0.19534253067351198,0.0
12.0,blank,Agilent-3,Mira-3,session2_row116,session3_row252,True,0,0.19092958145934574,0.19092958145934574,0.0
12.0,blank,Agilent-1,Agilent-3,session3_row271,session2_row116,True,-1,0.5325320035433851,0.5321983416725277,0.00033366187085748233
12.0,blank,Agilent-3,Pendar-1,session2_row116,session3_row305,True,1,0.14720260533247365,0.14628538245521602,0.000917222877257623
12.0,blank,Agilent-3,Mira-3,session2_row116,session3_row313,True,-5,0.028625141445534984,0.0019608219944934,0.026664319451041585
12.0,blank,Agilent-3,Pendar-1,session2_row116,session3_row335,True,-3,0.22225596126440728,0.20577606707703194,0.016479894187375332
12.0,blank,Mira-3,Pendar-1,session3_row243,session3_row229,False,-2,0.372528521318112,0.3538048894151955,0.018723631902916482
12.0,blank,Mira-3,Pendar-1,session3_row252,session3_row229,False,-2,0.12048771603747954,0.10880352918246979,0.011684186855009757
12.0,blank,Agilent-1,Pendar-1,session3_row271,session3_row229,False,1,0.3042108658814366,0.29146449709442546,0.01274636878701113
12.0,blank,Mira-3,Pendar-1,session3_row313,session3_row229,False,4,0.054068390072749724,-0.031703428610855705,0.08577181868360542
12.0,blank,Mira-3,Pendar-1,session3_row243,session3_row250,True,-2,0.13854179974800393,0.1303985767042054,0.008143223043798525
12.0,blank,Agilent-1,Mira-3,session3_row271,session3_row243,True,3,0.2732977741022756,0.24821572571444225,0.025082048387833372
12.0,blank,Mira-3,Pendar-1,session3_row243,session3_row305,True,-1,0.3748977191364369,0.3726349937758698,0.002262725360567097
12.0,blank,Mira-3,Pendar-1,session3_row243,session3_row335,True,2,0.06934102049202495,0.06679320112869987,0.002547819363325085
12.0,blank,Mira-3,Pendar-1,session3_row252,session3_row250,True,1,0.11841725164551381,0.11767778573822149,0.0007394659072923193
12.0,blank,Agilent-1,Pendar-1,session3_row271,session3_row250,True,-2,0.2431661228712788,0.226768036717936,0.016398086153342817
12.0,blank,Mira-3,Pendar-1,session3_row313,session3_row250,True,5,0.06126366921114078,-0.023285934100403995,0.08454960331154478
12.0,blank,Agilent-1,Mira-3,session3_row271,session3_row252,True,-1,0.24767034649745462,0.24514722860769042,0.002523117889764198
12.0,blank,Mira-3,Pendar-1,session3_row252,session3_row305,True,-5,0.09331978645581217,0.05372388711988514,0.039595899335927026
12.0,blank,Mira-3,Pendar-1,session3_row252,session3_row335,True,-2,0.07912922586522629,0.0729760245640046,0.006153201301221697
12.0,blank,Agilent-1,Pendar-1,session3_row271,session3_row305,True,-2,0.1697077402502362,0.1529344368933827,0.01677330335685348
12.0,blank,Agilent-1,Mira-3,session3_row271,session3_row313,True,-3,0.02389315372716786,0.006464669519245486,0.017428484207922375
12.0,blank,Agilent-1,Pendar-1,session3_row271,session3_row335,True,-3,0.23552267205553803,0.20505686133709783,0.030465810718440206
12.0,blank,Mira-3,Pendar-1,session3_row313,session3_row305,True,-1,-0.02234272731457584,-0.029174861942525786,0.006832134627949946
12.0,blank,Mira-3,Pendar-1,session3_row313,session3_row335,True,-5,0.12879091414315538,-0.0333014342040851,0.16209234834724048
13.0,benzyl_fentanyl,Agilent-3,Pendar-1,session2_row117,session3_row251,True,-1,0.5842664237241982,0.5776741090274294,0.006592314696768797
13.0,benzyl_fentanyl,Agilent-1,Agilent-3,session3_row275,session2_row117,True,-2,0.8963418233303853,0.8752161027182805,0.021125720612104715
13.0,benzyl_fentanyl,Agilent-3,Pendar-1,session2_row117,session3_row344,True,-1,0.5815418077560179,0.5709802548998922,0.0105615528561257
13.0,benzyl_fentanyl,Agilent-1,Pendar-1,session3_row275,session3_row251,True,-3,0.5407416536236986,0.47295933646922467,0.06778231715447397
13.0,benzyl_fentanyl,Agilent-1,Pendar-1,session3_row275,session3_row344,True,-2,0.5294700904936461,0.4921186611346474,0.03735142935899871
14.0,4_ANPP,Mira-3,Pendar-3,session2_row87,session2_row86,True,-1,0.7127302181435473,0.6885066452249478,0.024223572918599556
14.0,4_ANPP,Agilent-3,Pendar-3,session2_row118,session2_row86,True,0,0.7498731934522231,0.7498731934522231,0.0
14.0,4_ANPP,Pendar-1,Pendar-3,session3_row254,session2_row86,True,0,0.6335678305400253,0.6335678305400253,0.0
14.0,4_ANPP,Mira-3,Pendar-3,session3_row255,session2_row86,True,0,0.5303892878742632,0.5303892878742632,0.0
14.0,4_ANPP,Mira-3,Pendar-3,session3_row258,session2_row86,True,-2,0.09661438708242588,0.08104107550123678,0.015573311581189103
14.0,4_ANPP,Pendar-1,Pendar-3,session3_row345,session2_row86,True,0,0.5906852893748507,0.5906852893748507,0.0
14.0,4_ANPP,Agilent-3,Mira-3,session2_row118,session2_row87,True,1,0.8120180588582335,0.7873420936358196,0.024675965222413887
14.0,4_ANPP,Mira-3,Pendar-1,session2_row87,session3_row254,True,-1,0.6714126120066201,0.6367658207043657,0.03464679130225434
14.0,4_ANPP,Mira-3,Pendar-1,session2_row87,session3_row345,True,-2,0.6503861452727604,0.6137363423368385,0.036649802935921905
14.0,4_ANPP,Agilent-3,Pendar-1,session2_row118,session3_row254,True,-1,0.6881723452400502,0.6841942109391415,0.003978134300908764
14.0,4_ANPP,Agilent-3,Mira-3,session2_row118,session3_row255,True,-1,0.6454680772813897,0.642885840002482,0.0025822372789077175
14.0,4_ANPP,Agilent-3,Mira-3,session2_row118,session3_row258,True,2,0.06358650411817618,0.05854876927137023,0.005037734846805947
14.0,4_ANPP,Agilent-3,Pendar-1,session2_row118,session3_row345,True,0,0.6942108710492823,0.6942108710492823,0.0
14.0,4_ANPP,Mira-3,Pendar-1,session3_row255,session3_row254,True,0,0.5606126702350658,0.5606126702350658,0.0
14.0,4_ANPP,Mira-3,Pendar-1,session3_row258,session3_row254,True,0,0.05694241149157915,0.05694241149157915,0.0
14.0,4_ANPP,Mira-3,Pendar-1,session3_row255,session3_row345,True,1,0.5208060684465949,0.5181678989203133,0.0026381695262815974
14.0,4_ANPP,Mira-3,Pendar-1,session3_row258,session3_row345,True,5,0.03074917353388315,0.019442755505852106,0.011306418028031045
15.0,blank,Mira-3,Pendar-3,session2_row89,session2_row88,False,-3,0.09652584456859342,0.06522974369369806,0.03129610087489536
15.0,blank,Agilent-3,Pendar-3,session2_row119,session2_row88,False,2,0.1811711450535474,0.168695496298271,0.012475648755276403
15.0,blank,Pendar-1,Pendar-3,session3_row257,session2_row88,False,1,0.1209637072498181,0.11246046678430048,0.00850324046551762
15.0,blank,Pendar-1,Pendar-3,session3_row260,session2_row88,False,-2,0.09798438233251434,0.05289935399002917,0.04508502834248517
15.0,blank,Mira-3,Pendar-3,session3_row261,session2_row88,False,-5,-0.03563641701711382,-0.08853034426435173,0.05289392724723791
15.0,blank,Mira-3,Pendar-3,session3_row264,session2_row88,False,-2,0.05398335092579885,0.04411441175751881,0.009868939168280036
15.0,blank,Agilent-1,Pendar-3,session3_row283,session2_row88,False,0,0.1521753236297671,0.1521753236297671,0.0
15.0,blank,Mira-3,Pendar-3,session3_row285,session2_row88,False,5,0.05889559868081804,0.009643927850097421,0.04925167083072062
15.0,blank,Mira-3,Pendar-3,session3_row311,session2_row88,False,-1,0.08887244737991712,0.08562208370163452,0.003250363678282603
15.0,blank,Pendar-1,Pendar-3,session3_row320,session2_row88,False,0,0.13553528653366353,0.13553528653366353,0.0
15.0,blank,Agilent-1,Pendar-3,session3_row343,session2_row88,False,-2,0.030719532585531603,0.025595067140097284,0.0051244654454343196
15.0,blank,Pendar-1,Pendar-3,session3_row346,session2_row88,False,-1,0.15324161710216538,0.14272314750116263,0.01051846960100275
15.0,blank,Agilent-3,Mira-3,session2_row119,session2_row89,True,5,0.057424216108593905,0.03199145284708917,0.02543276326150473
15.0,blank,Mira-3,Pendar-1,session2_row89,session3_row257,True,-5,0.050738869510768184,-0.013332859811216683,0.06407172932198486
15.0,blank,Mira-3,Pendar-1,session2_row89,session3_row260,False,0,0.048789714622009386,0.048789714622009386,0.0
15.0,blank,Agilent-1,Mira-3,session3_row283,session2_row89,True,1,0.1524662768027327,0.1444637674532025,0.008002509349530201
15.0,blank,Mira-3,Pendar-1,session2_row89,session3_row320,True,-5,0.043900357389260854,-0.0025566775627326485,0.0464570349519935
15.0,blank,Agilent-1,Mira-3,session3_row343,session2_row89,True,5,0.03108293739495591,0.0017412074677053645,0.029341729927250544
15.0,blank,Mira-3,Pendar-1,session2_row89,session3_row346,True,-5,0.10348487367051463,-0.05213777282837288,0.15562264649888752
15.0,blank,Agilent-3,Pendar-1,session2_row119,session3_row257,True,2,0.1905736596430557,0.17234730485698962,0.018226354786066074
15.0,blank,Agilent-3,Pendar-1,session2_row119,session3_row260,False,5,0.14418232410580165,0.0715068964444019,0.07267542766139974
15.0,blank,Agilent-3,Mira-3,session2_row119,session3_row261,True,-1,0.05611998819461726,0.05326388873382161,0.0028560994607956525
15.0,blank,Agilent-3,Mira-3,session2_row119,session3_row264,True,5,0.24498702513395484,0.14891200616703099,0.09607501896692386
15.0,blank,Agilent-1,Agilent-3,session3_row283,session2_row119,True,-1,0.5823266448295307,0.5802996061475492,0.002027038681981508
15.0,blank,Agilent-3,Mira-3,session2_row119,session3_row285,True,0,0.23591333066851358,0.23591333066851358,0.0
15.0,blank,Agilent-3,Mira-3,session2_row119,session3_row311,True,5,0.066930446675125,0.02544944177471839,0.04148100490040661
15.0,blank,Agilent-3,Pendar-1,session2_row119,session3_row320,True,2,0.3216645417021587,0.30701344915943796,0.014651092542720734
15.0,blank,Agilent-1,Agilent-3,session3_row343,session2_row119,True,-2,0.26967438067486804,0.2599648258702586,0.009709554804609444
15.0,blank,Agilent-3,Pendar-1,session2_row119,session3_row346,True,-1,0.3410016018283629,0.3351003293779876,0.005901272450375306
15.0,blank,Mira-3,Pendar-1,session3_row261,session3_row257,True,5,0.031177537816227823,-0.029085061451815622,0.06026259926804345
15.0,blank,Mira-3,Pendar-1,session3_row264,session3_row257,True,-5,0.12637728948356008,0.030827606702272192,0.09554968278128789
15.0,blank,Agilent-1,Pendar-1,session3_row283,session3_row257,True,3,0.18545877991756132,0.14854258489071934,0.036916195026841986
15.0,blank,Mira-3,Pendar-1,session3_row285,session3_row257,True,-5,0.07819272322099333,0.007255868790923415,0.07093685443006992
15.0,blank,Mira-3,Pendar-1,session3_row311,session3_row257,True,-3,0.06698480964010654,0.028213486786194713,0.03877132285391183
15.0,blank,Agilent-1,Pendar-1,session3_row343,session3_row257,True,-3,0.09041558091874105,0.07047505357317549,0.019940527345565562
15.0,blank,Mira-3,Pendar-1,session3_row261,session3_row260,False,5,0.034571374732356074,-0.017744174259649338,0.05231554899200541
15.0,blank,Mira-3,Pendar-1,session3_row264,session3_row260,False,-1,0.23263264895569385,0.2267514750579957,0.005881173897698155
15.0,blank,Agilent-1,Pendar-1,session3_row283,session3_row260,False,5,0.1887805317726335,0.05243379962606183,0.13634673214657167
15.0,blank,Mira-3,Pendar-1,session3_row285,session3_row260,False,5,0.07200505370707916,0.05157146476860905,0.02043358893847011
15.0,blank,Mira-3,Pendar-1,session3_row311,session3_row260,False,1,0.06648580182891102,0.06277106682770608,0.0037147350012049357
15.0,blank,Agilent-1,Pendar-1,session3_row343,session3_row260,False,5,0.1404926252990779,0.11590550948464316,0.02458711581443475
15.0,blank,Agilent-1,Mira-3,session3_row283,session3_row261,True,5,0.050528010107851254,-0.04326786857979036,0.09379587868764161
15.0,blank,Mira-3,Pendar-1,session3_row261,session3_row320,True,3,0.03419791967352819,0.01018219018684093,0.02401572948668726
15.0,blank,Agilent-1,Mira-3,session3_row343,session3_row261,True,-3,0.08326868717107042,0.060228019058662756,0.02304066811240766
15.0,blank,Mira-3,Pendar-1,session3_row261,session3_row346,True,5,0.04177374119486139,0.02919926027386526,0.012574480920996126
15.0,blank,Agilent-1,Mira-3,session3_row283,session3_row264,True,5,0.22965076374702836,0.1935162780689667,0.036134485678061656
15.0,blank,Mira-3,Pendar-1,session3_row264,session3_row320,True,-2,0.3347480496624715,0.32628941558006086,0.008458634082410654
15.0,blank,Agilent-1,Mira-3,session3_row343,session3_row264,True,0,0.36696871525108166,0.36696871525108166,0.0
15.0,blank,Mira-3,Pendar-1,session3_row264,session3_row346,True,-5,0.054336820983856025,0.05089040740684273,0.0034464135770132936
15.0,blank,Agilent-1,Mira-3,session3_row283,session3_row285,True,0,0.25619675045429463,0.25619675045429463,0.0
15.0,blank,Agilent-1,Mira-3,session3_row283,session3_row311,True,-1,0.1479087309678373,0.14766774840927024,0.00024098255856705442
15.0,blank,Agilent-1,Pendar-1,session3_row283,session3_row320,True,-1,0.3032028620465812,0.2943982146969938,0.008804647349587413
15.0,blank,Agilent-1,Pendar-1,session3_row283,session3_row346,True,1,0.25005757221959496,0.23986423997424777,0.010193332245347186
15.0,blank,Mira-3,Pendar-1,session3_row285,session3_row320,True,2,0.12851429581102017,0.11964489705840814,0.008869398752612029
15.0,blank,Agilent-1,Mira-3,session3_row343,session3_row285,True,-3,0.06786401146071484,0.06026613854853197,0.007597872912182876
15.0,blank,Mira-3,Pendar-1,session3_row285,session3_row346,True,3,0.07612549766613569,0.061314262509407545,0.014811235156728143
15.0,blank,Mira-3,Pendar-1,session3_row311,session3_row320,True,-5,0.17256772768886658,0.10168688791858253,0.07088083977028405
15.0,blank,Agilent-1,Mira-3,session3_row343,session3_row311,True,5,0.16490856087899566,0.12618565608772947,0.038722904791266194
15.0,blank,Mira-3,Pendar-1,session3_row311,session3_row346,True,-5,0.10863170643706559,-0.0011683308690156235,0.1098000373060812
15.0,blank,Agilent-1,Pendar-1,session3_row343,session3_row320,True,1,0.6361819382204686,0.6331424672299149,0.003039470990553794
15.0,blank,Agilent-1,Pendar-1,session3_row343,session3_row346,True,-4,0.13963218328109714,0.10988994305909532,0.029742240222001823
16.0,blank,Mira-3,Pendar-3,session2_row90,session2_row91,False,-1,0.14590178975324464,0.14550497197730744,0.00039681777593719714
16.0,blank,Agilent-3,Mira-3,session2_row120,session2_row90,True,0,0.2978072895842435,0.2978072895842435,0.0
16.0,blank,Mira-3,Pendar-1,session2_row90,session3_row263,True,5,0.08951523534332988,0.056677073894341526,0.03283816144898835
16.0,blank,Mira-3,Pendar-1,session2_row90,session3_row277,True,0,0.057483643057372386,0.057483643057372386,0.0
16.0,blank,Agilent-1,Mira-3,session3_row286,session2_row90,True,-1,0.19054297930704428,0.18951010178372757,0.001032877523316711
16.0,blank,Mira-3,Pendar-1,session2_row90,session3_row296,True,5,0.14106002086037414,0.0655149898202583,0.07554503104011584
16.0,blank,Mira-3,Pendar-1,session2_row90,session3_row312,True,1,0.09389538721215045,0.08778605238121773,0.0061093348309327195
16.0,blank,Mira-3,Pendar-1,session2_row90,session3_row347,True,-3,0.11184140302217908,0.047414689891402476,0.06442671313077661
16.0,blank,Agilent-3,Pendar-3,session2_row120,session2_row91,False,0,0.32833297084613416,0.32833297084613416,0.0
16.0,blank,Pendar-1,Pendar-3,session3_row263,session2_row91,False,-3,0.20850551507038462,0.1298138610018201,0.07869165406856451
16.0,blank,Pendar-1,Pendar-3,session3_row277,session2_row91,False,5,0.05427417399583812,0.02164223664901537,0.03263193734682275
16.0,blank,Agilent-1,Pendar-3,session3_row286,session2_row91,False,-1,0.2799535751427789,0.26756530282459223,0.012388272318186677
16.0,blank,Mira-3,Pendar-3,session3_row289,session2_row91,False,5,0.07787308103114136,0.05854900268297911,0.019324078348162257
16.0,blank,Pendar-1,Pendar-3,session3_row296,session2_row91,False,-3,0.1493057343942995,0.10831112137072388,0.04099461302357563
16.0,blank,Pendar-1,Pendar-3,session3_row312,session2_row91,False,0,0.18672374453668128,0.18672374453668128,0.0
16.0,blank,Mira-3,Pendar-3,session3_row324,session2_row91,False,-2,0.09188865756401597,0.0867722785346369,0.005116379029379073
16.0,blank,Pendar-1,Pendar-3,session3_row347,session2_row91,False,4,0.1555684071126255,0.0996722000648649,0.05589620704776062
16.0,blank,Agilent-3,Pendar-1,session2_row120,session3_row263,True,0,0.21565848338966678,0.21565848338966678,0.0
16.0,blank,Agilent-3,Pendar-1,session2_row120,session3_row277,True,1,0.1355905784683937,0.1334033581164805,0.0021872203519132105
16.0,blank,Agilent-1,Agilent-3,session3_row286,session2_row120,True,-1,0.5728703621921246,0.5712684540199214,0.0016019081722031814
16.0,blank,Agilent-3,Mira-3,session2_row120,session3_row289,True,-1,0.20735584669904175,0.20393759849872334,0.0034182482003184134
16.0,blank,Agilent-3,Pendar-1,session2_row120,session3_row296,True,3,0.3024641373083468,0.27078651049565816,0.03167762681268865
16.0,blank,Agilent-3,Pendar-1,session2_row120,session3_row312,True,-1,0.257749891653332,0.2517464830766838,0.006003408576648217
16.0,blank,Agilent-3,Mira-3,session2_row120,session3_row324,True,3,0.2365745862760967,0.21225935605839627,0.024315230217700434
16.0,blank,Agilent-3,Pendar-1,session2_row120,session3_row347,True,-2,0.3141288855119563,0.28447820837052634,0.029650677141429937
16.0,blank,Agilent-1,Pendar-1,session3_row286,session3_row263,True,-5,0.1523486178080027,0.1418319423177126,0.010516675490290117
16.0,blank,Mira-3,Pendar-1,session3_row289,session3_row263,True,0,0.11458137256708795,0.11458137256708795,0.0
16.0,blank,Mira-3,Pendar-1,session3_row324,session3_row263,True,-2,0.14645468364856612,0.13757725577573818,0.008877427872827942
16.0,blank,Agilent-1,Pendar-1,session3_row286,session3_row277,True,-5,0.10241501695528468,0.09102467956226704,0.011390337393017647
16.0,blank,Mira-3,Pendar-1,session3_row289,session3_row277,True,0,0.07470096313128603,0.07470096313128603,0.0
16.0,blank,Mira-3,Pendar-1,session3_row324,session3_row277,True,-1,0.1565771420396266,0.156219159305827,0.0003579827337996111
16.0,blank,Agilent-1,Mira-3,session3_row286,session3_row289,True,0,0.1767317665859157,0.1767317665859157,0.0
16.0,blank,Agilent-1,Pendar-1,session3_row286,session3_row296,True,0,0.30279264121795996,0.30279264121795996,0.0
16.0,blank,Agilent-1,Pendar-1,session3_row286,session3_row312,True,-5,0.16800321586585484,0.16183755697610866,0.006165658889746184
16.0,blank,Agilent-1,Mira-3,session3_row286,session3_row324,True,0,0.15453385739156925,0.15453385739156925,0.0
16.0,blank,Agilent-1,Pendar-1,session3_row286,session3_row347,True,-4,0.21401226665087106,0.14834839422437612,0.06566387242649493
16.0,blank,Mira-3,Pendar-1,session3_row289,session3_row296,True,2,0.08976065450619375,0.07238709869457544,0.017373555811618313
16.0,blank,Mira-3,Pendar-1,session3_row289,session3_row312,True,2,0.061263302599454325,0.05508595334668129,0.006177349252773037
16.0,blank,Mira-3,Pendar-1,session3_row289,session3_row347,True,-4,0.10728389812452672,0.06345758994498349,0.043826308179543236
16.0,blank,Mira-3,Pendar-1,session3_row324,session3_row296,True,-1,0.33999666795967853,0.3376232747296572,0.0023733932300213367
16.0,blank,Mira-3,Pendar-1,session3_row324,session3_row312,True,-1,0.5110762177944845,0.5071567869084399,0.003919430886044628
16.0,blank,Mira-3,Pendar-1,session3_row324,session3_row347,True,-3,0.09758826425378851,0.07398931875588877,0.023598945497899745
17.0,4_ANPP,Mira-3,Pendar-3,session2_row93,session2_row92,True,-2,0.6721170457433918,0.6334072969894775,0.03870974875391431
17.0,4_ANPP,Agilent-3,Pendar-3,session2_row121,session2_row92,True,0,0.6896630499488314,0.6896630499488314,0.0
17.0,4_ANPP,Agilent-1,Pendar-3,session3_row279,session2_row92,True,-2,0.6755103300578686,0.6383045272263201,0.03720580283154851
17.0,4_ANPP,Pendar-1,Pendar-3,session3_row281,session2_row92,True,-2,0.4652787064085811,0.449399449498265,0.01587925691031611
17.0,4_ANPP,Agilent-1,Pendar-3,session3_row288,session2_row92,True,-2,0.6811486847272283,0.6532868208201932,0.027861863907035156
17.0,4_ANPP,Mira-3,Pendar-3,session3_row290,session2_row92,True,-1,0.6655345479512084,0.6522209426228238,0.013313605328384548
17.0,4_ANPP,Pendar-1,Pendar-3,session3_row348,session2_row92,True,0,0.7278684804126312,0.7278684804126312,0.0
17.0,4_ANPP,Agilent-3,Mira-3,session2_row121,session2_row93,True,1,0.8349759146743735,0.8082307710868429,0.02674514358753055
17.0,4_ANPP,Agilent-1,Mira-3,session3_row279,session2_row93,True,0,0.7802380671493826,0.7802380671493826,0.0
17.0,4_ANPP,Mira-3,Pendar-1,session2_row93,session3_row281,True,-2,0.5929269759223396,0.5365865139152014,0.05634046200713816
17.0,4_ANPP,Agilent-1,Mira-3,session3_row288,session2_row93,True,0,0.7845122466770071,0.7845122466770071,0.0
17.0,4_ANPP,Mira-3,Pendar-1,session2_row93,session3_row348,True,-2,0.824911287357498,0.7569874727524423,0.0679238146050557
17.0,4_ANPP,Agilent-1,Agilent-3,session3_row279,session2_row121,True,-1,0.917466081958751,0.9000385547769959,0.01742752718175511
17.0,4_ANPP,Agilent-3,Pendar-1,session2_row121,session3_row281,True,-1,0.6334115944249737,0.6299390117401996,0.003472582684774128
17.0,4_ANPP,Agilent-1,Agilent-3,session3_row288,session2_row121,True,-1,0.9314953136132135,0.9141400029004221,0.017355310712791394
17.0,4_ANPP,Agilent-3,Mira-3,session2_row121,session3_row290,True,1,0.8192474283069805,0.8092958379482189,0.009951590358761586
17.0,4_ANPP,Agilent-3,Pendar-1,session2_row121,session3_row348,True,0,0.8831911953873016,0.8831911953873016,0.0
17.0,4_ANPP,Agilent-1,Pendar-1,session3_row279,session3_row281,True,-2,0.6079267853154672,0.5735299403350266,0.0343968449804406
17.0,4_ANPP,Agilent-1,Mira-3,session3_row279,session3_row290,True,-1,0.7597759956887541,0.7589046716019296,0.0008713240868244432
17.0,4_ANPP,Agilent-1,Pendar-1,session3_row279,session3_row348,True,-2,0.8028500043618723,0.7579944244329668,0.04485557992890543
17.0,4_ANPP,Agilent-1,Pendar-1,session3_row288,session3_row281,True,-2,0.6233882715743354,0.5904203417893158,0.03296792978501961
17.0,4_ANPP,Mira-3,Pendar-1,session3_row290,session3_row281,True,-2,0.5979230000891309,0.5725900179800311,0.025332982109099844
17.0,4_ANPP,Agilent-1,Mira-3,session3_row288,session3_row290,True,-1,0.7714312122276704,0.7709097215714985,0.0005214906561719079
17.0,4_ANPP,Agilent-1,Pendar-1,session3_row288,session3_row348,True,-2,0.8269127478504299,0.7885038625062167,0.03840888534421316
17.0,4_ANPP,Mira-3,Pendar-1,session3_row290,session3_row348,True,-1,0.822677055229238,0.7929121760471332,0.029764879182104798
18.0,4_ANPP,Mira-3,Pendar-3,session2_row95,session2_row94,True,-2,0.6122640696124698,0.5679944913661018,0.04426957824636801
18.0,4_ANPP,Agilent-3,Pendar-3,session2_row122,session2_row94,True,-1,0.631076479196625,0.6200872170075378,0.010989262189087246
18.0,4_ANPP,Pendar-1,Pendar-3,session3_row284,session2_row94,True,0,0.6072174342620138,0.6072174342620138,0.0
18.0,4_ANPP,Agilent-1,Pendar-3,session3_row291,session2_row94,True,-2,0.6254331899025928,0.5878879095640218,0.03754528033857096
18.0,4_ANPP,Pendar-1,Pendar-3,session3_row292,session2_row94,True,-3,0.12622721585287958,0.12472899049426715,0.0014982253586124233
18.0,4_ANPP,Agilent-1,Pendar-3,session3_row308,session2_row94,True,-2,0.168030955082212,0.15650700278660917,0.011523952295602824
18.0,4_ANPP,Agilent-1,Pendar-3,session3_row309,session2_row94,True,-1,0.5949882909778669,0.5902622086680602,0.004726082309806645
18.0,4_ANPP,Pendar-1,Pendar-3,session3_row316,session2_row94,True,1,0.317533982849219,0.3145181055541234,0.0030158772950956148
18.0,4_ANPP,Mira-3,Pendar-3,session3_row325,session2_row94,True,-1,0.3263265186458893,0.31963425375370447,0.006692264892184829
18.0,4_ANPP,Mira-3,Pendar-3,session3_row342,session2_row94,True,-2,0.27940891432517057,0.2576206961390781,0.021788218186092445
18.0,4_ANPP,Agilent-3,Mira-3,session2_row122,session2_row95,True,1,0.8399699155928323,0.8326909215474871,0.007278994045345155
18.0,4_ANPP,Mira-3,Pendar-1,session2_row95,session3_row284,True,-2,0.7901776704907199,0.7316921127235249,0.058485557767194996
18.0,4_ANPP,Agilent-1,Mira-3,session3_row291,session2_row95,True,0,0.7697466097632059,0.7697466097632059,0.0
18.0,4_ANPP,Mira-3,Pendar-1,session2_row95,session3_row292,True,1,0.22919656315159637,0.2277465502641434,0.0014500128874529727
18.0,4_ANPP,Agilent-1,Mira-3,session3_row308,session2_row95,True,0,0.27270206060568786,0.27270206060568786,0.0
18.0,4_ANPP,Agilent-1,Mira-3,session3_row309,session2_row95,True,1,0.7389384595262819,0.73230771669385,0.006630742832431924
18.0,4_ANPP,Mira-3,Pendar-1,session2_row95,session3_row316,True,-1,0.36725468569608366,0.3571417595118505,0.01011292618423315
18.0,4_ANPP,Agilent-3,Pendar-1,session2_row122,session3_row284,True,-1,0.8537024697255066,0.8370483269469697,0.01665414277853683
18.0,4_ANPP,Agilent-1,Agilent-3,session3_row291,session2_row122,True,-1,0.9419417757864719,0.9379937154220975,0.0039480603643743395
18.0,4_ANPP,Agilent-3,Pendar-1,session2_row122,session3_row292,True,2,0.24124591893538444,0.22274150660656572,0.01850441232881872
18.0,4_ANPP,Agilent-1,Agilent-3,session3_row308,session2_row122,True,-1,0.36131405197745675,0.3600880930777364,0.0012259588997203252
18.0,4_ANPP,Agilent-1,Agilent-3,session3_row309,session2_row122,True,0,0.921890739966818,0.921890739966818,0.0
18.0,4_ANPP,Agilent-3,Pendar-1,session2_row122,session3_row316,True,-1,0.38710076408848654,0.3825091006327754,0.004591663455711159
18.0,4_ANPP,Agilent-3,Mira-3,session2_row122,session3_row325,True,0,0.5488987236689998,0.5488987236689998,0.0
18.0,4_ANPP,Agilent-3,Mira-3,session2_row122,session3_row342,True,1,0.44714978295669366,0.44562289322101456,0.0015268897356791045
18.0,4_ANPP,Agilent-1,Pendar-1,session3_row291,session3_row284,True,-2,0.8001579943221127,0.76515958799205,0.03499840633006268
18.0,4_ANPP,Agilent-1,Pendar-1,session3_row308,session3_row284,True,-3,0.2465500789936942,0.22438143455940107,0.022168644434293117
18.0,4_ANPP,Agilent-1,Pendar-1,session3_row309,session3_row284,True,-1,0.7862921468812526,0.7778427683728771,0.00844937850837546
18.0,4_ANPP,Mira-3,Pendar-1,session3_row325,session3_row284,True,-1,0.4944058799865906,0.48134535078225527,0.013060529204335314
18.0,4_ANPP,Mira-3,Pendar-1,session3_row342,session3_row284,True,-1,0.3893955548945239,0.37684138365145287,0.01255417124307101
18.0,4_ANPP,Agilent-1,Pendar-1,session3_row291,session3_row292,True,2,0.21920131403269572,0.21052852885795392,0.008672785174741793
18.0,4_ANPP,Agilent-1,Pendar-1,session3_row291,session3_row316,True,-2,0.34367393796295254,0.3269038573792528,0.01677008058369972
18.0,4_ANPP,Agilent-1,Mira-3,session3_row291,session3_row325,True,-1,0.4963997621626206,0.49090981297934105,0.005489949183279552
18.0,4_ANPP,Agilent-1,Mira-3,session3_row291,session3_row342,True,0,0.40091123604650314,0.40091123604650314,0.0
18.0,4_ANPP,Agilent-1,Pendar-1,session3_row308,session3_row292,True,5,0.3917911676253425,0.3697394237493859,0.022051743875956598
18.0,4_ANPP,Agilent-1,Pendar-1,session3_row309,session3_row292,True,2,0.23272644061261868,0.22067195051110086,0.012054490101517823
18.0,4_ANPP,Mira-3,Pendar-1,session3_row325,session3_row292,True,0,0.2675836638874159,0.2675836638874159,0.0
18.0,4_ANPP,Mira-3,Pendar-1,session3_row342,session3_row292,True,1,0.21586848366552072,0.2120883778711713,0.0037801057943494254
18.0,4_ANPP,Agilent-1,Pendar-1,session3_row308,session3_row316,True,-2,0.29303960841316956,0.28355506086621085,0.00948454754695871
18.0,4_ANPP,Agilent-1,Mira-3,session3_row308,session3_row325,True,0,0.4561788530151662,0.4561788530151662,0.0
18.0,4_ANPP,Agilent-1,Mira-3,session3_row308,session3_row342,True,1,0.33503128393592224,0.3336017875160943,0.0014294964198279247
18.0,4_ANPP,Agilent-1,Pendar-1,session3_row309,session3_row316,True,-1,0.3390450020509017,0.3356976768794693,0.003347325171432436
18.0,4_ANPP,Agilent-1,Mira-3,session3_row309,session3_row325,True,0,0.5016406846833207,0.5016406846833207,0.0
18.0,4_ANPP,Agilent-1,Mira-3,session3_row309,session3_row342,True,1,0.40662012399204456,0.4054300037333583,0.0011901202586862558
18.0,4_ANPP,Mira-3,Pendar-1,session3_row325,session3_row316,True,-1,0.5700101636862207,0.5693671365938154,0.0006430270924052683
18.0,4_ANPP,Mira-3,Pendar-1,session3_row342,session3_row316,True,-1,0.5803549062136883,0.5702677986447116,0.010087107568976794
19.0,4_ANPP,Mira-3,Pendar-3,session2_row97,session2_row96,True,-2,0.6665769554193058,0.6011438179098887,0.06543313750941715
19.0,4_ANPP,Agilent-3,Pendar-3,session2_row123,session2_row96,True,-1,0.6870381261630041,0.6796940094947401,0.007344116668263956
19.0,4_ANPP,Pendar-1,Pendar-3,session3_row287,session2_row96,True,1,0.5716471734454687,0.5683532929676225,0.0032938804778461783
19.0,4_ANPP,Agilent-1,Pendar-3,session3_row294,session2_row96,True,-1,0.6369341386247044,0.6290284534665989,0.007905685158105524
19.0,4_ANPP,Mira-3,Pendar-3,session3_row295,session2_row96,True,-2,0.6024637703203479,0.5605903945704959,0.04187337574985206
19.0,4_ANPP,Pendar-1,Pendar-3,session3_row317,session2_row96,False,1,0.2304002918746793,0.22047605383232627,0.00992423804235304
19.0,4_ANPP,Mira-3,Pendar-3,session3_row326,session2_row96,True,-5,0.04713402909944472,-0.028506306365237096,0.07564033546468181
19.0,4_ANPP,Pendar-1,Pendar-3,session3_row349,session2_row96,True,-1,0.6490337887338667,0.6390284051251128,0.010005383608753915
19.0,4_ANPP,Agilent-3,Mira-3,session2_row123,session2_row97,True,1,0.8535918256119516,0.8307934703246019,0.022798355287349636
19.0,4_ANPP,Mira-3,Pendar-1,session2_row97,session3_row287,True,-2,0.6624294241552285,0.5892912076564414,0.07313821649878716
19.0,4_ANPP,Agilent-1,Mira-3,session3_row294,session2_row97,True,1,0.7889046790067691,0.7770059305170534,0.011898748489715727
19.0,4_ANPP,Mira-3,Pendar-1,session2_row97,session3_row317,False,-1,0.26414390963733375,0.25265076244365625,0.0114931471936775
19.0,4_ANPP,Mira-3,Pendar-1,session2_row97,session3_row349,True,-2,0.8341928225178876,0.7918520907819796,0.04234073173590802
19.0,4_ANPP,Agilent-3,Pendar-1,session2_row123,session3_row287,True,-1,0.6833329725333471,0.6667001069614764,0.016632865571870714
19.0,4_ANPP,Agilent-1,Agilent-3,session3_row294,session2_row123,True,0,0.9367805170480012,0.9367805170480012,0.0
19.0,4_ANPP,Agilent-3,Mira-3,session2_row123,session3_row295,True,1,0.7946906664800624,0.7922143869697261,0.0024762795103362434
19.0,4_ANPP,Agilent-3,Pendar-1,session2_row123,session3_row317,False,-1,0.27991719584718133,0.276342604969981,0.0035745908772003565
19.0,4_ANPP,Agilent-3,Mira-3,session2_row123,session3_row326,True,5,0.04598575697763891,0.011518123179671954,0.034467633797966954
19.0,4_ANPP,Agilent-3,Pendar-1,session2_row123,session3_row349,True,0,0.8611970862071612,0.8611970862071612,0.0
19.0,4_ANPP,Agilent-1,Pendar-1,session3_row294,session3_row287,True,-2,0.6275741417539256,0.6041596402196455,0.02341450153428004
19.0,4_ANPP,Mira-3,Pendar-1,session3_row295,session3_row287,True,-2,0.6158496654864275,0.5729804296255121,0.0428692358609154
19.0,4_ANPP,Mira-3,Pendar-1,session3_row326,session3_row287,True,-5,0.017322283697022847,-0.034317246499278135,0.05163953019630098
19.0,4_ANPP,Agilent-1,Mira-3,session3_row294,session3_row295,True,0,0.7384247901489447,0.7384247901489447,0.0
19.0,4_ANPP,Agilent-1,Pendar-1,session3_row294,session3_row317,False,1,0.2912995426852099,0.2901777383105537,0.001121804374656199
19.0,4_ANPP,Agilent-1,Mira-3,session3_row294,session3_row326,True,4,0.058796846955384535,0.04125854307892281,0.017538303876461728
19.0,4_ANPP,Agilent-1,Pendar-1,session3_row294,session3_row349,True,-1,0.7939491811198626,0.7892577481659285,0.004691432953934038
19.0,4_ANPP,Mira-3,Pendar-1,session3_row295,session3_row317,False,0,0.2483540500485197,0.2483540500485197,0.0
19.0,4_ANPP,Mira-3,Pendar-1,session3_row295,session3_row349,True,-1,0.7936862361823712,0.7798942226873733,0.013792013494997923
19.0,4_ANPP,Mira-3,Pendar-1,session3_row326,session3_row317,False,3,0.09639337827313078,0.01872435252884158,0.0776690257442892
19.0,4_ANPP,Mira-3,Pendar-1,session3_row326,session3_row349,True,-3,0.07734054017058846,0.05211084229067252,0.02522969787991594
20.0,blank,Mira-3,Pendar-3,session2_row104,session2_row103,False,0,0.08589140364684317,0.08589140364684317,0.0
20.0,blank,Agilent-3,Pendar-3,session2_row124,session2_row103,False,2,0.24984335409221245,0.23708435107743525,0.012759003014777198
20.0,blank,Mira-3,Pendar-3,session3_row293,session2_row103,False,5,0.006820556793918176,-0.07513836814686436,0.08195892494078254
20.0,blank,Agilent-1,Pendar-3,session3_row303,session2_row103,False,3,0.15153892095524069,0.13236074022938626,0.01917818072585442
20.0,blank,Pendar-1,Pendar-3,session3_row318,session2_row103,False,3,0.22481109727040846,0.1547936588210981,0.07001743844931035
20.0,blank,Mira-3,Pendar-3,session3_row340,session2_row103,False,-1,0.06405709467901671,0.06359452238367368,0.0004625722953430361
20.0,blank,Agilent-3,Mira-3,session2_row124,session2_row104,True,3,0.07112545981339309,0.06082127536729844,0.010304184446094648
20.0,blank,Agilent-1,Mira-3,session3_row303,session2_row104,True,3,0.07309239946024887,0.055196033605406605,0.017896365854842264
20.0,blank,Mira-3,Pendar-1,session2_row104,session3_row318,True,1,0.08541218781694657,0.07872538094807247,0.006686806868874101
20.0,blank,Agilent-3,Mira-3,session2_row124,session3_row293,True,5,0.06521943802576485,0.014704696232687529,0.05051474179307733
20.0,blank,Agilent-1,Agilent-3,session3_row303,session2_row124,True,-1,0.7538317853301624,0.7531088082480627,0.0007229770820996739
20.0,blank,Agilent-3,Pendar-1,session2_row124,session3_row318,True,1,0.25858166357626816,0.25399916485901297,0.00458249871725519
20.0,blank,Agilent-3,Mira-3,session2_row124,session3_row340,True,3,0.2547407104090243,0.23707692857543786,0.01766378183358644
20.0,blank,Agilent-1,Mira-3,session3_row303,session3_row293,True,5,0.10236384099474645,0.07828598919171828,0.02407785180302817
20.0,blank,Mira-3,Pendar-1,session3_row293,session3_row318,True,4,0.13701046992728705,0.03618419274549855,0.10082627718178849
20.0,blank,Agilent-1,Pendar-1,session3_row303,session3_row318,True,2,0.29355160596107915,0.2751771794102765,0.01837442655080268
20.0,blank,Agilent-1,Mira-3,session3_row303,session3_row340,True,2,0.2624322845196316,0.254600687205836,0.007831597313795569
20.0,blank,Mira-3,Pendar-1,session3_row340,session3_row318,True,2,0.36569952076394086,0.35476311299299745,0.010936407770943402
25.0,4_ANPP,Pendar-3,RMX-2,session1_row97,session1_row96,True,1,0.3633741288115264,0.3631035700604105,0.00027055875111592353
25.0,4_ANPP,Pendar-3,RMX-2,session1_row98,session1_row96,True,-2,0.2635852197307902,0.2462466928348546,0.017338526895935596
25.0,4_ANPP,Pendar-3,RMX-2,session1_row99,session1_row96,True,0,0.6294038499641347,0.6294038499641347,0.0
25.0,4_ANPP,Pendar-2,RMX-2,session2_row137,session1_row96,True,1,0.5720017759404659,0.5639648289204899,0.008036947019975926
25.0,4_ANPP,Pendar-3,RMX-2,session3_row388,session1_row96,True,-1,0.6878301588547086,0.6840062671073228,0.0038238917473857326
25.0,4_ANPP,Mira-1,RMX-2,session3_row401,session1_row96,True,-2,0.4977035853172797,0.4695016390075605,0.028201946309719228
25.0,4_ANPP,Agilent-3,RMX-2,session3_row403,session1_row96,True,-2,0.37401447147722267,0.35074560713252695,0.023268864344695717
25.0,4_ANPP,Pendar-2,Pendar-3,session2_row137,session1_row97,True,-2,0.362106350316721,0.33788361236159736,0.02422273795512364
25.0,4_ANPP,Pendar-3,RMX-2,session1_row97,session2_row154,True,1,0.3968043957797936,0.37823030484564124,0.018574090934152354
25.0,4_ANPP,Pendar-3,RMX-2,session1_row97,session2_row156,True,1,0.4131349424567581,0.3975163629866375,0.015618579470120575
25.0,4_ANPP,Pendar-3,RMX-2,session1_row97,session3_row387,True,1,0.3871856500110149,0.37475366238009855,0.012431987630916352
25.0,4_ANPP,Mira-1,Pendar-3,session3_row401,session1_row97,True,-5,0.3111645781191709,0.15839307019198043,0.1527715079271905
25.0,4_ANPP,Agilent-3,Pendar-3,session3_row403,session1_row97,True,-4,0.2652366197554147,0.2212401373803333,0.043996482375081386
25.0,4_ANPP,Pendar-2,Pendar-3,session2_row137,session1_row98,True,-2,0.23831245866239206,0.21529339720471885,0.023019061457673212
25.0,4_ANPP,Pendar-3,RMX-2,session1_row98,session2_row154,True,-1,0.32760576977382194,0.3218564148560277,0.005749354917794269
25.0,4_ANPP,Pendar-3,RMX-2,session1_row98,session2_row156,True,0,0.31506962229653035,0.31506962229653035,0.0
25.0,4_ANPP,Pendar-3,RMX-2,session1_row98,session3_row387,True,-1,0.2910811927136917,0.29024987019896475,0.000831322514726951
25.0,4_ANPP,Mira-1,Pendar-3,session3_row401,session1_row98,True,-2,0.26220204291430366,0.22352366410860613,0.03867837880569752
25.0,4_ANPP,Agilent-3,Pendar-3,session3_row403,session1_row98,True,-1,0.18408483538179873,0.18342331527595562,0.0006615201058431108
25.0,4_ANPP,Pendar-2,Pendar-3,session2_row137,session1_row99,True,0,0.6184305886179656,0.6184305886179656,0.0
25.0,4_ANPP,Pendar-3,RMX-2,session1_row99,session2_row154,True,0,0.7330276971939911,0.7330276971939911,0.0
25.0,4_ANPP,Pendar-3,RMX-2,session1_row99,session2_row156,True,0,0.7812441138853742,0.7812441138853742,0.0
25.0,4_ANPP,Pendar-3,RMX-2,session1_row99,session3_row387,True,0,0.7103352529233278,0.7103352529233278,0.0
25.0,4_ANPP,Mira-1,Pendar-3,session3_row401,session1_row99,True,-1,0.4807882187860107,0.4711487874438239,0.00963943134218681
25.0,4_ANPP,Agilent-3,Pendar-3,session3_row403,session1_row99,True,-2,0.3776840731385881,0.35862447622153154,0.019059596917056554
25.0,4_ANPP,Pendar-2,RMX-2,session2_row137,session2_row154,True,0,0.7189206886395849,0.7189206886395849,0.0
25.0,4_ANPP,Pendar-2,RMX-2,session2_row137,session2_row156,True,0,0.7370885274409333,0.7370885274409333,0.0
25.0,4_ANPP,Pendar-2,RMX-2,session2_row137,session3_row387,True,0,0.7084379569480721,0.7084379569480721,0.0
25.0,4_ANPP,Pendar-2,Pendar-3,session2_row137,session3_row388,True,1,0.7107142361971771,0.6950125197885653,0.015701716408611843
25.0,4_ANPP,Mira-1,Pendar-2,session3_row401,session2_row137,True,-1,0.46324447940328195,0.45042066739211506,0.01282381201116689
25.0,4_ANPP,Agilent-3,Pendar-2,session3_row403,session2_row137,True,-1,0.37040192386165693,0.36086155927761293,0.009540364584044003
25.0,4_ANPP,Pendar-3,RMX-2,session3_row388,session2_row154,True,-1,0.7866133847224668,0.7853805127181324,0.0012328720043344177
25.0,4_ANPP,Mira-1,RMX-2,session3_row401,session2_row154,True,-2,0.7628450456103584,0.6883890343292066,0.07445601128115176
25.0,4_ANPP,Agilent-3,RMX-2,session3_row403,session2_row154,True,-2,0.40563172999394465,0.39004928714198034,0.015582442851964307
25.0,4_ANPP,Pendar-3,RMX-2,session3_row388,session2_row156,True,0,0.7925851926161133,0.7925851926161133,0.0
25.0,4_ANPP,Mira-1,RMX-2,session3_row401,session2_row156,True,-1,0.5700435470442549,0.547262730590941,0.022780816453313868
25.0,4_ANPP,Agilent-3,RMX-2,session3_row403,session2_row156,True,-2,0.4508819453150426,0.4348642096473893,0.0160177356676533
25.0,4_ANPP,Pendar-3,RMX-2,session3_row388,session3_row387,True,-1,0.7778728469042963,0.7635141184467329,0.014358728457563363
25.0,4_ANPP,Mira-1,RMX-2,session3_row401,session3_row387,True,-1,0.5883788723600012,0.5623519789240223,0.02602689343597886
25.0,4_ANPP,Agilent-3,RMX-2,session3_row403,session3_row387,True,-2,0.4304313257198979,0.40924447014997617,0.021186855569921725
25.0,4_ANPP,Mira-1,Pendar-3,session3_row401,session3_row388,True,-1,0.55330814330853,0.5419485770621221,0.011359566246407882
25.0,4_ANPP,Agilent-3,Pendar-3,session3_row403,session3_row388,True,-1,0.41498892856225406,0.40789695634442263,0.0070919722178314215
25.0,4_ANPP,Agilent-3,Mira-1,session3_row403,session3_row401,True,0,0.2562852501269856,0.2562852501269856,0.0
26.0,acetaminophen,Pendar-2,Pendar-3,session2_row138,session1_row110,False,-5,0.15710078811345063,0.03361457133519696,0.12348621677825367
26.0,acetaminophen,Pendar-2,Pendar-3,session2_row139,session1_row110,False,0,0.2197255091691584,0.2197255091691584,0.0
26.0,acetaminophen,Pendar-3,RMX-2,session1_row110,session2_row155,False,-4,0.10734036191928614,0.047253988786037884,0.06008637313324826
26.0,acetaminophen,Pendar-3,RMX-2,session1_row110,session3_row389,False,4,0.04446022786364123,0.010845304404586012,0.03361492345905522
26.0,acetaminophen,Mira-1,Pendar-3,session3_row402,session1_row110,False,5,0.1258187108058204,0.03481048908541959,0.09100822172040082
26.0,acetaminophen,Agilent-3,Pendar-3,session3_row405,session1_row110,False,0,0.0271881894244502,0.0271881894244502,0.0
26.0,acetaminophen,Pendar-2,Pendar-3,session2_row138,session1_row114,True,1,0.11917359424652141,0.10504385724375444,0.01412973700276697
26.0,acetaminophen,Pendar-2,Pendar-3,session2_row139,session1_row114,True,5,0.11483224082278118,-0.054649268644919244,0.1694815094677004
26.0,acetaminophen,Pendar-3,RMX-2,session1_row114,session2_row155,True,-5,0.14568651767081275,0.028869272484191424,0.11681724518662133
26.0,acetaminophen,Pendar-3,RMX-2,session1_row114,session3_row389,True,-5,0.0546325413994676,-0.007712029964054531,0.06234457136352213
26.0,acetaminophen,Mira-1,Pendar-3,session3_row402,session1_row114,False,2,0.16053981447944282,0.13017603556036056,0.030363778919082263
26.0,acetaminophen,Agilent-3,Pendar-3,session3_row405,session1_row114,True,5,0.026952306282868457,0.013035275248056697,0.01391703103481176
26.0,acetaminophen,Pendar-2,RMX-2,session2_row138,session2_row155,True,-4,0.14288216891301186,0.07535706592327908,0.06752510298973279
26.0,acetaminophen,Pendar-2,RMX-2,session2_row138,session3_row389,True,-1,0.08120594991283278,0.07458014514210859,0.006625804770724192
26.0,acetaminophen,Mira-1,Pendar-2,session3_row402,session2_row138,False,4,0.11077313019600198,0.06604802783974677,0.04472510235625521
26.0,acetaminophen,Agilent-3,Pendar-2,session3_row405,session2_row138,True,5,0.020853493737118853,0.003492453035403169,0.017361040701715683
26.0,acetaminophen,Pendar-2,RMX-2,session2_row139,session2_row155,True,-2,0.1401709852111421,0.11722130614075853,0.022949679070383575
26.0,acetaminophen,Pendar-2,RMX-2,session2_row139,session3_row389,True,-2,0.17687217686608117,0.09501126066269387,0.0818609162033873
26.0,acetaminophen,Mira-1,Pendar-2,session3_row402,session2_row139,False,4,0.20037011764043391,0.13183303717075653,0.06853708046967738
26.0,acetaminophen,Agilent-3,Pendar-2,session3_row405,session2_row139,True,0,0.04596737486630217,0.04596737486630217,0.0
26.0,acetaminophen,Mira-1,RMX-2,session3_row402,session2_row155,False,3,0.217336707144368,0.197039235343338,0.020297471801030004
26.0,acetaminophen,Agilent-3,RMX-2,session3_row405,session2_row155,True,2,0.0003785044536926129,-0.003445242728121012,0.003823747181813625
26.0,acetaminophen,Mira-1,RMX-2,session3_row402,session3_row389,False,2,0.23829199525043732,0.1990057891138854,0.03928620613655193
26.0,acetaminophen,Agilent-3,RMX-2,session3_row405,session3_row389,True,1,0.012023601592785857,0.01192979652236389,9.380507042196749e-05
26.0,acetaminophen,Agilent-3,Mira-1,session3_row405,session3_row402,False,-1,0.07002926495325602,0.06808928375689671,0.001939981196359311
27.0,benzyl_fentanyl,Mira-2,Pendar-3,session1_row108,session1_row106,False,2,0.21056388593422026,0.19838810547355964,0.012175780460660618
27.0,benzyl_fentanyl,Pendar-3,RMX-2,session1_row106,session1_row112,False,0,0.2809073337442658,0.2809073337442658,0.0
27.0,benzyl_fentanyl,Pendar-2,Pendar-3,session2_row142,session1_row106,False,1,0.21278756047643269,0.2058860952567504,0.006901465219682296
27.0,benzyl_fentanyl,Pendar-2,Pendar-3,session2_row143,session1_row106,False,-1,0.16219520051065817,0.1484132171767366,0.013781983333921555
27.0,benzyl_fentanyl,Pendar-3,RMX-2,session1_row106,session2_row150,False,3,0.2577495745568246,0.19889449204391546,0.05885508251290916
27.0,benzyl_fentanyl,Pendar-3,RMX-2,session1_row106,session3_row392,False,-1,0.24582628171930634,0.24212930507705535,0.003696976642250993
27.0,benzyl_fentanyl,Mira-1,Pendar-3,session3_row404,session1_row106,False,-2,0.27237265204354927,0.255524294402467,0.01684835764108228
27.0,benzyl_fentanyl,Agilent-3,Pendar-3,session3_row406,session1_row106,False,-1,0.17580765288802785,0.17493331301096104,0.0008743398770668098
27.0,benzyl_fentanyl,Mira-2,RMX-2,session1_row108,session1_row112,True,0,0.6673001351857752,0.6673001351857752,0.0
27.0,benzyl_fentanyl,Mira-2,Pendar-2,session1_row108,session2_row142,True,2,0.15276273317263897,0.14502048668060832,0.007742246492030647
27.0,benzyl_fentanyl,Mira-2,Pendar-2,session1_row108,session2_row143,True,3,0.11944257983902251,0.10805553776138002,0.01138704207764249
27.0,benzyl_fentanyl,Mira-2,RMX-2,session1_row108,session2_row150,True,1,0.21679302732551758,0.21402648087153028,0.002766546453987301
27.0,benzyl_fentanyl,Mira-2,RMX-2,session1_row108,session3_row392,True,-1,0.2040590715172916,0.20015632766786004,0.003902743849431567
27.0,benzyl_fentanyl,Mira-1,Mira-2,session3_row404,session1_row108,True,-1,0.2881840392520561,0.2808917658058038,0.007292273446252329
27.0,benzyl_fentanyl,Agilent-3,Mira-2,session3_row406,session1_row108,True,-1,0.08648657398029737,0.08291933497187719,0.003567239008420181
27.0,benzyl_fentanyl,Pendar-2,RMX-2,session2_row142,session1_row112,True,-1,0.2641751520047078,0.2559880912268952,0.008187060777812616
27.0,benzyl_fentanyl,Pendar-2,RMX-2,session2_row143,session1_row112,True,-2,0.1803779250183738,0.17109138787056288,0.009286537147810914
27.0,benzyl_fentanyl,Mira-1,RMX-2,session3_row404,session1_row112,True,0,0.38822752862257526,0.38822752862257526,0.0
27.0,benzyl_fentanyl,Agilent-3,RMX-2,session3_row406,session1_row112,True,0,0.18583835949317312,0.18583835949317312,0.0
27.0,benzyl_fentanyl,Pendar-2,RMX-2,session2_row142,session2_row150,True,0,0.46730946335065354,0.46730946335065354,0.0
27.0,benzyl_fentanyl,Pendar-2,RMX-2,session2_row142,session3_row392,True,-1,0.36499853368912294,0.3554645659684316,0.009533967720691316
27.0,benzyl_fentanyl,Mira-1,Pendar-2,session3_row404,session2_row142,True,0,0.5453013440797903,0.5453013440797903,0.0
27.0,benzyl_fentanyl,Agilent-3,Pendar-2,session3_row406,session2_row142,True,-1,0.3529261020403469,0.3503437616870537,0.002582340353293189
27.0,benzyl_fentanyl,Pendar-2,RMX-2,session2_row143,session2_row150,True,1,0.43141083708635003,0.4156932832508897,0.015717553835460307
27.0,benzyl_fentanyl,Pendar-2,RMX-2,session2_row143,session3_row392,True,0,0.3511498809518319,0.3511498809518319,0.0
27.0,benzyl_fentanyl,Mira-1,Pendar-2,session3_row404,session2_row143,True,-1,0.5967688500683348,0.5781012111579318,0.018667638910403017
27.0,benzyl_fentanyl,Agilent-3,Pendar-2,session3_row406,session2_row143,True,-2,0.4363309439297972,0.42224781457329946,0.014083129356497748
27.0,benzyl_fentanyl,Mira-1,RMX-2,session3_row404,session2_row150,True,-1,0.7380782248911139,0.718301618570236,0.019776606320877854
27.0,benzyl_fentanyl,Agilent-3,RMX-2,session3_row406,session2_row150,True,-1,0.44396603227190407,0.4275904540516043,0.01637557822029978
27.0,benzyl_fentanyl,Mira-1,RMX-2,session3_row404,session3_row392,True,-1,0.6065963067585446,0.5906369826596305,0.015959324098914096
27.0,benzyl_fentanyl,Agilent-3,RMX-2,session3_row406,session3_row392,True,-1,0.37508212382362416,0.36333656121667085,0.011745562606953308
27.0,benzyl_fentanyl,Agilent-3,Mira-1,session3_row406,session3_row404,True,0,0.6266987685684491,0.6266987685684491,0.0
28.0,acetaminophen,Mira-2,Pendar-3,session1_row74,session1_row72,False,5,0.025291805807935882,0.00986513002688738,0.015426675781048503
28.0,acetaminophen,Pendar-3,RMX-2,session1_row72,session1_row75,False,-4,0.08597397184218777,0.038138959483077446,0.04783501235911033
28.0,acetaminophen,Pendar-3,RMX-2,session1_row72,session1_row76,False,5,0.11311380988021291,0.048188462041851,0.0649253478383619
28.0,acetaminophen,Pendar-3,RMX-2,session1_row72,session1_row77,False,0,0.1929244628952909,0.1929244628952909,0.0
28.0,acetaminophen,Pendar-3,RMX-2,session1_row72,session1_row78,False,-5,0.0647633722879181,-0.026828513993782544,0.09159188628170065
28.0,acetaminophen,Pendar-3,RMX-2,session1_row72,session1_row79,False,0,0.18690775031734172,0.18690775031734172,0.0
28.0,acetaminophen,Pendar-3,RMX-2,session1_row72,session1_row80,False,4,0.13392549904792317,0.032639863351811474,0.1012856356961117
28.0,acetaminophen,Pendar-3,RMX-2,session1_row72,session1_row85,False,-1,0.046299707374176505,0.0423473152271115,0.003952392147065005
28.0,acetaminophen,Mira-2,Pendar-3,session1_row87,session1_row72,False,-4,0.08143208611224584,0.06117413337013994,0.0202579527421059
28.0,acetaminophen,Pendar-2,Pendar-3,session2_row146,session1_row72,False,-1,0.15557102017190796,0.1444846605714821,0.011086359600425866
28.0,acetaminophen,Pendar-2,Pendar-3,session2_row147,session1_row72,False,-1,0.111166230614464,0.10865079946630524,0.0025154311481587616
28.0,acetaminophen,Pendar-3,RMX-2,session1_row72,session2_row151,False,-2,0.17496008501341298,0.1346335246219966,0.04032656039141638
28.0,acetaminophen,Pendar-3,RMX-2,session1_row72,session3_row394,False,0,0.2524669918779037,0.2524669918779037,0.0
28.0,acetaminophen,Mira-1,Pendar-3,session3_row407,session1_row72,False,0,0.17126616942840675,0.17126616942840675,0.0
28.0,acetaminophen,Agilent-3,Pendar-3,session3_row408,session1_row72,False,-1,0.05426962881527863,0.054141159128836484,0.0001284696864421453
28.0,acetaminophen,Mira-2,RMX-2,session1_row74,session1_row75,True,-1,0.39566877612464346,0.3944300584457002,0.0012387176789432353
28.0,acetaminophen,Mira-2,RMX-2,session1_row74,session1_row76,True,5,0.022349861058298868,-0.12821967501436532,0.15056953607266418
28.0,acetaminophen,Mira-2,RMX-2,session1_row74,session1_row77,True,5,0.011543425200012083,-0.12153958069716425,0.13308300589717634
28.0,acetaminophen,Mira-2,RMX-2,session1_row74,session1_row78,True,5,0.0636621467376038,0.04432709428603272,0.019335052451571078
28.0,acetaminophen,Mira-2,RMX-2,session1_row74,session1_row79,True,-2,0.07537529802000766,0.06293326213695193,0.01244203588305573
28.0,acetaminophen,Mira-2,RMX-2,session1_row74,session1_row80,True,-5,0.08744847004172232,-0.07538838300224374,0.16283685304396606
28.0,acetaminophen,Mira-2,Pendar-3,session1_row74,session1_row82,False,4,0.041267768386800144,0.02038989700055419,0.020877871386245955
28.0,acetaminophen,Mira-2,RMX-2,session1_row74,session1_row85,True,-1,0.6199177576783128,0.592747219130731,0.02717053854758178
28.0,acetaminophen,Mira-2,Pendar-2,session1_row74,session2_row146,True,-3,0.04314754317981632,0.024425026290956997,0.01872251688885932
28.0,acetaminophen,Mira-2,Pendar-2,session1_row74,session2_row147,False,5,0.039111582925674036,0.03012854151432191,0.008983041411352127
28.0,acetaminophen,Mira-2,RMX-2,session1_row74,session2_row151,True,2,0.20462233710010228,0.18761407098160712,0.017008266118495152
28.0,acetaminophen,Mira-2,Pendar-3,session1_row74,session3_row393,True,-4,0.01212155165442728,-0.02752496829073501,0.03964651994516229
28.0,acetaminophen,Mira-2,RMX-2,session1_row74,session3_row394,True,5,0.09550610363842782,0.030829281819842597,0.06467682181858522
28.0,acetaminophen,Mira-1,Mira-2,session3_row407,session1_row74,False,-3,0.18446204678802636,0.172761672610608,0.011700374177418343
28.0,acetaminophen,Agilent-3,Mira-2,session3_row408,session1_row74,True,-5,-0.02178239794896104,-0.04097158353685864,0.0191891855878976
28.0,acetaminophen,Pendar-3,RMX-2,session1_row82,session1_row75,False,-3,0.1938557020188826,0.11678666898750134,0.07706903303138127
28.0,acetaminophen,Mira-2,RMX-2,session1_row87,session1_row75,True,1,0.1454495719949121,0.14463612850399618,0.0008134434909159161
28.0,acetaminophen,Pendar-2,RMX-2,session2_row146,session1_row75,True,1,0.13262057250283724,0.12942412597514763,0.003196446527689606
28.0,acetaminophen,Pendar-2,RMX-2,session2_row147,session1_row75,False,0,0.1424264479153916,0.1424264479153916,0.0
28.0,acetaminophen,Pendar-3,RMX-2,session3_row393,session1_row75,True,0,0.07140400457341659,0.07140400457341659,0.0
28.0,acetaminophen,Mira-1,RMX-2,session3_row407,session1_row75,False,5,0.20058990982486125,0.06882461724110206,0.13176529258375919
28.0,acetaminophen,Agilent-3,RMX-2,session3_row408,session1_row75,True,0,0.046241279597735725,0.046241279597735725,0.0
28.0,acetaminophen,Pendar-3,RMX-2,session1_row82,session1_row76,False,-4,0.16975170197622894,0.05761150330950832,0.11214019866672062
28.0,acetaminophen,Mira-2,RMX-2,session1_row87,session1_row76,True,2,0.23385509445739727,0.22353157833239903,0.010323516124998239
28.0,acetaminophen,Pendar-2,RMX-2,session2_row146,session1_row76,True,-1,0.13830581999956934,0.13699950925422233,0.0013063107453470113
28.0,acetaminophen,Pendar-2,RMX-2,session2_row147,session1_row76,False,1,0.16774969041277657,0.16342954633672618,0.004320144076050386
28.0,acetaminophen,Pendar-3,RMX-2,session3_row393,session1_row76,True,-1,0.12393733759270882,0.1070009629156395,0.01693637467706932
28.0,acetaminophen,Mira-1,RMX-2,session3_row407,session1_row76,False,5,0.17290128349525666,0.12425011956426091,0.04865116393099575
28.0,acetaminophen,Agilent-3,RMX-2,session3_row408,session1_row76,True,-2,0.043734689182771264,0.040533187228319216,0.0032015019544520476
28.0,acetaminophen,Pendar-3,RMX-2,session1_row82,session1_row77,False,5,0.10814743572884936,0.011539094912695084,0.09660834081615427
28.0,acetaminophen,Mira-2,RMX-2,session1_row87,session1_row77,True,0,0.1519504241935293,0.1519504241935293,0.0
28.0,acetaminophen,Pendar-2,RMX-2,session2_row146,session1_row77,True,0,0.16041594447624552,0.16041594447624552,0.0
28.0,acetaminophen,Pendar-2,RMX-2,session2_row147,session1_row77,False,-5,0.11659535641003245,0.03513496612835083,0.08146039028168162
28.0,acetaminophen,Pendar-3,RMX-2,session3_row393,session1_row77,True,0,0.15552954938813546,0.15552954938813546,0.0
28.0,acetaminophen,Mira-1,RMX-2,session3_row407,session1_row77,False,-1,0.1122230753196972,0.10966966991047,0.0025534054092272024
28.0,acetaminophen,Agilent-3,RMX-2,session3_row408,session1_row77,True,-2,0.04315655728917203,0.03528898013112037,0.007867577158051663
28.0,acetaminophen,Pendar-3,RMX-2,session1_row82,session1_row78,False,0,0.14776506398125003,0.14776506398125003,0.0
28.0,acetaminophen,Mira-2,RMX-2,session1_row87,session1_row78,True,-3,0.1589727024531603,0.15050790487214494,0.00846479758101537
28.0,acetaminophen,Pendar-2,RMX-2,session2_row146,session1_row78,True,-2,0.1717107910370407,0.09314840410914317,0.07856238692789753
28.0,acetaminophen,Pendar-2,RMX-2,session2_row147,session1_row78,False,4,0.10086577050744427,0.04365061688925969,0.057215153618184585
28.0,acetaminophen,Pendar-3,RMX-2,session3_row393,session1_row78,True,-1,0.08238420760375068,0.0667808818004839,0.015603325803266774
28.0,acetaminophen,Mira-1,RMX-2,session3_row407,session1_row78,False,-5,0.13120870287805853,0.1133482976610745,0.017860405216984024
28.0,acetaminophen,Agilent-3,RMX-2,session3_row408,session1_row78,True,2,0.04274624309917523,0.03823045894813117,0.004515784151044054
28.0,acetaminophen,Pendar-3,RMX-2,session1_row82,session1_row79,False,-5,0.11636052919197855,0.006447730170700719,0.10991279902127783
28.0,acetaminophen,Mira-2,RMX-2,session1_row87,session1_row79,True,0,0.21161391282825648,0.21161391282825648,0.0
28.0,acetaminophen,Pendar-2,RMX-2,session2_row146,session1_row79,True,-1,0.3005778399058461,0.2811330833509095,0.019444756554936604
28.0,acetaminophen,Pendar-2,RMX-2,session2_row147,session1_row79,False,-2,0.17397540728724603,0.15903859881213622,0.014936808475109808
28.0,acetaminophen,Pendar-3,RMX-2,session3_row393,session1_row79,True,-5,0.05945110758467809,0.025845728135315316,0.033605379449362774
28.0,acetaminophen,Mira-1,RMX-2,session3_row407,session1_row79,False,-4,0.12671160263977968,0.12048459007000664,0.006227012569773038
28.0,acetaminophen,Agilent-3,RMX-2,session3_row408,session1_row79,True,0,0.06697292556046963,0.06697292556046963,0.0
28.0,acetaminophen,Pendar-3,RMX-2,session1_row82,session1_row80,False,-3,0.06362582688307303,0.050672561023658434,0.012953265859414594
28.0,acetaminophen,Mira-2,RMX-2,session1_row87,session1_row80,True,3,0.11903843389009465,0.10928290750086525,0.0097555263892294
28.0,acetaminophen,Pendar-2,RMX-2,session2_row146,session1_row80,True,0,0.07305142197264487,0.07305142197264487,0.0
28.0,acetaminophen,Pendar-2,RMX-2,session2_row147,session1_row80,False,-1,0.1288465774696548,0.1166217414428424,0.012224836026812402
28.0,acetaminophen,Pendar-3,RMX-2,session3_row393,session1_row80,True,2,0.10281458432038071,0.08229590883117985,0.02051867548920086
28.0,acetaminophen,Mira-1,RMX-2,session3_row407,session1_row80,False,5,0.10199285910068097,0.02289250283070678,0.07910035626997419
28.0,acetaminophen,Agilent-3,RMX-2,session3_row408,session1_row80,True,5,0.10513550247108336,0.09027929800566034,0.014856204465423017
28.0,acetaminophen,Pendar-3,RMX-2,session1_row82,session1_row85,False,-3,0.2475432485347216,0.16095060615306103,0.08659264238166056
28.0,acetaminophen,Mira-2,Pendar-3,session1_row87,session1_row82,False,3,0.2234068437858161,0.19559283923196868,0.027814004553847416
28.0,acetaminophen,Pendar-2,Pendar-3,session2_row146,session1_row82,False,-4,0.07901562140483262,-0.13972534096500147,0.2187409623698341
28.0,acetaminophen,Pendar-2,Pendar-3,session2_row147,session1_row82,False,4,0.19817298341479173,0.06059477084954486,0.13757821256524688
28.0,acetaminophen,Pendar-3,RMX-2,session1_row82,session2_row151,False,-4,0.13126690697285054,0.01875428288594896,0.11251262408690157
28.0,acetaminophen,Pendar-3,RMX-2,session1_row82,session3_row394,False,-4,0.10465150767336298,0.04312445898137635,0.06152704869198663
28.0,acetaminophen,Mira-1,Pendar-3,session3_row407,session1_row82,False,4,0.13560341692929978,0.09402381386546982,0.04157960306382996
28.0,acetaminophen,Agilent-3,Pendar-3,session3_row408,session1_row82,False,4,0.09150093810487933,0.061593054959801934,0.029907883145077398
28.0,acetaminophen,Mira-2,RMX-2,session1_row87,session1_row85,True,-1,0.2833743499107808,0.28148629916087914,0.0018880507499016708
28.0,acetaminophen,Pendar-2,RMX-2,session2_row146,session1_row85,True,2,0.10264203702978002,0.09448208156192257,0.008159955467857444
28.0,acetaminophen,Pendar-2,RMX-2,session2_row147,session1_row85,False,1,0.08741958794507627,0.0845187133661419,0.0029008745789343704
28.0,acetaminophen,Pendar-3,RMX-2,session3_row393,session1_row85,True,1,0.12283246493661992,0.11510554774738622,0.007726917189233698
28.0,acetaminophen,Mira-1,RMX-2,session3_row407,session1_row85,False,-5,0.20090155986103447,0.15644689141812554,0.044454668442908934
28.0,acetaminophen,Agilent-3,RMX-2,session3_row408,session1_row85,True,5,0.036002495161095195,0.020018194292550615,0.01598430086854458
28.0,acetaminophen,Mira-2,Pendar-2,session1_row87,session2_row146,True,-1,0.06665797090890731,0.06536315962709494,0.001294811281812372
28.0,acetaminophen,Mira-2,Pendar-2,session1_row87,session2_row147,False,-2,0.11426146880293657,0.10136879074078776,0.012892678062148805
28.0,acetaminophen,Mira-2,RMX-2,session1_row87,session2_row151,True,0,0.14098110522671967,0.14098110522671967,0.0
28.0,acetaminophen,Mira-2,Pendar-3,session1_row87,session3_row393,True,1,0.07177096004844871,0.0711520786574038,0.0006188813910449065
28.0,acetaminophen,Mira-2,RMX-2,session1_row87,session3_row394,True,0,0.21541354697668777,0.21541354697668777,0.0
28.0,acetaminophen,Mira-1,Mira-2,session3_row407,session1_row87,False,4,0.2959445596242132,0.28544212322401463,0.010502436400198545
28.0,acetaminophen,Agilent-3,Mira-2,session3_row408,session1_row87,True,3,-0.008676150588974562,-0.011870246198765314,0.003194095609790752
28.0,acetaminophen,Pendar-2,RMX-2,session2_row146,session2_row151,True,-3,0.1357313305296292,0.06123046828245581,0.0745008622471734
28.0,acetaminophen,Pendar-2,Pendar-3,session2_row146,session3_row393,True,1,0.11585453382797417,0.11214779491501473,0.0037067389129594452
28.0,acetaminophen,Pendar-2,RMX-2,session2_row146,session3_row394,True,0,0.1470653128746804,0.1470653128746804,0.0
28.0,acetaminophen,Mira-1,Pendar-2,session3_row407,session2_row146,False,1,0.24105254994649308,0.23700755196433476,0.0040449979821583215
28.0,acetaminophen,Agilent-3,Pendar-2,session3_row408,session2_row146,True,-2,0.06349841938166131,0.05773253241204187,0.005765886969619445
28.0,acetaminophen,Pendar-2,RMX-2,session2_row147,session2_row151,False,3,0.10847131608947284,0.06736136320633355,0.04110995288313929
28.0,acetaminophen,Pendar-2,Pendar-3,session2_row147,session3_row393,False,-2,0.06551979670931743,0.052152045027335815,0.013367751681981614
28.0,acetaminophen,Pendar-2,RMX-2,session2_row147,session3_row394,False,5,0.12845744985306173,0.10276718188055513,0.025690267972506606
28.0,acetaminophen,Mira-1,Pendar-2,session3_row407,session2_row147,False,0,0.18542955489296364,0.18542955489296364,0.0
28.0,acetaminophen,Agilent-3,Pendar-2,session3_row408,session2_row147,False,0,0.10850329930619232,0.10850329930619232,0.0
28.0,acetaminophen,Pendar-3,RMX-2,session3_row393,session2_row151,True,-3,0.09619190656599469,0.030773733596652402,0.06541817296934228
28.0,acetaminophen,Mira-1,RMX-2,session3_row407,session2_row151,False,3,0.27503089335837366,0.16856149056001019,0.10646940279836348
28.0,acetaminophen,Agilent-3,RMX-2,session3_row408,session2_row151,True,-2,0.040477972389274815,0.03859347398219338,0.0018844984070814363
28.0,acetaminophen,Pendar-3,RMX-2,session3_row393,session3_row394,True,-2,0.1735303692840517,0.13291225619619418,0.04061811308785751
28.0,acetaminophen,Mira-1,Pendar-3,session3_row407,session3_row393,False,5,0.11018377228934341,0.06535071160563137,0.04483306068371204
28.0,acetaminophen,Agilent-3,Pendar-3,session3_row408,session3_row393,True,5,0.03480498102785392,0.014428882529511012,0.020376098498342907
28.0,acetaminophen,Mira-1,RMX-2,session3_row407,session3_row394,False,4,0.23558973720286847,0.20505464762849515,0.030535089574373314
28.0,acetaminophen,Agilent-3,RMX-2,session3_row408,session3_row394,True,1,0.049532735976394154,0.049080690595387035,0.00045204538100711983
28.0,acetaminophen,Agilent-3,Mira-1,session3_row408,session3_row407,False,-2,0.10612174751207405,0.10125787230446014,0.004863875207613916
29.0,benzyl_fentanyl,Pendar-3,RMX-2,session1_row137,session1_row140,True,-1,0.7715351300058244,0.7621541392183458,0.00938099078747856
29.0,benzyl_fentanyl,Pendar-3,RMX-2,session1_row137,session1_row141,True,2,0.5943482359844221,0.5333902673987437,0.06095796858567837
29.0,benzyl_fentanyl,Pendar-2,Pendar-3,session2_row159,session1_row137,True,0,0.7072456107723274,0.7072456107723274,0.0
29.0,benzyl_fentanyl,Pendar-3,RMX-2,session1_row137,session2_row181,True,-1,0.7568997170213884,0.7567163296753906,0.0001833873459977653
29.0,benzyl_fentanyl,Pendar-3,RMX-2,session1_row137,session3_row396,True,-1,0.7682620264373523,0.763818815380155,0.00444321105719736
29.0,benzyl_fentanyl,Mira-1,Pendar-3,session3_row409,session1_row137,True,-1,0.8020090427771572,0.782409123724907,0.019599919052250225
29.0,benzyl_fentanyl,Agilent-3,Pendar-3,session3_row410,session1_row137,True,-1,0.6829273284047754,0.6656455834999759,0.0172817449047995
29.0,benzyl_fentanyl,Pendar-3,RMX-2,session1_row139,session1_row140,True,1,0.23329653121337862,0.22647375749874402,0.006822773714634606
29.0,benzyl_fentanyl,Pendar-3,RMX-2,session1_row139,session1_row141,True,2,0.29304914601522747,0.28178994810440683,0.01125919791082064
29.0,benzyl_fentanyl,Pendar-2,Pendar-3,session2_row159,session1_row139,True,2,0.18582953109142938,0.15677193695837,0.02905759413305939
29.0,benzyl_fentanyl,Pendar-3,RMX-2,session1_row139,session2_row181,True,0,0.2388817651215799,0.2388817651215799,0.0
29.0,benzyl_fentanyl,Pendar-3,RMX-2,session1_row139,session3_row396,True,1,0.2036104693339339,0.20158319322650103,0.0020272761074328627
29.0,benzyl_fentanyl,Mira-1,Pendar-3,session3_row409,session1_row139,True,-1,0.24944203294792072,0.24400425592847935,0.00543777701944137
29.0,benzyl_fentanyl,Agilent-3,Pendar-3,session3_row410,session1_row139,True,1,0.2258183525981002,0.22328147093848785,0.0025368816596123556
29.0,benzyl_fentanyl,Pendar-2,RMX-2,session2_row159,session1_row140,True,-1,0.7844326324006998,0.7783999165928281,0.00603271580787168
29.0,benzyl_fentanyl,Pendar-3,RMX-2,session3_row395,session1_row140,True,-1,0.8295845622532534,0.8111053775757673,0.018479184677486105
29.0,benzyl_fentanyl,Mira-1,RMX-2,session3_row409,session1_row140,True,-2,0.8870653881519484,0.8209321830549451,0.06613320509700327
29.0,benzyl_fentanyl,Agilent-3,RMX-2,session3_row410,session1_row140,True,-2,0.742492482245925,0.6865735658691683,0.05591891637675672
29.0,benzyl_fentanyl,Pendar-2,RMX-2,session2_row159,session1_row141,True,2,0.5649746568218594,0.5306781091521733,0.03429654766968615
29.0,benzyl_fentanyl,Pendar-3,RMX-2,session3_row395,session1_row141,True,2,0.6506611038288543,0.5987306752947407,0.05193042853411367
29.0,benzyl_fentanyl,Mira-1,RMX-2,session3_row409,session1_row141,True,1,0.6923589101249227,0.6813485151694226,0.011010394955500047
29.0,benzyl_fentanyl,Agilent-3,RMX-2,session3_row410,session1_row141,True,1,0.5810903602912919,0.5749928130994767,0.006097547191815211
29.0,benzyl_fentanyl,Pendar-2,RMX-2,session2_row159,session2_row181,True,0,0.740669665614989,0.740669665614989,0.0
29.0,benzyl_fentanyl,Pendar-2,Pendar-3,session2_row159,session3_row395,True,0,0.7229042802107514,0.7229042802107514,0.0
29.0,benzyl_fentanyl,Pendar-2,RMX-2,session2_row159,session3_row396,True,0,0.761577382957111,0.761577382957111,0.0
29.0,benzyl_fentanyl,Mira-1,Pendar-2,session3_row409,session2_row159,True,-1,0.7933438512495219,0.7746683122835032,0.0186755389660187
29.0,benzyl_fentanyl,Agilent-3,Pendar-2,session3_row410,session2_row159,True,-1,0.6807602985848338,0.6637252330711302,0.017035065513703596
29.0,benzyl_fentanyl,Pendar-3,RMX-2,session3_row395,session2_row181,True,0,0.8190859196176754,0.8190859196176754,0.0
29.0,benzyl_fentanyl,Mira-1,RMX-2,session3_row409,session2_row181,True,-1,0.8726770966007993,0.8397677586162676,0.03290933798453166
29.0,benzyl_fentanyl,Agilent-3,RMX-2,session3_row410,session2_row181,True,-2,0.7347867965604722,0.7056923136280221,0.029094482932450094
29.0,benzyl_fentanyl,Pendar-3,RMX-2,session3_row395,session3_row396,True,0,0.8448691943174781,0.8448691943174781,0.0
29.0,benzyl_fentanyl,Mira-1,Pendar-3,session3_row409,session3_row395,True,-1,0.8842528447738812,0.8678396433650737,0.016413201408807532
29.0,benzyl_fentanyl,Agilent-3,Pendar-3,session3_row410,session3_row395,True,-1,0.7522343504290493,0.7345025069422536,0.017731843486795684
29.0,benzyl_fentanyl,Mira-1,RMX-2,session3_row409,session3_row396,True,-1,0.8987237609442005,0.8690612827627517,0.029662478181448737
29.0,benzyl_fentanyl,Agilent-3,RMX-2,session3_row410,session3_row396,True,-1,0.7527751881035066,0.7278360432577885,0.02493914484571813
29.0,benzyl_fentanyl,Agilent-3,Mira-1,session3_row410,session3_row409,True,0,0.8438195350361964,0.8438195350361964,0.0
30.0,4_ANPP,Pendar-3,RMX-2,session1_row125,session1_row130,False,-2,0.2437262647684595,0.22620363690418793,0.017522627864271556
30.0,4_ANPP,Pendar-3,RMX-2,session1_row125,session1_row131,False,-1,0.3243737630018612,0.313444731238143,0.010929031763718233
30.0,4_ANPP,Pendar-2,Pendar-3,session2_row162,session1_row125,False,0,0.26538282944783875,0.26538282944783875,0.0
30.0,4_ANPP,Pendar-3,RMX-2,session1_row125,session2_row183,False,-1,0.25280565192720694,0.25217555589446755,0.0006300960327393912
30.0,4_ANPP,Pendar-3,RMX-2,session1_row125,session3_row398,False,0,0.28465027987544034,0.28465027987544034,0.0
30.0,4_ANPP,Mira-1,Pendar-3,session3_row411,session1_row125,False,1,0.2610614258570906,0.2568578741753709,0.004203551681719653
30.0,4_ANPP,Agilent-3,Pendar-3,session3_row412,session1_row125,False,2,0.22438146429980216,0.2176113260944912,0.0067701382053109715
30.0,4_ANPP,Pendar-3,RMX-2,session1_row128,session1_row130,True,0,0.6542993813072109,0.6542993813072109,0.0
30.0,4_ANPP,Pendar-3,RMX-2,session1_row128,session1_row131,True,1,0.5976694185566414,0.5897511145863968,0.007918303970244511
30.0,4_ANPP,Pendar-2,Pendar-3,session2_row162,session1_row128,True,-2,0.4690864000652558,0.44484473213123776,0.024241667934018052
30.0,4_ANPP,Pendar-3,RMX-2,session1_row128,session2_row183,True,1,0.642328424802893,0.6418435559869085,0.00048486881598452936
30.0,4_ANPP,Pendar-3,RMX-2,session1_row128,session3_row398,True,1,0.627316353865573,0.6233149279890492,0.004001425876523856
30.0,4_ANPP,Mira-1,Pendar-3,session3_row411,session1_row128,True,-1,0.673227437344858,0.6463690632062287,0.02685837413862935
30.0,4_ANPP,Agilent-3,Pendar-3,session3_row412,session1_row128,True,-3,0.4304798298894979,0.3622235967472464,0.06825623314225149
30.0,4_ANPP,Pendar-2,RMX-2,session2_row162,session1_row130,True,0,0.7038993464806406,0.7038993464806406,0.0
30.0,4_ANPP,Pendar-3,RMX-2,session3_row397,session1_row130,True,0,0.7040556842670456,0.7040556842670456,0.0
30.0,4_ANPP,Mira-1,RMX-2,session3_row411,session1_row130,True,-1,0.8893058351775701,0.8636609838926732,0.025644851284896908
30.0,4_ANPP,Agilent-3,RMX-2,session3_row412,session1_row130,True,-3,0.5665074163378021,0.5027544917761193,0.0637529245616828
30.0,4_ANPP,Pendar-2,RMX-2,session2_row162,session1_row131,True,0,0.5868429162857838,0.5868429162857838,0.0
30.0,4_ANPP,Pendar-3,RMX-2,session3_row397,session1_row131,True,0,0.6095249142414164,0.6095249142414164,0.0
30.0,4_ANPP,Mira-1,RMX-2,session3_row411,session1_row131,True,0,0.7711017092235539,0.7711017092235539,0.0
30.0,4_ANPP,Agilent-3,RMX-2,session3_row412,session1_row131,True,-2,0.5033737704804048,0.4793041457761811,0.02406962470422369
30.0,4_ANPP,Pendar-2,RMX-2,session2_row162,session2_row183,True,0,0.6666151525148013,0.6666151525148013,0.0
30.0,4_ANPP,Pendar-2,Pendar-3,session2_row162,session3_row397,True,-2,0.5328536233770209,0.515134618683466,0.01771900469355492
30.0,4_ANPP,Pendar-2,RMX-2,session2_row162,session3_row398,True,0,0.6286892444311721,0.6286892444311721,0.0
30.0,4_ANPP,Mira-1,Pendar-2,session3_row411,session2_row162,True,-1,0.6772840390487652,0.6754573211023822,0.0018267179463830052
30.0,4_ANPP,Agilent-3,Pendar-2,session3_row412,session2_row162,True,-2,0.48066808819189916,0.44763069967041597,0.03303738852148319
30.0,4_ANPP,Pendar-3,RMX-2,session3_row397,session2_row183,True,0,0.6964102247315058,0.6964102247315058,0.0
30.0,4_ANPP,Mira-1,RMX-2,session3_row411,session2_row183,True,-1,0.8683168805549193,0.854741039801482,0.013575840753437318
30.0,4_ANPP,Agilent-3,RMX-2,session3_row412,session2_row183,True,-2,0.5649197291152875,0.5108462524144285,0.05407347670085905
30.0,4_ANPP,Pendar-3,RMX-2,session3_row397,session3_row398,True,0,0.6363158531723432,0.6363158531723432,0.0
30.0,4_ANPP,Mira-1,Pendar-3,session3_row411,session3_row397,True,-1,0.7355241412365766,0.7236163316400684,0.011907809596508168
30.0,4_ANPP,Agilent-3,Pendar-3,session3_row412,session3_row397,True,-2,0.517493964175092,0.4823569143747391,0.03513704980035287
30.0,4_ANPP,Mira-1,RMX-2,session3_row411,session3_row398,True,-1,0.835054324393741,0.8180007169301674,0.01705360746357365
30.0,4_ANPP,Agilent-3,RMX-2,session3_row412,session3_row398,True,-2,0.539983435297109,0.48493074786088863,0.05505268743622038
30.0,4_ANPP,Agilent-3,Mira-1,session3_row412,session3_row411,True,-2,0.6212419711543907,0.5978901682633657,0.02335180289102501
31.0,acetaminophen,Pendar-3,RMX-2,session1_row132,session1_row136,False,-3,0.0891630384003096,0.028497919845015637,0.06066511855529397
31.0,acetaminophen,Pendar-3,RMX-2,session1_row132,session1_row138,False,5,0.10452715350807941,0.055671896639982746,0.048855256868096664
31.0,acetaminophen,Pendar-2,Pendar-3,session2_row165,session1_row132,False,-5,0.11705706591631264,-0.09172563512316907,0.2087827010394817
31.0,acetaminophen,Pendar-2,Pendar-3,session2_row166,session1_row132,False,0,0.2073946707083559,0.2073946707083559,0.0
31.0,acetaminophen,Pendar-3,RMX-2,session1_row132,session2_row177,False,5,0.0621180385575984,0.02535863278334555,0.03675940577425285
31.0,acetaminophen,Pendar-3,RMX-2,session1_row132,session3_row400,False,1,0.23500012847639812,0.22045133435373254,0.014548794122665576
31.0,acetaminophen,Mira-1,Pendar-3,session3_row413,session1_row132,False,-1,0.16074665682016356,0.1596774931452778,0.0010691636748857702
31.0,acetaminophen,Agilent-3,Pendar-3,session3_row414,session1_row132,False,0,0.15947695708103507,0.15947695708103507,0.0
31.0,acetaminophen,Pendar-3,RMX-2,session1_row135,session1_row136,False,-2,0.09189905991642565,0.07816759526066089,0.01373146465576476
31.0,acetaminophen,Pendar-3,RMX-2,session1_row135,session1_row138,False,0,0.3162895186885269,0.3162895186885269,0.0
31.0,acetaminophen,Pendar-2,Pendar-3,session2_row165,session1_row135,False,1,0.06628533426396493,0.06322351002274551,0.003061824241219424
31.0,acetaminophen,Pendar-2,Pendar-3,session2_row166,session1_row135,False,1,0.1157480232500718,0.10668987360172186,0.009058149648349945
31.0,acetaminophen,Pendar-3,RMX-2,session1_row135,session2_row177,False,1,0.1614445375659576,0.15688018795210318,0.004564349613854435
31.0,acetaminophen,Pendar-3,RMX-2,session1_row135,session3_row400,False,-1,0.1803356470109726,0.17921997269345263,0.0011156743175199657
31.0,acetaminophen,Mira-1,Pendar-3,session3_row413,session1_row135,False,-1,0.2421200891113517,0.2419512240581106,0.00016886505324109624
31.0,acetaminophen,Agilent-3,Pendar-3,session3_row414,session1_row135,False,0,0.2344359569798024,0.2344359569798024,0.0
31.0,acetaminophen,Pendar-2,RMX-2,session2_row165,session1_row136,True,4,0.13046722744544756,0.06825349432804276,0.0622137331174048
31.0,acetaminophen,Pendar-2,RMX-2,session2_row166,session1_row136,False,-5,0.14936047403036587,-0.05120050080322024,0.20056097483358612
31.0,acetaminophen,Pendar-3,RMX-2,session3_row399,session1_row136,True,1,0.11060210941909536,0.10043705315580834,0.010165056263287023
31.0,acetaminophen,Mira-1,RMX-2,session3_row413,session1_row136,True,-2,0.16345233406724893,0.1422090658011205,0.021243268266128434
31.0,acetaminophen,Agilent-3,RMX-2,session3_row414,session1_row136,True,1,0.07510312143706345,0.07348848540173207,0.0016146360353313793
31.0,acetaminophen,Pendar-2,RMX-2,session2_row165,session1_row138,True,-1,0.06585880246323732,0.06449800655768698,0.001360795905550341
31.0,acetaminophen,Pendar-2,RMX-2,session2_row166,session1_row138,False,5,0.046104166765657886,0.03751768212549796,0.008586484640159923
31.0,acetaminophen,Pendar-3,RMX-2,session3_row399,session1_row138,True,3,0.1171748516383865,0.11238115513183884,0.004793696506547665
31.0,acetaminophen,Mira-1,RMX-2,session3_row413,session1_row138,True,-1,0.23675323812175125,0.23391236746141816,0.002840870660333089
31.0,acetaminophen,Agilent-3,RMX-2,session3_row414,session1_row138,True,1,0.15067909208665722,0.15008645902047602,0.0005926330661812085
31.0,acetaminophen,Pendar-2,RMX-2,session2_row165,session2_row177,True,3,0.05031951258292265,0.018065918399715695,0.03225359418320696
31.0,acetaminophen,Pendar-2,Pendar-3,session2_row165,session3_row399,True,1,0.131211956679446,0.12976985135806607,0.0014421053213799218
31.0,acetaminophen,Pendar-2,RMX-2,session2_row165,session3_row400,True,-3,0.08212667627519707,0.052779246972821936,0.029347429302375133
31.0,acetaminophen,Mira-1,Pendar-2,session3_row413,session2_row165,True,1,0.1268244171554342,0.12474227569376732,0.002082141461666867
31.0,acetaminophen,Agilent-3,Pendar-2,session3_row414,session2_row165,True,1,0.09126142233006776,0.08944679533602344,0.0018146269940443188
31.0,acetaminophen,Pendar-2,RMX-2,session2_row166,session2_row177,False,0,0.06682375827606632,0.06682375827606632,0.0
31.0,acetaminophen,Pendar-2,Pendar-3,session2_row166,session3_row399,False,3,0.20545654548199122,0.099472028928778,0.10598451655321321
31.0,acetaminophen,Pendar-2,RMX-2,session2_row166,session3_row400,False,-3,0.15923465206689663,0.11733727289933994,0.04189737916755669
31.0,acetaminophen,Mira-1,Pendar-2,session3_row413,session2_row166,False,-5,0.12568480158725323,0.10102161435037264,0.024663187236880588
31.0,acetaminophen,Agilent-3,Pendar-2,session3_row414,session2_row166,False,-1,0.13389909520911683,0.133063046842474,0.0008360483666428331
31.0,acetaminophen,Pendar-3,RMX-2,session3_row399,session2_row177,True,3,0.11812129504922124,0.06781509785121867,0.05030619719800257
31.0,acetaminophen,Mira-1,RMX-2,session3_row413,session2_row177,True,2,0.1169423653304526,0.10616099125255614,0.010781374077896463
31.0,acetaminophen,Agilent-3,RMX-2,session3_row414,session2_row177,True,-1,0.1186789331578683,0.11808301854814006,0.0005959146097282431
31.0,acetaminophen,Pendar-3,RMX-2,session3_row399,session3_row400,True,-3,0.2623380410448315,0.24164839583817452,0.020689645206656976
31.0,acetaminophen,Mira-1,Pendar-3,session3_row413,session3_row399,True,-1,0.350448852830306,0.34583394544496476,0.00461490738534126
31.0,acetaminophen,Agilent-3,Pendar-3,session3_row414,session3_row399,True,-2,0.3474151000985285,0.3322552033521477,0.015159896746380797
31.0,acetaminophen,Mira-1,RMX-2,session3_row413,session3_row400,True,-1,0.6151430424413906,0.597306476959653,0.01783656548173762
31.0,acetaminophen,Agilent-3,RMX-2,session3_row414,session3_row400,True,-2,0.4983089425707576,0.47117609526966686,0.027132847301090723
31.0,acetaminophen,Agilent-3,Mira-1,session3_row414,session3_row413,True,-1,0.5763661752435257,0.5721177083622484,0.004248466881277335
32.0,acetaminophen,Pendar-3,RMX-2,session1_row142,session1_row143,False,3,0.1040225967579535,0.04630243314503572,0.057720163612917784
32.0,acetaminophen,Pendar-3,RMX-2,session1_row142,session1_row146,False,3,0.14373052709661208,0.10763394286567657,0.03609658423093551
32.0,acetaminophen,Pendar-2,Pendar-3,session2_row169,session1_row142,False,5,0.07860694591605163,0.03268420189269419,0.04592274402335744
32.0,acetaminophen,Pendar-2,Pendar-3,session2_row170,session1_row142,False,-3,0.10029563449316617,0.04967648441302558,0.05061915008014059
32.0,acetaminophen,Pendar-3,RMX-2,session1_row142,session2_row178,False,-2,0.035647365274400676,-0.016277872903969166,0.051925238178369845
32.0,acetaminophen,Pendar-3,RMX-2,session1_row142,session2_row180,False,5,0.0437702732708883,-0.040325864175609336,0.08409613744649763
32.0,acetaminophen,Mira-1,Pendar-3,session3_row415,session1_row142,False,0,0.19516507762204827,0.19516507762204827,0.0
32.0,acetaminophen,Agilent-3,Pendar-3,session3_row416,session1_row142,False,-1,0.24946664444357028,0.24452804447606233,0.004938599967507951
32.0,acetaminophen,Pendar-3,RMX-2,session1_row142,session3_row420,False,0,0.21756433922846757,0.21756433922846757,0.0
32.0,acetaminophen,Pendar-3,RMX-2,session1_row144,session1_row143,False,1,0.15575059766605678,0.14030631690195164,0.015444280764105145
32.0,acetaminophen,Pendar-2,RMX-2,session2_row169,session1_row143,True,2,0.137105011442046,0.08988057576014225,0.047224435681903765
32.0,acetaminophen,Pendar-2,RMX-2,session2_row170,session1_row143,True,-5,0.10176518181829422,0.0558531354012182,0.04591204641707602
32.0,acetaminophen,Mira-1,RMX-2,session3_row415,session1_row143,True,-1,0.22961123347208637,0.22866446279338334,0.0009467706787030239
32.0,acetaminophen,Agilent-3,RMX-2,session3_row416,session1_row143,True,-2,0.2293959825156061,0.21643348641202986,0.012962496103576249
32.0,acetaminophen,Pendar-3,RMX-2,session3_row419,session1_row143,True,-2,0.08438393978305979,0.059223365617702646,0.025160574165357143
32.0,acetaminophen,Pendar-3,RMX-2,session1_row144,session1_row146,False,0,0.3530086393914387,0.3530086393914387,0.0
32.0,acetaminophen,Pendar-2,Pendar-3,session2_row169,session1_row144,False,5,0.14803688888480412,0.04023521189262953,0.10780167699217459
32.0,acetaminophen,Pendar-2,Pendar-3,session2_row170,session1_row144,False,-2,0.10956250639923605,0.09149483323419878,0.018067673165037268
32.0,acetaminophen,Pendar-3,RMX-2,session1_row144,session2_row178,False,0,0.07087317349400218,0.07087317349400218,0.0
32.0,acetaminophen,Pendar-3,RMX-2,session1_row144,session2_row180,False,0,0.12882917718997774,0.12882917718997774,0.0
32.0,acetaminophen,Mira-1,Pendar-3,session3_row415,session1_row144,False,-2,0.25555533751337794,0.23630801160995202,0.019247325903425927
32.0,acetaminophen,Agilent-3,Pendar-3,session3_row416,session1_row144,False,-1,0.26780117934171394,0.26388517531126715,0.003916004030446785
32.0,acetaminophen,Pendar-3,RMX-2,session1_row144,session3_row420,False,0,0.24460499587698759,0.24460499587698759,0.0
32.0,acetaminophen,Pendar-2,RMX-2,session2_row169,session1_row146,False,1,0.13280687254323448,0.13098902412421304,0.0018178484190214395
32.0,acetaminophen,Pendar-2,RMX-2,session2_row170,session1_row146,False,2,0.13564068367355595,0.12784587248012183,0.007794811193434115
32.0,acetaminophen,Mira-1,RMX-2,session3_row415,session1_row146,False,-2,0.4188704361454841,0.4024799855686072,0.01639045057687688
32.0,acetaminophen,Agilent-3,RMX-2,session3_row416,session1_row146,False,-2,0.39392586996536005,0.3807595009532639,0.013166369012096169
32.0,acetaminophen,Pendar-3,RMX-2,session3_row419,session1_row146,False,-3,0.24058055254256788,0.2005397780802083,0.040040774462359596
32.0,acetaminophen,Pendar-2,RMX-2,session2_row169,session2_row178,True,-5,0.1433128394052088,-0.034541664139088976,0.17785450354429777
32.0,acetaminophen,Pendar-2,RMX-2,session2_row169,session2_row180,True,0,0.14915160992671497,0.14915160992671497,0.0
32.0,acetaminophen,Mira-1,Pendar-2,session3_row415,session2_row169,True,-2,0.19254920324977812,0.17699459961971742,0.015554603630060698
32.0,acetaminophen,Agilent-3,Pendar-2,session3_row416,session2_row169,True,-4,0.1923997523996747,0.15080084446714082,0.041598907932533874
32.0,acetaminophen,Pendar-2,Pendar-3,session2_row169,session3_row419,True,3,0.18974956181801797,0.10908466950067627,0.0806648923173417
32.0,acetaminophen,Pendar-2,RMX-2,session2_row169,session3_row420,True,2,0.15592463383405492,0.13539885101508425,0.02052578281897066
32.0,acetaminophen,Pendar-2,RMX-2,session2_row170,session2_row178,True,-3,0.14177322792987787,0.10092078717967788,0.04085244075019999
32.0,acetaminophen,Pendar-2,RMX-2,session2_row170,session2_row180,True,0,0.23148951886348615,0.23148951886348615,0.0
32.0,acetaminophen,Mira-1,Pendar-2,session3_row415,session2_row170,True,0,0.25614366576111036,0.25614366576111036,0.0
32.0,acetaminophen,Agilent-3,Pendar-2,session3_row416,session2_row170,True,0,0.25592309380513295,0.25592309380513295,0.0
32.0,acetaminophen,Pendar-2,Pendar-3,session2_row170,session3_row419,True,0,0.20718191827911697,0.20718191827911697,0.0
32.0,acetaminophen,Pendar-2,RMX-2,session2_row170,session3_row420,True,-1,0.1734978890118128,0.16408016198521655,0.00941772702659624
32.0,acetaminophen,Mira-1,RMX-2,session3_row415,session2_row178,True,-3,0.10351293022598657,0.0865972642359808,0.016915665990005768
32.0,acetaminophen,Agilent-3,RMX-2,session3_row416,session2_row178,True,-2,0.11061462678577749,0.1041292435995011,0.006485383186276394
32.0,acetaminophen,Pendar-3,RMX-2,session3_row419,session2_row178,True,-4,0.11136952858965694,0.0632818233309184,0.04808770525873854
32.0,acetaminophen,Mira-1,RMX-2,session3_row415,session2_row180,True,-3,0.16595995363291632,0.1348488198784962,0.031111133754420123
32.0,acetaminophen,Agilent-3,RMX-2,session3_row416,session2_row180,True,-4,0.1556072308524802,0.11297462298111045,0.04263260787136976
32.0,acetaminophen,Pendar-3,RMX-2,session3_row419,session2_row180,True,0,0.09184858707215501,0.09184858707215501,0.0
32.0,acetaminophen,Agilent-3,Mira-1,session3_row416,session3_row415,True,-1,0.8863958869117533,0.8825303781574966,0.00386550875425673
32.0,acetaminophen,Mira-1,Pendar-3,session3_row415,session3_row419,True,-1,0.6836905628273241,0.6817573625805396,0.00193320024678445
32.0,acetaminophen,Mira-1,RMX-2,session3_row415,session3_row420,True,-1,0.6774345505676057,0.6589169523098053,0.018517598257800416
32.0,acetaminophen,Agilent-3,Pendar-3,session3_row416,session3_row419,True,-1,0.6799652566465886,0.6631133827295992,0.01685187391698939
32.0,acetaminophen,Agilent-3,RMX-2,session3_row416,session3_row420,True,-2,0.6299929145611985,0.5978242213709621,0.03216869319023641
32.0,acetaminophen,Pendar-3,RMX-2,session3_row419,session3_row420,True,-1,0.5145899098987319,0.5103315998647394,0.004258310033992463
33.0,benzyl_fentanyl,Pendar-3,RMX-2,session1_row124,session1_row133,False,0,0.2272026633431683,0.2272026633431683,0.0
33.0,benzyl_fentanyl,Pendar-3,RMX-2,session1_row124,session1_row134,False,2,0.14237549200096944,0.1318242166155146,0.010551275385454834
33.0,benzyl_fentanyl,Pendar-2,Pendar-3,session2_row173,session1_row124,False,0,0.2083307634276004,0.2083307634276004,0.0
33.0,benzyl_fentanyl,Pendar-3,RMX-2,session1_row124,session2_row179,False,-1,0.2528590701453617,0.24566110798455063,0.007197962160811061
33.0,benzyl_fentanyl,Mira-1,Pendar-3,session3_row417,session1_row124,False,-1,0.22549254439544564,0.22497349589264704,0.0005190485027986025
33.0,benzyl_fentanyl,Agilent-3,Pendar-3,session3_row418,session1_row124,False,0,0.22106294131343082,0.22106294131343082,0.0
33.0,benzyl_fentanyl,Pendar-3,RMX-2,session1_row124,session3_row422,False,-1,0.22183841421419687,0.2108030694305084,0.011035344783688478
33.0,benzyl_fentanyl,Pendar-3,RMX-2,session1_row129,session1_row133,True,-1,0.6254673654937898,0.6191131309595471,0.006354234534242664
33.0,benzyl_fentanyl,Pendar-3,RMX-2,session1_row129,session1_row134,True,3,0.39628053868219093,0.286975931059735,0.10930460762245592
33.0,benzyl_fentanyl,Pendar-2,Pendar-3,session2_row173,session1_row129,True,0,0.5898887762717809,0.5898887762717809,0.0
33.0,benzyl_fentanyl,Pendar-3,RMX-2,session1_row129,session2_row179,True,-1,0.5384586462948522,0.5272792702865523,0.01117937600829988
33.0,benzyl_fentanyl,Mira-1,Pendar-3,session3_row417,session1_row129,True,-1,0.6726143132073553,0.6574534195846142,0.01516089362274109
33.0,benzyl_fentanyl,Agilent-3,Pendar-3,session3_row418,session1_row129,True,-2,0.6630380127989187,0.6370759366549215,0.02596207614399726
33.0,benzyl_fentanyl,Pendar-3,RMX-2,session1_row129,session3_row422,True,0,0.6110020653513388,0.6110020653513388,0.0
33.0,benzyl_fentanyl,Pendar-2,RMX-2,session2_row173,session1_row133,True,-1,0.6859914003102259,0.6782609881748172,0.007730412135408704
33.0,benzyl_fentanyl,Mira-1,RMX-2,session3_row417,session1_row133,True,-2,0.7948583836957129,0.7413934170738266,0.05346496662188638
33.0,benzyl_fentanyl,Agilent-3,RMX-2,session3_row418,session1_row133,True,-2,0.74980877124928,0.6901290833894531,0.05967968785982691
33.0,benzyl_fentanyl,Pendar-3,RMX-2,session3_row421,session1_row133,True,-1,0.6687746458129262,0.6439534269888937,0.024821218824032543
33.0,benzyl_fentanyl,Pendar-2,RMX-2,session2_row173,session1_row134,True,3,0.4737018171185096,0.34491351735463116,0.12878829976387846
33.0,benzyl_fentanyl,Mira-1,RMX-2,session3_row417,session1_row134,True,2,0.570395957545364,0.4913187174928742,0.07907724005248978
33.0,benzyl_fentanyl,Agilent-3,RMX-2,session3_row418,session1_row134,True,2,0.5420720001089301,0.4877595927881255,0.05431240732080461
33.0,benzyl_fentanyl,Pendar-3,RMX-2,session3_row421,session1_row134,True,3,0.4702520212744599,0.34489107941417335,0.12536094186028657
33.0,benzyl_fentanyl,Pendar-2,RMX-2,session2_row173,session2_row179,True,-1,0.5791729761038275,0.5731430573898136,0.0060299187140138155
33.0,benzyl_fentanyl,Mira-1,Pendar-2,session3_row417,session2_row173,True,-1,0.8225379719654701,0.812497622062481,0.010040349902989076
33.0,benzyl_fentanyl,Agilent-3,Pendar-2,session3_row418,session2_row173,True,-1,0.8212115433256258,0.8026859313358304,0.01852561198979541
33.0,benzyl_fentanyl,Pendar-2,Pendar-3,session2_row173,session3_row421,True,0,0.6477800910079445,0.6477800910079445,0.0
33.0,benzyl_fentanyl,Pendar-2,RMX-2,session2_row173,session3_row422,True,0,0.7191200341345547,0.7191200341345547,0.0
33.0,benzyl_fentanyl,Mira-1,RMX-2,session3_row417,session2_row179,True,-2,0.7045939979753053,0.6687543151840968,0.03583968279120853
33.0,benzyl_fentanyl,Agilent-3,RMX-2,session3_row418,session2_row179,True,-2,0.6743961250275681,0.6224769358315073,0.051919189196060755
33.0,benzyl_fentanyl,Pendar-3,RMX-2,session3_row421,session2_row179,True,-1,0.5770204782386508,0.5699173937620153,0.007103084476635435
33.0,benzyl_fentanyl,Agilent-3,Mira-1,session3_row418,session3_row417,True,0,0.9450273976454541,0.9450273976454541,0.0
33.0,benzyl_fentanyl,Mira-1,Pendar-3,session3_row417,session3_row421,True,-1,0.7439451529306871,0.7325361769218118,0.011408976008875249
33.0,benzyl_fentanyl,Mira-1,RMX-2,session3_row417,session3_row422,True,-1,0.8338677250973604,0.8124810409466522,0.021386684150708213
33.0,benzyl_fentanyl,Agilent-3,Pendar-3,session3_row418,session3_row421,True,-1,0.7234340685059435,0.7025806237978979,0.02085344470804562
33.0,benzyl_fentanyl,Agilent-3,RMX-2,session3_row418,session3_row422,True,-1,0.7836443388160663,0.7560229979559854,0.027621340860080945
33.0,benzyl_fentanyl,Pendar-3,RMX-2,session3_row421,session3_row422,True,0,0.6817095998027645,0.6817095998027645,0.0
34.0,acetaminophen,Pendar-2,RMX-2,session2_row187,session2_row205,False,-4,0.1665831508596426,0.07793179188130334,0.08865135897833926
34.0,acetaminophen,Pendar-2,Pendar-3,session2_row187,session3_row455,False,-5,0.08213701510929196,-0.0031195331481092816,0.08525654825740124
34.0,acetaminophen,Pendar-2,RMX-2,session2_row187,session3_row456,False,1,0.20431986071577912,0.1843072517220236,0.02001260899375551
34.0,acetaminophen,Mira-1,Pendar-2,session3_row467,session2_row187,False,-3,0.3189929772758409,0.23434912703984073,0.08464385023600018
34.0,acetaminophen,Agilent-3,Pendar-2,session3_row468,session2_row187,False,-3,0.3383073339570364,0.2716720531909107,0.06663528076612568
34.0,acetaminophen,Pendar-2,RMX-2,session2_row188,session2_row205,False,-4,0.16280098515357125,0.0455858533903698,0.11721513176320145
34.0,acetaminophen,Pendar-2,Pendar-3,session2_row188,session3_row455,False,-2,0.16108619009971256,0.10602125963536554,0.05506493046434702
34.0,acetaminophen,Pendar-2,RMX-2,session2_row188,session3_row456,False,-1,0.2427240224543967,0.22686480345123364,0.01585921900316306
34.0,acetaminophen,Mira-1,Pendar-2,session3_row467,session2_row188,False,-3,0.28426998702626305,0.24631254399029517,0.037957443035967875
34.0,acetaminophen,Agilent-3,Pendar-2,session3_row468,session2_row188,False,-3,0.25663668348248164,0.2326953575290957,0.02394132595338594
34.0,acetaminophen,Pendar-2,RMX-2,session2_row189,session2_row205,True,-4,0.16675842424331996,0.061336691730296364,0.1054217325130236
34.0,acetaminophen,Pendar-2,Pendar-3,session2_row189,session3_row455,True,5,0.04744878957230988,0.032335506522816464,0.015113283049493415
34.0,acetaminophen,Pendar-2,RMX-2,session2_row189,session3_row456,True,0,0.17617609615318197,0.17617609615318197,0.0
34.0,acetaminophen,Mira-1,Pendar-2,session3_row467,session2_row189,True,-1,0.21909396557654065,0.21455432039439395,0.0045396451821466954
34.0,acetaminophen,Agilent-3,Pendar-2,session3_row468,session2_row189,True,-3,0.21632073469450083,0.18746800476012873,0.0288527299343721
34.0,acetaminophen,Pendar-3,RMX-2,session3_row455,session2_row205,True,4,0.15595325733799853,0.059797957479817934,0.0961552998581806
34.0,acetaminophen,Mira-1,RMX-2,session3_row467,session2_row205,True,-1,0.33287724643669375,0.32782521537654413,0.00505203106014962
34.0,acetaminophen,Agilent-3,RMX-2,session3_row468,session2_row205,True,-3,0.358356278646214,0.3306244477914294,0.02773183085478459
34.0,acetaminophen,Pendar-3,RMX-2,session3_row455,session3_row456,True,1,0.21144069928468603,0.18421909126737493,0.027221608017311105
34.0,acetaminophen,Mira-1,Pendar-3,session3_row467,session3_row455,True,-4,0.2350683985111523,0.1680815498613213,0.06698684864983101
34.0,acetaminophen,Agilent-3,Pendar-3,session3_row468,session3_row455,True,-3,0.20963900267956395,0.19006431396405424,0.019574688715509714
34.0,acetaminophen,Mira-1,RMX-2,session3_row467,session3_row456,True,-2,0.5388189865925185,0.5185210121630351,0.020297974429483334
34.0,acetaminophen,Agilent-3,RMX-2,session3_row468,session3_row456,True,-2,0.50786564324563,0.4831377033856004,0.02472793986002958
34.0,acetaminophen,Agilent-3,Mira-1,session3_row468,session3_row467,True,-1,0.837226564793331,0.8260169515595334,0.011209613233797655
35.0,benzyl_fentanyl,Pendar-2,RMX-2,session2_row190,session2_row207,False,-1,0.8159929761304612,0.8094849843765114,0.006507991753949782
35.0,benzyl_fentanyl,Pendar-2,Pendar-3,session2_row190,session3_row457,False,0,0.7170528897566174,0.7170528897566174,0.0
35.0,benzyl_fentanyl,Pendar-2,RMX-2,session2_row190,session3_row458,False,0,0.673761771062258,0.673761771062258,0.0
35.0,benzyl_fentanyl,Mira-1,Pendar-2,session3_row469,session2_row190,False,-1,0.8167696047178402,0.8078668844531214,0.008902720264718833
35.0,benzyl_fentanyl,Agilent-3,Pendar-2,session3_row470,session2_row190,False,-2,0.807271696123127,0.7662517226836352,0.04101997343949182
35.0,benzyl_fentanyl,Pendar-3,RMX-2,session3_row457,session2_row207,True,-1,0.7946071772505231,0.7891538503305211,0.005453326920002
35.0,benzyl_fentanyl,Mira-1,RMX-2,session3_row469,session2_row207,True,-1,0.9081578649443421,0.8701526188155527,0.038005246128789416
35.0,benzyl_fentanyl,Agilent-3,RMX-2,session3_row470,session2_row207,True,-2,0.8761762672032067,0.7993991490795271,0.0767771181236796
35.0,benzyl_fentanyl,Pendar-3,RMX-2,session3_row457,session3_row458,True,-1,0.6668535909401324,0.6589093450153591,0.007944245924773274
35.0,benzyl_fentanyl,Mira-1,Pendar-3,session3_row469,session3_row457,True,-1,0.8126744713107208,0.8100577002603552,0.0026167710503656183
35.0,benzyl_fentanyl,Agilent-3,Pendar-3,session3_row470,session3_row457,True,-2,0.8258939034459448,0.7968421345423257,0.029051768903619157
35.0,benzyl_fentanyl,Mira-1,RMX-2,session3_row469,session3_row458,True,-1,0.7861682435615945,0.7545108081289372,0.03165743543265731
35.0,benzyl_fentanyl,Agilent-3,RMX-2,session3_row470,session3_row458,True,-2,0.754688953977134,0.7008189704419541,0.05386998353517991
35.0,benzyl_fentanyl,Agilent-3,Mira-1,session3_row470,session3_row469,True,-1,0.9489558058954707,0.9371866810249613,0.011769124870509406
36.0,benzyl_fentanyl,Pendar-2,RMX-2,session2_row193,session2_row200,True,-1,0.6966860661213519,0.6847969881191824,0.011889078002169429
36.0,benzyl_fentanyl,Pendar-2,Pendar-3,session2_row193,session3_row459,True,0,0.6456688707507606,0.6456688707507606,0.0
36.0,benzyl_fentanyl,Pendar-2,RMX-2,session2_row193,session3_row460,True,0,0.6541537604603651,0.6541537604603651,0.0
36.0,benzyl_fentanyl,Mira-1,Pendar-2,session3_row471,session2_row193,True,-2,0.7455022843223329,0.7163143571618039,0.02918792716052898
36.0,benzyl_fentanyl,Pendar-2,Pendar-3,session2_row193,session3_row487,False,0,0.4169355611170195,0.4169355611170195,0.0
36.0,benzyl_fentanyl,Pendar-2,Pendar-3,session2_row193,session3_row488,False,-2,0.12338373307207963,0.09647243736360454,0.026911295708475086
36.0,benzyl_fentanyl,Pendar-2,Pendar-3,session2_row193,session3_row491,True,-2,0.10856540307665873,0.10159695807497589,0.006968445001682838
36.0,benzyl_fentanyl,Pendar-2,RMX-2,session2_row193,session3_row492,True,0,0.6632338947838374,0.6632338947838374,0.0
36.0,benzyl_fentanyl,Pendar-2,Pendar-3,session2_row193,session3_row493,True,2,0.44252233797217716,0.42269852610283476,0.0198238118693424
36.0,benzyl_fentanyl,Pendar-2,RMX-2,session2_row193,session3_row494,True,0,0.7118830311271027,0.7118830311271027,0.0
36.0,benzyl_fentanyl,Mira-1,Pendar-2,session3_row495,session2_row193,True,-2,0.7371206961348268,0.6803564374335139,0.05676425870131285
36.0,benzyl_fentanyl,Agilent-3,Pendar-2,session3_row496,session2_row193,True,-2,0.7426653151677847,0.6763255101871847,0.06633980498059999
36.0,benzyl_fentanyl,Mira-1,Pendar-2,session3_row499_scan4214,session2_row193,True,-1,0.48990046694495676,0.47690076919638286,0.012999697748573902
36.0,benzyl_fentanyl,Mira-1,Pendar-2,session3_row499_scan4213,session2_row193,True,-2,0.5005388727963197,0.4581256857181295,0.042413187078190195
36.0,benzyl_fentanyl,Agilent-3,Pendar-2,session3_row500,session2_row193,True,-5,0.014988112048251599,-0.052229304710143094,0.0672174167583947
36.0,benzyl_fentanyl,Mira-1,Pendar-2,session3_row501,session2_row193,True,-1,0.7296712756741233,0.7043640169237505,0.025307258750372763
36.0,benzyl_fentanyl,Agilent-3,Pendar-2,session3_row502,session2_row193,True,-2,0.5353789615741732,0.49499378711226444,0.04038517446190876
36.0,benzyl_fentanyl,Pendar-3,RMX-2,session3_row459,session2_row200,True,-1,0.7426056207413438,0.7318517226313744,0.010753898109969406
36.0,benzyl_fentanyl,Mira-1,RMX-2,session3_row471,session2_row200,True,-2,0.8168646677497635,0.7544730733146497,0.06239159443511377
36.0,benzyl_fentanyl,Pendar-3,RMX-2,session3_row487,session2_row200,False,-2,0.4805909397317392,0.4325250321219843,0.04806590760975493
36.0,benzyl_fentanyl,Pendar-3,RMX-2,session3_row488,session2_row200,False,-3,0.178033846869232,0.13276511613793204,0.045268730731299944
36.0,benzyl_fentanyl,Pendar-3,RMX-2,session3_row491,session2_row200,True,0,0.11647421576277271,0.11647421576277271,0.0
36.0,benzyl_fentanyl,Pendar-3,RMX-2,session3_row493,session2_row200,True,0,0.4965951527184675,0.4965951527184675,0.0
36.0,benzyl_fentanyl,Mira-1,RMX-2,session3_row495,session2_row200,True,-2,0.8362637637321033,0.7311917520280016,0.10507201170410174
36.0,benzyl_fentanyl,Agilent-3,RMX-2,session3_row496,session2_row200,True,-2,0.7982439615715647,0.7139362627480175,0.08430769882354727
36.0,benzyl_fentanyl,Mira-1,RMX-2,session3_row499_scan4214,session2_row200,True,-2,0.5673710954280499,0.532152489178273,0.03521860624977691
36.0,benzyl_fentanyl,Mira-1,RMX-2,session3_row499_scan4213,session2_row200,True,-3,0.5692311165641557,0.4890139142815856,0.08021720228257012
36.0,benzyl_fentanyl,Agilent-3,RMX-2,session3_row500,session2_row200,True,-4,0.04165387002378371,0.012124956500541942,0.029528913523241766
36.0,benzyl_fentanyl,Mira-1,RMX-2,session3_row501,session2_row200,True,-2,0.839050396868254,0.7605896814997023,0.0784607153685517
36.0,benzyl_fentanyl,Agilent-3,RMX-2,session3_row502,session2_row200,True,-2,0.5457417867015867,0.48866672534276595,0.05707506135882073
36.0,benzyl_fentanyl,Pendar-3,RMX-2,session3_row459,session3_row460,True,0,0.7377259012306137,0.7377259012306137,0.0
36.0,benzyl_fentanyl,Mira-1,Pendar-3,session3_row471,session3_row459,True,-1,0.8054507259397369,0.7941373543615566,0.011313371578180242
36.0,benzyl_fentanyl,Pendar-3,RMX-2,session3_row459,session3_row492,True,0,0.7732029322835211,0.7732029322835211,0.0
36.0,benzyl_fentanyl,Pendar-3,RMX-2,session3_row459,session3_row494,True,-1,0.8007105565254158,0.7937582987649684,0.006952257760447389
36.0,benzyl_fentanyl,Mira-1,Pendar-3,session3_row495,session3_row459,True,-1,0.8223888512072487,0.7917523413247797,0.03063650988246902
36.0,benzyl_fentanyl,Agilent-3,Pendar-3,session3_row496,session3_row459,True,-2,0.8016109654090046,0.7664760550865926,0.035134910322412005
36.0,benzyl_fentanyl,Mira-1,Pendar-3,session3_row499_scan4214,session3_row459,True,-1,0.5677527930231491,0.5570061208769901,0.010746672146158986
36.0,benzyl_fentanyl,Mira-1,Pendar-3,session3_row499_scan4213,session3_row459,True,-1,0.5506506846566487,0.5350037345574726,0.01564695009917605
36.0,benzyl_fentanyl,Agilent-3,Pendar-3,session3_row500,session3_row459,True,-2,0.008530955674961658,7.061448939079961e-05,0.008460341185570859
36.0,benzyl_fentanyl,Mira-1,Pendar-3,session3_row501,session3_row459,True,-1,0.7959372508532145,0.784984332971944,0.010952917881270507
36.0,benzyl_fentanyl,Agilent-3,Pendar-3,session3_row502,session3_row459,True,-2,0.5743127991152022,0.5447576566402745,0.02955514247492763
36.0,benzyl_fentanyl,Mira-1,RMX-2,session3_row471,session3_row460,True,-1,0.8532489167330511,0.8199309759560782,0.03331794077697292
36.0,benzyl_fentanyl,Pendar-3,RMX-2,session3_row487,session3_row460,False,-1,0.49890511830650364,0.49511268726729846,0.0037924310392051797
36.0,benzyl_fentanyl,Pendar-3,RMX-2,session3_row488,session3_row460,False,-3,0.23882291043942355,0.1357115489664714,0.10311136147295216
36.0,benzyl_fentanyl,Pendar-3,RMX-2,session3_row491,session3_row460,True,2,0.1352949329745988,0.12703975517380828,0.00825517780079052
36.0,benzyl_fentanyl,Pendar-3,RMX-2,session3_row493,session3_row460,True,0,0.49885076755320423,0.49885076755320423,0.0
36.0,benzyl_fentanyl,Mira-1,RMX-2,session3_row495,session3_row460,True,-2,0.8389497764074715,0.7696785632202704,0.06927121318720109
36.0,benzyl_fentanyl,Agilent-3,RMX-2,session3_row496,session3_row460,True,-2,0.8130851282669808,0.749032552220134,0.06405257604684678
36.0,benzyl_fentanyl,Mira-1,RMX-2,session3_row499_scan4214,session3_row460,True,-2,0.607897853538702,0.5799077289870107,0.027990124551691253
36.0,benzyl_fentanyl,Mira-1,RMX-2,session3_row499_scan4213,session3_row460,True,-2,0.5967915924942886,0.5402199314745093,0.056571661019779285
36.0,benzyl_fentanyl,Agilent-3,RMX-2,session3_row500,session3_row460,True,-5,0.05008692889523215,0.01338885236559821,0.03669807652963394
36.0,benzyl_fentanyl,Mira-1,RMX-2,session3_row501,session3_row460,True,-2,0.8414653991534761,0.7949259111513548,0.046539488002121265
36.0,benzyl_fentanyl,Agilent-3,RMX-2,session3_row502,session3_row460,True,-2,0.5487457869754955,0.5010739778873364,0.047671809088159045
36.0,benzyl_fentanyl,Mira-1,Pendar-3,session3_row471,session3_row487,False,-1,0.47359289520506104,0.45652219304940156,0.01707070215565948
36.0,benzyl_fentanyl,Mira-1,Pendar-3,session3_row471,session3_row488,False,1,0.14737970110723808,0.1425964842204988,0.004783216886739272
36.0,benzyl_fentanyl,Mira-1,Pendar-3,session3_row471,session3_row491,True,3,0.16166581210868106,0.14434618282130773,0.017319629287373323
36.0,benzyl_fentanyl,Mira-1,RMX-2,session3_row471,session3_row492,True,-1,0.8716692215455119,0.8440892503511864,0.027579971194325426
36.0,benzyl_fentanyl,Mira-1,Pendar-3,session3_row471,session3_row493,True,-1,0.5743022298694992,0.5734074814398119,0.0008947484296872865
36.0,benzyl_fentanyl,Mira-1,RMX-2,session3_row471,session3_row494,True,-2,0.8886015722336855,0.8415312976212386,0.04707027461244695
36.0,benzyl_fentanyl,Agilent-3,Mira-1,session3_row496,session3_row471,True,-1,0.9439526569260008,0.9337940962138436,0.01015856071215726
36.0,benzyl_fentanyl,Agilent-3,Mira-1,session3_row500,session3_row471,True,-3,0.03028082192465202,0.01616151214231196,0.01411930978234006
36.0,benzyl_fentanyl,Agilent-3,Mira-1,session3_row502,session3_row471,True,-1,0.6591878998846621,0.652937527667428,0.006250372217234124
36.0,benzyl_fentanyl,Pendar-3,RMX-2,session3_row487,session3_row492,False,-1,0.45518157733520326,0.4511218127384247,0.004059764596778537
36.0,benzyl_fentanyl,Pendar-3,RMX-2,session3_row487,session3_row494,False,-1,0.45079454601234026,0.43532159967370637,0.015472946338633886
36.0,benzyl_fentanyl,Mira-1,Pendar-3,session3_row495,session3_row487,False,-2,0.45853002087921746,0.4199184143470218,0.03861160653219564
36.0,benzyl_fentanyl,Agilent-3,Pendar-3,session3_row496,session3_row487,False,-2,0.4483961330213989,0.4105137591489095,0.03788237387248944
36.0,benzyl_fentanyl,Mira-1,Pendar-3,session3_row499_scan4214,session3_row487,False,-1,0.3229040784536379,0.3167993596864066,0.0061047187672312875
36.0,benzyl_fentanyl,Mira-1,Pendar-3,session3_row499_scan4213,session3_row487,False,-2,0.34214845307331054,0.29965580610146675,0.042492646971843795
36.0,benzyl_fentanyl,Agilent-3,Pendar-3,session3_row500,session3_row487,False,-5,0.008431601392333883,-0.04253293102307055,0.05096453241540443
36.0,benzyl_fentanyl,Mira-1,Pendar-3,session3_row501,session3_row487,False,-1,0.4904999502114493,0.47056162895193915,0.019938321259510172
36.0,benzyl_fentanyl,Agilent-3,Pendar-3,session3_row502,session3_row487,False,-2,0.36927723913668686,0.3396800936232921,0.029597145513394763
36.0,benzyl_fentanyl,Pendar-3,RMX-2,session3_row488,session3_row492,False,-2,0.17639731378898926,0.1563488079072718,0.02004850588171747
36.0,benzyl_fentanyl,Pendar-3,RMX-2,session3_row488,session3_row494,False,-2,0.1462042011256736,0.12668171842985196,0.01952248269582163
36.0,benzyl_fentanyl,Mira-1,Pendar-3,session3_row495,session3_row488,False,1,0.15740802419670144,0.1557267577700095,0.0016812664266919464
36.0,benzyl_fentanyl,Agilent-3,Pendar-3,session3_row496,session3_row488,False,1,0.1394191120004937,0.13846647895313305,0.0009526330473606515
36.0,benzyl_fentanyl,Mira-1,Pendar-3,session3_row499_scan4214,session3_row488,False,0,0.12373910598174485,0.12373910598174485,0.0
36.0,benzyl_fentanyl,Mira-1,Pendar-3,session3_row499_scan4213,session3_row488,False,1,0.13598827863712146,0.1328296267412722,0.003158651895849268
36.0,benzyl_fentanyl,Agilent-3,Pendar-3,session3_row500,session3_row488,False,3,0.0777281860548744,0.04962192967514067,0.028106256379733734
36.0,benzyl_fentanyl,Mira-1,Pendar-3,session3_row501,session3_row488,False,1,0.1473343537576987,0.14185813197490318,0.005476221782795526
36.0,benzyl_fentanyl,Agilent-3,Pendar-3,session3_row502,session3_row488,False,-1,0.09945644547000505,0.09687792986534852,0.0025785156046565366
36.0,benzyl_fentanyl,Pendar-3,RMX-2,session3_row491,session3_row492,True,2,0.20881082118701713,0.19214070166239275,0.016670119524624383
36.0,benzyl_fentanyl,Pendar-3,RMX-2,session3_row491,session3_row494,True,2,0.11978048830860676,0.11088979201036557,0.008890696298241185
36.0,benzyl_fentanyl,Mira-1,Pendar-3,session3_row495,session3_row491,True,-2,0.21721556214591986,0.209336902568734,0.007878659577185865
36.0,benzyl_fentanyl,Agilent-3,Pendar-3,session3_row496,session3_row491,True,-2,0.18325442878355822,0.17544076040626985,0.007813668377288363
36.0,benzyl_fentanyl,Mira-1,Pendar-3,session3_row499_scan4214,session3_row491,True,-3,0.04318314005196116,0.028794760542249533,0.014388379509711627
36.0,benzyl_fentanyl,Mira-1,Pendar-3,session3_row499_scan4213,session3_row491,True,-2,0.03946516689274204,0.0352711189506946,0.004194047942047446
36.0,benzyl_fentanyl,Agilent-3,Pendar-3,session3_row500,session3_row491,True,-5,-0.009892483612057268,-0.05268902947409157,0.0427965458620343
36.0,benzyl_fentanyl,Mira-1,Pendar-3,session3_row501,session3_row491,True,4,0.05330203051528494,0.030284361892509704,0.023017668622775236
36.0,benzyl_fentanyl,Agilent-3,Pendar-3,session3_row502,session3_row491,True,5,0.05270893610697196,0.025571348343442494,0.027137587763529463
36.0,benzyl_fentanyl,Pendar-3,RMX-2,session3_row493,session3_row492,True,-1,0.6056562482398322,0.6048630528103183,0.0007931954295139487
36.0,benzyl_fentanyl,Mira-1,RMX-2,session3_row495,session3_row492,True,-2,0.9168372719985358,0.8538506794030503,0.06298659259548556
36.0,benzyl_fentanyl,Agilent-3,RMX-2,session3_row496,session3_row492,True,-2,0.8676285010972582,0.8198669451059943,0.04776155599126386
36.0,benzyl_fentanyl,Mira-1,RMX-2,session3_row499_scan4214,session3_row492,True,-1,0.5867339191515206,0.568856339929544,0.017877579221976636
36.0,benzyl_fentanyl,Mira-1,RMX-2,session3_row499_scan4213,session3_row492,True,-2,0.5880379093418391,0.535678030214851,0.05235987912698803
36.0,benzyl_fentanyl,Agilent-3,RMX-2,session3_row500,session3_row492,True,-5,0.0396770385446372,-0.010616850014721893,0.050293888559359096
36.0,benzyl_fentanyl,Mira-1,RMX-2,session3_row501,session3_row492,True,-1,0.8448117275169416,0.8104069846749938,0.03440474284194772
36.0,benzyl_fentanyl,Agilent-3,RMX-2,session3_row502,session3_row492,True,-2,0.5908383574198176,0.5441374144197927,0.04670094300002492
36.0,benzyl_fentanyl,Pendar-3,RMX-2,session3_row493,session3_row494,True,-1,0.5677096803586316,0.5501370123366639,0.017572668021967663
36.0,benzyl_fentanyl,Mira-1,Pendar-3,session3_row495,session3_row493,True,-1,0.6425645709295897,0.628280618753701,0.014283952175888737
36.0,benzyl_fentanyl,Agilent-3,Pendar-3,session3_row496,session3_row493,True,-1,0.5942579581815133,0.5785040063694339,0.015753951812079392
36.0,benzyl_fentanyl,Mira-1,Pendar-3,session3_row499_scan4214,session3_row493,True,-1,0.34971606704555663,0.34838721346829193,0.0013288535772646992
36.0,benzyl_fentanyl,Mira-1,Pendar-3,session3_row499_scan4213,session3_row493,True,-1,0.36271622425944333,0.3518573881513932,0.010858836108050107
36.0,benzyl_fentanyl,Agilent-3,Pendar-3,session3_row500,session3_row493,True,-5,0.03598904510762206,-0.08821848156809567,0.12420752667571773
36.0,benzyl_fentanyl,Mira-1,Pendar-3,session3_row501,session3_row493,True,-1,0.5122084514994586,0.5058090605799391,0.006399390919519465
36.0,benzyl_fentanyl,Agilent-3,Pendar-3,session3_row502,session3_row493,True,-1,0.3674338011984388,0.35485195772909295,0.012581843469345877
36.0,benzyl_fentanyl,Mira-1,RMX-2,session3_row495,session3_row494,True,-2,0.9140692185260381,0.8241358992370081,0.08993331928902992
36.0,benzyl_fentanyl,Agilent-3,RMX-2,session3_row496,session3_row494,True,-2,0.8832585088494994,0.8091371085721123,0.07412140027738712
36.0,benzyl_fentanyl,Mira-1,RMX-2,session3_row499_scan4214,session3_row494,True,-2,0.600792321643458,0.5725428835140903,0.028249438129367643
36.0,benzyl_fentanyl,Mira-1,RMX-2,session3_row499_scan4213,session3_row494,True,-2,0.6040363396431769,0.5296085690253208,0.0744277706178561
36.0,benzyl_fentanyl,Agilent-3,RMX-2,session3_row500,session3_row494,True,-4,0.01446830562756937,0.004293748650207583,0.010174556977361787
36.0,benzyl_fentanyl,Mira-1,RMX-2,session3_row501,session3_row494,True,-2,0.897678440541327,0.8407487105672363,0.056929729974090626
36.0,benzyl_fentanyl,Agilent-3,RMX-2,session3_row502,session3_row494,True,-2,0.6148175554906643,0.5535887068594626,0.061228848631201704
36.0,benzyl_fentanyl,Agilent-3,Mira-1,session3_row496,session3_row495,True,0,0.9546613269366093,0.9546613269366093,0.0
36.0,benzyl_fentanyl,Agilent-3,Mira-1,session3_row500,session3_row495,True,-5,0.03328723716827558,0.013300288813499473,0.019986948354776105
36.0,benzyl_fentanyl,Agilent-3,Mira-1,session3_row502,session3_row495,True,0,0.6327077924755391,0.6327077924755391,0.0
36.0,benzyl_fentanyl,Agilent-3,Mira-1,session3_row496,session3_row499_scan4214,True,-1,0.6169160378454996,0.6072422396554835,0.009673798190016125
36.0,benzyl_fentanyl,Agilent-3,Mira-1,session3_row496,session3_row499_scan4213,True,0,0.6269784264381407,0.6269784264381407,0.0
36.0,benzyl_fentanyl,Agilent-3,Mira-1,session3_row496,session3_row501,True,-1,0.9096585783522956,0.8968535491818976,0.012805029170397941
36.0,benzyl_fentanyl,Agilent-3,Mira-1,session3_row500,session3_row499_scan4214,True,4,-0.011593773909844363,-0.024403321246427523,0.01280954733658316
36.0,benzyl_fentanyl,Agilent-3,Mira-1,session3_row502,session3_row499_scan4214,True,-1,0.435584520956879,0.42762031889973184,0.007964202057147152
36.0,benzyl_fentanyl,Agilent-3,Mira-1,session3_row500,session3_row499_scan4213,True,0,-0.017878264941454235,-0.017878264941454235,0.0
36.0,benzyl_fentanyl,Agilent-3,Mira-1,session3_row502,session3_row499_scan4213,True,-1,0.4500729923481559,0.4490729575776137,0.0010000347705422241
36.0,benzyl_fentanyl,Agilent-3,Mira-1,session3_row500,session3_row501,True,-1,0.013250630075043077,0.010438899472088505,0.002811730602954572
36.0,benzyl_fentanyl,Agilent-3,Mira-1,session3_row502,session3_row501,True,-1,0.6645792889588757,0.6494130448838598,0.015166244075015989
37.0,4_ANPP,Pendar-2,RMX-2,session2_row195,session2_row202,True,-1,0.5833793181324519,0.5773198032924056,0.006059514840046298
37.0,4_ANPP,Pendar-2,RMX-2,session2_row195,session2_row203,True,-1,0.6296938023575535,0.6271354153241504,0.0025583870334030534
37.0,4_ANPP,Pendar-2,Pendar-3,session2_row195,session3_row461,True,-2,0.5078162058348892,0.47729675304421054,0.030519452790678636
37.0,4_ANPP,Pendar-2,RMX-2,session2_row195,session3_row462,True,-1,0.5666793067460683,0.5486916576335578,0.017987649112510495
37.0,4_ANPP,Mira-1,Pendar-2,session3_row473,session2_row195,True,1,0.5252771787976833,0.5233702862419904,0.001906892555692874
37.0,4_ANPP,Agilent-3,Pendar-2,session3_row474,session2_row195,True,-1,0.5979868154408239,0.5799767950997073,0.01801002034111654
37.0,4_ANPP,Pendar-3,RMX-2,session3_row461,session2_row202,True,0,0.6915754033639722,0.6915754033639722,0.0
37.0,4_ANPP,Mira-1,RMX-2,session3_row473,session2_row202,True,0,0.7967872129312438,0.7967872129312438,0.0
37.0,4_ANPP,Agilent-3,RMX-2,session3_row474,session2_row202,True,-2,0.8599275836829634,0.8119768763470508,0.04795070733591256
37.0,4_ANPP,Pendar-3,RMX-2,session3_row461,session2_row203,True,0,0.6950060458787217,0.6950060458787217,0.0
37.0,4_ANPP,Mira-1,RMX-2,session3_row473,session2_row203,True,0,0.7497917410755202,0.7497917410755202,0.0
37.0,4_ANPP,Agilent-3,RMX-2,session3_row474,session2_row203,True,-2,0.837062992450434,0.7803863921666645,0.05667660028376953
37.0,4_ANPP,Pendar-3,RMX-2,session3_row461,session3_row462,True,0,0.6461068612219053,0.6461068612219053,0.0
37.0,4_ANPP,Mira-1,Pendar-3,session3_row473,session3_row461,True,1,0.617220848222792,0.61322317398865,0.00399767423414199
37.0,4_ANPP,Agilent-3,Pendar-3,session3_row474,session3_row461,True,-2,0.7264044894063347,0.6906380471836355,0.0357664422226992
37.0,4_ANPP,Mira-1,RMX-2,session3_row473,session3_row462,True,0,0.730902530310235,0.730902530310235,0.0
37.0,4_ANPP,Agilent-3,RMX-2,session3_row474,session3_row462,True,-2,0.8012885838982151,0.7383139930335456,0.0629745908646695
37.0,4_ANPP,Agilent-3,Mira-1,session3_row474,session3_row473,True,-1,0.8648038734158796,0.84588415573854,0.018919717677339576
38.0,benzyl_fentanyl,Pendar-2,RMX-2,session2_row227,session2_row210,True,0,0.7611417156067747,0.7611417156067747,0.0
38.0,benzyl_fentanyl,Pendar-3,RMX-2,session3_row463,session2_row210,True,0,0.7509148241996013,0.7509148241996013,0.0
38.0,benzyl_fentanyl,Mira-1,RMX-2,session3_row475,session2_row210,True,-1,0.9312803498153525,0.9166804326056885,0.014599917209663915
38.0,benzyl_fentanyl,Agilent-3,RMX-2,session3_row476,session2_row210,True,-2,0.9417054979883439,0.9011042299428296,0.04060126804551434
38.0,benzyl_fentanyl,Pendar-2,Pendar-3,session2_row227,session3_row463,True,0,0.6060173213648181,0.6060173213648181,0.0
38.0,benzyl_fentanyl,Pendar-2,RMX-2,session2_row227,session3_row464,True,-1,0.7194276729344118,0.7165799464886036,0.0028477264458082185
38.0,benzyl_fentanyl,Mira-1,Pendar-2,session3_row475,session2_row227,True,-1,0.7701903391406311,0.7652606176816393,0.0049297214589917315
38.0,benzyl_fentanyl,Agilent-3,Pendar-2,session3_row476,session2_row227,True,-2,0.7652626578931813,0.7311297811138748,0.03413287677930643
38.0,benzyl_fentanyl,Pendar-3,RMX-2,session3_row463,session3_row464,True,0,0.6607796855544837,0.6607796855544837,0.0
38.0,benzyl_fentanyl,Mira-1,Pendar-3,session3_row475,session3_row463,True,-1,0.7346712115283023,0.7223951333457506,0.01227607818255172
38.0,benzyl_fentanyl,Agilent-3,Pendar-3,session3_row476,session3_row463,True,-2,0.7415479151092773,0.6969181775117171,0.04462973759756017
38.0,benzyl_fentanyl,Mira-1,RMX-2,session3_row475,session3_row464,True,-1,0.826571715286687,0.8139410937865186,0.01263062150016847
38.0,benzyl_fentanyl,Agilent-3,RMX-2,session3_row476,session3_row464,True,-2,0.7816278625341408,0.7343761119931307,0.04725175054101016
38.0,benzyl_fentanyl,Agilent-3,Mira-1,session3_row476,session3_row475,True,-1,0.953391849051999,0.937813089031637,0.01557876002036207
39.0,benzyl_fentanyl,Pendar-2,RMX-2,session2_row229,session2_row213,True,0,0.5091389201695862,0.5091389201695862,0.0
39.0,benzyl_fentanyl,Pendar-3,RMX-2,session3_row465,session2_row213,True,-1,0.4504330426232985,0.4467583969581129,0.0036746456651855497
39.0,benzyl_fentanyl,Mira-1,RMX-2,session3_row477,session2_row213,True,-1,0.6887167977537216,0.6714645997241856,0.017252198029536037
39.0,benzyl_fentanyl,Agilent-3,RMX-2,session3_row478,session2_row213,True,-2,0.6882271780199702,0.6555817528466604,0.03264542517330982
39.0,benzyl_fentanyl,Pendar-2,Pendar-3,session2_row229,session3_row465,True,-1,0.46429424276679065,0.45945953241081555,0.004834710355975103
39.0,benzyl_fentanyl,Pendar-2,RMX-2,session2_row229,session3_row466,True,-1,0.477499511945673,0.47497738440680803,0.0025221275388649933
39.0,benzyl_fentanyl,Mira-1,Pendar-2,session3_row477,session2_row229,True,-1,0.6485075349236297,0.6385926371342245,0.00991489778940513
39.0,benzyl_fentanyl,Agilent-3,Pendar-2,session3_row478,session2_row229,True,-1,0.6738397136575265,0.6551812810066971,0.018658432650829337
39.0,benzyl_fentanyl,Pendar-3,RMX-2,session3_row465,session3_row466,True,1,0.44864651822853896,0.4432081573736028,0.005438360854936153
39.0,benzyl_fentanyl,Mira-1,Pendar-3,session3_row477,session3_row465,True,-1,0.6485971979491071,0.6263686297471699,0.022228568201937193
39.0,benzyl_fentanyl,Agilent-3,Pendar-3,session3_row478,session3_row465,True,-2,0.6515493665955071,0.6163241600245133,0.03522520657099382
39.0,benzyl_fentanyl,Mira-1,RMX-2,session3_row477,session3_row466,True,-1,0.6555469443274208,0.624870194148255,0.030676750179165824
39.0,benzyl_fentanyl,Agilent-3,RMX-2,session3_row478,session3_row466,True,-2,0.6295481635139872,0.5788892420325692,0.05065892148141804
39.0,benzyl_fentanyl,Agilent-3,Mira-1,session3_row478,session3_row477,True,-1,0.9240511379137915,0.9161802197439526,0.00787091816983887
40.0,acetaminophen,Pendar-2,RMX-2,session2_row223,session2_row215,True,-3,0.12042344261078336,0.08197757777152473,0.03844586483925863
40.0,acetaminophen,Mira-1,RMX-2,session3_row479,session2_row215,True,-1,0.16595614815095505,0.1658482901922188,0.00010785795873624604
40.0,acetaminophen,Agilent-3,RMX-2,session3_row480,session2_row215,True,-2,0.1641644583261879,0.15498924477344894,0.009175213552738953
40.0,acetaminophen,Pendar-3,RMX-2,session3_row483,session2_row215,True,2,0.16486657851893072,0.14276849749239193,0.02209808102653879
40.0,acetaminophen,Mira-1,RMX-2,session3_row497,session2_row215,True,-5,0.09898974905980693,0.00438343058513176,0.09460631847467517
40.0,acetaminophen,Mira-1,RMX-2,session3_row498,session2_row215,True,0,0.06560369294675261,0.06560369294675261,0.0
40.0,acetaminophen,Pendar-2,RMX-2,session2_row223,session2_row216,True,-1,0.16074437084527038,0.15545408650160475,0.00529028434366563
40.0,acetaminophen,Mira-1,RMX-2,session3_row479,session2_row216,True,0,0.168006861180749,0.168006861180749,0.0
40.0,acetaminophen,Agilent-3,RMX-2,session3_row480,session2_row216,True,-2,0.13292870946576985,0.12765430475970616,0.00527440470606369
40.0,acetaminophen,Pendar-3,RMX-2,session3_row483,session2_row216,True,1,0.1271112502010564,0.12651679208339436,0.0005944581176620389
40.0,acetaminophen,Mira-1,RMX-2,session3_row497,session2_row216,True,-5,0.04747806930179226,-0.10801188990858966,0.15548995921038192
40.0,acetaminophen,Mira-1,RMX-2,session3_row498,session2_row216,True,-3,0.1673645152198757,0.12967272322352244,0.03769179199635325
40.0,acetaminophen,Mira-1,Pendar-2,session3_row479,session2_row223,True,1,0.1752919936328313,0.17455507764655162,0.0007369159862796737
40.0,acetaminophen,Agilent-3,Pendar-2,session3_row480,session2_row223,True,-1,0.17187435005227836,0.17150242856551032,0.0003719214867680398
40.0,acetaminophen,Pendar-2,Pendar-3,session2_row223,session3_row483,True,1,0.14498701625028979,0.14481152769727643,0.00017548855301335875
40.0,acetaminophen,Pendar-2,RMX-2,session2_row223,session3_row484,True,-1,0.15744649313168665,0.14744329682607962,0.010003196305607032
40.0,acetaminophen,Mira-1,Pendar-2,session3_row497,session2_row223,True,-3,0.03771811264492172,0.018438765829908214,0.019279346815013504
40.0,acetaminophen,Mira-1,Pendar-2,session3_row498,session2_row223,True,1,0.17559626912406337,0.16919921116658945,0.006397057957473917
40.0,acetaminophen,Agilent-3,Mira-1,session3_row480,session3_row479,True,-1,0.9052690256230699,0.8901389507070411,0.015130074916028802
40.0,acetaminophen,Mira-1,Pendar-3,session3_row479,session3_row483,True,0,0.6708586850614756,0.6708586850614756,0.0
40.0,acetaminophen,Mira-1,RMX-2,session3_row479,session3_row484,True,-1,0.5781270971753408,0.5655428924937669,0.012584204681573952
40.0,acetaminophen,Agilent-3,Pendar-3,session3_row480,session3_row483,True,-1,0.7058125590632269,0.6914783678117549,0.014334191251472062
40.0,acetaminophen,Agilent-3,RMX-2,session3_row480,session3_row484,True,-2,0.5899777201714134,0.5512367368501594,0.038740983321253974
40.0,acetaminophen,Agilent-3,Mira-1,session3_row480,session3_row497,True,1,0.36301850999087315,0.36239172709400386,0.0006267828968692934
40.0,acetaminophen,Agilent-3,Mira-1,session3_row480,session3_row498,True,-1,0.41873115435581093,0.4171767000227053,0.001554454333105637
40.0,acetaminophen,Pendar-3,RMX-2,session3_row483,session3_row484,True,0,0.4403828804961525,0.4403828804961525,0.0
40.0,acetaminophen,Mira-1,Pendar-3,session3_row497,session3_row483,True,-2,0.26387771459254006,0.24929150966267055,0.014586204929869506
40.0,acetaminophen,Mira-1,Pendar-3,session3_row498,session3_row483,True,0,0.26754483651594424,0.26754483651594424,0.0
40.0,acetaminophen,Mira-1,RMX-2,session3_row497,session3_row484,True,-3,0.2437112574530476,0.19352983286063874,0.050181424592408846
40.0,acetaminophen,Mira-1,RMX-2,session3_row498,session3_row484,True,-3,0.24881781168832748,0.20583708252008576,0.04298072916824172
41.0,acetaminophen,Pendar-2,RMX-2,session2_row225,session2_row218,False,0,0.17376116612689804,0.17376116612689804,0.0
41.0,acetaminophen,Mira-1,RMX-2,session3_row481,session2_row218,True,2,0.36055389258537157,0.3400616292740342,0.020492263311337355
41.0,acetaminophen,Agilent-3,RMX-2,session3_row482,session2_row218,True,0,0.4553646542462719,0.4553646542462719,0.0
41.0,acetaminophen,Pendar-3,RMX-2,session3_row485,session2_row218,True,-5,0.10584949723997908,-0.017020293979726094,0.12286979121970518
41.0,acetaminophen,Mira-1,Pendar-2,session3_row481,session2_row225,False,2,0.2628360925460931,0.23198678343398996,0.030849309112103124
41.0,acetaminophen,Agilent-3,Pendar-2,session3_row482,session2_row225,False,-1,0.2751610971857978,0.2745569566747677,0.0006041405110300824
41.0,acetaminophen,Pendar-2,Pendar-3,session2_row225,session3_row485,False,-2,0.15091856599060507,0.11641807075936991,0.03450049523123516
41.0,acetaminophen,Pendar-2,RMX-2,session2_row225,session3_row486,False,-1,0.13269171073271485,0.12903468353228642,0.003657027200428431
41.0,acetaminophen,Agilent-3,Mira-1,session3_row482,session3_row481,True,-1,0.7261068510421587,0.7089088951371908,0.017197955904967865
41.0,acetaminophen,Mira-1,Pendar-3,session3_row481,session3_row485,True,4,0.16858064018274857,0.14931818290970847,0.0192624572730401
41.0,acetaminophen,Mira-1,RMX-2,session3_row481,session3_row486,True,1,0.48365888974696214,0.48044892375296644,0.0032099659939957004
41.0,acetaminophen,Agilent-3,Pendar-3,session3_row482,session3_row485,True,0,0.21457632127638465,0.21457632127638465,0.0
41.0,acetaminophen,Agilent-3,RMX-2,session3_row482,session3_row486,True,-2,0.48170179339310165,0.4622549969540391,0.019446796439062553
41.0,acetaminophen,Pendar-3,RMX-2,session3_row485,session3_row486,True,1,0.1387837258369453,0.13856889670242192,0.00021482913452336438
42.0,benzyl_fentanyl,Pendar-2,RMX-2,session2_row241,session2_row235,True,0,0.6474107098627414,0.6474107098627414,0.0
44.0,acetaminophen,Pendar-2,RMX-2,session2_row247,session2_row232,True,3,0.19677524355131892,0.13892240905005573,0.05785283450126319
44.0,acetaminophen,Pendar-2,RMX-2,session2_row248,session2_row232,True,2,0.23881459054698617,0.1995390951433089,0.03927549540367728
45.0,benzyl_fentanyl,Pendar-2,RMX-2,session2_row251,session2_row233,True,0,0.5217911816982824,0.5217911816982824,0.0
46.0,4_ANPP,Pendar-2,RMX-2,session2_row263,session2_row257,True,-1,0.8243930613437703,0.8127787857198802,0.011614275623890169
47.0,acetaminophen,Pendar-2,RMX-2,session2_row266,session2_row259,True,-5,0.05623774572873066,-0.03696326197071104,0.0932010076994417
47.0,acetaminophen,Pendar-2,RMX-2,session2_row267,session2_row259,True,3,0.11371233848116401,0.07814079850175686,0.03557153997940715
48.0,benzyl_fentanyl,Pendar-2,RMX-2,session2_row270,session2_row254,True,-1,0.8033688677947046,0.7909926562610795,0.012376211533625114
50.0,ethyl_paraoxon,Mira-2,Pendar-2,session1_row222,session1_row176,False,3,0.05192955311843273,0.04684389442221083,0.005085658696221899
50.0,ethyl_paraoxon,Agilent-3,Pendar-2,session1_row238,session1_row176,False,-4,0.05561237121909896,0.036611603376986816,0.019000767842112146
50.0,ethyl_paraoxon,Pendar-2,RMX-1,session1_row176,session2_row286,False,-2,0.08630202858522715,0.0704883778201439,0.015813650765083245
50.0,ethyl_paraoxon,Agilent-3,Pendar-2,session2_row290,session1_row176,False,1,0.05251844964049285,0.05130200756194292,0.0012164420785499286
50.0,ethyl_paraoxon,Mira-2,Pendar-2,session2_row291,session1_row176,False,5,0.05990025732825221,0.02759055530607971,0.032309702022172496
50.0,ethyl_paraoxon,Pendar-2,RMX-1,session1_row176,session2_row298,False,-2,0.04016943599436095,0.03643116796073132,0.0037382680336296298
50.0,ethyl_paraoxon,Agilent-3,Pendar-2,session2_row302,session1_row176,False,5,0.020318102041381972,0.008485599488871934,0.011832502552510038
50.0,ethyl_paraoxon,Pendar-2,RMX-1,session1_row176,session2_row305,False,-3,0.09680100658936897,0.055332898783551215,0.04146810780581775
50.0,ethyl_paraoxon,Agilent-3,Pendar-2,session2_row309,session1_row176,False,-1,0.035878379704689975,0.035245514657675815,0.0006328650470141597
50.0,ethyl_paraoxon,Mira-2,Pendar-2,session2_row314,session1_row176,False,5,0.03331196757869294,0.00897325592866817,0.02433871165002477
50.0,ethyl_paraoxon,Pendar-2,RMX-1,session1_row176,session3_row26,False,-5,0.019480653071754384,0.01553460093241582,0.0039460521393385635
50.0,ethyl_paraoxon,Mira-2,Pendar-2,session3_row27,session1_row176,False,-5,0.021849273264269144,-0.0020955730027744372,0.02394484626704358
50.0,ethyl_paraoxon,Mira-2,Pendar-2,session1_row222,session1_row185,False,-2,0.19036966312884523,0.18240036007483182,0.007969303054013416
50.0,ethyl_paraoxon,Agilent-3,Pendar-2,session1_row238,session1_row185,False,-3,0.13615127532724833,0.11987876329882288,0.016272512028425445
50.0,ethyl_paraoxon,Pendar-2,RMX-1,session1_row185,session2_row286,False,1,0.20509217242939598,0.19999695762257544,0.005095214806820542
50.0,ethyl_paraoxon,Agilent-3,Pendar-2,session2_row290,session1_row185,False,3,0.2419282508571204,0.17418068675746592,0.06774756409965449
50.0,ethyl_paraoxon,Mira-2,Pendar-2,session2_row291,session1_row185,False,2,0.18597020055561048,0.17678985909713565,0.009180341458474822
50.0,ethyl_paraoxon,Pendar-2,RMX-1,session1_row185,session2_row298,False,5,0.06227738060445724,0.03161409177177977,0.030663288832677472
50.0,ethyl_paraoxon,Agilent-3,Pendar-2,session2_row302,session1_row185,False,1,0.06273552354688654,0.060071300779663654,0.0026642227672228833
50.0,ethyl_paraoxon,Pendar-2,RMX-1,session1_row185,session2_row305,False,-5,0.06296711907979365,0.011611218416461231,0.05135590066333241
50.0,ethyl_paraoxon,Agilent-3,Pendar-2,session2_row309,session1_row185,False,1,0.06484263958771587,0.06467770313488119,0.00016493645283467695
50.0,ethyl_paraoxon,Mira-2,Pendar-2,session2_row314,session1_row185,False,-5,0.033119522658434326,0.015687490499199593,0.017432032159234733
50.0,ethyl_paraoxon,Pendar-2,RMX-1,session1_row185,session3_row26,False,-1,0.1502893889564931,0.14505564992911435,0.005233739027378753
50.0,ethyl_paraoxon,Mira-2,Pendar-2,session3_row27,session1_row185,False,-2,0.11579556841716653,0.10677947714200355,0.00901609127516298
50.0,ethyl_paraoxon,Mira-2,Pendar-2,session1_row222,session1_row186,False,-3,0.07193643055815249,0.060150652612015076,0.011785777946137416
50.0,ethyl_paraoxon,Agilent-3,Pendar-2,session1_row238,session1_row186,False,-3,0.0360442936382186,0.025967786186413187,0.010076507451805414
50.0,ethyl_paraoxon,Pendar-2,RMX-1,session1_row186,session2_row286,False,2,0.10778880315239955,0.07724632210644305,0.0305424810459565
50.0,ethyl_paraoxon,Agilent-3,Pendar-2,session2_row290,session1_row186,False,2,0.07371747397676608,0.06415613577328032,0.009561338203485759
50.0,ethyl_paraoxon,Mira-2,Pendar-2,session2_row291,session1_row186,False,1,0.07449834638747668,0.07227301942411284,0.0022253269633638467
50.0,ethyl_paraoxon,Pendar-2,RMX-1,session1_row186,session2_row298,False,3,0.08395067441441112,0.057355967764196415,0.026594706650214704
50.0,ethyl_paraoxon,Agilent-3,Pendar-2,session2_row302,session1_row186,False,-3,0.10171999272395796,0.0686585498063533,0.033061442917604655
50.0,ethyl_paraoxon,Pendar-2,RMX-1,session1_row186,session2_row305,False,-2,0.10375083637427146,0.0863813007914942,0.017369535582777262
50.0,ethyl_paraoxon,Agilent-3,Pendar-2,session2_row309,session1_row186,False,-4,0.07733887743754195,0.05492899961332577,0.022409877824216176
50.0,ethyl_paraoxon,Mira-2,Pendar-2,session2_row314,session1_row186,False,-5,0.05805382818469911,0.04353787962201817,0.014515948562680944
50.0,ethyl_paraoxon,Pendar-2,RMX-1,session1_row186,session3_row26,False,2,0.03824845176865854,0.03295287471125517,0.0052955770574033695
50.0,ethyl_paraoxon,Mira-2,Pendar-2,session3_row27,session1_row186,False,5,0.04495229338657396,0.01431286110692846,0.030639432279645495
50.0,ethyl_paraoxon,Agilent-3,Mira-2,session1_row238,session1_row222,True,-1,0.37387428809144324,0.37064771420829906,0.0032265738831441793
50.0,ethyl_paraoxon,Mira-2,RMX-1,session1_row222,session2_row286,True,-1,0.8882954657670619,0.8820846785388048,0.006210787228257075
50.0,ethyl_paraoxon,Agilent-3,Mira-2,session2_row290,session1_row222,True,-2,0.23911427325962606,0.22987211341386174,0.00924215984576432
50.0,ethyl_paraoxon,Mira-2,RMX-1,session1_row222,session2_row298,True,3,0.26526813273335986,0.2530361281786763,0.01223200455468354
50.0,ethyl_paraoxon,Agilent-3,Mira-2,session2_row302,session1_row222,True,-5,0.1021953386183579,0.08476039765757715,0.017434940960780757
50.0,ethyl_paraoxon,Mira-2,RMX-1,session1_row222,session2_row305,True,1,0.1277771324372325,0.1277164275899634,6.0704847269082984e-05
50.0,ethyl_paraoxon,Agilent-3,Mira-2,session2_row309,session1_row222,True,0,0.0772784085847445,0.0772784085847445,0.0
50.0,ethyl_paraoxon,Mira-2,Pendar-2,session1_row222,session3_row2,False,5,0.024593241877277367,-0.005373387961877522,0.02996662983915489
50.0,ethyl_paraoxon,Mira-2,RMX-1,session1_row222,session3_row26,True,-1,0.6426542623605125,0.6316052726539954,0.011048989706517132
50.0,ethyl_paraoxon,Agilent-3,RMX-1,session1_row238,session2_row286,True,-1,0.37880649769668884,0.3684354769871621,0.010371020709526724
50.0,ethyl_paraoxon,Agilent-3,Mira-2,session1_row238,session2_row291,True,-3,0.3835193345566522,0.3372727716143255,0.04624656294232671
50.0,ethyl_paraoxon,Agilent-3,RMX-1,session1_row238,session2_row298,True,3,0.11016611512884067,0.104733257037317,0.005432858091523662
50.0,ethyl_paraoxon,Agilent-3,RMX-1,session1_row238,session2_row305,True,-1,0.12841902176621234,0.12744028954146133,0.0009787322247510055
50.0,ethyl_paraoxon,Agilent-3,Mira-2,session1_row238,session2_row314,True,2,0.02127704532591333,0.019355698938605736,0.001921346387307593
50.0,ethyl_paraoxon,Agilent-3,Pendar-2,session1_row238,session3_row2,False,0,0.030998165570464645,0.030998165570464645,0.0
50.0,ethyl_paraoxon,Agilent-3,RMX-1,session1_row238,session3_row26,True,-2,0.24231893458693163,0.2242954046220371,0.018023529964894536
50.0,ethyl_paraoxon,Agilent-3,Mira-2,session1_row238,session3_row27,True,0,0.19900078141609504,0.19900078141609504,0.0
50.0,ethyl_paraoxon,Agilent-3,RMX-1,session2_row290,session2_row286,True,-4,0.2738003305222237,0.18887390007598015,0.08492643044624354
50.0,ethyl_paraoxon,Mira-2,RMX-1,session2_row291,session2_row286,True,2,0.9254611058622899,0.8835252968449224,0.04193580901736749
50.0,ethyl_paraoxon,Agilent-3,RMX-1,session2_row302,session2_row286,True,-5,0.1038331191697404,0.07969175496385142,0.024141364205888985
50.0,ethyl_paraoxon,Agilent-3,RMX-1,session2_row309,session2_row286,True,3,0.09237338477839808,0.08843399838979574,0.003939386388602348
50.0,ethyl_paraoxon,Mira-2,RMX-1,session2_row314,session2_row286,True,-3,0.20629891155683308,0.19452494334759005,0.011773968209243035
50.0,ethyl_paraoxon,Pendar-2,RMX-1,session3_row2,session2_row286,False,3,0.02285853773509709,-0.0054125612372267744,0.028271098972323862
50.0,ethyl_paraoxon,Mira-2,RMX-1,session3_row27,session2_row286,True,-1,0.6127251174087255,0.5971717112685139,0.015553406140211612
50.0,ethyl_paraoxon,Agilent-3,Mira-2,session2_row290,session2_row291,True,-4,0.26863862738885985,0.18018814326273894,0.08845048412612092
50.0,ethyl_paraoxon,Agilent-3,RMX-1,session2_row290,session2_row298,True,3,0.09510345241627309,0.0780276901612674,0.01707576225500569
50.0,ethyl_paraoxon,Agilent-3,RMX-1,session2_row290,session2_row305,True,-5,-0.012928659244835333,-0.03309014635533562,0.020161487110500288
50.0,ethyl_paraoxon,Agilent-3,Mira-2,session2_row290,session2_row314,True,-4,0.04381098066934902,0.02702666066486505,0.01678432000448397
50.0,ethyl_paraoxon,Agilent-3,Pendar-2,session2_row290,session3_row2,False,-5,-0.0357569708459026,-0.07243067686483332,0.03667370601893072
50.0,ethyl_paraoxon,Agilent-3,RMX-1,session2_row290,session3_row26,True,-4,0.26382815908048907,0.20463320536862342,0.059194953711865644
50.0,ethyl_paraoxon,Agilent-3,Mira-2,session2_row290,session3_row27,True,-1,0.1325550049285079,0.13218029019114647,0.0003747147373614479
50.0,ethyl_paraoxon,Mira-2,RMX-1,session2_row291,session2_row298,True,4,0.2616340998049777,0.24375269753599876,0.01788140226897894
50.0,ethyl_paraoxon,Agilent-3,Mira-2,session2_row302,session2_row291,True,4,0.11274033494201328,0.10942571220887956,0.0033146227331337236
50.0,ethyl_paraoxon,Mira-2,RMX-1,session2_row291,session2_row305,True,2,0.14116658070286875,0.13661332173052956,0.004553258972339186
50.0,ethyl_paraoxon,Agilent-3,Mira-2,session2_row309,session2_row291,True,1,0.10666824145724063,0.10602894871684018,0.0006392927404004489
50.0,ethyl_paraoxon,Mira-2,Pendar-2,session2_row291,session3_row2,False,-3,-0.0020495915936445787,-0.01349748522278299,0.011447893629138412
50.0,ethyl_paraoxon,Mira-2,RMX-1,session2_row291,session3_row26,True,1,0.6518536359381911,0.6446088335052086,0.007244802432982533
50.0,ethyl_paraoxon,Agilent-3,RMX-1,session2_row302,session2_row298,True,-1,0.7149433259894269,0.7142154781196898,0.0007278478697371193
50.0,ethyl_paraoxon,Agilent-3,RMX-1,session2_row309,session2_row298,True,-1,0.6937681499207978,0.6871180067307807,0.00665014319001711
50.0,ethyl_paraoxon,Mira-2,RMX-1,session2_row314,session2_row298,True,2,0.8306431419487996,0.8104264675537174,0.020216674395082235
50.0,ethyl_paraoxon,Pendar-2,RMX-1,session3_row2,session2_row298,False,3,0.04487838209494654,0.02492012068109255,0.019958261413853987
50.0,ethyl_paraoxon,Mira-2,RMX-1,session3_row27,session2_row298,True,1,0.2809992195342666,0.28008271233353954,0.0009165072007270569
50.0,ethyl_paraoxon,Agilent-3,RMX-1,session2_row302,session2_row305,True,-1,0.33442919068394494,0.3343619333656614,6.725731828355341e-05
50.0,ethyl_paraoxon,Agilent-3,Mira-2,session2_row302,session2_row314,True,-3,0.597731812512272,0.5628782465556186,0.034853565956653454
50.0,ethyl_paraoxon,Agilent-3,Pendar-2,session2_row302,session3_row2,False,-5,0.0031845822594434156,-0.034366195272682955,0.03755077753212637
50.0,ethyl_paraoxon,Agilent-3,RMX-1,session2_row302,session3_row26,True,-5,0.1620414953718665,0.1141225595112224,0.047918935860644093
50.0,ethyl_paraoxon,Agilent-3,Mira-2,session2_row302,session3_row27,True,-2,0.1292730387368174,0.1266127445287163,0.0026602942081010994
50.0,ethyl_paraoxon,Agilent-3,RMX-1,session2_row309,session2_row305,True,0,0.33704958378673866,0.33704958378673866,0.0
50.0,ethyl_paraoxon,Mira-2,RMX-1,session2_row314,session2_row305,True,2,0.4274431969974709,0.4164792060453291,0.010963990952141789
50.0,ethyl_paraoxon,Pendar-2,RMX-1,session3_row2,session2_row305,False,0,0.08220981632528378,0.08220981632528378,0.0
50.0,ethyl_paraoxon,Mira-2,RMX-1,session3_row27,session2_row305,True,1,0.13971884575451135,0.13953082023776792,0.00018802551674343415
50.0,ethyl_paraoxon,Agilent-3,Mira-2,session2_row309,session2_row314,True,-4,0.5742208504777581,0.5258814289292829,0.04833942154847515
50.0,ethyl_paraoxon,Agilent-3,Pendar-2,session2_row309,session3_row2,False,-5,0.004777988259760691,-0.04406390797041569,0.04884189623017638
50.0,ethyl_paraoxon,Agilent-3,RMX-1,session2_row309,session3_row26,True,-4,0.14807554780518603,0.11872647804687364,0.02934906975831239
50.0,ethyl_paraoxon,Agilent-3,Mira-2,session2_row309,session3_row27,True,1,0.1143689254130702,0.1142447170847687,0.00012420832830149775
50.0,ethyl_paraoxon,Mira-2,Pendar-2,session2_row314,session3_row2,False,-5,0.021732051059249035,-0.00028782118010441327,0.02201987223935345
50.0,ethyl_paraoxon,Mira-2,RMX-1,session2_row314,session3_row26,True,-2,0.27543101541591875,0.2653890926164551,0.010041922799463643
50.0,ethyl_paraoxon,Pendar-2,RMX-1,session3_row2,session3_row26,False,2,0.030778290758583952,0.01771336950535512,0.013064921253228834
50.0,ethyl_paraoxon,Mira-2,Pendar-2,session3_row27,session3_row2,False,-4,0.016768217276909258,-0.006358709479927685,0.023126926756836943
50.0,ethyl_paraoxon,Mira-2,RMX-1,session3_row27,session3_row26,True,-2,0.7777537556123857,0.7247572566283855,0.05299649898400016
51.0,4_nitrophenol,Pendar-2,RMX-1,session1_row177,session1_row191,False,-5,0.0740802867195831,0.03603247174160718,0.038047814977975915
51.0,4_nitrophenol,Mira-2,Pendar-2,session1_row223,session1_row177,False,5,0.05757516275299703,0.03280119237736153,0.0247739703756355
51.0,4_nitrophenol,Mira-2,Pendar-2,session1_row230,session1_row177,False,4,0.03894024445265508,0.026982089036882446,0.011958155415772633
51.0,4_nitrophenol,Mira-2,Pendar-2,session1_row231,session1_row177,False,-1,0.01333134157919283,0.013218761492966647,0.00011258008622618172
51.0,4_nitrophenol,Agilent-3,Pendar-2,session1_row239,session1_row177,False,5,0.0523669570079026,0.037085365969709586,0.015281591038193015
51.0,4_nitrophenol,Agilent-3,Pendar-2,session1_row242,session1_row177,False,-3,0.037324435177377296,0.030123459811403682,0.007200975365973614
51.0,4_nitrophenol,Agilent-3,Pendar-2,session1_row243,session1_row177,False,-5,0.04232382582985371,-0.015249331481215126,0.05757315731106884
51.0,4_nitrophenol,Pendar-2,RMX-1,session1_row177,session2_row287,False,-5,0.06379399758772905,0.028469738424868548,0.0353242591628605
51.0,4_nitrophenol,Agilent-3,Pendar-2,session2_row292,session1_row177,False,5,0.057308772056610946,0.03736497009888689,0.019943801957724057
51.0,4_nitrophenol,Mira-2,Pendar-2,session2_row293,session1_row177,False,5,0.05543616942261949,0.0318514496185356,0.023584719804083887
51.0,4_nitrophenol,Pendar-2,RMX-1,session1_row177,session2_row299,False,0,0.03518244390847226,0.03518244390847226,0.0
51.0,4_nitrophenol,Pendar-2,RMX-1,session1_row177,session2_row308,False,-5,0.0034838337842650266,0.00034422604810086183,0.0031396077361641648
51.0,4_nitrophenol,Mira-2,Pendar-2,session2_row315,session1_row177,False,5,0.01506541201820404,0.013151974120246393,0.0019134378979576462
51.0,4_nitrophenol,Pendar-2,RMX-1,session1_row177,session3_row29,False,-5,0.05852114747481499,0.02881339523913525,0.02970775223567974
51.0,4_nitrophenol,Mira-2,Pendar-2,session3_row30,session1_row177,False,4,0.06626323174914697,0.041870228564881984,0.02439300318426499
51.0,4_nitrophenol,Pendar-2,RMX-1,session1_row188,session1_row191,True,-1,0.7102576439197105,0.702144663843287,0.00811298007642347
51.0,4_nitrophenol,Mira-2,Pendar-2,session1_row223,session1_row188,True,0,0.7111671207246761,0.7111671207246761,0.0
51.0,4_nitrophenol,Mira-2,Pendar-2,session1_row230,session1_row188,True,-1,0.6344556586391116,0.631039249887615,0.0034164087514966246
51.0,4_nitrophenol,Mira-2,Pendar-2,session1_row231,session1_row188,True,5,0.19367681005715748,0.17070640159614014,0.022970408461017333
51.0,4_nitrophenol,Agilent-3,Pendar-2,session1_row239,session1_row188,True,-1,0.7179256406163399,0.7115539189555427,0.006371721660797247
51.0,4_nitrophenol,Agilent-3,Pendar-2,session1_row242,session1_row188,True,-1,0.028901246657770437,0.02826892291541743,0.0006323237423530061
51.0,4_nitrophenol,Agilent-3,Pendar-2,session1_row243,session1_row188,True,5,0.3181920182907523,0.2439723571609897,0.07421966112976258
51.0,4_nitrophenol,Pendar-2,RMX-1,session1_row188,session2_row287,True,-1,0.7169203470826867,0.7119398133707402,0.004980533711946511
51.0,4_nitrophenol,Agilent-3,Pendar-2,session2_row292,session1_row188,True,0,0.7197379087493976,0.7197379087493976,0.0
51.0,4_nitrophenol,Mira-2,Pendar-2,session2_row293,session1_row188,True,2,0.7275904011212182,0.712229433036862,0.015360968084356164
51.0,4_nitrophenol,Pendar-2,RMX-1,session1_row188,session2_row299,True,5,0.1727163928709927,0.13903461182060559,0.033681781050387105
51.0,4_nitrophenol,Pendar-2,RMX-1,session1_row188,session2_row308,True,5,0.07571698103049963,0.06706059211211571,0.008656388918383925
51.0,4_nitrophenol,Mira-2,Pendar-2,session2_row315,session1_row188,True,4,0.24412108267716978,0.22141861647651132,0.022702466200658467
51.0,4_nitrophenol,Pendar-2,RMX-1,session1_row188,session3_row29,True,-1,0.6713990137967173,0.6683798653669654,0.0030191484297519278
51.0,4_nitrophenol,Mira-2,Pendar-2,session3_row30,session1_row188,True,0,0.663116371595056,0.663116371595056,0.0
51.0,4_nitrophenol,Pendar-2,RMX-1,session1_row202,session1_row191,False,1,0.4367053042621231,0.43499530114674234,0.001710003115380776
51.0,4_nitrophenol,Pendar-2,RMX-1,session1_row204,session1_row191,False,5,0.3058331875331537,0.19015778995595453,0.11567539757719916
51.0,4_nitrophenol,Mira-2,RMX-1,session1_row223,session1_row191,True,-1,0.9677044991388423,0.9594871580948954,0.00821734104394689
51.0,4_nitrophenol,Mira-2,RMX-1,session1_row230,session1_row191,True,-1,0.8056961915117995,0.7981623940088862,0.007533797502913275
51.0,4_nitrophenol,Mira-2,RMX-1,session1_row231,session1_row191,True,5,0.3269442220299798,0.24878007354996565,0.07816414848001416
51.0,4_nitrophenol,Agilent-3,RMX-1,session1_row239,session1_row191,True,-1,0.9399731300994506,0.9253380769618799,0.014635053137570742
51.0,4_nitrophenol,Agilent-3,RMX-1,session1_row242,session1_row191,True,2,0.005128911102215434,0.003949510770658063,0.0011794003315573707
51.0,4_nitrophenol,Agilent-3,RMX-1,session1_row243,session1_row191,True,4,0.45781615599627523,0.38565347652675974,0.07216267946951549
51.0,4_nitrophenol,Agilent-3,RMX-1,session2_row292,session1_row191,True,0,0.9495640886233322,0.9495640886233322,0.0
51.0,4_nitrophenol,Mira-2,RMX-1,session2_row293,session1_row191,True,1,0.9566429627078397,0.9465136181784954,0.01012934452934422
51.0,4_nitrophenol,Mira-2,RMX-1,session2_row315,session1_row191,True,4,0.33424980080237815,0.30073479309616064,0.033515007706217514
51.0,4_nitrophenol,Pendar-2,RMX-1,session3_row3,session1_row191,False,1,0.6229578162960009,0.6168584165025132,0.006099399793487725
51.0,4_nitrophenol,Mira-2,RMX-1,session3_row30,session1_row191,True,-1,0.9405323205198729,0.9317467139696197,0.008785606550253178
51.0,4_nitrophenol,Mira-2,Pendar-2,session1_row223,session1_row202,False,-2,0.4160053650638006,0.40208909864568143,0.013916266418119161
51.0,4_nitrophenol,Mira-2,Pendar-2,session1_row230,session1_row202,False,-1,0.3319460239874433,0.3281027588101775,0.0038432651772657977
51.0,4_nitrophenol,Mira-2,Pendar-2,session1_row231,session1_row202,False,4,0.1609823902432112,0.11961177724477186,0.041370612998439346
51.0,4_nitrophenol,Agilent-3,Pendar-2,session1_row239,session1_row202,False,-2,0.39097448032044935,0.37533205679887355,0.0156424235215758
51.0,4_nitrophenol,Agilent-3,Pendar-2,session1_row242,session1_row202,False,-5,0.020295618891075923,0.0039677018747490906,0.016327917016326833
51.0,4_nitrophenol,Agilent-3,Pendar-2,session1_row243,session1_row202,False,3,0.25692194552103714,0.2345137130835868,0.022408232437450354
51.0,4_nitrophenol,Pendar-2,RMX-1,session1_row202,session2_row287,False,1,0.43395923589633045,0.4293742768001378,0.0045849590961926645
51.0,4_nitrophenol,Agilent-3,Pendar-2,session2_row292,session1_row202,False,-1,0.3990805441355704,0.3976895252846093,0.001391018850961101
51.0,4_nitrophenol,Mira-2,Pendar-2,session2_row293,session1_row202,False,1,0.4134025072530018,0.4084283554718813,0.004974151781120539
51.0,4_nitrophenol,Pendar-2,RMX-1,session1_row202,session2_row299,False,-5,0.10267595321335667,0.03397206945510839,0.06870388375824828
51.0,4_nitrophenol,Pendar-2,RMX-1,session1_row202,session2_row308,False,-5,0.01932345914627808,0.014234283513111894,0.0050891756331661875
51.0,4_nitrophenol,Mira-2,Pendar-2,session2_row315,session1_row202,False,-4,0.11780185177079526,0.09807164397228696,0.0197302077985083
51.0,4_nitrophenol,Pendar-2,RMX-1,session1_row202,session3_row29,False,1,0.41247561080660416,0.41191957597251694,0.0005560348340872268
51.0,4_nitrophenol,Mira-2,Pendar-2,session3_row30,session1_row202,False,-2,0.439537901000112,0.4216332681042555,0.017904632895856476
51.0,4_nitrophenol,Mira-2,Pendar-2,session1_row223,session1_row204,False,-5,0.28339075929000107,0.13366351973294077,0.1497272395570603
51.0,4_nitrophenol,Mira-2,Pendar-2,session1_row230,session1_row204,False,-4,0.2062026102463616,0.16383026048158306,0.04237234976477855
51.0,4_nitrophenol,Mira-2,Pendar-2,session1_row231,session1_row204,False,-1,0.2083409998467173,0.20299752688770467,0.005343472959012635
51.0,4_nitrophenol,Agilent-3,Pendar-2,session1_row239,session1_row204,False,-5,0.2395880543706359,0.10999144780873925,0.12959660656189664
51.0,4_nitrophenol,Agilent-3,Pendar-2,session1_row242,session1_row204,False,-5,0.017018401181735716,0.004779070720354525,0.01223933046138119
51.0,4_nitrophenol,Agilent-3,Pendar-2,session1_row243,session1_row204,False,-1,0.3607224124710147,0.35250614099738425,0.008216271473630465
51.0,4_nitrophenol,Pendar-2,RMX-1,session1_row204,session2_row287,False,5,0.3041459324217609,0.19340024995394525,0.11074568246781566
51.0,4_nitrophenol,Agilent-3,Pendar-2,session2_row292,session1_row204,False,-5,0.2608962382432574,0.16462759523848364,0.09626864300477378
51.0,4_nitrophenol,Mira-2,Pendar-2,session2_row293,session1_row204,False,-5,0.3000566022706542,0.22263928516604192,0.0774173171046123
51.0,4_nitrophenol,Pendar-2,RMX-1,session1_row204,session2_row299,False,0,0.12572021818434928,0.12572021818434928,0.0
51.0,4_nitrophenol,Pendar-2,RMX-1,session1_row204,session2_row308,False,-2,0.03997753744893602,0.031214822619807993,0.008762714829128028
51.0,4_nitrophenol,Mira-2,Pendar-2,session2_row315,session1_row204,False,-5,0.14403226678149755,0.11756402783693665,0.026468238944560907
51.0,4_nitrophenol,Pendar-2,RMX-1,session1_row204,session3_row29,False,5,0.3264180927891151,0.2366152761300103,0.0898028166591048
51.0,4_nitrophenol,Mira-2,Pendar-2,session3_row30,session1_row204,False,-5,0.3216459943254039,0.18201068340213775,0.13963531092326617
51.0,4_nitrophenol,Agilent-3,Mira-2,session1_row239,session1_row223,True,-1,0.9711566450659079,0.9700999730230566,0.0010566720428513143
51.0,4_nitrophenol,Agilent-3,Mira-2,session1_row242,session1_row223,True,5,0.0009671339640193938,-0.002827964054352399,0.003795098018371793
51.0,4_nitrophenol,Agilent-3,Mira-2,session1_row243,session1_row223,True,5,0.4546741732183095,0.31763274698404975,0.13704142623425974
51.0,4_nitrophenol,Mira-2,RMX-1,session1_row223,session2_row287,True,-1,0.9621508830641129,0.9589257504811763,0.003225132582936552
51.0,4_nitrophenol,Agilent-3,Mira-2,session2_row292,session1_row223,True,1,0.9676431907708414,0.9648590214126217,0.002784169358219679
51.0,4_nitrophenol,Mira-2,RMX-1,session1_row223,session2_row299,True,-2,0.26056895464571134,0.25112004685778294,0.009448907787928396
51.0,4_nitrophenol,Mira-2,RMX-1,session1_row223,session2_row308,True,-5,0.14733734280713623,0.13280363287286504,0.014533709934271194
51.0,4_nitrophenol,Mira-2,Pendar-2,session1_row223,session3_row3,False,-2,0.5857178287583253,0.5568632310591574,0.028854597699167983
51.0,4_nitrophenol,Mira-2,RMX-1,session1_row223,session3_row29,True,-1,0.8977314664048089,0.8877823633156944,0.009949103089114564
51.0,4_nitrophenol,Agilent-3,Mira-2,session1_row239,session1_row230,True,0,0.8435768094334032,0.8435768094334032,0.0
51.0,4_nitrophenol,Agilent-3,Mira-2,session1_row242,session1_row230,True,5,-0.0016416854724900433,-0.006152420584595583,0.00451073511210554
51.0,4_nitrophenol,Agilent-3,Mira-2,session1_row243,session1_row230,True,3,0.31259089856838507,0.2707664195299129,0.04182447903847214
51.0,4_nitrophenol,Mira-2,RMX-1,session1_row230,session2_row287,True,-1,0.8200304665897857,0.8180790874886336,0.001951379101152173
51.0,4_nitrophenol,Agilent-3,Mira-2,session2_row292,session1_row230,True,1,0.8393659218014704,0.8324337102645456,0.006932211536924804
51.0,4_nitrophenol,Mira-2,RMX-1,session1_row230,session2_row299,True,-3,0.26115256357733024,0.25481990278371464,0.006332660793615608
51.0,4_nitrophenol,Mira-2,RMX-1,session1_row230,session2_row308,True,-5,0.20650811531887842,0.1972466874633437,0.009261427855534715
51.0,4_nitrophenol,Mira-2,Pendar-2,session1_row230,session3_row3,False,-1,0.4170674285657153,0.4164651008773814,0.0006023276883339035
51.0,4_nitrophenol,Mira-2,RMX-1,session1_row230,session3_row29,True,-1,0.7377218560059986,0.7344633799072225,0.003258476098776053
51.0,4_nitrophenol,Agilent-3,Mira-2,session1_row239,session1_row231,True,-5,0.263658206437066,0.1588991769929869,0.10475902944407911
51.0,4_nitrophenol,Agilent-3,Mira-2,session1_row242,session1_row231,True,0,-0.07489578363558841,-0.07489578363558841,0.0
51.0,4_nitrophenol,Agilent-3,Mira-2,session1_row243,session1_row231,True,-2,0.29012390501153495,0.2778640305562205,0.012259874455314457
51.0,4_nitrophenol,Mira-2,RMX-1,session1_row231,session2_row287,True,5,0.32947410286356477,0.25983279580539503,0.06964130705816973
51.0,4_nitrophenol,Agilent-3,Mira-2,session2_row292,session1_row231,True,-5,0.2866530130810316,0.21486411846439557,0.07178889461663601
51.0,4_nitrophenol,Mira-2,RMX-1,session1_row231,session2_row299,True,4,0.2728350437921158,0.2522495397012731,0.0205855040908427
51.0,4_nitrophenol,Mira-2,RMX-1,session1_row231,session2_row308,True,5,0.4294019668755952,0.42458945314861385,0.004812513726981327
51.0,4_nitrophenol,Mira-2,Pendar-2,session1_row231,session3_row3,False,3,0.25465020197829463,0.22446745508548951,0.030182746892805118
51.0,4_nitrophenol,Mira-2,RMX-1,session1_row231,session3_row29,True,4,0.38231197756966195,0.30695380971710745,0.0753581678525545
51.0,4_nitrophenol,Agilent-3,RMX-1,session1_row239,session2_row287,True,-1,0.9396323638930959,0.9285526667714581,0.01107969712163781
51.0,4_nitrophenol,Agilent-3,Mira-2,session1_row239,session2_row293,True,-2,0.9621734644884998,0.9208474474158349,0.04132601707266492
51.0,4_nitrophenol,Agilent-3,RMX-1,session1_row239,session2_row299,True,-2,0.2560536020668479,0.2503736518921671,0.0056799501746808145
51.0,4_nitrophenol,Agilent-3,RMX-1,session1_row239,session2_row308,True,-4,0.1293529129791479,0.12097605680885808,0.008376856170289812
51.0,4_nitrophenol,Agilent-3,Mira-2,session1_row239,session2_row315,True,-5,0.3355708601277094,0.2986073156976051,0.0369635444301043
51.0,4_nitrophenol,Agilent-3,Pendar-2,session1_row239,session3_row3,False,-3,0.5569520510748882,0.5160199720746763,0.040932079000211896
51.0,4_nitrophenol,Agilent-3,RMX-1,session1_row239,session3_row29,True,-2,0.8497538600702557,0.8309544832717864,0.018799376798469214
51.0,4_nitrophenol,Agilent-3,Mira-2,session1_row239,session3_row30,True,-1,0.8681810436921742,0.8654985773316314,0.0026824663605428123
51.0,4_nitrophenol,Agilent-3,RMX-1,session1_row242,session2_row287,True,3,0.004964039114219106,0.0008037891342211669,0.004160249979997939
51.0,4_nitrophenol,Agilent-3,Mira-2,session1_row242,session2_row293,True,2,0.0006787308530678075,-0.0008392097909025137,0.0015179406439703213
51.0,4_nitrophenol,Agilent-3,RMX-1,session1_row242,session2_row299,True,5,0.013086328638580553,-0.009558554824621786,0.02264488346320234
51.0,4_nitrophenol,Agilent-3,RMX-1,session1_row242,session2_row308,True,5,0.020775916311933398,0.00914724047050138,0.011628675841432018
51.0,4_nitrophenol,Agilent-3,Mira-2,session1_row242,session2_row315,True,5,-0.04617041067645972,-0.05251108073705618,0.006340670060596465
51.0,4_nitrophenol,Agilent-3,Pendar-2,session1_row242,session3_row3,False,2,0.01602235919833102,0.013936312486446481,0.0020860467118845403
51.0,4_nitrophenol,Agilent-3,RMX-1,session1_row242,session3_row29,True,5,0.002200056227946988,-0.008374064967205276,0.010574121195152265
51.0,4_nitrophenol,Agilent-3,Mira-2,session1_row242,session3_row30,True,5,-0.012806691244818718,-0.01753944922877825,0.004732757983959531
51.0,4_nitrophenol,Agilent-3,RMX-1,session1_row243,session2_row287,True,4,0.46072947365195976,0.3933836203762321,0.06734585327572767
51.0,4_nitrophenol,Agilent-3,Mira-2,session1_row243,session2_row293,True,3,0.44278771475229445,0.40265167244415373,0.04013604230814072
51.0,4_nitrophenol,Agilent-3,RMX-1,session1_row243,session2_row299,True,5,0.18383614905828757,0.1070075644134846,0.07682858464480298
51.0,4_nitrophenol,Agilent-3,RMX-1,session1_row243,session2_row308,True,5,0.10353322384480934,0.08341094203005209,0.020122281814757254
51.0,4_nitrophenol,Agilent-3,Mira-2,session1_row243,session2_row315,True,4,0.238180117586031,0.20996512227574401,0.028214995310286983
51.0,4_nitrophenol,Agilent-3,Pendar-2,session1_row243,session3_row3,False,2,0.40048814145244044,0.38116149062691806,0.019326650825522373
51.0,4_nitrophenol,Agilent-3,RMX-1,session1_row243,session3_row29,True,3,0.522148013723768,0.46230602953986205,0.059841984183905905
51.0,4_nitrophenol,Agilent-3,Mira-2,session1_row243,session3_row30,True,5,0.5174764823614416,0.39572730408557033,0.12174917827587128
51.0,4_nitrophenol,Agilent-3,RMX-1,session2_row292,session2_row287,True,0,0.95028763882588,0.95028763882588,0.0
51.0,4_nitrophenol,Mira-2,RMX-1,session2_row293,session2_row287,True,1,0.9650123026912419,0.9503528112236656,0.014659491467576391
51.0,4_nitrophenol,Mira-2,RMX-1,session2_row315,session2_row287,True,4,0.35526477043731275,0.32518430337067566,0.030080467066637084
51.0,4_nitrophenol,Pendar-2,RMX-1,session3_row3,session2_row287,False,1,0.6157403371410669,0.6098449667158122,0.005895370425254676
51.0,4_nitrophenol,Mira-2,RMX-1,session3_row30,session2_row287,True,-1,0.9359179112150191,0.9294264124332016,0.00649149878181754
51.0,4_nitrophenol,Agilent-3,Mira-2,session2_row292,session2_row293,True,-1,0.9685528058324111,0.9572771266348474,0.01127567919756367
51.0,4_nitrophenol,Agilent-3,RMX-1,session2_row292,session2_row299,True,-1,0.2736151810881554,0.27253691486620785,0.0010782662219475658
51.0,4_nitrophenol,Agilent-3,RMX-1,session2_row292,session2_row308,True,-3,0.13751744516979877,0.13034593361733438,0.007171511552464399
51.0,4_nitrophenol,Agilent-3,Mira-2,session2_row292,session2_row315,True,-5,0.35455135162149387,0.32188119927778364,0.032670152343710235
51.0,4_nitrophenol,Agilent-3,Pendar-2,session2_row292,session3_row3,False,-1,0.5665760368769074,0.5583283459155725,0.00824769096133493
51.0,4_nitrophenol,Agilent-3,RMX-1,session2_row292,session3_row29,True,0,0.8572010070647529,0.8572010070647529,0.0
51.0,4_nitrophenol,Agilent-3,Mira-2,session2_row292,session3_row30,True,1,0.8855622389441082,0.8828194330018154,0.002742805942292814
51.0,4_nitrophenol,Mira-2,RMX-1,session2_row293,session2_row299,True,-1,0.2696280084472993,0.26879197201641797,0.0008360364308813151
51.0,4_nitrophenol,Mira-2,RMX-1,session2_row293,session2_row308,True,-2,0.14894908895633846,0.14531856648009644,0.003630522476242015
51.0,4_nitrophenol,Mira-2,Pendar-2,session2_row293,session3_row3,False,0,0.5881920626592592,0.5881920626592592,0.0
51.0,4_nitrophenol,Mira-2,RMX-1,session2_row293,session3_row29,True,1,0.889810535516968,0.8799807737105564,0.009829761806411597
51.0,4_nitrophenol,Mira-2,RMX-1,session2_row315,session2_row299,True,4,0.5753602650780352,0.521790155852193,0.053570109225842155
51.0,4_nitrophenol,Pendar-2,RMX-1,session3_row3,session2_row299,False,5,0.13603546580991593,0.06706652014153061,0.06896894566838532
51.0,4_nitrophenol,Mira-2,RMX-1,session3_row30,session2_row299,True,-2,0.25286210217631927,0.24382944271152393,0.00903265946479534
51.0,4_nitrophenol,Mira-2,RMX-1,session2_row315,session2_row308,True,5,0.5923097351691459,0.5627156099454955,0.029594125223650347
51.0,4_nitrophenol,Pendar-2,RMX-1,session3_row3,session2_row308,False,-5,0.059020549363889015,0.040934660151199787,0.018085889212689228
51.0,4_nitrophenol,Mira-2,RMX-1,session3_row30,session2_row308,True,-5,0.15571189191802703,0.13053652103688593,0.025175370881141107
51.0,4_nitrophenol,Mira-2,Pendar-2,session2_row315,session3_row3,False,2,0.2081296700247975,0.1989364282882551,0.009193241736542374
51.0,4_nitrophenol,Mira-2,RMX-1,session2_row315,session3_row29,True,5,0.39067706503221855,0.36090975174538653,0.02976731328683202
51.0,4_nitrophenol,Pendar-2,RMX-1,session3_row3,session3_row29,False,1,0.6135374344173118,0.6093867733361622,0.004150661081149587
51.0,4_nitrophenol,Mira-2,Pendar-2,session3_row30,session3_row3,False,-2,0.6596329931707662,0.634647315768169,0.024985677402597162
51.0,4_nitrophenol,Mira-2,RMX-1,session3_row30,session3_row29,True,-1,0.9211174455440343,0.9145542948148961,0.006563150729138156
52.0,ethanol,Mira-2,Pendar-2,session1_row224,session1_row178,False,5,0.03196648073786299,0.030521989766682956,0.0014444909711800354
52.0,ethanol,Agilent-3,Pendar-2,session1_row240,session1_row178,False,-1,0.06249627409090388,0.061447066903295045,0.0010492071876088346
52.0,ethanol,Pendar-2,RMX-1,session1_row178,session2_row288,False,4,0.09717559633232306,0.08344211869666962,0.01373347763565344
52.0,ethanol,Agilent-3,Pendar-2,session2_row294,session1_row178,False,5,0.08941487309115471,-0.015240270241442071,0.10465514333259679
52.0,ethanol,Mira-2,Pendar-2,session2_row295,session1_row178,False,-1,0.05211776210865102,0.05073553616968794,0.0013822259389630748
52.0,ethanol,Agilent-3,Pendar-2,session2_row304,session1_row178,False,-2,0.030296245854194045,0.020944934608572795,0.00935131124562125
52.0,ethanol,Pendar-2,RMX-1,session1_row178,session2_row310,False,1,0.014176606887333104,0.013150969566471125,0.0010256373208619787
52.0,ethanol,Mira-2,Pendar-2,session2_row312,session1_row178,False,0,0.020994172267125712,0.020994172267125712,0.0
52.0,ethanol,Pendar-2,RMX-1,session1_row178,session3_row34,False,5,0.09028043685256232,0.05686888370686941,0.033411553145692906
52.0,ethanol,Mira-2,Pendar-2,session3_row35,session1_row178,False,-1,0.03797544792927813,0.03764326881911795,0.0003321791101601815
52.0,ethanol,Mira-2,Pendar-2,session1_row224,session1_row189,False,-5,0.05282898485418472,0.003662200427982889,0.04916678442620183
52.0,ethanol,Agilent-3,Pendar-2,session1_row240,session1_row189,False,-5,0.039120465812904334,0.008417261551576453,0.03070320426132788
52.0,ethanol,Pendar-2,RMX-1,session1_row189,session2_row288,False,2,0.12751393161221966,0.11984778756871005,0.007666144043509612
52.0,ethanol,Agilent-3,Pendar-2,session2_row294,session1_row189,False,-5,0.04278481774487243,-0.039257093125515966,0.0820419108703884
52.0,ethanol,Mira-2,Pendar-2,session2_row295,session1_row189,False,1,0.08232372753141182,0.08183299198310613,0.0004907355483056847
52.0,ethanol,Agilent-3,Pendar-2,session2_row304,session1_row189,False,0,0.1015747539136863,0.1015747539136863,0.0
52.0,ethanol,Pendar-2,RMX-1,session1_row189,session2_row310,False,1,0.024851616028034665,0.02430007852520885,0.0005515375028258135
52.0,ethanol,Mira-2,Pendar-2,session2_row312,session1_row189,False,-2,0.07915864139258237,0.06529828850791479,0.013860352884667582
52.0,ethanol,Pendar-2,RMX-1,session1_row189,session3_row34,False,2,0.11243435172336635,0.09809621821736537,0.01433813350600098
52.0,ethanol,Mira-2,Pendar-2,session3_row35,session1_row189,False,-1,0.056111195134531965,0.05315247453925619,0.002958720595275771
52.0,ethanol,Agilent-3,Mira-2,session1_row240,session1_row224,True,-3,0.48732327029347294,0.4286607263294719,0.05866254396400106
52.0,ethanol,Mira-2,RMX-1,session1_row224,session2_row288,False,1,0.21799411063050192,0.21530384648653422,0.0026902641439676966
52.0,ethanol,Agilent-3,Mira-2,session2_row294,session1_row224,True,2,0.060007789771211,0.04668316104351922,0.01332462872769178
52.0,ethanol,Agilent-3,Mira-2,session2_row304,session1_row224,True,5,0.19484673946657483,0.1702763780747429,0.024570361391831913
52.0,ethanol,Mira-2,RMX-1,session1_row224,session2_row310,True,-3,0.17549817821375646,0.17325738067969396,0.0022407975340625053
52.0,ethanol,Mira-2,Pendar-2,session1_row224,session3_row4,False,-5,-0.0033735457717849406,-0.05431401051170825,0.05094046473992331
52.0,ethanol,Mira-2,RMX-1,session1_row224,session3_row34,True,1,0.19795637381323594,0.19279396256670503,0.0051624112465309124
52.0,ethanol,Agilent-3,RMX-1,session1_row240,session2_row288,False,-1,0.1656232278863011,0.16049125428766378,0.005131973598637318
52.0,ethanol,Agilent-3,Mira-2,session1_row240,session2_row295,True,-3,0.2920521392500543,0.24706792707644049,0.04498421217361381
52.0,ethanol,Agilent-3,RMX-1,session1_row240,session2_row310,True,5,0.056075196485090115,0.05037463148331494,0.005700565001775175
52.0,ethanol,Agilent-3,Mira-2,session1_row240,session2_row312,True,-3,0.008739038720689452,-0.00471670529200462,0.013455744012694072
52.0,ethanol,Agilent-3,Pendar-2,session1_row240,session3_row4,False,5,0.00856456787600459,-0.01685969164556677,0.02542425952157136
52.0,ethanol,Agilent-3,RMX-1,session1_row240,session3_row34,True,-1,0.15759964022981832,0.1552296895795214,0.002369950650296909
52.0,ethanol,Agilent-3,Mira-2,session1_row240,session3_row35,True,-2,-0.04438282815333361,-0.05195647122880521,0.007573643075471599
52.0,ethanol,Agilent-3,RMX-1,session2_row294,session2_row288,False,1,0.18795905536715726,0.1877020788720933,0.00025697649506395415
52.0,ethanol,Mira-2,RMX-1,session2_row295,session2_row288,False,1,0.59568270833775,0.5861407588401246,0.009541949497625435
52.0,ethanol,Agilent-3,RMX-1,session2_row304,session2_row288,False,0,0.14469700544015754,0.14469700544015754,0.0
52.0,ethanol,Mira-2,RMX-1,session2_row312,session2_row288,False,-1,0.14942854263296196,0.14757418411568515,0.0018543585172768051
52.0,ethanol,Pendar-2,RMX-1,session3_row4,session2_row288,False,0,0.04606186421976153,0.04606186421976153,0.0
52.0,ethanol,Mira-2,RMX-1,session3_row35,session2_row288,False,-1,0.3520877654456024,0.34833442607451803,0.003753339371084352
52.0,ethanol,Agilent-3,Mira-2,session2_row294,session2_row295,True,-2,0.0936445404216926,0.08032600576549141,0.013318534656201184
52.0,ethanol,Agilent-3,RMX-1,session2_row294,session2_row310,True,-3,0.023893114261913827,0.016502014478500478,0.00739109978341335
52.0,ethanol,Agilent-3,Mira-2,session2_row294,session2_row312,True,5,0.019747965827228486,-0.0334859567727394,0.053233922599967884
52.0,ethanol,Agilent-3,Pendar-2,session2_row294,session3_row4,False,5,0.018563877598289782,-0.0306596098132071,0.04922348741149688
52.0,ethanol,Agilent-3,RMX-1,session2_row294,session3_row34,True,1,0.21380925867370182,0.2110904821668613,0.00271877650684052
52.0,ethanol,Agilent-3,Mira-2,session2_row294,session3_row35,True,3,0.05076972083166545,0.03998975811124637,0.010779962720419083
52.0,ethanol,Agilent-3,Mira-2,session2_row304,session2_row295,True,2,0.16904267796185088,0.1656151920975482,0.003427485864302693
52.0,ethanol,Mira-2,RMX-1,session2_row295,session2_row310,True,5,0.21555847027663133,0.21174239042739026,0.0038160798492410664
52.0,ethanol,Mira-2,Pendar-2,session2_row295,session3_row4,False,-5,0.01385608066012151,-0.00432195625256963,0.01817803691269114
52.0,ethanol,Mira-2,RMX-1,session2_row295,session3_row34,True,1,0.5356050709913344,0.5192311427646437,0.016373928226690704
52.0,ethanol,Agilent-3,RMX-1,session2_row304,session2_row310,True,4,0.3648959992665751,0.34284237280745206,0.022053626459123066
52.0,ethanol,Agilent-3,Mira-2,session2_row304,session2_row312,True,0,0.38834029813831855,0.38834029813831855,0.0
52.0,ethanol,Agilent-3,Pendar-2,session2_row304,session3_row4,False,-1,-0.021915857237547326,-0.022327648429072505,0.0004117911915251793
52.0,ethanol,Agilent-3,RMX-1,session2_row304,session3_row34,True,-3,0.1641845184507703,0.15253227246676238,0.011652245984007936
52.0,ethanol,Agilent-3,Mira-2,session2_row304,session3_row35,True,2,0.0548844488056025,0.047414823378603956,0.007469625426998541
52.0,ethanol,Mira-2,RMX-1,session2_row312,session2_row310,True,4,0.46038263578998223,0.4456361263176151,0.014746509472367109
52.0,ethanol,Pendar-2,RMX-1,session3_row4,session2_row310,False,-5,0.005822832621519245,-0.03463778808584443,0.04046062070736368
52.0,ethanol,Mira-2,RMX-1,session3_row35,session2_row310,True,2,0.1653836887707768,0.1626701609354936,0.002713527835283197
52.0,ethanol,Mira-2,Pendar-2,session2_row312,session3_row4,False,-5,-0.012161251985191475,-0.08107603582102911,0.06891478383583763
52.0,ethanol,Mira-2,RMX-1,session2_row312,session3_row34,True,-1,0.14990737417095987,0.14579200512445709,0.0041153690465027815
52.0,ethanol,Pendar-2,RMX-1,session3_row4,session3_row34,False,-2,0.06991905335328075,0.054740293297596235,0.015178760055684512
52.0,ethanol,Mira-2,Pendar-2,session3_row35,session3_row4,False,5,0.008580633024219242,-0.007229166536307297,0.015809799560526538
52.0,ethanol,Mira-2,RMX-1,session3_row35,session3_row34,True,-1,0.3726345612657598,0.3638464401778526,0.008788121087907164
53.0,4_nitrophenol,Mira-2,Pendar-2,session1_row225,session1_row179,False,0,0.017828425740452836,0.017828425740452836,0.0
53.0,4_nitrophenol,Agilent-3,Pendar-2,session1_row241,session1_row179,False,-5,0.048543108781721814,0.028714370509149677,0.019828738272572137
53.0,4_nitrophenol,Pendar-2,RMX-1,session1_row179,session2_row289,False,5,0.043327109789698164,0.013737997425587518,0.029589112364110645
53.0,4_nitrophenol,Agilent-3,Pendar-2,session2_row296,session1_row179,False,2,0.1002866321301754,0.0614533368106265,0.0388332953195489
53.0,4_nitrophenol,Mira-2,Pendar-2,session2_row297,session1_row179,False,-3,0.04464339796074467,0.03731445151391703,0.00732894644682764
53.0,4_nitrophenol,Pendar-2,RMX-1,session1_row179,session2_row306,False,-2,0.03987267621901304,0.02994208196801476,0.009930594250998279
53.0,4_nitrophenol,Mira-2,Pendar-2,session2_row316,session1_row179,False,5,0.03511169719274732,-0.0008462341776715502,0.035957931370418875
53.0,4_nitrophenol,Pendar-2,RMX-1,session1_row179,session3_row31,False,5,0.032842566349986634,0.014520565235803704,0.01832200111418293
53.0,4_nitrophenol,Mira-2,Pendar-2,session3_row33,session1_row179,False,-5,0.03954777936850559,-0.0064317986355440756,0.04597957800404967
53.0,4_nitrophenol,Mira-2,Pendar-2,session1_row225,session1_row190,False,1,0.2231663734866642,0.22039709059113832,0.0027692828955258875
53.0,4_nitrophenol,Agilent-3,Pendar-2,session1_row241,session1_row190,False,-5,0.15369458227244215,0.13420948166710342,0.01948510060533873
53.0,4_nitrophenol,Pendar-2,RMX-1,session1_row190,session2_row289,False,2,0.4370467507291865,0.4136075585451091,0.023439192184077362
53.0,4_nitrophenol,Agilent-3,Pendar-2,session2_row296,session1_row190,False,-5,0.22199426136000155,0.07016802743446507,0.15182623392553649
53.0,4_nitrophenol,Mira-2,Pendar-2,session2_row297,session1_row190,False,0,0.44787689438294653,0.44787689438294653,0.0
53.0,4_nitrophenol,Pendar-2,RMX-1,session1_row190,session2_row306,False,4,0.03503535545931415,0.0291405483895598,0.0058948070697543535
53.0,4_nitrophenol,Mira-2,Pendar-2,session2_row316,session1_row190,False,0,0.07558976449649192,0.07558976449649192,0.0
53.0,4_nitrophenol,Pendar-2,RMX-1,session1_row190,session3_row31,False,2,0.4352569348503834,0.4183695921101057,0.0168873427402777
53.0,4_nitrophenol,Mira-2,Pendar-2,session3_row33,session1_row190,False,-4,0.4156750685723682,0.36938512930543393,0.046289939266934255
53.0,4_nitrophenol,Agilent-3,Mira-2,session1_row241,session1_row225,True,-4,0.10109727534244661,0.07172481944918134,0.029372455893265273
53.0,4_nitrophenol,Mira-2,RMX-1,session1_row225,session2_row289,True,3,0.4949460489132466,0.4522842681372244,0.04266178077602223
53.0,4_nitrophenol,Agilent-3,Mira-2,session2_row296,session1_row225,True,-5,0.1748951010025485,0.11822941351863801,0.056665687483910473
53.0,4_nitrophenol,Mira-2,RMX-1,session1_row225,session2_row306,True,5,0.3270883028678149,0.3166466996504943,0.010441603217320572
53.0,4_nitrophenol,Mira-2,Pendar-2,session1_row225,session3_row5,False,2,0.27850174419956014,0.2633466244172143,0.01515511978234585
53.0,4_nitrophenol,Mira-2,RMX-1,session1_row225,session3_row31,True,3,0.4924314790020497,0.4535821434276438,0.0388493355744059
53.0,4_nitrophenol,Agilent-3,RMX-1,session1_row241,session2_row289,True,-2,0.3076152706577956,0.2968764513231383,0.010738819334657312
53.0,4_nitrophenol,Agilent-3,Mira-2,session1_row241,session2_row297,True,-3,0.3102524968236716,0.27472979748663545,0.03552269933703617
53.0,4_nitrophenol,Agilent-3,RMX-1,session1_row241,session2_row306,True,5,0.05110242860465439,0.043074055912536706,0.008028372692117682
53.0,4_nitrophenol,Agilent-3,Mira-2,session1_row241,session2_row316,True,5,-0.0017957791912503627,-0.00423468215126432,0.002438902960013957
53.0,4_nitrophenol,Agilent-3,Pendar-2,session1_row241,session3_row5,False,-3,0.1982050475523604,0.1821855823328726,0.0160194652194878
53.0,4_nitrophenol,Agilent-3,RMX-1,session1_row241,session3_row31,True,-2,0.3056233067213997,0.29523045367658984,0.010392853044809858
53.0,4_nitrophenol,Agilent-3,Mira-2,session1_row241,session3_row33,True,-1,0.2795374594695175,0.27731949405891204,0.0022179654106054825
53.0,4_nitrophenol,Agilent-3,RMX-1,session2_row296,session2_row289,True,-4,0.29367178574208086,0.27212036310492516,0.021551422637155704
53.0,4_nitrophenol,Mira-2,RMX-1,session2_row297,session2_row289,True,2,0.9615957767644148,0.9190850952598237,0.04251068150459103
53.0,4_nitrophenol,Mira-2,RMX-1,session2_row316,session2_row289,True,5,0.18963381919845854,0.16840948570481037,0.021224333493648162
53.0,4_nitrophenol,Pendar-2,RMX-1,session3_row5,session2_row289,False,1,0.5093996254151413,0.5054233253389993,0.003976300076142025
53.0,4_nitrophenol,Mira-2,RMX-1,session3_row33,session2_row289,True,-1,0.9524856880582935,0.9403725158035384,0.012113172254755056
53.0,4_nitrophenol,Agilent-3,Mira-2,session2_row296,session2_row297,True,-5,0.3331755295349169,0.2736772368625181,0.05949829267239881
53.0,4_nitrophenol,Agilent-3,RMX-1,session2_row296,session2_row306,True,-2,0.10074178838750456,0.09527218998442294,0.005469598403081616
53.0,4_nitrophenol,Agilent-3,Mira-2,session2_row296,session2_row316,True,-3,0.16183738420658927,0.1530358434906447,0.008801540715944578
53.0,4_nitrophenol,Agilent-3,Pendar-2,session2_row296,session3_row5,False,-5,0.15691986231848298,0.12519780024328503,0.031722062075197954
53.0,4_nitrophenol,Agilent-3,RMX-1,session2_row296,session3_row31,True,-4,0.290690045101082,0.27194150784074417,0.018748537260337816
53.0,4_nitrophenol,Agilent-3,Mira-2,session2_row296,session3_row33,True,-3,0.30271579140805,0.28202821888652596,0.020687572521524034
53.0,4_nitrophenol,Mira-2,RMX-1,session2_row297,session2_row306,True,-4,0.17174620922810227,0.16387263706590338,0.007873572162198889
53.0,4_nitrophenol,Mira-2,Pendar-2,session2_row297,session3_row5,False,1,0.5297368539706172,0.5224755256462705,0.007261328324346672
53.0,4_nitrophenol,Mira-2,RMX-1,session2_row297,session3_row31,True,2,0.9582032396602909,0.9196637243021711,0.038539515358119725
53.0,4_nitrophenol,Mira-2,RMX-1,session2_row316,session2_row306,True,5,0.6059212528741938,0.5731379437142531,0.032783309159940766
53.0,4_nitrophenol,Pendar-2,RMX-1,session3_row5,session2_row306,False,-1,0.06780323488475498,0.06742078025306616,0.00038245463168881666
53.0,4_nitrophenol,Mira-2,RMX-1,session3_row33,session2_row306,True,-5,0.1648696914091076,0.14505592765070985,0.019813763758397746
53.0,4_nitrophenol,Mira-2,Pendar-2,session2_row316,session3_row5,False,-5,0.10307305178926554,0.05878272348558092,0.04429032830368462
53.0,4_nitrophenol,Mira-2,RMX-1,session2_row316,session3_row31,True,5,0.21965879505331146,0.19871536299913634,0.02094343205417512
53.0,4_nitrophenol,Pendar-2,RMX-1,session3_row5,session3_row31,False,1,0.5015893646313516,0.4976636056520946,0.00392575897925701
53.0,4_nitrophenol,Mira-2,Pendar-2,session3_row33,session3_row5,False,-2,0.5061069523693529,0.4767283872574749,0.029378565111877974
53.0,4_nitrophenol,Mira-2,RMX-1,session3_row33,session3_row31,True,-1,0.951237586008844,0.9381302228855217,0.01310736312332228
54.0,ethanol,Mira-2,Pendar-2,session1_row226,session1_row194,False,3,0.07772087992461296,0.0697785061811371,0.007942373743475867
54.0,ethanol,Pendar-2,RMX-1,session1_row194,session2_row331,False,-2,0.13949295967008368,0.13301885308456926,0.006474106585514422
54.0,ethanol,Mira-2,Pendar-2,session2_row332,session1_row194,False,2,0.16298464404073867,0.1506441869458193,0.012340457094919377
54.0,ethanol,Agilent-3,Pendar-2,session2_row334,session1_row194,False,0,0.19446766837476812,0.19446766837476812,0.0
54.0,ethanol,Pendar-2,RMX-1,session1_row194,session2_row343,False,2,0.010538622062404173,0.005229845442927829,0.005308776619476344
54.0,ethanol,Mira-2,Pendar-2,session2_row345,session1_row194,False,5,0.008406928855003507,-0.015004460972785677,0.023411389827789182
54.0,ethanol,Pendar-2,Pendar-3,session1_row194,session2_row353,False,-5,0.10523770152231805,-0.08741833286528448,0.19265603438760254
54.0,ethanol,Pendar-2,RMX-1,session1_row194,session3_row47,False,-2,0.17250927993089338,0.1506559446177273,0.021853335313166078
54.0,ethanol,Mira-2,Pendar-2,session3_row49,session1_row194,False,2,0.07547594909703724,0.07071426339590109,0.004761685701136151
54.0,ethanol,Mira-2,RMX-1,session1_row226,session2_row331,True,2,0.4253894464448169,0.3978336407677297,0.02755580567708721
54.0,ethanol,Agilent-3,Mira-2,session2_row334,session1_row226,True,-3,0.42328881335938057,0.38051071363003464,0.04277809972934593
54.0,ethanol,Mira-2,RMX-1,session1_row226,session2_row343,True,-2,0.26090438756484335,0.2580655505014483,0.00283883706339505
54.0,ethanol,Mira-2,Pendar-3,session1_row226,session2_row353,True,0,0.13029775362819715,0.13029775362819715,0.0
54.0,ethanol,Mira-2,Pendar-2,session1_row226,session3_row10,False,0,0.0734947868873603,0.0734947868873603,0.0
54.0,ethanol,Mira-2,Pendar-2,session1_row226,session3_row14,False,-2,-5.289589849180492e-05,-0.0018027687024222555,0.0017498728039304506
54.0,ethanol,Mira-2,RMX-1,session1_row226,session3_row47,True,2,0.38159430197551886,0.3552785706521511,0.02631573132336773
54.0,ethanol,Mira-2,RMX-1,session2_row332,session2_row331,True,2,0.8582330513629318,0.8182235565257185,0.04000949483721328
54.0,ethanol,Agilent-3,RMX-1,session2_row334,session2_row331,True,-1,0.811768821658488,0.8037940340636135,0.007974787594874466
54.0,ethanol,Mira-2,RMX-1,session2_row345,session2_row331,True,-2,0.17104917742983983,0.16346414276601678,0.007585034663823043
54.0,ethanol,Pendar-3,RMX-1,session2_row353,session2_row331,True,0,0.12074473777926187,0.12074473777926187,0.0
54.0,ethanol,Pendar-2,RMX-1,session3_row10,session2_row331,False,0,0.2529212689831468,0.2529212689831468,0.0
54.0,ethanol,Pendar-2,RMX-1,session3_row14,session2_row331,False,5,0.04552390756788717,-0.0023438570479026037,0.047867764615789773
54.0,ethanol,Mira-2,RMX-1,session3_row49,session2_row331,True,-1,0.6188487084494312,0.6050245926331126,0.013824115816318594
54.0,ethanol,Agilent-3,Mira-2,session2_row334,session2_row332,True,-3,0.8726105695704385,0.8045610136028929,0.06804955596754558
54.0,ethanol,Mira-2,RMX-1,session2_row332,session2_row343,True,5,0.255119446210952,0.23291041134084706,0.02220903487010495
54.0,ethanol,Mira-2,Pendar-3,session2_row332,session2_row353,True,1,0.08222662051250014,0.07978383944435515,0.0024427810681449946
54.0,ethanol,Mira-2,Pendar-2,session2_row332,session3_row10,False,2,0.2105997627513998,0.19064443444547524,0.019955328305924558
54.0,ethanol,Mira-2,Pendar-2,session2_row332,session3_row14,False,-5,0.044131542471522955,0.027546816480264164,0.016584725991258792
54.0,ethanol,Mira-2,RMX-1,session2_row332,session3_row47,True,2,0.8079041643012685,0.7557008909601861,0.052203273341082435
54.0,ethanol,Agilent-3,RMX-1,session2_row334,session2_row343,True,0,0.1187769000527665,0.1187769000527665,0.0
54.0,ethanol,Agilent-3,Mira-2,session2_row334,session2_row345,True,-5,0.06743586442307273,0.05271854624356151,0.014717318179511218
54.0,ethanol,Agilent-3,Pendar-3,session2_row334,session2_row353,True,-2,0.099439320260868,0.08854380870683343,0.010895511554034579
54.0,ethanol,Agilent-3,Pendar-2,session2_row334,session3_row10,False,-1,0.2833814227121224,0.2770049476052272,0.0063764751068952075
54.0,ethanol,Agilent-3,Pendar-2,session2_row334,session3_row14,False,-5,0.0832103603505274,0.02488372459934779,0.058326635751179606
54.0,ethanol,Agilent-3,RMX-1,session2_row334,session3_row47,True,-1,0.7822028362162654,0.7788263000561619,0.0033765361601034716
54.0,ethanol,Agilent-3,Mira-2,session2_row334,session3_row49,True,0,0.5218412731694229,0.5218412731694229,0.0
54.0,ethanol,Mira-2,RMX-1,session2_row345,session2_row343,True,3,0.7141000241473222,0.694931729304879,0.0191682948424432
54.0,ethanol,Pendar-3,RMX-1,session2_row353,session2_row343,True,-1,0.2518146498534925,0.25093701040204885,0.0008776394514436459
54.0,ethanol,Pendar-2,RMX-1,session3_row10,session2_row343,False,-5,0.06785297897205825,0.059736791858978205,0.008116187113080042
54.0,ethanol,Pendar-2,RMX-1,session3_row14,session2_row343,False,0,-0.003196897249403594,-0.003196897249403594,0.0
54.0,ethanol,Mira-2,RMX-1,session3_row49,session2_row343,True,1,0.2416455126246322,0.24014409299168646,0.0015014196329457552
54.0,ethanol,Mira-2,Pendar-3,session2_row345,session2_row353,True,2,0.2405293724601095,0.230518501043896,0.010010871416213485
54.0,ethanol,Mira-2,Pendar-2,session2_row345,session3_row10,False,5,0.052743824284180875,-0.00045536819612664855,0.05319919248030752
54.0,ethanol,Mira-2,Pendar-2,session2_row345,session3_row14,False,-5,0.006883175682144638,-0.0018547395374051464,0.008737915219549783
54.0,ethanol,Mira-2,RMX-1,session2_row345,session3_row47,True,-2,0.14824556165399286,0.13928127380659192,0.008964287847400942
54.0,ethanol,Pendar-2,Pendar-3,session3_row10,session2_row353,False,-1,0.05334595484207279,0.053315358459822465,3.059638225032246e-05
54.0,ethanol,Pendar-2,Pendar-3,session3_row14,session2_row353,False,5,-0.0058984698149780095,-0.03443917711680479,0.02854070730182678
54.0,ethanol,Pendar-3,RMX-1,session2_row353,session3_row47,True,-2,0.09200290612770427,0.09055371193180389,0.0014491941959003801
54.0,ethanol,Mira-2,Pendar-3,session3_row49,session2_row353,True,1,0.06551237996914477,0.06417667873722273,0.0013357012319220457
54.0,ethanol,Pendar-2,RMX-1,session3_row10,session3_row47,False,0,0.2624250574957467,0.2624250574957467,0.0
54.0,ethanol,Mira-2,Pendar-2,session3_row49,session3_row10,False,0,0.158081262304762,0.158081262304762,0.0
54.0,ethanol,Pendar-2,RMX-1,session3_row14,session3_row47,False,5,0.0539163081671024,0.025246512595352502,0.028669795571749895
54.0,ethanol,Mira-2,Pendar-2,session3_row49,session3_row14,False,-3,0.017378955164144817,0.0056966637643490695,0.011682291399795748
54.0,ethanol,Mira-2,RMX-1,session3_row49,session3_row47,True,-1,0.6079267976313464,0.5935842060587251,0.0143425915726213
55.0,ethanol,Mira-2,Pendar-2,session1_row227,session1_row181,False,0,-0.005008646590635724,-0.005008646590635724,0.0
55.0,ethanol,Pendar-2,RMX-1,session1_row181,session2_row333,False,0,0.0880438321345405,0.0880438321345405,0.0
55.0,ethanol,Mira-2,Pendar-2,session2_row335,session1_row181,False,0,0.06857830152711422,0.06857830152711422,0.0
55.0,ethanol,Agilent-3,Pendar-2,session2_row338,session1_row181,False,0,0.16268928711746972,0.16268928711746972,0.0
55.0,ethanol,Mira-2,Pendar-2,session2_row347,session1_row181,False,5,0.01660160777521031,-0.014398976520677963,0.031000584295888273
55.0,ethanol,Pendar-2,Pendar-3,session1_row181,session2_row355,False,-1,0.06026853440316933,0.050915119133363856,0.009353415269805473
55.0,ethanol,Mira-2,RMX-1,session1_row227,session2_row333,True,5,0.4079497080591671,0.39844539072920154,0.00950431732996554
55.0,ethanol,Agilent-3,Mira-2,session2_row338,session1_row227,True,5,0.1136889111064197,0.10400843333973203,0.009680477766687665
55.0,ethanol,Mira-2,Pendar-3,session1_row227,session2_row355,True,-5,-0.03226938935031285,-0.08500011924753266,0.05273072989721981
55.0,ethanol,Mira-2,Pendar-2,session1_row227,session3_row11,False,3,0.01870629354759272,0.004096781969592523,0.014609511578000197
55.0,ethanol,Mira-2,Pendar-2,session1_row227,session3_row15,False,-1,-0.0033609311118570303,-0.0048026487275506895,0.0014417176156936592
55.0,ethanol,Mira-2,RMX-1,session2_row335,session2_row333,True,3,0.8089664033689792,0.7368432435684689,0.07212315980051032
55.0,ethanol,Agilent-3,RMX-1,session2_row338,session2_row333,True,1,0.7571557484400151,0.7524779320354281,0.004677816404586976
55.0,ethanol,Mira-2,RMX-1,session2_row347,session2_row333,True,3,0.27543341954644623,0.27081197850489386,0.0046214410415523766
55.0,ethanol,Pendar-3,RMX-1,session2_row355,session2_row333,True,-3,0.050514212563892005,0.04354730714528437,0.006966905418607637
55.0,ethanol,Pendar-2,RMX-1,session3_row11,session2_row333,False,1,0.26010951646942626,0.25061279252465,0.009496723944776242
55.0,ethanol,Pendar-2,RMX-1,session3_row15,session2_row333,False,0,0.09285377878074007,0.09285377878074007,0.0
55.0,ethanol,Agilent-3,Mira-2,session2_row338,session2_row335,True,-2,0.8135516745435121,0.7770749772443857,0.03647669729912639
55.0,ethanol,Mira-2,Pendar-3,session2_row335,session2_row355,True,-1,0.02687123908537234,0.024972484026933646,0.0018987550584386934
55.0,ethanol,Mira-2,Pendar-2,session2_row335,session3_row11,False,1,0.22801755696371906,0.22698411523804682,0.0010334417256722406
55.0,ethanol,Mira-2,Pendar-2,session2_row335,session3_row15,False,1,0.09528104694565316,0.09054439752143882,0.00473664942421434
55.0,ethanol,Agilent-3,Mira-2,session2_row338,session2_row347,True,-5,0.08838262082921376,0.04638442044017356,0.0419982003890402
55.0,ethanol,Agilent-3,Pendar-3,session2_row338,session2_row355,True,-5,0.08902835292893399,0.026566383014480756,0.062461969914453234
55.0,ethanol,Agilent-3,Pendar-2,session2_row338,session3_row11,False,-1,0.4081417066491606,0.3904319345470281,0.01770977210213248
55.0,ethanol,Agilent-3,Pendar-2,session2_row338,session3_row15,False,-1,0.12190229210831888,0.11821330459984612,0.0036889875084727547
55.0,ethanol,Mira-2,Pendar-3,session2_row347,session2_row355,True,2,0.241679531104885,0.22368971488523148,0.01798981621965351
55.0,ethanol,Mira-2,Pendar-2,session2_row347,session3_row11,False,5,0.0886542858792971,0.012856309263998856,0.07579797661529825
55.0,ethanol,Mira-2,Pendar-2,session2_row347,session3_row15,False,-5,0.011677908247433725,-0.05180764087201539,0.06348554911944912
55.0,ethanol,Pendar-2,Pendar-3,session3_row11,session2_row355,False,-5,0.18722958340062745,-0.023199694284132034,0.2104292776847595
55.0,ethanol,Pendar-2,Pendar-3,session3_row15,session2_row355,False,-4,0.07413637333570121,-0.014605600003991871,0.08874197333969308
56.0,4_nitrophenol,Pendar-2,RMX-1,session1_row182,session1_row199,False,3,0.030687949078070917,0.020774925001904095,0.009913024076166822
56.0,4_nitrophenol,Pendar-2,RMX-1,session1_row182,session1_row206,False,-5,0.043015620150434274,0.02593748582567864,0.017078134324755634
56.0,4_nitrophenol,Mira-2,Pendar-2,session1_row228,session1_row182,False,0,0.021622494047464864,0.021622494047464864,0.0
56.0,4_nitrophenol,Mira-2,Pendar-2,session1_row232,session1_row182,False,5,0.02907776523788884,0.02359661395151384,0.005481151286375
56.0,4_nitrophenol,Mira-2,Pendar-2,session1_row233,session1_row182,False,3,0.042348128372846086,0.03419555396291795,0.008152574409928136
56.0,4_nitrophenol,Agilent-3,Pendar-2,session1_row244,session1_row182,False,5,0.03183273772716551,0.011242075009776703,0.020590662717388804
56.0,4_nitrophenol,Agilent-3,Pendar-2,session1_row245,session1_row182,False,2,0.051452332589153375,0.04323784511685538,0.008214487472297992
56.0,4_nitrophenol,Pendar-2,RMX-1,session1_row182,session2_row336,False,-5,0.0320182668623078,0.015137552691393384,0.016880714170914413
56.0,4_nitrophenol,Mira-2,Pendar-2,session2_row339,session1_row182,False,1,0.02977894135464696,0.02954210877348925,0.00023683258115771155
56.0,4_nitrophenol,Agilent-3,Pendar-2,session2_row340,session1_row182,False,5,0.024816446701191375,0.016769076353529814,0.008047370347661561
56.0,4_nitrophenol,Pendar-2,RMX-1,session1_row182,session2_row346,False,-1,0.062222957003551634,0.056522941794126556,0.005700015209425077
56.0,4_nitrophenol,Mira-2,Pendar-2,session2_row349,session1_row182,False,2,0.05342346183688625,0.0505934600569663,0.0028300017799199537
56.0,4_nitrophenol,Pendar-2,Pendar-3,session1_row182,session2_row357,False,4,0.06226012924996266,-0.017477767609302364,0.07973789685926502
56.0,4_nitrophenol,Mira-2,Pendar-2,session3_row133,session1_row182,False,-4,0.018689481498736338,0.01695281021644846,0.0017366712822878792
56.0,4_nitrophenol,Pendar-2,RMX-1,session1_row182,session3_row134,False,4,0.025409843112685345,0.019402231581655674,0.006007611531029671
56.0,4_nitrophenol,Pendar-2,RMX-1,session1_row207,session1_row199,True,-1,0.9039412343008721,0.8982176430926558,0.005723591208216305
56.0,4_nitrophenol,Pendar-2,RMX-1,session1_row209,session1_row199,True,5,0.5701420102125879,0.351329310187754,0.21881270002483394
56.0,4_nitrophenol,Mira-2,RMX-1,session1_row228,session1_row199,True,-1,0.9726477101599117,0.9664435121665703,0.006204197993341376
56.0,4_nitrophenol,Mira-2,RMX-1,session1_row232,session1_row199,True,-1,0.9563356556986319,0.9400831543684736,0.01625250133015832
56.0,4_nitrophenol,Mira-2,RMX-1,session1_row233,session1_row199,True,5,0.40619258304430933,0.3111545973767071,0.09503798566760224
56.0,4_nitrophenol,Agilent-3,RMX-1,session1_row244,session1_row199,True,-2,0.46342111111663875,0.4517704895334236,0.01165062158321517
56.0,4_nitrophenol,Agilent-3,RMX-1,session1_row245,session1_row199,True,4,0.30378041340540585,0.25087756936315736,0.05290284404224849
56.0,4_nitrophenol,Mira-2,RMX-1,session2_row339,session1_row199,True,3,0.9334041084290624,0.8735347289720032,0.05986937945705917
56.0,4_nitrophenol,Agilent-3,RMX-1,session2_row340,session1_row199,True,0,0.9081216990698633,0.9081216990698633,0.0
56.0,4_nitrophenol,Mira-2,RMX-1,session2_row349,session1_row199,True,5,0.25690875803832325,0.22259476371248568,0.034313994325837566
56.0,4_nitrophenol,Pendar-3,RMX-1,session2_row357,session1_row199,True,5,0.13614639356876945,0.10693376156428111,0.029212632004488343
56.0,4_nitrophenol,Pendar-2,RMX-1,session3_row12,session1_row199,True,0,0.7422995004280692,0.7422995004280692,0.0
56.0,4_nitrophenol,Mira-2,RMX-1,session3_row133,session1_row199,True,-1,0.9732600708333485,0.9625319816190389,0.010728089214309677
56.0,4_nitrophenol,Pendar-2,RMX-1,session1_row207,session1_row206,True,0,0.9122673560217879,0.9122673560217879,0.0
56.0,4_nitrophenol,Pendar-2,RMX-1,session1_row209,session1_row206,True,5,0.5572558201088806,0.35922272751541867,0.19803309259346197
56.0,4_nitrophenol,Mira-2,RMX-1,session1_row228,session1_row206,True,0,0.9368955473722491,0.9368955473722491,0.0
56.0,4_nitrophenol,Mira-2,RMX-1,session1_row232,session1_row206,True,-1,0.9512451239428443,0.9432200723978684,0.008025051544975903
56.0,4_nitrophenol,Mira-2,RMX-1,session1_row233,session1_row206,True,4,0.41195481401341594,0.3415626536894274,0.07039216032398854
56.0,4_nitrophenol,Agilent-3,RMX-1,session1_row244,session1_row206,True,-1,0.4516597450364982,0.44413755137915856,0.0075221936573396375
56.0,4_nitrophenol,Agilent-3,RMX-1,session1_row245,session1_row206,True,4,0.2903084551983428,0.25048702254954486,0.03982143264879795
56.0,4_nitrophenol,Mira-2,RMX-1,session2_row339,session1_row206,True,3,0.8925931936742683,0.8317169020180715,0.06087629165619679
56.0,4_nitrophenol,Agilent-3,RMX-1,session2_row340,session1_row206,True,0,0.8785140801387874,0.8785140801387874,0.0
56.0,4_nitrophenol,Mira-2,RMX-1,session2_row349,session1_row206,True,5,0.26797191647153085,0.23248389494696586,0.03548802152456498
56.0,4_nitrophenol,Pendar-3,RMX-1,session2_row357,session1_row206,True,4,0.14447581380452887,0.11136504968410209,0.03311076412042678
56.0,4_nitrophenol,Pendar-2,RMX-1,session3_row12,session1_row206,True,0,0.7218909036485995,0.7218909036485995,0.0
56.0,4_nitrophenol,Mira-2,RMX-1,session3_row133,session1_row206,True,-1,0.9307517461356232,0.9247282300525974,0.0060235160830257595
56.0,4_nitrophenol,Mira-2,Pendar-2,session1_row228,session1_row207,True,0,0.9047664326099738,0.9047664326099738,0.0
56.0,4_nitrophenol,Mira-2,Pendar-2,session1_row232,session1_row207,True,0,0.9269633942812047,0.9269633942812047,0.0
56.0,4_nitrophenol,Mira-2,Pendar-2,session1_row233,session1_row207,True,5,0.3278710395634608,0.26363541934919293,0.06423562021426787
56.0,4_nitrophenol,Agilent-3,Pendar-2,session1_row244,session1_row207,True,-1,0.4532636890690375,0.4485836720718568,0.004680016997180736
56.0,4_nitrophenol,Agilent-3,Pendar-2,session1_row245,session1_row207,True,4,0.2626895875330182,0.22390301518620656,0.038786572346811626
56.0,4_nitrophenol,Pendar-2,RMX-1,session1_row207,session2_row336,True,-1,0.9020650556525874,0.8974240417748091,0.004641013877778377
56.0,4_nitrophenol,Mira-2,Pendar-2,session2_row339,session1_row207,True,3,0.8305026728482131,0.7704463167441805,0.06005635610403259
56.0,4_nitrophenol,Agilent-3,Pendar-2,session2_row340,session1_row207,True,1,0.8245655797924517,0.8230267550239507,0.0015388247685009793
56.0,4_nitrophenol,Pendar-2,RMX-1,session1_row207,session2_row346,True,-5,0.26973940497645593,0.22834776104955004,0.04139164392690589
56.0,4_nitrophenol,Mira-2,Pendar-2,session2_row349,session1_row207,True,5,0.2272895500898999,0.21193468420923867,0.015354865880661234
56.0,4_nitrophenol,Pendar-2,Pendar-3,session1_row207,session2_row357,True,-5,0.11645550514486157,0.08206037891604728,0.034395126228814285
56.0,4_nitrophenol,Mira-2,Pendar-2,session3_row133,session1_row207,True,0,0.8681060035907942,0.8681060035907942,0.0
56.0,4_nitrophenol,Pendar-2,RMX-1,session1_row207,session3_row134,True,-1,0.8779684287799234,0.8728763012326372,0.005092127547286274
56.0,4_nitrophenol,Mira-2,Pendar-2,session1_row228,session1_row209,True,-5,0.5035425287992429,0.25734192338507983,0.24620060541416305
56.0,4_nitrophenol,Mira-2,Pendar-2,session1_row232,session1_row209,True,-5,0.4458909106597723,0.2188065999665523,0.22708431069322002
56.0,4_nitrophenol,Mira-2,Pendar-2,session1_row233,session1_row209,True,-1,0.5156288907966133,0.510983815818018,0.004645074978595343
56.0,4_nitrophenol,Agilent-3,Pendar-2,session1_row244,session1_row209,True,-5,0.21499786260815587,0.10076314207461255,0.11423472053354332
56.0,4_nitrophenol,Agilent-3,Pendar-2,session1_row245,session1_row209,True,-2,0.3994810699427799,0.3674260982209179,0.032054971721862
56.0,4_nitrophenol,Pendar-2,RMX-1,session1_row209,session2_row336,True,5,0.5931140650678136,0.37302659137234484,0.22008747369546877
56.0,4_nitrophenol,Mira-2,Pendar-2,session2_row339,session1_row209,True,-3,0.6508920271465075,0.5857936546301575,0.06509837251634998
56.0,4_nitrophenol,Agilent-3,Pendar-2,session2_row340,session1_row209,True,-5,0.610488885650908,0.42836711323510146,0.18212177241580652
56.0,4_nitrophenol,Pendar-2,RMX-1,session1_row209,session2_row346,True,0,0.18798790184289813,0.18798790184289813,0.0
56.0,4_nitrophenol,Mira-2,Pendar-2,session2_row349,session1_row209,True,0,0.17633363441849118,0.17633363441849118,0.0
56.0,4_nitrophenol,Pendar-2,Pendar-3,session1_row209,session2_row357,True,5,0.14854928802644374,0.12299590463681598,0.02555338338962776
56.0,4_nitrophenol,Mira-2,Pendar-2,session3_row133,session1_row209,True,-5,0.5710903803027223,0.26968039952062306,0.30140998078209924
56.0,4_nitrophenol,Pendar-2,RMX-1,session1_row209,session3_row134,True,5,0.6125076170855297,0.3464908424553958,0.2660167746301339
56.0,4_nitrophenol,Agilent-3,Mira-2,session1_row244,session1_row228,True,-1,0.4658058218858393,0.4617475967334903,0.004058225152348993
56.0,4_nitrophenol,Agilent-3,Mira-2,session1_row245,session1_row228,True,5,0.2924558358219651,0.20059710951386397,0.09185872630810113
56.0,4_nitrophenol,Mira-2,RMX-1,session1_row228,session2_row336,True,-1,0.9579019942581528,0.9538483856700034,0.004053608588149404
56.0,4_nitrophenol,Agilent-3,Mira-2,session2_row340,session1_row228,True,1,0.9043966481960936,0.8938710309694741,0.010525617226619488
56.0,4_nitrophenol,Mira-2,RMX-1,session1_row228,session2_row346,True,-5,0.30187468499092424,0.25960431074010876,0.04227037425081548
56.0,4_nitrophenol,Mira-2,Pendar-3,session1_row228,session2_row357,True,-5,0.13676812101749466,0.09479366900018993,0.041974452017304736
56.0,4_nitrophenol,Mira-2,Pendar-2,session1_row228,session3_row12,True,-1,0.7214539272498239,0.7160167219430091,0.005437205306814796
56.0,4_nitrophenol,Mira-2,RMX-1,session1_row228,session3_row134,True,-1,0.9655150904076235,0.9578932182699429,0.007621872137680619
56.0,4_nitrophenol,Agilent-3,Mira-2,session1_row244,session1_row232,True,0,0.47064269550657883,0.47064269550657883,0.0
56.0,4_nitrophenol,Agilent-3,Mira-2,session1_row245,session1_row232,True,5,0.25591324317325076,0.17313498844438996,0.0827782547288608
56.0,4_nitrophenol,Mira-2,RMX-1,session1_row232,session2_row336,True,-1,0.9345685179738131,0.9215830760527781,0.012985441921035012
56.0,4_nitrophenol,Agilent-3,Mira-2,session2_row340,session1_row232,True,2,0.8603027730196912,0.8400545310846433,0.020248241935047817
56.0,4_nitrophenol,Mira-2,RMX-1,session1_row232,session2_row346,True,-5,0.3080263919329023,0.25859527023357515,0.049431121699327174
56.0,4_nitrophenol,Mira-2,Pendar-3,session1_row232,session2_row357,True,-5,0.1251656715040964,0.08293844377243918,0.04222722773165723
56.0,4_nitrophenol,Mira-2,Pendar-2,session1_row232,session3_row12,True,-1,0.6970697952924823,0.6860883354795433,0.010981459812938965
56.0,4_nitrophenol,Mira-2,RMX-1,session1_row232,session3_row134,True,-1,0.9231508525976639,0.906355342803144,0.016795509794519936
56.0,4_nitrophenol,Agilent-3,Mira-2,session1_row244,session1_row233,True,-5,0.07261563864191718,0.012432534334986369,0.060183104306930815
56.0,4_nitrophenol,Agilent-3,Mira-2,session1_row245,session1_row233,True,-1,0.2052888002859688,0.19970851798307443,0.005580282302894368
56.0,4_nitrophenol,Mira-2,RMX-1,session1_row233,session2_row336,True,5,0.4186778125628906,0.32784013024528746,0.09083768231760314
56.0,4_nitrophenol,Agilent-3,Mira-2,session2_row340,session1_row233,True,-4,0.43439575353118093,0.35956485604962435,0.07483089748155658
56.0,4_nitrophenol,Mira-2,RMX-1,session1_row233,session2_row346,True,-3,0.41219875103324505,0.4091242574751233,0.003074493558121727
56.0,4_nitrophenol,Mira-2,Pendar-3,session1_row233,session2_row357,True,0,0.0812679788152437,0.0812679788152437,0.0
56.0,4_nitrophenol,Mira-2,Pendar-2,session1_row233,session3_row12,True,4,0.30810128940622367,0.2703090740553709,0.037792215350852754
56.0,4_nitrophenol,Mira-2,RMX-1,session1_row233,session3_row134,True,5,0.4379307139275092,0.3190457313398028,0.11888498258770641
56.0,4_nitrophenol,Agilent-3,RMX-1,session1_row244,session2_row336,True,-2,0.4408827787195121,0.42967630312393534,0.011206475595576748
56.0,4_nitrophenol,Agilent-3,Mira-2,session1_row244,session2_row339,True,-5,0.42640967400661517,0.3578344985354292,0.06857517547118597
56.0,4_nitrophenol,Agilent-3,RMX-1,session1_row244,session2_row346,True,-5,0.10612856725749764,0.09409663732014154,0.012031929937356106
56.0,4_nitrophenol,Agilent-3,Mira-2,session1_row244,session2_row349,True,-5,0.02216563206742787,0.017061739691402556,0.005103892376025314
56.0,4_nitrophenol,Agilent-3,Pendar-3,session1_row244,session2_row357,True,-5,0.04431771872124493,0.023823053009906194,0.020494665711338737
56.0,4_nitrophenol,Agilent-3,Pendar-2,session1_row244,session3_row12,True,-2,0.37219252099305394,0.3584257567835349,0.013766764209519056
56.0,4_nitrophenol,Agilent-3,Mira-2,session1_row244,session3_row133,True,-1,0.4456067555616545,0.44237331507804,0.0032334404836145136
56.0,4_nitrophenol,Agilent-3,RMX-1,session1_row244,session3_row134,True,-2,0.4471420439716201,0.4333431099615386,0.013798934010081532
56.0,4_nitrophenol,Agilent-3,RMX-1,session1_row245,session2_row336,True,4,0.3059927600452651,0.2543381857236287,0.05165457432163639
56.0,4_nitrophenol,Agilent-3,Mira-2,session1_row245,session2_row339,True,1,0.34339508591139944,0.33804492077398307,0.005350165137416374
56.0,4_nitrophenol,Agilent-3,RMX-1,session1_row245,session2_row346,True,5,0.11651559607784352,0.09291866949720981,0.023596926580633712
56.0,4_nitrophenol,Agilent-3,Mira-2,session1_row245,session2_row349,True,5,0.06467959651727496,0.02801877889219377,0.03666081762508119
56.0,4_nitrophenol,Agilent-3,Pendar-3,session1_row245,session2_row357,True,5,0.05297237198496789,0.03550418797784256,0.017468184007125326
56.0,4_nitrophenol,Agilent-3,Pendar-2,session1_row245,session3_row12,True,4,0.25373056347071765,0.21622564222835408,0.03750492124236357
56.0,4_nitrophenol,Agilent-3,Mira-2,session1_row245,session3_row133,True,5,0.3219539575398295,0.22462227789837508,0.09733167964145445
56.0,4_nitrophenol,Agilent-3,RMX-1,session1_row245,session3_row134,True,5,0.32453874691154283,0.25920550709451007,0.06533323981703276
56.0,4_nitrophenol,Mira-2,RMX-1,session2_row339,session2_row336,True,2,0.9288923286803243,0.8743573343563158,0.054534994324008546
56.0,4_nitrophenol,Agilent-3,RMX-1,session2_row340,session2_row336,True,0,0.9094218794987701,0.9094218794987701,0.0
56.0,4_nitrophenol,Mira-2,RMX-1,session2_row349,session2_row336,True,5,0.27297536598224337,0.23953193666584188,0.033443429316401485
56.0,4_nitrophenol,Pendar-3,RMX-1,session2_row357,session2_row336,True,5,0.14570915718945207,0.12460994423257697,0.0210992129568751
56.0,4_nitrophenol,Pendar-2,RMX-1,session3_row12,session2_row336,True,0,0.7388267527950962,0.7388267527950962,0.0
56.0,4_nitrophenol,Mira-2,RMX-1,session3_row133,session2_row336,True,-1,0.9693398466502378,0.9592743416499812,0.010065505000256603
56.0,4_nitrophenol,Agilent-3,Mira-2,session2_row340,session2_row339,True,-2,0.935789517639033,0.8914962886705384,0.044293228968494525
56.0,4_nitrophenol,Mira-2,RMX-1,session2_row339,session2_row346,True,-2,0.31159698921760043,0.3018926584294014,0.009704330788199045
56.0,4_nitrophenol,Mira-2,Pendar-3,session2_row339,session2_row357,True,-2,0.16096868331050418,0.15484494472517715,0.0061237385853270265
56.0,4_nitrophenol,Mira-2,Pendar-2,session2_row339,session3_row12,True,2,0.7393128250353979,0.7028884642934975,0.03642436074190036
56.0,4_nitrophenol,Mira-2,RMX-1,session2_row339,session3_row134,True,3,0.9518760532094432,0.8898722618093388,0.06200379140010448
56.0,4_nitrophenol,Agilent-3,RMX-1,session2_row340,session2_row346,True,-5,0.3676197441567873,0.2970202748100479,0.07059946934673939
56.0,4_nitrophenol,Agilent-3,Mira-2,session2_row340,session2_row349,True,-5,0.3054639342287324,0.2479357399622279,0.05752819426650452
56.0,4_nitrophenol,Agilent-3,Pendar-3,session2_row340,session2_row357,True,-5,0.20053474596289156,0.14378143336375795,0.056753312599133604
56.0,4_nitrophenol,Agilent-3,Pendar-2,session2_row340,session3_row12,True,0,0.7269842720320471,0.7269842720320471,0.0
56.0,4_nitrophenol,Agilent-3,Mira-2,session2_row340,session3_row133,True,1,0.9331856971637635,0.9209643543040968,0.012221342859666695
56.0,4_nitrophenol,Agilent-3,RMX-1,session2_row340,session3_row134,True,0,0.9224891925513462,0.9224891925513462,0.0
56.0,4_nitrophenol,Mira-2,RMX-1,session2_row349,session2_row346,True,2,0.8231830172003269,0.8058829893541304,0.017300027846196553
56.0,4_nitrophenol,Pendar-3,RMX-1,session2_row357,session2_row346,True,0,0.37930128645773187,0.37930128645773187,0.0
56.0,4_nitrophenol,Pendar-2,RMX-1,session3_row12,session2_row346,True,-5,0.24179471462995322,0.16931759615870257,0.07247711847125066
56.0,4_nitrophenol,Mira-2,RMX-1,session3_row133,session2_row346,True,-5,0.30685448395865744,0.24843459888026168,0.05841988507839577
56.0,4_nitrophenol,Mira-2,Pendar-3,session2_row349,session2_row357,True,3,0.30784423015653417,0.29021060341946414,0.01763362673707003
56.0,4_nitrophenol,Mira-2,Pendar-2,session2_row349,session3_row12,True,5,0.1986109878901402,0.15379032440338725,0.044820663486752954
56.0,4_nitrophenol,Mira-2,RMX-1,session2_row349,session3_row134,True,5,0.26310645114999404,0.22668930668308226,0.03641714446691177
56.0,4_nitrophenol,Pendar-2,Pendar-3,session3_row12,session2_row357,True,0,0.13401308628199707,0.13401308628199707,0.0
56.0,4_nitrophenol,Mira-2,Pendar-3,session3_row133,session2_row357,True,-5,0.1506468265570111,0.09919573283464328,0.05145109372236781
56.0,4_nitrophenol,Pendar-3,RMX-1,session2_row357,session3_row134,True,5,0.1494811681665915,0.11183165350717068,0.037649514659420805
56.0,4_nitrophenol,Mira-2,Pendar-2,session3_row133,session3_row12,True,-1,0.7411161561254118,0.7308829706756864,0.010233185449725402
56.0,4_nitrophenol,Pendar-2,RMX-1,session3_row12,session3_row134,True,0,0.7397483255065898,0.7397483255065898,0.0
56.0,4_nitrophenol,Mira-2,RMX-1,session3_row133,session3_row134,True,-1,0.987604678328109,0.9762037467944227,0.011400931533686376
57.0,ethyl_paraoxon,Mira-2,Pendar-2,session1_row229,session1_row183,False,-5,0.03976725734969554,0.004793491234535167,0.03497376611516037
57.0,ethyl_paraoxon,Pendar-2,RMX-1,session1_row183,session2_row337,False,5,0.048835466202777275,-0.019345678186330942,0.06818114438910822
57.0,ethyl_paraoxon,Mira-2,Pendar-2,session2_row341,session1_row183,False,-5,0.08007232869984984,0.013494643274036282,0.06657768542581356
57.0,ethyl_paraoxon,Agilent-3,Pendar-2,session2_row342,session1_row183,False,-5,0.07654205779523468,0.00242949100353769,0.07411256679169699
57.0,ethyl_paraoxon,Pendar-2,RMX-1,session1_row183,session2_row348,False,1,0.11315694548732576,0.1130361326771331,0.00012081281019266088
57.0,ethyl_paraoxon,Mira-2,Pendar-2,session2_row350,session1_row183,False,3,0.05543372719501332,0.03765459427432004,0.01777913292069328
57.0,ethyl_paraoxon,Mira-2,Pendar-2,session2_row351,session1_row183,False,3,0.07190563636511983,0.05564642909141373,0.016259207273706104
57.0,ethyl_paraoxon,Pendar-2,Pendar-3,session1_row183,session2_row359,False,-1,0.1225331731765746,0.1221301482353144,0.0004030249412601966
57.0,ethyl_paraoxon,Pendar-2,Pendar-3,session1_row183,session2_row362,False,-2,0.13889954389992848,0.10844672703535596,0.03045281686457252
57.0,ethyl_paraoxon,Mira-2,Pendar-2,session3_row130,session1_row183,False,-5,0.0275448057207713,-0.008432895509446054,0.03597770123021735
57.0,ethyl_paraoxon,Mira-2,Pendar-2,session1_row229,session1_row200,False,1,0.1305091694551225,0.12556825997531257,0.004940909479809935
57.0,ethyl_paraoxon,Pendar-2,RMX-1,session1_row200,session2_row337,False,-2,0.17065710930078268,0.15441246140661813,0.01624464789416455
57.0,ethyl_paraoxon,Mira-2,Pendar-2,session2_row341,session1_row200,False,2,0.11336526849447731,0.10742014049733255,0.005945127997144764
57.0,ethyl_paraoxon,Agilent-3,Pendar-2,session2_row342,session1_row200,False,0,0.14969795444945952,0.14969795444945952,0.0
57.0,ethyl_paraoxon,Pendar-2,RMX-1,session1_row200,session2_row348,False,-5,0.02804182355318025,-0.004936830769476904,0.032978654322657154
57.0,ethyl_paraoxon,Mira-2,Pendar-2,session2_row350,session1_row200,False,-4,0.009454860582495297,0.005089269804675875,0.0043655907778194225
57.0,ethyl_paraoxon,Mira-2,Pendar-2,session2_row351,session1_row200,False,0,0.03348549536479254,0.03348549536479254,0.0
57.0,ethyl_paraoxon,Pendar-2,Pendar-3,session1_row200,session2_row359,False,1,0.019881369085867618,0.01647116613224291,0.003410202953624708
57.0,ethyl_paraoxon,Pendar-2,Pendar-3,session1_row200,session2_row362,False,-1,0.07700885925666756,0.06984351597992718,0.007165343276740385
57.0,ethyl_paraoxon,Mira-2,Pendar-2,session3_row130,session1_row200,False,0,0.14198226161711028,0.14198226161711028,0.0
57.0,ethyl_paraoxon,Mira-2,RMX-1,session1_row229,session2_row337,True,0,0.8701629349323015,0.8701629349323015,0.0
57.0,ethyl_paraoxon,Agilent-3,Mira-2,session2_row342,session1_row229,False,-1,0.8767257873444951,0.8742779200943233,0.0024478672501718757
57.0,ethyl_paraoxon,Mira-2,RMX-1,session1_row229,session2_row348,True,1,0.2820639883340783,0.2809365411886273,0.0011274471454509882
57.0,ethyl_paraoxon,Mira-2,Pendar-3,session1_row229,session2_row359,False,5,0.13051396383302621,0.05303865654643156,0.07747530728659466
57.0,ethyl_paraoxon,Mira-2,Pendar-3,session1_row229,session2_row362,False,5,0.12313541540191388,0.025463968380260642,0.09767144702165323
57.0,ethyl_paraoxon,Mira-2,Pendar-2,session1_row229,session3_row13,False,-1,0.26392749452187403,0.26220441581927617,0.0017230787025978578
57.0,ethyl_paraoxon,Mira-2,RMX-1,session2_row341,session2_row337,True,2,0.8327963561919296,0.8008977313603415,0.03189862483158812
57.0,ethyl_paraoxon,Agilent-3,RMX-1,session2_row342,session2_row337,False,0,0.8929538087089087,0.8929538087089087,0.0
57.0,ethyl_paraoxon,Mira-2,RMX-1,session2_row350,session2_row337,True,-5,0.0650710755893168,0.0165872853466143,0.048483790242702496
57.0,ethyl_paraoxon,Mira-2,RMX-1,session2_row351,session2_row337,True,-4,0.20611491226950468,0.18795464083567223,0.018160271433832448
57.0,ethyl_paraoxon,Pendar-3,RMX-1,session2_row359,session2_row337,False,-5,0.1379957380886785,0.026206971310382406,0.11178876677829608
57.0,ethyl_paraoxon,Pendar-3,RMX-1,session2_row362,session2_row337,False,-5,0.14043536083796754,0.0019587258533906703,0.13847663498457688
57.0,ethyl_paraoxon,Pendar-2,RMX-1,session3_row13,session2_row337,False,1,0.29465190844534633,0.2875468985630535,0.007105009882292845
57.0,ethyl_paraoxon,Mira-2,RMX-1,session3_row130,session2_row337,True,-1,0.8678480086929462,0.8479135869073244,0.01993442178562177
57.0,ethyl_paraoxon,Agilent-3,Mira-2,session2_row342,session2_row341,False,-2,0.8521306624434727,0.805004439593847,0.04712622284962564
57.0,ethyl_paraoxon,Mira-2,RMX-1,session2_row341,session2_row348,True,3,0.2918989212729574,0.2809937503308051,0.01090517094215232
57.0,ethyl_paraoxon,Mira-2,Pendar-3,session2_row341,session2_row359,False,5,0.08461249769460959,0.0024017359495518216,0.08221076174505776
57.0,ethyl_paraoxon,Mira-2,Pendar-3,session2_row341,session2_row362,False,5,0.09051445533660472,-0.015914288355169722,0.10642874369177445
57.0,ethyl_paraoxon,Mira-2,Pendar-2,session2_row341,session3_row13,False,1,0.2400930991272744,0.23839490571938202,0.0016981934078923733
57.0,ethyl_paraoxon,Agilent-3,RMX-1,session2_row342,session2_row348,False,-2,0.2004547787546093,0.19771336602639988,0.002741412728209408
57.0,ethyl_paraoxon,Agilent-3,Mira-2,session2_row342,session2_row350,False,5,0.03758992962924551,-0.005449846519452413,0.043039776148697924
57.0,ethyl_paraoxon,Agilent-3,Mira-2,session2_row342,session2_row351,False,0,0.12236031691903823,0.12236031691903823,0.0
57.0,ethyl_paraoxon,Agilent-3,Pendar-3,session2_row342,session2_row359,False,5,0.07814173900725138,0.0452819908638593,0.032859748143392084
57.0,ethyl_paraoxon,Agilent-3,Pendar-3,session2_row342,session2_row362,False,5,0.13446737607760112,0.03856338843340449,0.09590398764419664
57.0,ethyl_paraoxon,Agilent-3,Pendar-2,session2_row342,session3_row13,False,-1,0.29105957663494403,0.29096322231788135,9.635431706267461e-05
57.0,ethyl_paraoxon,Agilent-3,Mira-2,session2_row342,session3_row130,False,0,0.802115622298726,0.802115622298726,0.0
57.0,ethyl_paraoxon,Mira-2,RMX-1,session2_row350,session2_row348,True,2,0.14058530977400394,0.1359417168111299,0.0046435929628740324
57.0,ethyl_paraoxon,Mira-2,RMX-1,session2_row351,session2_row348,True,3,0.8065514886265833,0.7773791778852871,0.029172310741296226
57.0,ethyl_paraoxon,Pendar-3,RMX-1,session2_row359,session2_row348,False,1,0.1656185673757325,0.1565603948247101,0.009058172551022398
57.0,ethyl_paraoxon,Pendar-3,RMX-1,session2_row362,session2_row348,False,-2,0.1639237438063543,0.15265392425831978,0.011269819548034521
57.0,ethyl_paraoxon,Pendar-2,RMX-1,session3_row13,session2_row348,False,2,0.06689304926847782,0.05743919719054193,0.009453852077935893
57.0,ethyl_paraoxon,Mira-2,RMX-1,session3_row130,session2_row348,True,0,0.25067627205509124,0.25067627205509124,0.0
57.0,ethyl_paraoxon,Mira-2,Pendar-3,session2_row350,session2_row359,False,5,0.050728331172178925,-0.0020237280925106457,0.05275205926468957
57.0,ethyl_paraoxon,Mira-2,Pendar-3,session2_row350,session2_row362,False,5,-0.007679143293254218,-0.014693469377602153,0.007014326084347935
57.0,ethyl_paraoxon,Mira-2,Pendar-2,session2_row350,session3_row13,False,-5,0.07628132436497863,-0.07912435786869514,0.15540568223367376
57.0,ethyl_paraoxon,Mira-2,Pendar-3,session2_row351,session2_row359,False,1,0.13173311920686487,0.12954751782740853,0.0021856013794563367
57.0,ethyl_paraoxon,Mira-2,Pendar-3,session2_row351,session2_row362,False,2,0.11717807344457462,0.11205114549254183,0.005126927952032789
57.0,ethyl_paraoxon,Mira-2,Pendar-2,session2_row351,session3_row13,False,-3,0.043333373208555404,0.03639145875698791,0.006941914451567492
57.0,ethyl_paraoxon,Pendar-2,Pendar-3,session3_row13,session2_row359,False,-5,0.07201586422491718,-0.03783626036894059,0.10985212459385776
57.0,ethyl_paraoxon,Mira-2,Pendar-3,session3_row130,session2_row359,False,3,0.08901057790047885,0.05677296091558315,0.0322376169848957
57.0,ethyl_paraoxon,Pendar-2,Pendar-3,session3_row13,session2_row362,False,5,0.08678805098933712,0.012041486086788847,0.07474656490254827
57.0,ethyl_paraoxon,Mira-2,Pendar-3,session3_row130,session2_row362,False,5,0.12626062119984963,0.031467676965354976,0.09479294423449465
57.0,ethyl_paraoxon,Mira-2,Pendar-2,session3_row130,session3_row13,False,-1,0.2418068602131814,0.23507073181737534,0.0067361283958060625
58.0,4_nitrophenol,Pendar-2,RMX-1,session1_row210,session1_row214,True,-1,0.8742337868840251,0.8698392732465745,0.004394513637450581
58.0,4_nitrophenol,Pendar-2,RMX-1,session1_row210,session1_row218,True,-1,0.9110266838708161,0.9065900773760664,0.00443660649474964
58.0,4_nitrophenol,Mira-2,Pendar-2,session1_row234,session1_row210,True,-1,0.9303982328839757,0.9273464153832626,0.00305181750071315
58.0,4_nitrophenol,Pendar-2,RMX-1,session1_row210,session2_row370,True,-1,0.9083997502124008,0.9035972440688523,0.004802506143548491
58.0,4_nitrophenol,Pendar-2,Pendar-3,session1_row210,session2_row371,True,0,0.7128120110787546,0.7128120110787546,0.0
58.0,4_nitrophenol,Mira-2,Pendar-2,session2_row379,session1_row210,True,3,0.9047388732976609,0.8546952405467092,0.050043632750951694
58.0,4_nitrophenol,Pendar-2,Pendar-3,session1_row210,session2_row383,False,4,0.044704473211487274,0.014638701228114845,0.03006577198337243
58.0,4_nitrophenol,Mira-2,Pendar-2,session2_row388,session1_row210,True,4,0.2616878608396025,0.23795437812707626,0.023733482712526233
58.0,4_nitrophenol,Pendar-2,RMX-1,session1_row210,session2_row392,True,-4,0.24185494710632977,0.21752398201704515,0.024330965089284617
58.0,4_nitrophenol,Pendar-2,RMX-1,session1_row210,session3_row135,True,0,0.8768057490517485,0.8768057490517485,0.0
58.0,4_nitrophenol,Mira-2,Pendar-2,session3_row136,session1_row210,True,-1,0.8598825763003117,0.8589470910237287,0.0009354852765830479
58.0,4_nitrophenol,Mira-2,RMX-1,session1_row234,session1_row214,True,-1,0.89584472972418,0.8809679202256364,0.01487680949854353
58.0,4_nitrophenol,Pendar-2,RMX-1,session1_row246,session1_row214,True,-1,0.7969446061223414,0.792561319423951,0.004383286698390387
58.0,4_nitrophenol,Pendar-2,RMX-1,session1_row247,session1_row214,False,3,0.3670307256727322,0.2971393526834571,0.06989137298927511
58.0,4_nitrophenol,Pendar-3,RMX-1,session2_row371,session1_row214,True,-1,0.6896629753018323,0.686704533980406,0.0029584413214263083
58.0,4_nitrophenol,Mira-2,RMX-1,session2_row379,session1_row214,True,2,0.8767286658956088,0.8466755580982681,0.030053107797340717
58.0,4_nitrophenol,Pendar-3,RMX-1,session2_row383,session1_row214,False,4,0.034731754903535035,0.02746605184061883,0.007265703062916205
58.0,4_nitrophenol,Mira-2,RMX-1,session2_row388,session1_row214,True,4,0.28346761396424336,0.26549606057581393,0.01797155338842943
58.0,4_nitrophenol,Pendar-2,RMX-1,session3_row57,session1_row214,False,-1,0.5226655480531772,0.5184780422271066,0.004187505826070637
58.0,4_nitrophenol,Mira-2,RMX-1,session3_row136,session1_row214,True,-1,0.8507730703474937,0.8411113131204814,0.009661757227012346
58.0,4_nitrophenol,Mira-2,RMX-1,session1_row234,session1_row218,True,-1,0.9215111410837632,0.9071543382005542,0.014356802883208952
58.0,4_nitrophenol,Pendar-2,RMX-1,session1_row246,session1_row218,True,-1,0.87204247166119,0.871092132346065,0.0009503393151250039
58.0,4_nitrophenol,Pendar-2,RMX-1,session1_row247,session1_row218,False,3,0.43332984944600894,0.36770540791178014,0.0656244415342288
58.0,4_nitrophenol,Pendar-3,RMX-1,session2_row371,session1_row218,True,-1,0.704058366990792,0.7039326395681051,0.0001257274226869054
58.0,4_nitrophenol,Mira-2,RMX-1,session2_row379,session1_row218,True,2,0.9311855372672252,0.8988944540860109,0.03229108318121432
58.0,4_nitrophenol,Pendar-3,RMX-1,session2_row383,session1_row218,False,-1,0.045212459214701524,0.04207578978870447,0.003136669425997052
58.0,4_nitrophenol,Mira-2,RMX-1,session2_row388,session1_row218,True,4,0.2889931733270126,0.2704748325604979,0.01851834076651465
58.0,4_nitrophenol,Pendar-2,RMX-1,session3_row57,session1_row218,False,-1,0.5695503627699394,0.561111261226387,0.00843910154355243
58.0,4_nitrophenol,Mira-2,RMX-1,session3_row136,session1_row218,True,-1,0.9259741006143933,0.9093649492214246,0.016609151392968702
58.0,4_nitrophenol,Mira-2,Pendar-2,session1_row234,session1_row246,True,-1,0.8417546231018586,0.8344673894849949,0.007287233616863675
58.0,4_nitrophenol,Mira-2,Pendar-2,session1_row234,session1_row247,False,-5,0.36360543606813556,0.21884275092522415,0.1447626851429114
58.0,4_nitrophenol,Mira-2,RMX-1,session1_row234,session2_row370,True,-1,0.9406086418076584,0.9236046078567042,0.017004033950954178
58.0,4_nitrophenol,Mira-2,Pendar-3,session1_row234,session2_row371,True,-1,0.7400330813271356,0.7364653294699013,0.003567751857234347
58.0,4_nitrophenol,Mira-2,Pendar-3,session1_row234,session2_row383,False,-5,0.0316010952332667,0.0273135674646332,0.0042875277686335
58.0,4_nitrophenol,Mira-2,RMX-1,session1_row234,session2_row392,True,-5,0.26342449060579615,0.24090772328302362,0.022516767322772524
58.0,4_nitrophenol,Mira-2,Pendar-2,session1_row234,session3_row57,False,-1,0.5115312804315684,0.5079764162980825,0.0035548641334858244
58.0,4_nitrophenol,Mira-2,RMX-1,session1_row234,session3_row135,True,-1,0.9124788396339697,0.8991794189254935,0.013299420708476228
58.0,4_nitrophenol,Pendar-2,RMX-1,session1_row246,session2_row370,True,0,0.8692607946686375,0.8692607946686375,0.0
58.0,4_nitrophenol,Pendar-2,Pendar-3,session1_row246,session2_row371,True,-1,0.6714466795051162,0.6672007541497155,0.004245925355400693
58.0,4_nitrophenol,Mira-2,Pendar-2,session2_row379,session1_row246,True,2,0.8604439865964164,0.8233831680601683,0.0370608185362481
58.0,4_nitrophenol,Pendar-2,Pendar-3,session1_row246,session2_row383,False,-5,0.03912692536074484,0.029320535796824622,0.009806389563920215
58.0,4_nitrophenol,Mira-2,Pendar-2,session2_row388,session1_row246,True,2,0.24869281903229165,0.24025000668639407,0.008442812345897582
58.0,4_nitrophenol,Pendar-2,RMX-1,session1_row246,session2_row392,True,-4,0.22414387398464022,0.19991489539272025,0.02422897859191997
58.0,4_nitrophenol,Pendar-2,RMX-1,session1_row246,session3_row135,True,0,0.8577484289458811,0.8577484289458811,0.0
58.0,4_nitrophenol,Mira-2,Pendar-2,session3_row136,session1_row246,True,-1,0.8388726001916752,0.8281471878715668,0.010725412320108374
58.0,4_nitrophenol,Pendar-2,RMX-1,session1_row247,session2_row370,False,3,0.4475066099080097,0.3736475670624585,0.07385904284555123
58.0,4_nitrophenol,Pendar-2,Pendar-3,session1_row247,session2_row371,False,4,0.30055930552718446,0.2329282562508456,0.06763104927633887
58.0,4_nitrophenol,Mira-2,Pendar-2,session2_row379,session1_row247,False,-2,0.4197822933886646,0.3943411311598852,0.025441162228779346
58.0,4_nitrophenol,Pendar-2,Pendar-3,session1_row247,session2_row383,False,0,0.07539598909525427,0.07539598909525427,0.0
58.0,4_nitrophenol,Mira-2,Pendar-2,session2_row388,session1_row247,False,0,0.1488685284060857,0.1488685284060857,0.0
58.0,4_nitrophenol,Pendar-2,RMX-1,session1_row247,session2_row392,False,0,0.10932648957392589,0.10932648957392589,0.0
58.0,4_nitrophenol,Pendar-2,RMX-1,session1_row247,session3_row135,False,5,0.4555964127021802,0.3409433528923526,0.1146530598098276
58.0,4_nitrophenol,Mira-2,Pendar-2,session3_row136,session1_row247,False,-5,0.4429159581713312,0.27889558970062084,0.1640203684707104
58.0,4_nitrophenol,Pendar-3,RMX-1,session2_row371,session2_row370,True,-1,0.7179174720305312,0.7151731207154987,0.0027443513150325893
58.0,4_nitrophenol,Mira-2,RMX-1,session2_row379,session2_row370,True,2,0.973470590534815,0.9375098339670724,0.03596075656774256
58.0,4_nitrophenol,Pendar-3,RMX-1,session2_row383,session2_row370,False,5,0.046615491729743386,0.03369624059591232,0.012919251133831064
58.0,4_nitrophenol,Mira-2,RMX-1,session2_row388,session2_row370,True,4,0.29696111280124693,0.27698162550710553,0.019979487294141396
58.0,4_nitrophenol,Pendar-2,RMX-1,session3_row57,session2_row370,False,-1,0.5832366739190838,0.5803989129791275,0.0028377609399563575
58.0,4_nitrophenol,Mira-2,RMX-1,session3_row136,session2_row370,True,-1,0.9673091646724695,0.9533678542993866,0.013941310373082882
58.0,4_nitrophenol,Mira-2,Pendar-3,session2_row379,session2_row371,True,2,0.7231246629455895,0.6866816975080798,0.03644296543750969
58.0,4_nitrophenol,Mira-2,Pendar-3,session2_row388,session2_row371,True,3,0.21362757684604,0.19773021902965038,0.015897357816389623
58.0,4_nitrophenol,Pendar-3,RMX-1,session2_row371,session2_row392,True,0,0.18886624325897947,0.18886624325897947,0.0
58.0,4_nitrophenol,Pendar-2,Pendar-3,session3_row57,session2_row371,False,1,0.4265410565057352,0.41595175318836264,0.010589303317372567
58.0,4_nitrophenol,Pendar-3,RMX-1,session2_row371,session3_row135,True,-1,0.6995848951703387,0.6976513690787488,0.001933526091589921
58.0,4_nitrophenol,Mira-2,Pendar-3,session3_row136,session2_row371,True,-1,0.688184592821984,0.6876544628506618,0.0005301299713221796
58.0,4_nitrophenol,Mira-2,Pendar-3,session2_row379,session2_row383,False,-5,0.042806538489120076,0.024019307478674628,0.018787231010445448
58.0,4_nitrophenol,Mira-2,RMX-1,session2_row379,session2_row392,True,-1,0.26191604517545763,0.25939283083977455,0.0025232143356830883
58.0,4_nitrophenol,Mira-2,Pendar-2,session2_row379,session3_row57,False,3,0.5653509348217097,0.525313472181671,0.04003746264003871
58.0,4_nitrophenol,Mira-2,RMX-1,session2_row379,session3_row135,True,2,0.9466265371826107,0.8991739383185697,0.04745259886404096
58.0,4_nitrophenol,Mira-2,Pendar-3,session2_row388,session2_row383,False,2,0.1352759448281233,0.13329765893544798,0.001978285892675319
58.0,4_nitrophenol,Pendar-3,RMX-1,session2_row383,session2_row392,False,3,0.1141305487516166,0.09939090197460947,0.014739646777007134
58.0,4_nitrophenol,Pendar-2,Pendar-3,session3_row57,session2_row383,False,5,0.11047373499846139,-0.004280405680268179,0.11475414067872956
58.0,4_nitrophenol,Pendar-3,RMX-1,session2_row383,session3_row135,False,5,0.026789471398403365,0.01757799962313201,0.009211471775271353
58.0,4_nitrophenol,Mira-2,Pendar-3,session3_row136,session2_row383,False,-5,0.027673597265517522,0.025348765532576565,0.0023248317329409574
58.0,4_nitrophenol,Mira-2,RMX-1,session2_row388,session2_row392,True,3,0.760308180668201,0.7421931626965306,0.018115017971670477
58.0,4_nitrophenol,Mira-2,Pendar-2,session2_row388,session3_row57,False,3,0.13280472674681346,0.12472100915483134,0.00808371759198212
58.0,4_nitrophenol,Mira-2,RMX-1,session2_row388,session3_row135,True,4,0.28596795424871885,0.25478361140927425,0.0311843428394446
58.0,4_nitrophenol,Pendar-2,RMX-1,session3_row57,session2_row392,False,-4,0.12558543811445597,0.10850373558744798,0.017081702527007983
58.0,4_nitrophenol,Mira-2,RMX-1,session3_row136,session2_row392,True,-5,0.25963514862438886,0.22898947946028503,0.030645669164103828
58.0,4_nitrophenol,Pendar-2,RMX-1,session3_row57,session3_row135,False,-1,0.6118909902355731,0.6110771397534673,0.0008138504821058046
58.0,4_nitrophenol,Mira-2,Pendar-2,session3_row136,session3_row57,False,-1,0.5895187904351993,0.5844769872549824,0.005041803180216853
58.0,4_nitrophenol,Mira-2,RMX-1,session3_row136,session3_row135,True,-1,0.9705762801533072,0.9594577920565386,0.01111848809676863
59.0,4_nitrophenol,Pendar-2,RMX-1,session1_row211,session1_row215,True,-1,0.6744216081263864,0.6699682636501793,0.004453344476207155
59.0,4_nitrophenol,Mira-2,Pendar-2,session1_row235,session1_row211,True,0,0.6628015545658634,0.6628015545658634,0.0
59.0,4_nitrophenol,Pendar-2,RMX-1,session1_row211,session2_row372,True,1,0.32474430078216376,0.3156175324782827,0.009126768303881039
59.0,4_nitrophenol,Pendar-2,Pendar-3,session1_row211,session2_row373,False,-4,0.16184939432847603,0.10122184580823952,0.06062754852023651
59.0,4_nitrophenol,Pendar-2,Pendar-3,session1_row211,session2_row376,False,-3,0.17139964201808067,0.16598639608376933,0.005413245934311334
59.0,4_nitrophenol,Mira-2,Pendar-2,session2_row380,session1_row211,True,1,0.4010896536456846,0.39861924867076365,0.002470404974920959
59.0,4_nitrophenol,Mira-2,Pendar-2,session2_row389,session1_row211,True,5,0.14823084358064323,0.13986596774256166,0.00836487583808157
59.0,4_nitrophenol,Pendar-2,RMX-1,session1_row211,session2_row394,True,-4,0.08582457129219323,0.0720056592326361,0.013818912059557126
59.0,4_nitrophenol,Mira-2,Pendar-2,session3_row141,session1_row211,True,-5,0.116452040105924,0.056843462002460855,0.05960857810346314
59.0,4_nitrophenol,Mira-2,RMX-1,session1_row235,session1_row215,True,-1,0.9676722951883024,0.9631863572242659,0.004485937964036513
59.0,4_nitrophenol,Pendar-2,RMX-1,session1_row248,session1_row215,False,1,0.3077017480636285,0.2977826907468425,0.009919057316785995
59.0,4_nitrophenol,Pendar-2,RMX-1,session1_row249,session1_row215,False,5,0.06161501282794331,-0.04857854683493977,0.11019355966288308
59.0,4_nitrophenol,Pendar-3,RMX-1,session2_row373,session1_row215,False,-2,0.1553263475683586,0.1488645321515025,0.006461815416856115
59.0,4_nitrophenol,Pendar-3,RMX-1,session2_row376,session1_row215,False,-5,0.17657066609939703,0.16866090068989806,0.007909765409498976
59.0,4_nitrophenol,Mira-2,RMX-1,session2_row380,session1_row215,True,0,0.5411920274254874,0.5411920274254874,0.0
59.0,4_nitrophenol,Mira-2,RMX-1,session2_row389,session1_row215,True,5,0.19856357471201622,0.1750185916674796,0.023544983044536616
59.0,4_nitrophenol,Pendar-2,RMX-1,session3_row58,session1_row215,False,-5,-0.003810350353944627,-0.027010226111050684,0.023199875757106057
59.0,4_nitrophenol,Mira-2,RMX-1,session3_row141,session1_row215,True,-3,0.10106994296411097,0.09462506810720868,0.0064448748569022885
59.0,4_nitrophenol,Mira-2,Pendar-2,session1_row235,session1_row248,False,-2,0.3016225210456101,0.2898004573776869,0.01182206366792321
59.0,4_nitrophenol,Mira-2,Pendar-2,session1_row235,session1_row249,False,-5,0.04129315920171721,-0.062149248315696876,0.10344240751741408
59.0,4_nitrophenol,Mira-2,RMX-1,session1_row235,session2_row372,True,1,0.3811941211689232,0.37670533802430134,0.004488783144621866
59.0,4_nitrophenol,Mira-2,Pendar-3,session1_row235,session2_row373,False,0,0.1231733328124744,0.1231733328124744,0.0
59.0,4_nitrophenol,Mira-2,Pendar-3,session1_row235,session2_row376,False,2,0.18793568092896457,0.18239418894024656,0.005541491988718006
59.0,4_nitrophenol,Mira-2,RMX-1,session1_row235,session2_row394,True,-5,0.14809140163838247,0.1350319648375905,0.013059436800791968
59.0,4_nitrophenol,Mira-2,Pendar-2,session1_row235,session3_row58,False,5,0.017302813910452096,-0.024516281771576276,0.04181909568202837
59.0,4_nitrophenol,Pendar-2,RMX-1,session1_row248,session2_row372,False,1,0.08826003334369181,0.08744174553498765,0.0008182878087041601
59.0,4_nitrophenol,Pendar-2,Pendar-3,session1_row248,session2_row373,False,-5,0.12338584411048278,-0.04407814389578385,0.16746398800626663
59.0,4_nitrophenol,Pendar-2,Pendar-3,session1_row248,session2_row376,False,-1,0.05382872311132475,0.053755603082799405,7.312002852534472e-05
59.0,4_nitrophenol,Mira-2,Pendar-2,session2_row380,session1_row248,False,-5,0.14261058476154273,0.11314253369829268,0.029468051063250053
59.0,4_nitrophenol,Mira-2,Pendar-2,session2_row389,session1_row248,False,5,0.06305482125313248,0.03015666165406519,0.03289815959906729
59.0,4_nitrophenol,Pendar-2,RMX-1,session1_row248,session2_row394,False,-1,0.03260611287782497,0.0316721444230287,0.0009339684547962704
59.0,4_nitrophenol,Mira-2,Pendar-2,session3_row141,session1_row248,False,0,0.018994882345368568,0.018994882345368568,0.0
59.0,4_nitrophenol,Pendar-2,RMX-1,session1_row249,session2_row372,False,-5,0.006838602069540711,-0.015908235277148554,0.022746837346689266
59.0,4_nitrophenol,Pendar-2,Pendar-3,session1_row249,session2_row373,False,1,0.06546636587179969,0.0510224930470656,0.01444387282473409
59.0,4_nitrophenol,Pendar-2,Pendar-3,session1_row249,session2_row376,False,5,0.0633634451991692,-0.008712959713652534,0.07207640491282173
59.0,4_nitrophenol,Mira-2,Pendar-2,session2_row380,session1_row249,False,-5,0.04382655123920824,-0.001563472775839728,0.04539002401504797
59.0,4_nitrophenol,Mira-2,Pendar-2,session2_row389,session1_row249,False,-4,0.03971745914768534,0.012636273960458431,0.027081185187226908
59.0,4_nitrophenol,Pendar-2,RMX-1,session1_row249,session2_row394,False,3,0.040519803414845686,0.025868616034804816,0.01465118738004087
59.0,4_nitrophenol,Mira-2,Pendar-2,session3_row141,session1_row249,False,-4,0.023210364023316565,0.007461024806938495,0.01574933921637807
59.0,4_nitrophenol,Pendar-3,RMX-1,session2_row373,session2_row372,False,-1,0.3124299764651268,0.3100826003995475,0.002347376065579332
59.0,4_nitrophenol,Pendar-3,RMX-1,session2_row376,session2_row372,False,-1,0.5184451066454195,0.5145465942938524,0.0038985123515671294
59.0,4_nitrophenol,Mira-2,RMX-1,session2_row380,session2_row372,True,1,0.5427126257742687,0.5302041724832199,0.012508453291048771
59.0,4_nitrophenol,Mira-2,RMX-1,session2_row389,session2_row372,True,-5,0.21306007513071432,0.19603019157787602,0.0170298835528383
59.0,4_nitrophenol,Pendar-2,RMX-1,session3_row58,session2_row372,False,3,0.09589584710072739,0.044072403470754716,0.051823443629972675
59.0,4_nitrophenol,Mira-2,RMX-1,session3_row141,session2_row372,True,-1,0.5710782816120976,0.5626641190849107,0.008414162527186964
59.0,4_nitrophenol,Mira-2,Pendar-3,session2_row380,session2_row373,False,3,0.26115532877906705,0.2214754179434396,0.03967991083562744
59.0,4_nitrophenol,Mira-2,Pendar-3,session2_row389,session2_row373,False,3,0.08050276996545146,0.06737445075187806,0.013128319213573394
59.0,4_nitrophenol,Pendar-3,RMX-1,session2_row373,session2_row394,False,-5,0.022780293111317386,0.008038789738628234,0.014741503372689152
59.0,4_nitrophenol,Pendar-2,Pendar-3,session3_row58,session2_row373,False,-5,0.0493660127575217,-0.0311240424610256,0.0804900552185473
59.0,4_nitrophenol,Mira-2,Pendar-3,session3_row141,session2_row373,False,2,0.16080234661083934,0.15517017384025508,0.005632172770584254
59.0,4_nitrophenol,Mira-2,Pendar-3,session2_row380,session2_row376,False,2,0.3136574705557555,0.29556841477667545,0.018089055779080043
59.0,4_nitrophenol,Mira-2,Pendar-3,session2_row389,session2_row376,False,-4,0.12847450142994507,0.11597532385357587,0.012499177576369203
59.0,4_nitrophenol,Pendar-3,RMX-1,session2_row376,session2_row394,False,1,0.06885055020416524,0.06638935875725907,0.0024611914469061663
59.0,4_nitrophenol,Pendar-2,Pendar-3,session3_row58,session2_row376,False,-5,0.018212882841898065,-0.013473912845736177,0.031686795687634245
59.0,4_nitrophenol,Mira-2,Pendar-3,session3_row141,session2_row376,False,1,0.30592154731119964,0.30157980118857985,0.004341746122619783
59.0,4_nitrophenol,Mira-2,RMX-1,session2_row380,session2_row394,True,-3,0.2677443797648538,0.2646496592930632,0.003094720471790602
59.0,4_nitrophenol,Mira-2,Pendar-2,session2_row380,session3_row58,False,5,0.03373539715244586,0.006876171641955493,0.02685922551049037
59.0,4_nitrophenol,Mira-2,RMX-1,session2_row389,session2_row394,True,5,0.6997920479004859,0.6629427055584456,0.03684934234204029
59.0,4_nitrophenol,Mira-2,Pendar-2,session2_row389,session3_row58,False,-3,0.058786289001485546,0.03879432259324999,0.019991966408235556
59.0,4_nitrophenol,Pendar-2,RMX-1,session3_row58,session2_row394,False,5,0.009915851715442552,-0.022645501350573888,0.032561353066016444
59.0,4_nitrophenol,Mira-2,RMX-1,session3_row141,session2_row394,True,5,0.2111358743883203,0.19220690764779697,0.01892896674052333
59.0,4_nitrophenol,Mira-2,Pendar-2,session3_row141,session3_row58,False,-5,0.06665029697059287,0.010367546035595584,0.05628275093499728
60.0,ethanol,Mira-2,Pendar-2,session1_row236,session1_row212,False,-1,0.0729183152967583,0.07083549818829787,0.002082817108460422
60.0,ethanol,Pendar-2,RMX-1,session1_row212,session2_row374,False,-5,0.03951351400691856,0.014298946815274934,0.02521456719164363
60.0,ethanol,Pendar-2,Pendar-3,session1_row212,session2_row375,False,-5,0.1366909621299549,-0.08789634591657094,0.22458730804652585
60.0,ethanol,Mira-2,Pendar-2,session2_row381,session1_row212,False,0,0.11319805777338185,0.11319805777338185,0.0
60.0,ethanol,Pendar-2,Pendar-3,session1_row212,session2_row386,False,0,0.1586708382211775,0.1586708382211775,0.0
60.0,ethanol,Pendar-2,RMX-1,session1_row212,session2_row390,False,-3,0.0012796797829967145,-0.0036973506763401864,0.0049770304593369005
60.0,ethanol,Mira-2,Pendar-2,session2_row391,session1_row212,False,-5,0.009115616592430056,-0.02369838631445265,0.0328140029068827
60.0,ethanol,Mira-2,Pendar-2,session3_row139,session1_row212,False,4,0.035303614808656826,0.014044896866997081,0.021258717941659747
60.0,ethanol,Mira-2,RMX-1,session1_row236,session2_row374,True,0,0.17100312032154538,0.17100312032154538,0.0
60.0,ethanol,Mira-2,Pendar-3,session1_row236,session2_row375,False,3,0.04153410098116075,0.030673749731181324,0.010860351249979423
60.0,ethanol,Mira-2,Pendar-3,session1_row236,session2_row386,False,-5,0.050852401811710135,0.021669979658546043,0.029182422153164092
60.0,ethanol,Mira-2,RMX-1,session1_row236,session2_row390,False,-5,0.2753980686989325,0.25126423386358093,0.024133834835351586
60.0,ethanol,Mira-2,Pendar-2,session1_row236,session3_row59,False,5,0.04605415329694993,0.033504663471598195,0.012549489825351735
60.0,ethanol,Pendar-3,RMX-1,session2_row375,session2_row374,False,-2,0.09450690277224465,0.08391968309244978,0.010587219679794868
60.0,ethanol,Mira-2,RMX-1,session2_row381,session2_row374,True,0,0.3937463246251675,0.3937463246251675,0.0
60.0,ethanol,Pendar-3,RMX-1,session2_row386,session2_row374,False,5,0.12310580106772896,0.04672000092365211,0.07638580014407685
60.0,ethanol,Mira-2,RMX-1,session2_row391,session2_row374,True,-2,0.09325812805105056,0.09102086816571736,0.002237259885333201
60.0,ethanol,Pendar-2,RMX-1,session3_row59,session2_row374,False,-1,0.14337470242915082,0.14093004704399972,0.0024446553851510955
60.0,ethanol,Mira-2,RMX-1,session3_row139,session2_row374,True,0,0.15913446501532058,0.15913446501532058,0.0
60.0,ethanol,Mira-2,Pendar-3,session2_row381,session2_row375,False,-4,0.048208968767598094,0.027201907693343016,0.021007061074255078
60.0,ethanol,Pendar-3,RMX-1,session2_row375,session2_row390,False,2,0.03008430721440703,0.023393213517417476,0.006691093696989555
60.0,ethanol,Mira-2,Pendar-3,session2_row391,session2_row375,False,-3,0.020567770253288858,0.01628486870034615,0.004282901552942708
60.0,ethanol,Pendar-2,Pendar-3,session3_row59,session2_row375,False,-4,0.16814643685822692,0.060363221688487706,0.10778321516973921
60.0,ethanol,Mira-2,Pendar-3,session3_row139,session2_row375,False,-2,0.030972984062029765,0.02092549120760314,0.010047492854426625
60.0,ethanol,Mira-2,Pendar-3,session2_row381,session2_row386,False,-2,0.08056210209730642,0.061033804235740535,0.019528297861565888
60.0,ethanol,Mira-2,RMX-1,session2_row381,session2_row390,False,-1,0.301881704986604,0.3013785191268386,0.0005031858597653871
60.0,ethanol,Mira-2,Pendar-2,session2_row381,session3_row59,False,2,0.09668797459499986,0.08335694600004688,0.013331028594952984
60.0,ethanol,Pendar-3,RMX-1,session2_row386,session2_row390,False,1,0.07284460538261452,0.06910498826643043,0.0037396171161840908
60.0,ethanol,Mira-2,Pendar-3,session2_row391,session2_row386,False,-1,0.08981655473993973,0.08542120429183496,0.004395350448104768
60.0,ethanol,Pendar-2,Pendar-3,session3_row59,session2_row386,False,-3,0.08139299220873418,0.07731392479923511,0.004079067409499065
60.0,ethanol,Mira-2,Pendar-3,session3_row139,session2_row386,False,-2,0.009918800228420569,-0.0057958866846712165,0.015714686913091785
60.0,ethanol,Mira-2,RMX-1,session2_row391,session2_row390,False,3,0.7749402694894691,0.7529146746718084,0.022025594817660754
60.0,ethanol,Pendar-2,RMX-1,session3_row59,session2_row390,False,2,0.04516191067857212,0.041895535883996665,0.0032663747945754565
60.0,ethanol,Mira-2,RMX-1,session3_row139,session2_row390,False,1,0.2391254207442006,0.23788190273110985,0.0012435180130907497
60.0,ethanol,Mira-2,Pendar-2,session2_row391,session3_row59,False,1,0.04536718644280473,0.04332333144606765,0.0020438549967370795
60.0,ethanol,Mira-2,Pendar-2,session3_row139,session3_row59,False,-1,0.08045728507749828,0.07840546170923611,0.002051823368262165
61.0,ethyl_paraoxon,Mira-2,Pendar-2,session1_row237,session1_row213,False,-1,0.4515740561609705,0.43888262153928664,0.012691434621683872
61.0,ethyl_paraoxon,Pendar-2,RMX-1,session1_row213,session2_row377,False,1,0.12254611631892383,0.1193112905234143,0.00323482579550953
61.0,ethyl_paraoxon,Pendar-2,Pendar-3,session1_row213,session2_row378,False,3,0.12902208104363605,0.11232030160636129,0.016701779437274758
61.0,ethyl_paraoxon,Mira-2,Pendar-2,session2_row382,session1_row213,False,-2,0.11644962172393906,0.11318695444056606,0.0032626672833730025
61.0,ethyl_paraoxon,Mira-2,Pendar-2,session2_row385,session1_row213,False,-5,-0.003670204961155571,-0.021399657482826812,0.01772945252167124
61.0,ethyl_paraoxon,Pendar-2,Pendar-3,session1_row213,session2_row387,False,4,0.10702129198275946,0.0342370095247257,0.07278428245803376
61.0,ethyl_paraoxon,Mira-2,Pendar-2,session2_row393,session1_row213,False,4,0.0528725101631006,0.037399258481954994,0.015473251681145606
61.0,ethyl_paraoxon,Pendar-2,RMX-1,session1_row213,session2_row395,False,-1,0.15241532196249424,0.15185376754377922,0.0005615544187150268
61.0,ethyl_paraoxon,Pendar-2,RMX-1,session1_row213,session3_row128,False,2,0.1219643987311958,0.10958727832239004,0.012377120408805758
61.0,ethyl_paraoxon,Mira-2,Pendar-2,session3_row129,session1_row213,False,-4,0.11029888564680951,0.07972813204907957,0.03057075359772994
61.0,ethyl_paraoxon,Pendar-2,RMX-1,session1_row213,session3_row142,False,3,0.11504243901661411,0.09338846933974061,0.021653969676873497
61.0,ethyl_paraoxon,Mira-2,Pendar-2,session3_row143,session1_row213,False,-5,0.11349571876820379,0.07816688554827725,0.03532883321992654
61.0,ethyl_paraoxon,Mira-2,RMX-1,session1_row237,session2_row377,True,-3,0.5102031252055238,0.4728721422096762,0.037330982995847584
61.0,ethyl_paraoxon,Mira-2,Pendar-3,session1_row237,session2_row378,True,-2,0.47156797873048656,0.4473632077111999,0.02420477101928664
61.0,ethyl_paraoxon,Mira-2,Pendar-3,session1_row237,session2_row387,True,5,0.09438870912376902,0.07658236593051888,0.01780634319325014
61.0,ethyl_paraoxon,Mira-2,RMX-1,session1_row237,session2_row395,True,-2,0.5663872358270209,0.5364697648806248,0.029917470946396074
61.0,ethyl_paraoxon,Mira-2,Pendar-2,session1_row237,session3_row60,False,-2,0.23493154299766625,0.23014101177469928,0.004790531222966965
61.0,ethyl_paraoxon,Mira-2,RMX-1,session1_row237,session3_row128,True,-3,0.4889367854430654,0.44038675960494533,0.04855002583812007
61.0,ethyl_paraoxon,Mira-2,RMX-1,session1_row237,session3_row142,True,-3,0.48083607980386395,0.4286001700162615,0.05223590978760245
61.0,ethyl_paraoxon,Pendar-3,RMX-1,session2_row378,session2_row377,True,0,0.9612938385231192,0.9612938385231192,0.0
61.0,ethyl_paraoxon,Mira-2,RMX-1,session2_row382,session2_row377,True,2,0.9572091594523029,0.9263835412082077,0.030825618244095243
61.0,ethyl_paraoxon,Mira-2,RMX-1,session2_row385,session2_row377,True,-4,0.11015128026063989,0.08457235519513101,0.02557892506550888
61.0,ethyl_paraoxon,Pendar-3,RMX-1,session2_row387,session2_row377,True,5,0.12714212558738355,0.036306678987919,0.09083544659946455
61.0,ethyl_paraoxon,Mira-2,RMX-1,session2_row393,session2_row377,True,5,0.21505540230280276,0.18899322514374098,0.026062177159061783
61.0,ethyl_paraoxon,Pendar-2,RMX-1,session3_row60,session2_row377,False,0,0.47887878294838493,0.47887878294838493,0.0
61.0,ethyl_paraoxon,Mira-2,RMX-1,session3_row129,session2_row377,True,-1,0.9483743707805091,0.9334839541597573,0.014890416620751856
61.0,ethyl_paraoxon,Mira-2,RMX-1,session3_row143,session2_row377,True,-1,0.944446818510504,0.9283252316983052,0.016121586812198885
61.0,ethyl_paraoxon,Mira-2,Pendar-3,session2_row382,session2_row378,True,2,0.961388787502079,0.9361291936885963,0.02525959381348275
61.0,ethyl_paraoxon,Mira-2,Pendar-3,session2_row385,session2_row378,True,-2,0.10400445852479244,0.09125714352284801,0.012747315001944426
61.0,ethyl_paraoxon,Mira-2,Pendar-3,session2_row393,session2_row378,True,5,0.21912551731994098,0.20706671480253944,0.012058802517401546
61.0,ethyl_paraoxon,Pendar-3,RMX-1,session2_row378,session2_row395,True,0,0.807792658482782,0.807792658482782,0.0
61.0,ethyl_paraoxon,Pendar-2,Pendar-3,session3_row60,session2_row378,False,0,0.4880914596588679,0.4880914596588679,0.0
61.0,ethyl_paraoxon,Pendar-3,RMX-1,session2_row378,session3_row128,True,0,0.9429323602836797,0.9429323602836797,0.0
61.0,ethyl_paraoxon,Mira-2,Pendar-3,session3_row129,session2_row378,True,-1,0.9382725886309032,0.9250000145629562,0.013272574067947018
61.0,ethyl_paraoxon,Pendar-3,RMX-1,session2_row378,session3_row142,True,0,0.925491769840999,0.925491769840999,0.0
61.0,ethyl_paraoxon,Mira-2,Pendar-3,session3_row143,session2_row378,True,-1,0.932929313348632,0.9194596628325534,0.013469650516078624
61.0,ethyl_paraoxon,Mira-2,Pendar-3,session2_row382,session2_row387,True,-5,0.11665699828411631,0.05287242787912087,0.06378457040499544
61.0,ethyl_paraoxon,Mira-2,RMX-1,session2_row382,session2_row395,True,2,0.7746567450851489,0.7407677711072314,0.03388897397791757
61.0,ethyl_paraoxon,Mira-2,Pendar-2,session2_row382,session3_row60,False,2,0.5003877813509179,0.48642429967777157,0.013963481673146316
61.0,ethyl_paraoxon,Mira-2,RMX-1,session2_row382,session3_row128,True,2,0.9612384680352049,0.9204333685046999,0.04080509953050493
61.0,ethyl_paraoxon,Mira-2,RMX-1,session2_row382,session3_row142,True,2,0.9507882758995203,0.9120591845277995,0.03872909137172076
61.0,ethyl_paraoxon,Mira-2,Pendar-3,session2_row385,session2_row387,True,-5,0.18932981878361166,0.08164275295928751,0.10768706582432415
61.0,ethyl_paraoxon,Mira-2,RMX-1,session2_row385,session2_row395,True,-2,0.12504552193190216,0.11283073005163326,0.012214791880268902
61.0,ethyl_paraoxon,Mira-2,Pendar-2,session2_row385,session3_row60,False,-4,0.0738561795647916,0.05119057280136303,0.022665606763428568
61.0,ethyl_paraoxon,Mira-2,RMX-1,session2_row385,session3_row128,True,-5,0.08279971709745625,0.06202362832991098,0.02077608876754527
61.0,ethyl_paraoxon,Mira-2,RMX-1,session2_row385,session3_row142,True,-4,0.09181856051787977,0.06081021421455617,0.0310083463033236
61.0,ethyl_paraoxon,Mira-2,Pendar-3,session2_row393,session2_row387,True,-2,0.25359298897979593,0.24368001731942873,0.009912971660367198
61.0,ethyl_paraoxon,Pendar-3,RMX-1,session2_row387,session2_row395,True,5,0.14680035628395494,0.09053009749634018,0.056270258787614755
61.0,ethyl_paraoxon,Pendar-2,Pendar-3,session3_row60,session2_row387,False,2,0.03606511317780176,0.01659537253635655,0.019469740641445212
61.0,ethyl_paraoxon,Pendar-3,RMX-1,session2_row387,session3_row128,True,5,0.07278630955070704,0.03811019332744623,0.03467611622326081
61.0,ethyl_paraoxon,Mira-2,Pendar-3,session3_row129,session2_row387,True,5,0.10989434155166683,0.04751845717423221,0.06237588437743462
61.0,ethyl_paraoxon,Pendar-3,RMX-1,session2_row387,session3_row142,True,5,0.06666172564471076,0.030987898335023856,0.035673827309686906
61.0,ethyl_paraoxon,Mira-2,Pendar-3,session3_row143,session2_row387,True,5,0.0985325710189572,0.032267632053702144,0.06626493896525505
61.0,ethyl_paraoxon,Mira-2,RMX-1,session2_row393,session2_row395,True,5,0.2009150473302246,0.18973916665733306,0.011175880672891547
61.0,ethyl_paraoxon,Mira-2,Pendar-2,session2_row393,session3_row60,False,-5,0.08777941384700723,0.07408583996129364,0.013693573885713586
61.0,ethyl_paraoxon,Mira-2,RMX-1,session2_row393,session3_row128,True,5,0.1980684184170577,0.1662016631091587,0.03186675530789898
61.0,ethyl_paraoxon,Mira-2,RMX-1,session2_row393,session3_row142,True,5,0.18945076673411876,0.1597463099761082,0.02970445675801056
61.0,ethyl_paraoxon,Pendar-2,RMX-1,session3_row60,session2_row395,False,1,0.35081512250016705,0.3478095870327843,0.0030055354673827472
61.0,ethyl_paraoxon,Mira-2,RMX-1,session3_row129,session2_row395,True,0,0.7482370833753895,0.7482370833753895,0.0
61.0,ethyl_paraoxon,Mira-2,RMX-1,session3_row143,session2_row395,True,0,0.73503882883184,0.73503882883184,0.0
61.0,ethyl_paraoxon,Pendar-2,RMX-1,session3_row60,session3_row128,False,0,0.4859017459938421,0.4859017459938421,0.0
61.0,ethyl_paraoxon,Mira-2,Pendar-2,session3_row129,session3_row60,False,-2,0.4911904997380714,0.47219560345638284,0.018994896281688545
61.0,ethyl_paraoxon,Pendar-2,RMX-1,session3_row60,session3_row142,False,1,0.49689993834487134,0.4960835126085247,0.0008164257363466598
61.0,ethyl_paraoxon,Mira-2,Pendar-2,session3_row143,session3_row60,False,-2,0.4906041932805304,0.473094578273871,0.017509615006659374
61.0,ethyl_paraoxon,Mira-2,RMX-1,session3_row129,session3_row128,True,-1,0.975050650999656,0.9599875726521349,0.015063078347521186
61.0,ethyl_paraoxon,Mira-2,RMX-1,session3_row143,session3_row128,True,-1,0.9695456187428775,0.9541262674541556,0.01541935128872185
61.0,ethyl_paraoxon,Mira-2,RMX-1,session3_row129,session3_row142,True,-1,0.9679735074523809,0.949832782821479,0.018140724630901883
61.0,ethyl_paraoxon,Mira-2,RMX-1,session3_row143,session3_row142,True,-1,0.9638126413967384,0.9452703784724054,0.01854226292433303
62.0,4_nitrophenol,Mira-2,RMX-1,session1_row254,session1_row250,True,0,0.9339405093741046,0.9339405093741046,0.0
62.0,4_nitrophenol,Pendar-2,RMX-1,session1_row258,session1_row250,True,0,0.9262997250995183,0.9262997250995183,0.0
62.0,4_nitrophenol,Pendar-2,RMX-1,session3_row69,session1_row250,False,1,0.5053761245511362,0.4958353538041204,0.009540770747015814
62.0,4_nitrophenol,Pendar-2,RMX-1,session3_row70,session1_row250,False,-1,0.5934053582310346,0.5896537274592604,0.003751630771774206
62.0,4_nitrophenol,Mira-2,RMX-1,session3_row99,session1_row250,True,-1,0.8570785572857792,0.8525317174320992,0.004546839853679985
62.0,4_nitrophenol,Mira-2,Pendar-2,session1_row254,session1_row258,True,0,0.9556226530102229,0.9556226530102229,0.0
62.0,4_nitrophenol,Mira-2,Pendar-2,session1_row254,session3_row69,False,-1,0.5412577171572426,0.5376925409389827,0.0035651762182599134
62.0,4_nitrophenol,Mira-2,Pendar-2,session1_row254,session3_row70,False,1,0.6185105385667574,0.6172965029768137,0.0012140355899437072
62.0,4_nitrophenol,Mira-2,RMX-1,session1_row254,session3_row98,True,0,0.9264368136752609,0.9264368136752609,0.0
62.0,4_nitrophenol,Pendar-2,RMX-1,session1_row258,session3_row98,True,0,0.9248128383935283,0.9248128383935283,0.0
62.0,4_nitrophenol,Mira-2,Pendar-2,session3_row99,session1_row258,True,-1,0.9102228370516312,0.894993563662419,0.015229273389212206
62.0,4_nitrophenol,Pendar-2,RMX-1,session3_row69,session3_row98,False,1,0.5717205464052943,0.5581224611976332,0.013598085207661148
62.0,4_nitrophenol,Mira-2,Pendar-2,session3_row99,session3_row69,False,-2,0.5617152942469087,0.5334368465366396,0.028278447710269106
62.0,4_nitrophenol,Pendar-2,RMX-1,session3_row70,session3_row98,False,0,0.6601289573873287,0.6601289573873287,0.0
62.0,4_nitrophenol,Mira-2,Pendar-2,session3_row99,session3_row70,False,-2,0.6599823551958685,0.6426849548141066,0.017297400381761863
62.0,4_nitrophenol,Mira-2,RMX-1,session3_row99,session3_row98,True,-1,0.9680173962950951,0.9559707837454424,0.012046612549652669
63.0,ethanol,Mira-2,Pendar-2,session1_row255,session1_row259,False,3,0.24390612359026678,0.21892472425076093,0.024981399339505855
63.0,ethanol,Mira-2,Pendar-2,session1_row255,session3_row71,False,5,0.0305488986753044,-0.015610870641025495,0.046159769316329896
63.0,ethanol,Mira-2,Pendar-2,session3_row103,session1_row259,False,2,0.18312537859873498,0.1631618901919877,0.019963488406747276
63.0,ethanol,Mira-2,Pendar-2,session3_row103,session3_row71,False,3,0.03107941977804995,0.020330020450460156,0.010749399327589795
64.0,ethanol,Mira-2,Pendar-2,session1_row256,session1_row260,False,5,0.10781415650977848,0.08102350972199607,0.02679064678778241
64.0,ethanol,Mira-2,Pendar-2,session1_row256,session3_row73,False,-5,0.08481821457635652,-0.014069197387184578,0.0988874119635411
64.0,ethanol,Mira-2,Pendar-2,session3_row101,session1_row260,False,-1,0.24847698287552042,0.24274624341624032,0.005730739459280099
64.0,ethanol,Mira-2,Pendar-2,session3_row101,session3_row73,False,-5,0.06726987368778915,0.014813000307397543,0.05245687338039161
65.0,ethyl_paraoxon,Mira-2,Pendar-2,session1_row257,session1_row261,False,2,0.5659653600987298,0.5251209318297182,0.04084442826901158
65.0,ethyl_paraoxon,Mira-2,Pendar-2,session1_row257,session3_row74,False,5,0.1359464430193618,0.06866587701883213,0.06728056600052966
65.0,ethyl_paraoxon,Mira-2,Pendar-2,session3_row105,session1_row261,False,0,0.4464257593197917,0.4464257593197917,0.0
65.0,ethyl_paraoxon,Mira-2,Pendar-2,session3_row105,session3_row74,False,3,0.18669849691798981,0.148839615906298,0.037858881011691825
66.0,ethyl_paraoxon,Mira-2,Pendar-2,session3_row162,session3_row82,False,1,0.12069198618461943,0.1202893362229276,0.0004026499616918283
67.0,4_nitrophenol,Pendar-2,RMX-1,session3_row83,session3_row166,True,0,0.7680983822232158,0.7680983822232158,0.0
67.0,4_nitrophenol,Mira-2,Pendar-2,session3_row167,session3_row83,True,-2,0.7741256062800033,0.7473902283167388,0.026735377963264417
67.0,4_nitrophenol,Mira-2,RMX-1,session3_row167,session3_row166,True,-1,0.9772530631940871,0.9602120144073454,0.01704104878674173
68.0,ethyl_paraoxon,Mira-2,Pendar-2,session3_row169,session3_row84,False,3,0.10863395163412484,0.09604426173874432,0.01258968989538052
69.0,ethanol,Mira-2,Pendar-2,session3_row164,session3_row86,False,-5,0.06310611526596832,0.04526875541122281,0.017837359854745514
69.0,ethanol,Mira-2,Pendar-2,session3_row165,session3_row86,False,-2,0.07901950555686436,0.06887568059144361,0.010143824965420753
70.0,ethanol,Mira-2,Pendar-2,session3_row149,session3_row93,False,-5,0.06647204622630089,0.05206072398945418,0.014411322236846706
70.0,ethanol,Pendar-2,RMX-1,session3_row93,session3_row154,False,3,0.12067159469092942,0.08972042635842006,0.030951168332509355
70.0,ethanol,Mira-2,RMX-1,session3_row149,session3_row154,True,-1,0.6976106283323393,0.6936452842231353,0.0039653441092040165
71.0,ethyl_paraoxon,Mira-2,Pendar-2,session3_row150,session3_row94,False,-1,0.2762180211711922,0.26950409708797923,0.006713924083212974
71.0,ethyl_paraoxon,Pendar-2,RMX-1,session3_row94,session3_row156,False,1,0.3082004373517679,0.30091023534799577,0.007290202003772117
71.0,ethyl_paraoxon,Mira-2,RMX-1,session3_row150,session3_row156,True,-1,0.886078190164425,0.8673453883671985,0.018732801797226473
72.0,4_nitrophenol,Mira-2,Pendar-2,session3_row147,session3_row95,True,1,0.6177366045308651,0.6143812926504989,0.0033553118803661963
72.0,4_nitrophenol,Pendar-2,RMX-1,session3_row95,session3_row159,True,-1,0.711789701590856,0.709313055419607,0.0024766461712489862
72.0,4_nitrophenol,Mira-2,RMX-1,session3_row147,session3_row159,True,0,0.8242981024910835,0.8242981024910835,0.0
73.0,ethanol,Mira-2,Pendar-2,session3_row146,session3_row96,False,-5,0.03347917794207511,0.028601461463364296,0.004877716478710815
73.0,ethanol,Mira-2,Pendar-2,session3_row148,session3_row96,False,-5,0.10237841997840333,0.0513967014439675,0.05098171853443583
73.0,ethanol,Pendar-2,RMX-1,session3_row96,session3_row157,False,3,0.12096625067114358,0.08825089152680386,0.03271535914433972
73.0,ethanol,Mira-2,RMX-1,session3_row146,session3_row157,True,-5,0.09367336475986092,0.04350949541612995,0.05016386934373097
73.0,ethanol,Mira-2,RMX-1,session3_row148,session3_row157,True,-1,0.7371146519847346,0.7276936186787293,0.0094210333060053
