identifier,chemical_dimension,nuisance_dimension,chemical_supervision_weight,instrument_supervision_weight,sensor_supervision_weight,condition_decoder,instrument_adversary_weight,sensor_adversary_weight,same_master_consistency_weight,cross_reconstruction_weight,dependence_weight,beta_target,maximum_epoch,learning_rate,weight_decay,batch_size,gradient_clip_norm,kl_normalization_divisor,checkpoint_epoch,representation,model_family,run_seed,n_train,n_validation,parameter_count,state_sha256,raw_target_balanced_accuracy,raw_instrument_probe_increment,raw_sensor_probe_increment,raw_same_master_cross_instrument_distance,real_pair_count,chemical_real_pair_correlation_distance,chemical_target_balanced_accuracy,chemical_target_macro_f1_supported,chemical_instrument_probe_increment,chemical_sensor_probe_increment,chemical_same_master_cross_instrument_distance,chemical_different_target_cross_instrument_distance,chemical_cross_instrument_separation_margin,nuisance_target_balanced_accuracy,nuisance_target_macro_f1_supported,nuisance_instrument_probe_increment,nuisance_sensor_probe_increment,nuisance_same_master_cross_instrument_distance,nuisance_different_target_cross_instrument_distance,nuisance_cross_instrument_separation_margin,union_target_balanced_accuracy,union_target_macro_f1_supported,union_instrument_probe_increment,union_sensor_probe_increment,union_same_master_cross_instrument_distance,union_different_target_cross_instrument_distance,union_cross_instrument_separation_margin,corrupted_chemical_target_balanced_accuracy,corrupted_chemical_prediction_agreement,corrupted_chemical_cosine_drift,corrupted_nuisance_target_balanced_accuracy,corrupted_nuisance_prediction_agreement,corrupted_nuisance_cosine_drift,corrupted_union_target_balanced_accuracy,corrupted_union_prediction_agreement,corrupted_union_cosine_drift,chemical_vae_kl_unnormalized_per_observation,chemical_vae_kl_normalized,chemical_vae_mean_kl_per_latent_dimension,chemical_vae_median_kl_per_latent_dimension,chemical_vae_max_kl_per_latent_dimension,chemical_vae_active_units_var_mu_gt_0_01,chemical_vae_dimensions_mean_kl_gt_0_01,chemical_vae_posterior_mean_absolute_mu,chemical_vae_posterior_mean_log_variance,chemical_vae_posterior_sample_reconstruction_variability,nuisance_vae_kl_unnormalized_per_observation,nuisance_vae_kl_normalized,nuisance_vae_mean_kl_per_latent_dimension,nuisance_vae_median_kl_per_latent_dimension,nuisance_vae_max_kl_per_latent_dimension,nuisance_vae_active_units_var_mu_gt_0_01,nuisance_vae_dimensions_mean_kl_gt_0_01,nuisance_vae_posterior_mean_absolute_mu,nuisance_vae_posterior_mean_log_variance,nuisance_vae_posterior_sample_reconstruction_variability,union_vae_kl_unnormalized_per_observation,union_vae_kl_normalized,union_vae_mean_kl_per_latent_dimension,union_vae_median_kl_per_latent_dimension,union_vae_max_kl_per_latent_dimension,union_vae_active_units_var_mu_gt_0_01,union_vae_dimensions_mean_kl_gt_0_01,union_vae_posterior_mean_absolute_mu,union_vae_posterior_mean_log_variance,union_vae_posterior_sample_reconstruction_variability,partition_cross_covariance_mean_square,partition_maximum_canonical_correlation,clean_reconstruction_mse,clean_reconstruction_smooth_l1,clean_reconstruction_spectral_angle,clean_reconstruction_median_row_correlation,clean_reconstruction_first_derivative_mae,clean_repeatable_peak_recall,clean_median_peak_shift_cm1,clean_median_absolute_relative_peak_width_change,clean_median_absolute_peak_prominence_change,corrupted_reconstruction_mse,corrupted_reconstruction_smooth_l1,corrupted_reconstruction_spectral_angle,corrupted_reconstruction_median_row_correlation,corrupted_reconstruction_first_derivative_mae,corrupted_repeatable_peak_recall,corrupted_median_peak_shift_cm1,corrupted_median_absolute_relative_peak_width_change,corrupted_median_absolute_peak_prominence_change,cross_reconstruction_reconstruction_mse,cross_reconstruction_reconstruction_smooth_l1,cross_reconstruction_reconstruction_spectral_angle,cross_reconstruction_reconstruction_median_row_correlation,cross_reconstruction_reconstruction_first_derivative_mae,cross_reconstruction_repeatable_peak_recall,cross_reconstruction_median_peak_shift_cm1,cross_reconstruction_median_absolute_relative_peak_width_change,cross_reconstruction_median_absolute_peak_prominence_change,stage,outer_fold,inner_fold
zc48__zn16__chem0__ni0__ns0__cond0__ai0p00125__as0__pair0__xrec0__dep0__e500,48,16,0.0,0.0,0.0,False,0.00125,0.0,0.0,0.0,0.0,0.25,500,0.001,1e-05,64,5.0,1401,500,arpls_minmax,structured_vae,1712114847,361,119,1169412,312f9c28460160c9e39c080e762381b06b18260ac0ef7ec2e41bf7bdac782ed5,0.6709364638303833,0.5995495495495495,0.42513227513227514,0.6707542637983958,117,0.584975004196167,0.6535895250548732,0.6417946651833695,0.5855534105534106,0.3825863678804855,0.6680680296540688,1.0158214491131168,0.34775341945904803,0.4359540154734663,0.4225241425241425,0.5382882882882883,0.19381287443206952,0.9201551002840842,1.0502820524120207,0.13012695212793646,0.6674821759367362,0.6576423362137647,0.6189189189189189,0.4182539682539682,0.7931741280581361,1.042042141554868,0.24886801349673182,0.5714453058111115,0.7647058823529411,0.14327099919319153,0.3255189604445898,0.453781512605042,0.3424864411354065,0.6066359610205639,0.7478991596638656,0.20085139572620392,8.812570571367214,0.006290200265072958,0.18359522023681696,0.017969014342269787,2.263113916441072,28,43,0.18547389763119734,-0.46575260120651274,,7.033274018991963,0.0050201813126280964,0.43957962618699775,0.03946835678736682,2.093796059928822,14,16,0.36221407263157834,-0.848025082569903,,15.84584459035918,0.011310381577701057,0.24759132172436213,0.02033336305311732,2.263113916441072,42,59,0.2296589413812926,-0.5613207215473603,0.0217114370316267,0.048553875438520834,0.9964706275400246,0.004926971786821567,0.0024634858934107834,0.06767096629263891,0.9501576145039454,0.016424237543664,0.5415244596131968,2.0,0.24214169335721134,0.051381900906562805,0.013367778648433986,0.006683889324216993,0.1140541956407838,0.8984735673067569,0.017322790537671932,0.5324232081911263,2.0,0.322482485120951,0.06422934494912624,0.02178366929783527,0.010891834648917634,0.1309134218847087,0.8070025612039565,0.01760234251383114,0.4993342210386152,2.0,0.35273274433462454,0.08632206520996988,instrument_adversary,0,1
zc48__zn16__chem0__ni0__ns0__cond0__ai0p0025__as0__pair0__xrec0__dep0__e500,48,16,0.0,0.0,0.0,False,0.0025,0.0,0.0,0.0,0.0,0.25,500,0.001,1e-05,64,5.0,1401,500,arpls_minmax,structured_vae,1712114847,361,119,1169412,28a11c38e37d2c82215cc6c1786cd458474df229cd32de846fcbc85f470fb8be,0.6709364638303833,0.5995495495495495,0.42513227513227514,0.6707542637983958,117,0.5870171189308167,0.6317924080387304,0.6314782816253884,0.6049227799227799,0.40920634920634924,0.6752279969099174,1.0166021823971148,0.34137418548719733,0.47577464624293647,0.46590675294508044,0.5292792792792792,0.2865619634350284,0.9094947587204664,1.0520818802007967,0.14258712148033037,0.6589540621740688,0.6511733495945945,0.6488738738738739,0.43280423280423275,0.7930528745856337,1.044014741549447,0.2509618669638133,0.5133178443001915,0.7226890756302521,0.15945713222026825,0.2565378897554445,0.37815126050420167,0.3095628321170807,0.5661202696181448,0.7394957983193278,0.1928199678659439,7.595799942701593,0.005421698745682793,0.1582458321396165,0.019752805781687133,2.409829474850517,45,46,0.18638453985682946,-0.41374808297760646,,8.770931964067628,0.00626047963173992,0.5481832477542267,0.0481399465881195,2.291127839620583,16,16,0.4148813051679634,-1.0155620847585585,,16.366731906769218,0.01168217837742271,0.255730186043269,0.021945512586687123,2.409829474850517,61,62,0.24350873118461294,-0.5642015834228444,0.02189631573855877,0.04920238253313725,0.9943619589159061,0.005151188755005669,0.0025755943775028346,0.06830673586771087,0.9530254169022639,0.01652552918013545,0.5506257110352674,2.0,0.2626215547417122,0.05254733096808195,0.016031073981283585,0.008015536990641793,0.11765407472857581,0.9011021956166606,0.017552996041977423,0.5335608646188851,2.0,0.3070432342105547,0.06678502261638641,0.015652709188850183,0.007826354594425091,0.1187904134733683,0.8242723491785088,0.01752785890897573,0.5233022636484687,2.0,0.3996407942009097,0.07878200523555279,instrument_adversary,0,1
zc48__zn16__chem0__ni0__ns0__cond0__ai0p005__as0__pair0__xrec0__dep0__e500,48,16,0.0,0.0,0.0,False,0.005,0.0,0.0,0.0,0.0,0.25,500,0.001,1e-05,64,5.0,1401,500,arpls_minmax,structured_vae,1712114847,361,119,1169412,7388f48cfae5c92373dedbb2b69fd441bca61b024ca725dfa7e684c30a60dab9,0.6709364638303833,0.5995495495495495,0.42513227513227514,0.6707542637983958,117,0.6045554280281067,0.6054923800183689,0.6041317857519948,0.6035714285714285,0.39576719576719566,0.7029810402555705,1.0204578855992157,0.3174768453436452,0.4592743504724544,0.4530734492353683,0.56010296010296,0.3069512759915236,0.8452378983565983,1.0501300851562736,0.20489218679967525,0.5916207444076028,0.5901880889208078,0.6668918918918919,0.447089947089947,0.7923717683575059,1.045610988622405,0.2532392202648991,0.471813851398683,0.6386554621848739,0.1841248869895935,0.407817680848083,0.7058823529411765,0.22243811190128326,0.4967572269182273,0.6638655462184874,0.18398956954479218,6.147908505644154,0.0043882287691963985,0.12808142720091986,0.02536267152889046,2.2354907836904268,48,48,0.2005343061072908,-0.33210867152693674,,10.02951195122544,0.007158823662544924,0.6268444969515902,0.10606539539625287,2.319574469051477,16,16,0.4540096606461328,-1.1554381637371776,,16.177420456869594,0.011547052431741324,0.25277219463858747,0.0289379511506465,2.319574469051477,64,64,0.2639031447420013,-0.537941044579497,0.021708888933062553,0.04907914766491873,0.9961250100204975,0.0049408513395522245,0.0024704256697761122,0.06803776460394285,0.9563985707300658,0.01648115063772966,0.5517633674630261,2.0,0.22644795486869662,0.049360889941453934,0.013797431100545689,0.006898715550272844,0.11250723206367844,0.9099086267278303,0.017309803846197312,0.540386803185438,2.0,0.29251117060373366,0.06913767568767071,0.010776383493134051,0.005388191746567026,0.10461434761795092,0.8863032911382305,0.01718028441631848,0.5472703062583223,2.0,0.3220939185532683,0.0842333622276783,instrument_adversary,0,1
zc48__zn16__chem0__ni0__ns0__cond0__ai0p00125__as0__pair0__xrec0__dep0__e500,48,16,0.0,0.0,0.0,False,0.00125,0.0,0.0,0.0,0.0,0.25,500,0.001,1e-05,64,5.0,1401,500,arpls_minmax,structured_vae,1225221153,363,117,1169412,776025628eec56bd9f647df4d7e9ee208e9ddfdb221afa75e9e51679945ecee4,0.768140589569161,0.6151014109347444,0.48355825461088614,0.7343894507846789,117,0.7145951986312866,0.7238378684807255,0.6968845053871824,0.6318011463844797,0.4944669365721997,0.7674146732421979,1.006799895092658,0.23938522185046007,0.5687074829931972,0.5446757871652741,0.5265652557319223,0.22566351776878085,0.8503598258478964,0.9572379308148318,0.1068781049669354,0.7304988662131519,0.6972170836297905,0.6269069664902998,0.49829059829059824,0.788111312438476,1.0009641842875248,0.21285287184904877,0.5907596371882086,0.5982905982905983,0.1584925800561905,0.42372448979591837,0.5641025641025641,0.27820101380348206,0.6623299319727891,0.6837606837606838,0.16516435146331787,12.806403042437303,0.00914090152922006,0.26680006338411044,0.0144380466799938,2.2306390631749196,29,37,0.22746966265134055,-0.5848276197067697,,3.330771647067495,0.002377424444730546,0.20817322794171847,0.026621359010629085,2.245885173386136,16,16,0.23262262230720931,-0.47509036293400314,,16.1371746895048,0.011518325973950607,0.25214335452351244,0.016524991555401766,2.245885173386136,45,53,0.22875790256530776,-0.557393305513578,0.024591196328401566,0.05243166862145476,0.9971940028506106,0.0069984935441868715,0.0034992467720934358,0.07243485281939084,0.9231561742542908,0.023130195733271557,0.3997060984570169,2.0,0.3673873479577582,0.07284874655306339,0.01475147139929246,0.00737573569964623,0.1039374327673045,0.8570941100293182,0.023747155605349766,0.3570903747244673,2.0,0.5194979330837803,0.08864734694361687,0.04136839864282859,0.020684199321414295,0.18036231645595585,0.31800468852239755,0.024741860451456245,0.3492894540014959,2.0,0.8656982495948913,0.11305945366621017,instrument_adversary,0,2
zc48__zn16__chem0__ni0__ns0__cond0__ai0p0025__as0__pair0__xrec0__dep0__e500,48,16,0.0,0.0,0.0,False,0.0025,0.0,0.0,0.0,0.0,0.25,500,0.001,1e-05,64,5.0,1401,500,arpls_minmax,structured_vae,1225221153,363,117,1169412,af060812a63ab15d59ac2b3bcb2e5ab1d4ffbdaba68bfe6b823fa75ece5c1596,0.768140589569161,0.6151014109347444,0.48355825461088614,0.7343894507846789,117,0.6444548964500427,0.6854308390022676,0.6547314638019154,0.598589065255732,0.45384615384615384,0.7518595538914067,1.0017742644315706,0.2499147105401639,0.47545351473922903,0.44512471655328795,0.5122905643738977,0.3149797570850202,0.9254061924783807,1.0015335253684947,0.07612733289011397,0.6892573696145126,0.6625453576254491,0.5708553791887125,0.49999999999999994,0.8069664260342683,1.0032761063348328,0.1963096803005645,0.5707766439909298,0.6239316239316239,0.16106902062892914,0.31811224489795925,0.452991452991453,0.23090152442455292,0.5801303854875284,0.6495726495726496,0.15871857106685638,8.496946302587407,0.006064915276650541,0.17701971463723765,0.016528633709875798,1.5789913197110976,40,42,0.202595350153972,-0.44347610811976657,,7.5331482038841875,0.005376979446027257,0.4708217627427618,0.03364927448403623,2.5768320547308057,15,15,0.3548635667216914,-0.8608610244761784,,16.030094506471592,0.011441894722677795,0.2504702266636187,0.018756919839164103,2.5768320547308057,55,57,0.24066240429590186,-0.5478223372088695,0.025629961863160133,0.05090145009597435,0.9972364009798181,0.006884599662713806,0.003442299831356903,0.07198544320163501,0.9172592544597022,0.023098867567047425,0.39750183688464363,2.0,0.3936408309728955,0.07603100838605314,0.014801356849917695,0.007400678424958848,0.10383028908280373,0.8609392047315688,0.023729589665565244,0.3695811903012491,2.0,0.4640476174537381,0.08089374503470026,0.017919110728197067,0.008959555364098534,0.11607142217239673,0.6809538567212906,0.02414373476972771,0.3717277486910995,2.0,0.7202893103724559,0.10858681797981262,instrument_adversary,0,2
zc48__zn16__chem0__ni0__ns0__cond0__ai0p005__as0__pair0__xrec0__dep0__e500,48,16,0.0,0.0,0.0,False,0.005,0.0,0.0,0.0,0.0,0.25,500,0.001,1e-05,64,5.0,1401,500,arpls_minmax,structured_vae,1225221153,363,117,1169412,ca3451f2586aefc9af76f8c3fbbbaa7edd17f800448c167df18368c1e58ced17,0.768140589569161,0.6151014109347444,0.48355825461088614,0.7343894507846789,117,0.6617293357849121,0.7256802721088436,0.7040975639292418,0.5775903880070548,0.502361673414305,0.7633956998109271,0.9812706076033121,0.21787490779238494,0.649858276643991,0.6103352237753229,0.5487433862433861,0.37971210076473244,0.8522520021661195,1.037798676165772,0.18554667399965252,0.7130668934240363,0.6856368246999557,0.5931768077601411,0.49999999999999994,0.8202735954891354,1.0222655897390016,0.20199199424986625,0.5683673469387756,0.6153846153846154,0.20778149366378784,0.5330215419501133,0.5982905982905983,0.18239383399486542,0.573327664399093,0.6239316239316239,0.17733529210090637,5.989013302322227,0.004274813206511225,0.12477111046504635,0.02369657895703793,1.2839119416379385,48,47,0.19328958029814267,-0.35407328115887016,,9.819044046790903,0.007008596750029196,0.6136902529244315,0.10119011169665647,2.710283216466271,16,16,0.4467708976183367,-1.0735709803735114,,15.808057349113128,0.01128340995654042,0.24700089607989265,0.024668776468738843,2.710283216466271,64,63,0.2566599096281912,-0.5339477059625304,0.025695335119962692,0.04461676811759732,0.9956178531797709,0.00690071682824666,0.00345035841412333,0.07237001045777848,0.9254535575942417,0.023094437543701465,0.3938280675973549,2.0,0.3640693540990137,0.07068964093923569,0.015108347623431044,0.007554173811715522,0.10278400341942683,0.8537860028038013,0.023684721416125383,0.3857457751653196,2.0,0.5237991206832723,0.08110372722148895,0.010781203294016998,0.005390601647008499,0.09536968528996086,0.8150305711017785,0.02380695641514009,0.40089753178758414,2.0,0.5306004572241242,0.0992191731929779,instrument_adversary,0,2
zc48__zn16__chem0__ni0__ns0__cond0__ai0p00125__as0__pair0__xrec0__dep0__e500,48,16,0.0,0.0,0.0,False,0.00125,0.0,0.0,0.0,0.0,0.25,500,0.001,1e-05,64,5.0,1401,500,arpls_minmax,structured_vae,747235148,360,120,1169412,54cc19aa78d8f3b00cd41e51c7b102cc3f5b0e849f111e1456cb4f84dfa86a44,0.6901098901098901,0.5825148809523809,0.39429558745348214,0.6775316464734245,119,0.6457462310791016,0.6295634920634922,0.6307566078907543,0.5095982142857143,0.37917521075415794,0.7188721612825261,1.0044488980872919,0.2855767368047658,0.537469474969475,0.5368473366127748,0.4507440476190476,0.30240753398648124,0.9149682577048148,1.0310819762233845,0.11611371851856966,0.6662698412698412,0.6623823320573523,0.565625,0.40170539986329457,0.7883011915467002,1.0266498414491962,0.23834864990249605,0.53489010989011,0.6416666666666667,0.14221572875976562,0.41282051282051285,0.5916666666666667,0.28989607095718384,0.6162698412698413,0.75,0.1768912672996521,8.6461236952467,0.006171394500532976,0.18012757698430626,0.01423232354711234,2.213810450459528,36,36,0.19949752992731393,-0.4038924877121897,,7.213555857329931,0.005148862139421792,0.45084724108312074,0.03157735324928791,2.4313736550656317,15,15,0.3609259475757123,-0.8425820324725313,,15.859679552576631,0.011320256639954769,0.2478074930090099,0.01592666304007021,2.4313736550656317,51,51,0.23985463433941354,-0.5135648739022751,0.022664468735456467,0.05568681012841096,0.9969591516676685,0.006361278225731102,0.003180639112865551,0.07148643038537879,0.9509640523287168,0.018270858135193024,0.5213675213675214,2.0,0.26116088489398753,0.054388053715229034,0.014027391249730244,0.007013695624865122,0.110447780546001,0.8995052316398962,0.018947210670425655,0.5064102564102564,2.0,0.3306733713045551,0.08255438506603241,0.023393091545076256,0.011696545772538128,0.12832331745666206,0.6628694251361649,0.020324144763076247,0.47532729103726085,2.0,0.4275443291519744,0.08468436263501644,instrument_adversary,0,3
zc48__zn16__chem0__ni0__ns0__cond0__ai0p0025__as0__pair0__xrec0__dep0__e500,48,16,0.0,0.0,0.0,False,0.0025,0.0,0.0,0.0,0.0,0.25,500,0.001,1e-05,64,5.0,1401,500,arpls_minmax,structured_vae,747235148,360,120,1169412,eb3183709d42b3363d26180ab4e6bbceed56bea226247c48110f3f33b49d4978,0.6901098901098901,0.5825148809523809,0.39429558745348214,0.6775316464734245,119,0.6623436212539673,0.6653540903540903,0.6596550817369343,0.5578125,0.3553391053391053,0.7186693772152587,1.0098198072004667,0.291150429985208,0.5342490842490842,0.5248615149488403,0.4481398809523809,0.33671489329384063,0.8734657238204996,1.0517646969377856,0.17829897311728604,0.6494047619047619,0.6459730745445033,0.5822916666666667,0.418989898989899,0.7875735217874701,1.0360466138389588,0.2484730920514887,0.508028083028083,0.6666666666666666,0.15208466351032257,0.34468864468864474,0.5416666666666666,0.2605859041213989,0.5654761904761905,0.7083333333333334,0.18935184180736542,6.992141382679247,0.00499082182917862,0.145669612139151,0.018803519679938874,2.1556255711917625,45,43,0.19151323940811077,-0.3558600922143935,,8.99299115867902,0.006418980127536774,0.562061947417439,0.04035249608261243,2.4516323934120696,16,16,0.4343144322920428,-1.0254415255361284,,15.985132541358269,0.011409801956715395,0.24976769595872297,0.02298251361239892,2.4516323934120696,61,59,0.25221353762909376,-0.5232554505448272,0.022876670584082603,0.04049526752233721,0.9962128128185026,0.00640275763401972,0.00320137881700986,0.07119949127106866,0.9516348033160611,0.018224389720634216,0.5299145299145299,2.0,0.254250441606392,0.05308907479047775,0.014127578776162348,0.007063789388081174,0.11192168609501803,0.8955915882740122,0.018881982612309015,0.532051282051282,2.0,0.2892425448555639,0.07595796149689704,0.01765241616755843,0.008826208083779215,0.11413081815093053,0.7110091764185513,0.02008255910480977,0.4702920443101712,2.0,0.37227155938003914,0.08201218396425247,instrument_adversary,0,3
zc48__zn16__chem0__ni0__ns0__cond0__ai0p005__as0__pair0__xrec0__dep0__e500,48,16,0.0,0.0,0.0,False,0.005,0.0,0.0,0.0,0.0,0.25,500,0.001,1e-05,64,5.0,1401,500,arpls_minmax,structured_vae,747235148,360,120,1169412,61cd4d6a65f0cb8d84278035b014a1b7c0be028e764a1dee96f5eec59607e288,0.6901098901098901,0.5825148809523809,0.39429558745348214,0.6775316464734245,119,0.6529715657234192,0.6452380952380954,0.643555391228958,0.5640624999999999,0.38525385433280157,0.7312369573783207,0.9974365233841769,0.26619956600585615,0.5948412698412698,0.5868596152989453,0.4608630952380952,0.35704450520239983,0.8424216356727626,1.0539702663888315,0.2115486307160689,0.6570665445665446,0.6538258038258038,0.5630208333333333,0.3858707374496847,0.778649167685242,1.0397378005118036,0.2610886328265617,0.5133699633699633,0.6416666666666667,0.1708575189113617,0.46971916971916977,0.5666666666666667,0.2395436316728592,0.609981684981685,0.6583333333333333,0.1897323578596115,6.047257906902411,0.004316386800073098,0.12598453972713353,0.029186375621971457,1.580310969761588,48,48,0.2078876109777462,-0.32037283019742896,,10.60486272409107,0.0075694951635196794,0.6628039202556919,0.055698188164939696,2.8261250981959116,16,16,0.4619385741468856,-1.1891811324776351,,16.65212063099348,0.011885881963592776,0.2601893848592731,0.03200034852483937,2.8261250981959116,64,64,0.271400351770031,-0.5375749057674805,0.022283675149083138,0.0417230946563207,0.9954475766861767,0.006340067243489854,0.003170033621744927,0.07120991432611892,0.9514396444390447,0.018258010258094638,0.532051282051282,2.0,0.26286311123127987,0.048998795449733734,0.01424837205948995,0.007124186029744975,0.11175173522227068,0.9019083815260409,0.018989240684514463,0.5405982905982906,2.0,0.29772614353204163,0.0742135476320982,0.011799270717364627,0.005899635358682313,0.10201662012087531,0.8480159510920856,0.01988815320840467,0.47935548841893255,2.0,0.31069537687856197,0.08493775874376297,instrument_adversary,0,3
zc48__zn16__chem0__ni0__ns0__cond0__ai0p00125__as0__pair0__xrec0__dep0__e500,48,16,0.0,0.0,0.0,False,0.00125,0.0,0.0,0.0,0.0,0.25,500,0.001,1e-05,64,5.0,1401,500,arpls_minmax,structured_vae,525974317,356,124,1169412,e984228e8801256f0e79e41a4f106f321958fc8a7faf57d22f5c278ed5c95ceb,0.6826974717012311,0.6196428571428572,0.3957609710550887,0.6494197382483371,124,0.551350474357605,0.6999114085580251,0.693637526080006,0.5499338624338624,0.38880952380952394,0.6213712476020635,1.0227649413290132,0.40139369372694966,0.5174078740808065,0.5089607908792482,0.4012566137566138,0.24877217553688136,0.9070107374080392,1.0621406641510187,0.15512992674297954,0.7128191357514666,0.7032100357674625,0.5872354497354497,0.3821101774042951,0.7257369611152383,1.0355341048214022,0.30979714370616385,0.5795888530850937,0.6451612903225806,0.14608195424079895,0.37772315403894346,0.5887096774193549,0.3068360686302185,0.6066035050997457,0.6532258064516129,0.16408684849739075,9.479685636739802,0.0067663709041683095,0.19749345076541247,0.014250598458047884,2.4214952720059104,28,40,0.19905582374688477,-0.4757024378723047,,5.394500627213613,0.003850464402008289,0.33715628920085094,0.020639528874429387,2.0221292224682683,14,15,0.2728725027748536,-0.6387107533861537,,14.874186263953415,0.0106168353061766,0.2324091603742721,0.01483737976727596,2.4214952720059104,42,55,0.21750999350387698,-0.5164545167507669,0.024373389780521393,0.06501507032357408,0.9958670706350546,0.006215359047862722,0.003107679523931361,0.0687959866391724,0.9404425734302799,0.020278219718377073,0.46812227074235807,2.0,0.2859846976812906,0.057822078466415405,0.014518413879628149,0.0072592069398140745,0.1029504789838334,0.8991330889478808,0.020913563749741484,0.440174672489083,2.0,0.376214086778785,0.07608227944001555,0.02178860889937837,0.010894304449689186,0.12606070307318487,0.7009536501814435,0.020495350567915693,0.4280701754385965,2.0,0.5296481517790222,0.08806152269244194,instrument_adversary,0,4
zc48__zn16__chem0__ni0__ns0__cond0__ai0p0025__as0__pair0__xrec0__dep0__e500,48,16,0.0,0.0,0.0,False,0.0025,0.0,0.0,0.0,0.0,0.25,500,0.001,1e-05,64,5.0,1401,500,arpls_minmax,structured_vae,525974317,356,124,1169412,8891d742054e74ea9e2dc45ca89e8d69c36ac2cafe46ba9a4cbe56d5d0b15aca,0.6826974717012311,0.6196428571428572,0.3957609710550887,0.6494197382483371,124,0.5125065445899963,0.6941082100856537,0.6929573723405399,0.5201058201058202,0.3777124183006536,0.5989730611790058,1.0180745734182817,0.41910151223927583,0.5680794247523571,0.5607007217301335,0.4888227513227513,0.2669140989729224,0.8900112293487371,1.051546941952635,0.16153571260389799,0.719920221799921,0.7167029711147358,0.5876984126984126,0.38993464052287585,0.7440211546975513,1.03535947882223,0.29133832412467875,0.5654635673432666,0.6935483870967742,0.14636197686195374,0.3091973294040963,0.43548387096774194,0.2842531204223633,0.5778084175640567,0.6451612903225806,0.16689765453338623,6.613358487459508,0.004720455736944689,0.13777830182207307,0.01607029095287192,2.1155857951351646,40,41,0.1841153504101177,-0.3539910363540873,,8.23914719557011,0.00588090449362606,0.5149466997231319,0.033361761810427146,2.219179075104827,15,15,0.37817630108375233,-0.9413463945335435,,14.85250568302962,0.010601360230570749,0.2320704012973378,0.017477933404966752,2.219179075104827,55,56,0.23263058807852638,-0.5008298758989513,0.024317853152751923,0.05075542615374648,0.9974180606161525,0.005914095678361464,0.002957047839180732,0.06766146797737838,0.9430782519910015,0.02022641128110599,0.48034934497816595,2.0,0.30368290029182887,0.07231190509628505,0.013787214565986425,0.006893607282993213,0.10255507462351192,0.8968934338624512,0.020760195695129647,0.45327510917030567,2.0,0.30857102713042917,0.08079239867220167,0.011448557431887262,0.005724278715943631,0.09971886072855991,0.886928680773333,0.019994930826589572,0.43859649122807015,2.0,0.4185502496063366,0.08622168004512787,instrument_adversary,0,4
zc48__zn16__chem0__ni0__ns0__cond0__ai0p005__as0__pair0__xrec0__dep0__e500,48,16,0.0,0.0,0.0,False,0.005,0.0,0.0,0.0,0.0,0.25,500,0.001,1e-05,64,5.0,1401,500,arpls_minmax,structured_vae,525974317,356,124,1169412,3daa4fb38d26aa76b61f93588274ecda399cdd76b6760ae34442f34b5d723f38,0.6826974717012311,0.6196428571428572,0.3957609710550887,0.6494197382483371,124,0.5435693264007568,0.7022667704058682,0.699625110295788,0.5520502645502645,0.4303641456582634,0.6278919590073962,0.9861020244417082,0.358210065434312,0.6151424807439846,0.6078033142723814,0.39047619047619053,0.29585434173669467,0.8562025337718254,1.0294218933156487,0.17321935954382328,0.7405355192009327,0.7381566631566631,0.5265873015873016,0.3932212885154063,0.7603431874929473,1.0185064944555782,0.2581633069626309,0.6073815491108724,0.7016129032258065,0.15655110776424408,0.43772205238370654,0.5806451612903226,0.2625245153903961,0.5527922370027633,0.6290322580645161,0.19452625513076782,4.849447206870363,0.003461418420321458,0.10103015014313256,0.023782869316064124,1.6506995652430876,47,48,0.18061106200560462,-0.29012232069498833,,11.17997348186362,0.007979995347511506,0.698748342616476,0.3647884428257795,2.5451981842173064,15,15,0.48051736663020134,-1.2529766169341787,,16.029420688733985,0.011441413767832967,0.2504596982614684,0.02466540746902775,2.5451981842173064,62,63,0.2555876381617538,-0.530835894754786,0.023493066430091858,0.05961375059783195,0.9982093914973447,0.005960425770573547,0.0029802128852867735,0.06762838825893683,0.9460405431432314,0.0202335448983787,0.4847161572052402,2.0,0.3148219176319189,0.06207906233612448,0.014495941022438895,0.007247970511219447,0.10346846468497084,0.8906427630083351,0.02083558246544615,0.4200873362445415,2.0,0.3862136100323236,0.0795553233474493,0.007587859108539048,0.003793929554269524,0.08234811542838,0.9171537004684958,0.019726981119793444,0.4824561403508772,2.0,0.40968338831211093,0.07010341144632548,instrument_adversary,0,4
zc48__zn16__chem0__ni0__ns0__cond0__ai0p00125__as0__pair0__xrec0__dep0__e500,48,16,0.0,0.0,0.0,False,0.00125,0.0,0.0,0.0,0.0,0.25,500,0.001,1e-05,64,5.0,1401,500,arpls_minmax,structured_vae,792131936,361,118,1169412,24432868f7d8003b28066f34b06070cb5b8161c25a4a887c27be3c90d76e7473,0.7619047619047619,0.633011583011583,0.5519813519813519,0.6442009991958362,118,0.6331663131713867,0.711904761904762,0.7149416209397409,0.5244530244530244,0.48118982466808563,0.6863858723590354,1.0095167539377508,0.3231308815787154,0.43523809523809526,0.41781165694209177,0.5511583011583011,0.22356677139285824,0.8555164295835656,1.0105926263763516,0.15507619679278606,0.6904761904761905,0.6888402116547353,0.637065637065637,0.49292591466504515,0.7482103860678793,1.0182189980796557,0.2700086120117764,0.6547619047619049,0.7288135593220338,0.11813528090715408,0.3242857142857143,0.423728813559322,0.3551161289215088,0.7261904761904762,0.7796610169491526,0.1715940535068512,9.576340976132267,0.006835361153556221,0.19950710366942215,0.015067649230276842,1.8358171025914742,30,38,0.1906861316424742,-0.493468691527036,,5.498031000725545,0.003924361884886185,0.34362693754534646,0.03507228174216127,2.586447615253402,16,16,0.289963913085573,-0.719099718420971,,15.07437197685781,0.010759723038442406,0.23553706213840325,0.018225245498977215,2.586447615253402,46,54,0.2155055770032489,-0.5498764482505197,0.02351672761142254,0.043121807328832806,0.9959922859614385,0.005573487380545398,0.002786743690272699,0.06924527725518571,0.931922570146402,0.018124839177851612,0.6017156862745098,2.0,0.2504985261121934,0.057952421717345715,0.01654324227539974,0.00827162113769987,0.11221671819341168,0.8823642652886733,0.019089019536371054,0.5575980392156863,2.0,0.36893152278178437,0.06622019410133362,0.0251534283564003,0.01257671417820015,0.16958721468214355,0.4512341638204925,0.01892682361921031,0.5365239294710328,2.0,0.5733388223473022,0.07956870459020138,instrument_adversary,1,0
zc48__zn16__chem0__ni0__ns0__cond0__ai0p0025__as0__pair0__xrec0__dep0__e500,48,16,0.0,0.0,0.0,False,0.0025,0.0,0.0,0.0,0.0,0.25,500,0.001,1e-05,64,5.0,1401,500,arpls_minmax,structured_vae,792131936,361,118,1169412,6c67b9c7e078be0510eac5db8f10230ceaddf1f245a5697346a36605bd8cf11f,0.7619047619047619,0.633011583011583,0.5519813519813519,0.6442009991958362,118,0.6176972985267639,0.7414285714285714,0.7333531086853345,0.6216216216216216,0.5295226512617817,0.6760291028924349,0.9897654404064129,0.313736337513978,0.4895238095238095,0.4944010430679117,0.5705920205920206,0.46767338941251996,0.8779067506058877,1.0121360119715082,0.1342292613656204,0.7595238095238096,0.7583202191525326,0.6422136422136422,0.546772068511199,0.7713448866074827,1.0150224361720352,0.24367754956455256,0.6742857142857143,0.7542372881355932,0.14998726546764374,0.4585714285714285,0.652542372881356,0.25858867168426514,0.6752380952380952,0.7542372881355932,0.18360058963298798,7.1137964410362216,0.005077656274829566,0.14820409252158792,0.019806934228741156,1.8818170673670807,40,45,0.18298193110104738,-0.39926576379337675,,8.164858303005914,0.0058278788743796675,0.5103036439378698,0.0627674935716467,2.5848688135908096,15,16,0.3825681898162687,-1.0150883506942945,,15.278654744042134,0.010905535149209233,0.23872898037565837,0.02482193592955221,2.5848688135908096,55,61,0.2328784957798527,-0.5532214105186062,0.023672856390476227,0.04067015839145749,0.9956122953797784,0.0056630713465737155,0.0028315356732868577,0.06979521292341653,0.9302465979036318,0.018183288430645973,0.6237745098039216,2.0,0.3076205347900511,0.06071644654730335,0.01752149974110326,0.00876074987055163,0.11272501770528325,0.880966839463167,0.01915324989315553,0.5575980392156863,2.0,0.4130617234524695,0.061636954720597714,0.0141166927832774,0.0070583463916387,0.12036312211867452,0.8017748497730485,0.018676673145875785,0.5793450881612091,2.0,0.4538231748519155,0.07770548830740154,instrument_adversary,1,0
zc48__zn16__chem0__ni0__ns0__cond0__ai0p005__as0__pair0__xrec0__dep0__e500,48,16,0.0,0.0,0.0,False,0.005,0.0,0.0,0.0,0.0,0.25,500,0.001,1e-05,64,5.0,1401,500,arpls_minmax,structured_vae,792131936,361,118,1169412,0f8652c1a179ff879e970fe4e3f0d0097487332a9be0b9afbed71e69ae229c48,0.7619047619047619,0.633011583011583,0.5519813519813519,0.6442009991958362,118,0.7115861177444458,0.659047619047619,0.6585836981116374,0.5266409266409267,0.4545454545454544,0.7586433589458466,0.9927464308577987,0.23410307191195212,0.5904761904761904,0.5855685319971035,0.5676319176319177,0.4473902908685516,0.7833264873308294,1.0310611227339268,0.24773463540309737,0.7376190476190476,0.7327342592048475,0.6109395109395108,0.4750582750582752,0.7548806490767904,1.010935836422062,0.25605518734527155,0.6085714285714287,0.7372881355932204,0.25973477959632874,0.5095238095238095,0.711864406779661,0.17637275159358978,0.6485714285714286,0.7542372881355932,0.18569467961788177,5.5251794588324445,0.0039437397993093825,0.11510790539234261,0.029400394074186955,1.346615281376875,48,46,0.19822059584484159,-0.31806424847273274,,10.221027476263405,0.007295522823885371,0.6388142172664626,0.04955986324204763,2.7681325888507553,16,16,0.4508219553629145,-1.1961437050461319,,15.74620693509585,0.011239262623194754,0.24603448336087264,0.03157442835592704,2.7681325888507553,64,62,0.2613709357243598,-0.5375841126160825,0.02342318184673786,0.05038467210721714,0.9943302239731232,0.0055633261166564705,0.0027816630583282352,0.07002332311814163,0.9295624393517219,0.018177919157711834,0.625,2.0,0.32719564082176683,0.054428160190582275,0.017494900736214583,0.008747450368107292,0.11305276246719485,0.8748237067128274,0.019036976981859004,0.5600490196078431,2.0,0.43947672474705585,0.06380454784084577,0.009182137589173328,0.004591068794586664,0.10114353733186668,0.8552973813615459,0.01829204295577128,0.5831234256926953,2.0,0.34721272714867507,0.07191843446344137,instrument_adversary,1,0
zc48__zn16__chem0__ni0__ns0__cond0__ai0p00125__as0__pair0__xrec0__dep0__e500,48,16,0.0,0.0,0.0,False,0.00125,0.0,0.0,0.0,0.0,0.25,500,0.001,1e-05,64,5.0,1401,500,arpls_minmax,structured_vae,797005248,362,117,1169412,2a2ee0410aea3e2a0a0809f15d46c62c17ed805596a3aeebb1ae159bdb75d901,0.7368197278911565,0.6289902998236332,0.4989428699955016,0.7343894507846789,117,0.7652888298034668,0.6490079365079364,0.6230094531914553,0.5958884479717812,0.4658119658119659,0.7824581883319183,1.0107274437001323,0.22826925536821407,0.4267573696145125,0.4150159614821269,0.511221340388007,0.339766081871345,0.9154702002178341,1.036365989357561,0.12089578913972687,0.630017006802721,0.605426320725919,0.6602402998236332,0.48846153846153845,0.8387499272959729,1.0224312266849556,0.1836812993889827,0.5246315192743765,0.6153846153846154,0.18693803250789642,0.38934240362811795,0.5726495726495726,0.21260502934455872,0.5481575963718821,0.6666666666666666,0.1664086878299713,8.445331275042061,0.006028073715233449,0.1759444015633763,0.015237772213002744,1.3480492510878692,36,41,0.1946221841630257,-0.44494619814041314,,6.559429254756413,0.00468196235171764,0.40996432842227565,0.0186082830570211,2.732867412289476,13,13,0.307439647178072,-0.7351165959791506,,15.004760529798476,0.01071003606695109,0.2344493832781011,0.015987013356550513,2.732867412289476,49,54,0.22282654991678727,-0.5174887976000975,0.02387085184454918,0.05344003565299354,0.9961922994112496,0.007091032797320563,0.0035455163986602813,0.07193026817288085,0.9253869029927808,0.02301148101731577,0.3813372520205731,2.0,0.38562717358660287,0.07000081799924374,0.015192660183725476,0.007596330091862738,0.10153061495597031,0.8784835764505586,0.023590467311681323,0.33798677443056574,2.0,0.5104169819404566,0.08418675721623003,0.02006580167828674,0.01003290083914337,0.14349465649949553,0.5486540645210446,0.02255382681232955,0.40535714285714286,2.0,0.6434107159519161,0.09523352608084679,instrument_adversary,1,2
zc48__zn16__chem0__ni0__ns0__cond0__ai0p0025__as0__pair0__xrec0__dep0__e500,48,16,0.0,0.0,0.0,False,0.0025,0.0,0.0,0.0,0.0,0.25,500,0.001,1e-05,64,5.0,1401,500,arpls_minmax,structured_vae,797005248,362,117,1169412,c492f8dfe290e0479610dd14b2f6cf6650fd212fa8c666cef983ced4c4504eea,0.7368197278911565,0.6289902998236332,0.4989428699955016,0.7343894507846789,117,0.7598757147789001,0.6737528344671203,0.6362956635645711,0.5941468253968254,0.44723346828609994,0.7549933897548736,1.0027112617734824,0.24771787201860873,0.45841836734693875,0.4453674446869174,0.5851741622574957,0.35751237067026526,0.9011806956144983,1.0220135045364618,0.12083280892196346,0.7163265306122449,0.6902973973441353,0.5493937389770722,0.5076923076923077,0.8287155469986066,1.0192805835698466,0.19056503657124002,0.5210884353741496,0.6410256410256411,0.19117240607738495,0.43248299319727895,0.7094017094017094,0.20591199398040771,0.542063492063492,0.6495726495726496,0.17249858379364014,7.171445666504012,0.0051188049011449055,0.1494051180521669,0.01694798982655174,1.5075432986057644,44,42,0.18898288570969538,-0.39804086948839396,,8.431202308246585,0.006017988799604986,0.5269501442654114,0.03950467988754871,2.946549396073389,16,16,0.3765942378269181,-0.9270287365585458,,15.602647974750594,0.01113679370074989,0.24379137460547806,0.018072574901228426,2.946549396073389,60,58,0.23588572373900105,-0.5302878362559319,0.02291402965784073,0.04428657275085971,0.9958857722875695,0.007153740547377242,0.003576870273688621,0.07225749177983813,0.91855031448393,0.02302559377155689,0.38354151359294636,2.0,0.43068739077699825,0.068432810716331,0.015692898271372067,0.007846449135686034,0.10374675005728046,0.8771136726179136,0.023618797379013005,0.35341660543717857,2.0,0.5390972424587899,0.08391914889216423,0.014805194808054901,0.007402597404027451,0.11568283762106175,0.7229848425731942,0.022225975038806783,0.40089285714285716,2.0,0.5498334968056435,0.09292057156562805,instrument_adversary,1,2
zc48__zn16__chem0__ni0__ns0__cond0__ai0p005__as0__pair0__xrec0__dep0__e500,48,16,0.0,0.0,0.0,False,0.005,0.0,0.0,0.0,0.0,0.25,500,0.001,1e-05,64,5.0,1401,500,arpls_minmax,structured_vae,797005248,362,117,1169412,2df174b88ece5cc7db5f6c292c09a65be1f57cf8997d76d73618cf44bc19243c,0.7368197278911565,0.6289902998236332,0.4989428699955016,0.7343894507846789,117,0.7951530814170837,0.688407029478458,0.6559385004955454,0.5182208994708994,0.45897435897435895,0.7728414205446396,0.9906075977178862,0.21776617717324664,0.5934240362811792,0.5735968579150322,0.5083002645502646,0.3666891587944218,0.8695319099884556,1.033828938034976,0.16429702804652047,0.7170351473922902,0.6834487697075201,0.5669422398589066,0.5089743589743589,0.8342316816273215,1.020269299237096,0.18603761760977455,0.49526643990929703,0.7264957264957265,0.21970157325267792,0.5188775510204081,0.7094017094017094,0.1783086061477661,0.5799036281179138,0.717948717948718,0.17283770442008972,5.801834161132659,0.004141209251343796,0.12087154502359702,0.0246513098197335,1.4071719471983346,48,48,0.19465956617311952,-0.3459172247818679,,9.502906682567865,0.006782945526458147,0.5939316676604913,0.07783983144861442,2.778703515552741,14,14,0.4273872447433821,-1.0855062655311298,,15.30474084370052,0.010924154777801941,0.2391365756828206,0.02583054705233346,2.778703515552741,62,62,0.25284148581568516,-0.5308144849691834,0.023805806413292885,0.04883915917675565,0.99397487369008,0.006976109217037272,0.003488054608518636,0.07183551386249941,0.9197668230293875,0.02298808623761045,0.3872152828802351,2.0,0.35702102097077837,0.07268646318698302,0.015238879408514115,0.007619439704257058,0.1043700321824657,0.8802986576621912,0.02351982855092012,0.36076414401175605,2.0,0.4740791321330305,0.08105083554983139,0.011818174420937399,0.005909087210468699,0.10124721175418691,0.8428952827512252,0.021969634108605078,0.4133928571428571,2.0,0.4077263923909005,0.07521311566233635,instrument_adversary,1,2
zc48__zn16__chem0__ni0__ns0__cond0__ai0p00125__as0__pair0__xrec0__dep0__e500,48,16,0.0,0.0,0.0,False,0.00125,0.0,0.0,0.0,0.0,0.25,500,0.001,1e-05,64,5.0,1401,500,arpls_minmax,structured_vae,1857817935,359,120,1169412,4524820733b9f40a898c9c8bb51cb19996ddbd2d9506dafe467e3c638a989d0c,0.6947191697191697,0.6095982142857144,0.39702286018075483,0.6775316464734245,119,0.6929166316986084,0.5999236874236874,0.597235626346029,0.5514880952380952,0.3523340548340548,0.7022802642175368,1.0338795917962826,0.3315993275787459,0.4851648351648352,0.4756099827449122,0.43043154761904767,0.1380798587377533,0.9315825906041619,1.0419525936349898,0.11037000303082789,0.6609126984126984,0.6630632348234174,0.543452380952381,0.34965861623756356,0.7897433468720296,1.0445803331868084,0.2548369863147788,0.5233363858363859,0.7666666666666667,0.14261554181575775,0.4057081807081807,0.48333333333333334,0.32250866293907166,0.60503663003663,0.7166666666666667,0.18179209530353546,9.255987093217867,0.006606700280669426,0.19283306444203893,0.016244849599642786,2.1276182118832883,30,43,0.19751475210081884,-0.4629932066026211,,6.316914943997874,0.0045088614875074045,0.39480718399986725,0.03356315760787691,2.483109270062299,16,16,0.33029493888858874,-0.785523039406606,,15.572902037215739,0.01111556176817683,0.243326594331496,0.01825381092904916,2.483109270062299,46,59,0.23070979879776132,-0.5436256648036173,0.023377055302262306,0.0399966371756823,0.9924391766526418,0.0063910765422887945,0.0031955382711443972,0.07137664993514675,0.951898790254917,0.01820668003139818,0.5245726495726496,2.0,0.26089336352652515,0.05454725760500878,0.017316859837912743,0.008658429918956372,0.11535164733833705,0.900892703970748,0.018854868472438124,0.5299145299145299,2.0,0.33289699253518257,0.06824145838618279,0.029451914963573453,0.014725957481786726,0.1499047172439231,0.5785270171154568,0.018846784197031615,0.5116279069767442,2.0,0.4301706426024451,0.08143419027328491,instrument_adversary,1,3
zc48__zn16__chem0__ni0__ns0__cond0__ai0p0025__as0__pair0__xrec0__dep0__e500,48,16,0.0,0.0,0.0,False,0.0025,0.0,0.0,0.0,0.0,0.25,500,0.001,1e-05,64,5.0,1401,500,arpls_minmax,structured_vae,1857817935,359,120,1169412,e7812b2cb8a505119bfc66adad10054bf745ee269c14576b166f8328eaebbacd,0.6947191697191697,0.6095982142857144,0.39702286018075483,0.6775316464734245,119,0.6805830001831055,0.6050518925518925,0.6049095364641583,0.571577380952381,0.41627477785372524,0.7034268449028055,1.0276108076137727,0.32418396271096717,0.6023046398046399,0.601184095770562,0.5163690476190477,0.2782530189109136,0.8727308366890554,1.020256653148131,0.1475258164590756,0.6667887667887669,0.6655225274995287,0.5684523809523809,0.394052555631503,0.7800178215220258,1.0357743759960667,0.2557565544740409,0.5783272283272283,0.7416666666666667,0.13629150390625,0.45253357753357754,0.55,0.2861655652523041,0.5968559218559218,0.6916666666666667,0.1749052107334137,7.624049222391531,0.005441862399993955,0.15883435879982358,0.015727271750543153,1.8088065280605063,44,42,0.1987913991084901,-0.3855660172913152,,8.104804591887264,0.005785013984216463,0.5065502869929541,0.04447485143617366,2.6295881893832442,16,16,0.38650366035446193,-0.948732007988959,,15.728853814278796,0.011226876384210419,0.24576334084810622,0.01735412341200825,2.6295881893832442,60,58,0.24571946441998307,-0.5263575149657261,0.023103227838873863,0.048326014839416565,0.9976369879472483,0.0062306079622562295,0.0031153039811281148,0.07136541773113034,0.9511412273152466,0.01820171530817331,0.5213675213675214,2.0,0.21388726910244688,0.059129003435373306,0.017263679165422614,0.008631839582711307,0.11512095419580191,0.9027394029884936,0.01885725665596504,0.5096153846153846,2.0,0.30046830008537406,0.07387573865707964,0.01673179372042979,0.008365896860214895,0.1272267322129002,0.6516241655076853,0.018513427022618836,0.5422276621787026,2.0,0.4332977384381036,0.0799614458810538,instrument_adversary,1,3
zc48__zn16__chem0__ni0__ns0__cond0__ai0p005__as0__pair0__xrec0__dep0__e500,48,16,0.0,0.0,0.0,False,0.005,0.0,0.0,0.0,0.0,0.25,500,0.001,1e-05,64,5.0,1401,500,arpls_minmax,structured_vae,1857817935,359,120,1169412,1c0f3f14cd669e48d5a9815b181cedb210b70020f918a79fcd0fc6265cc169f2,0.6947191697191697,0.6095982142857144,0.39702286018075483,0.6775316464734245,119,0.7113929986953735,0.5912393162393162,0.5825232019612452,0.5918898809523809,0.3940007215007213,0.7322247651490298,1.0214518148776648,0.289227049728635,0.6041666666666667,0.5931310603625182,0.4939732142857143,0.29249905065694526,0.8154873796901503,1.0402029707619918,0.22471559107184147,0.6361568986568986,0.6296169807635972,0.6252232142857143,0.40002658160552895,0.7846083575403774,1.0340642071107267,0.24945584957034928,0.5354395604395604,0.7416666666666667,0.18649214506149292,0.577930402930403,0.7416666666666667,0.17781655490398407,0.61007326007326,0.75,0.17455847561359406,5.786932323944019,0.004130572679474675,0.12056109008216709,0.025699161046606397,1.351858218609089,48,48,0.20541360282989748,-0.3027650071740532,,10.002850241634736,0.007139793177469476,0.625178140102171,0.026689728132715952,2.855455381461253,15,15,0.44559122921582456,-1.1136869903208209,,15.789782565578754,0.01127036585694415,0.24671535258716806,0.0260113205694159,2.855455381461253,63,63,0.26545800942637926,-0.5054955029607451,0.022116636857390404,0.041339327594030285,0.9960143239028609,0.006205595433044216,0.003102797716522108,0.07125238252009876,0.9523686423835245,0.01813045482965178,0.5170940170940171,2.0,0.24165855204245587,0.05313955992460251,0.017168264096278536,0.008584132048139268,0.1112798732225965,0.9089084938421472,0.018712752003745826,0.49893162393162394,2.0,0.34295121235448134,0.07013038732111454,0.011628420859206335,0.0058142104296031675,0.10817157856609627,0.7996661498241066,0.018078081609361914,0.5495716034271726,2.0,0.370445322885934,0.07670818455517292,instrument_adversary,1,3
zc48__zn16__chem0__ni0__ns0__cond0__ai0p00125__as0__pair0__xrec0__dep0__e500,48,16,0.0,0.0,0.0,False,0.00125,0.0,0.0,0.0,0.0,0.25,500,0.001,1e-05,64,5.0,1401,500,arpls_minmax,structured_vae,730132042,355,124,1169412,47294c7c774df847397606d2a80bb1228e5f36154eda45abbb70528c58d75c27,0.7234133869472215,0.6326058201058201,0.3273949579831933,0.6494197382483371,124,0.6188083291053772,0.6813795018682237,0.6865787076967201,0.5957671957671958,0.30756769374416437,0.6247094521688861,1.0091620694870511,0.38445261731816505,0.635544906221598,0.6336709125745671,0.4929232804232805,0.18071661998132582,0.831616041410801,1.022045478444223,0.19042943703342197,0.7146265388746592,0.7141293155369042,0.6291005291005292,0.3404575163398693,0.7400498526040897,1.0316224188919254,0.2915725662878357,0.6389135613759673,0.782258064516129,0.14471442997455597,0.4433445105437587,0.6048387096774194,0.2776256203651428,0.6605461685348902,0.75,0.17598401010036469,6.812072323808145,0.0048622928792349356,0.14191817341266968,0.01313876981440355,1.6517282573247025,24,34,0.16586532662098008,-0.3766363660106631,,7.911875881424917,0.005647306125214074,0.49449224258905744,0.03137542382315125,2.8522797083230107,13,14,0.3761574784277341,-0.8841779064910482,,14.723948205233063,0.01050959900444901,0.23006169070676663,0.01354998577823429,2.8522797083230107,37,48,0.2184383645726686,-0.5035217511307594,0.02432440221309662,0.05504292546736795,0.9955576798350364,0.00650243397569608,0.00325121698784804,0.06762946230870691,0.9498453784574443,0.0202398033730095,0.5021834061135371,2.0,0.2508546044891429,0.0632053017616272,0.016012928402317838,0.008006464201158919,0.10758800448314604,0.8857906601324639,0.020986971863650148,0.46899563318777293,2.0,0.3097536830354281,0.07101762294769287,0.01605095407953825,0.008025477039769125,0.11412196567796097,0.6393408879406312,0.024104454320169617,0.44359171143514964,2.0,0.4507624098334729,0.09385543689131737,instrument_adversary,1,4
zc48__zn16__chem0__ni0__ns0__cond0__ai0p0025__as0__pair0__xrec0__dep0__e500,48,16,0.0,0.0,0.0,False,0.0025,0.0,0.0,0.0,0.0,0.25,500,0.001,1e-05,64,5.0,1401,500,arpls_minmax,structured_vae,730132042,355,124,1169412,94b5815471d91cde00b86ffe64ddec3f7d391c4f052f5a48b04c54c4c82adab2,0.7234133869472215,0.6326058201058201,0.3273949579831933,0.6494197382483371,124,0.6366833448410034,0.6773349353236571,0.6788453875351971,0.5872354497354497,0.3297899159663866,0.6499823104503543,1.0100464447109312,0.36006413426057693,0.6499823276139066,0.6513698317523294,0.5527116402116403,0.3328197945845004,0.8113651697025742,1.033826739811869,0.2224615701092948,0.7139758737503098,0.7142291231816537,0.6437169312169313,0.41545751633986927,0.7484992368276729,1.0356302887569613,0.28713105192928834,0.6253844317754093,0.7903225806451613,0.15170879662036896,0.5741603321490539,0.7661290322580645,0.22121460735797882,0.6633226839993757,0.782258064516129,0.17556102573871613,5.758861276133401,0.004110536242779015,0.1199762765861125,0.01636096857790045,1.5909962852490205,42,42,0.16984789146712384,-0.3327038735959763,,9.533015426664543,0.0068044364216021,0.5958134641665338,0.03407367746315897,2.9553863862018335,16,16,0.43048297959619725,-1.0423312298897496,,15.291876702797945,0.010914972664381116,0.23893557348121786,0.017368778584374286,2.9553863862018335,58,58,0.2350066634993922,-0.5101107126694197,0.024110998958349228,0.05862798767612575,0.997187873355026,0.006529051903277561,0.0032645259516387807,0.06781632712809564,0.9511402092542507,0.020287736779040017,0.4978165938864629,2.0,0.24520051586358918,0.057379886507987976,0.01656908948967913,0.008284544744839565,0.10803470169813885,0.8915429852818062,0.021055366997229423,0.4908296943231441,2.0,0.39633643858449996,0.07568781450390816,0.012554244299600125,0.0062771221498000625,0.09688318475266172,0.816374356202917,0.023990124953050484,0.4566385264773599,2.0,0.3565774844962687,0.09448148892261088,instrument_adversary,1,4
zc48__zn16__chem0__ni0__ns0__cond0__ai0p005__as0__pair0__xrec0__dep0__e500,48,16,0.0,0.0,0.0,False,0.005,0.0,0.0,0.0,0.0,0.25,500,0.001,1e-05,64,5.0,1401,500,arpls_minmax,structured_vae,730132042,355,124,1169412,c366e863c523929de38f837e3201b6869988410d212df5bb3bdd2a06cd485a07,0.7234133869472215,0.6326058201058201,0.3273949579831933,0.6494197382483371,124,0.6205611228942871,0.6917941603091979,0.6937279124510114,0.6664021164021164,0.3609010270774978,0.6269333229508511,0.9752808220499115,0.3483474990990604,0.6255950085837304,0.6275211744776962,0.4665343915343917,0.25767507002801116,0.805834865154222,1.0411011850004452,0.23526631984622326,0.6855474308481827,0.6913418660390452,0.6733465608465609,0.3773295985060692,0.7364444853261459,1.025381326322247,0.2889368409961012,0.6861831777245311,0.782258064516129,0.1659659892320633,0.5640796129517934,0.7016129032258065,0.19021491706371307,0.6635837533393925,0.7258064516129032,0.1693074107170105,5.1215817700433215,0.003655661506098017,0.1066996202092359,0.027645250927130265,1.3722391533629246,48,45,0.18901451338047326,-0.3079306580960962,,10.189096338157434,0.007272731147863978,0.6368185211348396,0.03135116571345399,2.940558213828463,14,15,0.43987143553702834,-1.1471511352190704,,15.310678108200756,0.010928392653961996,0.23922934544063684,0.027645250927130265,2.940558213828463,62,60,0.25172874391961203,-0.5177357773768397,0.023709073662757874,0.05104438449091156,0.9958782145230876,0.006333738268258433,0.0031668691341292165,0.06748408493167803,0.9498454262091653,0.020230997034496895,0.49519650655021835,2.0,0.29009934870907167,0.06292152730748057,0.01547251216927925,0.007736256084639625,0.10481527080279882,0.8880805216978822,0.020909669697492517,0.462882096069869,2.0,0.3850440583154633,0.07328784931451082,0.010975934435524482,0.005487967217762241,0.09009874941318209,0.8511718821523488,0.023818575855620056,0.43591711435149655,2.0,0.32931872321450295,0.09086712123826146,instrument_adversary,1,4
zc48__zn16__chem0__ni0__ns0__cond0__ai0p00125__as0__pair0__xrec0__dep0__e500,48,16,0.0,0.0,0.0,False,0.00125,0.0,0.0,0.0,0.0,0.25,500,0.001,1e-05,64,5.0,1401,500,arpls_minmax,structured_vae,745790240,363,118,1169412,35b44787c4ae0f8a42a26a4a3ef7799cfeddc3c54938a29f24b7f133dc03cfb2,0.7723809523809523,0.5983268983268983,0.5540792540792541,0.6442009991958362,118,0.6140877604484558,0.7485714285714286,0.738735168485999,0.6247104247104248,0.4976689976689977,0.643984155369406,1.0032691091688446,0.3592849537994386,0.569047619047619,0.5374849996637022,0.5588803088803089,0.3719401371575283,1.0499795005351555,1.045576856649186,-0.004402643885969448,0.739047619047619,0.7283240258609718,0.633011583011583,0.5226107226107226,0.7794146627939048,1.0179597882582505,0.2385451254643457,0.6595238095238096,0.711864406779661,0.13700111210346222,0.45142857142857146,0.5423728813559322,0.28976964950561523,0.661904761904762,0.7033898305084746,0.16825447976589203,8.867749574473088,0.006329585706262018,0.18474478280152265,0.01249715189973799,2.178297695120794,21,33,0.1903192384011086,-0.4447125148002885,,6.334928702892815,0.00452171927401343,0.395933043930801,0.027930894466594993,2.574190071152327,15,16,0.29746515098655835,-0.7874719508810382,,15.202678277365901,0.010851304980275447,0.2375418480838422,0.014511375844271465,2.574190071152327,36,49,0.21710571654747104,-0.530402373820476,0.022050540894269943,0.06293927371044818,0.9969810889597699,0.0047132743632274186,0.0023566371816137093,0.06553636470087769,0.9360490095782436,0.017788491393839704,0.5625,2.0,0.3058841263717428,0.05974433571100235,0.016236469870047752,0.008118234935023876,0.11061012306340777,0.8876359905623628,0.01868804353695915,0.5232843137254902,2.0,0.4987943135182462,0.07292886823415756,0.019087069955879353,0.009543534977939677,0.13107049051208686,0.7664980008478094,0.018395047881728924,0.5041716328963052,2.0,0.5840428362195642,0.08932337164878845,instrument_adversary,2,0
zc48__zn16__chem0__ni0__ns0__cond0__ai0p0025__as0__pair0__xrec0__dep0__e500,48,16,0.0,0.0,0.0,False,0.0025,0.0,0.0,0.0,0.0,0.25,500,0.001,1e-05,64,5.0,1401,500,arpls_minmax,structured_vae,745790240,363,118,1169412,56123bfa98792d9bf5abdfa442e80c3fe076f980b0b47a0b42ec7d90c2da95d6,0.7723809523809523,0.5983268983268983,0.5540792540792541,0.6442009991958362,118,0.6282780170440674,0.7004761904761904,0.6817435438125093,0.6652509652509653,0.49370629370629376,0.6501694766162824,1.0024586474211508,0.3522891708048683,0.5928571428571429,0.5873214984953233,0.598069498069498,0.3182291138812878,1.0096701835634327,1.0394237573863294,0.029753573822896673,0.7871428571428571,0.7737957730765838,0.6855212355212356,0.4988344988344989,0.7958066326980832,1.026762073723075,0.23095544102499177,0.6152380952380953,0.6101694915254238,0.15235354006290436,0.42428571428571427,0.5677966101694916,0.28173285722732544,0.6409523809523809,0.6101694915254238,0.1770952045917511,7.625160258385361,0.005442655430681914,0.15885750538302837,0.014035110976143673,2.0489092726567546,36,40,0.18424491343051358,-0.40313644210665694,,7.7999363765062,0.005567406407213562,0.4874960235316376,0.05370347597403076,2.6278580432804013,16,16,0.36141200473765034,-0.9571829849325186,,15.425096634891563,0.011010061837895477,0.24101713492018073,0.016295543154942048,2.6278580432804013,52,56,0.22853668625729778,-0.5416480778131224,0.022863630205392838,0.05775743422058282,0.9960430662059713,0.004809475991561736,0.002404737995780868,0.0657634208493926,0.937128458039153,0.01778544815655223,0.5747549019607843,2.0,0.3323185778835024,0.05935809202492237,0.017715724610175895,0.008857862305087947,0.11277045932041643,0.883646995185873,0.018650642359056908,0.5318627450980392,2.0,0.4509549080890927,0.0671140676131472,0.014873423149058198,0.007436711574529099,0.11923130125823243,0.8182028388336515,0.018263261685886736,0.5220500595947557,2.0,0.5462100174099829,0.09073025733232498,instrument_adversary,2,0
zc48__zn16__chem0__ni0__ns0__cond0__ai0p005__as0__pair0__xrec0__dep0__e500,48,16,0.0,0.0,0.0,False,0.005,0.0,0.0,0.0,0.0,0.25,500,0.001,1e-05,64,5.0,1401,500,arpls_minmax,structured_vae,745790240,363,118,1169412,1edc9df06f734ffc4d6a48c4d9e0f5c7f4936e66cf5bf2315e49c09aeab61bc5,0.7723809523809523,0.5983268983268983,0.5540792540792541,0.6442009991958362,118,0.5950307846069336,0.7285714285714286,0.6963021900170461,0.626962676962677,0.5046620046620047,0.6268986829188692,0.9984534156861979,0.37155473276732875,0.49333333333333335,0.48992044773728394,0.5431145431145432,0.34940711462450585,0.9561189052437534,1.0389082661814546,0.08278936093770117,0.7723809523809523,0.7471667074648244,0.6684041184041185,0.5219114219114218,0.7944982180825803,1.0281460192297878,0.2336478011472075,0.5976190476190476,0.5932203389830508,0.19410400092601776,0.44190476190476197,0.6186440677966102,0.2578558921813965,0.6457142857142858,0.5847457627118644,0.19413600862026215,6.513744326210451,0.004649353551898965,0.13570300679605107,0.019317351328974185,1.6962150491972703,48,44,0.18724522883769174,-0.3589544542309171,,9.259376202408513,0.0066091193450453336,0.5787110126505319,0.05457756650414847,2.7485200859983125,16,16,0.4123797323685706,-1.1048279767710174,,15.773120528618962,0.011258472896944299,0.2464550082596713,0.020255073289555368,2.7485200859983125,64,60,0.24352885472041144,-0.5454228348659422,0.023019524291157722,0.04798961764698384,0.9963479631292503,0.004913581537969591,0.0024567907689847955,0.06599925280403221,0.9372066654805413,0.017791065847256576,0.5612745098039216,2.0,0.31947665546473386,0.05352812229466508,0.018969255554015782,0.009484627777007891,0.11342093412123035,0.8830355410499251,0.018724198332313514,0.5465686274509803,2.0,0.3932198590879541,0.070107975974679,0.01035803473221036,0.00517901736610518,0.10346944042458493,0.8632107681579417,0.017976941529937358,0.5160905840286055,2.0,0.4478373510121327,0.08255462348461151,instrument_adversary,2,0
zc48__zn16__chem0__ni0__ns0__cond0__ai0p00125__as0__pair0__xrec0__dep0__e500,48,16,0.0,0.0,0.0,False,0.00125,0.0,0.0,0.0,0.0,0.25,500,0.001,1e-05,64,5.0,1401,500,arpls_minmax,structured_vae,1765655749,362,119,1169412,b5fac55bec1a71fdb473e0a1dfc5dc16b127461f2a5a6abe13b7e8cf856395cf,0.6634192235246502,0.6051801801801802,0.42068160597572357,0.6707542637983958,117,0.7099699378013611,0.6620684085991375,0.6566589111538441,0.5707207207207208,0.39227513227513233,0.7245470158301801,1.0331326812731456,0.3085856654429655,0.4553098584971746,0.45207625697813925,0.48738738738738724,0.2331317003143628,0.9529036128606421,0.9920179841480082,0.03911437128736617,0.6851976602998179,0.6728760322140113,0.6286036036036036,0.44444444444444453,0.790386052435017,1.038901289806951,0.24851523737193393,0.5876338750603216,0.7394957983193278,0.12956172227859497,0.4001720138856458,0.6302521008403361,0.47753018140792847,0.5958650508258223,0.7394957983193278,0.1829080730676651,11.629177326491972,0.00830062621448392,0.2422745276352494,0.01623296046542209,1.6665984971982994,38,41,0.24002998961664251,-0.5380306484407339,,4.717190163122948,0.003367016533278335,0.2948243851951843,0.04068858750974676,2.725742647928785,15,16,0.25864123244054016,-0.6755139069188901,,16.346367489614916,0.011667642747762254,0.2554119920252331,0.017869541743494713,2.725742647928785,53,57,0.2446828003226169,-0.572401463060273,0.021580440923571587,0.04288509402810822,0.9970800086746877,0.004831888355615921,0.0024159441778079604,0.06598896694261203,0.9576312775601798,0.01631347969479051,0.5108077360637088,2.0,0.23108895347255645,0.05134054087102413,0.01452509177171277,0.007262545885856385,0.1128315594920692,0.8959936723125013,0.017223762880839388,0.5073947667804323,2.0,0.2759978022521648,0.07284247619099915,0.023834934572236524,0.011917467286118262,0.1854475421451083,0.4526229160565299,0.01718727904871447,0.450653983353151,2.0,0.5138067193312537,0.09718040550797014,instrument_adversary,2,1
zc48__zn16__chem0__ni0__ns0__cond0__ai0p0025__as0__pair0__xrec0__dep0__e500,48,16,0.0,0.0,0.0,False,0.0025,0.0,0.0,0.0,0.0,0.25,500,0.001,1e-05,64,5.0,1401,500,arpls_minmax,structured_vae,1765655749,362,119,1169412,8680e803cfd88effbf135ad1bcedd3268d3cec3cd70b4c5029ff59b9592a17ed,0.6634192235246502,0.6051801801801802,0.42068160597572357,0.6707542637983958,117,0.666252851486206,0.62551117701085,0.6146661767351421,0.5324002574002573,0.3624819624819624,0.6766399653581735,1.0285348222609392,0.3518948569027657,0.4023828982393873,0.3820764027602054,0.5017696267696266,0.19639069450214963,0.9894140589194486,1.015831279860348,0.026417220940899377,0.6481302246298978,0.6396705815791621,0.6218468468468468,0.41139971139971143,0.8229004717214987,1.0394122910636114,0.21651181934211272,0.5583255498995937,0.7310924369747899,0.14693549275398254,0.41409151761391055,0.5378151260504201,0.2927859425544739,0.5896143697753702,0.7647058823529411,0.1814892590045929,8.531880312565653,0.0060898503301682035,0.17774750651178448,0.018310540208692494,1.4458065567281928,39,43,0.21546630763866947,-0.43134262276630286,,7.861098716054988,0.005611062609603846,0.4913186697534368,0.03831102428386634,2.727038582165721,15,16,0.3718860173542781,-0.9174398458456403,,16.39297902862064,0.01170091293977205,0.25614029732219756,0.020825831291850425,2.727038582165721,54,59,0.2545712350675716,-0.5528669285361373,0.021927382797002792,0.05035701457025545,0.9963926086730276,0.004718016471284335,0.0023590082356421673,0.06489398512276734,0.9579587498631448,0.016291072334035987,0.5301478953356087,2.0,0.22036800325111194,0.04887750186026096,0.014303875524470589,0.0071519377622352946,0.11270289343739756,0.9075774530125391,0.017145703960872134,0.5039817974971559,2.0,0.3371258597577713,0.07085940591059625,0.013508073869880014,0.006754036934940007,0.13056663047295788,0.7608737993545667,0.016746530853234225,0.48989298454221164,2.0,0.4053876779938011,0.08212100341916084,instrument_adversary,2,1
zc48__zn16__chem0__ni0__ns0__cond0__ai0p005__as0__pair0__xrec0__dep0__e500,48,16,0.0,0.0,0.0,False,0.005,0.0,0.0,0.0,0.0,0.25,500,0.001,1e-05,64,5.0,1401,500,arpls_minmax,structured_vae,1765655749,362,119,1169412,a3ded96234ef4402c06062b6b67907d495298c3c66dbde9f9c7c087abf8c76b1,0.6634192235246502,0.6051801801801802,0.42068160597572357,0.6707542637983958,117,0.7135062217712402,0.6581321315711639,0.6375322542810228,0.5871621621621621,0.4111111111111112,0.6840267089532694,1.021658542701063,0.3376318337477935,0.4864433988698455,0.4829581786589766,0.5265444015444016,0.32152843487208815,0.942968241630062,1.0326309019660809,0.08966266033601888,0.6678186148601316,0.654938417849934,0.5961711711711712,0.44920634920634916,0.8194206010910773,1.03785956339763,0.2184389623065527,0.5751093572440418,0.6554621848739496,0.1923036426305771,0.4582010149597596,0.680672268907563,0.2661173939704895,0.5945895406217406,0.7647058823529411,0.1946178525686264,7.051361572784054,0.005033091772151359,0.14690336609966775,0.026460276592508526,1.4930787778568744,46,48,0.21350565493413276,-0.3735408138637424,,9.385533465652637,0.006699167355926222,0.5865958416032899,0.03596774422214685,2.783051026367333,16,15,0.42486147793258605,-1.0713868301182712,,16.436895038436692,0.011732259128077582,0.2568264849755733,0.02801863443521558,2.783051026367333,62,63,0.2663446106837461,-0.5480023179273746,0.02154562994837761,0.04428200935342347,0.9959385727907766,0.004747736275319061,0.0023738681376595304,0.06525217911358418,0.957140402231524,0.01624070005896764,0.5017064846416383,2.0,0.23252939270661768,0.051199211680796,0.014980960338560364,0.007490480169280182,0.11378839567138459,0.9003764957599585,0.01704681313801783,0.5062571103526735,2.0,0.31916211081246487,0.0729459841386415,0.01124541847422209,0.005622709237111045,0.1186417884733621,0.8228166273211918,0.016550643386885826,0.49108204518430437,2.0,0.3327527145558149,0.08220000565052032,instrument_adversary,2,1
zc48__zn16__chem0__ni0__ns0__cond0__ai0p00125__as0__pair0__xrec0__dep0__e500,48,16,0.0,0.0,0.0,False,0.00125,0.0,0.0,0.0,0.0,0.25,500,0.001,1e-05,64,5.0,1401,500,arpls_minmax,structured_vae,1929165763,361,120,1169412,37a21d3b3620f9ecc6219049cf35e418f24ce4f69d4820753ea928ccf35067ea,0.7391483516483516,0.6002232142857142,0.40091174906964366,0.6775316464734245,119,0.6254927515983582,0.6769383394383395,0.675412087912088,0.5359375,0.3752538543328017,0.6772943527756871,1.0122428270225812,0.3349484742468941,0.5499542124542124,0.537056995233687,0.49627976190476186,0.34284537100326573,0.8897537152458738,1.008979717261208,0.11922600201533429,0.6868589743589743,0.6877385379636994,0.5901041666666667,0.42381446039340775,0.782153919443384,1.02277999920119,0.24062607975780592,0.5738858363858365,0.6833333333333333,0.15792636573314667,0.4808302808302808,0.65,0.2561199963092804,0.6202991452991452,0.6916666666666667,0.17896553874015808,7.7803238410392215,0.0055534074525619,0.16209008002165046,0.015382951581844193,1.8106676817474878,30,34,0.19067022670346886,-0.39065205160082617,,7.5669832333384965,0.005401130073760526,0.4729364520836562,0.02372853632088641,2.6712597512151324,16,15,0.3454523033214476,-0.817624121946604,,15.347307074377719,0.010954537526322427,0.23980167303715189,0.015583154156497109,2.6712597512151324,46,49,0.22936574585796354,-0.49739506918727067,0.022297440096735954,0.0622891603576299,0.9986831274960016,0.006250380007375466,0.003125190003687733,0.07093773372353997,0.9493662783552267,0.018201060359407658,0.5363247863247863,2.0,0.23727400169317084,0.05188969150185585,0.016051531275243777,0.008025765637621888,0.11205460737623366,0.8988909927341138,0.018932192176780372,0.5021367521367521,2.0,0.3173455555416058,0.07578299939632416,0.014696432528870412,0.007348216264435206,0.12528647576210766,0.8163521367393742,0.01859838914557086,0.4882583170254403,2.0,0.30497887723361383,0.08105118945240974,instrument_adversary,2,3
zc48__zn16__chem0__ni0__ns0__cond0__ai0p0025__as0__pair0__xrec0__dep0__e500,48,16,0.0,0.0,0.0,False,0.0025,0.0,0.0,0.0,0.0,0.25,500,0.001,1e-05,64,5.0,1401,500,arpls_minmax,structured_vae,1929165763,361,120,1169412,1ca5956e5a8a5b2042caee5cd61fbd973a08abc7c0bbcc1bf5cb3b5abd12a3f2,0.7391483516483516,0.6002232142857142,0.40091174906964366,0.6775316464734245,119,0.6431276798248291,0.6631257631257631,0.6547249075883147,0.5854166666666667,0.3303548644338118,0.6693601979242338,1.0315429230968307,0.36218272517259686,0.5119505494505495,0.5176437503648429,0.4939732142857143,0.27664274322169047,0.8965891570478053,1.0162893666588018,0.11970020961099648,0.635989010989011,0.6355481760412129,0.5796875,0.4249760765550237,0.7967110907698011,1.0362408349394137,0.2395297441696126,0.5514194139194138,0.675,0.17189253866672516,0.38231074481074484,0.6,0.23089049756526947,0.6322802197802198,0.7,0.18992242217063904,5.17126651387085,0.003691125277566631,0.10773471903897604,0.014382020297175257,1.7075783052799856,35,38,0.16416523613518924,-0.29088432662174457,,10.278462044294372,0.00733651823290105,0.6424038777683984,0.061492158851689266,2.6060772246119126,15,16,0.4505023371696855,-1.1154421115574222,,15.44972855816522,0.01102764351046768,0.2414020087213316,0.015179786770960439,2.6060772246119126,50,54,0.2357495113938133,-0.497023772855664,0.022359946742653847,0.04578299822129934,0.9984559192026501,0.0063597098387913106,0.0031798549193956553,0.0709672374332417,0.9490769558129777,0.01815459338488462,0.5277777777777778,2.0,0.24478906450221583,0.05161486938595772,0.017248071177689634,0.008624035588844817,0.11346938456019534,0.8966619499706645,0.018917518757676964,0.5032051282051282,2.0,0.3123608421086176,0.07687291991896927,0.009745295341695381,0.004872647670847691,0.09795988940836191,0.9099061316404594,0.018326419298472837,0.4911937377690802,2.0,0.2685942498547441,0.07617798633873463,instrument_adversary,2,3
zc48__zn16__chem0__ni0__ns0__cond0__ai0p005__as0__pair0__xrec0__dep0__e500,48,16,0.0,0.0,0.0,False,0.005,0.0,0.0,0.0,0.0,0.25,500,0.001,1e-05,64,5.0,1401,500,arpls_minmax,structured_vae,1929165763,361,120,1169412,79b6b09250c3a840147263098f104a3fad9e97b426947c1f537914fccc27c2fc,0.7391483516483516,0.6002232142857142,0.40091174906964366,0.6775316464734245,119,0.7084043025970459,0.673962148962149,0.6740334093604827,0.5828125,0.4443700159489633,0.7255105582567362,1.0162141094119888,0.2907035511552526,0.6008699633699633,0.5985080860080859,0.47626488095238095,0.3615922381711856,0.808397486597508,1.038283042413729,0.22988555581622105,0.691620879120879,0.691260359227351,0.5854166666666667,0.44086124401913873,0.7937267682143858,1.0347459277967623,0.24101915958237652,0.5512515262515263,0.6416666666666667,0.2300988733768463,0.5307539682539683,0.725,0.15820561349391937,0.5911019536019536,0.6333333333333333,0.17565298080444336,3.9344029563057763,0.0028082819102824954,0.08196672825637034,0.020254071905888793,1.1032312367698964,48,47,0.16813404092652035,-0.2381468419585076,,11.5740847114033,0.008261302434977373,0.7233802944627064,0.11452176485339484,2.656029951548829,14,16,0.47756976676334184,-1.2744995704400328,,15.50848766770908,0.011069584345259871,0.24232011980795432,0.021525077213680383,2.656029951548829,62,63,0.24549297238572573,-0.4972350240788889,0.022650498896837234,0.05078895727828586,0.9979752861175633,0.006235426805183212,0.003117713402591606,0.0703601101916665,0.9503373696206934,0.01815609851270284,0.5224358974358975,2.0,0.2485601838700959,0.05428237945307046,0.01701481449089706,0.00850740724544853,0.11339389443487975,0.8922457784989375,0.01888008407808132,0.4935897435897436,2.0,0.31167600746362634,0.08100408595055342,0.008379918660543068,0.004189959330271534,0.0866686457825617,0.926052867007473,0.018088492070902417,0.5048923679060665,2.0,0.2576360787035792,0.06785911554470658,instrument_adversary,2,3
zc48__zn16__chem0__ni0__ns0__cond0__ai0p00125__as0__pair0__xrec0__dep0__e500,48,16,0.0,0.0,0.0,False,0.00125,0.0,0.0,0.0,0.0,0.25,500,0.001,1e-05,64,5.0,1401,500,arpls_minmax,structured_vae,1502471361,357,124,1169412,f731c392bf88e971cd5901671058bd751580bcd921e36722f80d354df722cb2a,0.6813531080448374,0.6113095238095239,0.36687208216619993,0.6494197382483371,124,0.5285212397575378,0.7077245540591406,0.7003905053166137,0.55,0.3215219421101775,0.5908145602359328,1.0259755688692807,0.43516100863334783,0.5730173648406732,0.5628241623256334,0.536904761904762,0.26120681605975715,0.9594591704911963,1.0008711992473354,0.04141202875613903,0.7044649168709319,0.6939696569655496,0.5664021164021164,0.3926330532212885,0.7012528634348582,1.0264580524147353,0.32520518897987716,0.5635442773600668,0.6854838709677419,0.16482816636562347,0.501810272017039,0.6532258064516129,0.2695838510990143,0.5862383752421347,0.6370967741935484,0.17388199269771576,10.680996155577857,0.007623837370148363,0.22252075324120535,0.019751096870060932,2.2395974076282363,32,45,0.21757837681010403,-0.5114435744348602,,4.7217527023753005,0.0033702731637225555,0.2951095438984563,0.04217399516508365,2.246770186800453,16,14,0.28199403899096126,-0.5534165157165196,,15.402748857953156,0.010994110533870918,0.2406679509055181,0.021881235045718952,2.246770186800453,48,59,0.23368229235531834,-0.521936809755275,0.0241327416151762,0.08969974619121801,0.9981383142788764,0.0070071810278596,0.0035035905139298,0.07016646277232834,0.9295834041701487,0.02031629242783389,0.4698689956331878,2.0,0.28442745965223093,0.060823902022093534,0.015951656803494235,0.007975828401747117,0.10814192990470571,0.8738527340446404,0.02100452658527342,0.44454148471615723,2.0,0.38104399555243024,0.07294313376769423,0.03294625318395162,0.01647312659197581,0.14285076981877548,0.6379623071297541,0.026096622130625715,0.41247002398081534,2.0,0.5099162659943444,0.08698103483766317,instrument_adversary,2,4
zc48__zn16__chem0__ni0__ns0__cond0__ai0p0025__as0__pair0__xrec0__dep0__e500,48,16,0.0,0.0,0.0,False,0.0025,0.0,0.0,0.0,0.0,0.25,500,0.001,1e-05,64,5.0,1401,500,arpls_minmax,structured_vae,1502471361,357,124,1169412,7e7a497dbdc20fb6d32ed4cbca81437af7154fd5ca4a17befa2a80c5e1c4bf54,0.6813531080448374,0.6113095238095239,0.36687208216619993,0.6494197382483371,124,0.5663166642189026,0.6284868535808386,0.6290606917398299,0.5988095238095238,0.34310924369747897,0.6026312029638956,1.0354918565708953,0.43286065360699966,0.5340399992655632,0.5282232976750184,0.5451058201058201,0.26767507002801116,0.8987200423728589,1.0051926023689284,0.10647255999606953,0.6774428057322793,0.6698151521680933,0.5881613756613757,0.3148552754435108,0.7364691789760146,1.032154000469406,0.2956848214933915,0.5682395090289826,0.6612903225806451,0.16178040206432343,0.4140938426652712,0.5725806451612904,0.28433293104171753,0.547467570023961,0.6612903225806451,0.18162114918231964,7.91332839209554,0.0056483428922880375,0.16486100816865712,0.01628158480850938,2.3126467187626467,34,41,0.18526570234491058,-0.4169593606827235,,7.204799983193329,0.005142612407704018,0.45029999894958317,0.0351792391893537,2.3216798109779098,15,15,0.3737935291182952,-0.8346255810661352,,15.11812837528887,0.010790955299992057,0.23622075586388863,0.01971672149042661,2.3216798109779098,49,56,0.23239765903825674,-0.5213759157785764,0.02512918785214424,0.06415890866161766,0.9974278540483956,0.006814762013194084,0.003407381006597042,0.06941867143914161,0.9343303056729096,0.020281660954016338,0.47510917030567684,2.0,0.28188441775937323,0.05978081759531051,0.015525428439561383,0.0077627142197806915,0.10479203111467664,0.8867617588492616,0.020894704843189556,0.4489082969432314,2.0,0.38685927542849274,0.07336292415857315,0.01772013920211947,0.008860069601059735,0.11536244237279786,0.7444340160924827,0.02578816013562382,0.4380495603517186,2.0,0.5209070869332126,0.08448591828346252,instrument_adversary,2,4
zc48__zn16__chem0__ni0__ns0__cond0__ai0p005__as0__pair0__xrec0__dep0__e500,48,16,0.0,0.0,0.0,False,0.005,0.0,0.0,0.0,0.0,0.25,500,0.001,1e-05,64,5.0,1401,500,arpls_minmax,structured_vae,1502471361,357,124,1169412,7015c7c7fb1964bd7b430372a235f9f99ef358173cf1befb5722d810d2141f12,0.6813531080448374,0.6113095238095239,0.36687208216619993,0.6494197382483371,124,0.553712010383606,0.6793001276083983,0.6744141176284034,0.6156746031746032,0.30871148459383757,0.617017171965089,1.0174139444045414,0.4003967724394524,0.5908349169627366,0.5852594238101945,0.5258597883597884,0.2385807656395893,0.8496580836384795,1.0154378316780628,0.16577974803958329,0.6179155535358543,0.614671290477742,0.6240079365079366,0.33231559290382817,0.7303452050963114,1.0231239540798522,0.29277874898354084,0.5491762831988396,0.782258064516129,0.15353743731975555,0.4044205063941906,0.5483870967741935,0.24222460389137268,0.546770428819301,0.7419354838709677,0.1797657012939453,6.734163411543544,0.00480668337726163,0.14029507107382386,0.021190338326104907,1.9763733084222184,48,48,0.19608761523411114,-0.35749706164104583,,8.99778343088695,0.006422400735822234,0.5623614644304344,0.042162573850629756,2.474238645004734,16,16,0.42624449630133193,-1.0129190788684355,,15.731946842430496,0.011229084113083865,0.24581166941297652,0.023223631785270316,2.474238645004734,64,64,0.25362683550091636,-0.5213525659478933,0.024317895993590355,0.05220315745899847,0.9956737385458891,0.0064534505032168565,0.0032267252516084283,0.068859098203048,0.9414452240989655,0.02029379526402345,0.4698689956331878,2.0,0.24764909311796213,0.05623197369277477,0.015345432025500405,0.007672716012750202,0.10375985051577659,0.89629297260411,0.020965597645528026,0.43842794759825326,2.0,0.311605147042934,0.07226791232824326,0.011978542156116427,0.0059892710780582135,0.10161357344088526,0.8195618466326015,0.02549401194227041,0.44204636290967225,2.0,0.40417492148476397,0.08035310357809067,instrument_adversary,2,4
zc48__zn16__chem0__ni0__ns0__cond0__ai0p00125__as0__pair0__xrec0__dep0__e500,48,16,0.0,0.0,0.0,False,0.00125,0.0,0.0,0.0,0.0,0.25,500,0.001,1e-05,64,5.0,1401,500,arpls_minmax,structured_vae,668375293,360,118,1169412,3bcfd4fa61bc6167d9aa3836f2ed60724f94f7c24237a9e505fa71120f6fe2f6,0.7509523809523809,0.6485199485199485,0.5468531468531468,0.6442009991958362,118,0.6145228743553162,0.7223809523809523,0.7101222528922877,0.6068854568854569,0.5346508563899868,0.6666592402117593,1.0201240133503309,0.3534647731385716,0.6,0.6047619047619047,0.5086872586872587,0.31902300597952776,0.9463941739136431,1.0197130914913661,0.07331891757772302,0.7333333333333333,0.7201972401340896,0.614993564993565,0.5065268065268065,0.7828616700252565,1.028640385627566,0.24577871560230957,0.6680952380952381,0.7372881355932204,0.16229605674743652,0.4276190476190477,0.6016949152542372,0.2534468472003937,0.6742857142857143,0.7288135593220338,0.1891203075647354,8.334919958787188,0.005949264781432682,0.17364416580806638,0.01644522095681668,2.4709894494399034,32,41,0.18735388837624817,-0.43154895123226933,,7.39282735371865,0.005276821808507245,0.4620517096074156,0.03682688605715814,2.0933021149380595,15,16,0.3566353460073977,-0.9022192308518658,,15.727747312505837,0.011226086589939926,0.24574605175790368,0.0189885886598362,2.4709894494399034,47,57,0.22967425278403555,-0.5492165211371685,0.022871265187859535,0.041384432880992895,0.9935484206055196,0.004853062368605297,0.0024265311843026487,0.06558394739107755,0.9337889319109274,0.017874145210221723,0.5747549019607843,2.0,0.2799847812279647,0.05183868296444416,0.014750880771855,0.0073754403859275,0.10739445022021847,0.875589091441845,0.018666558296563496,0.5514705882352942,2.0,0.38835186349883105,0.06294003315269947,0.022480866769862974,0.011240433384931487,0.13267661270033143,0.7535212392542672,0.020158680027027247,0.5276073619631901,2.0,0.43278416127210273,0.08119253069162369,instrument_adversary,3,0
zc48__zn16__chem0__ni0__ns0__cond0__ai0p0025__as0__pair0__xrec0__dep0__e500,48,16,0.0,0.0,0.0,False,0.0025,0.0,0.0,0.0,0.0,0.25,500,0.001,1e-05,64,5.0,1401,500,arpls_minmax,structured_vae,668375293,360,118,1169412,ee5d0d37e0bc799adf3712351b44c3ffb6210604075569cd1afff120ffe4a876,0.7509523809523809,0.6485199485199485,0.5468531468531468,0.6442009991958362,118,0.598753809928894,0.6876190476190477,0.6772352707862158,0.6005148005148006,0.5013986013986014,0.6660447537648577,1.0220174743717896,0.35597272060693186,0.6442857142857142,0.6245752608459351,0.5658944658944658,0.4148305800479713,0.9364142677112788,1.042263078590253,0.10584881087897413,0.7295238095238095,0.7258074398916979,0.6000643500643501,0.5230769230769232,0.787295350382308,1.0356381242868011,0.2483427739044931,0.5976190476190476,0.711864406779661,0.1655908077955246,0.5080952380952382,0.6694915254237288,0.26545363664627075,0.6071428571428571,0.7457627118644068,0.19204828143119812,6.909433496803015,0.004931786935619568,0.14394653118339615,0.01725746880488579,2.3852004112314655,41,44,0.1782050548377235,-0.39096081802339244,,9.064753823045269,0.0064702025860423045,0.5665471139403294,0.052274607612423266,2.2700087780782536,16,16,0.4022508141219293,-1.1010194143887868,,15.974187319848285,0.011401989521661875,0.24959667687262946,0.0204001926691368,2.3852004112314655,57,60,0.23421649465877498,-0.5684754671147411,0.023425396531820297,0.04590322353037828,0.9966647719976163,0.004807113195875354,0.002403556597937677,0.0655289100303765,0.9327069307279208,0.017902265454791472,0.5845588235294118,2.0,0.28762271966746117,0.05547945573925972,0.01541136903100063,0.007705684515500315,0.10849495901440469,0.8772427078176014,0.018727407225057214,0.5563725490196079,2.0,0.37528152010915006,0.06627471325919032,0.014300303899611684,0.007150151949805842,0.11407042697557555,0.8197924428481298,0.019915527130984285,0.5533742331288344,2.0,0.3178738017502216,0.07848664373159409,instrument_adversary,3,0
zc48__zn16__chem0__ni0__ns0__cond0__ai0p005__as0__pair0__xrec0__dep0__e500,48,16,0.0,0.0,0.0,False,0.005,0.0,0.0,0.0,0.0,0.25,500,0.001,1e-05,64,5.0,1401,500,arpls_minmax,structured_vae,668375293,360,118,1169412,19d18ab112cb52bbf4ef8bfe620ce067710b462a08d9a1b71acc5e95b5bf3f62,0.7509523809523809,0.6485199485199485,0.5468531468531468,0.6442009991958362,118,0.5957882404327393,0.6866666666666666,0.681123981123981,0.5753539253539254,0.4673659673659674,0.6571617229145115,1.009309585980226,0.35214786306571444,0.6157142857142857,0.6136922581764501,0.5548262548262548,0.4250869903043815,0.9276704611648031,1.0406555221898384,0.11298506102503525,0.6452380952380953,0.6399788290602283,0.6258043758043758,0.5230769230769232,0.786777165632288,1.0272189341153957,0.24044176848310772,0.560952380952381,0.6271186440677966,0.18622533977031708,0.55,0.7033898305084746,0.27266010642051697,0.6066666666666667,0.6694915254237288,0.21035078167915344,6.0069160306842875,0.004287591742101561,0.12514408397258936,0.022283043528845095,2.200149065267624,46,46,0.18379443046625843,-0.34198308340753725,,9.789765789431893,0.006987698636282579,0.6118603618394933,0.09227990609142539,2.2947855465047318,16,16,0.4436858399766591,-1.1735565226383988,,15.796681820116182,0.011275290378384142,0.24682315343931538,0.02535648527500661,2.2947855465047318,62,62,0.2487672828438586,-0.5498764432152526,0.02380560152232647,0.04093878128714576,0.9924262523175699,0.004862029788504355,0.0024310148942521775,0.06585509333326442,0.932043476139571,0.0178898406272536,0.571078431372549,2.0,0.31098738799514913,0.056963120587170124,0.01622481485801796,0.00811240742900898,0.11149920762533669,0.8539738746060432,0.018787949296410287,0.5441176470588235,2.0,0.40147431751810086,0.06708423793315887,0.011170463810349614,0.005585231905174807,0.10459653662145096,0.8620510827595314,0.019767173027975756,0.5705521472392638,2.0,0.3776043590875151,0.0812702588737011,instrument_adversary,3,0
zc48__zn16__chem0__ni0__ns0__cond0__ai0p00125__as0__pair0__xrec0__dep0__e500,48,16,0.0,0.0,0.0,False,0.00125,0.0,0.0,0.0,0.0,0.25,500,0.001,1e-05,64,5.0,1401,500,arpls_minmax,structured_vae,1402507312,359,119,1169412,2f6fd63dd2054d59926a9afbda8ebed4cc2ce09fbc6aa0735a8e1a1cbb3b6fc3,0.6676499089338253,0.613063063063063,0.4093059446000623,0.6707542637983958,117,0.6883929371833801,0.6284036955743396,0.6178085519922254,0.6626126126126126,0.38776106934001686,0.6929817142025116,1.0382215823987133,0.34523986819620167,0.5218928532511403,0.5105251794276184,0.4775740025740025,0.21930418738468282,0.8918565540544449,1.0275628036763826,0.13570624962193778,0.6695527638973209,0.6577493989213996,0.658108108108108,0.3965152780942255,0.7933454543458945,1.0437304269093672,0.2503849725634727,0.5350657310979311,0.7058823529411765,0.11436393111944199,0.44818412490854465,0.6638655462184874,0.21222171187400818,0.5735540325970205,0.7899159663865546,0.15591347217559814,6.902570263326484,0.0049268881251438145,0.14380354715263513,0.013825479538756865,2.0009458748829463,28,36,0.17234049166354734,-0.3694345034130261,,7.71314965383267,0.0055054601383530835,0.48207185336454195,0.044731857283457695,2.492606130428147,16,16,0.3705763495847289,-0.9096790657078768,,14.615719917159156,0.010432348263496899,0.22837062370561184,0.0161991160677762,2.492606130428147,44,52,0.2218994561438427,-0.5044956439867387,0.021918458864092827,0.05660814448798388,0.997431588675936,0.004737676736624619,0.0023688383683123093,0.06703338586465817,0.9498110447132709,0.016239010530992134,0.5039817974971559,2.0,0.22315427597102216,0.049346642568707466,0.0134993908747677,0.00674969543738385,0.10919527303225574,0.915134455894641,0.0170469079220945,0.502844141069397,2.0,0.3020299169739652,0.07261845073662698,0.01548721362810843,0.007743606814054215,0.1258441585450537,0.7454315836260155,0.01933174343263237,0.441588785046729,2.0,0.38615826143317505,0.09587282687425613,instrument_adversary,3,1
zc48__zn16__chem0__ni0__ns0__cond0__ai0p0025__as0__pair0__xrec0__dep0__e500,48,16,0.0,0.0,0.0,False,0.0025,0.0,0.0,0.0,0.0,0.25,500,0.001,1e-05,64,5.0,1401,500,arpls_minmax,structured_vae,1402507312,359,119,1169412,ef8af23ec3e22e1055463a57ac6cf1fcba3b54993f1d75a93708ae33dc8a0139,0.6676499089338253,0.613063063063063,0.4093059446000623,0.6707542637983958,117,0.7006876468658447,0.6702180528962157,0.6594542872093891,0.5866795366795367,0.4125045977987155,0.691285797344741,1.0283916433703628,0.33710584602562177,0.5123295428011021,0.49986769175755413,0.5177606177606178,0.3047519869191696,0.9124974618034978,1.03877457185173,0.12627711004823228,0.6681108827970548,0.6588188317454492,0.5981981981981981,0.4071669071669072,0.806704295472005,1.0479873310566037,0.24128303558459874,0.5473143261881412,0.773109243697479,0.1304992288351059,0.44194083812014506,0.6218487394957983,0.22290384769439697,0.5311183626768785,0.7058823529411765,0.1618095487356186,5.939186117605846,0.004239247764172624,0.12373304411678843,0.015150824223393146,2.0788450122070126,42,39,0.16893691778492437,-0.33156965236790936,,9.28591288272107,0.00662806058723845,0.5803695551700666,0.06267297291261423,2.545870852860926,16,16,0.42661390846257874,-1.0690610580421576,,15.225099000326914,0.010867308351411073,0.23789217188010797,0.018892627443509842,2.545870852860926,58,55,0.23335616545433796,-0.5159425037864714,0.022322382777929306,0.04100128673281913,0.9970680716662961,0.004795468891762426,0.002397734445881213,0.0668038848640079,0.9510819691083913,0.01625675781251693,0.5039817974971559,2.0,0.24225077768915632,0.04669218580238521,0.014748996908853769,0.007374498454426884,0.11096533597794946,0.9191196446715999,0.017076846518355386,0.5017064846416383,2.0,0.2653870020324619,0.06837231479585171,0.01260644774911756,0.00630322387455878,0.1101535535599263,0.8477780467989576,0.019145599144517217,0.45093457943925236,2.0,0.36128724565175746,0.08903861278668046,instrument_adversary,3,1
zc48__zn16__chem0__ni0__ns0__cond0__ai0p005__as0__pair0__xrec0__dep0__e500,48,16,0.0,0.0,0.0,False,0.005,0.0,0.0,0.0,0.0,0.25,500,0.001,1e-05,64,5.0,1401,500,arpls_minmax,structured_vae,1402507312,359,119,1169412,a6096d5b7a9be0352f78906c5e2415935f57629788e0c4f5459e5a2d2624a3f7,0.6676499089338253,0.613063063063063,0.4093059446000623,0.6707542637983958,117,0.6909834742546082,0.591427326079173,0.5872441615278177,0.6049227799227799,0.3746057061846535,0.6970068734392898,1.0080686786380466,0.3110618051987568,0.5550845280904124,0.5331684796161985,0.5508687258687258,0.38979996038819564,0.8630966229037145,1.0328031329841727,0.16970651008045823,0.661704922243497,0.6561780362044367,0.6536036036036036,0.4111111111111111,0.8002688743734873,1.0336915296546285,0.23342265528114126,0.4422257117950155,0.7310924369747899,0.14268858730793,0.5439943025265026,0.7815126050420168,0.19604504108428955,0.5300845280904124,0.7142857142857143,0.1588488668203354,5.144558565133313,0.003672061788103721,0.1071783034402774,0.021622531985454597,1.8898674835433362,48,45,0.1780871947028952,-0.3023717737788586,,10.319666242904901,0.007365928795792221,0.6449791401815563,0.06220891696440754,2.552045708054236,16,16,0.4512202041377113,-1.1774626712509157,,15.464224808038216,0.011037990583895943,0.24162851262559715,0.023197831721026196,2.552045708054236,64,61,0.24637044706159922,-0.5211444981468728,0.02175857126712799,0.04301940801470431,0.9959127055345038,0.0047947886338574296,0.0023973943169287148,0.06719764504392604,0.9524759772054677,0.01624275063556287,0.5085324232081911,2.0,0.2980407070562835,0.05266870581544936,0.014666300800214124,0.007333150400107062,0.11294442208069694,0.9056217445038397,0.01705149815095821,0.48464163822525597,2.0,0.3257148058754036,0.06826500105671585,0.010029022993521887,0.005014511496760943,0.09716217389909541,0.8616197149536702,0.018815999417691784,0.47079439252336447,2.0,0.2830926559396427,0.08333774248603731,instrument_adversary,3,1
zc48__zn16__chem0__ni0__ns0__cond0__ai0p00125__as0__pair0__xrec0__dep0__e500,48,16,0.0,0.0,0.0,False,0.00125,0.0,0.0,0.0,0.0,0.25,500,0.001,1e-05,64,5.0,1401,500,arpls_minmax,structured_vae,242111445,361,117,1169412,9362984df750b1378c398669aac1459e746e91e14bee49154f46c330b9b465a0,0.7375850340136054,0.6052248677248677,0.49188034188034185,0.7343894507846789,117,0.7529447078704834,0.6944160997732426,0.6862704964208725,0.5220017636684302,0.4942420152946469,0.7545367668913485,1.0311181772098184,0.27658141031846983,0.532936507936508,0.4747131902124836,0.5011353615520282,0.35706252811515987,0.987105095140994,1.0263042340961794,0.03919913895518545,0.7354591836734693,0.7172157427476576,0.5627865961199294,0.5012820512820513,0.8001038050215086,1.0294730509540524,0.22936924593254382,0.6417800453514738,0.7606837606837606,0.18056648969650269,0.34654195011337874,0.5470085470085471,0.36155202984809875,0.6804705215419501,0.7777777777777778,0.18604689836502075,11.529178980352949,0.008229249807532441,0.24019122875735313,0.015382790945369361,2.0567245829662575,28,37,0.22807074241423067,-0.5338812335305602,,3.695706318363358,0.0026379060088246664,0.23098164489770978,0.0242143082065909,2.7434118690161378,15,16,0.23604630126045287,-0.4940010721890377,,15.224885298716305,0.010867155816357107,0.23788883279244227,0.01697820294024673,2.7434118690161378,43,53,0.2300646321257862,-0.5239111931951795,0.025596562772989273,0.04774327355929947,0.9972066320356054,0.0071424022805090396,0.0035712011402545198,0.0719162566859125,0.9274063830972296,0.023055565624510072,0.3938280675973549,2.0,0.3503582968832041,0.07002406194806099,0.014825052884742767,0.0074125264423713835,0.10589924733382969,0.8558823375772399,0.02373579471184264,0.3813372520205731,2.0,0.5037379882317491,0.08703120052814484,0.039116515388939475,0.019558257694469738,0.1915799291363096,0.28516256531323353,0.022954034962760415,0.36647493837304845,2.0,0.6363515943225857,0.10688138380646706,instrument_adversary,3,2
zc48__zn16__chem0__ni0__ns0__cond0__ai0p0025__as0__pair0__xrec0__dep0__e500,48,16,0.0,0.0,0.0,False,0.0025,0.0,0.0,0.0,0.0,0.25,500,0.001,1e-05,64,5.0,1401,500,arpls_minmax,structured_vae,242111445,361,117,1169412,aa040a99f21fc0f29071909abba5a9d679ae546dc958d7ee7071f298da6eef07,0.7375850340136054,0.6052248677248677,0.49188034188034185,0.7343894507846789,117,0.7795339822769165,0.7020124716553288,0.680765463789706,0.5247795414462082,0.49979757085020243,0.7539994510687734,0.9952600570368615,0.24126060596808807,0.6140873015873015,0.5579211055968963,0.5199294532627865,0.3056005398110662,0.9129410182856859,1.0097870030995155,0.09684598481382967,0.7314909297052153,0.7105583604482014,0.5828042328042329,0.47885739991003146,0.8213217759023269,1.0212130721390167,0.19989129623668977,0.6585884353741497,0.5982905982905983,0.1835966259241104,0.4275510204081633,0.5811965811965812,0.27477192878723145,0.6948696145124718,0.6923076923076923,0.18463794887065887,7.868486074449107,0.005616335527800933,0.16392679321768977,0.014097156505396051,2.227018799725622,39,39,0.1970668362203746,-0.3987979925733281,,8.11272491209018,0.005790667317694632,0.5070453070056362,0.026114792741363267,2.6526137320023913,16,15,0.3701436606879569,-0.9227744957865786,,15.981210986539287,0.011407002845495565,0.24970642166467638,0.01635792969641331,2.6526137320023913,55,54,0.24033604233727018,-0.5297921183766408,0.025336746126413345,0.047175383535132315,0.9949977287348143,0.006968341812152739,0.0034841709060763693,0.07146238100031642,0.9305833812609274,0.023037708602607867,0.4041146216017634,2.0,0.34310618335428833,0.0697908103466034,0.014873228390698648,0.007436614195349324,0.10532857149238004,0.864255473260248,0.023651599145429775,0.38060249816311537,2.0,0.5036014809478607,0.0990668535232544,0.021540635482906446,0.010770317741453223,0.12759569210653468,0.6408353668336232,0.022464290541801036,0.4059161873459326,2.0,0.4325960344148787,0.09005912393331528,instrument_adversary,3,2
zc48__zn16__chem0__ni0__ns0__cond0__ai0p005__as0__pair0__xrec0__dep0__e500,48,16,0.0,0.0,0.0,False,0.005,0.0,0.0,0.0,0.0,0.25,500,0.001,1e-05,64,5.0,1401,500,arpls_minmax,structured_vae,242111445,361,117,1169412,9f9faf92f63f71de38bd53e5ad572ef83062c7063c960b78d5fe8111f68fb423,0.7375850340136054,0.6052248677248677,0.49188034188034185,0.7343894507846789,117,0.7155593633651733,0.6800453514739229,0.6583870442490628,0.5547508818342153,0.4794871794871794,0.7077505694919647,0.9713793341822089,0.2636287646902442,0.560062358276644,0.5262568683904456,0.48659611992945323,0.3690283400809717,0.8810621296786607,1.0070368942894008,0.1259747646107401,0.7079648526077097,0.6829961057327145,0.5869268077601411,0.4777777777777777,0.7966265188747467,1.0077729469147583,0.2111464280400116,0.6025226757369614,0.6837606837606838,0.17134258151054382,0.43228458049886614,0.5811965811965812,0.24910171329975128,0.6348356009070295,0.6752136752136753,0.18029579520225525,6.576470743973513,0.004694126155584235,0.13700980716611486,0.021506017505506275,1.9458372219120743,47,45,0.1976680029000017,-0.34560269595183,,9.296849252718236,0.006635866704295671,0.5810530782948895,0.06326263849124654,2.764101240582778,16,15,0.42148711204214884,-1.0439499044991045,,15.87331999669175,0.011329992859879907,0.2480206249483085,0.024629380207050973,2.764101240582778,63,60,0.2536227801855385,-0.5201894980886487,0.02596937119960785,0.04968397555341231,0.9971153772744423,0.007483983087436222,0.003741991543718111,0.07195753157738671,0.9291000765698068,0.023072929540849673,0.4085231447465099,2.0,0.352176763345618,0.07430140068754554,0.01695017132836132,0.00847508566418066,0.10768708590396729,0.837239218671449,0.02373520139633653,0.36590742101396034,2.0,0.6685320698240389,0.09274752996861935,0.015084628901593265,0.007542314450796632,0.10858951211246813,0.7763665306151252,0.022319553000395554,0.4149548069022186,2.0,0.42274835878178896,0.09245552495121956,instrument_adversary,3,2
zc48__zn16__chem0__ni0__ns0__cond0__ai0p00125__as0__pair0__xrec0__dep0__e500,48,16,0.0,0.0,0.0,False,0.00125,0.0,0.0,0.0,0.0,0.25,500,0.001,1e-05,64,5.0,1401,500,arpls_minmax,structured_vae,1985888033,354,124,1169412,064b50586f11f5a63e58aa9a2bdb420fb36f08da1773f497211e54fb9057937f,0.6116539058268382,0.6578703703703704,0.3923622782446312,0.6494197382483371,124,0.5686262845993042,0.6135037685789566,0.6049820953119304,0.555952380952381,0.46096638655462197,0.6470178077387255,1.0202071170163514,0.37318930927762584,0.6242466284759517,0.6261320236823755,0.4008597883597884,0.20457282913165276,0.8485166986321294,1.0262893809266396,0.17777268229451015,0.6439702736695219,0.6324255523509281,0.5562169312169313,0.4654108309990663,0.7279085996539094,1.0269218869715429,0.29901328731763344,0.5333652354329047,0.6854838709677419,0.14551058411598206,0.51770279636821,0.6451612903225806,0.24302814900875092,0.5972388618065311,0.7258064516129032,0.1643446981906891,8.413542404928172,0.0060053835866725,0.17528213343600355,0.01516475492366583,1.8496845316726191,31,39,0.18792524262267585,-0.43668221963574766,,6.554290945273785,0.004678294750373865,0.40964318407961164,0.027148078002630638,2.681405536198118,16,15,0.31515818091411935,-0.7587755011466089,,14.967833350201957,0.010683678337046365,0.23387239609690558,0.01682389445673407,2.681405536198118,47,54,0.21973347719553674,-0.517205540013463,0.022566955536603928,0.0703348025541643,0.9969049760121398,0.0062912053258804175,0.0031456026629402088,0.06850781599960197,0.9496184926159037,0.020140759213911813,0.4847161572052402,2.0,0.24390511308943286,0.06044966168701649,0.014529239696883781,0.0072646198484418905,0.10667768547163989,0.8899978834152371,0.020811342140549974,0.44366812227074237,2.0,0.3926686930177445,0.07298465631902218,0.015870186759710456,0.007935093379855228,0.11746653243712794,0.8279574748142738,0.020455515066135053,0.4188340807174888,2.0,0.4286736777796495,0.07905012066476047,instrument_adversary,3,4
zc48__zn16__chem0__ni0__ns0__cond0__ai0p0025__as0__pair0__xrec0__dep0__e500,48,16,0.0,0.0,0.0,False,0.0025,0.0,0.0,0.0,0.0,0.25,500,0.001,1e-05,64,5.0,1401,500,arpls_minmax,structured_vae,1985888033,354,124,1169412,189e456b8f6edf32942e201f2c9a69ed8a320eb0498ac9886a4a5e75d3f7b952,0.6116539058268382,0.6578703703703704,0.3923622782446312,0.6494197382483371,124,0.5971973538398743,0.6307360663563671,0.6300895503962038,0.5347222222222222,0.4011858076563958,0.644555696498516,1.016870923740157,0.372315227241641,0.5093078391950573,0.5000818333713071,0.42281746031746037,0.3076517273576096,0.8540199541768362,1.0371551560895464,0.18313520191271027,0.6467467891340073,0.6347442711337786,0.5782407407407406,0.3973622782446311,0.741325710817825,1.0323673928875758,0.2910416820697509,0.5910104932661324,0.7338709677419355,0.16538256406784058,0.413567687533853,0.6048387096774194,0.22496752440929413,0.6357296629853021,0.6935483870967742,0.17402061820030212,6.718691574160223,0.004795639953005156,0.139972741128338,0.016912623838268255,1.7876426308220825,45,43,0.18062641778744049,-0.36659626816965946,,8.643924764321714,0.006169824956689303,0.540245297770107,0.0831736674664752,2.7657791550668454,16,16,0.4072762706200592,-0.9749122691384635,,15.362616338481935,0.010965464909694458,0.24004088028878023,0.02185783741002637,2.7657791550668454,61,59,0.23728888099559517,-0.5186752684118605,0.023211048915982246,0.04599663547084167,0.9967767331327425,0.006499079669197027,0.0032495398345985136,0.06993664669902933,0.9450817337691488,0.02017813113280635,0.4925764192139738,2.0,0.2772742464077811,0.055725219659507275,0.015786253865341514,0.007893126932670757,0.10970934363451444,0.8940335253861447,0.02079857221021531,0.4462882096069869,2.0,0.36505624342764487,0.07556544383987784,0.011546333821452716,0.005773166910726358,0.10167329643522317,0.8457110725882481,0.02018976567647298,0.44484304932735425,2.0,0.33625320365639416,0.08025293610990047,instrument_adversary,3,4
zc48__zn16__chem0__ni0__ns0__cond0__ai0p005__as0__pair0__xrec0__dep0__e500,48,16,0.0,0.0,0.0,False,0.005,0.0,0.0,0.0,0.0,0.25,500,0.001,1e-05,64,5.0,1401,500,arpls_minmax,structured_vae,1985888033,354,124,1169412,28e02d770344a7fccf722e96f42023f90f61c86150c55e979bb85b6bd323e443,0.6116539058268382,0.6578703703703704,0.3923622782446312,0.6494197382483371,124,0.6329185962677002,0.6182420336555675,0.6070786011575484,0.5738095238095239,0.4378851540616244,0.6893294833427251,0.986262652753714,0.2969331694109889,0.6409510497856363,0.6370525006980697,0.45244708994708993,0.2739495798319327,0.76498664478923,1.0539347403885366,0.2889480955993067,0.6758913079401802,0.6685008390321059,0.5976851851851853,0.417329598506069,0.7383370764033739,1.0348369994703557,0.2964999230669818,0.6175408759995226,0.7096774193548387,0.22282733023166656,0.6054548000036722,0.7903225806451613,0.15535292029380798,0.6513043138982989,0.7419354838709677,0.17424359917640686,4.4207358166285875,0.003155414572896922,0.09209866284642887,0.025967043357813503,1.1737706431887578,48,48,0.190266941834258,-0.2709400615347132,,11.227090381381391,0.008013626253662663,0.7016931488363368,0.11884067841424154,2.883227018724958,16,16,0.48846522025374844,-1.2480661176197183,,15.647826198009977,0.011169040826559583,0.24449728434390583,0.02902805913015154,2.883227018724958,64,64,0.2648165114391306,-0.5152215755559645,0.023433981463313103,0.047038129891233564,0.9963095805011758,0.006349672649768432,0.003174836324884216,0.06826028657354943,0.948333496006845,0.020152844539966113,0.4829694323144105,2.0,0.27726124254363715,0.05814174935221672,0.01531792089176017,0.007658960445880085,0.10630388571511945,0.8935414547059952,0.020672181051812615,0.45414847161572053,2.0,0.3787287518528084,0.08005181699991226,0.008204746211314774,0.004102373105657387,0.08410751385717272,0.9096988123847427,0.019871981886380126,0.47623318385650226,2.0,0.26179526557252397,0.07269375446719673,instrument_adversary,3,4
zc48__zn16__chem0__ni0__ns0__cond0__ai0p00125__as0__pair0__xrec0__dep0__e500,48,16,0.0,0.0,0.0,False,0.00125,0.0,0.0,0.0,0.0,0.25,500,0.001,1e-05,64,5.0,1401,500,arpls_minmax,structured_vae,1030715181,356,118,1169412,f4c1ff9b9a695412a34d08d5f2ffcf17454a20d617c76d39726633274b87624e,0.7542857142857143,0.5978764478764479,0.509090909090909,0.6442009991958362,118,0.6079370379447937,0.7238095238095238,0.7131999508216549,0.6255469755469756,0.5032634032634034,0.6647251229576704,0.9919402508590285,0.3272151279013581,0.5323809523809524,0.5246498080785245,0.5101673101673102,0.4264923482314787,0.9446536584311173,1.027203155374283,0.08254949694316582,0.7619047619047619,0.750930010019542,0.5888030888030887,0.5351170568561874,0.7732586739193491,1.012748095511126,0.239489421591777,0.63,0.7033898305084746,0.15794743597507477,0.3595238095238095,0.4491525423728814,0.30623170733451843,0.5823809523809524,0.6949152542372882,0.18407845497131348,7.883461723358938,0.005627024784695887,0.16423878590331117,0.01284752271965358,2.1871663714883547,21,34,0.1870092715527255,-0.403467469966788,,7.418351726421542,0.005295040489951136,0.4636469829013464,0.025350471043139335,2.0023629338309834,14,14,0.34130003329741837,-0.8607793240230807,,15.301813449780479,0.010922065274647022,0.23909083515281998,0.015556995600380772,2.1871663714883547,35,48,0.22558196198889874,-0.5177954334808612,0.0236077718436718,0.05337445410201629,0.9956581561757974,0.004923801756481729,0.0024619008782408645,0.06641206276176993,0.9345445031271478,0.017839508605426338,0.5833333333333334,2.0,0.2682123139322406,0.05928265303373337,0.01481190786844285,0.007405953934221425,0.11008185143653185,0.8862250484957559,0.018685967759127613,0.5355392156862745,2.0,0.3809276338935072,0.06590586621314287,0.01695362536709735,0.008476812683548674,0.12289575132927823,0.8375518344959354,0.01539488848322675,0.5700280112044818,2.0,0.40164961194310345,0.08019862789660692,instrument_adversary,4,0
zc48__zn16__chem0__ni0__ns0__cond0__ai0p0025__as0__pair0__xrec0__dep0__e500,48,16,0.0,0.0,0.0,False,0.0025,0.0,0.0,0.0,0.0,0.25,500,0.001,1e-05,64,5.0,1401,500,arpls_minmax,structured_vae,1030715181,356,118,1169412,c78317b5df77ed55fd87734d92f6551c4985975c9e18fa9cdf2ff25c7195ddf5,0.7542857142857143,0.5978764478764479,0.509090909090909,0.6442009991958362,118,0.6203946471214294,0.7580952380952379,0.7654121253417319,0.6014157014157014,0.5138238573021181,0.6849164709824473,1.0057616024458866,0.3208451314634393,0.5857142857142856,0.5845841028738168,0.5022522522522522,0.45810614506266695,0.9133936816654286,1.0290568791833525,0.11566319751792398,0.7247619047619047,0.7140364960257882,0.627091377091377,0.5197324414715718,0.7836574975933347,1.0226344247023234,0.23897692710898866,0.572857142857143,0.6864406779661016,0.1754191666841507,0.4419047619047619,0.5254237288135594,0.2671850621700287,0.5857142857142856,0.6779661016949152,0.19169920682907104,6.5678769646583675,0.004687992123239377,0.13683077009704933,0.01723120397279068,2.2307520580089735,42,40,0.17877119553343176,-0.3646207288876125,,9.24534751184899,0.006599106004174868,0.577834219490562,0.04878497778058119,2.084347294639663,14,14,0.40701642212581524,-1.0479001614565555,,15.81322447650736,0.011287098127414246,0.24708163244542747,0.019911252502593374,2.2307520580089735,56,54,0.23583250218152763,-0.5354405870298482,0.02347104251384735,0.05446998149864115,0.9968280846365284,0.004840565066821603,0.0024202825334108014,0.06579553746251708,0.9354022644747152,0.01784702377862386,0.5759803921568627,2.0,0.3057118174377299,0.0567563408985734,0.0148355562629963,0.00741777813149815,0.1100154261763457,0.8852135087542493,0.018706017948289373,0.5502450980392157,2.0,0.3796736379148028,0.06331670191138983,0.010709068180998692,0.005354534090499346,0.1022866821500296,0.8935523679141787,0.015169013486512704,0.5826330532212886,2.0,0.30611092636142734,0.08170445181895047,instrument_adversary,4,0
zc48__zn16__chem0__ni0__ns0__cond0__ai0p005__as0__pair0__xrec0__dep0__e500,48,16,0.0,0.0,0.0,False,0.005,0.0,0.0,0.0,0.0,0.25,500,0.001,1e-05,64,5.0,1401,500,arpls_minmax,structured_vae,1030715181,356,118,1169412,43d86d83fa8b72de10d9cc11dd8f65b40894534bad8d5c77b7655f870e54704a,0.7542857142857143,0.5978764478764479,0.509090909090909,0.6442009991958362,118,0.5960705280303955,0.6976190476190477,0.6983910469375586,0.641956241956242,0.5120401337792644,0.6561135272769367,0.9784731032879509,0.32235957601101417,0.6223809523809524,0.6139258431678848,0.4648648648648649,0.4298199385155907,0.8980733540629139,1.0427551604856755,0.14468180642276163,0.7485714285714284,0.7315541240522486,0.648069498069498,0.5376811594202899,0.7788217960535979,1.0152686596413358,0.23644686358773792,0.590952380952381,0.6949152542372882,0.1850515902042389,0.4976190476190476,0.6101694915254238,0.2535477876663208,0.6185714285714285,0.6694915254237288,0.19741252064704895,5.396866087953806,0.003852152810816421,0.11243471016570432,0.021862501156820317,1.9919616610634248,46,46,0.18680323344069671,-0.30901777583442136,,9.676518425322953,0.006906865399945006,0.6047824015826843,0.08498332864999933,1.9994080338917715,16,15,0.4439153213632812,-1.1158452459202928,,15.073384513276755,0.010759018210761424,0.23552163301994927,0.023147729319821408,1.9994080338917715,62,61,0.25108125542134285,-0.5107246433558893,0.0246657133102417,0.050992015088519006,0.9957267107631185,0.004871764358742983,0.0024358821793714915,0.06620708334924712,0.9357644355231655,0.017844593479721158,0.5857843137254902,2.0,0.3230046404681317,0.052472323179244995,0.015207053912032911,0.0076035269560164554,0.10961773781367258,0.8885305488718698,0.01865756632935846,0.5575980392156863,2.0,0.43413410582481643,0.07547670183703303,0.007497574837224728,0.003748787418612364,0.09072442641311296,0.9106797738603261,0.014935223240690292,0.5854341736694678,2.0,0.2738193610441778,0.07537000929005444,instrument_adversary,4,0
zc48__zn16__chem0__ni0__ns0__cond0__ai0p00125__as0__pair0__xrec0__dep0__e500,48,16,0.0,0.0,0.0,False,0.00125,0.0,0.0,0.0,0.0,0.25,500,0.001,1e-05,64,5.0,1401,500,arpls_minmax,structured_vae,3598893,355,119,1169412,c2967f9ea4d179da7e48688d807c696fe4631eb420c8bcb830597fe5c8c37002,0.6858434907143636,0.653153153153153,0.4468253968253968,0.6707542637983958,117,0.7089747786521912,0.5713692227463067,0.5444625333342953,0.5211389961389961,0.3133916192739722,0.6656003295307091,1.0222223834587998,0.35662205392809065,0.6280263936238112,0.6090916432092903,0.5817567567567568,0.3191044307143379,0.8662579679147318,1.0576193932352325,0.1913614253205007,0.665087797132583,0.6410031148367864,0.6162162162162161,0.3936507936507937,0.8013001900419967,1.0542727108695866,0.2529725208275899,0.4980377963542396,0.6554621848739496,0.12648950517177582,0.4812847335730631,0.7394957983193278,0.23301444947719574,0.612026572642787,0.7983193277310925,0.18446660041809082,4.87443700834122,0.003479255537716788,0.10155077100710876,0.01441387333310403,2.251190911428732,22,40,0.14344581628337252,-0.30169695337596036,,11.14693678796376,0.007956414552436659,0.6966835492477348,0.08910140109721826,2.6387524278781624,15,15,0.4899933624744312,-1.2679721384763583,,16.021373796304978,0.011435670090153446,0.2503339655672653,0.015629471324849757,2.6387524278781624,37,55,0.2300827028311372,-0.5432657496510599,0.021454278379678726,0.047806727409303584,0.9950476845569204,0.004901218460597047,0.0024506092302985236,0.06563571053242087,0.9563980714637991,0.01631577396835723,0.5210466439135382,2.0,0.17859990668876286,0.047590232687070966,0.016408150913296244,0.008204075456648122,0.11315873965711651,0.8923658154153092,0.017321139905229745,0.5176336746302617,2.0,0.2970022897331766,0.06871933862566948,0.013381783511843,0.0066908917559215,0.11206180810157997,0.8227343787102902,0.018324441405397726,0.4664602683178535,2.0,0.30944793655888714,0.08346784378227312,instrument_adversary,4,1
zc48__zn16__chem0__ni0__ns0__cond0__ai0p0025__as0__pair0__xrec0__dep0__e500,48,16,0.0,0.0,0.0,False,0.0025,0.0,0.0,0.0,0.0,0.25,500,0.001,1e-05,64,5.0,1401,500,arpls_minmax,structured_vae,3598893,355,119,1169412,f7663567a1c433b8359e4338336591d91e06646d601daceb06addffc11f1b384,0.6858434907143636,0.653153153153153,0.4468253968253968,0.6707542637983958,117,0.6696856617927551,0.6211573187627454,0.6090995023780904,0.6044723294723294,0.40538437597261134,0.6317046967244917,1.013237915978554,0.38153321925406236,0.5973314497423684,0.5811204012298404,0.5718468468468468,0.37275243962550464,0.8685652620048934,1.045623742628952,0.1770584806240587,0.653604508164822,0.6439041510251755,0.6094594594594593,0.4214752567693745,0.79788232853763,1.0511962968629676,0.2533139683253376,0.5420988418250596,0.7647058823529411,0.12522286176681519,0.4409848378710752,0.6470588235294118,0.23955188691616058,0.6265771182614922,0.8067226890756303,0.18642188608646393,4.523215620838432,0.003228562184752628,0.09423365876746732,0.017090819438955244,2.0475709206273964,43,45,0.14707266497998972,-0.2926248171013368,,11.730266840621216,0.00837278147082171,0.7331416775388258,0.1378871990488174,2.6698257431667933,16,15,0.509010574833354,-1.3431190628758456,,16.253482461459644,0.011601343655574336,0.25396066346030693,0.019342101931648835,2.6698257431667933,59,60,0.2375571424433308,-0.555248378544964,0.021488597616553307,0.04599825910214763,0.9957713821568628,0.0049383513014934445,0.0024691756507467222,0.06553380602518691,0.9571896573348406,0.016334609993526622,0.5176336746302617,2.0,0.18767361780086045,0.048800887539982796,0.016730267894824086,0.008365133947412043,0.11369360981531793,0.8893370879510752,0.01735185159837353,0.5267349260523322,2.0,0.30726974143964797,0.06993184983730316,0.010645387232967526,0.005322693616483763,0.10572974486071887,0.8483411492851273,0.0182943427518375,0.47987616099071206,2.0,0.3596282133177138,0.07893196865916252,instrument_adversary,4,1
zc48__zn16__chem0__ni0__ns0__cond0__ai0p005__as0__pair0__xrec0__dep0__e500,48,16,0.0,0.0,0.0,False,0.005,0.0,0.0,0.0,0.0,0.25,500,0.001,1e-05,64,5.0,1401,500,arpls_minmax,structured_vae,3598893,355,119,1169412,931c25b6c0c3307c7ccb17623df647ba0f948c21c45d6267b7b879e85b756161,0.6858434907143636,0.653153153153153,0.4468253968253968,0.6707542637983958,117,0.7125006318092346,0.6137801802643255,0.6019338894978281,0.6236486486486487,0.28686585745409265,0.6881499850194513,1.0348915124520917,0.3467415274326403,0.5671309484892355,0.5533582175525911,0.5504504504504504,0.3569515738246388,0.8555469095279666,1.0428681952464873,0.1873212857185207,0.6701085010663305,0.6545388972048267,0.6018018018018018,0.3936507936507937,0.801887277313458,1.0518924454851641,0.25000516817170615,0.5800314061551395,0.7394957983193278,0.15982231497764587,0.45028934914927066,0.6554621848739496,0.2408212125301361,0.6205852363828827,0.773109243697479,0.19688734412193298,4.381117319720365,0.0031271358456248146,0.09127327749417428,0.022760333903114528,1.78078864983438,46,48,0.16763909470313826,-0.27953941723902903,,12.02403986999314,0.00858246957172958,0.7515024918745714,0.1530311379184286,2.602351421807506,16,16,0.5122069414598223,-1.3708873355957805,,16.405157189713506,0.011709605417354394,0.2563305810892736,0.024105100671765904,2.602351421807506,62,64,0.25378105639230925,-0.5523763968282168,0.021539419889450073,0.04701231870197844,0.9946765326248559,0.004888133883007424,0.002444066941503712,0.06571709437584794,0.955075970833712,0.016325172619374637,0.5164960182025028,2.0,0.19500914305546524,0.048109418246895075,0.015990900947301705,0.007995450473650852,0.11356506937443916,0.8910246189487684,0.01731615655637904,0.5210466439135382,2.0,0.34594307524454415,0.07357197720557451,0.00876895465480262,0.00438447732740131,0.09889581932420712,0.8630036138252295,0.018196503540133437,0.4458204334365325,2.0,0.31836485132804737,0.07382886466803029,instrument_adversary,4,1
zc48__zn16__chem0__ni0__ns0__cond0__ai0p00125__as0__pair0__xrec0__dep0__e500,48,16,0.0,0.0,0.0,False,0.00125,0.0,0.0,0.0,0.0,0.25,500,0.001,1e-05,64,5.0,1401,500,arpls_minmax,structured_vae,932424666,357,117,1169412,936bb5e4e3d5a9fe020853415b3cd1eaaf0bde2999e4a23cc5d91a4f8c8f2b67,0.7395691609977323,0.5723985890652559,0.5168915879442197,0.7343894507846789,117,0.8100053071975708,0.6925170068027212,0.6606494406494408,0.5386794532627865,0.4233018443544759,0.8043678949844919,0.9948043885505391,0.1904364935660472,0.4599206349206349,0.45519797662654804,0.5440035273368606,0.10753486279802066,0.8380158375820798,1.0558378163694206,0.2178219787873409,0.7320011337868481,0.6906541449094641,0.49446649029982365,0.47201979307242475,0.8215196485923139,1.0217126735989066,0.20019302500659275,0.5636904761904761,0.6324786324786325,0.17434914410114288,0.361281179138322,0.5726495726495726,0.2841087281703949,0.5533446712018141,0.5897435897435898,0.17391294240951538,11.445611064189283,0.008169601045102986,0.23845023050394334,0.016007741017322094,1.6784747572123786,34,40,0.22281401381668886,-0.5615445453732923,,5.011797683106112,0.0035773002734519,0.313237355194132,0.03791272795243532,2.8543315777772933,15,16,0.29106822153927425,-0.63853169357004,,16.457408747295396,0.011746901318554886,0.25714701167649057,0.02149256648253465,2.8543315777772933,49,56,0.2398775657473352,-0.5807913324224793,0.024408090859651566,0.04191869856108607,0.992984870857033,0.007056697185355093,0.0035283485926775465,0.0715195084219748,0.9301120787330267,0.023040941447515267,0.3872152828802351,2.0,0.39967516589498564,0.07395548140630126,0.01568437153463013,0.007842185767315065,0.10313377982269462,0.8405280861450248,0.023657403493183658,0.35782512858192506,2.0,0.4711118576001798,0.08117997646331787,0.03436125628441633,0.017180628142208165,0.1919171117686787,0.2803454374255479,0.023902488526638788,0.37362637362637363,2.0,0.6151871876556883,0.11903201788663864,instrument_adversary,4,2
zc48__zn16__chem0__ni0__ns0__cond0__ai0p0025__as0__pair0__xrec0__dep0__e500,48,16,0.0,0.0,0.0,False,0.0025,0.0,0.0,0.0,0.0,0.25,500,0.001,1e-05,64,5.0,1401,500,arpls_minmax,structured_vae,932424666,357,117,1169412,e6f51fc2836fef673982b0eb6b80e7840c4290375fb3d93df7f304123e6d8f52,0.7395691609977323,0.5723985890652559,0.5168915879442197,0.7343894507846789,117,0.7164560556411743,0.7280895691609978,0.6971731074897262,0.575705467372134,0.44894286999550165,0.7340914079199121,0.9655336820151637,0.23144227409525153,0.3916666666666667,0.36875536712312673,0.510626102292769,0.24084570400359867,0.8284660515032316,1.0264355902230793,0.19796953871984768,0.7616213151927438,0.718536491322114,0.565134479717813,0.47372919478182646,0.7661583958283169,1.0102899248454074,0.24413152901709045,0.6163548752834467,0.6581196581196581,0.16740776598453522,0.3135770975056689,0.5897435897435898,0.1886199414730072,0.6105442176870748,0.6666666666666666,0.15998996794223785,8.312271052084844,0.005933098538247569,0.17317231358510096,0.01831808646661511,1.4234273688988108,42,42,0.20807675946435275,-0.44683928050439875,,8.202055996201283,0.005854429690364941,0.5126284997625803,0.06323772543371528,2.5132074818727848,16,16,0.40082190621254854,-0.9321265719508096,,16.51432704828613,0.011787528228612513,0.2580363601294708,0.019510395299493964,2.5132074818727848,58,58,0.2562630461514017,-0.5681611033660015,0.025683915242552757,0.04542740537013675,0.995584091970937,0.007295327280573586,0.003647663640286793,0.07194543922869345,0.9300199204119697,0.023032030657485145,0.39897134459955913,2.0,0.3776102595065186,0.0774853304028511,0.01579085134521873,0.007895425672609365,0.1013528724626026,0.8696802346411321,0.023617367885701544,0.3908890521675239,2.0,0.4837738162979862,0.08906176243908703,0.017537979934192885,0.008768989967096442,0.12619146800066158,0.6628320564356667,0.023550143703424193,0.4441391941391941,2.0,0.6656845840120195,0.1059994981624186,instrument_adversary,4,2
zc48__zn16__chem0__ni0__ns0__cond0__ai0p005__as0__pair0__xrec0__dep0__e500,48,16,0.0,0.0,0.0,False,0.005,0.0,0.0,0.0,0.0,0.25,500,0.001,1e-05,64,5.0,1401,500,arpls_minmax,structured_vae,932424666,357,117,1169412,3274e4f302916e3380f33c877af263cc34dc8f642005e0f9df73234f1e024b48,0.7395691609977323,0.5723985890652559,0.5168915879442197,0.7343894507846789,117,0.7540117502212524,0.6629818594104309,0.6196281776113708,0.5428791887125222,0.4733018443544759,0.7498067740171943,0.9843916539336568,0.23458487991646249,0.5107426303854875,0.48836627677334093,0.5017526455026455,0.3726720647773279,0.8352770866736667,1.0357341319466447,0.20045704527297792,0.7274659863945577,0.688930207471241,0.5600088183421517,0.4617633828160144,0.7978659645916395,1.0218744833604276,0.22400851876878813,0.49039115646258497,0.5555555555555556,0.2093486785888672,0.45575396825396824,0.6239316239316239,0.1950344741344452,0.6278344671201814,0.6581196581196581,0.1828901767730713,6.113613231082303,0.004363749629609066,0.1273669423142146,0.02382881515188824,1.2937475105902874,48,48,0.20879000979037823,-0.3467714439385156,,10.332211910581162,0.007374883590707467,0.6457632444113226,0.05426944742345987,2.717318524577905,16,16,0.4551334632023776,-1.1536753137175828,,16.445825141663466,0.011738633220316536,0.2569660178384916,0.024673331089125852,2.717318524577905,64,64,0.2703758731433781,-0.5484974113832823,0.02422362193465233,0.04151924699021286,0.9958252810685794,0.006889345772387009,0.0034446728861935046,0.07142605416218974,0.9286981980118122,0.022960476973430684,0.39456282145481264,2.0,0.3379220845348462,0.08092603553086519,0.015039598508575744,0.007519799254287872,0.10227999559745887,0.8603287015893226,0.023549723147387392,0.3761939750183688,2.0,0.5713333127060867,0.08917498029768467,0.01145576264612207,0.005727881323061035,0.09752586179242435,0.8531554482539944,0.023141619927312226,0.4230769230769231,2.0,0.4579655015123354,0.10517203556082677,instrument_adversary,4,2
zc48__zn16__chem0__ni0__ns0__cond0__ai0p00125__as0__pair0__xrec0__dep0__e500,48,16,0.0,0.0,0.0,False,0.00125,0.0,0.0,0.0,0.0,0.25,500,0.001,1e-05,64,5.0,1401,500,arpls_minmax,structured_vae,558310284,354,120,1169412,ab7a56e7ed498d1aac4dd40ca85a71e1e687b7aa529967ac2bce514f8ef6082c,0.6872100122100121,0.5642857142857143,0.40502658160552896,0.6775316464734245,119,0.668282687664032,0.5863553113553114,0.5783363193959267,0.5226190476190475,0.3694710260499735,0.7395637123943208,1.0124953373384127,0.27293162494409184,0.5380647130647132,0.5335513692656549,0.449702380952381,0.2765345181134655,0.7880415056760495,1.0601094253994439,0.2720679197233944,0.6433302808302809,0.6318399454986847,0.5752232142857143,0.3747501329080275,0.7675546155526087,1.0368485192873755,0.2692939037347668,0.5243284493284494,0.6916666666666667,0.15010690689086914,0.2847832722832723,0.5416666666666666,0.2167077660560608,0.6010225885225885,0.7166666666666667,0.16845789551734924,9.514324193423358,0.006791095070252218,0.19821508736298663,0.013291664005951085,1.5883496696748582,37,35,0.2052342071019881,-0.45366875032693266,,6.767818349449271,0.004830705459992342,0.4229886468405795,0.028889899907282496,2.7691263664697936,16,14,0.3503870019604695,-0.7233460355159574,,16.282142542872627,0.011621800530244558,0.25440847723238486,0.015284476760740802,2.7691263664697936,53,49,0.24152240581660844,-0.5210880716241888,0.022469889372587204,0.06375385239113619,0.9979083667749631,0.006364736040506604,0.003182368020253302,0.07107672732883302,0.9499140317720924,0.018281413118749482,0.5245726495726496,2.0,0.2779667231658102,0.05657932162284851,0.015324902761750088,0.007662451380875044,0.11264035408772874,0.9010385062934749,0.019014297162766303,0.5074786324786325,2.0,0.3088118311867515,0.07346417382359505,0.020828684576161903,0.010414342288080951,0.15109344241230915,0.5836025261752676,0.02142026757223742,0.48,2.0,0.4687986675919853,0.08471428998745978,instrument_adversary,4,3
zc48__zn16__chem0__ni0__ns0__cond0__ai0p0025__as0__pair0__xrec0__dep0__e500,48,16,0.0,0.0,0.0,False,0.0025,0.0,0.0,0.0,0.0,0.25,500,0.001,1e-05,64,5.0,1401,500,arpls_minmax,structured_vae,558310284,354,120,1169412,5c882e89c718323deb649922acb15ae367eb7cf4ef1f93241962690114b55759,0.6872100122100121,0.5642857142857143,0.40502658160552896,0.6775316464734245,119,0.6698429584503174,0.5984890109890111,0.5933554130598466,0.5364583333333333,0.3698967114756587,0.764614439510799,0.9909076809264569,0.22629324141565788,0.5617979242979244,0.5610384324670038,0.5049107142857142,0.2848678514467988,0.759519331730329,1.0427704208608304,0.28325108913050134,0.6460317460317461,0.6416565988267644,0.5515625,0.37804245462140185,0.7620479128994309,1.0205366939844822,0.25848878108505136,0.584600122100122,0.6583333333333333,0.15522493422031403,0.44731379731379733,0.6333333333333333,0.19387786090373993,0.6135225885225885,0.7083333333333334,0.1675683856010437,6.792577958772871,0.0048483782717864896,0.14151204080776816,0.015557077830471448,1.237906944791983,45,41,0.18975946049051673,-0.35256485893829803,,9.480526679526236,0.006766971220218584,0.5925329174703899,0.066210230374875,2.834882671284441,15,15,0.4318916812542909,-1.0307759608983058,,16.27310463829911,0.011615349492005074,0.2542672599734236,0.01777867013364321,2.834882671284441,60,56,0.25029251568146027,-0.5221176344283,0.022566748782992363,0.047340838984838735,0.9974244976552016,0.006408682649834809,0.0032043413249174045,0.07126362055427543,0.9496702497993237,0.01824701688674959,0.5235042735042735,2.0,0.24854429192183167,0.05581405042903498,0.015365628999963148,0.007682814499981574,0.11050114820657271,0.8988973071799644,0.0189121039297908,0.5064102564102564,2.0,0.3749680920348057,0.07335127121768892,0.013701168349089365,0.006850584174544682,0.112747852150077,0.7855144803232864,0.021055314861259944,0.4707692307692308,2.0,0.5849271827459617,0.07461893931031227,instrument_adversary,4,3
zc48__zn16__chem0__ni0__ns0__cond0__ai0p005__as0__pair0__xrec0__dep0__e500,48,16,0.0,0.0,0.0,False,0.005,0.0,0.0,0.0,0.0,0.25,500,0.001,1e-05,64,5.0,1401,500,arpls_minmax,structured_vae,558310284,354,120,1169412,7c1ca54ce769c75687d038ad6a3b097f231f3c45d1a9c886afa9e584cd00d843,0.6872100122100121,0.5642857142857143,0.40502658160552896,0.6775316464734245,119,0.729751706123352,0.6494352869352868,0.6428176640635114,0.5252232142857143,0.38835991493886235,0.8164636704263154,0.9688042012368402,0.1523405308105248,0.5641330891330891,0.5637966980872632,0.5160714285714285,0.3679414445203919,0.7529355647055419,1.0385122408506844,0.2855766761451425,0.630509768009768,0.623770211257896,0.5533482142857142,0.3616932482721955,0.770524948731169,1.0181456143068146,0.24762066557564566,0.54253663003663,0.6666666666666666,0.23733682930469513,0.5426587301587301,0.7,0.16189025342464447,0.5700702075702075,0.7,0.17540119588375092,5.238209597412551,0.003738907635554997,0.10912936661276146,0.030669180211748425,1.354632554860857,48,47,0.21152394062477875,-0.28207557055395194,,11.697386600943865,0.008349312348996335,0.7310866625589916,0.24625210911374862,2.8754546197368227,14,15,0.5112214985670865,-1.2827923425891035,,16.935596198356414,0.01208821998455133,0.264618690599319,0.03212290750608004,2.8754546197368227,62,62,0.2864483301103557,-0.5322547635627398,0.02217116206884384,0.043769300190512415,0.9960955003482661,0.006327556243987563,0.0031637781219937813,0.07111894938763356,0.948843111084881,0.01821666865626558,0.5213675213675214,2.0,0.26108490601327927,0.05536170303821564,0.015615977111463276,0.007807988555731638,0.10907400716391974,0.9022268709515822,0.01882802561160464,0.5021367521367521,2.0,0.3552564651887127,0.07645135279744864,0.010191898235558916,0.005095949117779458,0.09468098874934248,0.8674555005897643,0.02079968334972775,0.48205128205128206,2.0,0.4545741071878147,0.0697760060429573,instrument_adversary,4,3
