evaluation_subset,domain_protocol,domain_type,heldout_domain,stage,scenario,training_scenario,model_family,configuration,representation,seed,n_train,n_test_partition,corruption,severity,reconstruction_mse,reconstruction_smooth_l1,reconstruction_spectral_angle,reconstruction_median_row_correlation,reconstruction_first_derivative_mae,repeatable_peak_recall,median_peak_shift_cm1,median_absolute_relative_peak_width_change,median_absolute_peak_prominence_change,chemical_balanced_accuracy_supported,chemical_macro_f1_supported,chemical_prediction_agreement,chemical_latent_cosine_drift,nuisance_balanced_accuracy_supported,nuisance_macro_f1_supported,nuisance_prediction_agreement,nuisance_latent_cosine_drift,union_balanced_accuracy_supported,union_macro_f1_supported,union_prediction_agreement,union_latent_cosine_drift
strict_core,domain_and_sample,instrument,Agilent-1,locked_domain,domain__strict_core__domain_and_sample__instrument__Agilent-1,domain__strict_core__domain_and_sample__instrument__Agilent-1,structured_vae,zc48__zn16__chem0__ni0__ns0__cond0__ai0__as0__pair0__xrec0__dep0p001__e500,arpls_minmax,1729,397,29,scale_offset,0.5,0.00874526457174636,0.00437263228587318,0.11005075643388458,0.9260179166360633,0.006664060024089166,,2.0,0.33118113982897546,0.0652555525302887,0.5511363636363636,0.69377990430622,0.7931034482758621,0.0031380776781588793,0.8636363636363636,0.8654970760233918,1.0,0.038558460772037506,0.9090909090909092,0.9205882352941177,0.9655172413793104,0.009890755638480186
strict_core,domain_and_sample,instrument,Agilent-1,locked_domain,domain__strict_core__domain_and_sample__instrument__Agilent-1,domain__strict_core__domain_and_sample__instrument__Agilent-1,structured_vae,zc48__zn16__chem0__ni0__ns0__cond0__ai0__as0__pair0__xrec0__dep0p001__e500,arpls_minmax,1729,397,29,scale_offset,1.0,0.011653880156454334,0.005826940078227167,0.12013440094233853,0.9214177289887584,0.006882228895914536,,2.0,0.3009140008773371,0.0653753001242876,0.6136363636363636,0.7543859649122806,0.6206896551724138,0.014694823883473873,0.9090909090909092,0.95,0.7931034482758621,0.23064731061458588,0.8636363636363636,0.9210526315789473,0.8620689655172413,0.03534058853983879
strict_core,domain_and_sample,instrument,Agilent-1,locked_domain,domain__strict_core__domain_and_sample__instrument__Agilent-1,domain__strict_core__domain_and_sample__instrument__Agilent-1,structured_vae,zc48__zn16__chem0__ni0__ns0__cond0__ai0__as0__pair0__xrec0__dep0p001__e500,arpls_minmax,1729,397,29,scale_offset,1.5,0.012013847414102788,0.006006923707051394,0.12562909156652535,0.9250268397568759,0.006877137608378378,,2.0,0.2989611718695138,0.10363840498030186,0.5227272727272727,0.6196078431372549,0.6206896551724138,0.03792541101574898,0.8636363636363636,0.891640866873065,0.6896551724137931,0.18740570545196533,0.7272727272727273,0.7830882352941176,0.6551724137931034,0.06621866673231125
strict_core,domain_and_sample,instrument,Agilent-1,locked_domain,domain__strict_core__domain_and_sample__instrument__Agilent-1,domain__strict_core__domain_and_sample__instrument__Agilent-1,structured_vae,zc48__zn16__chem0__ni0__ns0__cond0__ai0__as0__pair0__xrec0__dep0p001__e500,arpls_minmax,1729,397,29,smooth_baseline,0.5,0.008487213656898928,0.004243606828449464,0.11453857604310362,0.9116548694137572,0.00673027835185642,,2.0,0.30361028308048243,0.0537538246717304,0.6136363636363636,0.7543859649122806,0.8275862068965517,0.04783105105161667,0.7840909090909092,0.8035714285714286,0.7931034482758621,0.09147562086582184,0.9090909090909092,0.9205882352941177,0.9655172413793104,0.040286656469106674
strict_core,domain_and_sample,instrument,Agilent-1,locked_domain,domain__strict_core__domain_and_sample__instrument__Agilent-1,domain__strict_core__domain_and_sample__instrument__Agilent-1,structured_vae,zc48__zn16__chem0__ni0__ns0__cond0__ai0__as0__pair0__xrec0__dep0p001__e500,arpls_minmax,1729,397,29,smooth_baseline,1.0,0.010307584369434441,0.005153792184717221,0.13019768305044419,0.892279773556208,0.006864601857209397,,2.0,0.30128709214461197,0.06018640846014023,0.6136363636363636,0.7333333333333334,0.7241379310344828,0.13708528876304626,0.7215909090909092,0.7246376811594203,0.7241379310344828,0.1921001374721527,0.9090909090909092,0.9205882352941177,0.9310344827586207,0.10706504434347153
strict_core,domain_and_sample,instrument,Agilent-1,locked_domain,domain__strict_core__domain_and_sample__instrument__Agilent-1,domain__strict_core__domain_and_sample__instrument__Agilent-1,structured_vae,zc48__zn16__chem0__ni0__ns0__cond0__ai0__as0__pair0__xrec0__dep0p001__e500,arpls_minmax,1729,397,29,smooth_baseline,1.5,0.013068461179851425,0.006534230589925713,0.143498438405722,0.8847717943151213,0.0071663153453310376,,2.0,0.3344026624503462,0.05634450260549784,0.6590909090909092,0.7833333333333333,0.6206896551724138,0.2323949635028839,0.7556818181818181,0.805921052631579,0.7586206896551724,0.2955310344696045,0.8295454545454546,0.9047619047619047,0.7586206896551724,0.18465903401374817
strict_core,domain_and_sample,instrument,Agilent-1,locked_domain,domain__strict_core__domain_and_sample__instrument__Agilent-1,domain__strict_core__domain_and_sample__instrument__Agilent-1,structured_vae,zc48__zn16__chem0__ni0__ns0__cond0__ai0__as0__pair0__xrec0__dep0p001__e500,arpls_minmax,1729,397,29,gaussian_noise,0.5,0.007615748423557326,0.003807874211778663,0.10375054357847317,0.9248796617588136,0.006627623694024569,,2.0,0.29772008418532947,0.05963751079980284,0.5511363636363636,0.69377990430622,0.9655172413793104,0.00015547357907053083,0.9090909090909092,0.8944444444444444,0.9310344827586207,0.00028221154934726655,0.8636363636363636,0.891640866873065,1.0,0.00013159061199985445
strict_core,domain_and_sample,instrument,Agilent-1,locked_domain,domain__strict_core__domain_and_sample__instrument__Agilent-1,domain__strict_core__domain_and_sample__instrument__Agilent-1,structured_vae,zc48__zn16__chem0__ni0__ns0__cond0__ai0__as0__pair0__xrec0__dep0p001__e500,arpls_minmax,1729,397,29,gaussian_noise,1.0,0.007639112303930752,0.003819556151965376,0.1043040101020971,0.9242535306304875,0.006630589598218216,,1.5,0.33999615505507746,0.0667844982817769,0.5511363636363636,0.69377990430622,0.9310344827586207,0.0008246919023804367,0.9090909090909092,0.8944444444444444,0.9655172413793104,0.0013403070624917746,0.8636363636363636,0.891640866873065,1.0,0.0007196623482741416
strict_core,domain_and_sample,instrument,Agilent-1,locked_domain,domain__strict_core__domain_and_sample__instrument__Agilent-1,domain__strict_core__domain_and_sample__instrument__Agilent-1,structured_vae,zc48__zn16__chem0__ni0__ns0__cond0__ai0__as0__pair0__xrec0__dep0p001__e500,arpls_minmax,1729,397,29,gaussian_noise,1.5,0.007680832080489234,0.003840416040244617,0.10516648581732746,0.9229891258462689,0.0066262903342464066,,2.0,0.2986459129554482,0.061606356874108315,0.5511363636363636,0.69377990430622,0.9310344827586207,0.002651878399774432,0.8011363636363636,0.8117647058823529,0.8620689655172413,0.0033725150860846043,0.8636363636363636,0.891640866873065,0.9310344827586207,0.0021803195122629404
strict_core,domain_and_sample,instrument,Agilent-1,locked_domain,domain__strict_core__domain_and_sample__instrument__Agilent-1,domain__strict_core__domain_and_sample__instrument__Agilent-1,structured_vae,zc48__zn16__chem0__ni0__ns0__cond0__ai0__as0__pair0__xrec0__dep0p001__e500,arpls_minmax,1729,397,29,isolated_spikes,0.5,0.007584574429201795,0.0037922872146008975,0.10348080634410425,0.925263142567698,0.00662853802445752,,1.5,0.32390178840430567,0.06055343337357044,0.5511363636363636,0.69377990430622,1.0,6.608921830775216e-05,0.8636363636363636,0.8654970760233918,0.9655172413793104,0.0002164676261600107,0.9090909090909092,0.9205882352941177,0.9655172413793104,5.804053580504842e-05
strict_core,domain_and_sample,instrument,Agilent-1,locked_domain,domain__strict_core__domain_and_sample__instrument__Agilent-1,domain__strict_core__domain_and_sample__instrument__Agilent-1,structured_vae,zc48__zn16__chem0__ni0__ns0__cond0__ai0__as0__pair0__xrec0__dep0p001__e500,arpls_minmax,1729,397,29,isolated_spikes,1.0,0.007589484942947094,0.003794742471473547,0.10349316426640105,0.9246924615988725,0.006628391349854495,,1.5,0.32626309876128023,0.06038970313966274,0.5511363636363636,0.69377990430622,1.0,0.0002966913743875921,0.9090909090909092,0.8944444444444444,0.9655172413793104,0.0006116916192695498,0.9090909090909092,0.9205882352941177,0.9310344827586207,0.0002268470561830327
strict_core,domain_and_sample,instrument,Agilent-1,locked_domain,domain__strict_core__domain_and_sample__instrument__Agilent-1,domain__strict_core__domain_and_sample__instrument__Agilent-1,structured_vae,zc48__zn16__chem0__ni0__ns0__cond0__ai0__as0__pair0__xrec0__dep0p001__e500,arpls_minmax,1729,397,29,isolated_spikes,1.5,0.00758359410749721,0.003791797053748605,0.10351846255252677,0.9265642466250958,0.006634218212500477,,2.0,0.3097866893828968,0.05773266712640179,0.5511363636363636,0.69377990430622,1.0,0.0007376773864962161,0.8636363636363636,0.891640866873065,0.896551724137931,0.0006754953064955771,0.8636363636363636,0.891640866873065,1.0,0.0005821976228617132
strict_core,domain_and_sample,instrument,Agilent-1,locked_domain,domain__strict_core__domain_and_sample__instrument__Agilent-1,domain__strict_core__domain_and_sample__instrument__Agilent-1,structured_vae,zc48__zn16__chem0__ni0__ns0__cond0__ai0__as0__pair0__xrec0__dep0p001__e500,arpls_minmax,1729,397,29,edge_filled_shift,0.5,0.007617529072576422,0.003808764536288211,0.1038566407251176,0.9237570722288903,0.006633896103051172,,1.5,0.3080589377163414,0.06794857699424028,0.5511363636363636,0.69377990430622,0.9310344827586207,0.0013907798565924168,0.8011363636363636,0.8117647058823529,0.9310344827586207,0.008666696026921272,0.8636363636363636,0.891640866873065,0.896551724137931,0.0015896579716354609
strict_core,domain_and_sample,instrument,Agilent-1,locked_domain,domain__strict_core__domain_and_sample__instrument__Agilent-1,domain__strict_core__domain_and_sample__instrument__Agilent-1,structured_vae,zc48__zn16__chem0__ni0__ns0__cond0__ai0__as0__pair0__xrec0__dep0p001__e500,arpls_minmax,1729,397,29,edge_filled_shift,1.0,0.0076519161352222535,0.0038259580676111267,0.1041449531279704,0.924945844975297,0.0066335194710959245,,1.5,0.30931692646762265,0.06624367227777839,0.5511363636363636,0.69377990430622,0.8620689655172413,0.0035892375744879246,0.8465909090909092,0.8403361344537814,0.9310344827586207,0.01697452738881111,0.8465909090909092,0.8875,0.9310344827586207,0.003605704987421632
strict_core,domain_and_sample,instrument,Agilent-1,locked_domain,domain__strict_core__domain_and_sample__instrument__Agilent-1,domain__strict_core__domain_and_sample__instrument__Agilent-1,structured_vae,zc48__zn16__chem0__ni0__ns0__cond0__ai0__as0__pair0__xrec0__dep0p001__e500,arpls_minmax,1729,397,29,edge_filled_shift,1.5,0.007689848672360859,0.0038449243361804294,0.10432916255367218,0.924945844975297,0.006639447678841542,,1.5,0.3320218626793443,0.06438715942203999,0.5511363636363636,0.69377990430622,0.896551724137931,0.00349200377240777,0.8465909090909092,0.8660714285714286,0.896551724137931,0.017351528629660606,0.9090909090909092,0.9205882352941177,0.896551724137931,0.004011994693428278
strict_core,domain_and_sample,instrument,Agilent-1,locked_domain,domain__strict_core__domain_and_sample__instrument__Agilent-1,domain__strict_core__domain_and_sample__instrument__Agilent-1,structured_vae,zc48__zn16__chem0__ni0__ns0__cond0__ai0__as0__pair0__xrec0__dep0p001__e500,arpls_minmax,1729,397,29,gaussian_broadening,0.5,0.007587725031305353,0.0037938625156526767,0.10346661884367646,0.9253093578705377,0.0066285053577791525,,2.0,0.32956014495903385,0.06053631752729416,0.5511363636363636,0.69377990430622,1.0,1.0071129707966975e-07,0.8636363636363636,0.8654970760233918,1.0,6.001571364322444e-07,0.8636363636363636,0.891640866873065,1.0,1.1304329206041075e-07
strict_core,domain_and_sample,instrument,Agilent-1,locked_domain,domain__strict_core__domain_and_sample__instrument__Agilent-1,domain__strict_core__domain_and_sample__instrument__Agilent-1,structured_vae,zc48__zn16__chem0__ni0__ns0__cond0__ai0__as0__pair0__xrec0__dep0p001__e500,arpls_minmax,1729,397,29,gaussian_broadening,1.0,0.007584806039991158,0.003792403019995579,0.10345231753011896,0.9253218019871966,0.00662679716473128,,2.0,0.3302540362948425,0.06092978082597256,0.5511363636363636,0.69377990430622,1.0,1.9340679955348605e-06,0.8636363636363636,0.8654970760233918,1.0,1.1748281394829974e-05,0.8636363636363636,0.891640866873065,1.0,2.4684543404873693e-06
strict_core,domain_and_sample,instrument,Agilent-1,locked_domain,domain__strict_core__domain_and_sample__instrument__Agilent-1,domain__strict_core__domain_and_sample__instrument__Agilent-1,structured_vae,zc48__zn16__chem0__ni0__ns0__cond0__ai0__as0__pair0__xrec0__dep0p001__e500,arpls_minmax,1729,397,29,gaussian_broadening,1.5,0.007580456036707139,0.0037902280183535696,0.10343384334114138,0.925328196898016,0.006624249522044944,,2.0,0.33119228058375116,0.06156192347407341,0.5511363636363636,0.69377990430622,1.0,8.669392627780326e-06,0.8636363636363636,0.8654970760233918,1.0,4.972877286490984e-05,0.8636363636363636,0.891640866873065,1.0,1.1121404895675369e-05
strict_core,domain_and_sample,instrument,Agilent-1,locked_domain,domain__strict_core__domain_and_sample__instrument__Agilent-1,domain__strict_core__domain_and_sample__instrument__Agilent-1,structured_vae,zc48__zn16__chem0__ni0__ns0__cond0__ai0__as0__pair0__xrec0__dep0p001__e500,arpls_minmax,1729,397,29,composite,0.5,0.009598612002418927,0.004799306001209464,0.12614688608718042,0.9091308631534936,0.006831094089491091,,2.0,0.30859026579085336,0.050962675362825394,0.6420454545454546,0.7489177489177489,0.8275862068965517,0.05560912936925888,0.8465909090909092,0.8660714285714286,0.7586206896551724,0.1420949399471283,0.9090909090909092,0.9205882352941177,0.896551724137931,0.05798978731036186
strict_core,domain_and_sample,instrument,Agilent-1,locked_domain,domain__strict_core__domain_and_sample__instrument__Agilent-1,domain__strict_core__domain_and_sample__instrument__Agilent-1,structured_vae,zc48__zn16__chem0__ni0__ns0__cond0__ai0__as0__pair0__xrec0__dep0p001__e500,arpls_minmax,1729,397,29,composite,1.0,0.012353963225314934,0.006176981612657467,0.13046851399305676,0.8971024702875702,0.006972224308838558,,2.0,0.3308215094150967,0.05544147081673145,0.6136363636363636,0.7543859649122806,0.8620689655172413,0.15612556040287018,0.5965909090909092,0.6413043478260869,0.6206896551724138,0.2909029722213745,0.7386363636363636,0.8210526315789474,0.8275862068965517,0.12472638487815857
strict_core,domain_and_sample,instrument,Agilent-1,locked_domain,domain__strict_core__domain_and_sample__instrument__Agilent-1,domain__strict_core__domain_and_sample__instrument__Agilent-1,structured_vae,zc48__zn16__chem0__ni0__ns0__cond0__ai0__as0__pair0__xrec0__dep0p001__e500,arpls_minmax,1729,397,29,composite,1.5,0.020572763248922918,0.010286381624461459,0.16155165742244837,0.8447383111440852,0.007613070696598258,,2.5,0.3300537068048853,0.0711692413315177,0.4715909090909091,0.5611111111111111,0.5517241379310345,0.41476312279701233,0.6306818181818181,0.6833333333333333,0.7241379310344828,0.3709370493888855,0.5511363636363636,0.65,0.5172413793103449,0.2978527843952179
strict_core,domain_and_sample,instrument,Agilent-3,locked_domain,domain__strict_core__domain_and_sample__instrument__Agilent-3,domain__strict_core__domain_and_sample__instrument__Agilent-3,structured_vae,zc48__zn16__chem0__ni0__ns0__cond0__ai0__as0__pair0__xrec0__dep0p001__e500,arpls_minmax,1729,111,73,scale_offset,0.5,0.015554007052223585,0.007777003526111792,0.18259392471351493,0.7743085041241099,0.007850424841089762,,2.0,0.23790971743759748,0.07838080103101674,0.5150132275132275,0.5051738877369129,0.9315068493150684,0.006989568006247282,0.5126984126984127,0.5244546194546196,0.9041095890410958,0.014482532627880573,0.533531746031746,0.5584567160197412,0.958904109589041,0.008288169279694557
strict_core,domain_and_sample,instrument,Agilent-3,locked_domain,domain__strict_core__domain_and_sample__instrument__Agilent-3,domain__strict_core__domain_and_sample__instrument__Agilent-3,structured_vae,zc48__zn16__chem0__ni0__ns0__cond0__ai0__as0__pair0__xrec0__dep0p001__e500,arpls_minmax,1729,111,73,scale_offset,1.0,0.016989677204129177,0.008494838602064589,0.18831239788385573,0.7845923742021547,0.00828847862481682,,2.0,0.2956014546054256,0.0850443327362882,0.5731150793650794,0.5649967584750194,0.9041095890410958,0.027152888476848602,0.396031746031746,0.41028997457568894,0.9041095890410958,0.05051662400364876,0.5397817460317461,0.5547273982056591,0.8767123287671232,0.0304992888122797
strict_core,domain_and_sample,instrument,Agilent-3,locked_domain,domain__strict_core__domain_and_sample__instrument__Agilent-3,domain__strict_core__domain_and_sample__instrument__Agilent-3,structured_vae,zc48__zn16__chem0__ni0__ns0__cond0__ai0__as0__pair0__xrec0__dep0p001__e500,arpls_minmax,1729,111,73,scale_offset,1.5,0.02103696388301404,0.01051848194150702,0.20144030372595506,0.7127278114525865,0.008607961272908315,,2.0,0.27406104218343313,0.1000087782740593,0.5162037037037037,0.4784565359840757,0.7945205479452054,0.0587414987385273,0.42037037037037034,0.3929986135868489,0.7808219178082192,0.15454094111919403,0.49120370370370375,0.4499990012185134,0.7397260273972602,0.07587223500013351
strict_core,domain_and_sample,instrument,Agilent-3,locked_domain,domain__strict_core__domain_and_sample__instrument__Agilent-3,domain__strict_core__domain_and_sample__instrument__Agilent-3,structured_vae,zc48__zn16__chem0__ni0__ns0__cond0__ai0__as0__pair0__xrec0__dep0p001__e500,arpls_minmax,1729,111,73,smooth_baseline,0.5,0.015623092100171262,0.007811546050085631,0.1850627344897944,0.7827530097004354,0.008405857242848674,,2.0,0.2754237212686894,0.0712384581565857,0.6302579365079365,0.6462911850957392,0.9178082191780822,0.03450603410601616,0.45436507936507936,0.4805279845602426,0.9178082191780822,0.01666816882789135,0.6115079365079366,0.6323931623931625,0.9315068493150684,0.0298919714987278
strict_core,domain_and_sample,instrument,Agilent-3,locked_domain,domain__strict_core__domain_and_sample__instrument__Agilent-3,domain__strict_core__domain_and_sample__instrument__Agilent-3,structured_vae,zc48__zn16__chem0__ni0__ns0__cond0__ai0__as0__pair0__xrec0__dep0p001__e500,arpls_minmax,1729,111,73,smooth_baseline,1.0,0.0183958722985845,0.00919793614929225,0.19853844799583575,0.774888452469365,0.009154124033713655,,2.0,0.2937564724912314,0.07106012949952856,0.5760912698412698,0.5959336369551074,0.8493150684931506,0.09847049415111542,0.43442460317460313,0.4643322195046333,0.8493150684931506,0.06517370045185089,0.6198412698412699,0.650465057817999,0.8904109589041096,0.08943744003772736
strict_core,domain_and_sample,instrument,Agilent-3,locked_domain,domain__strict_core__domain_and_sample__instrument__Agilent-3,domain__strict_core__domain_and_sample__instrument__Agilent-3,structured_vae,zc48__zn16__chem0__ni0__ns0__cond0__ai0__as0__pair0__xrec0__dep0p001__e500,arpls_minmax,1729,111,73,smooth_baseline,1.5,0.022904836758704424,0.011452418379352212,0.21475823857342866,0.7231002594233349,0.010072119516700622,,2.0,0.3523762801277559,0.06550118653103709,0.5656746031746032,0.5852941176470589,0.7671232876712328,0.17975150048732758,0.5344246031746032,0.5543402506891351,0.8082191780821918,0.15621520578861237,0.6198412698412699,0.650465057817999,0.8904109589041096,0.17070740461349487
strict_core,domain_and_sample,instrument,Agilent-3,locked_domain,domain__strict_core__domain_and_sample__instrument__Agilent-3,domain__strict_core__domain_and_sample__instrument__Agilent-3,structured_vae,zc48__zn16__chem0__ni0__ns0__cond0__ai0__as0__pair0__xrec0__dep0p001__e500,arpls_minmax,1729,111,73,gaussian_noise,0.5,0.014930444624911431,0.0074652223124557155,0.17901758497157536,0.7814304590894481,0.007867806625366376,,2.0,0.23687275264579963,0.08416442049201578,0.608531746031746,0.6076262626262626,0.9726027397260274,0.00016683503054082394,0.4376984126984127,0.46332794189937054,0.9863013698630136,0.00011057886149501428,0.608531746031746,0.6225252525252526,0.9726027397260274,0.00015392940258607268
strict_core,domain_and_sample,instrument,Agilent-3,locked_domain,domain__strict_core__domain_and_sample__instrument__Agilent-3,domain__strict_core__domain_and_sample__instrument__Agilent-3,structured_vae,zc48__zn16__chem0__ni0__ns0__cond0__ai0__as0__pair0__xrec0__dep0p001__e500,arpls_minmax,1729,111,73,gaussian_noise,1.0,0.01488775137508243,0.007443875687541215,0.17877367122657628,0.782630832774953,0.007898176810593807,,2.0,0.24159940714464023,0.0868019942427054,0.608531746031746,0.6076262626262626,0.9726027397260274,0.0010289533529430628,0.47103174603174597,0.4911057196771483,0.958904109589041,0.0005592377274297178,0.564781746031746,0.58875,0.9452054794520548,0.000946224550716579
strict_core,domain_and_sample,instrument,Agilent-3,locked_domain,domain__strict_core__domain_and_sample__instrument__Agilent-3,domain__strict_core__domain_and_sample__instrument__Agilent-3,structured_vae,zc48__zn16__chem0__ni0__ns0__cond0__ai0__as0__pair0__xrec0__dep0p001__e500,arpls_minmax,1729,111,73,gaussian_noise,1.5,0.014813823221046808,0.007406911610523404,0.1783978221672108,0.7852518659869615,0.007934978276844038,,2.0,0.252865547629867,0.08394666010281071,0.6001984126984127,0.594181612038755,0.958904109589041,0.0029366041999310255,0.45436507936507936,0.48021440924666736,0.9452054794520548,0.001329568913206458,0.5981150793650793,0.6134974747474747,0.958904109589041,0.0026103584095835686
strict_core,domain_and_sample,instrument,Agilent-3,locked_domain,domain__strict_core__domain_and_sample__instrument__Agilent-3,domain__strict_core__domain_and_sample__instrument__Agilent-3,structured_vae,zc48__zn16__chem0__ni0__ns0__cond0__ai0__as0__pair0__xrec0__dep0p001__e500,arpls_minmax,1729,111,73,isolated_spikes,0.5,0.014964818381067307,0.007482409190533654,0.17927984022514754,0.7787522371624812,0.007861410297978079,,2.0,0.22946541277480254,0.08366305752247172,0.6001984126984127,0.5991132816763068,0.9863013698630136,3.1146286346483976e-05,0.4376984126984127,0.4628228913943199,0.9863013698630136,4.1006362152984366e-05,0.6001984126984127,0.6140122715752967,0.9863013698630136,3.263476901338436e-05
strict_core,domain_and_sample,instrument,Agilent-3,locked_domain,domain__strict_core__domain_and_sample__instrument__Agilent-3,domain__strict_core__domain_and_sample__instrument__Agilent-3,structured_vae,zc48__zn16__chem0__ni0__ns0__cond0__ai0__as0__pair0__xrec0__dep0p001__e500,arpls_minmax,1729,111,73,isolated_spikes,1.0,0.01495696924071509,0.007478484620357545,0.17925697461858342,0.7802164187084446,0.007860667806333549,,2.0,0.24159532882960527,0.08561432546525793,0.6001984126984127,0.5991132816763068,0.9863013698630136,0.00012213563604746014,0.4376984126984127,0.46332794189937054,0.9863013698630136,0.00017406107508577406,0.589781746031746,0.6050401978973406,0.9726027397260274,0.00012540898751467466
strict_core,domain_and_sample,instrument,Agilent-3,locked_domain,domain__strict_core__domain_and_sample__instrument__Agilent-3,domain__strict_core__domain_and_sample__instrument__Agilent-3,structured_vae,zc48__zn16__chem0__ni0__ns0__cond0__ai0__as0__pair0__xrec0__dep0p001__e500,arpls_minmax,1729,111,73,isolated_spikes,1.5,0.014961670143106702,0.007480835071553351,0.1792533998112833,0.7810953702399474,0.007869348754848553,,2.0,0.2443555329839715,0.08475891721900553,0.6001984126984127,0.5991132816763068,0.9726027397260274,0.00024145841598510742,0.4376984126984127,0.46332794189937054,0.9726027397260274,0.00029459065990522504,0.589781746031746,0.6066184807256235,0.9452054794520548,0.0002483627467881888
strict_core,domain_and_sample,instrument,Agilent-3,locked_domain,domain__strict_core__domain_and_sample__instrument__Agilent-3,domain__strict_core__domain_and_sample__instrument__Agilent-3,structured_vae,zc48__zn16__chem0__ni0__ns0__cond0__ai0__as0__pair0__xrec0__dep0p001__e500,arpls_minmax,1729,111,73,edge_filled_shift,0.5,0.014985186999799087,0.007492593499899543,0.17965614424542403,0.7777302976569203,0.007855779169923494,,2.0,0.23380495960133904,0.0832582046277821,0.573346560846561,0.5652356902356902,0.9315068493150684,0.0019040744518861175,0.48353174603174603,0.5036005661005661,0.8904109589041096,0.0022582681849598885,0.5835317460317461,0.597123719464145,0.958904109589041,0.0019023818895220757
strict_core,domain_and_sample,instrument,Agilent-3,locked_domain,domain__strict_core__domain_and_sample__instrument__Agilent-3,domain__strict_core__domain_and_sample__instrument__Agilent-3,structured_vae,zc48__zn16__chem0__ni0__ns0__cond0__ai0__as0__pair0__xrec0__dep0p001__e500,arpls_minmax,1729,111,73,edge_filled_shift,1.0,0.015000155312862017,0.0075000776564310085,0.17973018746925157,0.7783326005190813,0.007866529366130477,,2.0,0.24771293377541612,0.08613046147331715,0.5918650793650794,0.5971380471380471,0.8904109589041096,0.004095837008208036,0.47311507936507935,0.4926677081088846,0.9041095890410958,0.004450065549463034,0.5397817460317461,0.5560561813377833,0.8904109589041096,0.004038097336888313
strict_core,domain_and_sample,instrument,Agilent-3,locked_domain,domain__strict_core__domain_and_sample__instrument__Agilent-3,domain__strict_core__domain_and_sample__instrument__Agilent-3,structured_vae,zc48__zn16__chem0__ni0__ns0__cond0__ai0__as0__pair0__xrec0__dep0p001__e500,arpls_minmax,1729,111,73,edge_filled_shift,1.5,0.015048744189069777,0.007524372094534888,0.18018074854543034,0.7809367118517148,0.007855739620077908,,2.0,0.24280986643745298,0.08917060112744069,0.5444113756613757,0.5203401018527068,0.8767123287671232,0.005777604877948761,0.3569113756613757,0.375002652576182,0.8493150684931506,0.008136188611388206,0.4256613756613757,0.42908249158249157,0.8356164383561644,0.006116650067269802
strict_core,domain_and_sample,instrument,Agilent-3,locked_domain,domain__strict_core__domain_and_sample__instrument__Agilent-3,domain__strict_core__domain_and_sample__instrument__Agilent-3,structured_vae,zc48__zn16__chem0__ni0__ns0__cond0__ai0__as0__pair0__xrec0__dep0p001__e500,arpls_minmax,1729,111,73,gaussian_broadening,0.5,0.014969512870175627,0.007484756435087813,0.17933725331998598,0.7792262446995956,0.007855753385951394,,2.0,0.23941144312895857,0.08440880569219189,0.5918650793650794,0.5906565656565657,1.0,3.2006877859203087e-07,0.4376984126984127,0.46332794189937054,1.0,4.899011969428102e-07,0.5918650793650794,0.6055555555555555,1.0,3.3149979117297335e-07
strict_core,domain_and_sample,instrument,Agilent-3,locked_domain,domain__strict_core__domain_and_sample__instrument__Agilent-3,domain__strict_core__domain_and_sample__instrument__Agilent-3,structured_vae,zc48__zn16__chem0__ni0__ns0__cond0__ai0__as0__pair0__xrec0__dep0p001__e500,arpls_minmax,1729,111,73,gaussian_broadening,1.0,0.014971814029106504,0.007485907014553252,0.17937579301006584,0.7792312996783972,0.007854068046685012,,2.0,0.24012238768615285,0.08447523972540694,0.5918650793650794,0.5906565656565657,1.0,6.320542070170632e-06,0.4376984126984127,0.46332794189937054,0.9863013698630136,9.889471584756393e-06,0.5814484126984127,0.5966428995840761,0.9863013698630136,6.766351816622773e-06
strict_core,domain_and_sample,instrument,Agilent-3,locked_domain,domain__strict_core__domain_and_sample__instrument__Agilent-3,domain__strict_core__domain_and_sample__instrument__Agilent-3,structured_vae,zc48__zn16__chem0__ni0__ns0__cond0__ai0__as0__pair0__xrec0__dep0p001__e500,arpls_minmax,1729,111,73,gaussian_broadening,1.5,0.014976265034703657,0.007488132517351829,0.17944201987089353,0.7792165796636805,0.007851671437737705,,2.0,0.241209083817283,0.08457085023223954,0.5918650793650794,0.5906565656565657,1.0,2.9620241548400372e-05,0.4376984126984127,0.46332794189937054,0.9863013698630136,4.610215182765387e-05,0.5814484126984127,0.5966428995840761,0.9863013698630136,3.153085708618164e-05
strict_core,domain_and_sample,instrument,Agilent-3,locked_domain,domain__strict_core__domain_and_sample__instrument__Agilent-3,domain__strict_core__domain_and_sample__instrument__Agilent-3,structured_vae,zc48__zn16__chem0__ni0__ns0__cond0__ai0__as0__pair0__xrec0__dep0p001__e500,arpls_minmax,1729,111,73,composite,0.5,0.0167852759158735,0.00839263795793675,0.1900555941040397,0.7813160655979227,0.008445913512180667,,2.0,0.27415357919523375,0.07133350207732292,0.6198412698412699,0.6374514374514374,0.863013698630137,0.04850327968597412,0.4781746031746032,0.5107183696806339,0.8767123287671232,0.039900247007608414,0.6198412698412699,0.6435120435120435,0.8904109589041096,0.04567187279462814
strict_core,domain_and_sample,instrument,Agilent-3,locked_domain,domain__strict_core__domain_and_sample__instrument__Agilent-3,domain__strict_core__domain_and_sample__instrument__Agilent-3,structured_vae,zc48__zn16__chem0__ni0__ns0__cond0__ai0__as0__pair0__xrec0__dep0p001__e500,arpls_minmax,1729,111,73,composite,1.0,0.02303429114322109,0.011517145571610545,0.20802329626386806,0.7642450156220029,0.009246365349151554,,2.0,0.28657849303063376,0.07528882659971714,0.4814484126984127,0.4977541371158393,0.7671232876712328,0.12907537817955017,0.40644841269841264,0.4239935587761674,0.7123287671232876,0.14403942227363586,0.502281746031746,0.52113603988604,0.821917808219178,0.12484051287174225
strict_core,domain_and_sample,instrument,Agilent-3,locked_domain,domain__strict_core__domain_and_sample__instrument__Agilent-3,domain__strict_core__domain_and_sample__instrument__Agilent-3,structured_vae,zc48__zn16__chem0__ni0__ns0__cond0__ai0__as0__pair0__xrec0__dep0p001__e500,arpls_minmax,1729,111,73,composite,1.5,0.0308331941669199,0.01541659708345995,0.22838364669049196,0.6687786312442354,0.01055377405724169,,2.0,0.34944511492475216,0.081866305321455,0.458531746031746,0.48334241103848946,0.6712328767123288,0.21574661135673523,0.3295965608465608,0.3283068783068783,0.6575342465753424,0.31776100397109985,0.433531746031746,0.45517981749865805,0.6986301369863014,0.23127461969852448
strict_core,domain_and_sample,instrument,Mira-1,locked_domain,domain__strict_core__domain_and_sample__instrument__Mira-1,domain__strict_core__domain_and_sample__instrument__Mira-1,structured_vae,zc48__zn16__chem0__ni0__ns0__cond0__ai0__as0__pair0__xrec0__dep0p001__e500,arpls_minmax,1729,433,23,scale_offset,0.5,0.006683854486466173,0.0033419272432330866,0.08807329420624019,0.9499318432189866,0.00829871785934629,,1.5,0.1760554961396414,0.050586333498358727,0.5757575757575758,0.3857302118171684,0.9130434782608695,0.025670375674962997,0.6801346801346803,0.746031746031746,0.8260869565217391,0.022071758285164833,0.6801346801346803,0.5757575757575758,0.8260869565217391,0.023153888061642647
strict_core,domain_and_sample,instrument,Mira-1,locked_domain,domain__strict_core__domain_and_sample__instrument__Mira-1,domain__strict_core__domain_and_sample__instrument__Mira-1,structured_vae,zc48__zn16__chem0__ni0__ns0__cond0__ai0__as0__pair0__xrec0__dep0p001__e500,arpls_minmax,1729,433,23,scale_offset,1.0,0.008456484183207004,0.004228242091603502,0.10408544467711861,0.9463855202543631,0.008251941709732022,,1.5,0.1905092167790115,0.05380825698375702,0.494949494949495,0.3611111111111111,0.8695652173913043,0.07821637392044067,0.531986531986532,0.5714285714285714,0.782608695652174,0.08963566273450851,0.6060606060606061,0.4265734265734266,0.9130434782608695,0.07439351826906204
strict_core,domain_and_sample,instrument,Mira-1,locked_domain,domain__strict_core__domain_and_sample__instrument__Mira-1,domain__strict_core__domain_and_sample__instrument__Mira-1,structured_vae,zc48__zn16__chem0__ni0__ns0__cond0__ai0__as0__pair0__xrec0__dep0p001__e500,arpls_minmax,1729,433,23,scale_offset,1.5,0.010856613479613964,0.005428306739806982,0.11561765735221761,0.9213355773780365,0.008687799115392658,,1.5,0.19608426650210012,0.07067754864692688,0.5454545454545454,0.404040404040404,0.7391304347826086,0.1430286169052124,0.5387205387205387,0.5303030303030303,0.6956521739130435,0.192650705575943,0.494949494949495,0.3833333333333333,0.7391304347826086,0.14061084389686584
strict_core,domain_and_sample,instrument,Mira-1,locked_domain,domain__strict_core__domain_and_sample__instrument__Mira-1,domain__strict_core__domain_and_sample__instrument__Mira-1,structured_vae,zc48__zn16__chem0__ni0__ns0__cond0__ai0__as0__pair0__xrec0__dep0p001__e500,arpls_minmax,1729,433,23,smooth_baseline,0.5,0.005502221877011137,0.0027511109385055686,0.08996342385752519,0.9408461273598845,0.008442821467217736,,1.5,0.15946255681171562,0.04146391898393631,0.6060606060606061,0.4166666666666667,0.8695652173913043,0.03965586796402931,0.6430976430976432,0.6389906389906389,0.8260869565217391,0.060618139803409576,0.6060606060606061,0.41558441558441556,0.9565217391304348,0.045082807540893555
strict_core,domain_and_sample,instrument,Mira-1,locked_domain,domain__strict_core__domain_and_sample__instrument__Mira-1,domain__strict_core__domain_and_sample__instrument__Mira-1,structured_vae,zc48__zn16__chem0__ni0__ns0__cond0__ai0__as0__pair0__xrec0__dep0p001__e500,arpls_minmax,1729,433,23,smooth_baseline,1.0,0.006775664676306116,0.003387832338153058,0.1024724143404439,0.9281308356817803,0.008647328010081098,,2.0,0.22038735359043643,0.04708729311823845,0.6363636363636364,0.4666666666666666,0.9130434782608695,0.10513981431722641,0.6430976430976432,0.6575091575091575,0.8695652173913043,0.13493046164512634,0.6363636363636364,0.443701226309922,0.9130434782608695,0.10750190168619156
strict_core,domain_and_sample,instrument,Mira-1,locked_domain,domain__strict_core__domain_and_sample__instrument__Mira-1,domain__strict_core__domain_and_sample__instrument__Mira-1,structured_vae,zc48__zn16__chem0__ni0__ns0__cond0__ai0__as0__pair0__xrec0__dep0p001__e500,arpls_minmax,1729,433,23,smooth_baseline,1.5,0.010800502115020573,0.0054002510575102865,0.12532831127959942,0.828925238058478,0.00908469778724121,,1.0,0.24378098473470575,0.05017521604895592,0.5016835016835016,0.4355877616747182,0.6521739130434783,0.20187081396579742,0.7239057239057239,0.6536130536130537,0.782608695652174,0.24233075976371765,0.6734006734006734,0.5363636363636363,0.8260869565217391,0.20741644501686096
strict_core,domain_and_sample,instrument,Mira-1,locked_domain,domain__strict_core__domain_and_sample__instrument__Mira-1,domain__strict_core__domain_and_sample__instrument__Mira-1,structured_vae,zc48__zn16__chem0__ni0__ns0__cond0__ai0__as0__pair0__xrec0__dep0p001__e500,arpls_minmax,1729,433,23,gaussian_noise,0.5,0.004892518019639593,0.0024462590098197966,0.07678584334105634,0.9553232402981813,0.008291817980698963,,1.5,0.16805842583945246,0.03855154663324356,0.6060606060606061,0.4166666666666667,0.9565217391304348,0.0002045424043899402,0.6430976430976432,0.6575091575091575,0.9565217391304348,0.0007100208895280957,0.6430976430976432,0.4822510822510823,1.0,0.0002697187883313745
strict_core,domain_and_sample,instrument,Mira-1,locked_domain,domain__strict_core__domain_and_sample__instrument__Mira-1,domain__strict_core__domain_and_sample__instrument__Mira-1,structured_vae,zc48__zn16__chem0__ni0__ns0__cond0__ai0__as0__pair0__xrec0__dep0p001__e500,arpls_minmax,1729,433,23,gaussian_noise,1.0,0.004876015421323695,0.0024380077106618474,0.076976081555021,0.9553746278771221,0.008292606027422855,,1.5,0.1649165004229332,0.041934847831726074,0.6363636363636364,0.4564102564102564,0.9565217391304348,0.001087857293896377,0.6430976430976432,0.6428571428571428,0.9565217391304348,0.003286496503278613,0.6060606060606061,0.41558441558441556,0.9565217391304348,0.0013959200587123632
strict_core,domain_and_sample,instrument,Mira-1,locked_domain,domain__strict_core__domain_and_sample__instrument__Mira-1,domain__strict_core__domain_and_sample__instrument__Mira-1,structured_vae,zc48__zn16__chem0__ni0__ns0__cond0__ai0__as0__pair0__xrec0__dep0p001__e500,arpls_minmax,1729,433,23,gaussian_noise,1.5,0.004847860337734523,0.0024239301688672617,0.0769264790472579,0.9560643561614527,0.008290672679647755,,2.0,0.16675520527555587,0.03713691234588623,0.6363636363636364,0.4564102564102564,0.9565217391304348,0.0028501800261437893,0.6430976430976432,0.6389906389906389,0.9130434782608695,0.006881680339574814,0.6430976430976432,0.4822510822510823,1.0,0.0032353713177144527
strict_core,domain_and_sample,instrument,Mira-1,locked_domain,domain__strict_core__domain_and_sample__instrument__Mira-1,domain__strict_core__domain_and_sample__instrument__Mira-1,structured_vae,zc48__zn16__chem0__ni0__ns0__cond0__ai0__as0__pair0__xrec0__dep0p001__e500,arpls_minmax,1729,433,23,isolated_spikes,0.5,0.004911286217834384,0.002455643108917192,0.07692455921874167,0.9555706455852883,0.008287568523269976,,1.5,0.17832239010315312,0.0399823933839798,0.6363636363636364,0.4564102564102564,0.9565217391304348,0.00013551504525821656,0.6430976430976432,0.6575091575091575,1.0,0.00027824484277516603,0.6430976430976432,0.4822510822510823,1.0,0.0001498901256127283
strict_core,domain_and_sample,instrument,Mira-1,locked_domain,domain__strict_core__domain_and_sample__instrument__Mira-1,domain__strict_core__domain_and_sample__instrument__Mira-1,structured_vae,zc48__zn16__chem0__ni0__ns0__cond0__ai0__as0__pair0__xrec0__dep0p001__e500,arpls_minmax,1729,433,23,isolated_spikes,1.0,0.004890896720834466,0.002445448360417233,0.07689688543339114,0.9552299159144765,0.008299244836316066,,1.5,0.17617135000100675,0.038235124200582504,0.5252525252525252,0.3950617283950617,0.9130434782608695,0.0005605738842859864,0.6430976430976432,0.6575091575091575,0.9565217391304348,0.0009044926846399903,0.6060606060606061,0.41558441558441556,0.9565217391304348,0.0005741093191318214
strict_core,domain_and_sample,instrument,Mira-1,locked_domain,domain__strict_core__domain_and_sample__instrument__Mira-1,domain__strict_core__domain_and_sample__instrument__Mira-1,structured_vae,zc48__zn16__chem0__ni0__ns0__cond0__ai0__as0__pair0__xrec0__dep0p001__e500,arpls_minmax,1729,433,23,isolated_spikes,1.5,0.00492597500794512,0.00246298750397256,0.07689672300368905,0.9559571915445096,0.008292825853896598,,1.5,0.18331858903731307,0.03800914064049721,0.6060606060606061,0.4166666666666667,0.9565217391304348,0.0012789239408448339,0.6430976430976432,0.6813186813186812,0.9565217391304348,0.0021958299912512302,0.6060606060606061,0.4265734265734266,0.9130434782608695,0.0014295059954747558
strict_core,domain_and_sample,instrument,Mira-1,locked_domain,domain__strict_core__domain_and_sample__instrument__Mira-1,domain__strict_core__domain_and_sample__instrument__Mira-1,structured_vae,zc48__zn16__chem0__ni0__ns0__cond0__ai0__as0__pair0__xrec0__dep0p001__e500,arpls_minmax,1729,433,23,edge_filled_shift,0.5,0.0049546054321123415,0.0024773027160561708,0.0775312389738462,0.9538257468560029,0.008313723154356436,,2.0,0.20695336224607705,0.047999657690525055,0.5757575757575758,0.3857302118171684,0.9130434782608695,0.005520885344594717,0.7171717171717171,0.6746031746031745,0.8695652173913043,0.01045016385614872,0.6430976430976432,0.49324009324009327,0.9565217391304348,0.006158144678920507
strict_core,domain_and_sample,instrument,Mira-1,locked_domain,domain__strict_core__domain_and_sample__instrument__Mira-1,domain__strict_core__domain_and_sample__instrument__Mira-1,structured_vae,zc48__zn16__chem0__ni0__ns0__cond0__ai0__as0__pair0__xrec0__dep0p001__e500,arpls_minmax,1729,433,23,edge_filled_shift,1.0,0.004898317334946878,0.002449158667473439,0.07788688697000785,0.9514875968957908,0.008318494499287015,,2.0,0.15673859171744564,0.040244702249765396,0.4646464646464647,0.3333333333333333,0.782608695652174,0.007022536359727383,0.6430976430976432,0.6445221445221446,0.9565217391304348,0.02359125390648842,0.6734006734006734,0.5103678929765887,0.9565217391304348,0.008497575297951698
strict_core,domain_and_sample,instrument,Mira-1,locked_domain,domain__strict_core__domain_and_sample__instrument__Mira-1,domain__strict_core__domain_and_sample__instrument__Mira-1,structured_vae,zc48__zn16__chem0__ni0__ns0__cond0__ai0__as0__pair0__xrec0__dep0p001__e500,arpls_minmax,1729,433,23,edge_filled_shift,1.5,0.004881215089568056,0.002440607544784028,0.07847116295239046,0.948846520616157,0.008326718135062073,,2.0,0.2120409712305257,0.04055311530828476,0.494949494949495,0.3611111111111111,0.782608695652174,0.011675904504954815,0.6060606060606061,0.6060606060606061,0.8695652173913043,0.02612774260342121,0.5252525252525252,0.3878787878787879,0.8260869565217391,0.013754665851593018
strict_core,domain_and_sample,instrument,Mira-1,locked_domain,domain__strict_core__domain_and_sample__instrument__Mira-1,domain__strict_core__domain_and_sample__instrument__Mira-1,structured_vae,zc48__zn16__chem0__ni0__ns0__cond0__ai0__as0__pair0__xrec0__dep0p001__e500,arpls_minmax,1729,433,23,gaussian_broadening,0.5,0.004908211911666918,0.002454105955833459,0.07687250724833823,0.9556468766002838,0.00828853970807048,,1.5,0.16439955667002937,0.0396232046186924,0.6060606060606061,0.4218181818181818,1.0,1.4253284916776465e-06,0.6430976430976432,0.6575091575091575,1.0,4.009060376120033e-06,0.6430976430976432,0.4822510822510823,1.0,1.8114628801413346e-06
strict_core,domain_and_sample,instrument,Mira-1,locked_domain,domain__strict_core__domain_and_sample__instrument__Mira-1,domain__strict_core__domain_and_sample__instrument__Mira-1,structured_vae,zc48__zn16__chem0__ni0__ns0__cond0__ai0__as0__pair0__xrec0__dep0p001__e500,arpls_minmax,1729,433,23,gaussian_broadening,1.0,0.004906806493637517,0.0024534032468187584,0.0769284972619824,0.9557283944374007,0.008287137030299012,,1.5,0.16509832158893512,0.039942674338817596,0.6060606060606061,0.4218181818181818,1.0,2.8851240131189115e-05,0.6430976430976432,0.6575091575091575,1.0,8.61105727381073e-05,0.6430976430976432,0.4822510822510823,1.0,3.763385393540375e-05
strict_core,domain_and_sample,instrument,Mira-1,locked_domain,domain__strict_core__domain_and_sample__instrument__Mira-1,domain__strict_core__domain_and_sample__instrument__Mira-1,structured_vae,zc48__zn16__chem0__ni0__ns0__cond0__ai0__as0__pair0__xrec0__dep0p001__e500,arpls_minmax,1729,433,23,gaussian_broadening,1.5,0.004903638597078906,0.002451819298539453,0.0770175929162431,0.9558465669001696,0.00828538296820783,,1.5,0.16638081495270268,0.03983643651008606,0.6060606060606061,0.4166666666666667,0.9565217391304348,0.00013260477862786502,0.6430976430976432,0.6575091575091575,1.0,0.00042380974628031254,0.6430976430976432,0.49324009324009327,0.9565217391304348,0.00017883726104628295
strict_core,domain_and_sample,instrument,Mira-1,locked_domain,domain__strict_core__domain_and_sample__instrument__Mira-1,domain__strict_core__domain_and_sample__instrument__Mira-1,structured_vae,zc48__zn16__chem0__ni0__ns0__cond0__ai0__as0__pair0__xrec0__dep0p001__e500,arpls_minmax,1729,433,23,composite,0.5,0.007043166721716824,0.003521583360858412,0.09758269399279527,0.9293708280614777,0.008578480963091046,,2.0,0.16736575663898584,0.03392271138727665,0.48484848484848486,0.2916666666666667,0.782608695652174,0.06859755516052246,0.7171717171717171,0.6523809523809524,0.9130434782608695,0.07629956305027008,0.6060606060606061,0.41558441558441556,0.9565217391304348,0.06744219362735748
strict_core,domain_and_sample,instrument,Mira-1,locked_domain,domain__strict_core__domain_and_sample__instrument__Mira-1,domain__strict_core__domain_and_sample__instrument__Mira-1,structured_vae,zc48__zn16__chem0__ni0__ns0__cond0__ai0__as0__pair0__xrec0__dep0p001__e500,arpls_minmax,1729,433,23,composite,1.0,0.010915646035879665,0.0054578230179398324,0.11168214863120464,0.8456879951402448,0.008748201693011222,,1.0,0.18207796673073778,0.055492252111434937,0.5521885521885522,0.43103913630229423,0.6521739130434783,0.14511625468730927,0.5521885521885522,0.5608465608465608,0.6521739130434783,0.21681329607963562,0.5757575757575758,0.40952380952380957,0.8260869565217391,0.16191357374191284
strict_core,domain_and_sample,instrument,Mira-1,locked_domain,domain__strict_core__domain_and_sample__instrument__Mira-1,domain__strict_core__domain_and_sample__instrument__Mira-1,structured_vae,zc48__zn16__chem0__ni0__ns0__cond0__ai0__as0__pair0__xrec0__dep0p001__e500,arpls_minmax,1729,433,23,composite,1.5,0.016452661809688796,0.008226330904844398,0.1336736539901401,0.7985961603543471,0.009154161138825013,,1.5,0.20016359358827024,0.050809796899557114,0.2828282828282828,0.21176470588235294,0.4782608695652174,0.2593643069267273,0.5151515151515151,0.5994152046783625,0.5652173913043478,0.29955101013183594,0.5454545454545454,0.4021164021164021,0.6956521739130435,0.27202317118644714
strict_core,domain_and_sample,instrument,Mira-2,locked_domain,domain__strict_core__domain_and_sample__instrument__Mira-2,domain__strict_core__domain_and_sample__instrument__Mira-2,structured_vae,zc48__zn16__chem0__ni0__ns0__cond0__ai0__as0__pair0__xrec0__dep0p001__e500,arpls_minmax,1729,363,75,scale_offset,0.5,0.015360151445295107,0.0076800757226475535,0.1610540527220781,0.781034468913269,0.006937383899656597,,2.0,0.4174657728883884,0.11181841208599508,0.25,0.3333333333333333,0.9333333333333333,0.012457052245736122,0.0,0.0,0.9466666666666667,0.008526655845344067,0.0,0.0,0.9466666666666667,0.00942885223776102
strict_core,domain_and_sample,instrument,Mira-2,locked_domain,domain__strict_core__domain_and_sample__instrument__Mira-2,domain__strict_core__domain_and_sample__instrument__Mira-2,structured_vae,zc48__zn16__chem0__ni0__ns0__cond0__ai0__as0__pair0__xrec0__dep0p001__e500,arpls_minmax,1729,363,75,scale_offset,1.0,0.019649464488006054,0.009824732244003027,0.16964089462199838,0.7648347477488825,0.007129703516245146,,2.0,0.42993841954384154,0.10627397056668997,0.0,0.0,0.8,0.052027225494384766,0.0,0.0,0.8,0.027657851576805115,0.0,0.0,0.96,0.038627739995718
strict_core,domain_and_sample,instrument,Mira-2,locked_domain,domain__strict_core__domain_and_sample__instrument__Mira-2,domain__strict_core__domain_and_sample__instrument__Mira-2,structured_vae,zc48__zn16__chem0__ni0__ns0__cond0__ai0__as0__pair0__xrec0__dep0p001__e500,arpls_minmax,1729,363,75,scale_offset,1.5,0.024876825101016416,0.012438412550508208,0.18125488273776114,0.740251069383311,0.007018373948778165,,2.0,0.3643218559721642,0.12169548333622515,0.0,0.0,0.8,0.10830679535865784,0.0,0.0,0.8,0.06050700321793556,0.0,0.0,0.88,0.08227765560150146
strict_core,domain_and_sample,instrument,Mira-2,locked_domain,domain__strict_core__domain_and_sample__instrument__Mira-2,domain__strict_core__domain_and_sample__instrument__Mira-2,structured_vae,zc48__zn16__chem0__ni0__ns0__cond0__ai0__as0__pair0__xrec0__dep0p001__e500,arpls_minmax,1729,363,75,smooth_baseline,0.5,0.015384560619033474,0.007692280309516737,0.16226300878862815,0.7703491054040562,0.007212358726319163,,2.0,0.39514563987004314,0.1020846962928772,0.0,0.0,0.6933333333333334,0.026498785242438316,0.0,0.0,0.8933333333333333,0.040635623037815094,0.0,0.0,0.88,0.03119739517569542
strict_core,domain_and_sample,instrument,Mira-2,locked_domain,domain__strict_core__domain_and_sample__instrument__Mira-2,domain__strict_core__domain_and_sample__instrument__Mira-2,structured_vae,zc48__zn16__chem0__ni0__ns0__cond0__ai0__as0__pair0__xrec0__dep0p001__e500,arpls_minmax,1729,363,75,smooth_baseline,1.0,0.018399097504898185,0.009199548752449093,0.17042736277448312,0.7462787396736528,0.007626857781245295,,3.0,0.45323892692081685,0.10628318588715047,0.0,0.0,0.6666666666666666,0.10106179863214493,0.0,0.0,0.8,0.07960347831249237,0.0,0.0,0.8666666666666667,0.08512420207262039
strict_core,domain_and_sample,instrument,Mira-2,locked_domain,domain__strict_core__domain_and_sample__instrument__Mira-2,domain__strict_core__domain_and_sample__instrument__Mira-2,structured_vae,zc48__zn16__chem0__ni0__ns0__cond0__ai0__as0__pair0__xrec0__dep0p001__e500,arpls_minmax,1729,363,75,smooth_baseline,1.5,0.023944307913951003,0.011972153956975502,0.18201592411900136,0.7142564097102013,0.008087679273058963,,3.0,0.36030281982451406,0.1192265385761857,0.0,0.0,0.6666666666666666,0.1681990623474121,0.0,0.0,0.6,0.12282302975654602,0.0,0.0,0.76,0.14277635514736176
strict_core,domain_and_sample,instrument,Mira-2,locked_domain,domain__strict_core__domain_and_sample__instrument__Mira-2,domain__strict_core__domain_and_sample__instrument__Mira-2,structured_vae,zc48__zn16__chem0__ni0__ns0__cond0__ai0__as0__pair0__xrec0__dep0p001__e500,arpls_minmax,1729,363,75,gaussian_noise,0.5,0.014600490507465718,0.007300245253732859,0.15773194164372764,0.790551646258853,0.006791630594438176,,2.0,0.405130376933517,0.09783060662448406,0.25,0.3333333333333333,0.9733333333333334,0.00035575151559896767,0.0,0.0,0.9866666666666667,0.0002503347350284457,0.0,0.0,0.9866666666666667,0.0002884475397877395
strict_core,domain_and_sample,instrument,Mira-2,locked_domain,domain__strict_core__domain_and_sample__instrument__Mira-2,domain__strict_core__domain_and_sample__instrument__Mira-2,structured_vae,zc48__zn16__chem0__ni0__ns0__cond0__ai0__as0__pair0__xrec0__dep0p001__e500,arpls_minmax,1729,363,75,gaussian_noise,1.0,0.014653205213075834,0.007326602606537917,0.15794546656414113,0.7958011042234515,0.006838451098840285,,2.0,0.4055641602809462,0.09302176430355757,0.25,0.3333333333333333,0.9466666666666667,0.00163889245595783,0.0,0.0,0.9733333333333334,0.0015110468957573175,0.0,0.0,0.9466666666666667,0.0014476180076599121
strict_core,domain_and_sample,instrument,Mira-2,locked_domain,domain__strict_core__domain_and_sample__instrument__Mira-2,domain__strict_core__domain_and_sample__instrument__Mira-2,structured_vae,zc48__zn16__chem0__ni0__ns0__cond0__ai0__as0__pair0__xrec0__dep0p001__e500,arpls_minmax,1729,363,75,gaussian_noise,1.5,0.014780217492268752,0.007390108746134376,0.15881367505888938,0.7965588217440316,0.006907976713934302,,2.0,0.395643074618786,0.10240243369480595,0.25,0.3333333333333333,0.8666666666666667,0.0041588228195905685,0.0,0.0,0.96,0.004897626116871834,0.0,0.0,0.9466666666666667,0.0040243021212518215
strict_core,domain_and_sample,instrument,Mira-2,locked_domain,domain__strict_core__domain_and_sample__instrument__Mira-2,domain__strict_core__domain_and_sample__instrument__Mira-2,structured_vae,zc48__zn16__chem0__ni0__ns0__cond0__ai0__as0__pair0__xrec0__dep0p001__e500,arpls_minmax,1729,363,75,isolated_spikes,0.5,0.0145164535620202,0.0072582267810101,0.1573362308899261,0.7911599979519006,0.006786838543684764,,2.0,0.3596865413208683,0.10231219697743654,0.25,0.3333333333333333,1.0,0.00023337523452937603,0.0,0.0,0.9866666666666667,0.00016732612857595086,0.0,0.0,0.9866666666666667,0.00018758773512672633
strict_core,domain_and_sample,instrument,Mira-2,locked_domain,domain__strict_core__domain_and_sample__instrument__Mira-2,domain__strict_core__domain_and_sample__instrument__Mira-2,structured_vae,zc48__zn16__chem0__ni0__ns0__cond0__ai0__as0__pair0__xrec0__dep0p001__e500,arpls_minmax,1729,363,75,isolated_spikes,1.0,0.014504483362684733,0.007252241681342367,0.15730990465382652,0.7888608850363268,0.006789021512974398,,2.0,0.41566306307186063,0.10007419716566801,0.0,0.0,0.9333333333333333,0.0012095269048586488,0.0,0.0,0.9733333333333334,0.0008179378346540034,0.0,0.0,0.9733333333333334,0.0009824737207964063
strict_core,domain_and_sample,instrument,Mira-2,locked_domain,domain__strict_core__domain_and_sample__instrument__Mira-2,domain__strict_core__domain_and_sample__instrument__Mira-2,structured_vae,zc48__zn16__chem0__ni0__ns0__cond0__ai0__as0__pair0__xrec0__dep0p001__e500,arpls_minmax,1729,363,75,isolated_spikes,1.5,0.014659935715407026,0.007329967857703513,0.1578555132000976,0.7938515548031878,0.0068038840402169926,,2.0,0.40970512029579875,0.10009413005900569,0.25,0.3333333333333333,0.8533333333333334,0.002689868677407503,0.0,0.0,0.9733333333333334,0.0014176114927977324,0.0,0.0,0.9733333333333334,0.0020565344020724297
strict_core,domain_and_sample,instrument,Mira-2,locked_domain,domain__strict_core__domain_and_sample__instrument__Mira-2,domain__strict_core__domain_and_sample__instrument__Mira-2,structured_vae,zc48__zn16__chem0__ni0__ns0__cond0__ai0__as0__pair0__xrec0__dep0p001__e500,arpls_minmax,1729,363,75,edge_filled_shift,0.5,0.014525558757611143,0.007262779378805572,0.15740329442860157,0.7900592699063359,0.006770569867301188,,2.0,0.42154275168015026,0.0975393420085311,0.25,0.3333333333333333,0.92,0.0013029297115281224,0.0,0.0,0.9866666666666667,0.001935032196342945,0.0,0.0,0.9733333333333334,0.0014109436888247728
strict_core,domain_and_sample,instrument,Mira-2,locked_domain,domain__strict_core__domain_and_sample__instrument__Mira-2,domain__strict_core__domain_and_sample__instrument__Mira-2,structured_vae,zc48__zn16__chem0__ni0__ns0__cond0__ai0__as0__pair0__xrec0__dep0p001__e500,arpls_minmax,1729,363,75,edge_filled_shift,1.0,0.014526501099663778,0.007263250549831889,0.15739083529737366,0.7949345402716059,0.0067787876756141155,,2.0,0.39694439932594916,0.09024444888927974,0.0,0.0,0.9066666666666666,0.0022501698695123196,0.0,0.0,0.96,0.00364530086517334,0.0,0.0,0.9733333333333334,0.002608430339023471
strict_core,domain_and_sample,instrument,Mira-2,locked_domain,domain__strict_core__domain_and_sample__instrument__Mira-2,domain__strict_core__domain_and_sample__instrument__Mira-2,structured_vae,zc48__zn16__chem0__ni0__ns0__cond0__ai0__as0__pair0__xrec0__dep0p001__e500,arpls_minmax,1729,363,75,edge_filled_shift,1.5,0.014634361014373095,0.0073171805071865475,0.1579619052624846,0.7891556459820435,0.006780284540119602,,2.0,0.41370411904799465,0.0957795549184084,0.0,0.0,0.9066666666666666,0.0036056232638657093,0.0,0.0,0.9466666666666667,0.004197083413600922,0.0,0.0,0.9733333333333334,0.0036099895369261503
strict_core,domain_and_sample,instrument,Mira-2,locked_domain,domain__strict_core__domain_and_sample__instrument__Mira-2,domain__strict_core__domain_and_sample__instrument__Mira-2,structured_vae,zc48__zn16__chem0__ni0__ns0__cond0__ai0__as0__pair0__xrec0__dep0p001__e500,arpls_minmax,1729,363,75,gaussian_broadening,0.5,0.014494741198874393,0.0072473705994371964,0.15716461265545367,0.7903299559831426,0.006778756473870349,,2.0,0.41573270752437674,0.09348122775554657,0.25,0.3333333333333333,1.0,3.00407407394232e-07,0.0,0.0,1.0,2.384185791015625e-07,0.0,0.0,1.0,2.614657148569677e-07
strict_core,domain_and_sample,instrument,Mira-2,locked_domain,domain__strict_core__domain_and_sample__instrument__Mira-2,domain__strict_core__domain_and_sample__instrument__Mira-2,structured_vae,zc48__zn16__chem0__ni0__ns0__cond0__ai0__as0__pair0__xrec0__dep0p001__e500,arpls_minmax,1729,363,75,gaussian_broadening,1.0,0.014492173480239462,0.007246086740119731,0.15717005896538172,0.7901027899544596,0.006775950372352685,,2.0,0.4141988846830086,0.09311967343091965,0.25,0.3333333333333333,1.0,6.1980881582712755e-06,0.0,0.0,1.0,4.66744086224935e-06,0.0,0.0,1.0,5.4057441047916654e-06
strict_core,domain_and_sample,instrument,Mira-2,locked_domain,domain__strict_core__domain_and_sample__instrument__Mira-2,domain__strict_core__domain_and_sample__instrument__Mira-2,structured_vae,zc48__zn16__chem0__ni0__ns0__cond0__ai0__as0__pair0__xrec0__dep0p001__e500,arpls_minmax,1729,363,75,gaussian_broadening,1.5,0.014488981772175648,0.007244490886087824,0.1571805825564891,0.7897756948951233,0.00677175985156431,,2.0,0.4122335461256846,0.09370852820575237,0.25,0.3333333333333333,1.0,2.8614203984034248e-05,0.0,0.0,1.0,2.1026929971412756e-05,0.0,0.0,1.0,2.4826525987009518e-05
strict_core,domain_and_sample,instrument,Mira-2,locked_domain,domain__strict_core__domain_and_sample__instrument__Mira-2,domain__strict_core__domain_and_sample__instrument__Mira-2,structured_vae,zc48__zn16__chem0__ni0__ns0__cond0__ai0__as0__pair0__xrec0__dep0p001__e500,arpls_minmax,1729,363,75,composite,0.5,0.0173883679424783,0.00869418397123915,0.16657808400260513,0.7745132609757952,0.007462870755677189,,2.0,0.42012073108164205,0.09310826659202576,0.0,0.0,0.7466666666666667,0.049111030995845795,0.0,0.0,0.9333333333333333,0.04190785810351372,0.0,0.0,0.9333333333333333,0.04266190156340599
strict_core,domain_and_sample,instrument,Mira-2,locked_domain,domain__strict_core__domain_and_sample__instrument__Mira-2,domain__strict_core__domain_and_sample__instrument__Mira-2,structured_vae,zc48__zn16__chem0__ni0__ns0__cond0__ai0__as0__pair0__xrec0__dep0p001__e500,arpls_minmax,1729,363,75,composite,1.0,0.024820408350834468,0.012410204175417234,0.18860496113214567,0.6823147034770815,0.007697720961168081,,2.5,0.3956216428159449,0.12058397429063916,0.0,0.0,0.64,0.1631137728691101,0.0,0.0,0.6933333333333334,0.09719297289848328,0.0,0.0,0.8666666666666667,0.12006557732820511
strict_core,domain_and_sample,instrument,Mira-2,locked_domain,domain__strict_core__domain_and_sample__instrument__Mira-2,domain__strict_core__domain_and_sample__instrument__Mira-2,structured_vae,zc48__zn16__chem0__ni0__ns0__cond0__ai0__as0__pair0__xrec0__dep0p001__e500,arpls_minmax,1729,363,75,composite,1.5,0.03491146209145921,0.017455731045729606,0.1958164724050627,0.6554956615609948,0.008272724639274002,,3.0,0.43226425237500865,0.11114999232813716,0.0,0.0,0.64,0.2444951832294464,0.5,0.4,0.5866666666666667,0.1643434762954712,0.5,0.5,0.68,0.18988336622714996
strict_core,domain_and_sample,instrument,Mira-3,locked_domain,domain__strict_core__domain_and_sample__instrument__Mira-3,domain__strict_core__domain_and_sample__instrument__Mira-3,structured_vae,zc48__zn16__chem0__ni0__ns0__cond0__ai0__as0__pair0__xrec0__dep0p001__e500,arpls_minmax,1729,394,72,scale_offset,0.5,0.007798230292590617,0.0038991151462953086,0.07001728442283553,0.9400536676657336,0.007258610590660038,,2.0,0.3326600739543784,0.052626028656959534,0.41625,0.5594965675057209,0.8333333333333334,0.013520998880267143,0.51,0.6621052631578948,0.9444444444444444,0.011190017685294151,0.34750000000000003,0.5032938076416338,0.8888888888888888,0.012419586069881916
strict_core,domain_and_sample,instrument,Mira-3,locked_domain,domain__strict_core__domain_and_sample__instrument__Mira-3,domain__strict_core__domain_and_sample__instrument__Mira-3,structured_vae,zc48__zn16__chem0__ni0__ns0__cond0__ai0__as0__pair0__xrec0__dep0p001__e500,arpls_minmax,1729,394,72,scale_offset,1.0,0.010328687581450505,0.005164343790725253,0.08324792699812963,0.9336605396845742,0.007506143620961926,,2.0,0.273100916419457,0.06753387302160263,0.385,0.5421052631578948,0.7083333333333334,0.06391004472970963,0.60375,0.7087719298245614,0.8333333333333334,0.04223434999585152,0.43,0.5847058823529412,0.75,0.052647583186626434
strict_core,domain_and_sample,instrument,Mira-3,locked_domain,domain__strict_core__domain_and_sample__instrument__Mira-3,domain__strict_core__domain_and_sample__instrument__Mira-3,structured_vae,zc48__zn16__chem0__ni0__ns0__cond0__ai0__as0__pair0__xrec0__dep0p001__e500,arpls_minmax,1729,394,72,scale_offset,1.5,0.017012871081723842,0.008506435540861921,0.09758114991335902,0.9194686726142614,0.007415960051297271,,2.0,0.27905983409862756,0.06731289625167847,0.325,0.47619047619047616,0.625,0.11412869393825531,0.49,0.6443243243243244,0.6805555555555556,0.09039177000522614,0.1625,0.2777777777777778,0.6666666666666666,0.10135218501091003
strict_core,domain_and_sample,instrument,Mira-3,locked_domain,domain__strict_core__domain_and_sample__instrument__Mira-3,domain__strict_core__domain_and_sample__instrument__Mira-3,structured_vae,zc48__zn16__chem0__ni0__ns0__cond0__ai0__as0__pair0__xrec0__dep0p001__e500,arpls_minmax,1729,394,72,smooth_baseline,0.5,0.006775662983101021,0.0033878314915505104,0.07267880264979393,0.9438204053464003,0.007584607426583066,,2.0,0.3117203486179697,0.05572735704481602,0.45625,0.6039488966318234,0.7083333333333334,0.022427208721637726,0.45875,0.5935550935550935,0.7916666666666666,0.030203402042388916,0.51,0.6754385964912281,0.7222222222222222,0.02402426116168499
strict_core,domain_and_sample,instrument,Mira-3,locked_domain,domain__strict_core__domain_and_sample__instrument__Mira-3,domain__strict_core__domain_and_sample__instrument__Mira-3,structured_vae,zc48__zn16__chem0__ni0__ns0__cond0__ai0__as0__pair0__xrec0__dep0p001__e500,arpls_minmax,1729,394,72,smooth_baseline,1.0,0.008511794845841856,0.004255897422920928,0.08546493393580232,0.9287403956978364,0.007954687672315506,,2.0,0.3791812761918517,0.06558515038341284,0.33375,0.44999999999999996,0.5833333333333334,0.06232580170035362,0.49,0.632016632016632,0.6666666666666666,0.0876331627368927,0.39625,0.5515970515970516,0.6388888888888888,0.06980054825544357
strict_core,domain_and_sample,instrument,Mira-3,locked_domain,domain__strict_core__domain_and_sample__instrument__Mira-3,domain__strict_core__domain_and_sample__instrument__Mira-3,structured_vae,zc48__zn16__chem0__ni0__ns0__cond0__ai0__as0__pair0__xrec0__dep0p001__e500,arpls_minmax,1729,394,72,smooth_baseline,1.5,0.010873299689910429,0.005436649844955214,0.09785596374311062,0.8975751774743004,0.008454979378215401,,2.0,0.40566325864283714,0.06120369676500559,0.19125,0.29411764705882354,0.5138888888888888,0.1019645631313324,0.43,0.5610021786492374,0.6111111111111112,0.1400844007730484,0.3675,0.5374331550802138,0.5833333333333334,0.11506205052137375
strict_core,domain_and_sample,instrument,Mira-3,locked_domain,domain__strict_core__domain_and_sample__instrument__Mira-3,domain__strict_core__domain_and_sample__instrument__Mira-3,structured_vae,zc48__zn16__chem0__ni0__ns0__cond0__ai0__as0__pair0__xrec0__dep0p001__e500,arpls_minmax,1729,394,72,gaussian_noise,0.5,0.005931697140851859,0.0029658485704259297,0.063614198833792,0.947304365319958,0.007325680543156103,,2.0,0.35773760458191683,0.04814044898375869,0.4475,0.5921052631578947,0.9583333333333334,0.0001594780187588185,0.49,0.6443243243243244,0.9861111111111112,0.00022282038116827607,0.3875,0.5584415584415584,0.9722222222222222,0.00017662346363067627
strict_core,domain_and_sample,instrument,Mira-3,locked_domain,domain__strict_core__domain_and_sample__instrument__Mira-3,domain__strict_core__domain_and_sample__instrument__Mira-3,structured_vae,zc48__zn16__chem0__ni0__ns0__cond0__ai0__as0__pair0__xrec0__dep0p001__e500,arpls_minmax,1729,394,72,gaussian_noise,1.0,0.00587010114961348,0.00293505057480674,0.06359090575352432,0.9468975399364228,0.007335311419592327,,2.0,0.38078592352352714,0.04870308842509985,0.4475,0.5921052631578947,0.9861111111111112,0.0007216061349026859,0.45875,0.6159909909909911,0.9583333333333334,0.0009239523205906153,0.39875,0.5563725490196079,0.9444444444444444,0.000757911941036582
strict_core,domain_and_sample,instrument,Mira-3,locked_domain,domain__strict_core__domain_and_sample__instrument__Mira-3,domain__strict_core__domain_and_sample__instrument__Mira-3,structured_vae,zc48__zn16__chem0__ni0__ns0__cond0__ai0__as0__pair0__xrec0__dep0p001__e500,arpls_minmax,1729,394,72,gaussian_noise,1.5,0.005807997777372618,0.002903998888686309,0.06355101319933834,0.9464171946094404,0.007352660624488085,,2.0,0.3266653167083438,0.05104158818721771,0.41625,0.569377990430622,0.9027777777777778,0.0013154728803783655,0.47875,0.6464530892448512,0.9444444444444444,0.002524379175156355,0.39875,0.5563725490196079,0.875,0.001645853160880506
strict_core,domain_and_sample,instrument,Mira-3,locked_domain,domain__strict_core__domain_and_sample__instrument__Mira-3,domain__strict_core__domain_and_sample__instrument__Mira-3,structured_vae,zc48__zn16__chem0__ni0__ns0__cond0__ai0__as0__pair0__xrec0__dep0p001__e500,arpls_minmax,1729,394,72,isolated_spikes,0.5,0.005995650670909646,0.002997825335454823,0.0640615431864196,0.9473472153901346,0.007327597077576843,,2.0,0.324670836579954,0.05130387842655182,0.4475,0.602974828375286,0.9861111111111112,6.134394061518833e-05,0.49,0.6443243243243244,1.0,0.0001493816525908187,0.3675,0.5374331550802138,1.0,8.767429244471714e-05
strict_core,domain_and_sample,instrument,Mira-3,locked_domain,domain__strict_core__domain_and_sample__instrument__Mira-3,domain__strict_core__domain_and_sample__instrument__Mira-3,structured_vae,zc48__zn16__chem0__ni0__ns0__cond0__ai0__as0__pair0__xrec0__dep0p001__e500,arpls_minmax,1729,394,72,isolated_spikes,1.0,0.0060048168375997895,0.0030024084187998948,0.06414476763514104,0.9473319218084629,0.007332617685238831,,2.0,0.325228576083131,0.04897069185972214,0.4475,0.602974828375286,0.9583333333333334,0.0002479735412634909,0.53,0.678974358974359,0.9583333333333334,0.0005493321223184466,0.41875,0.5900621118012422,0.9583333333333334,0.00032745383214205503
strict_core,domain_and_sample,instrument,Mira-3,locked_domain,domain__strict_core__domain_and_sample__instrument__Mira-3,domain__strict_core__domain_and_sample__instrument__Mira-3,structured_vae,zc48__zn16__chem0__ni0__ns0__cond0__ai0__as0__pair0__xrec0__dep0p001__e500,arpls_minmax,1729,394,72,isolated_spikes,1.5,0.006017190776277442,0.003008595388138721,0.06415097330435025,0.946973218612281,0.007331002893907636,,2.0,0.31559747553909556,0.049945222213864326,0.4475,0.602974828375286,0.9027777777777778,0.00070416514063254,0.49,0.6443243243243244,1.0,0.0015569155802950263,0.3675,0.5374331550802138,0.9444444444444444,0.0008903874550014734
strict_core,domain_and_sample,instrument,Mira-3,locked_domain,domain__strict_core__domain_and_sample__instrument__Mira-3,domain__strict_core__domain_and_sample__instrument__Mira-3,structured_vae,zc48__zn16__chem0__ni0__ns0__cond0__ai0__as0__pair0__xrec0__dep0p001__e500,arpls_minmax,1729,394,72,edge_filled_shift,0.5,0.006000128824396185,0.0030000644121980927,0.06418452303813761,0.9448358933794331,0.007342384442511806,,2.0,0.31667933558999484,0.046002109069377184,0.3025,0.4243243243243243,0.8888888888888888,0.001413458725437522,0.45875,0.6043243243243244,0.9444444444444444,0.005210829898715019,0.305,0.446524064171123,0.875,0.0025541484355926514
strict_core,domain_and_sample,instrument,Mira-3,locked_domain,domain__strict_core__domain_and_sample__instrument__Mira-3,domain__strict_core__domain_and_sample__instrument__Mira-3,structured_vae,zc48__zn16__chem0__ni0__ns0__cond0__ai0__as0__pair0__xrec0__dep0p001__e500,arpls_minmax,1729,394,72,edge_filled_shift,1.0,0.006009992746912925,0.0030049963734564626,0.0643104676899135,0.9458869195888644,0.00733533925088898,,2.0,0.29493355744974703,0.05342855304479599,0.41625,0.569377990430622,0.8333333333333334,0.0025947103276848793,0.47,0.6388888888888888,0.9444444444444444,0.007229613605886698,0.3875,0.5584415584415584,0.8888888888888888,0.004061398562043905
strict_core,domain_and_sample,instrument,Mira-3,locked_domain,domain__strict_core__domain_and_sample__instrument__Mira-3,domain__strict_core__domain_and_sample__instrument__Mira-3,structured_vae,zc48__zn16__chem0__ni0__ns0__cond0__ai0__as0__pair0__xrec0__dep0p001__e500,arpls_minmax,1729,394,72,edge_filled_shift,1.5,0.006079455177282071,0.0030397275886410355,0.064573361403376,0.9436234559208134,0.0073417639758957065,,2.0,0.32212665130546264,0.05104723572731018,0.41375,0.5402439024390244,0.8194444444444444,0.0042772614397108555,0.47875,0.611336032388664,0.9027777777777778,0.01429764088243246,0.27375,0.40756302521008403,0.875,0.007445876952260733
strict_core,domain_and_sample,instrument,Mira-3,locked_domain,domain__strict_core__domain_and_sample__instrument__Mira-3,domain__strict_core__domain_and_sample__instrument__Mira-3,structured_vae,zc48__zn16__chem0__ni0__ns0__cond0__ai0__as0__pair0__xrec0__dep0p001__e500,arpls_minmax,1729,394,72,gaussian_broadening,0.5,0.006007253286313745,0.0030036266431568725,0.0639961603435426,0.947307496430621,0.007322303812111313,,2.0,0.32572964655953984,0.049798548221588135,0.4475,0.5921052631578947,1.0,3.725290298461914e-07,0.49,0.6443243243243244,1.0,8.468826422358688e-07,0.3675,0.5374331550802138,1.0,4.677308993450424e-07
strict_core,domain_and_sample,instrument,Mira-3,locked_domain,domain__strict_core__domain_and_sample__instrument__Mira-3,domain__strict_core__domain_and_sample__instrument__Mira-3,structured_vae,zc48__zn16__chem0__ni0__ns0__cond0__ai0__as0__pair0__xrec0__dep0p001__e500,arpls_minmax,1729,394,72,gaussian_broadening,1.0,0.0060073980173344504,0.0030036990086672252,0.06398335436562316,0.9473281955397281,0.007321356631275252,,2.0,0.3260976977176801,0.050550661981105804,0.4475,0.5921052631578947,1.0,7.713006198173389e-06,0.49,0.6443243243243244,1.0,1.7671949535724707e-05,0.3675,0.5374331550802138,0.9861111111111112,9.713901818031445e-06
strict_core,domain_and_sample,instrument,Mira-3,locked_domain,domain__strict_core__domain_and_sample__instrument__Mira-3,domain__strict_core__domain_and_sample__instrument__Mira-3,structured_vae,zc48__zn16__chem0__ni0__ns0__cond0__ai0__as0__pair0__xrec0__dep0p001__e500,arpls_minmax,1729,394,72,gaussian_broadening,1.5,0.0060054598979369595,0.0030027299489684797,0.0639630152582323,0.9473446374406127,0.007320357534619891,,2.0,0.3266968805617913,0.0519380085170269,0.4675,0.608974358974359,0.9861111111111112,3.6067431210540235e-05,0.49,0.6443243243243244,1.0,8.422715472988784e-05,0.3675,0.5374331550802138,0.9861111111111112,4.602885746862739e-05
strict_core,domain_and_sample,instrument,Mira-3,locked_domain,domain__strict_core__domain_and_sample__instrument__Mira-3,domain__strict_core__domain_and_sample__instrument__Mira-3,structured_vae,zc48__zn16__chem0__ni0__ns0__cond0__ai0__as0__pair0__xrec0__dep0p001__e500,arpls_minmax,1729,394,72,composite,0.5,0.008369157568629881,0.004184578784314941,0.07667494716253538,0.9402094700964867,0.007587220409790433,,2.0,0.3455207775868914,0.05783423501998186,0.35375,0.4670731707317073,0.6805555555555556,0.034189920872449875,0.52125,0.6576576576576576,0.75,0.04492670297622681,0.4275,0.5851938895417157,0.6944444444444444,0.03666513413190842
strict_core,domain_and_sample,instrument,Mira-3,locked_domain,domain__strict_core__domain_and_sample__instrument__Mira-3,domain__strict_core__domain_and_sample__instrument__Mira-3,structured_vae,zc48__zn16__chem0__ni0__ns0__cond0__ai0__as0__pair0__xrec0__dep0p001__e500,arpls_minmax,1729,394,72,composite,1.0,0.01421096459898995,0.007105482299494975,0.10215065338303587,0.9097287759230679,0.008171744764717555,,2.0,0.3742119445060312,0.07026102021336555,0.19125,0.29411764705882354,0.4444444444444444,0.09496233612298965,0.45875,0.5743243243243243,0.7222222222222222,0.11437450349330902,0.27375,0.42260061919504643,0.5694444444444444,0.10069986432790756
strict_core,domain_and_sample,instrument,Mira-3,locked_domain,domain__strict_core__domain_and_sample__instrument__Mira-3,domain__strict_core__domain_and_sample__instrument__Mira-3,structured_vae,zc48__zn16__chem0__ni0__ns0__cond0__ai0__as0__pair0__xrec0__dep0p001__e500,arpls_minmax,1729,394,72,composite,1.5,0.018648661068249046,0.009324330534124523,0.1078384791953794,0.8687658215020795,0.00854794049005163,,2.0,0.3740553214877168,0.08468819409608841,0.12,0.1875,0.4166666666666667,0.15737321972846985,0.39,0.5044642857142857,0.5416666666666666,0.19723087549209595,0.15125,0.24910394265232974,0.4583333333333333,0.17032207548618317
strict_core,domain_and_sample,instrument,Pendar-1,locked_domain,domain__strict_core__domain_and_sample__instrument__Pendar-1,domain__strict_core__domain_and_sample__instrument__Pendar-1,structured_vae,zc48__zn16__chem0__ni0__ns0__cond0__ai0__as0__pair0__xrec0__dep0p001__e500,arpls_minmax,1729,390,46,scale_offset,0.5,0.008908069078528529,0.004454034539264264,0.09478995805068467,0.8447210105444143,0.02740846389738224,,2.0,1.0772461967254612,0.07860953826457262,0.7881944444444444,0.8284600389863548,0.9565217391304348,0.047832321375608444,0.7326388888888888,0.8191721132897603,0.9782608695652174,0.01700006052851677,0.7013888888888888,0.7963800904977376,0.8695652173913043,0.028124917298555374
strict_core,domain_and_sample,instrument,Pendar-1,locked_domain,domain__strict_core__domain_and_sample__instrument__Pendar-1,domain__strict_core__domain_and_sample__instrument__Pendar-1,structured_vae,zc48__zn16__chem0__ni0__ns0__cond0__ai0__as0__pair0__xrec0__dep0p001__e500,arpls_minmax,1729,390,46,scale_offset,1.0,0.012649550092705167,0.006324775046352584,0.10799007081727377,0.8344054563408059,0.027419223563072474,,2.0,1.1615550892891182,0.07953875185921788,0.7013888888888888,0.7346153846153847,0.7608695652173914,0.11600133776664734,0.6458333333333333,0.7375565610859729,0.9130434782608695,0.0614042803645134,0.7013888888888888,0.7530364372469636,0.8695652173913043,0.08299794048070908
strict_core,domain_and_sample,instrument,Pendar-1,locked_domain,domain__strict_core__domain_and_sample__instrument__Pendar-1,domain__strict_core__domain_and_sample__instrument__Pendar-1,structured_vae,zc48__zn16__chem0__ni0__ns0__cond0__ai0__as0__pair0__xrec0__dep0p001__e500,arpls_minmax,1729,390,46,scale_offset,1.5,0.01776387284900581,0.008881936424502905,0.11266357669293124,0.8279544983695353,0.027565280977338433,,2.0,1.1592398581803551,0.0954374335706234,0.6076388888888888,0.6932367149758454,0.717391304347826,0.19734890758991241,0.6701388888888888,0.7284210526315789,0.8043478260869565,0.13106076419353485,0.6145833333333333,0.7129411764705882,0.8043478260869565,0.15259723365306854
strict_core,domain_and_sample,instrument,Pendar-1,locked_domain,domain__strict_core__domain_and_sample__instrument__Pendar-1,domain__strict_core__domain_and_sample__instrument__Pendar-1,structured_vae,zc48__zn16__chem0__ni0__ns0__cond0__ai0__as0__pair0__xrec0__dep0p001__e500,arpls_minmax,1729,390,46,smooth_baseline,0.5,0.009197772691416698,0.004598886345708349,0.09519349455579791,0.8388907866987068,0.027447413930192056,,2.0,1.0592244634677628,0.08671929314732552,0.7013888888888888,0.7735042735042735,0.8695652173913043,0.06889703124761581,0.7326388888888888,0.8191721132897603,0.9782608695652174,0.020093310624361038,0.6770833333333333,0.7824074074074074,0.9130434782608695,0.0403674840927124
strict_core,domain_and_sample,instrument,Pendar-1,locked_domain,domain__strict_core__domain_and_sample__instrument__Pendar-1,domain__strict_core__domain_and_sample__instrument__Pendar-1,structured_vae,zc48__zn16__chem0__ni0__ns0__cond0__ai0__as0__pair0__xrec0__dep0p001__e500,arpls_minmax,1729,390,46,smooth_baseline,1.0,0.011139703515560078,0.005569851757780039,0.1032873954437449,0.7856190202890176,0.027579721466715744,,2.0,1.0948826142730996,0.08572503179311752,0.6388888888888888,0.7450980392156863,0.7608695652173914,0.20564143359661102,0.6770833333333333,0.7824074074074074,0.8695652173913043,0.05574345216155052,0.5833333333333333,0.7083333333333333,0.717391304347826,0.1247439980506897
strict_core,domain_and_sample,instrument,Pendar-1,locked_domain,domain__strict_core__domain_and_sample__instrument__Pendar-1,domain__strict_core__domain_and_sample__instrument__Pendar-1,structured_vae,zc48__zn16__chem0__ni0__ns0__cond0__ai0__as0__pair0__xrec0__dep0p001__e500,arpls_minmax,1729,390,46,smooth_baseline,1.5,0.014008621126606191,0.007004310563303096,0.11414760271203309,0.730061940428878,0.027815653658560622,,2.0,1.3637686253921195,0.07084903120994568,0.4097222222222222,0.5393939393939393,0.6086956521739131,0.33503836393356323,0.4965277777777778,0.6376811594202898,0.6739130434782609,0.11272376775741577,0.2361111111111111,0.38181818181818183,0.45652173913043476,0.2292679250240326
strict_core,domain_and_sample,instrument,Pendar-1,locked_domain,domain__strict_core__domain_and_sample__instrument__Pendar-1,domain__strict_core__domain_and_sample__instrument__Pendar-1,structured_vae,zc48__zn16__chem0__ni0__ns0__cond0__ai0__as0__pair0__xrec0__dep0p001__e500,arpls_minmax,1729,390,46,gaussian_noise,0.5,0.007839273366787011,0.003919636683393506,0.0881819296748584,0.847258092200677,0.02739898625418898,,2.0,0.9483871605513882,0.08113103173673153,0.84375,0.8574074074074074,0.9782608695652174,0.0004369849630165845,0.7326388888888888,0.8191721132897603,0.9782608695652174,0.00018894672393798828,0.7326388888888888,0.7962962962962963,0.9782608695652174,0.00028413403197191656
strict_core,domain_and_sample,instrument,Pendar-1,locked_domain,domain__strict_core__domain_and_sample__instrument__Pendar-1,domain__strict_core__domain_and_sample__instrument__Pendar-1,structured_vae,zc48__zn16__chem0__ni0__ns0__cond0__ai0__as0__pair0__xrec0__dep0p001__e500,arpls_minmax,1729,390,46,gaussian_noise,1.0,0.007842586026661921,0.003921293013330961,0.0879244412072235,0.847580594157405,0.027401663863019888,,2.0,0.8263049139847785,0.08141960762441158,0.7326388888888888,0.7962962962962963,0.9347826086956522,0.0020169629715383053,0.7326388888888888,0.8191721132897603,1.0,0.000821425870526582,0.7881944444444444,0.8518518518518519,0.9130434782608695,0.0013419493334367871
strict_core,domain_and_sample,instrument,Pendar-1,locked_domain,domain__strict_core__domain_and_sample__instrument__Pendar-1,domain__strict_core__domain_and_sample__instrument__Pendar-1,structured_vae,zc48__zn16__chem0__ni0__ns0__cond0__ai0__as0__pair0__xrec0__dep0p001__e500,arpls_minmax,1729,390,46,gaussian_noise,1.5,0.007818485781386523,0.003909242890693262,0.08796182887100808,0.8461141919071153,0.02740426086664482,,2.0,0.9555252957340463,0.07985912635922432,0.7326388888888888,0.7962962962962963,0.9130434782608695,0.004059476777911186,0.7326388888888888,0.8191721132897603,0.9782608695652174,0.001477253157645464,0.7326388888888888,0.7962962962962963,0.9565217391304348,0.002535952255129814
strict_core,domain_and_sample,instrument,Pendar-1,locked_domain,domain__strict_core__domain_and_sample__instrument__Pendar-1,domain__strict_core__domain_and_sample__instrument__Pendar-1,structured_vae,zc48__zn16__chem0__ni0__ns0__cond0__ai0__as0__pair0__xrec0__dep0p001__e500,arpls_minmax,1729,390,46,isolated_spikes,0.5,0.00785899207348467,0.003929496036742335,0.08830338133619811,0.8473887479246849,0.02740263501639187,,2.0,0.9765657831324569,0.07985236123204231,0.84375,0.8574074074074074,1.0,0.00014668703079223633,0.7326388888888888,0.8191721132897603,1.0,6.299563392531127e-05,0.7326388888888888,0.7962962962962963,0.9782608695652174,0.0001094898470910266
strict_core,domain_and_sample,instrument,Pendar-1,locked_domain,domain__strict_core__domain_and_sample__instrument__Pendar-1,domain__strict_core__domain_and_sample__instrument__Pendar-1,structured_vae,zc48__zn16__chem0__ni0__ns0__cond0__ai0__as0__pair0__xrec0__dep0p001__e500,arpls_minmax,1729,390,46,isolated_spikes,1.0,0.00786581859205839,0.003932909296029195,0.08835234251744377,0.8472468992867535,0.027403108451793133,,2.0,0.820630755845862,0.08078547194600105,0.84375,0.8574074074074074,0.9565217391304348,0.0003899607982020825,0.7326388888888888,0.8191721132897603,1.0,0.00022411993995774537,0.7326388888888888,0.8191721132897603,0.9565217391304348,0.00030500086722895503
strict_core,domain_and_sample,instrument,Pendar-1,locked_domain,domain__strict_core__domain_and_sample__instrument__Pendar-1,domain__strict_core__domain_and_sample__instrument__Pendar-1,structured_vae,zc48__zn16__chem0__ni0__ns0__cond0__ai0__as0__pair0__xrec0__dep0p001__e500,arpls_minmax,1729,390,46,isolated_spikes,1.5,0.007881416499955801,0.003940708249977901,0.08831627762635275,0.8473232792177321,0.02740337377650196,,2.0,0.9560879320238069,0.08118890784680843,0.84375,0.8574074074074074,0.9782608695652174,0.0007658717222511768,0.7326388888888888,0.8191721132897603,1.0,0.0005472147022373974,0.7326388888888888,0.8191721132897603,0.9565217391304348,0.0006667245761491358
strict_core,domain_and_sample,instrument,Pendar-1,locked_domain,domain__strict_core__domain_and_sample__instrument__Pendar-1,domain__strict_core__domain_and_sample__instrument__Pendar-1,structured_vae,zc48__zn16__chem0__ni0__ns0__cond0__ai0__as0__pair0__xrec0__dep0p001__e500,arpls_minmax,1729,390,46,edge_filled_shift,0.5,0.007839745879755645,0.003919872939877823,0.08869502871167662,0.8462486319902834,0.02739749835671605,,2.0,0.8722178270576673,0.0871406402438879,0.7326388888888888,0.7962962962962963,0.9565217391304348,0.005468500778079033,0.7013888888888888,0.7735042735042735,0.9347826086956522,0.004106408916413784,0.7326388888888888,0.7962962962962963,0.9347826086956522,0.005155506543815136
strict_core,domain_and_sample,instrument,Pendar-1,locked_domain,domain__strict_core__domain_and_sample__instrument__Pendar-1,domain__strict_core__domain_and_sample__instrument__Pendar-1,structured_vae,zc48__zn16__chem0__ni0__ns0__cond0__ai0__as0__pair0__xrec0__dep0p001__e500,arpls_minmax,1729,390,46,edge_filled_shift,1.0,0.00791489078817949,0.003957445394089745,0.08900370532238147,0.8441287455553261,0.02739960019201947,,2.0,0.9422007483977854,0.08466435223817825,0.7326388888888888,0.7962962962962963,0.9565217391304348,0.008064677007496357,0.7326388888888888,0.8191721132897603,0.9782608695652174,0.00560219120234251,0.7326388888888888,0.7962962962962963,0.9347826086956522,0.007108491379767656
strict_core,domain_and_sample,instrument,Pendar-1,locked_domain,domain__strict_core__domain_and_sample__instrument__Pendar-1,domain__strict_core__domain_and_sample__instrument__Pendar-1,structured_vae,zc48__zn16__chem0__ni0__ns0__cond0__ai0__as0__pair0__xrec0__dep0p001__e500,arpls_minmax,1729,390,46,edge_filled_shift,1.5,0.007966260819303978,0.003983130409651989,0.0893125094329012,0.8384064983852599,0.027396365480999343,,2.0,0.9987608009326234,0.08475077105686069,0.84375,0.8574074074074074,0.9782608695652174,0.014869223348796368,0.7326388888888888,0.8191721132897603,0.9565217391304348,0.011307460255920887,0.84375,0.9074074074074074,0.8695652173913043,0.013616438955068588
strict_core,domain_and_sample,instrument,Pendar-1,locked_domain,domain__strict_core__domain_and_sample__instrument__Pendar-1,domain__strict_core__domain_and_sample__instrument__Pendar-1,structured_vae,zc48__zn16__chem0__ni0__ns0__cond0__ai0__as0__pair0__xrec0__dep0p001__e500,arpls_minmax,1729,390,46,gaussian_broadening,0.5,0.007854410936325286,0.003927205468162643,0.08834133355769146,0.8470847177916775,0.02739831262427208,,2.0,0.9562590571004117,0.08095997385680676,0.84375,0.8574074074074074,1.0,1.4064105016586836e-05,0.7326388888888888,0.8191721132897603,1.0,7.5464663495949935e-06,0.7326388888888888,0.7962962962962963,0.9782608695652174,1.1559413906070404e-05
strict_core,domain_and_sample,instrument,Pendar-1,locked_domain,domain__strict_core__domain_and_sample__instrument__Pendar-1,domain__strict_core__domain_and_sample__instrument__Pendar-1,structured_vae,zc48__zn16__chem0__ni0__ns0__cond0__ai0__as0__pair0__xrec0__dep0p001__e500,arpls_minmax,1729,390,46,gaussian_broadening,1.0,0.0078848703983318,0.0039424351991659,0.08848433661525769,0.8471094281191434,0.0273934667662469,,2.0,0.9618447917542607,0.08186860382556915,0.84375,0.8574074074074074,1.0,0.00020737492013722658,0.7326388888888888,0.8191721132897603,1.0,0.00010728058259701356,0.7326388888888888,0.8191721132897603,0.9565217391304348,0.0001697941916063428
strict_core,domain_and_sample,instrument,Pendar-1,locked_domain,domain__strict_core__domain_and_sample__instrument__Pendar-1,domain__strict_core__domain_and_sample__instrument__Pendar-1,structured_vae,zc48__zn16__chem0__ni0__ns0__cond0__ai0__as0__pair0__xrec0__dep0p001__e500,arpls_minmax,1729,390,46,gaussian_broadening,1.5,0.007927250221528485,0.0039636251107642425,0.08865281802393335,0.8471732923313499,0.027388475000979823,,2.0,0.8971478503316834,0.0829542949795723,0.84375,0.8574074074074074,1.0,0.0006703086546622217,0.7326388888888888,0.8191721132897603,1.0,0.0003365161537658423,0.7326388888888888,0.8191721132897603,0.9565217391304348,0.0005400362424552441
strict_core,domain_and_sample,instrument,Pendar-1,locked_domain,domain__strict_core__domain_and_sample__instrument__Pendar-1,domain__strict_core__domain_and_sample__instrument__Pendar-1,structured_vae,zc48__zn16__chem0__ni0__ns0__cond0__ai0__as0__pair0__xrec0__dep0p001__e500,arpls_minmax,1729,390,46,composite,0.5,0.010764155034003662,0.005382077517001831,0.0961943211504882,0.8350277474251886,0.027487442686548104,,2.0,1.0603925863421246,0.09520010836422443,0.6770833333333333,0.7603485838779956,0.8260869565217391,0.09940986335277557,0.7013888888888888,0.7963800904977376,0.8913043478260869,0.04080110043287277,0.6770833333333333,0.7603485838779956,0.8695652173913043,0.06557425111532211
strict_core,domain_and_sample,instrument,Pendar-1,locked_domain,domain__strict_core__domain_and_sample__instrument__Pendar-1,domain__strict_core__domain_and_sample__instrument__Pendar-1,structured_vae,zc48__zn16__chem0__ni0__ns0__cond0__ai0__as0__pair0__xrec0__dep0p001__e500,arpls_minmax,1729,390,46,composite,1.0,0.015075834273019931,0.0075379171365099655,0.11052526454229337,0.7831982036528342,0.027652745880385445,,2.0,1.1724005574075664,0.07754965499043465,0.4583333333333333,0.5,0.6086956521739131,0.27289924025535583,0.6388888888888888,0.7017543859649122,0.8260869565217391,0.14715535938739777,0.4652777777777778,0.5668449197860963,0.6521739130434783,0.20400206744670868
strict_core,domain_and_sample,instrument,Pendar-1,locked_domain,domain__strict_core__domain_and_sample__instrument__Pendar-1,domain__strict_core__domain_and_sample__instrument__Pendar-1,structured_vae,zc48__zn16__chem0__ni0__ns0__cond0__ai0__as0__pair0__xrec0__dep0p001__e500,arpls_minmax,1729,390,46,composite,1.5,0.022417170915922633,0.011208585457961317,0.12080931527637957,0.6681602509963109,0.027797365753123054,,2.0,1.253082202831143,0.09384609758853912,0.3715277777777778,0.43567251461988304,0.34782608695652173,0.45396360754966736,0.32291666666666663,0.4380952380952381,0.5217391304347826,0.32661202549934387,0.26041666666666663,0.40789473684210525,0.2826086956521739,0.3757559359073639
strict_core,domain_and_sample,instrument,Pendar-2,locked_domain,domain__strict_core__domain_and_sample__instrument__Pendar-2,domain__strict_core__domain_and_sample__instrument__Pendar-2,structured_vae,zc48__zn16__chem0__ni0__ns0__cond0__ai0__as0__pair0__xrec0__dep0p001__e500,arpls_minmax,1729,158,98,scale_offset,0.5,0.02987907262537327,0.014939536312686635,0.12220990690485188,0.24216859048127615,0.04312114369619268,,2.0,1.3436550377723937,0.13028033822774887,1.0,1.0,0.9795918367346939,0.01265739742666483,1.0,1.0,0.9795918367346939,0.006467909086495638,1.0,1.0,0.9897959183673469,0.0109929284080863
strict_core,domain_and_sample,instrument,Pendar-2,locked_domain,domain__strict_core__domain_and_sample__instrument__Pendar-2,domain__strict_core__domain_and_sample__instrument__Pendar-2,structured_vae,zc48__zn16__chem0__ni0__ns0__cond0__ai0__as0__pair0__xrec0__dep0p001__e500,arpls_minmax,1729,158,98,scale_offset,1.0,0.03715194981903762,0.01857597490951881,0.12611243214022022,0.24443214379579858,0.04308386328246232,,2.0,1.317879656918461,0.12338362634181976,1.0,1.0,0.9897959183673469,0.05685621500015259,0.9444444444444445,0.9023569023569024,0.9183673469387755,0.027245566248893738,0.9722222222222222,0.9552042160737813,0.9489795918367347,0.0472881942987442
strict_core,domain_and_sample,instrument,Pendar-2,locked_domain,domain__strict_core__domain_and_sample__instrument__Pendar-2,domain__strict_core__domain_and_sample__instrument__Pendar-2,structured_vae,zc48__zn16__chem0__ni0__ns0__cond0__ai0__as0__pair0__xrec0__dep0p001__e500,arpls_minmax,1729,158,98,scale_offset,1.5,0.03725092955866177,0.018625464779330886,0.13384712792565995,0.23211840376803378,0.04279972785630476,,2.0,1.426290873315412,0.12062494456768036,0.8888888888888888,0.8943001443001443,0.9489795918367347,0.14125849306583405,0.8611111111111112,0.7840755735492578,0.8979591836734694,0.08027409762144089,0.8888888888888888,0.8943001443001443,0.9489795918367347,0.12682975828647614
strict_core,domain_and_sample,instrument,Pendar-2,locked_domain,domain__strict_core__domain_and_sample__instrument__Pendar-2,domain__strict_core__domain_and_sample__instrument__Pendar-2,structured_vae,zc48__zn16__chem0__ni0__ns0__cond0__ai0__as0__pair0__xrec0__dep0p001__e500,arpls_minmax,1729,158,98,smooth_baseline,0.5,0.032941976628244114,0.016470988314122057,0.12605985132747005,0.18646593703240782,0.043259207934466685,,2.0,1.358879475667056,0.12188347429037094,1.0,1.0,0.9897959183673469,0.03514387086033821,0.8611111111111112,0.7840755735492578,0.9183673469387755,0.04982190206646919,1.0,1.0,0.9897959183673469,0.038704246282577515
strict_core,domain_and_sample,instrument,Pendar-2,locked_domain,domain__strict_core__domain_and_sample__instrument__Pendar-2,domain__strict_core__domain_and_sample__instrument__Pendar-2,structured_vae,zc48__zn16__chem0__ni0__ns0__cond0__ai0__as0__pair0__xrec0__dep0p001__e500,arpls_minmax,1729,158,98,smooth_baseline,1.0,0.03557789891138218,0.01778894945569109,0.1318619903075643,0.13813985986339405,0.043299219070460436,,2.0,1.3529779107141207,0.12789500784128904,1.0,1.0,0.9795918367346939,0.09637098759412766,0.6944444444444445,0.6767676767676768,0.8571428571428571,0.15983009338378906,1.0,1.0,0.9591836734693877,0.10807949304580688
strict_core,domain_and_sample,instrument,Pendar-2,locked_domain,domain__strict_core__domain_and_sample__instrument__Pendar-2,domain__strict_core__domain_and_sample__instrument__Pendar-2,structured_vae,zc48__zn16__chem0__ni0__ns0__cond0__ai0__as0__pair0__xrec0__dep0p001__e500,arpls_minmax,1729,158,98,smooth_baseline,1.5,0.038359695437712615,0.019179847718856308,0.13966475538816706,0.09974284433647221,0.04341479798258622,,2.0,1.4621625492985406,0.11974476650357246,1.0,1.0,0.9795918367346939,0.16666564345359802,0.611111111111111,0.5185185185185185,0.8061224489795918,0.3248741328716278,0.8333333333333334,0.806060606060606,0.8979591836734694,0.19238069653511047
strict_core,domain_and_sample,instrument,Pendar-2,locked_domain,domain__strict_core__domain_and_sample__instrument__Pendar-2,domain__strict_core__domain_and_sample__instrument__Pendar-2,structured_vae,zc48__zn16__chem0__ni0__ns0__cond0__ai0__as0__pair0__xrec0__dep0p001__e500,arpls_minmax,1729,158,98,gaussian_noise,0.5,0.029910661837667635,0.014955330918833817,0.12034017452054097,0.23824826776886385,0.04323309235812729,,2.0,1.3626712025432142,0.11870968341827393,1.0,1.0,1.0,0.0004346474015619606,1.0,1.0,0.9897959183673469,0.00046847123303450644,1.0,1.0,1.0,0.0003955345891881734
strict_core,domain_and_sample,instrument,Pendar-2,locked_domain,domain__strict_core__domain_and_sample__instrument__Pendar-2,domain__strict_core__domain_and_sample__instrument__Pendar-2,structured_vae,zc48__zn16__chem0__ni0__ns0__cond0__ai0__as0__pair0__xrec0__dep0p001__e500,arpls_minmax,1729,158,98,gaussian_noise,1.0,0.030210650302635103,0.015105325151317552,0.12017693956964699,0.23865932250461397,0.043237681337301576,,2.0,1.3223930464550098,0.12096463143825531,1.0,1.0,0.9897959183673469,0.0019939164631068707,1.0,1.0,1.0,0.0017127005849033594,1.0,1.0,0.9897959183673469,0.0017582670552656054
strict_core,domain_and_sample,instrument,Pendar-2,locked_domain,domain__strict_core__domain_and_sample__instrument__Pendar-2,domain__strict_core__domain_and_sample__instrument__Pendar-2,structured_vae,zc48__zn16__chem0__ni0__ns0__cond0__ai0__as0__pair0__xrec0__dep0p001__e500,arpls_minmax,1729,158,98,gaussian_noise,1.5,0.030893884193823624,0.015446942096911812,0.12005190036829126,0.24007644811338183,0.043256149663649796,,2.0,1.3458427929884185,0.12879732251167297,1.0,1.0,0.9795918367346939,0.004207962658256292,1.0,1.0,0.9795918367346939,0.0035175085067749023,1.0,1.0,1.0,0.003783156629651785
strict_core,domain_and_sample,instrument,Pendar-2,locked_domain,domain__strict_core__domain_and_sample__instrument__Pendar-2,domain__strict_core__domain_and_sample__instrument__Pendar-2,structured_vae,zc48__zn16__chem0__ni0__ns0__cond0__ai0__as0__pair0__xrec0__dep0p001__e500,arpls_minmax,1729,158,98,isolated_spikes,0.5,0.029889478620807635,0.014944739310403818,0.12039837691676557,0.23834665229130314,0.043237066424807874,,2.0,1.3349447454273733,0.12267561629414558,1.0,1.0,1.0,0.00015180329501163214,1.0,1.0,1.0,0.00018040015129372478,1.0,1.0,1.0,0.0001460161729482934
strict_core,domain_and_sample,instrument,Pendar-2,locked_domain,domain__strict_core__domain_and_sample__instrument__Pendar-2,domain__strict_core__domain_and_sample__instrument__Pendar-2,structured_vae,zc48__zn16__chem0__ni0__ns0__cond0__ai0__as0__pair0__xrec0__dep0p001__e500,arpls_minmax,1729,158,98,isolated_spikes,1.0,0.030087746074518744,0.015043873037259372,0.12041409296890233,0.23798712923980347,0.0432386875618579,,2.0,1.3693788311434287,0.12438219040632248,1.0,1.0,0.9897959183673469,0.0006975404103286564,1.0,1.0,0.9897959183673469,0.0006660064682364464,1.0,1.0,1.0,0.0006392975337803364
strict_core,domain_and_sample,instrument,Pendar-2,locked_domain,domain__strict_core__domain_and_sample__instrument__Pendar-2,domain__strict_core__domain_and_sample__instrument__Pendar-2,structured_vae,zc48__zn16__chem0__ni0__ns0__cond0__ai0__as0__pair0__xrec0__dep0p001__e500,arpls_minmax,1729,158,98,isolated_spikes,1.5,0.030220012648347866,0.015110006324173933,0.12040802547641749,0.24096532828917716,0.043249587965286516,,2.0,1.3132678714394865,0.12157422304153442,1.0,1.0,0.9897959183673469,0.0013248184695839882,1.0,1.0,0.9897959183673469,0.001128121861256659,1.0,1.0,0.9897959183673469,0.0011556148529052734
strict_core,domain_and_sample,instrument,Pendar-2,locked_domain,domain__strict_core__domain_and_sample__instrument__Pendar-2,domain__strict_core__domain_and_sample__instrument__Pendar-2,structured_vae,zc48__zn16__chem0__ni0__ns0__cond0__ai0__as0__pair0__xrec0__dep0p001__e500,arpls_minmax,1729,158,98,edge_filled_shift,0.5,0.0297657120447871,0.01488285602239355,0.12035892700453933,0.24292517340924316,0.043253456549479215,,2.0,1.374188385301855,0.12321856804192066,1.0,1.0,0.9693877551020408,0.009109199978411198,1.0,1.0,0.9897959183673469,0.010549893602728844,1.0,1.0,0.9795918367346939,0.008754927664995193
strict_core,domain_and_sample,instrument,Pendar-2,locked_domain,domain__strict_core__domain_and_sample__instrument__Pendar-2,domain__strict_core__domain_and_sample__instrument__Pendar-2,structured_vae,zc48__zn16__chem0__ni0__ns0__cond0__ai0__as0__pair0__xrec0__dep0p001__e500,arpls_minmax,1729,158,98,edge_filled_shift,1.0,0.029899957911162817,0.014949978955581408,0.12072037913606261,0.23906757176951482,0.04324578968233301,,2.0,1.3563492411509301,0.1209163349121809,1.0,1.0,0.9693877551020408,0.014392132870852947,0.9722222222222222,0.9484702093397747,0.9795918367346939,0.01846751570701599,0.9722222222222222,0.9484702093397747,0.9591836734693877,0.014238612726330757
strict_core,domain_and_sample,instrument,Pendar-2,locked_domain,domain__strict_core__domain_and_sample__instrument__Pendar-2,domain__strict_core__domain_and_sample__instrument__Pendar-2,structured_vae,zc48__zn16__chem0__ni0__ns0__cond0__ai0__as0__pair0__xrec0__dep0p001__e500,arpls_minmax,1729,158,98,edge_filled_shift,1.5,0.030126148492486578,0.015063074246243289,0.12083283809184701,0.23474978523586332,0.04327910893014548,,2.0,1.4034790673710806,0.1153445839881897,1.0,1.0,0.8979591836734694,0.02278466895222664,1.0,1.0,0.9897959183673469,0.0276030320674181,0.9333333333333332,0.9259259259259259,0.9285714285714286,0.02214166894555092
strict_core,domain_and_sample,instrument,Pendar-2,locked_domain,domain__strict_core__domain_and_sample__instrument__Pendar-2,domain__strict_core__domain_and_sample__instrument__Pendar-2,structured_vae,zc48__zn16__chem0__ni0__ns0__cond0__ai0__as0__pair0__xrec0__dep0p001__e500,arpls_minmax,1729,158,98,gaussian_broadening,0.5,0.02950397067176683,0.014751985335883415,0.12044837119662179,0.2387485492759549,0.04322723092879113,,2.0,1.3167312335519,0.12393540516495705,1.0,1.0,1.0,4.6172921429388225e-05,1.0,1.0,1.0,3.4989141568075866e-05,1.0,1.0,1.0,4.378204539534636e-05
strict_core,domain_and_sample,instrument,Pendar-2,locked_domain,domain__strict_core__domain_and_sample__instrument__Pendar-2,domain__strict_core__domain_and_sample__instrument__Pendar-2,structured_vae,zc48__zn16__chem0__ni0__ns0__cond0__ai0__as0__pair0__xrec0__dep0p001__e500,arpls_minmax,1729,158,98,gaussian_broadening,1.0,0.029200593411701378,0.014600296705850689,0.12051464226394076,0.24027986877694518,0.04319493994967105,,2.0,1.3332207056821272,0.12347497791051865,1.0,1.0,1.0,0.00038638347177766263,1.0,1.0,1.0,0.00044169111060909927,1.0,1.0,0.9897959183673469,0.00039101438596844673
strict_core,domain_and_sample,instrument,Pendar-2,locked_domain,domain__strict_core__domain_and_sample__instrument__Pendar-2,domain__strict_core__domain_and_sample__instrument__Pendar-2,structured_vae,zc48__zn16__chem0__ni0__ns0__cond0__ai0__as0__pair0__xrec0__dep0p001__e500,arpls_minmax,1729,158,98,gaussian_broadening,1.5,0.029291208067255842,0.014645604033627921,0.12053880411123359,0.24186855752457564,0.043150259694258786,,2.0,1.3430248726708565,0.12543301284313202,1.0,1.0,1.0,0.0009949516970664263,1.0,1.0,1.0,0.0014873663894832134,1.0,1.0,0.9897959183673469,0.0010588248260319233
strict_core,domain_and_sample,instrument,Pendar-2,locked_domain,domain__strict_core__domain_and_sample__instrument__Pendar-2,domain__strict_core__domain_and_sample__instrument__Pendar-2,structured_vae,zc48__zn16__chem0__ni0__ns0__cond0__ai0__as0__pair0__xrec0__dep0p001__e500,arpls_minmax,1729,158,98,composite,0.5,0.033494909875016673,0.016747454937508337,0.12663191388861228,0.20550005898266893,0.04323649020625405,,2.0,1.364097646477815,0.1197672514244914,1.0,1.0,0.9489795918367347,0.05786558985710144,0.8333333333333334,0.7303807303807304,0.8979591836734694,0.061335526406764984,0.9722222222222222,0.9484702093397747,0.9387755102040817,0.05744781345129013
strict_core,domain_and_sample,instrument,Pendar-2,locked_domain,domain__strict_core__domain_and_sample__instrument__Pendar-2,domain__strict_core__domain_and_sample__instrument__Pendar-2,structured_vae,zc48__zn16__chem0__ni0__ns0__cond0__ai0__as0__pair0__xrec0__dep0p001__e500,arpls_minmax,1729,158,98,composite,1.0,0.04091132735565087,0.020455663677825434,0.13602804553157286,0.13648090904060706,0.04314925369291564,,2.0,1.5203638636251624,0.11987831443548203,0.9444444444444445,0.9023569023569024,0.9081632653061225,0.1583012044429779,0.7222222222222222,0.6936026936026937,0.8673469387755102,0.2240300476551056,0.8055555555555555,0.8171428571428572,0.8979591836734694,0.16634465754032135
strict_core,domain_and_sample,instrument,Pendar-2,locked_domain,domain__strict_core__domain_and_sample__instrument__Pendar-2,domain__strict_core__domain_and_sample__instrument__Pendar-2,structured_vae,zc48__zn16__chem0__ni0__ns0__cond0__ai0__as0__pair0__xrec0__dep0p001__e500,arpls_minmax,1729,158,98,composite,1.5,0.04738576323806371,0.023692881619031856,0.1471258513959882,0.09802107780759008,0.0432133062437061,,2.5,1.5802453626569162,0.1154553722590208,0.8055555555555555,0.7547619047619047,0.8469387755102041,0.250446081161499,0.611111111111111,0.5185185185185185,0.7959183673469388,0.39957860112190247,0.8222222222222223,0.7555555555555555,0.8367346938775511,0.27120324969291687
strict_core,domain_and_sample,instrument,Pendar-3,locked_domain,domain__strict_core__domain_and_sample__instrument__Pendar-3,domain__strict_core__domain_and_sample__instrument__Pendar-3,structured_vae,zc48__zn16__chem0__ni0__ns0__cond0__ai0__as0__pair0__xrec0__dep0p001__e500,arpls_minmax,1729,124,70,scale_offset,0.5,0.011700212346615937,0.0058501061733079686,0.09338303341879267,0.7513081437474228,0.03561410566220416,,2.0,0.8168925971458811,0.08837984781712294,0.41950710108604844,0.4248326941875329,0.8428571428571429,0.019716603681445122,0.3219715956558062,0.31337181337181336,0.8857142857142857,0.0152042917907238,0.5453007518796993,0.5093834659963692,0.9428571428571428,0.01602461375296116
strict_core,domain_and_sample,instrument,Pendar-3,locked_domain,domain__strict_core__domain_and_sample__instrument__Pendar-3,domain__strict_core__domain_and_sample__instrument__Pendar-3,structured_vae,zc48__zn16__chem0__ni0__ns0__cond0__ai0__as0__pair0__xrec0__dep0p001__e500,arpls_minmax,1729,124,70,scale_offset,1.0,0.014757711375705968,0.007378855687852984,0.10438674233976987,0.7389335469389523,0.035465084976579374,,2.0,0.8280638311117097,0.08753469958901405,0.41871345029239765,0.42450327450327446,0.7857142857142857,0.10824262350797653,0.3159774436090225,0.3376068376068376,0.8,0.07554399967193604,0.47871762740183793,0.47115847115847115,0.8571428571428571,0.08771134912967682
strict_core,domain_and_sample,instrument,Pendar-3,locked_domain,domain__strict_core__domain_and_sample__instrument__Pendar-3,domain__strict_core__domain_and_sample__instrument__Pendar-3,structured_vae,zc48__zn16__chem0__ni0__ns0__cond0__ai0__as0__pair0__xrec0__dep0p001__e500,arpls_minmax,1729,124,70,scale_offset,1.5,0.02096123634930989,0.010480618174654946,0.11464555209143606,0.6766182017211144,0.03601265392470461,,2.0,0.7988798723368615,0.08371827006340027,0.3916040100250626,0.3760642826734781,0.6714285714285714,0.17550289630889893,0.3044277360066834,0.29865424430641824,0.7,0.1652698516845703,0.4174812030075188,0.4128221873911529,0.7142857142857143,0.16205798089504242
strict_core,domain_and_sample,instrument,Pendar-3,locked_domain,domain__strict_core__domain_and_sample__instrument__Pendar-3,domain__strict_core__domain_and_sample__instrument__Pendar-3,structured_vae,zc48__zn16__chem0__ni0__ns0__cond0__ai0__as0__pair0__xrec0__dep0p001__e500,arpls_minmax,1729,124,70,smooth_baseline,0.5,0.012296571844648439,0.0061482859223242195,0.09587894877086074,0.7447089569748335,0.03583578712661819,,2.0,0.9128675255983356,0.08486877381801605,0.5449874686716792,0.4920262406675449,0.7285714285714285,0.035405490547418594,0.2342731829573935,0.23615942028985507,0.8428571428571429,0.032264020293951035,0.48423141186299085,0.45688591781472754,0.7714285714285715,0.03289901465177536
strict_core,domain_and_sample,instrument,Pendar-3,locked_domain,domain__strict_core__domain_and_sample__instrument__Pendar-3,domain__strict_core__domain_and_sample__instrument__Pendar-3,structured_vae,zc48__zn16__chem0__ni0__ns0__cond0__ai0__as0__pair0__xrec0__dep0p001__e500,arpls_minmax,1729,124,70,smooth_baseline,1.0,0.014452838070079148,0.007226419035039574,0.10542421926809419,0.7112850663352466,0.03635464236798975,,2.0,0.914037668435822,0.07521257922053337,0.3211779448621554,0.3540812257917521,0.5857142857142857,0.12013205140829086,0.25570175438596493,0.2521062271062271,0.7142857142857143,0.11621686071157455,0.3437552213868003,0.3695338583664794,0.5857142857142857,0.10799749940633774
strict_core,domain_and_sample,instrument,Pendar-3,locked_domain,domain__strict_core__domain_and_sample__instrument__Pendar-3,domain__strict_core__domain_and_sample__instrument__Pendar-3,structured_vae,zc48__zn16__chem0__ni0__ns0__cond0__ai0__as0__pair0__xrec0__dep0p001__e500,arpls_minmax,1729,124,70,smooth_baseline,1.5,0.016981362240597972,0.008490681120298986,0.11618629095089832,0.6333104753478869,0.03689461886744597,,2.0,0.814044817600782,0.07622217573225498,0.30100250626566416,0.2751322751322751,0.4142857142857143,0.22915175557136536,0.28903508771929826,0.269748075998076,0.6285714285714286,0.23502352833747864,0.32652464494569755,0.31180385566350477,0.5571428571428572,0.2093464732170105
strict_core,domain_and_sample,instrument,Pendar-3,locked_domain,domain__strict_core__domain_and_sample__instrument__Pendar-3,domain__strict_core__domain_and_sample__instrument__Pendar-3,structured_vae,zc48__zn16__chem0__ni0__ns0__cond0__ai0__as0__pair0__xrec0__dep0p001__e500,arpls_minmax,1729,124,70,gaussian_noise,0.5,0.010980852930469716,0.005490426465234858,0.09036279593163732,0.7676464566888233,0.03551916160779719,,2.0,0.8542737077928433,0.09441009908914566,0.4814954051796157,0.4750612706790868,0.9714285714285714,0.00027636034064926207,0.2803049289891395,0.29491341991341985,0.9714285714285714,0.00028480973560363054,0.5553049289891395,0.5370370370370371,0.9714285714285714,0.00027253711596131325
strict_core,domain_and_sample,instrument,Pendar-3,locked_domain,domain__strict_core__domain_and_sample__instrument__Pendar-3,domain__strict_core__domain_and_sample__instrument__Pendar-3,structured_vae,zc48__zn16__chem0__ni0__ns0__cond0__ai0__as0__pair0__xrec0__dep0p001__e500,arpls_minmax,1729,124,70,gaussian_noise,1.0,0.010990299817028915,0.005495149908514458,0.09045804291778257,0.7686476155115087,0.035531753435115866,,2.0,0.841851516440304,0.09661750867962837,0.4822890559732665,0.4766353046594982,0.9571428571428572,0.001248280517756939,0.3338763575605681,0.32260429628850684,0.9571428571428572,0.0011569184716790915,0.5025271512113617,0.49968657388012216,0.9714285714285714,0.0011756215244531631
strict_core,domain_and_sample,instrument,Pendar-3,locked_domain,domain__strict_core__domain_and_sample__instrument__Pendar-3,domain__strict_core__domain_and_sample__instrument__Pendar-3,structured_vae,zc48__zn16__chem0__ni0__ns0__cond0__ai0__as0__pair0__xrec0__dep0p001__e500,arpls_minmax,1729,124,70,gaussian_noise,1.5,0.011068196887696944,0.005534098443848472,0.09056985863439343,0.7702664975029992,0.03554348742288544,,2.0,0.8647608778449265,0.09209394082427025,0.48462823725981624,0.47872020452665615,0.9714285714285714,0.0029942700639367104,0.3219715956558062,0.3112267849109954,0.9428571428571428,0.0025582483503967524,0.5858604845446951,0.5523681515616999,0.9714285714285714,0.002736140973865986
strict_core,domain_and_sample,instrument,Pendar-3,locked_domain,domain__strict_core__domain_and_sample__instrument__Pendar-3,domain__strict_core__domain_and_sample__instrument__Pendar-3,structured_vae,zc48__zn16__chem0__ni0__ns0__cond0__ai0__as0__pair0__xrec0__dep0p001__e500,arpls_minmax,1729,124,70,isolated_spikes,0.5,0.010973542674530498,0.005486771337265249,0.09039588165950613,0.7674287738181236,0.0355255465281847,,2.0,0.883918939219021,0.09568388015031815,0.48462823725981624,0.47872020452665615,0.9714285714285714,0.0002620790619403124,0.322765246449457,0.3076858813700919,0.9571428571428572,0.0002362523810006678,0.5770885547201337,0.5426948051948052,0.9857142857142858,0.0002423567493679002
strict_core,domain_and_sample,instrument,Pendar-3,locked_domain,domain__strict_core__domain_and_sample__instrument__Pendar-3,domain__strict_core__domain_and_sample__instrument__Pendar-3,structured_vae,zc48__zn16__chem0__ni0__ns0__cond0__ai0__as0__pair0__xrec0__dep0p001__e500,arpls_minmax,1729,124,70,isolated_spikes,1.0,0.010989711181975934,0.005494855590987967,0.09042966098261784,0.7660879400296319,0.0355298428237395,,2.0,0.7809910497969125,0.08562444150447845,0.48462823725981624,0.47872020452665615,0.9714285714285714,0.001269092783331871,0.2922096908939014,0.30817428185849244,0.9428571428571428,0.0013926062965765595,0.49375522138680034,0.49148629148629147,0.9571428571428572,0.0012171175330877304
strict_core,domain_and_sample,instrument,Pendar-3,locked_domain,domain__strict_core__domain_and_sample__instrument__Pendar-3,domain__strict_core__domain_and_sample__instrument__Pendar-3,structured_vae,zc48__zn16__chem0__ni0__ns0__cond0__ai0__as0__pair0__xrec0__dep0p001__e500,arpls_minmax,1729,124,70,isolated_spikes,1.5,0.010996559248455115,0.005498279624227558,0.09048921397749105,0.7636507576872252,0.03553143640057784,,2.0,0.840648299843014,0.08993466943502426,0.44062238930659986,0.44711538461538464,0.9714285714285714,0.00240115774795413,0.26919381787802843,0.28193193193193195,0.9285714285714286,0.0020690024830400944,0.5747493734335839,0.5406746031746031,0.9857142857142858,0.0021638316102325916
strict_core,domain_and_sample,instrument,Pendar-3,locked_domain,domain__strict_core__domain_and_sample__instrument__Pendar-3,domain__strict_core__domain_and_sample__instrument__Pendar-3,structured_vae,zc48__zn16__chem0__ni0__ns0__cond0__ai0__as0__pair0__xrec0__dep0p001__e500,arpls_minmax,1729,124,70,edge_filled_shift,0.5,0.010990697069709704,0.005495348534854852,0.0906240815415881,0.7638237183292698,0.03553063573015954,,2.0,0.8149084304874066,0.09107429906725883,0.41871345029239765,0.4086431623931624,0.8285714285714286,0.005106006283313036,0.2803049289891395,0.2935711313857767,0.9,0.004352129530161619,0.3631578947368421,0.3664561352045883,0.7857142857142857,0.004603656008839607
strict_core,domain_and_sample,instrument,Pendar-3,locked_domain,domain__strict_core__domain_and_sample__instrument__Pendar-3,domain__strict_core__domain_and_sample__instrument__Pendar-3,structured_vae,zc48__zn16__chem0__ni0__ns0__cond0__ai0__as0__pair0__xrec0__dep0p001__e500,arpls_minmax,1729,124,70,edge_filled_shift,1.0,0.01099491106225464,0.00549745553112732,0.09057723170380004,0.7705719517325398,0.035519981975382364,,2.0,0.8715908973967168,0.09114256128668785,0.45490810359231415,0.44697239488906154,0.8142857142857143,0.009630963206291199,0.3338763575605681,0.3268635110740374,0.8285714285714286,0.008911574259400368,0.48625730994152044,0.4685353535353536,0.8,0.008913599886000156
strict_core,domain_and_sample,instrument,Pendar-3,locked_domain,domain__strict_core__domain_and_sample__instrument__Pendar-3,domain__strict_core__domain_and_sample__instrument__Pendar-3,structured_vae,zc48__zn16__chem0__ni0__ns0__cond0__ai0__as0__pair0__xrec0__dep0p001__e500,arpls_minmax,1729,124,70,edge_filled_shift,1.5,0.01107552281282711,0.005537761406413555,0.09091725504912146,0.7708716265567492,0.03552348083277155,,2.0,0.8194860310029288,0.09107429906725883,0.42827903091060987,0.42463534778525297,0.8,0.01375828217715025,0.3219715956558062,0.32267267267267263,0.8,0.010953660123050213,0.4516499582289056,0.4517062517062516,0.7857142857142857,0.012148501351475716
strict_core,domain_and_sample,instrument,Pendar-3,locked_domain,domain__strict_core__domain_and_sample__instrument__Pendar-3,domain__strict_core__domain_and_sample__instrument__Pendar-3,structured_vae,zc48__zn16__chem0__ni0__ns0__cond0__ai0__as0__pair0__xrec0__dep0p001__e500,arpls_minmax,1729,124,70,gaussian_broadening,0.5,0.01093339853490661,0.005466699267453305,0.09034373911581231,0.768017035612321,0.0355044211408397,,2.0,0.8939498919426836,0.09250880591571331,0.49340016708437756,0.4883304195804196,1.0,2.084033803839702e-05,0.3108604845446951,0.2957678477129278,0.9857142857142858,4.1739429434528574e-05,0.5441938178780285,0.523496097689646,0.9857142857142858,2.664753446879331e-05
strict_core,domain_and_sample,instrument,Pendar-3,locked_domain,domain__strict_core__domain_and_sample__instrument__Pendar-3,domain__strict_core__domain_and_sample__instrument__Pendar-3,structured_vae,zc48__zn16__chem0__ni0__ns0__cond0__ai0__as0__pair0__xrec0__dep0p001__e500,arpls_minmax,1729,124,70,gaussian_broadening,1.0,0.010884487576402847,0.005442243788201424,0.09031835672404745,0.76823980005663,0.03547597510543708,,2.0,0.869101184882302,0.09053251892328262,0.4822890559732665,0.477412305436499,0.9714285714285714,0.00019377726130187511,0.3108604845446951,0.2945601182443288,0.9714285714285714,0.00040821178117766976,0.5441938178780285,0.523496097689646,0.9857142857142858,0.00025190028827637434
strict_core,domain_and_sample,instrument,Pendar-3,locked_domain,domain__strict_core__domain_and_sample__instrument__Pendar-3,domain__strict_core__domain_and_sample__instrument__Pendar-3,structured_vae,zc48__zn16__chem0__ni0__ns0__cond0__ai0__as0__pair0__xrec0__dep0p001__e500,arpls_minmax,1729,124,70,gaussian_broadening,1.5,0.010845194594053788,0.005422597297026894,0.09031601087806972,0.7682989247553849,0.035449302410738036,,2.0,0.8560584596458609,0.09040280431509018,0.4822890559732665,0.477412305436499,0.9714285714285714,0.00045761637738905847,0.3108604845446951,0.2943433462884264,0.9571428571428572,0.0009853976080194116,0.5441938178780285,0.523496097689646,0.9857142857142858,0.0005994950188323855
strict_core,domain_and_sample,instrument,Pendar-3,locked_domain,domain__strict_core__domain_and_sample__instrument__Pendar-3,domain__strict_core__domain_and_sample__instrument__Pendar-3,structured_vae,zc48__zn16__chem0__ni0__ns0__cond0__ai0__as0__pair0__xrec0__dep0p001__e500,arpls_minmax,1729,124,70,composite,0.5,0.013385834753757512,0.006692917376878756,0.09933252819632778,0.7496672120058732,0.03591474247800556,,2.0,0.8004407234902116,0.09052843227982521,0.40653717627401836,0.40262949864780534,0.7142857142857143,0.061871930956840515,0.2461779448621554,0.2451926093230441,0.7285714285714285,0.06207197904586792,0.4588763575605681,0.42311507936507936,0.7,0.057775918394327164
strict_core,domain_and_sample,instrument,Pendar-3,locked_domain,domain__strict_core__domain_and_sample__instrument__Pendar-3,domain__strict_core__domain_and_sample__instrument__Pendar-3,structured_vae,zc48__zn16__chem0__ni0__ns0__cond0__ai0__as0__pair0__xrec0__dep0p001__e500,arpls_minmax,1729,124,70,composite,1.0,0.017927867921350378,0.008963933960675189,0.11104707368332822,0.6424094206631208,0.03636939253577436,,2.0,0.7717287924719277,0.08695810986682773,0.31585213032581455,0.3169627307558342,0.4714285714285714,0.17817696928977966,0.2885964912280702,0.2508974358974359,0.6428571428571429,0.21664437651634216,0.3551796157059315,0.3334321475625823,0.5714285714285714,0.1776779741048813
strict_core,domain_and_sample,instrument,Pendar-3,locked_domain,domain__strict_core__domain_and_sample__instrument__Pendar-3,domain__strict_core__domain_and_sample__instrument__Pendar-3,structured_vae,zc48__zn16__chem0__ni0__ns0__cond0__ai0__as0__pair0__xrec0__dep0p001__e500,arpls_minmax,1729,124,70,composite,1.5,0.028640518922204,0.014320259461102,0.1260072755923627,0.4990429210972588,0.03723498071760171,,2.5,0.8468157048089293,0.07861441373825073,0.25509607351712615,0.2684686757150525,0.42857142857142855,0.33954158425331116,0.3441520467836257,0.3113915327404171,0.5714285714285714,0.4200984835624695,0.3070802005012531,0.29250881834215164,0.4857142857142857,0.3537086546421051
strict_core,domain_and_sample,instrument,RMX-1,locked_domain,domain__strict_core__domain_and_sample__instrument__RMX-1,domain__strict_core__domain_and_sample__instrument__RMX-1,structured_vae,zc48__zn16__chem0__ni0__ns0__cond0__ai0__as0__pair0__xrec0__dep0p001__e500,arpls_minmax,1729,409,47,scale_offset,0.5,0.013538938354035315,0.006769469177017658,0.14075810247679438,0.8217776604918058,0.008445729256753907,,2.0,0.314028083586442,0.10283682867884636,0.40909090909090906,0.5333333333333333,0.9148936170212766,0.011664815247058868,0.5909090909090908,0.7046783625730995,0.8085106382978723,0.008017370477318764,0.40909090909090906,0.5333333333333333,0.9787234042553191,0.008851085789501667
strict_core,domain_and_sample,instrument,RMX-1,locked_domain,domain__strict_core__domain_and_sample__instrument__RMX-1,domain__strict_core__domain_and_sample__instrument__RMX-1,structured_vae,zc48__zn16__chem0__ni0__ns0__cond0__ai0__as0__pair0__xrec0__dep0p001__e500,arpls_minmax,1729,409,47,scale_offset,1.0,0.01613765175100528,0.00806882587550264,0.1504742132206249,0.7972821297462842,0.008498945518829017,,2.0,0.3472249576855434,0.10939472867175937,0.45454545454545453,0.5684210526315789,0.8297872340425532,0.05104382336139679,0.5909090909090909,0.7151702786377709,0.7021276595744681,0.02561301365494728,0.45454545454545453,0.5684210526315789,0.8936170212765957,0.03094254434108734
strict_core,domain_and_sample,instrument,RMX-1,locked_domain,domain__strict_core__domain_and_sample__instrument__RMX-1,domain__strict_core__domain_and_sample__instrument__RMX-1,structured_vae,zc48__zn16__chem0__ni0__ns0__cond0__ai0__as0__pair0__xrec0__dep0p001__e500,arpls_minmax,1729,409,47,scale_offset,1.5,0.022422862949394527,0.011211431474697263,0.15972166177240382,0.8052905107860862,0.008845808018613475,,2.0,0.3559353555061837,0.10432592779397964,0.40909090909090906,0.5333333333333333,0.7872340425531915,0.07307448983192444,0.6818181818181819,0.7710526315789473,0.6808510638297872,0.04682581126689911,0.45454545454545453,0.5827067669172932,0.8723404255319149,0.05491068959236145
strict_core,domain_and_sample,instrument,RMX-1,locked_domain,domain__strict_core__domain_and_sample__instrument__RMX-1,domain__strict_core__domain_and_sample__instrument__RMX-1,structured_vae,zc48__zn16__chem0__ni0__ns0__cond0__ai0__as0__pair0__xrec0__dep0p001__e500,arpls_minmax,1729,409,47,smooth_baseline,0.5,0.013894382217048586,0.006947191108524293,0.14695842601815726,0.8362210035194901,0.008620547653855453,,2.0,0.3479741708571239,0.1035703495144844,0.40909090909090906,0.5333333333333333,0.851063829787234,0.033671826124191284,0.6818181818181819,0.7525252525252526,0.8723404255319149,0.048475854098796844,0.40909090909090906,0.5333333333333333,0.9361702127659575,0.0381060466170311
strict_core,domain_and_sample,instrument,RMX-1,locked_domain,domain__strict_core__domain_and_sample__instrument__RMX-1,domain__strict_core__domain_and_sample__instrument__RMX-1,structured_vae,zc48__zn16__chem0__ni0__ns0__cond0__ai0__as0__pair0__xrec0__dep0p001__e500,arpls_minmax,1729,409,47,smooth_baseline,1.0,0.020631417563126968,0.010315708781563484,0.17345736970694514,0.7508302129147404,0.009323044565382344,,2.0,0.3783910389045307,0.09332047216594219,0.40909090909090906,0.5476190476190476,0.723404255319149,0.1058335080742836,0.6363636363636364,0.7222222222222222,0.7659574468085106,0.09797836095094681,0.40909090909090906,0.5333333333333333,0.8936170212765957,0.09528617560863495
strict_core,domain_and_sample,instrument,RMX-1,locked_domain,domain__strict_core__domain_and_sample__instrument__RMX-1,domain__strict_core__domain_and_sample__instrument__RMX-1,structured_vae,zc48__zn16__chem0__ni0__ns0__cond0__ai0__as0__pair0__xrec0__dep0p001__e500,arpls_minmax,1729,409,47,smooth_baseline,1.5,0.02768922112384882,0.01384461056192441,0.18967767945289873,0.7342387620149792,0.009804323864227185,,2.0,0.43785020212015496,0.12406018376350403,0.40909090909090906,0.5476190476190476,0.6808510638297872,0.14231544733047485,0.40909090909090906,0.4875,0.6595744680851063,0.1995733380317688,0.40909090909090906,0.5333333333333333,0.8297872340425532,0.1597479283809662
strict_core,domain_and_sample,instrument,RMX-1,locked_domain,domain__strict_core__domain_and_sample__instrument__RMX-1,domain__strict_core__domain_and_sample__instrument__RMX-1,structured_vae,zc48__zn16__chem0__ni0__ns0__cond0__ai0__as0__pair0__xrec0__dep0p001__e500,arpls_minmax,1729,409,47,gaussian_noise,0.5,0.01166541745540859,0.005832708727704295,0.13559814617915664,0.8223144809248437,0.008370156971997642,,2.0,0.2745984968859253,0.08406701358035207,0.40909090909090906,0.5333333333333333,0.9787234042553191,0.00022480209008790553,0.7272727272727273,0.8210526315789474,0.9148936170212766,0.0001242959697265178,0.40909090909090906,0.5333333333333333,1.0,0.00013766771007794887
strict_core,domain_and_sample,instrument,RMX-1,locked_domain,domain__strict_core__domain_and_sample__instrument__RMX-1,domain__strict_core__domain_and_sample__instrument__RMX-1,structured_vae,zc48__zn16__chem0__ni0__ns0__cond0__ai0__as0__pair0__xrec0__dep0p001__e500,arpls_minmax,1729,409,47,gaussian_noise,1.0,0.011757315638118835,0.005878657819059417,0.13615375369311822,0.8208034480190672,0.008370756581529167,,2.0,0.2681457166110325,0.08400545245967805,0.40909090909090906,0.5333333333333333,1.0,0.0009420551941730082,0.6818181818181819,0.788888888888889,0.9787234042553191,0.0004806594515684992,0.40909090909090906,0.5333333333333333,1.0,0.0005483868299052119
strict_core,domain_and_sample,instrument,RMX-1,locked_domain,domain__strict_core__domain_and_sample__instrument__RMX-1,domain__strict_core__domain_and_sample__instrument__RMX-1,structured_vae,zc48__zn16__chem0__ni0__ns0__cond0__ai0__as0__pair0__xrec0__dep0p001__e500,arpls_minmax,1729,409,47,gaussian_noise,1.5,0.011818706131420657,0.005909353065710329,0.13662914915360866,0.8213238662804866,0.008378217265270488,,2.0,0.3277335336086839,0.0843474839348346,0.40909090909090906,0.5333333333333333,0.9787234042553191,0.001768041169270873,0.7272727272727273,0.8210526315789474,0.9361702127659575,0.0009628382395021617,0.40909090909090906,0.5333333333333333,0.9787234042553191,0.0011777877807617188
strict_core,domain_and_sample,instrument,RMX-1,locked_domain,domain__strict_core__domain_and_sample__instrument__RMX-1,domain__strict_core__domain_and_sample__instrument__RMX-1,structured_vae,zc48__zn16__chem0__ni0__ns0__cond0__ai0__as0__pair0__xrec0__dep0p001__e500,arpls_minmax,1729,409,47,isolated_spikes,0.5,0.011659653489629227,0.005829826744814613,0.13562340461941808,0.8225747549628323,0.008393279694935972,,2.0,0.2449663103384225,0.08542556711472571,0.40909090909090906,0.5333333333333333,1.0,3.29664399032481e-05,0.6818181818181819,0.788888888888889,0.9787234042553191,2.2682737835566513e-05,0.40909090909090906,0.5333333333333333,1.0,2.636554381751921e-05
strict_core,domain_and_sample,instrument,RMX-1,locked_domain,domain__strict_core__domain_and_sample__instrument__RMX-1,domain__strict_core__domain_and_sample__instrument__RMX-1,structured_vae,zc48__zn16__chem0__ni0__ns0__cond0__ai0__as0__pair0__xrec0__dep0p001__e500,arpls_minmax,1729,409,47,isolated_spikes,1.0,0.011665902927539022,0.005832951463769511,0.13574478984589092,0.8210675680893949,0.008394250455129317,,2.0,0.23607942664600015,0.08268313715234399,0.45454545454545453,0.5684210526315789,0.9574468085106383,0.00016489560948684812,0.7272727272727273,0.8210526315789474,0.9574468085106383,8.279846224468201e-05,0.45454545454545453,0.5684210526315789,0.9787234042553191,0.00010322129674023017
strict_core,domain_and_sample,instrument,RMX-1,locked_domain,domain__strict_core__domain_and_sample__instrument__RMX-1,domain__strict_core__domain_and_sample__instrument__RMX-1,structured_vae,zc48__zn16__chem0__ni0__ns0__cond0__ai0__as0__pair0__xrec0__dep0p001__e500,arpls_minmax,1729,409,47,isolated_spikes,1.5,0.011681963710636602,0.005840981855318301,0.13579912807601044,0.8222380354361744,0.00839825497611902,,2.0,0.2514334352859396,0.08556495420634747,0.40909090909090906,0.5333333333333333,1.0,0.000407708459533751,0.6818181818181819,0.788888888888889,0.9574468085106383,0.00017779431072995067,0.45454545454545453,0.5684210526315789,0.9787234042553191,0.00020058738300576806
strict_core,domain_and_sample,instrument,RMX-1,locked_domain,domain__strict_core__domain_and_sample__instrument__RMX-1,domain__strict_core__domain_and_sample__instrument__RMX-1,structured_vae,zc48__zn16__chem0__ni0__ns0__cond0__ai0__as0__pair0__xrec0__dep0p001__e500,arpls_minmax,1729,409,47,edge_filled_shift,0.5,0.011685691601210007,0.0058428458006050035,0.13596890931637515,0.8228636967263319,0.008394115967988313,,2.0,0.26777485844407123,0.08285822439938784,0.45454545454545453,0.5684210526315789,0.8936170212765957,0.002340069506317377,0.6818181818181819,0.7698412698412698,0.8723404255319149,0.0011277972953394055,0.40909090909090906,0.5333333333333333,1.0,0.0013092414010316133
strict_core,domain_and_sample,instrument,RMX-1,locked_domain,domain__strict_core__domain_and_sample__instrument__RMX-1,domain__strict_core__domain_and_sample__instrument__RMX-1,structured_vae,zc48__zn16__chem0__ni0__ns0__cond0__ai0__as0__pair0__xrec0__dep0p001__e500,arpls_minmax,1729,409,47,edge_filled_shift,1.0,0.01175527005535887,0.005877635027679435,0.13629766224618933,0.8201257285177758,0.008413926913767612,,2.0,0.27718159909391915,0.08739218884147704,0.45454545454545453,0.5684210526315789,0.8723404255319149,0.002540003741160035,0.7272727272727273,0.8210526315789474,0.9361702127659575,0.0016930471174418926,0.40909090909090906,0.5333333333333333,1.0,0.0017767167882993817
strict_core,domain_and_sample,instrument,RMX-1,locked_domain,domain__strict_core__domain_and_sample__instrument__RMX-1,domain__strict_core__domain_and_sample__instrument__RMX-1,structured_vae,zc48__zn16__chem0__ni0__ns0__cond0__ai0__as0__pair0__xrec0__dep0p001__e500,arpls_minmax,1729,409,47,edge_filled_shift,1.5,0.01174521611947113,0.005872608059735565,0.13653152013579298,0.8226610342903736,0.00840326909842143,,2.0,0.2776439097918253,0.08526090672239661,0.45454545454545453,0.5827067669172932,0.851063829787234,0.0035680190194398165,0.6818181818181819,0.7698412698412698,0.9148936170212766,0.002230493351817131,0.45454545454545453,0.5827067669172932,0.9787234042553191,0.0024719135835766792
strict_core,domain_and_sample,instrument,RMX-1,locked_domain,domain__strict_core__domain_and_sample__instrument__RMX-1,domain__strict_core__domain_and_sample__instrument__RMX-1,structured_vae,zc48__zn16__chem0__ni0__ns0__cond0__ai0__as0__pair0__xrec0__dep0p001__e500,arpls_minmax,1729,409,47,gaussian_broadening,0.5,0.011662494264854158,0.005831247132427079,0.13568849298549623,0.8217687013805577,0.008392395356566168,,2.0,0.24923304858974163,0.0861109031829983,0.40909090909090906,0.5333333333333333,1.0,6.150692115625134e-07,0.6818181818181819,0.788888888888889,1.0,7.735922054052935e-07,0.40909090909090906,0.5333333333333333,1.0,6.239465051294246e-07
strict_core,domain_and_sample,instrument,RMX-1,locked_domain,domain__strict_core__domain_and_sample__instrument__RMX-1,domain__strict_core__domain_and_sample__instrument__RMX-1,structured_vae,zc48__zn16__chem0__ni0__ns0__cond0__ai0__as0__pair0__xrec0__dep0p001__e500,arpls_minmax,1729,409,47,gaussian_broadening,1.0,0.011665766760324957,0.005832883380162478,0.1357310403727463,0.8215546163734695,0.008392266148750315,,2.0,0.24948756840776642,0.08631895249709487,0.40909090909090906,0.5333333333333333,1.0,8.462591722491197e-06,0.7272727272727273,0.8210526315789474,0.9787234042553191,6.887506970087998e-06,0.40909090909090906,0.5333333333333333,1.0,6.708693035761826e-06
strict_core,domain_and_sample,instrument,RMX-1,locked_domain,domain__strict_core__domain_and_sample__instrument__RMX-1,domain__strict_core__domain_and_sample__instrument__RMX-1,structured_vae,zc48__zn16__chem0__ni0__ns0__cond0__ai0__as0__pair0__xrec0__dep0p001__e500,arpls_minmax,1729,409,47,gaussian_broadening,1.5,0.011671172149292829,0.005835586074646414,0.13580250297532492,0.8211836760760292,0.00839168364981895,,2.0,0.25212862521118307,0.0862963953986764,0.40909090909090906,0.5333333333333333,1.0,3.174010635120794e-05,0.7272727272727273,0.8210526315789474,0.9787234042553191,2.0055060304002836e-05,0.40909090909090906,0.5333333333333333,1.0,2.2809555957792327e-05
strict_core,domain_and_sample,instrument,RMX-1,locked_domain,domain__strict_core__domain_and_sample__instrument__RMX-1,domain__strict_core__domain_and_sample__instrument__RMX-1,structured_vae,zc48__zn16__chem0__ni0__ns0__cond0__ai0__as0__pair0__xrec0__dep0p001__e500,arpls_minmax,1729,409,47,composite,0.5,0.015045718475366699,0.007522859237683349,0.1507833968391485,0.7975387723752408,0.008650574502720934,,2.0,0.35934096856868514,0.10733118117786944,0.40909090909090906,0.5333333333333333,0.8297872340425532,0.04771682620048523,0.6818181818181819,0.7698412698412698,0.8085106382978723,0.05173921957612038,0.40909090909090906,0.5333333333333333,0.9148936170212766,0.04472070559859276
strict_core,domain_and_sample,instrument,RMX-1,locked_domain,domain__strict_core__domain_and_sample__instrument__RMX-1,domain__strict_core__domain_and_sample__instrument__RMX-1,structured_vae,zc48__zn16__chem0__ni0__ns0__cond0__ai0__as0__pair0__xrec0__dep0p001__e500,arpls_minmax,1729,409,47,composite,1.0,0.025081105942415294,0.012540552971207647,0.16996156213947297,0.752207323092958,0.00939931297595823,,2.0,0.3550696816904345,0.09494480490684509,0.45454545454545453,0.5827067669172932,0.7021276595744681,0.11412812024354935,0.7272727272727273,0.780952380952381,0.8085106382978723,0.12404713779687881,0.40909090909090906,0.5529411764705883,0.8723404255319149,0.11257727444171906
strict_core,domain_and_sample,instrument,RMX-1,locked_domain,domain__strict_core__domain_and_sample__instrument__RMX-1,domain__strict_core__domain_and_sample__instrument__RMX-1,structured_vae,zc48__zn16__chem0__ni0__ns0__cond0__ai0__as0__pair0__xrec0__dep0p001__e500,arpls_minmax,1729,409,47,composite,1.5,0.036205147492978276,0.018102573746489138,0.19718817401597924,0.6605362416952366,0.009996688590748773,,2.0,0.4480323928680857,0.11690645385533571,0.45454545454545453,0.5827067669172932,0.6595744680851063,0.20077888667583466,0.5454545454545454,0.6687306501547987,0.7021276595744681,0.2179422378540039,0.45454545454545453,0.5827067669172932,0.8085106382978723,0.205509752035141
strict_core,domain_and_sample,instrument,RMX-2,locked_domain,domain__strict_core__domain_and_sample__instrument__RMX-2,domain__strict_core__domain_and_sample__instrument__RMX-2,structured_vae,zc48__zn16__chem0__ni0__ns0__cond0__ai0__as0__pair0__xrec0__dep0p001__e500,arpls_minmax,1729,419,65,scale_offset,0.5,0.007257428656762365,0.0036287143283811824,0.08072530946580088,0.8720038497541502,0.029202845143961376,,2.0,1.0092520569199128,0.07015631161630154,0.617816091954023,0.6165099268547545,0.9692307692307692,0.0313134528696537,0.5459770114942529,0.5834920634920634,0.8307692307692308,0.020532777532935143,0.617816091954023,0.6352413019079686,0.9692307692307692,0.020542144775390625
strict_core,domain_and_sample,instrument,RMX-2,locked_domain,domain__strict_core__domain_and_sample__instrument__RMX-2,domain__strict_core__domain_and_sample__instrument__RMX-2,structured_vae,zc48__zn16__chem0__ni0__ns0__cond0__ai0__as0__pair0__xrec0__dep0p001__e500,arpls_minmax,1729,419,65,scale_offset,1.0,0.012055265312052628,0.006027632656026314,0.09157557739942038,0.8657348219311997,0.029212550287056785,,2.0,0.8379555682745482,0.07121571153402328,0.492816091954023,0.5485796269727403,0.8615384615384616,0.14283514022827148,0.5344827586206896,0.5562203228869895,0.6461538461538462,0.11534912139177322,0.617816091954023,0.6352413019079686,0.9692307692307692,0.0935525894165039
strict_core,domain_and_sample,instrument,RMX-2,locked_domain,domain__strict_core__domain_and_sample__instrument__RMX-2,domain__strict_core__domain_and_sample__instrument__RMX-2,structured_vae,zc48__zn16__chem0__ni0__ns0__cond0__ai0__as0__pair0__xrec0__dep0p001__e500,arpls_minmax,1729,419,65,scale_offset,1.5,0.016953046864343985,0.008476523432171992,0.10249905398870979,0.8464332191115587,0.02928304524356129,,2.0,0.6973944156291229,0.08144078589975834,0.4233716475095785,0.49289917451604187,0.8,0.21981725096702576,0.4559386973180077,0.4709165687426557,0.6615384615384615,0.199567973613739,0.5344827586206896,0.5863203463203464,0.8769230769230769,0.161464661359787
strict_core,domain_and_sample,instrument,RMX-2,locked_domain,domain__strict_core__domain_and_sample__instrument__RMX-2,domain__strict_core__domain_and_sample__instrument__RMX-2,structured_vae,zc48__zn16__chem0__ni0__ns0__cond0__ai0__as0__pair0__xrec0__dep0p001__e500,arpls_minmax,1729,419,65,smooth_baseline,0.5,0.007426807604424757,0.0037134038022123787,0.08179246536189691,0.8651864991004617,0.02922999198987536,,2.0,0.943713369485432,0.06842894852161407,0.6594827586206896,0.6475792406826889,0.9384615384615385,0.06869189441204071,0.5043103448275862,0.5498078529657477,0.7230769230769231,0.027719905599951744,0.6594827586206896,0.6593253968253968,0.9538461538461539,0.04058251902461052
strict_core,domain_and_sample,instrument,RMX-2,locked_domain,domain__strict_core__domain_and_sample__instrument__RMX-2,domain__strict_core__domain_and_sample__instrument__RMX-2,structured_vae,zc48__zn16__chem0__ni0__ns0__cond0__ai0__as0__pair0__xrec0__dep0p001__e500,arpls_minmax,1729,419,65,smooth_baseline,1.0,0.010076035964591175,0.005038017982295587,0.09304655197837235,0.8341376173674403,0.029375746225466026,,2.0,0.6185838684226439,0.08335055690258741,0.5761494252873564,0.5864681295715778,0.8153846153846154,0.16668035089969635,0.39559386973180083,0.4065734989648033,0.5846153846153846,0.09514763206243515,0.5507662835249042,0.5707002549107812,0.7846153846153846,0.11854308843612671
strict_core,domain_and_sample,instrument,RMX-2,locked_domain,domain__strict_core__domain_and_sample__instrument__RMX-2,domain__strict_core__domain_and_sample__instrument__RMX-2,structured_vae,zc48__zn16__chem0__ni0__ns0__cond0__ai0__as0__pair0__xrec0__dep0p001__e500,arpls_minmax,1729,419,65,smooth_baseline,1.5,0.014252416855098081,0.007126208427549041,0.10646286070396814,0.7401016013831775,0.029622379500434292,,2.0,1.235850166324485,0.07535841315984726,0.525383141762452,0.5421114369501466,0.676923076923077,0.29084745049476624,0.2916666666666667,0.2625139043381535,0.47692307692307695,0.16078832745552063,0.5229885057471265,0.5702348690153568,0.7384615384615385,0.23191404342651367
strict_core,domain_and_sample,instrument,RMX-2,locked_domain,domain__strict_core__domain_and_sample__instrument__RMX-2,domain__strict_core__domain_and_sample__instrument__RMX-2,structured_vae,zc48__zn16__chem0__ni0__ns0__cond0__ai0__as0__pair0__xrec0__dep0p001__e500,arpls_minmax,1729,419,65,gaussian_noise,0.5,0.005968487515377645,0.0029842437576888224,0.07604436308754604,0.8715265801838176,0.029162444512385265,,2.0,0.7408354974250514,0.07240933179855347,0.6455938697318008,0.6394984326018808,0.9846153846153847,0.0008439128287136555,0.5737547892720306,0.5982905982905983,0.9846153846153847,0.00044328250805847347,0.6455938697318008,0.6493506493506493,1.0,0.000439471477875486
strict_core,domain_and_sample,instrument,RMX-2,locked_domain,domain__strict_core__domain_and_sample__instrument__RMX-2,domain__strict_core__domain_and_sample__instrument__RMX-2,structured_vae,zc48__zn16__chem0__ni0__ns0__cond0__ai0__as0__pair0__xrec0__dep0p001__e500,arpls_minmax,1729,419,65,gaussian_noise,1.0,0.00598897660782777,0.002994488303913885,0.07679650373139583,0.871061610507313,0.029155596982697828,,2.0,0.7192122028926363,0.07440083101391792,0.6317049808429118,0.6200638394892841,0.9692307692307692,0.004123326390981674,0.5876436781609196,0.6209342079109521,0.9846153846153847,0.00180262781213969,0.6317049808429118,0.6391114585369031,0.9384615384615385,0.002097286516800523
strict_core,domain_and_sample,instrument,RMX-2,locked_domain,domain__strict_core__domain_and_sample__instrument__RMX-2,domain__strict_core__domain_and_sample__instrument__RMX-2,structured_vae,zc48__zn16__chem0__ni0__ns0__cond0__ai0__as0__pair0__xrec0__dep0p001__e500,arpls_minmax,1729,419,65,gaussian_noise,1.5,0.00601979081713902,0.00300989540856951,0.07780526431853205,0.8699519781452888,0.02915119915366529,,2.0,0.6584956966531658,0.07144754379987717,0.6455938697318008,0.6475681181563534,0.9076923076923077,0.009882519021630287,0.5876436781609196,0.6264713064713064,0.8769230769230769,0.0051289815455675125,0.6594827586206896,0.6680134680134681,0.9230769230769231,0.004864711780101061
strict_core,domain_and_sample,instrument,RMX-2,locked_domain,domain__strict_core__domain_and_sample__instrument__RMX-2,domain__strict_core__domain_and_sample__instrument__RMX-2,structured_vae,zc48__zn16__chem0__ni0__ns0__cond0__ai0__as0__pair0__xrec0__dep0p001__e500,arpls_minmax,1729,419,65,isolated_spikes,0.5,0.005993852942910058,0.002996926471455029,0.07584758879522936,0.8714950096200745,0.02916472296746804,,2.0,0.8675201125126366,0.07110777497291565,0.6455938697318008,0.6303030303030304,0.9846153846153847,5.834194234921597e-05,0.5737547892720306,0.5982905982905983,0.9692307692307692,6.635739555349573e-05,0.6455938697318008,0.6493506493506493,1.0,5.3467199904844165e-05
strict_core,domain_and_sample,instrument,RMX-2,locked_domain,domain__strict_core__domain_and_sample__instrument__RMX-2,domain__strict_core__domain_and_sample__instrument__RMX-2,structured_vae,zc48__zn16__chem0__ni0__ns0__cond0__ai0__as0__pair0__xrec0__dep0p001__e500,arpls_minmax,1729,419,65,isolated_spikes,1.0,0.005995705177489807,0.0029978525887449036,0.07584567841769102,0.8717986162242861,0.029166416387109394,,2.0,0.8721692016865302,0.0716484934091568,0.6455938697318008,0.6303030303030304,1.0,0.00012732193863485008,0.5876436781609196,0.6264713064713064,0.9846153846153847,0.00022184665431268513,0.6455938697318008,0.6493506493506493,1.0,0.00012455537216737866
strict_core,domain_and_sample,instrument,RMX-2,locked_domain,domain__strict_core__domain_and_sample__instrument__RMX-2,domain__strict_core__domain_and_sample__instrument__RMX-2,structured_vae,zc48__zn16__chem0__ni0__ns0__cond0__ai0__as0__pair0__xrec0__dep0p001__e500,arpls_minmax,1729,419,65,isolated_spikes,1.5,0.00600016498220294,0.00300008249110147,0.07586978516104316,0.8712237924658693,0.029165281452734802,,2.0,0.8384497537173586,0.0728627648204565,0.6455938697318008,0.6303030303030304,1.0,0.0002926065353676677,0.5761494252873564,0.5999043062200956,0.9846153846153847,0.0003704373666550964,0.6455938697318008,0.6394984326018808,0.9846153846153847,0.00021122419275343418
strict_core,domain_and_sample,instrument,RMX-2,locked_domain,domain__strict_core__domain_and_sample__instrument__RMX-2,domain__strict_core__domain_and_sample__instrument__RMX-2,structured_vae,zc48__zn16__chem0__ni0__ns0__cond0__ai0__as0__pair0__xrec0__dep0p001__e500,arpls_minmax,1729,419,65,edge_filled_shift,0.5,0.0060390682162096984,0.0030195341081048492,0.07639699193517047,0.8680064322965936,0.029172435298188373,,2.0,0.9396604840502472,0.07158098369836807,0.657088122605364,0.6649350649350648,0.9538461538461539,0.007384935859590769,0.5852490421455939,0.6309756097560976,0.8769230769230769,0.005176495760679245,0.6455938697318008,0.6531986531986532,0.9538461538461539,0.004273352213203907
strict_core,domain_and_sample,instrument,RMX-2,locked_domain,domain__strict_core__domain_and_sample__instrument__RMX-2,domain__strict_core__domain_and_sample__instrument__RMX-2,structured_vae,zc48__zn16__chem0__ni0__ns0__cond0__ai0__as0__pair0__xrec0__dep0p001__e500,arpls_minmax,1729,419,65,edge_filled_shift,1.0,0.006064212643538974,0.003032106321769487,0.07652938542859768,0.8680064322965936,0.029173462817419695,,2.0,0.8371493516788614,0.07524507492780685,0.6015325670498085,0.6356310356310356,0.8615384615384616,0.012288916856050491,0.5737547892720306,0.6074074074074074,0.9076923076923077,0.007336930837482214,0.5761494252873564,0.6052910052910053,0.8923076923076924,0.007110256236046553
strict_core,domain_and_sample,instrument,RMX-2,locked_domain,domain__strict_core__domain_and_sample__instrument__RMX-2,domain__strict_core__domain_and_sample__instrument__RMX-2,structured_vae,zc48__zn16__chem0__ni0__ns0__cond0__ai0__as0__pair0__xrec0__dep0p001__e500,arpls_minmax,1729,419,65,edge_filled_shift,1.5,0.006023236552569858,0.003011618276284929,0.07698957344763725,0.8674495198181258,0.02918400469780274,,2.0,0.7205326450750711,0.07688141614198685,0.5991379310344828,0.6489596083231334,0.8307692307692308,0.019324831664562225,0.5598659003831418,0.6180653859116952,0.9538461538461539,0.014603854157030582,0.5598659003831418,0.6142857142857143,0.8461538461538461,0.011052330024540424
strict_core,domain_and_sample,instrument,RMX-2,locked_domain,domain__strict_core__domain_and_sample__instrument__RMX-2,domain__strict_core__domain_and_sample__instrument__RMX-2,structured_vae,zc48__zn16__chem0__ni0__ns0__cond0__ai0__as0__pair0__xrec0__dep0p001__e500,arpls_minmax,1729,419,65,gaussian_broadening,0.5,0.005985355348354695,0.0029926776741773476,0.0758139898396685,0.8714404248470706,0.029164167306462572,,2.0,0.8688047258498734,0.07117664813995361,0.6455938697318008,0.6303030303030304,1.0,6.110576214268804e-05,0.5876436781609196,0.6209342079109521,1.0,7.28992308722809e-05,0.6455938697318008,0.6493506493506493,1.0,4.619818355422467e-05
strict_core,domain_and_sample,instrument,RMX-2,locked_domain,domain__strict_core__domain_and_sample__instrument__RMX-2,domain__strict_core__domain_and_sample__instrument__RMX-2,structured_vae,zc48__zn16__chem0__ni0__ns0__cond0__ai0__as0__pair0__xrec0__dep0p001__e500,arpls_minmax,1729,419,65,gaussian_broadening,1.0,0.00599629332514449,0.002998146662572245,0.07574932203017087,0.8712515957057497,0.02916332150413899,,2.0,0.8734771623944798,0.07328319177031517,0.6455938697318008,0.6303030303030304,1.0,0.0005375000182539225,0.5876436781609196,0.6264713064713064,0.9846153846153847,0.0007348243962042034,0.6455938697318008,0.6493506493506493,1.0,0.0004063028609380126
strict_core,domain_and_sample,instrument,RMX-2,locked_domain,domain__strict_core__domain_and_sample__instrument__RMX-2,domain__strict_core__domain_and_sample__instrument__RMX-2,structured_vae,zc48__zn16__chem0__ni0__ns0__cond0__ai0__as0__pair0__xrec0__dep0p001__e500,arpls_minmax,1729,419,65,gaussian_broadening,1.5,0.006006238218541044,0.003003119109270522,0.0757233421471853,0.8711331437842217,0.029163245528132875,,2.0,0.7471425713037653,0.06918062269687653,0.6455938697318008,0.6303030303030304,0.9846153846153847,0.0011891694739460945,0.5737547892720306,0.6088888888888889,0.9846153846153847,0.001702074776403606,0.6455938697318008,0.6493506493506493,1.0,0.0008786027319729328
strict_core,domain_and_sample,instrument,RMX-2,locked_domain,domain__strict_core__domain_and_sample__instrument__RMX-2,domain__strict_core__domain_and_sample__instrument__RMX-2,structured_vae,zc48__zn16__chem0__ni0__ns0__cond0__ai0__as0__pair0__xrec0__dep0p001__e500,arpls_minmax,1729,419,65,composite,0.5,0.009182707248599188,0.004591353624299594,0.08368698088038906,0.8549671905153717,0.02927072305326942,,2.0,0.7673290255556067,0.07476802170276642,0.617816091954023,0.6165099268547545,0.9538461538461539,0.09503965079784393,0.4765325670498084,0.49887766554433216,0.6307692307692307,0.06649120897054672,0.6455938697318008,0.6531986531986532,0.9384615384615385,0.06554734706878662
strict_core,domain_and_sample,instrument,RMX-2,locked_domain,domain__strict_core__domain_and_sample__instrument__RMX-2,domain__strict_core__domain_and_sample__instrument__RMX-2,structured_vae,zc48__zn16__chem0__ni0__ns0__cond0__ai0__as0__pair0__xrec0__dep0p001__e500,arpls_minmax,1729,419,65,composite,1.0,0.015751926298160097,0.007875963149080048,0.1001138709265797,0.8099118215682475,0.029370064882733027,,2.0,0.7507438571733815,0.08287012577056885,0.5809386973180076,0.597037037037037,0.7538461538461538,0.2517086863517761,0.2959770114942529,0.33602150537634407,0.4307692307692308,0.13379380106925964,0.5205938697318008,0.5924866514111365,0.7230769230769231,0.189207062125206
strict_core,domain_and_sample,instrument,RMX-2,locked_domain,domain__strict_core__domain_and_sample__instrument__RMX-2,domain__strict_core__domain_and_sample__instrument__RMX-2,structured_vae,zc48__zn16__chem0__ni0__ns0__cond0__ai0__as0__pair0__xrec0__dep0p001__e500,arpls_minmax,1729,419,65,composite,1.5,0.03493684623855004,0.01746842311927502,0.12656647708289068,0.6550273453309393,0.029876515277487442,,2.0,1.837301532732453,0.06783737242221832,0.42576628352490414,0.5021016617790811,0.6307692307692307,0.4227510392665863,0.282088122605364,0.29735449735449737,0.4153846153846154,0.3575143814086914,0.4583333333333333,0.5120120120120121,0.6923076923076923,0.39510899782180786
strict_core,domain_and_sample,sensor_family,GaN_polymer,locked_domain,domain__strict_core__domain_and_sample__sensor_family__GaN_polymer,domain__strict_core__domain_and_sample__sensor_family__GaN_polymer,structured_vae,zc48__zn16__chem0__ni0__ns0__cond0__ai0__as0__pair0__xrec0__dep0p001__e500,arpls_minmax,1729,513,23,scale_offset,0.5,0.007921636728628745,0.003960818364314373,0.09119323983542045,0.9494356054596569,0.013920463856686285,0.8148148148148148,2.0,0.19824877118946788,0.06056201457977295,0.4222222222222222,0.5934065934065934,0.9565217391304348,0.01674407534301281,0.5222222222222221,0.6712962962962963,0.8695652173913043,0.013972997665405273,0.6222222222222222,0.7407407407407407,0.782608695652174,0.01616792567074299
strict_core,domain_and_sample,sensor_family,GaN_polymer,locked_domain,domain__strict_core__domain_and_sample__sensor_family__GaN_polymer,domain__strict_core__domain_and_sample__sensor_family__GaN_polymer,structured_vae,zc48__zn16__chem0__ni0__ns0__cond0__ai0__as0__pair0__xrec0__dep0p001__e500,arpls_minmax,1729,513,23,scale_offset,1.0,0.00998289399443084,0.00499144699721542,0.10164765071101135,0.9334988222546086,0.014023265529551411,0.7962962962962963,2.0,0.2106789390256526,0.05480084801092744,0.3666666666666667,0.5357142857142857,0.8260869565217391,0.0516417995095253,0.55,0.7083333333333333,0.7391304347826086,0.0409696027636528,0.4666666666666667,0.625,0.7391304347826086,0.048272475600242615
strict_core,domain_and_sample,sensor_family,GaN_polymer,locked_domain,domain__strict_core__domain_and_sample__sensor_family__GaN_polymer,domain__strict_core__domain_and_sample__sensor_family__GaN_polymer,structured_vae,zc48__zn16__chem0__ni0__ns0__cond0__ai0__as0__pair0__xrec0__dep0p001__e500,arpls_minmax,1729,513,23,scale_offset,1.5,0.015658280116361386,0.007829140058180693,0.11289441838951424,0.9322106647104283,0.014233457926876348,0.8148148148148148,2.0,0.27227642563046367,0.07660790532827377,0.35,0.5,0.6956521739130435,0.1329965442419052,0.35,0.5,0.5217391304347826,0.09956282377243042,0.4222222222222222,0.5934065934065934,0.6956521739130435,0.12392501533031464
strict_core,domain_and_sample,sensor_family,GaN_polymer,locked_domain,domain__strict_core__domain_and_sample__sensor_family__GaN_polymer,domain__strict_core__domain_and_sample__sensor_family__GaN_polymer,structured_vae,zc48__zn16__chem0__ni0__ns0__cond0__ai0__as0__pair0__xrec0__dep0p001__e500,arpls_minmax,1729,513,23,smooth_baseline,0.5,0.007612729046737041,0.0038063645233685204,0.09744067709592648,0.9476794860137252,0.014134554298814838,0.7962962962962963,2.0,0.32471373079735133,0.06132603157311678,0.4777777777777778,0.6428571428571428,0.782608695652174,0.042316071689128876,0.3944444444444445,0.554945054945055,0.782608695652174,0.02634616196155548,0.45,0.6071428571428572,0.9130434782608695,0.03877304866909981
strict_core,domain_and_sample,sensor_family,GaN_polymer,locked_domain,domain__strict_core__domain_and_sample__sensor_family__GaN_polymer,domain__strict_core__domain_and_sample__sensor_family__GaN_polymer,structured_vae,zc48__zn16__chem0__ni0__ns0__cond0__ai0__as0__pair0__xrec0__dep0p001__e500,arpls_minmax,1729,513,23,smooth_baseline,1.0,0.010839402931230386,0.005419701465615193,0.11806237967208962,0.9291780038683606,0.014478423619724179,0.8333333333333334,2.0,0.24599019718351084,0.07052121311426163,0.5888888888888889,0.7232142857142857,0.5217391304347826,0.11362166702747345,0.26666666666666666,0.41666666666666663,0.6521739130434783,0.07950104027986526,0.45,0.6190476190476191,0.6956521739130435,0.10555148124694824
strict_core,domain_and_sample,sensor_family,GaN_polymer,locked_domain,domain__strict_core__domain_and_sample__sensor_family__GaN_polymer,domain__strict_core__domain_and_sample__sensor_family__GaN_polymer,structured_vae,zc48__zn16__chem0__ni0__ns0__cond0__ai0__as0__pair0__xrec0__dep0p001__e500,arpls_minmax,1729,513,23,smooth_baseline,1.5,0.01671821969422276,0.00835910984711138,0.14174090605046621,0.8860595669076626,0.015008318344998604,0.8518518518518519,2.0,0.534886770489816,0.06755467504262924,0.48888888888888893,0.6041666666666666,0.5217391304347826,0.20066766440868378,0.3388888888888889,0.5031055900621118,0.5217391304347826,0.13581536710262299,0.3222222222222222,0.47435897435897434,0.6086956521739131,0.18804310262203217
strict_core,domain_and_sample,sensor_family,GaN_polymer,locked_domain,domain__strict_core__domain_and_sample__sensor_family__GaN_polymer,domain__strict_core__domain_and_sample__sensor_family__GaN_polymer,structured_vae,zc48__zn16__chem0__ni0__ns0__cond0__ai0__as0__pair0__xrec0__dep0p001__e500,arpls_minmax,1729,513,23,gaussian_noise,0.5,0.006448452017540176,0.003224226008770088,0.08741035755156991,0.9509444554042603,0.013875181775261492,0.8333333333333334,2.0,0.2336771122333965,0.06310962606221437,0.4222222222222222,0.5934065934065934,1.0,0.000181052993866615,0.4222222222222222,0.582010582010582,1.0,0.0002412873727735132,0.45,0.6071428571428572,1.0,0.0001806875952752307
strict_core,domain_and_sample,sensor_family,GaN_polymer,locked_domain,domain__strict_core__domain_and_sample__sensor_family__GaN_polymer,domain__strict_core__domain_and_sample__sensor_family__GaN_polymer,structured_vae,zc48__zn16__chem0__ni0__ns0__cond0__ai0__as0__pair0__xrec0__dep0p001__e500,arpls_minmax,1729,513,23,gaussian_noise,1.0,0.006437404256477528,0.003218702128238764,0.08757509905395279,0.9498136378124691,0.013880360809752355,0.8333333333333334,2.0,0.2597269821383713,0.061861515685450286,0.4777777777777778,0.6428571428571428,0.9130434782608695,0.0010084069799631834,0.5222222222222221,0.6712962962962963,0.9565217391304348,0.0010972048621624708,0.4777777777777778,0.6305418719211823,0.9565217391304348,0.0009755906648933887
strict_core,domain_and_sample,sensor_family,GaN_polymer,locked_domain,domain__strict_core__domain_and_sample__sensor_family__GaN_polymer,domain__strict_core__domain_and_sample__sensor_family__GaN_polymer,structured_vae,zc48__zn16__chem0__ni0__ns0__cond0__ai0__as0__pair0__xrec0__dep0p001__e500,arpls_minmax,1729,513,23,gaussian_noise,1.5,0.0064728125635798665,0.0032364062817899332,0.08813596853751543,0.9492497370426174,0.013896089952260575,0.8148148148148148,2.0,0.2495166498392331,0.0592237735982053,0.4777777777777778,0.6428571428571428,0.9130434782608695,0.0027976268902420998,0.3944444444444445,0.554945054945055,0.9565217391304348,0.0034087947569787502,0.4777777777777778,0.6305418719211823,0.9565217391304348,0.0027524102479219437
strict_core,domain_and_sample,sensor_family,GaN_polymer,locked_domain,domain__strict_core__domain_and_sample__sensor_family__GaN_polymer,domain__strict_core__domain_and_sample__sensor_family__GaN_polymer,structured_vae,zc48__zn16__chem0__ni0__ns0__cond0__ai0__as0__pair0__xrec0__dep0p001__e500,arpls_minmax,1729,513,23,isolated_spikes,0.5,0.006443004034764167,0.0032215020173820834,0.08729667218389438,0.9511562603141133,0.013879794837607928,0.8333333333333334,2.0,0.2419701493159476,0.06363437947584316,0.4222222222222222,0.5934065934065934,1.0,4.725611870526336e-05,0.4222222222222222,0.582010582010582,1.0,7.616955554112792e-05,0.45,0.6071428571428572,1.0,5.043848796049133e-05
strict_core,domain_and_sample,sensor_family,GaN_polymer,locked_domain,domain__strict_core__domain_and_sample__sensor_family__GaN_polymer,domain__strict_core__domain_and_sample__sensor_family__GaN_polymer,structured_vae,zc48__zn16__chem0__ni0__ns0__cond0__ai0__as0__pair0__xrec0__dep0p001__e500,arpls_minmax,1729,513,23,isolated_spikes,1.0,0.006417318046323376,0.003208659023161688,0.0872409753417315,0.9509238104347437,0.01387964554957558,0.8333333333333334,2.0,0.2387767793595152,0.06371845817193389,0.45,0.6190476190476191,0.9565217391304348,0.00013424780627246946,0.4222222222222222,0.582010582010582,1.0,0.00029043012182228267,0.45,0.6071428571428572,1.0,0.00014760442718397826
strict_core,domain_and_sample,sensor_family,GaN_polymer,locked_domain,domain__strict_core__domain_and_sample__sensor_family__GaN_polymer,domain__strict_core__domain_and_sample__sensor_family__GaN_polymer,structured_vae,zc48__zn16__chem0__ni0__ns0__cond0__ai0__as0__pair0__xrec0__dep0p001__e500,arpls_minmax,1729,513,23,isolated_spikes,1.5,0.006462502165216636,0.003231251082608318,0.0874497054832855,0.9508671131903589,0.013880225424053328,0.8333333333333334,2.0,0.22890796601969335,0.06356367282569408,0.45,0.6190476190476191,0.9565217391304348,0.0003408038173802197,0.4222222222222222,0.582010582010582,1.0,0.0006840125424787402,0.45,0.6071428571428572,1.0,0.00036664889194071293
strict_core,domain_and_sample,sensor_family,GaN_polymer,locked_domain,domain__strict_core__domain_and_sample__sensor_family__GaN_polymer,domain__strict_core__domain_and_sample__sensor_family__GaN_polymer,structured_vae,zc48__zn16__chem0__ni0__ns0__cond0__ai0__as0__pair0__xrec0__dep0p001__e500,arpls_minmax,1729,513,23,edge_filled_shift,0.5,0.006442818789276412,0.003221409394638206,0.08734482555660532,0.9510631191806349,0.01387198198516389,0.8333333333333334,2.0,0.22052881439791272,0.059410070709418505,0.4222222222222222,0.5934065934065934,0.9130434782608695,0.001053491374477744,0.3944444444444445,0.554945054945055,0.8695652173913043,0.0026222700253129005,0.5222222222222221,0.6712962962962963,0.8260869565217391,0.0011520774569362402
strict_core,domain_and_sample,sensor_family,GaN_polymer,locked_domain,domain__strict_core__domain_and_sample__sensor_family__GaN_polymer,domain__strict_core__domain_and_sample__sensor_family__GaN_polymer,structured_vae,zc48__zn16__chem0__ni0__ns0__cond0__ai0__as0__pair0__xrec0__dep0p001__e500,arpls_minmax,1729,513,23,edge_filled_shift,1.0,0.006428179824476974,0.003214089912238487,0.08706283399562391,0.9510631191806349,0.01387477638078635,0.8148148148148148,2.0,0.20677164475657758,0.05979648977518082,0.4222222222222222,0.5934065934065934,0.9130434782608695,0.0020618438720703125,0.4222222222222222,0.582010582010582,1.0,0.004874156787991524,0.5777777777777777,0.7198275862068966,0.9130434782608695,0.002306754235178232
strict_core,domain_and_sample,sensor_family,GaN_polymer,locked_domain,domain__strict_core__domain_and_sample__sensor_family__GaN_polymer,domain__strict_core__domain_and_sample__sensor_family__GaN_polymer,structured_vae,zc48__zn16__chem0__ni0__ns0__cond0__ai0__as0__pair0__xrec0__dep0p001__e500,arpls_minmax,1729,513,23,edge_filled_shift,1.5,0.006484143149751543,0.0032420715748757716,0.08772162426421341,0.9512802643207611,0.013893437657570585,0.8148148148148148,2.0,0.21916654774079652,0.05988166359020397,0.4777777777777778,0.6428571428571428,0.9130434782608695,0.0036611633840948343,0.4222222222222222,0.582010582010582,0.9130434782608695,0.008580137975513935,0.5777777777777777,0.7198275862068966,0.9130434782608695,0.004056790377944708
strict_core,domain_and_sample,sensor_family,GaN_polymer,locked_domain,domain__strict_core__domain_and_sample__sensor_family__GaN_polymer,domain__strict_core__domain_and_sample__sensor_family__GaN_polymer,structured_vae,zc48__zn16__chem0__ni0__ns0__cond0__ai0__as0__pair0__xrec0__dep0p001__e500,arpls_minmax,1729,513,23,gaussian_broadening,0.5,0.0064369263306662166,0.0032184631653331083,0.08724829244034128,0.9511246855166962,0.013876526519275359,0.8333333333333334,2.0,0.2373849822291749,0.06340214749798179,0.4222222222222222,0.5934065934065934,1.0,3.026879312528763e-06,0.4222222222222222,0.582010582010582,1.0,5.8127484408032615e-06,0.45,0.6071428571428572,1.0,3.516674041748047e-06
strict_core,domain_and_sample,sensor_family,GaN_polymer,locked_domain,domain__strict_core__domain_and_sample__sensor_family__GaN_polymer,domain__strict_core__domain_and_sample__sensor_family__GaN_polymer,structured_vae,zc48__zn16__chem0__ni0__ns0__cond0__ai0__as0__pair0__xrec0__dep0p001__e500,arpls_minmax,1729,513,23,gaussian_broadening,1.0,0.006437398695391019,0.0032186993476955093,0.08723541627344517,0.9511227953726397,0.013875324652785737,0.8333333333333334,2.0,0.2355677823836306,0.06346334284171462,0.4222222222222222,0.5934065934065934,1.0,2.9068925869069062e-05,0.4222222222222222,0.582010582010582,1.0,6.195514288265258e-05,0.45,0.6071428571428572,1.0,3.415346145629883e-05
strict_core,domain_and_sample,sensor_family,GaN_polymer,locked_domain,domain__strict_core__domain_and_sample__sensor_family__GaN_polymer,domain__strict_core__domain_and_sample__sensor_family__GaN_polymer,structured_vae,zc48__zn16__chem0__ni0__ns0__cond0__ai0__as0__pair0__xrec0__dep0p001__e500,arpls_minmax,1729,513,23,gaussian_broadening,1.5,0.0064373925213926505,0.0032186962606963253,0.08723365495177547,0.9511191135302526,0.01387401145651616,0.8333333333333334,2.0,0.23282447398302691,0.06358204921707511,0.4222222222222222,0.5934065934065934,1.0,5.990007775835693e-05,0.4222222222222222,0.582010582010582,1.0,0.00015485286712646484,0.45,0.6071428571428572,1.0,7.171734614530578e-05
strict_core,domain_and_sample,sensor_family,GaN_polymer,locked_domain,domain__strict_core__domain_and_sample__sensor_family__GaN_polymer,domain__strict_core__domain_and_sample__sensor_family__GaN_polymer,structured_vae,zc48__zn16__chem0__ni0__ns0__cond0__ai0__as0__pair0__xrec0__dep0p001__e500,arpls_minmax,1729,513,23,composite,0.5,0.008822325088337779,0.004411162544168889,0.10186079855987698,0.9508841274983908,0.014249803913701372,0.7962962962962963,2.0,0.27814156287961433,0.06904706545174122,0.4777777777777778,0.6428571428571428,0.6956521739130435,0.05861717090010643,0.5222222222222221,0.6712962962962963,0.6956521739130435,0.040919478982686996,0.5055555555555555,0.6523809523809523,0.8695652173913043,0.05346376821398735
strict_core,domain_and_sample,sensor_family,GaN_polymer,locked_domain,domain__strict_core__domain_and_sample__sensor_family__GaN_polymer,domain__strict_core__domain_and_sample__sensor_family__GaN_polymer,structured_vae,zc48__zn16__chem0__ni0__ns0__cond0__ai0__as0__pair0__xrec0__dep0p001__e500,arpls_minmax,1729,513,23,composite,1.0,0.012795172526906236,0.006397586263453118,0.12114347001703137,0.9187058476962504,0.014546057974634157,0.8333333333333334,2.0,0.35063210700392866,0.0649408804383711,0.4777777777777778,0.6428571428571428,0.782608695652174,0.13748961687088013,0.25,0.32142857142857145,0.4782608695652174,0.08968032896518707,0.45,0.6190476190476191,0.8260869565217391,0.12787748873233795
strict_core,domain_and_sample,sensor_family,GaN_polymer,locked_domain,domain__strict_core__domain_and_sample__sensor_family__GaN_polymer,domain__strict_core__domain_and_sample__sensor_family__GaN_polymer,structured_vae,zc48__zn16__chem0__ni0__ns0__cond0__ai0__as0__pair0__xrec0__dep0p001__e500,arpls_minmax,1729,513,23,composite,1.5,0.026178722766563686,0.013089361383281843,0.1541130427160232,0.8383029416777985,0.01508698250286063,0.7037037037037037,2.0,0.27876886597552664,0.07232031971216202,0.3055555555555556,0.3793103448275862,0.4782608695652174,0.2487436980009079,0.29444444444444445,0.42592592592592593,0.391304347826087,0.1811632513999939,0.19444444444444445,0.2692307692307692,0.6086956521739131,0.23526796698570251
strict_core,domain_and_sample,sensor_family,H_SERS_H_Kit,locked_domain,domain__strict_core__domain_and_sample__sensor_family__H_SERS_H_Kit,domain__strict_core__domain_and_sample__sensor_family__H_SERS_H_Kit,structured_vae,zc48__zn16__chem0__ni0__ns0__cond0__ai0__as0__pair0__xrec0__dep0p001__e500,arpls_minmax,1729,382,153,scale_offset,0.5,0.022131756255154546,0.011065878127577273,0.182502652286502,0.3901140485503154,0.022841235924747055,0.33035714285714285,2.25,0.5889178347196475,0.10595427616499364,1.0,1.0,0.954248366013072,0.005090439226478338,1.0,1.0,0.9084967320261438,0.018772073090076447,1.0,1.0,0.9150326797385621,0.008125878870487213
strict_core,domain_and_sample,sensor_family,H_SERS_H_Kit,locked_domain,domain__strict_core__domain_and_sample__sensor_family__H_SERS_H_Kit,domain__strict_core__domain_and_sample__sensor_family__H_SERS_H_Kit,structured_vae,zc48__zn16__chem0__ni0__ns0__cond0__ai0__as0__pair0__xrec0__dep0p001__e500,arpls_minmax,1729,382,153,scale_offset,1.0,0.027079288507407293,0.013539644253703647,0.18723276004719316,0.36867749400977384,0.022969525031928555,0.34325396825396826,2.5,0.5683856264353415,0.11676433216780424,1.0,1.0,0.8954248366013072,0.024071652442216873,1.0,1.0,0.803921568627451,0.08267921954393387,1.0,1.0,0.934640522875817,0.037541475147008896
strict_core,domain_and_sample,sensor_family,H_SERS_H_Kit,locked_domain,domain__strict_core__domain_and_sample__sensor_family__H_SERS_H_Kit,domain__strict_core__domain_and_sample__sensor_family__H_SERS_H_Kit,structured_vae,zc48__zn16__chem0__ni0__ns0__cond0__ai0__as0__pair0__xrec0__dep0p001__e500,arpls_minmax,1729,382,153,scale_offset,1.5,0.032321252139481574,0.016160626069740787,0.1956263664379306,0.3314127474054044,0.022931856914644885,0.32242063492063494,2.5,0.5887031003529486,0.12363163114059716,1.0,1.0,0.8104575163398693,0.05737178772687912,1.0,1.0,0.738562091503268,0.1381116807460785,1.0,1.0,0.9019607843137255,0.07732230424880981
strict_core,domain_and_sample,sensor_family,H_SERS_H_Kit,locked_domain,domain__strict_core__domain_and_sample__sensor_family__H_SERS_H_Kit,domain__strict_core__domain_and_sample__sensor_family__H_SERS_H_Kit,structured_vae,zc48__zn16__chem0__ni0__ns0__cond0__ai0__as0__pair0__xrec0__dep0p001__e500,arpls_minmax,1729,382,153,smooth_baseline,0.5,0.022084032318020416,0.011042016159010208,0.17868440604809,0.4110124532466427,0.023082262227713646,0.3323412698412698,2.5,0.5663943761498749,0.09463224560022354,1.0,1.0,0.9215686274509803,0.016295336186885834,1.0,1.0,0.8169934640522876,0.05204860866069794,1.0,1.0,0.9215686274509803,0.024050651118159294
strict_core,domain_and_sample,sensor_family,H_SERS_H_Kit,locked_domain,domain__strict_core__domain_and_sample__sensor_family__H_SERS_H_Kit,domain__strict_core__domain_and_sample__sensor_family__H_SERS_H_Kit,structured_vae,zc48__zn16__chem0__ni0__ns0__cond0__ai0__as0__pair0__xrec0__dep0p001__e500,arpls_minmax,1729,382,153,smooth_baseline,1.0,0.027542846070628377,0.013771423035314189,0.18628053378223763,0.3432733307600836,0.02346499774632871,0.3412698412698413,2.0,0.5904679734371736,0.11097191739827394,1.0,1.0,0.803921568627451,0.056477759033441544,1.0,1.0,0.5816993464052288,0.17570166289806366,1.0,1.0,0.8758169934640523,0.07994239032268524
strict_core,domain_and_sample,sensor_family,H_SERS_H_Kit,locked_domain,domain__strict_core__domain_and_sample__sensor_family__H_SERS_H_Kit,domain__strict_core__domain_and_sample__sensor_family__H_SERS_H_Kit,structured_vae,zc48__zn16__chem0__ni0__ns0__cond0__ai0__as0__pair0__xrec0__dep0p001__e500,arpls_minmax,1729,382,153,smooth_baseline,1.5,0.03318894782786061,0.016594473913930305,0.19322316984245963,0.3552394470401793,0.023886495449800402,0.3531746031746032,2.75,0.6745888440005923,0.12342650862410665,1.0,1.0,0.7647058823529411,0.10588560253381729,1.0,1.0,0.5228758169934641,0.27348166704177856,1.0,1.0,0.7973856209150327,0.14447766542434692
strict_core,domain_and_sample,sensor_family,H_SERS_H_Kit,locked_domain,domain__strict_core__domain_and_sample__sensor_family__H_SERS_H_Kit,domain__strict_core__domain_and_sample__sensor_family__H_SERS_H_Kit,structured_vae,zc48__zn16__chem0__ni0__ns0__cond0__ai0__as0__pair0__xrec0__dep0p001__e500,arpls_minmax,1729,382,153,gaussian_noise,0.5,0.020924386744901255,0.010462193372450627,0.17952442641949107,0.3630417347220382,0.022813721414622963,0.3392857142857143,2.5,0.602614243361562,0.10226850875187665,1.0,1.0,0.9934640522875817,0.00031974969897419214,1.0,1.0,0.9934640522875817,0.00024069291248451918,1.0,1.0,0.9673202614379085,0.00024199251492973417
strict_core,domain_and_sample,sensor_family,H_SERS_H_Kit,locked_domain,domain__strict_core__domain_and_sample__sensor_family__H_SERS_H_Kit,domain__strict_core__domain_and_sample__sensor_family__H_SERS_H_Kit,structured_vae,zc48__zn16__chem0__ni0__ns0__cond0__ai0__as0__pair0__xrec0__dep0p001__e500,arpls_minmax,1729,382,153,gaussian_noise,1.0,0.020967091890676283,0.010483545945338141,0.17968525638963803,0.3767187560359582,0.022809383900581338,0.3382936507936508,2.5,0.5764650771788846,0.10089033062104136,1.0,1.0,0.9738562091503268,0.0012158910976722836,1.0,1.0,0.9738562091503268,0.0009117710869759321,1.0,1.0,0.9673202614379085,0.0009744806447997689
strict_core,domain_and_sample,sensor_family,H_SERS_H_Kit,locked_domain,domain__strict_core__domain_and_sample__sensor_family__H_SERS_H_Kit,domain__strict_core__domain_and_sample__sensor_family__H_SERS_H_Kit,structured_vae,zc48__zn16__chem0__ni0__ns0__cond0__ai0__as0__pair0__xrec0__dep0p001__e500,arpls_minmax,1729,382,153,gaussian_noise,1.5,0.021158138695084767,0.010579069347542384,0.18049244340161438,0.3522248217961616,0.022827840688252058,0.3392857142857143,2.5,0.5799956251629445,0.10250754468142986,1.0,1.0,0.9607843137254902,0.0027472677174955606,1.0,1.0,0.9150326797385621,0.0020116777159273624,1.0,1.0,0.9673202614379085,0.00216646958142519
strict_core,domain_and_sample,sensor_family,H_SERS_H_Kit,locked_domain,domain__strict_core__domain_and_sample__sensor_family__H_SERS_H_Kit,domain__strict_core__domain_and_sample__sensor_family__H_SERS_H_Kit,structured_vae,zc48__zn16__chem0__ni0__ns0__cond0__ai0__as0__pair0__xrec0__dep0p001__e500,arpls_minmax,1729,382,153,isolated_spikes,0.5,0.020871588384235383,0.010435794192117692,0.17914135497389366,0.36678118900855194,0.022828129922964128,0.33630952380952384,2.5,0.6031417933694854,0.0983197177411057,1.0,1.0,0.9934640522875817,0.00014165531320031732,1.0,1.0,1.0,8.3015242125839e-05,1.0,1.0,0.9803921568627451,9.870061330730096e-05
strict_core,domain_and_sample,sensor_family,H_SERS_H_Kit,locked_domain,domain__strict_core__domain_and_sample__sensor_family__H_SERS_H_Kit,domain__strict_core__domain_and_sample__sensor_family__H_SERS_H_Kit,structured_vae,zc48__zn16__chem0__ni0__ns0__cond0__ai0__as0__pair0__xrec0__dep0p001__e500,arpls_minmax,1729,382,153,isolated_spikes,1.0,0.020860846453142935,0.010430423226571468,0.17901484403944218,0.3677507879724549,0.022832403406868828,0.3343253968253968,2.5,0.6003148722555722,0.0990283745341003,1.0,1.0,1.0,0.0005971243954263628,1.0,1.0,0.9869281045751634,0.0003845415194518864,1.0,1.0,0.9869281045751634,0.0004209790495224297
strict_core,domain_and_sample,sensor_family,H_SERS_H_Kit,locked_domain,domain__strict_core__domain_and_sample__sensor_family__H_SERS_H_Kit,domain__strict_core__domain_and_sample__sensor_family__H_SERS_H_Kit,structured_vae,zc48__zn16__chem0__ni0__ns0__cond0__ai0__as0__pair0__xrec0__dep0p001__e500,arpls_minmax,1729,382,153,isolated_spikes,1.5,0.020859751346829762,0.010429875673414881,0.1789899062247344,0.3759524584768893,0.022834969782272136,0.3382936507936508,2.5,0.5861534370859808,0.09749060653848574,1.0,1.0,0.9803921568627451,0.0009211255237460136,1.0,1.0,0.9477124183006536,0.0006698931101709604,1.0,1.0,0.9673202614379085,0.000733411405235529
strict_core,domain_and_sample,sensor_family,H_SERS_H_Kit,locked_domain,domain__strict_core__domain_and_sample__sensor_family__H_SERS_H_Kit,domain__strict_core__domain_and_sample__sensor_family__H_SERS_H_Kit,structured_vae,zc48__zn16__chem0__ni0__ns0__cond0__ai0__as0__pair0__xrec0__dep0p001__e500,arpls_minmax,1729,382,153,edge_filled_shift,0.5,0.020925212277350003,0.010462606138675001,0.17939162042155896,0.3543263766978349,0.022824564362977934,0.34523809523809523,2.5,0.6044745085527228,0.10608192335348576,1.0,1.0,0.954248366013072,0.006179837044328451,1.0,1.0,0.9607843137254902,0.0025840268936008215,1.0,1.0,0.9607843137254902,0.004109068773686886
strict_core,domain_and_sample,sensor_family,H_SERS_H_Kit,locked_domain,domain__strict_core__domain_and_sample__sensor_family__H_SERS_H_Kit,domain__strict_core__domain_and_sample__sensor_family__H_SERS_H_Kit,structured_vae,zc48__zn16__chem0__ni0__ns0__cond0__ai0__as0__pair0__xrec0__dep0p001__e500,arpls_minmax,1729,382,153,edge_filled_shift,1.0,0.020964243137365546,0.010482121568682773,0.17955391165030124,0.3626960632037573,0.022819274037099217,0.3343253968253968,3.0,0.5885191198066706,0.10009079042356461,1.0,1.0,0.954248366013072,0.010684669949114323,1.0,1.0,0.954248366013072,0.003797168843448162,1.0,1.0,0.9803921568627451,0.006840063724666834
strict_core,domain_and_sample,sensor_family,H_SERS_H_Kit,locked_domain,domain__strict_core__domain_and_sample__sensor_family__H_SERS_H_Kit,domain__strict_core__domain_and_sample__sensor_family__H_SERS_H_Kit,structured_vae,zc48__zn16__chem0__ni0__ns0__cond0__ai0__as0__pair0__xrec0__dep0p001__e500,arpls_minmax,1729,382,153,edge_filled_shift,1.5,0.021002389373941225,0.010501194686970612,0.17999548697183743,0.3453833270628355,0.022821078819668463,0.33134920634920634,2.5,0.5902107112844573,0.09760084189474583,1.0,1.0,0.934640522875817,0.014758373610675335,1.0,1.0,0.9150326797385621,0.006332279182970524,1.0,1.0,0.9477124183006536,0.010133855044841766
strict_core,domain_and_sample,sensor_family,H_SERS_H_Kit,locked_domain,domain__strict_core__domain_and_sample__sensor_family__H_SERS_H_Kit,domain__strict_core__domain_and_sample__sensor_family__H_SERS_H_Kit,structured_vae,zc48__zn16__chem0__ni0__ns0__cond0__ai0__as0__pair0__xrec0__dep0p001__e500,arpls_minmax,1729,382,153,gaussian_broadening,0.5,0.02087113565993861,0.010435567829969305,0.17920862352381928,0.36445498628041323,0.02282387552020983,0.33630952380952384,2.5,0.6077394521984623,0.10069407476112247,1.0,1.0,1.0,4.081983206560835e-05,1.0,1.0,0.9934640522875817,3.160448613925837e-05,1.0,1.0,1.0,3.06106849166099e-05
strict_core,domain_and_sample,sensor_family,H_SERS_H_Kit,locked_domain,domain__strict_core__domain_and_sample__sensor_family__H_SERS_H_Kit,domain__strict_core__domain_and_sample__sensor_family__H_SERS_H_Kit,structured_vae,zc48__zn16__chem0__ni0__ns0__cond0__ai0__as0__pair0__xrec0__dep0p001__e500,arpls_minmax,1729,382,153,gaussian_broadening,1.0,0.020865164467300724,0.010432582233650362,0.17924116951968433,0.364375096186901,0.022823312141456303,0.3323412698412698,2.75,0.6021376576570321,0.0995352371246554,1.0,1.0,1.0,0.0004930784343741834,1.0,1.0,0.9803921568627451,0.0004418523458298296,1.0,1.0,0.9934640522875817,0.0004015580634586513
strict_core,domain_and_sample,sensor_family,H_SERS_H_Kit,locked_domain,domain__strict_core__domain_and_sample__sensor_family__H_SERS_H_Kit,domain__strict_core__domain_and_sample__sensor_family__H_SERS_H_Kit,structured_vae,zc48__zn16__chem0__ni0__ns0__cond0__ai0__as0__pair0__xrec0__dep0p001__e500,arpls_minmax,1729,382,153,gaussian_broadening,1.5,0.020862928252410068,0.010431464126205034,0.17930636110338763,0.36262381855810144,0.022818993364731182,0.3323412698412698,2.75,0.6019023594873139,0.09961602935800329,1.0,1.0,0.9869281045751634,0.0012798644602298737,1.0,1.0,0.9803921568627451,0.0010949037969112396,1.0,1.0,0.9803921568627451,0.00104049954097718
strict_core,domain_and_sample,sensor_family,H_SERS_H_Kit,locked_domain,domain__strict_core__domain_and_sample__sensor_family__H_SERS_H_Kit,domain__strict_core__domain_and_sample__sensor_family__H_SERS_H_Kit,structured_vae,zc48__zn16__chem0__ni0__ns0__cond0__ai0__as0__pair0__xrec0__dep0p001__e500,arpls_minmax,1729,382,153,composite,0.5,0.024062608831561604,0.012031304415780802,0.18200998371618385,0.35258907022771613,0.023145174582549468,0.33134920634920634,2.5,0.5881456279348336,0.1089262068271637,1.0,1.0,0.8562091503267973,0.027447599917650223,1.0,1.0,0.7777777777777778,0.07582173496484756,1.0,1.0,0.8954248366013072,0.03659245744347572
strict_core,domain_and_sample,sensor_family,H_SERS_H_Kit,locked_domain,domain__strict_core__domain_and_sample__sensor_family__H_SERS_H_Kit,domain__strict_core__domain_and_sample__sensor_family__H_SERS_H_Kit,structured_vae,zc48__zn16__chem0__ni0__ns0__cond0__ai0__as0__pair0__xrec0__dep0p001__e500,arpls_minmax,1729,382,153,composite,1.0,0.034926226490606165,0.017463113245303082,0.19319097130727972,0.33868360944085246,0.02358473766688384,0.3382936507936508,2.5,0.6232889383909652,0.11578086437657475,1.0,1.0,0.8104575163398693,0.0981922522187233,0.0,0.0,0.5228758169934641,0.23488056659698486,1.0,1.0,0.8431372549019608,0.12026266753673553
strict_core,domain_and_sample,sensor_family,H_SERS_H_Kit,locked_domain,domain__strict_core__domain_and_sample__sensor_family__H_SERS_H_Kit,domain__strict_core__domain_and_sample__sensor_family__H_SERS_H_Kit,structured_vae,zc48__zn16__chem0__ni0__ns0__cond0__ai0__as0__pair0__xrec0__dep0p001__e500,arpls_minmax,1729,382,153,composite,1.5,0.04438887915488705,0.022194439577443523,0.19972945752447271,0.24242737458535332,0.0238633224978117,0.32242063492063494,2.0,0.610920251406084,0.1287725269794464,1.0,1.0,0.6666666666666666,0.17399953305721283,1.0,1.0,0.48366013071895425,0.3284919559955597,1.0,1.0,0.738562091503268,0.2090555876493454
strict_core,domain_and_sample,sensor_family,NRC_Canadian_SERS,locked_domain,domain__strict_core__domain_and_sample__sensor_family__NRC_Canadian_SERS,domain__strict_core__domain_and_sample__sensor_family__NRC_Canadian_SERS,structured_vae,zc48__zn16__chem0__ni0__ns0__cond0__ai0__as0__pair0__xrec0__dep0p001__e500,arpls_minmax,1729,144,98,scale_offset,0.5,0.022267756822881336,0.011133878411440668,0.13982212455524634,0.6994748304363725,0.018858187951272296,0.512,2.0,0.627851054632826,0.10967680532485247,0.3040758261346497,0.2286426679133551,0.8775510204081632,0.018097927793860435,0.2037141779788839,0.11099865047233469,0.9183673469387755,0.006451922003179789,0.28515357191827784,0.19142300194931772,0.9591836734693877,0.010817807167768478
strict_core,domain_and_sample,sensor_family,NRC_Canadian_SERS,locked_domain,domain__strict_core__domain_and_sample__sensor_family__NRC_Canadian_SERS,domain__strict_core__domain_and_sample__sensor_family__NRC_Canadian_SERS,structured_vae,zc48__zn16__chem0__ni0__ns0__cond0__ai0__as0__pair0__xrec0__dep0p001__e500,arpls_minmax,1729,144,98,scale_offset,1.0,0.026209726941580774,0.013104863470790387,0.14840709971304777,0.6817694207819345,0.01883797295795128,0.5146666666666667,2.0,0.6338477788227685,0.0979355089366436,0.24117361396773163,0.2098989898989899,0.6938775510204082,0.09109485149383545,0.25697586726998495,0.15890680596562948,0.9081632653061225,0.03971749544143677,0.27988767768179534,0.22261682246202366,0.8673469387755102,0.05778205022215843
strict_core,domain_and_sample,sensor_family,NRC_Canadian_SERS,locked_domain,domain__strict_core__domain_and_sample__sensor_family__NRC_Canadian_SERS,domain__strict_core__domain_and_sample__sensor_family__NRC_Canadian_SERS,structured_vae,zc48__zn16__chem0__ni0__ns0__cond0__ai0__as0__pair0__xrec0__dep0p001__e500,arpls_minmax,1729,144,98,scale_offset,1.5,0.03260128222847944,0.01630064111423972,0.1536658726828389,0.6605631661621305,0.019256369392486327,0.496,2.0,0.6385144205596879,0.10470919590443373,0.15655423008364186,0.10823958650045608,0.7040816326530612,0.15274901688098907,0.22633861236802413,0.1377104377104377,0.8367346938775511,0.05841061845421791,0.23901343754284932,0.15981287817900222,0.8163265306122449,0.09816525131464005
strict_core,domain_and_sample,sensor_family,NRC_Canadian_SERS,locked_domain,domain__strict_core__domain_and_sample__sensor_family__NRC_Canadian_SERS,domain__strict_core__domain_and_sample__sensor_family__NRC_Canadian_SERS,structured_vae,zc48__zn16__chem0__ni0__ns0__cond0__ai0__as0__pair0__xrec0__dep0p001__e500,arpls_minmax,1729,144,98,smooth_baseline,0.5,0.024166876898836284,0.012083438449418142,0.14075001662731504,0.7030640133078585,0.019485245455274643,0.504,2.0,0.6197969874698767,0.09871162287890911,0.26027983454454046,0.18085540649008144,0.8673469387755102,0.02491656132042408,0.22153092006033184,0.13074491939897945,0.8877551020408163,0.02221347577869892,0.23901343754284932,0.16266174594496083,0.8877551020408163,0.022617246955633163
strict_core,domain_and_sample,sensor_family,NRC_Canadian_SERS,locked_domain,domain__strict_core__domain_and_sample__sensor_family__NRC_Canadian_SERS,domain__strict_core__domain_and_sample__sensor_family__NRC_Canadian_SERS,structured_vae,zc48__zn16__chem0__ni0__ns0__cond0__ai0__as0__pair0__xrec0__dep0p001__e500,arpls_minmax,1729,144,98,smooth_baseline,1.0,0.02895023264053174,0.01447511632026587,0.14759698160984708,0.6687608760751194,0.020310568519669683,0.544,2.0,0.6097415261202849,0.08937560580670834,0.2711075689016866,0.19727272727272727,0.8163265306122449,0.06933902949094772,0.22954374057315233,0.12668665667166418,0.8163265306122449,0.05953022837638855,0.18540038392979566,0.11208356860530773,0.7959183673469388,0.06352712213993073
strict_core,domain_and_sample,sensor_family,NRC_Canadian_SERS,locked_domain,domain__strict_core__domain_and_sample__sensor_family__NRC_Canadian_SERS,domain__strict_core__domain_and_sample__sensor_family__NRC_Canadian_SERS,structured_vae,zc48__zn16__chem0__ni0__ns0__cond0__ai0__as0__pair0__xrec0__dep0p001__e500,arpls_minmax,1729,144,98,smooth_baseline,1.5,0.03389138074242035,0.016945690371210177,0.15401494569757632,0.6242817101216973,0.02103516454673707,0.5306666666666666,2.0,0.6005608326334749,0.09631754457950592,0.2711075689016866,0.19532534648813718,0.7653061224489796,0.1123475506901741,0.25176596279537455,0.16302681992337165,0.7448979591836735,0.10662132501602173,0.22706705059646234,0.12971362060806058,0.6938775510204082,0.1084999144077301
strict_core,domain_and_sample,sensor_family,NRC_Canadian_SERS,locked_domain,domain__strict_core__domain_and_sample__sensor_family__NRC_Canadian_SERS,domain__strict_core__domain_and_sample__sensor_family__NRC_Canadian_SERS,structured_vae,zc48__zn16__chem0__ni0__ns0__cond0__ai0__as0__pair0__xrec0__dep0p001__e500,arpls_minmax,1729,144,98,gaussian_noise,0.5,0.020794561806548043,0.010397280903274022,0.13738227134556547,0.7143623714613621,0.01878261119790037,0.504,2.0,0.5994409639391525,0.10150929540395737,0.2670671648612825,0.20628426578083325,1.0,0.00033269793493673205,0.25018853695324283,0.1386130420390599,1.0,0.00014601009024772793,0.28515357191827784,0.18861304203905993,0.9897959183673469,0.0002146801125491038
strict_core,domain_and_sample,sensor_family,NRC_Canadian_SERS,locked_domain,domain__strict_core__domain_and_sample__sensor_family__NRC_Canadian_SERS,domain__strict_core__domain_and_sample__sensor_family__NRC_Canadian_SERS,structured_vae,zc48__zn16__chem0__ni0__ns0__cond0__ai0__as0__pair0__xrec0__dep0p001__e500,arpls_minmax,1729,144,98,gaussian_noise,1.0,0.021033586219185923,0.010516793109592961,0.13760578376765867,0.7110921559001302,0.018838662049106333,0.5173333333333333,2.0,0.6100611160759615,0.10444321483373642,0.2670671648612825,0.20496151445808194,0.9591836734693877,0.0013460820773616433,0.25018853695324283,0.13773584905660377,0.9897959183673469,0.000553873716853559,0.28515357191827784,0.18861304203905993,0.9897959183673469,0.0008512047934345901
strict_core,domain_and_sample,sensor_family,NRC_Canadian_SERS,locked_domain,domain__strict_core__domain_and_sample__sensor_family__NRC_Canadian_SERS,domain__strict_core__domain_and_sample__sensor_family__NRC_Canadian_SERS,structured_vae,zc48__zn16__chem0__ni0__ns0__cond0__ai0__as0__pair0__xrec0__dep0p001__e500,arpls_minmax,1729,144,98,gaussian_noise,1.5,0.021260974494156502,0.010630487247078251,0.13801729965551213,0.7106217348763368,0.018892455257831328,0.5146666666666667,2.0,0.5964213109950859,0.10424047708511353,0.2933297911239088,0.23950817700817698,0.8979591836734694,0.0036514487583190203,0.22153092006033184,0.1287157287157287,0.9285714285714286,0.0013590625021606684,0.28515357191827784,0.1933837862630432,0.9795918367346939,0.002216540975496173
strict_core,domain_and_sample,sensor_family,NRC_Canadian_SERS,locked_domain,domain__strict_core__domain_and_sample__sensor_family__NRC_Canadian_SERS,domain__strict_core__domain_and_sample__sensor_family__NRC_Canadian_SERS,structured_vae,zc48__zn16__chem0__ni0__ns0__cond0__ai0__as0__pair0__xrec0__dep0p001__e500,arpls_minmax,1729,144,98,isolated_spikes,0.5,0.020767235518085705,0.010383617759042852,0.13733882410449688,0.7156854352224786,0.01876903006213941,0.512,2.0,0.6082199311395183,0.10201957065146416,0.2670671648612825,0.20628426578083325,0.9795918367346939,0.0002794807078316808,0.25018853695324283,0.13708647919174236,0.9897959183673469,9.907751518767327e-05,0.28515357191827784,0.18861304203905993,0.9897959183673469,0.00016489198605995625
strict_core,domain_and_sample,sensor_family,NRC_Canadian_SERS,locked_domain,domain__strict_core__domain_and_sample__sensor_family__NRC_Canadian_SERS,domain__strict_core__domain_and_sample__sensor_family__NRC_Canadian_SERS,structured_vae,zc48__zn16__chem0__ni0__ns0__cond0__ai0__as0__pair0__xrec0__dep0p001__e500,arpls_minmax,1729,144,98,isolated_spikes,1.0,0.020868070497924565,0.010434035248962283,0.13751267527650113,0.7133338667548959,0.018780410332539972,0.512,2.0,0.6009867669171728,0.10351115558296442,0.2670671648612825,0.20645377167116297,0.9897959183673469,0.0009888142812997103,0.25018853695324283,0.13495276653171392,0.9795918367346939,0.00035591513733379543,0.28515357191827784,0.18739922317818222,0.9693877551020408,0.0005915426299907267
strict_core,domain_and_sample,sensor_family,NRC_Canadian_SERS,locked_domain,domain__strict_core__domain_and_sample__sensor_family__NRC_Canadian_SERS,domain__strict_core__domain_and_sample__sensor_family__NRC_Canadian_SERS,structured_vae,zc48__zn16__chem0__ni0__ns0__cond0__ai0__as0__pair0__xrec0__dep0p001__e500,arpls_minmax,1729,144,98,isolated_spikes,1.5,0.02091737693915499,0.010458688469577496,0.13756641660069813,0.7134815095933724,0.018792636949256796,0.5173333333333333,2.0,0.5891929868872323,0.09482968505471945,0.2559560537501714,0.18794235360952002,0.8877551020408163,0.0024433457292616367,0.23736802413273003,0.1298941798941799,0.9387755102040817,0.0008914020727388561,0.28515357191827784,0.18888888888888888,0.9591836734693877,0.0014877975918352604
strict_core,domain_and_sample,sensor_family,NRC_Canadian_SERS,locked_domain,domain__strict_core__domain_and_sample__sensor_family__NRC_Canadian_SERS,domain__strict_core__domain_and_sample__sensor_family__NRC_Canadian_SERS,structured_vae,zc48__zn16__chem0__ni0__ns0__cond0__ai0__as0__pair0__xrec0__dep0p001__e500,arpls_minmax,1729,144,98,edge_filled_shift,0.5,0.020716438916836503,0.010358219458418251,0.13744874921897376,0.713626844036297,0.018774579872826484,0.52,2.0,0.5855354537134376,0.10433167964220047,0.2670671648612825,0.2048791692670411,0.9591836734693877,0.0049510980024933815,0.25018853695324283,0.13495276653171392,0.9591836734693877,0.0023000987712293863,0.28515357191827784,0.18987501433321866,0.9795918367346939,0.00345306983217597
strict_core,domain_and_sample,sensor_family,NRC_Canadian_SERS,locked_domain,domain__strict_core__domain_and_sample__sensor_family__NRC_Canadian_SERS,domain__strict_core__domain_and_sample__sensor_family__NRC_Canadian_SERS,structured_vae,zc48__zn16__chem0__ni0__ns0__cond0__ai0__as0__pair0__xrec0__dep0p001__e500,arpls_minmax,1729,144,98,edge_filled_shift,1.0,0.020739098970898512,0.010369549485449256,0.13751124499871228,0.7130443977979302,0.018754153120441368,0.52,2.0,0.5802162277042717,0.09937150776386261,0.24623383152794917,0.19560193392347083,0.8877551020408163,0.008441089652478695,0.2599924585218703,0.15149638802889576,0.9387755102040817,0.0037394664250314236,0.28515357191827784,0.18987501433321866,0.9897959183673469,0.00583123741671443
strict_core,domain_and_sample,sensor_family,NRC_Canadian_SERS,locked_domain,domain__strict_core__domain_and_sample__sensor_family__NRC_Canadian_SERS,domain__strict_core__domain_and_sample__sensor_family__NRC_Canadian_SERS,structured_vae,zc48__zn16__chem0__ni0__ns0__cond0__ai0__as0__pair0__xrec0__dep0p001__e500,arpls_minmax,1729,144,98,edge_filled_shift,1.5,0.020764526783642687,0.010382263391821344,0.13739091274211815,0.7126491182643755,0.018760358355737805,0.5093333333333333,2.0,0.6150543761041942,0.08869923267047852,0.23512272041683804,0.17671277997364954,0.8673469387755102,0.011471654288470745,0.2599924585218703,0.15354090354090355,0.9591836734693877,0.005888056010007858,0.28515357191827784,0.18739922317818222,0.9795918367346939,0.008265955373644829
strict_core,domain_and_sample,sensor_family,NRC_Canadian_SERS,locked_domain,domain__strict_core__domain_and_sample__sensor_family__NRC_Canadian_SERS,domain__strict_core__domain_and_sample__sensor_family__NRC_Canadian_SERS,structured_vae,zc48__zn16__chem0__ni0__ns0__cond0__ai0__as0__pair0__xrec0__dep0p001__e500,arpls_minmax,1729,144,98,gaussian_broadening,0.5,0.020705046157073394,0.010352523078536697,0.13724832490598812,0.7155357011995656,0.01875337024211437,0.5093333333333333,2.0,0.605870806996468,0.10049353912472725,0.2670671648612825,0.20628426578083325,1.0,1.1599185199884232e-05,0.25018853695324283,0.1386130420390599,1.0,4.8881888687901665e-06,0.28515357191827784,0.18861304203905993,1.0,7.887276296969503e-06
strict_core,domain_and_sample,sensor_family,NRC_Canadian_SERS,locked_domain,domain__strict_core__domain_and_sample__sensor_family__NRC_Canadian_SERS,domain__strict_core__domain_and_sample__sensor_family__NRC_Canadian_SERS,structured_vae,zc48__zn16__chem0__ni0__ns0__cond0__ai0__as0__pair0__xrec0__dep0p001__e500,arpls_minmax,1729,144,98,gaussian_broadening,1.0,0.020657086668354373,0.010328543334177187,0.13720342750964296,0.7157295931070362,0.018738380023294355,0.5093333333333333,2.0,0.605583599834463,0.10099276900291443,0.2670671648612825,0.20628426578083325,1.0,0.0001895172317745164,0.25018853695324283,0.13933873144399458,0.9897959183673469,6.844376912340522e-05,0.28515357191827784,0.18739922317818222,0.9897959183673469,0.00012182276987005025
strict_core,domain_and_sample,sensor_family,NRC_Canadian_SERS,locked_domain,domain__strict_core__domain_and_sample__sensor_family__NRC_Canadian_SERS,domain__strict_core__domain_and_sample__sensor_family__NRC_Canadian_SERS,structured_vae,zc48__zn16__chem0__ni0__ns0__cond0__ai0__as0__pair0__xrec0__dep0p001__e500,arpls_minmax,1729,144,98,gaussian_broadening,1.5,0.020617724124087827,0.010308862062043914,0.13715926081580682,0.7158723256579163,0.01872540498999774,0.504,2.0,0.6091698457649838,0.10183751583099365,0.2670671648612825,0.20806383290194574,0.9795918367346939,0.0006661153747700155,0.25018853695324283,0.13933873144399458,0.9897959183673469,0.0002005252317758277,0.28515357191827784,0.18739922317818222,0.9897959183673469,0.0004129604494664818
strict_core,domain_and_sample,sensor_family,NRC_Canadian_SERS,locked_domain,domain__strict_core__domain_and_sample__sensor_family__NRC_Canadian_SERS,domain__strict_core__domain_and_sample__sensor_family__NRC_Canadian_SERS,structured_vae,zc48__zn16__chem0__ni0__ns0__cond0__ai0__as0__pair0__xrec0__dep0p001__e500,arpls_minmax,1729,144,98,composite,0.5,0.026621996463108238,0.013310998231554119,0.1444074881963903,0.6934426763623052,0.019750412944715846,0.5653333333333334,2.0,0.6388556873552537,0.08386297896504402,0.29058286484757073,0.21310079209952235,0.8469387755102041,0.0537351556122303,0.22153092006033184,0.13118279569892471,0.8775510204081632,0.03224105387926102,0.22920951597422187,0.1506440281030445,0.8877551020408163,0.03953569009900093
strict_core,domain_and_sample,sensor_family,NRC_Canadian_SERS,locked_domain,domain__strict_core__domain_and_sample__sensor_family__NRC_Canadian_SERS,domain__strict_core__domain_and_sample__sensor_family__NRC_Canadian_SERS,structured_vae,zc48__zn16__chem0__ni0__ns0__cond0__ai0__as0__pair0__xrec0__dep0p001__e500,arpls_minmax,1729,144,98,composite,1.0,0.028355638516495935,0.014177819258247968,0.14768342251888886,0.6575217668130726,0.019724648181189706,0.5333333333333333,2.0,0.6098402583529664,0.08654685318470001,0.22471490927373283,0.19382849486242912,0.7040816326530612,0.09713973850011826,0.23133484162895926,0.14571990320629158,0.7755102040816326,0.09231778234243393,0.26163787193198956,0.18811850759112422,0.8061224489795918,0.09235420823097229
strict_core,domain_and_sample,sensor_family,NRC_Canadian_SERS,locked_domain,domain__strict_core__domain_and_sample__sensor_family__NRC_Canadian_SERS,domain__strict_core__domain_and_sample__sensor_family__NRC_Canadian_SERS,structured_vae,zc48__zn16__chem0__ni0__ns0__cond0__ai0__as0__pair0__xrec0__dep0p001__e500,arpls_minmax,1729,144,98,composite,1.5,0.03947525805597244,0.01973762902798622,0.15797755437512606,0.5893139766035441,0.020721080265310353,0.49866666666666665,2.0,0.6355398028747552,0.08510688692331314,0.23532839709310296,0.15429147095813764,0.6428571428571429,0.19064223766326904,0.2070010055304173,0.13229417679824054,0.6938775510204082,0.19469831883907318,0.21337241190182368,0.14134897360703813,0.673469387755102,0.19479651749134064
strict_core,domain_and_sample,sensor_family,pSERS_Metrohm_silver,locked_domain,domain__strict_core__domain_and_sample__sensor_family__pSERS_Metrohm_silver,domain__strict_core__domain_and_sample__sensor_family__pSERS_Metrohm_silver,structured_vae,zc48__zn16__chem0__ni0__ns0__cond0__ai0__as0__pair0__xrec0__dep0p001__e500,arpls_minmax,1729,208,324,scale_offset,0.5,0.013515263555719399,0.0067576317778596994,0.15086776797961735,0.5125534209954592,0.02303953864089104,0.47495318352059923,2.0,0.5803594439397748,0.08781116642057896,,,0.9012345679012346,0.014988475479185581,,,0.9197530864197531,0.021559666842222214,,,0.9197530864197531,0.015923161059617996
strict_core,domain_and_sample,sensor_family,pSERS_Metrohm_silver,locked_domain,domain__strict_core__domain_and_sample__sensor_family__pSERS_Metrohm_silver,domain__strict_core__domain_and_sample__sensor_family__pSERS_Metrohm_silver,structured_vae,zc48__zn16__chem0__ni0__ns0__cond0__ai0__as0__pair0__xrec0__dep0p001__e500,arpls_minmax,1729,208,324,scale_offset,1.0,0.016569693244718055,0.008284846622359027,0.15636814739486155,0.5009222485472792,0.023114081923486508,0.44358614232209737,2.0,0.585109169731556,0.09472490847110748,,,0.7530864197530864,0.05823347344994545,,,0.8024691358024691,0.08320727199316025,,,0.8611111111111112,0.06122084707021713
strict_core,domain_and_sample,sensor_family,pSERS_Metrohm_silver,locked_domain,domain__strict_core__domain_and_sample__sensor_family__pSERS_Metrohm_silver,domain__strict_core__domain_and_sample__sensor_family__pSERS_Metrohm_silver,structured_vae,zc48__zn16__chem0__ni0__ns0__cond0__ai0__as0__pair0__xrec0__dep0p001__e500,arpls_minmax,1729,208,324,scale_offset,1.5,0.021700164103265612,0.010850082051632806,0.16144875878372372,0.48640613838837865,0.02300968818657564,0.40051498127340823,2.0,0.6116497088552739,0.09320197254419327,,,0.6635802469135802,0.1304461807012558,,,0.6790123456790124,0.17051050066947937,,,0.7839506172839507,0.13461895287036896
strict_core,domain_and_sample,sensor_family,pSERS_Metrohm_silver,locked_domain,domain__strict_core__domain_and_sample__sensor_family__pSERS_Metrohm_silver,domain__strict_core__domain_and_sample__sensor_family__pSERS_Metrohm_silver,structured_vae,zc48__zn16__chem0__ni0__ns0__cond0__ai0__as0__pair0__xrec0__dep0p001__e500,arpls_minmax,1729,208,324,smooth_baseline,0.5,0.013753299617064637,0.006876649808532319,0.15365391562115494,0.4913511349725599,0.023447408488108525,0.5007022471910112,2.0,0.6014011764366846,0.08575218729674816,,,0.7932098765432098,0.027168603613972664,,,0.904320987654321,0.06488436460494995,,,0.8580246913580247,0.03696132451295853
strict_core,domain_and_sample,sensor_family,pSERS_Metrohm_silver,locked_domain,domain__strict_core__domain_and_sample__sensor_family__pSERS_Metrohm_silver,domain__strict_core__domain_and_sample__sensor_family__pSERS_Metrohm_silver,structured_vae,zc48__zn16__chem0__ni0__ns0__cond0__ai0__as0__pair0__xrec0__dep0p001__e500,arpls_minmax,1729,208,324,smooth_baseline,1.0,0.017007041876571125,0.008503520938285563,0.16232215046261286,0.43089781596296073,0.023988343805942194,0.5395599250936329,2.0,0.5606235722958891,0.07928162440657616,,,0.6759259259259259,0.08228038251399994,,,0.7870370370370371,0.19756333529949188,,,0.7376543209876543,0.11376135051250458
strict_core,domain_and_sample,sensor_family,pSERS_Metrohm_silver,locked_domain,domain__strict_core__domain_and_sample__sensor_family__pSERS_Metrohm_silver,domain__strict_core__domain_and_sample__sensor_family__pSERS_Metrohm_silver,structured_vae,zc48__zn16__chem0__ni0__ns0__cond0__ai0__as0__pair0__xrec0__dep0p001__e500,arpls_minmax,1729,208,324,smooth_baseline,1.5,0.021443319678836288,0.010721659839418144,0.1713309095729754,0.35228699125502816,0.02458341427282687,0.5636704119850188,2.0,0.567913877934695,0.08156928420066833,,,0.5987654320987654,0.14580495655536652,,,0.7129629629629629,0.3442072868347168,,,0.6172839506172839,0.2045363187789917
strict_core,domain_and_sample,sensor_family,pSERS_Metrohm_silver,locked_domain,domain__strict_core__domain_and_sample__sensor_family__pSERS_Metrohm_silver,domain__strict_core__domain_and_sample__sensor_family__pSERS_Metrohm_silver,structured_vae,zc48__zn16__chem0__ni0__ns0__cond0__ai0__as0__pair0__xrec0__dep0p001__e500,arpls_minmax,1729,208,324,gaussian_noise,0.5,0.012134642452918926,0.006067321226459463,0.1481305548077515,0.524241590385015,0.023007005716919004,0.462312734082397,2.0,0.5970179787843267,0.08834613859653473,,,0.9660493827160493,0.000286816997686401,,,0.9938271604938271,0.00022966184769757092,,,0.9845679012345679,0.00025732594076544046
strict_core,domain_and_sample,sensor_family,pSERS_Metrohm_silver,locked_domain,domain__strict_core__domain_and_sample__sensor_family__pSERS_Metrohm_silver,domain__strict_core__domain_and_sample__sensor_family__pSERS_Metrohm_silver,structured_vae,zc48__zn16__chem0__ni0__ns0__cond0__ai0__as0__pair0__xrec0__dep0p001__e500,arpls_minmax,1729,208,324,gaussian_noise,1.0,0.012102241203975945,0.006051120601987973,0.1479696070328665,0.5277289405631737,0.023043936319907903,0.4653558052434457,2.0,0.5848085773181835,0.09103330224752426,,,0.9629629629629629,0.001115018385462463,,,0.9845679012345679,0.0009321871912106872,,,0.9567901234567902,0.0010260967537760735
strict_core,domain_and_sample,sensor_family,pSERS_Metrohm_silver,locked_domain,domain__strict_core__domain_and_sample__sensor_family__pSERS_Metrohm_silver,domain__strict_core__domain_and_sample__sensor_family__pSERS_Metrohm_silver,structured_vae,zc48__zn16__chem0__ni0__ns0__cond0__ai0__as0__pair0__xrec0__dep0p001__e500,arpls_minmax,1729,208,324,gaussian_noise,1.5,0.012106369883255124,0.006053184941627562,0.14806305919821466,0.5232894373504615,0.023081355600829703,0.46512172284644193,2.0,0.5943943872678308,0.08726262673735619,,,0.9197530864197531,0.0025960435159504414,,,0.9691358024691358,0.002188831102102995,,,0.9320987654320988,0.002360645681619644
strict_core,domain_and_sample,sensor_family,pSERS_Metrohm_silver,locked_domain,domain__strict_core__domain_and_sample__sensor_family__pSERS_Metrohm_silver,domain__strict_core__domain_and_sample__sensor_family__pSERS_Metrohm_silver,structured_vae,zc48__zn16__chem0__ni0__ns0__cond0__ai0__as0__pair0__xrec0__dep0p001__e500,arpls_minmax,1729,208,324,isolated_spikes,0.5,0.012160449819669126,0.006080224909834563,0.14825936074444707,0.523490003268287,0.02300864437525674,0.4616104868913858,2.0,0.5939733891307062,0.09028323274105787,,,0.9814814814814815,0.0001730659423628822,,,0.9938271604938271,0.00013514120655599982,,,0.9814814814814815,0.00015739176888018847
strict_core,domain_and_sample,sensor_family,pSERS_Metrohm_silver,locked_domain,domain__strict_core__domain_and_sample__sensor_family__pSERS_Metrohm_silver,domain__strict_core__domain_and_sample__sensor_family__pSERS_Metrohm_silver,structured_vae,zc48__zn16__chem0__ni0__ns0__cond0__ai0__as0__pair0__xrec0__dep0p001__e500,arpls_minmax,1729,208,324,isolated_spikes,1.0,0.01218121937119928,0.00609060968559964,0.1483117140483888,0.5236806214896031,0.02301131275027458,0.4616104868913858,2.0,0.5927726653420846,0.0893697664141655,,,0.9506172839506173,0.0008598027052357793,,,0.9845679012345679,0.0007245778106153011,,,0.9537037037037037,0.000794101448263973
strict_core,domain_and_sample,sensor_family,pSERS_Metrohm_silver,locked_domain,domain__strict_core__domain_and_sample__sensor_family__pSERS_Metrohm_silver,domain__strict_core__domain_and_sample__sensor_family__pSERS_Metrohm_silver,structured_vae,zc48__zn16__chem0__ni0__ns0__cond0__ai0__as0__pair0__xrec0__dep0p001__e500,arpls_minmax,1729,208,324,isolated_spikes,1.5,0.012213281716911904,0.006106640858455952,0.14850343941188773,0.5204941078781927,0.023029720975890722,0.4618445692883895,2.0,0.5887721675069684,0.08931899431627244,,,0.9320987654320988,0.0019661018159240484,,,0.9691358024691358,0.0018165548099204898,,,0.9382716049382716,0.00182782718911767
strict_core,domain_and_sample,sensor_family,pSERS_Metrohm_silver,locked_domain,domain__strict_core__domain_and_sample__sensor_family__pSERS_Metrohm_silver,domain__strict_core__domain_and_sample__sensor_family__pSERS_Metrohm_silver,structured_vae,zc48__zn16__chem0__ni0__ns0__cond0__ai0__as0__pair0__xrec0__dep0p001__e500,arpls_minmax,1729,208,324,edge_filled_shift,0.5,0.01218566863618706,0.00609283431809353,0.1485387498536453,0.5220003312035417,0.02298278256320198,0.45646067415730335,2.0,0.5979708087693718,0.09204138933273498,,,0.8209876543209876,0.0071861110627651215,,,0.9629629629629629,0.004160244483500719,,,0.9135802469135802,0.005818644072860479
strict_core,domain_and_sample,sensor_family,pSERS_Metrohm_silver,locked_domain,domain__strict_core__domain_and_sample__sensor_family__pSERS_Metrohm_silver,domain__strict_core__domain_and_sample__sensor_family__pSERS_Metrohm_silver,structured_vae,zc48__zn16__chem0__ni0__ns0__cond0__ai0__as0__pair0__xrec0__dep0p001__e500,arpls_minmax,1729,208,324,edge_filled_shift,1.0,0.012221635226741127,0.006110817613370564,0.14871586959605634,0.5202130974581733,0.023013704072141282,0.45435393258426965,2.0,0.599139774269156,0.09201274067163467,,,0.8209876543209876,0.011376614682376385,,,0.9382716049382716,0.007154371123760939,,,0.9012345679012346,0.009514880366623402
strict_core,domain_and_sample,sensor_family,pSERS_Metrohm_silver,locked_domain,domain__strict_core__domain_and_sample__sensor_family__pSERS_Metrohm_silver,domain__strict_core__domain_and_sample__sensor_family__pSERS_Metrohm_silver,structured_vae,zc48__zn16__chem0__ni0__ns0__cond0__ai0__as0__pair0__xrec0__dep0p001__e500,arpls_minmax,1729,208,324,edge_filled_shift,1.5,0.012250794868225966,0.006125397434112983,0.14896942397996213,0.5111003409021619,0.0229973669543748,0.4585674157303371,2.0,0.5973495139472,0.09271997213363647,,,0.8148148148148148,0.01740291528403759,,,0.9290123456790124,0.010440835729241371,,,0.904320987654321,0.014249863103032112
strict_core,domain_and_sample,sensor_family,pSERS_Metrohm_silver,locked_domain,domain__strict_core__domain_and_sample__sensor_family__pSERS_Metrohm_silver,domain__strict_core__domain_and_sample__sensor_family__pSERS_Metrohm_silver,structured_vae,zc48__zn16__chem0__ni0__ns0__cond0__ai0__as0__pair0__xrec0__dep0p001__e500,arpls_minmax,1729,208,324,gaussian_broadening,0.5,0.01214383729029104,0.00607191864514552,0.14822713274209545,0.5220559655465834,0.022976270115923535,0.45529026217228463,2.0,0.5959107816118049,0.0907166600227356,,,0.9907407407407407,2.617122299852781e-05,,,1.0,1.537008756713476e-05,,,1.0,2.1728101273765787e-05
strict_core,domain_and_sample,sensor_family,pSERS_Metrohm_silver,locked_domain,domain__strict_core__domain_and_sample__sensor_family__pSERS_Metrohm_silver,domain__strict_core__domain_and_sample__sensor_family__pSERS_Metrohm_silver,structured_vae,zc48__zn16__chem0__ni0__ns0__cond0__ai0__as0__pair0__xrec0__dep0p001__e500,arpls_minmax,1729,208,324,gaussian_broadening,1.0,0.012133612988220433,0.006066806494110216,0.14828194558400723,0.5207742548907383,0.022920775767120496,0.44147940074906367,2.0,0.608217561879113,0.09073977172374725,,,0.9814814814814815,0.00033617738517932594,,,0.9969135802469136,0.00021693129383493215,,,0.9876543209876543,0.00028600977384485304
strict_core,domain_and_sample,sensor_family,pSERS_Metrohm_silver,locked_domain,domain__strict_core__domain_and_sample__sensor_family__pSERS_Metrohm_silver,domain__strict_core__domain_and_sample__sensor_family__pSERS_Metrohm_silver,structured_vae,zc48__zn16__chem0__ni0__ns0__cond0__ai0__as0__pair0__xrec0__dep0p001__e500,arpls_minmax,1729,208,324,gaussian_broadening,1.5,0.012120007452925234,0.006060003726462617,0.1483565185028504,0.5192824476971669,0.02285374287591621,0.42532771535580527,2.0,0.6048234368399241,0.09136163257062435,,,0.9567901234567902,0.0011734511936083436,,,0.9938271604938271,0.0008057799423113465,,,0.9783950617283951,0.0010176494251936674
strict_core,domain_and_sample,sensor_family,pSERS_Metrohm_silver,locked_domain,domain__strict_core__domain_and_sample__sensor_family__pSERS_Metrohm_silver,domain__strict_core__domain_and_sample__sensor_family__pSERS_Metrohm_silver,structured_vae,zc48__zn16__chem0__ni0__ns0__cond0__ai0__as0__pair0__xrec0__dep0p001__e500,arpls_minmax,1729,208,324,composite,0.5,0.015122331176226493,0.007561165588113246,0.15512794926952495,0.48237701430712987,0.02344798243376801,0.5004681647940075,2.0,0.579267689728678,0.08431481127627194,,,0.7006172839506173,0.051740776747465134,,,0.8395061728395061,0.08736537396907806,,,0.808641975308642,0.05984523147344589
strict_core,domain_and_sample,sensor_family,pSERS_Metrohm_silver,locked_domain,domain__strict_core__domain_and_sample__sensor_family__pSERS_Metrohm_silver,domain__strict_core__domain_and_sample__sensor_family__pSERS_Metrohm_silver,structured_vae,zc48__zn16__chem0__ni0__ns0__cond0__ai0__as0__pair0__xrec0__dep0p001__e500,arpls_minmax,1729,208,324,composite,1.0,0.020996647939438083,0.010498323969719042,0.16835893608634964,0.3920715342225718,0.023932490358982567,0.4964887640449438,2.0,0.5778810301302664,0.08374404860660434,,,0.6172839506172839,0.14665502309799194,,,0.6975308641975309,0.23772770166397095,,,0.6327160493827161,0.16966307163238525
strict_core,domain_and_sample,sensor_family,pSERS_Metrohm_silver,locked_domain,domain__strict_core__domain_and_sample__sensor_family__pSERS_Metrohm_silver,domain__strict_core__domain_and_sample__sensor_family__pSERS_Metrohm_silver,structured_vae,zc48__zn16__chem0__ni0__ns0__cond0__ai0__as0__pair0__xrec0__dep0p001__e500,arpls_minmax,1729,208,324,composite,1.5,0.029036164282283075,0.014518082141141538,0.17851183226556064,0.3096535325760983,0.024642118403622938,0.513810861423221,2.0,0.5827439670245679,0.08075167238712311,,,0.558641975308642,0.27653297781944275,,,0.6388888888888888,0.4237973392009735,,,0.5154320987654321,0.3096553683280945
strict_core,domain_only,instrument,Agilent-1,locked_domain,domain__strict_core__domain_only__instrument__Agilent-1,domain__strict_core__domain_only__instrument__Agilent-1,structured_vae,zc48__zn16__chem0__ni0__ns0__cond0__ai0__as0__pair0__xrec0__dep0p001__e500,arpls_minmax,1729,569,29,scale_offset,0.5,0.004777615766693863,0.0023888078833469314,0.0853016354588337,0.9512076081426116,0.006196385153062551,,2.0,0.21055664490182552,0.04964576242491603,0.6143939393939394,0.6967611336032388,1.0,0.03237742930650711,0.831060606060606,0.870806100217865,0.9655172413793104,0.009759461507201195,0.8727272727272727,0.8769980506822611,1.0,0.013357213698327541
strict_core,domain_only,instrument,Agilent-1,locked_domain,domain__strict_core__domain_only__instrument__Agilent-1,domain__strict_core__domain_only__instrument__Agilent-1,structured_vae,zc48__zn16__chem0__ni0__ns0__cond0__ai0__as0__pair0__xrec0__dep0p001__e500,arpls_minmax,1729,569,29,scale_offset,1.0,0.007842342497716578,0.003921171248858289,0.10274356892449456,0.9388718870635779,0.00648063067501543,,2.0,0.2786064885691991,0.058899591444060206,0.587121212121212,0.6481481481481481,0.8620689655172413,0.08855072408914566,0.831060606060606,0.870806100217865,0.9655172413793104,0.03316721320152283,0.8090909090909091,0.8362573099415204,0.896551724137931,0.04253297671675682
strict_core,domain_only,instrument,Agilent-1,locked_domain,domain__strict_core__domain_only__instrument__Agilent-1,domain__strict_core__domain_only__instrument__Agilent-1,structured_vae,zc48__zn16__chem0__ni0__ns0__cond0__ai0__as0__pair0__xrec0__dep0p001__e500,arpls_minmax,1729,569,29,scale_offset,1.5,0.008711247014039136,0.004355623507019568,0.10654421693248399,0.9341820121435271,0.006463379743696237,,2.0,0.29215742419127755,0.07868054043501616,0.5234848484848484,0.5839783281733747,0.7586206896551724,0.10591732710599899,0.5901515151515152,0.6944444444444443,0.6551724137931034,0.08997197449207306,0.6734848484848485,0.7491830065359477,0.7241379310344828,0.08763980120420456
strict_core,domain_only,instrument,Agilent-1,locked_domain,domain__strict_core__domain_only__instrument__Agilent-1,domain__strict_core__domain_only__instrument__Agilent-1,structured_vae,zc48__zn16__chem0__ni0__ns0__cond0__ai0__as0__pair0__xrec0__dep0p001__e500,arpls_minmax,1729,569,29,smooth_baseline,0.5,0.005050093633309028,0.002525046816654514,0.09587934551677822,0.9357459384471536,0.0064362541128280305,,2.0,0.26329816161876146,0.05015107477083802,0.7143939393939395,0.7685314685314686,0.896551724137931,0.04307703301310539,0.831060606060606,0.8399610136452242,0.9655172413793104,0.05316052585840225,0.9060606060606061,0.8962962962962963,0.9655172413793104,0.04716465622186661
strict_core,domain_only,instrument,Agilent-1,locked_domain,domain__strict_core__domain_only__instrument__Agilent-1,domain__strict_core__domain_only__instrument__Agilent-1,structured_vae,zc48__zn16__chem0__ni0__ns0__cond0__ai0__as0__pair0__xrec0__dep0p001__e500,arpls_minmax,1729,569,29,smooth_baseline,1.0,0.007123120583024374,0.003561560291512187,0.11523685928697933,0.9221380395269845,0.006686239004459821,,2.0,0.28948980546388575,0.05983020854910137,0.7174242424242424,0.7689960687672358,0.8275862068965517,0.10892225056886673,0.7977272727272728,0.8185185185185185,0.9310344827586207,0.12711086869239807,0.8393939393939395,0.8555555555555555,0.9310344827586207,0.12098576128482819
strict_core,domain_only,instrument,Agilent-1,locked_domain,domain__strict_core__domain_only__instrument__Agilent-1,domain__strict_core__domain_only__instrument__Agilent-1,structured_vae,zc48__zn16__chem0__ni0__ns0__cond0__ai0__as0__pair0__xrec0__dep0p001__e500,arpls_minmax,1729,569,29,smooth_baseline,1.5,0.011521253448634458,0.005760626724317229,0.13862217768934185,0.8896002097933001,0.0069901458668038974,,2.0,0.31357687481148633,0.0847054070327431,0.7810606060606061,0.8064102564102565,0.8275862068965517,0.19978654384613037,0.7977272727272728,0.820123839009288,0.8620689655172413,0.20539520680904388,0.8727272727272727,0.8803921568627452,0.9310344827586207,0.20636942982673645
strict_core,domain_only,instrument,Agilent-1,locked_domain,domain__strict_core__domain_only__instrument__Agilent-1,domain__strict_core__domain_only__instrument__Agilent-1,structured_vae,zc48__zn16__chem0__ni0__ns0__cond0__ai0__as0__pair0__xrec0__dep0p001__e500,arpls_minmax,1729,569,29,gaussian_noise,0.5,0.0039937063721423105,0.0019968531860711553,0.07900382485845503,0.9460291636873657,0.006173090907271591,,2.0,0.2378136979418316,0.054932644590735435,0.6477272727272728,0.7230769230769232,0.9655172413793104,0.00025416447897441685,0.831060606060606,0.8555555555555555,1.0,0.00018494499090593308,0.8727272727272727,0.8769980506822611,1.0,0.00018144064233638346
strict_core,domain_only,instrument,Agilent-1,locked_domain,domain__strict_core__domain_only__instrument__Agilent-1,domain__strict_core__domain_only__instrument__Agilent-1,structured_vae,zc48__zn16__chem0__ni0__ns0__cond0__ai0__as0__pair0__xrec0__dep0p001__e500,arpls_minmax,1729,569,29,gaussian_noise,1.0,0.0040196607920672785,0.0020098303960336393,0.07915190754549083,0.9463789433267935,0.006164366850940561,,2.0,0.22089436214307995,0.052127816150459694,0.6143939393939394,0.6967611336032388,1.0,0.0006740565877407789,0.831060606060606,0.8555555555555555,1.0,0.000900525483302772,0.8393939393939395,0.8555555555555555,0.9655172413793104,0.0008240958559326828
strict_core,domain_only,instrument,Agilent-1,locked_domain,domain__strict_core__domain_only__instrument__Agilent-1,domain__strict_core__domain_only__instrument__Agilent-1,structured_vae,zc48__zn16__chem0__ni0__ns0__cond0__ai0__as0__pair0__xrec0__dep0p001__e500,arpls_minmax,1729,569,29,gaussian_noise,1.5,0.004022607285381784,0.002011303642690892,0.07921035718585026,0.9483396460477371,0.006161699917816244,,2.0,0.20692561218850397,0.05761503077519592,0.6143939393939394,0.6967611336032388,1.0,0.0015499694272875786,0.831060606060606,0.8555555555555555,1.0,0.002767213387414813,0.8727272727272727,0.8769980506822611,1.0,0.0022819822188466787
strict_core,domain_only,instrument,Agilent-1,locked_domain,domain__strict_core__domain_only__instrument__Agilent-1,domain__strict_core__domain_only__instrument__Agilent-1,structured_vae,zc48__zn16__chem0__ni0__ns0__cond0__ai0__as0__pair0__xrec0__dep0p001__e500,arpls_minmax,1729,569,29,isolated_spikes,0.5,0.003988742852381961,0.0019943714261909805,0.0791246355035879,0.9451618764394522,0.006178892565085346,,2.0,0.2258720335552557,0.049946481030929135,0.6477272727272728,0.7230769230769232,0.9655172413793104,9.151162521447986e-05,0.831060606060606,0.8555555555555555,1.0,4.382174665806815e-05,0.8727272727272727,0.8769980506822611,1.0,4.518854257185012e-05
strict_core,domain_only,instrument,Agilent-1,locked_domain,domain__strict_core__domain_only__instrument__Agilent-1,domain__strict_core__domain_only__instrument__Agilent-1,structured_vae,zc48__zn16__chem0__ni0__ns0__cond0__ai0__as0__pair0__xrec0__dep0p001__e500,arpls_minmax,1729,569,29,isolated_spikes,1.0,0.00398562863571323,0.001992814317856615,0.07913254681319667,0.9461844463112933,0.006177049432195304,,2.0,0.2070234695904636,0.050100085925805615,0.6143939393939394,0.6967611336032388,1.0,0.0003436701081227511,0.831060606060606,0.8555555555555555,1.0,0.0002535170642659068,0.8727272727272727,0.8769980506822611,1.0,0.00022671345504932106
strict_core,domain_only,instrument,Agilent-1,locked_domain,domain__strict_core__domain_only__instrument__Agilent-1,domain__strict_core__domain_only__instrument__Agilent-1,structured_vae,zc48__zn16__chem0__ni0__ns0__cond0__ai0__as0__pair0__xrec0__dep0p001__e500,arpls_minmax,1729,569,29,isolated_spikes,1.5,0.003995464145676964,0.001997732072838482,0.07927464303449859,0.946138130865414,0.006183553687386201,,2.0,0.2092721098739764,0.05139605118893087,0.6143939393939394,0.6967611336032388,1.0,0.0008798447088338435,0.831060606060606,0.8555555555555555,1.0,0.0006308308802545071,0.8727272727272727,0.8769980506822611,1.0,0.0006373648066073656
strict_core,domain_only,instrument,Agilent-1,locked_domain,domain__strict_core__domain_only__instrument__Agilent-1,domain__strict_core__domain_only__instrument__Agilent-1,structured_vae,zc48__zn16__chem0__ni0__ns0__cond0__ai0__as0__pair0__xrec0__dep0p001__e500,arpls_minmax,1729,569,29,edge_filled_shift,0.5,0.004068774955737934,0.002034387477868967,0.07974472726751022,0.9413990392201247,0.006177005518066744,,2.0,0.2176730210990428,0.053009803625172935,0.6143939393939394,0.6967611336032388,1.0,0.00269461702555418,0.831060606060606,0.8555555555555555,1.0,0.002218756126239896,0.8727272727272727,0.8769980506822611,1.0,0.0020364851225167513
strict_core,domain_only,instrument,Agilent-1,locked_domain,domain__strict_core__domain_only__instrument__Agilent-1,domain__strict_core__domain_only__instrument__Agilent-1,structured_vae,zc48__zn16__chem0__ni0__ns0__cond0__ai0__as0__pair0__xrec0__dep0p001__e500,arpls_minmax,1729,569,29,edge_filled_shift,1.0,0.0040940990455244335,0.0020470495227622168,0.07978587308379369,0.9413990392201247,0.006175469224363934,,2.0,0.21821829546488375,0.055535699142637895,0.6143939393939394,0.6967611336032388,1.0,0.005157877691090107,0.831060606060606,0.8555555555555555,1.0,0.005021374672651291,0.8727272727272727,0.8769980506822611,1.0,0.004573850892484188
strict_core,domain_only,instrument,Agilent-1,locked_domain,domain__strict_core__domain_only__instrument__Agilent-1,domain__strict_core__domain_only__instrument__Agilent-1,structured_vae,zc48__zn16__chem0__ni0__ns0__cond0__ai0__as0__pair0__xrec0__dep0p001__e500,arpls_minmax,1729,569,29,edge_filled_shift,1.5,0.004118885156255764,0.002059442578127882,0.08003014552830669,0.9422817475698656,0.006189793940601997,,2.0,0.22504486213435065,0.056036281399428844,0.5810606060606062,0.6675213675213675,0.9655172413793104,0.008691915310919285,0.831060606060606,0.8555555555555555,1.0,0.0056373910047113895,0.7977272727272728,0.8194833488951135,0.9310344827586207,0.005293360911309719
strict_core,domain_only,instrument,Agilent-1,locked_domain,domain__strict_core__domain_only__instrument__Agilent-1,domain__strict_core__domain_only__instrument__Agilent-1,structured_vae,zc48__zn16__chem0__ni0__ns0__cond0__ai0__as0__pair0__xrec0__dep0p001__e500,arpls_minmax,1729,569,29,gaussian_broadening,0.5,0.003984831623116945,0.0019924158115584723,0.07909083711395229,0.9461590534889104,0.0061782208629167015,,2.0,0.22407116546062728,0.05012405733577907,0.6143939393939394,0.6967611336032388,1.0,1.747032740695431e-07,0.831060606060606,0.8555555555555555,1.0,1.377072891273201e-07,0.8727272727272727,0.8769980506822611,1.0,1.500392841080611e-07
strict_core,domain_only,instrument,Agilent-1,locked_domain,domain__strict_core__domain_only__instrument__Agilent-1,domain__strict_core__domain_only__instrument__Agilent-1,structured_vae,zc48__zn16__chem0__ni0__ns0__cond0__ai0__as0__pair0__xrec0__dep0p001__e500,arpls_minmax,1729,569,29,gaussian_broadening,1.0,0.00398422579453857,0.001992112897269285,0.07908124458437736,0.9461434387501944,0.006176597352173204,,2.0,0.22400312379672352,0.05014601619404857,0.6143939393939394,0.6967611336032388,1.0,4.014064415969187e-06,0.831060606060606,0.8555555555555555,1.0,2.384185791015625e-06,0.8727272727272727,0.8769980506822611,1.0,2.6657662601792254e-06
strict_core,domain_only,instrument,Agilent-1,locked_domain,domain__strict_core__domain_only__instrument__Agilent-1,domain__strict_core__domain_only__instrument__Agilent-1,structured_vae,zc48__zn16__chem0__ni0__ns0__cond0__ai0__as0__pair0__xrec0__dep0p001__e500,arpls_minmax,1729,569,29,gaussian_broadening,1.5,0.003984081960614459,0.0019920409803072295,0.07907070749526811,0.9461263256594403,0.006173922227311647,,2.0,0.2239045289473487,0.05038267853160505,0.6143939393939394,0.6967611336032388,1.0,1.739222352625802e-05,0.831060606060606,0.8555555555555555,1.0,1.1711284969351254e-05,0.8727272727272727,0.8769980506822611,1.0,1.2749227607855573e-05
strict_core,domain_only,instrument,Agilent-1,locked_domain,domain__strict_core__domain_only__instrument__Agilent-1,domain__strict_core__domain_only__instrument__Agilent-1,structured_vae,zc48__zn16__chem0__ni0__ns0__cond0__ai0__as0__pair0__xrec0__dep0p001__e500,arpls_minmax,1729,569,29,composite,0.5,0.006424738575962962,0.003212369287981481,0.10918883262856707,0.9337527096213458,0.006511862814066184,,2.0,0.24330952885399487,0.05988404853269458,0.7477272727272727,0.7882943143812708,0.8620689655172413,0.06301961839199066,0.7977272727272728,0.8337690631808279,0.9655172413793104,0.0701092779636383,0.8727272727272727,0.8769980506822611,1.0,0.0716671422123909
strict_core,domain_only,instrument,Agilent-1,locked_domain,domain__strict_core__domain_only__instrument__Agilent-1,domain__strict_core__domain_only__instrument__Agilent-1,structured_vae,zc48__zn16__chem0__ni0__ns0__cond0__ai0__as0__pair0__xrec0__dep0p001__e500,arpls_minmax,1729,569,29,composite,1.0,0.010283725174124281,0.005141862587062141,0.12150717215166343,0.9125130394696438,0.006720748724274717,,2.5,0.3204457703161308,0.07106950879096985,0.7174242424242424,0.7506810504522176,0.7931034482758621,0.16591961681842804,0.7477272727272727,0.7886382623224728,0.8620689655172413,0.14114810526371002,0.831060606060606,0.8256752993595099,0.9310344827586207,0.13706883788108826
strict_core,domain_only,instrument,Agilent-1,locked_domain,domain__strict_core__domain_only__instrument__Agilent-1,domain__strict_core__domain_only__instrument__Agilent-1,structured_vae,zc48__zn16__chem0__ni0__ns0__cond0__ai0__as0__pair0__xrec0__dep0p001__e500,arpls_minmax,1729,569,29,composite,1.5,0.018828796000730844,0.009414398000365422,0.15488732348303105,0.8693441060140719,0.007246186084335653,,2.0,0.3717642314124689,0.10474207624793053,0.6568181818181819,0.6755115089514067,0.7586206896551724,0.2702121436595917,0.753030303030303,0.7880485527544351,0.7931034482758621,0.3623585104942322,0.7893939393939394,0.8090909090909092,0.8620689655172413,0.31636685132980347
strict_core,domain_only,instrument,Agilent-3,locked_domain,domain__strict_core__domain_only__instrument__Agilent-3,domain__strict_core__domain_only__instrument__Agilent-3,structured_vae,zc48__zn16__chem0__ni0__ns0__cond0__ai0__as0__pair0__xrec0__dep0p001__e500,arpls_minmax,1729,525,73,scale_offset,0.5,0.011495490821470323,0.0057477454107351614,0.14348087967642553,0.9067389290441835,0.00642452840148258,,2.0,0.19373415754737394,0.06643783058098052,0.5358843537414966,0.5466545592596013,0.9726027397260274,0.010129623115062714,0.5215367965367966,0.5105847784875918,0.9315068493150684,0.023870207369327545,0.5700113378684807,0.560761752867016,0.9726027397260274,0.011341503821313381
strict_core,domain_only,instrument,Agilent-3,locked_domain,domain__strict_core__domain_only__instrument__Agilent-3,domain__strict_core__domain_only__instrument__Agilent-3,structured_vae,zc48__zn16__chem0__ni0__ns0__cond0__ai0__as0__pair0__xrec0__dep0p001__e500,arpls_minmax,1729,525,73,scale_offset,1.0,0.013039514075186116,0.006519757037593058,0.15259733750616344,0.8959594620816569,0.006597729956631429,,2.0,0.21373266509421912,0.06400575482985005,0.5534863945578231,0.5675090675090675,0.9178082191780822,0.0364324226975441,0.5328179756751186,0.5281806846269391,0.8356164383561644,0.09835341572761536,0.609608843537415,0.6234548137743626,0.9041095890410958,0.04342213645577431
strict_core,domain_only,instrument,Agilent-3,locked_domain,domain__strict_core__domain_only__instrument__Agilent-3,domain__strict_core__domain_only__instrument__Agilent-3,structured_vae,zc48__zn16__chem0__ni0__ns0__cond0__ai0__as0__pair0__xrec0__dep0p001__e500,arpls_minmax,1729,525,73,scale_offset,1.5,0.01615993351141805,0.008079966755709026,0.16531681040459137,0.8819607242404036,0.006752380779139749,,2.0,0.24231551506809126,0.07558803260326385,0.4904195011337869,0.45667023304665794,0.8082191780821918,0.0954887866973877,0.39267676767676774,0.39071786609380593,0.6438356164383562,0.1970551759004593,0.434297052154195,0.43119975262832405,0.7808219178082192,0.10517661273479462
strict_core,domain_only,instrument,Agilent-3,locked_domain,domain__strict_core__domain_only__instrument__Agilent-3,domain__strict_core__domain_only__instrument__Agilent-3,structured_vae,zc48__zn16__chem0__ni0__ns0__cond0__ai0__as0__pair0__xrec0__dep0p001__e500,arpls_minmax,1729,525,73,smooth_baseline,0.5,0.011873415757679131,0.005936707878839566,0.15339549794672389,0.9016732175456745,0.0064681303961489035,,2.0,0.15735538883323094,0.060686478740535676,0.49273861059575347,0.5017620731906446,0.9315068493150684,0.030910583212971687,0.483214801071944,0.45602922777548727,0.821917808219178,0.15803037583827972,0.5991496598639455,0.6048304334018619,0.8904109589041096,0.04802480340003967
strict_core,domain_only,instrument,Agilent-3,locked_domain,domain__strict_core__domain_only__instrument__Agilent-3,domain__strict_core__domain_only__instrument__Agilent-3,structured_vae,zc48__zn16__chem0__ni0__ns0__cond0__ai0__as0__pair0__xrec0__dep0p001__e500,arpls_minmax,1729,525,73,smooth_baseline,1.0,0.014205555768450279,0.0071027778842251395,0.1713658083433174,0.8779947993370631,0.006675539463870676,,2.0,0.18272031723168083,0.07052767334971577,0.49301690373118945,0.49039009543211215,0.8493150684931506,0.07547274231910706,0.5080163883735312,0.5012938508736828,0.7534246575342466,0.3411717116832733,0.5790197897340754,0.5756434042148327,0.821917808219178,0.11566177755594254
strict_core,domain_only,instrument,Agilent-3,locked_domain,domain__strict_core__domain_only__instrument__Agilent-3,domain__strict_core__domain_only__instrument__Agilent-3,structured_vae,zc48__zn16__chem0__ni0__ns0__cond0__ai0__as0__pair0__xrec0__dep0p001__e500,arpls_minmax,1729,525,73,smooth_baseline,1.5,0.01729168043328811,0.008645840216644055,0.186430184445346,0.8203796260117877,0.00694873176936376,,2.0,0.23153480370290003,0.07051048940047622,0.4897804576376005,0.4910611214182642,0.7397260273972602,0.13082270324230194,0.5806251288394144,0.5854098476049696,0.6986301369863014,0.425695538520813,0.5718769325912183,0.5526761986846019,0.7945205479452054,0.18687331676483154
strict_core,domain_only,instrument,Agilent-3,locked_domain,domain__strict_core__domain_only__instrument__Agilent-3,domain__strict_core__domain_only__instrument__Agilent-3,structured_vae,zc48__zn16__chem0__ni0__ns0__cond0__ai0__as0__pair0__xrec0__dep0p001__e500,arpls_minmax,1729,525,73,gaussian_noise,0.5,0.010790453394578306,0.005395226697289153,0.13846132347813056,0.9135194440751707,0.006380563324819166,,2.0,0.2128386213416566,0.05661078554112464,0.5644557823129251,0.5745671657436363,0.9863013698630136,0.00017417538037989289,0.5072510822510823,0.4901360544217687,0.9726027397260274,0.0004896105383522809,0.6134353741496599,0.6356568268332973,0.9726027397260274,0.00020161965221632272
strict_core,domain_only,instrument,Agilent-3,locked_domain,domain__strict_core__domain_only__instrument__Agilent-3,domain__strict_core__domain_only__instrument__Agilent-3,structured_vae,zc48__zn16__chem0__ni0__ns0__cond0__ai0__as0__pair0__xrec0__dep0p001__e500,arpls_minmax,1729,525,73,gaussian_noise,1.0,0.01076393671776036,0.00538196835888018,0.13889540649413468,0.9127733170244101,0.006387255093865404,,2.0,0.199314573557444,0.05806571611901745,0.5485827664399093,0.552156243332714,0.9315068493150684,0.0007141346577554941,0.5143939393939394,0.4979270778078674,0.9726027397260274,0.003289563115686178,0.597562358276644,0.60823979941627,0.9863013698630136,0.0009491476230323315
strict_core,domain_only,instrument,Agilent-3,locked_domain,domain__strict_core__domain_only__instrument__Agilent-3,domain__strict_core__domain_only__instrument__Agilent-3,structured_vae,zc48__zn16__chem0__ni0__ns0__cond0__ai0__as0__pair0__xrec0__dep0p001__e500,arpls_minmax,1729,525,73,gaussian_noise,1.5,0.01073061409745079,0.005365307048725395,0.1393363061843827,0.9126054905998231,0.00640295779136237,,2.0,0.19079395830372756,0.056325907236896455,0.5644557823129251,0.5745671657436363,0.9863013698630136,0.0020085556898266077,0.5215367965367966,0.5052780325010148,0.9041095890410958,0.008798212744295597,0.5848639455782313,0.5960876658355649,0.9452054794520548,0.002556649036705494
strict_core,domain_only,instrument,Agilent-3,locked_domain,domain__strict_core__domain_only__instrument__Agilent-3,domain__strict_core__domain_only__instrument__Agilent-3,structured_vae,zc48__zn16__chem0__ni0__ns0__cond0__ai0__as0__pair0__xrec0__dep0p001__e500,arpls_minmax,1729,525,73,isolated_spikes,0.5,0.010799695012117631,0.005399847506058816,0.13840349996149098,0.9132935768227621,0.006379974056123215,,2.0,0.2119119663732702,0.05646556057035923,0.5200113378684807,0.5252204378254798,0.9863013698630136,0.00011317370808683336,0.5072510822510823,0.49336615159295477,1.0,0.00016795691044535488,0.597562358276644,0.60823979941627,0.9863013698630136,9.656197653384879e-05
strict_core,domain_only,instrument,Agilent-3,locked_domain,domain__strict_core__domain_only__instrument__Agilent-3,domain__strict_core__domain_only__instrument__Agilent-3,structured_vae,zc48__zn16__chem0__ni0__ns0__cond0__ai0__as0__pair0__xrec0__dep0p001__e500,arpls_minmax,1729,525,73,isolated_spikes,1.0,0.010815655763429324,0.005407827881714662,0.1385399603912291,0.9131946860956992,0.006377703141162371,,2.0,0.20566051230831767,0.056923448806628585,0.5358843537414966,0.546821643637212,1.0,0.00037455803249031305,0.5001082251082252,0.48204891712782677,0.9726027397260274,0.0005774579476565123,0.5771541950113379,0.5771006771006771,1.0,0.0003551105910446495
strict_core,domain_only,instrument,Agilent-3,locked_domain,domain__strict_core__domain_only__instrument__Agilent-3,domain__strict_core__domain_only__instrument__Agilent-3,structured_vae,zc48__zn16__chem0__ni0__ns0__cond0__ai0__as0__pair0__xrec0__dep0p001__e500,arpls_minmax,1729,525,73,isolated_spikes,1.5,0.01080811022662207,0.005404055113311035,0.13861690198136653,0.9128091298603895,0.006382195405491156,,2.0,0.20711559830892484,0.05666389688849449,0.5485827664399093,0.5528513282383252,0.9726027397260274,0.0007841505575925112,0.5072510822510823,0.48994708994709,0.9452054794520548,0.0017301513580605388,0.597562358276644,0.60823979941627,0.9863013698630136,0.0007816544966772199
strict_core,domain_only,instrument,Agilent-3,locked_domain,domain__strict_core__domain_only__instrument__Agilent-3,domain__strict_core__domain_only__instrument__Agilent-3,structured_vae,zc48__zn16__chem0__ni0__ns0__cond0__ai0__as0__pair0__xrec0__dep0p001__e500,arpls_minmax,1729,525,73,edge_filled_shift,0.5,0.010831040614096673,0.0054155203070483365,0.1387966965214846,0.9125589410211059,0.006389269014123471,,2.0,0.21929122054442027,0.05895440535823582,0.5300401978973407,0.5447307378235846,0.958904109589041,0.002415271708741784,0.4858225108225108,0.47072970602382375,0.9178082191780822,0.0080366600304842,0.5644557823129251,0.5720728346778767,0.9452054794520548,0.002767460886389017
strict_core,domain_only,instrument,Agilent-3,locked_domain,domain__strict_core__domain_only__instrument__Agilent-3,domain__strict_core__domain_only__instrument__Agilent-3,structured_vae,zc48__zn16__chem0__ni0__ns0__cond0__ai0__as0__pair0__xrec0__dep0p001__e500,arpls_minmax,1729,525,73,edge_filled_shift,1.0,0.010870085587157886,0.005435042793578943,0.1393944745979178,0.9025451661213416,0.006412395665977579,,2.0,0.2273458758007243,0.05564808443887159,0.5024891774891775,0.497165991902834,0.9452054794520548,0.005021000746637583,0.4942640692640693,0.48324088132569676,0.9315068493150684,0.012837184593081474,0.5715986394557823,0.5786447912498333,0.958904109589041,0.005412305239588022
strict_core,domain_only,instrument,Agilent-3,locked_domain,domain__strict_core__domain_only__instrument__Agilent-3,domain__strict_core__domain_only__instrument__Agilent-3,structured_vae,zc48__zn16__chem0__ni0__ns0__cond0__ai0__as0__pair0__xrec0__dep0p001__e500,arpls_minmax,1729,525,73,edge_filled_shift,1.5,0.010876125196566553,0.005438062598283277,0.13953585600472626,0.9094838769806315,0.0063943547869487445,,2.0,0.21073764677413637,0.05787573294946924,0.5200113378684807,0.519843318162646,0.9726027397260274,0.007602902129292488,0.44823232323232326,0.4371951219512195,0.8767123287671232,0.01876172423362732,0.5816893424036281,0.5785139696904402,0.9726027397260274,0.008329255506396294
strict_core,domain_only,instrument,Agilent-3,locked_domain,domain__strict_core__domain_only__instrument__Agilent-3,domain__strict_core__domain_only__instrument__Agilent-3,structured_vae,zc48__zn16__chem0__ni0__ns0__cond0__ai0__as0__pair0__xrec0__dep0p001__e500,arpls_minmax,1729,525,73,gaussian_broadening,0.5,0.010798890696253649,0.005399445348126824,0.13838161119650205,0.9132221260146053,0.006378702224828389,,2.0,0.21248415937653073,0.05554699362255633,0.5358843537414966,0.546821643637212,1.0,7.119897418306209e-07,0.5072510822510823,0.49336615159295477,1.0,1.4582725498257787e-06,0.5771541950113379,0.5771006771006771,1.0,7.422003136525746e-07
strict_core,domain_only,instrument,Agilent-3,locked_domain,domain__strict_core__domain_only__instrument__Agilent-3,domain__strict_core__domain_only__instrument__Agilent-3,structured_vae,zc48__zn16__chem0__ni0__ns0__cond0__ai0__as0__pair0__xrec0__dep0p001__e500,arpls_minmax,1729,525,73,gaussian_broadening,1.0,0.010797868801296894,0.005398934400648447,0.13840495000104489,0.9131364550099744,0.006377738600371902,,2.0,0.21306647938683104,0.05624606506898999,0.5358843537414966,0.546821643637212,1.0,1.396871630277019e-05,0.5072510822510823,0.49336615159295477,1.0,3.122385169262998e-05,0.5771541950113379,0.5771006771006771,1.0,1.5068543689267244e-05
strict_core,domain_only,instrument,Agilent-3,locked_domain,domain__strict_core__domain_only__instrument__Agilent-3,domain__strict_core__domain_only__instrument__Agilent-3,structured_vae,zc48__zn16__chem0__ni0__ns0__cond0__ai0__as0__pair0__xrec0__dep0p001__e500,arpls_minmax,1729,525,73,gaussian_broadening,1.5,0.010796747916552614,0.005398373958276307,0.1384417493670227,0.9130067920206455,0.006376460763048038,,2.0,0.21398983303321623,0.0572919026017189,0.5358843537414966,0.5397921651791621,0.9863013698630136,6.247220153454691e-05,0.5001082251082252,0.4854941976790716,0.9863013698630136,0.00015385265578515828,0.5771541950113379,0.5771006771006771,1.0,6.928264338057488e-05
strict_core,domain_only,instrument,Agilent-3,locked_domain,domain__strict_core__domain_only__instrument__Agilent-3,domain__strict_core__domain_only__instrument__Agilent-3,structured_vae,zc48__zn16__chem0__ni0__ns0__cond0__ai0__as0__pair0__xrec0__dep0p001__e500,arpls_minmax,1729,525,73,composite,0.5,0.01269746633879607,0.006348733169398035,0.1573096089076797,0.898156566281856,0.00651559460295149,,2.0,0.17864400696324978,0.059224385768175125,0.4797515976087405,0.483810350727644,0.9178082191780822,0.042763061821460724,0.5376881055452485,0.529339191408157,0.8082191780821918,0.19537895917892456,0.5586116264687694,0.5619829913947562,0.8904109589041096,0.06418419629335403
strict_core,domain_only,instrument,Agilent-3,locked_domain,domain__strict_core__domain_only__instrument__Agilent-3,domain__strict_core__domain_only__instrument__Agilent-3,structured_vae,zc48__zn16__chem0__ni0__ns0__cond0__ai0__as0__pair0__xrec0__dep0p001__e500,arpls_minmax,1729,525,73,composite,1.0,0.017616166360180405,0.008808083180090203,0.17970803790318365,0.8619869795114087,0.006810379340025054,,2.0,0.22020202783181247,0.07141919189598411,0.4570243248814677,0.4492536408502796,0.7534246575342466,0.11230326443910599,0.3983225108225108,0.3592189073809813,0.7123287671232876,0.3997654616832733,0.5215986394557823,0.5067505593821383,0.7534246575342466,0.15589089691638947
strict_core,domain_only,instrument,Agilent-3,locked_domain,domain__strict_core__domain_only__instrument__Agilent-3,domain__strict_core__domain_only__instrument__Agilent-3,structured_vae,zc48__zn16__chem0__ni0__ns0__cond0__ai0__as0__pair0__xrec0__dep0p001__e500,arpls_minmax,1729,525,73,composite,1.5,0.024249232785860244,0.012124616392930122,0.2007984348572535,0.7690374013630626,0.007323444312787439,,2.0,0.2718792522384569,0.08617864426923916,0.4384250669964956,0.4198439822499972,0.6301369863013698,0.21802514791488647,0.41917388167388175,0.43047218887555017,0.6027397260273972,0.466492235660553,0.3692357245928675,0.34025974025974026,0.6301369863013698,0.27115634083747864
strict_core,domain_only,instrument,Mira-1,locked_domain,domain__strict_core__domain_only__instrument__Mira-1,domain__strict_core__domain_only__instrument__Mira-1,structured_vae,zc48__zn16__chem0__ni0__ns0__cond0__ai0__as0__pair0__xrec0__dep0p001__e500,arpls_minmax,1729,575,23,scale_offset,0.5,0.006395765218485342,0.003197882609242671,0.08598895935587197,0.9527088979328555,0.008285973068341715,,1.0,0.13954466563963996,0.03811644949018955,0.8585858585858586,0.784126984126984,0.9565217391304348,0.023958174511790276,0.7777777777777777,0.7222222222222222,0.8260869565217391,0.03447854518890381,0.8888888888888888,0.8222222222222223,0.9565217391304348,0.026867199689149857
strict_core,domain_only,instrument,Mira-1,locked_domain,domain__strict_core__domain_only__instrument__Mira-1,domain__strict_core__domain_only__instrument__Mira-1,structured_vae,zc48__zn16__chem0__ni0__ns0__cond0__ai0__as0__pair0__xrec0__dep0p001__e500,arpls_minmax,1729,575,23,scale_offset,1.0,0.0073281782008169155,0.0036640891004084577,0.0992731123530308,0.9504650886521457,0.008184530121098585,,2.0,0.14425044108760293,0.05616470333188772,0.6801346801346803,0.6416666666666666,0.9130434782608695,0.07296659797430038,0.5185185185185185,0.5119047619047619,0.9130434782608695,0.15214291214942932,0.7104377104377105,0.673941798941799,0.9130434782608695,0.08166549354791641
strict_core,domain_only,instrument,Mira-1,locked_domain,domain__strict_core__domain_only__instrument__Mira-1,domain__strict_core__domain_only__instrument__Mira-1,structured_vae,zc48__zn16__chem0__ni0__ns0__cond0__ai0__as0__pair0__xrec0__dep0p001__e500,arpls_minmax,1729,575,23,scale_offset,1.5,0.012108306698101557,0.006054153349050778,0.11274119094662752,0.9316993020509168,0.008722375007154656,,1.0,0.17175365540383028,0.0697456169873476,0.6936026936026937,0.6592592592592593,0.7391304347826086,0.12351147830486298,0.4511784511784511,0.4341880341880342,0.7391304347826086,0.31305262446403503,0.7912457912457912,0.7888888888888889,0.7391304347826086,0.14877569675445557
strict_core,domain_only,instrument,Mira-1,locked_domain,domain__strict_core__domain_only__instrument__Mira-1,domain__strict_core__domain_only__instrument__Mira-1,structured_vae,zc48__zn16__chem0__ni0__ns0__cond0__ai0__as0__pair0__xrec0__dep0p001__e500,arpls_minmax,1729,575,23,smooth_baseline,0.5,0.005233495009496603,0.0026167475047483013,0.0875292353066794,0.9461376618919659,0.00844106854859256,,1.0,0.14885404534756264,0.047775909304618835,0.8518518518518517,0.7714285714285714,0.9565217391304348,0.0369756706058979,0.6296296296296297,0.5780998389694042,0.9130434782608695,0.09780145436525345,0.8518518518518517,0.7714285714285714,1.0,0.050983574241399765
strict_core,domain_only,instrument,Mira-1,locked_domain,domain__strict_core__domain_only__instrument__Mira-1,domain__strict_core__domain_only__instrument__Mira-1,structured_vae,zc48__zn16__chem0__ni0__ns0__cond0__ai0__as0__pair0__xrec0__dep0p001__e500,arpls_minmax,1729,575,23,smooth_baseline,1.0,0.006687831037924862,0.003343915518962431,0.09835694053412557,0.9369211035165905,0.008665385586317154,,1.5,0.19775092955212653,0.04823513329029083,0.8585858585858586,0.784126984126984,0.9565217391304348,0.12499155104160309,0.7777777777777777,0.7077294685990339,0.8260869565217391,0.11195432394742966,0.8888888888888888,0.8222222222222223,0.9565217391304348,0.12800639867782593
strict_core,domain_only,instrument,Mira-1,locked_domain,domain__strict_core__domain_only__instrument__Mira-1,domain__strict_core__domain_only__instrument__Mira-1,structured_vae,zc48__zn16__chem0__ni0__ns0__cond0__ai0__as0__pair0__xrec0__dep0p001__e500,arpls_minmax,1729,575,23,smooth_baseline,1.5,0.011394781666267301,0.005697390833133651,0.1213187037848994,0.8421910472081037,0.009025730299178594,,1.0,0.18755387582244165,0.05541561308200471,0.8215488215488215,0.7396825396825397,0.8260869565217391,0.19339390099048615,0.7407407407407408,0.6622749231444883,0.8260869565217391,0.24782142043113708,0.8215488215488215,0.7396825396825397,0.9565217391304348,0.22623132169246674
strict_core,domain_only,instrument,Mira-1,locked_domain,domain__strict_core__domain_only__instrument__Mira-1,domain__strict_core__domain_only__instrument__Mira-1,structured_vae,zc48__zn16__chem0__ni0__ns0__cond0__ai0__as0__pair0__xrec0__dep0p001__e500,arpls_minmax,1729,575,23,gaussian_noise,0.5,0.004333168215964642,0.002166584107982321,0.07409349766087518,0.956753256857848,0.00825683614879652,,1.0,0.16000558613210714,0.03744970075786114,0.8215488215488215,0.7373737373737373,1.0,0.0003127999952994287,0.5925925925925926,0.5275947884643537,1.0,0.0004795763816218823,0.8518518518518517,0.7714285714285714,1.0,0.00034255566424690187
strict_core,domain_only,instrument,Mira-1,locked_domain,domain__strict_core__domain_only__instrument__Mira-1,domain__strict_core__domain_only__instrument__Mira-1,structured_vae,zc48__zn16__chem0__ni0__ns0__cond0__ai0__as0__pair0__xrec0__dep0p001__e500,arpls_minmax,1729,575,23,gaussian_noise,1.0,0.004351504770293111,0.0021757523851465557,0.07465149058309596,0.9566141638581284,0.008259387759545853,,1.0,0.1575728335923741,0.03683522343635559,0.8518518518518517,0.7714285714285714,0.9565217391304348,0.0014260204043239355,0.6296296296296297,0.5966183574879227,0.9565217391304348,0.0028219171799719334,0.8518518518518517,0.7714285714285714,1.0,0.0015708155697211623
strict_core,domain_only,instrument,Mira-1,locked_domain,domain__strict_core__domain_only__instrument__Mira-1,domain__strict_core__domain_only__instrument__Mira-1,structured_vae,zc48__zn16__chem0__ni0__ns0__cond0__ai0__as0__pair0__xrec0__dep0p001__e500,arpls_minmax,1729,575,23,gaussian_noise,1.5,0.0043550647697712845,0.0021775323848856423,0.0753030199531931,0.9564530176190825,0.008268044840164666,,1.0,0.143737702846552,0.0353592149913311,0.8215488215488215,0.7373737373737373,1.0,0.003027179976925254,0.5925925925925926,0.5275947884643537,1.0,0.007485506124794483,0.8888888888888888,0.8222222222222223,0.9565217391304348,0.003594165202230215
strict_core,domain_only,instrument,Mira-1,locked_domain,domain__strict_core__domain_only__instrument__Mira-1,domain__strict_core__domain_only__instrument__Mira-1,structured_vae,zc48__zn16__chem0__ni0__ns0__cond0__ai0__as0__pair0__xrec0__dep0p001__e500,arpls_minmax,1729,575,23,isolated_spikes,0.5,0.004341679141719353,0.0021708395708596763,0.07418222609706511,0.9568634528847196,0.008257895773203475,,1.0,0.15682585545844785,0.03446507453918457,0.8215488215488215,0.7373737373737373,1.0,0.00018474330136086792,0.5925925925925926,0.5275947884643537,1.0,0.00038592194323427975,0.8518518518518517,0.7714285714285714,1.0,0.00020660264999605715
strict_core,domain_only,instrument,Mira-1,locked_domain,domain__strict_core__domain_only__instrument__Mira-1,domain__strict_core__domain_only__instrument__Mira-1,structured_vae,zc48__zn16__chem0__ni0__ns0__cond0__ai0__as0__pair0__xrec0__dep0p001__e500,arpls_minmax,1729,575,23,isolated_spikes,1.0,0.004361509685230013,0.0021807548426150064,0.0742935109162014,0.9564727955434655,0.008267474198895208,,1.0,0.15597805768104248,0.03512628376483917,0.8215488215488215,0.7373737373737373,1.0,0.0008787279366515577,0.6296296296296297,0.5966183574879227,0.9130434782608695,0.0012722871033474803,0.8518518518518517,0.7714285714285714,1.0,0.0009490977390669286
strict_core,domain_only,instrument,Mira-1,locked_domain,domain__strict_core__domain_only__instrument__Mira-1,domain__strict_core__domain_only__instrument__Mira-1,structured_vae,zc48__zn16__chem0__ni0__ns0__cond0__ai0__as0__pair0__xrec0__dep0p001__e500,arpls_minmax,1729,575,23,isolated_spikes,1.5,0.004379210077778832,0.002189605038889416,0.07445966746677986,0.9561611558538698,0.008259496507132738,,1.0,0.14842750164812218,0.03644358552992344,0.8585858585858586,0.784126984126984,0.9565217391304348,0.0017914357595145702,0.5925925925925926,0.5461133069828722,0.9565217391304348,0.0029101890977472067,0.8888888888888888,0.8222222222222223,0.9565217391304348,0.0020381161011755466
strict_core,domain_only,instrument,Mira-1,locked_domain,domain__strict_core__domain_only__instrument__Mira-1,domain__strict_core__domain_only__instrument__Mira-1,structured_vae,zc48__zn16__chem0__ni0__ns0__cond0__ai0__as0__pair0__xrec0__dep0p001__e500,arpls_minmax,1729,575,23,edge_filled_shift,0.5,0.004391104003578684,0.002195552001789342,0.07457659440987738,0.9559256370975778,0.008267682911986332,,1.0,0.19882309468938966,0.03647876903414726,0.8215488215488215,0.7373737373737373,0.9130434782608695,0.0060200197622179985,0.5925925925925926,0.5461133069828722,0.9565217391304348,0.017590409144759178,0.8518518518518517,0.7714285714285714,1.0,0.007495745550841093
strict_core,domain_only,instrument,Mira-1,locked_domain,domain__strict_core__domain_only__instrument__Mira-1,domain__strict_core__domain_only__instrument__Mira-1,structured_vae,zc48__zn16__chem0__ni0__ns0__cond0__ai0__as0__pair0__xrec0__dep0p001__e500,arpls_minmax,1729,575,23,edge_filled_shift,1.0,0.004281108897294506,0.002140554448647253,0.07491731337809024,0.9536135710518494,0.008271919989607536,,1.0,0.1829794244393519,0.03900349885225296,0.7845117845117845,0.6892551892551891,0.9565217391304348,0.007066086400300264,0.5925925925925926,0.5566378066378066,0.9130434782608695,0.024990295991301537,0.8518518518518517,0.7714285714285714,1.0,0.009644070640206337
strict_core,domain_only,instrument,Mira-1,locked_domain,domain__strict_core__domain_only__instrument__Mira-1,domain__strict_core__domain_only__instrument__Mira-1,structured_vae,zc48__zn16__chem0__ni0__ns0__cond0__ai0__as0__pair0__xrec0__dep0p001__e500,arpls_minmax,1729,575,23,edge_filled_shift,1.5,0.004271469711903244,0.002135734855951622,0.07603616596717842,0.955747819081897,0.00829158020068321,,1.0,0.1908168865901628,0.039538600482046604,0.8215488215488215,0.7373737373737373,1.0,0.011132792569696903,0.48148148148148145,0.4598290598290598,0.8260869565217391,0.050140656530857086,0.8518518518518517,0.7714285714285714,1.0,0.01549529004842043
strict_core,domain_only,instrument,Mira-1,locked_domain,domain__strict_core__domain_only__instrument__Mira-1,domain__strict_core__domain_only__instrument__Mira-1,structured_vae,zc48__zn16__chem0__ni0__ns0__cond0__ai0__as0__pair0__xrec0__dep0p001__e500,arpls_minmax,1729,575,23,gaussian_broadening,0.5,0.0043236441203282246,0.0021618220601641123,0.07406155320971233,0.9567992259510347,0.00825923200851355,,1.0,0.158341210150162,0.03512491285800934,0.8215488215488215,0.7373737373737373,1.0,1.557495238557749e-06,0.5925925925925926,0.5275947884643537,1.0,3.3767325930966763e-06,0.8518518518518517,0.7714285714285714,1.0,1.7751817722455598e-06
strict_core,domain_only,instrument,Mira-1,locked_domain,domain__strict_core__domain_only__instrument__Mira-1,domain__strict_core__domain_only__instrument__Mira-1,structured_vae,zc48__zn16__chem0__ni0__ns0__cond0__ai0__as0__pair0__xrec0__dep0p001__e500,arpls_minmax,1729,575,23,gaussian_broadening,1.0,0.004317649416089086,0.002158824708044543,0.07409426834642392,0.9568937330991861,0.00825838139851817,,1.0,0.1578542884815186,0.03404971957206726,0.8215488215488215,0.7373737373737373,1.0,3.2370506232837215e-05,0.5925925925925926,0.5275947884643537,1.0,7.047341932775453e-05,0.8518518518518517,0.7714285714285714,1.0,3.6851219192612916e-05
strict_core,domain_only,instrument,Mira-1,locked_domain,domain__strict_core__domain_only__instrument__Mira-1,domain__strict_core__domain_only__instrument__Mira-1,structured_vae,zc48__zn16__chem0__ni0__ns0__cond0__ai0__as0__pair0__xrec0__dep0p001__e500,arpls_minmax,1729,575,23,gaussian_broadening,1.5,0.004309269733086051,0.0021546348665430256,0.07415017414021788,0.9570407634755551,0.008257311328952542,,1.0,0.15717765089663024,0.033195143565535545,0.8215488215488215,0.7373737373737373,1.0,0.00015091896057128906,0.5925925925925926,0.5461133069828722,0.9565217391304348,0.00033405813155695796,0.8518518518518517,0.7714285714285714,1.0,0.00017253730038646609
strict_core,domain_only,instrument,Mira-1,locked_domain,domain__strict_core__domain_only__instrument__Mira-1,domain__strict_core__domain_only__instrument__Mira-1,structured_vae,zc48__zn16__chem0__ni0__ns0__cond0__ai0__as0__pair0__xrec0__dep0p001__e500,arpls_minmax,1729,575,23,composite,0.5,0.007531559203216625,0.0037657796016083126,0.09493541993305887,0.9389010001546183,0.008593438805981362,,1.5,0.1518927925155915,0.044967055320739746,0.7912457912457912,0.7047619047619048,0.9565217391304348,0.06187634915113449,0.7407407407407408,0.6767676767676768,0.8260869565217391,0.11877044290304184,0.8518518518518517,0.7714285714285714,1.0,0.07263047993183136
strict_core,domain_only,instrument,Mira-1,locked_domain,domain__strict_core__domain_only__instrument__Mira-1,domain__strict_core__domain_only__instrument__Mira-1,structured_vae,zc48__zn16__chem0__ni0__ns0__cond0__ai0__as0__pair0__xrec0__dep0p001__e500,arpls_minmax,1729,575,23,composite,1.0,0.012040112804651537,0.006020056402325768,0.11113946740863465,0.8639515038972343,0.008818591210567422,,1.0,0.20164471801379275,0.05099268560297787,0.8585858585858586,0.784126984126984,0.9565217391304348,0.1570785939693451,0.7104377104377105,0.6242424242424242,0.7391304347826086,0.20863081514835358,0.8888888888888888,0.8222222222222223,0.9565217391304348,0.1718519628047943
strict_core,domain_only,instrument,Mira-1,locked_domain,domain__strict_core__domain_only__instrument__Mira-1,domain__strict_core__domain_only__instrument__Mira-1,structured_vae,zc48__zn16__chem0__ni0__ns0__cond0__ai0__as0__pair0__xrec0__dep0p001__e500,arpls_minmax,1729,575,23,composite,1.5,0.01643986415422317,0.008219932077111585,0.1331128875670355,0.8235366249351946,0.009106173982686667,,2.0,0.22869868606637628,0.0493217408657074,0.6195286195286195,0.5925925925925926,0.6956521739130435,0.2675653398036957,0.494949494949495,0.42087542087542085,0.782608695652174,0.26491883397102356,0.6868686868686869,0.681704260651629,0.7391304347826086,0.28376486897468567
strict_core,domain_only,instrument,Mira-2,locked_domain,domain__strict_core__domain_only__instrument__Mira-2,domain__strict_core__domain_only__instrument__Mira-2,structured_vae,zc48__zn16__chem0__ni0__ns0__cond0__ai0__as0__pair0__xrec0__dep0p001__e500,arpls_minmax,1729,523,75,scale_offset,0.5,0.004792188574145958,0.002396094287072979,0.08076940888386619,0.9590817105938567,0.0046133620332591135,,1.5,0.16284386610160081,0.051798606058582664,0.45166666666666666,0.4932142857142857,0.8933333333333333,0.012379908934235573,0.28095238095238095,0.32180239667400345,0.8933333333333333,0.01598338782787323,0.4245238095238095,0.46380579993483223,0.8933333333333333,0.012873053550720215
strict_core,domain_only,instrument,Mira-2,locked_domain,domain__strict_core__domain_only__instrument__Mira-2,domain__strict_core__domain_only__instrument__Mira-2,structured_vae,zc48__zn16__chem0__ni0__ns0__cond0__ai0__as0__pair0__xrec0__dep0p001__e500,arpls_minmax,1729,523,75,scale_offset,1.0,0.007819965725367937,0.003909982862683969,0.093181213938157,0.9505269631777236,0.0048500239128409575,,2.0,0.1844999804425112,0.06012704793829471,0.38357142857142856,0.41941628264208913,0.8,0.04690500348806381,0.2985714285714286,0.34360071301247774,0.8,0.05041370168328285,0.3416666666666667,0.40398175301401107,0.7866666666666666,0.04695530980825424
strict_core,domain_only,instrument,Mira-2,locked_domain,domain__strict_core__domain_only__instrument__Mira-2,domain__strict_core__domain_only__instrument__Mira-2,structured_vae,zc48__zn16__chem0__ni0__ns0__cond0__ai0__as0__pair0__xrec0__dep0p001__e500,arpls_minmax,1729,523,75,scale_offset,1.5,0.013412794280263946,0.006706397140131973,0.11153095435230069,0.9394129792714114,0.004983358148270885,,2.0,0.19839254761389952,0.07588538562413305,0.2788095238095238,0.32696969696969697,0.7333333333333333,0.11099155247211456,0.30023809523809525,0.3526050420168067,0.72,0.11977916955947876,0.2997619047619048,0.3541025641025641,0.7733333333333333,0.1052384153008461
strict_core,domain_only,instrument,Mira-2,locked_domain,domain__strict_core__domain_only__instrument__Mira-2,domain__strict_core__domain_only__instrument__Mira-2,structured_vae,zc48__zn16__chem0__ni0__ns0__cond0__ai0__as0__pair0__xrec0__dep0p001__e500,arpls_minmax,1729,523,75,smooth_baseline,0.5,0.005297783134222481,0.0026488915671112404,0.08894284904155679,0.9512435815378852,0.004840569281798266,,1.5,0.1622577291282656,0.051042052946286276,0.36666666666666664,0.4256565656565656,0.8,0.04395746439695358,0.30952380952380953,0.34701540931970476,0.8266666666666667,0.024947339668869972,0.32142857142857145,0.3833767885532592,0.8133333333333334,0.03922959789633751
strict_core,domain_only,instrument,Mira-2,locked_domain,domain__strict_core__domain_only__instrument__Mira-2,domain__strict_core__domain_only__instrument__Mira-2,structured_vae,zc48__zn16__chem0__ni0__ns0__cond0__ai0__as0__pair0__xrec0__dep0p001__e500,arpls_minmax,1729,523,75,smooth_baseline,1.0,0.008080250108540282,0.004040125054270141,0.1069318455042744,0.9342649543962652,0.005308222414793204,,2.0,0.18493934536345938,0.06149817904224619,0.19714285714285715,0.2645590444174236,0.5866666666666667,0.12086860835552216,0.325,0.343993512762096,0.7066666666666667,0.05739033967256546,0.29285714285714287,0.35700632655808323,0.6533333333333333,0.10601242631673813
strict_core,domain_only,instrument,Mira-2,locked_domain,domain__strict_core__domain_only__instrument__Mira-2,domain__strict_core__domain_only__instrument__Mira-2,structured_vae,zc48__zn16__chem0__ni0__ns0__cond0__ai0__as0__pair0__xrec0__dep0p001__e500,arpls_minmax,1729,523,75,smooth_baseline,1.5,0.012795157314211181,0.0063975786571055905,0.12737437800888618,0.9043882524782256,0.005876208584296858,,2.0,0.2167696245308698,0.07182004931382835,0.23500000000000001,0.305953118089341,0.5733333333333334,0.19157959520816803,0.2988095238095238,0.3244599303135889,0.5866666666666667,0.06789572536945343,0.3111904761904762,0.3677777777777778,0.6,0.16632169485092163
strict_core,domain_only,instrument,Mira-2,locked_domain,domain__strict_core__domain_only__instrument__Mira-2,domain__strict_core__domain_only__instrument__Mira-2,structured_vae,zc48__zn16__chem0__ni0__ns0__cond0__ai0__as0__pair0__xrec0__dep0p001__e500,arpls_minmax,1729,523,75,gaussian_noise,0.5,0.0037766991016917263,0.0018883495508458632,0.07489840667971973,0.9585144350056604,0.004525069379731109,,1.5,0.1700540134780163,0.048228413914330304,0.4219047619047619,0.4584615384615384,0.9733333333333334,0.0003535978030413389,0.29928571428571427,0.3402293358815098,0.96,0.0004947964334860444,0.44523809523809527,0.493798472242495,0.96,0.0003935829736292362
strict_core,domain_only,instrument,Mira-2,locked_domain,domain__strict_core__domain_only__instrument__Mira-2,domain__strict_core__domain_only__instrument__Mira-2,structured_vae,zc48__zn16__chem0__ni0__ns0__cond0__ai0__as0__pair0__xrec0__dep0p001__e500,arpls_minmax,1729,523,75,gaussian_noise,1.0,0.003843932218634253,0.0019219661093171265,0.07575809959639426,0.9587509223589417,0.0045326214677166195,,2.0,0.17664984820816404,0.050446285866200924,0.43047619047619046,0.45059523809523816,0.9066666666666666,0.001828326378017664,0.28380952380952384,0.3253333333333333,0.9733333333333334,0.0031063540372997522,0.4578571428571429,0.4839515263077159,0.9333333333333333,0.0022060973569750786
strict_core,domain_only,instrument,Mira-2,locked_domain,domain__strict_core__domain_only__instrument__Mira-2,domain__strict_core__domain_only__instrument__Mira-2,structured_vae,zc48__zn16__chem0__ni0__ns0__cond0__ai0__as0__pair0__xrec0__dep0p001__e500,arpls_minmax,1729,523,75,gaussian_noise,1.5,0.003918282840797364,0.001959141420398682,0.0771023545980724,0.9581272517089962,0.0045465973635568455,,1.5,0.1915539179251452,0.05444876028923318,0.39904761904761904,0.42518518518518517,0.8933333333333333,0.004957022611051798,0.27261904761904765,0.3142184010035799,0.8933333333333333,0.00885421596467495,0.3466666666666667,0.4066618439032233,0.8933333333333333,0.00602716114372015
strict_core,domain_only,instrument,Mira-2,locked_domain,domain__strict_core__domain_only__instrument__Mira-2,domain__strict_core__domain_only__instrument__Mira-2,structured_vae,zc48__zn16__chem0__ni0__ns0__cond0__ai0__as0__pair0__xrec0__dep0p001__e500,arpls_minmax,1729,523,75,isolated_spikes,0.5,0.003768922259434928,0.001884461129717464,0.0747044284069426,0.9588196835993164,0.004528650250929803,,1.5,0.17715036521718416,0.04706798493862152,0.4290476190476191,0.4633962264150943,0.9866666666666667,0.00014419396757148206,0.29214285714285715,0.3309803921568627,0.9733333333333334,0.0002921803679782897,0.4523809523809524,0.4919859700048379,0.96,0.00014277060108724982
strict_core,domain_only,instrument,Mira-2,locked_domain,domain__strict_core__domain_only__instrument__Mira-2,domain__strict_core__domain_only__instrument__Mira-2,structured_vae,zc48__zn16__chem0__ni0__ns0__cond0__ai0__as0__pair0__xrec0__dep0p001__e500,arpls_minmax,1729,523,75,isolated_spikes,1.0,0.003764002652153929,0.0018820013260769646,0.07472314288553657,0.9588344373038034,0.004530581940268426,,1.5,0.16923367598284605,0.04729779064655304,0.4473809523809524,0.48763149704326175,0.8933333333333333,0.0007382416515611112,0.31476190476190474,0.35051639483040803,0.9466666666666667,0.0009605558589100838,0.4666666666666667,0.4852564102564102,0.9333333333333333,0.0007202831911854446
strict_core,domain_only,instrument,Mira-2,locked_domain,domain__strict_core__domain_only__instrument__Mira-2,domain__strict_core__domain_only__instrument__Mira-2,structured_vae,zc48__zn16__chem0__ni0__ns0__cond0__ai0__as0__pair0__xrec0__dep0p001__e500,arpls_minmax,1729,523,75,isolated_spikes,1.5,0.003800142360389296,0.001900071180194648,0.07493785035888265,0.9591099122837867,0.004530120143921575,,1.5,0.1804267223810492,0.04705479636322707,0.42738095238095236,0.4529515529515529,0.9066666666666666,0.0013701653806492686,0.29642857142857143,0.33375648131593066,0.9466666666666667,0.0026305699720978737,0.45071428571428573,0.4752910084932115,0.92,0.0013744536554440856
strict_core,domain_only,instrument,Mira-2,locked_domain,domain__strict_core__domain_only__instrument__Mira-2,domain__strict_core__domain_only__instrument__Mira-2,structured_vae,zc48__zn16__chem0__ni0__ns0__cond0__ai0__as0__pair0__xrec0__dep0p001__e500,arpls_minmax,1729,523,75,edge_filled_shift,0.5,0.0037912959392122927,0.0018956479696061463,0.07481062073065484,0.9612733726528624,0.004537319196145785,,1.5,0.175566859557319,0.04547012969851494,0.4471428571428572,0.4735392535392536,0.8666666666666667,0.0022473519202321768,0.29928571428571427,0.3410304400556995,0.8666666666666667,0.004245114512741566,0.45071428571428573,0.49615384615384617,0.9333333333333333,0.0023245231714099646
strict_core,domain_only,instrument,Mira-2,locked_domain,domain__strict_core__domain_only__instrument__Mira-2,domain__strict_core__domain_only__instrument__Mira-2,structured_vae,zc48__zn16__chem0__ni0__ns0__cond0__ai0__as0__pair0__xrec0__dep0p001__e500,arpls_minmax,1729,523,75,edge_filled_shift,1.0,0.003786147039223957,0.0018930735196119786,0.07529168131251304,0.9587984156681815,0.004533427952663953,,1.5,0.19294367338933177,0.04699891805648804,0.3261904761904762,0.37738731856378915,0.8933333333333333,0.00459600193426013,0.26071428571428573,0.2934798534798535,0.8533333333333334,0.006574105471372604,0.33952380952380956,0.39571095571095566,0.92,0.004792827181518078
strict_core,domain_only,instrument,Mira-2,locked_domain,domain__strict_core__domain_only__instrument__Mira-2,domain__strict_core__domain_only__instrument__Mira-2,structured_vae,zc48__zn16__chem0__ni0__ns0__cond0__ai0__as0__pair0__xrec0__dep0p001__e500,arpls_minmax,1729,523,75,edge_filled_shift,1.5,0.00381116320542896,0.00190558160271448,0.07507720874508582,0.9617086786829693,0.004521384125146541,,2.0,0.19376570015197683,0.045372121036052704,0.31595238095238093,0.38476190476190475,0.8133333333333334,0.0065428330563008785,0.2719047619047619,0.30939499524865377,0.8666666666666667,0.014205768704414368,0.33238095238095233,0.39296939619520266,0.8666666666666667,0.0069210464134812355
strict_core,domain_only,instrument,Mira-2,locked_domain,domain__strict_core__domain_only__instrument__Mira-2,domain__strict_core__domain_only__instrument__Mira-2,structured_vae,zc48__zn16__chem0__ni0__ns0__cond0__ai0__as0__pair0__xrec0__dep0p001__e500,arpls_minmax,1729,523,75,gaussian_broadening,0.5,0.003757538612994172,0.001878769306497086,0.0745879171535622,0.9586066872072214,0.004525214611243375,,1.5,0.17462560483885003,0.0466912433039397,0.4219047619047619,0.4584615384615384,1.0,1.1841456171168829e-07,0.29214285714285715,0.3314765694076039,1.0,8.12212647360866e-07,0.45952380952380956,0.5035653978806749,1.0,1.6053517981617915e-07
strict_core,domain_only,instrument,Mira-2,locked_domain,domain__strict_core__domain_only__instrument__Mira-2,domain__strict_core__domain_only__instrument__Mira-2,structured_vae,zc48__zn16__chem0__ni0__ns0__cond0__ai0__as0__pair0__xrec0__dep0p001__e500,arpls_minmax,1729,523,75,gaussian_broadening,1.0,0.0037562881758531315,0.0018781440879265658,0.0745804995691586,0.9585602754623227,0.004524566752708657,,1.5,0.1743693887499889,0.04648268688470125,0.4219047619047619,0.4584615384615384,1.0,2.7108192170999246e-06,0.29214285714285715,0.3337390128465179,0.9866666666666667,1.6858577509992756e-05,0.45952380952380956,0.5035653978806749,1.0,3.430048536756658e-06
strict_core,domain_only,instrument,Mira-2,locked_domain,domain__strict_core__domain_only__instrument__Mira-2,domain__strict_core__domain_only__instrument__Mira-2,structured_vae,zc48__zn16__chem0__ni0__ns0__cond0__ai0__as0__pair0__xrec0__dep0p001__e500,arpls_minmax,1729,523,75,gaussian_broadening,1.5,0.0037544840077679753,0.0018772420038839876,0.07457142823686376,0.9584869438751658,0.004523531393029425,,2.0,0.1739622891370278,0.04711448820307851,0.4219047619047619,0.4584615384615384,1.0,1.3195674000598956e-05,0.29214285714285715,0.3337390128465179,0.9866666666666667,7.807890506228432e-05,0.45952380952380956,0.5035653978806749,1.0,1.6521613360964693e-05
strict_core,domain_only,instrument,Mira-2,locked_domain,domain__strict_core__domain_only__instrument__Mira-2,domain__strict_core__domain_only__instrument__Mira-2,structured_vae,zc48__zn16__chem0__ni0__ns0__cond0__ai0__as0__pair0__xrec0__dep0p001__e500,arpls_minmax,1729,523,75,composite,0.5,0.0072102072943076665,0.0036051036471538333,0.09590564573082332,0.9492990917654571,0.0050393215840646354,,2.0,0.15957361757546457,0.04958861041814089,0.26571428571428574,0.3362082625919638,0.6533333333333333,0.06212678179144859,0.29404761904761906,0.3367921440261866,0.84,0.04096979275345802,0.35238095238095235,0.41474358974358977,0.8133333333333334,0.05787188932299614
strict_core,domain_only,instrument,Mira-2,locked_domain,domain__strict_core__domain_only__instrument__Mira-2,domain__strict_core__domain_only__instrument__Mira-2,structured_vae,zc48__zn16__chem0__ni0__ns0__cond0__ai0__as0__pair0__xrec0__dep0p001__e500,arpls_minmax,1729,523,75,composite,1.0,0.013150016793819422,0.006575008396909711,0.1241383129645117,0.9074806912009784,0.005496967431230153,,2.0,0.19696561689669456,0.06426973640918732,0.22928571428571426,0.3115909090909091,0.6,0.16739501059055328,0.3071428571428571,0.3387091069849691,0.6533333333333333,0.08136985450983047,0.3242857142857143,0.38877734877734876,0.7066666666666667,0.14856497943401337
strict_core,domain_only,instrument,Mira-2,locked_domain,domain__strict_core__domain_only__instrument__Mira-2,domain__strict_core__domain_only__instrument__Mira-2,structured_vae,zc48__zn16__chem0__ni0__ns0__cond0__ai0__as0__pair0__xrec0__dep0p001__e500,arpls_minmax,1729,523,75,composite,1.5,0.023734067811518798,0.011867033905759399,0.14477226194743584,0.8722181217654842,0.006257687945322305,,2.0,0.283890596468614,0.07217036906513385,0.21047619047619043,0.26837136113296617,0.52,0.24809786677360535,0.24785714285714286,0.256763925729443,0.5466666666666666,0.13941320776939392,0.24380952380952384,0.2939230343300111,0.5733333333333334,0.2237461805343628
strict_core,domain_only,instrument,Mira-3,locked_domain,domain__strict_core__domain_only__instrument__Mira-3,domain__strict_core__domain_only__instrument__Mira-3,structured_vae,zc48__zn16__chem0__ni0__ns0__cond0__ai0__as0__pair0__xrec0__dep0p001__e500,arpls_minmax,1729,526,72,scale_offset,0.5,0.009713023588530077,0.004856511794265038,0.07125270938547072,0.9383915887577354,0.0073556581972486984,,2.0,0.32274452666561393,0.057420358061790466,0.46252688172043005,0.5106982964125821,0.875,0.0224167350679636,0.30594086021505373,0.43460925039872406,0.7638888888888888,0.009044123813509941,0.40919354838709676,0.4890922249793217,0.7916666666666666,0.014768408611416817
strict_core,domain_only,instrument,Mira-3,locked_domain,domain__strict_core__domain_only__instrument__Mira-3,domain__strict_core__domain_only__instrument__Mira-3,structured_vae,zc48__zn16__chem0__ni0__ns0__cond0__ai0__as0__pair0__xrec0__dep0p001__e500,arpls_minmax,1729,526,72,scale_offset,1.0,0.012549042531690353,0.0062745212658451765,0.086434138936839,0.9375833380495294,0.0076004055776606304,,2.5,0.2900488758018819,0.0568559430539608,0.42018817204301073,0.46964573268921095,0.7083333333333334,0.09405305236577988,0.2977688172043011,0.40144927536231884,0.7222222222222222,0.03534656763076782,0.42510752688172043,0.48165076841547433,0.75,0.06277152895927429
strict_core,domain_only,instrument,Mira-3,locked_domain,domain__strict_core__domain_only__instrument__Mira-3,domain__strict_core__domain_only__instrument__Mira-3,structured_vae,zc48__zn16__chem0__ni0__ns0__cond0__ai0__as0__pair0__xrec0__dep0p001__e500,arpls_minmax,1729,526,72,scale_offset,1.5,0.018144871630268188,0.009072435815134094,0.10234807743742651,0.9218622263704326,0.00751297317066683,,2.0,0.3501439658434806,0.06798124313354492,0.3941935483870968,0.44585834333733493,0.6944444444444444,0.16046912968158722,0.2792741935483871,0.3954729481045271,0.6111111111111112,0.06739360839128494,0.35228494623655915,0.40075924981585365,0.6388888888888888,0.11557475477457047
strict_core,domain_only,instrument,Mira-3,locked_domain,domain__strict_core__domain_only__instrument__Mira-3,domain__strict_core__domain_only__instrument__Mira-3,structured_vae,zc48__zn16__chem0__ni0__ns0__cond0__ai0__as0__pair0__xrec0__dep0p001__e500,arpls_minmax,1729,526,72,smooth_baseline,0.5,0.00929012284269862,0.00464506142134931,0.07467718797100918,0.9343391087855615,0.00768367401629283,,2.0,0.30070104562896044,0.05281800031661987,0.5081182795698925,0.5727884747492591,0.9027777777777778,0.029999159276485443,0.2661827956989247,0.3693121693121693,0.8888888888888888,0.02529977448284626,0.35419354838709677,0.45994662671473385,0.8194444444444444,0.02401551604270935
strict_core,domain_only,instrument,Mira-3,locked_domain,domain__strict_core__domain_only__instrument__Mira-3,domain__strict_core__domain_only__instrument__Mira-3,structured_vae,zc48__zn16__chem0__ni0__ns0__cond0__ai0__as0__pair0__xrec0__dep0p001__e500,arpls_minmax,1729,526,72,smooth_baseline,1.0,0.011925421717592805,0.0059627108587964025,0.09015802212178521,0.915525967284725,0.008114061485533505,,2.0,0.3985867069575476,0.06128840893507004,0.4456182795698925,0.5318976612080061,0.7916666666666666,0.08120670914649963,0.25408602150537635,0.36709340919867234,0.625,0.06700939685106277,0.3497043010752688,0.4560954371299199,0.7361111111111112,0.06401748955249786
strict_core,domain_only,instrument,Mira-3,locked_domain,domain__strict_core__domain_only__instrument__Mira-3,domain__strict_core__domain_only__instrument__Mira-3,structured_vae,zc48__zn16__chem0__ni0__ns0__cond0__ai0__as0__pair0__xrec0__dep0p001__e500,arpls_minmax,1729,526,72,smooth_baseline,1.5,0.015947573383304794,0.007973786691652397,0.10711975837321921,0.8648618776500518,0.008760159275582173,,2.0,0.37933899524668696,0.07158678956329823,0.30884408602150537,0.39404164766681865,0.5833333333333334,0.13795357942581177,0.2629301075268817,0.3902676746065706,0.6527777777777778,0.11527103930711746,0.24844086021505377,0.35886047233564966,0.5277777777777778,0.11112096905708313
strict_core,domain_only,instrument,Mira-3,locked_domain,domain__strict_core__domain_only__instrument__Mira-3,domain__strict_core__domain_only__instrument__Mira-3,structured_vae,zc48__zn16__chem0__ni0__ns0__cond0__ai0__as0__pair0__xrec0__dep0p001__e500,arpls_minmax,1729,526,72,gaussian_noise,0.5,0.008053466507544477,0.004026733253772239,0.06379095280534475,0.9426850573094074,0.007367068642280418,,2.0,0.4151792010969594,0.05646666884422302,0.49994623655913983,0.5595720069404281,1.0,0.0003101560869254172,0.3225268817204301,0.4336043360433604,0.9583333333333334,0.000252733618253842,0.47327956989247316,0.5802554278416348,0.9583333333333334,0.00025978352641686797
strict_core,domain_only,instrument,Mira-3,locked_domain,domain__strict_core__domain_only__instrument__Mira-3,domain__strict_core__domain_only__instrument__Mira-3,structured_vae,zc48__zn16__chem0__ni0__ns0__cond0__ai0__as0__pair0__xrec0__dep0p001__e500,arpls_minmax,1729,526,72,gaussian_noise,1.0,0.008110296066146529,0.004055148033073264,0.06464951867372812,0.9401065572404304,0.007391244515673472,,2.0,0.37731425807290686,0.054389119148254395,0.4898655913978495,0.5637183235867446,0.9583333333333334,0.001460461993701756,0.2984408602150537,0.41043771043771043,0.9444444444444444,0.0012682005763053894,0.4391129032258065,0.5510631925726265,0.9444444444444444,0.0012250244617462158
strict_core,domain_only,instrument,Mira-3,locked_domain,domain__strict_core__domain_only__instrument__Mira-3,domain__strict_core__domain_only__instrument__Mira-3,structured_vae,zc48__zn16__chem0__ni0__ns0__cond0__ai0__as0__pair0__xrec0__dep0p001__e500,arpls_minmax,1729,526,72,gaussian_noise,1.5,0.008160478828180252,0.004080239414090126,0.06554646980360702,0.9403787111344898,0.0074226216919509,,2.0,0.40112170006927395,0.05239669978618622,0.5106989247311828,0.5810337736852137,0.9444444444444444,0.0034870570525527,0.33327956989247315,0.4414845566895385,0.9027777777777778,0.0023388052359223366,0.4365322580645161,0.5496362066839314,0.9166666666666666,0.00274474429897964
strict_core,domain_only,instrument,Mira-3,locked_domain,domain__strict_core__domain_only__instrument__Mira-3,domain__strict_core__domain_only__instrument__Mira-3,structured_vae,zc48__zn16__chem0__ni0__ns0__cond0__ai0__as0__pair0__xrec0__dep0p001__e500,arpls_minmax,1729,526,72,isolated_spikes,0.5,0.008020692644268836,0.004010346322134418,0.06360623708737155,0.9427117576167396,0.007357462289840456,,2.0,0.37330924040573965,0.05767249874770641,0.49994623655913983,0.5651742478367866,0.9722222222222222,0.00021843115973751992,0.3117741935483871,0.4187895212285457,0.9444444444444444,0.00020716256403829902,0.4807795698924731,0.5759462759462759,0.9166666666666666,0.0001956017513293773
strict_core,domain_only,instrument,Mira-3,locked_domain,domain__strict_core__domain_only__instrument__Mira-3,domain__strict_core__domain_only__instrument__Mira-3,structured_vae,zc48__zn16__chem0__ni0__ns0__cond0__ai0__as0__pair0__xrec0__dep0p001__e500,arpls_minmax,1729,526,72,isolated_spikes,1.0,0.008042578757482167,0.004021289378741084,0.06380610775632553,0.9423836344907233,0.007361351126850538,,2.0,0.4088278356432511,0.05748895928263664,0.5106989247311828,0.5723925197609409,0.9722222222222222,0.0008843408431857824,0.3326075268817204,0.4582934609250399,0.9305555555555556,0.0007206483278423548,0.4941129032258065,0.5919389978213508,0.9305555555555556,0.0007885794038884342
strict_core,domain_only,instrument,Mira-3,locked_domain,domain__strict_core__domain_only__instrument__Mira-3,domain__strict_core__domain_only__instrument__Mira-3,structured_vae,zc48__zn16__chem0__ni0__ns0__cond0__ai0__as0__pair0__xrec0__dep0p001__e500,arpls_minmax,1729,526,72,isolated_spikes,1.5,0.008073431002234533,0.004036715501117266,0.06406597269499574,0.9404185240664605,0.007365734918062045,,2.0,0.4145311011440046,0.05259885638952255,0.5106989247311828,0.5723925197609409,0.9722222222222222,0.0018654896412044764,0.3218548387096774,0.4459608323133415,0.9166666666666666,0.0020620557479560375,0.4781989247311828,0.5747611865258925,0.9166666666666666,0.0017826217226684093
strict_core,domain_only,instrument,Mira-3,locked_domain,domain__strict_core__domain_only__instrument__Mira-3,domain__strict_core__domain_only__instrument__Mira-3,structured_vae,zc48__zn16__chem0__ni0__ns0__cond0__ai0__as0__pair0__xrec0__dep0p001__e500,arpls_minmax,1729,526,72,edge_filled_shift,0.5,0.007988717200112653,0.003994358600056327,0.06311858033072752,0.9432611393186188,0.007375861900370601,,2.25,0.37739867317155695,0.0519954189658165,0.49994623655913983,0.5569111457890008,0.9305555555555556,0.0016280917916446924,0.35153225806451616,0.4770580296896087,0.9027777777777778,0.006940060295164585,0.41244623655913976,0.4961901897385768,0.875,0.0029597969260066748
strict_core,domain_only,instrument,Mira-3,locked_domain,domain__strict_core__domain_only__instrument__Mira-3,domain__strict_core__domain_only__instrument__Mira-3,structured_vae,zc48__zn16__chem0__ni0__ns0__cond0__ai0__as0__pair0__xrec0__dep0p001__e500,arpls_minmax,1729,526,72,edge_filled_shift,1.0,0.008019211683620568,0.004009605841810284,0.0636212889484627,0.9414118839458898,0.007360353658101766,,2.0,0.37863372219902486,0.05406254529953003,0.49994623655913983,0.5651742478367866,0.9444444444444444,0.003220232902094722,0.30919354838709673,0.4222222222222222,0.9305555555555556,0.008389335125684738,0.40236559139784944,0.49367235574132123,0.8472222222222222,0.004447608254849911
strict_core,domain_only,instrument,Mira-3,locked_domain,domain__strict_core__domain_only__instrument__Mira-3,domain__strict_core__domain_only__instrument__Mira-3,structured_vae,zc48__zn16__chem0__ni0__ns0__cond0__ai0__as0__pair0__xrec0__dep0p001__e500,arpls_minmax,1729,526,72,edge_filled_shift,1.5,0.007983045057313816,0.003991522528656908,0.06285164859435621,0.9478006812678289,0.007351662444619554,,2.0,0.3654044259611823,0.05138443456962705,0.5106989247311828,0.5666945140629351,0.9027777777777778,0.0049845073372125626,0.3085215053763441,0.42929416564667483,0.8333333333333334,0.018877051770687103,0.3782795698924731,0.47353222898354747,0.8333333333333334,0.00893348641693592
strict_core,domain_only,instrument,Mira-3,locked_domain,domain__strict_core__domain_only__instrument__Mira-3,domain__strict_core__domain_only__instrument__Mira-3,structured_vae,zc48__zn16__chem0__ni0__ns0__cond0__ai0__as0__pair0__xrec0__dep0p001__e500,arpls_minmax,1729,526,72,gaussian_broadening,0.5,0.008011594182779904,0.004005797091389952,0.06342781397033681,0.9421571804010158,0.007352244167439292,,2.0,0.40101513660808374,0.05655626207590103,0.49994623655913983,0.5595720069404281,1.0,3.1954712653714523e-07,0.3225268817204301,0.4336043360433604,1.0,9.826487712416565e-07,0.4706989247311828,0.5742074017936086,1.0,5.190570959712204e-07
strict_core,domain_only,instrument,Mira-3,locked_domain,domain__strict_core__domain_only__instrument__Mira-3,domain__strict_core__domain_only__instrument__Mira-3,structured_vae,zc48__zn16__chem0__ni0__ns0__cond0__ai0__as0__pair0__xrec0__dep0p001__e500,arpls_minmax,1729,526,72,gaussian_broadening,1.0,0.00800739695444231,0.004003698477221155,0.06338736624854328,0.9425203891227864,0.007351074520554267,,2.0,0.4006302923395715,0.057010188698768616,0.49994623655913983,0.5595720069404281,1.0,6.436473995563574e-06,0.3225268817204301,0.4336043360433604,1.0,2.0306142687331885e-05,0.4706989247311828,0.5742074017936086,1.0,1.0679993465601001e-05
strict_core,domain_only,instrument,Mira-3,locked_domain,domain__strict_core__domain_only__instrument__Mira-3,domain__strict_core__domain_only__instrument__Mira-3,structured_vae,zc48__zn16__chem0__ni0__ns0__cond0__ai0__as0__pair0__xrec0__dep0p001__e500,arpls_minmax,1729,526,72,gaussian_broadening,1.5,0.00800126057236426,0.00400063028618213,0.06332649177011704,0.9430781078440236,0.00734931564941805,,2.0,0.3706903208641244,0.055792588740587234,0.49994623655913983,0.5595720069404281,0.9861111111111112,2.9499331503757276e-05,0.3225268817204301,0.4336043360433604,0.9861111111111112,9.429206693312153e-05,0.4706989247311828,0.5742074017936086,1.0,4.9345195293426514e-05
strict_core,domain_only,instrument,Mira-3,locked_domain,domain__strict_core__domain_only__instrument__Mira-3,domain__strict_core__domain_only__instrument__Mira-3,structured_vae,zc48__zn16__chem0__ni0__ns0__cond0__ai0__as0__pair0__xrec0__dep0p001__e500,arpls_minmax,1729,526,72,composite,0.5,0.01117283179170357,0.005586415895851785,0.08143140162426096,0.9259722387111871,0.0077538420696792966,,2.0,0.3906033090854589,0.05921635776758194,0.47978494623655915,0.5576889437670421,0.7777777777777778,0.05075088143348694,0.2870161290322581,0.408812729498164,0.75,0.034841347485780716,0.40236559139784944,0.5148925148925149,0.8055555555555556,0.03692864999175072
strict_core,domain_only,instrument,Mira-3,locked_domain,domain__strict_core__domain_only__instrument__Mira-3,domain__strict_core__domain_only__instrument__Mira-3,structured_vae,zc48__zn16__chem0__ni0__ns0__cond0__ai0__as0__pair0__xrec0__dep0p001__e500,arpls_minmax,1729,526,72,composite,1.0,0.01860501604847901,0.009302508024239505,0.10846582938083621,0.8819119627726516,0.00830118398691642,,2.0,0.38646816010501595,0.06899947859346867,0.39161290322580644,0.49219087425983976,0.6944444444444444,0.1388261914253235,0.2280913978494624,0.34451983617580534,0.6111111111111112,0.09203231334686279,0.2947043010752688,0.3830227743271221,0.5972222222222222,0.10309025645256042
strict_core,domain_only,instrument,Mira-3,locked_domain,domain__strict_core__domain_only__instrument__Mira-3,domain__strict_core__domain_only__instrument__Mira-3,structured_vae,zc48__zn16__chem0__ni0__ns0__cond0__ai0__as0__pair0__xrec0__dep0p001__e500,arpls_minmax,1729,526,72,composite,1.5,0.024475354709082076,0.012237677354541038,0.11554482259641954,0.8364425768743129,0.008747714132959016,,2.0,0.39435437372373633,0.08202848210930824,0.3200268817204301,0.40657628175159727,0.5555555555555556,0.20038862526416779,0.08233870967741935,0.1419183889772125,0.4444444444444444,0.16381624341011047,0.19018817204301075,0.24414715719063543,0.5277777777777778,0.1722784787416458
strict_core,domain_only,instrument,Pendar-1,locked_domain,domain__strict_core__domain_only__instrument__Pendar-1,domain__strict_core__domain_only__instrument__Pendar-1,structured_vae,zc48__zn16__chem0__ni0__ns0__cond0__ai0__as0__pair0__xrec0__dep0p001__e500,arpls_minmax,1729,552,46,scale_offset,0.5,0.008308850588028575,0.0041544252940142875,0.08923581587937134,0.8505390084644454,0.02716074324269915,,2.0,1.3302085068603084,0.0849591176956892,0.7367724867724869,0.7849529780564263,0.9347826086956522,0.02587101235985756,0.609457671957672,0.6735482654600302,0.8913043478260869,0.029157577082514763,0.7523148148148148,0.7918505942275043,0.9347826086956522,0.025154419243335724
strict_core,domain_only,instrument,Pendar-1,locked_domain,domain__strict_core__domain_only__instrument__Pendar-1,domain__strict_core__domain_only__instrument__Pendar-1,structured_vae,zc48__zn16__chem0__ni0__ns0__cond0__ai0__as0__pair0__xrec0__dep0p001__e500,arpls_minmax,1729,552,46,scale_offset,1.0,0.012005527938954697,0.006002763969477349,0.10240648343366096,0.8423603078787258,0.027150521105843574,,2.0,1.1608683438480178,0.0829986147582531,0.6312830687830687,0.6984875983061101,0.8913043478260869,0.081202432513237,0.5148809523809523,0.5692307692307692,0.782608695652174,0.07318069785833359,0.6785714285714285,0.7482605945604047,0.9347826086956522,0.07342465221881866
strict_core,domain_only,instrument,Pendar-1,locked_domain,domain__strict_core__domain_only__instrument__Pendar-1,domain__strict_core__domain_only__instrument__Pendar-1,structured_vae,zc48__zn16__chem0__ni0__ns0__cond0__ai0__as0__pair0__xrec0__dep0p001__e500,arpls_minmax,1729,552,46,scale_offset,1.5,0.016558765278735205,0.008279382639367602,0.10845074901891862,0.8306794680689025,0.027290299061954917,,2.0,1.3326541030868768,0.09733103960752487,0.6421957671957671,0.714749837556855,0.8478260869565217,0.15663734078407288,0.5783730158730158,0.6659454586432273,0.717391304347826,0.1444743573665619,0.6626984126984127,0.7004887585532747,0.8913043478260869,0.1385798305273056
strict_core,domain_only,instrument,Pendar-1,locked_domain,domain__strict_core__domain_only__instrument__Pendar-1,domain__strict_core__domain_only__instrument__Pendar-1,structured_vae,zc48__zn16__chem0__ni0__ns0__cond0__ai0__as0__pair0__xrec0__dep0p001__e500,arpls_minmax,1729,552,46,smooth_baseline,0.5,0.008171487373678421,0.004085743686839211,0.09070664005097188,0.83954077536653,0.027181262735451496,,2.0,1.2083388549138867,0.08296655863523483,0.6898148148148148,0.750375939849624,0.8478260869565217,0.0369613878428936,0.5515873015873015,0.631521306252489,0.8478260869565217,0.04421762377023697,0.736111111111111,0.7805555555555556,0.9347826086956522,0.038348134607076645
strict_core,domain_only,instrument,Pendar-1,locked_domain,domain__strict_core__domain_only__instrument__Pendar-1,domain__strict_core__domain_only__instrument__Pendar-1,structured_vae,zc48__zn16__chem0__ni0__ns0__cond0__ai0__as0__pair0__xrec0__dep0p001__e500,arpls_minmax,1729,552,46,smooth_baseline,1.0,0.010708333673908632,0.005354166836954316,0.1009814012043698,0.7938831330240421,0.02731395998828746,,2.0,1.3254877118890518,0.08203333802521229,0.6259920634920634,0.690782059950417,0.8260869565217391,0.1186598464846611,0.5515873015873015,0.6325476992143658,0.8043478260869565,0.10574733465909958,0.7470238095238094,0.8345248474280732,0.8913043478260869,0.11232475936412811
strict_core,domain_only,instrument,Pendar-1,locked_domain,domain__strict_core__domain_only__instrument__Pendar-1,domain__strict_core__domain_only__instrument__Pendar-1,structured_vae,zc48__zn16__chem0__ni0__ns0__cond0__ai0__as0__pair0__xrec0__dep0p001__e500,arpls_minmax,1729,552,46,smooth_baseline,1.5,0.014604498582510195,0.0073022492912550975,0.1137807995265825,0.7445292806572896,0.027534465515011645,,2.0,1.360302268926318,0.07792481780052185,0.5466269841269841,0.6106332138590204,0.6739130434782609,0.20157431066036224,0.4880952380952381,0.6025089605734767,0.6521739130434783,0.15201495587825775,0.5942460317460317,0.675913517376932,0.6956521739130435,0.19577932357788086
strict_core,domain_only,instrument,Pendar-1,locked_domain,domain__strict_core__domain_only__instrument__Pendar-1,domain__strict_core__domain_only__instrument__Pendar-1,structured_vae,zc48__zn16__chem0__ni0__ns0__cond0__ai0__as0__pair0__xrec0__dep0p001__e500,arpls_minmax,1729,552,46,gaussian_noise,0.5,0.006981847296238301,0.0034909236481191503,0.08341079048151105,0.8522201025525487,0.027149391069747834,,2.0,1.1778849173767694,0.08834763709455729,0.6789021164021163,0.7286311389759664,0.9347826086956522,0.00044960042578168213,0.556547619047619,0.6233974358974359,1.0,0.0008830091101117432,0.7152777777777777,0.7597222222222223,0.9782608695652174,0.0004539398942142725
strict_core,domain_only,instrument,Pendar-1,locked_domain,domain__strict_core__domain_only__instrument__Pendar-1,domain__strict_core__domain_only__instrument__Pendar-1,structured_vae,zc48__zn16__chem0__ni0__ns0__cond0__ai0__as0__pair0__xrec0__dep0p001__e500,arpls_minmax,1729,552,46,gaussian_noise,1.0,0.006990517573765602,0.003495258786882801,0.08358562412254598,0.8523983313739958,0.027145887656871454,,2.0,1.199259463707509,0.08978181798011065,0.6838624338624338,0.7291666666666666,0.9782608695652174,0.0018148616654798388,0.593584656084656,0.6438027332144979,0.9565217391304348,0.0034032748080790043,0.6994047619047619,0.7566940754796542,0.9782608695652174,0.001892989152111113
strict_core,domain_only,instrument,Pendar-1,locked_domain,domain__strict_core__domain_only__instrument__Pendar-1,domain__strict_core__domain_only__instrument__Pendar-1,structured_vae,zc48__zn16__chem0__ni0__ns0__cond0__ai0__as0__pair0__xrec0__dep0p001__e500,arpls_minmax,1729,552,46,gaussian_noise,1.5,0.007052547880979235,0.0035262739404896175,0.0837313392045593,0.8514459032865108,0.027147696571060757,,2.0,1.3481006201584824,0.08639396913349628,0.6997354497354497,0.7547049441786283,0.9565217391304348,0.003947071265429258,0.556547619047619,0.6151903651903652,0.9565217391304348,0.00840144045650959,0.7152777777777777,0.7597222222222223,0.9782608695652174,0.004085313994437456
strict_core,domain_only,instrument,Pendar-1,locked_domain,domain__strict_core__domain_only__instrument__Pendar-1,domain__strict_core__domain_only__instrument__Pendar-1,structured_vae,zc48__zn16__chem0__ni0__ns0__cond0__ai0__as0__pair0__xrec0__dep0p001__e500,arpls_minmax,1729,552,46,isolated_spikes,0.5,0.006988929173616086,0.003494464586808043,0.0834029138608966,0.8529460409772851,0.02715018299670286,,2.0,1.286694068139918,0.08677647542208433,0.6630291005291005,0.7153735632183907,0.9565217391304348,0.00018520069716032594,0.5406746031746031,0.5926262626262626,0.9565217391304348,0.0004254242521710694,0.6994047619047619,0.7479575163398692,1.0,0.00018709768482949585
strict_core,domain_only,instrument,Pendar-1,locked_domain,domain__strict_core__domain_only__instrument__Pendar-1,domain__strict_core__domain_only__instrument__Pendar-1,structured_vae,zc48__zn16__chem0__ni0__ns0__cond0__ai0__as0__pair0__xrec0__dep0p001__e500,arpls_minmax,1729,552,46,isolated_spikes,1.0,0.007007315441932726,0.003503657720966363,0.08349464816580524,0.852584040230959,0.02714755165004823,,2.0,1.2242418148042593,0.08904348127543926,0.7046957671957671,0.7543505942275042,0.9565217391304348,0.0006695363554172218,0.556547619047619,0.6233974358974359,0.9782608695652174,0.001862645149230957,0.6994047619047619,0.7479575163398692,1.0,0.00077536964090541
strict_core,domain_only,instrument,Pendar-1,locked_domain,domain__strict_core__domain_only__instrument__Pendar-1,domain__strict_core__domain_only__instrument__Pendar-1,structured_vae,zc48__zn16__chem0__ni0__ns0__cond0__ai0__as0__pair0__xrec0__dep0p001__e500,arpls_minmax,1729,552,46,isolated_spikes,1.5,0.0070097009033066125,0.0035048504516533062,0.08346024116195681,0.8534252953350829,0.02714650941039682,,2.0,1.3851814889176737,0.08630886115133762,0.6947751322751322,0.7533895590904237,0.9130434782608695,0.001735687255859375,0.5406746031746031,0.6008333333333333,0.9565217391304348,0.002946226391941309,0.7152777777777777,0.7597222222222223,0.9782608695652174,0.001777141005732119
strict_core,domain_only,instrument,Pendar-1,locked_domain,domain__strict_core__domain_only__instrument__Pendar-1,domain__strict_core__domain_only__instrument__Pendar-1,structured_vae,zc48__zn16__chem0__ni0__ns0__cond0__ai0__as0__pair0__xrec0__dep0p001__e500,arpls_minmax,1729,552,46,edge_filled_shift,0.5,0.006966352643763037,0.0034831763218815186,0.08346582452719879,0.8534015698817772,0.0271633239259634,,2.0,1.0950654170822025,0.09508872777223587,0.6838624338624338,0.7414473684210526,0.9130434782608695,0.008174004964530468,0.6623677248677248,0.7070707070707071,0.8478260869565217,0.02973802015185356,0.7523148148148148,0.8011695906432749,0.9347826086956522,0.011009651236236095
strict_core,domain_only,instrument,Pendar-1,locked_domain,domain__strict_core__domain_only__instrument__Pendar-1,domain__strict_core__domain_only__instrument__Pendar-1,structured_vae,zc48__zn16__chem0__ni0__ns0__cond0__ai0__as0__pair0__xrec0__dep0p001__e500,arpls_minmax,1729,552,46,edge_filled_shift,1.0,0.007091440822298163,0.0035457204111490814,0.08430429757397315,0.8453412131587084,0.027154740706393826,,2.0,1.2728781511168734,0.09002775000408292,0.6626984126984127,0.7405085336119819,0.8913043478260869,0.011329971253871918,0.5724206349206349,0.6657051282051282,0.9347826086956522,0.030316287651658058,0.6994047619047619,0.769765970904491,0.9347826086956522,0.013870087452232838
strict_core,domain_only,instrument,Pendar-1,locked_domain,domain__strict_core__domain_only__instrument__Pendar-1,domain__strict_core__domain_only__instrument__Pendar-1,structured_vae,zc48__zn16__chem0__ni0__ns0__cond0__ai0__as0__pair0__xrec0__dep0p001__e500,arpls_minmax,1729,552,46,edge_filled_shift,1.5,0.007075385978755638,0.003537692989377819,0.08472835102958609,0.851780538177084,0.027164947302295846,,2.0,1.2869860158067072,0.08600682113319635,0.6841931216931217,0.7436251920122888,0.8260869565217391,0.01997625268995762,0.599537037037037,0.6694918827746151,0.8260869565217391,0.09466537088155746,0.7576058201058201,0.809553872053872,0.8260869565217391,0.027467908337712288
strict_core,domain_only,instrument,Pendar-1,locked_domain,domain__strict_core__domain_only__instrument__Pendar-1,domain__strict_core__domain_only__instrument__Pendar-1,structured_vae,zc48__zn16__chem0__ni0__ns0__cond0__ai0__as0__pair0__xrec0__dep0p001__e500,arpls_minmax,1729,552,46,gaussian_broadening,0.5,0.006977155083731418,0.003488577541865709,0.08337366093624626,0.8524901930820133,0.027147287293817265,,2.0,1.2262379640214578,0.0897755641490221,0.7046957671957671,0.7543505942275042,1.0,1.2951052667631302e-05,0.556547619047619,0.6233974358974359,1.0,4.094839096069336e-05,0.6994047619047619,0.7479575163398692,1.0,1.563067053211853e-05
strict_core,domain_only,instrument,Pendar-1,locked_domain,domain__strict_core__domain_only__instrument__Pendar-1,domain__strict_core__domain_only__instrument__Pendar-1,structured_vae,zc48__zn16__chem0__ni0__ns0__cond0__ai0__as0__pair0__xrec0__dep0p001__e500,arpls_minmax,1729,552,46,gaussian_broadening,1.0,0.006970710590300384,0.003485355295150192,0.0834107819877188,0.8527461581957159,0.027141844043322923,,2.0,1.280319936099984,0.08927148021757603,0.7205687830687829,0.76760816998508,0.9782608695652174,0.00020459035295061767,0.556547619047619,0.6233974358974359,1.0,0.0008324449299834669,0.6994047619047619,0.7479575163398692,1.0,0.00025938774342648685
strict_core,domain_only,instrument,Pendar-1,locked_domain,domain__strict_core__domain_only__instrument__Pendar-1,domain__strict_core__domain_only__instrument__Pendar-1,structured_vae,zc48__zn16__chem0__ni0__ns0__cond0__ai0__as0__pair0__xrec0__dep0p001__e500,arpls_minmax,1729,552,46,gaussian_broadening,1.5,0.006963396909891228,0.003481698454945614,0.08347614632936452,0.852887838549323,0.027132888197950393,,2.5,1.2828512768697837,0.08956007845699787,0.7046957671957671,0.7543505942275042,0.9565217391304348,0.0007505572284571826,0.556547619047619,0.6233974358974359,1.0,0.003487458685413003,0.6994047619047619,0.7479575163398692,1.0,0.0009691235609352589
strict_core,domain_only,instrument,Pendar-1,locked_domain,domain__strict_core__domain_only__instrument__Pendar-1,domain__strict_core__domain_only__instrument__Pendar-1,structured_vae,zc48__zn16__chem0__ni0__ns0__cond0__ai0__as0__pair0__xrec0__dep0p001__e500,arpls_minmax,1729,552,46,composite,0.5,0.009805847198663035,0.004902923599331518,0.09250608148788211,0.8345125472914644,0.02720024914526197,,2.0,1.5297632316322722,0.08480486273765564,0.7056878306878307,0.7539795434532276,0.782608695652174,0.06192481890320778,0.5621693121693122,0.6609318996415771,0.782608695652174,0.08243036270141602,0.7099867724867724,0.7552000529941707,0.8478260869565217,0.06303250789642334
strict_core,domain_only,instrument,Pendar-1,locked_domain,domain__strict_core__domain_only__instrument__Pendar-1,domain__strict_core__domain_only__instrument__Pendar-1,structured_vae,zc48__zn16__chem0__ni0__ns0__cond0__ai0__as0__pair0__xrec0__dep0p001__e500,arpls_minmax,1729,552,46,composite,1.0,0.01627243421846905,0.008136217109234525,0.10763671376410466,0.7958891282512455,0.027366421060457415,,2.0,1.2683231150333105,0.09147647791542113,0.6210317460317459,0.6860113246078159,0.7608695652173914,0.18311166763305664,0.5416666666666666,0.6053639846743295,0.6086956521739131,0.18749503791332245,0.6795634920634921,0.7246288798920378,0.7608695652173914,0.1807110458612442
strict_core,domain_only,instrument,Pendar-1,locked_domain,domain__strict_core__domain_only__instrument__Pendar-1,domain__strict_core__domain_only__instrument__Pendar-1,structured_vae,zc48__zn16__chem0__ni0__ns0__cond0__ai0__as0__pair0__xrec0__dep0p001__e500,arpls_minmax,1729,552,46,composite,1.5,0.027251155349045677,0.013625577674522838,0.12369858454129713,0.673590044031896,0.027494758339488324,,2.0,1.1239843749147678,0.09086676687002182,0.515542328042328,0.6143476621417797,0.5217391304347826,0.3553646206855774,0.44146825396825395,0.5351190476190476,0.5,0.3410947918891907,0.5158730158730158,0.6193483709273183,0.5217391304347826,0.34284839034080505
strict_core,domain_only,instrument,Pendar-2,locked_domain,domain__strict_core__domain_only__instrument__Pendar-2,domain__strict_core__domain_only__instrument__Pendar-2,structured_vae,zc48__zn16__chem0__ni0__ns0__cond0__ai0__as0__pair0__xrec0__dep0p001__e500,arpls_minmax,1729,500,98,scale_offset,0.5,0.014935769881159182,0.007467884940579591,0.09774533783876672,0.47755645552083203,0.041800846814957125,,2.0,1.8296512242917244,0.12298908270895481,0.6808390022675737,0.6190794499618029,0.9795918367346939,0.025224128738045692,0.6067120181405895,0.49570031774465273,0.9693877551020408,0.007068649400025606,0.6331746031746032,0.5416459917300254,0.9489795918367347,0.012624555267393589
strict_core,domain_only,instrument,Pendar-2,locked_domain,domain__strict_core__domain_only__instrument__Pendar-2,domain__strict_core__domain_only__instrument__Pendar-2,structured_vae,zc48__zn16__chem0__ni0__ns0__cond0__ai0__as0__pair0__xrec0__dep0p001__e500,arpls_minmax,1729,500,98,scale_offset,1.0,0.02024187598988583,0.010120937994942915,0.10505169986836614,0.4731836783029882,0.0418382596744457,,2.0,1.844943726929833,0.13105177879333496,0.6529024943310658,0.5885829352419213,0.9285714285714286,0.09873294085264206,0.5771428571428572,0.44564903695338476,0.8979591836734694,0.035218656063079834,0.6082993197278911,0.531476834822411,0.8469387755102041,0.060567472130060196
strict_core,domain_only,instrument,Pendar-2,locked_domain,domain__strict_core__domain_only__instrument__Pendar-2,domain__strict_core__domain_only__instrument__Pendar-2,structured_vae,zc48__zn16__chem0__ni0__ns0__cond0__ai0__as0__pair0__xrec0__dep0p001__e500,arpls_minmax,1729,500,98,scale_offset,1.5,0.02807600511479674,0.01403800255739837,0.1140540736058726,0.48111760462537145,0.04173299368301757,,2.0,1.744548029403993,0.1374976634979248,0.6374376417233562,0.6047300247955044,0.8571428571428571,0.204838365316391,0.46761904761904766,0.3715792691162149,0.7755102040816326,0.1138557493686676,0.5646938775510204,0.524523316573006,0.7857142857142857,0.1574598103761673
strict_core,domain_only,instrument,Pendar-2,locked_domain,domain__strict_core__domain_only__instrument__Pendar-2,domain__strict_core__domain_only__instrument__Pendar-2,structured_vae,zc48__zn16__chem0__ni0__ns0__cond0__ai0__as0__pair0__xrec0__dep0p001__e500,arpls_minmax,1729,500,98,smooth_baseline,0.5,0.014565891118380567,0.007282945559190283,0.10054945714182986,0.46351124999276533,0.041969537970814895,,2.0,1.7295904458237779,0.1287742704153061,0.6812925170068027,0.6302586865467189,0.9183673469387755,0.029831968247890472,0.5548072562358277,0.43415277799431456,0.8163265306122449,0.042619504034519196,0.6575963718820862,0.6013486096192863,0.8877551020408163,0.03493881598114967
strict_core,domain_only,instrument,Pendar-2,locked_domain,domain__strict_core__domain_only__instrument__Pendar-2,domain__strict_core__domain_only__instrument__Pendar-2,structured_vae,zc48__zn16__chem0__ni0__ns0__cond0__ai0__as0__pair0__xrec0__dep0p001__e500,arpls_minmax,1729,500,98,smooth_baseline,1.0,0.017160369103199537,0.008580184551599769,0.10751490681013506,0.42425928647678035,0.04218180760786507,,2.0,1.6390195180918092,0.12015734985470772,0.6995238095238095,0.6538291081527731,0.7448979591836735,0.08177369832992554,0.5388662131519275,0.4177541998454745,0.6326530612244898,0.11693710088729858,0.673718820861678,0.6247171595911091,0.7653061224489796,0.10005317628383636
strict_core,domain_only,instrument,Pendar-2,locked_domain,domain__strict_core__domain_only__instrument__Pendar-2,domain__strict_core__domain_only__instrument__Pendar-2,structured_vae,zc48__zn16__chem0__ni0__ns0__cond0__ai0__as0__pair0__xrec0__dep0p001__e500,arpls_minmax,1729,500,98,smooth_baseline,1.5,0.02109119924704171,0.010545599623520856,0.1171080087591875,0.2765620496562423,0.042519278701025544,,2.0,1.7760589462888439,0.12318844348192215,0.5691836734693878,0.5415541856582287,0.7448979591836735,0.13792169094085693,0.43691609977324253,0.3230481837003576,0.5510204081632653,0.1987859010696411,0.5898185941043084,0.5508375035040535,0.6836734693877551,0.17713895440101624
strict_core,domain_only,instrument,Pendar-2,locked_domain,domain__strict_core__domain_only__instrument__Pendar-2,domain__strict_core__domain_only__instrument__Pendar-2,structured_vae,zc48__zn16__chem0__ni0__ns0__cond0__ai0__as0__pair0__xrec0__dep0p001__e500,arpls_minmax,1729,500,98,gaussian_noise,0.5,0.013418958191574366,0.006709479095787183,0.09548829841754843,0.49030458858131554,0.04182266238562858,,2.0,1.8642946027085845,0.12228005938231945,0.6924716553287983,0.6378558696205755,0.9897959183673469,0.0004292373778298497,0.5907936507936508,0.46419294990723564,0.9897959183673469,0.00021089643996674567,0.6460317460317461,0.5480420143300467,0.9897959183673469,0.0002758971240837127
strict_core,domain_only,instrument,Pendar-2,locked_domain,domain__strict_core__domain_only__instrument__Pendar-2,domain__strict_core__domain_only__instrument__Pendar-2,structured_vae,zc48__zn16__chem0__ni0__ns0__cond0__ai0__as0__pair0__xrec0__dep0p001__e500,arpls_minmax,1729,500,98,gaussian_noise,1.0,0.013422434052744108,0.006711217026372054,0.09553029382047788,0.4871662184113721,0.04182013893392283,,2.0,1.7749349869242241,0.12801936268806458,0.6808390022675737,0.6203163083415184,0.9693877551020408,0.001748509588651359,0.5724263038548754,0.46337353123067404,0.9387755102040817,0.000831572397146374,0.6531746031746032,0.55656603932466,0.9795918367346939,0.0011376404436305165
strict_core,domain_only,instrument,Pendar-2,locked_domain,domain__strict_core__domain_only__instrument__Pendar-2,domain__strict_core__domain_only__instrument__Pendar-2,structured_vae,zc48__zn16__chem0__ni0__ns0__cond0__ai0__as0__pair0__xrec0__dep0p001__e500,arpls_minmax,1729,500,98,gaussian_noise,1.5,0.013413874206829652,0.006706937103414826,0.09561377892677006,0.4871644471433453,0.041829432485994966,,2.0,1.916786276812851,0.12214750982820988,0.6879818594104308,0.6272875816993464,0.9897959183673469,0.004183276556432247,0.5938548752834467,0.48433919022154315,0.9489795918367347,0.0018613830907270312,0.6460317460317461,0.5369762546928586,0.9897959183673469,0.002738787792623043
strict_core,domain_only,instrument,Pendar-2,locked_domain,domain__strict_core__domain_only__instrument__Pendar-2,domain__strict_core__domain_only__instrument__Pendar-2,structured_vae,zc48__zn16__chem0__ni0__ns0__cond0__ai0__as0__pair0__xrec0__dep0p001__e500,arpls_minmax,1729,500,98,isolated_spikes,0.5,0.01341886350438435,0.006709431752192175,0.09547775010663355,0.48927673938172594,0.04182117449007747,,2.0,1.8549194630482702,0.12195775657892227,0.698185941043084,0.6452847805788984,0.9795918367346939,0.0002459032111801207,0.5836507936507936,0.45588893864755936,0.9795918367346939,9.616054012440145e-05,0.6531746031746032,0.545483657654043,0.9897959183673469,0.000132102140923962
strict_core,domain_only,instrument,Pendar-2,locked_domain,domain__strict_core__domain_only__instrument__Pendar-2,domain__strict_core__domain_only__instrument__Pendar-2,structured_vae,zc48__zn16__chem0__ni0__ns0__cond0__ai0__as0__pair0__xrec0__dep0p001__e500,arpls_minmax,1729,500,98,isolated_spikes,1.0,0.013424905772130697,0.0067124528860653485,0.0955281910037583,0.4928222653819352,0.04182167316995062,,2.0,1.89158116629475,0.12245593965053558,0.6924716553287983,0.6380514110406067,0.9693877551020408,0.000793425424490124,0.5907936507936508,0.47350844644077733,0.9795918367346939,0.0004038068582303822,0.6531746031746032,0.5562773084476939,0.9591836734693877,0.0005230088718235493
strict_core,domain_only,instrument,Pendar-2,locked_domain,domain__strict_core__domain_only__instrument__Pendar-2,domain__strict_core__domain_only__instrument__Pendar-2,structured_vae,zc48__zn16__chem0__ni0__ns0__cond0__ai0__as0__pair0__xrec0__dep0p001__e500,arpls_minmax,1729,500,98,isolated_spikes,1.5,0.01341825429250766,0.00670912714625383,0.09549290011823731,0.4891211760668006,0.04182496259783762,,2.0,1.838011744275796,0.11959737725555897,0.6879818594104308,0.6272875816993464,0.9897959183673469,0.0015329110901802778,0.6009977324263038,0.4906910413068048,0.9795918367346939,0.0006862319423817098,0.6531746031746032,0.5481721641161345,0.9795918367346939,0.0009286075364798307
strict_core,domain_only,instrument,Pendar-2,locked_domain,domain__strict_core__domain_only__instrument__Pendar-2,domain__strict_core__domain_only__instrument__Pendar-2,structured_vae,zc48__zn16__chem0__ni0__ns0__cond0__ai0__as0__pair0__xrec0__dep0p001__e500,arpls_minmax,1729,500,98,edge_filled_shift,0.5,0.01345108414412611,0.006725542072063055,0.0957264050942975,0.48829079161479905,0.04183466103640532,,2.0,1.8703054545003335,0.12758439406752586,0.6748979591836735,0.6272800870626958,0.9285714285714286,0.009653829969465733,0.5617460317460318,0.42240798843520555,0.9081632653061225,0.004664050880819559,0.6586167800453514,0.5668352127175657,0.9489795918367347,0.006750931032001972
strict_core,domain_only,instrument,Pendar-2,locked_domain,domain__strict_core__domain_only__instrument__Pendar-2,domain__strict_core__domain_only__instrument__Pendar-2,structured_vae,zc48__zn16__chem0__ni0__ns0__cond0__ai0__as0__pair0__xrec0__dep0p001__e500,arpls_minmax,1729,500,98,edge_filled_shift,1.0,0.013552873909809887,0.006776436954904944,0.09602229389701636,0.4904773189887509,0.04181923182018465,,2.0,1.8837937951588255,0.12469465285539627,0.6688208616780047,0.6136292218418012,0.9183673469387755,0.020158980041742325,0.5795691609977325,0.46877911864300253,0.9183673469387755,0.007224219385534525,0.6427437641723355,0.5707232709933789,0.9285714285714286,0.01158838625997305
strict_core,domain_only,instrument,Pendar-2,locked_domain,domain__strict_core__domain_only__instrument__Pendar-2,domain__strict_core__domain_only__instrument__Pendar-2,structured_vae,zc48__zn16__chem0__ni0__ns0__cond0__ai0__as0__pair0__xrec0__dep0p001__e500,arpls_minmax,1729,500,98,edge_filled_shift,1.5,0.01359688922057861,0.006798444610289305,0.09666730334516115,0.490674008421088,0.04184204154927799,,2.0,1.89872284086437,0.11843188852071762,0.6747392290249434,0.6113187416243443,0.8469387755102041,0.029096731916069984,0.5724263038548754,0.46502267573696143,0.9285714285714286,0.013203910551965237,0.6633786848072561,0.5774796355323738,0.9183673469387755,0.018748071044683456
strict_core,domain_only,instrument,Pendar-2,locked_domain,domain__strict_core__domain_only__instrument__Pendar-2,domain__strict_core__domain_only__instrument__Pendar-2,structured_vae,zc48__zn16__chem0__ni0__ns0__cond0__ai0__as0__pair0__xrec0__dep0p001__e500,arpls_minmax,1729,500,98,gaussian_broadening,0.5,0.013404864286668355,0.006702432143334177,0.09547016597551952,0.49006816874162873,0.04181735598388919,,2.0,1.8816479466361282,0.12232576869428158,0.6879818594104308,0.6272875816993464,0.9897959183673469,1.142462861025706e-05,0.5907936507936508,0.4624442880600516,1.0,6.38560368315666e-06,0.6460317460317461,0.539545282303903,1.0,8.649363735457882e-06
strict_core,domain_only,instrument,Pendar-2,locked_domain,domain__strict_core__domain_only__instrument__Pendar-2,domain__strict_core__domain_only__instrument__Pendar-2,structured_vae,zc48__zn16__chem0__ni0__ns0__cond0__ai0__as0__pair0__xrec0__dep0p001__e500,arpls_minmax,1729,500,98,gaussian_broadening,1.0,0.013390717484530289,0.0066953587422651445,0.09547299095461596,0.48911416475542435,0.04180768125913232,,2.0,1.875049573805045,0.12363634072244167,0.6879818594104308,0.6272875816993464,0.9897959183673469,0.00011803665984189138,0.5907936507936508,0.4624442880600516,1.0,6.45579129923135e-05,0.6460317460317461,0.539545282303903,1.0,8.878111839294434e-05
strict_core,domain_only,instrument,Pendar-2,locked_domain,domain__strict_core__domain_only__instrument__Pendar-2,domain__strict_core__domain_only__instrument__Pendar-2,structured_vae,zc48__zn16__chem0__ni0__ns0__cond0__ai0__as0__pair0__xrec0__dep0p001__e500,arpls_minmax,1729,500,98,gaussian_broadening,1.5,0.013379162655968484,0.006689581327984242,0.09549593443847958,0.48874242798938405,0.04179758944541941,,2.0,1.891007246047495,0.12364005297422409,0.698185941043084,0.6452847805788984,0.9795918367346939,0.0003078403533436358,0.5907936507936508,0.4624442880600516,1.0,0.00016593567852396518,0.6531746031746032,0.545483657654043,0.9897959183673469,0.00023084452550392598
strict_core,domain_only,instrument,Pendar-2,locked_domain,domain__strict_core__domain_only__instrument__Pendar-2,domain__strict_core__domain_only__instrument__Pendar-2,structured_vae,zc48__zn16__chem0__ni0__ns0__cond0__ai0__as0__pair0__xrec0__dep0p001__e500,arpls_minmax,1729,500,98,composite,0.5,0.016584431297698363,0.008292215648849181,0.10216842010510745,0.46877996925842236,0.041990993720240635,,2.0,1.7339521136320588,0.1227491945028305,0.6902721088435374,0.6436221639470625,0.8571428571428571,0.06002113223075867,0.5678684807256235,0.4606651904862588,0.7857142857142857,0.05004401132464409,0.6804988662131519,0.6261418853255588,0.8469387755102041,0.05252143368124962
strict_core,domain_only,instrument,Pendar-2,locked_domain,domain__strict_core__domain_only__instrument__Pendar-2,domain__strict_core__domain_only__instrument__Pendar-2,structured_vae,zc48__zn16__chem0__ni0__ns0__cond0__ai0__as0__pair0__xrec0__dep0p001__e500,arpls_minmax,1729,500,98,composite,1.0,0.024436737056210706,0.012218368528105353,0.11288773464768609,0.3966665327439566,0.04219973004383878,,2.0,1.6465132982047856,0.1189976129680872,0.6143990929705215,0.5646577075901568,0.7040816326530612,0.17405477166175842,0.4767573696145124,0.35474595441793394,0.5510204081632653,0.14967907965183258,0.6678911564625851,0.6170712634298925,0.7040816326530612,0.15743809938430786
strict_core,domain_only,instrument,Pendar-2,locked_domain,domain__strict_core__domain_only__instrument__Pendar-2,domain__strict_core__domain_only__instrument__Pendar-2,structured_vae,zc48__zn16__chem0__ni0__ns0__cond0__ai0__as0__pair0__xrec0__dep0p001__e500,arpls_minmax,1729,500,98,composite,1.5,0.03419185898441111,0.017095929492205553,0.12748247370905863,0.2624220069859299,0.042542166796237,,2.5,1.7877253637419588,0.12071067979559302,0.44278911564625856,0.40970406684692395,0.5612244897959183,0.2537056803703308,0.3413151927437642,0.30134553302372874,0.5204081632653061,0.24053218960762024,0.45834467120181405,0.43779401396126133,0.5612244897959183,0.25035327672958374
strict_core,domain_only,instrument,Pendar-3,locked_domain,domain__strict_core__domain_only__instrument__Pendar-3,domain__strict_core__domain_only__instrument__Pendar-3,structured_vae,zc48__zn16__chem0__ni0__ns0__cond0__ai0__as0__pair0__xrec0__dep0p001__e500,arpls_minmax,1729,528,70,scale_offset,0.5,0.011454466887059932,0.005727233443529966,0.08842203343660325,0.7783001095783848,0.034467545207230846,,2.25,1.2741344582781555,0.09412767551839352,0.4131996658312448,0.4187032265979634,0.9428571428571428,0.017529241740703583,0.4379162191192267,0.4360474031509837,0.9285714285714286,0.021353332325816154,0.5289593030194534,0.5233008302589583,0.9857142857142858,0.017778795212507248
strict_core,domain_only,instrument,Pendar-3,locked_domain,domain__strict_core__domain_only__instrument__Pendar-3,domain__strict_core__domain_only__instrument__Pendar-3,structured_vae,zc48__zn16__chem0__ni0__ns0__cond0__ai0__as0__pair0__xrec0__dep0p001__e500,arpls_minmax,1729,528,70,scale_offset,1.0,0.015669633082640817,0.007834816541320408,0.09920771312599876,0.774457158511613,0.034389929612362334,,2.0,1.2789561237872031,0.08381471037864685,0.40084735648645425,0.4033960292580982,0.8714285714285714,0.07400624454021454,0.4371225683255759,0.4561664389250596,0.8571428571428571,0.0969819650053978,0.4825516171380833,0.4807653379257267,0.8142857142857143,0.08432813733816147
strict_core,domain_only,instrument,Pendar-3,locked_domain,domain__strict_core__domain_only__instrument__Pendar-3,domain__strict_core__domain_only__instrument__Pendar-3,structured_vae,zc48__zn16__chem0__ni0__ns0__cond0__ai0__as0__pair0__xrec0__dep0p001__e500,arpls_minmax,1729,528,70,scale_offset,1.5,0.024426775969290635,0.012213387984645318,0.10890185222181231,0.7522067598866486,0.03447840363702802,,2.0,1.295315391374142,0.10443709045648575,0.3733679436686956,0.36755199687530515,0.7428571428571429,0.1513407826423645,0.49154433703305883,0.47717316796264164,0.7714285714285715,0.14325642585754395,0.5162608903210407,0.5187074829931972,0.8,0.14956068992614746
strict_core,domain_only,instrument,Pendar-3,locked_domain,domain__strict_core__domain_only__instrument__Pendar-3,domain__strict_core__domain_only__instrument__Pendar-3,structured_vae,zc48__zn16__chem0__ni0__ns0__cond0__ai0__as0__pair0__xrec0__dep0p001__e500,arpls_minmax,1729,528,70,smooth_baseline,0.5,0.012288683953708253,0.0061443419768541264,0.09036033999258976,0.7726871489299597,0.03453062939248673,,2.0,1.3618451875894984,0.09037057310342789,0.45670127700202895,0.4321553925002201,0.9142857142857143,0.056012220680713654,0.4571547917412579,0.45776062693680014,0.8714285714285714,0.02296794205904007,0.5448323188924693,0.5322442108156394,0.9142857142857143,0.035642027854919434
strict_core,domain_only,instrument,Pendar-3,locked_domain,domain__strict_core__domain_only__instrument__Pendar-3,domain__strict_core__domain_only__instrument__Pendar-3,structured_vae,zc48__zn16__chem0__ni0__ns0__cond0__ai0__as0__pair0__xrec0__dep0p001__e500,arpls_minmax,1729,528,70,smooth_baseline,1.0,0.015766370799622953,0.007883185399811476,0.09891670123392797,0.7524008644168992,0.03472312559946204,,2.0,1.4322547551341045,0.09097369760274887,0.46690535863468197,0.44141971956373577,0.7714285714285715,0.1823347955942154,0.41509129967776587,0.4250359581219057,0.8142857142857143,0.067222461104393,0.5511815252416755,0.5370112691541263,0.9,0.11288189888000488
strict_core,domain_only,instrument,Pendar-3,locked_domain,domain__strict_core__domain_only__instrument__Pendar-3,domain__strict_core__domain_only__instrument__Pendar-3,structured_vae,zc48__zn16__chem0__ni0__ns0__cond0__ai0__as0__pair0__xrec0__dep0p001__e500,arpls_minmax,1729,528,70,smooth_baseline,1.5,0.0217924453273081,0.01089622266365405,0.10937763835385335,0.7245258256367056,0.03497734454947007,,2.0,1.3883977049806064,0.08575820550322533,0.37178660938059427,0.3286680313150901,0.5571428571428572,0.2829170227050781,0.4100250626566416,0.40926014325029103,0.6714285714285714,0.12095549702644348,0.5028822055137845,0.49218122031421263,0.7571428571428571,0.1835685819387436
strict_core,domain_only,instrument,Pendar-3,locked_domain,domain__strict_core__domain_only__instrument__Pendar-3,domain__strict_core__domain_only__instrument__Pendar-3,structured_vae,zc48__zn16__chem0__ni0__ns0__cond0__ai0__as0__pair0__xrec0__dep0p001__e500,arpls_minmax,1729,528,70,gaussian_noise,0.5,0.010211470281999266,0.005105735140999633,0.08473015381200205,0.7836856933992801,0.034440704799430566,,2.0,1.2406884691435787,0.09569711610674858,0.4311910729203962,0.4277317953595689,0.9571428571428572,0.0008900336106307805,0.4639933166248955,0.4694858393015075,0.9714285714285714,0.0003805441374424845,0.5289593030194534,0.5233946608946608,1.0,0.0005730322445742786
strict_core,domain_only,instrument,Pendar-3,locked_domain,domain__strict_core__domain_only__instrument__Pendar-3,domain__strict_core__domain_only__instrument__Pendar-3,structured_vae,zc48__zn16__chem0__ni0__ns0__cond0__ai0__as0__pair0__xrec0__dep0p001__e500,arpls_minmax,1729,528,70,gaussian_noise,1.0,0.010242390367597803,0.005121195183798902,0.08463244027276175,0.7828991952683538,0.03444708989601578,,2.0,1.31089411570877,0.09078652411699295,0.40836615347893546,0.406209882071951,0.9428571428571428,0.003891187021508813,0.4537892349922425,0.4606866674588574,0.9571428571428572,0.0015998814487829804,0.5289593030194534,0.5233946608946608,1.0,0.002484434051439166
strict_core,domain_only,instrument,Pendar-3,locked_domain,domain__strict_core__domain_only__instrument__Pendar-3,domain__strict_core__domain_only__instrument__Pendar-3,structured_vae,zc48__zn16__chem0__ni0__ns0__cond0__ai0__as0__pair0__xrec0__dep0p001__e500,arpls_minmax,1729,528,70,gaussian_noise,1.5,0.010316433275804176,0.005158216637902088,0.08474053599375846,0.7784470168408091,0.03445085926679762,,2.0,1.2913036984896686,0.09639329090714455,0.44139515455304934,0.4365556328124386,0.9142857142857143,0.008984455838799477,0.4277121374865736,0.4286470517060579,0.9142857142857143,0.0043432340025901794,0.5480069220670725,0.5475932797361368,0.9285714285714286,0.005976134445518255
strict_core,domain_only,instrument,Pendar-3,locked_domain,domain__strict_core__domain_only__instrument__Pendar-3,domain__strict_core__domain_only__instrument__Pendar-3,structured_vae,zc48__zn16__chem0__ni0__ns0__cond0__ai0__as0__pair0__xrec0__dep0p001__e500,arpls_minmax,1729,528,70,isolated_spikes,0.5,0.010221098680004755,0.005110549340002378,0.08481395698610211,0.7843231290934023,0.034440506042886836,,2.0,1.2788595981335709,0.09492405876517296,0.46690535863468197,0.4523815298615201,0.9714285714285714,0.0005631012609228492,0.4895035207065282,0.4807480253353414,0.9714285714285714,0.00019176943169441074,0.5289593030194534,0.5233946608946608,1.0,0.00031327520264312625
strict_core,domain_only,instrument,Pendar-3,locked_domain,domain__strict_core__domain_only__instrument__Pendar-3,domain__strict_core__domain_only__instrument__Pendar-3,structured_vae,zc48__zn16__chem0__ni0__ns0__cond0__ai0__as0__pair0__xrec0__dep0p001__e500,arpls_minmax,1729,528,70,isolated_spikes,1.0,0.010236388004207017,0.005118194002103509,0.08481268868841534,0.7850938483755496,0.03444711329384665,,2.0,1.2601326601612128,0.09710047952830791,0.40299558419859177,0.4027495536590609,0.9428571428571428,0.002146627986803651,0.4282790309106098,0.4440353082118787,0.9571428571428572,0.000745771627407521,0.5448323188924693,0.5357529375386518,0.9714285714285714,0.0012602934148162603
strict_core,domain_only,instrument,Pendar-3,locked_domain,domain__strict_core__domain_only__instrument__Pendar-3,domain__strict_core__domain_only__instrument__Pendar-3,structured_vae,zc48__zn16__chem0__ni0__ns0__cond0__ai0__as0__pair0__xrec0__dep0p001__e500,arpls_minmax,1729,528,70,isolated_spikes,1.5,0.010264847749936542,0.005132423874968271,0.08501904690490451,0.7814501981996249,0.03444433816300494,,2.0,1.2913123803945314,0.0947401225566864,0.45159923618570236,0.441276636046268,0.9142857142857143,0.00622696103528142,0.4838345864661654,0.4799733676461787,0.9571428571428572,0.00200100289657712,0.557530731590882,0.5537996964721102,0.9714285714285714,0.0035160593688488007
strict_core,domain_only,instrument,Pendar-3,locked_domain,domain__strict_core__domain_only__instrument__Pendar-3,domain__strict_core__domain_only__instrument__Pendar-3,structured_vae,zc48__zn16__chem0__ni0__ns0__cond0__ai0__as0__pair0__xrec0__dep0p001__e500,arpls_minmax,1729,528,70,edge_filled_shift,0.5,0.010241149065838215,0.005120574532919107,0.0854624172525235,0.786268099900997,0.03446447519293981,,2.0,1.2657839935151098,0.09016687422990799,0.42907268170426066,0.4316713048855906,0.9,0.01776692643761635,0.4181883279627641,0.421552257266543,0.8428571428571429,0.013447705656290054,0.5409774436090226,0.5307985665128523,0.9142857142857143,0.01435362920165062
strict_core,domain_only,instrument,Pendar-3,locked_domain,domain__strict_core__domain_only__instrument__Pendar-3,domain__strict_core__domain_only__instrument__Pendar-3,structured_vae,zc48__zn16__chem0__ni0__ns0__cond0__ai0__as0__pair0__xrec0__dep0p001__e500,arpls_minmax,1729,528,70,edge_filled_shift,1.0,0.010268087545865225,0.0051340437729326125,0.08552466002381323,0.782011912372262,0.0344687733054195,,2.0,1.3326193513642046,0.08996512368321419,0.4846282372598162,0.48304122066799554,0.8714285714285714,0.029692456126213074,0.3844790547798067,0.40352338205753774,0.8142857142857143,0.023881711065769196,0.5901837928153718,0.5787487243701308,0.9,0.02522817999124527
strict_core,domain_only,instrument,Pendar-3,locked_domain,domain__strict_core__domain_only__instrument__Pendar-3,domain__strict_core__domain_only__instrument__Pendar-3,structured_vae,zc48__zn16__chem0__ni0__ns0__cond0__ai0__as0__pair0__xrec0__dep0p001__e500,arpls_minmax,1729,528,70,edge_filled_shift,1.5,0.010320517042878202,0.005160258521439101,0.0861573208115508,0.7713346897191974,0.034466923396425944,,2.0,1.3757661995963515,0.08787435665726662,0.4337629788757608,0.43761435608726246,0.8,0.04468357935547829,0.4303974221267454,0.44336234493797516,0.8428571428571429,0.033776093274354935,0.5514858575008951,0.5297441076744177,0.8285714285714286,0.037209127098321915
strict_core,domain_only,instrument,Pendar-3,locked_domain,domain__strict_core__domain_only__instrument__Pendar-3,domain__strict_core__domain_only__instrument__Pendar-3,structured_vae,zc48__zn16__chem0__ni0__ns0__cond0__ai0__as0__pair0__xrec0__dep0p001__e500,arpls_minmax,1729,528,70,gaussian_broadening,0.5,0.010169778843152849,0.005084889421576424,0.08478488730595761,0.7853022615274455,0.034432175484785645,,2.0,1.3731357827999653,0.09380333870649338,0.3852727055734575,0.388440017527893,0.9857142857142858,0.00011759655899368227,0.47419739825754864,0.4807207948221773,0.9714285714285714,3.095439387834631e-05,0.5289593030194534,0.5233946608946608,1.0,6.351555930450559e-05
strict_core,domain_only,instrument,Pendar-3,locked_domain,domain__strict_core__domain_only__instrument__Pendar-3,domain__strict_core__domain_only__instrument__Pendar-3,structured_vae,zc48__zn16__chem0__ni0__ns0__cond0__ai0__as0__pair0__xrec0__dep0p001__e500,arpls_minmax,1729,528,70,gaussian_broadening,1.0,0.010147030876010987,0.005073515438005494,0.0848382237974883,0.785499492822895,0.03441122943539284,,2.0,1.3447056480088297,0.09218920394778252,0.4407148824442058,0.4240075996442719,0.9285714285714286,0.0016623565461486578,0.42261009667024707,0.4352335418913154,0.8857142857142857,0.0004708758497145027,0.5289593030194534,0.5244382601525458,0.9857142857142858,0.0009216631879098713
strict_core,domain_only,instrument,Pendar-3,locked_domain,domain__strict_core__domain_only__instrument__Pendar-3,domain__strict_core__domain_only__instrument__Pendar-3,structured_vae,zc48__zn16__chem0__ni0__ns0__cond0__ai0__as0__pair0__xrec0__dep0p001__e500,arpls_minmax,1729,528,70,gaussian_broadening,1.5,0.010148411210281514,0.005074205605140757,0.08493241318425447,0.7851431650719528,0.03438992984549532,,2.0,1.2617964516042914,0.08586171269416809,0.4407148824442058,0.4240075996442719,0.9285714285714286,0.005359498783946037,0.42261009667024707,0.4311806488530627,0.8428571428571429,0.0015600706683471799,0.5187552213868003,0.5133935915013863,0.9714285714285714,0.0029845586977899075
strict_core,domain_only,instrument,Pendar-3,locked_domain,domain__strict_core__domain_only__instrument__Pendar-3,domain__strict_core__domain_only__instrument__Pendar-3,structured_vae,zc48__zn16__chem0__ni0__ns0__cond0__ai0__as0__pair0__xrec0__dep0p001__e500,arpls_minmax,1729,528,70,composite,0.5,0.01415437017599993,0.007077185087999965,0.09429739626249688,0.7714930860413531,0.03453052262066874,,2.0,1.353585378764941,0.0945892333984375,0.46410669530970283,0.44512134007207893,0.8285714285714286,0.10267103463411331,0.4553407327843418,0.4421677528820385,0.7571428571428571,0.05627937987446785,0.5797529538131041,0.5778614476093468,0.7857142857142857,0.07128733396530151
strict_core,domain_only,instrument,Pendar-3,locked_domain,domain__strict_core__domain_only__instrument__Pendar-3,domain__strict_core__domain_only__instrument__Pendar-3,structured_vae,zc48__zn16__chem0__ni0__ns0__cond0__ai0__as0__pair0__xrec0__dep0p001__e500,arpls_minmax,1729,528,70,composite,1.0,0.021429729407250363,0.010714864703625182,0.10385647913470235,0.7355625662579217,0.03476988328301131,,2.0,1.4439511211102363,0.09317602962255478,0.392266380236305,0.38106611130804685,0.7428571428571429,0.26190322637557983,0.4661892827306361,0.45829371174993294,0.6714285714285714,0.13636545836925507,0.44045232127938894,0.4327956989247312,0.7142857142857143,0.1829458475112915
strict_core,domain_only,instrument,Pendar-3,locked_domain,domain__strict_core__domain_only__instrument__Pendar-3,domain__strict_core__domain_only__instrument__Pendar-3,structured_vae,zc48__zn16__chem0__ni0__ns0__cond0__ai0__as0__pair0__xrec0__dep0p001__e500,arpls_minmax,1729,528,70,composite,1.5,0.040826796772630146,0.020413398386315073,0.11686532233992222,0.633621707311949,0.03508343660439481,,2.0,1.4775524173851693,0.07758107967674732,0.4491824800095477,0.4135025113135712,0.5571428571428572,0.4366658627986908,0.3261666069936746,0.3235017710884797,0.6142857142857143,0.21448560059070587,0.5176990094283328,0.48979770229770236,0.6571428571428571,0.30905529856681824
strict_core,domain_only,instrument,RMX-1,locked_domain,domain__strict_core__domain_only__instrument__RMX-1,domain__strict_core__domain_only__instrument__RMX-1,structured_vae,zc48__zn16__chem0__ni0__ns0__cond0__ai0__as0__pair0__xrec0__dep0p001__e500,arpls_minmax,1729,551,47,scale_offset,0.5,0.006140849949332766,0.003070424974666383,0.07313810710163944,0.971324348439736,0.006563947805686763,,1.0,0.16442894926037788,0.053777777357026935,0.6509090909090909,0.6962962962962962,0.9361702127659575,0.011964615434408188,0.39151515151515154,0.4123847167325428,0.9361702127659575,0.05932276323437691,0.7284848484848485,0.698070818070818,0.8936170212765957,0.012759272009134293
strict_core,domain_only,instrument,RMX-1,locked_domain,domain__strict_core__domain_only__instrument__RMX-1,domain__strict_core__domain_only__instrument__RMX-1,structured_vae,zc48__zn16__chem0__ni0__ns0__cond0__ai0__as0__pair0__xrec0__dep0p001__e500,arpls_minmax,1729,551,47,scale_offset,1.0,0.008321703779493162,0.004160851889746581,0.08567779551883195,0.9688204660417984,0.006687235525296329,,1.0,0.1715303982265275,0.07755133975297213,0.7115151515151515,0.7417069243156199,0.851063829787234,0.03726276755332947,0.3309090909090909,0.3501611170784103,0.8085106382978723,0.10796821117401123,0.7115151515151515,0.7156871035940803,0.8085106382978723,0.04000429809093475
strict_core,domain_only,instrument,RMX-1,locked_domain,domain__strict_core__domain_only__instrument__RMX-1,domain__strict_core__domain_only__instrument__RMX-1,structured_vae,zc48__zn16__chem0__ni0__ns0__cond0__ai0__as0__pair0__xrec0__dep0p001__e500,arpls_minmax,1729,551,47,scale_offset,1.5,0.013962674234743727,0.006981337117371864,0.09977571247101642,0.9565275571266966,0.007063480826018403,,1.0,0.1910876389022642,0.08118801936507225,0.6206060606060606,0.6733977801646974,0.8723404255319149,0.0706641674041748,0.31393939393939396,0.34042950513538744,0.7446808510638298,0.27920761704444885,0.5939393939393939,0.5804830917874396,0.7446808510638298,0.07608166337013245
strict_core,domain_only,instrument,RMX-1,locked_domain,domain__strict_core__domain_only__instrument__RMX-1,domain__strict_core__domain_only__instrument__RMX-1,structured_vae,zc48__zn16__chem0__ni0__ns0__cond0__ai0__as0__pair0__xrec0__dep0p001__e500,arpls_minmax,1729,551,47,smooth_baseline,0.5,0.0067315195390551235,0.0033657597695275617,0.0852258660912148,0.9671105662539727,0.006792311063924032,,1.0,0.18601214765107493,0.05068889260292053,0.7551515151515152,0.7888091440723018,0.8297872340425532,0.031545668840408325,0.3878787878787879,0.4148148148148148,0.8723404255319149,0.1961068958044052,0.7854545454545455,0.7620650953984288,0.7872340425531915,0.04023712873458862
strict_core,domain_only,instrument,RMX-1,locked_domain,domain__strict_core__domain_only__instrument__RMX-1,domain__strict_core__domain_only__instrument__RMX-1,structured_vae,zc48__zn16__chem0__ni0__ns0__cond0__ai0__as0__pair0__xrec0__dep0p001__e500,arpls_minmax,1729,551,47,smooth_baseline,1.0,0.010795452988513034,0.005397726494256517,0.1137768850682537,0.9345370557257756,0.007315668450918976,,1.0,0.19823499875717185,0.057462697150185704,0.5903030303030303,0.653968253968254,0.851063829787234,0.09539049118757248,0.36121212121212115,0.39035087719298245,0.6595744680851063,0.45172905921936035,0.6812121212121212,0.6599570585077831,0.7659574468085106,0.11632929742336273
strict_core,domain_only,instrument,RMX-1,locked_domain,domain__strict_core__domain_only__instrument__RMX-1,domain__strict_core__domain_only__instrument__RMX-1,structured_vae,zc48__zn16__chem0__ni0__ns0__cond0__ai0__as0__pair0__xrec0__dep0p001__e500,arpls_minmax,1729,551,47,smooth_baseline,1.5,0.016028344015987187,0.008014172007993594,0.13658813850635373,0.8996322588382432,0.007901030648014073,,1.5,0.21774445589244643,0.06123598013073206,0.5672727272727273,0.6333333333333333,0.574468085106383,0.15343740582466125,0.39151515151515154,0.48108072660502327,0.723404255319149,0.5644808411598206,0.7018181818181818,0.6550058304181242,0.6808510638297872,0.1845420002937317
strict_core,domain_only,instrument,RMX-1,locked_domain,domain__strict_core__domain_only__instrument__RMX-1,domain__strict_core__domain_only__instrument__RMX-1,structured_vae,zc48__zn16__chem0__ni0__ns0__cond0__ai0__as0__pair0__xrec0__dep0p001__e500,arpls_minmax,1729,551,47,gaussian_noise,0.5,0.005252175104601215,0.0026260875523006076,0.06642562771967207,0.9769105025093572,0.006481030625086824,,1.0,0.14330777431342623,0.044264751370064914,0.5903030303030303,0.6406959427554393,0.9787234042553191,0.00018131479737348855,0.4351515151515151,0.4758527524484972,0.9574468085106383,0.0015506998170167208,0.6981818181818182,0.6825064599483204,1.0,0.00022383066243492067
strict_core,domain_only,instrument,RMX-1,locked_domain,domain__strict_core__domain_only__instrument__RMX-1,domain__strict_core__domain_only__instrument__RMX-1,structured_vae,zc48__zn16__chem0__ni0__ns0__cond0__ai0__as0__pair0__xrec0__dep0p001__e500,arpls_minmax,1729,551,47,gaussian_noise,1.0,0.005266892364368303,0.0026334461821841517,0.06668129555289465,0.976241394045377,0.006484397739784311,,1.0,0.15022683663513992,0.04622216382995248,0.6036363636363636,0.6629859673337933,0.9787234042553191,0.0009007314220070839,0.40484848484848485,0.4282337048294495,1.0,0.009708643890917301,0.6812121212121213,0.6793939393939393,0.8936170212765957,0.0011881146347150207
strict_core,domain_only,instrument,RMX-1,locked_domain,domain__strict_core__domain_only__instrument__RMX-1,domain__strict_core__domain_only__instrument__RMX-1,structured_vae,zc48__zn16__chem0__ni0__ns0__cond0__ai0__as0__pair0__xrec0__dep0p001__e500,arpls_minmax,1729,551,47,gaussian_noise,1.5,0.005324415030960889,0.0026622075154804446,0.0675098846909016,0.9761872369370971,0.006494068831466684,,1.0,0.14891525280669277,0.050712174735963345,0.56,0.6278582930756843,0.9148936170212766,0.0024765082634985447,0.40484848484848485,0.4282337048294495,0.9787234042553191,0.02347411960363388,0.6509090909090909,0.6558922558922559,0.9361702127659575,0.0033643804490566254
strict_core,domain_only,instrument,RMX-1,locked_domain,domain__strict_core__domain_only__instrument__RMX-1,domain__strict_core__domain_only__instrument__RMX-1,structured_vae,zc48__zn16__chem0__ni0__ns0__cond0__ai0__as0__pair0__xrec0__dep0p001__e500,arpls_minmax,1729,551,47,isolated_spikes,0.5,0.005243357390115264,0.002621678695057632,0.06641225581338167,0.9766682524211688,0.006487009985908323,,1.0,0.1494877716962944,0.04441314563155174,0.6036363636363636,0.6574355510525723,1.0,9.301748650614172e-05,0.40484848484848485,0.4282337048294495,1.0,0.00030864807195030153,0.6981818181818182,0.6825064599483204,1.0,0.00010508425475563854
strict_core,domain_only,instrument,RMX-1,locked_domain,domain__strict_core__domain_only__instrument__RMX-1,domain__strict_core__domain_only__instrument__RMX-1,structured_vae,zc48__zn16__chem0__ni0__ns0__cond0__ai0__as0__pair0__xrec0__dep0p001__e500,arpls_minmax,1729,551,47,isolated_spikes,1.0,0.005242213724158551,0.0026211068620792754,0.06642975999663035,0.9766084904687538,0.006488329755712201,,1.0,0.1479793945749145,0.04469616897404194,0.5903030303030303,0.6406959427554393,0.9787234042553191,0.00036977327545173466,0.40484848484848485,0.4282337048294495,0.9787234042553191,0.0020107957534492016,0.6981818181818182,0.6825064599483204,1.0,0.0004169218009337783
strict_core,domain_only,instrument,RMX-1,locked_domain,domain__strict_core__domain_only__instrument__RMX-1,domain__strict_core__domain_only__instrument__RMX-1,structured_vae,zc48__zn16__chem0__ni0__ns0__cond0__ai0__as0__pair0__xrec0__dep0p001__e500,arpls_minmax,1729,551,47,isolated_spikes,1.5,0.005259019223406909,0.0026295096117034543,0.06659587275757911,0.9771390717328142,0.0064858268920658085,,1.0,0.15326887135677797,0.04459456889890134,0.650909090909091,0.6912457912457913,0.9361702127659575,0.000740382238291204,0.4351515151515151,0.4758527524484972,0.9574468085106383,0.003995289094746113,0.6981818181818182,0.6825064599483204,1.0,0.0008399334619753063
strict_core,domain_only,instrument,RMX-1,locked_domain,domain__strict_core__domain_only__instrument__RMX-1,domain__strict_core__domain_only__instrument__RMX-1,structured_vae,zc48__zn16__chem0__ni0__ns0__cond0__ai0__as0__pair0__xrec0__dep0p001__e500,arpls_minmax,1729,551,47,edge_filled_shift,0.5,0.005280157931139427,0.0026400789655697133,0.06776969674637416,0.974967262275707,0.006492546767873125,,1.0,0.15293225895766788,0.042475816735532135,0.6206060606060606,0.6670117322291235,0.9574468085106383,0.004807309713214636,0.3745454545454545,0.3972222222222222,0.9148936170212766,0.06244742125272751,0.6072727272727273,0.6259259259259259,0.8936170212765957,0.006319029722362757
strict_core,domain_only,instrument,RMX-1,locked_domain,domain__strict_core__domain_only__instrument__RMX-1,domain__strict_core__domain_only__instrument__RMX-1,structured_vae,zc48__zn16__chem0__ni0__ns0__cond0__ai0__as0__pair0__xrec0__dep0p001__e500,arpls_minmax,1729,551,47,edge_filled_shift,1.0,0.0053330898905682945,0.0026665449452841473,0.0684576626153497,0.9754328404443817,0.00653029542409036,,1.0,0.15358584140640266,0.044587742537260056,0.6242424242424243,0.6717171717171717,0.8936170212765957,0.007508358918130398,0.40484848484848485,0.4282337048294495,0.9361702127659575,0.04599339887499809,0.6412121212121212,0.618392056208032,0.8936170212765957,0.009568200446665287
strict_core,domain_only,instrument,RMX-1,locked_domain,domain__strict_core__domain_only__instrument__RMX-1,domain__strict_core__domain_only__instrument__RMX-1,structured_vae,zc48__zn16__chem0__ni0__ns0__cond0__ai0__as0__pair0__xrec0__dep0p001__e500,arpls_minmax,1729,551,47,edge_filled_shift,1.5,0.0053884782331737055,0.0026942391165868528,0.069381444885557,0.9741399105680694,0.006543537396638167,,1.5,0.17026356778109983,0.04413025127723813,0.5939393939393939,0.6261685174728652,0.8297872340425532,0.01074851956218481,0.4254545454545455,0.46868686868686865,0.8297872340425532,0.051803041249513626,0.5806060606060607,0.5842040220199978,0.851063829787234,0.013472680002450943
strict_core,domain_only,instrument,RMX-1,locked_domain,domain__strict_core__domain_only__instrument__RMX-1,domain__strict_core__domain_only__instrument__RMX-1,structured_vae,zc48__zn16__chem0__ni0__ns0__cond0__ai0__as0__pair0__xrec0__dep0p001__e500,arpls_minmax,1729,551,47,gaussian_broadening,0.5,0.005240414102360781,0.0026202070511803905,0.06637693249465458,0.9770661528623761,0.006483224583932128,,1.0,0.14856086432571503,0.04361705295741558,0.5903030303030303,0.6406959427554393,0.9787234042553191,8.116377330225077e-07,0.40484848484848485,0.4282337048294495,1.0,6.276242402236676e-06,0.6981818181818182,0.6825064599483204,1.0,1.0183516678807791e-06
strict_core,domain_only,instrument,RMX-1,locked_domain,domain__strict_core__domain_only__instrument__RMX-1,domain__strict_core__domain_only__instrument__RMX-1,structured_vae,zc48__zn16__chem0__ni0__ns0__cond0__ai0__as0__pair0__xrec0__dep0p001__e500,arpls_minmax,1729,551,47,gaussian_broadening,1.0,0.005235415309950893,0.0026177076549754466,0.06636106495095703,0.9770560513985067,0.006482411364467968,,1.0,0.14775294281625018,0.04314091522246599,0.5903030303030303,0.6406959427554393,0.9787234042553191,1.3242376553534996e-05,0.40484848484848485,0.4282337048294495,1.0,0.00010291566286468878,0.6981818181818182,0.6825064599483204,1.0,1.6756514014559798e-05
strict_core,domain_only,instrument,RMX-1,locked_domain,domain__strict_core__domain_only__instrument__RMX-1,domain__strict_core__domain_only__instrument__RMX-1,structured_vae,zc48__zn16__chem0__ni0__ns0__cond0__ai0__as0__pair0__xrec0__dep0p001__e500,arpls_minmax,1729,551,47,gaussian_broadening,1.5,0.005229423591935984,0.002614711795967992,0.06634959724960378,0.9769991128820114,0.006481163958753678,,1.0,0.15845678918454179,0.04295574314892292,0.5903030303030303,0.6406959427554393,0.9787234042553191,5.166454502614215e-05,0.40484848484848485,0.4282337048294495,1.0,0.00038819998735561967,0.6981818181818182,0.6825064599483204,1.0,6.4695137552917e-05
strict_core,domain_only,instrument,RMX-1,locked_domain,domain__strict_core__domain_only__instrument__RMX-1,domain__strict_core__domain_only__instrument__RMX-1,structured_vae,zc48__zn16__chem0__ni0__ns0__cond0__ai0__as0__pair0__xrec0__dep0p001__e500,arpls_minmax,1729,551,47,composite,0.5,0.008037192577268695,0.0040185962886343475,0.08948178772825695,0.9649833831860269,0.006923414506683836,,1.0,0.18007327544475218,0.0655973800458014,0.6678787878787878,0.714151481593342,0.8297872340425532,0.04102436080574989,0.3575757575757576,0.38128575087509614,0.7446808510638298,0.21042391657829285,0.6981818181818182,0.7046464646464646,0.723404255319149,0.05226323381066322
strict_core,domain_only,instrument,RMX-1,locked_domain,domain__strict_core__domain_only__instrument__RMX-1,domain__strict_core__domain_only__instrument__RMX-1,structured_vae,zc48__zn16__chem0__ni0__ns0__cond0__ai0__as0__pair0__xrec0__dep0p001__e500,arpls_minmax,1729,551,47,composite,1.0,0.016472338884107648,0.008236169442053824,0.11914120380035435,0.9328805477643044,0.007670740459949744,,1.0,0.19081137847218244,0.06475438084453344,0.48969696969696974,0.5397406559877956,0.723404255319149,0.12623895704746246,0.3309090909090909,0.36339869281045756,0.6170212765957447,0.372327595949173,0.5806060606060607,0.5748076213192492,0.6170212765957447,0.14655770361423492
strict_core,domain_only,instrument,RMX-1,locked_domain,domain__strict_core__domain_only__instrument__RMX-1,domain__strict_core__domain_only__instrument__RMX-1,structured_vae,zc48__zn16__chem0__ni0__ns0__cond0__ai0__as0__pair0__xrec0__dep0p001__e500,arpls_minmax,1729,551,47,composite,1.5,0.026159481140107847,0.013079740570053924,0.15233501883480857,0.850482970439071,0.00851883191386626,,2.0,0.27154566189918383,0.08811803162097931,0.41939393939393943,0.463710273466371,0.574468085106383,0.1915215700864792,0.38181818181818183,0.46286169970380486,0.574468085106383,0.5936962366104126,0.5103030303030304,0.49022988505747134,0.5319148936170213,0.23993778228759766
strict_core,domain_only,instrument,RMX-2,locked_domain,domain__strict_core__domain_only__instrument__RMX-2,domain__strict_core__domain_only__instrument__RMX-2,structured_vae,zc48__zn16__chem0__ni0__ns0__cond0__ai0__as0__pair0__xrec0__dep0p001__e500,arpls_minmax,1729,533,65,scale_offset,0.5,0.006347692455588322,0.003173846227794161,0.07916144161414837,0.8744059062835633,0.029058922901597412,,2.0,1.0276372373681526,0.07615439593791962,0.7696360153256704,0.8294326241134753,0.9230769230769231,0.01993609592318535,0.7212643678160919,0.7752900104458739,0.9230769230769231,0.01771674118936062,0.7744252873563218,0.8326614987080103,0.9230769230769231,0.019115790724754333
strict_core,domain_only,instrument,RMX-2,locked_domain,domain__strict_core__domain_only__instrument__RMX-2,domain__strict_core__domain_only__instrument__RMX-2,structured_vae,zc48__zn16__chem0__ni0__ns0__cond0__ai0__as0__pair0__xrec0__dep0p001__e500,arpls_minmax,1729,533,65,scale_offset,1.0,0.010729219706811299,0.005364609853405649,0.09233156432697757,0.8612950432533354,0.0290842246819444,,2.0,0.7763193785671901,0.08140099048614502,0.6772030651340996,0.756492460840287,0.8461538461538461,0.09235961735248566,0.5986590038314176,0.6818181818181818,0.7230769230769231,0.0685490295290947,0.6795977011494253,0.7537988581466841,0.8769230769230769,0.08585409075021744
strict_core,domain_only,instrument,RMX-2,locked_domain,domain__strict_core__domain_only__instrument__RMX-2,domain__strict_core__domain_only__instrument__RMX-2,structured_vae,zc48__zn16__chem0__ni0__ns0__cond0__ai0__as0__pair0__xrec0__dep0p001__e500,arpls_minmax,1729,533,65,scale_offset,1.5,0.014997343888787242,0.007498671944393621,0.10195576009455148,0.8595977493402538,0.029165856113058528,,2.0,0.9012632451445532,0.08912807609885931,0.6561302681992337,0.7342995169082126,0.8461538461538461,0.18134179711341858,0.5454980842911877,0.6538732585244214,0.6923076923076923,0.141647607088089,0.6772030651340996,0.7595520421607378,0.8461538461538461,0.1618025153875351
strict_core,domain_only,instrument,RMX-2,locked_domain,domain__strict_core__domain_only__instrument__RMX-2,domain__strict_core__domain_only__instrument__RMX-2,structured_vae,zc48__zn16__chem0__ni0__ns0__cond0__ai0__as0__pair0__xrec0__dep0p001__e500,arpls_minmax,1729,533,65,smooth_baseline,0.5,0.00667305814886045,0.003336529074430225,0.08170194173398418,0.8692505694141189,0.02907172286774773,,2.0,0.7312932447846674,0.07647060113959014,0.7303639846743294,0.798710759250096,0.8769230769230769,0.058030594140291214,0.8089080459770116,0.8439241917502787,0.8461538461538461,0.0224289670586586,0.7466475095785441,0.826921387790953,0.8923076923076924,0.044408198446035385
strict_core,domain_only,instrument,RMX-2,locked_domain,domain__strict_core__domain_only__instrument__RMX-2,domain__strict_core__domain_only__instrument__RMX-2,structured_vae,zc48__zn16__chem0__ni0__ns0__cond0__ai0__as0__pair0__xrec0__dep0p001__e500,arpls_minmax,1729,533,65,smooth_baseline,1.0,0.008956570699795253,0.004478285349897627,0.09244424383207889,0.8415333696008945,0.029208064375200942,,2.0,1.4158410201401723,0.07558973133563995,0.5823754789272031,0.6645021645021645,0.7384615384615385,0.15198951959609985,0.7533524904214559,0.795376121463078,0.8153846153846154,0.062458787113428116,0.7744252873563218,0.8374603174603173,0.8923076923076924,0.11969701945781708
strict_core,domain_only,instrument,RMX-2,locked_domain,domain__strict_core__domain_only__instrument__RMX-2,domain__strict_core__domain_only__instrument__RMX-2,structured_vae,zc48__zn16__chem0__ni0__ns0__cond0__ai0__as0__pair0__xrec0__dep0p001__e500,arpls_minmax,1729,533,65,smooth_baseline,1.5,0.011538623020162515,0.005769311510081258,0.09981061766401599,0.7997947875351765,0.029265666086011666,,2.0,1.1920785815560597,0.08440750977024436,0.5526819923371648,0.623678646934461,0.6461538461538462,0.26982733607292175,0.6700191570881225,0.7295144571740316,0.7846153846153846,0.1104491725564003,0.6451149425287356,0.7134567560099475,0.7230769230769231,0.21088457107543945
strict_core,domain_only,instrument,RMX-2,locked_domain,domain__strict_core__domain_only__instrument__RMX-2,domain__strict_core__domain_only__instrument__RMX-2,structured_vae,zc48__zn16__chem0__ni0__ns0__cond0__ai0__as0__pair0__xrec0__dep0p001__e500,arpls_minmax,1729,533,65,gaussian_noise,0.5,0.0055678578434824036,0.0027839289217412018,0.07459778563980257,0.8742733071286949,0.02901820105988316,,2.0,0.5998438808369858,0.07548396289348602,0.8065134099616859,0.8591414141414142,0.9692307692307692,0.00041331237298436463,0.6934865900383143,0.7519419115163796,0.9692307692307692,0.0005726630915887654,0.8089080459770116,0.8558404558404558,1.0,0.00041716464329510927
strict_core,domain_only,instrument,RMX-2,locked_domain,domain__strict_core__domain_only__instrument__RMX-2,domain__strict_core__domain_only__instrument__RMX-2,structured_vae,zc48__zn16__chem0__ni0__ns0__cond0__ai0__as0__pair0__xrec0__dep0p001__e500,arpls_minmax,1729,533,65,gaussian_noise,1.0,0.005572918033930913,0.0027864590169654566,0.07475629943601547,0.8739642074192713,0.0290230491052313,,2.0,0.755734850930083,0.07871741056442261,0.7950191570881225,0.8376729653325398,0.9230769230769231,0.001629441510885954,0.7212643678160919,0.7858868184955141,0.9846153846153847,0.0017265320057049394,0.7744252873563218,0.8251526251526252,0.9384615384615385,0.001546504907310009
strict_core,domain_only,instrument,RMX-2,locked_domain,domain__strict_core__domain_only__instrument__RMX-2,domain__strict_core__domain_only__instrument__RMX-2,structured_vae,zc48__zn16__chem0__ni0__ns0__cond0__ai0__as0__pair0__xrec0__dep0p001__e500,arpls_minmax,1729,533,65,gaussian_noise,1.5,0.005581983903012515,0.0027909919515062575,0.07485121881557047,0.8732281556955753,0.029026226674059477,,2.0,0.8498089109908058,0.07394873723387718,0.8017241379310346,0.856951871657754,0.9230769230769231,0.0033922516740858555,0.7212643678160919,0.7858868184955141,0.9846153846153847,0.004281983710825443,0.7744252873563218,0.8326614987080103,0.9230769230769231,0.003308034036308527
strict_core,domain_only,instrument,RMX-2,locked_domain,domain__strict_core__domain_only__instrument__RMX-2,domain__strict_core__domain_only__instrument__RMX-2,structured_vae,zc48__zn16__chem0__ni0__ns0__cond0__ai0__as0__pair0__xrec0__dep0p001__e500,arpls_minmax,1729,533,65,isolated_spikes,0.5,0.00557910121424479,0.002789550607122395,0.07465448178166875,0.8743005523494297,0.029018086258655935,,2.0,0.6907542582631414,0.07665200531482697,0.8065134099616859,0.8468337218337219,0.9692307692307692,0.00025655122590251267,0.7188697318007663,0.7830721267273341,0.9692307692307692,0.00020381578360684216,0.7974137931034483,0.8460761460761462,0.9692307692307692,0.00021626398665830493
strict_core,domain_only,instrument,RMX-2,locked_domain,domain__strict_core__domain_only__instrument__RMX-2,domain__strict_core__domain_only__instrument__RMX-2,structured_vae,zc48__zn16__chem0__ni0__ns0__cond0__ai0__as0__pair0__xrec0__dep0p001__e500,arpls_minmax,1729,533,65,isolated_spikes,1.0,0.005597468111561017,0.0027987340557805085,0.07475833364372564,0.8742859494050614,0.029019429598915798,,2.0,0.7437364363469061,0.0735745020210743,0.8065134099616859,0.8468337218337219,0.9692307692307692,0.0009378671529702842,0.7073754789272031,0.7782036033654904,0.9692307692307692,0.0007645799778401852,0.7859195402298851,0.8309246309246309,0.9076923076923077,0.0008698041783645749
strict_core,domain_only,instrument,RMX-2,locked_domain,domain__strict_core__domain_only__instrument__RMX-2,domain__strict_core__domain_only__instrument__RMX-2,structured_vae,zc48__zn16__chem0__ni0__ns0__cond0__ai0__as0__pair0__xrec0__dep0p001__e500,arpls_minmax,1729,533,65,isolated_spikes,1.5,0.005588835644190877,0.0027944178220954386,0.07478341071758227,0.8740122686795418,0.029021568067547146,,2.0,0.6329160330396235,0.07616638019680977,0.7950191570881225,0.8376729653325398,0.9538461538461539,0.001950358389876783,0.7351532567049809,0.8003795721187026,0.9538461538461539,0.0016604543197900057,0.7859195402298851,0.8262108262108262,0.9384615384615385,0.001834879512898624
strict_core,domain_only,instrument,RMX-2,locked_domain,domain__strict_core__domain_only__instrument__RMX-2,domain__strict_core__domain_only__instrument__RMX-2,structured_vae,zc48__zn16__chem0__ni0__ns0__cond0__ai0__as0__pair0__xrec0__dep0p001__e500,arpls_minmax,1729,533,65,edge_filled_shift,0.5,0.00558914645915582,0.00279457322957791,0.07499527468679051,0.86987719301624,0.029023030111470283,,2.0,0.8245057836657488,0.06880516186356544,0.7926245210727969,0.8383770622142714,0.9384615384615385,0.007207642309367657,0.7212643678160919,0.7562154157898838,0.9384615384615385,0.016173604875802994,0.7744252873563218,0.8258982136838556,0.9076923076923077,0.008809695951640606
strict_core,domain_only,instrument,RMX-2,locked_domain,domain__strict_core__domain_only__instrument__RMX-2,domain__strict_core__domain_only__instrument__RMX-2,structured_vae,zc48__zn16__chem0__ni0__ns0__cond0__ai0__as0__pair0__xrec0__dep0p001__e500,arpls_minmax,1729,533,65,edge_filled_shift,1.0,0.0056445912850314715,0.0028222956425157358,0.07560126778650941,0.86987719301624,0.029027747185415998,,2.0,0.8382297283076373,0.07342169992625713,0.7835249042145594,0.8215488215488215,0.9230769230769231,0.012008704245090485,0.6819923371647509,0.7403275096580754,0.9538461538461539,0.027110962197184563,0.7351532567049809,0.7876984126984127,0.8769230769230769,0.014725083485245705
strict_core,domain_only,instrument,RMX-2,locked_domain,domain__strict_core__domain_only__instrument__RMX-2,domain__strict_core__domain_only__instrument__RMX-2,structured_vae,zc48__zn16__chem0__ni0__ns0__cond0__ai0__as0__pair0__xrec0__dep0p001__e500,arpls_minmax,1729,533,65,edge_filled_shift,1.5,0.005692831952333385,0.0028464159761666923,0.07636796991911392,0.86987719301624,0.029045117774237607,,2.0,0.7374531503752462,0.07449094951152802,0.7279693486590038,0.7743939393939394,0.8923076923076924,0.019808148965239525,0.6077586206896552,0.6999498086454606,0.8769230769230769,0.040932442992925644,0.6728927203065135,0.7116239316239317,0.8461538461538461,0.024117477238178253
strict_core,domain_only,instrument,RMX-2,locked_domain,domain__strict_core__domain_only__instrument__RMX-2,domain__strict_core__domain_only__instrument__RMX-2,structured_vae,zc48__zn16__chem0__ni0__ns0__cond0__ai0__as0__pair0__xrec0__dep0p001__e500,arpls_minmax,1729,533,65,gaussian_broadening,0.5,0.005571490345200726,0.002785745172600363,0.07464386955786712,0.8742738783012476,0.02901767201222877,,2.0,0.7447161997215626,0.07546573132276535,0.8318965517241379,0.8811111111111112,1.0,1.997764229599852e-05,0.6934865900383143,0.76401920620237,1.0,1.95374850591179e-05,0.8089080459770116,0.8558404558404558,1.0,1.9520062778610736e-05
strict_core,domain_only,instrument,RMX-2,locked_domain,domain__strict_core__domain_only__instrument__RMX-2,domain__strict_core__domain_only__instrument__RMX-2,structured_vae,zc48__zn16__chem0__ni0__ns0__cond0__ai0__as0__pair0__xrec0__dep0p001__e500,arpls_minmax,1729,533,65,gaussian_broadening,1.0,0.005580527766000198,0.002790263883000099,0.0746908638836308,0.8743337693397685,0.029017052804341248,,2.0,0.828543467379257,0.07638948410749435,0.8204022988505747,0.8599381705764685,0.9846153846153847,0.00021166067745070904,0.6934865900383143,0.76401920620237,1.0,0.0001772797986632213,0.7859195402298851,0.8358576823693102,0.9538461538461539,0.00020253016555216163
strict_core,domain_only,instrument,RMX-2,locked_domain,domain__strict_core__domain_only__instrument__RMX-2,domain__strict_core__domain_only__instrument__RMX-2,structured_vae,zc48__zn16__chem0__ni0__ns0__cond0__ai0__as0__pair0__xrec0__dep0p001__e500,arpls_minmax,1729,533,65,gaussian_broadening,1.5,0.00559312491347757,0.002796562456738785,0.07476058363561999,0.874448382148518,0.029017019117912466,,2.0,0.805221333392781,0.07797005027532578,0.8089080459770116,0.8506874767744333,0.9384615384615385,0.0005396402557380497,0.7212643678160919,0.7858868184955141,0.9846153846153847,0.0004998518852517009,0.7859195402298851,0.8358576823693102,0.9538461538461539,0.0005245071370154619
strict_core,domain_only,instrument,RMX-2,locked_domain,domain__strict_core__domain_only__instrument__RMX-2,domain__strict_core__domain_only__instrument__RMX-2,structured_vae,zc48__zn16__chem0__ni0__ns0__cond0__ai0__as0__pair0__xrec0__dep0p001__e500,arpls_minmax,1729,533,65,composite,0.5,0.00832115397611193,0.004160576988055965,0.08395197179759839,0.8462260676406359,0.029109059607649805,,2.0,0.9518561392322827,0.07944802939891815,0.7025862068965517,0.766795865633075,0.8461538461538461,0.07816891372203827,0.6724137931034483,0.7245220474868947,0.7846153846153846,0.05403342843055725,0.7581417624521073,0.8287878787878787,0.8615384615384616,0.0663428083062172
strict_core,domain_only,instrument,RMX-2,locked_domain,domain__strict_core__domain_only__instrument__RMX-2,domain__strict_core__domain_only__instrument__RMX-2,structured_vae,zc48__zn16__chem0__ni0__ns0__cond0__ai0__as0__pair0__xrec0__dep0p001__e500,arpls_minmax,1729,533,65,composite,1.0,0.012834845814960916,0.006417422907480458,0.09662304104548403,0.8414200077869445,0.029207557318299784,,2.0,1.2778317192621165,0.08079789578914642,0.5153256704980843,0.6299145299145299,0.6923076923076923,0.22576849162578583,0.6470306513409961,0.7206851119894598,0.7384615384615385,0.11763998866081238,0.5823754789272031,0.686829268292683,0.7384615384615385,0.18507948517799377
strict_core,domain_only,instrument,RMX-2,locked_domain,domain__strict_core__domain_only__instrument__RMX-2,domain__strict_core__domain_only__instrument__RMX-2,structured_vae,zc48__zn16__chem0__ni0__ns0__cond0__ai0__as0__pair0__xrec0__dep0p001__e500,arpls_minmax,1729,533,65,composite,1.5,0.028612089565316905,0.014306044782658452,0.11776358664137623,0.7240651691818568,0.02958132883073791,,2.0,1.8285192383369995,0.07570049539208412,0.4276819923371648,0.5185830429732868,0.5384615384615384,0.4394548833370209,0.5799808429118773,0.6223155929038282,0.5846153846153846,0.18949341773986816,0.5201149425287356,0.6222222222222222,0.6307692307692307,0.36131927371025085
strict_core,domain_only,sensor_family,GaN_polymer,locked_domain,domain__strict_core__domain_only__sensor_family__GaN_polymer,domain__strict_core__domain_only__sensor_family__GaN_polymer,structured_vae,zc48__zn16__chem0__ni0__ns0__cond0__ai0__as0__pair0__xrec0__dep0p001__e500,arpls_minmax,1729,575,23,scale_offset,0.5,0.008214924471427024,0.004107462235713512,0.08862003063641576,0.9582310762644405,0.013975081989729514,0.8518518518518519,2.0,0.18204972221048055,0.058935798704624176,0.40555555555555556,0.5221674876847291,0.9130434782608695,0.017418570816516876,0.3222222222222222,0.45054945054945056,0.8695652173913043,0.036221228539943695,0.5055555555555555,0.6293103448275862,0.9130434782608695,0.017980707809329033
strict_core,domain_only,sensor_family,GaN_polymer,locked_domain,domain__strict_core__domain_only__sensor_family__GaN_polymer,domain__strict_core__domain_only__sensor_family__GaN_polymer,structured_vae,zc48__zn16__chem0__ni0__ns0__cond0__ai0__as0__pair0__xrec0__dep0p001__e500,arpls_minmax,1729,575,23,scale_offset,1.0,0.009942251336175016,0.004971125668087508,0.09766274490409996,0.9391050653827715,0.014093348118437252,0.8518518518518519,2.0,0.18623851888199233,0.07514691352844238,0.4777777777777778,0.6428571428571428,0.8695652173913043,0.04688601940870285,0.35,0.47619047619047616,0.8695652173913043,0.06656155735254288,0.5611111111111111,0.6693548387096775,0.8260869565217391,0.04727081581950188
strict_core,domain_only,sensor_family,GaN_polymer,locked_domain,domain__strict_core__domain_only__sensor_family__GaN_polymer,domain__strict_core__domain_only__sensor_family__GaN_polymer,structured_vae,zc48__zn16__chem0__ni0__ns0__cond0__ai0__as0__pair0__xrec0__dep0p001__e500,arpls_minmax,1729,575,23,scale_offset,1.5,0.014772220650826859,0.007386110325413429,0.1050442404539693,0.9450937378935877,0.01424827006811052,0.8703703703703703,2.0,0.3048280182313723,0.06511496845632792,0.40555555555555556,0.5221674876847291,0.6956521739130435,0.1281832456588745,0.35,0.47619047619047616,0.8260869565217391,0.11833766102790833,0.40555555555555556,0.5043103448275862,0.7391304347826086,0.11094620078802109
strict_core,domain_only,sensor_family,GaN_polymer,locked_domain,domain__strict_core__domain_only__sensor_family__GaN_polymer,domain__strict_core__domain_only__sensor_family__GaN_polymer,structured_vae,zc48__zn16__chem0__ni0__ns0__cond0__ai0__as0__pair0__xrec0__dep0p001__e500,arpls_minmax,1729,575,23,smooth_baseline,0.5,0.008053219179805912,0.004026609589902956,0.09431913658537988,0.9581950664242483,0.014288127748468864,0.8333333333333334,2.0,0.2910136055549519,0.07159809378208593,0.45,0.6190476190476191,0.8695652173913043,0.023955736309289932,0.25,0.3333333333333333,0.8260869565217391,0.09118737280368805,0.5055555555555555,0.6650246305418719,0.8695652173913043,0.03991427645087242
strict_core,domain_only,sensor_family,GaN_polymer,locked_domain,domain__strict_core__domain_only__sensor_family__GaN_polymer,domain__strict_core__domain_only__sensor_family__GaN_polymer,structured_vae,zc48__zn16__chem0__ni0__ns0__cond0__ai0__as0__pair0__xrec0__dep0p001__e500,arpls_minmax,1729,575,23,smooth_baseline,1.0,0.010812605360701411,0.0054063026803507054,0.11187363249375931,0.936400447194514,0.01458780522864772,0.8703703703703703,2.0,0.3710578334704589,0.07568752393126488,0.35,0.5,0.8260869565217391,0.07419173419475555,0.3055555555555556,0.3793103448275862,0.6956521739130435,0.137399822473526,0.45,0.6190476190476191,0.6956521739130435,0.10287798941135406
strict_core,domain_only,sensor_family,GaN_polymer,locked_domain,domain__strict_core__domain_only__sensor_family__GaN_polymer,domain__strict_core__domain_only__sensor_family__GaN_polymer,structured_vae,zc48__zn16__chem0__ni0__ns0__cond0__ai0__as0__pair0__xrec0__dep0p001__e500,arpls_minmax,1729,575,23,smooth_baseline,1.5,0.013957476430415887,0.0069787382152079434,0.13117471046368737,0.8793573846303921,0.015068163705563565,0.8148148148148148,2.25,0.36244216234082544,0.08688763901591301,0.26666666666666666,0.41666666666666663,0.6086956521739131,0.14656025171279907,0.2777777777777778,0.35714285714285715,0.6086956521739131,0.20963822305202484,0.26666666666666666,0.41666666666666663,0.5217391304347826,0.16756117343902588
strict_core,domain_only,sensor_family,GaN_polymer,locked_domain,domain__strict_core__domain_only__sensor_family__GaN_polymer,domain__strict_core__domain_only__sensor_family__GaN_polymer,structured_vae,zc48__zn16__chem0__ni0__ns0__cond0__ai0__as0__pair0__xrec0__dep0p001__e500,arpls_minmax,1729,575,23,gaussian_noise,0.5,0.0066124060284085675,0.0033062030142042838,0.08303770939931975,0.9623076606043901,0.013942206997816342,0.8333333333333334,2.0,0.140395147372135,0.051683282712474465,0.40555555555555556,0.5459770114942528,1.0,0.00021972345712129027,0.35,0.47619047619047616,1.0,0.00034340567071922123,0.5333333333333333,0.6857142857142857,0.9565217391304348,0.00022136647021397948
strict_core,domain_only,sensor_family,GaN_polymer,locked_domain,domain__strict_core__domain_only__sensor_family__GaN_polymer,domain__strict_core__domain_only__sensor_family__GaN_polymer,structured_vae,zc48__zn16__chem0__ni0__ns0__cond0__ai0__as0__pair0__xrec0__dep0p001__e500,arpls_minmax,1729,575,23,gaussian_noise,1.0,0.006560997880991188,0.003280498940495594,0.08312995903823345,0.9604475041378258,0.013945806203424017,0.8333333333333334,2.0,0.13478249784631616,0.052167240995913744,0.40555555555555556,0.5459770114942528,1.0,0.0008889229502528906,0.35,0.5,0.9565217391304348,0.0015250626020133495,0.5333333333333333,0.6857142857142857,1.0,0.0008874898194335401
strict_core,domain_only,sensor_family,GaN_polymer,locked_domain,domain__strict_core__domain_only__sensor_family__GaN_polymer,domain__strict_core__domain_only__sensor_family__GaN_polymer,structured_vae,zc48__zn16__chem0__ni0__ns0__cond0__ai0__as0__pair0__xrec0__dep0p001__e500,arpls_minmax,1729,575,23,gaussian_noise,1.5,0.0065458958350655344,0.0032729479175327672,0.08315995282766883,0.9588363187261516,0.013943358016045578,0.8518518518518519,2.0,0.13994373806616628,0.06968048121780157,0.5055555555555555,0.6293103448275862,0.9130434782608695,0.002459209877997637,0.45,0.6190476190476191,0.9130434782608695,0.0032233104575425386,0.5333333333333333,0.65,0.9565217391304348,0.0023930021561682224
strict_core,domain_only,sensor_family,GaN_polymer,locked_domain,domain__strict_core__domain_only__sensor_family__GaN_polymer,domain__strict_core__domain_only__sensor_family__GaN_polymer,structured_vae,zc48__zn16__chem0__ni0__ns0__cond0__ai0__as0__pair0__xrec0__dep0p001__e500,arpls_minmax,1729,575,23,isolated_spikes,0.5,0.006621456089198535,0.0033107280445992676,0.08302704534566262,0.9622170138990978,0.013951420117852609,0.8333333333333334,2.0,0.14358687124618708,0.055227506440132856,0.40555555555555556,0.5459770114942528,1.0,6.0998874687356874e-05,0.3222222222222222,0.45054945054945056,0.9565217391304348,0.00015263972454704344,0.5333333333333333,0.6857142857142857,1.0,6.864641181891784e-05
strict_core,domain_only,sensor_family,GaN_polymer,locked_domain,domain__strict_core__domain_only__sensor_family__GaN_polymer,domain__strict_core__domain_only__sensor_family__GaN_polymer,structured_vae,zc48__zn16__chem0__ni0__ns0__cond0__ai0__as0__pair0__xrec0__dep0p001__e500,arpls_minmax,1729,575,23,isolated_spikes,1.0,0.006604687386292144,0.003302343693146072,0.08310132820545511,0.9623049253074981,0.013954892299169507,0.8333333333333334,2.0,0.15212023246016748,0.04849125584587455,0.40555555555555556,0.5459770114942528,1.0,0.00029675080440938473,0.3222222222222222,0.45054945054945056,0.9565217391304348,0.0003801091806963086,0.5333333333333333,0.6857142857142857,1.0,0.0002569297212176025
strict_core,domain_only,sensor_family,GaN_polymer,locked_domain,domain__strict_core__domain_only__sensor_family__GaN_polymer,domain__strict_core__domain_only__sensor_family__GaN_polymer,structured_vae,zc48__zn16__chem0__ni0__ns0__cond0__ai0__as0__pair0__xrec0__dep0p001__e500,arpls_minmax,1729,575,23,isolated_spikes,1.5,0.006631568250143033,0.0033157841250715165,0.08312494430872838,0.9614756446192751,0.013950614270728214,0.8333333333333334,2.0,0.145124043714144,0.04993549222126603,0.40555555555555556,0.5459770114942528,1.0,0.0008637516293674707,0.3222222222222222,0.45054945054945056,0.9565217391304348,0.0008227721555158496,0.5333333333333333,0.6857142857142857,1.0,0.0006951845134608448
strict_core,domain_only,sensor_family,GaN_polymer,locked_domain,domain__strict_core__domain_only__sensor_family__GaN_polymer,domain__strict_core__domain_only__sensor_family__GaN_polymer,structured_vae,zc48__zn16__chem0__ni0__ns0__cond0__ai0__as0__pair0__xrec0__dep0p001__e500,arpls_minmax,1729,575,23,edge_filled_shift,0.5,0.006704603702305779,0.0033523018511528893,0.08364702522177472,0.9623260105686937,0.013954891870346917,0.8518518518518519,2.0,0.151802600721,0.06122955842874944,0.5333333333333333,0.6857142857142857,0.9130434782608695,0.0030729174613952637,0.3222222222222222,0.45054945054945056,0.9565217391304348,0.007817299105226994,0.5333333333333333,0.6857142857142857,1.0,0.0036243614740669727
strict_core,domain_only,sensor_family,GaN_polymer,locked_domain,domain__strict_core__domain_only__sensor_family__GaN_polymer,domain__strict_core__domain_only__sensor_family__GaN_polymer,structured_vae,zc48__zn16__chem0__ni0__ns0__cond0__ai0__as0__pair0__xrec0__dep0p001__e500,arpls_minmax,1729,575,23,edge_filled_shift,1.0,0.0066062775876663165,0.0033031387938331582,0.08277572176228733,0.9623260105686937,0.013950129706460979,0.8333333333333334,2.0,0.1689424474370903,0.049217051826417446,0.40555555555555556,0.5459770114942528,1.0,0.005850589834153652,0.3222222222222222,0.45054945054945056,0.9565217391304348,0.01642385497689247,0.5333333333333333,0.6857142857142857,1.0,0.00782865285873413
strict_core,domain_only,sensor_family,GaN_polymer,locked_domain,domain__strict_core__domain_only__sensor_family__GaN_polymer,domain__strict_core__domain_only__sensor_family__GaN_polymer,structured_vae,zc48__zn16__chem0__ni0__ns0__cond0__ai0__as0__pair0__xrec0__dep0p001__e500,arpls_minmax,1729,575,23,edge_filled_shift,1.5,0.00666934836285911,0.003334674181429555,0.08422782839566677,0.9624077105779896,0.013986739353651413,0.8518518518518519,2.0,0.25445731509842395,0.07370949815958738,0.5611111111111111,0.7050691244239631,0.8695652173913043,0.01029971893876791,0.45,0.5833333333333333,0.9565217391304348,0.045063361525535583,0.5611111111111111,0.7050691244239631,0.9565217391304348,0.01309595163911581
strict_core,domain_only,sensor_family,GaN_polymer,locked_domain,domain__strict_core__domain_only__sensor_family__GaN_polymer,domain__strict_core__domain_only__sensor_family__GaN_polymer,structured_vae,zc48__zn16__chem0__ni0__ns0__cond0__ai0__as0__pair0__xrec0__dep0p001__e500,arpls_minmax,1729,575,23,gaussian_broadening,0.5,0.0066064292667160004,0.0033032146333580002,0.08300495494961817,0.9622815053445614,0.013950087854351319,0.8333333333333334,2.0,0.14243367083938396,0.05523165734484792,0.40555555555555556,0.5459770114942528,1.0,1.998051402551937e-06,0.35,0.47619047619047616,1.0,4.605106823873939e-06,0.5333333333333333,0.6857142857142857,1.0,2.316806558155804e-06
strict_core,domain_only,sensor_family,GaN_polymer,locked_domain,domain__strict_core__domain_only__sensor_family__GaN_polymer,domain__strict_core__domain_only__sensor_family__GaN_polymer,structured_vae,zc48__zn16__chem0__ni0__ns0__cond0__ai0__as0__pair0__xrec0__dep0p001__e500,arpls_minmax,1729,575,23,gaussian_broadening,1.0,0.006603476250516857,0.0033017381252584284,0.08302556024084089,0.962283212371548,0.01394876213135927,0.8333333333333334,2.0,0.14279380596996671,0.051008372800424695,0.40555555555555556,0.5459770114942528,1.0,2.5601490051485598e-05,0.35,0.47619047619047616,1.0,5.881941979168914e-05,0.5333333333333333,0.6857142857142857,1.0,2.7402587875258178e-05
strict_core,domain_only,sensor_family,GaN_polymer,locked_domain,domain__strict_core__domain_only__sensor_family__GaN_polymer,domain__strict_core__domain_only__sensor_family__GaN_polymer,structured_vae,zc48__zn16__chem0__ni0__ns0__cond0__ai0__as0__pair0__xrec0__dep0p001__e500,arpls_minmax,1729,575,23,gaussian_broadening,1.5,0.006594939163012011,0.0032974695815060056,0.08305396357743061,0.962284908660118,0.013946755292930657,0.8333333333333334,2.0,0.14306849790165388,0.05074857780709863,0.40555555555555556,0.5459770114942528,1.0,9.218246850650758e-05,0.35,0.47619047619047616,1.0,0.0002225689240731299,0.5333333333333333,0.6857142857142857,1.0,9.527931979391724e-05
strict_core,domain_only,sensor_family,GaN_polymer,locked_domain,domain__strict_core__domain_only__sensor_family__GaN_polymer,domain__strict_core__domain_only__sensor_family__GaN_polymer,structured_vae,zc48__zn16__chem0__ni0__ns0__cond0__ai0__as0__pair0__xrec0__dep0p001__e500,arpls_minmax,1729,575,23,composite,0.5,0.00860476435462181,0.004302382177310905,0.09812485264234791,0.9443951723805241,0.014347835106481665,0.8333333333333334,2.0,0.2492132221151595,0.06124554201960564,0.35,0.47619047619047616,0.7391304347826086,0.05015084147453308,0.2777777777777778,0.3448275862068966,0.7391304347826086,0.07417069375514984,0.5055555555555555,0.6650246305418719,0.8260869565217391,0.04953747242689133
strict_core,domain_only,sensor_family,GaN_polymer,locked_domain,domain__strict_core__domain_only__sensor_family__GaN_polymer,domain__strict_core__domain_only__sensor_family__GaN_polymer,structured_vae,zc48__zn16__chem0__ni0__ns0__cond0__ai0__as0__pair0__xrec0__dep0p001__e500,arpls_minmax,1729,575,23,composite,1.0,0.012395346548899034,0.006197673274449517,0.12055323986407857,0.9242234287538679,0.014695393605039785,0.7592592592592593,3.0,0.40414521801501313,0.0764092206954956,0.3944444444444445,0.53,0.6956521739130435,0.1012144386768341,0.3055555555555556,0.3793103448275862,0.6086956521739131,0.20500722527503967,0.4222222222222222,0.5576923076923077,0.6521739130434783,0.12500837445259094
strict_core,domain_only,sensor_family,GaN_polymer,locked_domain,domain__strict_core__domain_only__sensor_family__GaN_polymer,domain__strict_core__domain_only__sensor_family__GaN_polymer,structured_vae,zc48__zn16__chem0__ni0__ns0__cond0__ai0__as0__pair0__xrec0__dep0p001__e500,arpls_minmax,1729,575,23,composite,1.5,0.0239742148779203,0.01198710743896015,0.1501131985959159,0.8202781241498922,0.0154524390491846,0.7222222222222222,2.0,0.47446268894721183,0.09552525728940964,0.05555555555555555,0.1,0.4782608695652174,0.24245575070381165,0.2222222222222222,0.2962962962962963,0.391304347826087,0.15716609358787537,0.05555555555555555,0.1,0.17391304347826086,0.21251922845840454
strict_core,domain_only,sensor_family,H_SERS_H_Kit,locked_domain,domain__strict_core__domain_only__sensor_family__H_SERS_H_Kit,domain__strict_core__domain_only__sensor_family__H_SERS_H_Kit,structured_vae,zc48__zn16__chem0__ni0__ns0__cond0__ai0__as0__pair0__xrec0__dep0p001__e500,arpls_minmax,1729,445,153,scale_offset,0.5,0.012231246683680762,0.006115623341840381,0.10773072167852567,0.8230180557493564,0.021010995099193963,0.5694444444444444,2.0,0.3925182352617698,0.09041243349201977,0.4570696721311475,0.2237941716796945,0.9738562091503268,0.009650049731135368,0.5422131147540983,0.3031391010065949,0.954248366013072,0.005025444086641073,0.47151639344262297,0.23452714886796233,0.9803921568627451,0.007535293232649565
strict_core,domain_only,sensor_family,H_SERS_H_Kit,locked_domain,domain__strict_core__domain_only__sensor_family__H_SERS_H_Kit,domain__strict_core__domain_only__sensor_family__H_SERS_H_Kit,structured_vae,zc48__zn16__chem0__ni0__ns0__cond0__ai0__as0__pair0__xrec0__dep0p001__e500,arpls_minmax,1729,445,153,scale_offset,1.0,0.01691042160481323,0.008455210802406615,0.11865808211466192,0.8155207861640733,0.021132557597662083,0.558531746031746,2.0,0.4009160382672178,0.10579425934702158,0.4570696721311475,0.22073330709694344,0.934640522875817,0.04189898818731308,0.5492667148826744,0.32047397047397047,0.869281045751634,0.020927364006638527,0.46526639344262294,0.22436173883042954,0.954248366013072,0.03361695632338524
strict_core,domain_only,sensor_family,H_SERS_H_Kit,locked_domain,domain__strict_core__domain_only__sensor_family__H_SERS_H_Kit,domain__strict_core__domain_only__sensor_family__H_SERS_H_Kit,structured_vae,zc48__zn16__chem0__ni0__ns0__cond0__ai0__as0__pair0__xrec0__dep0p001__e500,arpls_minmax,1729,445,153,scale_offset,1.5,0.022807546730643353,0.011403773365321676,0.131662605533486,0.7783089515430727,0.021263324503115327,0.5327380952380952,2.0,0.4336413086293178,0.11930829472839832,0.4570696721311475,0.22423984086388177,0.934640522875817,0.09651678055524826,0.28676671488267436,0.2899184149184149,0.8431372549019608,0.04658322408795357,0.46741803278688526,0.2329369413097116,0.934640522875817,0.07478067278862
strict_core,domain_only,sensor_family,H_SERS_H_Kit,locked_domain,domain__strict_core__domain_only__sensor_family__H_SERS_H_Kit,domain__strict_core__domain_only__sensor_family__H_SERS_H_Kit,structured_vae,zc48__zn16__chem0__ni0__ns0__cond0__ai0__as0__pair0__xrec0__dep0p001__e500,arpls_minmax,1729,445,153,smooth_baseline,0.5,0.013447221832709046,0.006723610916354523,0.11631201864485088,0.7794465864675612,0.021108605825390536,0.5704365079365079,2.0,0.39298413850296676,0.08130271616391838,0.46197163291546123,0.23604857641335164,0.8954248366013072,0.0392569862306118,0.31311475409836065,0.31740046578684705,0.8823529411764706,0.01772584766149521,0.47151639344262297,0.23815998504812633,0.9084967320261438,0.02850089967250824
strict_core,domain_only,sensor_family,H_SERS_H_Kit,locked_domain,domain__strict_core__domain_only__sensor_family__H_SERS_H_Kit,domain__strict_core__domain_only__sensor_family__H_SERS_H_Kit,structured_vae,zc48__zn16__chem0__ni0__ns0__cond0__ai0__as0__pair0__xrec0__dep0p001__e500,arpls_minmax,1729,445,153,smooth_baseline,1.0,0.01852116120725261,0.009260580603626304,0.13691338838708073,0.7367962061324881,0.021513589829878325,0.5486111111111112,2.0,0.495742087894816,0.10081578139215708,0.2182216329154613,0.2372425032594524,0.7320261437908496,0.12528236210346222,0.30276639344262296,0.30535135135135133,0.8300653594771242,0.05258108302950859,0.21741803278688526,0.22452862826500605,0.8104575163398693,0.09338515251874924
strict_core,domain_only,sensor_family,H_SERS_H_Kit,locked_domain,domain__strict_core__domain_only__sensor_family__H_SERS_H_Kit,domain__strict_core__domain_only__sensor_family__H_SERS_H_Kit,structured_vae,zc48__zn16__chem0__ni0__ns0__cond0__ai0__as0__pair0__xrec0__dep0p001__e500,arpls_minmax,1729,445,153,smooth_baseline,1.5,0.024277495327830936,0.012138747663915468,0.1510648541559283,0.6831913727143805,0.02193480336944992,0.5168650793650794,2.0,0.5233544110897457,0.10333395004272461,0.19262295081967212,0.2025862068965517,0.673202614379085,0.20626990497112274,0.30592655094824817,0.3100568664377239,0.7908496732026143,0.0914544090628624,0.22366803278688524,0.2402482269503546,0.7843137254901961,0.15527048707008362
strict_core,domain_only,sensor_family,H_SERS_H_Kit,locked_domain,domain__strict_core__domain_only__sensor_family__H_SERS_H_Kit,domain__strict_core__domain_only__sensor_family__H_SERS_H_Kit,structured_vae,zc48__zn16__chem0__ni0__ns0__cond0__ai0__as0__pair0__xrec0__dep0p001__e500,arpls_minmax,1729,445,153,gaussian_noise,0.5,0.011031136532453743,0.0055155682662268715,0.10477807725552066,0.8245072664894624,0.02096923409547569,0.5704365079365079,2.0,0.38684741330908035,0.0786628128553275,0.46116803278688523,0.2229735883424408,0.9934640522875817,0.0001964970288099721,0.5484631147540984,0.3114375461936437,0.9803921568627451,0.00019048515241593122,0.47151639344262297,0.23511376032413903,1.0,0.00018740051018539816
strict_core,domain_only,sensor_family,H_SERS_H_Kit,locked_domain,domain__strict_core__domain_only__sensor_family__H_SERS_H_Kit,domain__strict_core__domain_only__sensor_family__H_SERS_H_Kit,structured_vae,zc48__zn16__chem0__ni0__ns0__cond0__ai0__as0__pair0__xrec0__dep0p001__e500,arpls_minmax,1729,445,153,gaussian_noise,1.0,0.01103333966014538,0.00551666983007269,0.10513651848741713,0.8203721360623362,0.02096274701503024,0.5674603174603174,2.0,0.37275611093026845,0.08396998792886734,0.46116803278688523,0.22442557990976963,0.9934640522875817,0.0007997860084287822,0.5609631147540983,0.3247793159341562,0.9803921568627451,0.0009159484761767089,0.47151639344262297,0.23501024065540196,0.9803921568627451,0.000764467753469944
strict_core,domain_only,sensor_family,H_SERS_H_Kit,locked_domain,domain__strict_core__domain_only__sensor_family__H_SERS_H_Kit,domain__strict_core__domain_only__sensor_family__H_SERS_H_Kit,structured_vae,zc48__zn16__chem0__ni0__ns0__cond0__ai0__as0__pair0__xrec0__dep0p001__e500,arpls_minmax,1729,445,153,gaussian_noise,1.5,0.011049263422372512,0.005524631711186256,0.10572433552031982,0.8183658833409373,0.02096037326060292,0.5714285714285714,2.0,0.39643724168823824,0.08223216235637665,0.46116803278688523,0.2229735883424408,0.9934640522875817,0.001878337119705975,0.5547131147540983,0.31773518769787423,0.9803921568627451,0.0017992585198953748,0.46526639344262294,0.2256251539788125,0.9673202614379085,0.001807592692784965
strict_core,domain_only,sensor_family,H_SERS_H_Kit,locked_domain,domain__strict_core__domain_only__sensor_family__H_SERS_H_Kit,domain__strict_core__domain_only__sensor_family__H_SERS_H_Kit,structured_vae,zc48__zn16__chem0__ni0__ns0__cond0__ai0__as0__pair0__xrec0__dep0p001__e500,arpls_minmax,1729,445,153,isolated_spikes,0.5,0.011032962720063681,0.0055164813600318404,0.10456291218594693,0.8236323345451384,0.02097445574962953,0.5684523809523809,2.0,0.38184187014906534,0.08132884302176535,0.46116803278688523,0.22457199642753814,1.0,3.2741259929025546e-05,0.5484631147540984,0.3099676230819296,0.9934640522875817,2.7553318432183005e-05,0.47151639344262297,0.23511376032413903,1.0,3.0027884349692613e-05
strict_core,domain_only,sensor_family,H_SERS_H_Kit,locked_domain,domain__strict_core__domain_only__sensor_family__H_SERS_H_Kit,domain__strict_core__domain_only__sensor_family__H_SERS_H_Kit,structured_vae,zc48__zn16__chem0__ni0__ns0__cond0__ai0__as0__pair0__xrec0__dep0p001__e500,arpls_minmax,1729,445,153,isolated_spikes,1.0,0.01103301320739969,0.005516506603699845,0.10460864516573765,0.8263630471333642,0.020973700482153867,0.566468253968254,2.0,0.38462018765753864,0.08400914366939105,0.46116803278688523,0.2228298515254033,0.9869281045751634,0.00011247162910876796,0.5484631147540984,0.3102725011307101,0.9869281045751634,0.0001162734697572887,0.47151639344262297,0.23511376032413903,1.0,0.00010918402404058725
strict_core,domain_only,sensor_family,H_SERS_H_Kit,locked_domain,domain__strict_core__domain_only__sensor_family__H_SERS_H_Kit,domain__strict_core__domain_only__sensor_family__H_SERS_H_Kit,structured_vae,zc48__zn16__chem0__ni0__ns0__cond0__ai0__as0__pair0__xrec0__dep0p001__e500,arpls_minmax,1729,445,153,isolated_spikes,1.5,0.011035293820017235,0.005517646910008617,0.10463747993063977,0.823662468614934,0.020974377749520122,0.5684523809523809,2.0,0.3859655014999162,0.08070561083150096,0.4570696721311475,0.2219806763285024,0.9869281045751634,0.00020069896709173918,0.5484631147540984,0.3112097636137741,0.9869281045751634,0.00023310519463848323,0.47151639344262297,0.23501024065540196,0.9869281045751634,0.00019823297043330967
strict_core,domain_only,sensor_family,H_SERS_H_Kit,locked_domain,domain__strict_core__domain_only__sensor_family__H_SERS_H_Kit,domain__strict_core__domain_only__sensor_family__H_SERS_H_Kit,structured_vae,zc48__zn16__chem0__ni0__ns0__cond0__ai0__as0__pair0__xrec0__dep0p001__e500,arpls_minmax,1729,445,153,edge_filled_shift,0.5,0.01107391619410121,0.005536958097050605,0.10483120922736969,0.8213600583871704,0.020975137321130793,0.5744047619047619,2.0,0.3958166741704572,0.08495575189590454,0.46116803278688523,0.22439272526313145,0.9738562091503268,0.0017593838274478912,0.5650614754098361,0.32810571204129724,0.9281045751633987,0.0035039035137742758,0.46526639344262294,0.2258235666772252,0.954248366013072,0.002210560254752636
strict_core,domain_only,sensor_family,H_SERS_H_Kit,locked_domain,domain__strict_core__domain_only__sensor_family__H_SERS_H_Kit,domain__strict_core__domain_only__sensor_family__H_SERS_H_Kit,structured_vae,zc48__zn16__chem0__ni0__ns0__cond0__ai0__as0__pair0__xrec0__dep0p001__e500,arpls_minmax,1729,445,153,edge_filled_shift,1.0,0.011094886998817026,0.005547443499408513,0.10526079952252866,0.8242405426276459,0.020962423949707605,0.5674603174603174,2.0,0.38675343081672653,0.08096525157452561,0.21116803278688526,0.21555633065922566,0.9738562091503268,0.0030255941674113274,0.30061475409836064,0.2999108734402852,0.9477124183006536,0.005217163823544979,0.46526639344262294,0.22436173883042954,0.9673202614379085,0.0035955864004790783
strict_core,domain_only,sensor_family,H_SERS_H_Kit,locked_domain,domain__strict_core__domain_only__sensor_family__H_SERS_H_Kit,domain__strict_core__domain_only__sensor_family__H_SERS_H_Kit,structured_vae,zc48__zn16__chem0__ni0__ns0__cond0__ai0__as0__pair0__xrec0__dep0p001__e500,arpls_minmax,1729,445,153,edge_filled_shift,1.5,0.011109455104480167,0.005554727552240083,0.10585929199247843,0.8206241105723378,0.020967760722441848,0.5694444444444444,2.0,0.38374024723065747,0.0916187649127096,0.46741803278688526,0.23867247911672113,0.9738562091503268,0.005013500340282917,0.5484631147540984,0.31069882445050834,0.9019607843137255,0.0070381248369812965,0.47151639344262297,0.235330070079709,0.9607843137254902,0.005918826442211866
strict_core,domain_only,sensor_family,H_SERS_H_Kit,locked_domain,domain__strict_core__domain_only__sensor_family__H_SERS_H_Kit,domain__strict_core__domain_only__sensor_family__H_SERS_H_Kit,structured_vae,zc48__zn16__chem0__ni0__ns0__cond0__ai0__as0__pair0__xrec0__dep0p001__e500,arpls_minmax,1729,445,153,gaussian_broadening,0.5,0.011043324027944237,0.005521662013972119,0.10456287775353626,0.8234572168464231,0.020972605376938968,0.5694444444444444,2.0,0.37889386731022423,0.08094449830241501,0.46116803278688523,0.2228298515254033,0.9869281045751634,1.9488381440169178e-05,0.5484631147540984,0.3099676230819296,1.0,1.1562521649466362e-05,0.47151639344262297,0.23511376032413903,1.0,1.649879959586542e-05
strict_core,domain_only,sensor_family,H_SERS_H_Kit,locked_domain,domain__strict_core__domain_only__sensor_family__H_SERS_H_Kit,domain__strict_core__domain_only__sensor_family__H_SERS_H_Kit,structured_vae,zc48__zn16__chem0__ni0__ns0__cond0__ai0__as0__pair0__xrec0__dep0p001__e500,arpls_minmax,1729,445,153,gaussian_broadening,1.0,0.011054916934702336,0.005527458467351168,0.10458573318824728,0.8233552622367134,0.02096700891542441,0.5694444444444444,2.0,0.3785336579190399,0.08103005425073206,0.46116803278688523,0.2228298515254033,0.9869281045751634,0.00021989438391756266,0.5484631147540984,0.3099676230819296,0.9934640522875817,0.00014298413589131087,0.47151639344262297,0.23501024065540196,0.9934640522875817,0.000184322489076294
strict_core,domain_only,sensor_family,H_SERS_H_Kit,locked_domain,domain__strict_core__domain_only__sensor_family__H_SERS_H_Kit,domain__strict_core__domain_only__sensor_family__H_SERS_H_Kit,structured_vae,zc48__zn16__chem0__ni0__ns0__cond0__ai0__as0__pair0__xrec0__dep0p001__e500,arpls_minmax,1729,445,153,gaussian_broadening,1.5,0.011039349020219144,0.005519674510109572,0.10462102709978176,0.8234133015537702,0.02095799193689292,0.5684523809523809,2.0,0.3789159865165762,0.08089479920454323,0.46116803278688523,0.2228298515254033,0.9869281045751634,0.0005444467533379793,0.5547131147540983,0.31619875222816396,0.9869281045751634,0.0003518524463288486,0.47151639344262297,0.23501024065540196,0.9934640522875817,0.00045585515908896923
strict_core,domain_only,sensor_family,H_SERS_H_Kit,locked_domain,domain__strict_core__domain_only__sensor_family__H_SERS_H_Kit,domain__strict_core__domain_only__sensor_family__H_SERS_H_Kit,structured_vae,zc48__zn16__chem0__ni0__ns0__cond0__ai0__as0__pair0__xrec0__dep0p001__e500,arpls_minmax,1729,445,153,composite,0.5,0.015129497326466236,0.007564748663233118,0.11892025355028718,0.7812369271339502,0.021191669579308257,0.5595238095238095,2.0,0.42112229551398705,0.09400514280423522,0.2182216329154613,0.2359059008218672,0.8888888888888888,0.049249544739723206,0.29926671488267437,0.3046175718419813,0.869281045751634,0.026010142639279366,0.22151639344262297,0.22738429172510521,0.9019607843137255,0.038181304931640625
strict_core,domain_only,sensor_family,H_SERS_H_Kit,locked_domain,domain__strict_core__domain_only__sensor_family__H_SERS_H_Kit,domain__strict_core__domain_only__sensor_family__H_SERS_H_Kit,structured_vae,zc48__zn16__chem0__ni0__ns0__cond0__ai0__as0__pair0__xrec0__dep0p001__e500,arpls_minmax,1729,445,153,composite,1.0,0.025482785648218455,0.012741392824109228,0.14952800620289586,0.6942569052115881,0.02162369237941854,0.5406746031746031,2.0,0.4800329398438711,0.09919690119568259,0.21002491160398587,0.23143236074270557,0.7320261437908496,0.16574081778526306,0.31606999357119897,0.3229009021691948,0.8169934640522876,0.07636810839176178,0.21741803278688526,0.2261946285315661,0.7777777777777778,0.1272464543581009
strict_core,domain_only,sensor_family,H_SERS_H_Kit,locked_domain,domain__strict_core__domain_only__sensor_family__H_SERS_H_Kit,domain__strict_core__domain_only__sensor_family__H_SERS_H_Kit,structured_vae,zc48__zn16__chem0__ni0__ns0__cond0__ai0__as0__pair0__xrec0__dep0p001__e500,arpls_minmax,1729,445,153,composite,1.5,0.03670952725512675,0.018354763627563376,0.1664556167170269,0.5761109186797816,0.0221983433932826,0.4742063492063492,2.0,0.5350456495011453,0.11666060949210078,0.16494294439087112,0.19996498599439777,0.5163398692810458,0.29741618037223816,0.5502752330440372,0.32603941580490814,0.7843137254901961,0.12160758674144745,0.20512295081967213,0.21345628415300547,0.7254901960784313,0.21777714788913727
strict_core,domain_only,sensor_family,NRC_Canadian_SERS,locked_domain,domain__strict_core__domain_only__sensor_family__NRC_Canadian_SERS,domain__strict_core__domain_only__sensor_family__NRC_Canadian_SERS,structured_vae,zc48__zn16__chem0__ni0__ns0__cond0__ai0__as0__pair0__xrec0__dep0p001__e500,arpls_minmax,1729,500,98,scale_offset,0.5,0.01444039743519589,0.007220198717597945,0.11580907397993442,0.7947771644349306,0.017087946363705715,0.48,2.0,0.580098144039942,0.10305163264274597,0.2338600475155097,0.18018218463975716,0.8061224489795918,0.02091088332235813,0.12296380090497737,0.06681957585077454,0.9081632653061225,0.004773400258272886,0.19461966604823747,0.09726890756302521,0.9489795918367347,0.006468075327575207
strict_core,domain_only,sensor_family,NRC_Canadian_SERS,locked_domain,domain__strict_core__domain_only__sensor_family__NRC_Canadian_SERS,domain__strict_core__domain_only__sensor_family__NRC_Canadian_SERS,structured_vae,zc48__zn16__chem0__ni0__ns0__cond0__ai0__as0__pair0__xrec0__dep0p001__e500,arpls_minmax,1729,500,98,scale_offset,1.0,0.020054307656251363,0.010027153828125681,0.12376663104438224,0.7684326929265456,0.016956321527268538,0.488,2.0,0.6123588088874857,0.10335811413824558,0.2001783930355359,0.14177213504143635,0.6836734693877551,0.1110818162560463,0.18034318622553913,0.12996674378253326,0.7857142857142857,0.020896028727293015,0.19461966604823747,0.09772909163665466,0.9387755102040817,0.035705745220184326
strict_core,domain_only,sensor_family,NRC_Canadian_SERS,locked_domain,domain__strict_core__domain_only__sensor_family__NRC_Canadian_SERS,domain__strict_core__domain_only__sensor_family__NRC_Canadian_SERS,structured_vae,zc48__zn16__chem0__ni0__ns0__cond0__ai0__as0__pair0__xrec0__dep0p001__e500,arpls_minmax,1729,500,98,scale_offset,1.5,0.02701473292170215,0.013507366460851074,0.13126794406711598,0.7583258022945583,0.017265520642159304,0.4613333333333333,2.0,0.6360959014098939,0.10807573609054089,0.17322677322677324,0.10362811791383218,0.673469387755102,0.1537049114704132,0.1410956690368455,0.08913192071086806,0.7346938775510204,0.037456054240465164,0.18033395176252318,0.08165266106442577,0.8775510204081632,0.06492381542921066
strict_core,domain_only,sensor_family,NRC_Canadian_SERS,locked_domain,domain__strict_core__domain_only__sensor_family__NRC_Canadian_SERS,domain__strict_core__domain_only__sensor_family__NRC_Canadian_SERS,structured_vae,zc48__zn16__chem0__ni0__ns0__cond0__ai0__as0__pair0__xrec0__dep0p001__e500,arpls_minmax,1729,500,98,smooth_baseline,0.5,0.01576999413363229,0.007884997066816146,0.12261476969579695,0.779437883296427,0.017577666872073357,0.48,2.0,0.6215434961969121,0.10818323120474815,0.24367775082060797,0.18863711001642036,0.7959183673469388,0.04271608963608742,0.16911764705882354,0.08145546129374337,0.9183673469387755,0.016307158395648003,0.18163265306122447,0.07859143657462984,0.9489795918367347,0.016418004408478737
strict_core,domain_only,sensor_family,NRC_Canadian_SERS,locked_domain,domain__strict_core__domain_only__sensor_family__NRC_Canadian_SERS,domain__strict_core__domain_only__sensor_family__NRC_Canadian_SERS,structured_vae,zc48__zn16__chem0__ni0__ns0__cond0__ai0__as0__pair0__xrec0__dep0p001__e500,arpls_minmax,1729,500,98,smooth_baseline,1.0,0.02072698174664234,0.01036349087332117,0.1345033659928337,0.7083298457744103,0.01808596487038829,0.4746666666666667,2.0,0.6060327286625211,0.11931505799293518,0.23931782503211071,0.17442263618734208,0.7040816326530612,0.11092573404312134,0.18952581032412966,0.10864281916913496,0.8469387755102041,0.05004625394940376,0.17091836734693877,0.07903525046382189,0.8571428571428571,0.04990733414888382
strict_core,domain_only,sensor_family,NRC_Canadian_SERS,locked_domain,domain__strict_core__domain_only__sensor_family__NRC_Canadian_SERS,domain__strict_core__domain_only__sensor_family__NRC_Canadian_SERS,structured_vae,zc48__zn16__chem0__ni0__ns0__cond0__ai0__as0__pair0__xrec0__dep0p001__e500,arpls_minmax,1729,500,98,smooth_baseline,1.5,0.024196237037908963,0.012098118518954482,0.13931655204263227,0.6609948795506535,0.01848505094344862,0.4746666666666667,2.0,0.5976825840192286,0.09998288750648499,0.27040207691468193,0.220851040645091,0.5714285714285714,0.171621635556221,0.17292917166866745,0.11263211263211263,0.7857142857142857,0.08980417251586914,0.21146458583433372,0.10984081207585172,0.7755102040816326,0.08855963498353958
strict_core,domain_only,sensor_family,NRC_Canadian_SERS,locked_domain,domain__strict_core__domain_only__sensor_family__NRC_Canadian_SERS,domain__strict_core__domain_only__sensor_family__NRC_Canadian_SERS,structured_vae,zc48__zn16__chem0__ni0__ns0__cond0__ai0__as0__pair0__xrec0__dep0p001__e500,arpls_minmax,1729,500,98,gaussian_noise,0.5,0.013309424541162134,0.006654712270581067,0.1134196900390861,0.8044796228185405,0.017012370775466107,0.5093333333333333,2.0,0.5960570328703019,0.09748396906070411,0.2736952123506745,0.21331433158058544,0.9489795918367347,0.0003687356074806303,0.11785714285714285,0.05387316216809305,0.9693877551020408,0.00021710079454351217,0.18163265306122447,0.0793799337916985,0.9795918367346939,0.00018837743846233934
strict_core,domain_only,sensor_family,NRC_Canadian_SERS,locked_domain,domain__strict_core__domain_only__sensor_family__NRC_Canadian_SERS,domain__strict_core__domain_only__sensor_family__NRC_Canadian_SERS,structured_vae,zc48__zn16__chem0__ni0__ns0__cond0__ai0__as0__pair0__xrec0__dep0p001__e500,arpls_minmax,1729,500,98,gaussian_noise,1.0,0.013340608096121918,0.006670304048060959,0.11338917689769235,0.80283647397322,0.017027264149038546,0.49333333333333335,2.0,0.6145985224386549,0.10336411814205348,0.2729449122306265,0.1922138680033417,0.9183673469387755,0.001537100411951542,0.125,0.06071164607749974,0.9795918367346939,0.0007014584844000638,0.18163265306122447,0.08025772676935468,1.0,0.0007057974580675364
strict_core,domain_only,sensor_family,NRC_Canadian_SERS,locked_domain,domain__strict_core__domain_only__sensor_family__NRC_Canadian_SERS,domain__strict_core__domain_only__sensor_family__NRC_Canadian_SERS,structured_vae,zc48__zn16__chem0__ni0__ns0__cond0__ai0__as0__pair0__xrec0__dep0p001__e500,arpls_minmax,1729,500,98,gaussian_noise,1.5,0.013403681152074796,0.006701840576037398,0.1136684419828951,0.8021420738747556,0.017061740317593315,0.49066666666666664,2.0,0.6017537522762051,0.09935761755332351,0.2494408952392146,0.18908980133406744,0.8469387755102041,0.0031932585407048464,0.1334033613445378,0.07701175406871609,0.9387755102040817,0.002021420281380415,0.18163265306122447,0.08103448275862069,0.9897959183673469,0.0016449774848297238
strict_core,domain_only,sensor_family,NRC_Canadian_SERS,locked_domain,domain__strict_core__domain_only__sensor_family__NRC_Canadian_SERS,domain__strict_core__domain_only__sensor_family__NRC_Canadian_SERS,structured_vae,zc48__zn16__chem0__ni0__ns0__cond0__ai0__as0__pair0__xrec0__dep0p001__e500,arpls_minmax,1729,500,98,isolated_spikes,0.5,0.01330449768183777,0.006652248840918885,0.1135030881108473,0.8030838679730932,0.017016499373268015,0.49866666666666665,2.0,0.6094775922056719,0.10129246045835316,0.2866822253376875,0.22075540324734735,0.9693877551020408,0.0002075585798593238,0.12626050420168067,0.06959265633964429,0.9591836734693877,0.000136051865410991,0.18163265306122447,0.08025772676935468,1.0,0.00011347811960149556
strict_core,domain_only,sensor_family,NRC_Canadian_SERS,locked_domain,domain__strict_core__domain_only__sensor_family__NRC_Canadian_SERS,domain__strict_core__domain_only__sensor_family__NRC_Canadian_SERS,structured_vae,zc48__zn16__chem0__ni0__ns0__cond0__ai0__as0__pair0__xrec0__dep0p001__e500,arpls_minmax,1729,500,98,isolated_spikes,1.0,0.01331547293091085,0.006657736465455425,0.11357643825792078,0.8048290009965,0.017023371350465968,0.504,2.0,0.6318054680889218,0.10055047948844731,0.2938250824805447,0.23107340916239036,0.9081632653061225,0.0009145645308308303,0.12626050420168067,0.0683637776914108,0.9693877551020408,0.00034754129592329264,0.18163265306122447,0.08025772676935468,0.9795918367346939,0.00038952729664742947
strict_core,domain_only,sensor_family,NRC_Canadian_SERS,locked_domain,domain__strict_core__domain_only__sensor_family__NRC_Canadian_SERS,domain__strict_core__domain_only__sensor_family__NRC_Canadian_SERS,structured_vae,zc48__zn16__chem0__ni0__ns0__cond0__ai0__as0__pair0__xrec0__dep0p001__e500,arpls_minmax,1729,500,98,isolated_spikes,1.5,0.013368225341234732,0.006684112670617366,0.11377590672309323,0.8014502233282449,0.017030571883606536,0.5066666666666667,2.0,0.6343724435092264,0.10414885520003736,0.27035926258615334,0.19624665958337356,0.8979591836734694,0.002075805328786373,0.11785714285714285,0.05407806340569652,0.9693877551020408,0.0009704214171506464,0.18163265306122447,0.0798719487795118,0.9795918367346939,0.000908234273083508
strict_core,domain_only,sensor_family,NRC_Canadian_SERS,locked_domain,domain__strict_core__domain_only__sensor_family__NRC_Canadian_SERS,domain__strict_core__domain_only__sensor_family__NRC_Canadian_SERS,structured_vae,zc48__zn16__chem0__ni0__ns0__cond0__ai0__as0__pair0__xrec0__dep0p001__e500,arpls_minmax,1729,500,98,edge_filled_shift,0.5,0.013312770965892486,0.006656385482946243,0.11362885950912946,0.8004060142259026,0.01700983983728361,0.5013333333333333,2.0,0.6369656117985765,0.100125104887411,0.2736952123506745,0.21249972221193378,0.9183673469387755,0.005667948164045811,0.125,0.061854561101549056,0.9591836734693877,0.001998018939048052,0.18877551020408162,0.087412675913739,0.9081632653061225,0.0025115145836025476
strict_core,domain_only,sensor_family,NRC_Canadian_SERS,locked_domain,domain__strict_core__domain_only__sensor_family__NRC_Canadian_SERS,domain__strict_core__domain_only__sensor_family__NRC_Canadian_SERS,structured_vae,zc48__zn16__chem0__ni0__ns0__cond0__ai0__as0__pair0__xrec0__dep0p001__e500,arpls_minmax,1729,500,98,edge_filled_shift,1.0,0.013337609339982974,0.006668804669991487,0.1136806070542957,0.8026540208342313,0.017008835633602514,0.49333333333333335,2.0,0.6064288178850605,0.0977504700422287,0.30453936819483035,0.2346369045702572,0.8367346938775511,0.009082064032554626,0.125,0.06071164607749974,0.9387755102040817,0.004036521539092064,0.19461966604823747,0.10204272720324084,0.9387755102040817,0.0048025608994066715
strict_core,domain_only,sensor_family,NRC_Canadian_SERS,locked_domain,domain__strict_core__domain_only__sensor_family__NRC_Canadian_SERS,domain__strict_core__domain_only__sensor_family__NRC_Canadian_SERS,structured_vae,zc48__zn16__chem0__ni0__ns0__cond0__ai0__as0__pair0__xrec0__dep0p001__e500,arpls_minmax,1729,500,98,edge_filled_shift,1.5,0.013423192207358369,0.006711596103679184,0.1140302240306561,0.794905206596987,0.017022767775662678,0.49066666666666664,2.0,0.5882148608834196,0.1058414839208126,0.2976319898588806,0.22234880129616968,0.8571428571428571,0.015050613321363926,0.125,0.06329465326744767,0.9285714285714286,0.00578035693615675,0.18163265306122447,0.08280473479714466,0.9285714285714286,0.007575426250696182
strict_core,domain_only,sensor_family,NRC_Canadian_SERS,locked_domain,domain__strict_core__domain_only__sensor_family__NRC_Canadian_SERS,domain__strict_core__domain_only__sensor_family__NRC_Canadian_SERS,structured_vae,zc48__zn16__chem0__ni0__ns0__cond0__ai0__as0__pair0__xrec0__dep0p001__e500,arpls_minmax,1729,500,98,gaussian_broadening,0.5,0.013283480578657067,0.0066417402893285335,0.11342935991175847,0.8037178601312814,0.017005541042121458,0.5013333333333333,2.0,0.594308907949713,0.10215433756820858,0.29155235520781736,0.218916572476944,0.9897959183673469,4.211859049974009e-06,0.1334033613445378,0.07635017421602787,1.0,2.6134812287637033e-06,0.18163265306122447,0.08025772676935468,1.0,2.8239221592230024e-06
strict_core,domain_only,sensor_family,NRC_Canadian_SERS,locked_domain,domain__strict_core__domain_only__sensor_family__NRC_Canadian_SERS,domain__strict_core__domain_only__sensor_family__NRC_Canadian_SERS,structured_vae,zc48__zn16__chem0__ni0__ns0__cond0__ai0__as0__pair0__xrec0__dep0p001__e500,arpls_minmax,1729,500,98,gaussian_broadening,1.0,0.013280633763701402,0.006640316881850701,0.1134434932874554,0.803736889486943,0.017001955651095194,0.5013333333333333,2.0,0.5944558648964933,0.10343911685049534,0.29155235520781736,0.218916572476944,0.9897959183673469,5.051554398960434e-05,0.1334033613445378,0.07635017421602787,1.0,3.420576831558719e-05,0.18163265306122447,0.08025772676935468,1.0,3.389314588275738e-05
strict_core,domain_only,sensor_family,NRC_Canadian_SERS,locked_domain,domain__strict_core__domain_only__sensor_family__NRC_Canadian_SERS,domain__strict_core__domain_only__sensor_family__NRC_Canadian_SERS,structured_vae,zc48__zn16__chem0__ni0__ns0__cond0__ai0__as0__pair0__xrec0__dep0p001__e500,arpls_minmax,1729,500,98,gaussian_broadening,1.5,0.013270315924985296,0.006635157962492648,0.11344756530562825,0.8037556321661583,0.016996281856235328,0.504,2.0,0.5884982336852977,0.10371084325015545,0.27342048707594924,0.19603841186434434,0.9693877551020408,0.00017062803090084344,0.1334033613445378,0.07635017421602787,1.0,0.00012149615940870717,0.18163265306122447,0.08025772676935468,1.0,0.00011806280963355675
strict_core,domain_only,sensor_family,NRC_Canadian_SERS,locked_domain,domain__strict_core__domain_only__sensor_family__NRC_Canadian_SERS,domain__strict_core__domain_only__sensor_family__NRC_Canadian_SERS,structured_vae,zc48__zn16__chem0__ni0__ns0__cond0__ai0__as0__pair0__xrec0__dep0p001__e500,arpls_minmax,1729,500,98,composite,0.5,0.018231131256734343,0.009115565628367172,0.12650081195090743,0.7537643454619252,0.017725594981278067,0.48533333333333334,2.0,0.583725062519202,0.10877519845962524,0.2558726987298416,0.18780312124849938,0.8061224489795918,0.060417767614126205,0.16323529411764706,0.07722567287784678,0.8469387755102041,0.022991834208369255,0.17091836734693877,0.08134920634920635,0.8877551020408163,0.027136797085404396
strict_core,domain_only,sensor_family,NRC_Canadian_SERS,locked_domain,domain__strict_core__domain_only__sensor_family__NRC_Canadian_SERS,domain__strict_core__domain_only__sensor_family__NRC_Canadian_SERS,structured_vae,zc48__zn16__chem0__ni0__ns0__cond0__ai0__as0__pair0__xrec0__dep0p001__e500,arpls_minmax,1729,500,98,composite,1.0,0.024079554844591494,0.012039777422295747,0.1340437810348254,0.7034761631545461,0.017435493897751914,0.456,2.0,0.6488703719367052,0.10349329467862844,0.2235050663622092,0.1671669369502187,0.5408163265306123,0.1742936670780182,0.15836516424751718,0.08956659346054541,0.7755102040816326,0.06507764756679535,0.18877551020408162,0.0818495514147688,0.7959183673469388,0.07776650786399841
strict_core,domain_only,sensor_family,NRC_Canadian_SERS,locked_domain,domain__strict_core__domain_only__sensor_family__NRC_Canadian_SERS,domain__strict_core__domain_only__sensor_family__NRC_Canadian_SERS,structured_vae,zc48__zn16__chem0__ni0__ns0__cond0__ai0__as0__pair0__xrec0__dep0p001__e500,arpls_minmax,1729,500,98,composite,1.5,0.038798923611406036,0.019399461805703018,0.15115391490844574,0.6212119336492137,0.018153106556965417,0.45866666666666667,2.0,0.6468872433356032,0.1035439744591713,0.1984714864966966,0.17273955706371227,0.4387755102040816,0.29801034927368164,0.1693577430972389,0.11677208895254007,0.6020408163265306,0.13610979914665222,0.19360744297719085,0.10794142218290825,0.7448979591836735,0.1528959423303604
strict_core,domain_only,sensor_family,pSERS_Metrohm_silver,locked_domain,domain__strict_core__domain_only__sensor_family__pSERS_Metrohm_silver,domain__strict_core__domain_only__sensor_family__pSERS_Metrohm_silver,structured_vae,zc48__zn16__chem0__ni0__ns0__cond0__ai0__as0__pair0__xrec0__dep0p001__e500,arpls_minmax,1729,274,324,scale_offset,0.5,0.00938317320843598,0.00469158660421799,0.10816660490441389,0.8086502320634641,0.021506618087283352,0.3424625468164794,2.0,0.6578411001288904,0.08024330297484994,0.34742537313432836,0.32790832072440723,0.8950617283950617,0.014700056985020638,0.25089527850941373,0.24148799579617392,0.8796296296296297,0.012800446711480618,0.3731187201248658,0.37130841526285446,0.8796296296296297,0.013263722881674767
strict_core,domain_only,sensor_family,pSERS_Metrohm_silver,locked_domain,domain__strict_core__domain_only__sensor_family__pSERS_Metrohm_silver,domain__strict_core__domain_only__sensor_family__pSERS_Metrohm_silver,structured_vae,zc48__zn16__chem0__ni0__ns0__cond0__ai0__as0__pair0__xrec0__dep0p001__e500,arpls_minmax,1729,274,324,scale_offset,1.0,0.012236987000378986,0.006118493500189493,0.11729869750131743,0.817127494429991,0.021531643465975497,0.3279494382022472,2.0,0.5644110568357126,0.08549892902374268,0.3282329772705102,0.30668609752722675,0.7901234567901234,0.05462871491909027,0.2276949809774656,0.2291558072825196,0.7530864197530864,0.04630327224731445,0.3301949809774656,0.3256845238095238,0.8055555555555556,0.04856783524155617
strict_core,domain_only,sensor_family,pSERS_Metrohm_silver,locked_domain,domain__strict_core__domain_only__sensor_family__pSERS_Metrohm_silver,domain__strict_core__domain_only__sensor_family__pSERS_Metrohm_silver,structured_vae,zc48__zn16__chem0__ni0__ns0__cond0__ai0__as0__pair0__xrec0__dep0p001__e500,arpls_minmax,1729,274,324,scale_offset,1.5,0.01734593316307569,0.008672966581537845,0.12718090078104363,0.7800945285642613,0.021600160179505213,0.3113295880149813,2.0,0.5254661565269794,0.09153330884873867,0.26981562774363477,0.25833327500157494,0.6851851851851852,0.12803876399993896,0.18150095112671938,0.19477849200447708,0.654320987654321,0.09843583405017853,0.3033007755340943,0.32202692153115303,0.7191358024691358,0.11322378367185593
strict_core,domain_only,sensor_family,pSERS_Metrohm_silver,locked_domain,domain__strict_core__domain_only__sensor_family__pSERS_Metrohm_silver,domain__strict_core__domain_only__sensor_family__pSERS_Metrohm_silver,structured_vae,zc48__zn16__chem0__ni0__ns0__cond0__ai0__as0__pair0__xrec0__dep0p001__e500,arpls_minmax,1729,274,324,smooth_baseline,0.5,0.010255191228555328,0.005127595614277664,0.11767401008537212,0.7858045725889578,0.021650301186256236,0.3431647940074906,2.0,0.7158415245803282,0.08099018596112728,0.35799385425812114,0.3375447154471545,0.8487654320987654,0.02652418427169323,0.3058160179494684,0.31150566681610015,0.8518518518518519,0.030034665018320084,0.4144796849087894,0.41047008964520343,0.8734567901234568,0.026160670444369316
strict_core,domain_only,sensor_family,pSERS_Metrohm_silver,locked_domain,domain__strict_core__domain_only__sensor_family__pSERS_Metrohm_silver,domain__strict_core__domain_only__sensor_family__pSERS_Metrohm_silver,structured_vae,zc48__zn16__chem0__ni0__ns0__cond0__ai0__as0__pair0__xrec0__dep0p001__e500,arpls_minmax,1729,274,324,smooth_baseline,1.0,0.014138832332317336,0.007069416166158668,0.13372706607981968,0.6990343444409659,0.0219173026302108,0.35767790262172283,2.0,0.7287548405301608,0.08290509879589081,0.31891352063213346,0.28262668996597073,0.7561728395061729,0.07931230217218399,0.299571871036972,0.3006737492934901,0.7530864197530864,0.10035902261734009,0.39845027314408343,0.38936801258169484,0.7314814814814815,0.08261175453662872
strict_core,domain_only,sensor_family,pSERS_Metrohm_silver,locked_domain,domain__strict_core__domain_only__sensor_family__pSERS_Metrohm_silver,domain__strict_core__domain_only__sensor_family__pSERS_Metrohm_silver,structured_vae,zc48__zn16__chem0__ni0__ns0__cond0__ai0__as0__pair0__xrec0__dep0p001__e500,arpls_minmax,1729,274,324,smooth_baseline,1.5,0.019914933740150086,0.009957466870075043,0.14840782474397293,0.5921988669332775,0.02226860647999877,0.36891385767790263,2.0,0.6460684947728499,0.09063634276390076,0.29968612818261636,0.2686775880500419,0.7037037037037037,0.14786618947982788,0.2907109062530485,0.2942535932669961,0.6388888888888888,0.19546188414096832,0.35001304750756024,0.3358558159164299,0.6666666666666666,0.15874938666820526
strict_core,domain_only,sensor_family,pSERS_Metrohm_silver,locked_domain,domain__strict_core__domain_only__sensor_family__pSERS_Metrohm_silver,domain__strict_core__domain_only__sensor_family__pSERS_Metrohm_silver,structured_vae,zc48__zn16__chem0__ni0__ns0__cond0__ai0__as0__pair0__xrec0__dep0p001__e500,arpls_minmax,1729,274,324,gaussian_noise,0.5,0.008077249995913454,0.004038624997956727,0.10258847404595267,0.8264355643462773,0.02144771398783342,0.3377808988764045,2.0,0.7605908662631644,0.07791561260819435,0.37292142230026337,0.3532492279798268,0.9691358024691358,0.00020395973115228117,0.2599207394400546,0.2308906882591093,0.9722222222222222,0.0003898693830706179,0.4105615305823822,0.41003582281604184,0.9845679012345679,0.00020998716354370117
strict_core,domain_only,sensor_family,pSERS_Metrohm_silver,locked_domain,domain__strict_core__domain_only__sensor_family__pSERS_Metrohm_silver,domain__strict_core__domain_only__sensor_family__pSERS_Metrohm_silver,structured_vae,zc48__zn16__chem0__ni0__ns0__cond0__ai0__as0__pair0__xrec0__dep0p001__e500,arpls_minmax,1729,274,324,gaussian_noise,1.0,0.008095455831673279,0.004047727915836639,0.1027691641913056,0.8266727156651195,0.021459609045859415,0.33848314606741575,2.0,0.7465798779790808,0.07870822958648205,0.3591527655838455,0.34100402521455153,0.9320987654320988,0.0008899488602764904,0.27168544532240757,0.24844011444222974,0.9598765432098766,0.0013510816497728229,0.4024382987025656,0.4006764382336254,0.9506172839506173,0.0008810322615318
strict_core,domain_only,sensor_family,pSERS_Metrohm_silver,locked_domain,domain__strict_core__domain_only__sensor_family__pSERS_Metrohm_silver,domain__strict_core__domain_only__sensor_family__pSERS_Metrohm_silver,structured_vae,zc48__zn16__chem0__ni0__ns0__cond0__ai0__as0__pair0__xrec0__dep0p001__e500,arpls_minmax,1729,274,324,gaussian_noise,1.5,0.008148443843437863,0.0040742219217189315,0.10327326847796504,0.8263873564916875,0.021478253956695594,0.335440074906367,2.0,0.7489657910551586,0.07822850535740145,0.35507243195785776,0.3311198394885398,0.8950617283950617,0.002164149656891823,0.26795410203882547,0.24406805156132083,0.9259259259259259,0.0027530668303370476,0.3974382987025656,0.39524743178509436,0.9259259259259259,0.002076205564662814
strict_core,domain_only,sensor_family,pSERS_Metrohm_silver,locked_domain,domain__strict_core__domain_only__sensor_family__pSERS_Metrohm_silver,domain__strict_core__domain_only__sensor_family__pSERS_Metrohm_silver,structured_vae,zc48__zn16__chem0__ni0__ns0__cond0__ai0__as0__pair0__xrec0__dep0p001__e500,arpls_minmax,1729,274,324,isolated_spikes,0.5,0.008083029336078571,0.004041514668039286,0.10265655953303222,0.8271990873439526,0.021447485094063596,0.34222846441947563,2.0,0.7561140477520732,0.07623025542125106,0.36665276558384546,0.3486785530853328,0.9691358024691358,0.0001353818370262161,0.2599207394400546,0.23116238520057802,0.9722222222222222,0.00024619477335363626,0.39958699151302307,0.40333853551649534,0.9814814814814815,0.0001372006954625249
strict_core,domain_only,sensor_family,pSERS_Metrohm_silver,locked_domain,domain__strict_core__domain_only__sensor_family__pSERS_Metrohm_silver,domain__strict_core__domain_only__sensor_family__pSERS_Metrohm_silver,structured_vae,zc48__zn16__chem0__ni0__ns0__cond0__ai0__as0__pair0__xrec0__dep0p001__e500,arpls_minmax,1729,274,324,isolated_spikes,1.0,0.008102615466285526,0.004051307733142763,0.10277040930594154,0.8251203492429857,0.021451463767395974,0.3387172284644195,2.0,0.7629238563560088,0.07620149850845337,0.36463125548726955,0.3408687091176078,0.941358024691358,0.0005899796378798783,0.26988342600721876,0.24482191278141202,0.9567901234567902,0.000927317829336971,0.4084105209247878,0.40953397039878336,0.9537037037037037,0.0005928842583671212
strict_core,domain_only,sensor_family,pSERS_Metrohm_silver,locked_domain,domain__strict_core__domain_only__sensor_family__pSERS_Metrohm_silver,domain__strict_core__domain_only__sensor_family__pSERS_Metrohm_silver,structured_vae,zc48__zn16__chem0__ni0__ns0__cond0__ai0__as0__pair0__xrec0__dep0p001__e500,arpls_minmax,1729,274,324,isolated_spikes,1.5,0.008122901348369798,0.004061450674184899,0.10290852134020675,0.8239175566426202,0.021455872310546274,0.3368445692883895,2.0,0.7167479155456893,0.07566410303115845,0.3570763827919227,0.3344812203507856,0.9012345679012346,0.0014404439134523273,0.259571749097649,0.23336090432864626,0.9444444444444444,0.001551641384139657,0.3837419520046825,0.38397028327319477,0.9475308641975309,0.0013596327044069767
strict_core,domain_only,sensor_family,pSERS_Metrohm_silver,locked_domain,domain__strict_core__domain_only__sensor_family__pSERS_Metrohm_silver,domain__strict_core__domain_only__sensor_family__pSERS_Metrohm_silver,structured_vae,zc48__zn16__chem0__ni0__ns0__cond0__ai0__as0__pair0__xrec0__dep0p001__e500,arpls_minmax,1729,274,324,edge_filled_shift,0.5,0.00809731329505951,0.004048656647529755,0.10286821915547494,0.8291872757611249,0.021448168351180644,0.3356741573033708,2.0,0.7282039671995189,0.07770183682441711,0.3566352063213345,0.3328715333913692,0.8919753086419753,0.003643158357590437,0.27362988976685204,0.2578853248139013,0.8827160493827161,0.0067008743062615395,0.3897912398790362,0.3888509794880185,0.8858024691358025,0.0037192937452346087
strict_core,domain_only,sensor_family,pSERS_Metrohm_silver,locked_domain,domain__strict_core__domain_only__sensor_family__pSERS_Metrohm_silver,domain__strict_core__domain_only__sensor_family__pSERS_Metrohm_silver,structured_vae,zc48__zn16__chem0__ni0__ns0__cond0__ai0__as0__pair0__xrec0__dep0p001__e500,arpls_minmax,1729,274,324,edge_filled_shift,1.0,0.008119881121821751,0.004059940560910876,0.10299645714104347,0.823083836055867,0.021453478383877424,0.3389513108614232,2.0,0.7316774028293227,0.07683437317609787,0.3608602819237148,0.3473151555343336,0.8950617283950617,0.0060991267673671246,0.27657106623744027,0.266056435955292,0.8549382716049383,0.010280758142471313,0.36938505999414684,0.3703418803418803,0.8796296296296297,0.006223134696483612
strict_core,domain_only,sensor_family,pSERS_Metrohm_silver,locked_domain,domain__strict_core__domain_only__sensor_family__pSERS_Metrohm_silver,domain__strict_core__domain_only__sensor_family__pSERS_Metrohm_silver,structured_vae,zc48__zn16__chem0__ni0__ns0__cond0__ai0__as0__pair0__xrec0__dep0p001__e500,arpls_minmax,1729,274,324,edge_filled_shift,1.5,0.008147844814127822,0.004073922407063911,0.10308321942165136,0.8250516595228435,0.021434301978262522,0.33824906367041196,2.0,0.6905673590092836,0.07908199680969119,0.3533952785094137,0.3461497352911797,0.8395061728395061,0.008905760012567043,0.28010047800214616,0.28794738967006983,0.7654320987654321,0.016542240977287292,0.3735948931811531,0.3708803850966572,0.8580246913580247,0.009326323866844177
strict_core,domain_only,sensor_family,pSERS_Metrohm_silver,locked_domain,domain__strict_core__domain_only__sensor_family__pSERS_Metrohm_silver,domain__strict_core__domain_only__sensor_family__pSERS_Metrohm_silver,structured_vae,zc48__zn16__chem0__ni0__ns0__cond0__ai0__as0__pair0__xrec0__dep0p001__e500,arpls_minmax,1729,274,324,gaussian_broadening,0.5,0.008058811428580425,0.004029405714290213,0.10259063843805466,0.82748668367996,0.021437098197631017,0.33707865168539325,2.0,0.7588058039241955,0.0782736986875534,0.377535118525022,0.35717223514280294,1.0,1.5616049495292827e-05,0.2599207394400546,0.23036134766624786,0.9845679012345679,3.0925613828003407e-05,0.39958699151302307,0.40333853551649534,0.9907407407407407,1.5450295904884115e-05
strict_core,domain_only,sensor_family,pSERS_Metrohm_silver,locked_domain,domain__strict_core__domain_only__sensor_family__pSERS_Metrohm_silver,domain__strict_core__domain_only__sensor_family__pSERS_Metrohm_silver,structured_vae,zc48__zn16__chem0__ni0__ns0__cond0__ai0__as0__pair0__xrec0__dep0p001__e500,arpls_minmax,1729,274,324,gaussian_broadening,1.0,0.008041800281036715,0.004020900140518357,0.10261422096584001,0.8275920407965991,0.02142210847753201,0.33380149812734083,2.0,0.7592917287189618,0.07846969366073608,0.38600734074724413,0.36993558423211037,0.9722222222222222,0.00018296437337994576,0.2599207394400546,0.23062371648184005,0.9814814814814815,0.00046858706627972424,0.40502816798361135,0.406687978841311,0.9783950617283951,0.00018642346549313515
strict_core,domain_only,sensor_family,pSERS_Metrohm_silver,locked_domain,domain__strict_core__domain_only__sensor_family__pSERS_Metrohm_silver,domain__strict_core__domain_only__sensor_family__pSERS_Metrohm_silver,structured_vae,zc48__zn16__chem0__ni0__ns0__cond0__ai0__as0__pair0__xrec0__dep0p001__e500,arpls_minmax,1729,274,324,gaussian_broadening,1.5,0.008031936381691859,0.004015968190845929,0.10265806925188528,0.8276373392640173,0.021404210389012593,0.32631086142322097,2.0,0.7599658604681254,0.07746654999209568,0.38727599746366204,0.36836705218258614,0.9444444444444444,0.0005845617270097136,0.2549207394400546,0.22922836944038358,0.9444444444444444,0.001699850196018815,0.40502816798361135,0.40510979564580574,0.9691358024691358,0.000620853912550956
strict_core,domain_only,sensor_family,pSERS_Metrohm_silver,locked_domain,domain__strict_core__domain_only__sensor_family__pSERS_Metrohm_silver,domain__strict_core__domain_only__sensor_family__pSERS_Metrohm_silver,structured_vae,zc48__zn16__chem0__ni0__ns0__cond0__ai0__as0__pair0__xrec0__dep0p001__e500,arpls_minmax,1729,274,324,composite,0.5,0.0117678064690261,0.00588390323451305,0.12084636171248354,0.7779280191618617,0.02169426796985543,0.3443352059925094,2.0,0.6485587620910829,0.0772756387013942,0.3626425470685786,0.3528758800281817,0.7932098765432098,0.04403119534254074,0.2969598087991416,0.30820828641850045,0.75,0.04858038201928139,0.3945146814944884,0.39363331413926694,0.7839506172839507,0.04291929677128792
strict_core,domain_only,sensor_family,pSERS_Metrohm_silver,locked_domain,domain__strict_core__domain_only__sensor_family__pSERS_Metrohm_silver,domain__strict_core__domain_only__sensor_family__pSERS_Metrohm_silver,structured_vae,zc48__zn16__chem0__ni0__ns0__cond0__ai0__as0__pair0__xrec0__dep0p001__e500,arpls_minmax,1729,274,324,composite,1.0,0.018081935717443404,0.009040967858721702,0.1394320413231038,0.6710513794402873,0.021975805049517846,0.336376404494382,2.0,0.6430773613786616,0.09249263908714056,0.28225612135401423,0.2694604222701212,0.6419753086419753,0.13146290183067322,0.29267522680714075,0.32307839430053975,0.6018518518518519,0.12482781708240509,0.37157118817676316,0.38511668408220134,0.691358024691358,0.12980738282203674
strict_core,domain_only,sensor_family,pSERS_Metrohm_silver,locked_domain,domain__strict_core__domain_only__sensor_family__pSERS_Metrohm_silver,domain__strict_core__domain_only__sensor_family__pSERS_Metrohm_silver,structured_vae,zc48__zn16__chem0__ni0__ns0__cond0__ai0__as0__pair0__xrec0__dep0p001__e500,arpls_minmax,1729,274,324,composite,1.5,0.02832353480982604,0.01416176740491302,0.15869773006117496,0.5250783167144073,0.022334242585222253,0.3279494382022472,2.0,0.6443407308348498,0.09329357370734215,0.27887389035216076,0.28525718171165393,0.5771604938271605,0.24680055677890778,0.24760511169641986,0.26763305836241325,0.5401234567901234,0.28312286734580994,0.29690493610379476,0.30792548549046495,0.5555555555555556,0.2589414715766907
quality_pass,domain_and_sample,instrument,Agilent-1,locked_domain,domain__quality_pass__domain_and_sample__instrument__Agilent-1,domain__quality_pass__domain_and_sample__instrument__Agilent-1,structured_vae,zc48__zn16__chem0__ni0__ns0__cond0__ai0__as0__pair0__xrec0__dep0p001__e500,arpls_minmax,1729,318,29,scale_offset,0.5,0.0102997013613265,0.00514985068066325,0.11913769131773658,0.898596186826222,0.006725563046427909,,2.0,0.2674964552795218,0.04662681196350604,0.5681818181818181,0.7222222222222222,0.9655172413793104,0.012691008858382702,0.8636363636363636,0.8654970760233918,0.9310344827586207,0.028857842087745667,0.6761363636363636,0.7781954887218046,0.9655172413793104,0.015202166512608528
quality_pass,domain_and_sample,instrument,Agilent-1,locked_domain,domain__quality_pass__domain_and_sample__instrument__Agilent-1,domain__quality_pass__domain_and_sample__instrument__Agilent-1,structured_vae,zc48__zn16__chem0__ni0__ns0__cond0__ai0__as0__pair0__xrec0__dep0p001__e500,arpls_minmax,1729,318,29,scale_offset,1.0,0.013230197608732067,0.006615098804366034,0.1278194234109314,0.8899113288450997,0.006900141070769704,,2.0,0.29760527531608505,0.06579049210995436,0.6306818181818181,0.7735042735042735,0.6551724137931034,0.03708817809820175,0.8636363636363636,0.891640866873065,0.9655172413793104,0.1427818238735199,0.6477272727272727,0.7815126050420168,0.6206896551724138,0.04899918660521507
quality_pass,domain_and_sample,instrument,Agilent-1,locked_domain,domain__quality_pass__domain_and_sample__instrument__Agilent-1,domain__quality_pass__domain_and_sample__instrument__Agilent-1,structured_vae,zc48__zn16__chem0__ni0__ns0__cond0__ai0__as0__pair0__xrec0__dep0p001__e500,arpls_minmax,1729,318,29,scale_offset,1.5,0.013979269019152266,0.006989634509576133,0.13565796991188483,0.8826098022470048,0.0068850795943232995,,2.0,0.29118142208655623,0.08562213182449341,0.5397727272727273,0.6971153846153846,0.6206896551724138,0.07175110280513763,0.8011363636363636,0.8328173374613003,0.896551724137931,0.12253085523843765,0.4772727272727273,0.6201923076923077,0.6551724137931034,0.07967033237218857
quality_pass,domain_and_sample,instrument,Agilent-1,locked_domain,domain__quality_pass__domain_and_sample__instrument__Agilent-1,domain__quality_pass__domain_and_sample__instrument__Agilent-1,structured_vae,zc48__zn16__chem0__ni0__ns0__cond0__ai0__as0__pair0__xrec0__dep0p001__e500,arpls_minmax,1729,318,29,smooth_baseline,0.5,0.009490973742900673,0.0047454868714503365,0.1190667744504881,0.8962333085364087,0.006799234221405329,,2.0,0.29342879956319273,0.047380208503454924,0.6136363636363636,0.7076923076923077,0.7586206896551724,0.05937628075480461,0.8636363636363636,0.891640866873065,0.9310344827586207,0.10307794064283371,0.7215909090909092,0.8071428571428572,0.8275862068965517,0.05477754771709442
quality_pass,domain_and_sample,instrument,Agilent-1,locked_domain,domain__quality_pass__domain_and_sample__instrument__Agilent-1,domain__quality_pass__domain_and_sample__instrument__Agilent-1,structured_vae,zc48__zn16__chem0__ni0__ns0__cond0__ai0__as0__pair0__xrec0__dep0p001__e500,arpls_minmax,1729,318,29,smooth_baseline,1.0,0.011536798132856926,0.005768399066428463,0.13609294212287246,0.8655038040361296,0.006977924784573205,,2.0,0.27874095094035417,0.055656008422374725,0.5511363636363636,0.65,0.7586206896551724,0.15500380098819733,0.6136363636363636,0.6886446886446886,0.7931034482758621,0.26332002878189087,0.42613636363636365,0.5,0.6551724137931034,0.14639981091022491
quality_pass,domain_and_sample,instrument,Agilent-1,locked_domain,domain__quality_pass__domain_and_sample__instrument__Agilent-1,domain__quality_pass__domain_and_sample__instrument__Agilent-1,structured_vae,zc48__zn16__chem0__ni0__ns0__cond0__ai0__as0__pair0__xrec0__dep0p001__e500,arpls_minmax,1729,318,29,smooth_baseline,1.5,0.015920560405504505,0.007960280202752253,0.15843580349659228,0.8125201352981485,0.0073846686036735465,,2.0,0.3199074175179195,0.05953877279534936,0.48863636363636365,0.6210526315789473,0.6551724137931034,0.2522067725658417,0.6136363636363636,0.728744939271255,0.6896551724137931,0.2766098082065582,0.4090909090909091,0.45,0.6206896551724138,0.24216730892658234
quality_pass,domain_and_sample,instrument,Agilent-1,locked_domain,domain__quality_pass__domain_and_sample__instrument__Agilent-1,domain__quality_pass__domain_and_sample__instrument__Agilent-1,structured_vae,zc48__zn16__chem0__ni0__ns0__cond0__ai0__as0__pair0__xrec0__dep0p001__e500,arpls_minmax,1729,318,29,gaussian_noise,0.5,0.009385596940927185,0.004692798470463592,0.11368275746799059,0.8962725221766238,0.006673283017233965,,2.0,0.3000613322113673,0.06122900452464819,0.6136363636363636,0.7543859649122806,1.0,0.00012984768545720726,0.8636363636363636,0.891640866873065,1.0,0.0002243189956061542,0.6761363636363636,0.7781954887218046,1.0,0.00012501765741035342
quality_pass,domain_and_sample,instrument,Agilent-1,locked_domain,domain__quality_pass__domain_and_sample__instrument__Agilent-1,domain__quality_pass__domain_and_sample__instrument__Agilent-1,structured_vae,zc48__zn16__chem0__ni0__ns0__cond0__ai0__as0__pair0__xrec0__dep0p001__e500,arpls_minmax,1729,318,29,gaussian_noise,1.0,0.009347273269126658,0.004673636634563329,0.11350584667275393,0.8977774167746392,0.006666508693097438,,2.0,0.27882899092923763,0.05782345694024116,0.6136363636363636,0.7543859649122806,1.0,0.0006148219108581543,0.8636363636363636,0.891640866873065,1.0,0.0007856981246732175,0.6761363636363636,0.7781954887218046,1.0,0.0006609106785617769
quality_pass,domain_and_sample,instrument,Agilent-1,locked_domain,domain__quality_pass__domain_and_sample__instrument__Agilent-1,domain__quality_pass__domain_and_sample__instrument__Agilent-1,structured_vae,zc48__zn16__chem0__ni0__ns0__cond0__ai0__as0__pair0__xrec0__dep0p001__e500,arpls_minmax,1729,318,29,gaussian_noise,1.5,0.009330216783907903,0.004665108391953951,0.11376778948784182,0.8941894897323481,0.006667791516968793,,2.0,0.29516281181413256,0.06121606146916747,0.6136363636363636,0.7543859649122806,0.9655172413793104,0.002131155924871564,0.8636363636363636,0.891640866873065,1.0,0.003597816452383995,0.6761363636363636,0.7781954887218046,0.9655172413793104,0.0021729592699557543
quality_pass,domain_and_sample,instrument,Agilent-1,locked_domain,domain__quality_pass__domain_and_sample__instrument__Agilent-1,domain__quality_pass__domain_and_sample__instrument__Agilent-1,structured_vae,zc48__zn16__chem0__ni0__ns0__cond0__ai0__as0__pair0__xrec0__dep0p001__e500,arpls_minmax,1729,318,29,isolated_spikes,0.5,0.009361161490577068,0.004680580745288534,0.11344439223955961,0.8970501005018563,0.006673000390340699,,2.0,0.30100272649454163,0.05901744344737381,0.6136363636363636,0.7543859649122806,1.0,3.837511394522153e-05,0.8636363636363636,0.891640866873065,1.0,5.476844671647996e-05,0.6761363636363636,0.7781954887218046,1.0,3.733922858373262e-05
quality_pass,domain_and_sample,instrument,Agilent-1,locked_domain,domain__quality_pass__domain_and_sample__instrument__Agilent-1,domain__quality_pass__domain_and_sample__instrument__Agilent-1,structured_vae,zc48__zn16__chem0__ni0__ns0__cond0__ai0__as0__pair0__xrec0__dep0p001__e500,arpls_minmax,1729,318,29,isolated_spikes,1.0,0.009327589419294102,0.004663794709647051,0.11331242034707148,0.898209849171527,0.006671743606402821,,2.0,0.27930218465172396,0.05645257467404008,0.6136363636363636,0.7543859649122806,1.0,0.00014415691839531064,0.8636363636363636,0.891640866873065,1.0,0.0002671911788638681,0.7215909090909092,0.8071428571428572,0.9655172413793104,0.00013805874914396554
quality_pass,domain_and_sample,instrument,Agilent-1,locked_domain,domain__quality_pass__domain_and_sample__instrument__Agilent-1,domain__quality_pass__domain_and_sample__instrument__Agilent-1,structured_vae,zc48__zn16__chem0__ni0__ns0__cond0__ai0__as0__pair0__xrec0__dep0p001__e500,arpls_minmax,1729,318,29,isolated_spikes,1.5,0.009369311254709124,0.004684655627354562,0.113452256220009,0.8974653112191469,0.006680111530080938,,2.0,0.3025641913807466,0.059476170339621603,0.6136363636363636,0.7543859649122806,1.0,0.0004315684491302818,0.8636363636363636,0.891640866873065,1.0,0.0006356526864692569,0.6761363636363636,0.7781954887218046,0.9310344827586207,0.0003970368125010282
quality_pass,domain_and_sample,instrument,Agilent-1,locked_domain,domain__quality_pass__domain_and_sample__instrument__Agilent-1,domain__quality_pass__domain_and_sample__instrument__Agilent-1,structured_vae,zc48__zn16__chem0__ni0__ns0__cond0__ai0__as0__pair0__xrec0__dep0p001__e500,arpls_minmax,1729,318,29,edge_filled_shift,0.5,0.00938865041681564,0.00469432520840782,0.11374922790452624,0.8935558898955744,0.00667141037100268,,1.75,0.2832025433608406,0.04930295987287536,0.4602272727272727,0.606060606060606,0.896551724137931,0.0008549854392185807,0.8636363636363636,0.891640866873065,1.0,0.002205164171755314,0.6761363636363636,0.7781954887218046,0.9655172413793104,0.0009087324142456055
quality_pass,domain_and_sample,instrument,Agilent-1,locked_domain,domain__quality_pass__domain_and_sample__instrument__Agilent-1,domain__quality_pass__domain_and_sample__instrument__Agilent-1,structured_vae,zc48__zn16__chem0__ni0__ns0__cond0__ai0__as0__pair0__xrec0__dep0p001__e500,arpls_minmax,1729,318,29,edge_filled_shift,1.0,0.009419417279189516,0.004709708639594758,0.11376695600613992,0.8935558898955744,0.00667863138892492,,2.0,0.28118618751332436,0.05882061820011586,0.5681818181818181,0.7222222222222222,0.9655172413793104,0.0020365468226373196,0.8636363636363636,0.891640866873065,1.0,0.00509920809417963,0.7386363636363636,0.8210526315789474,0.9655172413793104,0.0020133687648922205
quality_pass,domain_and_sample,instrument,Agilent-1,locked_domain,domain__quality_pass__domain_and_sample__instrument__Agilent-1,domain__quality_pass__domain_and_sample__instrument__Agilent-1,structured_vae,zc48__zn16__chem0__ni0__ns0__cond0__ai0__as0__pair0__xrec0__dep0p001__e500,arpls_minmax,1729,318,29,edge_filled_shift,1.5,0.00941073155171476,0.00470536577585738,0.11405810859234519,0.888754435858263,0.006672320738253059,,2.0,0.28360017151924444,0.05249029857804999,0.5056818181818181,0.618421052631579,0.896551724137931,0.0020184824243187904,0.8636363636363636,0.891640866873065,1.0,0.005705784074962139,0.7386363636363636,0.8210526315789474,0.9310344827586207,0.002255813917145133
quality_pass,domain_and_sample,instrument,Agilent-1,locked_domain,domain__quality_pass__domain_and_sample__instrument__Agilent-1,domain__quality_pass__domain_and_sample__instrument__Agilent-1,structured_vae,zc48__zn16__chem0__ni0__ns0__cond0__ai0__as0__pair0__xrec0__dep0p001__e500,arpls_minmax,1729,318,29,gaussian_broadening,0.5,0.00935453403065181,0.004677267015325905,0.1134324686282607,0.8972514913375306,0.0066730959658747625,,2.0,0.2860074662266911,0.049940322584006935,0.6136363636363636,0.7543859649122806,1.0,6.78259723940755e-08,0.8636363636363636,0.891640866873065,1.0,2.2814191424913588e-07,0.6761363636363636,0.7781954887218046,1.0,5.960464477539063e-08
quality_pass,domain_and_sample,instrument,Agilent-1,locked_domain,domain__quality_pass__domain_and_sample__instrument__Agilent-1,domain__quality_pass__domain_and_sample__instrument__Agilent-1,structured_vae,zc48__zn16__chem0__ni0__ns0__cond0__ai0__as0__pair0__xrec0__dep0p001__e500,arpls_minmax,1729,318,29,gaussian_broadening,1.0,0.00935092861226272,0.00467546430613136,0.11339961637522977,0.8972331958010318,0.006671853208274209,,2.0,0.2860520356139646,0.04993308620760217,0.6136363636363636,0.7543859649122806,1.0,1.5784954712216859e-06,0.8636363636363636,0.891640866873065,1.0,4.127107786189299e-06,0.6761363636363636,0.7781954887218046,1.0,1.7881393432617188e-06
quality_pass,domain_and_sample,instrument,Agilent-1,locked_domain,domain__quality_pass__domain_and_sample__instrument__Agilent-1,domain__quality_pass__domain_and_sample__instrument__Agilent-1,structured_vae,zc48__zn16__chem0__ni0__ns0__cond0__ai0__as0__pair0__xrec0__dep0p001__e500,arpls_minmax,1729,318,29,gaussian_broadening,1.5,0.009346952470844735,0.0046734762354223676,0.11336481147131054,0.8972019654451008,0.006670113804834827,,2.0,0.2939329999027265,0.05610114615410566,0.6136363636363636,0.7543859649122806,1.0,7.014849870756734e-06,0.8636363636363636,0.891640866873065,1.0,1.6970881915767677e-05,0.6761363636363636,0.7781954887218046,1.0,7.878089490986895e-06
quality_pass,domain_and_sample,instrument,Agilent-1,locked_domain,domain__quality_pass__domain_and_sample__instrument__Agilent-1,domain__quality_pass__domain_and_sample__instrument__Agilent-1,structured_vae,zc48__zn16__chem0__ni0__ns0__cond0__ai0__as0__pair0__xrec0__dep0p001__e500,arpls_minmax,1729,318,29,composite,0.5,0.010625487615043186,0.005312743807521593,0.1306066302224817,0.9073220638603706,0.0069250218652802675,,2.0,0.2768021756974542,0.04944576881825924,0.6761363636363636,0.7781954887218046,0.8275862068965517,0.0776505395770073,0.8636363636363636,0.891640866873065,0.9310344827586207,0.11209230870008469,0.7840909090909092,0.8500000000000001,0.8275862068965517,0.07681912928819656
quality_pass,domain_and_sample,instrument,Agilent-1,locked_domain,domain__quality_pass__domain_and_sample__instrument__Agilent-1,domain__quality_pass__domain_and_sample__instrument__Agilent-1,structured_vae,zc48__zn16__chem0__ni0__ns0__cond0__ai0__as0__pair0__xrec0__dep0p001__e500,arpls_minmax,1729,318,29,composite,1.0,0.014393558667671273,0.007196779333835637,0.14238043492727373,0.8596466928398284,0.007061245198590168,,2.0,0.3024383200659626,0.06553437560796738,0.5681818181818181,0.7017543859649122,0.6896551724137931,0.15934498608112335,0.6761363636363636,0.7571428571428571,0.8275862068965517,0.30634161829948425,0.48863636363636365,0.6000000000000001,0.6896551724137931,0.15541692078113556
quality_pass,domain_and_sample,instrument,Agilent-1,locked_domain,domain__quality_pass__domain_and_sample__instrument__Agilent-1,domain__quality_pass__domain_and_sample__instrument__Agilent-1,structured_vae,zc48__zn16__chem0__ni0__ns0__cond0__ai0__as0__pair0__xrec0__dep0p001__e500,arpls_minmax,1729,318,29,composite,1.5,0.021848383417887828,0.010924191708943914,0.17458522586498396,0.8021962974887953,0.0076181120268612665,,2.0,0.3661105328936861,0.0912826101994142,0.3977272727272727,0.5333333333333333,0.5172413793103449,0.39353668689727783,0.48863636363636365,0.5627705627705628,0.6206896551724138,0.3457508087158203,0.3181818181818182,0.3684210526315789,0.5862068965517241,0.3400076627731323
quality_pass,domain_and_sample,instrument,Agilent-3,locked_domain,domain__quality_pass__domain_and_sample__instrument__Agilent-3,domain__quality_pass__domain_and_sample__instrument__Agilent-3,structured_vae,zc48__zn16__chem0__ni0__ns0__cond0__ai0__as0__pair0__xrec0__dep0p001__e500,arpls_minmax,1729,81,72,scale_offset,0.5,0.016509745492525048,0.008254872746262524,0.19053328422640123,0.7560152782102767,0.007487438889765032,,2.0,0.23079601190707863,0.0937632848508656,0.5483465608465609,0.5551905610729139,0.9305555555555556,0.016102667897939682,0.3597222222222222,0.37236987818383166,0.9722222222222222,0.011583136394619942,0.5566798941798942,0.5560902060902061,0.9444444444444444,0.009905960410833359
quality_pass,domain_and_sample,instrument,Agilent-3,locked_domain,domain__quality_pass__domain_and_sample__instrument__Agilent-3,domain__quality_pass__domain_and_sample__instrument__Agilent-3,structured_vae,zc48__zn16__chem0__ni0__ns0__cond0__ai0__as0__pair0__xrec0__dep0p001__e500,arpls_minmax,1729,81,72,scale_offset,1.0,0.018220390406076592,0.009110195203038296,0.19554311356275927,0.7740042369607898,0.007767875001532877,,2.0,0.2339462735354907,0.094999760389328,0.4564484126984127,0.4941991540205826,0.9027777777777778,0.06194480136036873,0.41455026455026456,0.43965201465201464,0.875,0.034891534596681595,0.46269841269841266,0.5045203588681849,0.8194444444444444,0.03769823536276817
quality_pass,domain_and_sample,instrument,Agilent-3,locked_domain,domain__quality_pass__domain_and_sample__instrument__Agilent-3,domain__quality_pass__domain_and_sample__instrument__Agilent-3,structured_vae,zc48__zn16__chem0__ni0__ns0__cond0__ai0__as0__pair0__xrec0__dep0p001__e500,arpls_minmax,1729,81,72,scale_offset,1.5,0.021777046211847798,0.010888523105923899,0.20750250829154612,0.7165827459615437,0.007970353015679506,,2.0,0.29125163749585853,0.09276393055915833,0.4129298941798942,0.42770682331852544,0.75,0.16475322842597961,0.3101851851851852,0.32334332334332333,0.8194444444444444,0.06586585938930511,0.4337632275132275,0.4541864879460788,0.8055555555555556,0.08512056618928909
quality_pass,domain_and_sample,instrument,Agilent-3,locked_domain,domain__quality_pass__domain_and_sample__instrument__Agilent-3,domain__quality_pass__domain_and_sample__instrument__Agilent-3,structured_vae,zc48__zn16__chem0__ni0__ns0__cond0__ai0__as0__pair0__xrec0__dep0p001__e500,arpls_minmax,1729,81,72,smooth_baseline,0.5,0.017040987462170483,0.008520493731085241,0.19291017280915698,0.755710407911623,0.007807874414149447,,2.0,0.2629801561224873,0.07512636482715607,0.49394841269841266,0.5251526251526251,0.8611111111111112,0.10016008466482162,0.42936507936507934,0.45262002650522576,0.8055555555555556,0.029300877824425697,0.5260912698412697,0.5673622083836788,0.8472222222222222,0.04277506470680237
quality_pass,domain_and_sample,instrument,Agilent-3,locked_domain,domain__quality_pass__domain_and_sample__instrument__Agilent-3,domain__quality_pass__domain_and_sample__instrument__Agilent-3,structured_vae,zc48__zn16__chem0__ni0__ns0__cond0__ai0__as0__pair0__xrec0__dep0p001__e500,arpls_minmax,1729,81,72,smooth_baseline,1.0,0.019944542071143052,0.009972271035571526,0.20358104395316368,0.7440321977644279,0.008180987557309193,,2.0,0.24709913312684478,0.06941070072934963,0.49394841269841266,0.5275356827080965,0.8333333333333334,0.3367260694503784,0.40085978835978836,0.4277680972054374,0.6388888888888888,0.08856233209371567,0.4948412698412698,0.5353242436575769,0.8055555555555556,0.12814205884933472
quality_pass,domain_and_sample,instrument,Agilent-3,locked_domain,domain__quality_pass__domain_and_sample__instrument__Agilent-3,domain__quality_pass__domain_and_sample__instrument__Agilent-3,structured_vae,zc48__zn16__chem0__ni0__ns0__cond0__ai0__as0__pair0__xrec0__dep0p001__e500,arpls_minmax,1729,81,72,smooth_baseline,1.5,0.024183066285863794,0.012091533142931897,0.21827131549777057,0.6859971949236139,0.008626047163926846,,2.0,0.24042846475668958,0.0697086477157427,0.47311507936507935,0.48167192284839344,0.7777777777777778,0.5197522044181824,0.44199735449735456,0.43664021164021166,0.4861111111111111,0.14663967490196228,0.4665674603174603,0.4782790309106099,0.7222222222222222,0.21810510754585266
quality_pass,domain_and_sample,instrument,Agilent-3,locked_domain,domain__quality_pass__domain_and_sample__instrument__Agilent-3,domain__quality_pass__domain_and_sample__instrument__Agilent-3,structured_vae,zc48__zn16__chem0__ni0__ns0__cond0__ai0__as0__pair0__xrec0__dep0p001__e500,arpls_minmax,1729,81,72,gaussian_noise,0.5,0.015895283708128177,0.007947641854064089,0.1867993622845693,0.7632268487851901,0.007489131297570022,,2.0,0.21654543039074836,0.08469712967053056,0.5251984126984127,0.5606485018249724,0.9861111111111112,0.0001000968914013356,0.3513888888888889,0.36399711399711404,1.0,5.2321287512313575e-05,0.49001322751322757,0.5017247302961589,1.0,5.5468743084929883e-05
quality_pass,domain_and_sample,instrument,Agilent-3,locked_domain,domain__quality_pass__domain_and_sample__instrument__Agilent-3,domain__quality_pass__domain_and_sample__instrument__Agilent-3,structured_vae,zc48__zn16__chem0__ni0__ns0__cond0__ai0__as0__pair0__xrec0__dep0p001__e500,arpls_minmax,1729,81,72,gaussian_noise,1.0,0.01590422811277446,0.00795211405638723,0.18676868136588307,0.764113084810272,0.007494210025911367,,2.0,0.23632147054107977,0.08724130736663938,0.5251984126984127,0.5606485018249724,0.9861111111111112,0.00037775852251797915,0.3513888888888889,0.36399711399711404,1.0,0.00018860978889279068,0.508531746031746,0.5337112622826908,0.9861111111111112,0.0002230869431514293
quality_pass,domain_and_sample,instrument,Agilent-3,locked_domain,domain__quality_pass__domain_and_sample__instrument__Agilent-3,domain__quality_pass__domain_and_sample__instrument__Agilent-3,structured_vae,zc48__zn16__chem0__ni0__ns0__cond0__ai0__as0__pair0__xrec0__dep0p001__e500,arpls_minmax,1729,81,72,gaussian_noise,1.5,0.015864588053350812,0.007932294026675406,0.1864992055243465,0.7636883512019611,0.007499080912636765,,2.0,0.19235795212216372,0.08464667201042175,0.5251984126984127,0.5606485018249724,0.9583333333333334,0.0008158253040164709,0.37453703703703706,0.3908246225319396,0.9583333333333334,0.00043937398004345596,0.5316798941798943,0.5313543599257885,0.9861111111111112,0.0004752559761982411
quality_pass,domain_and_sample,instrument,Agilent-3,locked_domain,domain__quality_pass__domain_and_sample__instrument__Agilent-3,domain__quality_pass__domain_and_sample__instrument__Agilent-3,structured_vae,zc48__zn16__chem0__ni0__ns0__cond0__ai0__as0__pair0__xrec0__dep0p001__e500,arpls_minmax,1729,81,72,isolated_spikes,0.5,0.015901895233087212,0.007950947616543606,0.18692137201588596,0.7627142145893016,0.007494345520448096,,2.0,0.22307473631060595,0.08450396358966827,0.5251984126984127,0.5606485018249724,0.9861111111111112,3.396802640054375e-05,0.3513888888888889,0.36399711399711404,1.0,1.6754700482124463e-05,0.49001322751322757,0.5017247302961589,1.0,1.9191867977497168e-05
quality_pass,domain_and_sample,instrument,Agilent-3,locked_domain,domain__quality_pass__domain_and_sample__instrument__Agilent-3,domain__quality_pass__domain_and_sample__instrument__Agilent-3,structured_vae,zc48__zn16__chem0__ni0__ns0__cond0__ai0__as0__pair0__xrec0__dep0p001__e500,arpls_minmax,1729,81,72,isolated_spikes,1.0,0.015898313432114827,0.007949156716057414,0.186935466693042,0.7634099677938031,0.007493343347454646,,2.0,0.2621531260322305,0.08761945366859436,0.5483465608465609,0.5563194974959681,0.9861111111111112,0.00013970251893624663,0.3513888888888889,0.36399711399711404,1.0,7.29006205801852e-05,0.5316798941798943,0.5313543599257885,0.9861111111111112,7.28766099200584e-05
quality_pass,domain_and_sample,instrument,Agilent-3,locked_domain,domain__quality_pass__domain_and_sample__instrument__Agilent-3,domain__quality_pass__domain_and_sample__instrument__Agilent-3,structured_vae,zc48__zn16__chem0__ni0__ns0__cond0__ai0__as0__pair0__xrec0__dep0p001__e500,arpls_minmax,1729,81,72,isolated_spikes,1.5,0.015906501329532707,0.007953250664766353,0.18698963978100147,0.7635461298823636,0.00749147821242755,,2.0,0.21517204407955398,0.08585885167121887,0.5066798941798941,0.5260164671929378,1.0,0.0004253991646692157,0.3430555555555555,0.3554458639824493,0.9861111111111112,0.0001369027595501393,0.49001322751322757,0.5017247302961589,1.0,0.00016967869305517524
quality_pass,domain_and_sample,instrument,Agilent-3,locked_domain,domain__quality_pass__domain_and_sample__instrument__Agilent-3,domain__quality_pass__domain_and_sample__instrument__Agilent-3,structured_vae,zc48__zn16__chem0__ni0__ns0__cond0__ai0__as0__pair0__xrec0__dep0p001__e500,arpls_minmax,1729,81,72,edge_filled_shift,0.5,0.015921023983306727,0.007960511991653364,0.18721162011374567,0.7660995326007731,0.007494289326510516,,2.0,0.2293544445232664,0.0905485562980175,0.5585317460317459,0.5835714285714286,0.9166666666666666,0.0018318088259547949,0.3680555555555555,0.38059163059163054,0.9722222222222222,0.00043044405174441636,0.508531746031746,0.5337112622826908,0.9305555555555556,0.0007900032796896994
quality_pass,domain_and_sample,instrument,Agilent-3,locked_domain,domain__quality_pass__domain_and_sample__instrument__Agilent-3,domain__quality_pass__domain_and_sample__instrument__Agilent-3,structured_vae,zc48__zn16__chem0__ni0__ns0__cond0__ai0__as0__pair0__xrec0__dep0p001__e500,arpls_minmax,1729,81,72,edge_filled_shift,1.0,0.015900776966022323,0.007950388483011162,0.18709978872466415,0.7637873002489275,0.0074937821034722595,,2.0,0.25122157620069857,0.0891035320237279,0.5168650793650793,0.5521755368814193,0.9305555555555556,0.00379972904920578,0.3763888888888889,0.388688863079107,0.8888888888888888,0.0010562869720160961,0.5168650793650793,0.541904761904762,0.9722222222222222,0.001832116860896349
quality_pass,domain_and_sample,instrument,Agilent-3,locked_domain,domain__quality_pass__domain_and_sample__instrument__Agilent-3,domain__quality_pass__domain_and_sample__instrument__Agilent-3,structured_vae,zc48__zn16__chem0__ni0__ns0__cond0__ai0__as0__pair0__xrec0__dep0p001__e500,arpls_minmax,1729,81,72,edge_filled_shift,1.5,0.01596873535260279,0.007984367676301394,0.18782532804020466,0.7520926777359347,0.007504653586349568,,2.0,0.2613451232878182,0.08954766765236855,0.43584656084656087,0.46016483516483514,0.8888888888888888,0.005252005532383919,0.34375,0.3309894449996549,0.8194444444444444,0.0011977081885561347,0.39857804232804234,0.4124149659863945,0.8611111111111112,0.0022922796197235584
quality_pass,domain_and_sample,instrument,Agilent-3,locked_domain,domain__quality_pass__domain_and_sample__instrument__Agilent-3,domain__quality_pass__domain_and_sample__instrument__Agilent-3,structured_vae,zc48__zn16__chem0__ni0__ns0__cond0__ai0__as0__pair0__xrec0__dep0p001__e500,arpls_minmax,1729,81,72,gaussian_broadening,0.5,0.015905432479907916,0.007952716239953958,0.18698520926220608,0.7627590537895486,0.007493424608275307,,2.0,0.2222576235800613,0.08477143943309784,0.5066798941798941,0.5260164671929378,1.0,1.0902682561209076e-06,0.3513888888888889,0.36399711399711404,1.0,4.776650257554138e-07,0.49001322751322757,0.5017247302961589,1.0,6.697243861708557e-07
quality_pass,domain_and_sample,instrument,Agilent-3,locked_domain,domain__quality_pass__domain_and_sample__instrument__Agilent-3,domain__quality_pass__domain_and_sample__instrument__Agilent-3,structured_vae,zc48__zn16__chem0__ni0__ns0__cond0__ai0__as0__pair0__xrec0__dep0p001__e500,arpls_minmax,1729,81,72,gaussian_broadening,1.0,0.015914277928020994,0.007957138964010497,0.1870533304151451,0.762495950351507,0.00749405288557601,,2.0,0.22184924368966133,0.08272255258634686,0.5066798941798941,0.5260164671929378,1.0,1.9306109606986865e-05,0.3513888888888889,0.36399711399711404,1.0,8.074774086708203e-06,0.49001322751322757,0.5017247302961589,1.0,1.1546744644874707e-05
quality_pass,domain_and_sample,instrument,Agilent-3,locked_domain,domain__quality_pass__domain_and_sample__instrument__Agilent-3,domain__quality_pass__domain_and_sample__instrument__Agilent-3,structured_vae,zc48__zn16__chem0__ni0__ns0__cond0__ai0__as0__pair0__xrec0__dep0p001__e500,arpls_minmax,1729,81,72,gaussian_broadening,1.5,0.015926267164229027,0.007963133582114514,0.18715832586027525,0.7621564758460327,0.007494566842992466,,2.0,0.22635904430419201,0.08231855975463986,0.5066798941798941,0.5260164671929378,1.0,7.566395652247593e-05,0.3513888888888889,0.36399711399711404,1.0,2.979238888656255e-05,0.49001322751322757,0.5017247302961589,1.0,4.278123378753662e-05
quality_pass,domain_and_sample,instrument,Agilent-3,locked_domain,domain__quality_pass__domain_and_sample__instrument__Agilent-3,domain__quality_pass__domain_and_sample__instrument__Agilent-3,structured_vae,zc48__zn16__chem0__ni0__ns0__cond0__ai0__as0__pair0__xrec0__dep0p001__e500,arpls_minmax,1729,81,72,composite,0.5,0.017998882138396635,0.008999441069198318,0.19656048931708586,0.7673071588449618,0.007837703361944818,,2.0,0.23980810546546633,0.06727883269195445,0.4865079365079365,0.5142857142857142,0.8333333333333334,0.15929535031318665,0.4323412698412698,0.4565696649029983,0.75,0.03842892125248909,0.508234126984127,0.5490299823633157,0.8055555555555556,0.06028551608324051
quality_pass,domain_and_sample,instrument,Agilent-3,locked_domain,domain__quality_pass__domain_and_sample__instrument__Agilent-3,domain__quality_pass__domain_and_sample__instrument__Agilent-3,structured_vae,zc48__zn16__chem0__ni0__ns0__cond0__ai0__as0__pair0__xrec0__dep0p001__e500,arpls_minmax,1729,81,72,composite,1.0,0.02370086193583431,0.011850430967917155,0.21124206837141607,0.7271191666609862,0.008204351481521023,,2.0,0.2592947721014046,0.07463195707311723,0.4055555555555555,0.42105887939221276,0.6944444444444444,0.4033163785934448,0.2888888888888889,0.3365424430641822,0.6527777777777778,0.10894519835710526,0.4251984126984127,0.46534605745132057,0.7083333333333334,0.16215652227401733
quality_pass,domain_and_sample,instrument,Agilent-3,locked_domain,domain__quality_pass__domain_and_sample__instrument__Agilent-3,domain__quality_pass__domain_and_sample__instrument__Agilent-3,structured_vae,zc48__zn16__chem0__ni0__ns0__cond0__ai0__as0__pair0__xrec0__dep0p001__e500,arpls_minmax,1729,81,72,composite,1.5,0.03054046634551033,0.015270233172755165,0.2296985722351644,0.6126689918026625,0.008811274621501278,,2.0,0.26364256661202484,0.08335300930775702,0.2950727513227513,0.3004578448886895,0.5138888888888888,0.5304940938949585,0.39133597883597887,0.42467305693112145,0.5138888888888888,0.1843220442533493,0.41544312169312175,0.4492692492692493,0.5694444444444444,0.2635641098022461
quality_pass,domain_and_sample,instrument,Mira-1,locked_domain,domain__quality_pass__domain_and_sample__instrument__Mira-1,domain__quality_pass__domain_and_sample__instrument__Mira-1,structured_vae,zc48__zn16__chem0__ni0__ns0__cond0__ai0__as0__pair0__xrec0__dep0p001__e500,arpls_minmax,1729,356,21,scale_offset,0.5,0.006641194230486304,0.003320597115243152,0.08705033026899775,0.9508333437156676,0.006467832465322298,,1.0,0.15751020546707944,0.0399878891184926,0.7619047619047619,0.666988727858293,0.9523809523809523,0.02953529916703701,0.6666666666666666,0.5410628019323672,0.9047619047619048,0.05917792022228241,0.7619047619047619,0.666988727858293,1.0,0.03466661646962166
quality_pass,domain_and_sample,instrument,Mira-1,locked_domain,domain__quality_pass__domain_and_sample__instrument__Mira-1,domain__quality_pass__domain_and_sample__instrument__Mira-1,structured_vae,zc48__zn16__chem0__ni0__ns0__cond0__ai0__as0__pair0__xrec0__dep0p001__e500,arpls_minmax,1729,356,21,scale_offset,1.0,0.007588152778925977,0.0037940763894629883,0.10560568219576183,0.9481083113720222,0.006483241992713139,,1.0,0.19090208400106515,0.060317950788885355,0.7619047619047619,0.6892109500805154,0.9047619047619048,0.09112395346164703,0.4444444444444444,0.39291465378421897,0.9047619047619048,0.10561956465244293,0.7619047619047619,0.6892109500805154,0.9523809523809523,0.0991477370262146
quality_pass,domain_and_sample,instrument,Mira-1,locked_domain,domain__quality_pass__domain_and_sample__instrument__Mira-1,domain__quality_pass__domain_and_sample__instrument__Mira-1,structured_vae,zc48__zn16__chem0__ni0__ns0__cond0__ai0__as0__pair0__xrec0__dep0p001__e500,arpls_minmax,1729,356,21,scale_offset,1.5,0.012071684406728537,0.006035842203364269,0.11631884141959523,0.9235139230410313,0.0068766515067793165,,1.5,0.19645383398089541,0.06795110553503036,0.5901875901875901,0.5393939393939394,0.8095238095238095,0.1874888688325882,0.34054834054834054,0.3693121693121693,0.47619047619047616,0.20206201076507568,0.668109668109668,0.65007215007215,0.8095238095238095,0.1753036081790924
quality_pass,domain_and_sample,instrument,Mira-1,locked_domain,domain__quality_pass__domain_and_sample__instrument__Mira-1,domain__quality_pass__domain_and_sample__instrument__Mira-1,structured_vae,zc48__zn16__chem0__ni0__ns0__cond0__ai0__as0__pair0__xrec0__dep0p001__e500,arpls_minmax,1729,356,21,smooth_baseline,0.5,0.004177740188589846,0.002088870094294923,0.08669230491402946,0.9449253301082322,0.006645251711417499,,1.0,0.14694201124385683,0.04683471843600273,0.8571428571428571,0.797979797979798,0.9047619047619048,0.050567377358675,0.5555555555555555,0.4669887278582931,0.9047619047619048,0.07554526627063751,0.8095238095238096,0.7410628019323671,0.9523809523809523,0.06483554095029831
quality_pass,domain_and_sample,instrument,Mira-1,locked_domain,domain__quality_pass__domain_and_sample__instrument__Mira-1,domain__quality_pass__domain_and_sample__instrument__Mira-1,structured_vae,zc48__zn16__chem0__ni0__ns0__cond0__ai0__as0__pair0__xrec0__dep0p001__e500,arpls_minmax,1729,356,21,smooth_baseline,1.0,0.005286249085459666,0.002643124542729833,0.09845684636837221,0.9424948032811034,0.006783961523574702,,1.0,0.15813532695550037,0.05663464963436127,0.6551226551226551,0.6251461988304093,0.7142857142857143,0.11280166357755661,0.5252525252525252,0.43636363636363634,0.8095238095238095,0.13995231688022614,0.7056277056277057,0.6241830065359477,0.6666666666666666,0.14227120578289032
quality_pass,domain_and_sample,instrument,Mira-1,locked_domain,domain__quality_pass__domain_and_sample__instrument__Mira-1,domain__quality_pass__domain_and_sample__instrument__Mira-1,structured_vae,zc48__zn16__chem0__ni0__ns0__cond0__ai0__as0__pair0__xrec0__dep0p001__e500,arpls_minmax,1729,356,21,smooth_baseline,1.5,0.008641841354429337,0.004320920677214669,0.1232584772031275,0.8497787001612115,0.007213286382552446,,1.0,0.17744778567659622,0.06033766642212868,0.6854256854256855,0.6575091575091575,0.7619047619047619,0.29904815554618835,0.6363636363636364,0.48412698412698413,0.8095238095238095,0.18567383289337158,0.7489177489177489,0.6893939393939394,0.7619047619047619,0.2557484209537506
quality_pass,domain_and_sample,instrument,Mira-1,locked_domain,domain__quality_pass__domain_and_sample__instrument__Mira-1,domain__quality_pass__domain_and_sample__instrument__Mira-1,structured_vae,zc48__zn16__chem0__ni0__ns0__cond0__ai0__as0__pair0__xrec0__dep0p001__e500,arpls_minmax,1729,356,21,gaussian_noise,0.5,0.0037365113931846945,0.0018682556965923473,0.07473063226807705,0.956043774454072,0.006475737286641715,,1.0,0.17321295583245203,0.04466130957007408,0.7619047619047619,0.6632996632996633,1.0,0.0003953405830543488,0.6666666666666666,0.5006587615283268,1.0,0.00043897968134842813,0.7619047619047619,0.666988727858293,1.0,0.0003883271128870547
quality_pass,domain_and_sample,instrument,Mira-1,locked_domain,domain__quality_pass__domain_and_sample__instrument__Mira-1,domain__quality_pass__domain_and_sample__instrument__Mira-1,structured_vae,zc48__zn16__chem0__ni0__ns0__cond0__ai0__as0__pair0__xrec0__dep0p001__e500,arpls_minmax,1729,356,21,gaussian_noise,1.0,0.003793032830889658,0.001896516415444829,0.07524999803837153,0.9559804571665079,0.006485577751947709,,1.0,0.1821332090903154,0.03378833178430796,0.7619047619047619,0.6632996632996633,1.0,0.002303160261362791,0.5555555555555555,0.4521739130434783,0.9523809523809523,0.00248981942422688,0.7619047619047619,0.666988727858293,1.0,0.0023672012612223625
quality_pass,domain_and_sample,instrument,Mira-1,locked_domain,domain__quality_pass__domain_and_sample__instrument__Mira-1,domain__quality_pass__domain_and_sample__instrument__Mira-1,structured_vae,zc48__zn16__chem0__ni0__ns0__cond0__ai0__as0__pair0__xrec0__dep0p001__e500,arpls_minmax,1729,356,21,gaussian_noise,1.5,0.003812641143832074,0.001906320571916037,0.07498017719195016,0.9557259005579957,0.00649241030110493,,1.0,0.16331609978697798,0.04882379621267319,0.7316017316017316,0.6322751322751322,0.9523809523809523,0.003402621950954199,0.5555555555555555,0.4669887278582931,0.9047619047619048,0.006616115570068359,0.7619047619047619,0.666988727858293,1.0,0.004370703361928463
quality_pass,domain_and_sample,instrument,Mira-1,locked_domain,domain__quality_pass__domain_and_sample__instrument__Mira-1,domain__quality_pass__domain_and_sample__instrument__Mira-1,structured_vae,zc48__zn16__chem0__ni0__ns0__cond0__ai0__as0__pair0__xrec0__dep0p001__e500,arpls_minmax,1729,356,21,isolated_spikes,0.5,0.0037588537238585746,0.0018794268619292873,0.07470832888224296,0.9553876952222954,0.006466518167208731,,1.5,0.17940458717031293,0.03253814345225692,0.7619047619047619,0.666988727858293,0.9523809523809523,0.0002065811859210953,0.6666666666666666,0.5006587615283268,1.0,0.00016251349006779492,0.7619047619047619,0.666988727858293,1.0,0.00017780916823539883
quality_pass,domain_and_sample,instrument,Mira-1,locked_domain,domain__quality_pass__domain_and_sample__instrument__Mira-1,domain__quality_pass__domain_and_sample__instrument__Mira-1,structured_vae,zc48__zn16__chem0__ni0__ns0__cond0__ai0__as0__pair0__xrec0__dep0p001__e500,arpls_minmax,1729,356,21,isolated_spikes,1.0,0.0037178076938296674,0.0018589038469148337,0.07465414125582198,0.9564695942051918,0.006473598726029227,,1.0,0.1807867395554299,0.03801151365041733,0.7619047619047619,0.666988727858293,0.9523809523809523,0.0012790532782673836,0.6666666666666666,0.5006587615283268,1.0,0.0009197110193781555,0.7619047619047619,0.666988727858293,1.0,0.0010057432809844613
quality_pass,domain_and_sample,instrument,Mira-1,locked_domain,domain__quality_pass__domain_and_sample__instrument__Mira-1,domain__quality_pass__domain_and_sample__instrument__Mira-1,structured_vae,zc48__zn16__chem0__ni0__ns0__cond0__ai0__as0__pair0__xrec0__dep0p001__e500,arpls_minmax,1729,356,21,isolated_spikes,1.5,0.0038365038622849242,0.0019182519311424621,0.07532862147248336,0.9539968249953558,0.006476836588637995,,1.0,0.1686092046500094,0.04441901296377182,0.7619047619047619,0.666988727858293,0.9523809523809523,0.0030855622608214617,0.4444444444444444,0.39291465378421897,0.9047619047619048,0.0033874029759317636,0.8095238095238096,0.7410628019323671,0.9523809523809523,0.0027827932499349117
quality_pass,domain_and_sample,instrument,Mira-1,locked_domain,domain__quality_pass__domain_and_sample__instrument__Mira-1,domain__quality_pass__domain_and_sample__instrument__Mira-1,structured_vae,zc48__zn16__chem0__ni0__ns0__cond0__ai0__as0__pair0__xrec0__dep0p001__e500,arpls_minmax,1729,356,21,edge_filled_shift,0.5,0.003807035212435412,0.001903517606217706,0.07492918936207282,0.9546840691934632,0.0064810868325270235,,1.0,0.1917219587641662,0.0446220338344574,0.7619047619047619,0.666988727858293,0.9523809523809523,0.0012270070146769285,0.6666666666666666,0.5410628019323672,0.9047619047619048,0.005223157815635204,0.7619047619047619,0.666988727858293,1.0,0.0019241741392761469
quality_pass,domain_and_sample,instrument,Mira-1,locked_domain,domain__quality_pass__domain_and_sample__instrument__Mira-1,domain__quality_pass__domain_and_sample__instrument__Mira-1,structured_vae,zc48__zn16__chem0__ni0__ns0__cond0__ai0__as0__pair0__xrec0__dep0p001__e500,arpls_minmax,1729,356,21,edge_filled_shift,1.0,0.003639202305296075,0.0018196011526480376,0.07452903732578077,0.9541078023406888,0.006469008885626918,,1.0,0.1696216500991812,0.04368147999048233,0.7619047619047619,0.666988727858293,0.9523809523809523,0.0017731019761413336,0.5555555555555555,0.47222222222222215,0.8571428571428571,0.003806979861110449,0.7619047619047619,0.666988727858293,1.0,0.0024021181743592024
quality_pass,domain_and_sample,instrument,Mira-1,locked_domain,domain__quality_pass__domain_and_sample__instrument__Mira-1,domain__quality_pass__domain_and_sample__instrument__Mira-1,structured_vae,zc48__zn16__chem0__ni0__ns0__cond0__ai0__as0__pair0__xrec0__dep0p001__e500,arpls_minmax,1729,356,21,edge_filled_shift,1.5,0.0036750551662792417,0.0018375275831396208,0.07527070806761851,0.9534256466375877,0.006482525127767632,,1.5,0.17573035063710735,0.04368147999048233,0.7619047619047619,0.6814814814814815,0.9523809523809523,0.0034843399189412594,0.38383838383838387,0.367965367965368,0.6666666666666666,0.006464376114308834,0.7619047619047619,0.666988727858293,1.0,0.004004282411187887
quality_pass,domain_and_sample,instrument,Mira-1,locked_domain,domain__quality_pass__domain_and_sample__instrument__Mira-1,domain__quality_pass__domain_and_sample__instrument__Mira-1,structured_vae,zc48__zn16__chem0__ni0__ns0__cond0__ai0__as0__pair0__xrec0__dep0p001__e500,arpls_minmax,1729,356,21,gaussian_broadening,0.5,0.003741383161289414,0.001870691580644707,0.07470512727704401,0.955851257913847,0.0064703410110443504,,1.0,0.1800185638785576,0.033385046292096376,0.7619047619047619,0.6632996632996633,1.0,3.377596442533104e-07,0.6666666666666666,0.5006587615283268,1.0,7.975669404913788e-07,0.7619047619047619,0.666988727858293,1.0,4.285857926333847e-07
quality_pass,domain_and_sample,instrument,Mira-1,locked_domain,domain__quality_pass__domain_and_sample__instrument__Mira-1,domain__quality_pass__domain_and_sample__instrument__Mira-1,structured_vae,zc48__zn16__chem0__ni0__ns0__cond0__ai0__as0__pair0__xrec0__dep0p001__e500,arpls_minmax,1729,356,21,gaussian_broadening,1.0,0.003737503845281658,0.001868751922640829,0.07469617279432333,0.9558738316244829,0.006469685104915153,,1.0,0.18070080758146,0.04296897351741791,0.7619047619047619,0.6632996632996633,1.0,6.828989171481226e-06,0.6666666666666666,0.5006587615283268,1.0,1.5060107216413599e-05,0.7619047619047619,0.666988727858293,1.0,8.639834959467407e-06
quality_pass,domain_and_sample,instrument,Mira-1,locked_domain,domain__quality_pass__domain_and_sample__instrument__Mira-1,domain__quality_pass__domain_and_sample__instrument__Mira-1,structured_vae,zc48__zn16__chem0__ni0__ns0__cond0__ai0__as0__pair0__xrec0__dep0p001__e500,arpls_minmax,1729,356,21,gaussian_broadening,1.5,0.003733265575640271,0.0018666327878201355,0.07469559224964861,0.9559141577208279,0.006468878731982494,,1.0,0.17750065378490493,0.04363173991441727,0.7619047619047619,0.6632996632996633,1.0,2.9816514143021777e-05,0.6666666666666666,0.5006587615283268,1.0,6.535223656101152e-05,0.7619047619047619,0.666988727858293,1.0,3.8161164411576465e-05
quality_pass,domain_and_sample,instrument,Mira-1,locked_domain,domain__quality_pass__domain_and_sample__instrument__Mira-1,domain__quality_pass__domain_and_sample__instrument__Mira-1,structured_vae,zc48__zn16__chem0__ni0__ns0__cond0__ai0__as0__pair0__xrec0__dep0p001__e500,arpls_minmax,1729,356,21,composite,0.5,0.006112891772106068,0.003056445886053034,0.09622458112788536,0.9399645494701011,0.006746317843615939,,1.0,0.15896790652474857,0.053198179230093956,0.8095238095238096,0.7333333333333334,0.9523809523809523,0.09008028358221054,0.6666666666666666,0.5006587615283268,1.0,0.0956837460398674,0.8095238095238096,0.7410628019323671,0.9523809523809523,0.08960829675197601
quality_pass,domain_and_sample,instrument,Mira-1,locked_domain,domain__quality_pass__domain_and_sample__instrument__Mira-1,domain__quality_pass__domain_and_sample__instrument__Mira-1,structured_vae,zc48__zn16__chem0__ni0__ns0__cond0__ai0__as0__pair0__xrec0__dep0p001__e500,arpls_minmax,1729,356,21,composite,1.0,0.010184224672089556,0.005092112336044778,0.1140826406148886,0.8692885964734918,0.0069861905100370505,,1.0,0.15763458618810477,0.05292107816785574,0.7157287157287158,0.7303807303807304,0.7142857142857143,0.18250249326229095,0.5555555555555555,0.4669887278582931,0.8095238095238095,0.21953339874744415,0.7792207792207791,0.7215007215007215,0.7619047619047619,0.19763079285621643
quality_pass,domain_and_sample,instrument,Mira-1,locked_domain,domain__quality_pass__domain_and_sample__instrument__Mira-1,domain__quality_pass__domain_and_sample__instrument__Mira-1,structured_vae,zc48__zn16__chem0__ni0__ns0__cond0__ai0__as0__pair0__xrec0__dep0p001__e500,arpls_minmax,1729,356,21,composite,1.5,0.015399361383993462,0.007699680691996731,0.14136677328012115,0.8145439962278486,0.007304315267707463,,1.0,0.1891198651013215,0.054388729855418205,0.6421356421356421,0.6109554933084346,0.5714285714285714,0.3788411617279053,0.404040404040404,0.38344226579520696,0.5714285714285714,0.318993479013443,0.5945165945165946,0.5826330532212886,0.5238095238095238,0.32232677936553955
quality_pass,domain_and_sample,instrument,Mira-2,locked_domain,domain__quality_pass__domain_and_sample__instrument__Mira-2,domain__quality_pass__domain_and_sample__instrument__Mira-2,structured_vae,zc48__zn16__chem0__ni0__ns0__cond0__ai0__as0__pair0__xrec0__dep0p001__e500,arpls_minmax,1729,328,74,scale_offset,0.5,0.018056318277024468,0.009028159138512234,0.1773386385980341,0.7302747745224083,0.0066106793697318185,,2.0,0.3531105429314197,0.08848650194704533,0.0,0.0,0.918918918918919,0.01524918433278799,0.25,0.3333333333333333,0.9324324324324325,0.01131146214902401,0.0,0.0,0.9594594594594594,0.012891897931694984
quality_pass,domain_and_sample,instrument,Mira-2,locked_domain,domain__quality_pass__domain_and_sample__instrument__Mira-2,domain__quality_pass__domain_and_sample__instrument__Mira-2,structured_vae,zc48__zn16__chem0__ni0__ns0__cond0__ai0__as0__pair0__xrec0__dep0p001__e500,arpls_minmax,1729,328,74,scale_offset,1.0,0.022138508521133082,0.011069254260566541,0.1837471178721418,0.6917130197566359,0.006741714912884029,,2.0,0.3497236315441916,0.09972297621425241,0.0,0.0,0.8648648648648649,0.06227634474635124,0.25,0.3333333333333333,0.8783783783783784,0.042994748800992966,0.0,0.0,0.9324324324324325,0.04878609627485275
quality_pass,domain_and_sample,instrument,Mira-2,locked_domain,domain__quality_pass__domain_and_sample__instrument__Mira-2,domain__quality_pass__domain_and_sample__instrument__Mira-2,structured_vae,zc48__zn16__chem0__ni0__ns0__cond0__ai0__as0__pair0__xrec0__dep0p001__e500,arpls_minmax,1729,328,74,scale_offset,1.5,0.02597285595515247,0.012986427977576235,0.1959065917497906,0.6785405080872453,0.006678198377159146,,2.0,0.30842854384028623,0.08564102742820978,0.0,0.0,0.9459459459459459,0.11377901583909988,0.25,0.3333333333333333,0.7837837837837838,0.07720496505498886,0.0,0.0,0.9324324324324325,0.09636752307415009
quality_pass,domain_and_sample,instrument,Mira-2,locked_domain,domain__quality_pass__domain_and_sample__instrument__Mira-2,domain__quality_pass__domain_and_sample__instrument__Mira-2,structured_vae,zc48__zn16__chem0__ni0__ns0__cond0__ai0__as0__pair0__xrec0__dep0p001__e500,arpls_minmax,1729,328,74,smooth_baseline,0.5,0.01684174540128663,0.008420872700643315,0.17205840945056894,0.7336242118959903,0.00678676439801118,,2.0,0.34968882546953317,0.08251586894039065,0.0,0.0,0.7972972972972973,0.04110945761203766,0.25,0.3333333333333333,0.918918918918919,0.04195758327841759,0.0,0.0,0.8783783783783784,0.03786143660545349
quality_pass,domain_and_sample,instrument,Mira-2,locked_domain,domain__quality_pass__domain_and_sample__instrument__Mira-2,domain__quality_pass__domain_and_sample__instrument__Mira-2,structured_vae,zc48__zn16__chem0__ni0__ns0__cond0__ai0__as0__pair0__xrec0__dep0p001__e500,arpls_minmax,1729,328,74,smooth_baseline,1.0,0.019466297707995215,0.009733148853997607,0.17779611179658153,0.6716042754356952,0.007005242780709589,,2.0,0.3195098908783295,0.09500136971473694,0.0,0.0,0.7702702702702703,0.10962089151144028,0.0,0.0,0.7837837837837838,0.09466452896595001,0.0,0.0,0.8243243243243243,0.09816797077655792
quality_pass,domain_and_sample,instrument,Mira-2,locked_domain,domain__quality_pass__domain_and_sample__instrument__Mira-2,domain__quality_pass__domain_and_sample__instrument__Mira-2,structured_vae,zc48__zn16__chem0__ni0__ns0__cond0__ai0__as0__pair0__xrec0__dep0p001__e500,arpls_minmax,1729,328,74,smooth_baseline,1.5,0.02415769246893369,0.012078846234466844,0.18626698714510306,0.6346981531032585,0.0073921679242624164,,2.0,0.3202356805130003,0.10549341514706612,0.0,0.0,0.7567567567567568,0.17580847442150116,0.25,0.25,0.7567567567567568,0.18019969761371613,0.0,0.0,0.7162162162162162,0.16359904408454895
quality_pass,domain_and_sample,instrument,Mira-2,locked_domain,domain__quality_pass__domain_and_sample__instrument__Mira-2,domain__quality_pass__domain_and_sample__instrument__Mira-2,structured_vae,zc48__zn16__chem0__ni0__ns0__cond0__ai0__as0__pair0__xrec0__dep0p001__e500,arpls_minmax,1729,328,74,gaussian_noise,0.5,0.01744345019189669,0.008721725095948344,0.1768174806390646,0.74793986118948,0.006521287334034712,,2.0,0.3583950643239441,0.08579280413687229,0.0,0.0,0.9594594594594594,0.00015928535140119493,0.25,0.3333333333333333,0.9864864864864865,0.00022968891425989568,0.0,0.0,1.0,0.00015766636352054775
quality_pass,domain_and_sample,instrument,Mira-2,locked_domain,domain__quality_pass__domain_and_sample__instrument__Mira-2,domain__quality_pass__domain_and_sample__instrument__Mira-2,structured_vae,zc48__zn16__chem0__ni0__ns0__cond0__ai0__as0__pair0__xrec0__dep0p001__e500,arpls_minmax,1729,328,74,gaussian_noise,1.0,0.01733749769092983,0.008668748845464916,0.1760593770045316,0.7432946079344165,0.006534177955000168,,2.0,0.35917401058589793,0.08491649013012648,0.0,0.0,0.9324324324324325,0.0009581559570506215,0.25,0.3333333333333333,0.972972972972973,0.0008990748319774866,0.0,0.0,0.9594594594594594,0.0008065933943726122
quality_pass,domain_and_sample,instrument,Mira-2,locked_domain,domain__quality_pass__domain_and_sample__instrument__Mira-2,domain__quality_pass__domain_and_sample__instrument__Mira-2,structured_vae,zc48__zn16__chem0__ni0__ns0__cond0__ai0__as0__pair0__xrec0__dep0p001__e500,arpls_minmax,1729,328,74,gaussian_noise,1.5,0.01730658567645903,0.008653292838229515,0.1758303204713889,0.7524901638835857,0.006554694448844897,,2.0,0.3265291173391638,0.0933132516220212,0.0,0.0,0.9459459459459459,0.0023991288617253304,0.25,0.3333333333333333,0.9459459459459459,0.002602681051939726,0.0,0.0,0.9864864864864865,0.0021201162599027157
quality_pass,domain_and_sample,instrument,Mira-2,locked_domain,domain__quality_pass__domain_and_sample__instrument__Mira-2,domain__quality_pass__domain_and_sample__instrument__Mira-2,structured_vae,zc48__zn16__chem0__ni0__ns0__cond0__ai0__as0__pair0__xrec0__dep0p001__e500,arpls_minmax,1729,328,74,isolated_spikes,0.5,0.01740738017410718,0.00870369008705359,0.17658798188845165,0.7461952204362196,0.006529289914507749,,2.0,0.36144663623310525,0.09235692396759987,0.0,0.0,1.0,5.05648749822285e-05,0.25,0.3333333333333333,1.0,5.991716534481384e-05,0.0,0.0,1.0,4.908442497253418e-05
quality_pass,domain_and_sample,instrument,Mira-2,locked_domain,domain__quality_pass__domain_and_sample__instrument__Mira-2,domain__quality_pass__domain_and_sample__instrument__Mira-2,structured_vae,zc48__zn16__chem0__ni0__ns0__cond0__ai0__as0__pair0__xrec0__dep0p001__e500,arpls_minmax,1729,328,74,isolated_spikes,1.0,0.017407212633889863,0.008703606316944931,0.17661907843161484,0.7461687767027613,0.006532746954666046,,2.0,0.3687119520875233,0.09494142420589924,0.0,0.0,0.9459459459459459,0.00028151675360277295,0.25,0.3333333333333333,0.9594594594594594,0.00031909989775158465,0.0,0.0,0.9864864864864865,0.0002687516971491277
quality_pass,domain_and_sample,instrument,Mira-2,locked_domain,domain__quality_pass__domain_and_sample__instrument__Mira-2,domain__quality_pass__domain_and_sample__instrument__Mira-2,structured_vae,zc48__zn16__chem0__ni0__ns0__cond0__ai0__as0__pair0__xrec0__dep0p001__e500,arpls_minmax,1729,328,74,isolated_spikes,1.5,0.01744538417345135,0.008722692086725674,0.1768363583568717,0.745504785757445,0.006535718854140765,,2.0,0.37544451229037107,0.09261292219161987,0.0,0.0,0.972972972972973,0.0005351449945010245,0.25,0.3333333333333333,0.9594594594594594,0.0005878088995814323,0.0,0.0,0.972972972972973,0.000507297576405108
quality_pass,domain_and_sample,instrument,Mira-2,locked_domain,domain__quality_pass__domain_and_sample__instrument__Mira-2,domain__quality_pass__domain_and_sample__instrument__Mira-2,structured_vae,zc48__zn16__chem0__ni0__ns0__cond0__ai0__as0__pair0__xrec0__dep0p001__e500,arpls_minmax,1729,328,74,edge_filled_shift,0.5,0.01736388098693605,0.008681940493468024,0.17639485469265404,0.747664954611428,0.006523895649006292,,2.0,0.3220731431805534,0.09423651453107595,0.0,0.0,0.9594594594594594,0.0012350485194474459,0.25,0.3333333333333333,0.972972972972973,0.0008151684305630624,0.0,0.0,1.0,0.0011091852793470025
quality_pass,domain_and_sample,instrument,Mira-2,locked_domain,domain__quality_pass__domain_and_sample__instrument__Mira-2,domain__quality_pass__domain_and_sample__instrument__Mira-2,structured_vae,zc48__zn16__chem0__ni0__ns0__cond0__ai0__as0__pair0__xrec0__dep0p001__e500,arpls_minmax,1729,328,74,edge_filled_shift,1.0,0.01731062103832484,0.00865531051916242,0.1764358486080186,0.7478582682892034,0.006538362572545282,,2.0,0.3487408461427701,0.0928538991138339,0.0,0.0,0.8513513513513513,0.002471588784828782,0.25,0.3333333333333333,0.9594594594594594,0.0017499771201983094,0.0,0.0,0.9864864864864865,0.0022373110987246037
quality_pass,domain_and_sample,instrument,Mira-2,locked_domain,domain__quality_pass__domain_and_sample__instrument__Mira-2,domain__quality_pass__domain_and_sample__instrument__Mira-2,structured_vae,zc48__zn16__chem0__ni0__ns0__cond0__ai0__as0__pair0__xrec0__dep0p001__e500,arpls_minmax,1729,328,74,edge_filled_shift,1.5,0.017329680962056067,0.008664840481028033,0.17601341837392356,0.7436515872293868,0.006513879941502616,,2.0,0.33964577948065355,0.091652677860111,0.0,0.0,0.9459459459459459,0.003597696777433157,0.25,0.3333333333333333,0.9054054054054054,0.002591313561424613,0.0,0.0,0.9459459459459459,0.003115403465926647
quality_pass,domain_and_sample,instrument,Mira-2,locked_domain,domain__quality_pass__domain_and_sample__instrument__Mira-2,domain__quality_pass__domain_and_sample__instrument__Mira-2,structured_vae,zc48__zn16__chem0__ni0__ns0__cond0__ai0__as0__pair0__xrec0__dep0p001__e500,arpls_minmax,1729,328,74,gaussian_broadening,0.5,0.017415967742383746,0.008707983871191873,0.1766788067144652,0.7471807645445122,0.006525112292653591,,2.0,0.36088566518837767,0.09177711978554726,0.0,0.0,1.0,1.1598741878060537e-07,0.25,0.3333333333333333,1.0,1.0712726350448065e-07,0.0,0.0,1.0,8.860149591782829e-08
quality_pass,domain_and_sample,instrument,Mira-2,locked_domain,domain__quality_pass__domain_and_sample__instrument__Mira-2,domain__quality_pass__domain_and_sample__instrument__Mira-2,structured_vae,zc48__zn16__chem0__ni0__ns0__cond0__ai0__as0__pair0__xrec0__dep0p001__e500,arpls_minmax,1729,328,74,gaussian_broadening,1.0,0.017414444487378476,0.008707222243689238,0.17668677851323408,0.7471835243374535,0.006523871486719563,,2.0,0.360120852659396,0.09192198142409325,0.0,0.0,1.0,2.3664654236199567e-06,0.25,0.3333333333333333,0.9864864864864865,2.115964889526367e-06,0.0,0.0,1.0,2.0338070498837624e-06
quality_pass,domain_and_sample,instrument,Mira-2,locked_domain,domain__quality_pass__domain_and_sample__instrument__Mira-2,domain__quality_pass__domain_and_sample__instrument__Mira-2,structured_vae,zc48__zn16__chem0__ni0__ns0__cond0__ai0__as0__pair0__xrec0__dep0p001__e500,arpls_minmax,1729,328,74,gaussian_broadening,1.5,0.017412659478043886,0.008706329739021943,0.17669946159947694,0.7471493539355181,0.006522006234157317,,2.0,0.35857960189951366,0.09218056872487068,0.0,0.0,0.9864864864864865,1.1076798728026915e-05,0.25,0.3333333333333333,0.9864864864864865,9.468278221902438e-06,0.0,0.0,1.0,9.36276228458155e-06
quality_pass,domain_and_sample,instrument,Mira-2,locked_domain,domain__quality_pass__domain_and_sample__instrument__Mira-2,domain__quality_pass__domain_and_sample__instrument__Mira-2,structured_vae,zc48__zn16__chem0__ni0__ns0__cond0__ai0__as0__pair0__xrec0__dep0p001__e500,arpls_minmax,1729,328,74,composite,0.5,0.018811319589214247,0.009405659794607123,0.17652829132971098,0.7234942350676441,0.0069198107773476986,,2.0,0.3550435519546513,0.08222783636301756,0.0,0.0,0.7972972972972973,0.05874441936612129,0.25,0.3333333333333333,0.8918918918918919,0.04720165953040123,0.0,0.0,0.7972972972972973,0.0509461909532547
quality_pass,domain_and_sample,instrument,Mira-2,locked_domain,domain__quality_pass__domain_and_sample__instrument__Mira-2,domain__quality_pass__domain_and_sample__instrument__Mira-2,structured_vae,zc48__zn16__chem0__ni0__ns0__cond0__ai0__as0__pair0__xrec0__dep0p001__e500,arpls_minmax,1729,328,74,composite,1.0,0.024768177966803702,0.012384088983401851,0.19039987069284564,0.6383322545990073,0.0071075596793404834,,2.25,0.3980200127484634,0.10964082204736769,0.0,0.0,0.7702702702702703,0.1605032980442047,0.0,0.0,0.8243243243243243,0.11694138497114182,0.0,0.0,0.6891891891891891,0.1302725374698639
quality_pass,domain_and_sample,instrument,Mira-2,locked_domain,domain__quality_pass__domain_and_sample__instrument__Mira-2,domain__quality_pass__domain_and_sample__instrument__Mira-2,structured_vae,zc48__zn16__chem0__ni0__ns0__cond0__ai0__as0__pair0__xrec0__dep0p001__e500,arpls_minmax,1729,328,74,composite,1.5,0.036094232515192656,0.018047116257596328,0.20261198543843933,0.5896391265989707,0.007508606592372309,,2.0,0.43494849542553066,0.09985852404497564,0.0,0.0,0.7567567567567568,0.239720419049263,0.5,0.5,0.6756756756756757,0.21664375066757202,0.0,0.0,0.7027027027027027,0.2128218114376068
quality_pass,domain_and_sample,instrument,Mira-3,locked_domain,domain__quality_pass__domain_and_sample__instrument__Mira-3,domain__quality_pass__domain_and_sample__instrument__Mira-3,structured_vae,zc48__zn16__chem0__ni0__ns0__cond0__ai0__as0__pair0__xrec0__dep0p001__e500,arpls_minmax,1729,315,71,scale_offset,0.5,0.008967102024083058,0.004483551012041529,0.07491351352386516,0.9236348561104851,0.006958179511740481,,2.0,0.24509463989576236,0.05838412791490555,0.37625,0.5328282828282829,0.8732394366197183,0.02262199856340885,0.2225,0.35353535353535354,0.9014084507042254,0.015542705543339252,0.50125,0.6517094017094017,0.8873239436619719,0.017440402880311012
quality_pass,domain_and_sample,instrument,Mira-3,locked_domain,domain__quality_pass__domain_and_sample__instrument__Mira-3,domain__quality_pass__domain_and_sample__instrument__Mira-3,structured_vae,zc48__zn16__chem0__ni0__ns0__cond0__ai0__as0__pair0__xrec0__dep0p001__e500,arpls_minmax,1729,315,71,scale_offset,1.0,0.011714355861554997,0.005857177930777498,0.08932934046649481,0.9155922937962564,0.007203878610556168,,2.0,0.27908029563509257,0.059296105057001114,0.4075,0.5664251207729469,0.704225352112676,0.0835513025522232,0.305,0.4647058823529412,0.8028169014084507,0.0566926933825016,0.4925,0.6350762527233116,0.7183098591549296,0.06591520458459854
quality_pass,domain_and_sample,instrument,Mira-3,locked_domain,domain__quality_pass__domain_and_sample__instrument__Mira-3,domain__quality_pass__domain_and_sample__instrument__Mira-3,structured_vae,zc48__zn16__chem0__ni0__ns0__cond0__ai0__as0__pair0__xrec0__dep0p001__e500,arpls_minmax,1729,315,71,scale_offset,1.5,0.017653897857239347,0.008826948928619674,0.10367657645920653,0.9186634186567039,0.007125553481214602,,2.0,0.27017549882926306,0.07214220054447651,0.2875,0.39743589743589747,0.5070422535211268,0.15292148292064667,0.1825,0.3046594982078853,0.6901408450704225,0.08399122208356857,0.37,0.5268817204301075,0.6197183098591549,0.1215420588850975
quality_pass,domain_and_sample,instrument,Mira-3,locked_domain,domain__quality_pass__domain_and_sample__instrument__Mira-3,domain__quality_pass__domain_and_sample__instrument__Mira-3,structured_vae,zc48__zn16__chem0__ni0__ns0__cond0__ai0__as0__pair0__xrec0__dep0p001__e500,arpls_minmax,1729,315,71,smooth_baseline,0.5,0.007841881182792018,0.003920940591396009,0.07456163986893984,0.9258268926063217,0.0072204507092072,,2.0,0.29993044144558456,0.05492143891751766,0.33375,0.4822190611664296,0.7323943661971831,0.022537503391504288,0.1825,0.3046594982078853,0.8873239436619719,0.030800947919487953,0.48125,0.6190476190476191,0.9014084507042254,0.023186227306723595
quality_pass,domain_and_sample,instrument,Mira-3,locked_domain,domain__quality_pass__domain_and_sample__instrument__Mira-3,domain__quality_pass__domain_and_sample__instrument__Mira-3,structured_vae,zc48__zn16__chem0__ni0__ns0__cond0__ai0__as0__pair0__xrec0__dep0p001__e500,arpls_minmax,1729,315,71,smooth_baseline,1.0,0.008921736428036873,0.004460868214018436,0.08237784112110533,0.9175553173717352,0.007484389819998485,,2.0,0.2866811461201892,0.05732391029596329,0.365,0.5243243243243243,0.647887323943662,0.05787556618452072,0.21375,0.35144312393887944,0.8028169014084507,0.0817708745598793,0.31625000000000003,0.4598155467720685,0.8028169014084507,0.062104444950819016
quality_pass,domain_and_sample,instrument,Mira-3,locked_domain,domain__quality_pass__domain_and_sample__instrument__Mira-3,domain__quality_pass__domain_and_sample__instrument__Mira-3,structured_vae,zc48__zn16__chem0__ni0__ns0__cond0__ai0__as0__pair0__xrec0__dep0p001__e500,arpls_minmax,1729,315,71,smooth_baseline,1.5,0.010391132462782176,0.005195566231391088,0.09038001085276948,0.9115245267920701,0.007825387656359208,,2.0,0.27283071538807907,0.05952757969498634,0.2425,0.3758169934640523,0.5070422535211268,0.08913504332304001,0.1625,0.2777777777777778,0.7746478873239436,0.13604211807250977,0.25625,0.40476190476190477,0.6901408450704225,0.10069246590137482
quality_pass,domain_and_sample,instrument,Mira-3,locked_domain,domain__quality_pass__domain_and_sample__instrument__Mira-3,domain__quality_pass__domain_and_sample__instrument__Mira-3,structured_vae,zc48__zn16__chem0__ni0__ns0__cond0__ai0__as0__pair0__xrec0__dep0p001__e500,arpls_minmax,1729,315,71,gaussian_noise,0.5,0.007348921760491527,0.0036744608802457635,0.06894496364868512,0.9251939414128454,0.007005533982959773,,2.0,0.2439694961272787,0.05744545871857554,0.39625,0.5624195624195625,0.971830985915493,0.0001918757479870692,0.2225,0.35353535353535354,0.971830985915493,0.00024883091100491583,0.49,0.6443243243243244,0.9859154929577465,0.00018473829550202936
quality_pass,domain_and_sample,instrument,Mira-3,locked_domain,domain__quality_pass__domain_and_sample__instrument__Mira-3,domain__quality_pass__domain_and_sample__instrument__Mira-3,structured_vae,zc48__zn16__chem0__ni0__ns0__cond0__ai0__as0__pair0__xrec0__dep0p001__e500,arpls_minmax,1729,315,71,gaussian_noise,1.0,0.00737713135221418,0.00368856567610709,0.06935973752792302,0.926324369797604,0.0070233432566004245,,2.0,0.23823602016842638,0.05482204258441925,0.39625,0.5624195624195625,0.9295774647887324,0.0006452144007198513,0.2425,0.3758169934640523,0.9859154929577465,0.0009798575192689896,0.49,0.6443243243243244,0.9859154929577465,0.0006952394614927471
quality_pass,domain_and_sample,instrument,Mira-3,locked_domain,domain__quality_pass__domain_and_sample__instrument__Mira-3,domain__quality_pass__domain_and_sample__instrument__Mira-3,structured_vae,zc48__zn16__chem0__ni0__ns0__cond0__ai0__as0__pair0__xrec0__dep0p001__e500,arpls_minmax,1729,315,71,gaussian_noise,1.5,0.007349308491622776,0.003674654245811388,0.06951538886436,0.9268649451829767,0.00704522425433364,,2.0,0.2529822798378486,0.059281717985868454,0.39625,0.5624195624195625,0.9154929577464789,0.0016618504887446761,0.2425,0.3758169934640523,0.9295774647887324,0.002538135275244713,0.49,0.6443243243243244,0.9577464788732394,0.0017973041394725442
quality_pass,domain_and_sample,instrument,Mira-3,locked_domain,domain__quality_pass__domain_and_sample__instrument__Mira-3,domain__quality_pass__domain_and_sample__instrument__Mira-3,structured_vae,zc48__zn16__chem0__ni0__ns0__cond0__ai0__as0__pair0__xrec0__dep0p001__e500,arpls_minmax,1729,315,71,isolated_spikes,0.5,0.007363887542687119,0.0036819437713435594,0.06912326034024682,0.9245691670911367,0.007000820504167413,,2.0,0.2569301759360806,0.058100099791772664,0.39625,0.5624195624195625,0.9859154929577465,0.00017654895782470703,0.2425,0.3758169934640523,0.971830985915493,0.00018240280041936785,0.49,0.6443243243243244,1.0,0.00014804114471189678
quality_pass,domain_and_sample,instrument,Mira-3,locked_domain,domain__quality_pass__domain_and_sample__instrument__Mira-3,domain__quality_pass__domain_and_sample__instrument__Mira-3,structured_vae,zc48__zn16__chem0__ni0__ns0__cond0__ai0__as0__pair0__xrec0__dep0p001__e500,arpls_minmax,1729,315,71,isolated_spikes,1.0,0.007360403627547373,0.0036802018137736866,0.06917906103003406,0.9248281796867974,0.007003754972186944,,2.0,0.24653298182886357,0.05445093289017677,0.39625,0.5624195624195625,0.9577464788732394,0.0005819352809339762,0.2625,0.3968253968253968,0.971830985915493,0.0007081460207700729,0.49,0.6443243243243244,0.9859154929577465,0.0005352774169296026
quality_pass,domain_and_sample,instrument,Mira-3,locked_domain,domain__quality_pass__domain_and_sample__instrument__Mira-3,domain__quality_pass__domain_and_sample__instrument__Mira-3,structured_vae,zc48__zn16__chem0__ni0__ns0__cond0__ai0__as0__pair0__xrec0__dep0p001__e500,arpls_minmax,1729,315,71,isolated_spikes,1.5,0.007406785982839677,0.0037033929914198384,0.06962427975315787,0.9254737945680165,0.00700899518515923,,2.0,0.2380510257385769,0.05845196172595024,0.37625,0.5436507936507937,0.8732394366197183,0.0013326440239325166,0.2025,0.3298611111111111,0.9295774647887324,0.0017995565431192517,0.49,0.6443243243243244,0.9577464788732394,0.001425722148269415
quality_pass,domain_and_sample,instrument,Mira-3,locked_domain,domain__quality_pass__domain_and_sample__instrument__Mira-3,domain__quality_pass__domain_and_sample__instrument__Mira-3,structured_vae,zc48__zn16__chem0__ni0__ns0__cond0__ai0__as0__pair0__xrec0__dep0p001__e500,arpls_minmax,1729,315,71,edge_filled_shift,0.5,0.0073719752318711015,0.0036859876159355508,0.06901048244287779,0.924634304498842,0.007004593584386666,,2.0,0.25256388359413323,0.049890615278854966,0.325,0.4857142857142857,0.8732394366197183,0.0019640829414129257,0.29375,0.44360902255639095,0.9014084507042254,0.0029230958316475153,0.47,0.6132478632478633,0.971830985915493,0.002357590477913618
quality_pass,domain_and_sample,instrument,Mira-3,locked_domain,domain__quality_pass__domain_and_sample__instrument__Mira-3,domain__quality_pass__domain_and_sample__instrument__Mira-3,structured_vae,zc48__zn16__chem0__ni0__ns0__cond0__ai0__as0__pair0__xrec0__dep0p001__e500,arpls_minmax,1729,315,71,edge_filled_shift,1.0,0.0074045693664733115,0.0037022846832366558,0.0696260382272872,0.9246241648351727,0.006995060240800634,,2.0,0.2532993409452464,0.05842834711074829,0.345,0.5055555555555555,0.9014084507042254,0.0031234186608344316,0.2625,0.3968253968253968,0.8873239436619719,0.00414437148720026,0.47,0.6255555555555556,0.9436619718309859,0.0036617356818169355
quality_pass,domain_and_sample,instrument,Mira-3,locked_domain,domain__quality_pass__domain_and_sample__instrument__Mira-3,domain__quality_pass__domain_and_sample__instrument__Mira-3,structured_vae,zc48__zn16__chem0__ni0__ns0__cond0__ai0__as0__pair0__xrec0__dep0p001__e500,arpls_minmax,1729,315,71,edge_filled_shift,1.5,0.007488935992806387,0.0037444679964031935,0.06984894250812197,0.924977722029532,0.007005295496065724,,2.0,0.2612539426216485,0.05536578595638275,0.325,0.4857142857142857,0.8309859154929577,0.004920820239931345,0.3025,0.43543543543543545,0.8732394366197183,0.009255273267626762,0.44125000000000003,0.5638528138528138,0.8450704225352113,0.006600461434572935
quality_pass,domain_and_sample,instrument,Mira-3,locked_domain,domain__quality_pass__domain_and_sample__instrument__Mira-3,domain__quality_pass__domain_and_sample__instrument__Mira-3,structured_vae,zc48__zn16__chem0__ni0__ns0__cond0__ai0__as0__pair0__xrec0__dep0p001__e500,arpls_minmax,1729,315,71,gaussian_broadening,0.5,0.007355117867001941,0.0036775589335009706,0.06897587104386574,0.9244522074270827,0.006994823060730644,,2.0,0.24621652223023943,0.05740390717983246,0.39625,0.5624195624195625,1.0,4.97824714784656e-07,0.2425,0.3758169934640523,1.0,4.827136876883742e-07,0.49,0.6443243243243244,1.0,3.878499512666167e-07
quality_pass,domain_and_sample,instrument,Mira-3,locked_domain,domain__quality_pass__domain_and_sample__instrument__Mira-3,domain__quality_pass__domain_and_sample__instrument__Mira-3,structured_vae,zc48__zn16__chem0__ni0__ns0__cond0__ai0__as0__pair0__xrec0__dep0p001__e500,arpls_minmax,1729,315,71,gaussian_broadening,1.0,0.0073500631612912724,0.0036750315806456362,0.06892611379233524,0.925019668881786,0.006992689844805031,,2.0,0.24606563702595174,0.05754273757338524,0.39625,0.5624195624195625,1.0,9.92879085970344e-06,0.2425,0.3758169934640523,1.0,9.63244656304596e-06,0.49,0.6443243243243244,1.0,7.871170964790508e-06
quality_pass,domain_and_sample,instrument,Mira-3,locked_domain,domain__quality_pass__domain_and_sample__instrument__Mira-3,domain__quality_pass__domain_and_sample__instrument__Mira-3,structured_vae,zc48__zn16__chem0__ni0__ns0__cond0__ai0__as0__pair0__xrec0__dep0p001__e500,arpls_minmax,1729,315,71,gaussian_broadening,1.5,0.007341775901468682,0.003670887950734341,0.06885414697209771,0.9263449152585095,0.006989944978337424,,2.0,0.24718255406640038,0.05907370708882809,0.39625,0.5624195624195625,0.9859154929577465,4.664105290430598e-05,0.2425,0.3758169934640523,1.0,4.310842996346764e-05,0.49,0.6443243243243244,1.0,3.5897108318749815e-05
quality_pass,domain_and_sample,instrument,Mira-3,locked_domain,domain__quality_pass__domain_and_sample__instrument__Mira-3,domain__quality_pass__domain_and_sample__instrument__Mira-3,structured_vae,zc48__zn16__chem0__ni0__ns0__cond0__ai0__as0__pair0__xrec0__dep0p001__e500,arpls_minmax,1729,315,71,composite,0.5,0.009269005852004795,0.004634502926002398,0.07859410330952307,0.9231644015257952,0.007257896174708895,,2.0,0.2592945001219249,0.06463096477091312,0.25375000000000003,0.4003189792663477,0.6619718309859155,0.040883660316467285,0.2625,0.3968253968253968,0.8873239436619719,0.04005088284611702,0.35875,0.5104166666666667,0.8028169014084507,0.03686454892158508
quality_pass,domain_and_sample,instrument,Mira-3,locked_domain,domain__quality_pass__domain_and_sample__instrument__Mira-3,domain__quality_pass__domain_and_sample__instrument__Mira-3,structured_vae,zc48__zn16__chem0__ni0__ns0__cond0__ai0__as0__pair0__xrec0__dep0p001__e500,arpls_minmax,1729,315,71,composite,1.0,0.013462056743200834,0.006731028371600417,0.09679273363504058,0.9100262844745726,0.007675577673939815,,2.0,0.2862052900474169,0.06367360055446625,0.21375,0.34539473684210525,0.49295774647887325,0.09717916697263718,0.2025,0.3298611111111111,0.8450704225352113,0.10518784075975418,0.15375,0.2650375939849624,0.5352112676056338,0.09306089580059052
quality_pass,domain_and_sample,instrument,Mira-3,locked_domain,domain__quality_pass__domain_and_sample__instrument__Mira-3,domain__quality_pass__domain_and_sample__instrument__Mira-3,structured_vae,zc48__zn16__chem0__ni0__ns0__cond0__ai0__as0__pair0__xrec0__dep0p001__e500,arpls_minmax,1729,315,71,composite,1.5,0.01778089763839187,0.008890448819195935,0.10313630051607942,0.8953578853570174,0.00804380529988786,,2.0,0.3323314951225483,0.08773764967918396,0.14,0.21875,0.39436619718309857,0.14516645669937134,0.14250000000000002,0.24904214559386972,0.7464788732394366,0.19198103249073029,0.14250000000000002,0.24319419237749546,0.6197183098591549,0.15914876759052277
quality_pass,domain_and_sample,instrument,Pendar-1,locked_domain,domain__quality_pass__domain_and_sample__instrument__Pendar-1,domain__quality_pass__domain_and_sample__instrument__Pendar-1,structured_vae,zc48__zn16__chem0__ni0__ns0__cond0__ai0__as0__pair0__xrec0__dep0p001__e500,arpls_minmax,1729,311,40,scale_offset,0.5,0.008208107784036255,0.004104053892018128,0.09211794350544655,0.878748246744933,0.02541340316407343,,2.0,1.0669938253094413,0.09043638780713081,0.6904761904761905,0.7696078431372549,0.95,0.043051209300756454,0.7658730158730158,0.8357487922705313,0.925,0.02834213897585869,0.8373015873015872,0.9105882352941177,0.95,0.026111161336302757
quality_pass,domain_and_sample,instrument,Pendar-1,locked_domain,domain__quality_pass__domain_and_sample__instrument__Pendar-1,domain__quality_pass__domain_and_sample__instrument__Pendar-1,structured_vae,zc48__zn16__chem0__ni0__ns0__cond0__ai0__as0__pair0__xrec0__dep0p001__e500,arpls_minmax,1729,311,40,scale_offset,1.0,0.012000650429302373,0.0060003252146511865,0.10686107141152443,0.8589011879780399,0.025413842022957767,,2.0,1.1929372524087216,0.0898452881956473,0.6349206349206349,0.7291666666666667,0.85,0.1151321530342102,0.6904761904761905,0.8166666666666667,0.875,0.08362972736358643,0.746031746031746,0.8284313725490196,0.875,0.08294796198606491
quality_pass,domain_and_sample,instrument,Pendar-1,locked_domain,domain__quality_pass__domain_and_sample__instrument__Pendar-1,domain__quality_pass__domain_and_sample__instrument__Pendar-1,structured_vae,zc48__zn16__chem0__ni0__ns0__cond0__ai0__as0__pair0__xrec0__dep0p001__e500,arpls_minmax,1729,311,40,scale_offset,1.5,0.018034431984065083,0.009017215992032541,0.11278892881718287,0.8452842892603143,0.025533877427388413,,2.0,1.1234501523483398,0.08698268514126539,0.5992063492063493,0.7038043478260869,0.775,0.20286090672016144,0.7658730158730158,0.8357487922705313,0.75,0.18487343192100525,0.7658730158730158,0.8357487922705313,0.85,0.1706870049238205
quality_pass,domain_and_sample,instrument,Pendar-1,locked_domain,domain__quality_pass__domain_and_sample__instrument__Pendar-1,domain__quality_pass__domain_and_sample__instrument__Pendar-1,structured_vae,zc48__zn16__chem0__ni0__ns0__cond0__ai0__as0__pair0__xrec0__dep0p001__e500,arpls_minmax,1729,311,40,smooth_baseline,0.5,0.008562447929486326,0.004281223964743163,0.09258087806163842,0.8609651068733508,0.0254221507437995,,2.0,0.8790986244928647,0.07617274299263954,0.6150793650793651,0.7476923076923077,0.9,0.04705360531806946,0.8174603174603174,0.8990384615384616,0.925,0.05460226535797119,0.6904761904761905,0.7916666666666667,0.85,0.04755750671029091
quality_pass,domain_and_sample,instrument,Pendar-1,locked_domain,domain__quality_pass__domain_and_sample__instrument__Pendar-1,domain__quality_pass__domain_and_sample__instrument__Pendar-1,structured_vae,zc48__zn16__chem0__ni0__ns0__cond0__ai0__as0__pair0__xrec0__dep0p001__e500,arpls_minmax,1729,311,40,smooth_baseline,1.0,0.010056771672237388,0.005028385836118694,0.09954333674517492,0.8444523790976475,0.025548797757256565,,2.0,1.0256999016844561,0.09639664459973574,0.503968253968254,0.6218181818181818,0.8,0.12123031914234161,0.7817460317460317,0.851764705882353,0.825,0.13543228805065155,0.6150793650793651,0.7476923076923077,0.85,0.12537279725074768
quality_pass,domain_and_sample,instrument,Pendar-1,locked_domain,domain__quality_pass__domain_and_sample__instrument__Pendar-1,domain__quality_pass__domain_and_sample__instrument__Pendar-1,structured_vae,zc48__zn16__chem0__ni0__ns0__cond0__ai0__as0__pair0__xrec0__dep0p001__e500,arpls_minmax,1729,311,40,smooth_baseline,1.5,0.012854275239059076,0.006427137619529538,0.10979906733268723,0.7951962917465738,0.025756415320108823,,2.0,1.2743984847175747,0.0901192594319582,0.39285714285714285,0.4230769230769231,0.65,0.19379830360412598,0.8174603174603174,0.8990384615384616,0.775,0.22420406341552734,0.5238095238095238,0.6666666666666667,0.725,0.21236006915569305
quality_pass,domain_and_sample,instrument,Pendar-1,locked_domain,domain__quality_pass__domain_and_sample__instrument__Pendar-1,domain__quality_pass__domain_and_sample__instrument__Pendar-1,structured_vae,zc48__zn16__chem0__ni0__ns0__cond0__ai0__as0__pair0__xrec0__dep0p001__e500,arpls_minmax,1729,311,40,gaussian_noise,0.5,0.007326638069006919,0.0036633190345034595,0.08601329805666706,0.872040122288203,0.025371363506221944,,2.0,1.0817116890633391,0.08077640272676945,0.7261904761904762,0.815,1.0,0.0003331094922032207,0.7817460317460317,0.8775,0.975,0.0004951506853103638,0.8373015873015872,0.9105882352941177,1.0,0.00032816678867675364
quality_pass,domain_and_sample,instrument,Pendar-1,locked_domain,domain__quality_pass__domain_and_sample__instrument__Pendar-1,domain__quality_pass__domain_and_sample__instrument__Pendar-1,structured_vae,zc48__zn16__chem0__ni0__ns0__cond0__ai0__as0__pair0__xrec0__dep0p001__e500,arpls_minmax,1729,311,40,gaussian_noise,1.0,0.007355398644698856,0.003677699322349428,0.0859172415326871,0.8711706496666127,0.025380434316468498,,2.0,1.098929185650422,0.08197401836514473,0.7261904761904762,0.815,1.0,0.0013197064399719238,0.8373015873015872,0.9105882352941177,0.975,0.0021635754965245724,0.8373015873015872,0.9105882352941177,0.95,0.001346179866231978
quality_pass,domain_and_sample,instrument,Pendar-1,locked_domain,domain__quality_pass__domain_and_sample__instrument__Pendar-1,domain__quality_pass__domain_and_sample__instrument__Pendar-1,structured_vae,zc48__zn16__chem0__ni0__ns0__cond0__ai0__as0__pair0__xrec0__dep0p001__e500,arpls_minmax,1729,311,40,gaussian_noise,1.5,0.007370540234976466,0.003685270117488233,0.08585676561576734,0.8706937909871278,0.02538470891996763,,2.0,0.9824301417451852,0.07720296829938889,0.7261904761904762,0.815,0.975,0.0029433430172502995,0.7817460317460317,0.8775,1.0,0.003941832575947046,0.8373015873015872,0.8844444444444444,0.9,0.002786308526992798
quality_pass,domain_and_sample,instrument,Pendar-1,locked_domain,domain__quality_pass__domain_and_sample__instrument__Pendar-1,domain__quality_pass__domain_and_sample__instrument__Pendar-1,structured_vae,zc48__zn16__chem0__ni0__ns0__cond0__ai0__as0__pair0__xrec0__dep0p001__e500,arpls_minmax,1729,311,40,isolated_spikes,0.5,0.007355415223646991,0.0036777076118234956,0.08614078397469513,0.8717949076244926,0.025375341310832987,,2.0,1.0962221111063803,0.07999392226338387,0.7261904761904762,0.815,1.0,0.00011424421973060817,0.7817460317460317,0.8775,1.0,0.0001836061419453472,0.8373015873015872,0.9105882352941177,0.975,0.00012380033149383962
quality_pass,domain_and_sample,instrument,Pendar-1,locked_domain,domain__quality_pass__domain_and_sample__instrument__Pendar-1,domain__quality_pass__domain_and_sample__instrument__Pendar-1,structured_vae,zc48__zn16__chem0__ni0__ns0__cond0__ai0__as0__pair0__xrec0__dep0p001__e500,arpls_minmax,1729,311,40,isolated_spikes,1.0,0.00740643516400106,0.00370321758200053,0.08623758233344367,0.8712183223747985,0.02537697735279327,,2.0,1.1914920926024308,0.07824488542973995,0.7261904761904762,0.815,0.95,0.0004997134092263877,0.7817460317460317,0.8775,0.975,0.0008274614810943604,0.8373015873015872,0.9105882352941177,0.95,0.0006105676293373108
quality_pass,domain_and_sample,instrument,Pendar-1,locked_domain,domain__quality_pass__domain_and_sample__instrument__Pendar-1,domain__quality_pass__domain_and_sample__instrument__Pendar-1,structured_vae,zc48__zn16__chem0__ni0__ns0__cond0__ai0__as0__pair0__xrec0__dep0p001__e500,arpls_minmax,1729,311,40,isolated_spikes,1.5,0.007394443719459734,0.003697221859729867,0.08631636785025418,0.8738476260315743,0.025377407990763833,,2.0,1.0766617724059695,0.08131917752325535,0.7261904761904762,0.815,1.0,0.0015600279439240694,0.7817460317460317,0.8775,0.975,0.0019499048357829452,0.8373015873015872,0.9105882352941177,0.975,0.0015251904260367155
quality_pass,domain_and_sample,instrument,Pendar-1,locked_domain,domain__quality_pass__domain_and_sample__instrument__Pendar-1,domain__quality_pass__domain_and_sample__instrument__Pendar-1,structured_vae,zc48__zn16__chem0__ni0__ns0__cond0__ai0__as0__pair0__xrec0__dep0p001__e500,arpls_minmax,1729,311,40,edge_filled_shift,0.5,0.007331483973548767,0.0036657419867743837,0.08658791961277792,0.8755492404700151,0.02537367585311571,,2.0,1.0321447584841295,0.08725262386724353,0.7261904761904762,0.8400000000000001,0.95,0.006092810537666082,0.7261904761904762,0.8400000000000001,0.95,0.012347941286861897,0.7261904761904762,0.8400000000000001,0.95,0.007818219251930714
quality_pass,domain_and_sample,instrument,Pendar-1,locked_domain,domain__quality_pass__domain_and_sample__instrument__Pendar-1,domain__quality_pass__domain_and_sample__instrument__Pendar-1,structured_vae,zc48__zn16__chem0__ni0__ns0__cond0__ai0__as0__pair0__xrec0__dep0p001__e500,arpls_minmax,1729,311,40,edge_filled_shift,1.0,0.007397792337005271,0.0036988961685026356,0.08684588096392741,0.8630693350581844,0.02537106856118133,,2.0,1.2048034482616548,0.07544463500380516,0.7261904761904762,0.8400000000000001,0.825,0.008829457685351372,0.7817460317460317,0.8775,0.9,0.0142296077683568,0.7817460317460317,0.8775,0.85,0.00969470851123333
quality_pass,domain_and_sample,instrument,Pendar-1,locked_domain,domain__quality_pass__domain_and_sample__instrument__Pendar-1,domain__quality_pass__domain_and_sample__instrument__Pendar-1,structured_vae,zc48__zn16__chem0__ni0__ns0__cond0__ai0__as0__pair0__xrec0__dep0p001__e500,arpls_minmax,1729,311,40,edge_filled_shift,1.5,0.007366881527448324,0.003683440763724162,0.08764701593310834,0.8732619895549376,0.025367165466165437,,2.0,1.091822925499212,0.08527679787948728,0.7261904761904762,0.815,0.95,0.016479847952723503,0.8373015873015872,0.9105882352941177,0.95,0.03149256855249405,0.8373015873015872,0.9105882352941177,0.875,0.017875444144010544
quality_pass,domain_and_sample,instrument,Pendar-1,locked_domain,domain__quality_pass__domain_and_sample__instrument__Pendar-1,domain__quality_pass__domain_and_sample__instrument__Pendar-1,structured_vae,zc48__zn16__chem0__ni0__ns0__cond0__ai0__as0__pair0__xrec0__dep0p001__e500,arpls_minmax,1729,311,40,gaussian_broadening,0.5,0.007311830867561775,0.0036559154337808875,0.08616806251021383,0.8721272865866829,0.025367827138532823,,2.0,1.0528375888133137,0.07967383041977882,0.7261904761904762,0.815,1.0,1.1369585990905762e-05,0.7817460317460317,0.8775,1.0,3.6957859265385196e-05,0.8373015873015872,0.9105882352941177,1.0,2.3509561287937686e-05
quality_pass,domain_and_sample,instrument,Pendar-1,locked_domain,domain__quality_pass__domain_and_sample__instrument__Pendar-1,domain__quality_pass__domain_and_sample__instrument__Pendar-1,structured_vae,zc48__zn16__chem0__ni0__ns0__cond0__ai0__as0__pair0__xrec0__dep0p001__e500,arpls_minmax,1729,311,40,gaussian_broadening,1.0,0.007235358471286179,0.0036176792356430896,0.08621542826357854,0.8722309609070151,0.02535683119034455,,2.0,1.12934167348104,0.08110929653048515,0.7261904761904762,0.815,0.975,0.00013069361739326268,0.7817460317460317,0.8775,1.0,0.0004754781839437783,0.8373015873015872,0.9105882352941177,1.0,0.00030009448528289795
quality_pass,domain_and_sample,instrument,Pendar-1,locked_domain,domain__quality_pass__domain_and_sample__instrument__Pendar-1,domain__quality_pass__domain_and_sample__instrument__Pendar-1,structured_vae,zc48__zn16__chem0__ni0__ns0__cond0__ai0__as0__pair0__xrec0__dep0p001__e500,arpls_minmax,1729,311,40,gaussian_broadening,1.5,0.0071671232830298566,0.0035835616415149283,0.08624837428605468,0.8724261481891354,0.02534784841710629,,2.0,1.1424877705368939,0.08240708708763123,0.7261904761904762,0.815,0.95,0.00035277902497909963,0.7817460317460317,0.8775,1.0,0.0013469383120536804,0.8373015873015872,0.9105882352941177,0.975,0.0008371829753741622
quality_pass,domain_and_sample,instrument,Pendar-1,locked_domain,domain__quality_pass__domain_and_sample__instrument__Pendar-1,domain__quality_pass__domain_and_sample__instrument__Pendar-1,structured_vae,zc48__zn16__chem0__ni0__ns0__cond0__ai0__as0__pair0__xrec0__dep0p001__e500,arpls_minmax,1729,311,40,composite,0.5,0.010131436011002406,0.005065718005501203,0.09393126345876306,0.8528041707235818,0.025447718556753495,,2.0,1.0807302235425422,0.08618020080029964,0.6349206349206349,0.7738095238095238,0.8,0.06434904038906097,0.7619047619047619,0.8615384615384616,0.85,0.07939664274454117,0.6904761904761905,0.8166666666666667,0.85,0.0686650425195694
quality_pass,domain_and_sample,instrument,Pendar-1,locked_domain,domain__quality_pass__domain_and_sample__instrument__Pendar-1,domain__quality_pass__domain_and_sample__instrument__Pendar-1,structured_vae,zc48__zn16__chem0__ni0__ns0__cond0__ai0__as0__pair0__xrec0__dep0p001__e500,arpls_minmax,1729,311,40,composite,1.0,0.015021490436070654,0.007510745218035327,0.11124615079776042,0.8158575040154187,0.025682278382541345,,2.0,0.9938538318224935,0.08719755115453154,0.41666666666666663,0.5333333333333333,0.675,0.19432921707630157,0.7103174603174603,0.80306905370844,0.75,0.20619237422943115,0.5833333333333333,0.7083333333333333,0.775,0.19018012285232544
quality_pass,domain_and_sample,instrument,Pendar-1,locked_domain,domain__quality_pass__domain_and_sample__instrument__Pendar-1,domain__quality_pass__domain_and_sample__instrument__Pendar-1,structured_vae,zc48__zn16__chem0__ni0__ns0__cond0__ai0__as0__pair0__xrec0__dep0p001__e500,arpls_minmax,1729,311,40,composite,1.5,0.020570385047263724,0.010285192523631862,0.12416833025822274,0.7336535583405731,0.02567918449242674,,2.0,1.268976811749483,0.08064475562423468,0.17857142857142858,0.25,0.525,0.31689944863319397,0.4007936507936508,0.513157894736842,0.5,0.3848830759525299,0.28968253968253965,0.4449760765550239,0.55,0.3605766296386719
quality_pass,domain_and_sample,instrument,Pendar-2,locked_domain,domain__quality_pass__domain_and_sample__instrument__Pendar-2,domain__quality_pass__domain_and_sample__instrument__Pendar-2,structured_vae,zc48__zn16__chem0__ni0__ns0__cond0__ai0__as0__pair0__xrec0__dep0p001__e500,arpls_minmax,1729,149,42,scale_offset,0.5,0.016373315797242223,0.008186657898621112,0.1154607731730495,0.5209348409746941,0.030988074742078715,,2.0,1.821943031533539,0.09863993059843779,1.0,1.0,1.0,0.017761744558811188,1.0,1.0,1.0,0.011739845387637615,1.0,1.0,1.0,0.015639979392290115
quality_pass,domain_and_sample,instrument,Pendar-2,locked_domain,domain__quality_pass__domain_and_sample__instrument__Pendar-2,domain__quality_pass__domain_and_sample__instrument__Pendar-2,structured_vae,zc48__zn16__chem0__ni0__ns0__cond0__ai0__as0__pair0__xrec0__dep0p001__e500,arpls_minmax,1729,149,42,scale_offset,1.0,0.02151037868261759,0.010755189341308796,0.12277315147641163,0.5087430385919813,0.03100811942371439,,3.0,1.8629841211287395,0.10000036936253309,1.0,1.0,1.0,0.06358833611011505,0.9696969696969697,0.947089947089947,0.9285714285714286,0.046498071402311325,1.0,1.0,0.9761904761904762,0.05969414860010147
quality_pass,domain_and_sample,instrument,Pendar-2,locked_domain,domain__quality_pass__domain_and_sample__instrument__Pendar-2,domain__quality_pass__domain_and_sample__instrument__Pendar-2,structured_vae,zc48__zn16__chem0__ni0__ns0__cond0__ai0__as0__pair0__xrec0__dep0p001__e500,arpls_minmax,1729,149,42,scale_offset,1.5,0.02402236166849717,0.012011180834248585,0.13430661725748397,0.5241151380324807,0.03089199529061067,,2.0,1.6619763045371947,0.0862872488796711,0.8863636363636364,0.8863636363636364,0.9285714285714286,0.15811634063720703,0.8560606060606061,0.8412698412698413,0.8809523809523809,0.1564169079065323,0.8560606060606061,0.8023809523809525,0.9047619047619048,0.15497244894504547
quality_pass,domain_and_sample,instrument,Pendar-2,locked_domain,domain__quality_pass__domain_and_sample__instrument__Pendar-2,domain__quality_pass__domain_and_sample__instrument__Pendar-2,structured_vae,zc48__zn16__chem0__ni0__ns0__cond0__ai0__as0__pair0__xrec0__dep0p001__e500,arpls_minmax,1729,149,42,smooth_baseline,0.5,0.01719775062422637,0.008598875312113185,0.1190902220828542,0.49290246529380943,0.031142235071049424,,2.0,1.4238995562144918,0.0859904307872057,1.0,1.0,1.0,0.037807948887348175,1.0,1.0,0.9761904761904762,0.054297685623168945,1.0,1.0,1.0,0.04813531041145325
quality_pass,domain_and_sample,instrument,Pendar-2,locked_domain,domain__quality_pass__domain_and_sample__instrument__Pendar-2,domain__quality_pass__domain_and_sample__instrument__Pendar-2,structured_vae,zc48__zn16__chem0__ni0__ns0__cond0__ai0__as0__pair0__xrec0__dep0p001__e500,arpls_minmax,1729,149,42,smooth_baseline,1.0,0.02048246567573755,0.010241232837868776,0.13002032830715668,0.4241802231242932,0.03123299704007147,,2.0,1.3986022528780704,0.08402315527200699,1.0,1.0,1.0,0.10883740335702896,0.75,0.7600000000000001,0.8095238095238095,0.13747410476207733,1.0,1.0,0.9761904761904762,0.1299697309732437
quality_pass,domain_and_sample,instrument,Pendar-2,locked_domain,domain__quality_pass__domain_and_sample__instrument__Pendar-2,domain__quality_pass__domain_and_sample__instrument__Pendar-2,structured_vae,zc48__zn16__chem0__ni0__ns0__cond0__ai0__as0__pair0__xrec0__dep0p001__e500,arpls_minmax,1729,149,42,smooth_baseline,1.5,0.029370409602211028,0.014685204801105514,0.14279792571042738,0.35659458028012947,0.03134678249645432,,2.25,1.4280408638553135,0.0926731713116169,1.0,1.0,0.9523809523809523,0.22582265734672546,0.6060606060606061,0.4513457556935818,0.6428571428571429,0.23346665501594543,0.9696969696969697,0.947089947089947,0.9047619047619048,0.23545224964618683
quality_pass,domain_and_sample,instrument,Pendar-2,locked_domain,domain__quality_pass__domain_and_sample__instrument__Pendar-2,domain__quality_pass__domain_and_sample__instrument__Pendar-2,structured_vae,zc48__zn16__chem0__ni0__ns0__cond0__ai0__as0__pair0__xrec0__dep0p001__e500,arpls_minmax,1729,149,42,gaussian_noise,0.5,0.014188824706645651,0.0070944123533228255,0.11219131773237974,0.5240695879986261,0.031051867848082025,,2.0,1.3661419005729798,0.09225291386246681,1.0,1.0,1.0,0.00024330899759661406,1.0,1.0,0.9761904761904762,0.00031668657902628183,1.0,1.0,1.0,0.000266867020400241
quality_pass,domain_and_sample,instrument,Pendar-2,locked_domain,domain__quality_pass__domain_and_sample__instrument__Pendar-2,domain__quality_pass__domain_and_sample__instrument__Pendar-2,structured_vae,zc48__zn16__chem0__ni0__ns0__cond0__ai0__as0__pair0__xrec0__dep0p001__e500,arpls_minmax,1729,149,42,gaussian_noise,1.0,0.01435981221413302,0.00717990610706651,0.11240386474342837,0.5205142951973906,0.031074614271308934,,2.0,1.4907630900875402,0.09036923199892044,1.0,1.0,1.0,0.0012139762984588742,1.0,1.0,1.0,0.0010901476489380002,1.0,1.0,1.0,0.0012381275882944465
quality_pass,domain_and_sample,instrument,Pendar-2,locked_domain,domain__quality_pass__domain_and_sample__instrument__Pendar-2,domain__quality_pass__domain_and_sample__instrument__Pendar-2,structured_vae,zc48__zn16__chem0__ni0__ns0__cond0__ai0__as0__pair0__xrec0__dep0p001__e500,arpls_minmax,1729,149,42,gaussian_noise,1.5,0.014641250841553433,0.007320625420776716,0.11275542943695047,0.5199219853100218,0.031088375157072783,,2.0,1.479829622686315,0.10477904975414276,1.0,1.0,1.0,0.002843628404662013,0.9696969696969697,0.947089947089947,0.9047619047619048,0.002809882164001465,1.0,1.0,1.0,0.002745717763900757
quality_pass,domain_and_sample,instrument,Pendar-2,locked_domain,domain__quality_pass__domain_and_sample__instrument__Pendar-2,domain__quality_pass__domain_and_sample__instrument__Pendar-2,structured_vae,zc48__zn16__chem0__ni0__ns0__cond0__ai0__as0__pair0__xrec0__dep0p001__e500,arpls_minmax,1729,149,42,isolated_spikes,0.5,0.014165363333232896,0.007082681666616448,0.11214749589650336,0.5220105915437105,0.03105190953712152,,2.0,1.5421778937883919,0.09080308675765991,1.0,1.0,1.0,0.00019841676112264395,1.0,1.0,1.0,0.00023268943186849356,1.0,1.0,1.0,0.00021076059783808887
quality_pass,domain_and_sample,instrument,Pendar-2,locked_domain,domain__quality_pass__domain_and_sample__instrument__Pendar-2,domain__quality_pass__domain_and_sample__instrument__Pendar-2,structured_vae,zc48__zn16__chem0__ni0__ns0__cond0__ai0__as0__pair0__xrec0__dep0p001__e500,arpls_minmax,1729,149,42,isolated_spikes,1.0,0.014236883067629557,0.0071184415338147785,0.1121793428534429,0.5185501776477022,0.031048413021016404,,2.0,1.4475134233905604,0.08931700140237808,1.0,1.0,1.0,0.001074826461263001,1.0,1.0,0.9523809523809523,0.001087757758796215,1.0,1.0,1.0,0.0010324035538360476
quality_pass,domain_and_sample,instrument,Pendar-2,locked_domain,domain__quality_pass__domain_and_sample__instrument__Pendar-2,domain__quality_pass__domain_and_sample__instrument__Pendar-2,structured_vae,zc48__zn16__chem0__ni0__ns0__cond0__ai0__as0__pair0__xrec0__dep0p001__e500,arpls_minmax,1729,149,42,isolated_spikes,1.5,0.014277400074194445,0.007138700037097222,0.11219872890939361,0.525232426933595,0.03104962105382841,,2.0,1.5820705390665246,0.09570586960762739,1.0,1.0,1.0,0.0017470462480559945,1.0,1.0,0.9523809523809523,0.002255558967590332,1.0,1.0,1.0,0.0018597770249471068
quality_pass,domain_and_sample,instrument,Pendar-2,locked_domain,domain__quality_pass__domain_and_sample__instrument__Pendar-2,domain__quality_pass__domain_and_sample__instrument__Pendar-2,structured_vae,zc48__zn16__chem0__ni0__ns0__cond0__ai0__as0__pair0__xrec0__dep0p001__e500,arpls_minmax,1729,149,42,edge_filled_shift,0.5,0.01421941988837208,0.00710970994418604,0.11215242288090714,0.5245078168374908,0.03105373936613387,,2.0,1.365092008908175,0.10939428955316544,1.0,1.0,1.0,0.0023025430273264647,1.0,1.0,0.9285714285714286,0.0018567300867289305,1.0,1.0,1.0,0.002151375636458397
quality_pass,domain_and_sample,instrument,Pendar-2,locked_domain,domain__quality_pass__domain_and_sample__instrument__Pendar-2,domain__quality_pass__domain_and_sample__instrument__Pendar-2,structured_vae,zc48__zn16__chem0__ni0__ns0__cond0__ai0__as0__pair0__xrec0__dep0p001__e500,arpls_minmax,1729,149,42,edge_filled_shift,1.0,0.014237868971717934,0.007118934485858967,0.11230460901749377,0.521148719012704,0.031032441133356865,,2.0,1.4945917942559581,0.07808808237314224,1.0,1.0,1.0,0.0039367517456412315,1.0,1.0,1.0,0.0029670086223632097,1.0,1.0,1.0,0.003653483698144555
quality_pass,domain_and_sample,instrument,Pendar-2,locked_domain,domain__quality_pass__domain_and_sample__instrument__Pendar-2,domain__quality_pass__domain_and_sample__instrument__Pendar-2,structured_vae,zc48__zn16__chem0__ni0__ns0__cond0__ai0__as0__pair0__xrec0__dep0p001__e500,arpls_minmax,1729,149,42,edge_filled_shift,1.5,0.014255578545761486,0.007127789272880743,0.11244773799595134,0.5167286895787631,0.031059790729579657,,2.0,1.3721536200897844,0.08867788407951593,1.0,1.0,1.0,0.005124067887663841,1.0,1.0,0.9523809523809523,0.004772241692990065,1.0,1.0,1.0,0.005062329117208719
quality_pass,domain_and_sample,instrument,Pendar-2,locked_domain,domain__quality_pass__domain_and_sample__instrument__Pendar-2,domain__quality_pass__domain_and_sample__instrument__Pendar-2,structured_vae,zc48__zn16__chem0__ni0__ns0__cond0__ai0__as0__pair0__xrec0__dep0p001__e500,arpls_minmax,1729,149,42,gaussian_broadening,0.5,0.014059900887928332,0.007029950443964166,0.1121017200803874,0.5239522583445031,0.0310419854334889,,2.0,1.428361099530139,0.09569261875003576,1.0,1.0,1.0,1.930764665303286e-05,1.0,1.0,1.0,1.7440035662730224e-05,1.0,1.0,1.0,1.890602652565576e-05
quality_pass,domain_and_sample,instrument,Pendar-2,locked_domain,domain__quality_pass__domain_and_sample__instrument__Pendar-2,domain__quality_pass__domain_and_sample__instrument__Pendar-2,structured_vae,zc48__zn16__chem0__ni0__ns0__cond0__ai0__as0__pair0__xrec0__dep0p001__e500,arpls_minmax,1729,149,42,gaussian_broadening,1.0,0.013927116526811924,0.006963558263405962,0.11204106599113531,0.5252735764704031,0.031032432229673487,,2.0,1.557644572384102,0.09633428510278463,1.0,1.0,1.0,0.00022636282665189356,1.0,1.0,1.0,0.00020232086535543203,1.0,1.0,1.0,0.00022019800962880254
quality_pass,domain_and_sample,instrument,Pendar-2,locked_domain,domain__quality_pass__domain_and_sample__instrument__Pendar-2,domain__quality_pass__domain_and_sample__instrument__Pendar-2,structured_vae,zc48__zn16__chem0__ni0__ns0__cond0__ai0__as0__pair0__xrec0__dep0p001__e500,arpls_minmax,1729,149,42,gaussian_broadening,1.5,0.013842563846071259,0.006921281923035629,0.1119935194480179,0.5264536270127507,0.03102438334084542,,2.0,1.3859458394108657,0.09670649003237486,1.0,1.0,1.0,0.0005656892317347229,1.0,1.0,0.9761904761904762,0.0004967422573827207,1.0,1.0,1.0,0.0005469336174428463
quality_pass,domain_and_sample,instrument,Pendar-2,locked_domain,domain__quality_pass__domain_and_sample__instrument__Pendar-2,domain__quality_pass__domain_and_sample__instrument__Pendar-2,structured_vae,zc48__zn16__chem0__ni0__ns0__cond0__ai0__as0__pair0__xrec0__dep0p001__e500,arpls_minmax,1729,149,42,composite,0.5,0.019797817805290358,0.009898908902645179,0.12062080064391785,0.46216580611165503,0.031121724178786187,,2.0,1.4037878995939814,0.08288904698565602,1.0,1.0,1.0,0.05471613258123398,0.9696969696969697,0.947089947089947,0.9523809523809523,0.062191661447286606,1.0,1.0,1.0,0.06313088536262512
quality_pass,domain_and_sample,instrument,Pendar-2,locked_domain,domain__quality_pass__domain_and_sample__instrument__Pendar-2,domain__quality_pass__domain_and_sample__instrument__Pendar-2,structured_vae,zc48__zn16__chem0__ni0__ns0__cond0__ai0__as0__pair0__xrec0__dep0p001__e500,arpls_minmax,1729,149,42,composite,1.0,0.028756105561786923,0.014378052780893462,0.13657093898345168,0.3824731040748421,0.03119757572429946,,2.0,1.5687698326372932,0.09014554880559444,0.9696969696969697,0.947089947089947,0.9523809523809523,0.18400943279266357,0.75,0.7600000000000001,0.8095238095238095,0.1653725951910019,1.0,1.0,0.9761904761904762,0.18128888309001923
quality_pass,domain_and_sample,instrument,Pendar-2,locked_domain,domain__quality_pass__domain_and_sample__instrument__Pendar-2,domain__quality_pass__domain_and_sample__instrument__Pendar-2,structured_vae,zc48__zn16__chem0__ni0__ns0__cond0__ai0__as0__pair0__xrec0__dep0p001__e500,arpls_minmax,1729,149,42,composite,1.5,0.037807410770056095,0.018903705385028047,0.15098273752271352,0.3192061780275828,0.03125998749624448,,2.25,1.319347477053832,0.10341060161590576,0.8484848484848485,0.7737556561085973,0.8095238095238095,0.30856984853744507,0.6287878787878788,0.5037037037037037,0.5952380952380952,0.30152973532676697,0.8484848484848485,0.7241830065359478,0.7857142857142857,0.3009983003139496
quality_pass,domain_and_sample,instrument,Pendar-3,locked_domain,domain__quality_pass__domain_and_sample__instrument__Pendar-3,domain__quality_pass__domain_and_sample__instrument__Pendar-3,structured_vae,zc48__zn16__chem0__ni0__ns0__cond0__ai0__as0__pair0__xrec0__dep0p001__e500,arpls_minmax,1729,94,42,scale_offset,0.5,0.0067607302245722995,0.0033803651122861498,0.09121457722750662,0.8683223374314974,0.02315544852566453,,2.0,0.9196415574908403,0.06788937468081713,0.5793040293040294,0.51005291005291,0.8571428571428571,0.007706643547862768,0.461050061050061,0.3771068169618894,0.8571428571428571,0.023456009104847908,0.5664835164835166,0.509676970203286,0.8571428571428571,0.015192169696092606
quality_pass,domain_and_sample,instrument,Pendar-3,locked_domain,domain__quality_pass__domain_and_sample__instrument__Pendar-3,domain__quality_pass__domain_and_sample__instrument__Pendar-3,structured_vae,zc48__zn16__chem0__ni0__ns0__cond0__ai0__as0__pair0__xrec0__dep0p001__e500,arpls_minmax,1729,94,42,scale_offset,1.0,0.010669019183329152,0.005334509591664576,0.10122581990950419,0.8805028518004385,0.022958537981263502,,2.0,0.7274871482243934,0.07816722989082336,0.6415750915750915,0.5997778909543615,0.8333333333333334,0.04332715645432472,0.6288766788766789,0.5561592940903286,0.7142857142857143,0.1365911066532135,0.6526862026862027,0.618903318903319,0.8095238095238095,0.09420198202133179
quality_pass,domain_and_sample,instrument,Pendar-3,locked_domain,domain__quality_pass__domain_and_sample__instrument__Pendar-3,domain__quality_pass__domain_and_sample__instrument__Pendar-3,structured_vae,zc48__zn16__chem0__ni0__ns0__cond0__ai0__as0__pair0__xrec0__dep0p001__e500,arpls_minmax,1729,94,42,scale_offset,1.5,0.016078339593269937,0.008039169796634969,0.11267583231122485,0.8485599165651156,0.023338386190438192,,2.0,0.7369986041747657,0.0873696911148727,0.49584859584859586,0.4539080886906974,0.8095238095238095,0.07631039619445801,0.3426739926739926,0.3148148148148148,0.7380952380952381,0.18351438641548157,0.49584859584859586,0.47057475535736404,0.8333333333333334,0.14111502468585968
quality_pass,domain_and_sample,instrument,Pendar-3,locked_domain,domain__quality_pass__domain_and_sample__instrument__Pendar-3,domain__quality_pass__domain_and_sample__instrument__Pendar-3,structured_vae,zc48__zn16__chem0__ni0__ns0__cond0__ai0__as0__pair0__xrec0__dep0p001__e500,arpls_minmax,1729,94,42,smooth_baseline,0.5,0.006750345309945523,0.0033751726549727614,0.09658761346118305,0.852220303422613,0.023294381604149806,,2.0,0.8487792676822947,0.07433528825640678,0.539010989010989,0.4274521774521774,0.8095238095238095,0.04197318106889725,0.2797313797313797,0.2464506172839506,0.7619047619047619,0.03955172747373581,0.539010989010989,0.4266585266585266,0.8571428571428571,0.03985707089304924
quality_pass,domain_and_sample,instrument,Pendar-3,locked_domain,domain__quality_pass__domain_and_sample__instrument__Pendar-3,domain__quality_pass__domain_and_sample__instrument__Pendar-3,structured_vae,zc48__zn16__chem0__ni0__ns0__cond0__ai0__as0__pair0__xrec0__dep0p001__e500,arpls_minmax,1729,94,42,smooth_baseline,1.0,0.008863783508501113,0.004431891754250556,0.11381308716451562,0.7669345712168661,0.023613982009637675,,2.0,0.7531861260207127,0.06722848303616047,0.5646520146520148,0.4717592592592592,0.8571428571428571,0.1423441767692566,0.242979242979243,0.19430760810071157,0.6904761904761905,0.11351542174816132,0.5278998778998779,0.41404151404151407,0.8095238095238095,0.1301545798778534
quality_pass,domain_and_sample,instrument,Pendar-3,locked_domain,domain__quality_pass__domain_and_sample__instrument__Pendar-3,domain__quality_pass__domain_and_sample__instrument__Pendar-3,structured_vae,zc48__zn16__chem0__ni0__ns0__cond0__ai0__as0__pair0__xrec0__dep0p001__e500,arpls_minmax,1729,94,42,smooth_baseline,1.5,0.010815024370131624,0.005407512185065812,0.12613564307975103,0.6876346805746073,0.02388768541005438,,2.0,0.8611069486751852,0.0629367595538497,0.5150793650793651,0.3718959201717822,0.7142857142857143,0.2330532819032669,0.3612332112332112,0.3235780423280423,0.6666666666666666,0.19618308544158936,0.5150793650793651,0.38547008547008543,0.7619047619047619,0.2049531489610672
quality_pass,domain_and_sample,instrument,Pendar-3,locked_domain,domain__quality_pass__domain_and_sample__instrument__Pendar-3,domain__quality_pass__domain_and_sample__instrument__Pendar-3,structured_vae,zc48__zn16__chem0__ni0__ns0__cond0__ai0__as0__pair0__xrec0__dep0p001__e500,arpls_minmax,1729,94,42,gaussian_noise,0.5,0.006115076961612796,0.003057538480806398,0.08579783693897924,0.8756506625719787,0.023063357605293173,,2.0,0.7128352721201903,0.07323718629777431,0.615934065934066,0.5592592592592592,0.9761904761904762,0.00019925975357182324,0.495970695970696,0.40394524959742356,0.9523809523809523,0.00018464383902028203,0.6031135531135531,0.5430938457254246,1.0,0.00018820023979060352
quality_pass,domain_and_sample,instrument,Pendar-3,locked_domain,domain__quality_pass__domain_and_sample__instrument__Pendar-3,domain__quality_pass__domain_and_sample__instrument__Pendar-3,structured_vae,zc48__zn16__chem0__ni0__ns0__cond0__ai0__as0__pair0__xrec0__dep0p001__e500,arpls_minmax,1729,94,42,gaussian_noise,1.0,0.006096988608402339,0.0030484943042011696,0.08669412477560326,0.8725727919515964,0.023088267012865142,,2.0,0.771236480550427,0.0747133637778461,0.5902930402930403,0.5260942760942761,0.9285714285714286,0.0007815432036295533,0.4721611721611721,0.38679653679653686,0.9761904761904762,0.0011017691576853395,0.5774725274725275,0.5079804868807426,0.9523809523809523,0.0008993319352157414
quality_pass,domain_and_sample,instrument,Pendar-3,locked_domain,domain__quality_pass__domain_and_sample__instrument__Pendar-3,domain__quality_pass__domain_and_sample__instrument__Pendar-3,structured_vae,zc48__zn16__chem0__ni0__ns0__cond0__ai0__as0__pair0__xrec0__dep0p001__e500,arpls_minmax,1729,94,42,gaussian_noise,1.5,0.006136486538956581,0.0030682432694782904,0.08781214919826044,0.8708742298869245,0.023112556242760183,,2.0,0.8297265869337143,0.07224480994045734,0.5902930402930403,0.5260942760942761,0.9285714285714286,0.0019432292319834232,0.47032967032967027,0.38161375661375657,0.8809523809523809,0.003058285918086767,0.5646520146520148,0.4884259259259259,0.9285714285714286,0.00244424887932837
quality_pass,domain_and_sample,instrument,Pendar-3,locked_domain,domain__quality_pass__domain_and_sample__instrument__Pendar-3,domain__quality_pass__domain_and_sample__instrument__Pendar-3,structured_vae,zc48__zn16__chem0__ni0__ns0__cond0__ai0__as0__pair0__xrec0__dep0p001__e500,arpls_minmax,1729,94,42,isolated_spikes,0.5,0.006130575765568212,0.003065287882784106,0.08549547059801477,0.8759564861467335,0.023058723353190008,,2.0,0.7588566508337693,0.07494024885818362,0.5921245421245421,0.5414230019493177,1.0,0.0001443198707420379,0.48498168498168487,0.40079365079365076,1.0,0.00016202812548726797,0.5793040293040294,0.5259259259259259,0.9761904761904762,0.00015022073057480156
quality_pass,domain_and_sample,instrument,Pendar-3,locked_domain,domain__quality_pass__domain_and_sample__instrument__Pendar-3,domain__quality_pass__domain_and_sample__instrument__Pendar-3,structured_vae,zc48__zn16__chem0__ni0__ns0__cond0__ai0__as0__pair0__xrec0__dep0p001__e500,arpls_minmax,1729,94,42,isolated_spikes,1.0,0.00613235436141171,0.003066177180705855,0.08576951438422946,0.875870879257516,0.0230658879548487,,2.0,0.7221241935694376,0.07356956182047725,0.6287545787545787,0.5748398774714564,0.9523809523809523,0.0008940327679738402,0.5087912087912088,0.4183501683501683,0.9761904761904762,0.000648887362331152,0.6031135531135531,0.5430938457254246,1.0,0.0007871914422139525
quality_pass,domain_and_sample,instrument,Pendar-3,locked_domain,domain__quality_pass__domain_and_sample__instrument__Pendar-3,domain__quality_pass__domain_and_sample__instrument__Pendar-3,structured_vae,zc48__zn16__chem0__ni0__ns0__cond0__ai0__as0__pair0__xrec0__dep0p001__e500,arpls_minmax,1729,94,42,isolated_spikes,1.5,0.0061050012681470416,0.0030525006340735208,0.08632715795831085,0.8741915762178112,0.023072710609101512,,2.0,0.6869117345395013,0.07154889404773712,0.5681929181929182,0.5148351648351649,0.9047619047619048,0.0020830617286264896,0.4721611721611721,0.3987012987012987,0.9523809523809523,0.0015239587519317865,0.5664835164835166,0.509676970203286,0.9047619047619048,0.001894222805276513
quality_pass,domain_and_sample,instrument,Pendar-3,locked_domain,domain__quality_pass__domain_and_sample__instrument__Pendar-3,domain__quality_pass__domain_and_sample__instrument__Pendar-3,structured_vae,zc48__zn16__chem0__ni0__ns0__cond0__ai0__as0__pair0__xrec0__dep0p001__e500,arpls_minmax,1729,94,42,edge_filled_shift,0.5,0.00613830992453035,0.003069154962265175,0.0855731163120301,0.8773746972686537,0.023058694537214257,,2.0,0.7442603370394345,0.0758908111602068,0.5921245421245421,0.5414230019493177,1.0,0.001469006179831922,0.48498168498168487,0.41269841269841273,0.9285714285714286,0.000679326883982867,0.5087912087912088,0.4925925925925925,0.9285714285714286,0.0009972056141123176
quality_pass,domain_and_sample,instrument,Pendar-3,locked_domain,domain__quality_pass__domain_and_sample__instrument__Pendar-3,domain__quality_pass__domain_and_sample__instrument__Pendar-3,structured_vae,zc48__zn16__chem0__ni0__ns0__cond0__ai0__as0__pair0__xrec0__dep0p001__e500,arpls_minmax,1729,94,42,edge_filled_shift,1.0,0.0060991332518389296,0.0030495666259194648,0.08573333943265805,0.8758007674297156,0.023051578433200597,,2.0,0.8172105525728737,0.07312852889299393,0.5810134310134311,0.5299145299145299,0.9285714285714286,0.0024010268971323967,0.4978021978021978,0.4140692640692641,0.9761904761904762,0.0012526115169748664,0.5664835164835166,0.509676970203286,0.9523809523809523,0.0017752732383087277
quality_pass,domain_and_sample,instrument,Pendar-3,locked_domain,domain__quality_pass__domain_and_sample__instrument__Pendar-3,domain__quality_pass__domain_and_sample__instrument__Pendar-3,structured_vae,zc48__zn16__chem0__ni0__ns0__cond0__ai0__as0__pair0__xrec0__dep0p001__e500,arpls_minmax,1729,94,42,edge_filled_shift,1.5,0.006093011003861271,0.0030465055019306356,0.08570263607905816,0.8761635365167261,0.02305036285688362,,2.0,0.8037371442697857,0.07622024836018682,0.6031135531135531,0.5430938457254246,0.9523809523809523,0.005098301917314529,0.4831501831501832,0.3886452241715399,0.9285714285714286,0.002563371555879712,0.5902930402930403,0.5443639291465378,0.9523809523809523,0.0033531757071614265
quality_pass,domain_and_sample,instrument,Pendar-3,locked_domain,domain__quality_pass__domain_and_sample__instrument__Pendar-3,domain__quality_pass__domain_and_sample__instrument__Pendar-3,structured_vae,zc48__zn16__chem0__ni0__ns0__cond0__ai0__as0__pair0__xrec0__dep0p001__e500,arpls_minmax,1729,94,42,gaussian_broadening,0.5,0.0061202568616545204,0.0030601284308272602,0.08531950897803939,0.8763938311401842,0.02305054447577385,,2.0,0.7599900335374036,0.07686298713088036,0.5921245421245421,0.5414230019493177,1.0,7.156814717745874e-06,0.48498168498168487,0.40079365079365076,1.0,4.911706582788611e-06,0.5793040293040294,0.5259259259259259,0.9761904761904762,5.497819074662402e-06
quality_pass,domain_and_sample,instrument,Pendar-3,locked_domain,domain__quality_pass__domain_and_sample__instrument__Pendar-3,domain__quality_pass__domain_and_sample__instrument__Pendar-3,structured_vae,zc48__zn16__chem0__ni0__ns0__cond0__ai0__as0__pair0__xrec0__dep0p001__e500,arpls_minmax,1729,94,42,gaussian_broadening,1.0,0.00609439897795624,0.00304719948897812,0.08539180290012352,0.8763196243017413,0.02304605181466908,,2.0,0.7503658864193188,0.07886743638664484,0.5921245421245421,0.5414230019493177,1.0,8.363382949028164e-05,0.48498168498168487,0.40079365079365076,1.0,4.09129133913666e-05,0.5793040293040294,0.5259259259259259,0.9761904761904762,5.202776083024219e-05
quality_pass,domain_and_sample,instrument,Pendar-3,locked_domain,domain__quality_pass__domain_and_sample__instrument__Pendar-3,domain__quality_pass__domain_and_sample__instrument__Pendar-3,structured_vae,zc48__zn16__chem0__ni0__ns0__cond0__ai0__as0__pair0__xrec0__dep0p001__e500,arpls_minmax,1729,94,42,gaussian_broadening,1.5,0.0060652570145820935,0.0030326285072910467,0.08549719972977037,0.876066218102421,0.023041383108477337,,2.0,0.7528027334653199,0.07549973530694842,0.5921245421245421,0.5414230019493177,1.0,0.00026138481916859746,0.48498168498168487,0.40079365079365076,1.0,0.00010460898920428008,0.5921245421245421,0.5414230019493177,0.9523809523809523,0.00014208044740371406
quality_pass,domain_and_sample,instrument,Pendar-3,locked_domain,domain__quality_pass__domain_and_sample__instrument__Pendar-3,domain__quality_pass__domain_and_sample__instrument__Pendar-3,structured_vae,zc48__zn16__chem0__ni0__ns0__cond0__ai0__as0__pair0__xrec0__dep0p001__e500,arpls_minmax,1729,94,42,composite,0.5,0.007797593761790017,0.0038987968808950084,0.10070053311864527,0.84929325180288,0.023316463838203325,,2.0,0.858064657508395,0.07266053184866905,0.5646520146520148,0.47255291005291006,0.8571428571428571,0.06542814522981644,0.32643467643467644,0.2727072310405643,0.8333333333333334,0.06907561421394348,0.5407203907203907,0.440964590964591,0.8571428571428571,0.06367980688810349
quality_pass,domain_and_sample,instrument,Pendar-3,locked_domain,domain__quality_pass__domain_and_sample__instrument__Pendar-3,domain__quality_pass__domain_and_sample__instrument__Pendar-3,structured_vae,zc48__zn16__chem0__ni0__ns0__cond0__ai0__as0__pair0__xrec0__dep0p001__e500,arpls_minmax,1729,94,42,composite,1.0,0.012792956658170847,0.0063964783290854236,0.11854742030162842,0.7502454247975103,0.023693422700926607,,2.0,0.8168366146205808,0.07643706351518631,0.5167887667887667,0.3847924297924297,0.7380952380952381,0.17219601571559906,0.3152014652014652,0.2420634920634921,0.6904761904761905,0.1608230024576187,0.5184981684981685,0.4312576312576313,0.7619047619047619,0.17145761847496033
quality_pass,domain_and_sample,instrument,Pendar-3,locked_domain,domain__quality_pass__domain_and_sample__instrument__Pendar-3,domain__quality_pass__domain_and_sample__instrument__Pendar-3,structured_vae,zc48__zn16__chem0__ni0__ns0__cond0__ai0__as0__pair0__xrec0__dep0p001__e500,arpls_minmax,1729,94,42,composite,1.5,0.022872223557439748,0.011436111778719874,0.13519516511874036,0.6127562852549102,0.02416706610818632,,2.0,0.8798782758020339,0.07554685790091753,0.4724664224664225,0.340981240981241,0.6190476190476191,0.3344781696796417,0.18412698412698414,0.14043209876543208,0.47619047619047616,0.2637452483177185,0.4962759462759463,0.3915764790764791,0.6666666666666666,0.2958804965019226
quality_pass,domain_and_sample,instrument,RMX-1,locked_domain,domain__quality_pass__domain_and_sample__instrument__RMX-1,domain__quality_pass__domain_and_sample__instrument__RMX-1,structured_vae,zc48__zn16__chem0__ni0__ns0__cond0__ai0__as0__pair0__xrec0__dep0p001__e500,arpls_minmax,1729,359,45,scale_offset,0.5,0.016464942401859986,0.008232471200929993,0.1657011139420025,0.7436951663487499,0.008672159761707354,,2.0,0.2609892191831001,0.11963526462204754,0.5505050505050505,0.7100840336134454,0.9555555555555556,0.015279131010174751,0.41414141414141414,0.5333333333333333,0.9111111111111111,0.002969421213492751,0.41414141414141414,0.5333333333333333,0.8222222222222222,0.008366607129573822
quality_pass,domain_and_sample,instrument,RMX-1,locked_domain,domain__quality_pass__domain_and_sample__instrument__RMX-1,domain__quality_pass__domain_and_sample__instrument__RMX-1,structured_vae,zc48__zn16__chem0__ni0__ns0__cond0__ai0__as0__pair0__xrec0__dep0p001__e500,arpls_minmax,1729,359,45,scale_offset,1.0,0.020052737581051628,0.010026368790525814,0.17737806337127549,0.7066603077022101,0.008808759109275545,,2.0,0.2627055818377837,0.14377874473575503,0.5050505050505051,0.625,0.8,0.04194002225995064,0.41414141414141414,0.5333333333333333,0.8444444444444444,0.01326687727123499,0.41414141414141414,0.5333333333333333,0.7333333333333333,0.02796330489218235
quality_pass,domain_and_sample,instrument,RMX-1,locked_domain,domain__quality_pass__domain_and_sample__instrument__RMX-1,domain__quality_pass__domain_and_sample__instrument__RMX-1,structured_vae,zc48__zn16__chem0__ni0__ns0__cond0__ai0__as0__pair0__xrec0__dep0p001__e500,arpls_minmax,1729,359,45,scale_offset,1.5,0.02589240962714408,0.01294620481357204,0.1841655421772976,0.7075200579590001,0.009221204326604492,,2.0,0.3208777426399886,0.1227704118937254,0.4949494949494949,0.641025641025641,0.7111111111111111,0.07421620935201645,0.46969696969696967,0.5892857142857143,0.7777777777777778,0.01184105221182108,0.41414141414141414,0.5333333333333333,0.6666666666666666,0.044496018439531326
quality_pass,domain_and_sample,instrument,RMX-1,locked_domain,domain__quality_pass__domain_and_sample__instrument__RMX-1,domain__quality_pass__domain_and_sample__instrument__RMX-1,structured_vae,zc48__zn16__chem0__ni0__ns0__cond0__ai0__as0__pair0__xrec0__dep0p001__e500,arpls_minmax,1729,359,45,smooth_baseline,0.5,0.01813608654806168,0.00906804327403084,0.1733758539708045,0.7263737476211487,0.009103925606081103,,2.0,0.4469264604658348,0.09151551825925708,0.5505050505050505,0.7100840336134454,0.7111111111111111,0.0422838069498539,0.41414141414141414,0.5333333333333333,0.9111111111111111,0.020972376689314842,0.41414141414141414,0.5333333333333333,0.7333333333333333,0.02881060354411602
quality_pass,domain_and_sample,instrument,RMX-1,locked_domain,domain__quality_pass__domain_and_sample__instrument__RMX-1,domain__quality_pass__domain_and_sample__instrument__RMX-1,structured_vae,zc48__zn16__chem0__ni0__ns0__cond0__ai0__as0__pair0__xrec0__dep0p001__e500,arpls_minmax,1729,359,45,smooth_baseline,1.0,0.02705228823812174,0.01352614411906087,0.19644110752771474,0.6563498257444346,0.01007821643485,,3.0,0.34435158254015363,0.09915852174162865,0.41414141414141414,0.5714285714285714,0.6444444444444445,0.10056733340024948,0.41414141414141414,0.5333333333333333,0.8666666666666667,0.05200648680329323,0.41414141414141414,0.5476190476190476,0.6,0.0752616599202156
quality_pass,domain_and_sample,instrument,RMX-1,locked_domain,domain__quality_pass__domain_and_sample__instrument__RMX-1,domain__quality_pass__domain_and_sample__instrument__RMX-1,structured_vae,zc48__zn16__chem0__ni0__ns0__cond0__ai0__as0__pair0__xrec0__dep0p001__e500,arpls_minmax,1729,359,45,smooth_baseline,1.5,0.03365071554654301,0.016825357773271505,0.2096649779987931,0.600759906535757,0.010387445119257172,,2.75,0.4403848674984156,0.10866703791543841,0.31313131313131315,0.46153846153846156,0.4444444444444444,0.17663076519966125,0.41414141414141414,0.5333333333333333,0.8444444444444444,0.0761130303144455,0.41414141414141414,0.5333333333333333,0.5777777777777777,0.1305568963289261
quality_pass,domain_and_sample,instrument,RMX-1,locked_domain,domain__quality_pass__domain_and_sample__instrument__RMX-1,domain__quality_pass__domain_and_sample__instrument__RMX-1,structured_vae,zc48__zn16__chem0__ni0__ns0__cond0__ai0__as0__pair0__xrec0__dep0p001__e500,arpls_minmax,1729,359,45,gaussian_noise,0.5,0.01432856749760761,0.007164283748803805,0.15812340780823825,0.754553372306181,0.008616718742420846,,2.5,0.22915741908939158,0.11663532967213541,0.5505050505050505,0.7100840336134454,1.0,0.00016478168254252523,0.41414141414141414,0.5333333333333333,1.0,0.0002442148106638342,0.41414141414141414,0.5333333333333333,0.9777777777777777,0.00013708273763768375
quality_pass,domain_and_sample,instrument,RMX-1,locked_domain,domain__quality_pass__domain_and_sample__instrument__RMX-1,domain__quality_pass__domain_and_sample__instrument__RMX-1,structured_vae,zc48__zn16__chem0__ni0__ns0__cond0__ai0__as0__pair0__xrec0__dep0p001__e500,arpls_minmax,1729,359,45,gaussian_noise,1.0,0.014478258223436296,0.007239129111718148,0.15963456725009084,0.7455909951208605,0.008634886089646783,,2.25,0.23401975582467627,0.10868410271359608,0.5505050505050505,0.7100840336134454,0.9777777777777777,0.0005630652303807437,0.41414141414141414,0.5333333333333333,1.0,0.0006107171648181975,0.41414141414141414,0.5333333333333333,0.9777777777777777,0.00046808720799162984
quality_pass,domain_and_sample,instrument,RMX-1,locked_domain,domain__quality_pass__domain_and_sample__instrument__RMX-1,domain__quality_pass__domain_and_sample__instrument__RMX-1,structured_vae,zc48__zn16__chem0__ni0__ns0__cond0__ai0__as0__pair0__xrec0__dep0p001__e500,arpls_minmax,1729,359,45,gaussian_noise,1.5,0.014729647477456127,0.0073648237387280635,0.16116230353017832,0.7360172675390267,0.008666366149413598,,2.25,0.24001484218983254,0.10891413933131844,0.5505050505050505,0.7100840336134454,0.9777777777777777,0.0010954062454402447,0.41414141414141414,0.5333333333333333,0.9555555555555556,0.0011846277629956603,0.41414141414141414,0.5333333333333333,0.9555555555555556,0.000951447756960988
quality_pass,domain_and_sample,instrument,RMX-1,locked_domain,domain__quality_pass__domain_and_sample__instrument__RMX-1,domain__quality_pass__domain_and_sample__instrument__RMX-1,structured_vae,zc48__zn16__chem0__ni0__ns0__cond0__ai0__as0__pair0__xrec0__dep0p001__e500,arpls_minmax,1729,359,45,isolated_spikes,0.5,0.014316086665828048,0.007158043332914024,0.15798621208209654,0.7541533286607905,0.008627771359178171,,2.5,0.23946336416257893,0.11377199506387115,0.5505050505050505,0.7100840336134454,1.0,6.215572648216039e-05,0.41414141414141414,0.5333333333333333,1.0,0.0001782894105417654,0.41414141414141414,0.5333333333333333,1.0,7.305939652724192e-05
quality_pass,domain_and_sample,instrument,RMX-1,locked_domain,domain__quality_pass__domain_and_sample__instrument__RMX-1,domain__quality_pass__domain_and_sample__instrument__RMX-1,structured_vae,zc48__zn16__chem0__ni0__ns0__cond0__ai0__as0__pair0__xrec0__dep0p001__e500,arpls_minmax,1729,359,45,isolated_spikes,1.0,0.01429615074232333,0.007148075371161665,0.15786220570183598,0.7537570671076677,0.008624584927427811,,2.5,0.23641659457635317,0.1151575050316751,0.5505050505050505,0.7100840336134454,0.9777777777777777,0.00023453898029401898,0.41414141414141414,0.5333333333333333,0.9777777777777777,0.0003238240897189826,0.41414141414141414,0.5333333333333333,0.9777777777777777,0.000211854770896025
quality_pass,domain_and_sample,instrument,RMX-1,locked_domain,domain__quality_pass__domain_and_sample__instrument__RMX-1,domain__quality_pass__domain_and_sample__instrument__RMX-1,structured_vae,zc48__zn16__chem0__ni0__ns0__cond0__ai0__as0__pair0__xrec0__dep0p001__e500,arpls_minmax,1729,359,45,isolated_spikes,1.5,0.01435557310956778,0.00717778655478389,0.15817452145017538,0.7455783114728529,0.008631694477063507,,2.5,0.24447212245781436,0.11729105853009969,0.5505050505050505,0.7100840336134454,0.9777777777777777,0.0004951636074110866,0.41414141414141414,0.5333333333333333,1.0,0.0016770244110375643,0.41414141414141414,0.5333333333333333,0.9777777777777777,0.000508855446241796
quality_pass,domain_and_sample,instrument,RMX-1,locked_domain,domain__quality_pass__domain_and_sample__instrument__RMX-1,domain__quality_pass__domain_and_sample__instrument__RMX-1,structured_vae,zc48__zn16__chem0__ni0__ns0__cond0__ai0__as0__pair0__xrec0__dep0p001__e500,arpls_minmax,1729,359,45,edge_filled_shift,0.5,0.014357511296996223,0.007178755648498111,0.1584742488497996,0.756505545280477,0.008626832149258542,,2.5,0.23781755018582262,0.11272345250472426,0.5505050505050505,0.7100840336134454,0.9777777777777777,0.0022042286582291126,0.41414141414141414,0.5333333333333333,0.9555555555555556,0.0013739069690927863,0.41414141414141414,0.5333333333333333,0.8666666666666667,0.0016499108169227839
quality_pass,domain_and_sample,instrument,RMX-1,locked_domain,domain__quality_pass__domain_and_sample__instrument__RMX-1,domain__quality_pass__domain_and_sample__instrument__RMX-1,structured_vae,zc48__zn16__chem0__ni0__ns0__cond0__ai0__as0__pair0__xrec0__dep0p001__e500,arpls_minmax,1729,359,45,edge_filled_shift,1.0,0.014519077701487408,0.007259538850743704,0.1595087570454166,0.7413744635647846,0.008637897597153723,,2.25,0.2455587143196069,0.11768386280164123,0.5505050505050505,0.7100840336134454,0.9555555555555556,0.004094008821994066,0.41414141414141414,0.5333333333333333,0.9777777777777777,0.0015692922752350569,0.41414141414141414,0.5333333333333333,0.8,0.0025681257247924805
quality_pass,domain_and_sample,instrument,RMX-1,locked_domain,domain__quality_pass__domain_and_sample__instrument__RMX-1,domain__quality_pass__domain_and_sample__instrument__RMX-1,structured_vae,zc48__zn16__chem0__ni0__ns0__cond0__ai0__as0__pair0__xrec0__dep0p001__e500,arpls_minmax,1729,359,45,edge_filled_shift,1.5,0.014562595526882133,0.007281297763441066,0.1595241867806804,0.7458674592650321,0.00863681978681439,,2.5,0.2349855832795662,0.10435625462559983,0.4595959595959596,0.6,0.9333333333333333,0.005147463642060757,0.41414141414141414,0.5333333333333333,0.9777777777777777,0.0035448300186544657,0.41414141414141414,0.5333333333333333,0.8222222222222222,0.003611242864280939
quality_pass,domain_and_sample,instrument,RMX-1,locked_domain,domain__quality_pass__domain_and_sample__instrument__RMX-1,domain__quality_pass__domain_and_sample__instrument__RMX-1,structured_vae,zc48__zn16__chem0__ni0__ns0__cond0__ai0__as0__pair0__xrec0__dep0p001__e500,arpls_minmax,1729,359,45,gaussian_broadening,0.5,0.014329607797068043,0.0071648038985340215,0.15809972987501966,0.7515687224942439,0.008626324019783789,,2.5,0.2399461975757372,0.11475938512012362,0.5505050505050505,0.7100840336134454,1.0,6.251864874684543e-07,0.41414141414141414,0.5333333333333333,1.0,4.927317149849841e-07,0.41414141414141414,0.5333333333333333,1.0,4.7153895366136567e-07
quality_pass,domain_and_sample,instrument,RMX-1,locked_domain,domain__quality_pass__domain_and_sample__instrument__RMX-1,domain__quality_pass__domain_and_sample__instrument__RMX-1,structured_vae,zc48__zn16__chem0__ni0__ns0__cond0__ai0__as0__pair0__xrec0__dep0p001__e500,arpls_minmax,1729,359,45,gaussian_broadening,1.0,0.014336916950999284,0.007168458475499642,0.15814323429463112,0.7512834651844045,0.008624803408600635,,2.5,0.24182311395337583,0.11564915580675006,0.5505050505050505,0.7100840336134454,1.0,8.1817306636367e-06,0.41414141414141414,0.5333333333333333,1.0,1.1172559425176587e-05,0.41414141414141414,0.5333333333333333,1.0,6.9975853875803296e-06
quality_pass,domain_and_sample,instrument,RMX-1,locked_domain,domain__quality_pass__domain_and_sample__instrument__RMX-1,domain__quality_pass__domain_and_sample__instrument__RMX-1,structured_vae,zc48__zn16__chem0__ni0__ns0__cond0__ai0__as0__pair0__xrec0__dep0p001__e500,arpls_minmax,1729,359,45,gaussian_broadening,1.5,0.014340027938053399,0.007170013969026699,0.1581790952665159,0.7509250515750371,0.008622585250749363,,2.5,0.24573259467674158,0.11641968553885818,0.5505050505050505,0.7100840336134454,1.0,3.253089016652666e-05,0.41414141414141414,0.5333333333333333,1.0,5.256864824332297e-05,0.41414141414141414,0.5333333333333333,0.9777777777777777,2.8240679966984317e-05
quality_pass,domain_and_sample,instrument,RMX-1,locked_domain,domain__quality_pass__domain_and_sample__instrument__RMX-1,domain__quality_pass__domain_and_sample__instrument__RMX-1,structured_vae,zc48__zn16__chem0__ni0__ns0__cond0__ai0__as0__pair0__xrec0__dep0p001__e500,arpls_minmax,1729,359,45,composite,0.5,0.019831750733205016,0.009915875366602508,0.18045330516191604,0.6965654993294639,0.00916905006614425,,2.0,0.34253872673614394,0.09203244047239423,0.4595959595959596,0.6238095238095238,0.7555555555555555,0.05291765183210373,0.41414141414141414,0.5333333333333333,0.9111111111111111,0.02523128129541874,0.41414141414141414,0.5333333333333333,0.6888888888888889,0.03664107248187065
quality_pass,domain_and_sample,instrument,RMX-1,locked_domain,domain__quality_pass__domain_and_sample__instrument__RMX-1,domain__quality_pass__domain_and_sample__instrument__RMX-1,structured_vae,zc48__zn16__chem0__ni0__ns0__cond0__ai0__as0__pair0__xrec0__dep0p001__e500,arpls_minmax,1729,359,45,composite,1.0,0.03345028807348207,0.016725144036741035,0.19158570176208123,0.6445040856389064,0.01018464694612628,,2.5,0.36589102905017057,0.10838588420301676,0.40404040404040403,0.5576923076923077,0.6,0.14233700931072235,0.41414141414141414,0.5333333333333333,0.8666666666666667,0.05379617586731911,0.4595959595959596,0.6238095238095238,0.6444444444444445,0.0974261611700058
quality_pass,domain_and_sample,instrument,RMX-1,locked_domain,domain__quality_pass__domain_and_sample__instrument__RMX-1,domain__quality_pass__domain_and_sample__instrument__RMX-1,structured_vae,zc48__zn16__chem0__ni0__ns0__cond0__ai0__as0__pair0__xrec0__dep0p001__e500,arpls_minmax,1729,359,45,composite,1.5,0.04374366607690134,0.02187183303845067,0.2152180716906339,0.5497368887828977,0.010535527324656926,,2.5,0.41249830010805444,0.15568531583994627,0.303030303030303,0.4375,0.4888888888888889,0.22366729378700256,0.36868686868686873,0.48717948717948717,0.7333333333333333,0.10580212622880936,0.36868686868686873,0.48717948717948717,0.6222222222222222,0.17685334384441376
quality_pass,domain_and_sample,instrument,RMX-2,locked_domain,domain__quality_pass__domain_and_sample__instrument__RMX-2,domain__quality_pass__domain_and_sample__instrument__RMX-2,structured_vae,zc48__zn16__chem0__ni0__ns0__cond0__ai0__as0__pair0__xrec0__dep0p001__e500,arpls_minmax,1729,342,64,scale_offset,0.5,0.0067488857531241755,0.0033744428765620877,0.08179252422239822,0.8666120346024591,0.029526411762499302,,2.0,1.1014256487034766,0.0711947875097394,0.6051587301587301,0.6250021110942224,0.9375,0.0168660469353199,0.4682539682539683,0.5585392051557465,0.859375,0.023031339049339294,0.626984126984127,0.6866666666666666,0.921875,0.018237076699733734
quality_pass,domain_and_sample,instrument,RMX-2,locked_domain,domain__quality_pass__domain_and_sample__instrument__RMX-2,domain__quality_pass__domain_and_sample__instrument__RMX-2,structured_vae,zc48__zn16__chem0__ni0__ns0__cond0__ai0__as0__pair0__xrec0__dep0p001__e500,arpls_minmax,1729,342,64,scale_offset,1.0,0.010658955067905146,0.005329477533952573,0.09235154823423694,0.8573433638547345,0.02952142846740835,,2.0,1.3195987160370035,0.07279079945146805,0.5654761904761905,0.577543212406914,0.84375,0.07710686326026917,0.3908730158730158,0.4769935997232313,0.625,0.0968882143497467,0.5734126984126984,0.6113485280151947,0.828125,0.08279353380203247
quality_pass,domain_and_sample,instrument,RMX-2,locked_domain,domain__quality_pass__domain_and_sample__instrument__RMX-2,domain__quality_pass__domain_and_sample__instrument__RMX-2,structured_vae,zc48__zn16__chem0__ni0__ns0__cond0__ai0__as0__pair0__xrec0__dep0p001__e500,arpls_minmax,1729,342,64,scale_offset,1.5,0.015362737180326446,0.007681368590163223,0.10228337104164242,0.8416341979684911,0.029601897878969184,,2.0,1.121883470425308,0.07341672293841839,0.5198412698412698,0.5650793650793651,0.828125,0.1344047337770462,0.33134920634920634,0.40814982119329946,0.6875,0.17777995765209198,0.5158730158730159,0.6094000977721908,0.765625,0.15223431587219238
quality_pass,domain_and_sample,instrument,RMX-2,locked_domain,domain__quality_pass__domain_and_sample__instrument__RMX-2,domain__quality_pass__domain_and_sample__instrument__RMX-2,structured_vae,zc48__zn16__chem0__ni0__ns0__cond0__ai0__as0__pair0__xrec0__dep0p001__e500,arpls_minmax,1729,342,64,smooth_baseline,0.5,0.006820831260974285,0.0034104156304871425,0.08372120704696351,0.8476860321188622,0.029541653332284416,,2.0,1.0108083020760952,0.07401508290786296,0.5436507936507936,0.6064646464646465,0.734375,0.03737602010369301,0.4702380952380952,0.5514272694723822,0.546875,0.04544645547866821,0.5833333333333334,0.6757575757575758,0.796875,0.04400978609919548
quality_pass,domain_and_sample,instrument,RMX-2,locked_domain,domain__quality_pass__domain_and_sample__instrument__RMX-2,domain__quality_pass__domain_and_sample__instrument__RMX-2,structured_vae,zc48__zn16__chem0__ni0__ns0__cond0__ai0__as0__pair0__xrec0__dep0p001__e500,arpls_minmax,1729,342,64,smooth_baseline,1.0,0.008564564767450098,0.004282282383725049,0.09631919714312609,0.807437642853853,0.029662442023085833,,2.0,0.7672281437080978,0.0875486945733428,0.41865079365079366,0.5142178083354554,0.640625,0.10279643535614014,0.4067460317460317,0.48162071846282367,0.5625,0.1145576611161232,0.45634920634920634,0.5325376527422563,0.625,0.11323614418506622
quality_pass,domain_and_sample,instrument,RMX-2,locked_domain,domain__quality_pass__domain_and_sample__instrument__RMX-2,domain__quality_pass__domain_and_sample__instrument__RMX-2,structured_vae,zc48__zn16__chem0__ni0__ns0__cond0__ai0__as0__pair0__xrec0__dep0p001__e500,arpls_minmax,1729,342,64,smooth_baseline,1.5,0.01303626955928667,0.006518134779643335,0.11256287171166837,0.6834249584316869,0.029773363760123215,,2.0,2.3211457167462966,0.07472877961117774,0.34920634920634924,0.4421383647798742,0.609375,0.1773013323545456,0.3968253968253968,0.4567901234567901,0.453125,0.27567243576049805,0.4900793650793651,0.5614035087719298,0.671875,0.20858173072338104
quality_pass,domain_and_sample,instrument,RMX-2,locked_domain,domain__quality_pass__domain_and_sample__instrument__RMX-2,domain__quality_pass__domain_and_sample__instrument__RMX-2,structured_vae,zc48__zn16__chem0__ni0__ns0__cond0__ai0__as0__pair0__xrec0__dep0p001__e500,arpls_minmax,1729,342,64,gaussian_noise,0.5,0.005967476587903937,0.0029837382939519683,0.07731020191084773,0.8666140417105451,0.02949435283448894,,2.0,0.7978678603657209,0.07468611979857087,0.6587301587301587,0.6573237445448399,0.984375,0.00031404290348291397,0.49404761904761907,0.5862884160756501,0.953125,0.00039065349847078323,0.6944444444444445,0.7491564291564292,1.0,0.0003280695527791977
quality_pass,domain_and_sample,instrument,RMX-2,locked_domain,domain__quality_pass__domain_and_sample__instrument__RMX-2,domain__quality_pass__domain_and_sample__instrument__RMX-2,structured_vae,zc48__zn16__chem0__ni0__ns0__cond0__ai0__as0__pair0__xrec0__dep0p001__e500,arpls_minmax,1729,342,64,gaussian_noise,1.0,0.005961725215402869,0.0029808626077014347,0.07755268028982454,0.8664503337512166,0.029497988819647266,,2.0,0.9445357587740928,0.07580471411347389,0.6706349206349206,0.6945646945646945,0.96875,0.001372707076370716,0.5357142857142857,0.6224256292906178,0.953125,0.0014066528528928757,0.6924603174603173,0.7513257801629895,0.953125,0.00145699642598629
quality_pass,domain_and_sample,instrument,RMX-2,locked_domain,domain__quality_pass__domain_and_sample__instrument__RMX-2,domain__quality_pass__domain_and_sample__instrument__RMX-2,structured_vae,zc48__zn16__chem0__ni0__ns0__cond0__ai0__as0__pair0__xrec0__dep0p001__e500,arpls_minmax,1729,342,64,gaussian_noise,1.5,0.0059694095999563756,0.0029847047999781878,0.0774786026556897,0.8653016108171058,0.0294934341794137,,2.0,0.9535780674463136,0.07869613170623779,0.6309523809523809,0.6455026455026455,0.84375,0.0028984136879444122,0.4404761904761905,0.5266365565652719,0.890625,0.0035173408687114716,0.6805555555555555,0.72507296864702,0.921875,0.003169381059706211
quality_pass,domain_and_sample,instrument,RMX-2,locked_domain,domain__quality_pass__domain_and_sample__instrument__RMX-2,domain__quality_pass__domain_and_sample__instrument__RMX-2,structured_vae,zc48__zn16__chem0__ni0__ns0__cond0__ai0__as0__pair0__xrec0__dep0p001__e500,arpls_minmax,1729,342,64,isolated_spikes,0.5,0.005994675864660416,0.002997337932330208,0.07729451004084838,0.8663608784590545,0.029496353367911635,,2.0,0.9393232431493916,0.07359853759407997,0.6726190476190476,0.6776334776334775,0.984375,0.00014561787247657776,0.4682539682539682,0.5620030088115194,0.984375,0.000187811441719532,0.6805555555555555,0.7373806609547123,0.984375,0.0001638270914554596
quality_pass,domain_and_sample,instrument,RMX-2,locked_domain,domain__quality_pass__domain_and_sample__instrument__RMX-2,domain__quality_pass__domain_and_sample__instrument__RMX-2,structured_vae,zc48__zn16__chem0__ni0__ns0__cond0__ai0__as0__pair0__xrec0__dep0p001__e500,arpls_minmax,1729,342,64,isolated_spikes,1.0,0.006027684389716726,0.003013842194858363,0.07737338718291814,0.8648027797162068,0.02949874299410766,,2.0,0.8011668114285679,0.07408627402037382,0.6448412698412698,0.6564784053156146,0.984375,0.0006393129006028175,0.49404761904761907,0.5832188444533261,0.953125,0.000757390633225441,0.6944444444444445,0.7424224224224224,0.984375,0.0007042372599244118
quality_pass,domain_and_sample,instrument,RMX-2,locked_domain,domain__quality_pass__domain_and_sample__instrument__RMX-2,domain__quality_pass__domain_and_sample__instrument__RMX-2,structured_vae,zc48__zn16__chem0__ni0__ns0__cond0__ai0__as0__pair0__xrec0__dep0p001__e500,arpls_minmax,1729,342,64,isolated_spikes,1.5,0.0060147006477203665,0.0030073503238601832,0.07747293501416867,0.8648556831828604,0.029502182975694697,,2.0,0.9163902903479637,0.07121668057516217,0.6587301587301587,0.6671759612936082,0.96875,0.0012615518644452095,0.45436507936507936,0.5535714285714285,0.9375,0.0020581893622875214,0.6825396825396824,0.7218337218337219,0.953125,0.0015733372420072556
quality_pass,domain_and_sample,instrument,RMX-2,locked_domain,domain__quality_pass__domain_and_sample__instrument__RMX-2,domain__quality_pass__domain_and_sample__instrument__RMX-2,structured_vae,zc48__zn16__chem0__ni0__ns0__cond0__ai0__as0__pair0__xrec0__dep0p001__e500,arpls_minmax,1729,342,64,edge_filled_shift,0.5,0.005986902208977395,0.0029934511044886975,0.077479777033652,0.8640124635925841,0.02949878401072839,,2.0,0.9098279115095433,0.07497987383976579,0.6051587301587301,0.6250021110942224,0.953125,0.0021911822259426117,0.48015873015873023,0.5781653746770026,0.9375,0.002916024997830391,0.7083333333333334,0.7673107890499195,0.96875,0.0023519936949014664
quality_pass,domain_and_sample,instrument,RMX-2,locked_domain,domain__quality_pass__domain_and_sample__instrument__RMX-2,domain__quality_pass__domain_and_sample__instrument__RMX-2,structured_vae,zc48__zn16__chem0__ni0__ns0__cond0__ai0__as0__pair0__xrec0__dep0p001__e500,arpls_minmax,1729,342,64,edge_filled_shift,1.0,0.006007320563298556,0.003003660281649278,0.07756236203655184,0.8640124635925841,0.029494477746809192,,2.0,0.853016189933929,0.07207463588565588,0.6567460317460317,0.6755260243632337,0.9375,0.003401845693588257,0.5059523809523809,0.6075581395348837,0.921875,0.004195350222289562,0.6785714285714285,0.751889012758578,0.953125,0.003565968945622444
quality_pass,domain_and_sample,instrument,RMX-2,locked_domain,domain__quality_pass__domain_and_sample__instrument__RMX-2,domain__quality_pass__domain_and_sample__instrument__RMX-2,structured_vae,zc48__zn16__chem0__ni0__ns0__cond0__ai0__as0__pair0__xrec0__dep0p001__e500,arpls_minmax,1729,342,64,edge_filled_shift,1.5,0.006041546491306761,0.0030207732456533805,0.07802803587002116,0.8664147203616769,0.02950490736869536,,2.0,0.837556134141547,0.07855499535799026,0.6130952380952381,0.6610381488430268,0.859375,0.005447619594633579,0.4682539682539682,0.5572892040977148,0.859375,0.006731943227350712,0.6091269841269842,0.6897776431180461,0.890625,0.005821168422698975
quality_pass,domain_and_sample,instrument,RMX-2,locked_domain,domain__quality_pass__domain_and_sample__instrument__RMX-2,domain__quality_pass__domain_and_sample__instrument__RMX-2,structured_vae,zc48__zn16__chem0__ni0__ns0__cond0__ai0__as0__pair0__xrec0__dep0p001__e500,arpls_minmax,1729,342,64,gaussian_broadening,0.5,0.005979782614950479,0.0029898913074752394,0.07726452435982253,0.8665702448289241,0.029494869441272685,,2.0,0.8138519268971531,0.07146155694499612,0.6726190476190476,0.6776334776334775,0.984375,2.64020636677742e-05,0.4682539682539682,0.5620030088115194,0.984375,3.620609641075134e-05,0.6944444444444445,0.7491564291564292,1.0,2.948381006717682e-05
quality_pass,domain_and_sample,instrument,RMX-2,locked_domain,domain__quality_pass__domain_and_sample__instrument__RMX-2,domain__quality_pass__domain_and_sample__instrument__RMX-2,structured_vae,zc48__zn16__chem0__ni0__ns0__cond0__ai0__as0__pair0__xrec0__dep0p001__e500,arpls_minmax,1729,342,64,gaussian_broadening,1.0,0.005982743934948195,0.0029913719674740974,0.07725135619793078,0.8662458950842582,0.029494762080152514,,2.0,0.9162315585110483,0.072716583032161,0.6726190476190476,0.6776334776334775,0.984375,0.00023697223514318466,0.4682539682539682,0.5620030088115194,0.984375,0.00032875966280698776,0.7083333333333334,0.7607407407407406,0.984375,0.0002657277509570122
quality_pass,domain_and_sample,instrument,RMX-2,locked_domain,domain__quality_pass__domain_and_sample__instrument__RMX-2,domain__quality_pass__domain_and_sample__instrument__RMX-2,structured_vae,zc48__zn16__chem0__ni0__ns0__cond0__ai0__as0__pair0__xrec0__dep0p001__e500,arpls_minmax,1729,342,64,gaussian_broadening,1.5,0.005982906024269562,0.002991453012134781,0.07723887241369201,0.8660410752273024,0.029494640759328096,,2.0,0.9418988396506297,0.07252131355926394,0.6726190476190476,0.6776334776334775,0.96875,0.0003670128062367439,0.4682539682539682,0.5620030088115194,0.984375,0.0005645584315061569,0.7083333333333334,0.7607407407407406,0.984375,0.00043532997369766235
quality_pass,domain_and_sample,instrument,RMX-2,locked_domain,domain__quality_pass__domain_and_sample__instrument__RMX-2,domain__quality_pass__domain_and_sample__instrument__RMX-2,structured_vae,zc48__zn16__chem0__ni0__ns0__cond0__ai0__as0__pair0__xrec0__dep0p001__e500,arpls_minmax,1729,342,64,composite,0.5,0.008197409589586613,0.004098704794793307,0.08545538914401324,0.8400185728937881,0.029549675535850615,,2.0,0.8616961464974713,0.08438687911257148,0.5436507936507936,0.6053039575683394,0.78125,0.05504703149199486,0.40277777777777773,0.48609819121447034,0.625,0.06405274569988251,0.5436507936507936,0.6164150686794505,0.796875,0.061737582087516785
quality_pass,domain_and_sample,instrument,RMX-2,locked_domain,domain__quality_pass__domain_and_sample__instrument__RMX-2,domain__quality_pass__domain_and_sample__instrument__RMX-2,structured_vae,zc48__zn16__chem0__ni0__ns0__cond0__ai0__as0__pair0__xrec0__dep0p001__e500,arpls_minmax,1729,342,64,composite,1.0,0.013032378292321607,0.0065161891461608034,0.10388749231734748,0.7761386692440706,0.029662468050144924,,2.0,1.2915774134916194,0.09132465720176697,0.3214285714285714,0.4287749287749288,0.578125,0.1649598479270935,0.2738095238095238,0.30806036069193965,0.453125,0.1907619684934616,0.375,0.4867431249229252,0.59375,0.1736667901277542
quality_pass,domain_and_sample,instrument,RMX-2,locked_domain,domain__quality_pass__domain_and_sample__instrument__RMX-2,domain__quality_pass__domain_and_sample__instrument__RMX-2,structured_vae,zc48__zn16__chem0__ni0__ns0__cond0__ai0__as0__pair0__xrec0__dep0p001__e500,arpls_minmax,1729,342,64,composite,1.5,0.02798886295474054,0.01399443147737027,0.1288217031840158,0.6010505906198734,0.030012424608025095,,2.0,2.3357891824082397,0.07134723663330078,0.21825396825396826,0.32666666666666666,0.515625,0.3217393755912781,0.2896825396825397,0.27950617283950613,0.484375,0.37227320671081543,0.3134920634920635,0.39828685097227295,0.515625,0.3321974277496338
quality_pass,domain_and_sample,sensor_family,GaN_polymer,locked_domain,domain__quality_pass__domain_and_sample__sensor_family__GaN_polymer,domain__quality_pass__domain_and_sample__sensor_family__GaN_polymer,structured_vae,zc48__zn16__chem0__ni0__ns0__cond0__ai0__as0__pair0__xrec0__dep0p001__e500,arpls_minmax,1729,430,18,scale_offset,0.5,0.00660169557014122,0.00330084778507061,0.08740222320490408,0.9596322653364849,0.005972759653300155,0.8222222222222222,2.75,0.16495096895382275,0.035441964864730835,0.39230769230769236,0.5634920634920635,0.9444444444444444,0.018325425684452057,0.6076923076923078,0.7559523809523809,0.8333333333333334,0.0030665365047752857,0.5307692307692308,0.6907894736842105,0.7777777777777778,0.012601633556187153
quality_pass,domain_and_sample,sensor_family,GaN_polymer,locked_domain,domain__quality_pass__domain_and_sample__sensor_family__GaN_polymer,domain__quality_pass__domain_and_sample__sensor_family__GaN_polymer,structured_vae,zc48__zn16__chem0__ni0__ns0__cond0__ai0__as0__pair0__xrec0__dep0p001__e500,arpls_minmax,1729,430,18,scale_offset,1.0,0.008630283553948712,0.004315141776974356,0.09999659273413286,0.9594502233965878,0.006178313092685063,0.8222222222222222,2.75,0.1826024627822746,0.05492039004457183,0.35384615384615387,0.5210084033613445,0.7777777777777778,0.0559685081243515,0.6846153846153846,0.8097826086956521,0.9444444444444444,0.008587055839598179,0.5692307692307692,0.725,0.9444444444444444,0.040849726647138596
quality_pass,domain_and_sample,sensor_family,GaN_polymer,locked_domain,domain__quality_pass__domain_and_sample__sensor_family__GaN_polymer,domain__quality_pass__domain_and_sample__sensor_family__GaN_polymer,structured_vae,zc48__zn16__chem0__ni0__ns0__cond0__ai0__as0__pair0__xrec0__dep0p001__e500,arpls_minmax,1729,430,18,scale_offset,1.5,0.010572766015124375,0.005286383007562187,0.10672557262976935,0.9498249939113972,0.00631976894521249,0.8444444444444444,3.0,0.2324804246460665,0.06250856455881149,0.4307692307692308,0.6015037593984962,0.8333333333333334,0.10845105350017548,0.5692307692307692,0.725,0.7777777777777778,0.01905333623290062,0.4307692307692308,0.6015037593984962,0.5555555555555556,0.07899442315101624
quality_pass,domain_and_sample,sensor_family,GaN_polymer,locked_domain,domain__quality_pass__domain_and_sample__sensor_family__GaN_polymer,domain__quality_pass__domain_and_sample__sensor_family__GaN_polymer,structured_vae,zc48__zn16__chem0__ni0__ns0__cond0__ai0__as0__pair0__xrec0__dep0p001__e500,arpls_minmax,1729,430,18,smooth_baseline,0.5,0.005857050550395585,0.0029285252751977925,0.09385661507701896,0.9515567335853736,0.006290892398774909,0.8222222222222222,3.0,0.2185281670138806,0.04782221058849245,0.4307692307692308,0.6015037593984962,0.5555555555555556,0.05104166641831398,0.6076923076923078,0.680952380952381,0.7222222222222222,0.011052455753087997,0.7076923076923077,0.8253968253968254,0.8333333333333334,0.041685543954372406
quality_pass,domain_and_sample,sensor_family,GaN_polymer,locked_domain,domain__quality_pass__domain_and_sample__sensor_family__GaN_polymer,domain__quality_pass__domain_and_sample__sensor_family__GaN_polymer,structured_vae,zc48__zn16__chem0__ni0__ns0__cond0__ai0__as0__pair0__xrec0__dep0p001__e500,arpls_minmax,1729,430,18,smooth_baseline,1.0,0.007894885213704399,0.003947442606852199,0.11104871324796817,0.9382318744595839,0.006694234868091,0.8,2.0,0.19397019849913535,0.05607667565345764,0.3307692307692308,0.48245614035087714,0.5,0.1370907425880432,0.6076923076923078,0.680952380952381,0.6666666666666666,0.02703731879591942,0.6076923076923078,0.7559523809523809,0.7222222222222222,0.10278011113405228
quality_pass,domain_and_sample,sensor_family,GaN_polymer,locked_domain,domain__quality_pass__domain_and_sample__sensor_family__GaN_polymer,domain__quality_pass__domain_and_sample__sensor_family__GaN_polymer,structured_vae,zc48__zn16__chem0__ni0__ns0__cond0__ai0__as0__pair0__xrec0__dep0p001__e500,arpls_minmax,1729,430,18,smooth_baseline,1.5,0.011250906886229983,0.005625453443114992,0.1344931125980643,0.9122224076517425,0.007256605605067696,0.7555555555555555,2.0,0.32043404692119637,0.0792046133428812,0.2923076923076923,0.4444444444444444,0.3333333333333333,0.2323264330625534,0.6076923076923078,0.7142857142857142,0.6666666666666666,0.04808526113629341,0.6692307692307693,0.7944444444444444,0.5555555555555556,0.1770385056734085
quality_pass,domain_and_sample,sensor_family,GaN_polymer,locked_domain,domain__quality_pass__domain_and_sample__sensor_family__GaN_polymer,domain__quality_pass__domain_and_sample__sensor_family__GaN_polymer,structured_vae,zc48__zn16__chem0__ni0__ns0__cond0__ai0__as0__pair0__xrec0__dep0p001__e500,arpls_minmax,1729,430,18,gaussian_noise,0.5,0.0049118965347238076,0.0024559482673619038,0.08100049592891681,0.9647525087809035,0.005936098018311908,0.8222222222222222,2.0,0.16076545469093662,0.04467031924286857,0.4307692307692308,0.6015037593984962,1.0,0.0003310243191663176,0.6846153846153846,0.8097826086956521,1.0,0.00014167692279443145,0.46923076923076923,0.6357142857142857,0.9444444444444444,0.0002674029965419322
quality_pass,domain_and_sample,sensor_family,GaN_polymer,locked_domain,domain__quality_pass__domain_and_sample__sensor_family__GaN_polymer,domain__quality_pass__domain_and_sample__sensor_family__GaN_polymer,structured_vae,zc48__zn16__chem0__ni0__ns0__cond0__ai0__as0__pair0__xrec0__dep0p001__e500,arpls_minmax,1729,430,18,gaussian_noise,1.0,0.004946779032537715,0.0024733895162688574,0.08173366072077559,0.9643795022270937,0.005967349114995503,0.8222222222222222,2.25,0.1735748343710615,0.04345047545211855,0.4307692307692308,0.6015037593984962,1.0,0.001918620546348393,0.6461538461538461,0.7840909090909092,0.9444444444444444,0.000847935676574707,0.46923076923076923,0.6357142857142857,0.9444444444444444,0.001553608337417245
quality_pass,domain_and_sample,sensor_family,GaN_polymer,locked_domain,domain__quality_pass__domain_and_sample__sensor_family__GaN_polymer,domain__quality_pass__domain_and_sample__sensor_family__GaN_polymer,structured_vae,zc48__zn16__chem0__ni0__ns0__cond0__ai0__as0__pair0__xrec0__dep0p001__e500,arpls_minmax,1729,430,18,gaussian_noise,1.5,0.004973435738317833,0.0024867178691589165,0.08284796820309703,0.9640240806446538,0.006018472079267261,0.8222222222222222,2.75,0.15892821761561782,0.04266326880315319,0.4307692307692308,0.6015037593984962,1.0,0.006071901880204678,0.6461538461538461,0.7424242424242424,0.8333333333333334,0.0026657746639102697,0.46923076923076923,0.6357142857142857,0.9444444444444444,0.0046251616440713406
quality_pass,domain_and_sample,sensor_family,GaN_polymer,locked_domain,domain__quality_pass__domain_and_sample__sensor_family__GaN_polymer,domain__quality_pass__domain_and_sample__sensor_family__GaN_polymer,structured_vae,zc48__zn16__chem0__ni0__ns0__cond0__ai0__as0__pair0__xrec0__dep0p001__e500,arpls_minmax,1729,430,18,isolated_spikes,0.5,0.004913118349522724,0.002456559174761362,0.08089967136357973,0.9649045282955091,0.005926790576529646,0.8222222222222222,2.0,0.15707203427602562,0.04479319986421615,0.46923076923076923,0.6357142857142857,0.9444444444444444,0.00023336212325375527,0.6846153846153846,0.8097826086956521,1.0,8.644660556456074e-05,0.46923076923076923,0.6357142857142857,0.9444444444444444,0.0001781781465979293
quality_pass,domain_and_sample,sensor_family,GaN_polymer,locked_domain,domain__quality_pass__domain_and_sample__sensor_family__GaN_polymer,domain__quality_pass__domain_and_sample__sensor_family__GaN_polymer,structured_vae,zc48__zn16__chem0__ni0__ns0__cond0__ai0__as0__pair0__xrec0__dep0p001__e500,arpls_minmax,1729,430,18,isolated_spikes,1.0,0.0048667226195936285,0.0024333613097968143,0.08087258508593627,0.9648105527313529,0.005927210559263382,0.8222222222222222,2.0,0.16697780681343252,0.04605756895034574,0.46923076923076923,0.6357142857142857,0.9444444444444444,0.0008919239044189453,0.6461538461538461,0.7840909090909092,0.9444444444444444,0.0005297793541103601,0.6692307692307693,0.7944444444444444,0.9444444444444444,0.0007433295249938965
quality_pass,domain_and_sample,sensor_family,GaN_polymer,locked_domain,domain__quality_pass__domain_and_sample__sensor_family__GaN_polymer,domain__quality_pass__domain_and_sample__sensor_family__GaN_polymer,structured_vae,zc48__zn16__chem0__ni0__ns0__cond0__ai0__as0__pair0__xrec0__dep0p001__e500,arpls_minmax,1729,430,18,isolated_spikes,1.5,0.004983637062806659,0.0024918185314033296,0.08140305368196295,0.963538612149793,0.005934828634574811,0.8222222222222222,2.25,0.15116036859296864,0.04319104933529161,0.46923076923076923,0.6357142857142857,0.9444444444444444,0.0024634632281959057,0.6461538461538461,0.7840909090909092,0.9444444444444444,0.0007782711181789637,0.46923076923076923,0.6357142857142857,0.9444444444444444,0.0017856492195278406
quality_pass,domain_and_sample,sensor_family,GaN_polymer,locked_domain,domain__quality_pass__domain_and_sample__sensor_family__GaN_polymer,domain__quality_pass__domain_and_sample__sensor_family__GaN_polymer,structured_vae,zc48__zn16__chem0__ni0__ns0__cond0__ai0__as0__pair0__xrec0__dep0p001__e500,arpls_minmax,1729,430,18,edge_filled_shift,0.5,0.004925240278448302,0.002462620139224151,0.08094001737574945,0.9642309282523936,0.005921590693623472,0.8222222222222222,2.0,0.1428739143444743,0.04287597362417728,0.4307692307692308,0.6015037593984962,1.0,0.00278482842259109,0.6846153846153846,0.8097826086956521,1.0,0.0003900064330082387,0.5692307692307692,0.725,0.8333333333333334,0.001879274845123291
quality_pass,domain_and_sample,sensor_family,GaN_polymer,locked_domain,domain__quality_pass__domain_and_sample__sensor_family__GaN_polymer,domain__quality_pass__domain_and_sample__sensor_family__GaN_polymer,structured_vae,zc48__zn16__chem0__ni0__ns0__cond0__ai0__as0__pair0__xrec0__dep0p001__e500,arpls_minmax,1729,430,18,edge_filled_shift,1.0,0.004882145381580414,0.002441072690790207,0.08094122432352575,0.9646763038513358,0.005940996268138419,0.8222222222222222,2.0,0.14126436943042825,0.03978562570409849,0.5692307692307692,0.725,0.8888888888888888,0.005662580486387014,0.6846153846153846,0.7916666666666667,0.9444444444444444,0.000980244716629386,0.5692307692307692,0.725,0.9444444444444444,0.003467427333816886
quality_pass,domain_and_sample,sensor_family,GaN_polymer,locked_domain,domain__quality_pass__domain_and_sample__sensor_family__GaN_polymer,domain__quality_pass__domain_and_sample__sensor_family__GaN_polymer,structured_vae,zc48__zn16__chem0__ni0__ns0__cond0__ai0__as0__pair0__xrec0__dep0p001__e500,arpls_minmax,1729,430,18,edge_filled_shift,1.5,0.004909330910894835,0.0024546654554474176,0.0814690992015479,0.9643564001120306,0.005947038656816228,0.8222222222222222,2.0,0.16440202168147827,0.04624829435488209,0.5307692307692308,0.6907894736842105,0.8333333333333334,0.012654758058488369,0.6846153846153846,0.8097826086956521,1.0,0.0036948455963283777,0.5692307692307692,0.725,1.0,0.008862674236297607
quality_pass,domain_and_sample,sensor_family,GaN_polymer,locked_domain,domain__quality_pass__domain_and_sample__sensor_family__GaN_polymer,domain__quality_pass__domain_and_sample__sensor_family__GaN_polymer,structured_vae,zc48__zn16__chem0__ni0__ns0__cond0__ai0__as0__pair0__xrec0__dep0p001__e500,arpls_minmax,1729,430,18,gaussian_broadening,0.5,0.004914966100637759,0.0024574830503188796,0.08088849400670978,0.9649859291929106,0.005922461047017912,0.8222222222222222,2.0,0.15769830354216918,0.0440970734343864,0.4307692307692308,0.6015037593984962,1.0,1.1490451470308471e-06,0.6846153846153846,0.8097826086956521,1.0,2.1523899818021164e-07,0.5692307692307692,0.725,1.0,7.285012202373764e-07
quality_pass,domain_and_sample,sensor_family,GaN_polymer,locked_domain,domain__quality_pass__domain_and_sample__sensor_family__GaN_polymer,domain__quality_pass__domain_and_sample__sensor_family__GaN_polymer,structured_vae,zc48__zn16__chem0__ni0__ns0__cond0__ai0__as0__pair0__xrec0__dep0p001__e500,arpls_minmax,1729,430,18,gaussian_broadening,1.0,0.0049099134045541525,0.0024549567022770762,0.08087456651524771,0.9649740323522953,0.005921184508554512,0.8222222222222222,2.0,0.15759861839241518,0.04394412093097344,0.4307692307692308,0.6015037593984962,1.0,1.4735593140358105e-05,0.6846153846153846,0.8097826086956521,1.0,3.516674041748047e-06,0.46923076923076923,0.6357142857142857,0.9444444444444444,1.047054956870852e-05
quality_pass,domain_and_sample,sensor_family,GaN_polymer,locked_domain,domain__quality_pass__domain_and_sample__sensor_family__GaN_polymer,domain__quality_pass__domain_and_sample__sensor_family__GaN_polymer,structured_vae,zc48__zn16__chem0__ni0__ns0__cond0__ai0__as0__pair0__xrec0__dep0p001__e500,arpls_minmax,1729,430,18,gaussian_broadening,1.5,0.004902275804438841,0.0024511379022194206,0.08086088792926177,0.9649326253220674,0.00591989697130086,0.8222222222222222,2.0,0.15744143531207191,0.043642099073622376,0.4307692307692308,0.6015037593984962,1.0,5.2942170441383496e-05,0.6846153846153846,0.8097826086956521,1.0,1.4060073226573877e-05,0.46923076923076923,0.6357142857142857,0.9444444444444444,4.0153663576347753e-05
quality_pass,domain_and_sample,sensor_family,GaN_polymer,locked_domain,domain__quality_pass__domain_and_sample__sensor_family__GaN_polymer,domain__quality_pass__domain_and_sample__sensor_family__GaN_polymer,structured_vae,zc48__zn16__chem0__ni0__ns0__cond0__ai0__as0__pair0__xrec0__dep0p001__e500,arpls_minmax,1729,430,18,composite,0.5,0.00661793662537298,0.00330896831268649,0.09775233219386686,0.9527791421524381,0.006456344693153815,0.8444444444444444,2.5,0.18601979721969758,0.053035590099170804,0.46923076923076923,0.6357142857142857,0.6666666666666666,0.06865036487579346,0.6461538461538461,0.7424242424242424,0.7222222222222222,0.012891888618469238,0.5076923076923077,0.6666666666666666,0.7222222222222222,0.05042789876461029
quality_pass,domain_and_sample,sensor_family,GaN_polymer,locked_domain,domain__quality_pass__domain_and_sample__sensor_family__GaN_polymer,domain__quality_pass__domain_and_sample__sensor_family__GaN_polymer,structured_vae,zc48__zn16__chem0__ni0__ns0__cond0__ai0__as0__pair0__xrec0__dep0p001__e500,arpls_minmax,1729,430,18,composite,1.0,0.009896537205224907,0.0049482686026124535,0.11806987402100276,0.9260267888034783,0.006735146271669553,0.8222222222222222,2.5,0.40591725528534206,0.06829523295164108,0.2923076923076923,0.4298245614035088,0.5,0.1562792956829071,0.6076923076923078,0.680952380952381,0.6111111111111112,0.034414466470479965,0.5307692307692308,0.6907894736842105,0.7777777777777778,0.1226532831788063
quality_pass,domain_and_sample,sensor_family,GaN_polymer,locked_domain,domain__quality_pass__domain_and_sample__sensor_family__GaN_polymer,domain__quality_pass__domain_and_sample__sensor_family__GaN_polymer,structured_vae,zc48__zn16__chem0__ni0__ns0__cond0__ai0__as0__pair0__xrec0__dep0p001__e500,arpls_minmax,1729,430,18,composite,1.5,0.020921220904609374,0.010460610452304687,0.15744633158940793,0.8869644083811754,0.007525595966742963,0.7777777777777778,3.0,0.34653592039363307,0.08044003136456013,0.07692307692307693,0.13333333333333333,0.3333333333333333,0.2491537481546402,0.5307692307692308,0.6157894736842104,0.5555555555555556,0.09078638255596161,0.19230769230769232,0.2777777777777778,0.3888888888888889,0.21649721264839172
quality_pass,domain_and_sample,sensor_family,H_SERS_H_Kit,locked_domain,domain__quality_pass__domain_and_sample__sensor_family__H_SERS_H_Kit,domain__quality_pass__domain_and_sample__sensor_family__H_SERS_H_Kit,structured_vae,zc48__zn16__chem0__ni0__ns0__cond0__ai0__as0__pair0__xrec0__dep0p001__e500,arpls_minmax,1729,344,104,scale_offset,0.5,0.019927729155943593,0.009963864577971797,0.19451059406443413,0.5938379650815289,0.009497228010177007,0.38095238095238093,2.0,0.4753071143527249,0.17106806859374046,,,0.9038461538461539,0.016929052770137787,,,0.9230769230769231,0.00791665818542242,,,0.8653846153846154,0.009638641960918903
quality_pass,domain_and_sample,sensor_family,H_SERS_H_Kit,locked_domain,domain__quality_pass__domain_and_sample__sensor_family__H_SERS_H_Kit,domain__quality_pass__domain_and_sample__sensor_family__H_SERS_H_Kit,structured_vae,zc48__zn16__chem0__ni0__ns0__cond0__ai0__as0__pair0__xrec0__dep0p001__e500,arpls_minmax,1729,344,104,scale_offset,1.0,0.024648424229733117,0.012324212114866558,0.20528517798672688,0.5580022519197403,0.00972800806505229,0.3273809523809524,2.5,0.5133648635379564,0.18650159168464597,,,0.8557692307692307,0.0737423449754715,,,0.8173076923076923,0.026987046003341675,,,0.7115384615384616,0.039487436413764954
quality_pass,domain_and_sample,sensor_family,H_SERS_H_Kit,locked_domain,domain__quality_pass__domain_and_sample__sensor_family__H_SERS_H_Kit,domain__quality_pass__domain_and_sample__sensor_family__H_SERS_H_Kit,structured_vae,zc48__zn16__chem0__ni0__ns0__cond0__ai0__as0__pair0__xrec0__dep0p001__e500,arpls_minmax,1729,344,104,scale_offset,1.5,0.029268131732215583,0.014634065866107791,0.21238580881600627,0.5688695476471235,0.00965037025362167,0.30357142857142855,2.0,0.461698326391512,0.16591835767030716,,,0.7788461538461539,0.1277654469013214,,,0.75,0.05654354766011238,,,0.6634615384615384,0.07528288662433624
quality_pass,domain_and_sample,sensor_family,H_SERS_H_Kit,locked_domain,domain__quality_pass__domain_and_sample__sensor_family__H_SERS_H_Kit,domain__quality_pass__domain_and_sample__sensor_family__H_SERS_H_Kit,structured_vae,zc48__zn16__chem0__ni0__ns0__cond0__ai0__as0__pair0__xrec0__dep0p001__e500,arpls_minmax,1729,344,104,smooth_baseline,0.5,0.020666214577487855,0.010333107288743927,0.19995051010609113,0.5997805008946574,0.009693358845686671,0.3134920634920635,2.5,0.43324182684383894,0.15235647652298212,,,0.7980769230769231,0.07818922400474548,,,0.8557692307692307,0.035326823592185974,,,0.6538461538461539,0.045126430690288544
quality_pass,domain_and_sample,sensor_family,H_SERS_H_Kit,locked_domain,domain__quality_pass__domain_and_sample__sensor_family__H_SERS_H_Kit,domain__quality_pass__domain_and_sample__sensor_family__H_SERS_H_Kit,structured_vae,zc48__zn16__chem0__ni0__ns0__cond0__ai0__as0__pair0__xrec0__dep0p001__e500,arpls_minmax,1729,344,104,smooth_baseline,1.0,0.025528546950528672,0.012764273475264336,0.21316213198873937,0.5658187696264173,0.009984043576664638,0.26785714285714285,2.5,0.44401690824584117,0.113596361130476,,,0.7019230769230769,0.17818714678287506,,,0.7884615384615384,0.08469013124704361,,,0.6057692307692307,0.10694298148155212
quality_pass,domain_and_sample,sensor_family,H_SERS_H_Kit,locked_domain,domain__quality_pass__domain_and_sample__sensor_family__H_SERS_H_Kit,domain__quality_pass__domain_and_sample__sensor_family__H_SERS_H_Kit,structured_vae,zc48__zn16__chem0__ni0__ns0__cond0__ai0__as0__pair0__xrec0__dep0p001__e500,arpls_minmax,1729,344,104,smooth_baseline,1.5,0.03151359965117106,0.01575679982558553,0.22130806649137366,0.5009827973207508,0.010242982384214368,0.25992063492063494,2.5,0.43705841795455064,0.09862020611763,,,0.7692307692307693,0.28558477759361267,,,0.8365384615384616,0.12170244753360748,,,0.6153846153846154,0.17367850244045258
quality_pass,domain_and_sample,sensor_family,H_SERS_H_Kit,locked_domain,domain__quality_pass__domain_and_sample__sensor_family__H_SERS_H_Kit,domain__quality_pass__domain_and_sample__sensor_family__H_SERS_H_Kit,structured_vae,zc48__zn16__chem0__ni0__ns0__cond0__ai0__as0__pair0__xrec0__dep0p001__e500,arpls_minmax,1729,344,104,gaussian_noise,0.5,0.01882403730110716,0.00941201865055358,0.19163761125994846,0.5948953433036643,0.009483816561679338,0.3472222222222222,2.0,0.4860340024413065,0.1831639022566378,,,0.9903846153846154,0.0003650228609330952,,,0.9807692307692307,0.00012735907512251288,,,0.9807692307692307,0.00019466418598312885
quality_pass,domain_and_sample,sensor_family,H_SERS_H_Kit,locked_domain,domain__quality_pass__domain_and_sample__sensor_family__H_SERS_H_Kit,domain__quality_pass__domain_and_sample__sensor_family__H_SERS_H_Kit,structured_vae,zc48__zn16__chem0__ni0__ns0__cond0__ai0__as0__pair0__xrec0__dep0p001__e500,arpls_minmax,1729,344,104,gaussian_noise,1.0,0.018899171330449938,0.009449585665224969,0.19239893075003106,0.5862686954460473,0.009491898781717896,0.3531746031746032,2.0,0.4649814619287256,0.1824788150843233,,,0.9615384615384616,0.0013653601054102182,,,0.9807692307692307,0.0005679589230567217,,,0.9230769230769231,0.0007701109279878438
quality_pass,domain_and_sample,sensor_family,H_SERS_H_Kit,locked_domain,domain__quality_pass__domain_and_sample__sensor_family__H_SERS_H_Kit,domain__quality_pass__domain_and_sample__sensor_family__H_SERS_H_Kit,structured_vae,zc48__zn16__chem0__ni0__ns0__cond0__ai0__as0__pair0__xrec0__dep0p001__e500,arpls_minmax,1729,344,104,gaussian_noise,1.5,0.019055664862206945,0.009527832431103472,0.19381283217114903,0.5865272211086958,0.009507866320797639,0.34325396825396826,2.0,0.4498919475675561,0.1732572391629219,,,0.9326923076923077,0.003882169257849455,,,0.9423076923076923,0.0012182444334030151,,,0.8942307692307693,0.0018099626759067178
quality_pass,domain_and_sample,sensor_family,H_SERS_H_Kit,locked_domain,domain__quality_pass__domain_and_sample__sensor_family__H_SERS_H_Kit,domain__quality_pass__domain_and_sample__sensor_family__H_SERS_H_Kit,structured_vae,zc48__zn16__chem0__ni0__ns0__cond0__ai0__as0__pair0__xrec0__dep0p001__e500,arpls_minmax,1729,344,104,isolated_spikes,0.5,0.01873302727415512,0.00936651363707756,0.19104152949323858,0.5934759083384307,0.009489317038346691,0.34523809523809523,2.0,0.4709846788144685,0.17383091454394162,,,1.0,3.68620349036064e-05,,,0.9807692307692307,1.892504769784864e-05,,,0.9903846153846154,2.2637155780103058e-05
quality_pass,domain_and_sample,sensor_family,H_SERS_H_Kit,locked_domain,domain__quality_pass__domain_and_sample__sensor_family__H_SERS_H_Kit,domain__quality_pass__domain_and_sample__sensor_family__H_SERS_H_Kit,structured_vae,zc48__zn16__chem0__ni0__ns0__cond0__ai0__as0__pair0__xrec0__dep0p001__e500,arpls_minmax,1729,344,104,isolated_spikes,1.0,0.01873993801549332,0.00936996900774666,0.1910525525363223,0.5934572336618131,0.009487854920151584,0.34523809523809523,2.0,0.47363251245105936,0.17496485321316868,,,1.0,0.00016779910947661847,,,0.9903846153846154,6.649299029959366e-05,,,0.9807692307692307,8.83936882019043e-05
quality_pass,domain_and_sample,sensor_family,H_SERS_H_Kit,locked_domain,domain__quality_pass__domain_and_sample__sensor_family__H_SERS_H_Kit,domain__quality_pass__domain_and_sample__sensor_family__H_SERS_H_Kit,structured_vae,zc48__zn16__chem0__ni0__ns0__cond0__ai0__as0__pair0__xrec0__dep0p001__e500,arpls_minmax,1729,344,104,isolated_spikes,1.5,0.01874516243345655,0.009372581216728276,0.19112812559565276,0.5932255342885623,0.009498468609041764,0.3412698412698413,2.0,0.47558815533269594,0.18137847119942307,,,1.0,0.0004091176961082965,,,1.0,0.00014255080895964056,,,0.9903846153846154,0.00021194436703808606
quality_pass,domain_and_sample,sensor_family,H_SERS_H_Kit,locked_domain,domain__quality_pass__domain_and_sample__sensor_family__H_SERS_H_Kit,domain__quality_pass__domain_and_sample__sensor_family__H_SERS_H_Kit,structured_vae,zc48__zn16__chem0__ni0__ns0__cond0__ai0__as0__pair0__xrec0__dep0p001__e500,arpls_minmax,1729,344,104,edge_filled_shift,0.5,0.018746402962188272,0.009373201481094136,0.19125701242139106,0.591905684842009,0.009482267011725767,0.3472222222222222,2.25,0.47094706100387684,0.17829239461570978,,,0.9423076923076923,0.0027611141558736563,,,1.0,0.0006462627789005637,,,0.9519230769230769,0.001265535014681518
quality_pass,domain_and_sample,sensor_family,H_SERS_H_Kit,locked_domain,domain__quality_pass__domain_and_sample__sensor_family__H_SERS_H_Kit,domain__quality_pass__domain_and_sample__sensor_family__H_SERS_H_Kit,structured_vae,zc48__zn16__chem0__ni0__ns0__cond0__ai0__as0__pair0__xrec0__dep0p001__e500,arpls_minmax,1729,344,104,edge_filled_shift,1.0,0.018817748827197233,0.009408874413598617,0.19150748751357863,0.589439281768295,0.009481247198522825,0.34523809523809523,2.0,0.4959045331354242,0.18432375974953175,,,0.9326923076923077,0.004854175727814436,,,0.9903846153846154,0.0010358381550759077,,,0.9326923076923077,0.0019582011736929417
quality_pass,domain_and_sample,sensor_family,H_SERS_H_Kit,locked_domain,domain__quality_pass__domain_and_sample__sensor_family__H_SERS_H_Kit,domain__quality_pass__domain_and_sample__sensor_family__H_SERS_H_Kit,structured_vae,zc48__zn16__chem0__ni0__ns0__cond0__ai0__as0__pair0__xrec0__dep0p001__e500,arpls_minmax,1729,344,104,edge_filled_shift,1.5,0.018889570888379538,0.009444785444189769,0.19188752443822538,0.5891446286079502,0.009485630526087939,0.35119047619047616,2.0,0.48954103498518997,0.17918852961156517,,,0.875,0.007245008833706379,,,0.9615384615384616,0.002054954878985882,,,0.8557692307692307,0.003553419839590788
quality_pass,domain_and_sample,sensor_family,H_SERS_H_Kit,locked_domain,domain__quality_pass__domain_and_sample__sensor_family__H_SERS_H_Kit,domain__quality_pass__domain_and_sample__sensor_family__H_SERS_H_Kit,structured_vae,zc48__zn16__chem0__ni0__ns0__cond0__ai0__as0__pair0__xrec0__dep0p001__e500,arpls_minmax,1729,344,104,gaussian_broadening,0.5,0.01874618369408262,0.00937309184704131,0.19108921324379546,0.5937273674853346,0.009485062084300491,0.3472222222222222,2.0,0.49181945431957413,0.1772244944004342,,,1.0,1.231638293575088e-06,,,1.0,4.923114147459273e-07,,,1.0,6.963427381379006e-07
quality_pass,domain_and_sample,sensor_family,H_SERS_H_Kit,locked_domain,domain__quality_pass__domain_and_sample__sensor_family__H_SERS_H_Kit,domain__quality_pass__domain_and_sample__sensor_family__H_SERS_H_Kit,structured_vae,zc48__zn16__chem0__ni0__ns0__cond0__ai0__as0__pair0__xrec0__dep0p001__e500,arpls_minmax,1729,344,104,gaussian_broadening,1.0,0.018753241312633475,0.009376620656316738,0.1911080778775974,0.5936519705418637,0.00948372933942379,0.3472222222222222,2.0,0.49079149655055826,0.1774602517252788,,,1.0,1.4559007468051277e-05,,,1.0,6.122084869275568e-06,,,1.0,8.407693712797482e-06
quality_pass,domain_and_sample,sensor_family,H_SERS_H_Kit,locked_domain,domain__quality_pass__domain_and_sample__sensor_family__H_SERS_H_Kit,domain__quality_pass__domain_and_sample__sensor_family__H_SERS_H_Kit,structured_vae,zc48__zn16__chem0__ni0__ns0__cond0__ai0__as0__pair0__xrec0__dep0p001__e500,arpls_minmax,1729,344,104,gaussian_broadening,1.5,0.018757606805565454,0.009378803402782727,0.19115045022366822,0.5934925099138624,0.009481337802552097,0.3472222222222222,2.0,0.4763515582758766,0.17772638972382993,,,1.0,4.1619518015068024e-05,,,1.0,1.8709553842199966e-05,,,0.9903846153846154,2.4599525204394013e-05
quality_pass,domain_and_sample,sensor_family,H_SERS_H_Kit,locked_domain,domain__quality_pass__domain_and_sample__sensor_family__H_SERS_H_Kit,domain__quality_pass__domain_and_sample__sensor_family__H_SERS_H_Kit,structured_vae,zc48__zn16__chem0__ni0__ns0__cond0__ai0__as0__pair0__xrec0__dep0p001__e500,arpls_minmax,1729,344,104,composite,0.5,0.022299697089173547,0.011149848544586774,0.2033132435793192,0.5866847443257384,0.00979431083857511,0.27976190476190477,2.5,0.432040823022908,0.149764783680439,,,0.8076923076923077,0.0895233005285263,,,0.7692307692307693,0.03954130783677101,,,0.6923076923076923,0.05216260254383087
quality_pass,domain_and_sample,sensor_family,H_SERS_H_Kit,locked_domain,domain__quality_pass__domain_and_sample__sensor_family__H_SERS_H_Kit,domain__quality_pass__domain_and_sample__sensor_family__H_SERS_H_Kit,structured_vae,zc48__zn16__chem0__ni0__ns0__cond0__ai0__as0__pair0__xrec0__dep0p001__e500,arpls_minmax,1729,344,104,composite,1.0,0.033633435720394934,0.016816717860197467,0.2237698618916154,0.5052431291269484,0.010178887594723239,0.28174603174603174,2.0,0.4407820453916286,0.13778321642894298,,,0.6730769230769231,0.2359311431646347,,,0.7403846153846154,0.10683079063892365,,,0.5865384615384616,0.14485296607017517
quality_pass,domain_and_sample,sensor_family,H_SERS_H_Kit,locked_domain,domain__quality_pass__domain_and_sample__sensor_family__H_SERS_H_Kit,domain__quality_pass__domain_and_sample__sensor_family__H_SERS_H_Kit,structured_vae,zc48__zn16__chem0__ni0__ns0__cond0__ai0__as0__pair0__xrec0__dep0p001__e500,arpls_minmax,1729,344,104,composite,1.5,0.045183307134629334,0.022591653567314667,0.229469266665885,0.45284361055157285,0.010437688309756186,0.2619047619047619,3.0,0.449128508059229,0.11090817116200924,,,0.5961538461538461,0.34221208095550537,,,0.6730769230769231,0.17088094353675842,,,0.6153846153846154,0.2316071093082428
quality_pass,domain_and_sample,sensor_family,NRC_Canadian_SERS,locked_domain,domain__quality_pass__domain_and_sample__sensor_family__NRC_Canadian_SERS,domain__quality_pass__domain_and_sample__sensor_family__NRC_Canadian_SERS,structured_vae,zc48__zn16__chem0__ni0__ns0__cond0__ai0__as0__pair0__xrec0__dep0p001__e500,arpls_minmax,1729,123,82,scale_offset,0.5,0.027699281126337,0.0138496405631685,0.15261679409436432,0.6457100508843145,0.014260743380573239,0.509009009009009,2.5,0.6160563824931468,0.10823098942637444,0.2738095238095238,0.1932748538011696,0.926829268292683,0.012649196200072765,0.21830484330484332,0.143996382620134,0.926829268292683,0.012881514616310596,0.2495929995929996,0.18950410558466824,0.8536585365853658,0.010954408906400204
quality_pass,domain_and_sample,sensor_family,NRC_Canadian_SERS,locked_domain,domain__quality_pass__domain_and_sample__sensor_family__NRC_Canadian_SERS,domain__quality_pass__domain_and_sample__sensor_family__NRC_Canadian_SERS,structured_vae,zc48__zn16__chem0__ni0__ns0__cond0__ai0__as0__pair0__xrec0__dep0p001__e500,arpls_minmax,1729,123,82,scale_offset,1.0,0.03149853557687467,0.015749267788437334,0.1609627120775078,0.6289179570139678,0.014240148470976842,0.4774774774774775,2.5,0.5962988574333601,0.1102961078286171,0.20436507936507933,0.15236006683375103,0.6707317073170732,0.06322023272514343,0.1452991452991453,0.09523809523809523,0.8292682926829268,0.06825565546751022,0.20685795685795685,0.17869306087696893,0.7195121951219512,0.06227071210741997
quality_pass,domain_and_sample,sensor_family,NRC_Canadian_SERS,locked_domain,domain__quality_pass__domain_and_sample__sensor_family__NRC_Canadian_SERS,domain__quality_pass__domain_and_sample__sensor_family__NRC_Canadian_SERS,structured_vae,zc48__zn16__chem0__ni0__ns0__cond0__ai0__as0__pair0__xrec0__dep0p001__e500,arpls_minmax,1729,123,82,scale_offset,1.5,0.03668867823275587,0.018344339116377936,0.16527777322641513,0.6185961409546237,0.014347401737790635,0.5,2.5,0.6084411079989379,0.11202523484826088,0.30224867724867727,0.2038054538054538,0.7317073170731707,0.12105916440486908,0.1339031339031339,0.07743710691823899,0.8048780487804879,0.1061989963054657,0.2244607244607244,0.17485307766284922,0.7317073170731707,0.09943626821041107
quality_pass,domain_and_sample,sensor_family,NRC_Canadian_SERS,locked_domain,domain__quality_pass__domain_and_sample__sensor_family__NRC_Canadian_SERS,domain__quality_pass__domain_and_sample__sensor_family__NRC_Canadian_SERS,structured_vae,zc48__zn16__chem0__ni0__ns0__cond0__ai0__as0__pair0__xrec0__dep0p001__e500,arpls_minmax,1729,123,82,smooth_baseline,0.5,0.03141055256196864,0.01570527628098432,0.1550979761207737,0.6411967261927842,0.014617226924673064,0.545045045045045,2.0,0.6188180525559587,0.10374115779995918,0.24140211640211642,0.17129227361785504,0.8292682926829268,0.018472032621502876,0.16844729344729345,0.10617283950617284,0.926829268292683,0.04481031000614166,0.24694749694749693,0.18071488126042204,0.9024390243902439,0.026423443108797073
quality_pass,domain_and_sample,sensor_family,NRC_Canadian_SERS,locked_domain,domain__quality_pass__domain_and_sample__sensor_family__NRC_Canadian_SERS,domain__quality_pass__domain_and_sample__sensor_family__NRC_Canadian_SERS,structured_vae,zc48__zn16__chem0__ni0__ns0__cond0__ai0__as0__pair0__xrec0__dep0p001__e500,arpls_minmax,1729,123,82,smooth_baseline,1.0,0.037124518521894675,0.018562259260947338,0.16125743422492828,0.6216845293050359,0.015105085365408092,0.545045045045045,2.5,0.6650992285702556,0.10993689112365246,0.21626984126984128,0.13989898989898988,0.7560975609756098,0.050400298088788986,0.16844729344729345,0.10606909430438842,0.926829268292683,0.14987628161907196,0.23941798941798945,0.17618746423300502,0.7804878048780488,0.07532380521297455
quality_pass,domain_and_sample,sensor_family,NRC_Canadian_SERS,locked_domain,domain__quality_pass__domain_and_sample__sensor_family__NRC_Canadian_SERS,domain__quality_pass__domain_and_sample__sensor_family__NRC_Canadian_SERS,structured_vae,zc48__zn16__chem0__ni0__ns0__cond0__ai0__as0__pair0__xrec0__dep0p001__e500,arpls_minmax,1729,123,82,smooth_baseline,1.5,0.042098877312593444,0.021049438656296722,0.16724946842605418,0.5809450138939236,0.015612383928264946,0.5135135135135135,2.5,0.7016363957844908,0.10969212651252747,0.2023809523809524,0.14005847953216374,0.7195121951219512,0.0734366774559021,0.16844729344729345,0.10797872340425531,0.7682926829268293,0.24845963716506958,0.2691798941798942,0.16954150081085065,0.7682926829268293,0.12731517851352692
quality_pass,domain_and_sample,sensor_family,NRC_Canadian_SERS,locked_domain,domain__quality_pass__domain_and_sample__sensor_family__NRC_Canadian_SERS,domain__quality_pass__domain_and_sample__sensor_family__NRC_Canadian_SERS,structured_vae,zc48__zn16__chem0__ni0__ns0__cond0__ai0__as0__pair0__xrec0__dep0p001__e500,arpls_minmax,1729,123,82,gaussian_noise,0.5,0.02604330886758332,0.01302165443379166,0.15049517696833592,0.6544766198952647,0.014155855203286972,0.509009009009009,2.5,0.5905271609524008,0.1127249151468277,0.2552910052910053,0.1777207977207977,1.0,0.00020923047850374132,0.12678062678062677,0.08569182389937106,0.9878048780487805,0.00016816215065773576,0.2181013431013431,0.18849011826953002,0.9878048780487805,0.0001347232173429802
quality_pass,domain_and_sample,sensor_family,NRC_Canadian_SERS,locked_domain,domain__quality_pass__domain_and_sample__sensor_family__NRC_Canadian_SERS,domain__quality_pass__domain_and_sample__sensor_family__NRC_Canadian_SERS,structured_vae,zc48__zn16__chem0__ni0__ns0__cond0__ai0__as0__pair0__xrec0__dep0p001__e500,arpls_minmax,1729,123,82,gaussian_noise,1.0,0.026014749219576045,0.013007374609788023,0.15050274538357514,0.6537356540969269,0.014134655126684707,0.509009009009009,2.5,0.6075716422863314,0.11623978614807129,0.25992063492063494,0.18825910931174086,0.975609756097561,0.0008359449566341937,0.12678062678062677,0.08569182389937106,0.9878048780487805,0.0008310115663334727,0.2181013431013431,0.18849011826953002,0.9878048780487805,0.0005856243660673499
quality_pass,domain_and_sample,sensor_family,NRC_Canadian_SERS,locked_domain,domain__quality_pass__domain_and_sample__sensor_family__NRC_Canadian_SERS,domain__quality_pass__domain_and_sample__sensor_family__NRC_Canadian_SERS,structured_vae,zc48__zn16__chem0__ni0__ns0__cond0__ai0__as0__pair0__xrec0__dep0p001__e500,arpls_minmax,1729,123,82,gaussian_noise,1.5,0.0258924191917181,0.01294620959585905,0.15064601577389936,0.6559923537287489,0.014144689910500228,0.4954954954954955,2.0,0.6002612033534087,0.12079648301005363,0.2433862433862434,0.158319783197832,0.9512195121951219,0.0017883152468129992,0.12678062678062677,0.08569182389937106,0.9878048780487805,0.0017518742242828012,0.2181013431013431,0.18849011826953002,0.9878048780487805,0.001301471027545631
quality_pass,domain_and_sample,sensor_family,NRC_Canadian_SERS,locked_domain,domain__quality_pass__domain_and_sample__sensor_family__NRC_Canadian_SERS,domain__quality_pass__domain_and_sample__sensor_family__NRC_Canadian_SERS,structured_vae,zc48__zn16__chem0__ni0__ns0__cond0__ai0__as0__pair0__xrec0__dep0p001__e500,arpls_minmax,1729,123,82,isolated_spikes,0.5,0.02625340230230859,0.013126701151154295,0.1506132718616985,0.6546394170940955,0.014181935786976472,0.5135135135135135,2.5,0.5925611573911201,0.11435015499591827,0.24140211640211642,0.1709101814364972,0.9878048780487805,5.838274955749512e-05,0.1396011396011396,0.09104938271604938,1.0,6.673612369922921e-05,0.2181013431013431,0.18849011826953002,1.0,5.3574400226352736e-05
quality_pass,domain_and_sample,sensor_family,NRC_Canadian_SERS,locked_domain,domain__quality_pass__domain_and_sample__sensor_family__NRC_Canadian_SERS,domain__quality_pass__domain_and_sample__sensor_family__NRC_Canadian_SERS,structured_vae,zc48__zn16__chem0__ni0__ns0__cond0__ai0__as0__pair0__xrec0__dep0p001__e500,arpls_minmax,1729,123,82,isolated_spikes,1.0,0.02634606765513913,0.013173033827569566,0.1507010221159244,0.654531130165482,0.014191725738438507,0.5,2.0,0.5911718352501192,0.11346182227134705,0.24140211640211642,0.1709101814364972,0.9878048780487805,0.0001755364064592868,0.1581196581196581,0.10820624546114743,0.9878048780487805,0.00025321071734651923,0.2181013431013431,0.18849011826953002,1.0,0.00016177064389921725
quality_pass,domain_and_sample,sensor_family,NRC_Canadian_SERS,locked_domain,domain__quality_pass__domain_and_sample__sensor_family__NRC_Canadian_SERS,domain__quality_pass__domain_and_sample__sensor_family__NRC_Canadian_SERS,structured_vae,zc48__zn16__chem0__ni0__ns0__cond0__ai0__as0__pair0__xrec0__dep0p001__e500,arpls_minmax,1729,123,82,isolated_spikes,1.5,0.026443270956336123,0.013221635478168061,0.15079672550987985,0.6533372202155037,0.014188424551255699,0.5045045045045045,2.5,0.5881744740034957,0.11593162268400192,0.2433862433862434,0.1614185035237667,0.9878048780487805,0.0004979909863322973,0.1396011396011396,0.09015151515151515,0.975609756097561,0.0008746858220547438,0.2181013431013431,0.18849011826953002,0.9878048780487805,0.0004752932582050562
quality_pass,domain_and_sample,sensor_family,NRC_Canadian_SERS,locked_domain,domain__quality_pass__domain_and_sample__sensor_family__NRC_Canadian_SERS,domain__quality_pass__domain_and_sample__sensor_family__NRC_Canadian_SERS,structured_vae,zc48__zn16__chem0__ni0__ns0__cond0__ai0__as0__pair0__xrec0__dep0p001__e500,arpls_minmax,1729,123,82,edge_filled_shift,0.5,0.026296106671123684,0.013148053335561842,0.15082372795561416,0.6525146256661594,0.014203171124805326,0.49099099099099097,2.5,0.6125137261882483,0.12221232056617737,0.2433862433862434,0.15674603174603174,0.9634146341463414,0.001408642390742898,0.1396011396011396,0.09104938271604938,0.975609756097561,0.0012361727422103286,0.2181013431013431,0.18636308558771422,0.9878048780487805,0.00114238983951509
quality_pass,domain_and_sample,sensor_family,NRC_Canadian_SERS,locked_domain,domain__quality_pass__domain_and_sample__sensor_family__NRC_Canadian_SERS,domain__quality_pass__domain_and_sample__sensor_family__NRC_Canadian_SERS,structured_vae,zc48__zn16__chem0__ni0__ns0__cond0__ai0__as0__pair0__xrec0__dep0p001__e500,arpls_minmax,1729,123,82,edge_filled_shift,1.0,0.026300788766442894,0.013150394383221447,0.15071922983834107,0.6506259117183875,0.014177698474011981,0.509009009009009,2.0,0.6095144494443601,0.11617124080657959,0.2433862433862434,0.158319783197832,0.9634146341463414,0.002060883678495884,0.1396011396011396,0.09015151515151515,0.9878048780487805,0.0020609868224710226,0.20421245421245424,0.1764089895217346,0.9878048780487805,0.001633322099223733
quality_pass,domain_and_sample,sensor_family,NRC_Canadian_SERS,locked_domain,domain__quality_pass__domain_and_sample__sensor_family__NRC_Canadian_SERS,domain__quality_pass__domain_and_sample__sensor_family__NRC_Canadian_SERS,structured_vae,zc48__zn16__chem0__ni0__ns0__cond0__ai0__as0__pair0__xrec0__dep0p001__e500,arpls_minmax,1729,123,82,edge_filled_shift,1.5,0.026255366378437523,0.013127683189218762,0.15092112388509704,0.6556043108267726,0.014152266350000258,0.5135135135135135,2.0,0.6061095543703412,0.11017578467726707,0.2433862433862434,0.158319783197832,0.975609756097561,0.00496459286659956,0.1452991452991453,0.10284868664446911,0.9512195121951219,0.0036141632590442896,0.2181013431013431,0.186445187393954,0.9634146341463414,0.0030573250260204077
quality_pass,domain_and_sample,sensor_family,NRC_Canadian_SERS,locked_domain,domain__quality_pass__domain_and_sample__sensor_family__NRC_Canadian_SERS,domain__quality_pass__domain_and_sample__sensor_family__NRC_Canadian_SERS,structured_vae,zc48__zn16__chem0__ni0__ns0__cond0__ai0__as0__pair0__xrec0__dep0p001__e500,arpls_minmax,1729,123,82,gaussian_broadening,0.5,0.026247081881262336,0.013123540940631168,0.15058839072103447,0.6543270674804752,0.01418050468203521,0.5135135135135135,2.5,0.5915226190755422,0.1144145131111145,0.2552910052910053,0.1777207977207977,1.0,2.1981029476592084e-06,0.1396011396011396,0.09104938271604938,1.0,4.6571581151511054e-06,0.2181013431013431,0.18849011826953002,1.0,2.6763939331431175e-06
quality_pass,domain_and_sample,sensor_family,NRC_Canadian_SERS,locked_domain,domain__quality_pass__domain_and_sample__sensor_family__NRC_Canadian_SERS,domain__quality_pass__domain_and_sample__sensor_family__NRC_Canadian_SERS,structured_vae,zc48__zn16__chem0__ni0__ns0__cond0__ai0__as0__pair0__xrec0__dep0p001__e500,arpls_minmax,1729,123,82,gaussian_broadening,1.0,0.026276025455549704,0.013138012727774852,0.1506156265458098,0.6540827702225855,0.014181977865850254,0.509009009009009,2.5,0.5915105794860819,0.11430495977401733,0.2552910052910053,0.1777207977207977,1.0,3.079306770814583e-05,0.1396011396011396,0.09104938271604938,1.0,5.2202038204995915e-05,0.2181013431013431,0.18849011826953002,1.0,3.150614429614507e-05
quality_pass,domain_and_sample,sensor_family,NRC_Canadian_SERS,locked_domain,domain__quality_pass__domain_and_sample__sensor_family__NRC_Canadian_SERS,domain__quality_pass__domain_and_sample__sensor_family__NRC_Canadian_SERS,structured_vae,zc48__zn16__chem0__ni0__ns0__cond0__ai0__as0__pair0__xrec0__dep0p001__e500,arpls_minmax,1729,123,82,gaussian_broadening,1.5,0.026284591624049176,0.013142295812024588,0.1506458765160296,0.654000735655049,0.014179998429832294,0.509009009009009,2.5,0.5900265797707219,0.11412234604358673,0.2552910052910053,0.1777207977207977,1.0,0.0001036779212881811,0.1396011396011396,0.09104938271604938,1.0,0.00012836369569413364,0.2181013431013431,0.18849011826953002,1.0,8.13901424407959e-05
quality_pass,domain_and_sample,sensor_family,NRC_Canadian_SERS,locked_domain,domain__quality_pass__domain_and_sample__sensor_family__NRC_Canadian_SERS,domain__quality_pass__domain_and_sample__sensor_family__NRC_Canadian_SERS,structured_vae,zc48__zn16__chem0__ni0__ns0__cond0__ai0__as0__pair0__xrec0__dep0p001__e500,arpls_minmax,1729,123,82,composite,0.5,0.03383104904248277,0.016915524521241385,0.1578151621519528,0.6377887404152386,0.014769848161058656,0.5675675675675675,2.5,0.672096057834755,0.11229688674211502,0.2533068783068783,0.18888458725857102,0.8414634146341463,0.039796486496925354,0.16844729344729345,0.10617283950617284,0.9024390243902439,0.06648219376802444,0.2588522588522588,0.1981829573934837,0.8658536585365854,0.042072687298059464
quality_pass,domain_and_sample,sensor_family,NRC_Canadian_SERS,locked_domain,domain__quality_pass__domain_and_sample__sensor_family__NRC_Canadian_SERS,domain__quality_pass__domain_and_sample__sensor_family__NRC_Canadian_SERS,structured_vae,zc48__zn16__chem0__ni0__ns0__cond0__ai0__as0__pair0__xrec0__dep0p001__e500,arpls_minmax,1729,123,82,composite,1.0,0.03486415163260334,0.01743207581630167,0.162831918089921,0.6094367874323533,0.014703495940499467,0.5045045045045045,2.5,0.6684534102349663,0.10731819272041321,0.22552910052910055,0.18437761069340017,0.6585365853658537,0.07851427048444748,0.11396011396011396,0.07354925775978408,0.8048780487804879,0.1588403582572937,0.16269841269841268,0.12424557562488597,0.6097560975609756,0.0998353511095047
quality_pass,domain_and_sample,sensor_family,NRC_Canadian_SERS,locked_domain,domain__quality_pass__domain_and_sample__sensor_family__NRC_Canadian_SERS,domain__quality_pass__domain_and_sample__sensor_family__NRC_Canadian_SERS,structured_vae,zc48__zn16__chem0__ni0__ns0__cond0__ai0__as0__pair0__xrec0__dep0p001__e500,arpls_minmax,1729,123,82,composite,1.5,0.04444600699679364,0.02222300349839682,0.17148683157053782,0.5430726152325638,0.015309308730236143,0.527027027027027,2.5,0.650552770759441,0.11391689348965883,0.21560846560846558,0.14294197353738244,0.6463414634146342,0.13361041247844696,0.13156288156288157,0.10934343434343434,0.6829268292682927,0.36286282539367676,0.17857142857142858,0.1318295739348371,0.6463414634146342,0.20149695873260498
quality_pass,domain_and_sample,sensor_family,pSERS_Metrohm_silver,locked_domain,domain__quality_pass__domain_and_sample__sensor_family__pSERS_Metrohm_silver,domain__quality_pass__domain_and_sample__sensor_family__pSERS_Metrohm_silver,structured_vae,zc48__zn16__chem0__ni0__ns0__cond0__ai0__as0__pair0__xrec0__dep0p001__e500,arpls_minmax,1729,150,296,scale_offset,0.5,0.02018309969926081,0.010091549849630404,0.17588279892534447,0.2957466830985763,0.019289113174929207,0.19530057979859627,2.0,0.7730071542503205,0.11163334734737873,,,0.8344594594594594,0.02532719448208809,,,0.9054054054054054,0.04072241485118866,,,0.9290540540540541,0.02581889182329178
quality_pass,domain_and_sample,sensor_family,pSERS_Metrohm_silver,locked_domain,domain__quality_pass__domain_and_sample__sensor_family__pSERS_Metrohm_silver,domain__quality_pass__domain_and_sample__sensor_family__pSERS_Metrohm_silver,structured_vae,zc48__zn16__chem0__ni0__ns0__cond0__ai0__as0__pair0__xrec0__dep0p001__e500,arpls_minmax,1729,150,296,scale_offset,1.0,0.023054912328169485,0.011527456164084742,0.1807389506210797,0.29049066545753705,0.01929382171488301,0.19530057979859627,2.0,0.8080649674982836,0.10325959324836731,,,0.7432432432432432,0.10085948556661606,,,0.777027027027027,0.13441020250320435,,,0.8952702702702703,0.09871254861354828
quality_pass,domain_and_sample,sensor_family,pSERS_Metrohm_silver,locked_domain,domain__quality_pass__domain_and_sample__sensor_family__pSERS_Metrohm_silver,domain__quality_pass__domain_and_sample__sensor_family__pSERS_Metrohm_silver,structured_vae,zc48__zn16__chem0__ni0__ns0__cond0__ai0__as0__pair0__xrec0__dep0p001__e500,arpls_minmax,1729,150,296,scale_offset,1.5,0.026928739335118527,0.013464369667559263,0.185049290418544,0.29039679994963474,0.01926654133098411,0.1959108941104669,2.5,0.8580824836464418,0.10474314913153648,,,0.6824324324324325,0.18390315771102905,,,0.6722972972972973,0.22612805664539337,,,0.8716216216216216,0.18183210492134094
quality_pass,domain_and_sample,sensor_family,pSERS_Metrohm_silver,locked_domain,domain__quality_pass__domain_and_sample__sensor_family__pSERS_Metrohm_silver,domain__quality_pass__domain_and_sample__sensor_family__pSERS_Metrohm_silver,structured_vae,zc48__zn16__chem0__ni0__ns0__cond0__ai0__as0__pair0__xrec0__dep0p001__e500,arpls_minmax,1729,150,296,smooth_baseline,0.5,0.02381209589675413,0.011906047948377066,0.18511247429844255,0.22401678108481093,0.019409186435164504,0.19865730851388466,2.5,0.9006878344958281,0.09284324944019318,,,0.8108108108108109,0.06455627828836441,,,0.847972972972973,0.06614416092634201,,,0.9087837837837838,0.062308840453624725
quality_pass,domain_and_sample,sensor_family,pSERS_Metrohm_silver,locked_domain,domain__quality_pass__domain_and_sample__sensor_family__pSERS_Metrohm_silver,domain__quality_pass__domain_and_sample__sensor_family__pSERS_Metrohm_silver,structured_vae,zc48__zn16__chem0__ni0__ns0__cond0__ai0__as0__pair0__xrec0__dep0p001__e500,arpls_minmax,1729,150,296,smooth_baseline,1.0,0.03022765393722809,0.015113826968614045,0.19572491141102974,0.16221557798142255,0.01960594207293656,0.19713152273420811,2.5,1.1453084060533836,0.09422893449664116,,,0.7432432432432432,0.153882697224617,,,0.7871621621621622,0.1907956600189209,,,0.8074324324324325,0.15692450106143951
quality_pass,domain_and_sample,sensor_family,pSERS_Metrohm_silver,locked_domain,domain__quality_pass__domain_and_sample__sensor_family__pSERS_Metrohm_silver,domain__quality_pass__domain_and_sample__sensor_family__pSERS_Metrohm_silver,structured_vae,zc48__zn16__chem0__ni0__ns0__cond0__ai0__as0__pair0__xrec0__dep0p001__e500,arpls_minmax,1729,150,296,smooth_baseline,1.5,0.03579345477807492,0.01789672738903746,0.20448710946524767,0.10124798330601052,0.019867489950076787,0.1913335367714373,2.5,1.4876529241946788,0.08201535418629646,,,0.6790540540540541,0.2264959216117859,,,0.777027027027027,0.2723851799964905,,,0.6824324324324325,0.23568959534168243
quality_pass,domain_and_sample,sensor_family,pSERS_Metrohm_silver,locked_domain,domain__quality_pass__domain_and_sample__sensor_family__pSERS_Metrohm_silver,domain__quality_pass__domain_and_sample__sensor_family__pSERS_Metrohm_silver,structured_vae,zc48__zn16__chem0__ni0__ns0__cond0__ai0__as0__pair0__xrec0__dep0p001__e500,arpls_minmax,1729,150,296,gaussian_noise,0.5,0.018032886259625524,0.009016443129812762,0.17477069801558023,0.3036584216221838,0.019265721892780432,0.18950259383582546,2.5,0.7917977153590047,0.1093115508556366,,,0.972972972972973,0.00021459504205267876,,,0.9932432432432432,0.0004890402196906507,,,0.9898648648648649,0.0002496355155017227
quality_pass,domain_and_sample,sensor_family,pSERS_Metrohm_silver,locked_domain,domain__quality_pass__domain_and_sample__sensor_family__pSERS_Metrohm_silver,domain__quality_pass__domain_and_sample__sensor_family__pSERS_Metrohm_silver,structured_vae,zc48__zn16__chem0__ni0__ns0__cond0__ai0__as0__pair0__xrec0__dep0p001__e500,arpls_minmax,1729,150,296,gaussian_noise,1.0,0.017878893482867454,0.008939446741433727,0.17482713075693126,0.3051076552990818,0.019258430633141664,0.18828196521208423,2.5,0.8245573726787245,0.10791175498161465,,,0.9763513513513513,0.000985239166766405,,,0.9831081081081081,0.002384733874350786,,,0.9662162162162162,0.0011955590452998877
quality_pass,domain_and_sample,sensor_family,pSERS_Metrohm_silver,locked_domain,domain__quality_pass__domain_and_sample__sensor_family__pSERS_Metrohm_silver,domain__quality_pass__domain_and_sample__sensor_family__pSERS_Metrohm_silver,structured_vae,zc48__zn16__chem0__ni0__ns0__cond0__ai0__as0__pair0__xrec0__dep0p001__e500,arpls_minmax,1729,150,296,gaussian_noise,1.5,0.017744648045062015,0.008872324022531007,0.17502330700173038,0.301148047864392,0.019258108739500377,0.187061336588343,2.5,0.8136967683512184,0.10924624651670456,,,0.9527027027027027,0.0022672764025628567,,,0.9459459459459459,0.004941186867654324,,,0.956081081081081,0.002665906213223934
quality_pass,domain_and_sample,sensor_family,pSERS_Metrohm_silver,locked_domain,domain__quality_pass__domain_and_sample__sensor_family__pSERS_Metrohm_silver,domain__quality_pass__domain_and_sample__sensor_family__pSERS_Metrohm_silver,structured_vae,zc48__zn16__chem0__ni0__ns0__cond0__ai0__as0__pair0__xrec0__dep0p001__e500,arpls_minmax,1729,150,296,isolated_spikes,0.5,0.018214168052623,0.0091070840263115,0.1746814035280792,0.30274253258295536,0.019272288044237692,0.19011290814769607,2.5,0.7932878003939692,0.10806797072291374,,,0.9898648648648649,5.912841152166948e-05,,,1.0,0.00013549605500884354,,,0.9932432432432432,7.066694524837658e-05
quality_pass,domain_and_sample,sensor_family,pSERS_Metrohm_silver,locked_domain,domain__quality_pass__domain_and_sample__sensor_family__pSERS_Metrohm_silver,domain__quality_pass__domain_and_sample__sensor_family__pSERS_Metrohm_silver,structured_vae,zc48__zn16__chem0__ni0__ns0__cond0__ai0__as0__pair0__xrec0__dep0p001__e500,arpls_minmax,1729,150,296,isolated_spikes,1.0,0.018253652153847378,0.009126826076923689,0.1747339792421839,0.3020044548924664,0.019273544523673664,0.19194385108330791,2.5,0.7939861113931602,0.10677012801170349,,,0.9797297297297297,0.0002559640852268785,,,0.9763513513513513,0.0005431791651062667,,,0.9898648648648649,0.00030146195786073804
quality_pass,domain_and_sample,sensor_family,pSERS_Metrohm_silver,locked_domain,domain__quality_pass__domain_and_sample__sensor_family__pSERS_Metrohm_silver,domain__quality_pass__domain_and_sample__sensor_family__pSERS_Metrohm_silver,structured_vae,zc48__zn16__chem0__ni0__ns0__cond0__ai0__as0__pair0__xrec0__dep0p001__e500,arpls_minmax,1729,150,296,isolated_spikes,1.5,0.01831618075173694,0.00915809037586847,0.17475149058803435,0.2990957258302782,0.019277178643113985,0.19041806530363137,2.5,0.7813570821421737,0.10274449177086353,,,0.9763513513513513,0.0005872658221051097,,,0.972972972972973,0.001398446736857295,,,0.9763513513513513,0.000710098713170737
quality_pass,domain_and_sample,sensor_family,pSERS_Metrohm_silver,locked_domain,domain__quality_pass__domain_and_sample__sensor_family__pSERS_Metrohm_silver,domain__quality_pass__domain_and_sample__sensor_family__pSERS_Metrohm_silver,structured_vae,zc48__zn16__chem0__ni0__ns0__cond0__ai0__as0__pair0__xrec0__dep0p001__e500,arpls_minmax,1729,150,296,edge_filled_shift,0.5,0.018141634088145193,0.009070817044072596,0.1747934462567728,0.30028560069471055,0.01926866820199298,0.19041806530363137,2.5,0.7849477075487785,0.10552019637543708,,,0.956081081081081,0.0008456618525087833,,,0.9662162162162162,0.0005729508702643216,,,0.956081081081081,0.0006666155532002449
quality_pass,domain_and_sample,sensor_family,pSERS_Metrohm_silver,locked_domain,domain__quality_pass__domain_and_sample__sensor_family__pSERS_Metrohm_silver,domain__quality_pass__domain_and_sample__sensor_family__pSERS_Metrohm_silver,structured_vae,zc48__zn16__chem0__ni0__ns0__cond0__ai0__as0__pair0__xrec0__dep0p001__e500,arpls_minmax,1729,150,296,edge_filled_shift,1.0,0.01814606612753914,0.00907303306376957,0.1749094438012245,0.2985479019692339,0.019272670554754113,0.18858712236801953,2.5,0.7793722108662172,0.1072205901145935,,,0.9121621621621622,0.0014287222875282168,,,0.9527027027027027,0.0011817315826192498,,,0.9594594594594594,0.0012104676570743322
quality_pass,domain_and_sample,sensor_family,pSERS_Metrohm_silver,locked_domain,domain__quality_pass__domain_and_sample__sensor_family__pSERS_Metrohm_silver,domain__quality_pass__domain_and_sample__sensor_family__pSERS_Metrohm_silver,structured_vae,zc48__zn16__chem0__ni0__ns0__cond0__ai0__as0__pair0__xrec0__dep0p001__e500,arpls_minmax,1729,150,296,edge_filled_shift,1.5,0.01811389373253898,0.00905694686626949,0.17487647118890604,0.2951889811817302,0.019262843205657697,0.18797680805614891,2.5,0.803593944765163,0.10784847289323807,,,0.9256756756756757,0.0020005430560559034,,,0.9459459459459459,0.0016476467717438936,,,0.9425675675675675,0.0017084432765841484
quality_pass,domain_and_sample,sensor_family,pSERS_Metrohm_silver,locked_domain,domain__quality_pass__domain_and_sample__sensor_family__pSERS_Metrohm_silver,domain__quality_pass__domain_and_sample__sensor_family__pSERS_Metrohm_silver,structured_vae,zc48__zn16__chem0__ni0__ns0__cond0__ai0__as0__pair0__xrec0__dep0p001__e500,arpls_minmax,1729,150,296,gaussian_broadening,0.5,0.018183933289988706,0.009091966644994353,0.1746837333264339,0.3023064676904733,0.019269806477054643,0.1916386939273726,2.5,0.8187817226777925,0.10875716483860742,,,1.0,1.4097505300014745e-05,,,0.9966216216216216,1.1583236300793942e-05,,,0.9966216216216216,1.1737885870388709e-05
quality_pass,domain_and_sample,sensor_family,pSERS_Metrohm_silver,locked_domain,domain__quality_pass__domain_and_sample__sensor_family__pSERS_Metrohm_silver,domain__quality_pass__domain_and_sample__sensor_family__pSERS_Metrohm_silver,structured_vae,zc48__zn16__chem0__ni0__ns0__cond0__ai0__as0__pair0__xrec0__dep0p001__e500,arpls_minmax,1729,150,296,gaussian_broadening,1.0,0.01820328678560588,0.00910164339280294,0.1746552407866994,0.301685832736834,0.019268045756038587,0.19194385108330791,2.5,0.7991159318431025,0.10824833907827269,,,0.9864864864864865,0.00015621833154000342,,,0.9932432432432432,0.00012525009515229613,,,0.9932432432432432,0.00012913729005958885
quality_pass,domain_and_sample,sensor_family,pSERS_Metrohm_silver,locked_domain,domain__quality_pass__domain_and_sample__sensor_family__pSERS_Metrohm_silver,domain__quality_pass__domain_and_sample__sensor_family__pSERS_Metrohm_silver,structured_vae,zc48__zn16__chem0__ni0__ns0__cond0__ai0__as0__pair0__xrec0__dep0p001__e500,arpls_minmax,1729,150,296,gaussian_broadening,1.5,0.018227946439229408,0.009113973219614704,0.17465072239782012,0.3008486920179414,0.01926672975514404,0.19194385108330791,2.5,0.8019971140329603,0.10856648259505164,,,0.9797297297297297,0.00035299541195854545,,,0.9864864864864865,0.0002892607299145311,,,0.9864864864864865,0.00029364670626819134
quality_pass,domain_and_sample,sensor_family,pSERS_Metrohm_silver,locked_domain,domain__quality_pass__domain_and_sample__sensor_family__pSERS_Metrohm_silver,domain__quality_pass__domain_and_sample__sensor_family__pSERS_Metrohm_silver,structured_vae,zc48__zn16__chem0__ni0__ns0__cond0__ai0__as0__pair0__xrec0__dep0p001__e500,arpls_minmax,1729,150,296,composite,0.5,0.025308461573151354,0.012654230786575677,0.1853098173393077,0.23178802098741477,0.01942404978108558,0.19682636557827282,2.5,1.0487373276551615,0.10285171866416931,,,0.7533783783783784,0.08760637044906616,,,0.8141891891891891,0.09940586239099503,,,0.875,0.08577001839876175
quality_pass,domain_and_sample,sensor_family,pSERS_Metrohm_silver,locked_domain,domain__quality_pass__domain_and_sample__sensor_family__pSERS_Metrohm_silver,domain__quality_pass__domain_and_sample__sensor_family__pSERS_Metrohm_silver,structured_vae,zc48__zn16__chem0__ni0__ns0__cond0__ai0__as0__pair0__xrec0__dep0p001__e500,arpls_minmax,1729,150,296,composite,1.0,0.03222199565035084,0.01611099782517542,0.20187535596627953,0.16254769039919426,0.019606055637464734,0.19407995117485505,2.5,1.1202329899570997,0.09502343833446503,,,0.6554054054054054,0.18952609598636627,,,0.706081081081081,0.2331327497959137,,,0.6959459459459459,0.19721145927906036
quality_pass,domain_and_sample,sensor_family,pSERS_Metrohm_silver,locked_domain,domain__quality_pass__domain_and_sample__sensor_family__pSERS_Metrohm_silver,domain__quality_pass__domain_and_sample__sensor_family__pSERS_Metrohm_silver,structured_vae,zc48__zn16__chem0__ni0__ns0__cond0__ai0__as0__pair0__xrec0__dep0p001__e500,arpls_minmax,1729,150,296,composite,1.5,0.040719866219040356,0.020359933109520178,0.2113077687736632,0.11478028327893713,0.01981684416340631,0.18126335062557217,2.25,1.4313013300084125,0.08794029988348484,,,0.5912162162162162,0.31251102685928345,,,0.5371621621621622,0.32519251108169556,,,0.5608108108108109,0.31322067975997925
quality_pass,domain_only,instrument,Agilent-1,locked_domain,domain__quality_pass__domain_only__instrument__Agilent-1,domain__quality_pass__domain_only__instrument__Agilent-1,structured_vae,zc48__zn16__chem0__ni0__ns0__cond0__ai0__as0__pair0__xrec0__dep0p001__e500,arpls_minmax,1729,471,29,scale_offset,0.5,0.00540985861291852,0.00270492930645926,0.08961892672371792,0.9417853419469212,0.006163291149131108,,2.0,0.2705699357613746,0.05541865376289934,0.8416666666666667,0.8872180451127819,0.9310344827586207,0.015629557892680168,0.4969696969696969,0.5187969924812029,0.896551724137931,0.059434838593006134,0.7727272727272728,0.802923976608187,0.9655172413793104,0.018090710043907166
quality_pass,domain_only,instrument,Agilent-1,locked_domain,domain__quality_pass__domain_only__instrument__Agilent-1,domain__quality_pass__domain_only__instrument__Agilent-1,structured_vae,zc48__zn16__chem0__ni0__ns0__cond0__ai0__as0__pair0__xrec0__dep0p001__e500,arpls_minmax,1729,471,29,scale_offset,1.0,0.008271509292433582,0.004135754646216791,0.10620074991163352,0.9261340132147482,0.006418014818208621,,2.0,0.3162537365628171,0.057948433328419924,0.6787878787878787,0.7643874643874643,0.7586206896551724,0.05741017311811447,0.5272727272727273,0.5756613756613757,0.8275862068965517,0.06341028958559036,0.7151515151515152,0.7990196078431372,0.7931034482758621,0.053913664072752
quality_pass,domain_only,instrument,Agilent-1,locked_domain,domain__quality_pass__domain_only__instrument__Agilent-1,domain__quality_pass__domain_only__instrument__Agilent-1,structured_vae,zc48__zn16__chem0__ni0__ns0__cond0__ai0__as0__pair0__xrec0__dep0p001__e500,arpls_minmax,1729,471,29,scale_offset,1.5,0.009396656215397902,0.004698328107698951,0.11049825882147471,0.9301054694055724,0.006463648944035817,,2.0,0.34065661418466076,0.07208972470834851,0.6484848484848484,0.7733058135534915,0.7241379310344828,0.08222617208957672,0.48560606060606065,0.5386543281280123,0.7586206896551724,0.24412254989147186,0.49621212121212127,0.638095238095238,0.5172413793103449,0.1050291508436203
quality_pass,domain_only,instrument,Agilent-1,locked_domain,domain__quality_pass__domain_only__instrument__Agilent-1,domain__quality_pass__domain_only__instrument__Agilent-1,structured_vae,zc48__zn16__chem0__ni0__ns0__cond0__ai0__as0__pair0__xrec0__dep0p001__e500,arpls_minmax,1729,471,29,smooth_baseline,0.5,0.005601058982101407,0.0028005294910507035,0.09915460407977511,0.926950331012508,0.00635598366187356,,2.0,0.28281055120529947,0.0507584607694298,0.7999999999999999,0.8241758241758242,0.896551724137931,0.03900880739092827,0.6787878787878787,0.6900584795321638,0.6206896551724138,0.25683820247650146,0.903030303030303,0.9100529100529101,0.8620689655172413,0.05425013601779938
quality_pass,domain_only,instrument,Agilent-1,locked_domain,domain__quality_pass__domain_only__instrument__Agilent-1,domain__quality_pass__domain_only__instrument__Agilent-1,structured_vae,zc48__zn16__chem0__ni0__ns0__cond0__ai0__as0__pair0__xrec0__dep0p001__e500,arpls_minmax,1729,471,29,smooth_baseline,1.0,0.007504301063760507,0.0037521505318802535,0.11848004194348422,0.9173163733555406,0.0065930909169492095,,2.0,0.3406856265703917,0.056053648702800274,0.7999999999999999,0.8096830705526358,0.8620689655172413,0.1209430918097496,0.5242424242424243,0.5929995929995929,0.5862068965517241,0.41623789072036743,0.8196969696969697,0.8637566137566136,0.7931034482758621,0.15040592849254608
quality_pass,domain_only,instrument,Agilent-1,locked_domain,domain__quality_pass__domain_only__instrument__Agilent-1,domain__quality_pass__domain_only__instrument__Agilent-1,structured_vae,zc48__zn16__chem0__ni0__ns0__cond0__ai0__as0__pair0__xrec0__dep0p001__e500,arpls_minmax,1729,471,29,smooth_baseline,1.5,0.01124798281147262,0.00562399140573631,0.13986360379489396,0.8944377542345643,0.006957323871396568,,2.0,0.34053292855960443,0.07431790232658386,0.7916666666666666,0.7904040404040403,0.8275862068965517,0.21714280545711517,0.3803030303030303,0.41992802519118305,0.4827586206896552,0.5615577101707458,0.778030303030303,0.8359788359788359,0.7586206896551724,0.25405561923980713
quality_pass,domain_only,instrument,Agilent-1,locked_domain,domain__quality_pass__domain_only__instrument__Agilent-1,domain__quality_pass__domain_only__instrument__Agilent-1,structured_vae,zc48__zn16__chem0__ni0__ns0__cond0__ai0__as0__pair0__xrec0__dep0p001__e500,arpls_minmax,1729,471,29,gaussian_noise,0.5,0.004643445689723858,0.002321722844861929,0.08338732352449973,0.941535248791275,0.006112648020765242,,2.0,0.2525684450640116,0.049383590929210186,0.7999999999999999,0.854251012145749,0.9655172413793104,0.0002729132247623056,0.4666666666666666,0.45714285714285713,1.0,0.0013276091776788235,0.8060606060606061,0.8462962962962962,0.9310344827586207,0.00033376135979779065
quality_pass,domain_only,instrument,Agilent-1,locked_domain,domain__quality_pass__domain_only__instrument__Agilent-1,domain__quality_pass__domain_only__instrument__Agilent-1,structured_vae,zc48__zn16__chem0__ni0__ns0__cond0__ai0__as0__pair0__xrec0__dep0p001__e500,arpls_minmax,1729,471,29,gaussian_noise,1.0,0.004661288071933978,0.002330644035966989,0.08456897159623888,0.939687535595931,0.0061334189466252555,,2.0,0.2623512970218483,0.05370878707617521,0.7810606060606061,0.8721997300944669,0.896551724137931,0.0015914378454908729,0.4666666666666666,0.45714285714285713,1.0,0.008116397075355053,0.8393939393939395,0.8708061002178648,0.896551724137931,0.0020613381639122963
quality_pass,domain_only,instrument,Agilent-1,locked_domain,domain__quality_pass__domain_only__instrument__Agilent-1,domain__quality_pass__domain_only__instrument__Agilent-1,structured_vae,zc48__zn16__chem0__ni0__ns0__cond0__ai0__as0__pair0__xrec0__dep0p001__e500,arpls_minmax,1729,471,29,gaussian_noise,1.5,0.004650110608104916,0.002325055304052458,0.08566004962486157,0.9378345000350684,0.006157393564177885,,2.0,0.27262662380854236,0.04679420776665211,0.8113636363636364,0.8282828282828283,0.8275862068965517,0.0036594539415091276,0.4666666666666666,0.45714285714285713,1.0,0.024951856583356857,0.8060606060606061,0.8462962962962962,0.9310344827586207,0.0052731879986822605
quality_pass,domain_only,instrument,Agilent-1,locked_domain,domain__quality_pass__domain_only__instrument__Agilent-1,domain__quality_pass__domain_only__instrument__Agilent-1,structured_vae,zc48__zn16__chem0__ni0__ns0__cond0__ai0__as0__pair0__xrec0__dep0p001__e500,arpls_minmax,1729,471,29,isolated_spikes,0.5,0.004663806769308117,0.0023319033846540584,0.08313047840714839,0.9416290189595095,0.006102788063841437,,2.0,0.26062763292581687,0.04908797424286604,0.7999999999999999,0.871345029239766,1.0,0.00010780013690236956,0.4666666666666666,0.45714285714285713,1.0,0.0002725021622609347,0.7727272727272728,0.8185185185185184,0.9655172413793104,0.00011867489956784993
quality_pass,domain_only,instrument,Agilent-1,locked_domain,domain__quality_pass__domain_only__instrument__Agilent-1,domain__quality_pass__domain_only__instrument__Agilent-1,structured_vae,zc48__zn16__chem0__ni0__ns0__cond0__ai0__as0__pair0__xrec0__dep0p001__e500,arpls_minmax,1729,471,29,isolated_spikes,1.0,0.00465730133803837,0.002328650669019185,0.08315613812389527,0.9414873143648478,0.006100107871952729,,2.0,0.26969932836809113,0.04989790078252554,0.8113636363636364,0.871345029239766,0.896551724137931,0.0004121455713175237,0.4666666666666666,0.45714285714285713,1.0,0.0007100125658325851,0.7727272727272728,0.802923976608187,1.0,0.00042123012826777995
quality_pass,domain_only,instrument,Agilent-1,locked_domain,domain__quality_pass__domain_only__instrument__Agilent-1,domain__quality_pass__domain_only__instrument__Agilent-1,structured_vae,zc48__zn16__chem0__ni0__ns0__cond0__ai0__as0__pair0__xrec0__dep0p001__e500,arpls_minmax,1729,471,29,isolated_spikes,1.5,0.004642756898518277,0.0023213784492591384,0.08295882828073671,0.9431412508884932,0.006110655244909288,,2.0,0.2724786215378072,0.0499194385483861,0.7696969696969697,0.8554720133667502,0.9655172413793104,0.0009158520842902362,0.5,0.48888888888888893,0.9655172413793104,0.003669557860121131,0.7727272727272728,0.802923976608187,1.0,0.0011343442602083087
quality_pass,domain_only,instrument,Agilent-1,locked_domain,domain__quality_pass__domain_only__instrument__Agilent-1,domain__quality_pass__domain_only__instrument__Agilent-1,structured_vae,zc48__zn16__chem0__ni0__ns0__cond0__ai0__as0__pair0__xrec0__dep0p001__e500,arpls_minmax,1729,471,29,edge_filled_shift,0.5,0.004687146022719887,0.0023435730113599436,0.0833872505805946,0.9389047618504635,0.006101754132424387,,2.0,0.2613854533025254,0.05060267215594649,0.7393939393939394,0.8222222222222223,0.896551724137931,0.0014030912425369024,0.4666666666666666,0.45714285714285713,0.9655172413793104,0.008733139373362064,0.7727272727272728,0.802923976608187,1.0,0.0017975321970880032
quality_pass,domain_only,instrument,Agilent-1,locked_domain,domain__quality_pass__domain_only__instrument__Agilent-1,domain__quality_pass__domain_only__instrument__Agilent-1,structured_vae,zc48__zn16__chem0__ni0__ns0__cond0__ai0__as0__pair0__xrec0__dep0p001__e500,arpls_minmax,1729,471,29,edge_filled_shift,1.0,0.004757734270206687,0.0023788671351033437,0.08361626131978761,0.9425128991897831,0.006094628582802916,,2.0,0.2357357967787473,0.052375733852386475,0.8030303030303031,0.873015873015873,0.9310344827586207,0.0029130331240594387,0.4666666666666666,0.47117794486215536,0.9310344827586207,0.01446169801056385,0.7727272727272728,0.8185185185185184,0.9655172413793104,0.004073500633239746
quality_pass,domain_only,instrument,Agilent-1,locked_domain,domain__quality_pass__domain_only__instrument__Agilent-1,domain__quality_pass__domain_only__instrument__Agilent-1,structured_vae,zc48__zn16__chem0__ni0__ns0__cond0__ai0__as0__pair0__xrec0__dep0p001__e500,arpls_minmax,1729,471,29,edge_filled_shift,1.5,0.004732397430985873,0.0023661987154929365,0.08367777388599418,0.9444753385434136,0.00609363762583906,,2.0,0.25206076723866716,0.05060267215594649,0.8446969696969697,0.8913308913308914,0.8620689655172413,0.0034209222067147493,0.43333333333333335,0.4205128205128205,0.8275862068965517,0.020226379856467247,0.7727272727272728,0.8185185185185184,0.9655172413793104,0.004535732790827751
quality_pass,domain_only,instrument,Agilent-1,locked_domain,domain__quality_pass__domain_only__instrument__Agilent-1,domain__quality_pass__domain_only__instrument__Agilent-1,structured_vae,zc48__zn16__chem0__ni0__ns0__cond0__ai0__as0__pair0__xrec0__dep0p001__e500,arpls_minmax,1729,471,29,gaussian_broadening,0.5,0.004662396797355697,0.0023311983986778486,0.08307424373839355,0.9418556117871525,0.006101014569571827,,2.0,0.26928670423815987,0.050548596773296595,0.7999999999999999,0.871345029239766,1.0,6.577064226576113e-08,0.4666666666666666,0.45714285714285713,1.0,6.124890887804213e-07,0.7727272727272728,0.802923976608187,1.0,1.500392841080611e-07
quality_pass,domain_only,instrument,Agilent-1,locked_domain,domain__quality_pass__domain_only__instrument__Agilent-1,domain__quality_pass__domain_only__instrument__Agilent-1,structured_vae,zc48__zn16__chem0__ni0__ns0__cond0__ai0__as0__pair0__xrec0__dep0p001__e500,arpls_minmax,1729,471,29,gaussian_broadening,1.0,0.004665385129292783,0.0023326925646463916,0.08308100433234553,0.9418825631919439,0.006099514294881567,,2.0,0.2696628774681557,0.050470282789319754,0.7999999999999999,0.871345029239766,1.0,2.086162567138672e-06,0.4666666666666666,0.45714285714285713,1.0,1.2531362699519377e-05,0.7727272727272728,0.802923976608187,1.0,3.2186508178710938e-06
quality_pass,domain_only,instrument,Agilent-1,locked_domain,domain__quality_pass__domain_only__instrument__Agilent-1,domain__quality_pass__domain_only__instrument__Agilent-1,structured_vae,zc48__zn16__chem0__ni0__ns0__cond0__ai0__as0__pair0__xrec0__dep0p001__e500,arpls_minmax,1729,471,29,gaussian_broadening,1.5,0.004670094346100724,0.002335047173050362,0.08309432375661598,0.9419110774839097,0.006097374790709309,,2.0,0.2701867238618121,0.05036502284929156,0.7999999999999999,0.871345029239766,1.0,9.528522241453175e-06,0.4666666666666666,0.45714285714285713,1.0,6.132290582172573e-05,0.7727272727272728,0.802923976608187,1.0,1.5098473340913188e-05
quality_pass,domain_only,instrument,Agilent-1,locked_domain,domain__quality_pass__domain_only__instrument__Agilent-1,domain__quality_pass__domain_only__instrument__Agilent-1,structured_vae,zc48__zn16__chem0__ni0__ns0__cond0__ai0__as0__pair0__xrec0__dep0p001__e500,arpls_minmax,1729,471,29,composite,0.5,0.006609850058876802,0.003304925029438401,0.11196852434759297,0.9237099175969634,0.006434792316091918,,2.0,0.3229071479956356,0.051001328276470304,0.8416666666666667,0.8571428571428572,0.8620689655172413,0.07288222014904022,0.6121212121212121,0.6215538847117794,0.5172413793103449,0.2954954504966736,0.8393939393939395,0.8552115583075336,0.9310344827586207,0.09129191935062408
quality_pass,domain_only,instrument,Agilent-1,locked_domain,domain__quality_pass__domain_only__instrument__Agilent-1,domain__quality_pass__domain_only__instrument__Agilent-1,structured_vae,zc48__zn16__chem0__ni0__ns0__cond0__ai0__as0__pair0__xrec0__dep0p001__e500,arpls_minmax,1729,471,29,composite,1.0,0.010631587672964867,0.005315793836482434,0.12542889007391705,0.9165970634146191,0.0067252451649439,,2.0,0.34172896510402984,0.06775274983374402,0.6977272727272728,0.7272727272727274,0.8275862068965517,0.14014334976673126,0.43333333333333335,0.42355889724310775,0.6206896551724138,0.4437977373600006,0.7643939393939395,0.8468253968253968,0.7586206896551724,0.16324730217456818
quality_pass,domain_only,instrument,Agilent-1,locked_domain,domain__quality_pass__domain_only__instrument__Agilent-1,domain__quality_pass__domain_only__instrument__Agilent-1,structured_vae,zc48__zn16__chem0__ni0__ns0__cond0__ai0__as0__pair0__xrec0__dep0p001__e500,arpls_minmax,1729,471,29,composite,1.5,0.019414161655622007,0.009707080827811004,0.16043148247813535,0.8619096160857233,0.007154026018437502,,2.0,0.33500330912112786,0.07458654325455427,0.728030303030303,0.7554112554112554,0.7241379310344828,0.30854037404060364,0.3416666666666666,0.35294117647058826,0.3448275862068966,0.6385007500648499,0.706060606060606,0.774074074074074,0.7241379310344828,0.3578713834285736
quality_pass,domain_only,instrument,Agilent-3,locked_domain,domain__quality_pass__domain_only__instrument__Agilent-3,domain__quality_pass__domain_only__instrument__Agilent-3,structured_vae,zc48__zn16__chem0__ni0__ns0__cond0__ai0__as0__pair0__xrec0__dep0p001__e500,arpls_minmax,1729,428,72,scale_offset,0.5,0.01083713340400496,0.00541856670200248,0.14171670350264104,0.8993097107529106,0.00659379403511667,,2.0,0.230491970810834,0.06187220272840932,0.4577097505668934,0.4451455629155977,0.9583333333333334,0.012904535979032516,0.4368583797155225,0.4053043730463085,0.9027777777777778,0.023418135941028595,0.5424036281179138,0.5296619431957778,0.9722222222222222,0.013873026706278324
quality_pass,domain_only,instrument,Agilent-3,locked_domain,domain__quality_pass__domain_only__instrument__Agilent-3,domain__quality_pass__domain_only__instrument__Agilent-3,structured_vae,zc48__zn16__chem0__ni0__ns0__cond0__ai0__as0__pair0__xrec0__dep0p001__e500,arpls_minmax,1729,428,72,scale_offset,1.0,0.01189638180246519,0.005948190901232595,0.14879025175793326,0.8828809809792337,0.0067743869868893535,,2.0,0.28463947918227495,0.06424869962211233,0.4246031746031746,0.3964895691436602,0.8888888888888888,0.04875331372022629,0.39935837971552257,0.3683776540919398,0.7638888888888888,0.11458085477352142,0.5654195011337868,0.5712224283652855,0.9583333333333334,0.052466776221990585
quality_pass,domain_only,instrument,Agilent-3,locked_domain,domain__quality_pass__domain_only__instrument__Agilent-3,domain__quality_pass__domain_only__instrument__Agilent-3,structured_vae,zc48__zn16__chem0__ni0__ns0__cond0__ai0__as0__pair0__xrec0__dep0p001__e500,arpls_minmax,1729,428,72,scale_offset,1.5,0.014836193489437448,0.007418096744718724,0.16391959771549494,0.8758640032649514,0.006971857537508821,,2.0,0.23531743426757584,0.07015164309268584,0.3692460317460317,0.34969153958701005,0.7777777777777778,0.10503654927015305,0.4032905586477015,0.372977751453836,0.6944444444444444,0.1767413467168808,0.4075113378684807,0.3931361071560407,0.75,0.11613443493843079
quality_pass,domain_only,instrument,Agilent-3,locked_domain,domain__quality_pass__domain_only__instrument__Agilent-3,domain__quality_pass__domain_only__instrument__Agilent-3,structured_vae,zc48__zn16__chem0__ni0__ns0__cond0__ai0__as0__pair0__xrec0__dep0p001__e500,arpls_minmax,1729,428,72,smooth_baseline,0.5,0.009948785551871477,0.004974392775935739,0.14090149805552737,0.9109594062726734,0.006584172248689076,,2.0,0.2149527131691994,0.06088041189650539,0.48684807256235824,0.48533509097418875,0.9861111111111112,0.035802602767944336,0.5326376004947433,0.5120526532291239,0.7916666666666666,0.09523125737905502,0.560062358276644,0.5610509665809206,0.9305555555555556,0.042752955108881
quality_pass,domain_only,instrument,Agilent-3,locked_domain,domain__quality_pass__domain_only__instrument__Agilent-3,domain__quality_pass__domain_only__instrument__Agilent-3,structured_vae,zc48__zn16__chem0__ni0__ns0__cond0__ai0__as0__pair0__xrec0__dep0p001__e500,arpls_minmax,1729,428,72,smooth_baseline,1.0,0.011113728362143369,0.0055568641810716845,0.15337490540318288,0.8833892143456823,0.0067394388853075,,2.0,0.2411252346462605,0.058962587267160416,0.5200345289631004,0.5325948561242678,0.7361111111111112,0.09732972085475922,0.5438388991960421,0.5209653092006034,0.8333333333333334,0.2176879346370697,0.5121263656977944,0.5081363831363832,0.8611111111111112,0.12039913237094879
quality_pass,domain_only,instrument,Agilent-3,locked_domain,domain__quality_pass__domain_only__instrument__Agilent-3,domain__quality_pass__domain_only__instrument__Agilent-3,structured_vae,zc48__zn16__chem0__ni0__ns0__cond0__ai0__as0__pair0__xrec0__dep0p001__e500,arpls_minmax,1729,428,72,smooth_baseline,1.5,0.012707614302544456,0.006353807151272228,0.1649888706533264,0.8590076262741427,0.007009677130910703,,2.0,0.241414803882967,0.07711065138573758,0.4705679241393527,0.47395018613506007,0.6388888888888888,0.17185254395008087,0.4946042053184911,0.47353896103896104,0.7777777777777778,0.3021053671836853,0.4799835085549371,0.4747062461348176,0.8055555555555556,0.20546449720859528
quality_pass,domain_only,instrument,Agilent-3,locked_domain,domain__quality_pass__domain_only__instrument__Agilent-3,domain__quality_pass__domain_only__instrument__Agilent-3,structured_vae,zc48__zn16__chem0__ni0__ns0__cond0__ai0__as0__pair0__xrec0__dep0p001__e500,arpls_minmax,1729,428,72,gaussian_noise,0.5,0.010236813514985585,0.005118406757492792,0.1361730287402919,0.9112025745455306,0.006537429338456539,,2.0,0.2150265411238354,0.052291344152763486,0.49399092970521535,0.49468626611483746,0.9861111111111112,0.0001673880615271628,0.4686765615337044,0.4370841330993134,0.9722222222222222,0.0004993106122128665,0.5582766439909297,0.5609750745089092,0.9861111111111112,0.00020646800112444907
quality_pass,domain_only,instrument,Agilent-3,locked_domain,domain__quality_pass__domain_only__instrument__Agilent-3,domain__quality_pass__domain_only__instrument__Agilent-3,structured_vae,zc48__zn16__chem0__ni0__ns0__cond0__ai0__as0__pair0__xrec0__dep0p001__e500,arpls_minmax,1729,428,72,gaussian_noise,1.0,0.010164730322428072,0.005082365161214036,0.13617585523234788,0.912642749988742,0.006544347737364941,,2.0,0.21388592121156882,0.05432688628206961,0.49399092970521535,0.49468626611483746,0.9861111111111112,0.0009242743253707886,0.4758194186765615,0.44676456441162327,0.9722222222222222,0.0021503353491425514,0.5582766439909297,0.5609750745089092,0.9861111111111112,0.0010935051832348108
quality_pass,domain_only,instrument,Agilent-3,locked_domain,domain__quality_pass__domain_only__instrument__Agilent-3,domain__quality_pass__domain_only__instrument__Agilent-3,structured_vae,zc48__zn16__chem0__ni0__ns0__cond0__ai0__as0__pair0__xrec0__dep0p001__e500,arpls_minmax,1729,428,72,gaussian_noise,1.5,0.010128189161796428,0.005064094580898214,0.1365088764051279,0.909915031291644,0.006565449629977886,,2.0,0.2109015333313477,0.054930118029005826,0.48684807256235824,0.48827600970458107,0.9722222222222222,0.0022372230887413025,0.42971552257266543,0.3981059687341521,0.9305555555555556,0.007507161237299442,0.5582766439909297,0.5609750745089092,0.9861111111111112,0.0027956878766417503
quality_pass,domain_only,instrument,Agilent-3,locked_domain,domain__quality_pass__domain_only__instrument__Agilent-3,domain__quality_pass__domain_only__instrument__Agilent-3,structured_vae,zc48__zn16__chem0__ni0__ns0__cond0__ai0__as0__pair0__xrec0__dep0p001__e500,arpls_minmax,1729,428,72,isolated_spikes,0.5,0.010243268862722216,0.005121634431361108,0.13610086483879144,0.9115291764650082,0.006532672810743277,,2.0,0.2138113031076784,0.05150758568197489,0.49399092970521535,0.4940194960000572,1.0,2.5147364794975147e-05,0.4628324056895486,0.43320261437908497,0.9722222222222222,9.254863107344136e-05,0.5654195011337868,0.5677687391973106,1.0,3.4200649679405615e-05
quality_pass,domain_only,instrument,Agilent-3,locked_domain,domain__quality_pass__domain_only__instrument__Agilent-3,domain__quality_pass__domain_only__instrument__Agilent-3,structured_vae,zc48__zn16__chem0__ni0__ns0__cond0__ai0__as0__pair0__xrec0__dep0p001__e500,arpls_minmax,1729,428,72,isolated_spikes,1.0,0.010229390891323437,0.005114695445661718,0.1360156483516854,0.9118344355257273,0.0065308212057213055,,2.0,0.21042474691582314,0.052711546391947195,0.49399092970521535,0.4940194960000572,1.0,0.00010699281847337261,0.4758194186765615,0.44663506428212313,0.9861111111111112,0.0003206332621630281,0.5654195011337868,0.5677687391973106,1.0,0.00013468497490976006
quality_pass,domain_only,instrument,Agilent-3,locked_domain,domain__quality_pass__domain_only__instrument__Agilent-3,domain__quality_pass__domain_only__instrument__Agilent-3,structured_vae,zc48__zn16__chem0__ni0__ns0__cond0__ai0__as0__pair0__xrec0__dep0p001__e500,arpls_minmax,1729,428,72,isolated_spikes,1.5,0.010236271111770875,0.005118135555885438,0.13608883564290936,0.9132694326518653,0.006533352789528131,,2.0,0.21473633456825095,0.049800767097622156,0.49399092970521535,0.4940194960000572,1.0,0.0002265647053718567,0.44270253555967837,0.41090629800307227,0.9444444444444444,0.0008467742009088397,0.5654195011337868,0.5677687391973106,1.0,0.00029151473427191377
quality_pass,domain_only,instrument,Agilent-3,locked_domain,domain__quality_pass__domain_only__instrument__Agilent-3,domain__quality_pass__domain_only__instrument__Agilent-3,structured_vae,zc48__zn16__chem0__ni0__ns0__cond0__ai0__as0__pair0__xrec0__dep0p001__e500,arpls_minmax,1729,428,72,edge_filled_shift,0.5,0.01027188354305891,0.005135941771529455,0.13631886227463064,0.9103486311414057,0.0065353668318000446,,2.0,0.2198399847558487,0.05166850797832012,0.47811791383219954,0.47064287262343385,0.9861111111111112,0.001413085381500423,0.47760513296227586,0.4454689575657317,0.9305555555555556,0.0028560832142829895,0.5584750566893424,0.5463736977683133,0.9305555555555556,0.0017195484833791852
quality_pass,domain_only,instrument,Agilent-3,locked_domain,domain__quality_pass__domain_only__instrument__Agilent-3,domain__quality_pass__domain_only__instrument__Agilent-3,structured_vae,zc48__zn16__chem0__ni0__ns0__cond0__ai0__as0__pair0__xrec0__dep0p001__e500,arpls_minmax,1729,428,72,edge_filled_shift,1.0,0.01030154743891231,0.005150773719456155,0.1367793846394373,0.9093499969927701,0.006538491386026906,,2.0,0.22923712455177003,0.056121058563196546,0.49399092970521535,0.4940194960000572,1.0,0.0029227244667708874,0.4816635745207174,0.4510464235321921,0.9444444444444444,0.006109957117587328,0.5743480725623582,0.5763833277779433,0.9722222222222222,0.0036159951705485582
quality_pass,domain_only,instrument,Agilent-3,locked_domain,domain__quality_pass__domain_only__instrument__Agilent-3,domain__quality_pass__domain_only__instrument__Agilent-3,structured_vae,zc48__zn16__chem0__ni0__ns0__cond0__ai0__as0__pair0__xrec0__dep0p001__e500,arpls_minmax,1729,428,72,edge_filled_shift,1.5,0.010286522401277469,0.0051432612006387345,0.13663449547427498,0.9099500374510643,0.006548448901480496,,2.0,0.2218705485414768,0.057733649329748005,0.43015873015873013,0.4031856645097064,0.9166666666666666,0.004256748594343662,0.4686765615337044,0.43809423410941445,0.9166666666666666,0.007997952401638031,0.5066893424036281,0.4987444479925683,0.9444444444444444,0.004992934409528971
quality_pass,domain_only,instrument,Agilent-3,locked_domain,domain__quality_pass__domain_only__instrument__Agilent-3,domain__quality_pass__domain_only__instrument__Agilent-3,structured_vae,zc48__zn16__chem0__ni0__ns0__cond0__ai0__as0__pair0__xrec0__dep0p001__e500,arpls_minmax,1729,428,72,gaussian_broadening,0.5,0.010249077950519006,0.005124538975259503,0.13613487082573364,0.9112847742921608,0.006530972319767934,,2.0,0.20926715207406654,0.05286169608007185,0.49399092970521535,0.4940194960000572,1.0,2.3759073997098312e-07,0.4758194186765615,0.44691668230567666,1.0,4.329615137521614e-07,0.5654195011337868,0.5677687391973106,1.0,2.6159816002291336e-07
quality_pass,domain_only,instrument,Agilent-3,locked_domain,domain__quality_pass__domain_only__instrument__Agilent-3,domain__quality_pass__domain_only__instrument__Agilent-3,structured_vae,zc48__zn16__chem0__ni0__ns0__cond0__ai0__as0__pair0__xrec0__dep0p001__e500,arpls_minmax,1729,428,72,gaussian_broadening,1.0,0.010248404043689026,0.005124202021844513,0.1361266859326386,0.9112989916414505,0.006530216918101222,,2.0,0.2091581249393203,0.05280071121524088,0.49399092970521535,0.4940194960000572,1.0,4.656612873077393e-06,0.4758194186765615,0.44663506428212313,0.9861111111111112,9.48376145970542e-06,0.5654195011337868,0.5677687391973106,1.0,5.045698799222009e-06
quality_pass,domain_only,instrument,Agilent-3,locked_domain,domain__quality_pass__domain_only__instrument__Agilent-3,domain__quality_pass__domain_only__instrument__Agilent-3,structured_vae,zc48__zn16__chem0__ni0__ns0__cond0__ai0__as0__pair0__xrec0__dep0p001__e500,arpls_minmax,1729,428,72,gaussian_broadening,1.5,0.010247988645174526,0.005123994322587263,0.13612035243361356,0.9113043968678222,0.006529187748382203,,2.0,0.2090054341702997,0.05430404224898666,0.49399092970521535,0.4940194960000572,1.0,1.976473504328169e-05,0.4758194186765615,0.44663506428212313,0.9861111111111112,4.749000072479248e-05,0.5654195011337868,0.5677687391973106,1.0,2.265473267470952e-05
quality_pass,domain_only,instrument,Agilent-3,locked_domain,domain__quality_pass__domain_only__instrument__Agilent-3,domain__quality_pass__domain_only__instrument__Agilent-3,structured_vae,zc48__zn16__chem0__ni0__ns0__cond0__ai0__as0__pair0__xrec0__dep0p001__e500,arpls_minmax,1729,428,72,composite,0.5,0.010891291348890532,0.005445645674445266,0.1469133203663489,0.904189530670826,0.00663685782898119,,2.0,0.20892985896728145,0.06294543575495481,0.436281179138322,0.42444233922260227,0.9027777777777778,0.0571281760931015,0.4875541125541126,0.45058161195512686,0.8194444444444444,0.11496642231941223,0.560062358276644,0.5632588672850618,0.9166666666666666,0.06601852923631668
quality_pass,domain_only,instrument,Agilent-3,locked_domain,domain__quality_pass__domain_only__instrument__Agilent-3,domain__quality_pass__domain_only__instrument__Agilent-3,structured_vae,zc48__zn16__chem0__ni0__ns0__cond0__ai0__as0__pair0__xrec0__dep0p001__e500,arpls_minmax,1729,428,72,composite,1.0,0.014030809078668167,0.007015404539334084,0.16351771601528797,0.8576966336040753,0.006914243934543685,,2.0,0.23289371718496552,0.06311806733720005,0.4250798804370233,0.40762381766362304,0.7083333333333334,0.143536776304245,0.4877164502164502,0.4522807280160221,0.7083333333333334,0.26340731978416443,0.5118480725623583,0.49284441049146926,0.75,0.15953363478183746
quality_pass,domain_only,instrument,Agilent-3,locked_domain,domain__quality_pass__domain_only__instrument__Agilent-3,domain__quality_pass__domain_only__instrument__Agilent-3,structured_vae,zc48__zn16__chem0__ni0__ns0__cond0__ai0__as0__pair0__xrec0__dep0p001__e500,arpls_minmax,1729,428,72,composite,1.5,0.019021357394875933,0.009510678697437967,0.18183577852820257,0.8224701237404404,0.007265640451579088,,2.0,0.2613162808988926,0.06746910698711872,0.423294166151309,0.41766039749233025,0.6527777777777778,0.2568739354610443,0.3456709956709957,0.33265460030165916,0.5972222222222222,0.36588776111602783,0.4623814677386106,0.4611973883549407,0.75,0.2791993319988251
quality_pass,domain_only,instrument,Mira-1,locked_domain,domain__quality_pass__domain_only__instrument__Mira-1,domain__quality_pass__domain_only__instrument__Mira-1,structured_vae,zc48__zn16__chem0__ni0__ns0__cond0__ai0__as0__pair0__xrec0__dep0p001__e500,arpls_minmax,1729,479,21,scale_offset,0.5,0.005658327553136516,0.002829163776568258,0.08659733076495309,0.9558469679751063,0.00637957666608977,,1.0,0.15256444386426618,0.0395639892667532,0.8095238095238096,0.7333333333333334,1.0,0.03564990684390068,0.5425685425685426,0.48181818181818176,0.9047619047619048,0.020638372749090195,0.8571428571428571,0.797979797979798,0.9523809523809523,0.031324297189712524
quality_pass,domain_only,instrument,Mira-1,locked_domain,domain__quality_pass__domain_only__instrument__Mira-1,domain__quality_pass__domain_only__instrument__Mira-1,structured_vae,zc48__zn16__chem0__ni0__ns0__cond0__ai0__as0__pair0__xrec0__dep0p001__e500,arpls_minmax,1729,479,21,scale_offset,1.0,0.007024806485746309,0.0035124032428731546,0.09555323358222789,0.9566605061416187,0.0062890042794581675,,1.0,0.1566188213109752,0.045766583643853664,0.8095238095238096,0.7333333333333334,1.0,0.10752040147781372,0.39105339105339104,0.35555555555555557,0.6190476190476191,0.13689792156219482,0.8095238095238096,0.7333333333333334,1.0,0.1071140319108963
quality_pass,domain_only,instrument,Mira-1,locked_domain,domain__quality_pass__domain_only__instrument__Mira-1,domain__quality_pass__domain_only__instrument__Mira-1,structured_vae,zc48__zn16__chem0__ni0__ns0__cond0__ai0__as0__pair0__xrec0__dep0p001__e500,arpls_minmax,1729,479,21,scale_offset,1.5,0.011309522537349162,0.005654761268674581,0.1114790444351043,0.9393657643086821,0.006736059026886886,,1.0,0.14147773096947996,0.057081208447925746,0.746031746031746,0.7279314888010541,0.9047619047619048,0.20224149525165558,0.3434343434343434,0.28034188034188035,0.7142857142857143,0.22106973826885223,0.6248196248196248,0.5851851851851851,0.7142857142857143,0.193916454911232
quality_pass,domain_only,instrument,Mira-1,locked_domain,domain__quality_pass__domain_only__instrument__Mira-1,domain__quality_pass__domain_only__instrument__Mira-1,structured_vae,zc48__zn16__chem0__ni0__ns0__cond0__ai0__as0__pair0__xrec0__dep0p001__e500,arpls_minmax,1729,479,21,smooth_baseline,0.5,0.004136363063183455,0.0020681815315917273,0.09006224159069545,0.9571376526930095,0.006594898542068537,,1.0,0.1420836561896056,0.044764492427930236,0.8095238095238096,0.7333333333333334,1.0,0.07380906492471695,0.5425685425685426,0.5,0.8571428571428571,0.051687922328710556,0.6984126984126983,0.6632996632996633,0.9523809523809523,0.06589815765619278
quality_pass,domain_only,instrument,Mira-1,locked_domain,domain__quality_pass__domain_only__instrument__Mira-1,domain__quality_pass__domain_only__instrument__Mira-1,structured_vae,zc48__zn16__chem0__ni0__ns0__cond0__ai0__as0__pair0__xrec0__dep0p001__e500,arpls_minmax,1729,479,21,smooth_baseline,1.0,0.004935490673856664,0.002467745336928332,0.09712204641976362,0.9505459399663198,0.006752224899697764,,1.5,0.19284053204622506,0.05152142979204655,0.8095238095238096,0.7333333333333334,1.0,0.15926602482795715,0.544011544011544,0.5822890559732664,0.6190476190476191,0.10615845024585724,0.7157287157287158,0.6892551892551891,0.8571428571428571,0.14422261714935303
quality_pass,domain_only,instrument,Mira-1,locked_domain,domain__quality_pass__domain_only__instrument__Mira-1,domain__quality_pass__domain_only__instrument__Mira-1,structured_vae,zc48__zn16__chem0__ni0__ns0__cond0__ai0__as0__pair0__xrec0__dep0p001__e500,arpls_minmax,1729,479,21,smooth_baseline,1.5,0.008212349315894872,0.004106174657947436,0.11933891196026647,0.8941811625323705,0.007128905591671355,,1.5,0.21913003370289663,0.07248961552977562,0.8095238095238096,0.7333333333333334,1.0,0.2519681453704834,0.16883116883116886,0.23838383838383836,0.38095238095238093,0.30093199014663696,0.8095238095238096,0.7410628019323671,0.9523809523809523,0.2538204789161682
quality_pass,domain_only,instrument,Mira-1,locked_domain,domain__quality_pass__domain_only__instrument__Mira-1,domain__quality_pass__domain_only__instrument__Mira-1,structured_vae,zc48__zn16__chem0__ni0__ns0__cond0__ai0__as0__pair0__xrec0__dep0p001__e500,arpls_minmax,1729,479,21,gaussian_noise,0.5,0.0033560712653569152,0.0016780356326784576,0.0722477871021114,0.9585779426375736,0.00636221208834156,,1.0,0.14181271250924796,0.03400490526109934,0.8095238095238096,0.7333333333333334,1.0,0.0003038985305465758,0.5252525252525252,0.42857142857142855,1.0,0.0005162102752365172,0.8095238095238096,0.7333333333333334,1.0,0.00035186042077839375
quality_pass,domain_only,instrument,Mira-1,locked_domain,domain__quality_pass__domain_only__instrument__Mira-1,domain__quality_pass__domain_only__instrument__Mira-1,structured_vae,zc48__zn16__chem0__ni0__ns0__cond0__ai0__as0__pair0__xrec0__dep0p001__e500,arpls_minmax,1729,479,21,gaussian_noise,1.0,0.003352303975656972,0.001676151987828486,0.07232114800088474,0.9584668959170494,0.006362105825861288,,1.0,0.1390527709848637,0.03342988295480609,0.8095238095238096,0.7333333333333334,1.0,0.0016270903870463371,0.5252525252525252,0.42857142857142855,1.0,0.0024157394655048847,0.8095238095238096,0.7333333333333334,1.0,0.0017362037906423211
quality_pass,domain_only,instrument,Mira-1,locked_domain,domain__quality_pass__domain_only__instrument__Mira-1,domain__quality_pass__domain_only__instrument__Mira-1,structured_vae,zc48__zn16__chem0__ni0__ns0__cond0__ai0__as0__pair0__xrec0__dep0p001__e500,arpls_minmax,1729,479,21,gaussian_noise,1.5,0.003332398784934094,0.001666199392467047,0.0727036439361844,0.9572602217537016,0.006379900834373465,,1.0,0.13119097102373364,0.03284311108291149,0.8095238095238096,0.7333333333333334,1.0,0.002790805883705616,0.494949494949495,0.41111111111111115,0.9523809523809523,0.004487273283302784,0.8095238095238096,0.7333333333333334,1.0,0.0031438299920409918
quality_pass,domain_only,instrument,Mira-1,locked_domain,domain__quality_pass__domain_only__instrument__Mira-1,domain__quality_pass__domain_only__instrument__Mira-1,structured_vae,zc48__zn16__chem0__ni0__ns0__cond0__ai0__as0__pair0__xrec0__dep0p001__e500,arpls_minmax,1729,479,21,isolated_spikes,0.5,0.0033837067226482873,0.0016918533613241437,0.07277361935161693,0.9584274302577946,0.006363889814135111,,1.0,0.1408405600938262,0.032806572038680315,0.8095238095238096,0.7333333333333334,1.0,5.007357685826719e-05,0.5252525252525252,0.42857142857142855,1.0,9.787650196813047e-05,0.8095238095238096,0.7333333333333334,1.0,5.572466761805117e-05
quality_pass,domain_only,instrument,Mira-1,locked_domain,domain__quality_pass__domain_only__instrument__Mira-1,domain__quality_pass__domain_only__instrument__Mira-1,structured_vae,zc48__zn16__chem0__ni0__ns0__cond0__ai0__as0__pair0__xrec0__dep0p001__e500,arpls_minmax,1729,479,21,isolated_spikes,1.0,0.003366134514123793,0.0016830672570618964,0.07291360100531824,0.9580556867282423,0.006372114786538485,,1.0,0.14093180332436478,0.03377189766615629,0.8095238095238096,0.7333333333333334,1.0,0.0001965165138244629,0.5252525252525252,0.42857142857142855,1.0,0.0002997177070938051,0.8095238095238096,0.7333333333333334,1.0,0.00022114458261057734
quality_pass,domain_only,instrument,Mira-1,locked_domain,domain__quality_pass__domain_only__instrument__Mira-1,domain__quality_pass__domain_only__instrument__Mira-1,structured_vae,zc48__zn16__chem0__ni0__ns0__cond0__ai0__as0__pair0__xrec0__dep0p001__e500,arpls_minmax,1729,479,21,isolated_spikes,1.5,0.003407736875656288,0.001703868437828144,0.07301471487962526,0.9583001506856763,0.006364709704280451,,1.0,0.136055999288167,0.03243683651089668,0.8095238095238096,0.7333333333333334,1.0,0.0004245638847351074,0.5252525252525252,0.42857142857142855,1.0,0.0007605609716847539,0.8095238095238096,0.7333333333333334,1.0,0.0004990639863535762
quality_pass,domain_only,instrument,Mira-1,locked_domain,domain__quality_pass__domain_only__instrument__Mira-1,domain__quality_pass__domain_only__instrument__Mira-1,structured_vae,zc48__zn16__chem0__ni0__ns0__cond0__ai0__as0__pair0__xrec0__dep0p001__e500,arpls_minmax,1729,479,21,edge_filled_shift,0.5,0.003407296684193014,0.001703648342096507,0.07314375859916496,0.9585437352527942,0.006371928399272713,,1.0,0.15698710444724112,0.030467132106423378,0.8095238095238096,0.7555555555555555,0.9523809523809523,0.004298142157495022,0.5252525252525252,0.42857142857142855,1.0,0.00978502444922924,0.7792207792207791,0.6992784992784994,0.9523809523809523,0.005180719308555126
quality_pass,domain_only,instrument,Mira-1,locked_domain,domain__quality_pass__domain_only__instrument__Mira-1,domain__quality_pass__domain_only__instrument__Mira-1,structured_vae,zc48__zn16__chem0__ni0__ns0__cond0__ai0__as0__pair0__xrec0__dep0p001__e500,arpls_minmax,1729,479,21,edge_filled_shift,1.0,0.003346095389618708,0.001673047694809354,0.07374293797268151,0.9560482494457841,0.0063911539267671,,1.0,0.15009008954273434,0.033693134784698486,0.8095238095238096,0.7333333333333334,1.0,0.0061762984842062,0.5252525252525252,0.42857142857142855,1.0,0.011742634698748589,0.8095238095238096,0.7333333333333334,1.0,0.007451866287738085
quality_pass,domain_only,instrument,Mira-1,locked_domain,domain__quality_pass__domain_only__instrument__Mira-1,domain__quality_pass__domain_only__instrument__Mira-1,structured_vae,zc48__zn16__chem0__ni0__ns0__cond0__ai0__as0__pair0__xrec0__dep0p001__e500,arpls_minmax,1729,479,21,edge_filled_shift,1.5,0.003382731094960392,0.001691365547480196,0.07563661458228188,0.9588854280251145,0.006420387784775416,,1.0,0.1563287341782875,0.03314609453082085,0.8095238095238096,0.7333333333333334,1.0,0.011433376930654049,0.494949494949495,0.41111111111111115,0.9047619047619048,0.014252543449401855,0.7792207792207791,0.6992784992784994,0.9523809523809523,0.011915065348148346
quality_pass,domain_only,instrument,Mira-1,locked_domain,domain__quality_pass__domain_only__instrument__Mira-1,domain__quality_pass__domain_only__instrument__Mira-1,structured_vae,zc48__zn16__chem0__ni0__ns0__cond0__ai0__as0__pair0__xrec0__dep0p001__e500,arpls_minmax,1729,479,21,gaussian_broadening,0.5,0.0033836920094579117,0.0016918460047289558,0.07276765456482188,0.9583298476381231,0.006365615027940035,,1.0,0.1421558337132524,0.03287059208378196,0.8095238095238096,0.7333333333333334,1.0,6.01723058935022e-07,0.5252525252525252,0.42857142857142855,1.0,1.8534205992182251e-06,0.8095238095238096,0.7333333333333334,1.0,7.748603820800781e-07
quality_pass,domain_only,instrument,Mira-1,locked_domain,domain__quality_pass__domain_only__instrument__Mira-1,domain__quality_pass__domain_only__instrument__Mira-1,structured_vae,zc48__zn16__chem0__ni0__ns0__cond0__ai0__as0__pair0__xrec0__dep0p001__e500,arpls_minmax,1729,479,21,gaussian_broadening,1.0,0.0033854430505852826,0.0016927215252926413,0.07289154716122635,0.9583483566191572,0.006365076336771295,,1.0,0.14220767960969244,0.03275588667020202,0.8095238095238096,0.7333333333333334,1.0,1.2440340469765943e-05,0.5252525252525252,0.42857142857142855,1.0,3.912903048330918e-05,0.8095238095238096,0.7333333333333334,1.0,1.5448957128683105e-05
quality_pass,domain_only,instrument,Mira-1,locked_domain,domain__quality_pass__domain_only__instrument__Mira-1,domain__quality_pass__domain_only__instrument__Mira-1,structured_vae,zc48__zn16__chem0__ni0__ns0__cond0__ai0__as0__pair0__xrec0__dep0p001__e500,arpls_minmax,1729,479,21,gaussian_broadening,1.5,0.003386744016083629,0.0016933720080418145,0.07306276014223737,0.9583781849397411,0.006364348033584851,,1.0,0.13960666592920573,0.03257904713973403,0.8095238095238096,0.7333333333333334,1.0,5.6079454225255176e-05,0.5252525252525252,0.42857142857142855,1.0,0.00018639791232999414,0.8095238095238096,0.7333333333333334,1.0,7.188036397565156e-05
quality_pass,domain_only,instrument,Mira-1,locked_domain,domain__quality_pass__domain_only__instrument__Mira-1,domain__quality_pass__domain_only__instrument__Mira-1,structured_vae,zc48__zn16__chem0__ni0__ns0__cond0__ai0__as0__pair0__xrec0__dep0p001__e500,arpls_minmax,1729,479,21,composite,0.5,0.0056839499913514824,0.0028419749956757412,0.09528484346949376,0.9534839990541318,0.0066630797414267496,,1.0,0.1449741848073916,0.042369451373815536,0.8095238095238096,0.7333333333333334,1.0,0.10296403616666794,0.6075036075036074,0.5826960563802669,0.7619047619047619,0.06291315704584122,0.7489177489177489,0.6666666666666666,0.9047619047619048,0.09160230308771133
quality_pass,domain_only,instrument,Mira-1,locked_domain,domain__quality_pass__domain_only__instrument__Mira-1,domain__quality_pass__domain_only__instrument__Mira-1,structured_vae,zc48__zn16__chem0__ni0__ns0__cond0__ai0__as0__pair0__xrec0__dep0p001__e500,arpls_minmax,1729,479,21,composite,1.0,0.009420844249546746,0.004710422124773373,0.10749435193172754,0.9104119197673074,0.006880483047836334,,1.0,0.15763520146974733,0.07092919945716858,0.6984126984126983,0.6818181818181818,0.9047619047619048,0.1983652561903,0.45598845598845594,0.5151515151515151,0.38095238095238093,0.2614043951034546,0.6378066378066377,0.6205128205128205,0.8095238095238095,0.2025102823972702
quality_pass,domain_only,instrument,Mira-1,locked_domain,domain__quality_pass__domain_only__instrument__Mira-1,domain__quality_pass__domain_only__instrument__Mira-1,structured_vae,zc48__zn16__chem0__ni0__ns0__cond0__ai0__as0__pair0__xrec0__dep0p001__e500,arpls_minmax,1729,479,21,composite,1.5,0.013420436308813283,0.0067102181544066416,0.1273594800383505,0.8937432606687276,0.007097265803391551,,2.0,0.19068435072391848,0.07347437739372253,0.668109668109668,0.6507936507936508,0.8571428571428571,0.29504257440567017,0.2842712842712843,0.34848484848484845,0.19047619047619047,0.4643316864967346,0.7027417027417027,0.6795112781954886,0.7142857142857143,0.3226405680179596
quality_pass,domain_only,instrument,Mira-2,locked_domain,domain__quality_pass__domain_only__instrument__Mira-2,domain__quality_pass__domain_only__instrument__Mira-2,structured_vae,zc48__zn16__chem0__ni0__ns0__cond0__ai0__as0__pair0__xrec0__dep0p001__e500,arpls_minmax,1729,426,74,scale_offset,0.5,0.004544829119316499,0.0022724145596582494,0.07778219972013614,0.9608577636273056,0.004369789276559346,,1.5,0.1697366329697722,0.05992178991436958,0.28372670807453415,0.3357771260997068,0.9054054054054054,0.01816963031888008,0.4718633540372671,0.3773636363636364,0.8918918918918919,0.01691625267267227,0.2737267080745342,0.32350230414746545,0.8783783783783784,0.01495409943163395
quality_pass,domain_only,instrument,Mira-2,locked_domain,domain__quality_pass__domain_only__instrument__Mira-2,domain__quality_pass__domain_only__instrument__Mira-2,structured_vae,zc48__zn16__chem0__ni0__ns0__cond0__ai0__as0__pair0__xrec0__dep0p001__e500,arpls_minmax,1729,426,74,scale_offset,1.0,0.007996322597683592,0.003998161298841796,0.091147276653703,0.9532642814146096,0.004631507196672302,,2.0,0.14842143921713333,0.0682152034714818,0.2724223602484472,0.33665768194070084,0.8513513513513513,0.06472098082304001,0.4399378881987578,0.4139455782312925,0.8243243243243243,0.06983718276023865,0.26527950310559006,0.32615484710474946,0.8783783783783784,0.055765293538570404
quality_pass,domain_only,instrument,Mira-2,locked_domain,domain__quality_pass__domain_only__instrument__Mira-2,domain__quality_pass__domain_only__instrument__Mira-2,structured_vae,zc48__zn16__chem0__ni0__ns0__cond0__ai0__as0__pair0__xrec0__dep0p001__e500,arpls_minmax,1729,426,74,scale_offset,1.5,0.013860448601087033,0.006930224300543517,0.11043889875880548,0.9397296635096815,0.004786207439095448,,2.0,0.19856219421296975,0.07431940082460642,0.2581366459627329,0.3241758241758242,0.7432432432432432,0.12888775765895844,0.24434782608695654,0.2905098945543839,0.7432432432432432,0.1388656198978424,0.25527950310559006,0.32080822403403053,0.7972972972972973,0.11779336631298065
quality_pass,domain_only,instrument,Mira-2,locked_domain,domain__quality_pass__domain_only__instrument__Mira-2,domain__quality_pass__domain_only__instrument__Mira-2,structured_vae,zc48__zn16__chem0__ni0__ns0__cond0__ai0__as0__pair0__xrec0__dep0p001__e500,arpls_minmax,1729,426,74,smooth_baseline,0.5,0.005421080543910252,0.002710540271955126,0.0887297350619253,0.950668598623742,0.004642322300062855,,2.0,0.13650691349024247,0.05855788150802255,0.37372670807453423,0.3880332056194125,0.8108108108108109,0.04049433767795563,0.4605590062111801,0.39008805031446536,0.9459459459459459,0.06063833087682724,0.2724223602484472,0.34257703081232493,0.8918918918918919,0.0386313796043396
quality_pass,domain_only,instrument,Mira-2,locked_domain,domain__quality_pass__domain_only__instrument__Mira-2,domain__quality_pass__domain_only__instrument__Mira-2,structured_vae,zc48__zn16__chem0__ni0__ns0__cond0__ai0__as0__pair0__xrec0__dep0p001__e500,arpls_minmax,1729,426,74,smooth_baseline,1.0,0.008398107834127793,0.0041990539170638965,0.1079458334763402,0.933020971327745,0.00505490244385781,,2.0,0.1877511222570293,0.06774583716469351,0.2737267080745342,0.34148148148148144,0.7297297297297297,0.10724642127752304,0.23757763975155283,0.24654088050314465,0.7837837837837838,0.22633235156536102,0.2637267080745342,0.336036866359447,0.7702702702702703,0.11060172319412231
quality_pass,domain_only,instrument,Mira-2,locked_domain,domain__quality_pass__domain_only__instrument__Mira-2,domain__quality_pass__domain_only__instrument__Mira-2,structured_vae,zc48__zn16__chem0__ni0__ns0__cond0__ai0__as0__pair0__xrec0__dep0p001__e500,arpls_minmax,1729,426,74,smooth_baseline,1.5,0.012302913967128088,0.006151456983564044,0.12517326241083146,0.9059341649632349,0.005563659032885525,,2.0,0.19841078331580786,0.06755452556535602,0.30372670807453417,0.3191452991452991,0.6891891891891891,0.16956467926502228,0.20031055900621117,0.21712099473935917,0.7567567567567568,0.28106725215911865,0.366583850931677,0.3756559139784946,0.8108108108108109,0.17375479638576508
quality_pass,domain_only,instrument,Mira-2,locked_domain,domain__quality_pass__domain_only__instrument__Mira-2,domain__quality_pass__domain_only__instrument__Mira-2,structured_vae,zc48__zn16__chem0__ni0__ns0__cond0__ai0__as0__pair0__xrec0__dep0p001__e500,arpls_minmax,1729,426,74,gaussian_noise,0.5,0.00354653087920649,0.001773265439603245,0.07177899841716555,0.9636297759461807,0.004278325201485202,,2.0,0.16976048015802045,0.04957513511180878,0.29086956521739127,0.3435483870967742,0.9864864864864865,0.0004520746588241309,0.4590062111801242,0.389894419306184,0.9864864864864865,0.0004805036587640643,0.2824223602484472,0.35659863945578235,0.9594594594594594,0.00037381937727332115
quality_pass,domain_only,instrument,Mira-2,locked_domain,domain__quality_pass__domain_only__instrument__Mira-2,domain__quality_pass__domain_only__instrument__Mira-2,structured_vae,zc48__zn16__chem0__ni0__ns0__cond0__ai0__as0__pair0__xrec0__dep0p001__e500,arpls_minmax,1729,426,74,gaussian_noise,1.0,0.003646974038421462,0.001823487019210731,0.07286245193797634,0.9619365049027986,0.004298827930560877,,1.5,0.1590303581926752,0.05085165239870548,0.2995652173913044,0.35666666666666663,0.9594594594594594,0.0026493973564356565,0.4518633540372671,0.38471794871794873,0.9594594594594594,0.0017354810843244195,0.2824223602484472,0.35019607843137257,0.9864864864864865,0.002018826315179467
quality_pass,domain_only,instrument,Mira-2,locked_domain,domain__quality_pass__domain_only__instrument__Mira-2,domain__quality_pass__domain_only__instrument__Mira-2,structured_vae,zc48__zn16__chem0__ni0__ns0__cond0__ai0__as0__pair0__xrec0__dep0p001__e500,arpls_minmax,1729,426,74,gaussian_noise,1.5,0.0038409352391499015,0.0019204676195749507,0.07503375429988834,0.9607590241548692,0.0043383800244995805,,2.0,0.13848807366043517,0.05055937860743143,0.29086956521739127,0.3435483870967742,0.9459459459459459,0.0077680074609816074,0.4590062111801242,0.389894419306184,0.972972972972973,0.00413856003433466,0.27956521739130435,0.3383141762452107,0.9594594594594594,0.005629505030810833
quality_pass,domain_only,instrument,Mira-2,locked_domain,domain__quality_pass__domain_only__instrument__Mira-2,domain__quality_pass__domain_only__instrument__Mira-2,structured_vae,zc48__zn16__chem0__ni0__ns0__cond0__ai0__as0__pair0__xrec0__dep0p001__e500,arpls_minmax,1729,426,74,isolated_spikes,0.5,0.0035176714360124536,0.0017588357180062268,0.07141530241023718,0.9639251170937604,0.004266960053275861,,2.0,0.16617853643310435,0.04758582450449467,0.2995652173913044,0.35595307917888563,0.9864864864864865,0.00017510555335320532,0.4518633540372671,0.33364705882352946,0.972972972972973,0.00039070521597750485,0.2824223602484472,0.35019607843137257,0.9864864864864865,0.00018339059897698462
quality_pass,domain_only,instrument,Mira-2,locked_domain,domain__quality_pass__domain_only__instrument__Mira-2,domain__quality_pass__domain_only__instrument__Mira-2,structured_vae,zc48__zn16__chem0__ni0__ns0__cond0__ai0__as0__pair0__xrec0__dep0p001__e500,arpls_minmax,1729,426,74,isolated_spikes,1.0,0.003509048515546398,0.001754524257773199,0.07136512133358536,0.9640977162037224,0.004274621519972633,,2.0,0.16203324802246072,0.048879802227020264,0.29086956521739127,0.3435483870967742,0.9864864864864865,0.0007775595295242965,0.46770186335403724,0.3642533936651584,0.9594594594594594,0.0021314346231520176,0.2895652173913043,0.35182389937106917,0.9864864864864865,0.0009197270264849067
quality_pass,domain_only,instrument,Mira-2,locked_domain,domain__quality_pass__domain_only__instrument__Mira-2,domain__quality_pass__domain_only__instrument__Mira-2,structured_vae,zc48__zn16__chem0__ni0__ns0__cond0__ai0__as0__pair0__xrec0__dep0p001__e500,arpls_minmax,1729,426,74,isolated_spikes,1.5,0.003540964848863996,0.001770482424431998,0.0716401875930177,0.9636742589783618,0.004276711395829516,,2.0,0.1586419493214301,0.05215561110526323,0.30826086956521737,0.36848484848484847,0.972972972972973,0.001580753829330206,0.46770186335403724,0.3642533936651584,0.9594594594594594,0.0033295652829110622,0.2895652173913043,0.35182389937106917,0.9594594594594594,0.001767359091900289
quality_pass,domain_only,instrument,Mira-2,locked_domain,domain__quality_pass__domain_only__instrument__Mira-2,domain__quality_pass__domain_only__instrument__Mira-2,structured_vae,zc48__zn16__chem0__ni0__ns0__cond0__ai0__as0__pair0__xrec0__dep0p001__e500,arpls_minmax,1729,426,74,edge_filled_shift,0.5,0.0035357747874106373,0.0017678873937053187,0.07160014385071696,0.9634924789223498,0.004274368276098592,,1.5,0.1526499139173628,0.04737120866775513,0.29086956521739127,0.34304985337243404,1.0,0.0017966926097869873,0.4518633540372671,0.3536470588235295,0.9594594594594594,0.0031821655575186014,0.2724223602484472,0.3309433962264151,0.9594594594594594,0.0018267816631123424
quality_pass,domain_only,instrument,Mira-2,locked_domain,domain__quality_pass__domain_only__instrument__Mira-2,domain__quality_pass__domain_only__instrument__Mira-2,structured_vae,zc48__zn16__chem0__ni0__ns0__cond0__ai0__as0__pair0__xrec0__dep0p001__e500,arpls_minmax,1729,426,74,edge_filled_shift,1.0,0.0035534393406057925,0.0017767196703028963,0.07203469338088035,0.9628520730788035,0.004272395760338485,,2.0,0.15840158420469583,0.05392988957464695,0.266583850931677,0.3243966547192354,0.9459459459459459,0.00410494627431035,0.4503105590062112,0.3509803921568628,0.9864864864864865,0.007298766635358334,0.24944099378881987,0.31432258064516133,0.918918918918919,0.0038241269066929817
quality_pass,domain_only,instrument,Mira-2,locked_domain,domain__quality_pass__domain_only__instrument__Mira-2,domain__quality_pass__domain_only__instrument__Mira-2,structured_vae,zc48__zn16__chem0__ni0__ns0__cond0__ai0__as0__pair0__xrec0__dep0p001__e500,arpls_minmax,1729,426,74,edge_filled_shift,1.5,0.0035780967744468923,0.0017890483872234461,0.07211562131688207,0.9617521995390474,0.004272345739702857,,2.0,0.16288946249682537,0.05392988957464695,0.2737267080745342,0.32597072879330946,0.9459459459459459,0.005792802199721336,0.4547204968944099,0.35151515151515145,0.918918918918919,0.007829258218407631,0.2752795031055901,0.3490591397849462,0.9054054054054054,0.005528606940060854
quality_pass,domain_only,instrument,Mira-2,locked_domain,domain__quality_pass__domain_only__instrument__Mira-2,domain__quality_pass__domain_only__instrument__Mira-2,structured_vae,zc48__zn16__chem0__ni0__ns0__cond0__ai0__as0__pair0__xrec0__dep0p001__e500,arpls_minmax,1729,426,74,gaussian_broadening,0.5,0.0034992694558104234,0.0017496347279052117,0.07127008221211308,0.9637924883172254,0.004263725448111764,,2.0,0.16938583916026317,0.04876135755330324,0.29086956521739127,0.34304985337243404,1.0,1.320967868423395e-07,0.4590062111801242,0.3565610859728507,1.0,1.5948269549426186e-07,0.2824223602484472,0.3471794871794872,1.0,1.2484755984587537e-07
quality_pass,domain_only,instrument,Mira-2,locked_domain,domain__quality_pass__domain_only__instrument__Mira-2,domain__quality_pass__domain_only__instrument__Mira-2,structured_vae,zc48__zn16__chem0__ni0__ns0__cond0__ai0__as0__pair0__xrec0__dep0p001__e500,arpls_minmax,1729,426,74,gaussian_broadening,1.0,0.0035012077073577107,0.0017506038536788554,0.07128702598149701,0.9637988221468656,0.00426312646957108,,2.0,0.16946674601647235,0.04885604325681925,0.29086956521739127,0.34304985337243404,1.0,2.348745283597964e-06,0.4590062111801242,0.3565610859728507,1.0,3.372495257281116e-06,0.2824223602484472,0.3471794871794872,1.0,2.5283645754825557e-06
quality_pass,domain_only,instrument,Mira-2,locked_domain,domain__quality_pass__domain_only__instrument__Mira-2,domain__quality_pass__domain_only__instrument__Mira-2,structured_vae,zc48__zn16__chem0__ni0__ns0__cond0__ai0__as0__pair0__xrec0__dep0p001__e500,arpls_minmax,1729,426,74,gaussian_broadening,1.5,0.003504485570830913,0.0017522427854154564,0.07131603334637664,0.9638033673970599,0.004262255856831671,,2.0,0.16957562038655982,0.048208581283688545,0.29086956521739127,0.34304985337243404,1.0,1.1162177543155849e-05,0.4590062111801242,0.3565610859728507,1.0,1.6752126612118445e-05,0.2824223602484472,0.3471794871794872,1.0,1.2359909305814654e-05
quality_pass,domain_only,instrument,Mira-2,locked_domain,domain__quality_pass__domain_only__instrument__Mira-2,domain__quality_pass__domain_only__instrument__Mira-2,structured_vae,zc48__zn16__chem0__ni0__ns0__cond0__ai0__as0__pair0__xrec0__dep0p001__e500,arpls_minmax,1729,426,74,composite,0.5,0.007453579014539917,0.0037267895072699586,0.09554789117350893,0.9453504710532402,0.004846096731735544,,2.0,0.1553174750505372,0.059681808575987816,0.3882608695652174,0.41409701409701405,0.7702702702702703,0.06557543575763702,0.2391304347826087,0.2355125725338491,0.8648648648648649,0.08900629729032516,0.26111801242236027,0.3240343053173242,0.8378378378378378,0.05882178246974945
quality_pass,domain_only,instrument,Mira-2,locked_domain,domain__quality_pass__domain_only__instrument__Mira-2,domain__quality_pass__domain_only__instrument__Mira-2,structured_vae,zc48__zn16__chem0__ni0__ns0__cond0__ai0__as0__pair0__xrec0__dep0p001__e500,arpls_minmax,1729,426,74,composite,1.0,0.013366955240267746,0.006683477620133873,0.12464980273362422,0.9148761119391153,0.005291623744407956,,2.0,0.22505719524767473,0.0800896025612019,0.186583850931677,0.2690909090909091,0.6216216216216216,0.1616325080394745,0.21925465838509317,0.22348690153568204,0.7837837837837838,0.25763586163520813,0.2509937888198758,0.33430900896338683,0.7297297297297297,0.15347473323345184
quality_pass,domain_only,instrument,Mira-2,locked_domain,domain__quality_pass__domain_only__instrument__Mira-2,domain__quality_pass__domain_only__instrument__Mira-2,structured_vae,zc48__zn16__chem0__ni0__ns0__cond0__ai0__as0__pair0__xrec0__dep0p001__e500,arpls_minmax,1729,426,74,composite,1.5,0.023521238511491155,0.011760619255745577,0.1421244427659972,0.8861806385842209,0.005868385022784205,,2.0,0.2234106820033853,0.09748385939747095,0.18633540372670807,0.25859514687100893,0.6351351351351351,0.23017661273479462,0.3382608695652174,0.37561128526645765,0.5945945945945946,0.34463903307914734,0.29086956521739127,0.3120617110799439,0.6216216216216216,0.23013560473918915
quality_pass,domain_only,instrument,Mira-3,locked_domain,domain__quality_pass__domain_only__instrument__Mira-3,domain__quality_pass__domain_only__instrument__Mira-3,structured_vae,zc48__zn16__chem0__ni0__ns0__cond0__ai0__as0__pair0__xrec0__dep0p001__e500,arpls_minmax,1729,429,71,scale_offset,0.5,0.008634445252874625,0.0043172226264373125,0.06903725027781557,0.9412660524106218,0.00726656904200127,,2.5,0.3101174878896507,0.04872899129986763,0.32944444444444443,0.4642033337685512,0.9154929577464789,0.012936484068632126,0.25916666666666666,0.38061955965181776,0.8450704225352113,0.017966153100132942,0.3705555555555556,0.48518148518148524,0.8309859154929577,0.015100673772394657
quality_pass,domain_only,instrument,Mira-3,locked_domain,domain__quality_pass__domain_only__instrument__Mira-3,domain__quality_pass__domain_only__instrument__Mira-3,structured_vae,zc48__zn16__chem0__ni0__ns0__cond0__ai0__as0__pair0__xrec0__dep0p001__e500,arpls_minmax,1729,429,71,scale_offset,1.0,0.011464752942259175,0.0057323764711295876,0.08362735050623135,0.9412519419330178,0.007572819172785107,,3.0,0.3029222704049672,0.056302668526768684,0.3383333333333333,0.4776167471819646,0.7746478873239436,0.056182801723480225,0.29333333333333333,0.41630952380952385,0.7183098591549296,0.080503910779953,0.33416666666666667,0.45125448028673837,0.7464788732394366,0.06727539747953415
quality_pass,domain_only,instrument,Mira-3,locked_domain,domain__quality_pass__domain_only__instrument__Mira-3,domain__quality_pass__domain_only__instrument__Mira-3,structured_vae,zc48__zn16__chem0__ni0__ns0__cond0__ai0__as0__pair0__xrec0__dep0p001__e500,arpls_minmax,1729,429,71,scale_offset,1.5,0.017432645416569928,0.008716322708284964,0.09635109892119478,0.9263120928879265,0.007448601348007372,,2.5,0.28235277791744573,0.07161023747175932,0.2797222222222222,0.3975232198142415,0.6901408450704225,0.11233080923557281,0.13805555555555557,0.23643286715775239,0.6197183098591549,0.13830487430095673,0.3,0.41623931623931626,0.6619718309859155,0.1220882460474968
quality_pass,domain_only,instrument,Mira-3,locked_domain,domain__quality_pass__domain_only__instrument__Mira-3,domain__quality_pass__domain_only__instrument__Mira-3,structured_vae,zc48__zn16__chem0__ni0__ns0__cond0__ai0__as0__pair0__xrec0__dep0p001__e500,arpls_minmax,1729,429,71,smooth_baseline,0.5,0.008338319543236411,0.0041691597716182055,0.0706497837301237,0.940412436791889,0.007557918886659118,,2.0,0.3674215423939395,0.051340118050575256,0.20833333333333334,0.3162071846282372,0.7887323943661971,0.025896558538079262,0.19694444444444445,0.2873783922171019,0.7464788732394366,0.018654564395546913,0.27638888888888885,0.36461251167133524,0.704225352112676,0.025089887902140617
quality_pass,domain_only,instrument,Mira-3,locked_domain,domain__quality_pass__domain_only__instrument__Mira-3,domain__quality_pass__domain_only__instrument__Mira-3,structured_vae,zc48__zn16__chem0__ni0__ns0__cond0__ai0__as0__pair0__xrec0__dep0p001__e500,arpls_minmax,1729,429,71,smooth_baseline,1.0,0.009258039570448072,0.004629019785224036,0.07714623658133422,0.9283901724497471,0.007789597687517246,,3.0,0.32061285888291535,0.057948753237724304,0.16472222222222221,0.2735111022337628,0.6901408450704225,0.059769462794065475,0.1725,0.24382716049382716,0.6197183098591549,0.05002225562930107,0.2288888888888889,0.31062610229276894,0.6197183098591549,0.05985802039504051
quality_pass,domain_only,instrument,Mira-3,locked_domain,domain__quality_pass__domain_only__instrument__Mira-3,domain__quality_pass__domain_only__instrument__Mira-3,structured_vae,zc48__zn16__chem0__ni0__ns0__cond0__ai0__as0__pair0__xrec0__dep0p001__e500,arpls_minmax,1729,429,71,smooth_baseline,1.5,0.01046514452394255,0.005232572261971275,0.08336246049061996,0.9106375809458436,0.008142963129100742,,2.0,0.3404089546197144,0.06006203964352608,0.15888888888888889,0.26695402298850573,0.6056338028169014,0.09771639853715897,0.14583333333333334,0.18666666666666668,0.5211267605633803,0.08240191638469696,0.15916666666666665,0.2200854700854701,0.36619718309859156,0.09443005174398422
quality_pass,domain_only,instrument,Mira-3,locked_domain,domain__quality_pass__domain_only__instrument__Mira-3,domain__quality_pass__domain_only__instrument__Mira-3,structured_vae,zc48__zn16__chem0__ni0__ns0__cond0__ai0__as0__pair0__xrec0__dep0p001__e500,arpls_minmax,1729,429,71,gaussian_noise,0.5,0.007299248512099893,0.0036496242560499466,0.06395374513641021,0.9448123415699791,0.0073403049262303005,,2.5,0.3643923201097329,0.049750336445868015,0.34055555555555556,0.4778485579400911,0.9859154929577465,0.00023940415121614933,0.28583333333333333,0.40542568542568547,0.971830985915493,0.00030452769715338945,0.3972222222222222,0.525109068968718,0.9436619718309859,0.00025622776593081653
quality_pass,domain_only,instrument,Mira-3,locked_domain,domain__quality_pass__domain_only__instrument__Mira-3,domain__quality_pass__domain_only__instrument__Mira-3,structured_vae,zc48__zn16__chem0__ni0__ns0__cond0__ai0__as0__pair0__xrec0__dep0p001__e500,arpls_minmax,1729,429,71,gaussian_noise,1.0,0.007354494369957381,0.0036772471849786906,0.0644084377522571,0.9434492236654369,0.007377131762274895,,2.5,0.36476677126320467,0.051818930078297853,0.34055555555555556,0.4778485579400911,0.9577464788732394,0.0010883774375542998,0.2725,0.3896428571428572,0.9436619718309859,0.0014856071211397648,0.3838888888888889,0.5000359118006177,0.9436619718309859,0.0011780060594901443
quality_pass,domain_only,instrument,Mira-3,locked_domain,domain__quality_pass__domain_only__instrument__Mira-3,domain__quality_pass__domain_only__instrument__Mira-3,structured_vae,zc48__zn16__chem0__ni0__ns0__cond0__ai0__as0__pair0__xrec0__dep0p001__e500,arpls_minmax,1729,429,71,gaussian_noise,1.5,0.007408026319478127,0.0037040131597390635,0.06504778020795601,0.9422072716022872,0.007426479515163751,,2.5,0.37010221390284437,0.04626617208123207,0.3063888888888889,0.44790394790394794,0.8732394366197183,0.002652078401297331,0.29333333333333333,0.40810439560439565,0.8732394366197183,0.003542740596458316,0.3363888888888889,0.45352564102564097,0.8873239436619719,0.0029350847471505404
quality_pass,domain_only,instrument,Mira-3,locked_domain,domain__quality_pass__domain_only__instrument__Mira-3,domain__quality_pass__domain_only__instrument__Mira-3,structured_vae,zc48__zn16__chem0__ni0__ns0__cond0__ai0__as0__pair0__xrec0__dep0p001__e500,arpls_minmax,1729,429,71,isolated_spikes,0.5,0.007320482610917844,0.003660241305458922,0.06395049023714565,0.9397516838570354,0.007327360074718387,,2.5,0.35490776328053253,0.04955891985446215,0.32944444444444443,0.4622013317665492,0.9577464788732394,0.00021247797121759504,0.28583333333333333,0.40542568542568547,1.0,0.00029925056151114404,0.3972222222222222,0.4981684981684982,0.971830985915493,0.0002427621657261625
quality_pass,domain_only,instrument,Mira-3,locked_domain,domain__quality_pass__domain_only__instrument__Mira-3,domain__quality_pass__domain_only__instrument__Mira-3,structured_vae,zc48__zn16__chem0__ni0__ns0__cond0__ai0__as0__pair0__xrec0__dep0p001__e500,arpls_minmax,1729,429,71,isolated_spikes,1.0,0.0073581845293628646,0.0036790922646814323,0.06417759930860235,0.9411747810233381,0.007337505905746091,,2.5,0.3796126227738051,0.047277568839490414,0.32944444444444443,0.4701064701064701,0.971830985915493,0.001023919670842588,0.28583333333333333,0.40542568542568547,0.9577464788732394,0.0011817804770544171,0.3972222222222222,0.5104513380375449,0.9295774647887324,0.0010577020002529025
quality_pass,domain_only,instrument,Mira-3,locked_domain,domain__quality_pass__domain_only__instrument__Mira-3,domain__quality_pass__domain_only__instrument__Mira-3,structured_vae,zc48__zn16__chem0__ni0__ns0__cond0__ai0__as0__pair0__xrec0__dep0p001__e500,arpls_minmax,1729,429,71,isolated_spikes,1.5,0.007393823618871411,0.0036969118094357053,0.06455124788620933,0.9434711579567814,0.007348915225423551,,2.0,0.3409379235806187,0.05067411810159683,0.31611111111111106,0.4496888192540367,0.8732394366197183,0.002604409819468856,0.2725,0.38246336996336994,0.9154929577464789,0.0027933791279792786,0.3741666666666667,0.5039559683522531,0.7605633802816901,0.002732142573222518
quality_pass,domain_only,instrument,Mira-3,locked_domain,domain__quality_pass__domain_only__instrument__Mira-3,domain__quality_pass__domain_only__instrument__Mira-3,structured_vae,zc48__zn16__chem0__ni0__ns0__cond0__ai0__as0__pair0__xrec0__dep0p001__e500,arpls_minmax,1729,429,71,edge_filled_shift,0.5,0.007301666990250045,0.0036508334951250226,0.06357093389936866,0.9441466904560173,0.007343256514000853,,2.5,0.36279755324366925,0.04699964262545109,0.3725,0.5132247632247633,0.9295774647887324,0.0018840045668184757,0.2613888888888889,0.3794934640522876,0.9577464788732394,0.002689984394237399,0.35944444444444446,0.46988683830789096,0.9154929577464789,0.002106468426063657
quality_pass,domain_only,instrument,Mira-3,locked_domain,domain__quality_pass__domain_only__instrument__Mira-3,domain__quality_pass__domain_only__instrument__Mira-3,structured_vae,zc48__zn16__chem0__ni0__ns0__cond0__ai0__as0__pair0__xrec0__dep0p001__e500,arpls_minmax,1729,429,71,edge_filled_shift,1.0,0.007319805929591178,0.003659902964795589,0.06383554970801882,0.9431715605065529,0.0073270952064235706,,2.0,0.3441830159147077,0.04983387375250459,0.34055555555555556,0.4778485579400911,0.9436619718309859,0.002585082082077861,0.25166666666666665,0.36964285714285716,0.9577464788732394,0.004326435271650553,0.36166666666666664,0.46191120126211405,0.8169014084507042,0.003091350430622697
quality_pass,domain_only,instrument,Mira-3,locked_domain,domain__quality_pass__domain_only__instrument__Mira-3,domain__quality_pass__domain_only__instrument__Mira-3,structured_vae,zc48__zn16__chem0__ni0__ns0__cond0__ai0__as0__pair0__xrec0__dep0p001__e500,arpls_minmax,1729,429,71,edge_filled_shift,1.5,0.007253198717873212,0.003626599358936606,0.063191047045193,0.9441466904560173,0.007319899830605058,,2.5,0.37297821598272546,0.05425682198256254,0.35027777777777774,0.48929020553734515,0.9014084507042254,0.005898446310311556,0.24055555555555555,0.35171568627450983,0.9295774647887324,0.00781339779496193,0.3838888888888889,0.491285403050109,0.7746478873239436,0.00619463762268424
quality_pass,domain_only,instrument,Mira-3,locked_domain,domain__quality_pass__domain_only__instrument__Mira-3,domain__quality_pass__domain_only__instrument__Mira-3,structured_vae,zc48__zn16__chem0__ni0__ns0__cond0__ai0__as0__pair0__xrec0__dep0p001__e500,arpls_minmax,1729,429,71,gaussian_broadening,0.5,0.007309744209453813,0.0036548721047269064,0.06376377218365191,0.9404349758515309,0.007317637368756968,,2.5,0.35365515625350774,0.04615284688770771,0.32944444444444443,0.4622013317665492,1.0,3.7609692071782774e-07,0.28583333333333333,0.40542568542568547,1.0,2.510111016817973e-07,0.3972222222222222,0.4981684981684982,1.0,3.5594885616774263e-07
quality_pass,domain_only,instrument,Mira-3,locked_domain,domain__quality_pass__domain_only__instrument__Mira-3,domain__quality_pass__domain_only__instrument__Mira-3,structured_vae,zc48__zn16__chem0__ni0__ns0__cond0__ai0__as0__pair0__xrec0__dep0p001__e500,arpls_minmax,1729,429,71,gaussian_broadening,1.0,0.007305937670751229,0.0036529688353756145,0.06368457967513314,0.9413647376875026,0.007316565469242284,,2.25,0.35468909772483104,0.046478348318487406,0.32944444444444443,0.4622013317665492,1.0,7.56475265006884e-06,0.28583333333333333,0.40542568542568547,1.0,4.935432571073761e-06,0.3972222222222222,0.4981684981684982,1.0,6.621992270083865e-06
quality_pass,domain_only,instrument,Mira-3,locked_domain,domain__quality_pass__domain_only__instrument__Mira-3,domain__quality_pass__domain_only__instrument__Mira-3,structured_vae,zc48__zn16__chem0__ni0__ns0__cond0__ai0__as0__pair0__xrec0__dep0p001__e500,arpls_minmax,1729,429,71,gaussian_broadening,1.5,0.007299491461903348,0.003649745730951674,0.06356222319475646,0.9428956774902962,0.007315142167572342,,2.25,0.3573101739362139,0.045516954734921455,0.32944444444444443,0.4622013317665492,1.0,3.477217614999972e-05,0.2725,0.3896428571428572,0.9859154929577465,2.2410506062442437e-05,0.3972222222222222,0.4981684981684982,1.0,3.0354714908753522e-05
quality_pass,domain_only,instrument,Mira-3,locked_domain,domain__quality_pass__domain_only__instrument__Mira-3,domain__quality_pass__domain_only__instrument__Mira-3,structured_vae,zc48__zn16__chem0__ni0__ns0__cond0__ai0__as0__pair0__xrec0__dep0p001__e500,arpls_minmax,1729,429,71,composite,0.5,0.009463880760042152,0.004731940380021076,0.0745087833688924,0.9392977043655528,0.007570210998140389,,2.0,0.33093858885423677,0.06039920821785927,0.3213888888888889,0.46945922905002185,0.7464788732394366,0.03719053789973259,0.21027777777777779,0.30012606599925845,0.7887323943661971,0.03563505783677101,0.29638888888888887,0.3988323298668126,0.6619718309859155,0.03684244677424431
quality_pass,domain_only,instrument,Mira-3,locked_domain,domain__quality_pass__domain_only__instrument__Mira-3,domain__quality_pass__domain_only__instrument__Mira-3,structured_vae,zc48__zn16__chem0__ni0__ns0__cond0__ai0__as0__pair0__xrec0__dep0p001__e500,arpls_minmax,1729,429,71,composite,1.0,0.013669864200509042,0.006834932100254521,0.09286543194870772,0.9059631107464929,0.007952517246165414,,2.0,0.3766612459281062,0.06453957222402096,0.16027777777777777,0.2640260950605778,0.6338028169014085,0.09601352363824844,0.10416666666666667,0.15151515151515152,0.5774647887323944,0.09517403692007065,0.15305555555555556,0.24256453423120092,0.5211267605633803,0.09735661745071411
quality_pass,domain_only,instrument,Mira-3,locked_domain,domain__quality_pass__domain_only__instrument__Mira-3,domain__quality_pass__domain_only__instrument__Mira-3,structured_vae,zc48__zn16__chem0__ni0__ns0__cond0__ai0__as0__pair0__xrec0__dep0p001__e500,arpls_minmax,1729,429,71,composite,1.5,0.01677665822268127,0.008388329111340635,0.09886311958200547,0.8911356521035317,0.008233294734979371,,2.5,0.3957673139905244,0.0691138906404376,0.1411111111111111,0.22564102564102564,0.5492957746478874,0.16679076850414276,0.10416666666666667,0.14492753623188406,0.4647887323943662,0.16661864519119263,0.13749999999999998,0.21212121212121213,0.4084507042253521,0.16292206943035126
quality_pass,domain_only,instrument,Pendar-1,locked_domain,domain__quality_pass__domain_only__instrument__Pendar-1,domain__quality_pass__domain_only__instrument__Pendar-1,structured_vae,zc48__zn16__chem0__ni0__ns0__cond0__ai0__as0__pair0__xrec0__dep0p001__e500,arpls_minmax,1729,460,40,scale_offset,0.5,0.007042537742749119,0.0035212688713745595,0.08723978210000316,0.8848765482165358,0.02514451978021327,,2.0,1.213554279351753,0.09293083567172289,0.721444133208839,0.8015753309870957,0.95,0.028207946568727493,0.6780267662620604,0.7576259946949602,1.0,0.03490631654858589,0.7802676626206039,0.8466681691833822,0.975,0.027908816933631897
quality_pass,domain_only,instrument,Pendar-1,locked_domain,domain__quality_pass__domain_only__instrument__Pendar-1,domain__quality_pass__domain_only__instrument__Pendar-1,structured_vae,zc48__zn16__chem0__ni0__ns0__cond0__ai0__as0__pair0__xrec0__dep0p001__e500,arpls_minmax,1729,460,40,scale_offset,1.0,0.010764352179907961,0.005382176089953981,0.1012411807287561,0.871561502124437,0.025123587660829394,,2.0,0.9702598047881621,0.09361385926604271,0.6605975723622782,0.7628205128205128,0.9,0.09096969664096832,0.6780267662620604,0.7576259946949602,1.0,0.0728432759642601,0.7236227824463118,0.8082010582010581,0.875,0.08473525941371918
quality_pass,domain_only,instrument,Pendar-1,locked_domain,domain__quality_pass__domain_only__instrument__Pendar-1,domain__quality_pass__domain_only__instrument__Pendar-1,structured_vae,zc48__zn16__chem0__ni0__ns0__cond0__ai0__as0__pair0__xrec0__dep0p001__e500,arpls_minmax,1729,460,40,scale_offset,1.5,0.015248062493629633,0.007624031246814817,0.10699087785630619,0.8538847185372784,0.02523061940843748,,2.0,1.3458478424694098,0.08540153875946999,0.606598194833489,0.7150168350168351,0.825,0.16529759764671326,0.6542172424525367,0.7472222222222222,0.9,0.17944040894508362,0.752256458138811,0.8411764705882353,0.825,0.15820865333080292
quality_pass,domain_only,instrument,Pendar-1,locked_domain,domain__quality_pass__domain_only__instrument__Pendar-1,domain__quality_pass__domain_only__instrument__Pendar-1,structured_vae,zc48__zn16__chem0__ni0__ns0__cond0__ai0__as0__pair0__xrec0__dep0p001__e500,arpls_minmax,1729,460,40,smooth_baseline,0.5,0.0072450634835373815,0.0036225317417686908,0.08853156235575328,0.8618171270097759,0.02515418206910036,,2.0,1.3756272720887774,0.08437676541507244,0.6802054154995331,0.7956315289648623,0.9,0.03660993650555611,0.6584189231248055,0.7403846153846154,0.975,0.066774882376194,0.7738873327108621,0.8312211415659693,0.825,0.04163769632577896
quality_pass,domain_only,instrument,Pendar-1,locked_domain,domain__quality_pass__domain_only__instrument__Pendar-1,domain__quality_pass__domain_only__instrument__Pendar-1,structured_vae,zc48__zn16__chem0__ni0__ns0__cond0__ai0__as0__pair0__xrec0__dep0p001__e500,arpls_minmax,1729,460,40,smooth_baseline,1.0,0.008825433200346382,0.004412716600173191,0.09721573967958859,0.8295023773278754,0.02525010155587563,,2.0,1.3010916860226636,0.08759495988488197,0.6367880485527544,0.764102564102564,0.725,0.11016778647899628,0.6346093993152816,0.7311728395061728,0.925,0.14474016427993774,0.6718020541549953,0.7480645161290322,0.7,0.1063985601067543
quality_pass,domain_only,instrument,Pendar-1,locked_domain,domain__quality_pass__domain_only__instrument__Pendar-1,domain__quality_pass__domain_only__instrument__Pendar-1,structured_vae,zc48__zn16__chem0__ni0__ns0__cond0__ai0__as0__pair0__xrec0__dep0p001__e500,arpls_minmax,1729,460,40,smooth_baseline,1.5,0.01236343502611024,0.00618171751305512,0.112346940002287,0.7707515182819087,0.025405556612692882,,2.0,1.3816939017709733,0.08032567799091339,0.6998132586367881,0.8001763668430334,0.65,0.19618627429008484,0.6262060379707438,0.6980398689544116,0.775,0.23740491271018982,0.6543728602552132,0.7507215007215008,0.6,0.18885807693004608
quality_pass,domain_only,instrument,Pendar-1,locked_domain,domain__quality_pass__domain_only__instrument__Pendar-1,domain__quality_pass__domain_only__instrument__Pendar-1,structured_vae,zc48__zn16__chem0__ni0__ns0__cond0__ai0__as0__pair0__xrec0__dep0p001__e500,arpls_minmax,1729,460,40,gaussian_noise,0.5,0.006154782164207011,0.0030773910821035055,0.08101244099932785,0.8817756559851053,0.02511641213568625,,2.0,1.2115597306012191,0.08372142724692822,0.684407096171802,0.777065527065527,0.925,0.0002883494016714394,0.6780267662620604,0.7576259946949602,1.0,0.0005342349177226424,0.7802676626206039,0.8466681691833822,0.975,0.0003296509385108948
quality_pass,domain_only,instrument,Pendar-1,locked_domain,domain__quality_pass__domain_only__instrument__Pendar-1,domain__quality_pass__domain_only__instrument__Pendar-1,structured_vae,zc48__zn16__chem0__ni0__ns0__cond0__ai0__as0__pair0__xrec0__dep0p001__e500,arpls_minmax,1729,460,40,gaussian_noise,1.0,0.006210869735352957,0.0031054348676764786,0.08133488742417601,0.8812944683518426,0.025117804395880072,,2.0,1.1381808827611217,0.08139895088970661,0.721444133208839,0.8015753309870957,0.95,0.001520346151664853,0.6780267662620604,0.7576259946949602,1.0,0.0017372429138049483,0.7998755057578587,0.8596949891067537,0.95,0.001412227749824524
quality_pass,domain_only,instrument,Pendar-1,locked_domain,domain__quality_pass__domain_only__instrument__Pendar-1,domain__quality_pass__domain_only__instrument__Pendar-1,structured_vae,zc48__zn16__chem0__ni0__ns0__cond0__ai0__as0__pair0__xrec0__dep0p001__e500,arpls_minmax,1729,460,40,gaussian_noise,1.5,0.006267229804492377,0.0031336149022461886,0.08182743840964339,0.8815750432084604,0.025119102289132167,,2.0,1.193118110311537,0.0784428147599101,0.6780267662620604,0.769894419306184,1.0,0.003897747490555048,0.6976346093993153,0.7737179487179487,0.975,0.005156378261744976,0.741051976346094,0.8177196804647785,0.975,0.003760676132515073
quality_pass,domain_only,instrument,Pendar-1,locked_domain,domain__quality_pass__domain_only__instrument__Pendar-1,domain__quality_pass__domain_only__instrument__Pendar-1,structured_vae,zc48__zn16__chem0__ni0__ns0__cond0__ai0__as0__pair0__xrec0__dep0p001__e500,arpls_minmax,1729,460,40,isolated_spikes,0.5,0.006159600827265896,0.003079800413632948,0.08096829278108748,0.8813119396418805,0.02511790615750642,,2.0,1.2051464411457806,0.08178970776498318,0.7018362900715842,0.7841394335511982,0.975,0.00025926530361175537,0.6584189231248055,0.7403846153846154,0.975,0.0002237856388092041,0.7802676626206039,0.8466681691833822,0.975,0.0002176329435314983
quality_pass,domain_only,instrument,Pendar-1,locked_domain,domain__quality_pass__domain_only__instrument__Pendar-1,domain__quality_pass__domain_only__instrument__Pendar-1,structured_vae,zc48__zn16__chem0__ni0__ns0__cond0__ai0__as0__pair0__xrec0__dep0p001__e500,arpls_minmax,1729,460,40,isolated_spikes,1.0,0.0061799507630410115,0.0030899753815205057,0.08104624735442222,0.8815377507129325,0.025118357312579824,,2.0,1.1511460393171813,0.087149353697896,0.6647992530345471,0.7596296296296297,0.95,0.0008445993298664689,0.6780267662620604,0.7576259946949602,1.0,0.0014088585739955306,0.7802676626206039,0.8466681691833822,0.975,0.0009140476468019187
quality_pass,domain_only,instrument,Pendar-1,locked_domain,domain__quality_pass__domain_only__instrument__Pendar-1,domain__quality_pass__domain_only__instrument__Pendar-1,structured_vae,zc48__zn16__chem0__ni0__ns0__cond0__ai0__as0__pair0__xrec0__dep0p001__e500,arpls_minmax,1729,460,40,isolated_spikes,1.5,0.006181488848374927,0.0030907444241874637,0.08103314661254264,0.8828275995273716,0.025118981334893355,,2.0,1.2153520517493153,0.08623101375997066,0.6605975723622782,0.7628205128205128,0.95,0.0016018704045563936,0.6780267662620604,0.7576259946949602,1.0,0.0031319097615778446,0.7606598194833488,0.8174603174603173,0.95,0.0018929094076156616
quality_pass,domain_only,instrument,Pendar-1,locked_domain,domain__quality_pass__domain_only__instrument__Pendar-1,domain__quality_pass__domain_only__instrument__Pendar-1,structured_vae,zc48__zn16__chem0__ni0__ns0__cond0__ai0__as0__pair0__xrec0__dep0p001__e500,arpls_minmax,1729,460,40,edge_filled_shift,0.5,0.00613364381566899,0.003066821907834495,0.08099896121828003,0.8839620835876161,0.025117935366350774,,2.0,1.2403668620913235,0.0865879263728857,0.704014939309057,0.79320987654321,0.9,0.005908997263759375,0.6780267662620604,0.7576259946949602,0.95,0.011442141607403755,0.7824463118580764,0.8473715651135006,0.9,0.006743818521499634
quality_pass,domain_only,instrument,Pendar-1,locked_domain,domain__quality_pass__domain_only__instrument__Pendar-1,domain__quality_pass__domain_only__instrument__Pendar-1,structured_vae,zc48__zn16__chem0__ni0__ns0__cond0__ai0__as0__pair0__xrec0__dep0p001__e500,arpls_minmax,1729,460,40,edge_filled_shift,1.0,0.006234968231065103,0.0031174841155325516,0.08154778611925283,0.8788409489094864,0.02511763288198678,,2.0,1.2410275740522025,0.08221313171088696,0.6605975723622782,0.7628205128205128,0.95,0.007130661513656378,0.6780267662620604,0.7576259946949602,1.0,0.013510147109627724,0.7432306255835668,0.8115763546798029,0.85,0.008192506618797779
quality_pass,domain_only,instrument,Pendar-1,locked_domain,domain__quality_pass__domain_only__instrument__Pendar-1,domain__quality_pass__domain_only__instrument__Pendar-1,structured_vae,zc48__zn16__chem0__ni0__ns0__cond0__ai0__as0__pair0__xrec0__dep0p001__e500,arpls_minmax,1729,460,40,edge_filled_shift,1.5,0.006219499704938791,0.0031097498524693956,0.0820106656952638,0.8846378937551544,0.025122031681040668,,2.0,1.3051950310814266,0.08611617051064968,0.7648615001556179,0.8309471936922916,0.9,0.014012562111020088,0.6584189231248055,0.7403846153846154,0.975,0.03895699977874756,0.7998755057578587,0.8596949891067537,0.95,0.016469156369566917
quality_pass,domain_only,instrument,Pendar-1,locked_domain,domain__quality_pass__domain_only__instrument__Pendar-1,domain__quality_pass__domain_only__instrument__Pendar-1,structured_vae,zc48__zn16__chem0__ni0__ns0__cond0__ai0__as0__pair0__xrec0__dep0p001__e500,arpls_minmax,1729,460,40,gaussian_broadening,0.5,0.0061409681355736635,0.0030704840677868318,0.08090172305258923,0.8815540104106294,0.025116012513884,,2.0,1.2128801831016243,0.07994061708450317,0.725645813881108,0.7973669467787116,0.95,1.3107061022310518e-05,0.6780267662620604,0.7576259946949602,1.0,3.218352867406793e-05,0.7606598194833488,0.8327108621226268,1.0,1.7933547496795654e-05
quality_pass,domain_only,instrument,Pendar-1,locked_domain,domain__quality_pass__domain_only__instrument__Pendar-1,domain__quality_pass__domain_only__instrument__Pendar-1,structured_vae,zc48__zn16__chem0__ni0__ns0__cond0__ai0__as0__pair0__xrec0__dep0p001__e500,arpls_minmax,1729,460,40,gaussian_broadening,1.0,0.006126208583064558,0.003063104291532279,0.08088834720518265,0.8815795331356034,0.025112129781641658,,2.0,1.1423386565817408,0.08383393101394176,0.725645813881108,0.7973669467787116,0.95,0.00015754550986457616,0.6780267662620604,0.7576259946949602,1.0,0.0004576146602630615,0.7802676626206039,0.8466681691833822,0.975,0.00022048651590012014
quality_pass,domain_only,instrument,Pendar-1,locked_domain,domain__quality_pass__domain_only__instrument__Pendar-1,domain__quality_pass__domain_only__instrument__Pendar-1,structured_vae,zc48__zn16__chem0__ni0__ns0__cond0__ai0__as0__pair0__xrec0__dep0p001__e500,arpls_minmax,1729,460,40,gaussian_broadening,1.5,0.006121576496295561,0.0030607882481477806,0.08088581150414016,0.8815961553296546,0.02510708860804891,,2.0,1.1171368083105668,0.08378748223185539,0.7452536570183629,0.814802844214609,0.925,0.0004434138536453247,0.6780267662620604,0.7576259946949602,1.0,0.0014701246982440352,0.7802676626206039,0.8466681691833822,0.975,0.000628566718660295
quality_pass,domain_only,instrument,Pendar-1,locked_domain,domain__quality_pass__domain_only__instrument__Pendar-1,domain__quality_pass__domain_only__instrument__Pendar-1,structured_vae,zc48__zn16__chem0__ni0__ns0__cond0__ai0__as0__pair0__xrec0__dep0p001__e500,arpls_minmax,1729,460,40,composite,0.5,0.008801862171227377,0.004400931085613688,0.09008773654399045,0.8558261463204069,0.025163899331057483,,2.0,1.143120087234688,0.095160185941495,0.7018362900715842,0.7841394335511982,0.95,0.05958537012338638,0.6367880485527544,0.710215053763441,0.9,0.08595766127109528,0.7956738250855898,0.820624546114742,0.775,0.06286519765853882
quality_pass,domain_only,instrument,Pendar-1,locked_domain,domain__quality_pass__domain_only__instrument__Pendar-1,domain__quality_pass__domain_only__instrument__Pendar-1,structured_vae,zc48__zn16__chem0__ni0__ns0__cond0__ai0__as0__pair0__xrec0__dep0p001__e500,arpls_minmax,1729,460,40,composite,1.0,0.015066277319369886,0.007533138659684943,0.10677695676179451,0.8129040755334646,0.02531171775066428,,2.0,0.8471561825218918,0.09603928588330746,0.6914098972922501,0.7741830065359477,0.6,0.15815067291259766,0.6087768440709618,0.66243961352657,0.85,0.25007668137550354,0.6570183629007158,0.7037037037037036,0.55,0.16798120737075806
quality_pass,domain_only,instrument,Pendar-1,locked_domain,domain__quality_pass__domain_only__instrument__Pendar-1,domain__quality_pass__domain_only__instrument__Pendar-1,structured_vae,zc48__zn16__chem0__ni0__ns0__cond0__ai0__as0__pair0__xrec0__dep0p001__e500,arpls_minmax,1729,460,40,composite,1.5,0.021313602103928443,0.010656801051964222,0.12427353432969843,0.7266147297768089,0.02532935677972518,,2.0,1.3830373937668283,0.0834147147834301,0.5262994086523499,0.6622710622710622,0.5,0.34770676493644714,0.42670401493930904,0.4605263157894737,0.575,0.30324283242225647,0.4480236539060068,0.5326797385620915,0.45,0.30787238478660583
quality_pass,domain_only,instrument,Pendar-2,locked_domain,domain__quality_pass__domain_only__instrument__Pendar-2,domain__quality_pass__domain_only__instrument__Pendar-2,structured_vae,zc48__zn16__chem0__ni0__ns0__cond0__ai0__as0__pair0__xrec0__dep0p001__e500,arpls_minmax,1729,458,42,scale_offset,0.5,0.009339000165822323,0.0046695000829111615,0.08367845830372866,0.8732685434393532,0.030205925042822126,,2.0,0.8687571885692251,0.09695902839303017,0.9466666666666667,0.885897435897436,0.9761904761904762,0.0176857803016901,0.82,0.8581196581196581,0.9285714285714286,0.024391861632466316,0.9533333333333334,0.9585213032581453,0.9761904761904762,0.018303802236914635
quality_pass,domain_only,instrument,Pendar-2,locked_domain,domain__quality_pass__domain_only__instrument__Pendar-2,domain__quality_pass__domain_only__instrument__Pendar-2,structured_vae,zc48__zn16__chem0__ni0__ns0__cond0__ai0__as0__pair0__xrec0__dep0p001__e500,arpls_minmax,1729,458,42,scale_offset,1.0,0.012720259614278851,0.0063601298071394256,0.09646391163191247,0.8707175412190606,0.030219866633216498,,2.0,0.999505259914973,0.115037995390594,0.9266666666666665,0.9020377867746289,0.9523809523809523,0.07956727594137192,0.8,0.8386985563456152,0.8809523809523809,0.07431743294000626,0.9400000000000001,0.9105847953216374,0.9523809523809523,0.07203761488199234
quality_pass,domain_only,instrument,Pendar-2,locked_domain,domain__quality_pass__domain_only__instrument__Pendar-2,domain__quality_pass__domain_only__instrument__Pendar-2,structured_vae,zc48__zn16__chem0__ni0__ns0__cond0__ai0__as0__pair0__xrec0__dep0p001__e500,arpls_minmax,1729,458,42,scale_offset,1.5,0.01743653422347651,0.008718267111738256,0.10993837194371728,0.8592823729407559,0.030119509948225993,,2.0,1.0649921688082609,0.0988090867176652,0.8784848484848485,0.8358178053830227,0.9285714285714286,0.15463787317276,0.676969696969697,0.7556362236339136,0.7619047619047619,0.27965837717056274,0.9003030303030304,0.9178571428571429,0.9047619047619048,0.17856284976005554
quality_pass,domain_only,instrument,Pendar-2,locked_domain,domain__quality_pass__domain_only__instrument__Pendar-2,domain__quality_pass__domain_only__instrument__Pendar-2,structured_vae,zc48__zn16__chem0__ni0__ns0__cond0__ai0__as0__pair0__xrec0__dep0p001__e500,arpls_minmax,1729,458,42,smooth_baseline,0.5,0.00856995704223559,0.004284978521117795,0.08693796045876916,0.8691481648547372,0.03026425374685032,,2.0,0.5739092037667473,0.09595860913395882,0.8318181818181818,0.7732768375788971,0.8571428571428571,0.03855088725686073,0.5518181818181819,0.5770479839445356,0.7619047619047619,0.09378733485937119,0.8918181818181818,0.9108588562861426,0.9285714285714286,0.05054207518696785
quality_pass,domain_only,instrument,Pendar-2,locked_domain,domain__quality_pass__domain_only__instrument__Pendar-2,domain__quality_pass__domain_only__instrument__Pendar-2,structured_vae,zc48__zn16__chem0__ni0__ns0__cond0__ai0__as0__pair0__xrec0__dep0p001__e500,arpls_minmax,1729,458,42,smooth_baseline,1.0,0.010750768173087727,0.005375384086543864,0.09779983342304643,0.8483700878586686,0.030390441544951335,,2.0,0.6783158378094181,0.11469218414276838,0.8584848484848486,0.83319662793347,0.8095238095238095,0.09987562894821167,0.6936363636363636,0.6456410256410257,0.6904761904761905,0.261645644903183,0.8784848484848485,0.8703896103896105,0.8571428571428571,0.13962429761886597
quality_pass,domain_only,instrument,Pendar-2,locked_domain,domain__quality_pass__domain_only__instrument__Pendar-2,domain__quality_pass__domain_only__instrument__Pendar-2,structured_vae,zc48__zn16__chem0__ni0__ns0__cond0__ai0__as0__pair0__xrec0__dep0p001__e500,arpls_minmax,1729,458,42,smooth_baseline,1.5,0.014792960201041554,0.007396480100520777,0.11196915741498291,0.7470857597607485,0.030527470691004588,,2.0,0.7663695863312494,0.10611490160226822,0.7736363636363637,0.7294677871148458,0.7142857142857143,0.1609230488538742,0.6106060606060606,0.5421164021164021,0.4523809523809524,0.461764931678772,0.746969696969697,0.7097619047619047,0.6666666666666666,0.24539177119731903
quality_pass,domain_only,instrument,Pendar-2,locked_domain,domain__quality_pass__domain_only__instrument__Pendar-2,domain__quality_pass__domain_only__instrument__Pendar-2,structured_vae,zc48__zn16__chem0__ni0__ns0__cond0__ai0__as0__pair0__xrec0__dep0p001__e500,arpls_minmax,1729,458,42,gaussian_noise,0.5,0.007878288757584456,0.003939144378792228,0.07989643260839718,0.8739730159097294,0.03021292618381366,,2.0,0.8343806551303424,0.0970923334825784,0.96,0.921111111111111,1.0,0.0003678259381558746,0.7751515151515151,0.8107918263090678,0.9761904761904762,0.000393404858186841,0.9733333333333334,0.9690476190476189,1.0,0.0003738573577720672
quality_pass,domain_only,instrument,Pendar-2,locked_domain,domain__quality_pass__domain_only__instrument__Pendar-2,domain__quality_pass__domain_only__instrument__Pendar-2,structured_vae,zc48__zn16__chem0__ni0__ns0__cond0__ai0__as0__pair0__xrec0__dep0p001__e500,arpls_minmax,1729,458,42,gaussian_noise,1.0,0.007872233780272356,0.003936116890136178,0.0800314781039782,0.8734323699318822,0.030218597068995306,,2.0,0.8731086410245124,0.09411159926094115,0.96,0.921111111111111,1.0,0.0015365807339549065,0.6818181818181819,0.6840692775784054,0.9047619047619048,0.0021574923302978277,0.9733333333333334,0.9690476190476189,1.0,0.0016290403436869383
quality_pass,domain_only,instrument,Pendar-2,locked_domain,domain__quality_pass__domain_only__instrument__Pendar-2,domain__quality_pass__domain_only__instrument__Pendar-2,structured_vae,zc48__zn16__chem0__ni0__ns0__cond0__ai0__as0__pair0__xrec0__dep0p001__e500,arpls_minmax,1729,458,42,gaussian_noise,1.5,0.00788879317095676,0.00394439658547838,0.0803728342736806,0.8735045258647365,0.030230129893152356,,2.0,1.0248571425681503,0.09584458824247122,0.96,0.921111111111111,1.0,0.003423943417146802,0.8133333333333332,0.8467164643635232,0.9761904761904762,0.003703473601490259,0.9733333333333334,0.9690476190476189,1.0,0.0034638841170817614
quality_pass,domain_only,instrument,Pendar-2,locked_domain,domain__quality_pass__domain_only__instrument__Pendar-2,domain__quality_pass__domain_only__instrument__Pendar-2,structured_vae,zc48__zn16__chem0__ni0__ns0__cond0__ai0__as0__pair0__xrec0__dep0p001__e500,arpls_minmax,1729,458,42,isolated_spikes,0.5,0.007885208044439911,0.003942604022219956,0.07983054862175121,0.874045487302094,0.030210847539617263,,2.0,0.7145438103149285,0.09589970856904984,0.96,0.921111111111111,1.0,0.0002951437490992248,0.7818181818181819,0.8233139409609997,0.9761904761904762,0.0001725157053442672,0.9733333333333334,0.9690476190476189,1.0,0.00024407250748481601
quality_pass,domain_only,instrument,Pendar-2,locked_domain,domain__quality_pass__domain_only__instrument__Pendar-2,domain__quality_pass__domain_only__instrument__Pendar-2,structured_vae,zc48__zn16__chem0__ni0__ns0__cond0__ai0__as0__pair0__xrec0__dep0p001__e500,arpls_minmax,1729,458,42,isolated_spikes,1.0,0.007881349577628692,0.003940674788814346,0.0799768380360578,0.873911163251191,0.03021340796447624,,2.0,1.0380114934406854,0.0973133035004139,0.96,0.921111111111111,1.0,0.0012143169296905398,0.7751515151515151,0.8107918263090678,0.9761904761904762,0.0012080499436706305,0.9733333333333334,0.9690476190476189,1.0,0.0012217022012919188
quality_pass,domain_only,instrument,Pendar-2,locked_domain,domain__quality_pass__domain_only__instrument__Pendar-2,domain__quality_pass__domain_only__instrument__Pendar-2,structured_vae,zc48__zn16__chem0__ni0__ns0__cond0__ai0__as0__pair0__xrec0__dep0p001__e500,arpls_minmax,1729,458,42,isolated_spikes,1.5,0.007875210634320352,0.003937605317160176,0.07998178008762788,0.8736464685393036,0.030223055853489906,,2.0,0.8890866441236572,0.09628577157855034,0.9466666666666667,0.885897435897436,0.9761904761904762,0.0028555449098348618,0.7351515151515151,0.7638095238095238,0.9047619047619048,0.002747307298704982,0.9733333333333334,0.9690476190476189,1.0,0.002658276353031397
quality_pass,domain_only,instrument,Pendar-2,locked_domain,domain__quality_pass__domain_only__instrument__Pendar-2,domain__quality_pass__domain_only__instrument__Pendar-2,structured_vae,zc48__zn16__chem0__ni0__ns0__cond0__ai0__as0__pair0__xrec0__dep0p001__e500,arpls_minmax,1729,458,42,edge_filled_shift,0.5,0.007899937036442256,0.003949968518221128,0.08000373200699162,0.8738619850841964,0.03020702845755196,,2.0,1.0310773341753439,0.09954543621279299,0.96,0.921111111111111,0.9523809523809523,0.004814075771719217,0.8084848484848486,0.838552036199095,0.9761904761904762,0.0024741264060139656,0.9733333333333334,0.9690476190476189,1.0,0.0037177714984863997
quality_pass,domain_only,instrument,Pendar-2,locked_domain,domain__quality_pass__domain_only__instrument__Pendar-2,domain__quality_pass__domain_only__instrument__Pendar-2,structured_vae,zc48__zn16__chem0__ni0__ns0__cond0__ai0__as0__pair0__xrec0__dep0p001__e500,arpls_minmax,1729,458,42,edge_filled_shift,1.0,0.007878972384874339,0.003939486192437169,0.0800291109811649,0.8732170850931407,0.030203422904740946,,2.0,0.6070781464102197,0.0977267895359546,0.9733333333333334,0.9690476190476189,0.9761904761904762,0.007759754080325365,0.8066666666666666,0.8335796387520527,0.9285714285714286,0.003618075745180249,0.9233333333333335,0.9340722495894909,0.9761904761904762,0.006130628753453493
quality_pass,domain_only,instrument,Pendar-2,locked_domain,domain__quality_pass__domain_only__instrument__Pendar-2,domain__quality_pass__domain_only__instrument__Pendar-2,structured_vae,zc48__zn16__chem0__ni0__ns0__cond0__ai0__as0__pair0__xrec0__dep0p001__e500,arpls_minmax,1729,458,42,edge_filled_shift,1.5,0.007935152034540436,0.003967576017270218,0.08080863127225897,0.8734750171567716,0.030206293428023844,,2.0,0.7242231165170736,0.09833364933729172,0.96,0.921111111111111,1.0,0.011347020044922829,0.7,0.705446623093682,0.9285714285714286,0.007184654474258423,0.9366666666666668,0.949399585921325,0.9523809523809523,0.009516854770481586
quality_pass,domain_only,instrument,Pendar-2,locked_domain,domain__quality_pass__domain_only__instrument__Pendar-2,domain__quality_pass__domain_only__instrument__Pendar-2,structured_vae,zc48__zn16__chem0__ni0__ns0__cond0__ai0__as0__pair0__xrec0__dep0p001__e500,arpls_minmax,1729,458,42,gaussian_broadening,0.5,0.007895347190886201,0.003947673595443101,0.07984803361815415,0.8740843882098548,0.03020694604549519,,2.0,0.8553086477117708,0.0993432227987796,0.96,0.921111111111111,1.0,2.4718898202991113e-05,0.7951515151515152,0.8311957143600146,1.0,3.2407897379016504e-05,0.9733333333333334,0.9690476190476189,1.0,2.720668271649629e-05
quality_pass,domain_only,instrument,Pendar-2,locked_domain,domain__quality_pass__domain_only__instrument__Pendar-2,domain__quality_pass__domain_only__instrument__Pendar-2,structured_vae,zc48__zn16__chem0__ni0__ns0__cond0__ai0__as0__pair0__xrec0__dep0p001__e500,arpls_minmax,1729,458,42,gaussian_broadening,1.0,0.007921857559266244,0.003960928779633122,0.0798786837305464,0.8741123006779111,0.030198982113512088,,2.0,0.8607503400141112,0.09936176985502243,0.96,0.921111111111111,1.0,0.0002488763420842588,0.7951515151515152,0.8311957143600146,1.0,0.00036899675615131855,0.9733333333333334,0.9690476190476189,1.0,0.0002784743264783174
quality_pass,domain_only,instrument,Pendar-2,locked_domain,domain__quality_pass__domain_only__instrument__Pendar-2,domain__quality_pass__domain_only__instrument__Pendar-2,structured_vae,zc48__zn16__chem0__ni0__ns0__cond0__ai0__as0__pair0__xrec0__dep0p001__e500,arpls_minmax,1729,458,42,gaussian_broadening,1.5,0.007942615417416463,0.003971307708708231,0.07992816323045192,0.8741183723707923,0.030192743526843636,,2.0,0.8641169667340101,0.09634910733439028,0.96,0.921111111111111,1.0,0.0005495136720128357,0.7951515151515152,0.8311957143600146,1.0,0.0008831861196085811,0.9733333333333334,0.9690476190476189,1.0,0.0006151852430775762
quality_pass,domain_only,instrument,Pendar-2,locked_domain,domain__quality_pass__domain_only__instrument__Pendar-2,domain__quality_pass__domain_only__instrument__Pendar-2,structured_vae,zc48__zn16__chem0__ni0__ns0__cond0__ai0__as0__pair0__xrec0__dep0p001__e500,arpls_minmax,1729,458,42,composite,0.5,0.010174260503991048,0.005087130251995524,0.08908578582537754,0.8685427365590412,0.03028809406147988,,2.0,0.7786641439543206,0.09340723836794496,0.8518181818181819,0.8219699673972537,0.9047619047619048,0.055983174592256546,0.7018181818181819,0.6885714285714285,0.7619047619047619,0.10714974999427795,0.8651515151515152,0.8908613281684812,0.9047619047619048,0.06806477904319763
quality_pass,domain_only,instrument,Pendar-2,locked_domain,domain__quality_pass__domain_only__instrument__Pendar-2,domain__quality_pass__domain_only__instrument__Pendar-2,structured_vae,zc48__zn16__chem0__ni0__ns0__cond0__ai0__as0__pair0__xrec0__dep0p001__e500,arpls_minmax,1729,458,42,composite,1.0,0.016085560307738972,0.008042780153869486,0.10520422175223124,0.8004635638130223,0.030451457909440576,,2.0,0.8694200806307826,0.1012379340827465,0.7803030303030304,0.7120415982484948,0.7619047619047619,0.14842788875102997,0.556969696969697,0.5453333333333333,0.5714285714285714,0.3872622549533844,0.806969696969697,0.7670925848345205,0.7857142857142857,0.20933514833450317
quality_pass,domain_only,instrument,Pendar-2,locked_domain,domain__quality_pass__domain_only__instrument__Pendar-2,domain__quality_pass__domain_only__instrument__Pendar-2,structured_vae,zc48__zn16__chem0__ni0__ns0__cond0__ai0__as0__pair0__xrec0__dep0p001__e500,arpls_minmax,1729,458,42,composite,1.5,0.025101535780643468,0.012550767890321734,0.12569777810644206,0.6505049580765279,0.0306199876293291,,2.0,1.0253010591149145,0.10557469539344311,0.5854545454545454,0.49488095238095237,0.6190476190476191,0.24893195927143097,0.45939393939393935,0.3945161290322581,0.35714285714285715,0.5008662343025208,0.6303030303030303,0.569047619047619,0.6666666666666666,0.31326261162757874
quality_pass,domain_only,instrument,Pendar-3,locked_domain,domain__quality_pass__domain_only__instrument__Pendar-3,domain__quality_pass__domain_only__instrument__Pendar-3,structured_vae,zc48__zn16__chem0__ni0__ns0__cond0__ai0__as0__pair0__xrec0__dep0p001__e500,arpls_minmax,1729,458,42,scale_offset,0.5,0.005048275903602316,0.002524137951801158,0.07764322832393782,0.9138223778883054,0.02252862121256572,,2.0,0.6882001345400923,0.07111314684152603,0.410204081632653,0.42630385487528344,0.9047619047619048,0.018714478239417076,0.6425431711145997,0.5755102040816327,0.9047619047619048,0.01242013182491064,0.6340136054421769,0.5872624912033778,0.9285714285714286,0.01713007315993309
quality_pass,domain_only,instrument,Pendar-3,locked_domain,domain__quality_pass__domain_only__instrument__Pendar-3,domain__quality_pass__domain_only__instrument__Pendar-3,structured_vae,zc48__zn16__chem0__ni0__ns0__cond0__ai0__as0__pair0__xrec0__dep0p001__e500,arpls_minmax,1729,458,42,scale_offset,1.0,0.00920782176882541,0.004603910884412705,0.096242926126603,0.9135745906495372,0.02244832366039124,,2.0,0.7210785972547274,0.06215874757617712,0.5900575614861329,0.520935960591133,0.8333333333333334,0.10625293105840683,0.6215593929879645,0.6050395840718421,0.8809523809523809,0.06748620420694351,0.6010465724751439,0.5282574568288855,0.7857142857142857,0.09593423455953598
quality_pass,domain_only,instrument,Pendar-3,locked_domain,domain__quality_pass__domain_only__instrument__Pendar-3,domain__quality_pass__domain_only__instrument__Pendar-3,structured_vae,zc48__zn16__chem0__ni0__ns0__cond0__ai0__as0__pair0__xrec0__dep0p001__e500,arpls_minmax,1729,458,42,scale_offset,1.5,0.013057155010069047,0.006528577505034524,0.10869030434663986,0.8929768779443957,0.022557233786691767,,2.0,0.8669358563333436,0.07565941847860813,0.4485609628466771,0.45024420024420025,0.6904761904761905,0.15900819003582,0.3457352171637886,0.3447124304267161,0.7619047619047619,0.1367121785879135,0.42815279958137104,0.4360763018657755,0.7142857142857143,0.152547687292099
quality_pass,domain_only,instrument,Pendar-3,locked_domain,domain__quality_pass__domain_only__instrument__Pendar-3,domain__quality_pass__domain_only__instrument__Pendar-3,structured_vae,zc48__zn16__chem0__ni0__ns0__cond0__ai0__as0__pair0__xrec0__dep0p001__e500,arpls_minmax,1729,458,42,smooth_baseline,0.5,0.004972544386623067,0.0024862721933115333,0.07813996193669952,0.903430762782172,0.022537655798407615,,2.0,0.5687793363682614,0.0725118019618094,0.4086342229199373,0.4145299145299145,0.8095238095238095,0.031158480793237686,0.4377812663526949,0.4510634293242988,0.8809523809523809,0.06350813806056976,0.3977498691784406,0.4038215934767659,0.9285714285714286,0.04280237853527069
quality_pass,domain_only,instrument,Pendar-3,locked_domain,domain__quality_pass__domain_only__instrument__Pendar-3,domain__quality_pass__domain_only__instrument__Pendar-3,structured_vae,zc48__zn16__chem0__ni0__ns0__cond0__ai0__as0__pair0__xrec0__dep0p001__e500,arpls_minmax,1729,458,42,smooth_baseline,1.0,0.006614407223675641,0.0033072036118378203,0.09067909056834779,0.8759229440178896,0.022687530612742656,,2.0,0.8186760581350376,0.07175938319414854,0.4290423861852433,0.43126984126984125,0.8333333333333334,0.12538909912109375,0.40334903192046045,0.416267942583732,0.7380952380952381,0.16665664315223694,0.47859759288330717,0.5030788177339901,0.8809523809523809,0.1391543298959732
quality_pass,domain_only,instrument,Pendar-3,locked_domain,domain__quality_pass__domain_only__instrument__Pendar-3,domain__quality_pass__domain_only__instrument__Pendar-3,structured_vae,zc48__zn16__chem0__ni0__ns0__cond0__ai0__as0__pair0__xrec0__dep0p001__e500,arpls_minmax,1729,458,42,smooth_baseline,1.5,0.008894368189376237,0.004447184094688118,0.10328905538390962,0.8319841576077851,0.02283786243968165,,2.0,0.868997026558343,0.07454508356750011,0.29555206698063835,0.17784380305602715,0.42857142857142855,0.167167067527771,0.34045002616431186,0.31309523809523804,0.6428571428571429,0.2535102069377899,0.4490319204604919,0.34712027103331444,0.6904761904761905,0.20578791201114655
quality_pass,domain_only,instrument,Pendar-3,locked_domain,domain__quality_pass__domain_only__instrument__Pendar-3,domain__quality_pass__domain_only__instrument__Pendar-3,structured_vae,zc48__zn16__chem0__ni0__ns0__cond0__ai0__as0__pair0__xrec0__dep0p001__e500,arpls_minmax,1729,458,42,gaussian_noise,0.5,0.004341316276239173,0.0021706581381195863,0.07244538982811234,0.9156514249345952,0.02250160272120386,,2.0,0.6945374769497895,0.07097703032195568,0.5515960230245944,0.4618326118326118,1.0,0.00030765647534281015,0.531083202511774,0.5348932676518883,1.0,0.0008555735694244504,0.5515960230245944,0.45744389709906946,1.0,0.0004196124500595033
quality_pass,domain_only,instrument,Pendar-3,locked_domain,domain__quality_pass__domain_only__instrument__Pendar-3,domain__quality_pass__domain_only__instrument__Pendar-3,structured_vae,zc48__zn16__chem0__ni0__ns0__cond0__ai0__as0__pair0__xrec0__dep0p001__e500,arpls_minmax,1729,458,42,gaussian_noise,1.0,0.004342279657446871,0.0021711398287234357,0.07249065100970267,0.9152539569720956,0.022506021029593933,,2.0,0.7638473235240344,0.07433893252164125,0.5420722135007849,0.4522814350400557,0.9761904761904762,0.001156382611952722,0.531083202511774,0.5348932676518883,1.0,0.003492439165711403,0.5515960230245944,0.45744389709906946,1.0,0.0016745314933359623
quality_pass,domain_only,instrument,Pendar-3,locked_domain,domain__quality_pass__domain_only__instrument__Pendar-3,domain__quality_pass__domain_only__instrument__Pendar-3,structured_vae,zc48__zn16__chem0__ni0__ns0__cond0__ai0__as0__pair0__xrec0__dep0p001__e500,arpls_minmax,1729,458,42,gaussian_noise,1.5,0.004400575856695637,0.0022002879283478183,0.07271707883869159,0.9152081018771141,0.02250568998997209,,2.0,0.5755731823616619,0.06992403138428926,0.44013605442176873,0.43197278911564624,0.8809523809523809,0.002814263105392456,0.531083202511774,0.5348932676518883,1.0,0.0071699549444019794,0.5515960230245944,0.4552199305893887,0.9761904761904762,0.0036122954916208982
quality_pass,domain_only,instrument,Pendar-3,locked_domain,domain__quality_pass__domain_only__instrument__Pendar-3,domain__quality_pass__domain_only__instrument__Pendar-3,structured_vae,zc48__zn16__chem0__ni0__ns0__cond0__ai0__as0__pair0__xrec0__dep0p001__e500,arpls_minmax,1729,458,42,isolated_spikes,0.5,0.0043322291755654345,0.0021661145877827173,0.07245830634422362,0.9154170843276184,0.022503851911660974,,2.0,0.6601232920518357,0.07135325577110052,0.5530612244897959,0.4621727478870336,0.9523809523809523,0.0001574768975842744,0.6630559916274201,0.5976544960415929,0.9285714285714286,0.00042513865628279746,0.5515960230245944,0.45744389709906946,1.0,0.0002072155475616455
quality_pass,domain_only,instrument,Pendar-3,locked_domain,domain__quality_pass__domain_only__instrument__Pendar-3,domain__quality_pass__domain_only__instrument__Pendar-3,structured_vae,zc48__zn16__chem0__ni0__ns0__cond0__ai0__as0__pair0__xrec0__dep0p001__e500,arpls_minmax,1729,458,42,isolated_spikes,1.0,0.00434102599171519,0.002170512995857595,0.07251935101651544,0.9151294915738241,0.022504792087787124,,2.0,0.6783311826727875,0.06688125617802143,0.5420722135007849,0.447591680350301,0.9523809523809523,0.0009477975545451045,0.531083202511774,0.5348932676518883,1.0,0.0019574633333832026,0.5515960230245944,0.45744389709906946,1.0,0.0011232041288167238
quality_pass,domain_only,instrument,Pendar-3,locked_domain,domain__quality_pass__domain_only__instrument__Pendar-3,domain__quality_pass__domain_only__instrument__Pendar-3,structured_vae,zc48__zn16__chem0__ni0__ns0__cond0__ai0__as0__pair0__xrec0__dep0p001__e500,arpls_minmax,1729,458,42,isolated_spikes,1.5,0.004331991268516062,0.002165995634258031,0.0725613824092196,0.9150060542913514,0.02250120227648286,,2.0,0.7475944029164185,0.07021387480199337,0.4087388801674516,0.39584859584859583,0.9285714285714286,0.0021656821481883526,0.531083202511774,0.5348932676518883,1.0,0.005270126275718212,0.5515960230245944,0.4552199305893887,0.9761904761904762,0.002847628900781274
quality_pass,domain_only,instrument,Pendar-3,locked_domain,domain__quality_pass__domain_only__instrument__Pendar-3,domain__quality_pass__domain_only__instrument__Pendar-3,structured_vae,zc48__zn16__chem0__ni0__ns0__cond0__ai0__as0__pair0__xrec0__dep0p001__e500,arpls_minmax,1729,458,42,edge_filled_shift,0.5,0.004343551319382599,0.0021717756596912993,0.07272070373094755,0.9133513630006138,0.022505752386746295,,2.0,0.7006057314545713,0.07131492346525192,0.5420722135007849,0.447591680350301,0.9523809523809523,0.0026698026340454817,0.531083202511774,0.5348932676518883,1.0,0.014700023457407951,0.561119832548404,0.4678004535147392,0.9523809523809523,0.004808933939784765
quality_pass,domain_only,instrument,Pendar-3,locked_domain,domain__quality_pass__domain_only__instrument__Pendar-3,domain__quality_pass__domain_only__instrument__Pendar-3,structured_vae,zc48__zn16__chem0__ni0__ns0__cond0__ai0__as0__pair0__xrec0__dep0p001__e500,arpls_minmax,1729,458,42,edge_filled_shift,1.0,0.00436775041560121,0.002183875207800605,0.07298714253420736,0.9145148259330531,0.022507054999001585,,2.0,0.8083267934649359,0.0698575358837843,0.5625850340136054,0.46821487215575885,0.9523809523809523,0.004701858386397362,0.6025117739403454,0.5825123152709359,0.9761904761904762,0.02315152995288372,0.5515960230245944,0.4577533577533578,0.9523809523809523,0.007576235570013523
quality_pass,domain_only,instrument,Pendar-3,locked_domain,domain__quality_pass__domain_only__instrument__Pendar-3,domain__quality_pass__domain_only__instrument__Pendar-3,structured_vae,zc48__zn16__chem0__ni0__ns0__cond0__ai0__as0__pair0__xrec0__dep0p001__e500,arpls_minmax,1729,458,42,edge_filled_shift,1.5,0.004407885384560832,0.002203942692280416,0.07329428003694935,0.9134607982292771,0.022500889102380812,,2.0,0.8017866506732199,0.07086483016610146,0.6026164311878598,0.5522895276589858,0.8571428571428571,0.0074624959379434586,0.6025117739403454,0.539655172413793,0.9523809523809523,0.0367555171251297,0.6026164311878598,0.5535147392290248,0.9047619047619048,0.012118498794734478
quality_pass,domain_only,instrument,Pendar-3,locked_domain,domain__quality_pass__domain_only__instrument__Pendar-3,domain__quality_pass__domain_only__instrument__Pendar-3,structured_vae,zc48__zn16__chem0__ni0__ns0__cond0__ai0__as0__pair0__xrec0__dep0p001__e500,arpls_minmax,1729,458,42,gaussian_broadening,0.5,0.004323005960939802,0.002161502980469901,0.07240066535208894,0.9155771898116686,0.022500923413884384,,2.0,0.5666263713988348,0.0713855717331171,0.5515960230245944,0.4618326118326118,1.0,3.743739398487378e-06,0.531083202511774,0.5348932676518883,1.0,1.1341912795614917e-05,0.5515960230245944,0.45744389709906946,1.0,4.843586793867871e-06
quality_pass,domain_only,instrument,Pendar-3,locked_domain,domain__quality_pass__domain_only__instrument__Pendar-3,domain__quality_pass__domain_only__instrument__Pendar-3,structured_vae,zc48__zn16__chem0__ni0__ns0__cond0__ai0__as0__pair0__xrec0__dep0p001__e500,arpls_minmax,1729,458,42,gaussian_broadening,1.0,0.004314856317150656,0.002157428158575328,0.0723870864868141,0.9156396765831034,0.02249666843656421,,2.0,0.5672651420597286,0.0715425731614232,0.5515960230245944,0.4618326118326118,1.0,5.286506348056719e-05,0.531083202511774,0.5348932676518883,1.0,0.00013522875087801367,0.5515960230245944,0.45744389709906946,1.0,6.609871343243867e-05
quality_pass,domain_only,instrument,Pendar-3,locked_domain,domain__quality_pass__domain_only__instrument__Pendar-3,domain__quality_pass__domain_only__instrument__Pendar-3,structured_vae,zc48__zn16__chem0__ni0__ns0__cond0__ai0__as0__pair0__xrec0__dep0p001__e500,arpls_minmax,1729,458,42,gaussian_broadening,1.5,0.0043038695236333815,0.0021519347618166908,0.07238211726363837,0.9156712915564672,0.022490659352201594,,2.0,0.6981617846762864,0.07167440932244062,0.5311878597592884,0.4391156462585034,0.9761904761904762,0.00019883115601260215,0.531083202511774,0.5348932676518883,1.0,0.00041947903810068965,0.5515960230245944,0.45744389709906946,1.0,0.00023694407718721777
quality_pass,domain_only,instrument,Pendar-3,locked_domain,domain__quality_pass__domain_only__instrument__Pendar-3,domain__quality_pass__domain_only__instrument__Pendar-3,structured_vae,zc48__zn16__chem0__ni0__ns0__cond0__ai0__as0__pair0__xrec0__dep0p001__e500,arpls_minmax,1729,458,42,composite,0.5,0.00616201891617546,0.00308100945808773,0.0842428078489584,0.8984804453271222,0.022529841621792536,,2.0,0.5181976491903867,0.0692668342962861,0.3882260596546311,0.40092447235304374,0.8095238095238095,0.06248710677027702,0.5186289900575615,0.49751552795031057,0.8095238095238095,0.09407089650630951,0.49105180533751963,0.5162218733647305,0.8809523809523809,0.07189919054508209
quality_pass,domain_only,instrument,Pendar-3,locked_domain,domain__quality_pass__domain_only__instrument__Pendar-3,domain__quality_pass__domain_only__instrument__Pendar-3,structured_vae,zc48__zn16__chem0__ni0__ns0__cond0__ai0__as0__pair0__xrec0__dep0p001__e500,arpls_minmax,1729,458,42,composite,1.0,0.009780473134819,0.0048902365674095,0.10002256125709531,0.8741058636542828,0.02270746074276257,,2.0,1.408759376308321,0.07032071356661618,0.5322344322344322,0.41184023016321153,0.6666666666666666,0.16346615552902222,0.44317111459968606,0.4152255639097744,0.6190476190476191,0.20761507749557495,0.5543171114599686,0.4542857142857143,0.8095238095238095,0.18372589349746704
quality_pass,domain_only,instrument,Pendar-3,locked_domain,domain__quality_pass__domain_only__instrument__Pendar-3,domain__quality_pass__domain_only__instrument__Pendar-3,structured_vae,zc48__zn16__chem0__ni0__ns0__cond0__ai0__as0__pair0__xrec0__dep0p001__e500,arpls_minmax,1729,458,42,composite,1.5,0.023137196738869586,0.011568598369434793,0.11890957508812579,0.7505089453996797,0.022973230898608477,,2.0,1.056849210477924,0.07341065630316734,0.38869701726844585,0.28509157509157507,0.6428571428571429,0.2827413082122803,0.4329670329670329,0.3557692307692308,0.5,0.42335206270217896,0.3772370486656201,0.3751962323390895,0.7619047619047619,0.3163675367832184
quality_pass,domain_only,instrument,RMX-1,locked_domain,domain__quality_pass__domain_only__instrument__RMX-1,domain__quality_pass__domain_only__instrument__RMX-1,structured_vae,zc48__zn16__chem0__ni0__ns0__cond0__ai0__as0__pair0__xrec0__dep0p001__e500,arpls_minmax,1729,455,45,scale_offset,0.5,0.006789047140895393,0.0033945235704476964,0.07584245318064063,0.9706276600170953,0.006613210285276485,,1.5,0.1693285439375908,0.053925999673083425,0.42208754208754207,0.4875222816399287,0.7333333333333333,0.019254915416240692,0.4360942760942761,0.47451963241436923,0.7555555555555555,0.013041850179433823,0.5232323232323233,0.5822510822510822,0.7111111111111111,0.015380088239908218
quality_pass,domain_only,instrument,RMX-1,locked_domain,domain__quality_pass__domain_only__instrument__RMX-1,domain__quality_pass__domain_only__instrument__RMX-1,structured_vae,zc48__zn16__chem0__ni0__ns0__cond0__ai0__as0__pair0__xrec0__dep0p001__e500,arpls_minmax,1729,455,45,scale_offset,1.0,0.008512789050995603,0.004256394525497802,0.08701384800990972,0.9672549287498297,0.006685122188666211,,1.75,0.1498278912110097,0.06301629729568958,0.567003367003367,0.6137566137566137,0.7555555555555555,0.061450980603694916,0.37912457912457914,0.39918179048613833,0.6444444444444445,0.030173005536198616,0.4492929292929293,0.496969696969697,0.7111111111111111,0.04752702638506889
quality_pass,domain_only,instrument,RMX-1,locked_domain,domain__quality_pass__domain_only__instrument__RMX-1,domain__quality_pass__domain_only__instrument__RMX-1,structured_vae,zc48__zn16__chem0__ni0__ns0__cond0__ai0__as0__pair0__xrec0__dep0p001__e500,arpls_minmax,1729,455,45,scale_offset,1.5,0.012969475193342638,0.006484737596671319,0.09835826125364897,0.9506643830332069,0.006944388489563218,,1.5,0.18613383718616433,0.07129162992350757,0.44269360269360264,0.5230704255094499,0.7111111111111111,0.09189041703939438,0.4263973063973064,0.4709340919867236,0.5777777777777777,0.062174245715141296,0.35528619528619526,0.39972172530312067,0.6444444444444445,0.07550109177827835
quality_pass,domain_only,instrument,RMX-1,locked_domain,domain__quality_pass__domain_only__instrument__RMX-1,domain__quality_pass__domain_only__instrument__RMX-1,structured_vae,zc48__zn16__chem0__ni0__ns0__cond0__ai0__as0__pair0__xrec0__dep0p001__e500,arpls_minmax,1729,455,45,smooth_baseline,0.5,0.007365235573667362,0.003682617786833681,0.0881557932577716,0.9663664794387219,0.006715906787848947,,1.5,0.17571793443396652,0.05383235216140747,0.3376430976430977,0.4048089591567852,0.8,0.06141376495361328,0.516094276094276,0.5418688565385094,0.8222222222222222,0.048365119844675064,0.404983164983165,0.4741532976827095,0.8,0.05300864204764366
quality_pass,domain_only,instrument,RMX-1,locked_domain,domain__quality_pass__domain_only__instrument__RMX-1,domain__quality_pass__domain_only__instrument__RMX-1,structured_vae,zc48__zn16__chem0__ni0__ns0__cond0__ai0__as0__pair0__xrec0__dep0p001__e500,arpls_minmax,1729,455,45,smooth_baseline,1.0,0.011210903848101564,0.005605451924050782,0.11268593957285415,0.9334245094461302,0.007137888340837977,,2.0,0.19989355984247287,0.06772379949688911,0.277037037037037,0.31666666666666665,0.7111111111111111,0.17113174498081207,0.47245791245791247,0.48120915032679745,0.7333333333333333,0.11436261981725693,0.404983164983165,0.48621212121212115,0.7111111111111111,0.1434723287820816
quality_pass,domain_only,instrument,RMX-1,locked_domain,domain__quality_pass__domain_only__instrument__RMX-1,domain__quality_pass__domain_only__instrument__RMX-1,structured_vae,zc48__zn16__chem0__ni0__ns0__cond0__ai0__as0__pair0__xrec0__dep0p001__e500,arpls_minmax,1729,455,45,smooth_baseline,1.5,0.015189701839170684,0.007594850919585342,0.1342531150417518,0.8957379521709116,0.007588595753407663,,2.0,0.26575215947930675,0.08443620009347796,0.277037037037037,0.31156462585034017,0.6444444444444445,0.2572840452194214,0.4620875420875421,0.48970596140407463,0.6444444444444445,0.14729490876197815,0.38814814814814813,0.4451282051282051,0.7111111111111111,0.21060927212238312
quality_pass,domain_only,instrument,RMX-1,locked_domain,domain__quality_pass__domain_only__instrument__RMX-1,domain__quality_pass__domain_only__instrument__RMX-1,structured_vae,zc48__zn16__chem0__ni0__ns0__cond0__ai0__as0__pair0__xrec0__dep0p001__e500,arpls_minmax,1729,455,45,gaussian_noise,0.5,0.0058789724918977835,0.0029394862459488917,0.0699239994227307,0.9717095098941599,0.006544848472171461,,1.5,0.15191955484371317,0.04925180913414806,0.5531313131313131,0.6211636828644501,0.9777777777777777,0.00030133326072245836,0.49306397306397304,0.507070707070707,1.0,0.0004080110229551792,0.6878114478114478,0.726379440665155,0.9555555555555556,0.00030226178932935
quality_pass,domain_only,instrument,RMX-1,locked_domain,domain__quality_pass__domain_only__instrument__RMX-1,domain__quality_pass__domain_only__instrument__RMX-1,structured_vae,zc48__zn16__chem0__ni0__ns0__cond0__ai0__as0__pair0__xrec0__dep0p001__e500,arpls_minmax,1729,455,45,gaussian_noise,1.0,0.005880215704281945,0.0029401078521409723,0.07016328508935482,0.972209865111106,0.006537335755365867,,1.5,0.13137765865666912,0.05079910345375538,0.516094276094276,0.5942028985507246,0.9555555555555556,0.001584041165187955,0.49306397306397304,0.5121212121212121,0.9555555555555556,0.001685755793005228,0.6440404040404041,0.7105263157894738,0.9333333333333333,0.0016301313880831003
quality_pass,domain_only,instrument,RMX-1,locked_domain,domain__quality_pass__domain_only__instrument__RMX-1,domain__quality_pass__domain_only__instrument__RMX-1,structured_vae,zc48__zn16__chem0__ni0__ns0__cond0__ai0__as0__pair0__xrec0__dep0p001__e500,arpls_minmax,1729,455,45,gaussian_noise,1.5,0.0059404903393214924,0.0029702451696607462,0.07120122402010312,0.9723785412213353,0.0065437748369068785,,2.0,0.1387951651945143,0.04950231278780848,0.442020202020202,0.5288461538461539,0.8666666666666667,0.004516486544162035,0.46276094276094276,0.47878787878787876,0.9111111111111111,0.003951979801058769,0.5834343434343435,0.6468627450980392,0.8888888888888888,0.004370945040136576
quality_pass,domain_only,instrument,RMX-1,locked_domain,domain__quality_pass__domain_only__instrument__RMX-1,domain__quality_pass__domain_only__instrument__RMX-1,structured_vae,zc48__zn16__chem0__ni0__ns0__cond0__ai0__as0__pair0__xrec0__dep0p001__e500,arpls_minmax,1729,455,45,isolated_spikes,0.5,0.00587701055994756,0.00293850527997378,0.06987588783972523,0.9717936453705567,0.006552814471154263,,1.0,0.14326145040478194,0.04599331319332123,0.5834343434343435,0.6530264279624894,1.0,0.00010720093996496871,0.49306397306397304,0.507070707070707,1.0,0.00010712941730162129,0.6810774410774411,0.7245098039215686,1.0,0.00010250674677081406
quality_pass,domain_only,instrument,RMX-1,locked_domain,domain__quality_pass__domain_only__instrument__RMX-1,domain__quality_pass__domain_only__instrument__RMX-1,structured_vae,zc48__zn16__chem0__ni0__ns0__cond0__ai0__as0__pair0__xrec0__dep0p001__e500,arpls_minmax,1729,455,45,isolated_spikes,1.0,0.005883292814628314,0.002941646407314157,0.07002798590432475,0.9712924245650321,0.006555555116284975,,1.0,0.15224502035994913,0.04821082949638367,0.5834343434343435,0.6530264279624894,1.0,0.0003596186579670757,0.49306397306397304,0.5091177556293834,0.9777777777777777,0.00051305559463799,0.718114478114478,0.7568226120857698,0.9777777777777777,0.0003818750265054405
quality_pass,domain_only,instrument,RMX-1,locked_domain,domain__quality_pass__domain_only__instrument__RMX-1,domain__quality_pass__domain_only__instrument__RMX-1,structured_vae,zc48__zn16__chem0__ni0__ns0__cond0__ai0__as0__pair0__xrec0__dep0p001__e500,arpls_minmax,1729,455,45,isolated_spikes,1.5,0.005920565219168117,0.0029602826095840584,0.07033396500442103,0.9718420359487263,0.006555015648609871,,1.0,0.14707819250869442,0.04715438187122345,0.5701010101010101,0.64400871459695,0.9555555555555556,0.0005867189611308277,0.49306397306397304,0.507070707070707,1.0,0.0007842090562917292,0.6137373737373738,0.6703365556749015,0.9555555555555556,0.0006320131942629814
quality_pass,domain_only,instrument,RMX-1,locked_domain,domain__quality_pass__domain_only__instrument__RMX-1,domain__quality_pass__domain_only__instrument__RMX-1,structured_vae,zc48__zn16__chem0__ni0__ns0__cond0__ai0__as0__pair0__xrec0__dep0p001__e500,arpls_minmax,1729,455,45,edge_filled_shift,0.5,0.0059211325260545645,0.0029605662630272822,0.07087743499441755,0.9707405303118957,0.006566940396495205,,2.0,0.13869994676351868,0.04416590742766857,0.5938047138047139,0.6392914653784219,0.8666666666666667,0.0032730314414948225,0.47973063973063973,0.4984126984126984,0.9333333333333333,0.008977001532912254,0.6241077441077442,0.6601903172616564,0.9333333333333333,0.004347898066043854
quality_pass,domain_only,instrument,RMX-1,locked_domain,domain__quality_pass__domain_only__instrument__RMX-1,domain__quality_pass__domain_only__instrument__RMX-1,structured_vae,zc48__zn16__chem0__ni0__ns0__cond0__ai0__as0__pair0__xrec0__dep0p001__e500,arpls_minmax,1729,455,45,edge_filled_shift,1.0,0.005906103294515732,0.002953051647257866,0.07100978184648155,0.9718572211502563,0.006581375848610945,,1.5,0.15375917836187744,0.0474152397364378,0.5938047138047139,0.6498316498316499,0.8888888888888888,0.005872984882444143,0.4360942760942761,0.4591152678444077,0.8888888888888888,0.01249578408896923,0.6107744107744107,0.6434162597845462,0.9111111111111111,0.007137648295611143
quality_pass,domain_only,instrument,RMX-1,locked_domain,domain__quality_pass__domain_only__instrument__RMX-1,domain__quality_pass__domain_only__instrument__RMX-1,structured_vae,zc48__zn16__chem0__ni0__ns0__cond0__ai0__as0__pair0__xrec0__dep0p001__e500,arpls_minmax,1729,455,45,edge_filled_shift,1.5,0.005937564711125758,0.002968782355562879,0.07165966686570663,0.9724441375225383,0.006589973191994923,,2.0,0.16824653565104875,0.049845384899526834,0.5063973063973064,0.5689393939393939,0.8444444444444444,0.008167004212737083,0.49306397306397304,0.5170542635658916,0.9333333333333333,0.01482658926397562,0.5367003367003367,0.5845410628019324,0.8666666666666667,0.010034849867224693
quality_pass,domain_only,instrument,RMX-1,locked_domain,domain__quality_pass__domain_only__instrument__RMX-1,domain__quality_pass__domain_only__instrument__RMX-1,structured_vae,zc48__zn16__chem0__ni0__ns0__cond0__ai0__as0__pair0__xrec0__dep0p001__e500,arpls_minmax,1729,455,45,gaussian_broadening,0.5,0.005878485480846483,0.0029392427404232417,0.06988551413153582,0.9714824836222951,0.0065527188098312185,,1.0,0.1537103660670801,0.046901287510991096,0.5834343434343435,0.6530264279624894,1.0,7.059838935674634e-07,0.47973063973063973,0.4962305986696231,0.9777777777777777,9.642707254897687e-07,0.6810774410774411,0.7245098039215686,1.0,7.245275810419116e-07
quality_pass,domain_only,instrument,RMX-1,locked_domain,domain__quality_pass__domain_only__instrument__RMX-1,domain__quality_pass__domain_only__instrument__RMX-1,structured_vae,zc48__zn16__chem0__ni0__ns0__cond0__ai0__as0__pair0__xrec0__dep0p001__e500,arpls_minmax,1729,455,45,gaussian_broadening,1.0,0.005878308841002469,0.0029391544205012343,0.06992593502478542,0.9715080734955275,0.006553678640463328,,1.0,0.15333953823346236,0.04689395986497402,0.5834343434343435,0.6530264279624894,1.0,9.100966963160317e-06,0.47973063973063973,0.4962305986696231,0.9777777777777777,1.0357962310081348e-05,0.6810774410774411,0.7245098039215686,1.0,8.22809033707017e-06
quality_pass,domain_only,instrument,RMX-1,locked_domain,domain__quality_pass__domain_only__instrument__RMX-1,domain__quality_pass__domain_only__instrument__RMX-1,structured_vae,zc48__zn16__chem0__ni0__ns0__cond0__ai0__as0__pair0__xrec0__dep0p001__e500,arpls_minmax,1729,455,45,gaussian_broadening,1.5,0.005876654384641019,0.0029383271923205095,0.0699718996630228,0.9715853962144079,0.006554217009091406,,1.0,0.15088039294950545,0.04726072587072849,0.5834343434343435,0.6530264279624894,1.0,3.3386550057912245e-05,0.47973063973063973,0.4962305986696231,0.9555555555555556,3.3652780984994024e-05,0.6810774410774411,0.7245098039215686,1.0,2.8159884095657617e-05
quality_pass,domain_only,instrument,RMX-1,locked_domain,domain__quality_pass__domain_only__instrument__RMX-1,domain__quality_pass__domain_only__instrument__RMX-1,structured_vae,zc48__zn16__chem0__ni0__ns0__cond0__ai0__as0__pair0__xrec0__dep0p001__e500,arpls_minmax,1729,455,45,composite,0.5,0.008480640846584096,0.004240320423292048,0.0914905979251638,0.9627165328225398,0.006842268154646883,,2.0,0.16609872432054856,0.05936397798359394,0.29468013468013465,0.36176470588235293,0.5333333333333333,0.07100118696689606,0.47313131313131307,0.47391304347826085,0.8,0.06598617881536484,0.46262626262626266,0.5203583825874847,0.6888888888888889,0.06539983302354813
quality_pass,domain_only,instrument,RMX-1,locked_domain,domain__quality_pass__domain_only__instrument__RMX-1,domain__quality_pass__domain_only__instrument__RMX-1,structured_vae,zc48__zn16__chem0__ni0__ns0__cond0__ai0__as0__pair0__xrec0__dep0p001__e500,arpls_minmax,1729,455,45,composite,1.0,0.01567325396354155,0.007836626981770775,0.12129253828925769,0.9315698973575081,0.007380386778840421,,2.0,0.1935646675688501,0.06556807458400726,0.42208754208754207,0.5056935817805382,0.7111111111111111,0.20500265061855316,0.516094276094276,0.5763975803087192,0.6,0.1182595044374466,0.5197306397306397,0.6060353219301905,0.7555555555555555,0.17229925096035004
quality_pass,domain_only,instrument,RMX-1,locked_domain,domain__quality_pass__domain_only__instrument__RMX-1,domain__quality_pass__domain_only__instrument__RMX-1,structured_vae,zc48__zn16__chem0__ni0__ns0__cond0__ai0__as0__pair0__xrec0__dep0p001__e500,arpls_minmax,1729,455,45,composite,1.5,0.024785724693234323,0.012392862346617161,0.14855294809248815,0.8502605706653992,0.008016530238341408,,2.0,0.24742748836906356,0.10182857513427734,0.2643771043771044,0.33162988772744867,0.5555555555555556,0.2855847179889679,0.33535353535353535,0.41260162601626016,0.4888888888888889,0.2316845804452896,0.3213468013468013,0.42340346991509775,0.5333333333333333,0.25905224680900574
quality_pass,domain_only,instrument,RMX-2,locked_domain,domain__quality_pass__domain_only__instrument__RMX-2,domain__quality_pass__domain_only__instrument__RMX-2,structured_vae,zc48__zn16__chem0__ni0__ns0__cond0__ai0__as0__pair0__xrec0__dep0p001__e500,arpls_minmax,1729,436,64,scale_offset,0.5,0.006470193006646155,0.0032350965033230775,0.07848971589686067,0.8774018398632717,0.029377586332688527,,2.0,0.7656973170890926,0.07362507749348879,0.7976190476190476,0.8438799762329174,0.96875,0.02654660865664482,0.7440476190476191,0.794242015294647,0.953125,0.01024181954562664,0.7996031746031745,0.8710864425943058,0.96875,0.016751404851675034
quality_pass,domain_only,instrument,RMX-2,locked_domain,domain__quality_pass__domain_only__instrument__RMX-2,domain__quality_pass__domain_only__instrument__RMX-2,structured_vae,zc48__zn16__chem0__ni0__ns0__cond0__ai0__as0__pair0__xrec0__dep0p001__e500,arpls_minmax,1729,436,64,scale_offset,1.0,0.011046293372023761,0.005523146686011881,0.09214473497425608,0.8682872664404857,0.029401005136300527,,2.0,0.7537651030027699,0.0767288338392973,0.7559523809523809,0.8146076146076145,0.921875,0.10988204926252365,0.6924603174603176,0.7353498179030092,0.875,0.04840920865535736,0.7043650793650794,0.7873015873015872,0.921875,0.08114597201347351
quality_pass,domain_only,instrument,RMX-2,locked_domain,domain__quality_pass__domain_only__instrument__RMX-2,domain__quality_pass__domain_only__instrument__RMX-2,structured_vae,zc48__zn16__chem0__ni0__ns0__cond0__ai0__as0__pair0__xrec0__dep0p001__e500,arpls_minmax,1729,436,64,scale_offset,1.5,0.016014156160970718,0.008007078080485359,0.10213182122365573,0.8668138336657939,0.029466951071238236,,2.0,0.4130570173394553,0.08286500349640846,0.6607142857142857,0.707348737345367,0.828125,0.1901172697544098,0.623015873015873,0.6766072092159048,0.828125,0.1364988386631012,0.6369047619047619,0.7189557745294914,0.859375,0.14445869624614716
quality_pass,domain_only,instrument,RMX-2,locked_domain,domain__quality_pass__domain_only__instrument__RMX-2,domain__quality_pass__domain_only__instrument__RMX-2,structured_vae,zc48__zn16__chem0__ni0__ns0__cond0__ai0__as0__pair0__xrec0__dep0p001__e500,arpls_minmax,1729,436,64,smooth_baseline,0.5,0.0060941966220151925,0.0030470983110075962,0.07780801201798984,0.8687458625807601,0.029375983583967008,,2.0,0.6205182677324199,0.07758641801774502,0.8511904761904763,0.8977777777777778,0.953125,0.06406180560588837,0.7202380952380952,0.7561842779234084,0.921875,0.03388757258653641,0.8115079365079364,0.8666666666666666,0.921875,0.04221975803375244
quality_pass,domain_only,instrument,RMX-2,locked_domain,domain__quality_pass__domain_only__instrument__RMX-2,domain__quality_pass__domain_only__instrument__RMX-2,structured_vae,zc48__zn16__chem0__ni0__ns0__cond0__ai0__as0__pair0__xrec0__dep0p001__e500,arpls_minmax,1729,436,64,smooth_baseline,1.0,0.007714377600099891,0.0038571888000499457,0.0858593305743525,0.8612446120422157,0.029479301404137823,,2.0,0.8389774577006622,0.08086867071688175,0.7579365079365079,0.7942554799697655,0.78125,0.17520618438720703,0.6805555555555555,0.7227920227920229,0.875,0.08268596231937408,0.7023809523809524,0.7609427609427609,0.796875,0.1120268851518631
quality_pass,domain_only,instrument,RMX-2,locked_domain,domain__quality_pass__domain_only__instrument__RMX-2,domain__quality_pass__domain_only__instrument__RMX-2,structured_vae,zc48__zn16__chem0__ni0__ns0__cond0__ai0__as0__pair0__xrec0__dep0p001__e500,arpls_minmax,1729,436,64,smooth_baseline,1.5,0.010668504502170755,0.005334252251085378,0.09621314061484032,0.7786124124502235,0.02956314397443622,,2.0,1.2845450178701527,0.08176372572779655,0.621031746031746,0.7019213090641662,0.671875,0.26592880487442017,0.7202380952380952,0.7409695409695409,0.875,0.1602948009967804,0.6607142857142857,0.7199150978220746,0.6875,0.18890824913978577
quality_pass,domain_only,instrument,RMX-2,locked_domain,domain__quality_pass__domain_only__instrument__RMX-2,domain__quality_pass__domain_only__instrument__RMX-2,structured_vae,zc48__zn16__chem0__ni0__ns0__cond0__ai0__as0__pair0__xrec0__dep0p001__e500,arpls_minmax,1729,436,64,gaussian_noise,0.5,0.005369379093431926,0.002684689546715963,0.07346558953580307,0.8812305858567335,0.02933555253427589,,2.0,0.5991140789655145,0.07650027610361576,0.8373015873015873,0.8713963161021985,0.96875,0.000807630829513073,0.7797619047619048,0.8357299399080947,0.953125,0.0003783479332923889,0.8273809523809524,0.8829629629629631,1.0,0.00047136563807725906
quality_pass,domain_only,instrument,RMX-2,locked_domain,domain__quality_pass__domain_only__instrument__RMX-2,domain__quality_pass__domain_only__instrument__RMX-2,structured_vae,zc48__zn16__chem0__ni0__ns0__cond0__ai0__as0__pair0__xrec0__dep0p001__e500,arpls_minmax,1729,436,64,gaussian_noise,1.0,0.005373345121416096,0.002686672560708048,0.073453826422711,0.8813840688705095,0.029332891839966225,,2.0,0.6170697470642135,0.07504041120409966,0.8373015873015873,0.8713963161021985,0.96875,0.003386341966688633,0.7559523809523809,0.8000743218134523,0.984375,0.0017367452383041382,0.8273809523809524,0.8908212560386474,0.96875,0.0018999706953763962
quality_pass,domain_only,instrument,RMX-2,locked_domain,domain__quality_pass__domain_only__instrument__RMX-2,domain__quality_pass__domain_only__instrument__RMX-2,structured_vae,zc48__zn16__chem0__ni0__ns0__cond0__ai0__as0__pair0__xrec0__dep0p001__e500,arpls_minmax,1729,436,64,gaussian_noise,1.5,0.005373743843823971,0.0026868719219119855,0.07355873422374705,0.880472100530877,0.029332658097395624,,2.0,0.5513819831306612,0.07468816637992859,0.75,0.815311004784689,0.90625,0.007752749137580395,0.7678571428571429,0.8116666666666666,0.9375,0.0035715047270059586,0.7440476190476191,0.8281179138321996,0.921875,0.004419948905706406
quality_pass,domain_only,instrument,RMX-2,locked_domain,domain__quality_pass__domain_only__instrument__RMX-2,domain__quality_pass__domain_only__instrument__RMX-2,structured_vae,zc48__zn16__chem0__ni0__ns0__cond0__ai0__as0__pair0__xrec0__dep0p001__e500,arpls_minmax,1729,436,64,isolated_spikes,0.5,0.005380845175097162,0.002690422587548581,0.07345576928764114,0.8811681040232954,0.029337929966834875,,2.0,0.5876381817034343,0.07774331420660019,0.8492063492063493,0.8794405594405594,0.984375,0.00047397706657648087,0.7440476190476191,0.7874787302704923,1.0,0.00018824543803930283,0.8273809523809524,0.8829629629629631,1.0,0.0002336474135518074
quality_pass,domain_only,instrument,RMX-2,locked_domain,domain__quality_pass__domain_only__instrument__RMX-2,domain__quality_pass__domain_only__instrument__RMX-2,structured_vae,zc48__zn16__chem0__ni0__ns0__cond0__ai0__as0__pair0__xrec0__dep0p001__e500,arpls_minmax,1729,436,64,isolated_spikes,1.0,0.005401115998252872,0.002700557999126436,0.07359535452722972,0.8809070971548796,0.02933859115380857,,2.0,0.6488463785134446,0.07608229294419289,0.8492063492063493,0.8794405594405594,0.984375,0.0015344060957431793,0.7678571428571429,0.8120401337792642,0.96875,0.0007676547393202782,0.8273809523809524,0.8908212560386474,0.984375,0.0008924081921577454
quality_pass,domain_only,instrument,RMX-2,locked_domain,domain__quality_pass__domain_only__instrument__RMX-2,domain__quality_pass__domain_only__instrument__RMX-2,structured_vae,zc48__zn16__chem0__ni0__ns0__cond0__ai0__as0__pair0__xrec0__dep0p001__e500,arpls_minmax,1729,436,64,isolated_spikes,1.5,0.005381692150656011,0.0026908460753280053,0.07354466262781223,0.881890427384401,0.029338344033755844,,2.0,0.6269638727787286,0.07596180029213428,0.8511904761904763,0.8910144927536231,0.96875,0.00386259239166975,0.7559523809523809,0.806837606837607,0.9375,0.0012269476428627968,0.8273809523809524,0.877487922705314,0.984375,0.0019305655732750893
quality_pass,domain_only,instrument,RMX-2,locked_domain,domain__quality_pass__domain_only__instrument__RMX-2,domain__quality_pass__domain_only__instrument__RMX-2,structured_vae,zc48__zn16__chem0__ni0__ns0__cond0__ai0__as0__pair0__xrec0__dep0p001__e500,arpls_minmax,1729,436,64,edge_filled_shift,0.5,0.005397256326032813,0.0026986281630164066,0.07384665871314372,0.8784410775789069,0.029342678040542823,,2.0,0.5729807475639579,0.07507739774882793,0.8134920634920636,0.8574310480693459,0.890625,0.006862393580377102,0.7281746031746031,0.7867612293144207,0.9375,0.008646802976727486,0.8035714285714285,0.8569059656218402,0.953125,0.0068395910784602165
quality_pass,domain_only,instrument,RMX-2,locked_domain,domain__quality_pass__domain_only__instrument__RMX-2,domain__quality_pass__domain_only__instrument__RMX-2,structured_vae,zc48__zn16__chem0__ni0__ns0__cond0__ai0__as0__pair0__xrec0__dep0p001__e500,arpls_minmax,1729,436,64,edge_filled_shift,1.0,0.005441035285935315,0.0027205176429676574,0.0742297195778519,0.8784410775789069,0.02934794218659464,,2.0,0.6939479410521865,0.07422031834721565,0.8234126984126985,0.8695781342840166,0.921875,0.010806471109390259,0.7003968253968255,0.7648550724637682,0.90625,0.014471224509179592,0.8035714285714285,0.8649538866930171,0.90625,0.010908610187470913
quality_pass,domain_only,instrument,RMX-2,locked_domain,domain__quality_pass__domain_only__instrument__RMX-2,domain__quality_pass__domain_only__instrument__RMX-2,structured_vae,zc48__zn16__chem0__ni0__ns0__cond0__ai0__as0__pair0__xrec0__dep0p001__e500,arpls_minmax,1729,436,64,edge_filled_shift,1.5,0.005480620680601099,0.0027403103403005496,0.07484543446093375,0.8796566287798426,0.02935615848059314,,2.0,0.6754781941304502,0.07450845092535019,0.8095238095238096,0.8426595110316041,0.859375,0.01961103081703186,0.7440476190476191,0.7997864225781846,0.859375,0.02468039281666279,0.7738095238095238,0.8470209339774556,0.921875,0.01894007809460163
quality_pass,domain_only,instrument,RMX-2,locked_domain,domain__quality_pass__domain_only__instrument__RMX-2,domain__quality_pass__domain_only__instrument__RMX-2,structured_vae,zc48__zn16__chem0__ni0__ns0__cond0__ai0__as0__pair0__xrec0__dep0p001__e500,arpls_minmax,1729,436,64,gaussian_broadening,0.5,0.005374984702952329,0.0026874923514761647,0.07345277999637745,0.8814615222963731,0.029336628548913505,,2.0,0.5792843263979668,0.07778492383658886,0.8373015873015873,0.8713963161021985,1.0,1.9050203263759613e-05,0.7440476190476191,0.7874787302704923,1.0,1.1489726603031158e-05,0.8273809523809524,0.8829629629629631,1.0,1.435447484254837e-05
quality_pass,domain_only,instrument,RMX-2,locked_domain,domain__quality_pass__domain_only__instrument__RMX-2,domain__quality_pass__domain_only__instrument__RMX-2,structured_vae,zc48__zn16__chem0__ni0__ns0__cond0__ai0__as0__pair0__xrec0__dep0p001__e500,arpls_minmax,1729,436,64,gaussian_broadening,1.0,0.005372593204387308,0.002686296602193654,0.0734689066673321,0.881457437201521,0.029335645019264164,,2.0,0.622621634720488,0.07705448009073734,0.8134920634920636,0.8420151277294136,0.96875,0.00029218103736639023,0.7440476190476191,0.7874787302704923,1.0,0.00016469880938529968,0.8273809523809524,0.8829629629629631,1.0,0.00021237973123788834
quality_pass,domain_only,instrument,RMX-2,locked_domain,domain__quality_pass__domain_only__instrument__RMX-2,domain__quality_pass__domain_only__instrument__RMX-2,structured_vae,zc48__zn16__chem0__ni0__ns0__cond0__ai0__as0__pair0__xrec0__dep0p001__e500,arpls_minmax,1729,436,64,gaussian_broadening,1.5,0.005371210633209826,0.002685605316604913,0.07350615218460159,0.8816160598331988,0.02933489022009005,,2.0,0.6420649521052806,0.08063903264701366,0.8154761904761904,0.8343577620173365,0.9375,0.0010402891784906387,0.7202380952380952,0.7601882819274124,0.96875,0.0005249716341495514,0.8154761904761904,0.8735353535353535,0.984375,0.0007291259244084358
quality_pass,domain_only,instrument,RMX-2,locked_domain,domain__quality_pass__domain_only__instrument__RMX-2,domain__quality_pass__domain_only__instrument__RMX-2,structured_vae,zc48__zn16__chem0__ni0__ns0__cond0__ai0__as0__pair0__xrec0__dep0p001__e500,arpls_minmax,1729,436,64,composite,0.5,0.007534842648743481,0.0037674213243717404,0.08035462953421399,0.8640841509646571,0.02942152932951237,,2.0,0.8057152414677995,0.08407378697302192,0.7876984126984127,0.8178202943170781,0.859375,0.09383474290370941,0.7043650793650794,0.7553245553245554,0.890625,0.04656881093978882,0.7718253968253969,0.8370772946859905,0.921875,0.06135709211230278
quality_pass,domain_only,instrument,RMX-2,locked_domain,domain__quality_pass__domain_only__instrument__RMX-2,domain__quality_pass__domain_only__instrument__RMX-2,structured_vae,zc48__zn16__chem0__ni0__ns0__cond0__ai0__as0__pair0__xrec0__dep0p001__e500,arpls_minmax,1729,436,64,composite,1.0,0.011986891279701286,0.005993445639850643,0.09495396920769517,0.8399889702876637,0.029475060470168936,,2.0,0.8353087018911703,0.09140333626419306,0.5575396825396824,0.6584766584766585,0.703125,0.24685166776180267,0.623015873015873,0.7045633641378322,0.828125,0.12689226865768433,0.5833333333333334,0.6718619071560248,0.734375,0.17880666255950928
quality_pass,domain_only,instrument,RMX-2,locked_domain,domain__quality_pass__domain_only__instrument__RMX-2,domain__quality_pass__domain_only__instrument__RMX-2,structured_vae,zc48__zn16__chem0__ni0__ns0__cond0__ai0__as0__pair0__xrec0__dep0p001__e500,arpls_minmax,1729,436,64,composite,1.5,0.028300677402797667,0.014150338701398833,0.11759900947581672,0.7098444734680536,0.029865355132178632,,2.0,1.327428149679551,0.07424185425043106,0.39087301587301587,0.4470022808732486,0.484375,0.4222201704978943,0.5297619047619048,0.6128801123498897,0.640625,0.22788077592849731,0.47420634920634924,0.5714285714285715,0.640625,0.3107951879501343
quality_pass,domain_only,sensor_family,GaN_polymer,locked_domain,domain__quality_pass__domain_only__sensor_family__GaN_polymer,domain__quality_pass__domain_only__sensor_family__GaN_polymer,structured_vae,zc48__zn16__chem0__ni0__ns0__cond0__ai0__as0__pair0__xrec0__dep0p001__e500,arpls_minmax,1729,482,18,scale_offset,0.5,0.006033579917304371,0.0030167899586521856,0.08061689642510689,0.9705466800827178,0.005777193445440981,0.8444444444444444,2.0,0.10999570683865115,0.05710399319650605,0.5461538461538462,0.6948051948051948,0.9444444444444444,0.015322480350732803,0.4076923076923077,0.5476190476190476,0.9444444444444444,0.009986956603825092,0.7461538461538462,0.8535353535353536,0.9444444444444444,0.014051503501832485
quality_pass,domain_only,sensor_family,GaN_polymer,locked_domain,domain__quality_pass__domain_only__sensor_family__GaN_polymer,domain__quality_pass__domain_only__sensor_family__GaN_polymer,structured_vae,zc48__zn16__chem0__ni0__ns0__cond0__ai0__as0__pair0__xrec0__dep0p001__e500,arpls_minmax,1729,482,18,scale_offset,1.0,0.007497566397802893,0.0037487831989014464,0.0928964590241758,0.9637199163232075,0.005966213974102788,0.8444444444444444,2.0,0.19918452898102249,0.061693939147517085,0.5461538461538462,0.6590909090909092,0.9444444444444444,0.05487290024757385,0.4076923076923077,0.5476190476190476,0.9444444444444444,0.051312729716300964,0.7461538461538462,0.8535353535353536,0.9444444444444444,0.04520568996667862
quality_pass,domain_only,sensor_family,GaN_polymer,locked_domain,domain__quality_pass__domain_only__sensor_family__GaN_polymer,domain__quality_pass__domain_only__sensor_family__GaN_polymer,structured_vae,zc48__zn16__chem0__ni0__ns0__cond0__ai0__as0__pair0__xrec0__dep0p001__e500,arpls_minmax,1729,482,18,scale_offset,1.5,0.010042829889505604,0.005021414944752802,0.10281683706065356,0.955044481835676,0.006154665496543268,0.8,2.0,0.2463087139804212,0.05799285601824522,0.5076923076923077,0.6309523809523809,0.8333333333333334,0.10664764046669006,0.36923076923076925,0.5166666666666666,0.7777777777777778,0.07829096913337708,0.6076923076923078,0.7559523809523809,0.7777777777777778,0.08827638626098633
quality_pass,domain_only,sensor_family,GaN_polymer,locked_domain,domain__quality_pass__domain_only__sensor_family__GaN_polymer,domain__quality_pass__domain_only__sensor_family__GaN_polymer,structured_vae,zc48__zn16__chem0__ni0__ns0__cond0__ai0__as0__pair0__xrec0__dep0p001__e500,arpls_minmax,1729,482,18,smooth_baseline,0.5,0.005066391027288404,0.002533195513644202,0.08733857528027492,0.9675791397001455,0.00608762493049295,0.8222222222222222,2.0,0.1635047575954183,0.04232004503137432,0.5461538461538462,0.6948051948051948,0.9444444444444444,0.04017942398786545,0.36923076923076925,0.5166666666666666,0.8888888888888888,0.03561500087380409,0.7461538461538462,0.8535353535353536,1.0,0.03857210651040077
quality_pass,domain_only,sensor_family,GaN_polymer,locked_domain,domain__quality_pass__domain_only__sensor_family__GaN_polymer,domain__quality_pass__domain_only__sensor_family__GaN_polymer,structured_vae,zc48__zn16__chem0__ni0__ns0__cond0__ai0__as0__pair0__xrec0__dep0p001__e500,arpls_minmax,1729,482,18,smooth_baseline,1.0,0.007208577798357261,0.0036042888991786306,0.10744668688649567,0.9456860475636168,0.0064723074356138315,0.8222222222222222,2.25,0.14035182970961865,0.049899091172846965,0.5076923076923077,0.6666666666666666,0.7777777777777778,0.10030656307935715,0.36923076923076925,0.5166666666666666,0.8333333333333334,0.06839704513549805,0.6461538461538461,0.7840909090909092,0.7777777777777778,0.09582769870758057
quality_pass,domain_only,sensor_family,GaN_polymer,locked_domain,domain__quality_pass__domain_only__sensor_family__GaN_polymer,domain__quality_pass__domain_only__sensor_family__GaN_polymer,structured_vae,zc48__zn16__chem0__ni0__ns0__cond0__ai0__as0__pair0__xrec0__dep0p001__e500,arpls_minmax,1729,482,18,smooth_baseline,1.5,0.011196356424806337,0.0055981782124031685,0.13498575605193475,0.9248187843389994,0.006968707191521749,0.8,2.25,0.2026113201227543,0.06597702502040192,0.36923076923076925,0.5166666666666666,0.7222222222222222,0.1636948138475418,0.36923076923076925,0.5166666666666666,0.7222222222222222,0.13961966335773468,0.5076923076923077,0.6666666666666666,0.6666666666666666,0.16640445590019226
quality_pass,domain_only,sensor_family,GaN_polymer,locked_domain,domain__quality_pass__domain_only__sensor_family__GaN_polymer,domain__quality_pass__domain_only__sensor_family__GaN_polymer,structured_vae,zc48__zn16__chem0__ni0__ns0__cond0__ai0__as0__pair0__xrec0__dep0p001__e500,arpls_minmax,1729,482,18,gaussian_noise,0.5,0.004294201784208582,0.002147100892104291,0.07454768000696722,0.9737132440271015,0.005766436086532416,0.8444444444444444,2.0,0.13755555147645293,0.047695599496364594,0.5461538461538462,0.6590909090909092,1.0,0.0002510481281206012,0.4076923076923077,0.5476190476190476,1.0,0.0002259214670630172,0.7461538461538462,0.8535353535353536,1.0,0.00024210412811953574
quality_pass,domain_only,sensor_family,GaN_polymer,locked_domain,domain__quality_pass__domain_only__sensor_family__GaN_polymer,domain__quality_pass__domain_only__sensor_family__GaN_polymer,structured_vae,zc48__zn16__chem0__ni0__ns0__cond0__ai0__as0__pair0__xrec0__dep0p001__e500,arpls_minmax,1729,482,18,gaussian_noise,1.0,0.004278933377535956,0.002139466688767978,0.07487949540943821,0.9736897818960277,0.005780481465648091,0.8444444444444444,2.0,0.10851474593100038,0.04562579747289419,0.5461538461538462,0.6948051948051948,0.9444444444444444,0.0014294253196567297,0.4076923076923077,0.5476190476190476,1.0,0.0013254351215437055,0.7461538461538462,0.8535353535353536,1.0,0.0013635721988976002
quality_pass,domain_only,sensor_family,GaN_polymer,locked_domain,domain__quality_pass__domain_only__sensor_family__GaN_polymer,domain__quality_pass__domain_only__sensor_family__GaN_polymer,structured_vae,zc48__zn16__chem0__ni0__ns0__cond0__ai0__as0__pair0__xrec0__dep0p001__e500,arpls_minmax,1729,482,18,gaussian_noise,1.5,0.004291017142987381,0.0021455085714936904,0.07577618490194366,0.973681233716697,0.005812213237744626,0.8444444444444444,2.0,0.09176912076693602,0.0422240822808817,0.5461538461538462,0.6948051948051948,0.9444444444444444,0.005036996677517891,0.4076923076923077,0.5476190476190476,1.0,0.0038371351547539234,0.7461538461538462,0.8535353535353536,0.9444444444444444,0.004233247600495815
quality_pass,domain_only,sensor_family,GaN_polymer,locked_domain,domain__quality_pass__domain_only__sensor_family__GaN_polymer,domain__quality_pass__domain_only__sensor_family__GaN_polymer,structured_vae,zc48__zn16__chem0__ni0__ns0__cond0__ai0__as0__pair0__xrec0__dep0p001__e500,arpls_minmax,1729,482,18,isolated_spikes,0.5,0.004295590104053958,0.002147795052026979,0.07437012629337517,0.9732275484694157,0.005761333216601593,0.8444444444444444,2.0,0.09654456354002544,0.04664835333824158,0.5461538461538462,0.6590909090909092,1.0,0.00020102660346310586,0.4076923076923077,0.5476190476190476,1.0,0.00017273094272240996,0.7461538461538462,0.8535353535353536,1.0,0.0001888208935270086
quality_pass,domain_only,sensor_family,GaN_polymer,locked_domain,domain__quality_pass__domain_only__sensor_family__GaN_polymer,domain__quality_pass__domain_only__sensor_family__GaN_polymer,structured_vae,zc48__zn16__chem0__ni0__ns0__cond0__ai0__as0__pair0__xrec0__dep0p001__e500,arpls_minmax,1729,482,18,isolated_spikes,1.0,0.0042453463950583095,0.0021226731975291548,0.07452393499990427,0.9728838521226642,0.005763846543709117,0.8444444444444444,2.0,0.09084836577462775,0.04776347754523158,0.5461538461538462,0.6948051948051948,0.9444444444444444,0.0007402565679512918,0.4076923076923077,0.5476190476190476,1.0,0.0014826820697635412,0.7461538461538462,0.8535353535353536,1.0,0.0009382896823808551
quality_pass,domain_only,sensor_family,GaN_polymer,locked_domain,domain__quality_pass__domain_only__sensor_family__GaN_polymer,domain__quality_pass__domain_only__sensor_family__GaN_polymer,structured_vae,zc48__zn16__chem0__ni0__ns0__cond0__ai0__as0__pair0__xrec0__dep0p001__e500,arpls_minmax,1729,482,18,isolated_spikes,1.5,0.004401167459746231,0.0022005837298731154,0.07504593875180267,0.9719413765648539,0.005778688353601763,0.8444444444444444,2.0,0.16461182955113324,0.056227101013064384,0.5461538461538462,0.6948051948051948,0.9444444444444444,0.0026708808727562428,0.4076923076923077,0.5476190476190476,0.9444444444444444,0.00485182786360383,0.7461538461538462,0.8535353535353536,1.0,0.002742389915511012
quality_pass,domain_only,sensor_family,GaN_polymer,locked_domain,domain__quality_pass__domain_only__sensor_family__GaN_polymer,domain__quality_pass__domain_only__sensor_family__GaN_polymer,structured_vae,zc48__zn16__chem0__ni0__ns0__cond0__ai0__as0__pair0__xrec0__dep0p001__e500,arpls_minmax,1729,482,18,edge_filled_shift,0.5,0.004345353040853515,0.0021726765204267574,0.07489657478178115,0.9725321717832579,0.005765978438871281,0.8444444444444444,2.0,0.1022806386701043,0.049653250724077225,0.5461538461538462,0.6590909090909092,1.0,0.0033925010357052088,0.4076923076923077,0.5476190476190476,0.9444444444444444,0.002213948406279087,0.7846153846153847,0.8792270531400965,0.9444444444444444,0.003325816709548235
quality_pass,domain_only,sensor_family,GaN_polymer,locked_domain,domain__quality_pass__domain_only__sensor_family__GaN_polymer,domain__quality_pass__domain_only__sensor_family__GaN_polymer,structured_vae,zc48__zn16__chem0__ni0__ns0__cond0__ai0__as0__pair0__xrec0__dep0p001__e500,arpls_minmax,1729,482,18,edge_filled_shift,1.0,0.004214463411516708,0.002107231705758354,0.07411792486002573,0.9725086675557497,0.00577878192072246,0.8444444444444444,2.0,0.13287980195449856,0.052132971584796906,0.5461538461538462,0.6590909090909092,1.0,0.008306764997541904,0.4076923076923077,0.5476190476190476,0.8333333333333334,0.004017091356217861,0.7846153846153847,0.8792270531400965,0.9444444444444444,0.0071246689185500145
quality_pass,domain_only,sensor_family,GaN_polymer,locked_domain,domain__quality_pass__domain_only__sensor_family__GaN_polymer,domain__quality_pass__domain_only__sensor_family__GaN_polymer,structured_vae,zc48__zn16__chem0__ni0__ns0__cond0__ai0__as0__pair0__xrec0__dep0p001__e500,arpls_minmax,1729,482,18,edge_filled_shift,1.5,0.004318718093305997,0.0021593590466529983,0.07559612380169535,0.9722254946733488,0.005796341915567306,0.8444444444444444,2.0,0.1290183827253948,0.05102803837507963,0.5461538461538462,0.6948051948051948,0.9444444444444444,0.015211516059935093,0.4461538461538461,0.5757575757575758,0.8333333333333334,0.016705863177776337,0.6461538461538461,0.7840909090909092,0.9444444444444444,0.014736354351043701
quality_pass,domain_only,sensor_family,GaN_polymer,locked_domain,domain__quality_pass__domain_only__sensor_family__GaN_polymer,domain__quality_pass__domain_only__sensor_family__GaN_polymer,structured_vae,zc48__zn16__chem0__ni0__ns0__cond0__ai0__as0__pair0__xrec0__dep0p001__e500,arpls_minmax,1729,482,18,gaussian_broadening,0.5,0.0042894773113121175,0.0021447386556560587,0.07436533474734516,0.9734288100610189,0.005754994849577766,0.8444444444444444,2.0,0.11901445516479064,0.047279260121285915,0.5461538461538462,0.6590909090909092,1.0,4.1392115690541686e-07,0.4076923076923077,0.5476190476190476,1.0,1.092751858777774e-06,0.7461538461538462,0.8535353535353536,1.0,6.854534149169922e-07
quality_pass,domain_only,sensor_family,GaN_polymer,locked_domain,domain__quality_pass__domain_only__sensor_family__GaN_polymer,domain__quality_pass__domain_only__sensor_family__GaN_polymer,structured_vae,zc48__zn16__chem0__ni0__ns0__cond0__ai0__as0__pair0__xrec0__dep0p001__e500,arpls_minmax,1729,482,18,gaussian_broadening,1.0,0.0042862417620564055,0.0021431208810282027,0.07436812217825745,0.9733715685569815,0.005754122128739168,0.8444444444444444,2.0,0.11903343888618009,0.04696286376565695,0.5461538461538462,0.6590909090909092,1.0,5.486938789545093e-06,0.4076923076923077,0.5476190476190476,1.0,1.8437704056850635e-05,0.7461538461538462,0.8535353535353536,1.0,9.14269003260415e-06
quality_pass,domain_only,sensor_family,GaN_polymer,locked_domain,domain__quality_pass__domain_only__sensor_family__GaN_polymer,domain__quality_pass__domain_only__sensor_family__GaN_polymer,structured_vae,zc48__zn16__chem0__ni0__ns0__cond0__ai0__as0__pair0__xrec0__dep0p001__e500,arpls_minmax,1729,482,18,gaussian_broadening,1.5,0.004280642539660011,0.0021403212698300057,0.07436626534926377,0.9732692481251541,0.005753352497936608,0.8444444444444444,2.0,0.11907090290965233,0.046672383323311806,0.5461538461538462,0.6590909090909092,1.0,1.9758939743041992e-05,0.4076923076923077,0.5476190476190476,1.0,7.937351620057598e-05,0.7461538461538462,0.8535353535353536,1.0,3.559390825103037e-05
quality_pass,domain_only,sensor_family,GaN_polymer,locked_domain,domain__quality_pass__domain_only__sensor_family__GaN_polymer,domain__quality_pass__domain_only__sensor_family__GaN_polymer,structured_vae,zc48__zn16__chem0__ni0__ns0__cond0__ai0__as0__pair0__xrec0__dep0p001__e500,arpls_minmax,1729,482,18,composite,0.5,0.006029245024295635,0.0030146225121478174,0.09254317459386213,0.9649069242090825,0.0062449634281810645,0.8222222222222222,2.0,0.2712019154846672,0.0451592457247898,0.5461538461538462,0.6948051948051948,0.8333333333333334,0.0528954416513443,0.46923076923076923,0.6357142857142857,0.7777777777777778,0.03533970192074776,0.6461538461538461,0.7840909090909092,0.8333333333333334,0.048349615186452866
quality_pass,domain_only,sensor_family,GaN_polymer,locked_domain,domain__quality_pass__domain_only__sensor_family__GaN_polymer,domain__quality_pass__domain_only__sensor_family__GaN_polymer,structured_vae,zc48__zn16__chem0__ni0__ns0__cond0__ai0__as0__pair0__xrec0__dep0p001__e500,arpls_minmax,1729,482,18,composite,1.0,0.009152157496983119,0.0045760787484915594,0.11459265112667621,0.9390059106060198,0.006492399247977652,0.8222222222222222,2.5,0.2832403578660134,0.06250566279049963,0.4076923076923077,0.5476190476190476,0.7777777777777778,0.12355213612318039,0.3076923076923077,0.38095238095238093,0.7222222222222222,0.09010947495698929,0.5076923076923077,0.6666666666666666,0.6666666666666666,0.11661824584007263
quality_pass,domain_only,sensor_family,GaN_polymer,locked_domain,domain__quality_pass__domain_only__sensor_family__GaN_polymer,domain__quality_pass__domain_only__sensor_family__GaN_polymer,structured_vae,zc48__zn16__chem0__ni0__ns0__cond0__ai0__as0__pair0__xrec0__dep0p001__e500,arpls_minmax,1729,482,18,composite,1.5,0.021789156135850127,0.010894578067925063,0.1569799509073344,0.8812824246301318,0.007405904398556341,0.7777777777777778,2.0,0.2876407928521114,0.06732019048649818,0.23076923076923078,0.3157894736842105,0.6111111111111112,0.22042889893054962,0.23076923076923078,0.3157894736842105,0.7222222222222222,0.21423271298408508,0.19230769230769232,0.2777777777777778,0.4444444444444444,0.2307082861661911
quality_pass,domain_only,sensor_family,H_SERS_H_Kit,locked_domain,domain__quality_pass__domain_only__sensor_family__H_SERS_H_Kit,domain__quality_pass__domain_only__sensor_family__H_SERS_H_Kit,structured_vae,zc48__zn16__chem0__ni0__ns0__cond0__ai0__as0__pair0__xrec0__dep0p001__e500,arpls_minmax,1729,396,104,scale_offset,0.5,0.009108423640026227,0.004554211820013114,0.10984123776043092,0.9330590191697743,0.00736382677465537,0.7559523809523809,2.0,0.24618900386459927,0.09397148643620312,0.32154195011337866,0.31839622641509435,0.9423076923076923,0.021850980818271637,0.29931972789115646,0.29042904290429045,0.9230769230769231,0.0045080180279910564,0.29931972789115646,0.28758169934640526,0.9423076923076923,0.01081925444304943
quality_pass,domain_only,sensor_family,H_SERS_H_Kit,locked_domain,domain__quality_pass__domain_only__sensor_family__H_SERS_H_Kit,domain__quality_pass__domain_only__sensor_family__H_SERS_H_Kit,structured_vae,zc48__zn16__chem0__ni0__ns0__cond0__ai0__as0__pair0__xrec0__dep0p001__e500,arpls_minmax,1729,396,104,scale_offset,1.0,0.012713607238173209,0.006356803619086604,0.12448228027346923,0.9251439198700948,0.007578363405313787,0.748015873015873,2.0,0.2765317182849752,0.10017873260221677,0.3104308390022676,0.29823493609251367,0.9615384615384616,0.08708415925502777,0.29931972789115646,0.29042904290429045,0.8557692307692307,0.014557261019945145,0.29931972789115646,0.28758169934640526,0.9423076923076923,0.039418939501047134
quality_pass,domain_only,sensor_family,H_SERS_H_Kit,locked_domain,domain__quality_pass__domain_only__sensor_family__H_SERS_H_Kit,domain__quality_pass__domain_only__sensor_family__H_SERS_H_Kit,structured_vae,zc48__zn16__chem0__ni0__ns0__cond0__ai0__as0__pair0__xrec0__dep0p001__e500,arpls_minmax,1729,396,104,scale_offset,1.5,0.018114108823574563,0.009057054411787282,0.13953874755216647,0.900576486134621,0.007756588879646152,0.7182539682539683,2.0,0.3217487668902992,0.1070636841468513,0.2925170068027211,0.27831715210355984,0.9326923076923077,0.13328251242637634,0.2925170068027211,0.2895622895622896,0.8557692307692307,0.0330817736685276,0.2925170068027211,0.2866666666666667,0.9230769230769231,0.07481744885444641
quality_pass,domain_only,sensor_family,H_SERS_H_Kit,locked_domain,domain__quality_pass__domain_only__sensor_family__H_SERS_H_Kit,domain__quality_pass__domain_only__sensor_family__H_SERS_H_Kit,structured_vae,zc48__zn16__chem0__ni0__ns0__cond0__ai0__as0__pair0__xrec0__dep0p001__e500,arpls_minmax,1729,396,104,smooth_baseline,0.5,0.009630060012408225,0.004815030006204112,0.11646825809471764,0.9198384847510801,0.007512762037443232,0.75,2.0,0.28868404643992357,0.06953319907188416,0.3351473922902495,0.3256172839506173,0.9615384615384616,0.07135274261236191,0.2925170068027211,0.2866666666666667,0.9423076923076923,0.02191215008497238,0.29931972789115646,0.29042904290429045,0.8942307692307693,0.0340486541390419
quality_pass,domain_only,sensor_family,H_SERS_H_Kit,locked_domain,domain__quality_pass__domain_only__sensor_family__H_SERS_H_Kit,domain__quality_pass__domain_only__sensor_family__H_SERS_H_Kit,structured_vae,zc48__zn16__chem0__ni0__ns0__cond0__ai0__as0__pair0__xrec0__dep0p001__e500,arpls_minmax,1729,396,104,smooth_baseline,1.0,0.013631803129418245,0.006815901564709122,0.14039600000901206,0.8654726606107097,0.00794558462607637,0.7261904761904762,2.0,0.27814474399168654,0.08632584428414702,0.33945578231292517,0.3340528872099298,0.8846153846153846,0.15345776081085205,0.2925170068027211,0.2866666666666667,0.9038461538461539,0.06950371712446213,0.29931972789115646,0.29042904290429045,0.8173076923076923,0.09703370183706284
quality_pass,domain_only,sensor_family,H_SERS_H_Kit,locked_domain,domain__quality_pass__domain_only__sensor_family__H_SERS_H_Kit,domain__quality_pass__domain_only__sensor_family__H_SERS_H_Kit,structured_vae,zc48__zn16__chem0__ni0__ns0__cond0__ai0__as0__pair0__xrec0__dep0p001__e500,arpls_minmax,1729,396,104,smooth_baseline,1.5,0.02062473416340381,0.010312367081701905,0.16416970807359513,0.7936115539089916,0.008537533752851385,0.6706349206349206,2.0,0.3494847692620172,0.1016286690137349,0.36167800453514737,0.3729664243682935,0.8173076923076923,0.24758805334568024,0.2925170068027211,0.2895622895622896,0.8365384615384616,0.1321931928396225,0.29931972789115646,0.28758169934640526,0.7980769230769231,0.1730853170156479
quality_pass,domain_only,sensor_family,H_SERS_H_Kit,locked_domain,domain__quality_pass__domain_only__sensor_family__H_SERS_H_Kit,domain__quality_pass__domain_only__sensor_family__H_SERS_H_Kit,structured_vae,zc48__zn16__chem0__ni0__ns0__cond0__ai0__as0__pair0__xrec0__dep0p001__e500,arpls_minmax,1729,396,104,gaussian_noise,0.5,0.007744847676482577,0.0038724238382412883,0.10422446848682104,0.9334783183787368,0.007270572431069587,0.7599206349206349,2.0,0.25001176102948963,0.08464256394654512,0.30612244897959184,0.2803738317757009,0.9807692307692307,0.00035532392212189734,0.2925170068027211,0.2866666666666667,0.9807692307692307,7.911542343208566e-05,0.29931972789115646,0.28758169934640526,0.9903846153846154,0.00016655772924423218
quality_pass,domain_only,sensor_family,H_SERS_H_Kit,locked_domain,domain__quality_pass__domain_only__sensor_family__H_SERS_H_Kit,domain__quality_pass__domain_only__sensor_family__H_SERS_H_Kit,structured_vae,zc48__zn16__chem0__ni0__ns0__cond0__ai0__as0__pair0__xrec0__dep0p001__e500,arpls_minmax,1729,396,104,gaussian_noise,1.0,0.007725076435776538,0.003862538217888269,0.10384161462347345,0.9338214002468026,0.0072812595424297695,0.7599206349206349,2.0,0.2737912343833757,0.07955229049548507,0.31723356009070297,0.30187920811978697,0.9903846153846154,0.002181731630116701,0.2925170068027211,0.2866666666666667,0.9903846153846154,0.0003063604235649109,0.29931972789115646,0.28758169934640526,0.9807692307692307,0.0009031645604409277
quality_pass,domain_only,sensor_family,H_SERS_H_Kit,locked_domain,domain__quality_pass__domain_only__sensor_family__H_SERS_H_Kit,domain__quality_pass__domain_only__sensor_family__H_SERS_H_Kit,structured_vae,zc48__zn16__chem0__ni0__ns0__cond0__ai0__as0__pair0__xrec0__dep0p001__e500,arpls_minmax,1729,396,104,gaussian_noise,1.5,0.00776396600942894,0.00388198300471447,0.10414861942837939,0.9330061929665893,0.007297672933845519,0.7619047619047619,2.0,0.27051119797010503,0.07791701145470142,0.3104308390022676,0.30087045570916543,0.9615384615384616,0.006202131975442171,0.2925170068027211,0.2866666666666667,0.9903846153846154,0.0007642146665602922,0.29931972789115646,0.28758169934640526,0.9711538461538461,0.002454838017001748
quality_pass,domain_only,sensor_family,H_SERS_H_Kit,locked_domain,domain__quality_pass__domain_only__sensor_family__H_SERS_H_Kit,domain__quality_pass__domain_only__sensor_family__H_SERS_H_Kit,structured_vae,zc48__zn16__chem0__ni0__ns0__cond0__ai0__as0__pair0__xrec0__dep0p001__e500,arpls_minmax,1729,396,104,isolated_spikes,0.5,0.007742786875636691,0.0038713934378183457,0.10436642598023489,0.9326389456320534,0.007269122614867222,0.7638888888888888,2.0,0.2511387921891366,0.08566436660476029,0.31723356009070297,0.29928315412186385,1.0,0.00011995606473647058,0.2925170068027211,0.2866666666666667,0.9903846153846154,6.111081165727228e-05,0.29931972789115646,0.28758169934640526,1.0,7.73622450651601e-05
quality_pass,domain_only,sensor_family,H_SERS_H_Kit,locked_domain,domain__quality_pass__domain_only__sensor_family__H_SERS_H_Kit,domain__quality_pass__domain_only__sensor_family__H_SERS_H_Kit,structured_vae,zc48__zn16__chem0__ni0__ns0__cond0__ai0__as0__pair0__xrec0__dep0p001__e500,arpls_minmax,1729,396,104,isolated_spikes,1.0,0.007764547902336661,0.0038822739511683306,0.10445863874839376,0.9325203125268784,0.0072706243655877405,0.7619047619047619,2.0,0.25243802877325217,0.0833373754285276,0.3104308390022676,0.2956486785247714,0.9903846153846154,0.0005830618320032954,0.2925170068027211,0.2866666666666667,0.9711538461538461,0.00024543702602386475,0.29931972789115646,0.28758169934640526,0.9903846153846154,0.0003559113829396665
quality_pass,domain_only,sensor_family,H_SERS_H_Kit,locked_domain,domain__quality_pass__domain_only__sensor_family__H_SERS_H_Kit,domain__quality_pass__domain_only__sensor_family__H_SERS_H_Kit,structured_vae,zc48__zn16__chem0__ni0__ns0__cond0__ai0__as0__pair0__xrec0__dep0p001__e500,arpls_minmax,1729,396,104,isolated_spikes,1.5,0.007769956775920499,0.0038849783879602493,0.10453831443283779,0.9329210280086805,0.007276275030181295,0.7619047619047619,2.0,0.26557674796918623,0.0858368615154177,0.3104308390022676,0.30087045570916543,0.9711538461538461,0.0015146302757784724,0.2925170068027211,0.2866666666666667,0.9711538461538461,0.00046620058128610253,0.29931972789115646,0.29042904290429045,0.9615384615384616,0.0007957025081850588
quality_pass,domain_only,sensor_family,H_SERS_H_Kit,locked_domain,domain__quality_pass__domain_only__sensor_family__H_SERS_H_Kit,domain__quality_pass__domain_only__sensor_family__H_SERS_H_Kit,structured_vae,zc48__zn16__chem0__ni0__ns0__cond0__ai0__as0__pair0__xrec0__dep0p001__e500,arpls_minmax,1729,396,104,edge_filled_shift,0.5,0.007786845654250281,0.0038934228271251406,0.10463289579241924,0.9342555711826459,0.0072650080335472135,0.7658730158730159,2.0,0.25043450242314036,0.08952468342613429,0.31723356009070297,0.3045242442686143,0.9519230769230769,0.00237422832287848,0.2925170068027211,0.2866666666666667,0.9807692307692307,0.0007779105217196047,0.29931972789115646,0.28758169934640526,0.9615384615384616,0.0012037960113957524
quality_pass,domain_only,sensor_family,H_SERS_H_Kit,locked_domain,domain__quality_pass__domain_only__sensor_family__H_SERS_H_Kit,domain__quality_pass__domain_only__sensor_family__H_SERS_H_Kit,structured_vae,zc48__zn16__chem0__ni0__ns0__cond0__ai0__as0__pair0__xrec0__dep0p001__e500,arpls_minmax,1729,396,104,edge_filled_shift,1.0,0.007814358940208656,0.003907179470104328,0.10475406743362616,0.9314278792291488,0.007267331060942438,0.7599206349206349,2.0,0.25705016846579604,0.08294494030997157,0.3104308390022676,0.29823493609251367,0.9423076923076923,0.004366193898022175,0.29931972789115646,0.29042904290429045,0.9615384615384616,0.0015332120237872005,0.29931972789115646,0.28758169934640526,0.9519230769230769,0.0021417937241494656
quality_pass,domain_only,sensor_family,H_SERS_H_Kit,locked_domain,domain__quality_pass__domain_only__sensor_family__H_SERS_H_Kit,domain__quality_pass__domain_only__sensor_family__H_SERS_H_Kit,structured_vae,zc48__zn16__chem0__ni0__ns0__cond0__ai0__as0__pair0__xrec0__dep0p001__e500,arpls_minmax,1729,396,104,edge_filled_shift,1.5,0.00783077927776142,0.00391538963888071,0.10562412319991384,0.929732674548861,0.0072809341761154766,0.7678571428571429,2.0,0.2377396030471974,0.08553460094844922,0.3104308390022676,0.30087045570916543,0.9134615384615384,0.006916692480444908,0.29931972789115646,0.29042904290429045,0.9423076923076923,0.0024820154067128897,0.29931972789115646,0.28758169934640526,0.9519230769230769,0.0036508413031697273
quality_pass,domain_only,sensor_family,H_SERS_H_Kit,locked_domain,domain__quality_pass__domain_only__sensor_family__H_SERS_H_Kit,domain__quality_pass__domain_only__sensor_family__H_SERS_H_Kit,structured_vae,zc48__zn16__chem0__ni0__ns0__cond0__ai0__as0__pair0__xrec0__dep0p001__e500,arpls_minmax,1729,396,104,gaussian_broadening,0.5,0.007750559223245107,0.0038752796116225535,0.10440638012762943,0.9326299602977288,0.007265332128443707,0.7658730158730159,2.0,0.24772521909533646,0.0883820028975606,0.31723356009070297,0.29928315412186385,1.0,9.553937161399517e-07,0.2925170068027211,0.2866666666666667,1.0,1.0717373299939936e-07,0.29931972789115646,0.28758169934640526,1.0,4.4990045466875017e-07
quality_pass,domain_only,sensor_family,H_SERS_H_Kit,locked_domain,domain__quality_pass__domain_only__sensor_family__H_SERS_H_Kit,domain__quality_pass__domain_only__sensor_family__H_SERS_H_Kit,structured_vae,zc48__zn16__chem0__ni0__ns0__cond0__ai0__as0__pair0__xrec0__dep0p001__e500,arpls_minmax,1729,396,104,gaussian_broadening,1.0,0.0077535289476385015,0.0038767644738192508,0.10443426890182009,0.9324310136351546,0.00726504924662195,0.7658730158730159,2.0,0.24807278213597805,0.08833744563162327,0.31723356009070297,0.29928315412186385,1.0,1.1139763955725357e-05,0.2925170068027211,0.2866666666666667,1.0,1.6299577509926166e-06,0.29931972789115646,0.28758169934640526,1.0,5.278449862089474e-06
quality_pass,domain_only,sensor_family,H_SERS_H_Kit,locked_domain,domain__quality_pass__domain_only__sensor_family__H_SERS_H_Kit,domain__quality_pass__domain_only__sensor_family__H_SERS_H_Kit,structured_vae,zc48__zn16__chem0__ni0__ns0__cond0__ai0__as0__pair0__xrec0__dep0p001__e500,arpls_minmax,1729,396,104,gaussian_broadening,1.5,0.007758025925754029,0.0038790129628770145,0.10446848380534844,0.9321666152235905,0.0072646807810161414,0.7658730158730159,2.0,0.24871912352822922,0.0880194460041821,0.31723356009070297,0.29928315412186385,1.0,3.111534533672966e-05,0.2925170068027211,0.2866666666666667,1.0,5.716887699236395e-06,0.29931972789115646,0.28758169934640526,1.0,1.5297187928808853e-05
quality_pass,domain_only,sensor_family,H_SERS_H_Kit,locked_domain,domain__quality_pass__domain_only__sensor_family__H_SERS_H_Kit,domain__quality_pass__domain_only__sensor_family__H_SERS_H_Kit,structured_vae,zc48__zn16__chem0__ni0__ns0__cond0__ai0__as0__pair0__xrec0__dep0p001__e500,arpls_minmax,1729,396,104,composite,0.5,0.010729280444764695,0.005364640222382347,0.11980032953082385,0.9183099684161233,0.007675635187797298,0.748015873015873,2.0,0.28947016430150074,0.08720741898287088,0.32834467120181404,0.3273809523809524,0.9230769230769231,0.08823483437299728,0.2925170068027211,0.2866666666666667,0.9519230769230769,0.0243619866669178,0.29931972789115646,0.29042904290429045,0.8846153846153846,0.04387664049863815
quality_pass,domain_only,sensor_family,H_SERS_H_Kit,locked_domain,domain__quality_pass__domain_only__sensor_family__H_SERS_H_Kit,domain__quality_pass__domain_only__sensor_family__H_SERS_H_Kit,structured_vae,zc48__zn16__chem0__ni0__ns0__cond0__ai0__as0__pair0__xrec0__dep0p001__e500,arpls_minmax,1729,396,104,composite,1.0,0.020222527101653467,0.010111263550826734,0.15947446621211253,0.8434564793906776,0.008295797429693287,0.6865079365079365,2.0,0.34689964184519223,0.09328850358724594,0.31723356009070297,0.3045242442686143,0.875,0.21822093427181244,0.29931972789115646,0.2962962962962963,0.8076923076923077,0.09256856143474579,0.2925170068027211,0.2866666666666667,0.8173076923076923,0.13441585004329681
quality_pass,domain_only,sensor_family,H_SERS_H_Kit,locked_domain,domain__quality_pass__domain_only__sensor_family__H_SERS_H_Kit,domain__quality_pass__domain_only__sensor_family__H_SERS_H_Kit,structured_vae,zc48__zn16__chem0__ni0__ns0__cond0__ai0__as0__pair0__xrec0__dep0p001__e500,arpls_minmax,1729,396,104,composite,1.5,0.032655903559893444,0.016327951779946722,0.1820230513646486,0.7452510088837012,0.009024886013908653,0.5892857142857143,2.25,0.3442392604413148,0.11139600141905248,0.3480725623582766,0.35802469135802467,0.7596153846153846,0.30233895778656006,0.3036281179138322,0.3081720430107527,0.8557692307692307,0.15678530931472778,0.2857142857142857,0.2772277227722772,0.7788461538461539,0.21093925833702087
quality_pass,domain_only,sensor_family,NRC_Canadian_SERS,locked_domain,domain__quality_pass__domain_only__sensor_family__NRC_Canadian_SERS,domain__quality_pass__domain_only__sensor_family__NRC_Canadian_SERS,structured_vae,zc48__zn16__chem0__ni0__ns0__cond0__ai0__as0__pair0__xrec0__dep0p001__e500,arpls_minmax,1729,418,82,scale_offset,0.5,0.014454220843628157,0.007227110421814079,0.12171164378659378,0.7765242599822413,0.012840919511848032,0.481981981981982,2.0,0.47873325116067816,0.1070031002163887,0.1746031746031746,0.09833270178097764,0.9878048780487805,0.010481552220880985,0.25,0.1407062825130052,0.9512195121951219,0.00819101557135582,0.21367521367521364,0.16521857101567244,0.9512195121951219,0.007581587415188551
quality_pass,domain_only,sensor_family,NRC_Canadian_SERS,locked_domain,domain__quality_pass__domain_only__sensor_family__NRC_Canadian_SERS,domain__quality_pass__domain_only__sensor_family__NRC_Canadian_SERS,structured_vae,zc48__zn16__chem0__ni0__ns0__cond0__ai0__as0__pair0__xrec0__dep0p001__e500,arpls_minmax,1729,418,82,scale_offset,1.0,0.01926740205460607,0.009633701027303035,0.12981049947388132,0.7734836554568227,0.012687425742017278,0.44144144144144143,2.5,0.5833839929053863,0.1017542127519846,0.1746031746031746,0.09833270178097764,0.9390243902439024,0.04296170547604561,0.1984126984126984,0.11335962956611215,0.9146341463414634,0.04965659976005554,0.20573870573870573,0.1587424920758254,0.8902439024390244,0.03797869384288788
quality_pass,domain_only,sensor_family,NRC_Canadian_SERS,locked_domain,domain__quality_pass__domain_only__sensor_family__NRC_Canadian_SERS,domain__quality_pass__domain_only__sensor_family__NRC_Canadian_SERS,structured_vae,zc48__zn16__chem0__ni0__ns0__cond0__ai0__as0__pair0__xrec0__dep0p001__e500,arpls_minmax,1729,418,82,scale_offset,1.5,0.024450118479539557,0.012225059239769779,0.1368319564755081,0.7499837127932169,0.01285810783318756,0.46846846846846846,2.0,0.5538129782296485,0.10978959500789642,0.16666666666666669,0.09721313169589033,0.9512195121951219,0.053709618747234344,0.19047619047619047,0.1020286902639844,0.9024390243902439,0.09129609167575836,0.2106227106227106,0.1497265347017686,0.8414634146341463,0.06296675652265549
quality_pass,domain_only,sensor_family,NRC_Canadian_SERS,locked_domain,domain__quality_pass__domain_only__sensor_family__NRC_Canadian_SERS,domain__quality_pass__domain_only__sensor_family__NRC_Canadian_SERS,structured_vae,zc48__zn16__chem0__ni0__ns0__cond0__ai0__as0__pair0__xrec0__dep0p001__e500,arpls_minmax,1729,418,82,smooth_baseline,0.5,0.014880088845564823,0.007440044422782411,0.12548844724475045,0.7762870069856473,0.013131246993877717,0.481981981981982,2.5,0.4651278075673764,0.11206716520246118,0.17765567765567766,0.11923207511442806,0.9390243902439024,0.020457204431295395,0.23412698412698413,0.1260950391385174,0.8658536585365854,0.01620141789317131,0.22954822954822954,0.1955103978913503,0.926829268292683,0.01673155091702938
quality_pass,domain_only,sensor_family,NRC_Canadian_SERS,locked_domain,domain__quality_pass__domain_only__sensor_family__NRC_Canadian_SERS,domain__quality_pass__domain_only__sensor_family__NRC_Canadian_SERS,structured_vae,zc48__zn16__chem0__ni0__ns0__cond0__ai0__as0__pair0__xrec0__dep0p001__e500,arpls_minmax,1729,418,82,smooth_baseline,1.0,0.017579016734386287,0.008789508367193144,0.13350461894568066,0.7355346235152341,0.013434743610131203,0.4594594594594595,3.0,0.5510051950074046,0.09835849981755018,0.2045177045177045,0.13812471053850364,0.9390243902439024,0.054237280040979385,0.21031746031746032,0.11565458496740189,0.8292682926829268,0.04905615374445915,0.20665445665445667,0.16102538576406175,0.9024390243902439,0.04860496148467064
quality_pass,domain_only,sensor_family,NRC_Canadian_SERS,locked_domain,domain__quality_pass__domain_only__sensor_family__NRC_Canadian_SERS,domain__quality_pass__domain_only__sensor_family__NRC_Canadian_SERS,structured_vae,zc48__zn16__chem0__ni0__ns0__cond0__ai0__as0__pair0__xrec0__dep0p001__e500,arpls_minmax,1729,418,82,smooth_baseline,1.5,0.019490292484489302,0.009745146242244651,0.13878876484395342,0.7114457593618575,0.01366413246058436,0.47297297297297297,2.5,0.5295291641793627,0.12701781949726865,0.19047619047619047,0.11809388767914113,0.9024390243902439,0.0774449035525322,0.18253968253968253,0.1291804780769127,0.7073170731707317,0.09048595279455185,0.2106227106227106,0.1691203976340478,0.8780487804878049,0.07703205943107605
quality_pass,domain_only,sensor_family,NRC_Canadian_SERS,locked_domain,domain__quality_pass__domain_only__sensor_family__NRC_Canadian_SERS,domain__quality_pass__domain_only__sensor_family__NRC_Canadian_SERS,structured_vae,zc48__zn16__chem0__ni0__ns0__cond0__ai0__as0__pair0__xrec0__dep0p001__e500,arpls_minmax,1729,418,82,gaussian_noise,0.5,0.013166976980762466,0.006583488490381233,0.11858459054040203,0.7986073982968058,0.012731096137189165,0.46396396396396394,2.0,0.5246370035241572,0.10556375980377197,0.1746031746031746,0.09990009990009989,0.9878048780487805,0.00020467507420107722,0.25,0.1413003663003663,0.9878048780487805,0.00023233817773871124,0.22161172161172163,0.1822954822954823,1.0,0.00017908724839799106
quality_pass,domain_only,sensor_family,NRC_Canadian_SERS,locked_domain,domain__quality_pass__domain_only__sensor_family__NRC_Canadian_SERS,domain__quality_pass__domain_only__sensor_family__NRC_Canadian_SERS,structured_vae,zc48__zn16__chem0__ni0__ns0__cond0__ai0__as0__pair0__xrec0__dep0p001__e500,arpls_minmax,1729,418,82,gaussian_noise,1.0,0.013143963257299201,0.0065719816286496004,0.1183660885741536,0.7993976028364577,0.01270563811013844,0.46396396396396394,2.0,0.5223444114426768,0.10539225861430168,0.1746031746031746,0.0993164139231555,0.9878048780487805,0.0006619444466196001,0.21428571428571427,0.1326598133049746,0.975609756097561,0.0008835152839310467,0.22161172161172163,0.1840736619217632,0.9878048780487805,0.0006430657813325524
quality_pass,domain_only,sensor_family,NRC_Canadian_SERS,locked_domain,domain__quality_pass__domain_only__sensor_family__NRC_Canadian_SERS,domain__quality_pass__domain_only__sensor_family__NRC_Canadian_SERS,structured_vae,zc48__zn16__chem0__ni0__ns0__cond0__ai0__as0__pair0__xrec0__dep0p001__e500,arpls_minmax,1729,418,82,gaussian_noise,1.5,0.013157865678936877,0.006578932839468438,0.11837207592122641,0.7973662615735005,0.012708015696099457,0.46846846846846846,2.5,0.5377008586419508,0.10878635791596025,0.1935286935286935,0.12673992673992673,0.9634146341463414,0.001676266547292471,0.21428571428571427,0.1335568842921784,0.9634146341463414,0.002187086269259453,0.24053724053724054,0.20934065934065935,0.9024390243902439,0.0014711632393300533
quality_pass,domain_only,sensor_family,NRC_Canadian_SERS,locked_domain,domain__quality_pass__domain_only__sensor_family__NRC_Canadian_SERS,domain__quality_pass__domain_only__sensor_family__NRC_Canadian_SERS,structured_vae,zc48__zn16__chem0__ni0__ns0__cond0__ai0__as0__pair0__xrec0__dep0p001__e500,arpls_minmax,1729,418,82,isolated_spikes,0.5,0.013236084061004134,0.006618042030502067,0.11904233630252048,0.7978364145095345,0.012762198603855792,0.46846846846846846,2.0,0.5224074826706473,0.1062084436416626,0.16666666666666669,0.09321712769988633,0.9878048780487805,5.0774433475453407e-05,0.25,0.1407360341018284,1.0,9.383079304825515e-05,0.22161172161172163,0.1797393083107369,0.9878048780487805,6.096828292356804e-05
quality_pass,domain_only,sensor_family,NRC_Canadian_SERS,locked_domain,domain__quality_pass__domain_only__sensor_family__NRC_Canadian_SERS,domain__quality_pass__domain_only__sensor_family__NRC_Canadian_SERS,structured_vae,zc48__zn16__chem0__ni0__ns0__cond0__ai0__as0__pair0__xrec0__dep0p001__e500,arpls_minmax,1729,418,82,isolated_spikes,1.0,0.013228684680738066,0.006614342340369033,0.11903323988124219,0.7972289558798584,0.012767985939634168,0.46846846846846846,2.0,0.5067902286908873,0.10492410603910685,0.1746031746031746,0.09773559773559773,1.0,0.0001875118468888104,0.25,0.1407360341018284,1.0,0.00037999777123332024,0.20573870573870573,0.1570895349376362,0.9512195121951219,0.00023482849064748734
quality_pass,domain_only,sensor_family,NRC_Canadian_SERS,locked_domain,domain__quality_pass__domain_only__sensor_family__NRC_Canadian_SERS,domain__quality_pass__domain_only__sensor_family__NRC_Canadian_SERS,structured_vae,zc48__zn16__chem0__ni0__ns0__cond0__ai0__as0__pair0__xrec0__dep0p001__e500,arpls_minmax,1729,418,82,isolated_spikes,1.5,0.013280098607469183,0.006640049303734592,0.1192287054124176,0.7952529716624009,0.012767908634188646,0.4774774774774775,2.0,0.5215038947656035,0.10383122134953737,0.16666666666666669,0.09504862953138815,0.9634146341463414,0.0004967647255398333,0.25,0.1407360341018284,1.0,0.0009957493748515844,0.22161172161172163,0.17817620975515716,0.9512195121951219,0.0005585587350651622
quality_pass,domain_only,sensor_family,NRC_Canadian_SERS,locked_domain,domain__quality_pass__domain_only__sensor_family__NRC_Canadian_SERS,domain__quality_pass__domain_only__sensor_family__NRC_Canadian_SERS,structured_vae,zc48__zn16__chem0__ni0__ns0__cond0__ai0__as0__pair0__xrec0__dep0p001__e500,arpls_minmax,1729,418,82,edge_filled_shift,0.5,0.013262707744911905,0.0066313538724559525,0.11920291373956893,0.7987536476979766,0.012771899628472225,0.4594594594594595,2.25,0.4875848666382777,0.10563738038763404,0.1746031746031746,0.0993164139231555,0.9878048780487805,0.0006797263049520552,0.21428571428571427,0.1318266639021356,0.9634146341463414,0.00157265760935843,0.2106227106227106,0.17365158995593782,0.9024390243902439,0.0008447061409242451
quality_pass,domain_only,sensor_family,NRC_Canadian_SERS,locked_domain,domain__quality_pass__domain_only__sensor_family__NRC_Canadian_SERS,domain__quality_pass__domain_only__sensor_family__NRC_Canadian_SERS,structured_vae,zc48__zn16__chem0__ni0__ns0__cond0__ai0__as0__pair0__xrec0__dep0p001__e500,arpls_minmax,1729,418,82,edge_filled_shift,1.0,0.013309666685814531,0.006654833342907266,0.11930028185242442,0.795391421558255,0.012757794446165842,0.4594594594594595,2.25,0.5133081137938698,0.10806530062109232,0.1587301587301587,0.09046767186302071,0.9390243902439024,0.0011468231678009033,0.26587301587301587,0.16147305075876503,0.9390243902439024,0.0024617293383926153,0.24053724053724054,0.1987179487179487,0.975609756097561,0.001302669639699161
quality_pass,domain_only,sensor_family,NRC_Canadian_SERS,locked_domain,domain__quality_pass__domain_only__sensor_family__NRC_Canadian_SERS,domain__quality_pass__domain_only__sensor_family__NRC_Canadian_SERS,structured_vae,zc48__zn16__chem0__ni0__ns0__cond0__ai0__as0__pair0__xrec0__dep0p001__e500,arpls_minmax,1729,418,82,edge_filled_shift,1.5,0.013305761338492579,0.006652880669246289,0.11944340766646563,0.7973088770746325,0.012724854926613788,0.46396396396396394,2.25,0.511656380430258,0.10525373090058565,0.1746031746031746,0.09480715363068304,0.9634146341463414,0.002670045243576169,0.25,0.14024840153872412,0.975609756097561,0.004808638244867325,0.22161172161172163,0.1822954822954823,0.9024390243902439,0.002696004696190357
quality_pass,domain_only,sensor_family,NRC_Canadian_SERS,locked_domain,domain__quality_pass__domain_only__sensor_family__NRC_Canadian_SERS,domain__quality_pass__domain_only__sensor_family__NRC_Canadian_SERS,structured_vae,zc48__zn16__chem0__ni0__ns0__cond0__ai0__as0__pair0__xrec0__dep0p001__e500,arpls_minmax,1729,418,82,gaussian_broadening,0.5,0.013219245883805615,0.006609622941902807,0.11896641376592734,0.7975975630909339,0.01275896082441416,0.46846846846846846,2.0,0.5207775555906394,0.10611974913626909,0.1746031746031746,0.09773559773559773,1.0,5.480719664774369e-07,0.25,0.1407360341018284,1.0,1.555535845909617e-06,0.22161172161172163,0.1822954822954823,1.0,8.148390975293296e-07
quality_pass,domain_only,sensor_family,NRC_Canadian_SERS,locked_domain,domain__quality_pass__domain_only__sensor_family__NRC_Canadian_SERS,domain__quality_pass__domain_only__sensor_family__NRC_Canadian_SERS,structured_vae,zc48__zn16__chem0__ni0__ns0__cond0__ai0__as0__pair0__xrec0__dep0p001__e500,arpls_minmax,1729,418,82,gaussian_broadening,1.0,0.013223942133291332,0.006611971066645666,0.11898142516566469,0.7974336501246319,0.012757968882827915,0.46846846846846846,2.0,0.5208596749148793,0.1051524206995964,0.1746031746031746,0.09773559773559773,1.0,6.632107215409633e-06,0.25,0.1407360341018284,1.0,1.389660519635072e-05,0.22161172161172163,0.1822954822954823,1.0,8.302490641654003e-06
quality_pass,domain_only,sensor_family,NRC_Canadian_SERS,locked_domain,domain__quality_pass__domain_only__sensor_family__NRC_Canadian_SERS,domain__quality_pass__domain_only__sensor_family__NRC_Canadian_SERS,structured_vae,zc48__zn16__chem0__ni0__ns0__cond0__ai0__as0__pair0__xrec0__dep0p001__e500,arpls_minmax,1729,418,82,gaussian_broadening,1.5,0.013228867775156392,0.006614433887578196,0.11899559179790553,0.7972511369289199,0.012757265572949482,0.46846846846846846,2.0,0.5209847294807111,0.10467651952058077,0.1746031746031746,0.09773559773559773,1.0,2.2040634576114826e-05,0.25,0.1407360341018284,1.0,3.793981159105897e-05,0.22161172161172163,0.1822954822954823,1.0,2.4616718292236328e-05
quality_pass,domain_only,sensor_family,NRC_Canadian_SERS,locked_domain,domain__quality_pass__domain_only__sensor_family__NRC_Canadian_SERS,domain__quality_pass__domain_only__sensor_family__NRC_Canadian_SERS,structured_vae,zc48__zn16__chem0__ni0__ns0__cond0__ai0__as0__pair0__xrec0__dep0p001__e500,arpls_minmax,1729,418,82,composite,0.5,0.016842996720654924,0.008421498360327462,0.12868975585398876,0.7597939782258273,0.013311008896448916,0.45495495495495497,2.0,0.5101436363943123,0.10372566618025303,0.18559218559218557,0.12529268117503414,0.926829268292683,0.022246191278100014,0.25,0.14446654223908453,0.8414634146341463,0.031203938648104668,0.2026862026862027,0.15002035002035002,0.8536585365853658,0.02509983628988266
quality_pass,domain_only,sensor_family,NRC_Canadian_SERS,locked_domain,domain__quality_pass__domain_only__sensor_family__NRC_Canadian_SERS,domain__quality_pass__domain_only__sensor_family__NRC_Canadian_SERS,structured_vae,zc48__zn16__chem0__ni0__ns0__cond0__ai0__as0__pair0__xrec0__dep0p001__e500,arpls_minmax,1729,418,82,composite,1.0,0.0200603522280786,0.0100301761140393,0.13239154195504793,0.7448411421784762,0.012806622875458418,0.43243243243243246,2.0,0.5288673288816403,0.1198358511319384,0.1746031746031746,0.09990009990009989,0.9390243902439024,0.05942288413643837,0.2023809523809524,0.12811990876507004,0.7804878048780488,0.08711246401071548,0.20177045177045175,0.13732399808349177,0.8780487804878049,0.06443633139133453
quality_pass,domain_only,sensor_family,NRC_Canadian_SERS,locked_domain,domain__quality_pass__domain_only__sensor_family__NRC_Canadian_SERS,domain__quality_pass__domain_only__sensor_family__NRC_Canadian_SERS,structured_vae,zc48__zn16__chem0__ni0__ns0__cond0__ai0__as0__pair0__xrec0__dep0p001__e500,arpls_minmax,1729,418,82,composite,1.5,0.029013280030216065,0.014506640015108032,0.14804801762443762,0.6786213999072801,0.013326290171540914,0.42342342342342343,2.25,0.5469367919135486,0.11220406973734498,0.14285714285714285,0.0935911633586052,0.8780487804878049,0.11326706409454346,0.26587301587301587,0.16062794348508636,0.6585365853658537,0.2146846204996109,0.1758241758241758,0.13177257525083613,0.8292682926829268,0.12865705788135529
quality_pass,domain_only,sensor_family,pSERS_Metrohm_silver,locked_domain,domain__quality_pass__domain_only__sensor_family__pSERS_Metrohm_silver,domain__quality_pass__domain_only__sensor_family__pSERS_Metrohm_silver,structured_vae,zc48__zn16__chem0__ni0__ns0__cond0__ai0__as0__pair0__xrec0__dep0p001__e500,arpls_minmax,1729,204,296,scale_offset,0.5,0.011297932806982918,0.005648966403491459,0.11537372253164822,0.7973215102970834,0.018899554149807717,0.29935916997253587,2.0,0.44209999905919417,0.0849505802616477,0.32576578579301785,0.3063429133408849,0.9054054054054054,0.012512675486505032,0.22444286930375992,0.21601252461425283,0.7871621621621622,0.015849202871322632,0.34662980150239436,0.3418995852114629,0.8614864864864865,0.012961991131305695
quality_pass,domain_only,sensor_family,pSERS_Metrohm_silver,locked_domain,domain__quality_pass__domain_only__sensor_family__pSERS_Metrohm_silver,domain__quality_pass__domain_only__sensor_family__pSERS_Metrohm_silver,structured_vae,zc48__zn16__chem0__ni0__ns0__cond0__ai0__as0__pair0__xrec0__dep0p001__e500,arpls_minmax,1729,204,296,scale_offset,1.0,0.015105905735235408,0.007552952867617704,0.12587850579689522,0.8081696285484244,0.018960364023927933,0.29813854134879464,2.0,0.3967632670488266,0.09185653133317828,0.3361880828530972,0.3153783087112115,0.847972972972973,0.050900064408779144,0.2316708565010483,0.2371883765951563,0.6554054054054054,0.054499510675668716,0.3382906939811897,0.3295939592636104,0.7432432432432432,0.05158297345042229
quality_pass,domain_only,sensor_family,pSERS_Metrohm_silver,locked_domain,domain__quality_pass__domain_only__sensor_family__pSERS_Metrohm_silver,domain__quality_pass__domain_only__sensor_family__pSERS_Metrohm_silver,structured_vae,zc48__zn16__chem0__ni0__ns0__cond0__ai0__as0__pair0__xrec0__dep0p001__e500,arpls_minmax,1729,204,296,scale_offset,1.5,0.019481242936569627,0.009740621468284813,0.13586643233124696,0.769741242731431,0.01901801114051122,0.2831858407079646,2.0,0.3725916273365305,0.10244945820886642,0.3116825751891887,0.29351949112978526,0.7905405405405406,0.08878227323293686,0.1868826922565526,0.20260455215702475,0.5337837837837838,0.11585573107004166,0.32234383249506765,0.3323760989748419,0.6554054054054054,0.09904637187719345
quality_pass,domain_only,sensor_family,pSERS_Metrohm_silver,locked_domain,domain__quality_pass__domain_only__sensor_family__pSERS_Metrohm_silver,domain__quality_pass__domain_only__sensor_family__pSERS_Metrohm_silver,structured_vae,zc48__zn16__chem0__ni0__ns0__cond0__ai0__as0__pair0__xrec0__dep0p001__e500,arpls_minmax,1729,204,296,smooth_baseline,0.5,0.012283733574537265,0.006141866787268632,0.1260038803264436,0.7331095287546647,0.01904227045219912,0.2969179127250534,2.0,0.4361984080048134,0.09231534600257874,0.4305022333333632,0.4189498839178979,0.7364864864864865,0.041283927857875824,0.33303558543093964,0.2859895794786243,0.706081081081081,0.02339969202876091,0.37851007875902615,0.36170879607601847,0.6216216216216216,0.03248743712902069
quality_pass,domain_only,sensor_family,pSERS_Metrohm_silver,locked_domain,domain__quality_pass__domain_only__sensor_family__pSERS_Metrohm_silver,domain__quality_pass__domain_only__sensor_family__pSERS_Metrohm_silver,structured_vae,zc48__zn16__chem0__ni0__ns0__cond0__ai0__as0__pair0__xrec0__dep0p001__e500,arpls_minmax,1729,204,296,smooth_baseline,1.0,0.01621898592217197,0.008109492961085984,0.14540063699903566,0.6174970419484511,0.019294762913418747,0.3008849557522124,2.0,0.5072855146436898,0.09472273290157318,0.41175517084873237,0.39309718521402215,0.5777027027027027,0.11596660315990448,0.30720083805651444,0.2812423964439609,0.5844594594594594,0.07215109467506409,0.3416251007308195,0.2967087260565522,0.5033783783783784,0.09591633081436157
quality_pass,domain_only,sensor_family,pSERS_Metrohm_silver,locked_domain,domain__quality_pass__domain_only__sensor_family__pSERS_Metrohm_silver,domain__quality_pass__domain_only__sensor_family__pSERS_Metrohm_silver,structured_vae,zc48__zn16__chem0__ni0__ns0__cond0__ai0__as0__pair0__xrec0__dep0p001__e500,arpls_minmax,1729,204,296,smooth_baseline,1.5,0.020096519129420398,0.010048259564710199,0.16439532700198684,0.5112407464703436,0.019507601916409593,0.2868477265791883,2.0,0.462703752738346,0.09424257162027061,0.40093066014579337,0.37744408369408367,0.4966216216216216,0.19920794665813446,0.32156482134677666,0.3072839737582006,0.4864864864864865,0.13476324081420898,0.3775912134937617,0.3305085723515703,0.4797297297297297,0.1716502457857132
quality_pass,domain_only,sensor_family,pSERS_Metrohm_silver,locked_domain,domain__quality_pass__domain_only__sensor_family__pSERS_Metrohm_silver,domain__quality_pass__domain_only__sensor_family__pSERS_Metrohm_silver,structured_vae,zc48__zn16__chem0__ni0__ns0__cond0__ai0__as0__pair0__xrec0__dep0p001__e500,arpls_minmax,1729,204,296,gaussian_noise,0.5,0.009799128956877543,0.004899564478438772,0.11013582793393718,0.8199939447545672,0.01884839473707508,0.3005797985962771,2.0,0.4558681724203373,0.0831182636320591,0.3336107632654683,0.3133155434513242,0.9932432432432432,0.0001357825967716053,0.2555079066783674,0.23436251742395442,0.9662162162162162,0.00010389935050625354,0.35923054726154097,0.3549029737789017,0.9763513513513513,0.0001213039067806676
quality_pass,domain_only,sensor_family,pSERS_Metrohm_silver,locked_domain,domain__quality_pass__domain_only__sensor_family__pSERS_Metrohm_silver,domain__quality_pass__domain_only__sensor_family__pSERS_Metrohm_silver,structured_vae,zc48__zn16__chem0__ni0__ns0__cond0__ai0__as0__pair0__xrec0__dep0p001__e500,arpls_minmax,1729,204,296,gaussian_noise,1.0,0.00988408694084759,0.004942043470423795,0.11054326422577726,0.8195141221981884,0.01885589956658998,0.30332621299969487,2.0,0.4644616939539345,0.08459250628948212,0.33792887350898215,0.31650409621143166,0.9831081081081081,0.0005972731742076576,0.27525114729303385,0.2547724848562036,0.9121621621621622,0.0004369630478322506,0.36648606082662466,0.3665320842716995,0.9527027027027027,0.0005274144932627678
quality_pass,domain_only,sensor_family,pSERS_Metrohm_silver,locked_domain,domain__quality_pass__domain_only__sensor_family__pSERS_Metrohm_silver,domain__quality_pass__domain_only__sensor_family__pSERS_Metrohm_silver,structured_vae,zc48__zn16__chem0__ni0__ns0__cond0__ai0__as0__pair0__xrec0__dep0p001__e500,arpls_minmax,1729,204,296,gaussian_noise,1.5,0.009901835311799844,0.004950917655899922,0.11089306020768733,0.8183260395336431,0.018862453798837615,0.3008849557522124,2.0,0.4501503656352686,0.0851835641078651,0.34304472552961923,0.3267491183279689,0.9898648648648649,0.001330212107859552,0.2768854180019009,0.2502562779079435,0.8986486486486487,0.0008801038493402302,0.37294383261458514,0.3726339518593039,0.9222972972972973,0.001167566399089992
quality_pass,domain_only,sensor_family,pSERS_Metrohm_silver,locked_domain,domain__quality_pass__domain_only__sensor_family__pSERS_Metrohm_silver,domain__quality_pass__domain_only__sensor_family__pSERS_Metrohm_silver,structured_vae,zc48__zn16__chem0__ni0__ns0__cond0__ai0__as0__pair0__xrec0__dep0p001__e500,arpls_minmax,1729,204,296,isolated_spikes,0.5,0.009803266757461826,0.004901633378730913,0.11002386680894224,0.8180948771531178,0.01884847652202006,0.3008849557522124,2.0,0.43964130020568654,0.08353893210005481,0.3336107632654683,0.3140485835686106,0.9864864864864865,6.536595901707187e-05,0.23888616364153004,0.2193442793609037,0.9797297297297297,6.470225343946368e-05,0.35367703719772164,0.35175744110170337,0.9932432432432432,6.096286597312428e-05
quality_pass,domain_only,sensor_family,pSERS_Metrohm_silver,locked_domain,domain__quality_pass__domain_only__sensor_family__pSERS_Metrohm_silver,domain__quality_pass__domain_only__sensor_family__pSERS_Metrohm_silver,structured_vae,zc48__zn16__chem0__ni0__ns0__cond0__ai0__as0__pair0__xrec0__dep0p001__e500,arpls_minmax,1729,204,296,isolated_spikes,1.0,0.009846425095031452,0.004923212547515726,0.11015927560272956,0.8180869451696647,0.01885394582527294,0.2996643271284712,2.0,0.4260563038792414,0.08317610621452332,0.3353515539213533,0.3163952704026965,0.9898648648648649,0.0002838220098055899,0.2488708026584271,0.2306666310864072,0.9594594594594594,0.00021829114120919257,0.36608718993806305,0.3653830952753843,0.9662162162162162,0.0002524850715417415
quality_pass,domain_only,sensor_family,pSERS_Metrohm_silver,locked_domain,domain__quality_pass__domain_only__sensor_family__pSERS_Metrohm_silver,domain__quality_pass__domain_only__sensor_family__pSERS_Metrohm_silver,structured_vae,zc48__zn16__chem0__ni0__ns0__cond0__ai0__as0__pair0__xrec0__dep0p001__e500,arpls_minmax,1729,204,296,isolated_spikes,1.5,0.009861787847113833,0.004930893923556916,0.11035317908180212,0.8166668477163324,0.018855064818420093,0.30027464144034177,2.0,0.45630018033201997,0.083073565736413,0.3336107632654683,0.3133155434513242,0.9898648648648649,0.000590466137509793,0.2529693742453592,0.23447378204029728,0.956081081081081,0.0005043793353252113,0.38786357215015815,0.3879982235604212,0.9391891891891891,0.0005339605850167572
quality_pass,domain_only,sensor_family,pSERS_Metrohm_silver,locked_domain,domain__quality_pass__domain_only__sensor_family__pSERS_Metrohm_silver,domain__quality_pass__domain_only__sensor_family__pSERS_Metrohm_silver,structured_vae,zc48__zn16__chem0__ni0__ns0__cond0__ai0__as0__pair0__xrec0__dep0p001__e500,arpls_minmax,1729,204,296,edge_filled_shift,0.5,0.009809634777075735,0.004904817388537867,0.1099696663887935,0.8164820503844459,0.01884320715095381,0.2987488556606652,2.0,0.42702056398688387,0.08374283835291862,0.3353515539213533,0.3166005070848847,0.9797297297297297,0.0004399700846988708,0.22905333048881749,0.20912963731225365,0.9358108108108109,0.0005280905170366168,0.3562543567853505,0.351360825554374,0.9425675675675675,0.0004629551258403808
quality_pass,domain_only,sensor_family,pSERS_Metrohm_silver,locked_domain,domain__quality_pass__domain_only__sensor_family__pSERS_Metrohm_silver,domain__quality_pass__domain_only__sensor_family__pSERS_Metrohm_silver,structured_vae,zc48__zn16__chem0__ni0__ns0__cond0__ai0__as0__pair0__xrec0__dep0p001__e500,arpls_minmax,1729,204,296,edge_filled_shift,1.0,0.009834760084823996,0.004917380042411998,0.10993003647987283,0.8204612610135655,0.018842053258511838,0.2969179127250534,2.0,0.4371245715135914,0.08401935175061226,0.3242833209483353,0.2983626669214202,0.9594594594594594,0.0006882441812194884,0.24022808340885343,0.2272762824936738,0.918918918918919,0.0008349887793883681,0.36703023881682484,0.36569501871044646,0.9391891891891891,0.0007232064963318408
quality_pass,domain_only,sensor_family,pSERS_Metrohm_silver,locked_domain,domain__quality_pass__domain_only__sensor_family__pSERS_Metrohm_silver,domain__quality_pass__domain_only__sensor_family__pSERS_Metrohm_silver,structured_vae,zc48__zn16__chem0__ni0__ns0__cond0__ai0__as0__pair0__xrec0__dep0p001__e500,arpls_minmax,1729,204,296,edge_filled_shift,1.5,0.009829422951309405,0.004914711475654703,0.10996346627087987,0.8169243599699187,0.01883853982413681,0.2996643271284712,2.0,0.43723674220097486,0.08323409501463175,0.3199652107048214,0.2958616780045351,0.9290540540540541,0.0011334253940731287,0.23416918250945457,0.2129187055983037,0.902027027027027,0.0012682441156357527,0.3507008467215312,0.3519533206169151,0.9425675675675675,0.0011702516349032521
quality_pass,domain_only,sensor_family,pSERS_Metrohm_silver,locked_domain,domain__quality_pass__domain_only__sensor_family__pSERS_Metrohm_silver,domain__quality_pass__domain_only__sensor_family__pSERS_Metrohm_silver,structured_vae,zc48__zn16__chem0__ni0__ns0__cond0__ai0__as0__pair0__xrec0__dep0p001__e500,arpls_minmax,1729,204,296,gaussian_broadening,0.5,0.009790023085986171,0.004895011542993086,0.10997841249362734,0.8188622704669097,0.01884508191840595,0.301495270064083,2.0,0.43863245131978584,0.08427421748638153,0.33658695374165876,0.3176491889378372,0.9864864864864865,4.702524620370241e-06,0.23888616364153004,0.22119408369408372,1.0,1.0464038496138528e-05,0.3583940183297971,0.3582842476285099,1.0,5.965096079307841e-06
quality_pass,domain_only,sensor_family,pSERS_Metrohm_silver,locked_domain,domain__quality_pass__domain_only__sensor_family__pSERS_Metrohm_silver,domain__quality_pass__domain_only__sensor_family__pSERS_Metrohm_silver,structured_vae,zc48__zn16__chem0__ni0__ns0__cond0__ai0__as0__pair0__xrec0__dep0p001__e500,arpls_minmax,1729,204,296,gaussian_broadening,1.0,0.009810922212144964,0.004905461106072482,0.10995605295929936,0.8192014311680531,0.01884667747547043,0.301495270064083,2.0,0.43846327656652345,0.08494634530507028,0.33658695374165876,0.3178901231466412,0.9831081081081081,4.359576269052923e-05,0.23416918250945457,0.21318174523597316,0.9898648648648649,9.286484419135377e-05,0.3583940183297971,0.35845983905283096,0.9966216216216216,5.3435363952303305e-05
quality_pass,domain_only,sensor_family,pSERS_Metrohm_silver,locked_domain,domain__quality_pass__domain_only__sensor_family__pSERS_Metrohm_silver,domain__quality_pass__domain_only__sensor_family__pSERS_Metrohm_silver,structured_vae,zc48__zn16__chem0__ni0__ns0__cond0__ai0__as0__pair0__xrec0__dep0p001__e500,arpls_minmax,1729,204,296,gaussian_broadening,1.5,0.009841281997890682,0.004920640998945341,0.10989152910799332,0.8189121505670988,0.018847725489232914,0.2996643271284712,2.0,0.4473909981564394,0.08442593738436699,0.3336107632654683,0.3140485835686106,0.9797297297297297,9.192727884510532e-05,0.23119299203326407,0.21208972242275162,0.9864864864864865,0.00015427776088472456,0.35367703719772164,0.3525436046237159,0.9898648648648649,0.00010091187141370028
quality_pass,domain_only,sensor_family,pSERS_Metrohm_silver,locked_domain,domain__quality_pass__domain_only__sensor_family__pSERS_Metrohm_silver,domain__quality_pass__domain_only__sensor_family__pSERS_Metrohm_silver,structured_vae,zc48__zn16__chem0__ni0__ns0__cond0__ai0__as0__pair0__xrec0__dep0p001__e500,arpls_minmax,1729,204,296,composite,0.5,0.013929989209141508,0.006964994604570754,0.12939248633382142,0.7161851363448977,0.019098699129674223,0.29417149832163564,2.0,0.4322012172242782,0.08465250208973885,0.4280024880549756,0.41789653361344536,0.7533783783783784,0.05566263198852539,0.33739390209905545,0.3067876599174307,0.6790540540540541,0.03496018797159195,0.3677341967275518,0.3512012589807021,0.6081081081081081,0.04600325971841812
quality_pass,domain_only,sensor_family,pSERS_Metrohm_silver,locked_domain,domain__quality_pass__domain_only__sensor_family__pSERS_Metrohm_silver,domain__quality_pass__domain_only__sensor_family__pSERS_Metrohm_silver,structured_vae,zc48__zn16__chem0__ni0__ns0__cond0__ai0__as0__pair0__xrec0__dep0p001__e500,arpls_minmax,1729,204,296,composite,1.0,0.021037241681896343,0.010518620840948172,0.15052078708668135,0.6087400924696692,0.01929983603155259,0.2969179127250534,2.0,0.4448402637886484,0.09679855639114976,0.3925238198321914,0.37685869366903846,0.5641891891891891,0.15314002335071564,0.30778380320133525,0.2963981541832781,0.5709459459459459,0.11361892521381378,0.3602847473893649,0.32505664359896563,0.47297297297297297,0.1343834549188614
quality_pass,domain_only,sensor_family,pSERS_Metrohm_silver,locked_domain,domain__quality_pass__domain_only__sensor_family__pSERS_Metrohm_silver,domain__quality_pass__domain_only__sensor_family__pSERS_Metrohm_silver,structured_vae,zc48__zn16__chem0__ni0__ns0__cond0__ai0__as0__pair0__xrec0__dep0p001__e500,arpls_minmax,1729,204,296,composite,1.5,0.02994955503675959,0.014974777518379796,0.17476587541153316,0.4697368791211819,0.019523433148692558,0.27799816905706437,2.0,0.5559131827282475,0.1070898175239563,0.39807083113346486,0.3693501298875908,0.5,0.26807448267936707,0.2675366306112333,0.28720253118409833,0.42567567567567566,0.21791613101959229,0.33367836533563044,0.2999399810999065,0.4594594594594595,0.24653790891170502
