heldout_substrate_family,poster_axis,interpretation,stage,scenario,training_scenario,model_family,configuration,representation,seed,n_train,n_test_partition,corruption,severity,reconstruction_mse,reconstruction_smooth_l1,reconstruction_spectral_angle,reconstruction_median_row_correlation,reconstruction_first_derivative_mae,repeatable_peak_recall,median_peak_shift_cm1,median_absolute_relative_peak_width_change,median_absolute_peak_prominence_change,chemical_balanced_accuracy_supported,chemical_macro_f1_supported,chemical_prediction_agreement,chemical_latent_cosine_drift,nuisance_balanced_accuracy_supported,nuisance_macro_f1_supported,nuisance_prediction_agreement,nuisance_latent_cosine_drift,union_balanced_accuracy_supported,union_macro_f1_supported,union_prediction_agreement,union_latent_cosine_drift
Ag,400-1800_common,descriptive architecture transfer; poster analyte labels differ from NATO labels,locked_poster,poster_holdout_Ag,poster_holdout_Ag,structured_vae,zc48__zn16__chem0__ni0__ns0__cond0__ai0__as0__pair0__xrec0__dep0p001__e500,arpls_minmax,1729,200,75,scale_offset,0.5,0.007365341161419952,0.003682670580709976,0.10036384904944809,0.8361701554035699,0.016314558880383544,,2.0,0.5841966999941994,0.06771305087022483,0.6000000000000001,0.5985184446991214,0.9066666666666666,0.03706147149205208,0.6,0.48636991028295373,0.9466666666666667,0.00917864590883255,0.6266666666666667,0.5235025949872768,0.9733333333333334,0.01528654433786869
Ag,400-1800_common,descriptive architecture transfer; poster analyte labels differ from NATO labels,locked_poster,poster_holdout_Ag,poster_holdout_Ag,structured_vae,zc48__zn16__chem0__ni0__ns0__cond0__ai0__as0__pair0__xrec0__dep0p001__e500,arpls_minmax,1729,200,75,scale_offset,1.0,0.010291173488360532,0.005145586744180266,0.1089375888054338,0.8214451151231577,0.01642350155115336,,2.0,0.5223063273180236,0.07877805829048157,0.64,0.6234426646325959,0.7733333333333333,0.17997173964977264,0.5733333333333334,0.4934158554817818,0.8666666666666667,0.02864583395421505,0.6133333333333334,0.4914529914529915,0.9333333333333333,0.060345567762851715
Ag,400-1800_common,descriptive architecture transfer; poster analyte labels differ from NATO labels,locked_poster,poster_holdout_Ag,poster_holdout_Ag,structured_vae,zc48__zn16__chem0__ni0__ns0__cond0__ai0__as0__pair0__xrec0__dep0p001__e500,arpls_minmax,1729,200,75,scale_offset,1.5,0.016285820758926817,0.008142910379463408,0.12278351452915423,0.8001606318868487,0.01700672754502808,,2.0,0.5556701355223792,0.07160480692982674,0.5733333333333334,0.5394129512071376,0.7466666666666667,0.3173730969429016,0.5733333333333334,0.47806534691780594,0.8933333333333333,0.06014284864068031,0.5733333333333334,0.4677871148459383,0.8933333333333333,0.11761769652366638
Ag,400-1800_common,descriptive architecture transfer; poster analyte labels differ from NATO labels,locked_poster,poster_holdout_Ag,poster_holdout_Ag,structured_vae,zc48__zn16__chem0__ni0__ns0__cond0__ai0__as0__pair0__xrec0__dep0p001__e500,arpls_minmax,1729,200,75,smooth_baseline,0.5,0.007897818113790058,0.003948909056895029,0.10031054138687909,0.8256827764970348,0.0165995396197883,,2.0,0.5274016405990269,0.0691649317741394,0.6133333333333333,0.5833240524186064,0.84,0.03333745896816254,0.64,0.5322234156820623,0.88,0.00962778739631176,0.6533333333333333,0.5476868810202143,0.96,0.0166859719902277
Ag,400-1800_common,descriptive architecture transfer; poster analyte labels differ from NATO labels,locked_poster,poster_holdout_Ag,poster_holdout_Ag,structured_vae,zc48__zn16__chem0__ni0__ns0__cond0__ai0__as0__pair0__xrec0__dep0p001__e500,arpls_minmax,1729,200,75,smooth_baseline,1.0,0.010690581451277738,0.005345290725638869,0.10666828277716367,0.8075532384473526,0.016973935511539594,,2.0,0.536589533259658,0.06398765370249748,0.4533333333333333,0.3566137566137566,0.5866666666666667,0.07548585534095764,0.64,0.5322234156820623,0.88,0.03731522336602211,0.6533333333333333,0.5607884179312751,0.8933333333333333,0.05110093578696251
Ag,400-1800_common,descriptive architecture transfer; poster analyte labels differ from NATO labels,locked_poster,poster_holdout_Ag,poster_holdout_Ag,structured_vae,zc48__zn16__chem0__ni0__ns0__cond0__ai0__as0__pair0__xrec0__dep0p001__e500,arpls_minmax,1729,200,75,smooth_baseline,1.5,0.014834257841000387,0.007417128920500194,0.11594980853432728,0.7663520137742544,0.017478000860105657,,2.0,0.5992277609778826,0.06609038636088371,0.3466666666666667,0.1947593852355757,0.52,0.12793318927288055,0.6133333333333333,0.5115475541007456,0.8533333333333334,0.09094623476266861,0.5733333333333334,0.4987343280026207,0.8,0.10457248985767365
Ag,400-1800_common,descriptive architecture transfer; poster analyte labels differ from NATO labels,locked_poster,poster_holdout_Ag,poster_holdout_Ag,structured_vae,zc48__zn16__chem0__ni0__ns0__cond0__ai0__as0__pair0__xrec0__dep0p001__e500,arpls_minmax,1729,200,75,gaussian_noise,0.5,0.006158123244699885,0.0030790616223499425,0.09609955722879096,0.8351101207664544,0.016228030345036643,,2.0,0.5564934086645961,0.06884579733014107,0.6,0.6015724322515891,0.9733333333333334,0.0002428404550300911,0.6,0.48327328872877,1.0,7.392724364763126e-05,0.6266666666666666,0.5031737862412077,0.9866666666666667,0.00010390996612841263
Ag,400-1800_common,descriptive architecture transfer; poster analyte labels differ from NATO labels,locked_poster,poster_holdout_Ag,poster_holdout_Ag,structured_vae,zc48__zn16__chem0__ni0__ns0__cond0__ai0__as0__pair0__xrec0__dep0p001__e500,arpls_minmax,1729,200,75,gaussian_noise,1.0,0.006159936809107155,0.0030799684045535775,0.09611361914113775,0.8353891892560278,0.01623180694627739,,2.0,0.5664968398558347,0.06889419350773096,0.6133333333333334,0.6119175627240143,0.9866666666666667,0.0011687484802678227,0.6,0.48327328872877,1.0,0.00030234019504860044,0.6133333333333334,0.4922102379729498,0.9733333333333334,0.0004365690692793578
Ag,400-1800_common,descriptive architecture transfer; poster analyte labels differ from NATO labels,locked_poster,poster_holdout_Ag,poster_holdout_Ag,structured_vae,zc48__zn16__chem0__ni0__ns0__cond0__ai0__as0__pair0__xrec0__dep0p001__e500,arpls_minmax,1729,200,75,gaussian_noise,1.5,0.006210858947319272,0.003105429473659636,0.09629441076201452,0.8388155680071377,0.016252031903090703,,2.0,0.5606376100054664,0.07175409607589245,0.6666666666666666,0.6630367909437677,0.9333333333333333,0.0023187596816569567,0.6,0.48327328872877,1.0,0.0007116675260476768,0.6133333333333334,0.49322353748498887,0.9866666666666667,0.0009756533545441926
Ag,400-1800_common,descriptive architecture transfer; poster analyte labels differ from NATO labels,locked_poster,poster_holdout_Ag,poster_holdout_Ag,structured_vae,zc48__zn16__chem0__ni0__ns0__cond0__ai0__as0__pair0__xrec0__dep0p001__e500,arpls_minmax,1729,200,75,isolated_spikes,0.5,0.006183349086842478,0.003091674543421239,0.09621797994434965,0.8348503865688708,0.016235453084605563,,2.0,0.5502707149346387,0.07021529600024223,0.6266666666666666,0.6257372594316196,1.0,0.0001298014394706115,0.6,0.48327328872877,1.0,6.504933116957545e-05,0.6266666666666666,0.5042999656002752,1.0,7.249434565892443e-05
Ag,400-1800_common,descriptive architecture transfer; poster analyte labels differ from NATO labels,locked_poster,poster_holdout_Ag,poster_holdout_Ag,structured_vae,zc48__zn16__chem0__ni0__ns0__cond0__ai0__as0__pair0__xrec0__dep0p001__e500,arpls_minmax,1729,200,75,isolated_spikes,1.0,0.006207890695932761,0.0031039453479663804,0.09627249920967187,0.8346161321055119,0.01624497453307586,,2.0,0.5833421075551904,0.0702449195086956,0.64,0.6391949954362296,0.96,0.0006346154259517789,0.6,0.48327328872877,1.0,0.0001613362692296505,0.6266666666666666,0.5031737862412077,0.9866666666666667,0.0002374815958319232
Ag,400-1800_common,descriptive architecture transfer; poster analyte labels differ from NATO labels,locked_poster,poster_holdout_Ag,poster_holdout_Ag,structured_vae,zc48__zn16__chem0__ni0__ns0__cond0__ai0__as0__pair0__xrec0__dep0p001__e500,arpls_minmax,1729,200,75,isolated_spikes,1.5,0.006223149630986643,0.0031115748154933215,0.09628777851348355,0.8377073369516124,0.016245214157371773,,2.0,0.5647466678667068,0.0687145534902811,0.6133333333333334,0.6119175627240143,0.96,0.0013500809436663985,0.6,0.48327328872877,1.0,0.0003201389336027205,0.64,0.5141038871689027,0.9733333333333334,0.0005401205853559077
Ag,400-1800_common,descriptive architecture transfer; poster analyte labels differ from NATO labels,locked_poster,poster_holdout_Ag,poster_holdout_Ag,structured_vae,zc48__zn16__chem0__ni0__ns0__cond0__ai0__as0__pair0__xrec0__dep0p001__e500,arpls_minmax,1729,200,75,edge_filled_shift,0.5,0.006297606158673921,0.0031488030793369605,0.09733559454350224,0.8306641427653156,0.016259395435305968,,2.0,0.5438404152243241,0.06814606115221977,0.64,0.6365591397849463,0.9066666666666666,0.006598915904760361,0.6,0.48327328872877,1.0,0.008269891142845154,0.6266666666666666,0.5023112480739599,0.9466666666666667,0.00839393399655819
Ag,400-1800_common,descriptive architecture transfer; poster analyte labels differ from NATO labels,locked_poster,poster_holdout_Ag,poster_holdout_Ag,structured_vae,zc48__zn16__chem0__ni0__ns0__cond0__ai0__as0__pair0__xrec0__dep0p001__e500,arpls_minmax,1729,200,75,edge_filled_shift,1.0,0.006374385404753548,0.003187192702376774,0.09799009217800275,0.8290499347082879,0.016279950145953414,,2.0,0.5505746731060321,0.07260381896048784,0.5333333333333333,0.5332077840552417,0.8533333333333334,0.01322984043508768,0.6,0.48412698412698413,0.9733333333333334,0.014768042601644993,0.6133333333333333,0.49378881987577633,0.9866666666666667,0.01503478828817606
Ag,400-1800_common,descriptive architecture transfer; poster analyte labels differ from NATO labels,locked_poster,poster_holdout_Ag,poster_holdout_Ag,structured_vae,zc48__zn16__chem0__ni0__ns0__cond0__ai0__as0__pair0__xrec0__dep0p001__e500,arpls_minmax,1729,200,75,edge_filled_shift,1.5,0.006343258542666939,0.0031716292713334696,0.0979322382248747,0.833685267625433,0.016270284175103213,,2.0,0.5711633783341903,0.07035716529935598,0.6266666666666667,0.6221659349318923,0.84,0.020902497693896294,0.6,0.48327328872877,1.0,0.02198762819170952,0.6533333333333333,0.5445485886662357,0.96,0.02135225385427475
Ag,400-1800_common,descriptive architecture transfer; poster analyte labels differ from NATO labels,locked_poster,poster_holdout_Ag,poster_holdout_Ag,structured_vae,zc48__zn16__chem0__ni0__ns0__cond0__ai0__as0__pair0__xrec0__dep0p001__e500,arpls_minmax,1729,200,75,gaussian_broadening,0.5,0.006159253495395881,0.0030796267476979407,0.09612533695009479,0.8356683754312494,0.016225506589772218,,2.0,0.545188207549842,0.06965395994484425,0.6266666666666666,0.6257372594316196,1.0,1.6943613445619121e-06,0.6,0.48327328872877,1.0,1.0474523151060566e-06,0.6266666666666666,0.5042999656002752,1.0,1.2286503761060885e-06
Ag,400-1800_common,descriptive architecture transfer; poster analyte labels differ from NATO labels,locked_poster,poster_holdout_Ag,poster_holdout_Ag,structured_vae,zc48__zn16__chem0__ni0__ns0__cond0__ai0__as0__pair0__xrec0__dep0p001__e500,arpls_minmax,1729,200,75,gaussian_broadening,1.0,0.00614078530731644,0.00307039265365822,0.09604128273114373,0.8371896581276373,0.01621588242752685,,2.0,0.5520088918796923,0.06905382126569748,0.6266666666666666,0.6257372594316196,1.0,2.8444132112781517e-05,0.6,0.48327328872877,1.0,1.8723805624176748e-05,0.6133333333333334,0.4922102379729498,0.9733333333333334,2.10277230507927e-05
Ag,400-1800_common,descriptive architecture transfer; poster analyte labels differ from NATO labels,locked_poster,poster_holdout_Ag,poster_holdout_Ag,structured_vae,zc48__zn16__chem0__ni0__ns0__cond0__ai0__as0__pair0__xrec0__dep0p001__e500,arpls_minmax,1729,200,75,gaussian_broadening,1.5,0.006122832080331987,0.0030614160401659933,0.09594107630734267,0.8384638227695035,0.016205404174928637,,2.0,0.544095821723604,0.06990656442940235,0.6266666666666666,0.6257372594316196,1.0,0.0001263451558770612,0.6,0.48327328872877,1.0,8.543809235561639e-05,0.6133333333333334,0.4922102379729498,0.9733333333333334,9.241104271495715e-05
Ag,400-1800_common,descriptive architecture transfer; poster analyte labels differ from NATO labels,locked_poster,poster_holdout_Ag,poster_holdout_Ag,structured_vae,zc48__zn16__chem0__ni0__ns0__cond0__ai0__as0__pair0__xrec0__dep0p001__e500,arpls_minmax,1729,200,75,composite,0.5,0.00885324354198727,0.004426621770993635,0.10348044714261938,0.8046624832106357,0.01667663448802459,,2.0,0.5740272488840363,0.06467830762267113,0.5733333333333334,0.5436507936507936,0.8,0.04592914134263992,0.6,0.5139451192082771,0.8533333333333334,0.026810942217707634,0.6,0.4942279942279943,0.88,0.03455764055252075
Ag,400-1800_common,descriptive architecture transfer; poster analyte labels differ from NATO labels,locked_poster,poster_holdout_Ag,poster_holdout_Ag,structured_vae,zc48__zn16__chem0__ni0__ns0__cond0__ai0__as0__pair0__xrec0__dep0p001__e500,arpls_minmax,1729,200,75,composite,1.0,0.016275220035300093,0.008137610017650046,0.11755687496542784,0.7858463880652985,0.017387219293001854,,2.0,0.597441762464477,0.06680362671613693,0.37333333333333335,0.24440411373260737,0.5333333333333333,0.13941779732704163,0.6266666666666666,0.5555019305019305,0.8266666666666667,0.08907535672187805,0.6,0.5180929712575283,0.84,0.10325726121664047
Ag,400-1800_common,descriptive architecture transfer; poster analyte labels differ from NATO labels,locked_poster,poster_holdout_Ag,poster_holdout_Ag,structured_vae,zc48__zn16__chem0__ni0__ns0__cond0__ai0__as0__pair0__xrec0__dep0p001__e500,arpls_minmax,1729,200,75,composite,1.5,0.021078433325137487,0.010539216662568743,0.126404093805584,0.7618807938476837,0.01783341035053752,,2.0,0.6443474866228174,0.06939845392480493,0.3333333333333333,0.16835016835016836,0.5066666666666667,0.19689083099365234,0.5333333333333333,0.466852595567455,0.7466666666666667,0.15936526656150818,0.44,0.3400129282482223,0.6933333333333334,0.17395251989364624
Ag,400-1800_common,descriptive architecture transfer; poster analyte labels differ from NATO labels,locked_poster,poster_holdout_Ag,poster_holdout_Ag,structured_vae,zc48__zn16__chem0__ni0__ns0__cond0__ai0__as0__pair0__xrec0__dep0p001__e500,minimal_minmax,1729,200,75,scale_offset,0.5,0.006627839070788084,0.003313919535394042,0.040310636357355,0.9421673915020464,0.008612930685773523,,2.0,0.5281786728910772,0.06836852431297302,0.6933333333333334,0.6608293075684379,0.9333333333333333,0.015681752935051918,0.5066666666666667,0.46542346542346547,0.7466666666666667,0.09997516125440598,0.7200000000000001,0.6919934640522877,0.96,0.02242344059050083
Ag,400-1800_common,descriptive architecture transfer; poster analyte labels differ from NATO labels,locked_poster,poster_holdout_Ag,poster_holdout_Ag,structured_vae,zc48__zn16__chem0__ni0__ns0__cond0__ai0__as0__pair0__xrec0__dep0p001__e500,minimal_minmax,1729,200,75,scale_offset,1.0,0.013775498933189976,0.006887749466594988,0.04420021131944435,0.9322614541587992,0.00871034330140993,,2.0,0.5482688495613446,0.06820827722549438,0.6533333333333333,0.6244806529810673,0.8933333333333333,0.04589502513408661,0.37333333333333335,0.3452380952380952,0.6533333333333333,0.24035680294036865,0.6666666666666666,0.6623295011418023,0.8666666666666667,0.07441169768571854
Ag,400-1800_common,descriptive architecture transfer; poster analyte labels differ from NATO labels,locked_poster,poster_holdout_Ag,poster_holdout_Ag,structured_vae,zc48__zn16__chem0__ni0__ns0__cond0__ai0__as0__pair0__xrec0__dep0p001__e500,minimal_minmax,1729,200,75,scale_offset,1.5,0.02380963365224354,0.01190481682612177,0.04940225986574158,0.9221593650697033,0.008866770413403946,,2.0,0.5805303728213557,0.05326411500573158,0.6266666666666667,0.6239023680884146,0.7733333333333333,0.09600646048784256,0.49333333333333335,0.47898235617533863,0.5333333333333333,0.42380234599113464,0.6133333333333334,0.6185185185185186,0.8133333333333334,0.14392171800136566
Ag,400-1800_common,descriptive architecture transfer; poster analyte labels differ from NATO labels,locked_poster,poster_holdout_Ag,poster_holdout_Ag,structured_vae,zc48__zn16__chem0__ni0__ns0__cond0__ai0__as0__pair0__xrec0__dep0p001__e500,minimal_minmax,1729,200,75,smooth_baseline,0.5,0.006777258237688658,0.003388629118844329,0.04310009798855853,0.931504374876916,0.008641223759701461,,2.0,0.6671594477752761,0.08949509263038635,0.6933333333333334,0.6701741566191695,0.9333333333333333,0.03922855854034424,0.56,0.5496344621840474,0.7066666666666667,0.07151765376329422,0.7333333333333334,0.7240497076023392,0.9066666666666666,0.04275494068861008
Ag,400-1800_common,descriptive architecture transfer; poster analyte labels differ from NATO labels,locked_poster,poster_holdout_Ag,poster_holdout_Ag,structured_vae,zc48__zn16__chem0__ni0__ns0__cond0__ai0__as0__pair0__xrec0__dep0p001__e500,minimal_minmax,1729,200,75,smooth_baseline,1.0,0.012084787121998465,0.006042393560999232,0.0517129605233743,0.9038499865685268,0.008746177955766238,,2.0,0.651161899168652,0.09438356757164001,0.6533333333333333,0.6262919896640827,0.92,0.1261361688375473,0.5333333333333333,0.5266532842645254,0.5466666666666666,0.18374180793762207,0.6666666666666666,0.6673790600859325,0.8266666666666667,0.13419866561889648
Ag,400-1800_common,descriptive architecture transfer; poster analyte labels differ from NATO labels,locked_poster,poster_holdout_Ag,poster_holdout_Ag,structured_vae,zc48__zn16__chem0__ni0__ns0__cond0__ai0__as0__pair0__xrec0__dep0p001__e500,minimal_minmax,1729,200,75,smooth_baseline,1.5,0.01870383360511634,0.00935191680255817,0.05925243853499615,0.875857389890529,0.008914558588930768,,2.0,0.6884471292041359,0.09577362611889839,0.6133333333333333,0.6010944114765312,0.76,0.22785909473896027,0.4266666666666667,0.4149918300653595,0.49333333333333335,0.28152996301651,0.6933333333333334,0.6997263273125341,0.6933333333333334,0.23528607189655304
Ag,400-1800_common,descriptive architecture transfer; poster analyte labels differ from NATO labels,locked_poster,poster_holdout_Ag,poster_holdout_Ag,structured_vae,zc48__zn16__chem0__ni0__ns0__cond0__ai0__as0__pair0__xrec0__dep0p001__e500,minimal_minmax,1729,200,75,gaussian_noise,0.5,0.004272886094112928,0.002136443047056464,0.038557762676167374,0.9466373889748866,0.008566112042421949,,1.75,0.6960561842707256,0.07797034084796906,0.6933333333333334,0.6478242213135443,0.9866666666666667,0.00020107984892092645,0.5466666666666667,0.48787541713014465,0.9866666666666667,0.0017167067853733897,0.6933333333333334,0.6591269841269841,1.0,0.0003025515761692077
Ag,400-1800_common,descriptive architecture transfer; poster analyte labels differ from NATO labels,locked_poster,poster_holdout_Ag,poster_holdout_Ag,structured_vae,zc48__zn16__chem0__ni0__ns0__cond0__ai0__as0__pair0__xrec0__dep0p001__e500,minimal_minmax,1729,200,75,gaussian_noise,1.0,0.00453322145692093,0.002266610728460465,0.03868993633240165,0.946750356519287,0.008579951567448438,,2.0,0.5758388625306581,0.0688963532447815,0.6666666666666666,0.6273911197682549,0.96,0.0010678450344130397,0.5733333333333334,0.5205235310498468,0.9866666666666667,0.011263563297688961,0.7066666666666667,0.6698092280390417,0.9866666666666667,0.0016451835399493575
Ag,400-1800_common,descriptive architecture transfer; poster analyte labels differ from NATO labels,locked_poster,poster_holdout_Ag,poster_holdout_Ag,structured_vae,zc48__zn16__chem0__ni0__ns0__cond0__ai0__as0__pair0__xrec0__dep0p001__e500,minimal_minmax,1729,200,75,gaussian_noise,1.5,0.004941599047584569,0.0024707995237922844,0.03890848867279798,0.9454445870230347,0.008592414015236118,,2.0,0.6222360585502831,0.07586176693439484,0.68,0.6476558902090817,0.9466666666666667,0.002625879365950823,0.5333333333333333,0.4865896871945259,0.9466666666666667,0.027890026569366455,0.7066666666666667,0.6788537549407114,0.9866666666666667,0.004122768063098192
Ag,400-1800_common,descriptive architecture transfer; poster analyte labels differ from NATO labels,locked_poster,poster_holdout_Ag,poster_holdout_Ag,structured_vae,zc48__zn16__chem0__ni0__ns0__cond0__ai0__as0__pair0__xrec0__dep0p001__e500,minimal_minmax,1729,200,75,isolated_spikes,0.5,0.004193809294936114,0.002096904647468057,0.03851939834627511,0.9464803521634306,0.008558157924127573,,2.0,0.6516149415958314,0.07783214747905731,0.6933333333333334,0.648148148148148,1.0,5.989233613945544e-05,0.56,0.5106583663459724,0.9733333333333334,0.0002536773681640625,0.6933333333333334,0.6591269841269841,1.0,6.987969391047955e-05
Ag,400-1800_common,descriptive architecture transfer; poster analyte labels differ from NATO labels,locked_poster,poster_holdout_Ag,poster_holdout_Ag,structured_vae,zc48__zn16__chem0__ni0__ns0__cond0__ai0__as0__pair0__xrec0__dep0p001__e500,minimal_minmax,1729,200,75,isolated_spikes,1.0,0.004215535967086325,0.0021077679835431627,0.038563947225261415,0.9455390102164327,0.008561311768374037,,2.0,0.6205107818460098,0.07513916492462158,0.6933333333333334,0.648148148148148,1.0,0.0001980090164579451,0.5466666666666667,0.48526668683202256,0.9866666666666667,0.0009210427524521947,0.6933333333333334,0.6591269841269841,1.0,0.00022683620045427233
Ag,400-1800_common,descriptive architecture transfer; poster analyte labels differ from NATO labels,locked_poster,poster_holdout_Ag,poster_holdout_Ag,structured_vae,zc48__zn16__chem0__ni0__ns0__cond0__ai0__as0__pair0__xrec0__dep0p001__e500,minimal_minmax,1729,200,75,isolated_spikes,1.5,0.0042135226590692,0.0021067613295346,0.03849646270535243,0.9467933868924067,0.008558954800141561,,2.0,0.594562360253412,0.07897960022091866,0.7066666666666667,0.67257047713465,0.9866666666666667,0.0002611915406305343,0.56,0.49717204889618677,1.0,0.0012544798664748669,0.7200000000000001,0.6927426438296004,0.9733333333333334,0.0003054745902772993
Ag,400-1800_common,descriptive architecture transfer; poster analyte labels differ from NATO labels,locked_poster,poster_holdout_Ag,poster_holdout_Ag,structured_vae,zc48__zn16__chem0__ni0__ns0__cond0__ai0__as0__pair0__xrec0__dep0p001__e500,minimal_minmax,1729,200,75,edge_filled_shift,0.5,0.004160421259716128,0.002080210629858064,0.03847002244429433,0.94719513365862,0.00855621431274511,,1.75,0.6169925167527734,0.0728587955236435,0.6933333333333334,0.648148148148148,1.0,0.00023418903583660722,0.5466666666666667,0.48276460381723546,0.9466666666666667,0.001059548812918365,0.6933333333333334,0.6591269841269841,1.0,0.0002647924411576241
Ag,400-1800_common,descriptive architecture transfer; poster analyte labels differ from NATO labels,locked_poster,poster_holdout_Ag,poster_holdout_Ag,structured_vae,zc48__zn16__chem0__ni0__ns0__cond0__ai0__as0__pair0__xrec0__dep0p001__e500,minimal_minmax,1729,200,75,edge_filled_shift,1.0,0.0041919193441688155,0.0020959596720844078,0.038563002279593535,0.9454634087495741,0.008558129212913886,,1.75,0.687697670745154,0.07597171515226364,0.68,0.6368807036274434,0.9733333333333334,0.0005125395255163312,0.5466666666666667,0.48567779602262356,0.9733333333333334,0.0018008883344009519,0.7066666666666667,0.6698092280390417,0.9866666666666667,0.0005467319278977811
Ag,400-1800_common,descriptive architecture transfer; poster analyte labels differ from NATO labels,locked_poster,poster_holdout_Ag,poster_holdout_Ag,structured_vae,zc48__zn16__chem0__ni0__ns0__cond0__ai0__as0__pair0__xrec0__dep0p001__e500,minimal_minmax,1729,200,75,edge_filled_shift,1.5,0.004221211217289308,0.002110605608644654,0.038752993573197586,0.9428157599811933,0.008564706460315055,,1.5,0.6705580198242835,0.07253992557525635,0.68,0.6372939538197481,0.9866666666666667,0.0008998608682304621,0.52,0.4608847091605712,0.9066666666666666,0.0023054885677993298,0.7066666666666667,0.6820423075742225,0.96,0.0008522335556335747
Ag,400-1800_common,descriptive architecture transfer; poster analyte labels differ from NATO labels,locked_poster,poster_holdout_Ag,poster_holdout_Ag,structured_vae,zc48__zn16__chem0__ni0__ns0__cond0__ai0__as0__pair0__xrec0__dep0p001__e500,minimal_minmax,1729,200,75,gaussian_broadening,0.5,0.0041676597580216305,0.0020838298790108152,0.03849290360129602,0.9461401750030978,0.008556480923168124,,1.75,0.6795321302831001,0.07768382877111435,0.6933333333333334,0.648148148148148,1.0,4.4425328837860434e-07,0.56,0.49717204889618677,1.0,2.8244653549336363e-06,0.6933333333333334,0.6591269841269841,1.0,6.373723522301589e-07
Ag,400-1800_common,descriptive architecture transfer; poster analyte labels differ from NATO labels,locked_poster,poster_holdout_Ag,poster_holdout_Ag,structured_vae,zc48__zn16__chem0__ni0__ns0__cond0__ai0__as0__pair0__xrec0__dep0p001__e500,minimal_minmax,1729,200,75,gaussian_broadening,1.0,0.004162989734410438,0.002081494867205219,0.03850511075521902,0.9463081282910156,0.008556149218186588,,1.5,0.7339397079857701,0.07665473222732544,0.6933333333333334,0.648148148148148,1.0,4.68810412712628e-06,0.56,0.49717204889618677,1.0,2.468268030497711e-05,0.6933333333333334,0.6591269841269841,1.0,6.345112979033729e-06
Ag,400-1800_common,descriptive architecture transfer; poster analyte labels differ from NATO labels,locked_poster,poster_holdout_Ag,poster_holdout_Ag,structured_vae,zc48__zn16__chem0__ni0__ns0__cond0__ai0__as0__pair0__xrec0__dep0p001__e500,minimal_minmax,1729,200,75,gaussian_broadening,1.5,0.004162168695638784,0.002081084347819392,0.0385263454466416,0.9464385005931736,0.008556189990495495,,1.5,0.7482117177752601,0.0772843286395073,0.6933333333333334,0.648148148148148,1.0,1.4102459317655303e-05,0.56,0.49717204889618677,1.0,5.097309622215107e-05,0.6933333333333334,0.6591269841269841,1.0,1.670281017140951e-05
Ag,400-1800_common,descriptive architecture transfer; poster analyte labels differ from NATO labels,locked_poster,poster_holdout_Ag,poster_holdout_Ag,structured_vae,zc48__zn16__chem0__ni0__ns0__cond0__ai0__as0__pair0__xrec0__dep0p001__e500,minimal_minmax,1729,200,75,composite,0.5,0.008709131113226236,0.004354565556613118,0.04426929062956165,0.9258524186353785,0.008652202051688436,,2.0,0.647066131396447,0.08383402228355408,0.6533333333333333,0.62826899128269,0.8933333333333333,0.05100255832076073,0.5333333333333333,0.5338493791323979,0.6133333333333333,0.1341862827539444,0.6666666666666666,0.6600518276050191,0.84,0.059497833251953125
Ag,400-1800_common,descriptive architecture transfer; poster analyte labels differ from NATO labels,locked_poster,poster_holdout_Ag,poster_holdout_Ag,structured_vae,zc48__zn16__chem0__ni0__ns0__cond0__ai0__as0__pair0__xrec0__dep0p001__e500,minimal_minmax,1729,200,75,composite,1.0,0.0195515564931593,0.00977577824657965,0.05471442480556739,0.8901049942320259,0.00886616405109406,,2.0,0.653093047132874,0.08394289389252663,0.6133333333333334,0.5939153439153438,0.84,0.15771985054016113,0.4666666666666666,0.4802829354553492,0.5333333333333333,0.3375898003578186,0.6133333333333334,0.6095238095238095,0.8,0.1877891570329666
Ag,400-1800_common,descriptive architecture transfer; poster analyte labels differ from NATO labels,locked_poster,poster_holdout_Ag,poster_holdout_Ag,structured_vae,zc48__zn16__chem0__ni0__ns0__cond0__ai0__as0__pair0__xrec0__dep0p001__e500,minimal_minmax,1729,200,75,composite,1.5,0.031638949136571,0.0158194745682855,0.06626072358999376,0.8513019250825296,0.00911362281912178,,2.0,0.6664829482520204,0.07207942008972168,0.6,0.5851244343891402,0.6133333333333333,0.32680514454841614,0.4266666666666667,0.42191244803130346,0.52,0.41735443472862244,0.5466666666666667,0.5515974685761835,0.5466666666666666,0.3399883806705475
Au,400-1800_common,descriptive architecture transfer; poster analyte labels differ from NATO labels,locked_poster,poster_holdout_Au,poster_holdout_Au,structured_vae,zc48__zn16__chem0__ni0__ns0__cond0__ai0__as0__pair0__xrec0__dep0p001__e500,arpls_minmax,1729,225,50,scale_offset,0.5,0.004552937658902065,0.0022764688294510324,0.08031637961190284,0.9371164644034997,0.009881643576944146,,1.0,0.2874688476797521,0.06323538161814213,0.7,0.7857142857142857,0.98,0.009455918334424496,0.72,0.8027210884353742,0.98,0.039799779653549194,0.8200000000000001,0.8902439024390244,0.98,0.01901632361114025
Au,400-1800_common,descriptive architecture transfer; poster analyte labels differ from NATO labels,locked_poster,poster_holdout_Au,poster_holdout_Au,structured_vae,zc48__zn16__chem0__ni0__ns0__cond0__ai0__as0__pair0__xrec0__dep0p001__e500,arpls_minmax,1729,225,50,scale_offset,1.0,0.0072550914361223014,0.0036275457180611507,0.09271760254857721,0.9321560103744286,0.010011508461832169,,1.25,0.28333070857782866,0.05840044282376766,0.72,0.8055555555555556,0.96,0.06702091544866562,0.66,0.746276889134032,0.9,0.1170298159122467,0.74,0.8243243243243243,0.94,0.07717783749103546
Au,400-1800_common,descriptive architecture transfer; poster analyte labels differ from NATO labels,locked_poster,poster_holdout_Au,poster_holdout_Au,structured_vae,zc48__zn16__chem0__ni0__ns0__cond0__ai0__as0__pair0__xrec0__dep0p001__e500,arpls_minmax,1729,225,50,scale_offset,1.5,0.01251233564503509,0.006256167822517545,0.10535696608402871,0.9131273898050398,0.010367250178481587,,1.25,0.2844139736370077,0.06389730423688889,0.6,0.7212276214833759,0.84,0.12712614238262177,0.6599999999999999,0.7488372093023257,0.74,0.19693177938461304,0.8400000000000001,0.9109848484848485,0.88,0.1492159217596054
Au,400-1800_common,descriptive architecture transfer; poster analyte labels differ from NATO labels,locked_poster,poster_holdout_Au,poster_holdout_Au,structured_vae,zc48__zn16__chem0__ni0__ns0__cond0__ai0__as0__pair0__xrec0__dep0p001__e500,arpls_minmax,1729,225,50,smooth_baseline,0.5,0.005563313172911064,0.002781656586455532,0.08146464781456395,0.9371711557052028,0.010032055694243171,,1.0,0.29620720592110894,0.05228560231626034,0.7,0.7857142857142857,0.98,0.013946889899671078,0.8200000000000001,0.87847866419295,0.88,0.05405588448047638,0.8,0.875,0.96,0.02585667558014393
Au,400-1800_common,descriptive architecture transfer; poster analyte labels differ from NATO labels,locked_poster,poster_holdout_Au,poster_holdout_Au,structured_vae,zc48__zn16__chem0__ni0__ns0__cond0__ai0__as0__pair0__xrec0__dep0p001__e500,arpls_minmax,1729,225,50,smooth_baseline,1.0,0.008979666771487668,0.004489833385743834,0.09673235392914396,0.9244087984906972,0.010522019798601312,,1.0,0.30269990519583967,0.0577325108461082,0.6799999999999999,0.7755102040816326,0.96,0.04293336719274521,0.9,0.9280851063829787,0.78,0.1789097785949707,0.8200000000000001,0.8902439024390244,0.94,0.08731213212013245
Au,400-1800_common,descriptive architecture transfer; poster analyte labels differ from NATO labels,locked_poster,poster_holdout_Au,poster_holdout_Au,structured_vae,zc48__zn16__chem0__ni0__ns0__cond0__ai0__as0__pair0__xrec0__dep0p001__e500,arpls_minmax,1729,225,50,smooth_baseline,1.5,0.012339464735007197,0.0061697323675035986,0.10521013420910023,0.9165890086503417,0.010846082525846684,,1.0,0.3548738562159076,0.057211413979530334,0.7,0.7953514739229025,0.98,0.09226702898740768,0.78,0.8129370629370629,0.72,0.25418680906295776,0.76,0.8421052631578947,0.92,0.14758515357971191
Au,400-1800_common,descriptive architecture transfer; poster analyte labels differ from NATO labels,locked_poster,poster_holdout_Au,poster_holdout_Au,structured_vae,zc48__zn16__chem0__ni0__ns0__cond0__ai0__as0__pair0__xrec0__dep0p001__e500,arpls_minmax,1729,225,50,gaussian_noise,0.5,0.003313145770556158,0.001656572885278079,0.07477388400800594,0.9478945291673478,0.009743231367304024,,1.0,0.278374466442342,0.06633487995713949,0.72,0.8055555555555556,1.0,0.00027366995345801115,0.72,0.8125,1.0,0.00035378336906433105,0.78,0.858974358974359,0.98,0.000291769509203732
Au,400-1800_common,descriptive architecture transfer; poster analyte labels differ from NATO labels,locked_poster,poster_holdout_Au,poster_holdout_Au,structured_vae,zc48__zn16__chem0__ni0__ns0__cond0__ai0__as0__pair0__xrec0__dep0p001__e500,arpls_minmax,1729,225,50,gaussian_noise,1.0,0.0032537069779774806,0.0016268534889887403,0.0750896445898424,0.9465379821096893,0.009730869661714782,,1.0,0.27920949110203863,0.06543437391519547,0.6799999999999999,0.7755102040816326,0.96,0.0013534784084185958,0.6799999999999999,0.7757774140752864,0.96,0.0013056218158453703,0.8,0.875,1.0,0.0013525557005777955
Au,400-1800_common,descriptive architecture transfer; poster analyte labels differ from NATO labels,locked_poster,poster_holdout_Au,poster_holdout_Au,structured_vae,zc48__zn16__chem0__ni0__ns0__cond0__ai0__as0__pair0__xrec0__dep0p001__e500,arpls_minmax,1729,225,50,gaussian_noise,1.5,0.0031808953231972064,0.0015904476615986032,0.0749854479639652,0.9490808488607217,0.009735837335988514,,1.0,0.30192454220596043,0.06289239053148776,0.7,0.7857142857142857,0.98,0.00312501541338861,0.74,0.8291666666666666,0.98,0.0026963483542203903,0.8,0.875,0.96,0.002710837172344327
Au,400-1800_common,descriptive architecture transfer; poster analyte labels differ from NATO labels,locked_poster,poster_holdout_Au,poster_holdout_Au,structured_vae,zc48__zn16__chem0__ni0__ns0__cond0__ai0__as0__pair0__xrec0__dep0p001__e500,arpls_minmax,1729,225,50,isolated_spikes,0.5,0.003360109270155347,0.0016800546350776734,0.07463256260223329,0.9478363615059253,0.00975318193832562,,1.0,0.2883183622352414,0.06258734408766031,0.72,0.8055555555555556,1.0,0.00013120770745445043,0.72,0.8125,1.0,0.00014917492808308452,0.8200000000000001,0.8902439024390244,0.98,0.00013378739822655916
Au,400-1800_common,descriptive architecture transfer; poster analyte labels differ from NATO labels,locked_poster,poster_holdout_Au,poster_holdout_Au,structured_vae,zc48__zn16__chem0__ni0__ns0__cond0__ai0__as0__pair0__xrec0__dep0p001__e500,arpls_minmax,1729,225,50,isolated_spikes,1.0,0.003393763729189642,0.001696881864594821,0.0748603791078986,0.9483233502871946,0.009755650375361854,,1.0,0.26568353589240024,0.0660553639754653,0.7,0.7953514739229025,0.94,0.0015571570256724954,0.74,0.8291666666666666,0.98,0.0013522517401725054,0.8200000000000001,0.8902439024390244,0.98,0.0013971829321235418
Au,400-1800_common,descriptive architecture transfer; poster analyte labels differ from NATO labels,locked_poster,poster_holdout_Au,poster_holdout_Au,structured_vae,zc48__zn16__chem0__ni0__ns0__cond0__ai0__as0__pair0__xrec0__dep0p001__e500,arpls_minmax,1729,225,50,isolated_spikes,1.5,0.0034015963111400194,0.0017007981555700097,0.0747524155404036,0.9482307275371835,0.009764482089681718,,1.0,0.27345357320502983,0.06150234118103981,0.72,0.8055555555555556,0.96,0.004035170190036297,0.6799999999999999,0.7757774140752864,0.96,0.004208617378026247,0.8200000000000001,0.8902439024390244,0.98,0.0037289727479219437
Au,400-1800_common,descriptive architecture transfer; poster analyte labels differ from NATO labels,locked_poster,poster_holdout_Au,poster_holdout_Au,structured_vae,zc48__zn16__chem0__ni0__ns0__cond0__ai0__as0__pair0__xrec0__dep0p001__e500,arpls_minmax,1729,225,50,edge_filled_shift,0.5,0.0033027937162893434,0.0016513968581446717,0.07498868434171325,0.9459783815934302,0.00977056984888872,,1.0,0.2551597926356831,0.06337363086640835,0.56,0.6071428571428571,0.84,0.012472386471927166,0.7,0.7930851063829787,0.98,0.02133829891681671,0.78,0.858974358974359,0.98,0.014724452048540115
Au,400-1800_common,descriptive architecture transfer; poster analyte labels differ from NATO labels,locked_poster,poster_holdout_Au,poster_holdout_Au,structured_vae,zc48__zn16__chem0__ni0__ns0__cond0__ai0__as0__pair0__xrec0__dep0p001__e500,arpls_minmax,1729,225,50,edge_filled_shift,1.0,0.003416507445142417,0.0017082537225712085,0.07620339962900355,0.9481925127815721,0.009797796904635782,,1.0,0.2800488274403988,0.0624136533588171,0.64,0.71875,0.92,0.021679019555449486,0.7,0.7930851063829787,0.98,0.02914872206747532,0.74,0.8243243243243243,0.94,0.024436159059405327
Au,400-1800_common,descriptive architecture transfer; poster analyte labels differ from NATO labels,locked_poster,poster_holdout_Au,poster_holdout_Au,structured_vae,zc48__zn16__chem0__ni0__ns0__cond0__ai0__as0__pair0__xrec0__dep0p001__e500,arpls_minmax,1729,225,50,edge_filled_shift,1.5,0.00332161830313081,0.001660809151565405,0.07632078112364005,0.9427950433429435,0.00981624755598854,,1.0,0.27545451439450674,0.06560506671667099,0.58,0.6379310344827587,0.86,0.03946029022336006,0.6799999999999999,0.7757774140752864,0.96,0.05600270256400108,0.72,0.8055555555555556,0.88,0.045947618782520294
Au,400-1800_common,descriptive architecture transfer; poster analyte labels differ from NATO labels,locked_poster,poster_holdout_Au,poster_holdout_Au,structured_vae,zc48__zn16__chem0__ni0__ns0__cond0__ai0__as0__pair0__xrec0__dep0p001__e500,arpls_minmax,1729,225,50,gaussian_broadening,0.5,0.003354638221611668,0.001677319110805834,0.0746286194475832,0.9481247757552991,0.009751025450899033,,1.0,0.2926230991836628,0.06594273168593645,0.7,0.7857142857142857,0.98,2.3066997982823523e-06,0.72,0.8125,1.0,3.948211542592617e-06,0.8,0.875,1.0,2.5653839657024946e-06
Au,400-1800_common,descriptive architecture transfer; poster analyte labels differ from NATO labels,locked_poster,poster_holdout_Au,poster_holdout_Au,structured_vae,zc48__zn16__chem0__ni0__ns0__cond0__ai0__as0__pair0__xrec0__dep0p001__e500,arpls_minmax,1729,225,50,gaussian_broadening,1.0,0.0033675520877220217,0.0016837760438610109,0.07468550632312546,0.9480410938730489,0.009746932965148674,,1.0,0.29046657049860336,0.06687698379391804,0.7,0.7857142857142857,0.98,4.376530705485493e-05,0.72,0.8125,1.0,8.33928570500575e-05,0.8,0.875,1.0,5.349636194296181e-05
Au,400-1800_common,descriptive architecture transfer; poster analyte labels differ from NATO labels,locked_poster,poster_holdout_Au,poster_holdout_Au,structured_vae,zc48__zn16__chem0__ni0__ns0__cond0__ai0__as0__pair0__xrec0__dep0p001__e500,arpls_minmax,1729,225,50,gaussian_broadening,1.5,0.003382520736405171,0.0016912603682025856,0.07479835043754438,0.9478534295276346,0.00974018751771738,,1.0,0.2776340998761463,0.06917637964943424,0.7,0.7857142857142857,0.98,0.00020510077592916787,0.72,0.8125,1.0,0.0004046368703711778,0.78,0.858974358974359,0.98,0.0002665698411874473
Au,400-1800_common,descriptive architecture transfer; poster analyte labels differ from NATO labels,locked_poster,poster_holdout_Au,poster_holdout_Au,structured_vae,zc48__zn16__chem0__ni0__ns0__cond0__ai0__as0__pair0__xrec0__dep0p001__e500,arpls_minmax,1729,225,50,composite,0.5,0.0059938289816052846,0.0029969144908026423,0.08578287320214902,0.9367642474532742,0.01011674405903073,,1.0,0.2754102229187132,0.060370816849172115,0.62,0.6935483870967742,0.9,0.024485792964696884,0.76,0.8245862884160756,0.86,0.0893988385796547,0.8,0.875,0.96,0.0437588207423687
Au,400-1800_common,descriptive architecture transfer; poster analyte labels differ from NATO labels,locked_poster,poster_holdout_Au,poster_holdout_Au,structured_vae,zc48__zn16__chem0__ni0__ns0__cond0__ai0__as0__pair0__xrec0__dep0p001__e500,arpls_minmax,1729,225,50,composite,1.0,0.012509821703227078,0.006254910851613539,0.10444531368955129,0.903487293581916,0.010618729755846183,,1.0,0.3295512816463386,0.0557320024818182,0.64,0.7438725490196079,0.88,0.09219206869602203,0.72,0.7583108715184187,0.66,0.28185513615608215,0.78,0.858974358974359,0.86,0.14744240045547485
Au,400-1800_common,descriptive architecture transfer; poster analyte labels differ from NATO labels,locked_poster,poster_holdout_Au,poster_holdout_Au,structured_vae,zc48__zn16__chem0__ni0__ns0__cond0__ai0__as0__pair0__xrec0__dep0p001__e500,arpls_minmax,1729,225,50,composite,1.5,0.02991988234787969,0.014959941173939844,0.1310275981319765,0.8453723290776933,0.011917945536065545,,1.5,0.39902189825932843,0.06122329877689481,0.56,0.6942355889724311,0.76,0.19968190789222717,0.5,0.4984848484848485,0.48,0.5805257558822632,0.66,0.7653824036802761,0.74,0.32381197810173035
Au,400-1800_common,descriptive architecture transfer; poster analyte labels differ from NATO labels,locked_poster,poster_holdout_Au,poster_holdout_Au,structured_vae,zc48__zn16__chem0__ni0__ns0__cond0__ai0__as0__pair0__xrec0__dep0p001__e500,minimal_minmax,1729,225,50,scale_offset,0.5,0.005030858786696805,0.0025154293933484025,0.03344373171410537,0.962521548051449,0.005206240909878397,,1.0,0.2654426066014013,0.053983550518751144,0.62,0.6801932367149759,0.84,0.04141012206673622,0.56,0.6666666666666666,0.84,0.005931981839239597,0.94,0.9497549019607843,0.98,0.01709224283695221
Au,400-1800_common,descriptive architecture transfer; poster analyte labels differ from NATO labels,locked_poster,poster_holdout_Au,poster_holdout_Au,structured_vae,zc48__zn16__chem0__ni0__ns0__cond0__ai0__as0__pair0__xrec0__dep0p001__e500,minimal_minmax,1729,225,50,scale_offset,1.0,0.009807188861953696,0.004903594430976848,0.03902268834859748,0.9579525614519031,0.005311205153229613,,1.5,0.3355400028780987,0.05260533094406128,0.6200000000000001,0.6756501182033097,0.66,0.15319524705410004,0.5,0.5959595959595959,0.86,0.03847191855311394,0.8400000000000001,0.8847517730496455,0.88,0.07671060413122177
Au,400-1800_common,descriptive architecture transfer; poster analyte labels differ from NATO labels,locked_poster,poster_holdout_Au,poster_holdout_Au,structured_vae,zc48__zn16__chem0__ni0__ns0__cond0__ai0__as0__pair0__xrec0__dep0p001__e500,minimal_minmax,1729,225,50,scale_offset,1.5,0.018720356641556357,0.009360178320778179,0.043964829156681026,0.9488373690277367,0.0054323328915517775,,2.0,0.3447490039730968,0.06460732221603394,0.52,0.5619136960600375,0.54,0.27524083852767944,0.32,0.4489164086687306,0.52,0.10785660147666931,0.74,0.8228599703117269,0.8,0.16917745769023895
Au,400-1800_common,descriptive architecture transfer; poster analyte labels differ from NATO labels,locked_poster,poster_holdout_Au,poster_holdout_Au,structured_vae,zc48__zn16__chem0__ni0__ns0__cond0__ai0__as0__pair0__xrec0__dep0p001__e500,minimal_minmax,1729,225,50,smooth_baseline,0.5,0.005518247872023751,0.0027591239360118757,0.03713790085098509,0.9597399606313199,0.005378845202926978,,1.0,0.2566817255882996,0.046089060604572296,0.6599999999999999,0.6717216770740411,0.68,0.12225473672151566,0.52,0.6379928315412187,0.88,0.018039314076304436,0.8200000000000001,0.8258145363408521,0.9,0.035570573061704636
Au,400-1800_common,descriptive architecture transfer; poster analyte labels differ from NATO labels,locked_poster,poster_holdout_Au,poster_holdout_Au,structured_vae,zc48__zn16__chem0__ni0__ns0__cond0__ai0__as0__pair0__xrec0__dep0p001__e500,minimal_minmax,1729,225,50,smooth_baseline,1.0,0.008622003381704008,0.004311001690852004,0.04424792470760629,0.9443181069353562,0.005659816393375513,,1.0,0.2336069670741021,0.05800686404109001,0.58,0.5144927536231884,0.52,0.264613538980484,0.42000000000000004,0.556910569105691,0.82,0.0380539745092392,0.7,0.6865079365079365,0.78,0.093041330575943
Au,400-1800_common,descriptive architecture transfer; poster analyte labels differ from NATO labels,locked_poster,poster_holdout_Au,poster_holdout_Au,structured_vae,zc48__zn16__chem0__ni0__ns0__cond0__ai0__as0__pair0__xrec0__dep0p001__e500,minimal_minmax,1729,225,50,smooth_baseline,1.5,0.014108212185551633,0.007054106092775817,0.05437741735081968,0.921335862208524,0.006044879049577658,,1.0,0.2951909555348181,0.05466306209564209,0.54,0.4165398274987316,0.44,0.35503089427948,0.5,0.6402439024390244,0.74,0.04919731989502907,0.58,0.5144927536231884,0.66,0.15714916586875916
Au,400-1800_common,descriptive architecture transfer; poster analyte labels differ from NATO labels,locked_poster,poster_holdout_Au,poster_holdout_Au,structured_vae,zc48__zn16__chem0__ni0__ns0__cond0__ai0__as0__pair0__xrec0__dep0p001__e500,minimal_minmax,1729,225,50,gaussian_noise,0.5,0.00364078910752066,0.00182039455376033,0.03302101608599363,0.9623891202081634,0.00513822043516432,,1.0,0.260871435144878,0.05254595726728439,0.6799999999999999,0.7579051383399209,0.98,0.0006555938743986189,0.58,0.6564625850340136,0.98,0.00011065363651141524,0.9,0.9190654985398414,0.98,0.000166920421179384
Au,400-1800_common,descriptive architecture transfer; poster analyte labels differ from NATO labels,locked_poster,poster_holdout_Au,poster_holdout_Au,structured_vae,zc48__zn16__chem0__ni0__ns0__cond0__ai0__as0__pair0__xrec0__dep0p001__e500,minimal_minmax,1729,225,50,gaussian_noise,1.0,0.003718304773242569,0.0018591523866212844,0.033202608838378056,0.9622455702440322,0.005151911406697556,,1.0,0.26599980231753545,0.05485404282808304,0.7,0.7722437137330754,0.96,0.0028121639043092728,0.54,0.6170977011494253,0.94,0.0006203234079293907,0.8999999999999999,0.90935192780968,0.98,0.000798600900452584
Au,400-1800_common,descriptive architecture transfer; poster analyte labels differ from NATO labels,locked_poster,poster_holdout_Au,poster_holdout_Au,structured_vae,zc48__zn16__chem0__ni0__ns0__cond0__ai0__as0__pair0__xrec0__dep0p001__e500,minimal_minmax,1729,225,50,gaussian_noise,1.5,0.0038510273793551215,0.0019255136896775607,0.03331065601834627,0.9629805502217174,0.0051665475709891835,,1.0,0.2687671376204459,0.05428065359592438,0.72,0.7859848484848485,0.94,0.006000250577926636,0.52,0.6060161408657374,0.92,0.0008429813315160573,0.8999999999999999,0.90935192780968,0.98,0.0019118082709610462
Au,400-1800_common,descriptive architecture transfer; poster analyte labels differ from NATO labels,locked_poster,poster_holdout_Au,poster_holdout_Au,structured_vae,zc48__zn16__chem0__ni0__ns0__cond0__ai0__as0__pair0__xrec0__dep0p001__e500,minimal_minmax,1729,225,50,isolated_spikes,0.5,0.003610162961666544,0.001805081480833272,0.032850970122691274,0.9624512227756618,0.005131999963042575,,1.0,0.26623220705630707,0.05298377759754658,0.72,0.7974308300395256,0.98,0.00023928165319375694,0.58,0.6564625850340136,0.98,0.00010482311336090788,0.9199999999999999,0.9296235679214403,1.0,7.847905362723395e-05
Au,400-1800_common,descriptive architecture transfer; poster analyte labels differ from NATO labels,locked_poster,poster_holdout_Au,poster_holdout_Au,structured_vae,zc48__zn16__chem0__ni0__ns0__cond0__ai0__as0__pair0__xrec0__dep0p001__e500,minimal_minmax,1729,225,50,isolated_spikes,1.0,0.00361787787969926,0.00180893893984963,0.03284133426768474,0.9626926121911206,0.005130749049193608,,1.0,0.26207451433963025,0.052269965410232544,0.72,0.7922705314009661,0.98,0.0009381342097185552,0.5599999999999999,0.6277269528501055,1.0,0.0005942273419350386,0.9199999999999999,0.9296235679214403,1.0,0.0004100155783817172
Au,400-1800_common,descriptive architecture transfer; poster analyte labels differ from NATO labels,locked_poster,poster_holdout_Au,poster_holdout_Au,structured_vae,zc48__zn16__chem0__ni0__ns0__cond0__ai0__as0__pair0__xrec0__dep0p001__e500,minimal_minmax,1729,225,50,isolated_spikes,1.5,0.0036315646003085666,0.0018157823001542833,0.032833949424733305,0.9631088366987581,0.00513539477047868,,1.0,0.2655196462195487,0.05160123109817505,0.74,0.8120772946859903,0.92,0.0014073741622269154,0.54,0.596938775510204,0.98,0.0003387916076462716,0.9,0.9190654985398414,0.98,0.00032020569778978825
Au,400-1800_common,descriptive architecture transfer; poster analyte labels differ from NATO labels,locked_poster,poster_holdout_Au,poster_holdout_Au,structured_vae,zc48__zn16__chem0__ni0__ns0__cond0__ai0__as0__pair0__xrec0__dep0p001__e500,minimal_minmax,1729,225,50,edge_filled_shift,0.5,0.0036467023522797097,0.0018233511761398548,0.03289085155776817,0.9629254190899796,0.005124612529455669,,1.0,0.2783513169934079,0.05416429974138737,0.7,0.7777777777777777,1.0,0.0013523686211556196,0.5599999999999999,0.6277269528501055,0.96,0.0009097874280996621,0.9,0.9190654985398414,0.98,0.0006066978094168007
Au,400-1800_common,descriptive architecture transfer; poster analyte labels differ from NATO labels,locked_poster,poster_holdout_Au,poster_holdout_Au,structured_vae,zc48__zn16__chem0__ni0__ns0__cond0__ai0__as0__pair0__xrec0__dep0p001__e500,minimal_minmax,1729,225,50,edge_filled_shift,1.0,0.0036360851918989666,0.0018180425959494833,0.033071455727832585,0.9633636839107595,0.005127135559174348,,1.0,0.2651406348539803,0.051390115171670914,0.66,0.7333333333333334,0.96,0.004652348812669516,0.52,0.6060161408657374,0.92,0.0013514995807781816,0.9,0.9190654985398414,0.98,0.0012130605755373836
Au,400-1800_common,descriptive architecture transfer; poster analyte labels differ from NATO labels,locked_poster,poster_holdout_Au,poster_holdout_Au,structured_vae,zc48__zn16__chem0__ni0__ns0__cond0__ai0__as0__pair0__xrec0__dep0p001__e500,minimal_minmax,1729,225,50,edge_filled_shift,1.5,0.003638134699198749,0.0018190673495993746,0.03311347031953602,0.962790755019584,0.0051300311379429845,,1.0,0.2653775481824131,0.0501125231385231,0.64,0.7229524772497473,0.94,0.005870680790394545,0.45999999999999996,0.5305958132045088,0.9,0.0024562932085245848,0.88,0.8988294314381271,0.96,0.0018873799126595259
Au,400-1800_common,descriptive architecture transfer; poster analyte labels differ from NATO labels,locked_poster,poster_holdout_Au,poster_holdout_Au,structured_vae,zc48__zn16__chem0__ni0__ns0__cond0__ai0__as0__pair0__xrec0__dep0p001__e500,minimal_minmax,1729,225,50,gaussian_broadening,0.5,0.0036117631499253395,0.0018058815749626698,0.03288836456653789,0.9626182566735922,0.005129905891627588,,1.0,0.25682332582142453,0.05221068859100342,0.7,0.7777777777777777,1.0,2.117157009706716e-06,0.5599999999999999,0.6277269528501055,1.0,2.5033949668795685e-07,0.9199999999999999,0.9296235679214403,1.0,3.8981437455731793e-07
Au,400-1800_common,descriptive architecture transfer; poster analyte labels differ from NATO labels,locked_poster,poster_holdout_Au,poster_holdout_Au,structured_vae,zc48__zn16__chem0__ni0__ns0__cond0__ai0__as0__pair0__xrec0__dep0p001__e500,minimal_minmax,1729,225,50,gaussian_broadening,1.0,0.003612917423784772,0.001806458711892386,0.03288734642963957,0.9626423415109102,0.005127210122502791,,1.0,0.2567786520182659,0.05334067530930042,0.7,0.7777777777777777,1.0,4.056453690282069e-05,0.5599999999999999,0.6277269528501055,1.0,6.3061715991352685e-06,0.9199999999999999,0.9296235679214403,1.0,8.18610169517342e-06
Au,400-1800_common,descriptive architecture transfer; poster analyte labels differ from NATO labels,locked_poster,poster_holdout_Au,poster_holdout_Au,structured_vae,zc48__zn16__chem0__ni0__ns0__cond0__ai0__as0__pair0__xrec0__dep0p001__e500,minimal_minmax,1729,225,50,gaussian_broadening,1.5,0.0036161335429701702,0.0018080667714850851,0.032898830807160565,0.962618700509386,0.005123655379756072,,1.0,0.25178657372759844,0.053922317922115326,0.68,0.7529644268774703,0.98,0.00018949508375953883,0.54,0.596938775510204,0.98,3.4736396628431976e-05,0.9,0.9190654985398414,0.98,4.208207246847451e-05
Au,400-1800_common,descriptive architecture transfer; poster analyte labels differ from NATO labels,locked_poster,poster_holdout_Au,poster_holdout_Au,structured_vae,zc48__zn16__chem0__ni0__ns0__cond0__ai0__as0__pair0__xrec0__dep0p001__e500,minimal_minmax,1729,225,50,composite,0.5,0.006381491180438414,0.003190745590219207,0.03717296739983438,0.9568373120574136,0.005349182293548281,,1.0,0.28164731554368233,0.051842913031578064,0.6,0.6571428571428571,0.76,0.1454867422580719,0.42000000000000004,0.5515342250196695,0.78,0.025143051519989967,0.78,0.8148310662571303,0.86,0.05333772674202919
Au,400-1800_common,descriptive architecture transfer; poster analyte labels differ from NATO labels,locked_poster,poster_holdout_Au,poster_holdout_Au,structured_vae,zc48__zn16__chem0__ni0__ns0__cond0__ai0__as0__pair0__xrec0__dep0p001__e500,minimal_minmax,1729,225,50,composite,1.0,0.012444624705369937,0.006222312352684969,0.04825040315388652,0.9351535474274977,0.005813195562677616,,1.0,0.26452578027634355,0.05267927423119545,0.6799999999999999,0.690990990990991,0.62,0.27837687730789185,0.30000000000000004,0.40909090909090906,0.56,0.09776116162538528,0.72,0.7568181818181818,0.76,0.13647305965423584
Au,400-1800_common,descriptive architecture transfer; poster analyte labels differ from NATO labels,locked_poster,poster_holdout_Au,poster_holdout_Au,structured_vae,zc48__zn16__chem0__ni0__ns0__cond0__ai0__as0__pair0__xrec0__dep0p001__e500,minimal_minmax,1729,225,50,composite,1.5,0.031790742937072056,0.015895371468536028,0.06654072512338507,0.893831247976829,0.0063643137279455145,,1.0,0.39793702876837733,0.05827806890010834,0.64,0.6813909774436091,0.58,0.4620799124240875,0.32,0.3733333333333333,0.38,0.24142993986606598,0.66,0.7084905660377359,0.7,0.30963677167892456
PICO,400-1800_common,descriptive architecture transfer; poster analyte labels differ from NATO labels,locked_poster,poster_holdout_PICO,poster_holdout_PICO,structured_vae,zc48__zn16__chem0__ni0__ns0__cond0__ai0__as0__pair0__xrec0__dep0p001__e500,arpls_minmax,1729,200,75,scale_offset,0.5,0.018199257112015914,0.009099628556007957,0.1543354265466757,0.7597902525506448,0.019827239179752154,,2.0,0.8642568823547561,0.10313574224710464,0.68,0.5723782390449057,0.9733333333333334,0.012241080403327942,0.36000000000000004,0.21945074326026706,0.96,0.016161058098077774,0.6666666666666666,0.5520226108461402,1.0,0.01346946693956852
PICO,400-1800_common,descriptive architecture transfer; poster analyte labels differ from NATO labels,locked_poster,poster_holdout_PICO,poster_holdout_PICO,structured_vae,zc48__zn16__chem0__ni0__ns0__cond0__ai0__as0__pair0__xrec0__dep0p001__e500,arpls_minmax,1729,200,75,scale_offset,1.0,0.020083424398837965,0.010041712199418983,0.15938975165927835,0.7601445099232528,0.01983271381212066,,2.0,0.8989626280973029,0.10016524791717529,0.6933333333333334,0.6207862455326958,0.9466666666666667,0.05050627887248993,0.38666666666666666,0.26556513409961685,0.9333333333333333,0.05630116164684296,0.6666666666666666,0.5488233227959255,0.9866666666666667,0.05221276730298996
PICO,400-1800_common,descriptive architecture transfer; poster analyte labels differ from NATO labels,locked_poster,poster_holdout_PICO,poster_holdout_PICO,structured_vae,zc48__zn16__chem0__ni0__ns0__cond0__ai0__as0__pair0__xrec0__dep0p001__e500,arpls_minmax,1729,200,75,scale_offset,1.5,0.022154299828700773,0.011077149914350387,0.16518374764685184,0.7502627936651134,0.019773472087264442,,2.0,0.9075250758824309,0.11167797446250916,0.7200000000000001,0.654012737221133,0.9466666666666667,0.11460088193416595,0.37333333333333335,0.2878232878232878,0.8666666666666667,0.15323175489902496,0.6533333333333333,0.5591168091168092,0.9466666666666667,0.13914507627487183
PICO,400-1800_common,descriptive architecture transfer; poster analyte labels differ from NATO labels,locked_poster,poster_holdout_PICO,poster_holdout_PICO,structured_vae,zc48__zn16__chem0__ni0__ns0__cond0__ai0__as0__pair0__xrec0__dep0p001__e500,arpls_minmax,1729,200,75,smooth_baseline,0.5,0.01892210064800164,0.00946105032400082,0.15585100425741705,0.7631265017752412,0.01991720732478328,,2.0,0.7595900386398897,0.0915946438908577,0.6666666666666666,0.5459468902865129,1.0,0.017330221831798553,0.3333333333333333,0.16666666666666666,0.9866666666666667,0.042624332010746,0.6666666666666666,0.5520226108461402,1.0,0.034659493714571
PICO,400-1800_common,descriptive architecture transfer; poster analyte labels differ from NATO labels,locked_poster,poster_holdout_PICO,poster_holdout_PICO,structured_vae,zc48__zn16__chem0__ni0__ns0__cond0__ai0__as0__pair0__xrec0__dep0p001__e500,arpls_minmax,1729,200,75,smooth_baseline,1.0,0.021435777135055442,0.010717888567527721,0.1676107238010725,0.7386181564157369,0.02018402787320139,,2.0,0.896605071844065,0.10012242197990417,0.6666666666666666,0.5555555555555555,0.96,0.06751582771539688,0.3333333333333333,0.16666666666666666,0.9866666666666667,0.11679010093212128,0.6666666666666666,0.5374957000343997,0.92,0.11674321442842484
PICO,400-1800_common,descriptive architecture transfer; poster analyte labels differ from NATO labels,locked_poster,poster_holdout_PICO,poster_holdout_PICO,structured_vae,zc48__zn16__chem0__ni0__ns0__cond0__ai0__as0__pair0__xrec0__dep0p001__e500,arpls_minmax,1729,200,75,smooth_baseline,1.5,0.024306891884783414,0.012153445942391707,0.1779261384187718,0.7151250767138428,0.02053603380096257,,2.0,0.7764736386099202,0.09814831614494324,0.6666666666666666,0.5520226108461402,0.9733333333333334,0.18490488827228546,0.3333333333333333,0.16666666666666666,0.9866666666666667,0.18042947351932526,0.6666666666666666,0.5333674688513398,0.84,0.2076457142829895
PICO,400-1800_common,descriptive architecture transfer; poster analyte labels differ from NATO labels,locked_poster,poster_holdout_PICO,poster_holdout_PICO,structured_vae,zc48__zn16__chem0__ni0__ns0__cond0__ai0__as0__pair0__xrec0__dep0p001__e500,arpls_minmax,1729,200,75,gaussian_noise,0.5,0.017416110110617847,0.008708055055308923,0.14972374294393917,0.7624691934468087,0.019764189023873904,,2.0,0.7512815975076772,0.09453809261322021,0.6666666666666666,0.5459468902865129,1.0,9.095430141314864e-05,0.36000000000000004,0.21945074326026706,0.9866666666666667,7.185856520663947e-05,0.6666666666666666,0.5520226108461402,1.0,7.307608757400885e-05
PICO,400-1800_common,descriptive architecture transfer; poster analyte labels differ from NATO labels,locked_poster,poster_holdout_PICO,poster_holdout_PICO,structured_vae,zc48__zn16__chem0__ni0__ns0__cond0__ai0__as0__pair0__xrec0__dep0p001__e500,arpls_minmax,1729,200,75,gaussian_noise,1.0,0.017447283113554327,0.008723641556777163,0.1499208481264108,0.7618434854828915,0.019768986277234703,,2.0,0.768572071618765,0.09162282198667526,0.6666666666666666,0.5459468902865129,1.0,0.0003614449524320662,0.36000000000000004,0.21945074326026706,0.9866666666666667,0.00031350055360235274,0.6666666666666666,0.5520226108461402,1.0,0.00031740267877466977
PICO,400-1800_common,descriptive architecture transfer; poster analyte labels differ from NATO labels,locked_poster,poster_holdout_PICO,poster_holdout_PICO,structured_vae,zc48__zn16__chem0__ni0__ns0__cond0__ai0__as0__pair0__xrec0__dep0p001__e500,arpls_minmax,1729,200,75,gaussian_noise,1.5,0.017428508651061506,0.008714254325530753,0.1500577042411628,0.7617890054810803,0.019764660635026358,,2.0,0.7777851657209681,0.09232091752346605,0.68,0.5748482184836158,0.9866666666666667,0.000760727736633271,0.3333333333333333,0.16666666666666666,0.9866666666666667,0.0004975231713615358,0.6666666666666666,0.5555555555555555,0.9866666666666667,0.000588943948969245
PICO,400-1800_common,descriptive architecture transfer; poster analyte labels differ from NATO labels,locked_poster,poster_holdout_PICO,poster_holdout_PICO,structured_vae,zc48__zn16__chem0__ni0__ns0__cond0__ai0__as0__pair0__xrec0__dep0p001__e500,arpls_minmax,1729,200,75,isolated_spikes,0.5,0.017438355223031398,0.008719177611515699,0.14964154327199475,0.7629707052976884,0.019768255203611,,2.0,0.745946549680571,0.09135032445192337,0.6666666666666666,0.5459468902865129,1.0,1.4417171769309789e-05,0.3466666666666667,0.19399119399119402,1.0,6.302197562035872e-06,0.6666666666666666,0.5520226108461402,1.0,8.529822480340954e-06
PICO,400-1800_common,descriptive architecture transfer; poster analyte labels differ from NATO labels,locked_poster,poster_holdout_PICO,poster_holdout_PICO,structured_vae,zc48__zn16__chem0__ni0__ns0__cond0__ai0__as0__pair0__xrec0__dep0p001__e500,arpls_minmax,1729,200,75,isolated_spikes,1.0,0.01743596869840584,0.00871798434920292,0.14961114210026294,0.762988272285335,0.019768924271815504,,2.0,0.7458248290989892,0.09244397282600403,0.6666666666666666,0.5459468902865129,1.0,9.498834697296843e-05,0.3466666666666667,0.19399119399119402,1.0,4.6292145270854235e-05,0.6666666666666666,0.5520226108461402,1.0,6.119251338532194e-05
PICO,400-1800_common,descriptive architecture transfer; poster analyte labels differ from NATO labels,locked_poster,poster_holdout_PICO,poster_holdout_PICO,structured_vae,zc48__zn16__chem0__ni0__ns0__cond0__ai0__as0__pair0__xrec0__dep0p001__e500,arpls_minmax,1729,200,75,isolated_spikes,1.5,0.01745872135271185,0.008729360676355925,0.14966066613412568,0.7625915028764618,0.01976999357857511,,2.0,0.7556593380576666,0.09298200532793999,0.6666666666666666,0.5459468902865129,1.0,0.0001953601895365864,0.36000000000000004,0.21945074326026706,0.9866666666666667,0.00012045622133882716,0.6666666666666666,0.5555555555555555,0.9866666666666667,0.00016358375432901084
PICO,400-1800_common,descriptive architecture transfer; poster analyte labels differ from NATO labels,locked_poster,poster_holdout_PICO,poster_holdout_PICO,structured_vae,zc48__zn16__chem0__ni0__ns0__cond0__ai0__as0__pair0__xrec0__dep0p001__e500,arpls_minmax,1729,200,75,edge_filled_shift,0.5,0.017466632996308136,0.008733316498154068,0.1504811766622921,0.762901829794241,0.019774814467663306,,2.0,0.745316646031205,0.09498714376240969,0.6666666666666666,0.5459468902865129,0.9733333333333334,0.002168910577893257,0.3466666666666667,0.19399119399119402,1.0,0.001006567501462996,0.6666666666666666,0.5520226108461402,1.0,0.0018992741825059056
PICO,400-1800_common,descriptive architecture transfer; poster analyte labels differ from NATO labels,locked_poster,poster_holdout_PICO,poster_holdout_PICO,structured_vae,zc48__zn16__chem0__ni0__ns0__cond0__ai0__as0__pair0__xrec0__dep0p001__e500,arpls_minmax,1729,200,75,edge_filled_shift,1.0,0.017382940772441933,0.008691470386220966,0.14972974300995573,0.7629270529608648,0.0197503833864828,,2.0,0.7894468973279575,0.0894649289548397,0.68,0.5748482184836158,0.96,0.004149735905230045,0.3466666666666667,0.19399119399119402,1.0,0.001553654670715332,0.6666666666666666,0.5555555555555555,0.9866666666666667,0.003277294570580125
PICO,400-1800_common,descriptive architecture transfer; poster analyte labels differ from NATO labels,locked_poster,poster_holdout_PICO,poster_holdout_PICO,structured_vae,zc48__zn16__chem0__ni0__ns0__cond0__ai0__as0__pair0__xrec0__dep0p001__e500,arpls_minmax,1729,200,75,edge_filled_shift,1.5,0.017511023985163902,0.008755511992581951,0.1516293606420919,0.7629261901523208,0.019769680390175612,,2.0,0.8409272644474799,0.0887772673740983,0.68,0.5723782390449057,0.9733333333333334,0.007023603189736605,0.36000000000000004,0.21945074326026706,0.96,0.0032879479695111513,0.6666666666666666,0.5520226108461402,1.0,0.00590804498642683
PICO,400-1800_common,descriptive architecture transfer; poster analyte labels differ from NATO labels,locked_poster,poster_holdout_PICO,poster_holdout_PICO,structured_vae,zc48__zn16__chem0__ni0__ns0__cond0__ai0__as0__pair0__xrec0__dep0p001__e500,arpls_minmax,1729,200,75,gaussian_broadening,0.5,0.017424291871735043,0.008712145935867522,0.14963708007518378,0.7629018113158663,0.019764062970436674,,2.0,0.7487504001313845,0.09175031632184982,0.6666666666666666,0.5459468902865129,1.0,4.6332678493854473e-07,0.3466666666666667,0.19399119399119402,1.0,3.441174953877635e-07,0.6666666666666666,0.5520226108461402,1.0,4.2279560830138507e-07
PICO,400-1800_common,descriptive architecture transfer; poster analyte labels differ from NATO labels,locked_poster,poster_holdout_PICO,poster_holdout_PICO,structured_vae,zc48__zn16__chem0__ni0__ns0__cond0__ai0__as0__pair0__xrec0__dep0p001__e500,arpls_minmax,1729,200,75,gaussian_broadening,1.0,0.01741018954397706,0.00870509477198853,0.14971011789844044,0.7629051519281266,0.019758494288256042,,2.0,0.7553474334269674,0.09202918782830238,0.6666666666666666,0.5459468902865129,1.0,9.374618457513861e-06,0.3466666666666667,0.19399119399119402,1.0,4.9535433390701655e-06,0.6666666666666666,0.5520226108461402,1.0,7.625420948897954e-06
PICO,400-1800_common,descriptive architecture transfer; poster analyte labels differ from NATO labels,locked_poster,poster_holdout_PICO,poster_holdout_PICO,structured_vae,zc48__zn16__chem0__ni0__ns0__cond0__ai0__as0__pair0__xrec0__dep0p001__e500,arpls_minmax,1729,200,75,gaussian_broadening,1.5,0.017394891718624652,0.008697445859312326,0.14984562395637535,0.7629143347628319,0.01975217970476078,,2.0,0.7664987457864704,0.09375040605664253,0.6666666666666666,0.5459468902865129,1.0,4.439910117071122e-05,0.3466666666666667,0.19399119399119402,1.0,1.5618006727891043e-05,0.6666666666666666,0.5555555555555555,0.9866666666666667,3.230253787478432e-05
PICO,400-1800_common,descriptive architecture transfer; poster analyte labels differ from NATO labels,locked_poster,poster_holdout_PICO,poster_holdout_PICO,structured_vae,zc48__zn16__chem0__ni0__ns0__cond0__ai0__as0__pair0__xrec0__dep0p001__e500,arpls_minmax,1729,200,75,composite,0.5,0.01924042066262253,0.009620210331311265,0.15783033338514182,0.7541386958344181,0.019906471259509617,,2.0,1.0191112555746398,0.0937005216255784,0.68,0.5841995841995842,0.9466666666666667,0.024645760655403137,0.3333333333333333,0.16666666666666666,0.9866666666666667,0.042383283376693726,0.6666666666666666,0.5433837593462006,0.96,0.04345006123185158
PICO,400-1800_common,descriptive architecture transfer; poster analyte labels differ from NATO labels,locked_poster,poster_holdout_PICO,poster_holdout_PICO,structured_vae,zc48__zn16__chem0__ni0__ns0__cond0__ai0__as0__pair0__xrec0__dep0p001__e500,arpls_minmax,1729,200,75,composite,1.0,0.022592063972929073,0.011296031986464537,0.17089052847585687,0.7203068722977874,0.020260976312369512,,2.0,0.9353609529538249,0.0976722938939929,0.6933333333333334,0.611026551665821,0.9466666666666667,0.11989467591047287,0.3466666666666667,0.19399119399119402,0.9733333333333334,0.12793155014514923,0.6666666666666666,0.5374957000343997,0.92,0.13996531069278717
PICO,400-1800_common,descriptive architecture transfer; poster analyte labels differ from NATO labels,locked_poster,poster_holdout_PICO,poster_holdout_PICO,structured_vae,zc48__zn16__chem0__ni0__ns0__cond0__ai0__as0__pair0__xrec0__dep0p001__e500,arpls_minmax,1729,200,75,composite,1.5,0.029013934235221434,0.014506967117610717,0.1889865726627931,0.6415102694937895,0.02071046715368325,,2.0,0.6599672520372327,0.11161485314369202,0.64,0.5852029171073874,0.8666666666666667,0.2913808226585388,0.36000000000000004,0.21945074326026706,0.96,0.22244615852832794,0.6666666666666666,0.5336407103825137,0.8666666666666667,0.27628040313720703
PICO,400-1800_common,descriptive architecture transfer; poster analyte labels differ from NATO labels,locked_poster,poster_holdout_PICO,poster_holdout_PICO,structured_vae,zc48__zn16__chem0__ni0__ns0__cond0__ai0__as0__pair0__xrec0__dep0p001__e500,minimal_minmax,1729,200,75,scale_offset,0.5,0.025853077730515154,0.012926538865257577,0.11681828333535992,0.7807235038034703,0.009832559871422807,,3.0,1.0433155817271784,0.10018108785152435,0.7200000000000001,0.6432571029957957,0.8933333333333333,0.02474287524819374,0.6666666666666666,0.5555555555555555,1.0,0.0030861124396324158,0.8133333333333334,0.7974537037037037,0.9333333333333333,0.011884785257279873
PICO,400-1800_common,descriptive architecture transfer; poster analyte labels differ from NATO labels,locked_poster,poster_holdout_PICO,poster_holdout_PICO,structured_vae,zc48__zn16__chem0__ni0__ns0__cond0__ai0__as0__pair0__xrec0__dep0p001__e500,minimal_minmax,1729,200,75,scale_offset,1.0,0.031132649495760573,0.015566324747880287,0.12019218084236549,0.7770471185363544,0.009818439536329104,,2.5,1.0569642262749328,0.0858561359345913,0.7866666666666666,0.7518674136321195,0.7866666666666666,0.10976541042327881,0.6533333333333333,0.5458288578589331,0.9866666666666667,0.03149290382862091,0.84,0.8302207130730052,0.8266666666666667,0.057919666171073914
PICO,400-1800_common,descriptive architecture transfer; poster analyte labels differ from NATO labels,locked_poster,poster_holdout_PICO,poster_holdout_PICO,structured_vae,zc48__zn16__chem0__ni0__ns0__cond0__ai0__as0__pair0__xrec0__dep0p001__e500,minimal_minmax,1729,200,75,scale_offset,1.5,0.03674851375240276,0.01837425687620138,0.1234920754465667,0.771527088117798,0.009762478587181872,,2.25,1.0842789344710702,0.10080411471426487,0.8133333333333334,0.7950303600636328,0.8133333333333334,0.18084825575351715,0.64,0.5258788199964671,0.9333333333333333,0.05962790921330452,0.8266666666666667,0.8181494642132248,0.8133333333333334,0.12197566032409668
PICO,400-1800_common,descriptive architecture transfer; poster analyte labels differ from NATO labels,locked_poster,poster_holdout_PICO,poster_holdout_PICO,structured_vae,zc48__zn16__chem0__ni0__ns0__cond0__ai0__as0__pair0__xrec0__dep0p001__e500,minimal_minmax,1729,200,75,smooth_baseline,0.5,0.027951805966998887,0.013975902983499443,0.11985231029901224,0.7388094467727566,0.009735733454040572,,2.0,1.0692526245941283,0.1069469004869461,0.6666666666666666,0.5350111282314672,0.92,0.032828036695718765,0.6666666666666666,0.5555555555555555,1.0,0.008026057854294777,0.7466666666666667,0.7039114851176563,0.8933333333333333,0.02161186933517456
PICO,400-1800_common,descriptive architecture transfer; poster analyte labels differ from NATO labels,locked_poster,poster_holdout_PICO,poster_holdout_PICO,structured_vae,zc48__zn16__chem0__ni0__ns0__cond0__ai0__as0__pair0__xrec0__dep0p001__e500,minimal_minmax,1729,200,75,smooth_baseline,1.0,0.03346900930777627,0.016734504653888135,0.12746726633409916,0.6925570116740477,0.009668435454688179,,2.5,0.7761475867936573,0.10057270526885986,0.6666666666666666,0.5341880341880342,0.9333333333333333,0.11778651177883148,0.6933333333333334,0.6110265516658211,0.9733333333333334,0.021085690706968307,0.7200000000000001,0.6600291403593977,0.8666666666666667,0.08166074007749557
PICO,400-1800_common,descriptive architecture transfer; poster analyte labels differ from NATO labels,locked_poster,poster_holdout_PICO,poster_holdout_PICO,structured_vae,zc48__zn16__chem0__ni0__ns0__cond0__ai0__as0__pair0__xrec0__dep0p001__e500,minimal_minmax,1729,200,75,smooth_baseline,1.5,0.039733282263991435,0.019866641131995717,0.1336401187455812,0.6675854467528094,0.009656559499122938,,2.0,0.7637012239233947,0.10605370067059994,0.6666666666666666,0.5336407103825137,0.8933333333333333,0.1887582242488861,0.68,0.5841995841995842,0.9866666666666667,0.03669789806008339,0.68,0.5841995841995842,0.8266666666666667,0.14310988783836365
PICO,400-1800_common,descriptive architecture transfer; poster analyte labels differ from NATO labels,locked_poster,poster_holdout_PICO,poster_holdout_PICO,structured_vae,zc48__zn16__chem0__ni0__ns0__cond0__ai0__as0__pair0__xrec0__dep0p001__e500,minimal_minmax,1729,200,75,gaussian_noise,0.5,0.024375829589120688,0.012187914794560344,0.11510756139182467,0.7898065972029314,0.00984714950611406,,3.0,1.1179012254575473,0.10038946568965912,0.7066666666666667,0.6180235535074244,0.96,0.00012429952039383352,0.6666666666666666,0.5555555555555555,1.0,0.00010866483353311196,0.84,0.8302207130730052,0.96,0.00010612647020025179
PICO,400-1800_common,descriptive architecture transfer; poster analyte labels differ from NATO labels,locked_poster,poster_holdout_PICO,poster_holdout_PICO,structured_vae,zc48__zn16__chem0__ni0__ns0__cond0__ai0__as0__pair0__xrec0__dep0p001__e500,minimal_minmax,1729,200,75,gaussian_noise,1.0,0.024295148014355696,0.012147574007177848,0.11507666237127957,0.7957943296515589,0.009866101457033073,,3.0,1.1178776789895544,0.09765100479125977,0.7066666666666667,0.6180235535074244,0.96,0.0006455000257119536,0.6666666666666666,0.5555555555555555,1.0,0.0005171903176233172,0.8133333333333334,0.7974537037037037,0.9333333333333333,0.0005101641290821135
PICO,400-1800_common,descriptive architecture transfer; poster analyte labels differ from NATO labels,locked_poster,poster_holdout_PICO,poster_holdout_PICO,structured_vae,zc48__zn16__chem0__ni0__ns0__cond0__ai0__as0__pair0__xrec0__dep0p001__e500,minimal_minmax,1729,200,75,gaussian_noise,1.5,0.024265079352363276,0.012132539676181638,0.11521509930972326,0.7995346103259551,0.009884081987232536,,2.5,1.1283380836654688,0.09652352333068848,0.7066666666666667,0.6184647116850507,0.9466666666666667,0.0013609281741082668,0.6666666666666666,0.5555555555555555,1.0,0.0013679536059498787,0.7999999999999999,0.7802197802197802,0.9466666666666667,0.001173682976514101
PICO,400-1800_common,descriptive architecture transfer; poster analyte labels differ from NATO labels,locked_poster,poster_holdout_PICO,poster_holdout_PICO,structured_vae,zc48__zn16__chem0__ni0__ns0__cond0__ai0__as0__pair0__xrec0__dep0p001__e500,minimal_minmax,1729,200,75,isolated_spikes,0.5,0.02448317548100508,0.01224158774050254,0.11514972534337671,0.7868030057070249,0.009833390653897019,,2.5,1.1144924713694166,0.10073206573724747,0.7200000000000001,0.6429558444821305,0.9866666666666667,3.0885537853464484e-05,0.6666666666666666,0.5555555555555555,1.0,1.2954075828019995e-05,0.8266666666666667,0.814099814099814,0.9733333333333334,1.5442370568052866e-05
PICO,400-1800_common,descriptive architecture transfer; poster analyte labels differ from NATO labels,locked_poster,poster_holdout_PICO,poster_holdout_PICO,structured_vae,zc48__zn16__chem0__ni0__ns0__cond0__ai0__as0__pair0__xrec0__dep0p001__e500,minimal_minmax,1729,200,75,isolated_spikes,1.0,0.024503850429063636,0.012251925214531818,0.11518436485635973,0.7865130352346155,0.009832170891975486,,3.0,1.1181003043273323,0.1034088209271431,0.7066666666666667,0.6178766588602654,0.9466666666666667,0.0001463429071009159,0.6666666666666666,0.5555555555555555,1.0,8.364359382539988e-05,0.84,0.8302207130730052,0.9866666666666667,9.982983465306461e-05
PICO,400-1800_common,descriptive architecture transfer; poster analyte labels differ from NATO labels,locked_poster,poster_holdout_PICO,poster_holdout_PICO,structured_vae,zc48__zn16__chem0__ni0__ns0__cond0__ai0__as0__pair0__xrec0__dep0p001__e500,minimal_minmax,1729,200,75,isolated_spikes,1.5,0.0245256819852189,0.01226284099260945,0.1151941900042369,0.7855148635420899,0.00983431291933299,,3.0,1.117852078595867,0.10119994729757309,0.7066666666666667,0.6178766588602654,0.9733333333333334,0.0002459828101564199,0.6666666666666666,0.5555555555555555,1.0,0.0002664971398189664,0.84,0.8302207130730052,0.9866666666666667,0.00019866386719513685
PICO,400-1800_common,descriptive architecture transfer; poster analyte labels differ from NATO labels,locked_poster,poster_holdout_PICO,poster_holdout_PICO,structured_vae,zc48__zn16__chem0__ni0__ns0__cond0__ai0__as0__pair0__xrec0__dep0p001__e500,minimal_minmax,1729,200,75,edge_filled_shift,0.5,0.02448518821637433,0.012242594108187165,0.11520907394840676,0.7852039779132798,0.009834088389472095,,3.0,1.1283946850730728,0.10404592379927635,0.7066666666666667,0.6184647116850507,0.9733333333333334,0.0006866820622235537,0.6666666666666666,0.5555555555555555,1.0,0.0007542800740338862,0.84,0.8302207130730052,0.96,0.0005459586973302066
PICO,400-1800_common,descriptive architecture transfer; poster analyte labels differ from NATO labels,locked_poster,poster_holdout_PICO,poster_holdout_PICO,structured_vae,zc48__zn16__chem0__ni0__ns0__cond0__ai0__as0__pair0__xrec0__dep0p001__e500,minimal_minmax,1729,200,75,edge_filled_shift,1.0,0.024526030350759117,0.012263015175379558,0.11541147002881286,0.7846924997320031,0.00982788163998824,,3.0,1.1171743804832237,0.1113705039024353,0.7066666666666667,0.6180235535074244,0.9733333333333334,0.0013069073902443051,0.6666666666666666,0.5555555555555555,1.0,0.0014479183591902256,0.8133333333333334,0.7974537037037037,0.9333333333333333,0.001075302716344595
PICO,400-1800_common,descriptive architecture transfer; poster analyte labels differ from NATO labels,locked_poster,poster_holdout_PICO,poster_holdout_PICO,structured_vae,zc48__zn16__chem0__ni0__ns0__cond0__ai0__as0__pair0__xrec0__dep0p001__e500,minimal_minmax,1729,200,75,edge_filled_shift,1.5,0.0245747498800928,0.0122873749400464,0.11558629476469498,0.782195986849396,0.009829934745719601,,2.5,1.1249049955324841,0.11214792728424072,0.6933333333333334,0.591710758377425,0.96,0.002008852083235979,0.6666666666666666,0.5555555555555555,1.0,0.0025697604287415743,0.8666666666666667,0.8611111111111112,0.9333333333333333,0.0018624584190547466
PICO,400-1800_common,descriptive architecture transfer; poster analyte labels differ from NATO labels,locked_poster,poster_holdout_PICO,poster_holdout_PICO,structured_vae,zc48__zn16__chem0__ni0__ns0__cond0__ai0__as0__pair0__xrec0__dep0p001__e500,minimal_minmax,1729,200,75,gaussian_broadening,0.5,0.024480809576755858,0.012240404788377929,0.11514930071121145,0.7869057368260267,0.009831595628567518,,2.5,1.1183911848871575,0.10189726203680038,0.7200000000000001,0.6432571029957956,0.9866666666666667,1.2930233879160369e-06,0.6666666666666666,0.5555555555555555,1.0,6.72340377150249e-07,0.8533333333333334,0.8458736163654197,1.0,1.0045368981081992e-06
PICO,400-1800_common,descriptive architecture transfer; poster analyte labels differ from NATO labels,locked_poster,poster_holdout_PICO,poster_holdout_PICO,structured_vae,zc48__zn16__chem0__ni0__ns0__cond0__ai0__as0__pair0__xrec0__dep0p001__e500,minimal_minmax,1729,200,75,gaussian_broadening,1.0,0.02447950401732701,0.012239752008663505,0.11516194471045331,0.7860586660036986,0.00982899232105923,,2.5,1.1184412010437175,0.10389644652605057,0.7066666666666667,0.6184647116850507,0.9733333333333334,1.7872651369543746e-05,0.6666666666666666,0.5555555555555555,1.0,8.941491614677943e-06,0.8533333333333334,0.8458736163654197,1.0,1.3392766049946658e-05
PICO,400-1800_common,descriptive architecture transfer; poster analyte labels differ from NATO labels,locked_poster,poster_holdout_PICO,poster_holdout_PICO,structured_vae,zc48__zn16__chem0__ni0__ns0__cond0__ai0__as0__pair0__xrec0__dep0p001__e500,minimal_minmax,1729,200,75,gaussian_broadening,1.5,0.024484609490551826,0.012242304745275913,0.1152033981074063,0.7851421725668655,0.00982632404267871,,2.5,1.1258527976034098,0.10394281148910522,0.7066666666666667,0.6184647116850507,0.9733333333333334,5.537589458981529e-05,0.6666666666666666,0.5555555555555555,1.0,2.7950603907811455e-05,0.8533333333333334,0.8458736163654197,1.0,4.044373781653121e-05
PICO,400-1800_common,descriptive architecture transfer; poster analyte labels differ from NATO labels,locked_poster,poster_holdout_PICO,poster_holdout_PICO,structured_vae,zc48__zn16__chem0__ni0__ns0__cond0__ai0__as0__pair0__xrec0__dep0p001__e500,minimal_minmax,1729,200,75,composite,0.5,0.028402427635783933,0.014201213817891967,0.12066417948483282,0.742746731142041,0.009752686576219484,,2.5,0.9503900729036927,0.11005541682243347,0.7333333333333334,0.6666666666666666,0.92,0.051250722259283066,0.6666666666666666,0.5555555555555555,1.0,0.01673157326877117,0.8533333333333334,0.8458736163654197,0.92,0.0341181755065918
PICO,400-1800_common,descriptive architecture transfer; poster analyte labels differ from NATO labels,locked_poster,poster_holdout_PICO,poster_holdout_PICO,structured_vae,zc48__zn16__chem0__ni0__ns0__cond0__ai0__as0__pair0__xrec0__dep0p001__e500,minimal_minmax,1729,200,75,composite,1.0,0.03569186416975412,0.01784593208487706,0.13029979923755786,0.6560318448227804,0.009707918052901127,,2.0,0.7678845284848009,0.10903824865818024,0.6533333333333333,0.5739843960182943,0.8,0.14538514614105225,0.6933333333333334,0.6379084967320261,0.92,0.08049514889717102,0.7600000000000001,0.7308377896613191,0.8,0.10973120480775833
PICO,400-1800_common,descriptive architecture transfer; poster analyte labels differ from NATO labels,locked_poster,poster_holdout_PICO,poster_holdout_PICO,structured_vae,zc48__zn16__chem0__ni0__ns0__cond0__ai0__as0__pair0__xrec0__dep0p001__e500,minimal_minmax,1729,200,75,composite,1.5,0.046548879198830356,0.023274439599415178,0.14239828352661837,0.6404958437134199,0.00970361267405339,,2.0,0.782818083335281,0.11676918715238571,0.68,0.6332719415014861,0.76,0.3659995496273041,0.64,0.5999155736469169,0.8,0.14638055860996246,0.7733333333333333,0.7621463271180785,0.8133333333333334,0.24399948120117188
pSERS,400-1800_common,descriptive architecture transfer; poster analyte labels differ from NATO labels,locked_poster,poster_holdout_pSERS,poster_holdout_pSERS,structured_vae,zc48__zn16__chem0__ni0__ns0__cond0__ai0__as0__pair0__xrec0__dep0p001__e500,arpls_minmax,1729,200,75,scale_offset,0.5,0.0069140035555963365,0.0034570017777981682,0.14879684526748713,0.7980830612316302,0.009477066043663737,,2.0,0.3880535755959966,0.11172825330868363,1.0,1.0,1.0,0.02482716552913189,0.9866666666666667,0.9866613311991462,1.0,0.046537887305021286,0.9733333333333333,0.9732905982905984,0.9733333333333334,0.020395977422595024
pSERS,400-1800_common,descriptive architecture transfer; poster analyte labels differ from NATO labels,locked_poster,poster_holdout_pSERS,poster_holdout_pSERS,structured_vae,zc48__zn16__chem0__ni0__ns0__cond0__ai0__as0__pair0__xrec0__dep0p001__e500,arpls_minmax,1729,200,75,scale_offset,1.0,0.008475918715930812,0.004237959357965406,0.15327453297993948,0.8098164106374777,0.009520379980382722,,2.0,0.35916034698024646,0.09769951179623604,1.0,1.0,1.0,0.0797881931066513,0.9866666666666667,0.9866613311991462,1.0,0.11867477744817734,0.9733333333333333,0.9732905982905984,0.9733333333333334,0.06924512982368469
pSERS,400-1800_common,descriptive architecture transfer; poster analyte labels differ from NATO labels,locked_poster,poster_holdout_pSERS,poster_holdout_pSERS,structured_vae,zc48__zn16__chem0__ni0__ns0__cond0__ai0__as0__pair0__xrec0__dep0p001__e500,arpls_minmax,1729,200,75,scale_offset,1.5,0.01260274842299184,0.00630137421149592,0.16937863082699586,0.7820577875996683,0.009740482560029375,,2.0,0.36287557063829823,0.09818810597062111,1.0,1.0,1.0,0.14398293197155,0.9866666666666667,0.9866613311991462,1.0,0.17092908918857574,0.8666666666666667,0.8611111111111112,0.8666666666666667,0.13156114518642426
pSERS,400-1800_common,descriptive architecture transfer; poster analyte labels differ from NATO labels,locked_poster,poster_holdout_pSERS,poster_holdout_pSERS,structured_vae,zc48__zn16__chem0__ni0__ns0__cond0__ai0__as0__pair0__xrec0__dep0p001__e500,arpls_minmax,1729,200,75,smooth_baseline,0.5,0.007235884733424826,0.003617942366712413,0.14486633110422031,0.803544950356333,0.009457186927183232,,2.0,0.4391981384077639,0.08850081264972687,1.0,1.0,1.0,0.07520625740289688,0.9866666666666667,0.9866613311991462,1.0,0.05581637844443321,1.0,1.0,1.0,0.0365787073969841
pSERS,400-1800_common,descriptive architecture transfer; poster analyte labels differ from NATO labels,locked_poster,poster_holdout_pSERS,poster_holdout_pSERS,structured_vae,zc48__zn16__chem0__ni0__ns0__cond0__ai0__as0__pair0__xrec0__dep0p001__e500,arpls_minmax,1729,200,75,smooth_baseline,1.0,0.009359826415783059,0.0046799132078915295,0.15259113111967532,0.795929469993209,0.009588951122010449,,2.0,0.45260092510763766,0.0779895237646997,0.9733333333333333,0.9732905982905983,0.9733333333333334,0.20757271349430084,0.9866666666666667,0.9866613311991462,1.0,0.1335689276456833,0.9866666666666667,0.9866613311991465,0.9866666666666667,0.10871586948633194
pSERS,400-1800_common,descriptive architecture transfer; poster analyte labels differ from NATO labels,locked_poster,poster_holdout_pSERS,poster_holdout_pSERS,structured_vae,zc48__zn16__chem0__ni0__ns0__cond0__ai0__as0__pair0__xrec0__dep0p001__e500,arpls_minmax,1729,200,75,smooth_baseline,1.5,0.012435505233261868,0.006217752616630934,0.1648562931435909,0.7619686444169037,0.009741017677745826,,2.0,0.44983187294839433,0.07676456682384014,0.8000000000000002,0.8044516459150607,0.8,0.3182811141014099,0.9466666666666667,0.9463231347289319,0.9333333333333333,0.20480887591838837,1.0,1.0,1.0,0.18927426636219025
pSERS,400-1800_common,descriptive architecture transfer; poster analyte labels differ from NATO labels,locked_poster,poster_holdout_pSERS,poster_holdout_pSERS,structured_vae,zc48__zn16__chem0__ni0__ns0__cond0__ai0__as0__pair0__xrec0__dep0p001__e500,arpls_minmax,1729,200,75,gaussian_noise,0.5,0.006114811199569705,0.0030574055997848524,0.14496770289364413,0.8009491164996614,0.009460483728282964,,2.0,0.32788451686685977,0.09840110316872597,1.0,1.0,1.0,0.00014478445518761873,0.9866666666666667,0.9866613311991462,1.0,0.00013555843906942755,1.0,1.0,1.0,0.00010013103747041896
pSERS,400-1800_common,descriptive architecture transfer; poster analyte labels differ from NATO labels,locked_poster,poster_holdout_pSERS,poster_holdout_pSERS,structured_vae,zc48__zn16__chem0__ni0__ns0__cond0__ai0__as0__pair0__xrec0__dep0p001__e500,arpls_minmax,1729,200,75,gaussian_noise,1.0,0.006140668105730151,0.0030703340528650757,0.1453526902513492,0.8005534432404083,0.009466924186203063,,2.0,0.3340045979733843,0.0956742144189775,1.0,1.0,1.0,0.0007168865413405001,0.9866666666666667,0.9866613311991462,1.0,0.0006694149924442172,1.0,1.0,1.0,0.0004950650618411601
pSERS,400-1800_common,descriptive architecture transfer; poster analyte labels differ from NATO labels,locked_poster,poster_holdout_pSERS,poster_holdout_pSERS,structured_vae,zc48__zn16__chem0__ni0__ns0__cond0__ai0__as0__pair0__xrec0__dep0p001__e500,arpls_minmax,1729,200,75,gaussian_noise,1.5,0.006125612673244017,0.0030628063366220084,0.14495253315400208,0.8002534487645953,0.009459273146798314,,2.0,0.3579735632060782,0.09440943552181125,1.0,1.0,1.0,0.0012163075152784586,0.9866666666666667,0.9866613311991462,1.0,0.0014798339689150453,1.0,1.0,1.0,0.0009907737839967012
pSERS,400-1800_common,descriptive architecture transfer; poster analyte labels differ from NATO labels,locked_poster,poster_holdout_pSERS,poster_holdout_pSERS,structured_vae,zc48__zn16__chem0__ni0__ns0__cond0__ai0__as0__pair0__xrec0__dep0p001__e500,arpls_minmax,1729,200,75,isolated_spikes,0.5,0.006099577500324365,0.0030497887501621827,0.14462674360932987,0.8022087361990452,0.009456563979995138,,2.0,0.33188738525289696,0.09765007114037871,1.0,1.0,1.0,5.866686478839256e-05,0.9866666666666667,0.9866613311991462,1.0,9.901443991111591e-05,1.0,1.0,1.0,5.152861194801517e-05
pSERS,400-1800_common,descriptive architecture transfer; poster analyte labels differ from NATO labels,locked_poster,poster_holdout_pSERS,poster_holdout_pSERS,structured_vae,zc48__zn16__chem0__ni0__ns0__cond0__ai0__as0__pair0__xrec0__dep0p001__e500,arpls_minmax,1729,200,75,isolated_spikes,1.0,0.006118634552469161,0.0030593172762345805,0.1445645673447175,0.8017412939613852,0.009455983487796317,,2.0,0.3376596186615978,0.09766988316550851,1.0,1.0,1.0,0.00045885005965828896,0.9866666666666667,0.9866613311991462,1.0,0.0007182781118899584,1.0,1.0,1.0,0.00035613536601886153
pSERS,400-1800_common,descriptive architecture transfer; poster analyte labels differ from NATO labels,locked_poster,poster_holdout_pSERS,poster_holdout_pSERS,structured_vae,zc48__zn16__chem0__ni0__ns0__cond0__ai0__as0__pair0__xrec0__dep0p001__e500,arpls_minmax,1729,200,75,isolated_spikes,1.5,0.006112641505769299,0.0030563207528846495,0.1446090004062549,0.8024630988576044,0.009455659658590698,,2.0,0.3316134048332861,0.10024688439443707,1.0,1.0,1.0,0.0008796723559498787,0.9866666666666667,0.9866613311991462,1.0,0.0007858045864850283,1.0,1.0,1.0,0.0005782755324617028
pSERS,400-1800_common,descriptive architecture transfer; poster analyte labels differ from NATO labels,locked_poster,poster_holdout_pSERS,poster_holdout_pSERS,structured_vae,zc48__zn16__chem0__ni0__ns0__cond0__ai0__as0__pair0__xrec0__dep0p001__e500,arpls_minmax,1729,200,75,edge_filled_shift,0.5,0.006139718135880131,0.0030698590679400653,0.14521662270712338,0.7990895065621386,0.009452016616853541,,2.0,0.3434112196028918,0.09220064431428909,1.0,1.0,1.0,0.0032960947137326,0.9866666666666667,0.9866613311991462,1.0,0.0027892072685062885,0.9866666666666667,0.9866613311991465,0.9866666666666667,0.002821855479851365
pSERS,400-1800_common,descriptive architecture transfer; poster analyte labels differ from NATO labels,locked_poster,poster_holdout_pSERS,poster_holdout_pSERS,structured_vae,zc48__zn16__chem0__ni0__ns0__cond0__ai0__as0__pair0__xrec0__dep0p001__e500,arpls_minmax,1729,200,75,edge_filled_shift,1.0,0.0061579259343019195,0.0030789629671509598,0.14622327608058075,0.7959703932105137,0.009470343880730384,,2.0,0.37810743249386725,0.09274721145629883,1.0,1.0,1.0,0.007977723143994808,0.9866666666666667,0.9866613311991462,1.0,0.004696072079241276,0.9733333333333333,0.9732905982905984,0.9733333333333334,0.005519426893442869
pSERS,400-1800_common,descriptive architecture transfer; poster analyte labels differ from NATO labels,locked_poster,poster_holdout_pSERS,poster_holdout_pSERS,structured_vae,zc48__zn16__chem0__ni0__ns0__cond0__ai0__as0__pair0__xrec0__dep0p001__e500,arpls_minmax,1729,200,75,edge_filled_shift,1.5,0.006162042758266105,0.0030810213791330524,0.14611408084058197,0.7990895065621386,0.009461779734900588,,2.0,0.33836257704097994,0.10026590013876557,1.0,1.0,1.0,0.012261181138455868,0.9866666666666667,0.9866613311991462,1.0,0.008168390952050686,0.8933333333333334,0.8905309250136836,0.8933333333333333,0.009460094384849072
pSERS,400-1800_common,descriptive architecture transfer; poster analyte labels differ from NATO labels,locked_poster,poster_holdout_pSERS,poster_holdout_pSERS,structured_vae,zc48__zn16__chem0__ni0__ns0__cond0__ai0__as0__pair0__xrec0__dep0p001__e500,arpls_minmax,1729,200,75,gaussian_broadening,0.5,0.006091415781711782,0.003045707890855891,0.14468405577188187,0.8004906628105839,0.00945521470989084,,2.0,0.32759073538094585,0.09833139879629016,1.0,1.0,1.0,2.102851794916205e-06,0.9866666666666667,0.9866613311991462,1.0,1.8564860511105508e-06,1.0,1.0,1.0,1.7396608882336295e-06
pSERS,400-1800_common,descriptive architecture transfer; poster analyte labels differ from NATO labels,locked_poster,poster_holdout_pSERS,poster_holdout_pSERS,structured_vae,zc48__zn16__chem0__ni0__ns0__cond0__ai0__as0__pair0__xrec0__dep0p001__e500,arpls_minmax,1729,200,75,gaussian_broadening,1.0,0.00609216144041607,0.003046080720208035,0.14479529390670132,0.7994346452915947,0.00945294414770684,,2.0,0.3305236392244429,0.10034761903807521,1.0,1.0,1.0,4.540284498943947e-05,0.9866666666666667,0.9866613311991462,1.0,3.644228127086535e-05,1.0,1.0,1.0,3.5049120924668387e-05
pSERS,400-1800_common,descriptive architecture transfer; poster analyte labels differ from NATO labels,locked_poster,poster_holdout_pSERS,poster_holdout_pSERS,structured_vae,zc48__zn16__chem0__ni0__ns0__cond0__ai0__as0__pair0__xrec0__dep0p001__e500,arpls_minmax,1729,200,75,gaussian_broadening,1.5,0.006096933341283393,0.0030484666706416964,0.14500116492380224,0.7976718452226221,0.009450451159345574,,2.0,0.335405680888072,0.10058498801663518,1.0,1.0,1.0,0.00022426684154197574,0.9866666666666667,0.9866613311991462,1.0,0.0001664336450630799,1.0,1.0,1.0,0.0001636656088521704
pSERS,400-1800_common,descriptive architecture transfer; poster analyte labels differ from NATO labels,locked_poster,poster_holdout_pSERS,poster_holdout_pSERS,structured_vae,zc48__zn16__chem0__ni0__ns0__cond0__ai0__as0__pair0__xrec0__dep0p001__e500,arpls_minmax,1729,200,75,composite,0.5,0.008270188982472547,0.004135094491236274,0.14966191087834846,0.8014760434748079,0.009509751057338488,,2.0,0.420631143275095,0.08926954958587885,1.0,1.0,1.0,0.09982717782258987,0.9866666666666667,0.9866613311991462,1.0,0.08366122096776962,0.9333333333333332,0.9326599326599326,0.9333333333333333,0.05852784961462021
pSERS,400-1800_common,descriptive architecture transfer; poster analyte labels differ from NATO labels,locked_poster,poster_holdout_pSERS,poster_holdout_pSERS,structured_vae,zc48__zn16__chem0__ni0__ns0__cond0__ai0__as0__pair0__xrec0__dep0p001__e500,arpls_minmax,1729,200,75,composite,1.0,0.012654359272001864,0.006327179636000932,0.16217615827307685,0.7852110194691586,0.009749993243154382,,2.0,0.428966869110818,0.08346784114837646,0.9066666666666666,0.9088022244943225,0.9066666666666666,0.20281600952148438,0.96,0.9598554797270173,0.9733333333333334,0.18816439807415009,0.8666666666666667,0.8611111111111112,0.8666666666666667,0.15011240541934967
pSERS,400-1800_common,descriptive architecture transfer; poster analyte labels differ from NATO labels,locked_poster,poster_holdout_pSERS,poster_holdout_pSERS,structured_vae,zc48__zn16__chem0__ni0__ns0__cond0__ai0__as0__pair0__xrec0__dep0p001__e500,arpls_minmax,1729,200,75,composite,1.5,0.020927539626801536,0.010463769813400768,0.18528114593470296,0.7403596685834528,0.010274999332419663,,2.0,0.4441746029636357,0.09541409090161324,0.64,0.6322370440017498,0.64,0.3176114559173584,0.7999999999999999,0.7920709170709171,0.8133333333333334,0.36721187829971313,0.7066666666666667,0.6816626409017713,0.7066666666666667,0.2974447011947632
pSERS,400-1800_common,descriptive architecture transfer; poster analyte labels differ from NATO labels,locked_poster,poster_holdout_pSERS,poster_holdout_pSERS,structured_vae,zc48__zn16__chem0__ni0__ns0__cond0__ai0__as0__pair0__xrec0__dep0p001__e500,minimal_minmax,1729,200,75,scale_offset,0.5,0.007839268366693722,0.003919634183346861,0.10745182227871626,0.8253827044818537,0.006534987815687781,,2.0,0.4706837085064272,0.15727534890174866,0.9466666666666667,0.9463231347289319,0.9466666666666667,0.0229214895516634,0.6933333333333334,0.6235780697255427,1.0,0.049797240644693375,1.0,1.0,1.0,0.023714300245046616
pSERS,400-1800_common,descriptive architecture transfer; poster analyte labels differ from NATO labels,locked_poster,poster_holdout_pSERS,poster_holdout_pSERS,structured_vae,zc48__zn16__chem0__ni0__ns0__cond0__ai0__as0__pair0__xrec0__dep0p001__e500,minimal_minmax,1729,200,75,scale_offset,1.0,0.011051669254996547,0.005525834627498273,0.10895418564095696,0.8495717919344145,0.0065051151979893425,,2.0,0.476003027620825,0.12061682343482971,0.9466666666666667,0.9463231347289319,0.9466666666666667,0.06475739181041718,0.7466666666666666,0.7309727309727311,0.8666666666666667,0.118437260389328,0.9866666666666667,0.9866613311991465,0.9866666666666667,0.06543543934822083
pSERS,400-1800_common,descriptive architecture transfer; poster analyte labels differ from NATO labels,locked_poster,poster_holdout_pSERS,poster_holdout_pSERS,structured_vae,zc48__zn16__chem0__ni0__ns0__cond0__ai0__as0__pair0__xrec0__dep0p001__e500,minimal_minmax,1729,200,75,scale_offset,1.5,0.01490740098685546,0.00745370049342773,0.11839064659235565,0.8425127702686149,0.006575849766044329,,2.0,0.43223106647737985,0.14240765571594238,0.7866666666666666,0.7513541247602222,0.7866666666666666,0.07861479371786118,0.6,0.5525600835945664,0.7733333333333333,0.21978190541267395,0.8666666666666667,0.8562610229276896,0.8666666666666667,0.08395195007324219
pSERS,400-1800_common,descriptive architecture transfer; poster analyte labels differ from NATO labels,locked_poster,poster_holdout_pSERS,poster_holdout_pSERS,structured_vae,zc48__zn16__chem0__ni0__ns0__cond0__ai0__as0__pair0__xrec0__dep0p001__e500,minimal_minmax,1729,200,75,smooth_baseline,0.5,0.00771957153547891,0.003859785767739455,0.10341677938528336,0.8453503783329777,0.00643800853538241,,2.0,0.4894872423582399,0.16501912474632263,1.0,1.0,1.0,0.019502460956573486,0.68,0.6221057063033412,0.96,0.055195402354002,1.0,1.0,1.0,0.019910022616386414
pSERS,400-1800_common,descriptive architecture transfer; poster analyte labels differ from NATO labels,locked_poster,poster_holdout_pSERS,poster_holdout_pSERS,structured_vae,zc48__zn16__chem0__ni0__ns0__cond0__ai0__as0__pair0__xrec0__dep0p001__e500,minimal_minmax,1729,200,75,smooth_baseline,1.0,0.012042139958719819,0.0060210699793599096,0.10799965313867724,0.8494702098485271,0.0064649556498654415,,2.0,0.4472307843454205,0.14699327293783426,1.0,1.0,1.0,0.07998260110616684,0.5199999999999999,0.4747474747474747,0.7466666666666667,0.1325889527797699,1.0,1.0,1.0,0.07931515574455261
pSERS,400-1800_common,descriptive architecture transfer; poster analyte labels differ from NATO labels,locked_poster,poster_holdout_pSERS,poster_holdout_pSERS,structured_vae,zc48__zn16__chem0__ni0__ns0__cond0__ai0__as0__pair0__xrec0__dep0p001__e500,minimal_minmax,1729,200,75,smooth_baseline,1.5,0.019431806627746066,0.009715903313873033,0.11965385005679634,0.7890867192062103,0.006558866041255256,,2.0,0.4738649390891624,0.13636210188269615,1.0,1.0,1.0,0.15988761186599731,0.5066666666666666,0.4535701846046674,0.76,0.21338920295238495,1.0,1.0,1.0,0.16084028780460358
pSERS,400-1800_common,descriptive architecture transfer; poster analyte labels differ from NATO labels,locked_poster,poster_holdout_pSERS,poster_holdout_pSERS,structured_vae,zc48__zn16__chem0__ni0__ns0__cond0__ai0__as0__pair0__xrec0__dep0p001__e500,minimal_minmax,1729,200,75,gaussian_noise,0.5,0.006053623068503455,0.0030268115342517274,0.10362392272732887,0.8216347095677926,0.006473786578068671,,2.0,0.47414672713742084,0.1696200668811798,1.0,1.0,1.0,6.574313010787591e-05,0.6933333333333334,0.6235780697255427,1.0,0.000222197370021604,1.0,1.0,1.0,6.819725240347907e-05
pSERS,400-1800_common,descriptive architecture transfer; poster analyte labels differ from NATO labels,locked_poster,poster_holdout_pSERS,poster_holdout_pSERS,structured_vae,zc48__zn16__chem0__ni0__ns0__cond0__ai0__as0__pair0__xrec0__dep0p001__e500,minimal_minmax,1729,200,75,gaussian_noise,1.0,0.0060345518339610625,0.0030172759169805313,0.10323038138994255,0.8219859039713254,0.006473508034024106,,2.0,0.5019673548832684,0.16299227438867092,1.0,1.0,1.0,0.0003111084224656224,0.7066666666666667,0.6473228371808494,0.9866666666666667,0.0009419965790584683,1.0,1.0,1.0,0.0003231136070098728
pSERS,400-1800_common,descriptive architecture transfer; poster analyte labels differ from NATO labels,locked_poster,poster_holdout_pSERS,poster_holdout_pSERS,structured_vae,zc48__zn16__chem0__ni0__ns0__cond0__ai0__as0__pair0__xrec0__dep0p001__e500,minimal_minmax,1729,200,75,gaussian_noise,1.5,0.006058841543438703,0.0030294207717193513,0.10293645570176463,0.8219137662016639,0.006468787339399154,,2.0,0.48121631369616524,0.1868178118020296,1.0,1.0,1.0,0.0007168801384977996,0.7066666666666667,0.6473228371808494,0.9866666666666667,0.0026588893961161375,1.0,1.0,1.0,0.0007462906651198864
pSERS,400-1800_common,descriptive architecture transfer; poster analyte labels differ from NATO labels,locked_poster,poster_holdout_pSERS,poster_holdout_pSERS,structured_vae,zc48__zn16__chem0__ni0__ns0__cond0__ai0__as0__pair0__xrec0__dep0p001__e500,minimal_minmax,1729,200,75,isolated_spikes,0.5,0.00607593629039326,0.00303796814519663,0.10377522920438743,0.8211783581962664,0.006472285865449728,,2.0,0.5027676162432453,0.1620810255408287,1.0,1.0,1.0,2.5891462428262457e-05,0.7066666666666667,0.6473228371808494,0.9866666666666667,7.568438741145656e-05,1.0,1.0,1.0,2.6105244614882395e-05
pSERS,400-1800_common,descriptive architecture transfer; poster analyte labels differ from NATO labels,locked_poster,poster_holdout_pSERS,poster_holdout_pSERS,structured_vae,zc48__zn16__chem0__ni0__ns0__cond0__ai0__as0__pair0__xrec0__dep0p001__e500,minimal_minmax,1729,200,75,isolated_spikes,1.0,0.00608235089406061,0.003041175447030305,0.10373508009722622,0.8199202939155876,0.0064716407351180566,,2.0,0.5187628947918167,0.16373115219175816,1.0,1.0,1.0,0.00016429742390755564,0.7066666666666667,0.6473228371808494,0.9866666666666667,0.00044488668208941817,1.0,1.0,1.0,0.00016446907829958946
pSERS,400-1800_common,descriptive architecture transfer; poster analyte labels differ from NATO labels,locked_poster,poster_holdout_pSERS,poster_holdout_pSERS,structured_vae,zc48__zn16__chem0__ni0__ns0__cond0__ai0__as0__pair0__xrec0__dep0p001__e500,minimal_minmax,1729,200,75,isolated_spikes,1.5,0.006103360653997378,0.003051680326998689,0.10380893833913893,0.8211562052279171,0.006470962683207472,,2.0,0.5032748902770102,0.15951407700777054,1.0,1.0,1.0,0.0002783839008770883,0.7200000000000001,0.6697925547030407,0.9733333333333334,0.0014705975772812963,1.0,1.0,1.0,0.0002877871156670153
pSERS,400-1800_common,descriptive architecture transfer; poster analyte labels differ from NATO labels,locked_poster,poster_holdout_pSERS,poster_holdout_pSERS,structured_vae,zc48__zn16__chem0__ni0__ns0__cond0__ai0__as0__pair0__xrec0__dep0p001__e500,minimal_minmax,1729,200,75,edge_filled_shift,0.5,0.006143618836172345,0.0030718094180861725,0.10452494853683998,0.8185930778987071,0.006490301356232487,,2.0,0.5296770695536998,0.15418973937630653,1.0,1.0,1.0,0.00038722436875104904,0.7200000000000001,0.6600291403593977,0.9466666666666667,0.001068886136636138,1.0,1.0,1.0,0.0003856428375001997
pSERS,400-1800_common,descriptive architecture transfer; poster analyte labels differ from NATO labels,locked_poster,poster_holdout_pSERS,poster_holdout_pSERS,structured_vae,zc48__zn16__chem0__ni0__ns0__cond0__ai0__as0__pair0__xrec0__dep0p001__e500,minimal_minmax,1729,200,75,edge_filled_shift,1.0,0.006141889567042645,0.0030709447835213224,0.10443112011406942,0.8215505707025231,0.006489199833392992,,2.0,0.5020785324792347,0.16977569460868835,0.9866666666666667,0.9866613311991465,0.9866666666666667,0.0006476505659520626,0.7200000000000001,0.6697925547030407,0.9733333333333334,0.0012754877097904682,1.0,1.0,1.0,0.000638622441329062
pSERS,400-1800_common,descriptive architecture transfer; poster analyte labels differ from NATO labels,locked_poster,poster_holdout_pSERS,poster_holdout_pSERS,structured_vae,zc48__zn16__chem0__ni0__ns0__cond0__ai0__as0__pair0__xrec0__dep0p001__e500,minimal_minmax,1729,200,75,edge_filled_shift,1.5,0.006201516015101897,0.0031007580075509485,0.10539350068124229,0.8190447202461655,0.006505751016539372,,2.0,0.5016844000310664,0.17011451721191406,0.9466666666666667,0.9463231347289319,0.9466666666666667,0.0014710203977301717,0.7066666666666667,0.6473228371808494,0.9866666666666667,0.0033401004038751125,1.0,1.0,1.0,0.0014836534392088652
pSERS,400-1800_common,descriptive architecture transfer; poster analyte labels differ from NATO labels,locked_poster,poster_holdout_pSERS,poster_holdout_pSERS,structured_vae,zc48__zn16__chem0__ni0__ns0__cond0__ai0__as0__pair0__xrec0__dep0p001__e500,minimal_minmax,1729,200,75,gaussian_broadening,0.5,0.006083258857596366,0.003041629428798183,0.10392848864419156,0.8205500935617779,0.006474713830630589,,2.0,0.502760714225484,0.16419817321002483,1.0,1.0,1.0,6.88234990775527e-07,0.7066666666666667,0.6362433862433862,0.9866666666666667,2.536773763495148e-06,1.0,1.0,1.0,7.669131036891486e-07
pSERS,400-1800_common,descriptive architecture transfer; poster analyte labels differ from NATO labels,locked_poster,poster_holdout_pSERS,poster_holdout_pSERS,structured_vae,zc48__zn16__chem0__ni0__ns0__cond0__ai0__as0__pair0__xrec0__dep0p001__e500,minimal_minmax,1729,200,75,gaussian_broadening,1.0,0.006102440329903417,0.0030512201649517084,0.10419950018645308,0.820647673005097,0.006480275717686579,,2.0,0.5027878972235619,0.1661259811371565,1.0,1.0,1.0,1.262903242604807e-05,0.7066666666666667,0.6362433862433862,0.9866666666666667,4.580736276693642e-05,1.0,1.0,1.0,1.4443397958530113e-05
pSERS,400-1800_common,descriptive architecture transfer; poster analyte labels differ from NATO labels,locked_poster,poster_holdout_pSERS,poster_holdout_pSERS,structured_vae,zc48__zn16__chem0__ni0__ns0__cond0__ai0__as0__pair0__xrec0__dep0p001__e500,minimal_minmax,1729,200,75,gaussian_broadening,1.5,0.006129440110619619,0.0030647200553098096,0.10459428531279544,0.8207707734132231,0.006488929824006239,,2.0,0.4860863939855759,0.1731777312234044,1.0,1.0,1.0,5.723556023440324e-05,0.6933333333333334,0.6110265516658211,0.9733333333333334,0.00020649512589443475,1.0,1.0,1.0,6.591161218238994e-05
pSERS,400-1800_common,descriptive architecture transfer; poster analyte labels differ from NATO labels,locked_poster,poster_holdout_pSERS,poster_holdout_pSERS,structured_vae,zc48__zn16__chem0__ni0__ns0__cond0__ai0__as0__pair0__xrec0__dep0p001__e500,minimal_minmax,1729,200,75,composite,0.5,0.009697210673704215,0.004848605336852108,0.1066855404924712,0.8411420092158769,0.006465165456227121,,2.0,0.44396571757647013,0.15985905192792416,0.9733333333333333,0.9732905982905984,0.9733333333333334,0.04431028291583061,0.7066666666666667,0.6732253086419754,0.9066666666666666,0.0766858384013176,1.0,1.0,1.0,0.04390852525830269
pSERS,400-1800_common,descriptive architecture transfer; poster analyte labels differ from NATO labels,locked_poster,poster_holdout_pSERS,poster_holdout_pSERS,structured_vae,zc48__zn16__chem0__ni0__ns0__cond0__ai0__as0__pair0__xrec0__dep0p001__e500,minimal_minmax,1729,200,75,composite,1.0,0.01801224463948891,0.009006122319744455,0.11409792803085712,0.8232528752916434,0.006625213289724446,,2.0,0.41340450460246103,0.1246887594461441,0.8666666666666667,0.8578691423519009,0.8666666666666667,0.134660542011261,0.52,0.48035257953409144,0.72,0.21567240357398987,1.0,1.0,1.0,0.13539108633995056
pSERS,400-1800_common,descriptive architecture transfer; poster analyte labels differ from NATO labels,locked_poster,poster_holdout_pSERS,poster_holdout_pSERS,structured_vae,zc48__zn16__chem0__ni0__ns0__cond0__ai0__as0__pair0__xrec0__dep0p001__e500,minimal_minmax,1729,200,75,composite,1.5,0.03101222398467216,0.01550611199233608,0.12681981962067532,0.7502772146192229,0.006778984380106115,,2.0,0.4561890295997434,0.15148013457655907,0.8133333333333334,0.7913931562245823,0.8133333333333334,0.2526974081993103,0.5466666666666666,0.4953475643130815,0.7466666666666667,0.29437896609306335,0.9199999999999999,0.9170335837002503,0.92,0.25499841570854187
