scanname Scan056
timestamp 2024-03-06 21:37:51
ccdbias 990.067871
ccdgain 4.313516
sigmaread 9.885917
laserwavenum -0.072894
wavenumcorrection -0.926017
scancount 12
totalexposurems 4354
singleexposurems 389
measurementstate Unknown
scanmode Auto
snr 968.376099 32.124020 5.040918
replacelist 0
peaks 49
274.313660 2.506675 0.000000 0.359035 0.000141
320.319519 2.670269 0.000000 0.784334 0.000342
358.030518 2.705541 0.000000 1.424607 0.000479
386.627625 2.691036 0.000000 1.119349 0.000427
516.353027 2.576420 0.000000 0.232517 0.000151
622.512451 2.680634 0.000000 1.269053 0.000542
661.545654 2.679773 0.000000 0.241105 0.000076
755.477478 2.740440 0.000000 0.244863 0.000120
762.602478 2.742007 0.000000 0.375748 0.000051
772.851990 2.761212 0.000000 0.883379 0.000515
845.086121 2.850863 0.000000 1.167834 0.000418
925.744629 2.979770 0.000000 0.171188 0.000064
933.803162 2.969438 0.000000 0.237988 0.000146
994.763428 3.352075 0.000000 3.541906 0.001681
1005.245239 3.376319 0.000000 2.018068 0.001133
1032.640137 3.546233 0.000000 1.624413 0.000246
1035.420410 3.527132 0.000000 1.756493 0.001080
1117.707153 4.457139 0.000000 0.857216 0.000556
1162.935181 5.234447 0.000000 0.260562 0.000161
1184.398682 5.452976 0.000000 0.524241 0.000228
1260.024170 7.108229 0.000000 1.183027 0.001491
1311.620239 11.364473 0.000000 0.633119 0.000840
1328.610107 11.228116 0.000000 1.610785 0.002399
1340.441650 11.756346 0.000000 3.701882 0.001547
1347.408813 11.697189 0.000000 2.690865 0.003588
1360.071289 12.144268 0.000000 3.249934 0.004278
1365.098267 12.218649 0.000000 3.124248 0.002036
1375.891724 12.352287 0.000000 2.116182 0.003237
1508.964233 11.044462 0.000000 0.798949 0.001284
1532.836548 11.042014 0.000000 1.098881 0.002515
1546.615723 10.823086 0.000000 1.123161 0.001652
1598.748291 10.385921 0.000000 0.364155 0.000643
1617.354614 10.304175 0.000000 0.437370 0.000490
1649.798584 10.133369 0.000000 0.614221 0.000326
1659.691162 10.108128 0.000000 0.552259 0.001249
1689.027710 9.882429 0.000000 0.609950 0.001362
1695.229004 9.903104 0.000000 1.433200 0.000466
1721.589722 9.726296 0.000000 0.168025 0.000156
1734.663452 9.580527 0.000000 0.172216 0.000207
1774.889648 8.853608 0.000000 0.249596 0.000323
1831.723755 8.204745 0.000000 0.239840 0.001091
1842.056885 8.151409 0.000000 0.349377 0.000396
1873.915771 8.013383 0.000000 0.154532 0.000309
1902.406494 7.610628 0.000000 0.428429 0.000632
1943.814331 7.233454 0.000000 0.142999 0.000235
1959.637451 6.853378 0.000000 0.333162 0.000854
1990.943726 6.237041 0.000000 0.198365 0.000734
2356.543213 3.528739 0.000000 0.347042 0.000966
2465.989502 3.483633 0.000000 0.199278 0.001029
finalresult GLS_NoMatch 0
spectrum 2048
-92.749611 1.261138
-90.145462 1.267476
-87.543083 1.593768
-84.942451 1.306206
-82.343575 1.276091
-79.746445 1.243999
-77.151077 1.434550
-74.557457 1.403966
-71.965576 1.416652
-69.375450 1.414451
-66.787064 1.432379
-64.200432 1.450333
-61.615532 1.477429
-59.032375 1.477297
-56.450962 1.456664
-53.871281 1.437414
-51.293339 1.513911
-48.717133 1.607701
-46.142658 1.540738
-43.569912 1.608139
-40.998905 1.239246
-38.429619 59.739582
-35.862064 108.231766
-33.296230 2.413268
-30.732128 1.657050
-28.169743 1.579116
-25.609087 1.579410
-23.050152 1.521792
-20.492926 1.478841
-17.937418 1.475374
-15.383635 1.470111
-12.831564 1.463298
-10.281199 1.458166
-7.732547 1.467229
-5.185611 1.519294
-2.640385 1.546744
-0.096857 1.555757
2.444964 1.557925
4.985075 1.537728
7.523481 1.488794
10.060195 1.104875
12.595209 1.183602
15.128516 1.575319
17.660128 1.656109
20.190048 1.664650
22.718277 1.653196
25.244806 1.667003
27.769640 1.656831
30.292797 1.671982
32.814262 1.699123
35.334045 1.597999
37.852123 1.696558
40.368530 1.775117
42.883255 1.796729
45.396286 1.701875
47.907650 1.734720
50.417339 1.706013
52.925346 1.832880
55.431683 1.707894
57.936325 1.713703
60.439316 1.740192
62.940632 1.808139
65.440262 1.960407
67.938240 1.782127
70.434547 1.702029
72.929199 1.622661
75.422173 1.815947
77.913475 1.601807
80.403130 1.847534
82.891136 1.812090
85.377449 1.883573
87.862129 1.641662
90.345154 1.663830
92.826523 1.727008
95.306229 1.963788
97.784286 1.903082
100.260696 1.852455
102.735474 1.797982
105.208565 1.783262
107.680031 1.966285
110.149857 1.990497
112.618034 1.725768
115.084587 2.019197
117.549469 1.693139
120.012726 1.844772
122.474350 2.022094
124.934334 2.059990
127.392677 2.131226
129.849380 2.242544
132.304474 2.079009
134.757919 1.972724
137.209732 2.058914
139.659927 2.224074
142.108490 2.017916
144.555435 2.130224
147.000748 2.195399
149.444458 2.146457
151.886520 2.152234
154.326965 2.203549
156.765793 2.183431
159.203033 2.227576
161.638611 2.194488
164.072586 2.189053
166.504974 2.185397
168.935730 2.166319
171.364868 2.155321
173.792419 2.154370
176.218353 2.138691
178.642654 2.147011
181.065384 2.147453
183.486511 2.162025
185.906021 2.175234
188.323944 2.191420
190.740250 2.201801
193.154968 2.217422
195.568085 2.236221
197.979614 2.234064
200.389542 2.249837
202.797867 2.244092
205.204620 2.248292
207.609756 2.258089
210.013306 2.272494
212.415298 2.289274
214.815674 2.298459
217.214462 2.294935
219.611725 2.295494
222.007324 2.289770
224.401413 2.284531
226.793869 2.280207
229.184753 2.275398
231.574097 2.279214
233.961838 2.279301
236.348007 2.286342
238.732590 2.291098
241.115616 2.302696
243.497101 2.311688
245.876968 2.313842
248.255264 2.320933
250.632034 2.316718
253.007202 2.328053
255.380814 2.333834
257.752899 2.342716
260.123413 2.355265
262.492340 2.361871
264.859711 2.371032
267.225525 2.390426
269.589813 2.415327
271.952515 2.429199
274.313660 2.437858
276.673279 2.455027
279.031311 2.466908
281.387817 2.477556
283.742737 2.487523
286.096130 2.494986
288.448059 2.506823
290.798340 2.514005
293.147064 2.531859
295.494354 2.539311
297.840027 2.556218
300.184204 2.568809
302.526764 2.584754
304.867859 2.596679
307.207397 2.618304
309.545410 2.632668
311.881897 2.641468
314.216827 2.657823
316.550232 2.668098
318.882111 2.672625
321.212463 2.664236
323.541260 2.668776
325.868561 2.665236
328.194336 2.665123
330.518585 2.662020
332.841339 2.668118
335.162567 2.664797
337.482239 2.665849
339.800385 2.657921
342.117035 2.665807
344.432159 2.666579
346.745789 2.672427
349.057953 2.668064
351.368530 2.686000
353.677612 2.691244
355.985199 2.701346
358.291260 2.709794
360.595825 2.706116
362.898926 2.690771
365.200409 2.694350
367.500488 2.687016
369.799042 2.679104
372.096069 2.683432
374.391693 2.679319
376.685699 2.678108
378.978271 2.683684
381.269348 2.694557
383.558899 2.689734
385.846985 2.686579
388.133514 2.688851
390.418671 2.687850
392.702271 2.674783
394.984375 2.662780
397.264954 2.641286
399.544128 2.633991
401.821808 2.628233
404.097992 2.618631
406.372681 2.605914
408.645905 2.603802
410.917603 2.595456
413.187836 2.581485
415.456665 2.576326
417.723907 2.566632
419.989746 2.567369
422.254150 2.564497
424.516968 2.562537
426.778412 2.555621
429.038330 2.556111
431.296783 2.563720
433.553833 2.561927
435.809357 2.557502
438.063477 2.565343
440.316040 2.560915
442.567200 2.564043
444.816925 2.560250
447.065094 2.560956
449.311859 2.559939
451.557190 2.554297
453.800995 2.550512
456.043427 2.555399
458.284363 2.549659
460.523804 2.547660
462.761841 2.547226
464.998474 2.553562
467.233643 2.553287
469.467255 2.552219
471.699554 2.532727
473.930328 2.536496
476.159607 2.532776
478.387604 2.530299
480.614044 2.534873
482.839020 2.530142
485.062714 2.530151
487.284790 2.537535
489.505432 2.529715
491.724792 2.541472
493.942596 2.534205
496.158966 2.534516
498.374023 2.537139
500.587524 2.540447
502.799561 2.549548
505.010315 2.557371
507.219513 2.560719
509.427429 2.570591
511.633759 2.574857
513.838684 2.572731
516.042358 2.578843
518.244446 2.575588
520.445068 2.573371
522.644470 2.574925
524.842285 2.571559
527.038635 2.570389
529.233765 2.574711
531.427368 2.570409
533.619446 2.578581
535.810303 2.576929
537.999695 2.594332
540.187561 2.590366
542.374268 2.590590
544.559326 2.594636
546.742981 2.597034
548.925476 2.592782
551.106384 2.594835
553.285828 2.599076
555.463989 2.602273
557.640686 2.604992
559.815918 2.608861
561.989929 2.605878
564.162476 2.603029
566.333496 2.608879
568.503357 2.613861
570.671631 2.602235
572.838501 2.612551
575.004089 2.614438
577.168213 2.621020
579.331116 2.621644
581.492432 2.621551
583.652405 2.618244
585.811035 2.621354
587.968201 2.624080
590.123962 2.626668
592.278503 2.629055
594.431458 2.634699
596.583130 2.634470
598.733521 2.627634
600.882385 2.635917
603.029907 2.634842
605.176086 2.643982
607.320862 2.645103
609.464233 2.642888
611.606445 2.645931
613.746948 2.642281
615.886169 2.652861
618.024231 2.665016
620.160767 2.683232
622.295898 2.681863
624.429749 2.678040
626.562195 2.670830
628.693298 2.672951
630.823059 2.664901
632.951355 2.672399
635.078308 2.677190
637.204041 2.679323
639.328247 2.676574
641.451172 2.675310
643.572815 2.666652
645.692932 2.668564
647.811890 2.670387
649.929321 2.672584
652.045532 2.675373
654.160339 2.673939
656.273743 2.676211
658.385742 2.679569
660.496643 2.678296
662.605957 2.682166
664.714050 2.674272
666.820740 2.680973
668.926086 2.675786
671.030029 2.670849
673.132813 2.676430
675.234070 2.661940
677.334106 2.660032
679.432800 2.662119
681.530029 2.669052
683.625977 2.684480
685.720764 2.683306
687.814026 2.667990
689.905945 2.671183
691.996643 2.668008
694.085938 2.671443
696.173828 2.683112
698.260559 2.687326
700.345947 2.684834
702.429810 2.691666
704.512573 2.687255
706.593994 2.688106
708.673889 2.692496
710.752686 2.690988
712.829956 2.692989
714.906189 2.689757
716.980896 2.699037
719.054260 2.692187
721.126404 2.700615
723.197205 2.695778
725.266602 2.700918
727.334839 2.706536
729.401611 2.703089
731.467163 2.711271
733.531372 2.710052
735.594299 2.707837
737.655823 2.701812
739.716248 2.719075
741.775146 2.719589
743.832764 2.721307
745.889221 2.728740
747.944275 2.736245
749.997986 2.734489
752.050537 2.742700
754.101685 2.739857
756.151428 2.737893
758.200134 2.741524
760.247314 2.735068
762.293213 2.736384
764.338013 2.738264
766.381348 2.741603
768.423401 2.747927
770.464233 2.757831
772.503662 2.760916
774.541870 2.765508
776.578857 2.749147
778.614502 2.745147
780.648865 2.742492
782.681885 2.744849
784.713684 2.749376
786.744202 2.748886
788.773315 2.751684
790.801208 2.752016
792.827942 2.752089
794.853210 2.743110
796.877319 2.743018
798.900146 2.742284
800.921570 2.745914
802.941833 2.738644
804.960876 2.749964
806.978577 2.757088
808.994873 2.766335
811.009949 2.768022
813.023926 2.757536
815.036560 2.773830
817.047791 2.769197
819.057983 2.770526
821.066772 2.781419
823.074341 2.784667
825.080566 2.785436
827.085510 2.792665
829.089355 2.787437
831.091797 2.797321
833.092957 2.814212
835.092957 2.824015
837.091614 2.821636
839.089050 2.834837
841.085327 2.847628
843.080139 2.853177
845.073730 2.852556
847.066284 2.848044
849.057373 2.836500
851.047241 2.834432
853.035950 2.829279
855.023315 2.832525
857.009338 2.830579
858.994385 2.828592
860.977966 2.827900
862.960388 2.837765
864.941589 2.836839
866.921509 2.845608
868.900024 2.849760
870.877625 2.854202
872.853760 2.850734
874.828613 2.850546
876.802490 2.849281
878.774902 2.857112
880.746033 2.849477
882.716125 2.862630
884.684814 2.863911
886.652283 2.866290
888.618652 2.862655
890.583618 2.870828
892.547546 2.879982
894.510132 2.882945
896.471436 2.887427
898.431641 2.894450
900.390503 2.893394
902.348145 2.899150
904.304626 2.896733
906.259766 2.910973
908.213684 2.914586
910.166565 2.918668
912.118103 2.915352
914.068359 2.921062
916.017456 2.923085
917.965393 2.931036
919.911987 2.945270
921.857544 2.947900
923.801697 2.951974
925.744629 2.961536
927.686523 2.965480
929.627075 2.967323
931.566406 2.964135
933.504578 2.972260
935.441528 2.968917
937.377258 2.972569
939.311768 2.985042
941.245056 2.988692
943.177124 2.997984
945.108032 3.004741
947.037720 3.011885
948.966370 3.013842
950.893555 3.027663
952.819580 3.025056
954.744568 3.041157
956.668213 3.039819
958.590576 3.057490
960.511902 3.061279
962.431946 3.078886
964.350769 3.087189
966.268555 3.097928
968.184998 3.111332
970.100159 3.109588
972.014343 3.124033
973.927246 3.139449
975.838928 3.151518
977.749512 3.178881
979.658752 3.196623
981.566833 3.212831
983.473877 3.227324
985.379578 3.241621
987.284119 3.261536
989.187622 3.290609
991.089722 3.331910
992.990662 3.355144
994.890625 3.351171
996.789185 3.336700
998.686646 3.330361
1000.583008 3.349189
1002.478088 3.361864
1004.372009 3.380168
1006.264893 3.379404
1008.156311 3.363193
1010.046692 3.350297
1011.935913 3.355442
1013.823975 3.347606
1015.710876 3.361708
1017.596619 3.368281
1019.481079 3.390439
1021.364502 3.392312
1023.246704 3.407563
1025.127563 3.420016
1027.007446 3.450239
1028.886230 3.482238
1030.763672 3.500739
1032.640137 3.523426
1034.515259 3.524906
1036.389160 3.523452
1038.262207 3.519996
1040.133789 3.528044
1042.004395 3.528614
1043.873779 3.544731
1045.741943 3.558759
1047.608887 3.571252
1049.474854 3.585063
1051.339600 3.598097
1053.203125 3.614726
1055.065552 3.632294
1056.927002 3.642693
1058.786987 3.663331
1060.646118 3.682809
1062.503662 3.701508
1064.360474 3.720571
1066.215942 3.755610
1068.070313 3.776983
1069.923706 3.787160
1071.775757 3.805895
1073.626587 3.832026
1075.476440 3.846470
1077.325073 3.869936
1079.172485 3.885990
1081.018799 3.911709
1082.864136 3.941570
1084.708130 3.963292
1086.551147 3.997051
1088.392822 4.014936
1090.233521 4.040023
1092.072998 4.064576
1093.911377 4.091673
1095.748657 4.109812
1097.584717 4.137540
1099.419678 4.161934
1101.253418 4.185291
1103.086304 4.203534
1104.917725 4.232172
1106.748169 4.258252
1108.577637 4.281393
1110.405640 4.299715
1112.232666 4.335699
1114.058716 4.349121
1115.883301 4.387488
1117.707153 4.406728
1119.529785 4.425965
1121.351074 4.440990
1123.171265 4.444171
1124.990723 4.454253
1126.808594 4.483896
1128.625488 4.504437
1130.441284 4.521964
1132.256104 4.539480
1134.069702 4.567371
1135.882080 4.580143
1137.693359 4.625703
1139.503662 4.646429
1141.312744 4.679012
1143.120728 4.715513
1144.927612 4.737729
1146.733276 4.753923
1148.537964 4.776423
1150.341553 4.804676
1152.143921 4.825448
1153.945313 4.852582
1155.745483 4.886269
1157.544678 4.906382
1159.342651 4.926356
1161.139526 4.965037
1162.935181 4.976750
1164.729980 5.011362
1166.523560 5.030998
1168.315918 5.037843
1170.107300 5.059958
1171.897705 5.088064
1173.686768 5.100396
1175.474854 5.119852
1177.261841 5.165257
1179.047607 5.190299
1180.832397 5.225329
1182.616089 5.239565
1184.398682 5.266966
1186.180298 5.284235
1187.960693 5.309984
1189.739868 5.325942
1191.518188 5.343477
1193.295410 5.357419
1195.071167 5.388151
1196.846313 5.419101
1198.619995 5.439263
1200.392822 5.462673
1202.164551 5.504531
1203.935059 5.521185
1205.704590 5.552404
1207.473022 5.573980
1209.240234 5.604928
1211.006470 5.639313
1212.771729 5.661896
1214.535767 5.688992
1216.298706 5.715860
1218.060547 5.738364
1219.821289 5.769336
1221.581177 5.789549
1223.339844 5.823825
1225.097412 5.848019
1226.854004 5.876906
1228.609375 5.895730
1230.363770 5.941282
1232.117065 5.989287
1233.869385 6.052762
1235.620361 6.095482
1237.370483 6.138591
1239.119507 6.182821
1240.867554 6.214974
1242.614258 6.266933
1244.360107 6.318405
1246.104858 6.382423
1247.848511 6.444329
1249.591064 6.504345
1251.332520 6.575196
1253.073120 6.645526
1254.812500 6.727445
1256.550781 6.812154
1258.288208 6.877172
1260.024170 6.933369
1261.759277 6.985144
1263.493408 7.035136
1265.226440 7.060913
1266.958496 7.098759
1268.689453 7.135602
1270.419312 7.191655
1272.147949 7.280392
1273.875854 7.363250
1275.602417 7.448637
1277.327881 7.519853
1279.052612 7.621472
1280.776123 7.701057
1282.498657 7.796988
1284.219971 7.882108
1285.940308 7.985294
1287.659668 8.094111
1289.378052 8.179592
1291.095215 8.298804
1292.811279 8.398982
1294.526489 8.523883
1296.240723 8.633921
1297.953735 8.745409
1299.665527 8.886057
1301.376343 8.992810
1303.086426 9.133883
1304.795288 9.270700
1306.502930 9.396337
1308.209839 9.529052
1309.915405 9.674693
1311.620239 9.810538
1313.323853 9.919917
1315.026611 10.033497
1316.728027 10.135234
1318.428711 10.258212
1320.128174 10.376092
1321.826538 10.479075
1323.524048 10.568078
1325.220337 10.693348
1326.915771 10.806680
1328.610107 10.925900
1330.303467 10.995391
1331.995728 11.053728
1333.687012 11.137793
1335.377075 11.244552
1337.066162 11.331483
1338.754517 11.430722
1340.441650 11.515821
1342.127563 11.602625
1343.812744 11.653725
1345.496826 11.679756
1347.179810 11.696972
1348.861816 11.690404
1350.542725 11.750852
1352.222656 11.882390
1353.901733 11.989233
1355.579590 12.063688
1357.256470 12.105500
1358.932373 12.122076
1360.607178 12.154427
1362.281128 12.182981
1363.953979 12.217676
1365.625610 12.237735
1367.296631 12.281043
1368.966187 12.316243
1370.635010 12.310875
1372.302734 12.347200
1373.969482 12.347920
1375.635254 12.343745
1377.299927 12.330846
1378.963501 12.340907
1380.626343 12.281705
1382.287964 12.214590
1383.948608 12.142060
1385.608154 12.069434
1387.266968 12.005709
1388.924561 11.903434
1390.581177 11.887304
1392.236938 11.804366
1393.891479 11.729967
1395.545044 11.688456
1397.197754 11.658085
1398.849243 11.575390
1400.499878 11.540236
1402.149536 11.480380
1403.798096 11.450311
1405.445801 11.398533
1407.092529 11.366236
1408.738037 11.323952
1410.382690 11.279048
1412.026367 11.250776
1413.668945 11.242284
1415.310547 11.214034
1416.951172 11.132845
1418.590942 11.140555
1420.229614 11.101365
1421.867065 11.080151
1423.503906 11.034583
1425.139404 11.018846
1426.774048 11.004394
1428.407837 10.960052
1430.040527 10.945464
1431.672363 10.924047
1433.302856 10.909407
1434.932861 10.910055
1436.561523 10.895301
1438.189209 10.891812
1439.816040 10.880784
1441.441772 10.878788
1443.066528 10.860674
1444.690430 10.868087
1446.313354 10.836350
1447.935059 10.870980
1449.556030 10.851221
1451.176025 10.832487
1452.794800 10.828975
1454.412842 10.800499
1456.029785 10.785323
1457.645752 10.821939
1459.260864 10.809873
1460.874634 10.813426
1462.487793 10.794320
1464.099976 10.834805
1465.711060 10.848958
1467.321289 10.847417
1468.930298 10.837306
1470.538452 10.856112
1472.145752 10.852998
1473.751953 10.880176
1475.357178 10.884652
1476.961426 10.889132
1478.564819 10.862694
1480.167114 10.875258
1481.768555 10.880254
1483.369141 10.902476
1484.968506 10.901581
1486.567017 10.875242
1488.164429 10.915711
1489.760986 10.907117
1491.356689 10.901827
1492.951294 10.933523
1494.544800 10.960356
1496.137573 10.958123
1497.729492 10.952250
1499.319946 10.959640
1500.910156 10.960861
1502.498779 10.985284
1504.086792 11.019795
1505.673828 11.037531
1507.259644 11.037437
1508.844849 11.044254
1510.428955 11.029475
1512.012085 11.041945
1513.593994 11.016262
1515.175293 11.014150
1516.755737 11.005674
1518.335083 11.021866
1519.913330 10.981484
1521.490723 11.013955
1523.066895 11.001184
1524.642578 10.989944
1526.217285 10.992471
1527.790771 10.991413
1529.363525 11.033856
1530.935059 11.029206
1532.505615 11.052267
1534.075806 11.031049
1535.644653 11.014892
1537.212280 11.008758
1538.779297 10.943296
1540.345459 10.902763
1541.910400 10.861925
1543.474731 10.805990
1545.037842 10.811256
1546.600098 10.837700
1548.161377 10.818182
1549.721680 10.804923
1551.281128 10.775645
1552.839722 10.781857
1554.397217 10.698454
1555.953857 10.689482
1557.509399 10.688050
1559.064087 10.677254
1560.618042 10.671774
1562.171021 10.650082
1563.722900 10.620930
1565.273804 10.592773
1566.823730 10.600259
1568.372925 10.565854
1569.921265 10.564154
1571.468750 10.537079
1573.015015 10.537784
1574.560303 10.516893
1576.104980 10.516232
1577.648193 10.490350
1579.190796 10.472280
1580.732788 10.490072
1582.273193 10.493000
1583.813232 10.471459
1585.351929 10.490117
1586.889893 10.457147
1588.427246 10.454456
1589.963379 10.417710
1591.498535 10.408544
1593.032715 10.442315
1594.565918 10.396910
1596.098511 10.383152
1597.630005 10.374400
1599.160767 10.390769
1600.690186 10.380784
1602.218994 10.400558
1603.746826 10.365200
1605.273682 10.351560
1606.799805 10.338155
1608.324829 10.323094
1609.848999 10.307542
1611.372192 10.288327
1612.894531 10.292900
1614.415894 10.310627
1615.936523 10.298980
1617.456177 10.293612
1618.974609 10.306633
1620.492432 10.292418
1622.009155 10.306908
1623.525024 10.276469
1625.040283 10.276744
1626.554443 10.260810
1628.067383 10.259190
1629.579956 10.230259
1631.091064 10.206243
1632.601685 10.204036
1634.111328 10.177739
1635.619995 10.172409
1637.127563 10.179944
1638.634521 10.159869
1640.140259 10.180311
1641.645630 10.165745
1643.149658 10.153424
1644.652832 10.164396
1646.155273 10.139731
1647.656616 10.138367
1649.156982 10.144083
1650.656860 10.142385
1652.155396 10.135519
1653.653198 10.113179
1655.150146 10.090006
1656.645996 10.099547
1658.141113 10.106954
1659.635498 10.103555
1661.128784 10.102009
1662.621338 10.087508
1664.112793 10.092482
1665.603271 10.078911
1667.093140 10.032404
1668.582153 10.006666
1670.069946 9.993643
1671.557007 9.968755
1673.043213 9.985931
1674.528320 9.944839
1676.012817 9.954990
1677.496460 9.951719
1678.979004 9.931061
1680.460693 9.942634
1681.941528 9.929979
1683.421265 9.899032
1684.900635 9.864066
1686.378784 9.875298
1687.856079 9.874036
1689.332275 9.890483
1690.807861 9.867878
1692.282349 9.873696
1693.756226 9.860670
1695.229004 9.818717
1696.701050 9.804530
1698.171997 9.769427
1699.642212 9.756521
1701.111450 9.719175
1702.580078 9.685077
1704.047485 9.661581
1705.514160 9.631985
1706.979980 9.619018
1708.444824 9.582496
1709.908813 9.581872
1711.372314 9.560468
1712.834473 9.539837
1714.295654 9.514324
1715.756348 9.518432
1717.215942 9.508602
1718.674561 9.489232
1720.132690 9.469973
1721.589722 9.437879
1723.045776 9.408809
1724.501099 9.389384
1725.955322 9.373832
1727.409180 9.351296
1728.861816 9.337565
1730.313477 9.309501
1731.764160 9.293734
1733.214355 9.265591
1734.663452 9.238851
1736.112061 9.223068
1737.559448 9.185248
1739.005981 9.179970
1740.451538 9.139200
1741.896484 9.101767
1743.340332 9.074331
1744.783691 9.055962
1746.225830 9.027062
1747.667114 9.019460
1749.107666 8.993518
1750.547241 8.984455
1751.986084 8.967576
1753.424194 8.950308
1754.861084 8.920145
1756.297363 8.912148
1757.732788 8.881479
1759.167114 8.876751
1760.600586 8.868423
1762.033569 8.857354
1763.465454 8.832391
1764.896484 8.815368
1766.326538 8.804229
1767.755859 8.794020
1769.184326 8.770206
1770.612061 8.771137
1772.038940 8.746484
1773.464722 8.729286
1774.889648 8.689164
1776.313721 8.695108
1777.737427 8.663159
1779.159912 8.649591
1780.581421 8.634882
1782.002197 8.615677
1783.421997 8.568390
1784.841064 8.529203
1786.259521 8.539060
1787.677002 8.516974
1789.093262 8.512363
1790.509033 8.500974
1791.923950 8.492537
1793.337646 8.451040
1794.751099 8.456591
1796.163452 8.428576
1797.574951 8.409295
1798.985229 8.398976
1800.395020 8.382952
1801.803833 8.356843
1803.212158 8.364566
1804.619263 8.340847
1806.025879 8.311450
1807.431274 8.313164
1808.835938 8.305091
1810.239624 8.290028
1811.642944 8.280076
1813.044922 8.255910
1814.446289 8.254913
1815.846680 8.239043
1817.246338 8.238191
1818.645020 8.235240
1820.043335 8.233780
1821.440430 8.221196
1822.836670 8.189981
1824.232178 8.207463
1825.626587 8.167138
1827.020630 8.184616
1828.413696 8.183907
1829.805664 8.188626
1831.196899 8.213986
1832.587402 8.214931
1833.976929 8.196503
1835.365967 8.186721
1836.753784 8.176892
1838.140991 8.178176
1839.527100 8.164310
1840.912720 8.147149
1842.297119 8.158686
1843.681030 8.146456
1845.063965 8.156104
1846.446167 8.131136
1847.827515 8.146464
1849.207886 8.125327
1850.587524 8.119718
1851.966553 8.120865
1853.344604 8.092385
1854.721680 8.099078
1856.098022 8.060954
1857.473511 8.060735
1858.848022 8.051936
1860.222290 8.012228
1861.595459 8.004286
1862.967529 8.009100
1864.338867 7.961799
1865.709351 7.974284
1867.079346 7.971201
1868.448242 7.944559
1869.816528 7.950368
1871.183716 7.926668
1872.550049 7.913805
1873.915771 7.877911
1875.280762 7.857211
1876.644775 7.841551
1878.008057 7.822152
1879.370361 7.830063
1880.731812 7.786610
1882.092651 7.769576
1883.452759 7.744713
1884.811890 7.715693
1886.170044 7.702712
1887.527710 7.710670
1888.884277 7.697951
1890.240234 7.658937
1891.595337 7.666680
1892.949707 7.646770
1894.302979 7.605828
1895.655518 7.602898
1897.007324 7.605224
1898.358276 7.577765
1899.708740 7.595068
1901.058228 7.565803
1902.406494 7.550906
1903.754517 7.520391
1905.101440 7.497579
1906.447632 7.494593
1907.793091 7.468107
1909.137695 7.443817
1910.481201 7.402053
1911.824219 7.400240
1913.166260 7.395042
1914.507813 7.364188
1915.848389 7.342846
1917.187988 7.316332
1918.526733 7.293010
1919.864990 7.282373
1921.202271 7.272460
1922.538940 7.252590
1923.874512 7.212424
1925.209473 7.222701
1926.543457 7.186228
1927.876709 7.183483
1929.209106 7.175395
1930.541138 7.154184
1931.872070 7.140383
1933.202148 7.136190
1934.531372 7.121372
1935.859863 7.110743
1937.187500 7.089261
1938.514771 7.059935
1939.840698 7.057098
1941.166016 7.018787
1942.490601 7.014647
1943.814331 7.019444
1945.137207 6.992826
1946.459595 6.954646
1947.780884 6.945975
1949.101440 6.924644
1950.421143 6.894311
1951.739990 6.871710
1953.058472 6.842757
1954.375854 6.813880
1955.692383 6.813086
1957.008301 6.792450
1958.323120 6.771951
1959.637451 6.753024
1960.950928 6.714609
1962.263672 6.700511
1963.575439 6.667527
1964.886597 6.615586
1966.196777 6.591434
1967.506348 6.572881
1968.815308 6.518544
1970.123169 6.518134
1971.430298 6.484375
1972.736572 6.455811
1974.042114 6.429482
1975.347046 6.404049
1976.651001 6.374302
1977.954468 6.359901
1979.256836 6.347521
1980.558594 6.304091
1981.859375 6.268929
1983.159424 6.231526
1984.458862 6.203505
1985.757446 6.184616
1987.055176 6.175976
1988.352051 6.145242
1989.648315 6.128299
1990.943726 6.109914
1992.238403 6.084624
1993.532593 6.041102
1994.825439 6.023502
1996.117920 5.979910
1997.409302 5.949565
1998.700439 5.916481
1999.990356 5.898205
2001.279419 5.859268
2002.567749 5.834244
2003.855591 5.798404
2005.142334 5.759792
2006.428711 5.744829
2007.713989 5.711188
2008.998535 5.690094
2010.282349 5.663335
2011.565430 5.648468
2012.847656 5.607721
2014.129272 5.601824
2015.410156 5.568542
2016.690063 5.554055
2017.969116 5.523630
2019.247681 5.486509
2020.525024 5.450568
2021.802368 5.438441
2023.078125 5.423261
2024.353760 5.373536
2025.628052 5.369775
2026.901978 5.343738
2028.175171 5.313549
2029.447632 5.287121
2030.718994 5.284339
2031.989746 5.233895
2033.259521 5.248366
2034.528809 5.187027
2035.797607 5.187663
2037.065186 5.179817
2038.332275 5.157963
2039.598267 5.138521
2040.863647 5.086240
2042.128296 5.063724
2043.392456 5.040459
2044.655640 5.039991
2045.917969 5.016386
2047.179443 4.989999
2048.440186 4.959146
2049.700195 4.933616
2050.959961 4.924752
2052.218750 4.904421
2053.476318 4.892920
2054.733398 4.870430
2055.989746 4.850730
2057.245117 4.840641
2058.500000 4.810139
2059.754150 4.796685
2061.007324 4.783010
2062.259766 4.758797
2063.511475 4.734858
2064.762695 4.706411
2066.013184 4.699317
2067.262695 4.688239
2068.511475 4.667947
2069.759277 4.653079
2071.006836 4.637652
2072.253174 4.618356
2073.499023 4.608806
2074.743896 4.556345
2075.988281 4.574965
2077.231689 4.562697
2078.474609 4.552713
2079.716797 4.552918
2080.958008 4.525174
2082.198486 4.531180
2083.438232 4.498613
2084.677246 4.485636
2085.915527 4.466585
2087.153320 4.448642
2088.390137 4.441430
2089.625977 4.409536
2090.861328 4.407815
2092.095947 4.406194
2093.329590 4.394121
2094.562988 4.376112
2095.795166 4.359694
2097.026611 4.354294
2098.257324 4.338485
2099.487793 4.325558
2100.716797 4.329275
2101.945557 4.321812
2103.173584 4.298389
2104.400635 4.286086
2105.627197 4.268527
2106.852783 4.266415
2108.077881 4.246126
2109.302002 4.256601
2110.525391 4.238822
2111.748047 4.223874
2112.969971 4.216983
2114.191162 4.196607
2115.412109 4.167605
2116.631836 4.185785
2117.850342 4.160347
2119.068604 4.164197
2120.286377 4.133378
2121.502930 4.133761
2122.719482 4.154767
2123.934814 4.132137
2125.149170 4.131154
2126.363037 4.117356
2127.576660 4.095128
2128.788574 4.099167
2130.000488 4.091315
2131.211426 4.101160
2132.421631 4.096373
2133.631104 4.075759
2134.839844 4.058818
2136.047852 4.059404
2137.255615 4.035161
2138.461914 4.036945
2139.667969 4.025587
2140.872803 4.025563
2142.077148 4.027708
2143.280762 4.007200
2144.483643 4.018525
2145.686035 4.002583
2146.887451 3.994663
2148.088135 3.990219
2149.288330 3.967485
2150.487305 3.961710
2151.686279 3.936495
2152.884277 3.957283
2154.081055 3.923486
2155.277588 3.922008
2156.473389 3.900186
2157.668457 3.904767
2158.862549 3.916727
2160.055908 3.903934
2161.248779 3.897056
2162.440918 3.887918
2163.632080 3.864903
2164.822998 3.878802
2166.012939 3.869012
2167.201904 3.862872
2168.390381 3.859581
2169.577881 3.854377
2170.765137 3.855568
2171.951660 3.850173
2173.137451 3.862513
2174.322021 3.865145
2175.506348 3.858841
2176.689453 3.846740
2177.872070 3.848730
2179.054443 3.836185
2180.235840 3.838281
2181.416504 3.833307
2182.596191 3.828842
2183.775146 3.832764
2184.953613 3.817735
2186.131592 3.795524
2187.308838 3.827523
2188.484619 3.809522
2189.660400 3.809812
2190.835205 3.807613
2192.009521 3.804178
2193.182861 3.806827
2194.355469 3.782718
2195.527588 3.792279
2196.698730 3.797987
2197.869629 3.798354
2199.039795 3.770125
2200.208740 3.779733
2201.377197 3.764477
2202.544922 3.757814
2203.711914 3.757705
2204.878418 3.753742
2206.044189 3.761671
2207.208984 3.752489
2208.373291 3.742167
2209.536621 3.736911
2210.699707 3.740126
2211.861572 3.737020
2213.023193 3.731466
2214.183594 3.726058
2215.343994 3.703266
2216.503174 3.720294
2217.661621 3.719403
2218.819580 3.707981
2219.977051 3.719043
2221.133301 3.726720
2222.289063 3.716970
2223.444092 3.693771
2224.598633 3.705246
2225.752197 3.689663
2226.905029 3.695673
2228.057617 3.706525
2229.209229 3.687258
2230.359863 3.686779
2231.510010 3.678635
2232.659668 3.702978
2233.808594 3.668496
2234.956787 3.693488
2236.104004 3.690579
2237.250732 3.685410
2238.396729 3.686514
2239.541992 3.667092
2240.686523 3.679667
2241.830322 3.662862
2242.973633 3.691659
2244.115967 3.677699
2245.257813 3.666650
2246.399170 3.654664
2247.539551 3.672943
2248.679443 3.662907
2249.818359 3.673151
2250.956787 3.680342
2252.094238 3.672472
2253.231445 3.679792
2254.367432 3.667029
2255.503418 3.655851
2256.637939 3.663593
2257.772217 3.666717
2258.905762 3.655400
2260.038574 3.652482
2261.170654 3.633566
2262.302246 3.667806
2263.432861 3.641315
2264.562988 3.625441
2265.692627 3.641117
2266.821289 3.643284
2267.949219 3.648955
2269.076416 3.639471
2270.202881 3.635164
2271.328857 3.647721
2272.454590 3.627711
2273.579102 3.620854
2274.702881 3.610596
2275.825928 3.623655
2276.948486 3.606936
2278.070313 3.606912
2279.191650 3.587953
2280.311768 3.603831
2281.431641 3.606779
2282.550781 3.602566
2283.669189 3.587798
2284.786865 3.587589
2285.904053 3.596997
2287.020508 3.594059
2288.136230 3.602439
2289.250977 3.585982
2290.365479 3.619169
2291.479004 3.610378
2292.592041 3.617097
2293.704346 3.605263
2294.815674 3.605322
2295.926758 3.615865
2297.037109 3.600332
2298.146484 3.599266
2299.255615 3.598902
2300.363770 3.610818
2301.471436 3.597395
2302.578125 3.578686
2303.684326 3.601669
2304.790039 3.594800
2305.894775 3.606497
2306.999023 3.573517
2308.102295 3.585583
2309.205322 3.583209
2310.307373 3.563018
2311.409180 3.585381
2312.510010 3.559882
2313.609863 3.578759
2314.709473 3.569908
2315.808350 3.559569
2316.906006 3.573836
2318.003906 3.561900
2319.100586 3.548716
2320.196533 3.538911
2321.291992 3.544807
2322.386719 3.527742
2323.480713 3.514170
2324.574707 3.538796
2325.667236 3.546323
2326.759033 3.536555
2327.850586 3.525365
2328.941162 3.518247
2330.031250 3.541273
2331.120850 3.536901
2332.209473 3.549531
2333.297607 3.536942
2334.384766 3.542359
2335.471924 3.517443
2336.558105 3.520323
2337.643311 3.526640
2338.728027 3.534243
2339.812256 3.521946
2340.895508 3.522796
2341.978271 3.528336
2343.060059 3.540150
2344.141846 3.526822
2345.222656 3.502863
2346.302734 3.544196
2347.381836 3.520546
2348.460693 3.514222
2349.539063 3.500079
2350.616455 3.498731
2351.693115 3.509063
2352.769287 3.503053
2353.844727 3.538661
2354.919434 3.512963
2355.993896 3.515525
2357.067383 3.539377
2358.140137 3.532314
2359.212158 3.496544
2360.283936 3.535230
2361.354736 3.514979
2362.425049 3.506050
2363.494629 3.465235
2364.563232 3.479884
2365.631592 3.491868
2366.699219 3.479940
2367.766113 3.479022
2368.832275 3.493909
2369.897949 3.486118
2370.962891 3.481972
2372.027344 3.469784
2373.090820 3.498995
2374.154053 3.466837
2375.216553 3.478835
2376.278076 3.472564
2377.339111 3.468515
2378.399414 3.474620
2379.459229 3.441041
2380.518555 3.473248
2381.576904 3.463177
2382.634766 3.451877
2383.691650 3.466280
2384.748291 3.450942
2385.803955 3.458450
2386.859375 3.428227
2387.914063 3.448842
2388.967529 3.462263
2390.020752 3.453031
2391.073486 3.429103
2392.125244 3.441925
2393.176758 3.433424
2394.227295 3.423892
2395.277344 3.443754
2396.326660 3.439122
2397.375488 3.453948
2398.423584 3.447362
2399.470947 3.446313
2400.517822 3.431859
2401.563477 3.442075
2402.609375 3.430377
2403.654053 3.432219
2404.698486 3.464533
2405.742188 3.449638
2406.784912 3.442518
2407.827148 3.425779
2408.868896 3.429515
2409.909668 3.441627
2410.950195 3.430013
2411.989990 3.443710
2413.029053 3.438462
2414.067383 3.441877
2415.105225 3.445699
2416.142334 3.444868
2417.178711 3.438401
2418.214600 3.426756
2419.250000 3.414439
2420.284424 3.430087
2421.318359 3.432161
2422.351563 3.430090
2423.384521 3.429034
2424.416504 3.432629
2425.447754 3.425141
2426.478760 3.450047
2427.508789 3.436057
2428.538086 3.426908
2429.567139 3.431296
2430.595459 3.411671
2431.623047 3.436344
2432.649658 3.423832
2433.676270 3.431972
2434.701660 3.421575
2435.727051 3.401006
2436.751221 3.431023
2437.775146 3.430192
2438.797852 3.440114
2439.820557 3.413429
2440.842773 3.416354
2441.863770 3.426629
2442.884521 3.395275
2443.904297 3.428974
2444.923828 3.423308
2445.942383 3.432854
2446.960938 3.414563
2447.978271 3.408074
2448.995361 3.425370
2450.011230 3.424089
2451.026855 3.413613
2452.041748 3.407013
2453.056396 3.406970
2454.069824 3.426702
2455.082764 3.393692
2456.095215 3.408683
2457.107178 3.408716
2458.118408 3.416389
2459.129150 3.428431
2460.138916 3.445214
2461.148438 3.459312
2462.156982 3.477273
2463.164795 3.487566
2464.172363 3.465258
2465.179443 3.471865
2466.185547 3.502047
2467.190918 3.481172
2468.196045 3.471717
2469.200439 3.475029
2470.204102 3.477533
2471.207275 3.500655
2472.209717 3.495415
2473.211426 3.493302
2474.212646 3.508640
2475.213379 3.502523
2476.213379 3.512564
2477.212646 3.509737
2478.211182 3.501891
2479.209473 3.501795
2480.206787 3.492218
2481.203857 3.509249
2482.200195 3.520060
2483.195557 3.513650
2484.190674 3.510860
2485.185303 3.516310
2486.178955 3.482200
2487.172119 3.510380
2488.164551 3.510670
2489.156738 3.497580
2490.148193 3.495529
2491.138916 3.493343
2492.128906 3.522034
2493.118164 3.507359
2494.107422 3.505377
2495.095215 3.520452
2496.083008 3.523232
2497.070068 3.490658
2498.056641 3.489463
2499.042480 3.513778
2500.027344 3.505649
2501.012451 3.494670
2501.996094 3.515779
2502.979492 3.470213
2503.961914 3.481595
2504.944336 3.471551
2505.925537 3.477957
2506.906494 3.459762
2507.887207 3.470693
2508.866699 3.475459
2509.846191 3.473694
2510.824463 3.467583
2511.802490 3.444634
2512.779541 3.451510
2513.756104 3.441021
2514.732178 3.429985
2515.707275 3.447382
2516.682129 3.427302
2517.656494 3.419950
2518.629883 3.439719
2519.603760 3.464123
2520.575928 3.441024
2521.547607 3.429147
2522.518799 3.421794
2523.489258 3.446906
2524.459229 3.450149
2525.428711 3.431163
2526.397461 3.437041
2527.365723 3.423692
2528.333252 3.399278
2529.299805 3.401439
2530.266846 3.376499
2531.232666 3.417166
2532.197510 3.410971
2533.162109 3.388466
2534.126221 3.398883
2535.089844 3.387523
2536.052246 3.405712
2537.014160 3.384512
2537.975830 3.395358
2538.936279 3.361797
2539.896973 3.397007
2540.856689 3.381922
2541.815918 3.375770
2542.774902 3.388646
2543.732422 3.374505
2544.689941 3.350645
2545.646729 3.375193
2546.602539 3.364464
2547.558350 3.367295
2548.513184 3.372529
2549.467773 3.365927
2550.421631 3.392040
2551.374512 3.376351
2552.327148 3.373213
2553.279541 3.354058
2554.230713 3.350301
2555.181885 3.357665
2556.132080 3.354443
2557.081543 3.354200
2558.030518 3.348004
2558.979004 3.341809
2559.926758 3.340791
2560.874023 3.358428
2561.820557 3.314102
2562.767090 3.344172
2563.712891 3.325640
2564.657715 3.307623
2565.601563 3.274429
2566.545654 3.320397
2567.488770 3.300996
2568.431152 3.328653
2569.372803 3.286373
2570.314453 3.321275
2571.255371 3.307249
2572.195313 3.314573
2573.134766 3.275561
2574.073730 3.292387
2575.012451 3.295301
2575.950439 3.298092
2576.887695 3.270082
2577.824219 3.285125
2578.760254 3.293768
2579.696045 3.303689
2580.630615 3.299030
2581.565186 3.302513
2582.498535 3.303572
2583.431885 3.301682
2584.364502 3.266728
2585.296387 3.294448
2586.228516 3.296749
2587.159180 3.263961
2588.089600 3.281291
2589.018799 3.277982
2589.948242 3.256893
2590.876709 3.267085
2591.804199 3.268766
2592.731689 3.246375
2593.658447 3.243814
2594.584717 3.249552
2595.510010 3.254569
2596.435303 3.268112
2597.360107 3.281810
2598.283691 3.245574
2599.207275 3.233159
2600.129883 3.252800
2601.052002 3.258142
2601.973389 3.223128
2602.894531 3.236624
2603.814697 3.259157
2604.734375 3.244488
2605.653564 3.235741
2606.572266 3.247598
2607.490723 3.235245
2608.408447 3.229984
2609.325195 3.233165
2610.241699 3.213631
2611.157471 3.223711
2612.072510 3.215044
2612.987061 3.184205
2613.901123 3.194965
2614.814697 3.206145
2615.727539 3.161659
2616.639893 3.193741
2617.551514 3.219673
2618.463135 3.173455
2619.374023 3.185335
2620.283936 3.203341
2621.193604 3.184754
2622.102539 3.194902
2623.010498 3.207880
2623.918457 3.193610
2624.825928 3.204441
2625.732178 3.192297
2626.638428 3.182162
2627.544189 3.155535
2628.448975 3.218621
2629.353516 3.201370
2630.257568 3.186371
2631.160400 3.172929
2632.063477 3.170334
2632.965332 3.174747
2633.866699 3.176202
2634.767822 3.166501
2635.667969 3.184083
2636.568115 3.174537
2637.467041 3.147361
2638.365967 3.150907
2639.264648 3.156730
2640.162354 3.178800
2641.059326 3.164652
2641.955566 3.163373
2642.851074 3.172096
2643.746338 3.175499
2644.641602 3.169761
2645.535889 3.165056
2646.429443 3.121943
2647.322266 3.150519
2648.215088 3.128455
2649.106934 3.174217
2649.998779 3.161832
2650.889648 3.152276
2651.780029 3.174660
2652.669922 3.148157
2653.558594 3.161384
2654.447510 3.134851
2655.335449 3.132434
2656.222900 3.136378
2657.110107 3.149283
2657.996094 3.153219
2658.882080 3.147116
2659.767822 3.146105
2660.652344 3.146793
2661.536377 3.140881
2662.420410 3.170444
2663.303223 3.151957
2664.185547 3.150318
2665.067871 3.151162
2665.948730 3.146627
2666.829834 3.127940
2667.709961 3.111007
2668.589844 3.154668
2669.469238 3.155659
2670.347900 3.134123
2671.226074 3.132575
2672.103760 3.141052
2672.980713 3.129206
2673.856934 3.109272
2674.732910 3.139663
2675.608154 3.136692
2676.482910 3.129432
2677.356934 3.137495
2678.230713 3.107642
2679.103760 3.101877
2679.976563 3.078910
2680.848633 3.086665
2681.720215 3.124437
2682.591064 3.110609
2683.461914 3.077170
2684.331543 3.108331
2685.200684 3.085611
2686.069580 3.099942
2686.937744 3.096640
2687.805420 3.110170
2688.672363 3.093101
2689.539063 3.095121
2690.405762 3.102178
2691.270996 3.083639
2692.135498 3.123267
2693.000244 3.116126
2693.863770 3.098404
2694.727295 3.150633
2695.589844 3.103038
2696.451904 3.104261
2697.313721 3.105213
2698.175049 3.101156
2699.035645 3.083721
2699.895508 3.072038
2700.755615 3.075818
2701.614502 3.078353
2702.472656 3.081409
2703.330566 3.109794
2704.187988 3.115729
2705.044922 3.062921
2705.901123 3.088056
2706.756592 3.092572
2707.612061 3.076600
2708.466553 3.093143
2709.321045 3.076935
2710.174805 3.083211
2711.027588 3.103216
2711.880371 3.081620
2712.732422 3.093014
2713.583740 3.051882
2714.434570 3.065095
2715.284912 3.072988
2716.134766 3.047103
2716.983643 3.069398
2717.832764 3.088455
2718.681152 3.083466
2719.528809 3.079997
2720.376709 3.119595
2721.223145 3.092968
2722.069092 3.076699
2722.914551 3.068198
2723.760010 3.080510
2724.604004 3.090025
2725.448486 3.074435
2726.291748 3.097954
2727.134521 3.074726
2727.976807 3.050013
2728.818848 3.071846
2729.659912 3.054372
2730.501465 3.047532
2731.341553 3.070855
2732.181152 3.047642
2733.020752 3.058739
2733.859375 3.092239
2734.697754 3.057498
2735.535400 3.041916
2736.371826 3.068058
2737.208740 3.048231
2738.044922 3.029891
2738.880371 3.055819
2739.716064 3.052057
2740.550293 3.046035
2741.384521 3.037364
2742.217529 3.032558
2743.050537 3.064943
2743.883057 3.093857
2744.714844 3.036523
2745.546387 3.031205
2746.376953 3.065961
2747.207275 3.065476
2748.036865 3.071307
2748.866455 3.062244
2749.695557 3.043952
2750.523926 3.059190
2751.351563 3.066431
2752.178467 3.039282
2753.005371 3.117737
2753.831299 3.076528
2754.656982 3.050509
2755.482178 3.034459
2756.306641 3.038282
2757.130859 3.027855
2757.954346 3.052212
2758.777832 3.060880
2759.600586 3.052215
2760.422363 3.029648
2761.243896 3.030073
2762.064941 3.005823
2762.885254 3.028067
2763.705078 3.041722
2764.524658 3.030551
2765.343750 3.078074
2766.161865 3.049605
2766.979736 3.040170
2767.797119 3.062121
2768.614502 3.065833
2769.431152 3.077059
2770.246826 3.052198
2771.062256 3.038531
2771.876953 3.085285
2772.691162 3.068475
2773.505127 3.042127
2774.318359 3.049743
2775.131104 3.046722
2775.943604 3.047178
2776.755127 3.052691
2777.566162 3.041690
2778.377686 3.027514
2779.187744 3.031246
2779.997559 3.008951
2780.806885 3.026707
2781.615479 3.014485
2782.423828 3.035955
2783.231689 3.014997
2784.038574 3.020605
2784.845215 2.971541
2785.651611 2.986034
2786.457031 3.010269
2787.262695 3.004012
2788.067627 3.046571
2788.871582 2.990919
2789.675293 3.008523
2790.478271 3.005266
2791.281006 3.025382
2792.083008 3.035166
2792.884766 3.002854
2793.685547 2.978770
2794.486572 3.023014
2795.286865 3.031495
2796.086670 3.009810
2796.885742 3.003045
2797.684570 3.042903
2798.482910 3.023797
2799.280762 3.027194
2800.077881 3.010226
2800.874512 2.962033
2801.670654 3.001901
2802.466309 3.020573
2803.261230 3.036092
2804.056152 3.023972
2804.850342 3.049445
2805.644043 3.018296
2806.437744 3.007458
2807.229980 3.007844
2808.022461 3.046020
2808.813965 3.030878
2809.605225 3.018839
2810.395996 3.013500
2811.186035 3.013957
2811.975830 3.036119
2812.764893 2.978498
2813.553711 3.029342
2814.341797 3.015461
2815.130371 3.012714
2815.917480 3.023951
2816.704590 2.968058
2817.490723 3.010805
2818.276611 2.965363
2819.061768 2.933494
2819.846680 2.979129
2820.630615 3.031409
2821.414795 2.949804
2822.197998 2.996212
2822.980957 2.989406
2823.763428 2.997301
2824.545654 3.005744
2825.326904 2.975399
2826.107910 3.005143
2826.888428 2.961263
2827.668213 2.991422
2828.447998 2.980512
2829.226807 2.957799
2830.005127 2.974620
2830.783447 2.980428
2831.560791 2.989697
2832.337891 2.970402
2833.114258 2.993589
2833.890869 2.966033
2834.666260 2.984266
2835.441650 2.985569
2836.215820 2.991332
2836.990234 2.992513
2837.764160 2.982353
2838.536865 2.982928
2839.309814 3.007004
2840.082031 2.984665
2840.853760 2.986541
2841.625244 2.997219
2842.396484 2.960959
2843.166748 3.005653
2843.936523 2.964955
2844.705566 3.009907
2845.474609 2.956563
2846.243164 3.009347
2847.010742 3.003186
2847.778320 2.981901
2848.545654 3.015620
2849.312012 2.964784
2850.077881 3.002517
2850.843262 2.984446
2851.609131 2.987187
2852.373535 2.994956
2853.137939 2.931640
2853.901367 2.984680
2854.664551 2.955458
2855.427490 2.957555
2856.189453 2.989319
2856.951172 3.000311
2857.712891 2.938177
2858.473389 2.993692
2859.234131 2.944922
2859.993896 2.954553
2860.753418 2.985311
2861.512695 2.990731
2862.270752 2.978949
2863.028809 2.945350
2863.786621 2.960118
2864.543457 2.985934
2865.300293 2.985636
2866.056152 2.938621
2866.811768 2.970296
2867.567139 2.964837
2868.321777 2.963725
2869.076904 2.971690
2869.830322 2.962142
2870.583984 2.937887
2871.336670 2.969741
2872.089355 2.980186
2872.841064 2.930229
2873.592773 2.996747
2874.343506 2.972121
2875.094238 2.939915
2875.844238 2.969586
2876.593994 2.936038
2877.343018 2.992308
2878.092529 2.978518
2878.840576 2.964585
2879.588623 2.951396
2880.335449 2.945449
2881.082764 3.008385
2881.829102 2.992712
2882.574951 2.977523
2883.320313 2.991730
2884.065674 2.969131
2884.810059 2.907108
2885.554199 2.937995
2886.298584 2.977731
2887.041748 2.931514
2887.784668 2.966203
2888.526855 2.963473
2889.268555 2.981329
2890.010010 2.949970
2890.750977 2.965309
2891.491455 2.920579
2892.231445 3.008265
2892.970947 2.964612
2893.710449 2.992963
2894.448975 3.002696
2895.187744 2.996098
2895.925537 2.982969
2896.662842 2.989107
2897.399658 3.011824
2898.136230 2.951694
2898.872070 3.003197
2899.607910 3.009407
2900.342773 3.017107
2901.077393 2.983441
2901.811523 3.039528
2902.545654 2.979002
2903.278809 2.964803
2904.011963 2.984939
2904.744629 2.958621
2905.476563 3.003481
2906.208008 2.974355
2906.938965 2.973871
spectrumdark 2048
-92.749611 15056.000000
-90.145462 15056.000000
-87.543083 14919.000000
-84.942451 14910.000000
-82.343575 14939.000000
-79.746445 15179.000000
-77.151077 14784.000000
-74.557457 14920.000000
-71.965576 14427.000000
-69.375450 14766.000000
-66.787064 15616.000000
-64.200432 14740.000000
-61.615532 15081.000000
-59.032375 14615.000000
-56.450962 14937.000000
-53.871281 15359.000000
-51.293339 14852.000000
-48.717133 14691.000000
-46.142658 14760.000000
-43.569912 15026.000000
-40.998905 15091.000000
-38.429619 15067.000000
-35.862064 14843.000000
-33.296230 14971.000000
-30.732128 14514.000000
-28.169743 15045.000000
-25.609087 15351.000000
-23.050152 14833.000000
-20.492926 15439.000000
-17.937418 15134.000000
-15.383635 15644.000000
-12.831564 14921.000000
-10.281199 15276.000000
-7.732547 15279.000000
-5.185611 15203.000000
-2.640385 14550.000000
-0.096857 14795.000000
2.444964 14908.000000
4.985075 15279.000000
7.523481 14780.000000
10.060195 15185.000000
12.595209 14641.000000
15.128516 14965.000000
17.660128 14943.000000
20.190048 14635.000000
22.718277 15550.000000
25.244806 14898.000000
27.769640 14994.000000
30.292797 14901.000000
32.814262 15026.000000
35.334045 15305.000000
37.852123 14968.000000
40.368530 15309.000000
42.883255 15130.000000
45.396286 15180.000000
47.907650 14895.000000
50.417339 14815.000000
52.925346 15490.000000
55.431683 14872.000000
57.936325 14926.000000
60.439316 15620.000000
62.940632 14843.000000
65.440262 15102.000000
67.938240 14505.000000
70.434547 14809.000000
72.929199 15531.000000
75.422173 15272.000000
77.913475 15106.000000
80.403130 14694.000000
82.891136 14891.000000
85.377449 14810.000000
87.862129 15202.000000
90.345154 14633.000000
92.826523 14891.000000
95.306229 14958.000000
97.784286 14872.000000
100.260696 15095.000000
102.735474 15041.000000
105.208565 14850.000000
107.680031 14569.000000
110.149857 15186.000000
112.618034 15107.000000
115.084587 14745.000000
117.549469 15206.000000
120.012726 14999.000000
122.474350 14783.000000
124.934334 14573.000000
127.392677 14613.000000
129.849380 14714.000000
132.304474 15302.000000
134.757919 14744.000000
137.209732 14906.000000
139.659927 14502.000000
142.108490 15236.000000
144.555435 15249.000000
147.000748 15110.000000
149.444458 15450.000000
151.886520 14786.000000
154.326965 15399.000000
156.765793 15398.000000
159.203033 15246.000000
161.638611 14650.000000
164.072586 15295.000000
166.504974 14856.000000
168.935730 15241.000000
171.364868 15167.000000
173.792419 14881.000000
176.218353 14884.000000
178.642654 15031.000000
181.065384 14764.000000
183.486511 15133.000000
185.906021 15014.000000
188.323944 15031.000000
190.740250 15391.000000
193.154968 15566.000000
195.568085 14695.000000
197.979614 15061.000000
200.389542 15036.000000
202.797867 15243.000000
205.204620 15652.000000
207.609756 15128.000000
210.013306 15389.000000
212.415298 15344.000000
214.815674 14813.000000
217.214462 14917.000000
219.611725 15130.000000
222.007324 14917.000000
224.401413 15068.000000
226.793869 14538.000000
229.184753 15262.000000
231.574097 14793.000000
233.961838 15023.000000
236.348007 15114.000000
238.732590 14640.000000
241.115616 14757.000000
243.497101 15641.000000
245.876968 15024.000000
248.255264 14740.000000
250.632034 14784.000000
253.007202 15082.000000
255.380814 15361.000000
257.752899 14941.000000
260.123413 14804.000000
262.492340 15468.000000
264.859711 14955.000000
267.225525 14888.000000
269.589813 15031.000000
271.952515 15113.000000
274.313660 15001.000000
276.673279 15136.000000
279.031311 14849.000000
281.387817 15256.000000
283.742737 15016.000000
286.096130 15099.000000
288.448059 15418.000000
290.798340 14769.000000
293.147064 15318.000000
295.494354 14714.000000
297.840027 15251.000000
300.184204 15303.000000
302.526764 15147.000000
304.867859 14543.000000
307.207397 15043.000000
309.545410 15749.000000
311.881897 18009.000000
314.216827 15812.000000
316.550232 15278.000000
318.882111 15641.000000
321.212463 15552.000000
323.541260 15721.000000
325.868561 15191.000000
328.194336 15429.000000
330.518585 15932.000000
332.841339 16348.000000
335.162567 16181.000000
337.482239 16551.000000
339.800385 16134.000000
342.117035 15059.000000
344.432159 15246.000000
346.745789 15628.000000
349.057953 14906.000000
351.368530 15106.000000
353.677612 15760.000000
355.985199 15099.000000
358.291260 15233.000000
360.595825 14943.000000
362.898926 15370.000000
365.200409 15484.000000
367.500488 15164.000000
369.799042 15149.000000
372.096069 15220.000000
374.391693 15114.000000
376.685699 14810.000000
378.978271 15660.000000
381.269348 14865.000000
383.558899 14729.000000
385.846985 15429.000000
388.133514 15425.000000
390.418671 14881.000000
392.702271 15428.000000
394.984375 15474.000000
397.264954 16137.000000
399.544128 18439.000000
401.821808 20744.000000
404.097992 21109.000000
406.372681 21369.000000
408.645905 19316.000000
410.917603 21587.000000
413.187836 32492.000000
415.456665 38755.000000
417.723907 39310.000000
419.989746 32614.000000
422.254150 21535.000000
424.516968 16204.000000
426.778412 15225.000000
429.038330 15117.000000
431.296783 14730.000000
433.553833 15091.000000
435.809357 15115.000000
438.063477 15551.000000
440.316040 15594.000000
442.567200 15514.000000
444.816925 14692.000000
447.065094 15399.000000
449.311859 14882.000000
451.557190 15002.000000
453.800995 14960.000000
456.043427 14719.000000
458.284363 15080.000000
460.523804 15387.000000
462.761841 15412.000000
464.998474 15488.000000
467.233643 14992.000000
469.467255 15400.000000
471.699554 15427.000000
473.930328 15076.000000
476.159607 14890.000000
478.387604 15144.000000
480.614044 14938.000000
482.839020 14511.000000
485.062714 14963.000000
487.284790 15170.000000
489.505432 15292.000000
491.724792 15072.000000
493.942596 15195.000000
496.158966 14948.000000
498.374023 15216.000000
500.587524 15325.000000
502.799561 14609.000000
505.010315 15238.000000
507.219513 14743.000000
509.427429 15237.000000
511.633759 14821.000000
513.838684 14999.000000
516.042358 14468.000000
518.244446 14831.000000
520.445068 14963.000000
522.644470 15444.000000
524.842285 15001.000000
527.038635 16028.000000
529.233765 17420.000000
531.427368 18897.000000
533.619446 19238.000000
535.810303 18344.000000
537.999695 16198.000000
540.187561 15449.000000
542.374268 15178.000000
544.559326 15268.000000
546.742981 14901.000000
548.925476 14853.000000
551.106384 15452.000000
553.285828 15353.000000
555.463989 15188.000000
557.640686 15553.000000
559.815918 15409.000000
561.989929 15071.000000
564.162476 15532.000000
566.333496 15448.000000
568.503357 15232.000000
570.671631 15498.000000
572.838501 15467.000000
575.004089 15215.000000
577.168213 15466.000000
579.331116 14762.000000
581.492432 15113.000000
583.652405 15652.000000
585.811035 14911.000000
587.968201 15149.000000
590.123962 14744.000000
592.278503 15643.000000
594.431458 15194.000000
596.583130 14924.000000
598.733521 15373.000000
600.882385 15045.000000
603.029907 15213.000000
605.176086 15301.000000
607.320862 14966.000000
609.464233 14965.000000
611.606445 15300.000000
613.746948 15193.000000
615.886169 15226.000000
618.024231 15164.000000
620.160767 14827.000000
622.295898 14686.000000
624.429749 14876.000000
626.562195 15184.000000
628.693298 15475.000000
630.823059 15198.000000
632.951355 15362.000000
635.078308 15638.000000
637.204041 17628.000000
639.328247 18629.000000
641.451172 18497.000000
643.572815 18946.000000
645.692932 16812.000000
647.811890 15169.000000
649.929321 15170.000000
652.045532 14833.000000
654.160339 14906.000000
656.273743 14967.000000
658.385742 15532.000000
660.496643 14842.000000
662.605957 15608.000000
664.714050 16066.000000
666.820740 16193.000000
668.926086 16972.000000
671.030029 16384.000000
673.132813 18284.000000
675.234070 20366.000000
677.334106 20480.000000
679.432800 20342.000000
681.530029 17033.000000
683.625977 15622.000000
685.720764 16346.000000
687.814026 19581.000000
689.905945 22966.000000
691.996643 26121.000000
694.085938 26710.000000
696.173828 22978.000000
698.260559 20205.000000
700.345947 16693.000000
702.429810 15786.000000
704.512573 15038.000000
706.593994 14835.000000
708.673889 14891.000000
710.752686 15050.000000
712.829956 15507.000000
714.906189 15497.000000
716.980896 14572.000000
719.054260 15174.000000
721.126404 15267.000000
723.197205 14926.000000
725.266602 15400.000000
727.334839 14949.000000
729.401611 14958.000000
731.467163 14932.000000
733.531372 14466.000000
735.594299 15232.000000
737.655823 14946.000000
739.716248 15081.000000
741.775146 14734.000000
743.832764 15841.000000
745.889221 14565.000000
747.944275 15484.000000
749.997986 15444.000000
752.050537 18292.000000
754.101685 14876.000000
756.151428 15170.000000
758.200134 14891.000000
760.247314 15255.000000
762.293213 14318.000000
764.338013 14894.000000
766.381348 14514.000000
768.423401 14722.000000
770.464233 15084.000000
772.503662 15059.000000
774.541870 15122.000000
776.578857 15384.000000
778.614502 14552.000000
780.648865 15066.000000
782.681885 15008.000000
784.713684 15560.000000
786.744202 15624.000000
788.773315 14698.000000
790.801208 15151.000000
792.827942 14676.000000
794.853210 14797.000000
796.877319 15212.000000
798.900146 15358.000000
800.921570 14965.000000
802.941833 15048.000000
804.960876 15138.000000
806.978577 14881.000000
808.994873 15031.000000
811.009949 14839.000000
813.023926 15307.000000
815.036560 14897.000000
817.047791 15341.000000
819.057983 15657.000000
821.066772 14953.000000
823.074341 14810.000000
825.080566 15195.000000
827.085510 15151.000000
829.089355 15142.000000
831.091797 15293.000000
833.092957 14819.000000
835.092957 15188.000000
837.091614 15385.000000
839.089050 15215.000000
841.085327 15395.000000
843.080139 15061.000000
845.073730 15786.000000
847.066284 15067.000000
849.057373 16031.000000
851.047241 15005.000000
853.035950 15391.000000
855.023315 15227.000000
857.009338 15292.000000
858.994385 15088.000000
860.977966 14800.000000
862.960388 14813.000000
864.941589 15773.000000
866.921509 14923.000000
868.900024 15498.000000
870.877625 15308.000000
872.853760 14987.000000
874.828613 15165.000000
876.802490 15217.000000
878.774902 15469.000000
880.746033 14678.000000
882.716125 15212.000000
884.684814 15303.000000
886.652283 14679.000000
888.618652 14711.000000
890.583618 15458.000000
892.547546 15178.000000
894.510132 15377.000000
896.471436 14725.000000
898.431641 15229.000000
900.390503 14802.000000
902.348145 14744.000000
904.304626 14994.000000
906.259766 15422.000000
908.213684 15492.000000
910.166565 15182.000000
912.118103 15131.000000
914.068359 14597.000000
916.017456 14813.000000
917.965393 14815.000000
919.911987 14877.000000
921.857544 15196.000000
923.801697 15268.000000
925.744629 14880.000000
927.686523 14937.000000
929.627075 15826.000000
931.566406 14992.000000
933.504578 15300.000000
935.441528 14755.000000
937.377258 14953.000000
939.311768 15140.000000
941.245056 14917.000000
943.177124 15084.000000
945.108032 15377.000000
947.037720 15010.000000
948.966370 14938.000000
950.893555 15147.000000
952.819580 14838.000000
954.744568 15134.000000
956.668213 14871.000000
958.590576 15260.000000
960.511902 15239.000000
962.431946 14898.000000
964.350769 15199.000000
966.268555 14742.000000
968.184998 14983.000000
970.100159 14983.000000
972.014343 14470.000000
973.927246 14863.000000
975.838928 14954.000000
977.749512 15284.000000
979.658752 15105.000000
981.566833 14922.000000
983.473877 15089.000000
985.379578 15424.000000
987.284119 15862.000000
989.187622 16402.000000
991.089722 16118.000000
992.990662 16075.000000
994.890625 15556.000000
996.789185 14842.000000
998.686646 14758.000000
1000.583008 14902.000000
1002.478088 14628.000000
1004.372009 15265.000000
1006.264893 15032.000000
1008.156311 14695.000000
1010.046692 15003.000000
1011.935913 15275.000000
1013.823975 14995.000000
1015.710876 14642.000000
1017.596619 14838.000000
1019.481079 14907.000000
1021.364502 14939.000000
1023.246704 15026.000000
1025.127563 15307.000000
1027.007446 15284.000000
1028.886230 15068.000000
1030.763672 15024.000000
1032.640137 14524.000000
1034.515259 15326.000000
1036.389160 15126.000000
1038.262207 14266.000000
1040.133789 15521.000000
1042.004395 15042.000000
1043.873779 14984.000000
1045.741943 15157.000000
1047.608887 15538.000000
1049.474854 14858.000000
1051.339600 14742.000000
1053.203125 14842.000000
1055.065552 14813.000000
1056.927002 14727.000000
1058.786987 14925.000000
1060.646118 14588.000000
1062.503662 15137.000000
1064.360474 15007.000000
1066.215942 14521.000000
1068.070313 14960.000000
1069.923706 15191.000000
1071.775757 15144.000000
1073.626587 15168.000000
1075.476440 15009.000000
1077.325073 14696.000000
1079.172485 14806.000000
1081.018799 14779.000000
1082.864136 14426.000000
1084.708130 15270.000000
1086.551147 14972.000000
1088.392822 15206.000000
1090.233521 14828.000000
1092.072998 14855.000000
1093.911377 14824.000000
1095.748657 14470.000000
1097.584717 14729.000000
1099.419678 15468.000000
1101.253418 14521.000000
1103.086304 14806.000000
1104.917725 14975.000000
1106.748169 15205.000000
1108.577637 14903.000000
1110.405640 15282.000000
1112.232666 14234.000000
1114.058716 14809.000000
1115.883301 14583.000000
1117.707153 14916.000000
1119.529785 15361.000000
1121.351074 14574.000000
1123.171265 14976.000000
1124.990723 15271.000000
1126.808594 15111.000000
1128.625488 14816.000000
1130.441284 15153.000000
1132.256104 15267.000000
1134.069702 14670.000000
1135.882080 14475.000000
1137.693359 15036.000000
1139.503662 14958.000000
1141.312744 15065.000000
1143.120728 14753.000000
1144.927612 14684.000000
1146.733276 15364.000000
1148.537964 14677.000000
1150.341553 15775.000000
1152.143921 14911.000000
1153.945313 15210.000000
1155.745483 15285.000000
1157.544678 14767.000000
1159.342651 14973.000000
1161.139526 14834.000000
1162.935181 15293.000000
1164.729980 14848.000000
1166.523560 15240.000000
1168.315918 15557.000000
1170.107300 14811.000000
1171.897705 14829.000000
1173.686768 15021.000000
1175.474854 15240.000000
1177.261841 14874.000000
1179.047607 15067.000000
1180.832397 14825.000000
1182.616089 14408.000000
1184.398682 15395.000000
1186.180298 14852.000000
1187.960693 15401.000000
1189.739868 15195.000000
1191.518188 15294.000000
1193.295410 14420.000000
1195.071167 15018.000000
1196.846313 14647.000000
1198.619995 15048.000000
1200.392822 15201.000000
1202.164551 14858.000000
1203.935059 15231.000000
1205.704590 14873.000000
1207.473022 15945.000000
1209.240234 14359.000000
1211.006470 14989.000000
1212.771729 15386.000000
1214.535767 15124.000000
1216.298706 14910.000000
1218.060547 14723.000000
1219.821289 14922.000000
1221.581177 15032.000000
1223.339844 14798.000000
1225.097412 15051.000000
1226.854004 15254.000000
1228.609375 14839.000000
1230.363770 14491.000000
1232.117065 14949.000000
1233.869385 14970.000000
1235.620361 14935.000000
1237.370483 14983.000000
1239.119507 15650.000000
1240.867554 14974.000000
1242.614258 15047.000000
1244.360107 14551.000000
1246.104858 14768.000000
1247.848511 15236.000000
1249.591064 15096.000000
1251.332520 14903.000000
1253.073120 14907.000000
1254.812500 14575.000000
1256.550781 14545.000000
1258.288208 15055.000000
1260.024170 14701.000000
1261.759277 14660.000000
1263.493408 14903.000000
1265.226440 14551.000000
1266.958496 14956.000000
1268.689453 14816.000000
1270.419312 15069.000000
1272.147949 14785.000000
1273.875854 14797.000000
1275.602417 15042.000000
1277.327881 15103.000000
1279.052612 14396.000000
1280.776123 15191.000000
1282.498657 15325.000000
1284.219971 14770.000000
1285.940308 14960.000000
1287.659668 14618.000000
1289.378052 14744.000000
1291.095215 14776.000000
1292.811279 14774.000000
1294.526489 15027.000000
1296.240723 14767.000000
1297.953735 14855.000000
1299.665527 14642.000000
1301.376343 15170.000000
1303.086426 14902.000000
1304.795288 14660.000000
1306.502930 15491.000000
1308.209839 15097.000000
1309.915405 15388.000000
1311.620239 14417.000000
1313.323853 15088.000000
1315.026611 14779.000000
1316.728027 14698.000000
1318.428711 14738.000000
1320.128174 14120.000000
1321.826538 14842.000000
1323.524048 15253.000000
1325.220337 15069.000000
1326.915771 14966.000000
1328.610107 15009.000000
1330.303467 14699.000000
1331.995728 15106.000000
1333.687012 14733.000000
1335.377075 14523.000000
1337.066162 15087.000000
1338.754517 14546.000000
1340.441650 14788.000000
1342.127563 14723.000000
1343.812744 16602.000000
1345.496826 18922.000000
1347.179810 20877.000000
1348.861816 22541.000000
1350.542725 22521.000000
1352.222656 18987.000000
1353.901733 16716.000000
1355.579590 15273.000000
1357.256470 15024.000000
1358.932373 15160.000000
1360.607178 15127.000000
1362.281128 14864.000000
1363.953979 15148.000000
1365.625610 15132.000000
1367.296631 14885.000000
1368.966187 14488.000000
1370.635010 15553.000000
1372.302734 14914.000000
1373.969482 14928.000000
1375.635254 14922.000000
1377.299927 15219.000000
1378.963501 14517.000000
1380.626343 14874.000000
1382.287964 15227.000000
1383.948608 15362.000000
1385.608154 15066.000000
1387.266968 14757.000000
1388.924561 14833.000000
1390.581177 14849.000000
1392.236938 14820.000000
1393.891479 15238.000000
1395.545044 15039.000000
1397.197754 14459.000000
1398.849243 14684.000000
1400.499878 14315.000000
1402.149536 15042.000000
1403.798096 14656.000000
1405.445801 14907.000000
1407.092529 15968.000000
1408.738037 15203.000000
1410.382690 15203.000000
1412.026367 15089.000000
1413.668945 14877.000000
1415.310547 14589.000000
1416.951172 15819.000000
1418.590942 14990.000000
1420.229614 15106.000000
1421.867065 14667.000000
1423.503906 14967.000000
1425.139404 14868.000000
1426.774048 14599.000000
1428.407837 14758.000000
1430.040527 14675.000000
1431.672363 14656.000000
1433.302856 14796.000000
1434.932861 14797.000000
1436.561523 15221.000000
1438.189209 15267.000000
1439.816040 15323.000000
1441.441772 14736.000000
1443.066528 14871.000000
1444.690430 14747.000000
1446.313354 15239.000000
1447.935059 14479.000000
1449.556030 15246.000000
1451.176025 15410.000000
1452.794800 14720.000000
1454.412842 14911.000000
1456.029785 15189.000000
1457.645752 14999.000000
1459.260864 14681.000000
1460.874634 14807.000000
1462.487793 14804.000000
1464.099976 14810.000000
1465.711060 14793.000000
1467.321289 14987.000000
1468.930298 14442.000000
1470.538452 14794.000000
1472.145752 14661.000000
1473.751953 14214.000000
1475.357178 14485.000000
1476.961426 14480.000000
1478.564819 15619.000000
1480.167114 14812.000000
1481.768555 14966.000000
1483.369141 15024.000000
1484.968506 14617.000000
1486.567017 14939.000000
1488.164429 14755.000000
1489.760986 15239.000000
1491.356689 15025.000000
1492.951294 15001.000000
1494.544800 15000.000000
1496.137573 14846.000000
1497.729492 14980.000000
1499.319946 14919.000000
1500.910156 14593.000000
1502.498779 15036.000000
1504.086792 14819.000000
1505.673828 14930.000000
1507.259644 14937.000000
1508.844849 15041.000000
1510.428955 14694.000000
1512.012085 15130.000000
1513.593994 15089.000000
1515.175293 14723.000000
1516.755737 15140.000000
1518.335083 15248.000000
1519.913330 14793.000000
1521.490723 14646.000000
1523.066895 14966.000000
1524.642578 15050.000000
1526.217285 14693.000000
1527.790771 14821.000000
1529.363525 14573.000000
1530.935059 15172.000000
1532.505615 15222.000000
1534.075806 14959.000000
1535.644653 15152.000000
1537.212280 15248.000000
1538.779297 17112.000000
1540.345459 19403.000000
1541.910400 19678.000000
1543.474731 21505.000000
1545.037842 19843.000000
1546.600098 17025.000000
1548.161377 15490.000000
1549.721680 15511.000000
1551.281128 14903.000000
1552.839722 14293.000000
1554.397217 15344.000000
1555.953857 14715.000000
1557.509399 14789.000000
1559.064087 14637.000000
1560.618042 14477.000000
1562.171021 14865.000000
1563.722900 15185.000000
1565.273804 14896.000000
1566.823730 15030.000000
1568.372925 14548.000000
1569.921265 14912.000000
1571.468750 15212.000000
1573.015015 14691.000000
1574.560303 14982.000000
1576.104980 14646.000000
1577.648193 14797.000000
1579.190796 15285.000000
1580.732788 14544.000000
1582.273193 14642.000000
1583.813232 14700.000000
1585.351929 14801.000000
1586.889893 14876.000000
1588.427246 14703.000000
1589.963379 14968.000000
1591.498535 15037.000000
1593.032715 14149.000000
1594.565918 14483.000000
1596.098511 14718.000000
1597.630005 14836.000000
1599.160767 14530.000000
1600.690186 14479.000000
1602.218994 14185.000000
1603.746826 14930.000000
1605.273682 14583.000000
1606.799805 15061.000000
1608.324829 14814.000000
1609.848999 14763.000000
1611.372192 14766.000000
1612.894531 14890.000000
1614.415894 14657.000000
1615.936523 15045.000000
1617.456177 14767.000000
1618.974609 14891.000000
1620.492432 14873.000000
1622.009155 14331.000000
1623.525024 14718.000000
1625.040283 14459.000000
1626.554443 14592.000000
1628.067383 14574.000000
1629.579956 15000.000000
1631.091064 14937.000000
1632.601685 14475.000000
1634.111328 14732.000000
1635.619995 14533.000000
1637.127563 14575.000000
1638.634521 15223.000000
1640.140259 14642.000000
1641.645630 15109.000000
1643.149658 14846.000000
1644.652832 14165.000000
1646.155273 15101.000000
1647.656616 14943.000000
1649.156982 14775.000000
1650.656860 15009.000000
1652.155396 14726.000000
1653.653198 14864.000000
1655.150146 14424.000000
1656.645996 14477.000000
1658.141113 14905.000000
1659.635498 15475.000000
1661.128784 14675.000000
1662.621338 15234.000000
1664.112793 15267.000000
1665.603271 14467.000000
1667.093140 14948.000000
1668.582153 14870.000000
1670.069946 15184.000000
1671.557007 14954.000000
1673.043213 14313.000000
1674.528320 15173.000000
1676.012817 14215.000000
1677.496460 14403.000000
1678.979004 15632.000000
1680.460693 14533.000000
1681.941528 14914.000000
1683.421265 15119.000000
1684.900635 15198.000000
1686.378784 14577.000000
1687.856079 14718.000000
1689.332275 14684.000000
1690.807861 14683.000000
1692.282349 15070.000000
1693.756226 14789.000000
1695.229004 14702.000000
1696.701050 14715.000000
1698.171997 14508.000000
1699.642212 14916.000000
1701.111450 14596.000000
1702.580078 14283.000000
1704.047485 14432.000000
1705.514160 14960.000000
1706.979980 14919.000000
1708.444824 15184.000000
1709.908813 14609.000000
1711.372314 14456.000000
1712.834473 14981.000000
1714.295654 16964.000000
1715.756348 14598.000000
1717.215942 14698.000000
1718.674561 14404.000000
1720.132690 14347.000000
1721.589722 14562.000000
1723.045776 14821.000000
1724.501099 14649.000000
1725.955322 14316.000000
1727.409180 14748.000000
1728.861816 14605.000000
1730.313477 15061.000000
1731.764160 14774.000000
1733.214355 15032.000000
1734.663452 15141.000000
1736.112061 14342.000000
1737.559448 15186.000000
1739.005981 14386.000000
1740.451538 14642.000000
1741.896484 14950.000000
1743.340332 14833.000000
1744.783691 14766.000000
1746.225830 15023.000000
1747.667114 14605.000000
1749.107666 14503.000000
1750.547241 14921.000000
1751.986084 14665.000000
1753.424194 14357.000000
1754.861084 14973.000000
1756.297363 15162.000000
1757.732788 14319.000000
1759.167114 14204.000000
1760.600586 15013.000000
1762.033569 14391.000000
1763.465454 14580.000000
1764.896484 14124.000000
1766.326538 15680.000000
1767.755859 14562.000000
1769.184326 15242.000000
1770.612061 14251.000000
1772.038940 14756.000000
1773.464722 14898.000000
1774.889648 14789.000000
1776.313721 14426.000000
1777.737427 15086.000000
1779.159912 14832.000000
1780.581421 15048.000000
1782.002197 15161.000000
1783.421997 14823.000000
1784.841064 14539.000000
1786.259521 14434.000000
1787.677002 15126.000000
1789.093262 14942.000000
1790.509033 14921.000000
1791.923950 14778.000000
1793.337646 14107.000000
1794.751099 14695.000000
1796.163452 14641.000000
1797.574951 14412.000000
1798.985229 14683.000000
1800.395020 15273.000000
1801.803833 14950.000000
1803.212158 15099.000000
1804.619263 15023.000000
1806.025879 14097.000000
1807.431274 14713.000000
1808.835938 14345.000000
1810.239624 15208.000000
1811.642944 14797.000000
1813.044922 15071.000000
1814.446289 14424.000000
1815.846680 14683.000000
1817.246338 14984.000000
1818.645020 14479.000000
1820.043335 14830.000000
1821.440430 14874.000000
1822.836670 14115.000000
1824.232178 14640.000000
1825.626587 15087.000000
1827.020630 14489.000000
1828.413696 15173.000000
1829.805664 15028.000000
1831.196899 15014.000000
1832.587402 15037.000000
1833.976929 15131.000000
1835.365967 14699.000000
1836.753784 15227.000000
1838.140991 14714.000000
1839.527100 14776.000000
1840.912720 14298.000000
1842.297119 14805.000000
1843.681030 15555.000000
1845.063965 14730.000000
1846.446167 14426.000000
1847.827515 14736.000000
1849.207886 14884.000000
1850.587524 15047.000000
1851.966553 14934.000000
1853.344604 14543.000000
1854.721680 14833.000000
1856.098022 14418.000000
1857.473511 14456.000000
1858.848022 14911.000000
1860.222290 14567.000000
1861.595459 14813.000000
1862.967529 14956.000000
1864.338867 15085.000000
1865.709351 14581.000000
1867.079346 15233.000000
1868.448242 14656.000000
1869.816528 14538.000000
1871.183716 14486.000000
1872.550049 15496.000000
1873.915771 14870.000000
1875.280762 15176.000000
1876.644775 14935.000000
1878.008057 14939.000000
1879.370361 15256.000000
1880.731812 14901.000000
1882.092651 14729.000000
1883.452759 14356.000000
1884.811890 15294.000000
1886.170044 14865.000000
1887.527710 14583.000000
1888.884277 14155.000000
1890.240234 15071.000000
1891.595337 15333.000000
1892.949707 14902.000000
1894.302979 14708.000000
1895.655518 14246.000000
1897.007324 14090.000000
1898.358276 14997.000000
1899.708740 14645.000000
1901.058228 15023.000000
1902.406494 15235.000000
1903.754517 15023.000000
1905.101440 15059.000000
1906.447632 15415.000000
1907.793091 14999.000000
1909.137695 14799.000000
1910.481201 14388.000000
1911.824219 14620.000000
1913.166260 14721.000000
1914.507813 14455.000000
1915.848389 14833.000000
1917.187988 14885.000000
1918.526733 14539.000000
1919.864990 15078.000000
1921.202271 15492.000000
1922.538940 14808.000000
1923.874512 14141.000000
1925.209473 15345.000000
1926.543457 14740.000000
1927.876709 14667.000000
1929.209106 14831.000000
1930.541138 14272.000000
1931.872070 15210.000000
1933.202148 14764.000000
1934.531372 14791.000000
1935.859863 14809.000000
1937.187500 15263.000000
1938.514771 14508.000000
1939.840698 15090.000000
1941.166016 15060.000000
1942.490601 15215.000000
1943.814331 14890.000000
1945.137207 15288.000000
1946.459595 15264.000000
1947.780884 14679.000000
1949.101440 14853.000000
1950.421143 15155.000000
1951.739990 14386.000000
1953.058472 14977.000000
1954.375854 14523.000000
1955.692383 15208.000000
1957.008301 15052.000000
1958.323120 14932.000000
1959.637451 15208.000000
1960.950928 14821.000000
1962.263672 14951.000000
1963.575439 13948.000000
1964.886597 14645.000000
1966.196777 14755.000000
1967.506348 14999.000000
1968.815308 14672.000000
1970.123169 14816.000000
1971.430298 14995.000000
1972.736572 14186.000000
1974.042114 14216.000000
1975.347046 14502.000000
1976.651001 14118.000000
1977.954468 14412.000000
1979.256836 14682.000000
1980.558594 15169.000000
1981.859375 14589.000000
1983.159424 14503.000000
1984.458862 14295.000000
1985.757446 14612.000000
1987.055176 14252.000000
1988.352051 14437.000000
1989.648315 15184.000000
1990.943726 14948.000000
1992.238403 14575.000000
1993.532593 15141.000000
1994.825439 15263.000000
1996.117920 14995.000000
1997.409302 14832.000000
1998.700439 15202.000000
1999.990356 14534.000000
2001.279419 14814.000000
2002.567749 15308.000000
2003.855591 14951.000000
2005.142334 14542.000000
2006.428711 14528.000000
2007.713989 14227.000000
2008.998535 14926.000000
2010.282349 14878.000000
2011.565430 15273.000000
2012.847656 14291.000000
2014.129272 15025.000000
2015.410156 14858.000000
2016.690063 14482.000000
2017.969116 14403.000000
2019.247681 14548.000000
2020.525024 14247.000000
2021.802368 14719.000000
2023.078125 14406.000000
2024.353760 14230.000000
2025.628052 15262.000000
2026.901978 14769.000000
2028.175171 14413.000000
2029.447632 14392.000000
2030.718994 14707.000000
2031.989746 15181.000000
2033.259521 14758.000000
2034.528809 14855.000000
2035.797607 14544.000000
2037.065186 14812.000000
2038.332275 14725.000000
2039.598267 14423.000000
2040.863647 15328.000000
2042.128296 14755.000000
2043.392456 15314.000000
2044.655640 14377.000000
2045.917969 15002.000000
2047.179443 14178.000000
2048.440186 14845.000000
2049.700195 14765.000000
2050.959961 14556.000000
2052.218750 15500.000000
2053.476318 14534.000000
2054.733398 14858.000000
2055.989746 15342.000000
2057.245117 15288.000000
2058.500000 14017.000000
2059.754150 15025.000000
2061.007324 14698.000000
2062.259766 14826.000000
2063.511475 15060.000000
2064.762695 14822.000000
2066.013184 14985.000000
2067.262695 14714.000000
2068.511475 14932.000000
2069.759277 14362.000000
2071.006836 14489.000000
2072.253174 14610.000000
2073.499023 14731.000000
2074.743896 13973.000000
2075.988281 14967.000000
2077.231689 14845.000000
2078.474609 14569.000000
2079.716797 14342.000000
2080.958008 14210.000000
2082.198486 14869.000000
2083.438232 14588.000000
2084.677246 14742.000000
2085.915527 15161.000000
2087.153320 15068.000000
2088.390137 14332.000000
2089.625977 14726.000000
2090.861328 14661.000000
2092.095947 14620.000000
2093.329590 15064.000000
2094.562988 14847.000000
2095.795166 14982.000000
2097.026611 15111.000000
2098.257324 14599.000000
2099.487793 14864.000000
2100.716797 15251.000000
2101.945557 14730.000000
2103.173584 14770.000000
2104.400635 14780.000000
2105.627197 14627.000000
2106.852783 14971.000000
2108.077881 15067.000000
2109.302002 14384.000000
2110.525391 14587.000000
2111.748047 15059.000000
2112.969971 15569.000000
2114.191162 14783.000000
2115.412109 15007.000000
2116.631836 14554.000000
2117.850342 14453.000000
2119.068604 14915.000000
2120.286377 14826.000000
2121.502930 14752.000000
2122.719482 14655.000000
2123.934814 15252.000000
2125.149170 14917.000000
2126.363037 14681.000000
2127.576660 14855.000000
2128.788574 14144.000000
2130.000488 15467.000000
2131.211426 14816.000000
2132.421631 15056.000000
2133.631104 14551.000000
2134.839844 14872.000000
2136.047852 14663.000000
2137.255615 14918.000000
2138.461914 14529.000000
2139.667969 15011.000000
2140.872803 14669.000000
2142.077148 14880.000000
2143.280762 14110.000000
2144.483643 14082.000000
2145.686035 15425.000000
2146.887451 15046.000000
2148.088135 15257.000000
2149.288330 15622.000000
2150.487305 14912.000000
2151.686279 14411.000000
2152.884277 15323.000000
2154.081055 15100.000000
2155.277588 14894.000000
2156.473389 15040.000000
2157.668457 14759.000000
2158.862549 14658.000000
2160.055908 14697.000000
2161.248779 14461.000000
2162.440918 14750.000000
2163.632080 15380.000000
2164.822998 14529.000000
2166.012939 14863.000000
2167.201904 14690.000000
2168.390381 14984.000000
2169.577881 14566.000000
2170.765137 14945.000000
2171.951660 14964.000000
2173.137451 14452.000000
2174.322021 14783.000000
2175.506348 14541.000000
2176.689453 14402.000000
2177.872070 14720.000000
2179.054443 14559.000000
2180.235840 14256.000000
2181.416504 14783.000000
2182.596191 14272.000000
2183.775146 14788.000000
2184.953613 14513.000000
2186.131592 14428.000000
2187.308838 14563.000000
2188.484619 14549.000000
2189.660400 14435.000000
2190.835205 14630.000000
2192.009521 14791.000000
2193.182861 14679.000000
2194.355469 14365.000000
2195.527588 14932.000000
2196.698730 14467.000000
2197.869629 14855.000000
2199.039795 15320.000000
2200.208740 14856.000000
2201.377197 15201.000000
2202.544922 15338.000000
2203.711914 15173.000000
2204.878418 14992.000000
2206.044189 14916.000000
2207.208984 14949.000000
2208.373291 14987.000000
2209.536621 15498.000000
2210.699707 14502.000000
2211.861572 15037.000000
2213.023193 15108.000000
2214.183594 14887.000000
2215.343994 14909.000000
2216.503174 15113.000000
2217.661621 14730.000000
2218.819580 14950.000000
2219.977051 14913.000000
2221.133301 14693.000000
2222.289063 14793.000000
2223.444092 14674.000000
2224.598633 14935.000000
2225.752197 14740.000000
2226.905029 15183.000000
2228.057617 15601.000000
2229.209229 14456.000000
2230.359863 14866.000000
2231.510010 15069.000000
2232.659668 14543.000000
2233.808594 14550.000000
2234.956787 15107.000000
2236.104004 14822.000000
2237.250732 14729.000000
2238.396729 14747.000000
2239.541992 14842.000000
2240.686523 15252.000000
2241.830322 15111.000000
2242.973633 15161.000000
2244.115967 14833.000000
2245.257813 14754.000000
2246.399170 14487.000000
2247.539551 14889.000000
2248.679443 14869.000000
2249.818359 15050.000000
2250.956787 14942.000000
2252.094238 15325.000000
2253.231445 15347.000000
2254.367432 14842.000000
2255.503418 14786.000000
2256.637939 14834.000000
2257.772217 14530.000000
2258.905762 15406.000000
2260.038574 14817.000000
2261.170654 15217.000000
2262.302246 14724.000000
2263.432861 15102.000000
2264.562988 14823.000000
2265.692627 14443.000000
2266.821289 14455.000000
2267.949219 14623.000000
2269.076416 14405.000000
2270.202881 15592.000000
2271.328857 15146.000000
2272.454590 15200.000000
2273.579102 14978.000000
2274.702881 15055.000000
2275.825928 15613.000000
2276.948486 15555.000000
2278.070313 14573.000000
2279.191650 14669.000000
2280.311768 14844.000000
2281.431641 14982.000000
2282.550781 14751.000000
2283.669189 15238.000000
2284.786865 14786.000000
2285.904053 14869.000000
2287.020508 14340.000000
2288.136230 14969.000000
2289.250977 14466.000000
2290.365479 14930.000000
2291.479004 15231.000000
2292.592041 15387.000000
2293.704346 14837.000000
2294.815674 14818.000000
2295.926758 14860.000000
2297.037109 15086.000000
2298.146484 15078.000000
2299.255615 15144.000000
2300.363770 14930.000000
2301.471436 14776.000000
2302.578125 15035.000000
2303.684326 15135.000000
2304.790039 14357.000000
2305.894775 14358.000000
2306.999023 14392.000000
2308.102295 14679.000000
2309.205322 15070.000000
2310.307373 14299.000000
2311.409180 14793.000000
2312.510010 14694.000000
2313.609863 14950.000000
2314.709473 14873.000000
2315.808350 15047.000000
2316.906006 14876.000000
2318.003906 14863.000000
2319.100586 14356.000000
2320.196533 14913.000000
2321.291992 15138.000000
2322.386719 14320.000000
2323.480713 14353.000000
2324.574707 14862.000000
2325.667236 15114.000000
2326.759033 13999.000000
2327.850586 14960.000000
2328.941162 14328.000000
2330.031250 15262.000000
2331.120850 15189.000000
2332.209473 14851.000000
2333.297607 14518.000000
2334.384766 14687.000000
2335.471924 14822.000000
2336.558105 15014.000000
2337.643311 14772.000000
2338.728027 14923.000000
2339.812256 14498.000000
2340.895508 15094.000000
2341.978271 14934.000000
2343.060059 14677.000000
2344.141846 14554.000000
2345.222656 14885.000000
2346.302734 15055.000000
2347.381836 14795.000000
2348.460693 14981.000000
2349.539063 14585.000000
2350.616455 14550.000000
2351.693115 14833.000000
2352.769287 14323.000000
2353.844727 14811.000000
2354.919434 15383.000000
2355.993896 14711.000000
2357.067383 15001.000000
2358.140137 15260.000000
2359.212158 14942.000000
2360.283936 14729.000000
2361.354736 15173.000000
2362.425049 14508.000000
2363.494629 15427.000000
2364.563232 14893.000000
2365.631592 14819.000000
2366.699219 14731.000000
2367.766113 14601.000000
2368.832275 14717.000000
2369.897949 15132.000000
2370.962891 14725.000000
2372.027344 14856.000000
2373.090820 14913.000000
2374.154053 15404.000000
2375.216553 15341.000000
2376.278076 14800.000000
2377.339111 14730.000000
2378.399414 14956.000000
2379.459229 14377.000000
2380.518555 14453.000000
2381.576904 14729.000000
2382.634766 14422.000000
2383.691650 15338.000000
2384.748291 14325.000000
2385.803955 15024.000000
2386.859375 15177.000000
2387.914063 14906.000000
2388.967529 15330.000000
2390.020752 14862.000000
2391.073486 14427.000000
2392.125244 15051.000000
2393.176758 14447.000000
2394.227295 15020.000000
2395.277344 14814.000000
2396.326660 14649.000000
2397.375488 14541.000000
2398.423584 14632.000000
2399.470947 14740.000000
2400.517822 14885.000000
2401.563477 14831.000000
2402.609375 14898.000000
2403.654053 15111.000000
2404.698486 14735.000000
2405.742188 14547.000000
2406.784912 14976.000000
2407.827148 15066.000000
2408.868896 15755.000000
2409.909668 14824.000000
2410.950195 14927.000000
2411.989990 14697.000000
2413.029053 15285.000000
2414.067383 15415.000000
2415.105225 15017.000000
2416.142334 15327.000000
2417.178711 14524.000000
2418.214600 14978.000000
2419.250000 15490.000000
2420.284424 15482.000000
2421.318359 15566.000000
2422.351563 14975.000000
2423.384521 14373.000000
2424.416504 14954.000000
2425.447754 14837.000000
2426.478760 15040.000000
2427.508789 15227.000000
2428.538086 14965.000000
2429.567139 15179.000000
2430.595459 14608.000000
2431.623047 15126.000000
2432.649658 14517.000000
2433.676270 14828.000000
2434.701660 14325.000000
2435.727051 14917.000000
2436.751221 15103.000000
2437.775146 14710.000000
2438.797852 15012.000000
2439.820557 14586.000000
2440.842773 14817.000000
2441.863770 15147.000000
2442.884521 15134.000000
2443.904297 14817.000000
2444.923828 14959.000000
2445.942383 14840.000000
2446.960938 14813.000000
2447.978271 15390.000000
2448.995361 14753.000000
2450.011230 14771.000000
2451.026855 15191.000000
2452.041748 15175.000000
2453.056396 14286.000000
2454.069824 14846.000000
2455.082764 15060.000000
2456.095215 14888.000000
2457.107178 15276.000000
2458.118408 14301.000000
2459.129150 15152.000000
2460.138916 15027.000000
2461.148438 15028.000000
2462.156982 15237.000000
2463.164795 14931.000000
2464.172363 15122.000000
2465.179443 15019.000000
2466.185547 14810.000000
2467.190918 15039.000000
2468.196045 14865.000000
2469.200439 15117.000000
2470.204102 15420.000000
2471.207275 14861.000000
2472.209717 14714.000000
2473.211426 14684.000000
2474.212646 14858.000000
2475.213379 15097.000000
2476.213379 15079.000000
2477.212646 14853.000000
2478.211182 15219.000000
2479.209473 15029.000000
2480.206787 15461.000000
2481.203857 14663.000000
2482.200195 14659.000000
2483.195557 15200.000000
2484.190674 14691.000000
2485.185303 15300.000000
2486.178955 15426.000000
2487.172119 15456.000000
2488.164551 15065.000000
2489.156738 14786.000000
2490.148193 14841.000000
2491.138916 15337.000000
2492.128906 15295.000000
2493.118164 15354.000000
2494.107422 15054.000000
2495.095215 15013.000000
2496.083008 15071.000000
2497.070068 14878.000000
2498.056641 14515.000000
2499.042480 15157.000000
2500.027344 14901.000000
2501.012451 15100.000000
2501.996094 14858.000000
2502.979492 14642.000000
2503.961914 15145.000000
2504.944336 15043.000000
2505.925537 15173.000000
2506.906494 14498.000000
2507.887207 14747.000000
2508.866699 14930.000000
2509.846191 15424.000000
2510.824463 15027.000000
2511.802490 15126.000000
2512.779541 15345.000000
2513.756104 14707.000000
2514.732178 15321.000000
2515.707275 14816.000000
2516.682129 14598.000000
2517.656494 15245.000000
2518.629883 14782.000000
2519.603760 14901.000000
2520.575928 15196.000000
2521.547607 14964.000000
2522.518799 14876.000000
2523.489258 15109.000000
2524.459229 14919.000000
2525.428711 14860.000000
2526.397461 14987.000000
2527.365723 15147.000000
2528.333252 15149.000000
2529.299805 15074.000000
2530.266846 15286.000000
2531.232666 14673.000000
2532.197510 14803.000000
2533.162109 15116.000000
2534.126221 14691.000000
2535.089844 14962.000000
2536.052246 14824.000000
2537.014160 15522.000000
2537.975830 15095.000000
2538.936279 14543.000000
2539.896973 14510.000000
2540.856689 15297.000000
2541.815918 15066.000000
2542.774902 14970.000000
2543.732422 15600.000000
2544.689941 14478.000000
2545.646729 14900.000000
2546.602539 14944.000000
2547.558350 14397.000000
2548.513184 14339.000000
2549.467773 15240.000000
2550.421631 14820.000000
2551.374512 14946.000000
2552.327148 14745.000000
2553.279541 15200.000000
2554.230713 15248.000000
2555.181885 15346.000000
2556.132080 14829.000000
2557.081543 15840.000000
2558.030518 15241.000000
2558.979004 15365.000000
2559.926758 15338.000000
2560.874023 15095.000000
2561.820557 14290.000000
2562.767090 15025.000000
2563.712891 15687.000000
2564.657715 14697.000000
2565.601563 15625.000000
2566.545654 15157.000000
2567.488770 15335.000000
2568.431152 15229.000000
2569.372803 15137.000000
2570.314453 15285.000000
2571.255371 14954.000000
2572.195313 14788.000000
2573.134766 14705.000000
2574.073730 16100.000000
2575.012451 14798.000000
2575.950439 14316.000000
2576.887695 15438.000000
2577.824219 15240.000000
2578.760254 14690.000000
2579.696045 15205.000000
2580.630615 15072.000000
2581.565186 14997.000000
2582.498535 14924.000000
2583.431885 14890.000000
2584.364502 14428.000000
2585.296387 14990.000000
2586.228516 14973.000000
2587.159180 15621.000000
2588.089600 15247.000000
2589.018799 14864.000000
2589.948242 15360.000000
2590.876709 14660.000000
2591.804199 15439.000000
2592.731689 15279.000000
2593.658447 15573.000000
2594.584717 14911.000000
2595.510010 15159.000000
2596.435303 15072.000000
2597.360107 15079.000000
2598.283691 14957.000000
2599.207275 15118.000000
2600.129883 15147.000000
2601.052002 14859.000000
2601.973389 14706.000000
2602.894531 15280.000000
2603.814697 15101.000000
2604.734375 14755.000000
2605.653564 14962.000000
2606.572266 15427.000000
2607.490723 15353.000000
2608.408447 14796.000000
2609.325195 15138.000000
2610.241699 14820.000000
2611.157471 15263.000000
2612.072510 14966.000000
2612.987061 15362.000000
2613.901123 14829.000000
2614.814697 15349.000000
2615.727539 15027.000000
2616.639893 14960.000000
2617.551514 15002.000000
2618.463135 15026.000000
2619.374023 15338.000000
2620.283936 14789.000000
2621.193604 15205.000000
2622.102539 15102.000000
2623.010498 14566.000000
2623.918457 15368.000000
2624.825928 14836.000000
2625.732178 14816.000000
2626.638428 14967.000000
2627.544189 14687.000000
2628.448975 15580.000000
2629.353516 14958.000000
2630.257568 15230.000000
2631.160400 15002.000000
2632.063477 15100.000000
2632.965332 15186.000000
2633.866699 15085.000000
2634.767822 14754.000000
2635.667969 14776.000000
2636.568115 15066.000000
2637.467041 15001.000000
2638.365967 14817.000000
2639.264648 15242.000000
2640.162354 14869.000000
2641.059326 14803.000000
2641.955566 14926.000000
2642.851074 14662.000000
2643.746338 15078.000000
2644.641602 15174.000000
2645.535889 15218.000000
2646.429443 15420.000000
2647.322266 14918.000000
2648.215088 15356.000000
2649.106934 15279.000000
2649.998779 14649.000000
2650.889648 15132.000000
2651.780029 14731.000000
2652.669922 15051.000000
2653.558594 14664.000000
2654.447510 14547.000000
2655.335449 14883.000000
2656.222900 14889.000000
2657.110107 15023.000000
2657.996094 15133.000000
2658.882080 15185.000000
2659.767822 15230.000000
2660.652344 15546.000000
2661.536377 14839.000000
2662.420410 14927.000000
2663.303223 15493.000000
2664.185547 15045.000000
2665.067871 14739.000000
2665.948730 15167.000000
2666.829834 15331.000000
2667.709961 15233.000000
2668.589844 15607.000000
2669.469238 15231.000000
2670.347900 15313.000000
2671.226074 15348.000000
2672.103760 14902.000000
2672.980713 15843.000000
2673.856934 15161.000000
2674.732910 14909.000000
2675.608154 15223.000000
2676.482910 15212.000000
2677.356934 14730.000000
2678.230713 14650.000000
2679.103760 15491.000000
2679.976563 15025.000000
2680.848633 15573.000000
2681.720215 15259.000000
2682.591064 15587.000000
2683.461914 14970.000000
2684.331543 14836.000000
2685.200684 15192.000000
2686.069580 15447.000000
2686.937744 15349.000000
2687.805420 15513.000000
2688.672363 15592.000000
2689.539063 16216.000000
2690.405762 15084.000000
2691.270996 14975.000000
2692.135498 15139.000000
2693.000244 15186.000000
2693.863770 14887.000000
2694.727295 15084.000000
2695.589844 15161.000000
2696.451904 14594.000000
2697.313721 14933.000000
2698.175049 15017.000000
2699.035645 14864.000000
2699.895508 15205.000000
2700.755615 15508.000000
2701.614502 15073.000000
2702.472656 15212.000000
2703.330566 15363.000000
2704.187988 15320.000000
2705.044922 15466.000000
2705.901123 14943.000000
2706.756592 15424.000000
2707.612061 15197.000000
2708.466553 14970.000000
2709.321045 15243.000000
2710.174805 15541.000000
2711.027588 15064.000000
2711.880371 15437.000000
2712.732422 15526.000000
2713.583740 14401.000000
2714.434570 15217.000000
2715.284912 15365.000000
2716.134766 15059.000000
2716.983643 14810.000000
2717.832764 15367.000000
2718.681152 15536.000000
2719.528809 14977.000000
2720.376709 15289.000000
2721.223145 15075.000000
2722.069092 15639.000000
2722.914551 16622.000000
2723.760010 15241.000000
2724.604004 15306.000000
2725.448486 15042.000000
2726.291748 15413.000000
2727.134521 15283.000000
2727.976807 15554.000000
2728.818848 15614.000000
2729.659912 14899.000000
2730.501465 15071.000000
2731.341553 15425.000000
2732.181152 15225.000000
2733.020752 15034.000000
2733.859375 15171.000000
2734.697754 15460.000000
2735.535400 15107.000000
2736.371826 15390.000000
2737.208740 15815.000000
2738.044922 14955.000000
2738.880371 15265.000000
2739.716064 15889.000000
2740.550293 15688.000000
2741.384521 15486.000000
2742.217529 15172.000000
2743.050537 15289.000000
2743.883057 15128.000000
2744.714844 14697.000000
2745.546387 14875.000000
2746.376953 15196.000000
2747.207275 15320.000000
2748.036865 15080.000000
2748.866455 15234.000000
2749.695557 15124.000000
2750.523926 14987.000000
2751.351563 15137.000000
2752.178467 14701.000000
2753.005371 14920.000000
2753.831299 15191.000000
2754.656982 14784.000000
2755.482178 15226.000000
2756.306641 14692.000000
2757.130859 15304.000000
2757.954346 15115.000000
2758.777832 15387.000000
2759.600586 14893.000000
2760.422363 15046.000000
2761.243896 15303.000000
2762.064941 15589.000000
2762.885254 15558.000000
2763.705078 15146.000000
2764.524658 15309.000000
2765.343750 15095.000000
2766.161865 15701.000000
2766.979736 14567.000000
2767.797119 15171.000000
2768.614502 15153.000000
2769.431152 14965.000000
2770.246826 15277.000000
2771.062256 15452.000000
2771.876953 14838.000000
2772.691162 15094.000000
2773.505127 15044.000000
2774.318359 15187.000000
2775.131104 15104.000000
2775.943604 15546.000000
2776.755127 15281.000000
2777.566162 14768.000000
2778.377686 16527.000000
2779.187744 15486.000000
2779.997559 15409.000000
2780.806885 15523.000000
2781.615479 15429.000000
2782.423828 15304.000000
2783.231689 15185.000000
2784.038574 15153.000000
2784.845215 15741.000000
2785.651611 15670.000000
2786.457031 15054.000000
2787.262695 15360.000000
2788.067627 15367.000000
2788.871582 15071.000000
2789.675293 15423.000000
2790.478271 14784.000000
2791.281006 15109.000000
2792.083008 15203.000000
2792.884766 15540.000000
2793.685547 15417.000000
2794.486572 15594.000000
2795.286865 15386.000000
2796.086670 15381.000000
2796.885742 15195.000000
2797.684570 15748.000000
2798.482910 15164.000000
2799.280762 15027.000000
2800.077881 15613.000000
2800.874512 14881.000000
2801.670654 15476.000000
2802.466309 15669.000000
2803.261230 15226.000000
2804.056152 15295.000000
2804.850342 15460.000000
2805.644043 15138.000000
2806.437744 15389.000000
2807.229980 15102.000000
2808.022461 15437.000000
2808.813965 15118.000000
2809.605225 15401.000000
2810.395996 15173.000000
2811.186035 15557.000000
2811.975830 15712.000000
2812.764893 15393.000000
2813.553711 14880.000000
2814.341797 14762.000000
2815.130371 15093.000000
2815.917480 15095.000000
2816.704590 15897.000000
2817.490723 15167.000000
2818.276611 15033.000000
2819.061768 15722.000000
2819.846680 15290.000000
2820.630615 15684.000000
2821.414795 15602.000000
2822.197998 15271.000000
2822.980957 15590.000000
2823.763428 15429.000000
2824.545654 14601.000000
2825.326904 15628.000000
2826.107910 15362.000000
2826.888428 15419.000000
2827.668213 15201.000000
2828.447998 15262.000000
2829.226807 16524.000000
2830.005127 15252.000000
2830.783447 16013.000000
2831.560791 15466.000000
2832.337891 15155.000000
2833.114258 15059.000000
2833.890869 15176.000000
2834.666260 14598.000000
2835.441650 15452.000000
2836.215820 15577.000000
2836.990234 15181.000000
2837.764160 15341.000000
2838.536865 15365.000000
2839.309814 15523.000000
2840.082031 15223.000000
2840.853760 15505.000000
2841.625244 15510.000000
2842.396484 15189.000000
2843.166748 15414.000000
2843.936523 15067.000000
2844.705566 15681.000000
2845.474609 15686.000000
2846.243164 15498.000000
2847.010742 15418.000000
2847.778320 15310.000000
2848.545654 15344.000000
2849.312012 15522.000000
2850.077881 14901.000000
2850.843262 15134.000000
2851.609131 16193.000000
2852.373535 15284.000000
2853.137939 15576.000000
2853.901367 15385.000000
2854.664551 15284.000000
2855.427490 15425.000000
2856.189453 15392.000000
2856.951172 15573.000000
2857.712891 15068.000000
2858.473389 15401.000000
2859.234131 15268.000000
2859.993896 15707.000000
2860.753418 15591.000000
2861.512695 15275.000000
2862.270752 15429.000000
2863.028809 15238.000000
2863.786621 15628.000000
2864.543457 15727.000000
2865.300293 15236.000000
2866.056152 15644.000000
2866.811768 14993.000000
2867.567139 15550.000000
2868.321777 15454.000000
2869.076904 15532.000000
2869.830322 15716.000000
2870.583984 15959.000000
2871.336670 15566.000000
2872.089355 15526.000000
2872.841064 15564.000000
2873.592773 15636.000000
2874.343506 15963.000000
2875.094238 16520.000000
2875.844238 16525.000000
2876.593994 16873.000000
2877.343018 17141.000000
2878.092529 17407.000000
2878.840576 18498.000000
2879.588623 18150.000000
2880.335449 17908.000000
2881.082764 17227.000000
2881.829102 17810.000000
2882.574951 16964.000000
2883.320313 16106.000000
2884.065674 16040.000000
2884.810059 16244.000000
2885.554199 16307.000000
2886.298584 16442.000000
2887.041748 16174.000000
2887.784668 16139.000000
2888.526855 15634.000000
2889.268555 15817.000000
2890.010010 16009.000000
2890.750977 15598.000000
2891.491455 15705.000000
2892.231445 15241.000000
2892.970947 15827.000000
2893.710449 16105.000000
2894.448975 15550.000000
2895.187744 15924.000000
2895.925537 15286.000000
2896.662842 15547.000000
2897.399658 15350.000000
2898.136230 15574.000000
2898.872070 15341.000000
2899.607910 15473.000000
2900.342773 15188.000000
2901.077393 15121.000000
2901.811523 15745.000000
2902.545654 15638.000000
2903.278809 15513.000000
2904.011963 15376.000000
2904.744629 15646.000000
2905.476563 15495.000000
2906.208008 15799.000000
2906.938965 15799.000000
