sample_id,dataset,source,true_labels,selected_support,predicted_labels,selected_support_size,predicted_cardinality,selected_score,residual_norm,residual_rel,minor_share,baseline_coef
existing/0,existing_real,existing_real,6-mercapto-1-hexanol + benzene,6-mercapto-1-hexanol + benzene,6-mercapto-1-hexanol + benzene,2,2,0.15600524955074352,1800.2291100768907,0.1460052495507435,0.2975378243506369,0.0
existing/1,existing_real,existing_real,6-mercapto-1-hexanol + benzene,6-mercapto-1-hexanol + benzene,6-mercapto-1-hexanol + benzene,2,2,0.14418664755430335,1628.387893254341,0.13418664755430335,0.296939754404086,0.0
existing/2,existing_real,existing_real,6-mercapto-1-hexanol + benzene,6-mercapto-1-hexanol + benzene,6-mercapto-1-hexanol + benzene,2,2,0.1398045261736346,1552.629897332649,0.12980452617363458,0.2939919445951868,0.0
existing/3,existing_real,existing_real,6-mercapto-1-hexanol + benzene,6-mercapto-1-hexanol + benzene,6-mercapto-1-hexanol + benzene,2,2,0.14834356913825836,1670.0860612339925,0.13834356913825835,0.29609524865238024,0.0
existing/4,existing_real,existing_real,6-mercapto-1-hexanol + benzene,6-mercapto-1-hexanol + benzene,6-mercapto-1-hexanol + benzene,2,2,0.12370123518395983,1373.9217191626963,0.11370123518395983,0.29643735575162977,0.0
existing/5,existing_real,existing_real,6-mercapto-1-hexanol + benzene,6-mercapto-1-hexanol + benzene,6-mercapto-1-hexanol + benzene,2,2,0.12593222033488252,1360.7168162513756,0.11593222033488251,0.29622178600527643,0.0
existing/6,existing_real,existing_real,6-mercapto-1-hexanol + benzene,6-mercapto-1-hexanol + benzene,6-mercapto-1-hexanol + benzene,2,2,0.12806935377663778,1420.9850082224257,0.11806935377663777,0.2973521987427656,0.0
existing/7,existing_real,existing_real,6-mercapto-1-hexanol + benzene,6-mercapto-1-hexanol + benzene,6-mercapto-1-hexanol + benzene,2,2,0.12196412882986074,1318.412278143832,0.11196412882986075,0.2977460745551368,0.0
existing/8,existing_real,existing_real,6-mercapto-1-hexanol + benzene,6-mercapto-1-hexanol + benzene,6-mercapto-1-hexanol + benzene,2,2,0.1215979135210607,1329.887900247617,0.1115979135210607,0.29775949676626423,0.0
existing/9,existing_real,existing_real,6-mercapto-1-hexanol + benzene,6-mercapto-1-hexanol + benzene,6-mercapto-1-hexanol + benzene,2,2,0.12781091486216023,1390.9320820400155,0.11781091486216022,0.2963934198793677,0.0
existing/10,existing_real,existing_real,6-mercapto-1-hexanol + benzene,6-mercapto-1-hexanol + benzene,6-mercapto-1-hexanol + benzene,2,2,0.10163625061188927,1080.0264217276344,0.09163625061188928,0.2988499041918284,0.0
existing/11,existing_real,existing_real,6-mercapto-1-hexanol + benzene,6-mercapto-1-hexanol + benzene,6-mercapto-1-hexanol + benzene,2,2,0.1539892995519222,1792.5768643087401,0.1439892995519222,0.295603995546522,0.0
existing/12,existing_real,existing_real,6-mercapto-1-hexanol + benzene,6-mercapto-1-hexanol + benzene,6-mercapto-1-hexanol + benzene,2,2,0.09648082119676096,1009.5379988090149,0.08648082119676097,0.2952994797280619,0.0
existing/13,existing_real,existing_real,6-mercapto-1-hexanol + benzene,6-mercapto-1-hexanol + benzene,6-mercapto-1-hexanol + benzene,2,2,0.09937576729055062,1047.6993129672276,0.08937576729055062,0.2968075838287657,0.0
existing/14,existing_real,existing_real,6-mercapto-1-hexanol + benzene,6-mercapto-1-hexanol + benzene,6-mercapto-1-hexanol + benzene,2,2,0.09806367050558067,1024.8977084654568,0.08806367050558067,0.2962025399983295,0.0
existing/15,existing_real,existing_real,6-mercapto-1-hexanol + benzene,6-mercapto-1-hexanol + benzene,6-mercapto-1-hexanol + benzene,2,2,0.09687394980605477,1003.1554034480021,0.08687394980605477,0.2985151939091558,0.0
existing/16,existing_real,existing_real,6-mercapto-1-hexanol + benzene,6-mercapto-1-hexanol + benzene,6-mercapto-1-hexanol + benzene,2,2,0.09538572207639233,992.2755907330727,0.08538572207639233,0.2967141268868049,0.0
existing/17,existing_real,existing_real,6-mercapto-1-hexanol + benzene,6-mercapto-1-hexanol + benzene,6-mercapto-1-hexanol + benzene,2,2,0.0747567820615451,744.8650358571989,0.0647567820615451,0.29886043486081043,0.0
existing/18,existing_real,existing_real,6-mercapto-1-hexanol + benzene,6-mercapto-1-hexanol + benzene,6-mercapto-1-hexanol + benzene,2,2,0.07443616320778904,743.8193023393159,0.06443616320778904,0.29647144933749875,0.0
existing/19,existing_real,existing_real,6-mercapto-1-hexanol + benzene,6-mercapto-1-hexanol + benzene,6-mercapto-1-hexanol + benzene,2,2,0.07571907512038323,760.4496546746554,0.06571907512038323,0.2977440822560508,0.0
existing/20,existing_real,existing_real,6-mercapto-1-hexanol + benzene,6-mercapto-1-hexanol + benzene,6-mercapto-1-hexanol + benzene,2,2,0.07061586586688684,692.4270028261969,0.060615865866886845,0.29710295660967845,0.0
existing/21,existing_real,existing_real,6-mercapto-1-hexanol + benzene,6-mercapto-1-hexanol + benzene,6-mercapto-1-hexanol + benzene,2,2,0.07179146665692084,710.2658900996137,0.06179146665692084,0.2977314809232353,0.0
existing/22,existing_real,existing_real,6-mercapto-1-hexanol + benzene,6-mercapto-1-hexanol + benzene,6-mercapto-1-hexanol + benzene,2,2,0.15376109533865215,1790.210045528636,0.14376109533865214,0.2959845164741527,0.0
existing/23,existing_real,existing_real,6-mercapto-1-hexanol + benzene,6-mercapto-1-hexanol + benzene,6-mercapto-1-hexanol + benzene,2,2,0.07054050850018073,700.4457617180473,0.06054050850018073,0.29904613673619873,0.0
existing/24,existing_real,existing_real,6-mercapto-1-hexanol + benzene,6-mercapto-1-hexanol + benzene,6-mercapto-1-hexanol + benzene,2,2,0.05868336510876673,571.7125584855149,0.04868336510876673,0.3110627356686717,0.0
existing/25,existing_real,existing_real,6-mercapto-1-hexanol + benzene,6-mercapto-1-hexanol + benzene,6-mercapto-1-hexanol + benzene,2,2,0.06002596050883908,582.5528843389008,0.050025960508839076,0.2984583971752367,0.0
existing/26,existing_real,existing_real,6-mercapto-1-hexanol + benzene,6-mercapto-1-hexanol + benzene,6-mercapto-1-hexanol + benzene,2,2,0.055217134049045026,530.8514130674193,0.045217134049045024,0.3244930000076143,0.0
existing/27,existing_real,existing_real,6-mercapto-1-hexanol + benzene,6-mercapto-1-hexanol + benzene,6-mercapto-1-hexanol + benzene,2,2,0.05292276377321887,500.55347837219335,0.04292276377321887,0.32306812805071516,0.0
existing/28,existing_real,existing_real,6-mercapto-1-hexanol + benzene,6-mercapto-1-hexanol + benzene,6-mercapto-1-hexanol + benzene,2,2,0.05002364092047015,467.71181671326383,0.04002364092047015,0.29722083482482736,0.0
existing/29,existing_real,existing_real,6-mercapto-1-hexanol + benzene,6-mercapto-1-hexanol + benzene,6-mercapto-1-hexanol + benzene,2,2,0.051760714169791944,490.19914734880706,0.04176071416979194,0.3062675230788828,0.0
existing/30,existing_real,existing_real,6-mercapto-1-hexanol + benzene,6-mercapto-1-hexanol + benzene,6-mercapto-1-hexanol + benzene,2,2,0.14944465513727895,1726.2304532969865,0.13944465513727894,0.29547289514367286,0.0
existing/31,existing_real,existing_real,6-mercapto-1-hexanol + benzene,6-mercapto-1-hexanol + benzene,6-mercapto-1-hexanol + benzene,2,2,0.1505927367257324,1734.2496256704903,0.1405927367257324,0.29464060259719066,0.0
existing/32,existing_real,existing_real,6-mercapto-1-hexanol + benzene,6-mercapto-1-hexanol + benzene,6-mercapto-1-hexanol + benzene,2,2,0.15263833354690676,1757.3556807366112,0.14263833354690675,0.2960128459602333,0.0
existing/33,existing_real,existing_real,6-mercapto-1-hexanol + benzene,6-mercapto-1-hexanol + benzene,6-mercapto-1-hexanol + benzene,2,2,0.13980413226683547,1569.4750348994778,0.12980413226683546,0.2961973510353898,0.0
existing/34,existing_real,existing_real,6-mercapto-1-hexanol + benzene,6-mercapto-1-hexanol + benzene,6-mercapto-1-hexanol + benzene,2,2,0.14232583465499984,1616.813981960017,0.13232583465499984,0.29725742029006663,0.0
existing/35,existing_real,existing_real,6-mercapto-1-hexanol + benzene,6-mercapto-1-hexanol + benzene,6-mercapto-1-hexanol + benzene,2,2,0.14073806013205314,1595.2589667113668,0.13073806013205314,0.29579264608671946,0.0
existing/36,existing_real,existing_real,6-mercapto-1-hexanol + pyridine,6-mercapto-1-hexanol + benzenethiol + pyridine,6-mercapto-1-hexanol + benzenethiol + pyridine,3,3,0.2088073815738501,1593.5303134002988,0.1888073815738501,0.17850985119587548,0.0
existing/37,existing_real,existing_real,6-mercapto-1-hexanol + pyridine,6-mercapto-1-hexanol + benzenethiol + pyridine,6-mercapto-1-hexanol + benzenethiol + pyridine,3,3,0.20719683340877174,1585.116734619045,0.18719683340877175,0.18104574789587938,0.0
existing/38,existing_real,existing_real,6-mercapto-1-hexanol + pyridine,6-mercapto-1-hexanol + benzenethiol + pyridine,6-mercapto-1-hexanol + benzenethiol + pyridine,3,3,0.20917395115618898,1608.921403027738,0.18917395115618899,0.1770567415285024,0.0
existing/39,existing_real,existing_real,6-mercapto-1-hexanol + pyridine,6-mercapto-1-hexanol + benzenethiol + pyridine,6-mercapto-1-hexanol + benzenethiol + pyridine,3,3,0.20594032635004694,1579.0442962482384,0.18594032635004695,0.1776310035150496,0.0
existing/40,existing_real,existing_real,6-mercapto-1-hexanol + pyridine,6-mercapto-1-hexanol + benzenethiol + pyridine,6-mercapto-1-hexanol + benzenethiol + pyridine,3,3,0.20554863246557545,1574.769776510631,0.18554863246557546,0.18273731031007945,0.0
existing/41,existing_real,existing_real,6-mercapto-1-hexanol + pyridine,6-mercapto-1-hexanol + benzenethiol + pyridine,6-mercapto-1-hexanol + benzenethiol + pyridine,3,3,0.20609945241001332,1579.4081245442167,0.18609945241001333,0.17892802944547856,0.0
existing/42,existing_real,existing_real,6-mercapto-1-hexanol + pyridine,6-mercapto-1-hexanol + benzenethiol + pyridine,6-mercapto-1-hexanol + benzenethiol + pyridine,3,3,0.20464815263812364,1570.8127303736899,0.18464815263812365,0.17652455067257583,0.0
existing/43,existing_real,existing_real,6-mercapto-1-hexanol + pyridine,6-mercapto-1-hexanol + benzenethiol + pyridine,6-mercapto-1-hexanol + benzenethiol + pyridine,3,3,0.19969742488324468,1528.3762691092622,0.1796974248832447,0.18178859663191202,0.0
existing/44,existing_real,existing_real,6-mercapto-1-hexanol + pyridine,6-mercapto-1-hexanol + benzenethiol + pyridine,6-mercapto-1-hexanol + benzenethiol + pyridine,3,3,0.20129952869511458,1536.9196903608454,0.1812995286951146,0.18029739956458238,0.0
existing/45,existing_real,existing_real,6-mercapto-1-hexanol + pyridine,6-mercapto-1-hexanol + benzenethiol + pyridine,6-mercapto-1-hexanol + benzenethiol + pyridine,3,3,0.20158859105090748,1539.0759789501185,0.1815885910509075,0.18670666429890587,0.0
existing/46,existing_real,existing_real,6-mercapto-1-hexanol + pyridine,6-mercapto-1-hexanol + benzenethiol + pyridine,6-mercapto-1-hexanol + benzenethiol + pyridine,3,3,0.20395745240228524,1566.4758472935566,0.18395745240228525,0.17599949035885376,0.0
existing/47,existing_real,existing_real,6-mercapto-1-hexanol + pyridine,6-mercapto-1-hexanol + benzenethiol + pyridine,6-mercapto-1-hexanol + benzenethiol + pyridine,3,3,0.2070018073813832,1577.7997905264808,0.18700180738138322,0.1818262152017604,0.0
existing/48,existing_real,existing_real,6-mercapto-1-hexanol + pyridine,6-mercapto-1-hexanol + benzenethiol + pyridine,6-mercapto-1-hexanol + benzenethiol + pyridine,3,3,0.20188440675947786,1545.4160197265346,0.18188440675947787,0.18155630126646202,0.0
existing/49,existing_real,existing_real,6-mercapto-1-hexanol + pyridine,6-mercapto-1-hexanol + benzenethiol + pyridine,6-mercapto-1-hexanol + benzenethiol + pyridine,3,3,0.2031719461770043,1555.124317854905,0.1831719461770043,0.1797105473291105,0.0
existing/50,existing_real,existing_real,6-mercapto-1-hexanol + pyridine,6-mercapto-1-hexanol + benzenethiol + pyridine,6-mercapto-1-hexanol + benzenethiol + pyridine,3,3,0.2000852307497059,1531.6155140901806,0.18008523074970592,0.1793265591084548,0.0
existing/51,existing_real,existing_real,6-mercapto-1-hexanol + pyridine,6-mercapto-1-hexanol + benzenethiol + pyridine,6-mercapto-1-hexanol + benzenethiol + pyridine,3,3,0.19911398457843624,1527.5984912972672,0.17911398457843625,0.17488181890527185,0.0
existing/52,existing_real,existing_real,6-mercapto-1-hexanol + pyridine,6-mercapto-1-hexanol + benzenethiol + pyridine,6-mercapto-1-hexanol + benzenethiol + pyridine,3,3,0.19850590816991817,1513.6578130102837,0.17850590816991818,0.17937333388550178,0.0
existing/53,existing_real,existing_real,6-mercapto-1-hexanol + pyridine,6-mercapto-1-hexanol + benzenethiol + pyridine,6-mercapto-1-hexanol + benzenethiol + pyridine,3,3,0.1966193145815817,1498.9147126284408,0.1766193145815817,0.17919095043045707,0.0
existing/54,existing_real,existing_real,6-mercapto-1-hexanol + pyridine,6-mercapto-1-hexanol + benzenethiol + pyridine,6-mercapto-1-hexanol + benzenethiol + pyridine,3,3,0.19367744404203635,1476.1564454844986,0.17367744404203636,0.1749122108066536,0.0
existing/55,existing_real,existing_real,6-mercapto-1-hexanol + pyridine,6-mercapto-1-hexanol + benzenethiol + pyridine,6-mercapto-1-hexanol + benzenethiol + pyridine,3,3,0.1950327679582323,1489.662793999459,0.1750327679582323,0.17461159896873216,0.0
existing/56,existing_real,existing_real,6-mercapto-1-hexanol + pyridine,6-mercapto-1-hexanol + benzenethiol + pyridine,6-mercapto-1-hexanol + benzenethiol + pyridine,3,3,0.19386272799164317,1478.4681138552373,0.17386272799164318,0.17202177640854055,0.0
existing/57,existing_real,existing_real,6-mercapto-1-hexanol + pyridine,6-mercapto-1-hexanol + benzenethiol + pyridine,6-mercapto-1-hexanol + benzenethiol + pyridine,3,3,0.19474199728350852,1482.9260335441043,0.17474199728350853,0.18333628353947082,0.0
existing/58,existing_real,existing_real,6-mercapto-1-hexanol + pyridine,6-mercapto-1-hexanol + benzenethiol + pyridine,6-mercapto-1-hexanol + benzenethiol + pyridine,3,3,0.20874759061942194,1598.0618060473116,0.18874759061942195,0.1805489376434232,0.0
existing/59,existing_real,existing_real,6-mercapto-1-hexanol + pyridine,6-mercapto-1-hexanol + benzenethiol + pyridine,6-mercapto-1-hexanol + benzenethiol + pyridine,3,3,0.19394838628398034,1468.2579882581501,0.17394838628398035,0.1796404090780415,0.0
existing/60,existing_real,existing_real,6-mercapto-1-hexanol + pyridine,6-mercapto-1-hexanol + benzenethiol + pyridine,6-mercapto-1-hexanol + benzenethiol + pyridine,3,3,0.191540472017289,1447.9740285089754,0.171540472017289,0.1738743578841231,0.0
existing/61,existing_real,existing_real,6-mercapto-1-hexanol + pyridine,6-mercapto-1-hexanol + benzenethiol + pyridine,6-mercapto-1-hexanol + benzenethiol + pyridine,3,3,0.1887382721899515,1431.7420560783664,0.16873827218995152,0.17238521014030905,0.0
existing/62,existing_real,existing_real,6-mercapto-1-hexanol + pyridine,6-mercapto-1-hexanol + benzenethiol + pyridine,6-mercapto-1-hexanol + benzenethiol + pyridine,3,3,0.1914029767616642,1459.2494555681474,0.17140297676166422,0.1784283176186878,0.0
existing/63,existing_real,existing_real,6-mercapto-1-hexanol + pyridine,6-mercapto-1-hexanol + benzenethiol + pyridine,6-mercapto-1-hexanol + benzenethiol + pyridine,3,3,0.18791006250784895,1428.3049333550612,0.16791006250784896,0.17750237655948703,0.0
existing/64,existing_real,existing_real,6-mercapto-1-hexanol + pyridine,6-mercapto-1-hexanol + benzenethiol + pyridine,6-mercapto-1-hexanol + benzenethiol + pyridine,3,3,0.18731606976812798,1420.651863971051,0.167316069768128,0.17714789991246213,0.0
existing/65,existing_real,existing_real,6-mercapto-1-hexanol + pyridine,6-mercapto-1-hexanol + benzenethiol + pyridine,6-mercapto-1-hexanol + benzenethiol + pyridine,3,3,0.18862763735486138,1425.3545700482314,0.1686276373548614,0.17838259731662848,0.0
existing/66,existing_real,existing_real,6-mercapto-1-hexanol + pyridine,6-mercapto-1-hexanol + benzenethiol + pyridine,6-mercapto-1-hexanol + benzenethiol + pyridine,3,3,0.2084197479253671,1596.8235640888663,0.18841974792536711,0.18377983952242116,0.0
existing/67,existing_real,existing_real,6-mercapto-1-hexanol + pyridine,6-mercapto-1-hexanol + benzenethiol + pyridine,6-mercapto-1-hexanol + benzenethiol + pyridine,3,3,0.20723839653971154,1577.0518138062666,0.18723839653971155,0.18291169765909623,0.0
existing/68,existing_real,existing_real,6-mercapto-1-hexanol + pyridine,6-mercapto-1-hexanol + benzenethiol + pyridine,6-mercapto-1-hexanol + benzenethiol + pyridine,3,3,0.2081951798820994,1594.4119764997627,0.1881951798820994,0.18303980507083858,0.0
existing/69,existing_real,existing_real,6-mercapto-1-hexanol + pyridine,6-mercapto-1-hexanol + benzenethiol + pyridine,6-mercapto-1-hexanol + benzenethiol + pyridine,3,3,0.21006744939906033,1609.0120412823974,0.19006744939906034,0.1810048859713164,0.0
existing/70,existing_real,existing_real,6-mercapto-1-hexanol + pyridine,6-mercapto-1-hexanol + benzenethiol + pyridine,6-mercapto-1-hexanol + benzenethiol + pyridine,3,3,0.20832620973101962,1601.494771871033,0.18832620973101963,0.17918189444663316,0.0
existing/71,existing_real,existing_real,6-mercapto-1-hexanol + pyridine,6-mercapto-1-hexanol + benzenethiol + pyridine,6-mercapto-1-hexanol + benzenethiol + pyridine,3,3,0.20836360001854234,1597.752252660821,0.18836360001854235,0.17912353712736281,0.0
existing/72,existing_real,existing_real,benzene + benzenethiol,benzene + benzenethiol,benzene + benzenethiol,2,2,0.12593171464781355,2190.536528205895,0.11593171464781354,0.1555292236062792,0.0
existing/73,existing_real,existing_real,benzene + benzenethiol,benzene + benzenethiol,benzene + benzenethiol,2,2,0.12824209695310196,2211.3158839576618,0.11824209695310196,0.15524631675661427,0.0
existing/74,existing_real,existing_real,benzene + benzenethiol,benzene + benzenethiol,benzene + benzenethiol,2,2,0.12715526394457546,2186.5711564428457,0.11715526394457546,0.15557042337388932,0.0
existing/75,existing_real,existing_real,benzene + benzenethiol,benzene + benzenethiol,benzene + benzenethiol,2,2,0.12660548241360609,2177.228948386192,0.11660548241360608,0.15566354770651242,0.0
existing/76,existing_real,existing_real,benzene + benzenethiol,benzene + benzenethiol,benzene + benzenethiol,2,2,0.13637431923393,2397.3537595136468,0.12637431923393,0.15500157281167007,0.0
existing/77,existing_real,existing_real,benzene + benzenethiol,benzene + benzenethiol,benzene + benzenethiol,2,2,0.13560687333144375,2364.131516539888,0.12560687333144374,0.15467504062403065,0.0
existing/78,existing_real,existing_real,benzene + benzenethiol,benzene + benzenethiol,benzene + benzenethiol,2,2,0.13686824504763126,2377.332938099053,0.12686824504763125,0.15451243708657458,0.0
existing/79,existing_real,existing_real,benzene + benzenethiol,benzene + benzenethiol,benzene + benzenethiol,2,2,0.13534346720833063,2341.3300806100415,0.12534346720833062,0.15424361414297882,0.0
existing/80,existing_real,existing_real,benzene + benzenethiol,benzene + benzenethiol,benzene + benzenethiol,2,2,0.1351463887829446,2330.6063337300766,0.1251463887829446,0.15401962859112758,0.0
existing/81,existing_real,existing_real,benzene + benzenethiol,benzene + benzenethiol,benzene + benzenethiol,2,2,0.13132851900637596,2256.338191265026,0.12132851900637596,0.15396050201799233,0.0
existing/82,existing_real,existing_real,benzene + benzenethiol,benzene + benzenethiol,benzene + benzenethiol,2,2,0.1345289315761506,2346.483058118665,0.12452893157615058,0.15452717522840775,0.0
existing/83,existing_real,existing_real,benzene + benzenethiol,benzene + benzenethiol,benzene + benzenethiol,2,2,0.12467075153255229,2164.87860439997,0.1146707515325523,0.15562075044991716,0.0
existing/84,existing_real,existing_real,benzene + benzenethiol,benzene + benzenethiol,benzene + benzenethiol,2,2,0.13171728843666614,2277.1947844002802,0.12171728843666614,0.15417082204559251,0.0
existing/85,existing_real,existing_real,benzene + benzenethiol,benzene + benzenethiol,benzene + benzenethiol,2,2,0.13653157576809363,2360.3441487721484,0.12653157576809362,0.15513224551387905,0.0
existing/86,existing_real,existing_real,benzene + benzenethiol,benzene + benzenethiol,benzene + benzenethiol,2,2,0.13668419294084036,2357.2823206991716,0.12668419294084035,0.1545258154181769,0.0
existing/87,existing_real,existing_real,benzene + benzenethiol,benzene + benzenethiol,benzene + benzenethiol,2,2,0.13653630539145742,2340.7974357057947,0.1265363053914574,0.15440952493123666,0.0
existing/88,existing_real,existing_real,benzene + benzenethiol,benzene + benzenethiol,benzene + benzenethiol,2,2,0.1361588629889196,2339.551652358796,0.1261588629889196,0.1542487833259049,0.0
existing/89,existing_real,existing_real,benzene + benzenethiol,benzene + benzenethiol,benzene + benzenethiol,2,2,0.14102129508970287,2463.2177168159574,0.13102129508970287,0.1536140419649628,0.0
existing/90,existing_real,existing_real,benzene + benzenethiol,benzene + benzenethiol,benzene + benzenethiol,2,2,0.14069424032893027,2446.8879851825873,0.13069424032893026,0.15406517912028217,0.0
existing/91,existing_real,existing_real,benzene + benzenethiol,benzene + benzenethiol,benzene + benzenethiol,2,2,0.14140020079401636,2444.046068989472,0.13140020079401635,0.15417313772917177,0.0
existing/92,existing_real,existing_real,benzene + benzenethiol,benzene + benzenethiol,benzene + benzenethiol,2,2,0.14205714257422591,2451.707274011743,0.1320571425742259,0.15403329162607157,0.0
existing/93,existing_real,existing_real,benzene + benzenethiol,benzene + benzenethiol,benzene + benzenethiol,2,2,0.14006559374516395,2397.913064786914,0.13006559374516394,0.15375582954476433,0.0
existing/94,existing_real,existing_real,benzene + benzenethiol,benzene + benzenethiol,benzene + benzenethiol,2,2,0.12569983640441892,2172.6480691544434,0.11569983640441893,0.15548130397606227,0.0
existing/95,existing_real,existing_real,benzene + benzenethiol,benzene + benzenethiol,benzene + benzenethiol,2,2,0.13674484784242877,2327.4641162301887,0.12674484784242876,0.1541083252135864,0.0
existing/96,existing_real,existing_real,benzene + benzenethiol,benzene + benzenethiol,benzene + benzenethiol,2,2,0.1402869000271794,2412.5526482569567,0.13028690002717938,0.15394327442633515,0.0
existing/97,existing_real,existing_real,benzene + benzenethiol,benzene + benzenethiol,benzene + benzenethiol,2,2,0.1422094635697174,2439.64491118236,0.13220946356971738,0.1537556912123693,0.0
existing/98,existing_real,existing_real,benzene + benzenethiol,benzene + benzenethiol,benzene + benzenethiol,2,2,0.14448124772085352,2465.6090502825523,0.13448124772085351,0.15348639587163554,0.0
existing/99,existing_real,existing_real,benzene + benzenethiol,benzene + benzenethiol,benzene + benzenethiol,2,2,0.14657334195973556,2494.766137471939,0.13657334195973556,0.15317553033836176,0.0
existing/100,existing_real,existing_real,benzene + benzenethiol,benzene + benzenethiol,benzene + benzenethiol,2,2,0.1479856747602294,2505.2219515339148,0.13798567476022938,0.15341099052272889,0.0
existing/101,existing_real,existing_real,benzene + benzenethiol,benzene + benzenethiol,benzene + benzenethiol,2,2,0.14694902693762377,2475.0711045679227,0.13694902693762376,0.1528851468367157,0.0
existing/102,existing_real,existing_real,benzene + benzenethiol,benzene + benzenethiol,benzene + benzenethiol,2,2,0.12857933573071997,2224.3958404834975,0.11857933573071996,0.15529039505162612,0.0
existing/103,existing_real,existing_real,benzene + benzenethiol,benzene + benzenethiol,benzene + benzenethiol,2,2,0.12628004302465684,2173.0180781172367,0.11628004302465685,0.15534059933050898,0.0
existing/104,existing_real,existing_real,benzene + benzenethiol,benzene + benzenethiol,benzene + benzenethiol,2,2,0.1253156245124286,2148.78365624711,0.11531562451242859,0.15501517232645168,0.0
existing/105,existing_real,existing_real,benzene + benzenethiol,benzene + benzenethiol,benzene + benzenethiol,2,2,0.1332224560798734,2333.3835284251286,0.12322245607987341,0.15498574447278296,0.0
existing/106,existing_real,existing_real,benzene + benzenethiol,benzene + benzenethiol,benzene + benzenethiol,2,2,0.13114181550153398,2283.8099279712396,0.12114181550153397,0.1549273218462019,0.0
existing/107,existing_real,existing_real,benzene + benzenethiol,benzene + benzenethiol,benzene + benzenethiol,2,2,0.12666684309756457,2186.5259115616163,0.11666684309756457,0.15517344572005345,0.0
existing/108,existing_real,existing_real,benzene + etoh,benzene + etoh,benzene + etoh,2,2,0.10184913443702585,1179.2919511717812,0.09184913443702586,0.4792448263438922,0.0
existing/109,existing_real,existing_real,benzene + etoh,benzene + etoh,benzene + etoh,2,2,0.10155848830195903,1147.9334049190518,0.09155848830195903,0.47060931451699356,0.0
existing/110,existing_real,existing_real,benzene + etoh,benzene + etoh,benzene + etoh,2,2,0.10299704920148076,1171.8517727738415,0.09299704920148076,0.4824873280295339,0.0
existing/111,existing_real,existing_real,benzene + etoh,benzene + etoh,benzene + etoh,2,2,0.09861536099471589,1105.633203980391,0.0886153609947159,0.4836374031379168,0.0
existing/112,existing_real,existing_real,benzene + etoh,benzene + etoh,benzene + etoh,2,2,0.11085213188805138,1283.7324641085693,0.10085213188805138,0.4786365329996635,0.0
existing/113,existing_real,existing_real,benzene + etoh,benzene + etoh,benzene + etoh,2,2,0.11274415635619517,1306.5095430208678,0.10274415635619517,0.46767910777816124,0.0
existing/114,existing_real,existing_real,benzene + etoh,benzene + etoh,benzene + etoh,2,2,0.11365960091239484,1318.1285778948998,0.10365960091239484,0.463685127710092,0.0
existing/115,existing_real,existing_real,benzene + etoh,benzene + etoh,benzene + etoh,2,2,0.11142796741593977,1289.6220968798436,0.10142796741593978,0.48240458850044654,0.0
existing/116,existing_real,existing_real,benzene + etoh,benzene + etoh,benzene + etoh,2,2,0.10709006289748775,1224.8237312021745,0.09709006289748776,0.48263895830227904,0.0
existing/117,existing_real,existing_real,benzene + etoh,benzene + etoh,benzene + etoh,2,2,0.10788212077923677,1232.0053339553133,0.09788212077923678,0.4879948605707247,0.0
existing/118,existing_real,existing_real,benzene + etoh,benzene + etoh,benzene + etoh,2,2,0.11700718862458383,1378.4041728637415,0.10700718862458383,0.4608066650848906,0.0
existing/119,existing_real,existing_real,benzene + etoh,benzene + etoh,benzene + etoh,2,2,0.10090312852309145,1157.0931372445718,0.09090312852309146,0.4823884304321945,0.0
existing/120,existing_real,existing_real,benzene + etoh,benzene + etoh,benzene + etoh,2,2,0.11159954030783306,1301.373915568528,0.10159954030783307,0.4601970541881503,0.0
existing/121,existing_real,existing_real,benzene + etoh,benzene + etoh,benzene + etoh,2,2,0.108851107921834,1259.6761223336207,0.098851107921834,0.4846066168971943,0.0
existing/122,existing_real,existing_real,benzene + etoh,benzene + etoh,benzene + etoh,2,2,0.10958603779399424,1265.757828679326,0.09958603779399425,0.48340493390098155,0.0
existing/123,existing_real,existing_real,benzene + etoh,benzene + etoh,benzene + etoh,2,2,0.11131688941422782,1289.3705392019326,0.10131688941422783,0.4825376556314148,0.0
existing/124,existing_real,existing_real,benzene + etoh,benzene + etoh,benzene + etoh,2,2,0.10818066648431096,1247.9679783685256,0.09818066648431097,0.48503496152805886,0.0
existing/125,existing_real,existing_real,benzene + etoh,benzene + etoh,benzene + etoh,2,2,0.11509655161508636,1354.9539507615134,0.10509655161508637,0.47195651351610407,0.0
existing/126,existing_real,existing_real,benzene + etoh,benzene + etoh,benzene + etoh,2,2,0.11339672686141541,1335.8909420821253,0.10339672686141542,0.46666982628888337,0.0
existing/127,existing_real,existing_real,benzene + etoh,benzene + etoh,benzene + etoh,2,2,0.10998799729444234,1291.3968807182682,0.09998799729444234,0.4702797032518628,0.0
existing/128,existing_real,existing_real,benzene + etoh,benzene + etoh,benzene + etoh,2,2,0.10540187808658912,1228.946972852242,0.09540187808658912,0.4814804800730647,0.0
existing/129,existing_real,existing_real,benzene + etoh,benzene + etoh,benzene + etoh,2,2,0.1106817907932044,1297.3858775428544,0.1006817907932044,0.47095859088093384,0.0
existing/130,existing_real,existing_real,benzene + etoh,benzene + etoh,benzene + etoh,2,2,0.10217281571126695,1169.8880562136367,0.09217281571126695,0.48441595476214966,0.0
existing/131,existing_real,existing_real,benzene + etoh,benzene + etoh,benzene + etoh,2,2,0.10864936026884991,1264.4718431639553,0.09864936026884992,0.482852146894388,0.0
existing/132,existing_real,existing_real,benzene + etoh,benzene + etoh,benzene + etoh,2,2,0.11132433203162187,1308.0414964832548,0.10132433203162187,0.4615034073482347,0.0
existing/133,existing_real,existing_real,benzene + etoh,benzene + etoh,benzene + etoh,2,2,0.10785977032053755,1263.4075997099294,0.09785977032053755,0.4704414863031979,0.0
existing/134,existing_real,existing_real,benzene + etoh,benzene + etoh,benzene + etoh,2,2,0.10651330569993994,1243.4326619399558,0.09651330569993995,0.464427024659855,0.0
existing/135,existing_real,existing_real,benzene + etoh,benzene + etoh,benzene + etoh,2,2,0.10402121119111526,1210.01403459936,0.09402121119111527,0.48241399539987706,0.0
existing/136,existing_real,existing_real,benzene + etoh,benzene + etoh,benzene + etoh,2,2,0.10420045364986374,1214.50468841013,0.09420045364986375,0.4838395983470893,0.0
existing/137,existing_real,existing_real,benzene + etoh,benzene + etoh,benzene + etoh,2,2,0.10370479354734717,1203.156810961961,0.09370479354734718,0.48333306714560026,0.0
existing/138,existing_real,existing_real,benzene + etoh,benzene + etoh,benzene + etoh,2,2,0.09872119293741406,1120.2989690483387,0.08872119293741407,0.4801673576132549,0.0
existing/139,existing_real,existing_real,benzene + etoh,benzene + etoh,benzene + etoh,2,2,0.09786901656277805,1106.0790548022999,0.08786901656277805,0.4839251117822235,0.0
existing/140,existing_real,existing_real,benzene + etoh,benzene + etoh,benzene + etoh,2,2,0.10018831371789894,1131.2044026014678,0.09018831371789894,0.48205681671536305,0.0
existing/141,existing_real,existing_real,benzene + etoh,benzene + etoh,benzene + etoh,2,2,0.09561631291073766,1083.115168312176,0.08561631291073767,0.48100511086095243,0.0
existing/142,existing_real,existing_real,benzene + etoh,benzene + etoh,benzene + etoh,2,2,0.09530792730769912,1071.728342739276,0.08530792730769912,0.4839976299347556,0.0
existing/143,existing_real,existing_real,benzene + etoh,benzene + etoh,benzene + etoh,2,2,0.10013655975895312,1123.136521527635,0.09013655975895313,0.47921174483472073,0.0
existing/144,existing_real,existing_real,benzene + meoh,benzene + meoh,benzene + meoh,2,2,0.08857583719693994,1104.9156443632519,0.07857583719693995,0.4275528816109748,9.224940612066622
existing/145,existing_real,existing_real,benzene + meoh,benzene + meoh,benzene + meoh,2,2,0.06901304483932737,792.5200003697911,0.059013044839327365,0.4266847538228581,0.0
existing/146,existing_real,existing_real,benzene + meoh,benzene + meoh,benzene + meoh,2,2,0.07214555538916742,831.6174455262087,0.06214555538916742,0.42623099327658176,0.0
existing/147,existing_real,existing_real,benzene + meoh,benzene + meoh,benzene + meoh,2,2,0.07897804438559533,921.8493243946095,0.06897804438559534,0.4267425516793956,0.0
existing/148,existing_real,existing_real,benzene + meoh,benzene + meoh,benzene + meoh,2,2,0.08999536863279987,1052.599662987096,0.07999536863279988,0.4254953290484376,0.0
existing/149,existing_real,existing_real,benzene + meoh,benzene + meoh,benzene + meoh,2,2,0.0923683558940248,1110.054640895271,0.0823683558940248,0.4263562868424451,0.0
existing/150,existing_real,existing_real,benzene + meoh,benzene + meoh,benzene + meoh,2,2,0.0920029348071742,1119.6327798613404,0.0820029348071742,0.42781039903892465,0.0
existing/151,existing_real,existing_real,benzene + meoh,benzene + meoh,benzene + meoh,2,2,0.0913265691469799,1114.441012545706,0.0813265691469799,0.42726715686206596,0.0
existing/152,existing_real,existing_real,benzene + meoh,benzene + meoh,benzene + meoh,2,2,0.08759131817351366,1063.3498772035118,0.07759131817351367,0.4314340247450933,0.0
existing/153,existing_real,existing_real,benzene + meoh,benzene + meoh,benzene + meoh,2,2,0.08342719674488963,1004.8170221624879,0.07342719674488964,0.42808692796864073,0.0
existing/154,existing_real,existing_real,benzene + meoh,benzene + meoh,benzene + meoh,2,2,0.08292474604120842,1001.6057488572051,0.07292474604120842,0.42702978447103646,0.0
existing/155,existing_real,existing_real,benzene + meoh,benzene + meoh,benzene + meoh,2,2,0.08568060677598945,1058.5938380686791,0.07568060677598945,0.4248709021080959,0.0
existing/156,existing_real,existing_real,benzene + meoh,benzene + meoh,benzene + meoh,2,2,0.0786119689702763,944.3305338320656,0.0686119689702763,0.42689025836626177,0.0
existing/157,existing_real,existing_real,benzene + meoh,benzene + meoh,benzene + meoh,2,2,0.07387439060796407,884.3072966899218,0.06387439060796407,0.42771856125789326,0.0
existing/158,existing_real,existing_real,benzene + meoh,benzene + meoh,benzene + meoh,2,2,0.07165003456112223,852.163975433871,0.06165003456112223,0.42548243952366327,0.0
existing/159,existing_real,existing_real,benzene + meoh,benzene + meoh,benzene + meoh,2,2,0.0712565595807919,842.6434655089291,0.0612565595807919,0.42559431657678676,0.0
existing/160,existing_real,existing_real,benzene + meoh,benzene + meoh,benzene + meoh,2,2,0.06931565816267554,815.7881405281203,0.05931565816267555,0.42419070138997494,0.0
existing/161,existing_real,existing_real,benzene + meoh,benzene + meoh,benzene + meoh,2,2,0.06633734358728793,774.2982547036373,0.05633734358728794,0.4244057839101971,0.0
existing/162,existing_real,existing_real,benzene + meoh,benzene + meoh,benzene + meoh,2,2,0.06320780856189975,732.8509128637,0.05320780856189975,0.4277819799666022,0.0
existing/163,existing_real,existing_real,benzene + meoh,benzene + meoh,benzene + meoh,2,2,0.06132236684914941,707.7454418458473,0.051322366849149405,0.42770977423212786,0.0
existing/164,existing_real,existing_real,benzene + meoh,benzene + meoh,benzene + meoh,2,2,0.05821288784759401,662.7585302667865,0.048212887847594005,0.4258527425050532,0.0
existing/165,existing_real,existing_real,benzene + meoh,benzene + meoh,benzene + meoh,2,2,0.05756750397840919,652.7060777550142,0.04756750397840919,0.4258470454211024,0.0
existing/166,existing_real,existing_real,benzene + meoh,benzene + meoh,benzene + meoh,2,2,0.0840610403895715,1034.8036025956712,0.07406104038957151,0.42700898469683973,0.0
existing/167,existing_real,existing_real,benzene + meoh,benzene + meoh,benzene + meoh,2,2,0.05181611009405168,573.5070708564741,0.04181611009405168,0.426123089987402,0.0
existing/168,existing_real,existing_real,benzene + meoh,benzene + meoh,benzene + meoh,2,2,0.04768796282204789,517.2419750573581,0.03768796282204789,0.42665708930608043,0.0
existing/169,existing_real,existing_real,benzene + meoh,benzene + meoh,benzene + meoh,2,2,0.050180796794735597,552.430123704011,0.040180796794735595,0.42712786186111873,0.0
existing/170,existing_real,existing_real,benzene + meoh,benzene + meoh,benzene + meoh,2,2,0.04642220089717991,498.45565563483393,0.03642220089717991,0.42869116753927233,0.0
existing/171,existing_real,existing_real,benzene + meoh,benzene + meoh,benzene + meoh,2,2,0.044930820661244306,477.29689563150254,0.034930820661244304,0.42400632264535615,0.0
existing/172,existing_real,existing_real,benzene + meoh,benzene + meoh,benzene + meoh,2,2,0.0478082780733656,519.1099081252449,0.0378082780733656,0.42735722756471856,0.0
existing/173,existing_real,existing_real,benzene + meoh,benzene + meoh,benzene + meoh,2,2,0.047302480504433336,510.25021905106564,0.037302480504433334,0.42699976166115117,0.0
existing/174,existing_real,existing_real,benzene + meoh,benzene + meoh,benzene + meoh,2,2,0.08313279346247146,1019.6729078237871,0.07313279346247147,0.4269135918616404,0.0
existing/175,existing_real,existing_real,benzene + meoh,benzene + meoh,benzene + meoh,2,2,0.07961892057224457,962.7280678263161,0.06961892057224457,0.4264544029364094,0.0
existing/176,existing_real,existing_real,benzene + meoh,benzene + meoh,benzene + meoh,2,2,0.07952350140298878,957.2403381974628,0.06952350140298878,0.4252687631306257,0.0
existing/177,existing_real,existing_real,benzene + meoh,benzene + meoh,benzene + meoh,2,2,0.07825831652872049,940.9887784170036,0.0682583165287205,0.42723312887935344,0.0
existing/178,existing_real,existing_real,benzene + meoh,benzene + meoh,benzene + meoh,2,2,0.0757292817716379,899.0005326571059,0.0657292817716379,0.42755015220088893,0.0
existing/179,existing_real,existing_real,benzene + meoh,benzene + meoh,benzene + meoh,2,2,0.07490631034086732,877.8816635053714,0.06490631034086733,0.42567342607528486,0.0
existing/180,existing_real,existing_real,1-dodecanethiol + etoh,1-dodecanethiol + etoh,1-dodecanethiol + etoh,2,2,0.07374066468709206,130.25985888210468,0.06374066468709207,0.41893683055803593,0.0
existing/181,existing_real,existing_real,1-dodecanethiol + etoh,1-dodecanethiol + etoh,1-dodecanethiol + etoh,2,2,0.07741177858509722,132.03978902480827,0.06741177858509723,0.41718131267055647,0.0
existing/182,existing_real,existing_real,1-dodecanethiol + etoh,1-dodecanethiol + etoh,1-dodecanethiol + etoh,2,2,0.07507948944501606,128.29100015982726,0.06507948944501607,0.44019670626927904,0.0
existing/183,existing_real,existing_real,1-dodecanethiol + etoh,1-dodecanethiol + etoh,1-dodecanethiol + etoh,2,2,0.07380207108118188,125.82482665762237,0.06380207108118188,0.4169322317534819,0.0
existing/184,existing_real,existing_real,1-dodecanethiol + etoh,1-dodecanethiol + etoh,1-dodecanethiol + etoh,2,2,0.07372573799223314,130.45379378405633,0.06372573799223315,0.3923758216754696,0.0
existing/185,existing_real,existing_real,1-dodecanethiol + etoh,1-dodecanethiol + etoh,1-dodecanethiol + etoh,2,2,0.07433026155965243,129.9805195519744,0.06433026155965244,0.4652479839566156,0.0
existing/186,existing_real,existing_real,1-dodecanethiol + etoh,1-dodecanethiol + etoh,1-dodecanethiol + etoh,2,2,0.0792658823988076,137.71191177132826,0.0692658823988076,0.4204579462003262,0.0
existing/187,existing_real,existing_real,1-dodecanethiol + etoh,1-dodecanethiol + etoh,1-dodecanethiol + etoh,2,2,0.07595297938524675,130.67448600753391,0.06595297938524676,0.3880106687625123,0.0
existing/188,existing_real,existing_real,1-dodecanethiol + etoh,1-dodecanethiol + etoh,1-dodecanethiol + etoh,2,2,0.07092930545227978,120.57768620425209,0.060929305452279786,0.4336908385652867,0.0
existing/189,existing_real,existing_real,1-dodecanethiol + etoh,1-dodecanethiol + etoh,1-dodecanethiol + etoh,2,2,0.07484303965396087,129.10633717138373,0.06484303965396088,0.41288520515996785,0.0
existing/190,existing_real,existing_real,1-dodecanethiol + etoh,1-dodecanethiol + etoh,1-dodecanethiol + etoh,2,2,0.07529455773977331,135.05408419548198,0.06529455773977332,0.40783402641769345,0.0
existing/191,existing_real,existing_real,1-dodecanethiol + etoh,1-dodecanethiol + etoh,1-dodecanethiol + etoh,2,2,0.07453196629091725,129.82253105851908,0.06453196629091726,0.3942477681808376,0.0
existing/192,existing_real,existing_real,1-dodecanethiol + etoh,1-dodecanethiol + etoh,1-dodecanethiol + etoh,2,2,0.07232257184424548,127.25177862790892,0.062322571844245486,0.4202987117481871,0.0
existing/193,existing_real,existing_real,1-dodecanethiol + etoh,1-dodecanethiol + etoh,1-dodecanethiol + etoh,2,2,0.07674820709801314,134.38672045233966,0.06674820709801314,0.4237922280220577,0.0
existing/194,existing_real,existing_real,1-dodecanethiol + etoh,1-dodecanethiol + etoh,1-dodecanethiol + etoh,2,2,0.07490440351498404,129.22802014841298,0.06490440351498404,0.39985504119233445,0.0
existing/195,existing_real,existing_real,1-dodecanethiol + etoh,1-dodecanethiol + etoh,1-dodecanethiol + etoh,2,2,0.07503027737731331,129.31222740079505,0.06503027737731332,0.41012002345958337,0.0
existing/196,existing_real,existing_real,1-dodecanethiol + etoh,1-dodecanethiol + etoh,1-dodecanethiol + etoh,2,2,0.07569158304672612,130.29706701449143,0.06569158304672612,0.4163459363028093,0.0
existing/197,existing_real,existing_real,1-dodecanethiol + etoh,1-dodecanethiol + etoh,1-dodecanethiol + etoh,2,2,0.07116353516185499,127.1944973668111,0.061163535161854986,0.4104990471438817,0.0
existing/198,existing_real,existing_real,1-dodecanethiol + etoh,1-dodecanethiol + etoh,1-dodecanethiol + etoh,2,2,0.07327897618467535,129.8264991666532,0.06327897618467536,0.39980384130053115,0.0
existing/199,existing_real,existing_real,1-dodecanethiol + etoh,1-dodecanethiol + etoh,1-dodecanethiol + etoh,2,2,0.07674324875816065,135.72875845952908,0.06674324875816065,0.42212311651197204,0.0
existing/200,existing_real,existing_real,1-dodecanethiol + etoh,1-dodecanethiol + etoh,1-dodecanethiol + etoh,2,2,0.0772154518363276,135.08051878359714,0.0672154518363276,0.406426574730916,0.0
existing/201,existing_real,existing_real,1-dodecanethiol + etoh,1-dodecanethiol + etoh,1-dodecanethiol + etoh,2,2,0.07634479639321061,132.7237969165111,0.06634479639321061,0.40721599833332706,0.0
existing/202,existing_real,existing_real,1-dodecanethiol + etoh,1-dodecanethiol + etoh,1-dodecanethiol + etoh,2,2,0.07341759645998878,125.92174518093258,0.06341759645998879,0.4169876928996272,0.0
existing/203,existing_real,existing_real,1-dodecanethiol + etoh,1-dodecanethiol + etoh,1-dodecanethiol + etoh,2,2,0.07485715151159313,130.13408097981608,0.06485715151159313,0.40917300607005774,0.0
existing/204,existing_real,existing_real,1-dodecanethiol + etoh,1-dodecanethiol + etoh,1-dodecanethiol + etoh,2,2,0.07842701881614934,142.85412912178774,0.06842701881614935,0.4114842648752781,0.0
existing/205,existing_real,existing_real,1-dodecanethiol + etoh,1-dodecanethiol + etoh,1-dodecanethiol + etoh,2,2,0.07632567142856582,137.4452056075526,0.06632567142856582,0.39770762639300816,0.0
existing/206,existing_real,existing_real,1-dodecanethiol + etoh,1-dodecanethiol + etoh,1-dodecanethiol + etoh,2,2,0.07801124981739861,139.69062935944942,0.06801124981739862,0.4317549372132696,0.0
existing/207,existing_real,existing_real,1-dodecanethiol + etoh,1-dodecanethiol + etoh,1-dodecanethiol + etoh,2,2,0.07719952265944666,136.55673698513337,0.06719952265944666,0.38396600563944977,0.0
existing/208,existing_real,existing_real,1-dodecanethiol + etoh,1-dodecanethiol + etoh,1-dodecanethiol + etoh,2,2,0.07727948939268586,136.3397727617801,0.06727948939268587,0.4359088080978658,0.0
existing/209,existing_real,existing_real,1-dodecanethiol + etoh,1-dodecanethiol + etoh,1-dodecanethiol + etoh,2,2,0.07813218201319322,138.8711810187435,0.06813218201319322,0.3952580177766071,0.0
existing/210,existing_real,existing_real,1-dodecanethiol + etoh,1-dodecanethiol + etoh,1-dodecanethiol + etoh,2,2,0.07434937970619172,126.37729858967054,0.06434937970619173,0.41727763607255747,0.0
existing/211,existing_real,existing_real,1-dodecanethiol + etoh,1-dodecanethiol + etoh,1-dodecanethiol + etoh,2,2,0.07627900743613762,128.9271280567024,0.06627900743613763,0.4029198744857874,0.0
existing/212,existing_real,existing_real,1-dodecanethiol + etoh,1-dodecanethiol + etoh,1-dodecanethiol + etoh,2,2,0.07360752102878958,124.72416175775814,0.06360752102878958,0.43024873472128683,0.0
existing/213,existing_real,existing_real,1-dodecanethiol + etoh,1-dodecanethiol + etoh,1-dodecanethiol + etoh,2,2,0.0751274623567488,133.28827679726308,0.06512746235674881,0.4108186592916078,0.0
existing/214,existing_real,existing_real,1-dodecanethiol + etoh,1-dodecanethiol + etoh,1-dodecanethiol + etoh,2,2,0.07428535113016992,129.56552339508593,0.06428535113016992,0.43129998619952764,0.0
existing/215,existing_real,existing_real,1-dodecanethiol + etoh,1-dodecanethiol + etoh,1-dodecanethiol + etoh,2,2,0.0728557724821318,125.36156268832288,0.06285577248213181,0.4190148539022068,0.0
existing/216,existing_real,existing_real,etoh + meoh,etoh + meoh,etoh + meoh,2,2,0.10286378920448846,162.7814764829067,0.09286378920448847,0.4191697033773392,0.0
existing/217,existing_real,existing_real,etoh + meoh,etoh + meoh,etoh + meoh,2,2,0.10280553572063271,163.20718531916347,0.09280553572063271,0.42101970224907553,0.0
existing/218,existing_real,existing_real,etoh + meoh,etoh + meoh,etoh + meoh,2,2,0.10402874668918922,164.6804548877272,0.09402874668918923,0.4204786091730566,0.0
existing/219,existing_real,existing_real,etoh + meoh,etoh + meoh,etoh + meoh,2,2,0.10685239224942175,170.642708096031,0.09685239224942176,0.42096622602463085,0.0
existing/220,existing_real,existing_real,etoh + meoh,etoh + meoh,etoh + meoh,2,2,0.1001696400042941,157.43551447033488,0.0901696400042941,0.4193961571114211,0.0
existing/221,existing_real,existing_real,etoh + meoh,etoh + meoh,etoh + meoh,2,2,0.10589596563085824,166.1026769273958,0.09589596563085824,0.4188726514832316,0.0
existing/222,existing_real,existing_real,etoh + meoh,etoh + meoh,etoh + meoh,2,2,0.1072006953776804,170.27158280292338,0.0972006953776804,0.4207324750509425,0.0
existing/223,existing_real,existing_real,etoh + meoh,etoh + meoh,etoh + meoh,2,2,0.10421249734795181,164.04506173714503,0.09421249734795181,0.4223590988150764,0.0
existing/224,existing_real,existing_real,etoh + meoh,etoh + meoh,etoh + meoh,2,2,0.09820237630413009,154.0497593300383,0.0882023763041301,0.42075834718429206,0.0
existing/225,existing_real,existing_real,etoh + meoh,etoh + meoh,etoh + meoh,2,2,0.1040367042643626,164.53416634557644,0.0940367042643626,0.4183421120357429,0.0
existing/226,existing_real,existing_real,etoh + meoh,etoh + meoh,etoh + meoh,2,2,0.09781128013455999,152.0171672274903,0.08781128013456,0.42292872007113014,0.0
existing/227,existing_real,existing_real,etoh + meoh,etoh + meoh,etoh + meoh,2,2,0.10431496653930261,166.22715300662338,0.09431496653930262,0.4223599699735055,0.0
existing/228,existing_real,existing_real,etoh + meoh,etoh + meoh,etoh + meoh,2,2,0.1038793728103141,164.02190360461032,0.09387937281031411,0.421241804014386,0.0
existing/229,existing_real,existing_real,etoh + meoh,etoh + meoh,etoh + meoh,2,2,0.10566858103288311,167.35460333461901,0.09566858103288312,0.42099371305938793,0.0
existing/230,existing_real,existing_real,etoh + meoh,etoh + meoh,etoh + meoh,2,2,0.10458295752724017,165.27865200615133,0.09458295752724018,0.41962047452147955,0.0
existing/231,existing_real,existing_real,etoh + meoh,etoh + meoh,etoh + meoh,2,2,0.10197431715799087,159.51971038791004,0.09197431715799087,0.42072076129101627,0.0
existing/232,existing_real,existing_real,etoh + meoh,etoh + meoh,etoh + meoh,2,2,0.09977049414572657,156.30898326977558,0.08977049414572658,0.4185749483886801,0.0
existing/233,existing_real,existing_real,etoh + meoh,etoh + meoh,etoh + meoh,2,2,0.09922697648745495,155.4049420787182,0.08922697648745495,0.4170104645066431,0.0
existing/234,existing_real,existing_real,etoh + meoh,etoh + meoh,etoh + meoh,2,2,0.09557073656344386,148.99989284175967,0.08557073656344387,0.42186333571850165,0.0
existing/235,existing_real,existing_real,etoh + meoh,etoh + meoh,etoh + meoh,2,2,0.10281668983973645,161.4627000344117,0.09281668983973645,0.4213859485150434,0.0
existing/236,existing_real,existing_real,etoh + meoh,etoh + meoh,etoh + meoh,2,2,0.09993353002381437,155.30673748053795,0.08993353002381438,0.41891568831038956,0.0
existing/237,existing_real,existing_real,etoh + meoh,etoh + meoh,etoh + meoh,2,2,0.09966663003033442,155.3506258144197,0.08966663003033443,0.42298547037477385,0.0
existing/238,existing_real,existing_real,etoh + meoh,etoh + meoh,etoh + meoh,2,2,0.10217464205662186,162.3873161568028,0.09217464205662186,0.41765446804051326,0.0
existing/239,existing_real,existing_real,etoh + meoh,etoh + meoh,etoh + meoh,2,2,0.10033172020482381,156.63250244165036,0.09033172020482381,0.41826524116724717,0.0
existing/240,existing_real,existing_real,etoh + meoh,etoh + meoh,etoh + meoh,2,2,0.09847421201273346,153.5598811921483,0.08847421201273346,0.4162184114383181,0.0
existing/241,existing_real,existing_real,etoh + meoh,etoh + meoh,etoh + meoh,2,2,0.10449719593764188,164.86715925868157,0.09449719593764189,0.4227026758658974,0.0
existing/242,existing_real,existing_real,etoh + meoh,etoh + meoh,etoh + meoh,2,2,0.09848878586881936,154.48266121704856,0.08848878586881936,0.42095660526151324,0.0
existing/243,existing_real,existing_real,etoh + meoh,etoh + meoh,etoh + meoh,2,2,0.10185980176770605,160.04895603417643,0.09185980176770606,0.4207816248573461,0.0
existing/244,existing_real,existing_real,etoh + meoh,etoh + meoh,etoh + meoh,2,2,0.101581935933378,158.75154890516436,0.091581935933378,0.42212943798033914,0.0
existing/245,existing_real,existing_real,etoh + meoh,etoh + meoh,etoh + meoh,2,2,0.10001041900900488,156.9710131991033,0.09001041900900489,0.4181917683373671,0.0
existing/246,existing_real,existing_real,etoh + meoh,etoh + meoh,etoh + meoh,2,2,0.10302647305896175,160.04610893121588,0.09302647305896175,0.41853663742596725,0.0
existing/247,existing_real,existing_real,etoh + meoh,etoh + meoh,etoh + meoh,2,2,0.10098861437630417,157.46989234442407,0.09098861437630418,0.41761573521916495,0.0
existing/248,existing_real,existing_real,etoh + meoh,etoh + meoh,etoh + meoh,2,2,0.1048230880343595,164.72436761186736,0.0948230880343595,0.42156313317631905,0.0
existing/249,existing_real,existing_real,etoh + meoh,etoh + meoh,etoh + meoh,2,2,0.10222239729500207,161.4760092109659,0.09222239729500208,0.41923745940075796,0.0
existing/250,existing_real,existing_real,etoh + meoh,etoh + meoh,etoh + meoh,2,2,0.09900371644688226,153.93449306886615,0.08900371644688226,0.41894847546155456,0.0
existing/251,existing_real,existing_real,etoh + meoh,etoh + meoh,etoh + meoh,2,2,0.10145706024757895,158.74079102796836,0.09145706024757895,0.4179185084302814,0.0
existing/252,existing_real,existing_real,etoh + meoh,etoh + meoh,etoh + meoh,2,2,0.10145325232173055,159.04797982006843,0.09145325232173056,0.4202363892042625,0.0
existing/253,existing_real,existing_real,etoh + meoh,etoh + meoh,etoh + meoh,2,2,0.10605318705459643,166.20840233678837,0.09605318705459644,0.41814630476919246,0.0
existing/254,existing_real,existing_real,etoh + meoh,etoh + meoh,etoh + meoh,2,2,0.10459916445043899,162.7525617269586,0.09459916445043899,0.4236015275385962,0.0
existing/255,existing_real,existing_real,etoh + meoh,etoh + meoh,etoh + meoh,2,2,0.10013380992202955,154.32215871772817,0.09013380992202956,0.41564050182820883,0.0
existing/256,existing_real,existing_real,etoh + meoh,etoh + meoh,etoh + meoh,2,2,0.10176586208374185,156.7840432292546,0.09176586208374185,0.41796221842578934,0.0
existing/257,existing_real,existing_real,etoh + meoh,etoh + meoh,etoh + meoh,2,2,0.09715345952470021,149.8894917588248,0.08715345952470022,0.41899277109551214,0.0
existing/258,existing_real,existing_real,etoh + meoh,etoh + meoh,etoh + meoh,2,2,0.09968021522354427,154.70818685741312,0.08968021522354427,0.41685944166823746,0.0
existing/259,existing_real,existing_real,etoh + meoh,etoh + meoh,etoh + meoh,2,2,0.1026007877974909,160.76426822959542,0.09260078779749091,0.4179700249943706,0.0
existing/260,existing_real,existing_real,etoh + meoh,etoh + meoh,etoh + meoh,2,2,0.10206982106142178,160.53034516669885,0.09206982106142178,0.4211395685786182,0.0
existing/261,existing_real,existing_real,etoh + meoh,etoh + meoh,etoh + meoh,2,2,0.10290075002116611,163.45678047545547,0.09290075002116611,0.41689687707846834,0.0
existing/262,existing_real,existing_real,etoh + meoh,etoh + meoh,etoh + meoh,2,2,0.1064673007542202,167.65795601008148,0.0964673007542202,0.41859208791429287,0.0
existing/263,existing_real,existing_real,etoh + meoh,etoh + meoh,etoh + meoh,2,2,0.10161239747722638,161.16651901588844,0.09161239747722638,0.41760911577308185,0.0
existing/264,existing_real,existing_real,etoh + meoh,etoh + meoh,etoh + meoh,2,2,0.10173022635025053,159.14218965795587,0.09173022635025053,0.4171501120700294,0.0
existing/265,existing_real,existing_real,1-dodecanethiol + meoh,1-dodecanethiol + meoh,1-dodecanethiol + meoh,2,2,0.09450179065884777,164.3500161234137,0.08450179065884778,0.1332690772155131,26.336381582809253
existing/266,existing_real,existing_real,1-dodecanethiol + meoh,1-dodecanethiol + meoh,1-dodecanethiol + meoh,2,2,0.08833808840757729,144.2919891990024,0.07833808840757729,0.1373518694133807,16.941777244769227
existing/267,existing_real,existing_real,1-dodecanethiol + meoh,1-dodecanethiol + meoh,1-dodecanethiol + meoh,2,2,0.09912811247380586,152.3362723221774,0.08912811247380586,0.10515070327653298,29.94455682533662
existing/268,existing_real,existing_real,1-dodecanethiol + meoh,1-dodecanethiol + meoh,1-dodecanethiol + meoh,2,2,0.0955621662687921,154.77107091082271,0.08556216626879211,0.09927245990082945,53.40157935862971
existing/269,existing_real,existing_real,1-dodecanethiol + meoh,1-dodecanethiol + meoh,1-dodecanethiol + meoh,2,2,0.09088864802766637,167.1633836970681,0.08088864802766638,0.09248308859154898,29.813870182168387
existing/270,existing_real,existing_real,1-dodecanethiol + meoh,1-dodecanethiol + meoh,1-dodecanethiol + meoh,2,2,0.08795015516872079,157.15116426487168,0.0779501551687208,0.09689604982355791,18.817503095811052
existing/271,existing_real,existing_real,1-dodecanethiol + meoh,1-dodecanethiol + meoh,1-dodecanethiol + meoh,2,2,0.10580038723127166,151.44020290433843,0.09580038723127167,0.12209785957418876,25.202367539708174
existing/272,existing_real,existing_real,1-dodecanethiol + meoh,1-dodecanethiol + meoh,1-dodecanethiol + meoh,2,2,0.10265297704344815,139.1228759934493,0.09265297704344816,0.14009183040674975,44.30611031201099
existing/273,existing_real,existing_real,1-dodecanethiol + meoh,1-dodecanethiol + meoh,1-dodecanethiol + meoh,2,2,0.09231856421696398,144.84200285920173,0.08231856421696399,0.11766546020157424,21.689343221048198
existing/274,existing_real,existing_real,1-dodecanethiol + meoh,1-dodecanethiol + meoh,1-dodecanethiol + meoh,2,2,0.09805589450773344,144.43182571898686,0.08805589450773345,0.12361667934116091,39.690068530467805
existing/275,existing_real,existing_real,1-dodecanethiol + meoh,1-dodecanethiol + meoh,1-dodecanethiol + meoh,2,2,0.11070375821491019,136.9988792122198,0.10070375821491019,0.14453281652483974,42.53043233231689
existing/276,existing_real,existing_real,1-dodecanethiol + meoh,1-dodecanethiol + meoh,1-dodecanethiol + meoh,2,2,0.09766216326900465,124.27764558831909,0.08766216326900465,0.14140740465751298,27.69534866245133
existing/277,existing_real,existing_real,1-dodecanethiol + meoh,1-dodecanethiol + meoh,1-dodecanethiol + meoh,2,2,0.09045102295861204,146.7255461021993,0.08045102295861205,0.13354925845968477,27.383450283040087
existing/278,existing_real,existing_real,1-dodecanethiol + meoh,1-dodecanethiol + meoh,1-dodecanethiol + meoh,2,2,0.09300563064110803,147.97996670068514,0.08300563064110804,0.12083999126210464,24.152386350965973
existing/279,existing_real,existing_real,1-dodecanethiol + meoh,1-dodecanethiol + meoh,1-dodecanethiol + meoh,2,2,0.08791380308898955,153.42232627783304,0.07791380308898956,0.1145706249411767,16.117105668849334
existing/280,existing_real,existing_real,1-dodecanethiol + meoh,1-dodecanethiol + meoh,1-dodecanethiol + meoh,2,2,0.09338855652532721,161.13648217450424,0.08338855652532721,0.11776497421460548,15.849074585623484
existing/281,existing_real,existing_real,1-dodecanethiol + meoh,1-dodecanethiol + meoh,1-dodecanethiol + meoh,2,2,0.1014737370729873,150.82656104070696,0.09147373707298731,0.13202055612417393,24.228207019034816
existing/282,existing_real,existing_real,1-dodecanethiol + meoh,1-dodecanethiol + meoh,1-dodecanethiol + meoh,2,2,0.102899433327834,142.43624258126056,0.092899433327834,0.13796573468498477,26.59253329023947
existing/283,existing_real,existing_real,1-dodecanethiol + meoh,1-dodecanethiol + meoh,1-dodecanethiol + meoh,2,2,0.10833252243668341,142.64703435928718,0.09833252243668342,0.1465859491315539,30.923026071350186
existing/284,existing_real,existing_real,1-dodecanethiol + meoh,1-dodecanethiol + meoh,1-dodecanethiol + meoh,2,2,0.0925757866950535,130.16462158952666,0.0825757866950535,0.1387021192727717,18.695154057379515
existing/285,existing_real,existing_real,1-dodecanethiol + meoh,1-dodecanethiol + meoh,1-dodecanethiol + meoh,2,2,0.09248090278325694,138.13212577739566,0.08248090278325694,0.14604825247315836,20.415508992805936
existing/286,existing_real,existing_real,1-dodecanethiol + meoh,1-dodecanethiol + meoh,1-dodecanethiol + meoh,2,2,0.09874285584590124,131.84990829905956,0.08874285584590125,0.14500939465868656,27.925521963600975
existing/287,existing_real,existing_real,1-dodecanethiol + meoh,1-dodecanethiol + meoh,1-dodecanethiol + meoh,2,2,0.08983111493115306,132.60206977795488,0.07983111493115307,0.14458225279305276,19.47806461989599
existing/288,existing_real,existing_real,1-dodecanethiol + meoh,1-dodecanethiol + meoh,1-dodecanethiol + meoh,2,2,0.08794662441437767,143.29576601156427,0.07794662441437768,0.1355608729967295,17.303437731479505
existing/289,existing_real,existing_real,1-dodecanethiol + meoh,1-dodecanethiol + meoh,1-dodecanethiol + meoh,2,2,0.09034850115684488,136.92079324756776,0.08034850115684489,0.152090098517774,18.32972467899698
existing/290,existing_real,existing_real,1-dodecanethiol + meoh,1-dodecanethiol + meoh,1-dodecanethiol + meoh,2,2,0.08390077957858684,148.75312105717987,0.07390077957858684,0.14839376838204965,2.423250246845011
existing/291,existing_real,existing_real,1-dodecanethiol + meoh,1-dodecanethiol + meoh,1-dodecanethiol + meoh,2,2,0.08106606511231987,151.91589359687512,0.07106606511231987,0.15060921345874195,9.447560246017861
existing/292,existing_real,existing_real,1-dodecanethiol + meoh,1-dodecanethiol + meoh,1-dodecanethiol + meoh,2,2,0.08617922319611787,154.95930817849688,0.07617922319611788,0.16880616209442315,7.1713029662752215
existing/293,existing_real,existing_real,1-dodecanethiol + meoh,1-dodecanethiol + meoh,1-dodecanethiol + meoh,2,2,0.08190464286748876,150.19137833518144,0.07190464286748877,0.1748385727964952,9.793312675353166
existing/294,existing_real,existing_real,1-dodecanethiol + meoh,1-dodecanethiol + meoh,1-dodecanethiol + meoh,2,2,0.08294345307843691,146.2941021747576,0.07294345307843692,0.19323794682661594,2.3950261334904415
existing/295,existing_real,existing_real,1-dodecanethiol + meoh,1-dodecanethiol + meoh,1-dodecanethiol + meoh,2,2,0.08859492865166044,139.8653189956284,0.07859492865166044,0.2361091390303179,0.0
existing/296,existing_real,existing_real,1-dodecanethiol + meoh,1-dodecanethiol + meoh,1-dodecanethiol + meoh,2,2,0.09355760068004096,122.51009208526197,0.08355760068004096,0.27624760955202526,3.81352628247468
existing/297,existing_real,existing_real,1-dodecanethiol + meoh,1-dodecanethiol + meoh,1-dodecanethiol + meoh,2,2,0.11451942938215195,115.01945378660722,0.10451942938215196,0.23220693513789006,18.65677610119246
existing/298,existing_real,existing_real,1-dodecanethiol + meoh,1-dodecanethiol + meoh,1-dodecanethiol + meoh,2,2,0.11242699029216584,119.83303880913564,0.10242699029216584,0.27209749731987365,18.54536018617202
existing/299,existing_real,existing_real,1-dodecanethiol + meoh,1-dodecanethiol + meoh,1-dodecanethiol + meoh,2,2,0.08632353922012535,148.87168914964653,0.07632353922012536,0.13047922302243972,33.456080199426815
existing/300,existing_real,existing_real,1-dodecanethiol + meoh,1-dodecanethiol + meoh,1-dodecanethiol + meoh,2,2,0.08814755199342542,114.23159807118849,0.07814755199342542,0.33261558841722544,0.0
existing/301,existing_real,existing_real,1-dodecanethiol + meoh,1-dodecanethiol + meoh,1-dodecanethiol + meoh,2,2,0.09721006407587994,113.74724540573486,0.08721006407587995,0.3297825857905661,5.496978761823603
existing/302,existing_real,existing_real,1-dodecanethiol + meoh,1-dodecanethiol + meoh,1-dodecanethiol + meoh,2,2,0.10436537825507458,113.23104294572734,0.09436537825507459,0.28209246403423144,16.92830056164761
existing/303,existing_real,existing_real,1-dodecanethiol + meoh,1-dodecanethiol + meoh,1-dodecanethiol + meoh,2,2,0.1089466253868292,122.67814159504535,0.0989466253868292,0.276932977075972,14.943894509182012
existing/304,existing_real,existing_real,1-dodecanethiol + meoh,1-dodecanethiol + meoh,1-dodecanethiol + meoh,2,2,0.10532722209698281,113.53005924863342,0.09532722209698281,0.3661879889065781,11.934952289794921
existing/305,existing_real,existing_real,1-dodecanethiol + meoh,1-dodecanethiol + meoh,1-dodecanethiol + meoh,2,2,0.09453033630466696,129.08179751028436,0.08453033630466697,0.4491102472373634,0.0
existing/306,existing_real,existing_real,1-dodecanethiol + meoh,1-dodecanethiol + meoh,1-dodecanethiol + meoh,2,2,0.09837996535709025,136.61556232894438,0.08837996535709025,0.4869760290539644,0.0
existing/307,existing_real,existing_real,1-dodecanethiol + meoh,1-dodecanethiol + meoh,1-dodecanethiol + meoh,2,2,0.10188395616562856,142.65952770952393,0.09188395616562857,0.4833883556354134,0.0
existing/308,existing_real,existing_real,1-dodecanethiol + meoh,1-dodecanethiol + meoh,1-dodecanethiol + meoh,2,2,0.10407505979843582,137.42902521499946,0.09407505979843582,0.43957607506016527,0.0
existing/309,existing_real,existing_real,1-dodecanethiol + meoh,1-dodecanethiol + meoh,1-dodecanethiol + meoh,2,2,0.10424381869091376,130.35355410200512,0.09424381869091376,0.3989161114200891,0.0
existing/310,existing_real,existing_real,1-dodecanethiol + meoh,1-dodecanethiol + meoh,1-dodecanethiol + meoh,2,2,0.08656349877687607,158.71125373509557,0.07656349877687607,0.12658312778821634,13.616152533297596
existing/311,existing_real,existing_real,1-dodecanethiol + meoh,1-dodecanethiol + meoh,1-dodecanethiol + meoh,2,2,0.10658372590877291,118.19354673123085,0.09658372590877291,0.3648876460660741,0.0
existing/312,existing_real,existing_real,1-dodecanethiol + meoh,1-dodecanethiol + meoh,1-dodecanethiol + meoh,2,2,0.10809147298367848,103.23810794658674,0.09809147298367848,0.34127175904138224,0.0
existing/313,existing_real,existing_real,1-dodecanethiol + meoh,1-dodecanethiol + meoh,1-dodecanethiol + meoh,2,2,0.10750317048352878,99.68021282435836,0.09750317048352879,0.2943762943981932,0.0
existing/314,existing_real,existing_real,1-dodecanethiol + meoh,1-undecanethiol + meoh,1-undecanethiol + meoh,2,2,0.10970991750720752,92.63998043083744,0.09970991750720752,0.2954178713226796,0.0
existing/315,existing_real,existing_real,1-dodecanethiol + meoh,1-undecanethiol + meoh,1-undecanethiol + meoh,2,2,0.11945186632895977,88.91611341354162,0.10945186632895977,0.28939751788840934,0.0
existing/316,existing_real,existing_real,1-dodecanethiol + meoh,1-undecanethiol + meoh,1-undecanethiol + meoh,2,2,0.127429085701217,79.1006376263198,0.11742908570121699,0.29309701000599425,11.908379575358444
existing/317,existing_real,existing_real,1-dodecanethiol + meoh,1-undecanethiol + meoh,1-undecanethiol + meoh,2,2,0.13592608686426152,68.88196389120222,0.12592608686426152,0.3149191549961036,14.553568120988434
existing/318,existing_real,existing_real,1-dodecanethiol + meoh,1-dodecanethiol + meoh,1-dodecanethiol + meoh,2,2,0.17294659614034882,64.93138622018152,0.16294659614034882,0.3639788954313733,35.796090588475344
existing/319,existing_real,existing_real,1-dodecanethiol + meoh,1-dodecanethiol + meoh,1-dodecanethiol + meoh,2,2,0.16622599392820553,58.550147602113164,0.15622599392820552,0.33165307786051895,24.10968583357535
existing/320,existing_real,existing_real,1-dodecanethiol + meoh,1-undecanethiol + meoh,1-undecanethiol + meoh,2,2,0.17229972459934056,62.96375460149544,0.16229972459934056,0.292685749948811,31.467185047221882
existing/321,existing_real,existing_real,1-dodecanethiol + meoh,1-dodecanethiol + meoh,1-dodecanethiol + meoh,2,2,0.08179512209064013,146.6393664642252,0.07179512209064014,0.125837453257249,20.894187990136682
existing/322,existing_real,existing_real,1-dodecanethiol + meoh,1-undecanethiol + meoh,1-undecanethiol + meoh,2,2,0.16753594983856912,60.88737215313468,0.1575359498385691,0.27999635466657263,25.079968990753684
existing/323,existing_real,existing_real,1-dodecanethiol + meoh,1-undecanethiol + meoh,1-undecanethiol + meoh,2,2,0.1938012050037251,54.56669392770779,0.1838012050037251,0.2995071997182229,35.201231360754164
existing/324,existing_real,existing_real,1-dodecanethiol + meoh,1-undecanethiol + meoh,1-undecanethiol + meoh,2,2,0.22144892052461548,51.590248420186434,0.21144892052461547,0.3312389197516085,45.138751850622526
existing/325,existing_real,existing_real,1-dodecanethiol + meoh,1-dodecanethiol + meoh,1-dodecanethiol + meoh,2,2,0.24604167681236683,51.31883743096156,0.23604167681236682,0.32007169212067177,42.64358845941491
existing/326,existing_real,existing_real,1-dodecanethiol + meoh,1-dodecanethiol + meoh,1-dodecanethiol + meoh,2,2,0.2748379640590416,49.46602271135298,0.2648379640590416,0.3433710240965061,48.494040452159716
existing/327,existing_real,existing_real,1-dodecanethiol + meoh,1-dodecanethiol + meoh,1-dodecanethiol + meoh,2,2,0.29262727239141223,48.12249855600638,0.2826272723914122,0.3973540390534564,50.56836598412292
existing/328,existing_real,existing_real,1-dodecanethiol + meoh,1-dodecanethiol + meoh,1-dodecanethiol + meoh,2,2,0.30573060832062937,45.1946511208477,0.29573060832062936,0.42797080137200466,47.610210009595946
existing/329,existing_real,existing_real,1-dodecanethiol + meoh,1-dodecanethiol + meoh,1-dodecanethiol + meoh,2,2,0.3270941128946471,46.19294812481959,0.3170941128946471,0.4446175050960889,49.86246731548431
existing/330,existing_real,existing_real,1-dodecanethiol + meoh,1-dodecanethiol + meoh,1-dodecanethiol + meoh,2,2,0.3388319600975671,43.589347460170025,0.3288319600975671,0.46994116671360864,51.30534523962286
existing/331,existing_real,existing_real,1-dodecanethiol + meoh,1-dodecanethiol + meoh,1-dodecanethiol + meoh,2,2,0.08116860859291845,143.52092608105997,0.07116860859291846,0.13302132932273994,22.205737275443074
existing/332,existing_real,existing_real,1-dodecanethiol + meoh,1-dodecanethiol + meoh,1-dodecanethiol + meoh,2,2,0.07901107316258077,136.83982320930468,0.06901107316258077,0.1346888232213533,13.238525527123512
existing/333,existing_real,existing_real,1-dodecanethiol + meoh,1-dodecanethiol + meoh,1-dodecanethiol + meoh,2,2,0.07871254429763996,133.26090835144046,0.06871254429763997,0.1374469753644739,20.299196721995774
existing/334,existing_real,existing_real,1-dodecanethiol + meoh,1-dodecanethiol + meoh,1-dodecanethiol + meoh,2,2,0.08244503649305165,143.29962121228067,0.07244503649305166,0.13918417979662287,28.095087202744438
existing/335,existing_real,existing_real,1-dodecanethiol + meoh,1-dodecanethiol + meoh,1-dodecanethiol + meoh,2,2,0.11189250895354513,166.62184489960282,0.10189250895354514,0.1337650693955103,40.12035302381026
existing/336,existing_real,existing_real,1-dodecanethiol + meoh,1-dodecanethiol + meoh,1-dodecanethiol + meoh,2,2,0.07572579683803286,126.32554035312458,0.06572579683803287,0.14682256500009902,25.749834213704855
existing/337,existing_real,existing_real,1-dodecanethiol + meoh,1-dodecanethiol + meoh,1-dodecanethiol + meoh,2,2,0.08158432279208569,138.01539262880797,0.0715843227920857,0.14923404804449078,18.88596932918356
existing/338,existing_real,existing_real,1-dodecanethiol + meoh,1-dodecanethiol + meoh,1-dodecanethiol + meoh,2,2,0.07939378572150191,132.35311811057616,0.06939378572150191,0.14993454455811486,18.975526281255
existing/339,existing_real,existing_real,1-dodecanethiol + meoh,1-dodecanethiol + meoh,1-dodecanethiol + meoh,2,2,0.07767800055733302,124.60310916318174,0.06767800055733303,0.1562076883911033,19.823758124345332
existing/340,existing_real,existing_real,1-dodecanethiol + meoh,1-dodecanethiol + meoh,1-dodecanethiol + meoh,2,2,0.07840866175085463,125.08720598486683,0.06840866175085464,0.15644000809534364,14.737703543975172
existing/341,existing_real,existing_real,1-dodecanethiol + meoh,1-dodecanethiol + meoh,1-dodecanethiol + meoh,2,2,0.08051866416339977,133.10247095783342,0.07051866416339977,0.1547040795654028,35.64525088921566
existing/342,existing_real,existing_real,1-dodecanethiol + meoh,1-dodecanethiol + meoh,1-dodecanethiol + meoh,2,2,0.07727307945764197,121.99942489344755,0.06727307945764198,0.16331476750602386,22.988728586603386
existing/343,existing_real,existing_real,1-dodecanethiol + meoh,1-dodecanethiol + meoh,1-dodecanethiol + meoh,2,2,0.0826672536512074,135.69893704529258,0.07266725365120741,0.15836033139898775,25.186060708300065
existing/344,existing_real,existing_real,1-dodecanethiol + meoh,1-dodecanethiol + meoh,1-dodecanethiol + meoh,2,2,0.08201676395210998,138.563293565944,0.07201676395210999,0.14381662991576263,23.99394522514747
existing/345,existing_real,existing_real,1-dodecanethiol + meoh,1-dodecanethiol + meoh,1-dodecanethiol + meoh,2,2,0.08467924796594266,144.7077883881239,0.07467924796594266,0.1408419520496097,27.667701641548092
existing/346,existing_real,existing_real,1-dodecanethiol + meoh,1-dodecanethiol + meoh,1-dodecanethiol + meoh,2,2,0.12592527406530826,130.16300811913578,0.11592527406530825,0.16655729182752407,56.20930535123903
existing/347,existing_real,existing_real,1-dodecanethiol + meoh,1-dodecanethiol + meoh,1-dodecanethiol + meoh,2,2,0.08309141945598325,144.45620366962444,0.07309141945598326,0.14004717604903338,18.42138476608272
existing/348,existing_real,existing_real,1-dodecanethiol + meoh,1-dodecanethiol + meoh,1-dodecanethiol + meoh,2,2,0.08459236968930016,151.81179362071117,0.07459236968930016,0.14195971142389577,32.21376841301966
existing/349,existing_real,existing_real,1-dodecanethiol + meoh,1-dodecanethiol + meoh,1-dodecanethiol + meoh,2,2,0.07669253213559389,130.2543820116591,0.0666925321355939,0.15256993306297353,27.506406297038627
existing/350,existing_real,existing_real,1-dodecanethiol + meoh,1-dodecanethiol + meoh,1-dodecanethiol + meoh,2,2,0.08528380382001402,143.38872364348686,0.07528380382001403,0.15245498654893638,19.010316477014147
existing/351,existing_real,existing_real,1-dodecanethiol + meoh,1-dodecanethiol + meoh,1-dodecanethiol + meoh,2,2,0.08200728346640941,140.22801322015545,0.07200728346640942,0.14782090807457438,23.83650122762878
existing/352,existing_real,existing_real,1-dodecanethiol + meoh,1-dodecanethiol + meoh,1-dodecanethiol + meoh,2,2,0.07968239858775222,131.1993704694202,0.06968239858775223,0.158868257166047,21.048133825574695
existing/353,existing_real,existing_real,1-dodecanethiol + meoh,1-dodecanethiol + meoh,1-dodecanethiol + meoh,2,2,0.08017166265217343,132.3953756022135,0.07017166265217344,0.157603666870597,24.80824447764449
existing/354,existing_real,existing_real,1-dodecanethiol + meoh,1-dodecanethiol + meoh,1-dodecanethiol + meoh,2,2,0.09295521301654845,168.19410707037736,0.08295521301654846,0.09718079173183329,37.962512692563735
existing/355,existing_real,existing_real,1-dodecanethiol + meoh,1-dodecanethiol + meoh,1-dodecanethiol + meoh,2,2,0.09420186699047796,172.88774065607987,0.08420186699047796,0.09225403465254961,38.85996146806256
existing/356,existing_real,existing_real,1-dodecanethiol + meoh,1-dodecanethiol + meoh,1-dodecanethiol + meoh,2,2,0.08888103832751759,159.72347646458041,0.0788810383275176,0.08777326455572357,46.48419131039547
existing/357,existing_real,existing_real,1-dodecanethiol + meoh,1-dodecanethiol + meoh,1-dodecanethiol + meoh,2,2,0.10246194522201497,153.30865597373773,0.09246194522201498,0.13231364494371506,28.714676980471925
existing/358,existing_real,existing_real,1-dodecanethiol + meoh,1-dodecanethiol + meoh,1-dodecanethiol + meoh,2,2,0.09377557186841383,157.6003299821105,0.08377557186841383,0.0985682586939396,38.7209066378828
existing/359,existing_real,existing_real,1-dodecanethiol + meoh,1-dodecanethiol + meoh,1-dodecanethiol + meoh,2,2,0.09167690230111955,156.31794839476782,0.08167690230111956,0.106783767200642,25.059408658655666
existing/360,existing_real,existing_real,1-dodecanethiol + meoh,1-dodecanethiol + meoh,1-dodecanethiol + meoh,2,2,0.09111246663202167,151.43593695241105,0.08111246663202168,0.1034468377000194,31.677924502716067
existing/361,existing_real,existing_real,1-dodecanethiol + meoh,1-dodecanethiol + meoh,1-dodecanethiol + meoh,2,2,0.09183345652438323,154.1825445832082,0.08183345652438323,0.09886130601343192,34.69490291112809
existing/362,existing_real,existing_real,1-dodecanethiol + meoh,1-dodecanethiol + meoh,1-dodecanethiol + meoh,2,2,0.09605872746401707,155.34527478068102,0.08605872746401708,0.11098601387922429,40.44282046932642
existing/363,existing_real,existing_real,1-dodecanethiol + meoh,1-dodecanethiol + meoh,1-dodecanethiol + meoh,2,2,0.09401899775218983,159.47714816439304,0.08401899775218984,0.10675331365734245,27.06520077880839
existing/364,existing_real,existing_real,1-dodecanethiol + meoh,1-dodecanethiol + meoh,1-dodecanethiol + meoh,2,2,0.08759005835053274,152.24018952141222,0.07759005835053275,0.11087451029002279,15.500628088490304
existing/365,existing_real,existing_real,1-dodecanethiol + meoh,1-dodecanethiol + meoh,1-dodecanethiol + meoh,2,2,0.0909333652376703,144.5532716367879,0.08093336523767031,0.1230996464871254,24.334355369125035
existing/366,existing_real,existing_real,1-dodecanethiol + meoh,1-dodecanethiol + meoh,1-dodecanethiol + meoh,2,2,0.09597766561280759,141.08166237392285,0.08597766561280759,0.13728732258166357,21.67115485947206
existing/367,existing_real,existing_real,1-dodecanethiol + meoh,1-dodecanethiol + meoh,1-dodecanethiol + meoh,2,2,0.09119364082917075,134.48020468262217,0.08119364082917076,0.13409519406377138,23.387557463824795
existing/368,existing_real,existing_real,1-dodecanethiol + meoh,1-dodecanethiol + meoh,1-dodecanethiol + meoh,2,2,0.10918506062472948,166.7999725946178,0.09918506062472948,0.1598464023374004,16.20639452084492
existing/369,existing_real,existing_real,1-dodecanethiol + meoh,1-dodecanethiol + meoh,1-dodecanethiol + meoh,2,2,0.09643676066177007,130.04433804905835,0.08643676066177007,0.15942234301425826,21.901170604363067
existing/370,existing_real,existing_real,1-dodecanethiol + meoh,1-dodecanethiol + meoh,1-dodecanethiol + meoh,2,2,0.09526336420928087,124.68691244425536,0.08526336420928088,0.1704710697749521,24.545610249018495
existing/371,existing_real,existing_real,1-dodecanethiol + meoh,1-dodecanethiol + meoh,1-dodecanethiol + meoh,2,2,0.08407108125741779,137.91399329642675,0.07407108125741779,0.13266066087183945,23.394174217957424
existing/372,existing_real,existing_real,1-dodecanethiol + meoh,1-dodecanethiol + meoh,1-dodecanethiol + meoh,2,2,0.08149549251896569,152.9319376695814,0.0714954925189657,0.11092605800478425,6.288917866492181
existing/373,existing_real,existing_real,1-dodecanethiol + meoh,1-dodecanethiol + meoh,1-dodecanethiol + meoh,2,2,0.08248568324208441,139.6159576329622,0.07248568324208442,0.12860473158449942,18.560080268945832
existing/374,existing_real,existing_real,1-dodecanethiol + meoh,1-dodecanethiol + meoh,1-dodecanethiol + meoh,2,2,0.09043725677138055,129.02061421318425,0.08043725677138056,0.15749576338449214,33.58099798804048
existing/375,existing_real,existing_real,1-dodecanethiol + meoh,1-dodecanethiol + meoh,1-dodecanethiol + meoh,2,2,0.0878065031992276,125.15052728190135,0.0778065031992276,0.16792422699826537,20.04415922501145
existing/376,existing_real,existing_real,1-dodecanethiol + meoh,1-dodecanethiol + meoh,1-dodecanethiol + meoh,2,2,0.0855293771913089,128.13272170488415,0.07552937719130891,0.1560256967821782,17.86118659739229
existing/377,existing_real,existing_real,1-dodecanethiol + meoh,1-dodecanethiol + meoh,1-dodecanethiol + meoh,2,2,0.07395248107153247,134.166792430991,0.06395248107153248,0.13192106645492996,5.754408465351803
existing/378,existing_real,existing_real,1-dodecanethiol + meoh,1-dodecanethiol + meoh,1-dodecanethiol + meoh,2,2,0.0784877456695381,144.49476030822845,0.06848774566953811,0.13492736076551995,6.845480289545745
existing/379,existing_real,existing_real,1-dodecanethiol + meoh,1-dodecanethiol + meoh,1-dodecanethiol + meoh,2,2,0.11306625573964772,127.08601068194494,0.10306625573964773,0.1803847561449004,34.01931148635429
existing/380,existing_real,existing_real,1-dodecanethiol + meoh,1-dodecanethiol + meoh,1-dodecanethiol + meoh,2,2,0.08217170518530413,125.8636725726302,0.07217170518530414,0.17413516229627146,13.782672550539182
existing/381,existing_real,existing_real,1-dodecanethiol + meoh,1-dodecanethiol + meoh,1-dodecanethiol + meoh,2,2,0.0869021423062786,127.07265293985176,0.0769021423062786,0.19660067978218412,10.603163393810751
existing/382,existing_real,existing_real,1-dodecanethiol + meoh,1-dodecanethiol + meoh,1-dodecanethiol + meoh,2,2,0.07780331944778604,129.64025011859852,0.06780331944778605,0.1768342969688217,9.13383387400782
existing/383,existing_real,existing_real,1-dodecanethiol + meoh,1-dodecanethiol + meoh,1-dodecanethiol + meoh,2,2,0.08915520016919773,120.32944878122123,0.07915520016919773,0.21942739579396622,7.723355203044169
existing/384,existing_real,existing_real,1-dodecanethiol + meoh,1-dodecanethiol + meoh,1-dodecanethiol + meoh,2,2,0.09355283194163869,124.10948748483963,0.08355283194163869,0.22583117353222806,26.87972917530481
existing/385,existing_real,existing_real,1-dodecanethiol + meoh,1-dodecanethiol + meoh,1-dodecanethiol + meoh,2,2,0.08155484746721149,120.68374068632653,0.0715548474672115,0.2322060144857855,5.44104714930712
existing/386,existing_real,existing_real,1-dodecanethiol + meoh,1-dodecanethiol + meoh,1-dodecanethiol + meoh,2,2,0.07543219485177838,129.59487257986757,0.06543219485177838,0.20847196687617026,9.45414300016166
existing/387,existing_real,existing_real,1-dodecanethiol + meoh,1-dodecanethiol + meoh,1-dodecanethiol + meoh,2,2,0.08098834701791607,120.401053545566,0.07098834701791608,0.25148894862027116,0.0
existing/388,existing_real,existing_real,1-dodecanethiol + meoh,1-dodecanethiol + meoh,1-dodecanethiol + meoh,2,2,0.08322841167248021,126.0309501492587,0.07322841167248022,0.26719075312798307,2.3953740510741155
existing/389,existing_real,existing_real,1-dodecanethiol + meoh,1-dodecanethiol + meoh,1-dodecanethiol + meoh,2,2,0.08269787149606761,141.5978766818017,0.07269787149606761,0.2494987250719222,0.0
existing/390,existing_real,existing_real,1-dodecanethiol + meoh,1-dodecanethiol + meoh,1-dodecanethiol + meoh,2,2,0.09533833331578741,128.86097952822954,0.08533833331578741,0.16599430697169248,32.815141783421424
existing/391,existing_real,existing_real,1-dodecanethiol + meoh,1-dodecanethiol + meoh,1-dodecanethiol + meoh,2,2,0.08238668627737966,143.62479749404167,0.07238668627737967,0.2578707096941574,0.0
existing/392,existing_real,existing_real,1-dodecanethiol + meoh,1-dodecanethiol + meoh,1-dodecanethiol + meoh,2,2,0.08478709127403514,136.49031683393963,0.07478709127403514,0.30103548778210176,0.0
existing/393,existing_real,existing_real,1-dodecanethiol + meoh,1-dodecanethiol + meoh,1-dodecanethiol + meoh,2,2,0.0843522642936258,115.6632412930958,0.0743522642936258,0.34252851338780665,11.565575205083784
existing/394,existing_real,existing_real,1-dodecanethiol + meoh,1-dodecanethiol + meoh,1-dodecanethiol + meoh,2,2,0.08771136248163482,105.24058203981859,0.07771136248163482,0.36265534653298925,0.0
existing/395,existing_real,existing_real,1-dodecanethiol + meoh,1-dodecanethiol + meoh,1-dodecanethiol + meoh,2,2,0.09564428313463319,110.86681244244761,0.0856442831346332,0.38529773748787166,0.0
existing/396,existing_real,existing_real,1-dodecanethiol + meoh,1-dodecanethiol + meoh,1-dodecanethiol + meoh,2,2,0.0942051796407263,111.93016875064154,0.08420517964072631,0.4491225260630941,0.0
existing/397,existing_real,existing_real,1-dodecanethiol + meoh,1-dodecanethiol + meoh,1-dodecanethiol + meoh,2,2,0.09776085206789395,98.33935428789998,0.08776085206789395,0.4461407629917577,0.0
existing/398,existing_real,existing_real,1-dodecanethiol + meoh,1-dodecanethiol + meoh,1-dodecanethiol + meoh,2,2,0.10982175039644533,110.45133841163049,0.09982175039644534,0.41917092067315975,0.0
existing/399,existing_real,existing_real,1-dodecanethiol + meoh,1-dodecanethiol + diethylamine,1-dodecanethiol + diethylamine,2,2,0.43371968946734774,375.94578838583277,0.4237196894673477,0.37419832229146954,315.28740398516294
existing/400,existing_real,existing_real,1-dodecanethiol + meoh,1-dodecanethiol + diethylamine,1-dodecanethiol + diethylamine,2,2,0.4190918856586779,404.8342597381233,0.4090918856586779,0.34523276145191634,306.9540833021121
existing/401,existing_real,existing_real,1-dodecanethiol + meoh,1-dodecanethiol + meoh,1-dodecanethiol + meoh,2,2,0.09480793764758204,129.72240241407758,0.08480793764758204,0.1678420648418671,33.4739030446289
existing/402,existing_real,existing_real,1-dodecanethiol + meoh,1-dodecanethiol + diethylamine,1-dodecanethiol + diethylamine,2,2,0.35648278591055527,382.55229724685927,0.34648278591055526,0.28366967008691396,282.5573140920082
existing/403,existing_real,existing_real,1-dodecanethiol + meoh,1-dodecanethiol + diethylamine,1-dodecanethiol + diethylamine,2,2,0.29514003901110186,339.70758000209787,0.28514003901110185,0.23260345137525287,211.77609183919006
existing/404,existing_real,existing_real,1-dodecanethiol + meoh,1-dodecanethiol + diethylamine,1-dodecanethiol + diethylamine,2,2,0.2452065103840115,301.2999509328832,0.2352065103840115,0.17464981983927083,189.62463825770632
existing/405,existing_real,existing_real,1-dodecanethiol + meoh,1-dodecanethiol,1-dodecanethiol,1,1,0.20642855618630881,269.6933840678962,0.20642855618630881,1.0,226.67416172392174
existing/406,existing_real,existing_real,1-dodecanethiol + meoh,1-dodecanethiol + diethylamine,1-dodecanethiol + diethylamine,2,2,0.20936694743906314,244.33628705247563,0.19936694743906314,0.14475776752624148,137.08056673566804
existing/407,existing_real,existing_real,1-dodecanethiol + meoh,1-dodecanethiol,1-dodecanethiol,1,1,0.17516574584170602,251.82954934363684,0.17516574584170602,1.0,198.5399610924616
existing/408,existing_real,existing_real,1-dodecanethiol + meoh,1-dodecanethiol,1-dodecanethiol,1,1,0.14718334339923309,258.7490802395454,0.14718334339923309,1.0,179.6560138220839
existing/409,existing_real,existing_real,1-dodecanethiol + meoh,1-dodecanethiol,1-dodecanethiol,1,1,0.13243223642530527,246.68801657991236,0.13243223642530527,1.0,159.33993133446123
existing/410,existing_real,existing_real,1-dodecanethiol + meoh,1-dodecanethiol,1-dodecanethiol,1,1,0.13061273368683826,246.75878524931147,0.13061273368683826,1.0,127.42283862322391
existing/411,existing_real,existing_real,1-dodecanethiol + meoh,1-dodecanethiol,1-dodecanethiol,1,1,0.12016383778953339,234.10698526915996,0.12016383778953339,1.0,136.0230198402596
existing/412,existing_real,existing_real,1-dodecanethiol + meoh,1-dodecanethiol + meoh,1-dodecanethiol + meoh,2,2,0.09163390422227843,151.5729803738266,0.08163390422227844,0.1454510179436739,24.39407765900697
existing/413,existing_real,existing_real,1-dodecanethiol + meoh,1-dodecanethiol,1-dodecanethiol,1,1,0.12031266475810085,209.45432797039734,0.12031266475810085,1.0,96.286207210147
existing/414,existing_real,existing_real,1-dodecanethiol + meoh,1-dodecanethiol,1-dodecanethiol,1,1,0.1175226620447917,202.9129965515773,0.1175226620447917,1.0,100.87181934921183
existing/415,existing_real,existing_real,1-dodecanethiol + meoh,1-dodecanethiol + meoh,1-dodecanethiol + meoh,2,2,0.1221908387678426,180.3612657563889,0.11219083876784261,0.0893734475834694,79.417908129304
existing/416,existing_real,existing_real,1-dodecanethiol + meoh,1-dodecanethiol + meoh,1-dodecanethiol + meoh,2,2,0.11350751351453914,175.2739780884336,0.10350751351453914,0.08684205909918567,64.18446263302565
existing/417,existing_real,existing_real,1-dodecanethiol + meoh,1-dodecanethiol + meoh,1-dodecanethiol + meoh,2,2,0.108910005209151,161.65930835195692,0.09891000520915101,0.0985229110721869,58.136751101543744
existing/418,existing_real,existing_real,1-dodecanethiol + meoh,1-dodecanethiol + meoh,1-dodecanethiol + meoh,2,2,0.1095315841249193,173.84383664506933,0.0995315841249193,0.0955532249856112,64.71693100118165
existing/419,existing_real,existing_real,1-dodecanethiol + meoh,1-dodecanethiol + meoh,1-dodecanethiol + meoh,2,2,0.10338010898067126,179.0419364910413,0.09338010898067127,0.09212086080351949,56.63625214766556
existing/420,existing_real,existing_real,1-dodecanethiol + meoh,1-dodecanethiol + meoh,1-dodecanethiol + meoh,2,2,0.10129124187741118,152.82503468949315,0.09129124187741118,0.08929364917481249,64.89700223964196
existing/421,existing_real,existing_real,1-dodecanethiol + meoh,1-dodecanethiol + meoh,1-dodecanethiol + meoh,2,2,0.1031932991995631,155.59907829319016,0.09319329919956311,0.10444546404290983,48.916054552160944
existing/422,existing_real,existing_real,1-dodecanethiol + meoh,1-dodecanethiol + meoh,1-dodecanethiol + meoh,2,2,0.09860415465663029,154.2429230551606,0.0886041546566303,0.09763966653835399,47.132990580330535
existing/423,existing_real,existing_real,"6-mercapto-1-hexanol + n,n-dimethylformamide","6-mercapto-1-hexanol + n,n-dimethylformamide","6-mercapto-1-hexanol + n,n-dimethylformamide",2,2,0.11059565719193447,261.45633967073456,0.10059565719193447,0.4343517529024389,0.0
existing/424,existing_real,existing_real,"6-mercapto-1-hexanol + n,n-dimethylformamide","6-mercapto-1-hexanol + n,n-dimethylformamide","6-mercapto-1-hexanol + n,n-dimethylformamide",2,2,0.1037812801429209,256.02718964784907,0.0937812801429209,0.43957177275730364,0.0
existing/425,existing_real,existing_real,"6-mercapto-1-hexanol + n,n-dimethylformamide","6-mercapto-1-hexanol + n,n-dimethylformamide","6-mercapto-1-hexanol + n,n-dimethylformamide",2,2,0.105689610560173,262.19571619154993,0.095689610560173,0.4345571158252968,0.0
existing/426,existing_real,existing_real,"6-mercapto-1-hexanol + n,n-dimethylformamide","6-mercapto-1-hexanol + n,n-dimethylformamide","6-mercapto-1-hexanol + n,n-dimethylformamide",2,2,0.11089080496526871,275.0921161262529,0.10089080496526871,0.43457130103478947,0.0
existing/427,existing_real,existing_real,"6-mercapto-1-hexanol + n,n-dimethylformamide","6-mercapto-1-hexanol + n,n-dimethylformamide","6-mercapto-1-hexanol + n,n-dimethylformamide",2,2,0.11108437637746468,284.99262103409956,0.10108437637746469,0.43821803572291834,0.0
existing/428,existing_real,existing_real,"6-mercapto-1-hexanol + n,n-dimethylformamide","6-mercapto-1-hexanol + n,n-dimethylformamide","6-mercapto-1-hexanol + n,n-dimethylformamide",2,2,0.10269711776359453,259.6703219530844,0.09269711776359453,0.4375342804060774,0.0
existing/429,existing_real,existing_real,"6-mercapto-1-hexanol + n,n-dimethylformamide","6-mercapto-1-hexanol + n,n-dimethylformamide","6-mercapto-1-hexanol + n,n-dimethylformamide",2,2,0.10390801657846714,263.0864277749511,0.09390801657846715,0.45469196928041306,0.0
existing/430,existing_real,existing_real,"6-mercapto-1-hexanol + n,n-dimethylformamide","6-mercapto-1-hexanol + n,n-dimethylformamide","6-mercapto-1-hexanol + n,n-dimethylformamide",2,2,0.10679100202522783,272.61986115003367,0.09679100202522783,0.4385637382181683,0.0
existing/431,existing_real,existing_real,"6-mercapto-1-hexanol + n,n-dimethylformamide","6-mercapto-1-hexanol + n,n-dimethylformamide","6-mercapto-1-hexanol + n,n-dimethylformamide",2,2,0.1071199497014933,273.97818991357434,0.0971199497014933,0.4363055134299367,0.0
existing/432,existing_real,existing_real,"6-mercapto-1-hexanol + n,n-dimethylformamide","6-mercapto-1-hexanol + n,n-dimethylformamide","6-mercapto-1-hexanol + n,n-dimethylformamide",2,2,0.10607338661595052,271.7696993438261,0.09607338661595052,0.43671784555278254,0.0
existing/433,existing_real,existing_real,"6-mercapto-1-hexanol + n,n-dimethylformamide","6-mercapto-1-hexanol + n,n-dimethylformamide","6-mercapto-1-hexanol + n,n-dimethylformamide",2,2,0.10791147833068314,282.5582630376313,0.09791147833068314,0.44970753859481666,0.0
existing/434,existing_real,existing_real,"6-mercapto-1-hexanol + n,n-dimethylformamide","6-mercapto-1-hexanol + n,n-dimethylformamide","6-mercapto-1-hexanol + n,n-dimethylformamide",2,2,0.1125455577447967,267.23971776137813,0.1025455577447967,0.43530468147468837,0.0
existing/435,existing_real,existing_real,"6-mercapto-1-hexanol + n,n-dimethylformamide","6-mercapto-1-hexanol + n,n-dimethylformamide","6-mercapto-1-hexanol + n,n-dimethylformamide",2,2,0.11083787796627524,290.87149631175623,0.10083787796627525,0.4564846951346487,0.0
existing/436,existing_real,existing_real,"6-mercapto-1-hexanol + n,n-dimethylformamide","6-mercapto-1-hexanol + n,n-dimethylformamide","6-mercapto-1-hexanol + n,n-dimethylformamide",2,2,0.1074874320335061,280.8913359350493,0.0974874320335061,0.45799282216661813,0.0
existing/437,existing_real,existing_real,"6-mercapto-1-hexanol + n,n-dimethylformamide","6-mercapto-1-hexanol + n,n-dimethylformamide","6-mercapto-1-hexanol + n,n-dimethylformamide",2,2,0.10776021637501025,281.6347744076886,0.09776021637501026,0.4651565495460911,0.0
existing/438,existing_real,existing_real,"6-mercapto-1-hexanol + n,n-dimethylformamide","6-mercapto-1-hexanol + n,n-dimethylformamide","6-mercapto-1-hexanol + n,n-dimethylformamide",2,2,0.11027591428946482,291.36767629756633,0.10027591428946482,0.4523538556732737,0.0
existing/439,existing_real,existing_real,"6-mercapto-1-hexanol + n,n-dimethylformamide","6-mercapto-1-hexanol + n,n-dimethylformamide","6-mercapto-1-hexanol + n,n-dimethylformamide",2,2,0.10958580345809862,289.4094584408947,0.09958580345809863,0.43545736535414736,0.0
existing/440,existing_real,existing_real,"6-mercapto-1-hexanol + n,n-dimethylformamide","6-mercapto-1-hexanol + n,n-dimethylformamide","6-mercapto-1-hexanol + n,n-dimethylformamide",2,2,0.10959398102309643,293.4810342473336,0.09959398102309644,0.44696395874548545,0.0
existing/441,existing_real,existing_real,"6-mercapto-1-hexanol + n,n-dimethylformamide","6-mercapto-1-hexanol + n,n-dimethylformamide","6-mercapto-1-hexanol + n,n-dimethylformamide",2,2,0.11072829219159051,296.57324919245434,0.10072829219159052,0.43841027142739064,0.0
existing/442,existing_real,existing_real,"6-mercapto-1-hexanol + n,n-dimethylformamide","6-mercapto-1-hexanol + n,n-dimethylformamide","6-mercapto-1-hexanol + n,n-dimethylformamide",2,2,0.11113001505750401,297.3350649548058,0.10113001505750402,0.43605522294327875,0.0
existing/443,existing_real,existing_real,"6-mercapto-1-hexanol + n,n-dimethylformamide","6-mercapto-1-hexanol + n,n-dimethylformamide","6-mercapto-1-hexanol + n,n-dimethylformamide",2,2,0.10802520964758469,290.8080232960769,0.0980252096475847,0.4392010051627156,0.0
existing/444,existing_real,existing_real,"6-mercapto-1-hexanol + n,n-dimethylformamide","6-mercapto-1-hexanol + n,n-dimethylformamide","6-mercapto-1-hexanol + n,n-dimethylformamide",2,2,0.10912775029734365,294.06138403717324,0.09912775029734365,0.4372319404123868,0.0
existing/445,existing_real,existing_real,"6-mercapto-1-hexanol + n,n-dimethylformamide","6-mercapto-1-hexanol + n,n-dimethylformamide","6-mercapto-1-hexanol + n,n-dimethylformamide",2,2,0.10845265362030236,256.8397878150588,0.09845265362030237,0.4385405465505578,0.0
existing/446,existing_real,existing_real,"6-mercapto-1-hexanol + n,n-dimethylformamide","6-mercapto-1-hexanol + n,n-dimethylformamide","6-mercapto-1-hexanol + n,n-dimethylformamide",2,2,0.11073153767239101,298.4456528759659,0.10073153767239101,0.43859417349765084,0.0
existing/447,existing_real,existing_real,"6-mercapto-1-hexanol + n,n-dimethylformamide","6-mercapto-1-hexanol + n,n-dimethylformamide","6-mercapto-1-hexanol + n,n-dimethylformamide",2,2,0.11264105296560323,307.00303946306184,0.10264105296560323,0.44075298565623605,0.0
existing/448,existing_real,existing_real,"6-mercapto-1-hexanol + n,n-dimethylformamide","6-mercapto-1-hexanol + n,n-dimethylformamide","6-mercapto-1-hexanol + n,n-dimethylformamide",2,2,0.11146071594106162,303.34550272941215,0.10146071594106162,0.43685831974908296,0.0
existing/449,existing_real,existing_real,"6-mercapto-1-hexanol + n,n-dimethylformamide","6-mercapto-1-hexanol + n,n-dimethylformamide","6-mercapto-1-hexanol + n,n-dimethylformamide",2,2,0.11268106411185928,306.4508838231062,0.10268106411185929,0.46423225347401254,0.0
existing/450,existing_real,existing_real,"6-mercapto-1-hexanol + n,n-dimethylformamide","6-mercapto-1-hexanol + n,n-dimethylformamide","6-mercapto-1-hexanol + n,n-dimethylformamide",2,2,0.11175798066462969,305.34409959368213,0.1017579806646297,0.43716409874420625,0.0
existing/451,existing_real,existing_real,"6-mercapto-1-hexanol + n,n-dimethylformamide","6-mercapto-1-hexanol + n,n-dimethylformamide","6-mercapto-1-hexanol + n,n-dimethylformamide",2,2,0.11127500327129729,305.597930891255,0.10127500327129729,0.440592319041316,0.0
existing/452,existing_real,existing_real,"6-mercapto-1-hexanol + n,n-dimethylformamide","6-mercapto-1-hexanol + n,n-dimethylformamide","6-mercapto-1-hexanol + n,n-dimethylformamide",2,2,0.11222167485633237,307.7382300844445,0.10222167485633238,0.4373348229081659,0.0
existing/453,existing_real,existing_real,"6-mercapto-1-hexanol + n,n-dimethylformamide","6-mercapto-1-hexanol + n,n-dimethylformamide","6-mercapto-1-hexanol + n,n-dimethylformamide",2,2,0.10716089151502624,253.57514702963013,0.09716089151502624,0.43160370523652375,0.0
existing/454,existing_real,existing_real,"6-mercapto-1-hexanol + n,n-dimethylformamide","6-mercapto-1-hexanol + n,n-dimethylformamide","6-mercapto-1-hexanol + n,n-dimethylformamide",2,2,0.10890931712625429,257.582804631242,0.0989093171262543,0.43287618695842595,0.0
existing/455,existing_real,existing_real,"6-mercapto-1-hexanol + n,n-dimethylformamide","6-mercapto-1-hexanol + n,n-dimethylformamide","6-mercapto-1-hexanol + n,n-dimethylformamide",2,2,0.10916051717914646,257.5896153074856,0.09916051717914647,0.43970718452361107,0.0
existing/456,existing_real,existing_real,"6-mercapto-1-hexanol + n,n-dimethylformamide","6-mercapto-1-hexanol + n,n-dimethylformamide","6-mercapto-1-hexanol + n,n-dimethylformamide",2,2,0.10509519759753076,261.7816292689778,0.09509519759753077,0.4324207159631895,0.0
existing/457,existing_real,existing_real,"6-mercapto-1-hexanol + n,n-dimethylformamide","6-mercapto-1-hexanol + n,n-dimethylformamide","6-mercapto-1-hexanol + n,n-dimethylformamide",2,2,0.10813272279691513,268.3731905504034,0.09813272279691514,0.43598752863107476,0.0
existing/458,existing_real,existing_real,"6-mercapto-1-hexanol + n,n-dimethylformamide","6-mercapto-1-hexanol + n,n-dimethylformamide","6-mercapto-1-hexanol + n,n-dimethylformamide",2,2,0.10605930870156464,262.721728695615,0.09605930870156465,0.4340368107161219,0.0
existing/459,existing_real,existing_real,"n,n-dimethylformamide + pyridine","n,n-dimethylformamide + pyridine","n,n-dimethylformamide + pyridine",2,2,0.09121929619723473,706.5853890721735,0.08121929619723474,0.35643050275535737,0.0
existing/460,existing_real,existing_real,"n,n-dimethylformamide + pyridine","n,n-dimethylformamide + pyridine","n,n-dimethylformamide + pyridine",2,2,0.0895494872226674,664.0647073836006,0.0795494872226674,0.3549617446579738,0.0
existing/461,existing_real,existing_real,"n,n-dimethylformamide + pyridine","n,n-dimethylformamide + pyridine","n,n-dimethylformamide + pyridine",2,2,0.09136949893870804,682.5844813805545,0.08136949893870804,0.35468252833981134,0.0
existing/462,existing_real,existing_real,"n,n-dimethylformamide + pyridine","n,n-dimethylformamide + pyridine","n,n-dimethylformamide + pyridine",2,2,0.09358908123564981,705.177815782002,0.08358908123564981,0.3546612564940456,0.0
existing/463,existing_real,existing_real,"n,n-dimethylformamide + pyridine","n,n-dimethylformamide + pyridine","n,n-dimethylformamide + pyridine",2,2,0.09239815577448662,698.1730443983839,0.08239815577448663,0.3531564933237655,0.0
existing/464,existing_real,existing_real,"n,n-dimethylformamide + pyridine","n,n-dimethylformamide + pyridine","n,n-dimethylformamide + pyridine",2,2,0.09213418799434439,684.4856881350682,0.0821341879943444,0.3548375729909854,0.0
existing/465,existing_real,existing_real,"n,n-dimethylformamide + pyridine","n,n-dimethylformamide + pyridine","n,n-dimethylformamide + pyridine",2,2,0.09121523083972871,663.7060665572351,0.08121523083972872,0.35438338631138705,0.0
existing/466,existing_real,existing_real,"n,n-dimethylformamide + pyridine","n,n-dimethylformamide + pyridine","n,n-dimethylformamide + pyridine",2,2,0.0922754265348225,667.8734860611885,0.0822754265348225,0.3554079574067717,0.0
existing/467,existing_real,existing_real,"n,n-dimethylformamide + pyridine","n,n-dimethylformamide + pyridine","n,n-dimethylformamide + pyridine",2,2,0.09195849676391998,668.0356572205184,0.08195849676391999,0.3545255474276459,0.0
existing/468,existing_real,existing_real,"n,n-dimethylformamide + pyridine","n,n-dimethylformamide + pyridine","n,n-dimethylformamide + pyridine",2,2,0.09463310388345254,690.5885226463231,0.08463310388345255,0.35538372965318005,0.0
existing/469,existing_real,existing_real,"n,n-dimethylformamide + pyridine","n,n-dimethylformamide + pyridine","n,n-dimethylformamide + pyridine",2,2,0.09382383474971896,701.4282397856655,0.08382383474971897,0.35448874866817615,0.0
existing/470,existing_real,existing_real,"n,n-dimethylformamide + pyridine","n,n-dimethylformamide + pyridine","n,n-dimethylformamide + pyridine",2,2,0.0900917418983384,690.4585912049199,0.08009174189833841,0.3560898522629622,0.0
existing/471,existing_real,existing_real,"n,n-dimethylformamide + pyridine","n,n-dimethylformamide + pyridine","n,n-dimethylformamide + pyridine",2,2,0.09526378247387332,699.7105805231461,0.08526378247387333,0.3544811866603662,0.0
existing/472,existing_real,existing_real,"n,n-dimethylformamide + pyridine","n,n-dimethylformamide + pyridine","n,n-dimethylformamide + pyridine",2,2,0.09398501526156872,678.656155560398,0.08398501526156872,0.3555414629138222,0.0
existing/473,existing_real,existing_real,"n,n-dimethylformamide + pyridine","n,n-dimethylformamide + pyridine","n,n-dimethylformamide + pyridine",2,2,0.09262534324467231,661.5469809880448,0.08262534324467231,0.3539457132806574,0.0
existing/474,existing_real,existing_real,"n,n-dimethylformamide + pyridine","n,n-dimethylformamide + pyridine","n,n-dimethylformamide + pyridine",2,2,0.09309861306797959,666.9142331802819,0.0830986130679796,0.35630953448186187,0.0
existing/475,existing_real,existing_real,"n,n-dimethylformamide + pyridine","n,n-dimethylformamide + pyridine","n,n-dimethylformamide + pyridine",2,2,0.09373542896464086,677.8315700774806,0.08373542896464087,0.3551111744996764,0.0
existing/476,existing_real,existing_real,"n,n-dimethylformamide + pyridine","n,n-dimethylformamide + pyridine","n,n-dimethylformamide + pyridine",2,2,0.09613723865596331,712.33533354159,0.08613723865596332,0.3545307075337434,0.0
existing/477,existing_real,existing_real,"n,n-dimethylformamide + pyridine","n,n-dimethylformamide + pyridine","n,n-dimethylformamide + pyridine",2,2,0.09753706761184473,710.4930271226142,0.08753706761184474,0.3560930703869603,0.0
existing/478,existing_real,existing_real,"n,n-dimethylformamide + pyridine","n,n-dimethylformamide + pyridine","n,n-dimethylformamide + pyridine",2,2,0.09617775365236726,688.585361552285,0.08617775365236727,0.3558696865294293,0.0
existing/479,existing_real,existing_real,"n,n-dimethylformamide + pyridine","n,n-dimethylformamide + pyridine","n,n-dimethylformamide + pyridine",2,2,0.09373923466844893,663.9263078689747,0.08373923466844893,0.3542366449797165,0.0
existing/480,existing_real,existing_real,"n,n-dimethylformamide + pyridine","n,n-dimethylformamide + pyridine","n,n-dimethylformamide + pyridine",2,2,0.09266712614024086,656.0682879639305,0.08266712614024087,0.35591984808689375,0.0
existing/481,existing_real,existing_real,"n,n-dimethylformamide + pyridine","n,n-dimethylformamide + pyridine","n,n-dimethylformamide + pyridine",2,2,0.09247955740737891,707.2355069504158,0.08247955740737892,0.35561893673299577,0.0
existing/482,existing_real,existing_real,"n,n-dimethylformamide + pyridine","n,n-dimethylformamide + pyridine","n,n-dimethylformamide + pyridine",2,2,0.09027752250825974,641.113906723886,0.08027752250825974,0.35516065709706024,0.0
existing/483,existing_real,existing_real,"n,n-dimethylformamide + pyridine","n,n-dimethylformamide + pyridine","n,n-dimethylformamide + pyridine",2,2,0.09625832194154986,698.8024515921845,0.08625832194154986,0.3561328449148216,0.0
existing/484,existing_real,existing_real,"n,n-dimethylformamide + pyridine","n,n-dimethylformamide + pyridine","n,n-dimethylformamide + pyridine",2,2,0.09786325718086644,703.0103274827788,0.08786325718086645,0.35537963996378763,0.0
existing/485,existing_real,existing_real,"n,n-dimethylformamide + pyridine","n,n-dimethylformamide + pyridine","n,n-dimethylformamide + pyridine",2,2,0.09740024583392705,688.3359766254871,0.08740024583392705,0.35644687960895305,0.0
existing/486,existing_real,existing_real,"n,n-dimethylformamide + pyridine","n,n-dimethylformamide + pyridine","n,n-dimethylformamide + pyridine",2,2,0.0949989345459478,670.4059944173879,0.0849989345459478,0.3558839142442568,0.0
existing/487,existing_real,existing_real,"n,n-dimethylformamide + pyridine","n,n-dimethylformamide + pyridine","n,n-dimethylformamide + pyridine",2,2,0.09136492748328183,640.1966998613101,0.08136492748328183,0.3572097774263996,0.0
existing/488,existing_real,existing_real,"n,n-dimethylformamide + pyridine","n,n-dimethylformamide + pyridine","n,n-dimethylformamide + pyridine",2,2,0.09025780597058368,637.6341634254645,0.08025780597058368,0.3561523240402236,0.0
existing/489,existing_real,existing_real,"n,n-dimethylformamide + pyridine","n,n-dimethylformamide + pyridine","n,n-dimethylformamide + pyridine",2,2,0.09236160393257123,704.9076529268781,0.08236160393257123,0.3559150963412555,0.0
existing/490,existing_real,existing_real,"n,n-dimethylformamide + pyridine","n,n-dimethylformamide + pyridine","n,n-dimethylformamide + pyridine",2,2,0.09214017999881466,701.1986566099417,0.08214017999881466,0.3545733461901437,0.0
existing/491,existing_real,existing_real,"n,n-dimethylformamide + pyridine","n,n-dimethylformamide + pyridine","n,n-dimethylformamide + pyridine",2,2,0.09161603002321456,698.8373712942118,0.08161603002321456,0.3560336132638901,0.0
existing/492,existing_real,existing_real,"n,n-dimethylformamide + pyridine","n,n-dimethylformamide + pyridine","n,n-dimethylformamide + pyridine",2,2,0.09116066435277183,697.7832933153879,0.08116066435277183,0.35470158009016056,0.0
existing/493,existing_real,existing_real,"n,n-dimethylformamide + pyridine","n,n-dimethylformamide + pyridine","n,n-dimethylformamide + pyridine",2,2,0.0922277411776008,700.3725627424931,0.0822277411776008,0.3540194044175537,0.0
existing/494,existing_real,existing_real,"n,n-dimethylformamide + pyridine","n,n-dimethylformamide + pyridine","n,n-dimethylformamide + pyridine",2,2,0.08929852821491234,667.5441230509865,0.07929852821491234,0.35471487871712415,0.0
existing/495,existing_real,existing_real,benzenethiol + pyridine,benzenethiol + pyridine,benzenethiol + pyridine,2,2,0.09923215363190858,1225.4621554156786,0.08923215363190859,0.4170361647145814,0.0
existing/496,existing_real,existing_real,benzenethiol + pyridine,benzenethiol + pyridine,benzenethiol + pyridine,2,2,0.10780353820739243,1319.3234573119287,0.09780353820739243,0.416900107418409,0.0
existing/497,existing_real,existing_real,benzenethiol + pyridine,benzenethiol + pyridine,benzenethiol + pyridine,2,2,0.11131856400443181,1392.8312910031268,0.10131856400443182,0.41578308612375275,0.0
existing/498,existing_real,existing_real,benzenethiol + pyridine,benzenethiol + pyridine,benzenethiol + pyridine,2,2,0.11160940804790463,1438.3180676815512,0.10160940804790464,0.41550020084434686,0.0
existing/499,existing_real,existing_real,benzenethiol + pyridine,benzenethiol + pyridine,benzenethiol + pyridine,2,2,0.10993841889092285,1398.8374743792633,0.09993841889092285,0.4163521743418477,0.0
existing/500,existing_real,existing_real,benzenethiol + pyridine,benzenethiol + pyridine,benzenethiol + pyridine,2,2,0.11168220622762054,1386.486927319579,0.10168220622762054,0.41562675805342164,0.0
existing/501,existing_real,existing_real,benzenethiol + pyridine,benzenethiol + pyridine,benzenethiol + pyridine,2,2,0.112893095719396,1410.2512895483035,0.102893095719396,0.41537555471217014,0.0
existing/502,existing_real,existing_real,benzenethiol + pyridine,benzenethiol + pyridine,benzenethiol + pyridine,2,2,0.11580876725205286,1486.3072482833607,0.10580876725205286,0.41614581597594924,0.0
existing/503,existing_real,existing_real,benzenethiol + pyridine,benzenethiol + pyridine,benzenethiol + pyridine,2,2,0.11520605626094388,1481.1478181921314,0.10520605626094388,0.41601628606951746,0.0
existing/504,existing_real,existing_real,benzenethiol + pyridine,benzenethiol + pyridine,benzenethiol + pyridine,2,2,0.11589658653964709,1472.9835611670485,0.10589658653964709,0.41555984150136693,0.0
existing/505,existing_real,existing_real,benzenethiol + pyridine,benzenethiol + pyridine,benzenethiol + pyridine,2,2,0.11412884441424297,1434.3363096516673,0.10412884441424297,0.41475143660931735,0.0
existing/506,existing_real,existing_real,benzenethiol + pyridine,benzenethiol + pyridine,benzenethiol + pyridine,2,2,0.10219773217936928,1264.0552591121057,0.09219773217936929,0.41723196246892374,0.0
existing/507,existing_real,existing_real,benzenethiol + pyridine,benzenethiol + pyridine,benzenethiol + pyridine,2,2,0.11621650360944635,1475.6417396596748,0.10621650360944636,0.4166906445133033,0.0
existing/508,existing_real,existing_real,benzenethiol + pyridine,benzenethiol + pyridine,benzenethiol + pyridine,2,2,0.11573220455361442,1485.5502111347412,0.10573220455361443,0.4162077421663884,0.0
existing/509,existing_real,existing_real,benzenethiol + pyridine,benzenethiol + pyridine,benzenethiol + pyridine,2,2,0.11868602002865825,1526.2112687767185,0.10868602002865825,0.4159450382490244,0.0
existing/510,existing_real,existing_real,benzenethiol + pyridine,benzenethiol + pyridine,benzenethiol + pyridine,2,2,0.12031545817467248,1527.4302166571492,0.11031545817467249,0.41432985154880175,0.0
existing/511,existing_real,existing_real,benzenethiol + pyridine,benzenethiol + pyridine,benzenethiol + pyridine,2,2,0.12193138070382008,1534.2450173622112,0.11193138070382008,0.4142923353493932,0.0
existing/512,existing_real,existing_real,benzenethiol + pyridine,benzenethiol + pyridine,benzenethiol + pyridine,2,2,0.12009857859343236,1526.0832044173242,0.11009857859343236,0.41523407899788434,0.0
existing/513,existing_real,existing_real,benzenethiol + pyridine,benzenethiol + pyridine,benzenethiol + pyridine,2,2,0.1208072714452487,1565.6910379492438,0.11080727144524871,0.4147446701777503,0.0
existing/514,existing_real,existing_real,benzenethiol + pyridine,benzenethiol + pyridine + toluene,benzenethiol + pyridine,3,2,0.12343422837618538,1479.437253738673,0.10343422837618538,0.02620699122705416,0.0
existing/515,existing_real,existing_real,benzenethiol + pyridine,benzenethiol + pyridine,benzenethiol + pyridine,2,2,0.12322251264506666,1607.976863993749,0.11322251264506666,0.41603627562845164,0.0
existing/516,existing_real,existing_real,benzenethiol + pyridine,benzenethiol + pyridine,benzenethiol + pyridine,2,2,0.12318020133807298,1579.3428289600429,0.11318020133807298,0.4152362753641976,0.0
existing/517,existing_real,existing_real,benzenethiol + pyridine,benzenethiol + pyridine,benzenethiol + pyridine,2,2,0.10229029435889005,1251.1055770373844,0.09229029435889005,0.4187164757933072,0.0
existing/518,existing_real,existing_real,benzenethiol + pyridine,benzenethiol + pyridine,benzenethiol + pyridine,2,2,0.12337135662133944,1574.687616446052,0.11337135662133944,0.413832471733408,0.0
existing/519,existing_real,existing_real,benzenethiol + pyridine,benzenethiol + pyridine + toluene,benzenethiol + pyridine,3,2,0.1238859567890362,1481.490392377881,0.1038859567890362,0.026223569872557945,0.0
existing/520,existing_real,existing_real,benzenethiol + pyridine,benzenethiol + pyridine,benzenethiol + pyridine,2,2,0.1213799924977479,1594.0964505125867,0.11137999249774791,0.41499018532109827,0.0
existing/521,existing_real,existing_real,benzenethiol + pyridine,benzenethiol + pyridine,benzenethiol + pyridine,2,2,0.12141146731356359,1587.463490967224,0.11141146731356359,0.41455395543458257,0.0
existing/522,existing_real,existing_real,benzenethiol + pyridine,benzenethiol + pyridine,benzenethiol + pyridine,2,2,0.12204136391865036,1559.9456292871257,0.11204136391865037,0.41345618558512875,0.0
existing/523,existing_real,existing_real,benzenethiol + pyridine,benzenethiol + pyridine,benzenethiol + pyridine,2,2,0.1235570119954305,1564.3284804410498,0.1135570119954305,0.4161027564173254,0.0
existing/524,existing_real,existing_real,benzenethiol + pyridine,benzenethiol + pyridine + toluene,benzenethiol + pyridine,3,2,0.12514720954582603,1438.2244984799852,0.10514720954582603,0.026495748593265617,0.0
existing/525,existing_real,existing_real,benzenethiol + pyridine,benzenethiol + pyridine,benzenethiol + pyridine,2,2,0.10568412075173304,1322.6374818579127,0.09568412075173305,0.4176131347731749,0.0
existing/526,existing_real,existing_real,benzenethiol + pyridine,benzenethiol + pyridine,benzenethiol + pyridine,2,2,0.10656188001762447,1314.7082714632186,0.09656188001762447,0.41822937470227617,0.0
existing/527,existing_real,existing_real,benzenethiol + pyridine,benzenethiol + pyridine,benzenethiol + pyridine,2,2,0.1074192826093839,1354.0226618469776,0.0974192826093839,0.41569293670469853,0.0
existing/528,existing_real,existing_real,benzenethiol + pyridine,benzenethiol + pyridine,benzenethiol + pyridine,2,2,0.10466058389308518,1283.2752436157764,0.09466058389308518,0.416162780024169,0.0
existing/529,existing_real,existing_real,benzenethiol + pyridine,benzenethiol + pyridine,benzenethiol + pyridine,2,2,0.1063300422461701,1346.1253594819077,0.0963300422461701,0.4169473560717784,0.0
existing/530,existing_real,existing_real,benzenethiol + pyridine,benzenethiol + pyridine,benzenethiol + pyridine,2,2,0.10759308560972072,1359.8851102564518,0.09759308560972073,0.41524007149647163,0.0
existing/531,existing_real,existing_real,1-dodecanethiol + benzene,1-dodecanethiol + benzene,1-dodecanethiol + benzene,2,2,0.16704021916078043,1948.9626723586205,0.15704021916078043,0.4845097441539457,0.0
existing/532,existing_real,existing_real,1-dodecanethiol + benzene,1-dodecanethiol + benzene,1-dodecanethiol + benzene,2,2,0.15929620317290125,1876.3744757064792,0.14929620317290124,0.4851243417490894,0.0
existing/533,existing_real,existing_real,1-dodecanethiol + benzene,1-dodecanethiol + benzene,1-dodecanethiol + benzene,2,2,0.15616319032882794,1811.0448119750395,0.14616319032882794,0.483483962439109,0.0
existing/534,existing_real,existing_real,1-dodecanethiol + benzene,1-dodecanethiol + benzene,1-dodecanethiol + benzene,2,2,0.15563927501644767,1789.515172459576,0.14563927501644766,0.48566442262576054,0.0
existing/535,existing_real,existing_real,1-dodecanethiol + benzene,1-dodecanethiol + benzene,1-dodecanethiol + benzene,2,2,0.15883066590703523,1814.784655925088,0.14883066590703523,0.4868008320731891,0.0
existing/536,existing_real,existing_real,1-dodecanethiol + benzene,1-dodecanethiol + benzene,1-dodecanethiol + benzene,2,2,0.1584140208747161,1789.6590801533578,0.14841402087471608,0.48675874246585776,0.0
existing/537,existing_real,existing_real,1-dodecanethiol + benzene,1-dodecanethiol + benzene,1-dodecanethiol + benzene,2,2,0.15140505856456776,1751.8156302408208,0.14140505856456775,0.4875441219239635,0.0
existing/538,existing_real,existing_real,1-dodecanethiol + benzene,1-dodecanethiol + benzene,1-dodecanethiol + benzene,2,2,0.15229409270978628,1767.7137793869774,0.14229409270978627,0.4850656330022888,0.0
existing/539,existing_real,existing_real,1-dodecanethiol + benzene,1-dodecanethiol + benzene,1-dodecanethiol + benzene,2,2,0.15069700917893727,1753.0855642655708,0.14069700917893727,0.4867904498687195,0.0
existing/540,existing_real,existing_real,1-dodecanethiol + benzene,1-dodecanethiol + benzene,1-dodecanethiol + benzene,2,2,0.1536869416639525,1790.8184682542205,0.1436869416639525,0.4859603205145858,0.0
existing/541,existing_real,existing_real,1-dodecanethiol + benzene,1-dodecanethiol + benzene,1-dodecanethiol + benzene,2,2,0.1536218903568077,1794.18357682813,0.1436218903568077,0.48577773645546685,0.0
existing/542,existing_real,existing_real,1-dodecanethiol + benzene,1-dodecanethiol + benzene,1-dodecanethiol + benzene,2,2,0.1654446727234076,1916.803821628163,0.1554446727234076,0.4848273876541202,0.0
existing/543,existing_real,existing_real,1-dodecanethiol + benzene,1-dodecanethiol + benzene,1-dodecanethiol + benzene,2,2,0.15832596508478822,1868.387416394272,0.1483259650847882,0.48721760850203555,0.0
existing/544,existing_real,existing_real,1-dodecanethiol + benzene,1-dodecanethiol + benzene,1-dodecanethiol + benzene,2,2,0.15286823750152725,1801.4676513413592,0.14286823750152725,0.4869605728432926,0.0
existing/545,existing_real,existing_real,1-dodecanethiol + benzene,1-dodecanethiol + benzene,1-dodecanethiol + benzene,2,2,0.1524936896371845,1871.9980877692358,0.14249368963718448,0.4893089565443822,0.0
existing/546,existing_real,existing_real,1-dodecanethiol + benzene,1-dodecanethiol + benzene,1-dodecanethiol + benzene,2,2,0.14858130482656767,1814.6663630708954,0.13858130482656766,0.48881024655682936,0.0
existing/547,existing_real,existing_real,1-dodecanethiol + benzene,1-dodecanethiol + benzene,1-dodecanethiol + benzene,2,2,0.15233081903903267,1859.5218270276887,0.14233081903903266,0.490313236893756,0.0
existing/548,existing_real,existing_real,1-dodecanethiol + benzene,1-dodecanethiol + benzene,1-dodecanethiol + benzene,2,2,0.15115026544567303,1836.4676774680233,0.14115026544567302,0.49036319118067495,0.0
existing/549,existing_real,existing_real,1-dodecanethiol + benzene,1-dodecanethiol + benzene,1-dodecanethiol + benzene,2,2,0.15059177307743613,1809.2484229904862,0.14059177307743612,0.4898902076440514,0.0
existing/550,existing_real,existing_real,1-dodecanethiol + benzene,1-dodecanethiol + benzene,1-dodecanethiol + benzene,2,2,0.15275740379737052,1829.0406920837725,0.1427574037973705,0.4894745889994148,0.0
existing/551,existing_real,existing_real,1-dodecanethiol + benzene,1-dodecanethiol + benzene,1-dodecanethiol + benzene,2,2,0.14846541749818762,1758.498493350733,0.1384654174981876,0.48974645320073934,0.0
existing/552,existing_real,existing_real,1-dodecanethiol + benzene,1-dodecanethiol + benzene,1-dodecanethiol + benzene,2,2,0.15207206407924131,1871.5247501736853,0.1420720640792413,0.49100890226729155,0.0
existing/553,existing_real,existing_real,1-dodecanethiol + benzene,1-dodecanethiol + benzene,1-dodecanethiol + benzene,2,2,0.1618200501456719,1872.8808409418384,0.1518200501456719,0.4851404865206839,0.0
existing/554,existing_real,existing_real,1-dodecanethiol + benzene,1-dodecanethiol + benzene,1-dodecanethiol + benzene,2,2,0.15314246329861203,1867.0865139484988,0.14314246329861202,0.4904630995022101,0.0
existing/555,existing_real,existing_real,1-dodecanethiol + benzene,1-dodecanethiol + benzene,1-dodecanethiol + benzene,2,2,0.15392460138574648,1865.8387554111214,0.14392460138574648,0.4925635080724886,0.0
existing/556,existing_real,existing_real,1-dodecanethiol + benzene,1-dodecanethiol + benzene,1-dodecanethiol + benzene,2,2,0.15463648923717097,1854.7921879291573,0.14463648923717096,0.49149755056866745,0.0
existing/557,existing_real,existing_real,1-dodecanethiol + benzene,1-dodecanethiol + benzene,1-dodecanethiol + benzene,2,2,0.1558519138244476,1852.6601281000221,0.1458519138244476,0.4921069245465541,0.0
existing/558,existing_real,existing_real,1-dodecanethiol + benzene,1-dodecanethiol + benzene,1-dodecanethiol + benzene,2,2,0.15648556571923483,1839.292776295256,0.14648556571923482,0.49175049344390315,0.0
existing/559,existing_real,existing_real,1-dodecanethiol + benzene,1-dodecanethiol + benzene,1-dodecanethiol + benzene,2,2,0.1573951354434168,1828.2504938307845,0.14739513544341679,0.4883530248006845,0.0
existing/560,existing_real,existing_real,1-dodecanethiol + benzene,1-dodecanethiol + benzene,1-dodecanethiol + benzene,2,2,0.15476754419128136,1897.5082270723954,0.14476754419128135,0.49217188591028216,0.0
existing/561,existing_real,existing_real,1-dodecanethiol + benzene,1-dodecanethiol + benzene,1-dodecanethiol + benzene,2,2,0.15724937572708744,1917.479252351112,0.14724937572708743,0.4910330681970453,0.0
existing/562,existing_real,existing_real,1-dodecanethiol + benzene,1-dodecanethiol + benzene,1-dodecanethiol + benzene,2,2,0.15594845257331494,1890.1191957179683,0.14594845257331493,0.4917462750173158,0.0
existing/563,existing_real,existing_real,1-dodecanethiol + benzene,1-dodecanethiol + benzene,1-dodecanethiol + benzene,2,2,0.15506489943356916,1858.9288685364957,0.14506489943356915,0.4917620855267174,0.0
existing/564,existing_real,existing_real,1-dodecanethiol + benzene,1-dodecanethiol + benzene,1-dodecanethiol + benzene,2,2,0.1619057799009413,1873.9222549959857,0.15190577990094128,0.48592779622211474,0.0
existing/565,existing_real,existing_real,1-dodecanethiol + benzene,1-dodecanethiol + benzene,1-dodecanethiol + benzene,2,2,0.15706958096729878,1862.9292315230186,0.14706958096729877,0.4889527181218689,0.0
existing/566,existing_real,existing_real,1-dodecanethiol + benzene,1-dodecanethiol + benzene,1-dodecanethiol + benzene,2,2,0.157243825936626,1849.51182142354,0.147243825936626,0.4908253907790157,0.0
existing/567,existing_real,existing_real,1-dodecanethiol + benzene,1-dodecanethiol + benzene,1-dodecanethiol + benzene,2,2,0.15592703654672954,1819.1077286985985,0.14592703654672953,0.49102342759419854,0.0
existing/568,existing_real,existing_real,1-dodecanethiol + benzene,1-dodecanethiol + benzene,1-dodecanethiol + benzene,2,2,0.15391005750543804,1879.745050021351,0.14391005750543803,0.493171562572725,0.0
existing/569,existing_real,existing_real,1-dodecanethiol + benzene,1-dodecanethiol + benzene,1-dodecanethiol + benzene,2,2,0.1530073496690352,1852.7790266200943,0.1430073496690352,0.4897725116373007,0.0
existing/570,existing_real,existing_real,1-dodecanethiol + benzene,1-dodecanethiol + benzene,1-dodecanethiol + benzene,2,2,0.15770327857635302,1910.2674715783803,0.14770327857635301,0.4897912131254731,0.0
existing/571,existing_real,existing_real,1-dodecanethiol + benzene,1-dodecanethiol + benzene,1-dodecanethiol + benzene,2,2,0.1541769492441145,1837.942456041943,0.14417694924411448,0.48772781572392476,0.0
existing/572,existing_real,existing_real,1-dodecanethiol + benzene,1-dodecanethiol + benzene,1-dodecanethiol + benzene,2,2,0.15587884646610795,1857.1417829629468,0.14587884646610794,0.489456661219818,0.0
existing/573,existing_real,existing_real,1-dodecanethiol + benzene,1-dodecanethiol + benzene,1-dodecanethiol + benzene,2,2,0.1523277816794054,1783.0467358412616,0.14232778167940538,0.48849672120067555,0.0
existing/574,existing_real,existing_real,1-dodecanethiol + benzene,1-dodecanethiol + benzene,1-dodecanethiol + benzene,2,2,0.1519172597695142,1779.503274251319,0.1419172597695142,0.4914977464140439,0.0
existing/575,existing_real,existing_real,1-dodecanethiol + benzene,1-dodecanethiol + benzene,1-dodecanethiol + benzene,2,2,0.1590533702384758,1834.926930469196,0.14905337023847579,0.48346813378422665,0.0
existing/576,existing_real,existing_real,1-dodecanethiol + benzene,1-dodecanethiol + benzene,1-dodecanethiol + benzene,2,2,0.1590143920720238,1843.991114411648,0.1490143920720238,0.48471632848732005,0.0
existing/577,existing_real,existing_real,1-dodecanethiol + benzene,1-dodecanethiol + benzene,1-dodecanethiol + benzene,2,2,0.15954108892933402,1859.479055624474,0.14954108892933402,0.48564996028981805,0.0
existing/578,existing_real,existing_real,1-dodecanethiol + benzene,1-dodecanethiol + benzene,1-dodecanethiol + benzene,2,2,0.15377811154533894,1845.1477774218934,0.14377811154533893,0.48623950435214647,0.0
existing/579,existing_real,existing_real,1-dodecanethiol + benzene,1-dodecanethiol + benzene,1-dodecanethiol + benzene,2,2,0.15602184091679583,1857.239937645951,0.14602184091679582,0.48571114288934597,0.0
orig_pure/0,original_pure,"1,9-nonanedithiol","1,9-nonanedithiol","1,9-nonanedithiol","1,9-nonanedithiol",1,1,2.1585184756715162e-16,6.398385027352017e-13,2.1585184756715162e-16,1.0,0.0
orig_pure/1,original_pure,"1,9-nonanedithiol","1,9-nonanedithiol","1,9-nonanedithiol","1,9-nonanedithiol",1,1,0.01719428110760511,51.25503569291312,0.01719428110760511,1.0,0.0
orig_pure/2,original_pure,"1,9-nonanedithiol","1,9-nonanedithiol","1,9-nonanedithiol","1,9-nonanedithiol",1,1,0.020787654686261668,61.90856041370611,0.020787654686261668,1.0,4.000822878808249
orig_pure/3,original_pure,"1,9-nonanedithiol","1,9-nonanedithiol","1,9-nonanedithiol","1,9-nonanedithiol",1,1,0.020108712791240844,60.104236761588105,0.020108712791240844,1.0,0.0
orig_pure/4,original_pure,"1,9-nonanedithiol","1,9-nonanedithiol","1,9-nonanedithiol","1,9-nonanedithiol",1,1,0.020025777817748454,59.98568669704763,0.020025777817748454,1.0,4.958075084929447
orig_pure/5,original_pure,"1,9-nonanedithiol","1,9-nonanedithiol","1,9-nonanedithiol","1,9-nonanedithiol",1,1,0.019260787027957315,57.60786604698482,0.019260787027957315,1.0,0.0
orig_pure/6,original_pure,"1,9-nonanedithiol","1,9-nonanedithiol","1,9-nonanedithiol","1,9-nonanedithiol",1,1,0.019920728066748706,59.20011677995902,0.019920728066748706,1.0,2.312104503653185
orig_pure/7,original_pure,"1,9-nonanedithiol","1,9-nonanedithiol","1,9-nonanedithiol","1,9-nonanedithiol",1,1,0.01961354662074087,58.13854985813373,0.01961354662074087,1.0,7.99310402916289
orig_pure/8,original_pure,"1,9-nonanedithiol","1,9-nonanedithiol","1,9-nonanedithiol","1,9-nonanedithiol",1,1,1.6747697413202263e-20,5.0515910130503314e-17,1.6747697413202263e-20,1.0,0.0
orig_pure/9,original_pure,"1,9-nonanedithiol","1,9-nonanedithiol","1,9-nonanedithiol","1,9-nonanedithiol",1,1,0.0,0.0,0.0,1.0,0.0
orig_pure/10,original_pure,"1,9-nonanedithiol","1,9-nonanedithiol","1,9-nonanedithiol","1,9-nonanedithiol",1,1,3.897836975711554e-18,1.1781032690656266e-14,3.897836975711554e-18,1.0,6.386574826146044e-16
orig_pure/11,original_pure,"1,9-nonanedithiol","1,9-nonanedithiol","1,9-nonanedithiol","1,9-nonanedithiol",1,1,0.019287511009551277,58.16582133990465,0.019287511009551277,1.0,0.0
orig_pure/12,original_pure,"1,9-nonanedithiol","1,9-nonanedithiol","1,9-nonanedithiol","1,9-nonanedithiol",1,1,1.0640086147352856e-19,3.1800845534915974e-16,1.0640086147352856e-19,1.0,1.6223974898332983e-15
orig_pure/13,original_pure,"1,9-nonanedithiol","1,9-nonanedithiol","1,9-nonanedithiol","1,9-nonanedithiol",1,1,0.018853196269699675,57.20459044966331,0.018853196269699675,1.0,0.9999387817215936
orig_pure/14,original_pure,"1,9-nonanedithiol","1,9-nonanedithiol","1,9-nonanedithiol","1,9-nonanedithiol",1,1,0.01897357398665968,57.4512966386207,0.01897357398665968,1.0,0.0
orig_pure/15,original_pure,"1,9-nonanedithiol","1,9-nonanedithiol","1,9-nonanedithiol","1,9-nonanedithiol",1,1,0.019289503542770675,58.21278904113075,0.019289503542770675,1.0,1.0141751161178512
orig_pure/16,original_pure,"1,9-nonanedithiol","1,9-nonanedithiol","1,9-nonanedithiol","1,9-nonanedithiol",1,1,0.019660943804245535,59.35674944411413,0.019660943804245535,1.0,1.052378208318519
orig_pure/17,original_pure,"1,9-nonanedithiol","1,9-nonanedithiol","1,9-nonanedithiol","1,9-nonanedithiol",1,1,2.0676183633335309e-16,6.086292407861539e-13,2.0676183633335309e-16,1.0,7.894238326516011e-16
orig_pure/18,original_pure,"1,9-nonanedithiol","1,9-nonanedithiol","1,9-nonanedithiol","1,9-nonanedithiol",1,1,1.693727592339542e-16,4.357045756746441e-13,1.693727592339542e-16,1.0,1.3527717232499012e-16
orig_pure/19,original_pure,"1,9-nonanedithiol","1,9-nonanedithiol","1,9-nonanedithiol","1,9-nonanedithiol",1,1,2.1275333875852122e-16,6.414435927285078e-13,2.1275333875852122e-16,1.0,0.0
orig_pure/20,original_pure,"1,9-nonanedithiol","1,9-nonanedithiol","1,9-nonanedithiol","1,9-nonanedithiol",1,1,0.019375108090437788,58.851087675614984,0.019375108090437788,1.0,0.0
orig_pure/21,original_pure,"1,9-nonanedithiol","1,9-nonanedithiol","1,9-nonanedithiol","1,9-nonanedithiol",1,1,0.020279922069149123,61.325597237877155,0.020279922069149123,1.0,0.0
orig_pure/22,original_pure,"1,9-nonanedithiol","1,9-nonanedithiol","1,9-nonanedithiol","1,9-nonanedithiol",1,1,0.020506521089717716,61.82938758010784,0.020506521089717716,1.0,0.0
orig_pure/23,original_pure,"1,9-nonanedithiol","1,9-nonanedithiol","1,9-nonanedithiol","1,9-nonanedithiol",1,1,0.019670483466643744,59.32622382862462,0.019670483466643744,1.0,0.8667609866092554
orig_pure/24,original_pure,"1,9-nonanedithiol","1,9-nonanedithiol","1,9-nonanedithiol","1,9-nonanedithiol",1,1,0.020555168496913096,61.88142019677291,0.020555168496913096,1.0,0.39412264924499546
orig_pure/25,original_pure,"1,9-nonanedithiol","1,9-nonanedithiol","1,9-nonanedithiol","1,9-nonanedithiol",1,1,2.1132154496434222e-16,6.423083934416152e-13,2.1132154496434222e-16,1.0,1.5594889187402863e-14
orig_pure/26,original_pure,"1,9-nonanedithiol","1,9-nonanedithiol","1,9-nonanedithiol","1,9-nonanedithiol",1,1,0.020217942679628644,61.271096644213195,0.020217942679628644,1.0,6.28224155423193
orig_pure/27,original_pure,1-dodecanethiol,1-dodecanethiol,1-dodecanethiol,1-dodecanethiol,1,1,2.1306412126769728e-16,5.064093280772071e-13,2.1306412126769728e-16,1.0,3.287076694795504e-15
orig_pure/28,original_pure,1-dodecanethiol,1-dodecanethiol,1-dodecanethiol,1-dodecanethiol,1,1,2.839225634689318e-20,6.727507242144006e-17,2.839225634689318e-20,1.0,2.6953137968953927e-16
orig_pure/29,original_pure,1-dodecanethiol,1-dodecanethiol,1-dodecanethiol,1-dodecanethiol,1,1,8.888538717164008e-21,2.0816681711721685e-17,8.888538717164008e-21,1.0,2.15115181409403e-16
orig_pure/30,original_pure,1-dodecanethiol,1-dodecanethiol,1-dodecanethiol,1-dodecanethiol,1,1,0.01835850141710638,43.19865276003814,0.01835850141710638,1.0,0.0
orig_pure/31,original_pure,1-dodecanethiol,1-dodecanethiol,1-dodecanethiol,1-dodecanethiol,1,1,0.018305334692959495,43.02367293133405,0.018305334692959495,1.0,0.0
orig_pure/32,original_pure,1-dodecanethiol,1-dodecanethiol,1-dodecanethiol,1-dodecanethiol,1,1,0.02503376612176478,58.296457664146715,0.02503376612176478,1.0,4.624786054524675
orig_pure/33,original_pure,1-dodecanethiol,1-dodecanethiol,1-dodecanethiol,1-dodecanethiol,1,1,0.02471906659379795,57.97558591473997,0.02471906659379795,1.0,0.0
orig_pure/34,original_pure,1-dodecanethiol,1-dodecanethiol,1-dodecanethiol,1-dodecanethiol,1,1,0.02409457902876883,56.92852996286645,0.02409457902876883,1.0,0.0
orig_pure/35,original_pure,1-dodecanethiol,1-dodecanethiol,1-dodecanethiol,1-dodecanethiol,1,1,0.023350786782824064,55.097570066206664,0.023350786782824064,1.0,0.0
orig_pure/36,original_pure,1-dodecanethiol,1-dodecanethiol,1-dodecanethiol,1-dodecanethiol,1,1,2.1435854046871345e-16,5.091520548261654e-13,2.1435854046871345e-16,1.0,0.0
orig_pure/37,original_pure,1-dodecanethiol,1-dodecanethiol,1-dodecanethiol,1-dodecanethiol,1,1,0.02257746166989981,52.91479523100183,0.02257746166989981,1.0,0.0
orig_pure/38,original_pure,1-dodecanethiol,1-dodecanethiol,1-dodecanethiol,1-dodecanethiol,1,1,0.022608146499997397,53.158101086549514,0.022608146499997397,1.0,0.0
orig_pure/39,original_pure,1-dodecanethiol,1-dodecanethiol,1-dodecanethiol,1-dodecanethiol,1,1,0.022411965464968927,52.89721874944279,0.022411965464968927,1.0,0.0
orig_pure/40,original_pure,1-dodecanethiol,1-dodecanethiol,1-dodecanethiol,1-dodecanethiol,1,1,0.022088278012363776,52.331773465680776,0.022088278012363776,1.0,0.0
orig_pure/41,original_pure,1-dodecanethiol,1-dodecanethiol,1-dodecanethiol,1-dodecanethiol,1,1,7.269186992057194e-17,1.7244085744989387e-13,7.269186992057194e-17,1.0,0.0
orig_pure/42,original_pure,1-dodecanethiol,1-dodecanethiol,1-dodecanethiol,1-dodecanethiol,1,1,0.02167463187840194,50.60467882051598,0.02167463187840194,1.0,0.0
orig_pure/43,original_pure,1-dodecanethiol,1-dodecanethiol,1-dodecanethiol,1-dodecanethiol,1,1,0.02177855565988859,51.23008309995717,0.02177855565988859,1.0,2.498195803020875
orig_pure/44,original_pure,1-dodecanethiol,1-dodecanethiol,1-dodecanethiol,1-dodecanethiol,1,1,0.02181226869976933,51.441116899764964,0.02181226869976933,1.0,8.350888679393593
orig_pure/45,original_pure,1-dodecanethiol,1-dodecanethiol,1-dodecanethiol,1-dodecanethiol,1,1,0.021830931406703936,51.54193074617373,0.021830931406703936,1.0,3.575467200494504
orig_pure/46,original_pure,1-dodecanethiol,1-dodecanethiol,1-dodecanethiol,1-dodecanethiol,1,1,0.022181370966168523,52.58900109664893,0.022181370966168523,1.0,0.41206010785325553
orig_pure/47,original_pure,1-dodecanethiol,1-dodecanethiol,1-dodecanethiol,1-dodecanethiol,1,1,0.023358146257942882,54.7985996548441,0.023358146257942882,1.0,0.0
orig_pure/48,original_pure,1-dodecanethiol,1-dodecanethiol,1-dodecanethiol,1-dodecanethiol,1,1,0.02202976219704392,51.90914424064884,0.02202976219704392,1.0,5.007913313078802
orig_pure/49,original_pure,1-dodecanethiol,1-dodecanethiol,1-dodecanethiol,1-dodecanethiol,1,1,0.021049093077824266,49.50961792307915,0.021049093077824266,1.0,0.0
orig_pure/50,original_pure,1-dodecanethiol,1-dodecanethiol,1-dodecanethiol,1-dodecanethiol,1,1,2.1366150382136852e-16,5.068114770828575e-13,2.1366150382136852e-16,1.0,2.980837770324367e-17
orig_pure/51,original_pure,1-dodecanethiol,1-dodecanethiol,1-dodecanethiol,1-dodecanethiol,1,1,1.1927401335271788e-19,2.8342571091969574e-16,1.1927401335271788e-19,1.0,9.532400259141189e-16
orig_pure/52,original_pure,1-dodecanethiol,1-dodecanethiol,1-dodecanethiol,1-dodecanethiol,1,1,0.022399107346431347,52.750957387143934,0.022399107346431347,1.0,0.28841075380137304
orig_pure/53,original_pure,1-dodecanethiol,1-dodecanethiol,1-dodecanethiol,1-dodecanethiol,1,1,2.1315729400310236e-16,5.034587129363934e-13,2.1315729400310236e-16,1.0,0.0
orig_pure/54,original_pure,1-dodecanethiol,1-dodecanethiol,1-dodecanethiol,1-dodecanethiol,1,1,0.02261694047120535,53.68051899693467,0.02261694047120535,1.0,0.0
orig_pure/55,original_pure,1-dodecanethiol,1-dodecanethiol,1-dodecanethiol,1-dodecanethiol,1,1,0.023311290656016437,55.20455008067502,0.023311290656016437,1.0,0.0
orig_pure/56,original_pure,1-dodecanethiol,1-dodecanethiol,1-dodecanethiol,1-dodecanethiol,1,1,4.136380684673545e-16,9.850368142899274e-13,4.136380684673545e-16,1.0,1.7458462267551265e-14
orig_pure/57,original_pure,1-undecanethiol,1-undecanethiol,1-undecanethiol,1-undecanethiol,1,1,4.452335673571872e-16,9.600563297672363e-13,4.452335673571872e-16,1.0,3.642544401555202e-14
orig_pure/58,original_pure,1-undecanethiol,1-undecanethiol,1-undecanethiol,1-undecanethiol,1,1,0.022501244992738253,48.113161769369015,0.022501244992738253,1.0,0.0
orig_pure/59,original_pure,1-undecanethiol,1-undecanethiol,1-undecanethiol,1-undecanethiol,1,1,0.025166328563627598,53.452811349027186,0.025166328563627598,1.0,0.0
orig_pure/60,original_pure,1-undecanethiol,1-undecanethiol,1-undecanethiol,1-undecanethiol,1,1,2.222404812409076e-16,4.725913773505393e-13,2.222404812409076e-16,1.0,2.1491668008839663e-15
orig_pure/61,original_pure,1-undecanethiol,1-undecanethiol,1-undecanethiol,1-undecanethiol,1,1,2.1891553201122465e-16,4.611220803718776e-13,2.1891553201122465e-16,1.0,5.942833284363639e-16
orig_pure/62,original_pure,1-undecanethiol,1-undecanethiol,1-undecanethiol,1-undecanethiol,1,1,2.879948490211157e-17,6.039062019779345e-14,2.879948490211157e-17,1.0,0.0
orig_pure/63,original_pure,1-undecanethiol,1-undecanethiol,1-undecanethiol,1-undecanethiol,1,1,0.022555052128734644,47.11739760608793,0.022555052128734644,1.0,0.0
orig_pure/64,original_pure,1-undecanethiol,1-undecanethiol,1-undecanethiol,1-undecanethiol,1,1,0.022837359846602453,47.514825266618146,0.022837359846602453,1.0,2.175184776412135
orig_pure/65,original_pure,1-undecanethiol,1-undecanethiol,1-undecanethiol,1-undecanethiol,1,1,0.023059094226687255,47.811160464736474,0.023059094226687255,1.0,0.7491271235826427
orig_pure/66,original_pure,1-undecanethiol,1-undecanethiol,1-undecanethiol,1-undecanethiol,1,1,0.024132976419923513,49.551950814687885,0.024132976419923513,1.0,0.0
orig_pure/67,original_pure,1-undecanethiol,1-undecanethiol,1-undecanethiol,1-undecanethiol,1,1,0.024110447120076497,49.59207014555961,0.024110447120076497,1.0,4.77820221151311
orig_pure/68,original_pure,1-undecanethiol,1-undecanethiol,1-undecanethiol,1-undecanethiol,1,1,3.075598035727681e-17,6.296680586729863e-14,3.075598035727681e-17,1.0,0.0
orig_pure/69,original_pure,1-undecanethiol,1-undecanethiol,1-undecanethiol,1-undecanethiol,1,1,0.024518560348757983,49.75557501946922,0.024518560348757983,1.0,2.4549673532035974
orig_pure/70,original_pure,1-undecanethiol,1-undecanethiol,1-undecanethiol,1-undecanethiol,1,1,1.6436866801497513e-19,3.3477466516396756e-16,1.6436866801497513e-19,1.0,1.0730649159972886e-15
orig_pure/71,original_pure,1-undecanethiol,1-undecanethiol,1-undecanethiol,1-undecanethiol,1,1,0.023861179479963624,48.22888436466035,0.023861179479963624,1.0,2.1197213489546893
orig_pure/72,original_pure,1-undecanethiol,1-undecanethiol,1-undecanethiol,1-undecanethiol,1,1,0.023336114283369312,47.15077505801931,0.023336114283369312,1.0,0.0
orig_pure/73,original_pure,1-undecanethiol,1-undecanethiol,1-undecanethiol,1-undecanethiol,1,1,0.024029580559088166,48.1960218786208,0.024029580559088166,1.0,2.550716226764933
orig_pure/74,original_pure,1-undecanethiol,1-undecanethiol,1-undecanethiol,1-undecanethiol,1,1,0.02339101600267135,47.14065447383382,0.02339101600267135,1.0,3.032529833706148
orig_pure/75,original_pure,1-undecanethiol,1-undecanethiol,1-undecanethiol,1-undecanethiol,1,1,0.024502281714023716,49.015165487191496,0.024502281714023716,1.0,0.0
orig_pure/76,original_pure,1-undecanethiol,1-undecanethiol,1-undecanethiol,1-undecanethiol,1,1,3.379653868146461e-17,6.779002416171205e-14,3.379653868146461e-17,1.0,0.0
orig_pure/77,original_pure,1-undecanethiol,1-undecanethiol,1-undecanethiol,1-undecanethiol,1,1,0.024223609152677236,48.341020707628225,0.024223609152677236,1.0,4.785351442387032
orig_pure/78,original_pure,1-undecanethiol,1-undecanethiol,1-undecanethiol,1-undecanethiol,1,1,1.6027310351741314e-16,3.2070880577146937e-13,1.6027310351741314e-16,1.0,0.0
orig_pure/79,original_pure,1-undecanethiol,1-undecanethiol,1-undecanethiol,1-undecanethiol,1,1,0.024444155829511854,48.54544463187212,0.024444155829511854,1.0,1.496451579436046
orig_pure/80,original_pure,1-undecanethiol,1-undecanethiol,1-undecanethiol,1-undecanethiol,1,1,0.025471932569252925,50.72620716932951,0.025471932569252925,1.0,2.727447168973612
orig_pure/81,original_pure,1-undecanethiol,1-undecanethiol,1-undecanethiol,1-undecanethiol,1,1,0.023845610785363982,47.38426753782411,0.023845610785363982,1.0,0.0
orig_pure/82,original_pure,1-undecanethiol,1-undecanethiol,1-undecanethiol,1-undecanethiol,1,1,7.468362810751132e-17,1.4737290139855887e-13,7.468362810751132e-17,1.0,4.2545482167904435e-16
orig_pure/83,original_pure,6-mercapto-1-hexanol,6-mercapto-1-hexanol,6-mercapto-1-hexanol,6-mercapto-1-hexanol,1,1,2.4998853776585077e-16,5.843179846089996e-13,2.4998853776585077e-16,1.0,0.0
orig_pure/84,original_pure,6-mercapto-1-hexanol,6-mercapto-1-hexanol,6-mercapto-1-hexanol,6-mercapto-1-hexanol,1,1,0.029718732956999908,31.14361820071843,0.029718732956999908,1.0,0.0
orig_pure/85,original_pure,6-mercapto-1-hexanol,6-mercapto-1-hexanol,6-mercapto-1-hexanol,6-mercapto-1-hexanol,1,1,2.254238746678259e-16,2.394016123894279e-13,2.254238746678259e-16,1.0,6.9722925718221865e-15
orig_pure/86,original_pure,6-mercapto-1-hexanol,6-mercapto-1-hexanol,6-mercapto-1-hexanol,6-mercapto-1-hexanol,1,1,8.166801187447633e-20,8.617163567189819e-17,8.166801187447633e-20,1.0,3.5275884763993263e-16
orig_pure/87,original_pure,6-mercapto-1-hexanol,6-mercapto-1-hexanol,6-mercapto-1-hexanol,6-mercapto-1-hexanol,1,1,0.03933800817033013,41.25517675360083,0.03933800817033013,1.0,5.198156219608522
orig_pure/88,original_pure,6-mercapto-1-hexanol,6-mercapto-1-hexanol,6-mercapto-1-hexanol,6-mercapto-1-hexanol,1,1,1.1949117710316062e-16,1.2482065288585053e-13,1.1949117710316062e-16,1.0,0.0
orig_pure/89,original_pure,6-mercapto-1-hexanol,6-mercapto-1-hexanol,6-mercapto-1-hexanol,6-mercapto-1-hexanol,1,1,0.037893079249639396,39.74390586997235,0.037893079249639396,1.0,0.0
orig_pure/90,original_pure,6-mercapto-1-hexanol,6-mercapto-1-hexanol,6-mercapto-1-hexanol,6-mercapto-1-hexanol,1,1,0.03819242944636556,40.23131942635679,0.03819242944636556,1.0,0.0
orig_pure/91,original_pure,6-mercapto-1-hexanol,6-mercapto-1-hexanol,6-mercapto-1-hexanol,6-mercapto-1-hexanol,1,1,0.0,0.0,0.0,1.0,0.0
orig_pure/92,original_pure,6-mercapto-1-hexanol,6-mercapto-1-hexanol,6-mercapto-1-hexanol,6-mercapto-1-hexanol,1,1,0.03830551436601345,39.975892419033535,0.03830551436601345,1.0,4.683603947163536
orig_pure/93,original_pure,6-mercapto-1-hexanol,6-mercapto-1-hexanol,6-mercapto-1-hexanol,6-mercapto-1-hexanol,1,1,0.03750197113026083,39.2289686353302,0.03750197113026083,1.0,3.1186800834143487
orig_pure/94,original_pure,6-mercapto-1-hexanol,6-mercapto-1-hexanol,6-mercapto-1-hexanol,6-mercapto-1-hexanol,1,1,0.03887122011310421,40.77222561318842,0.03887122011310421,1.0,1.8994043953108213
orig_pure/95,original_pure,6-mercapto-1-hexanol,6-mercapto-1-hexanol,6-mercapto-1-hexanol,6-mercapto-1-hexanol,1,1,0.037472194473011027,39.312389477464244,0.037472194473011027,1.0,0.0
orig_pure/96,original_pure,6-mercapto-1-hexanol,6-mercapto-1-hexanol,6-mercapto-1-hexanol,6-mercapto-1-hexanol,1,1,0.03746549791996078,39.14588496670489,0.03746549791996078,1.0,4.066537584236202
orig_pure/97,original_pure,6-mercapto-1-hexanol,6-mercapto-1-hexanol,6-mercapto-1-hexanol,6-mercapto-1-hexanol,1,1,0.038246030962003595,39.892209842543835,0.038246030962003595,1.0,4.943876097629529
orig_pure/98,original_pure,6-mercapto-1-hexanol,6-mercapto-1-hexanol,6-mercapto-1-hexanol,6-mercapto-1-hexanol,1,1,0.03662052908986466,38.27913482866649,0.03662052908986466,1.0,6.126469726425439
orig_pure/99,original_pure,6-mercapto-1-hexanol,6-mercapto-1-hexanol,6-mercapto-1-hexanol,6-mercapto-1-hexanol,1,1,0.03896681200003901,40.57757229300634,0.03896681200003901,1.0,1.7949142760124732
orig_pure/100,original_pure,6-mercapto-1-hexanol,6-mercapto-1-hexanol,6-mercapto-1-hexanol,6-mercapto-1-hexanol,1,1,9.86700237561916e-18,1.0312618693007532e-14,9.86700237561916e-18,1.0,1.1651754849583476e-14
orig_pure/101,original_pure,6-mercapto-1-hexanol,6-mercapto-1-hexanol,6-mercapto-1-hexanol,6-mercapto-1-hexanol,1,1,0.036773791378812204,38.295978482449215,0.036773791378812204,1.0,2.8363552357660464
orig_pure/102,original_pure,6-mercapto-1-hexanol,6-mercapto-1-hexanol,6-mercapto-1-hexanol,6-mercapto-1-hexanol,1,1,0.03974374549239342,41.51580005607656,0.03974374549239342,1.0,0.0
orig_pure/103,original_pure,6-mercapto-1-hexanol,6-mercapto-1-hexanol,6-mercapto-1-hexanol,6-mercapto-1-hexanol,1,1,0.04141572653878008,43.166077424877585,0.04141572653878008,1.0,2.363507853892567
orig_pure/104,original_pure,6-mercapto-1-hexanol,6-mercapto-1-hexanol,6-mercapto-1-hexanol,6-mercapto-1-hexanol,1,1,1.2224347786363868e-16,1.2726133425304384e-13,1.2224347786363868e-16,1.0,0.0
orig_pure/105,original_pure,6-mercapto-1-hexanol,6-mercapto-1-hexanol,6-mercapto-1-hexanol,6-mercapto-1-hexanol,1,1,1.1940037292336534e-16,1.2523999555055982e-13,1.1940037292336534e-16,1.0,2.8410084355876253e-16
orig_pure/106,original_pure,6-mercapto-1-hexanol,6-mercapto-1-hexanol,6-mercapto-1-hexanol,6-mercapto-1-hexanol,1,1,0.042070544840366,43.774217058028114,0.042070544840366,1.0,0.0
orig_pure/107,original_pure,6-mercapto-1-hexanol,6-mercapto-1-hexanol,6-mercapto-1-hexanol,6-mercapto-1-hexanol,1,1,0.039337425478497196,41.088485049715814,0.039337425478497196,1.0,5.058022637270199
orig_pure/108,original_pure,6-mercapto-1-hexanol,6-mercapto-1-hexanol,6-mercapto-1-hexanol,6-mercapto-1-hexanol,1,1,0.040633555470016985,42.15496333662007,0.040633555470016985,1.0,0.0
orig_pure/109,original_pure,6-mercapto-1-hexanol,6-mercapto-1-hexanol,6-mercapto-1-hexanol,6-mercapto-1-hexanol,1,1,8.522347833087093e-17,8.835218962939206e-14,8.522347833087093e-17,1.0,3.0044058595569236e-17
orig_pure/110,original_pure,benzene,benzene,benzene,benzene,1,1,1.1262814872223082e-16,2.8585023804799796e-12,1.1262814872223082e-16,1.0,0.0
orig_pure/111,original_pure,benzene,benzene,benzene,benzene,1,1,7.668971113713195e-17,1.9973747723113406e-12,7.668971113713195e-17,1.0,2.0004976903779742e-14
orig_pure/112,original_pure,benzene,benzene,benzene,benzene,1,1,9.976762197567051e-17,2.640848355066292e-12,9.976762197567051e-17,1.0,0.0
orig_pure/113,original_pure,benzene,benzene,benzene,benzene,1,1,0.0019873476999467897,52.34208089334102,0.0019873476999467897,1.0,0.0
orig_pure/114,original_pure,benzene,benzene,benzene,benzene,1,1,0.0019350720815414129,50.86022724758604,0.0019350720815414129,1.0,0.0
orig_pure/115,original_pure,benzene,benzene,benzene,benzene,1,1,0.0020667472429383993,54.16793468099664,0.0020667472429383993,1.0,0.0
orig_pure/116,original_pure,benzene,benzene,benzene,benzene,1,1,1.0286123604234857e-16,2.6682067639954773e-12,1.0286123604234857e-16,1.0,9.56185931115011e-16
orig_pure/117,original_pure,benzene,benzene,benzene,benzene,1,1,0.0021904011760820554,56.82245325564732,0.0021904011760820554,1.0,1.7633906731377913
orig_pure/118,original_pure,benzene,benzene,benzene,benzene,1,1,0.002359387540814745,61.027140115953074,0.002359387540814745,1.0,0.0
orig_pure/119,original_pure,benzene,benzene,benzene,benzene,1,1,0.002345767081850007,59.881963684635636,0.002345767081850007,1.0,3.4373411368333073
orig_pure/120,original_pure,benzene,benzene,benzene,benzene,1,1,7.507255002155555e-17,1.8998985053212177e-12,7.507255002155555e-17,1.0,3.149014643955158e-16
orig_pure/121,original_pure,benzene,benzene,benzene,benzene,1,1,0.00259051053123531,65.05985986543351,0.00259051053123531,1.0,4.024089937540342
orig_pure/122,original_pure,benzene,benzene,benzene,benzene,1,1,1.2239376741854396e-16,3.028362673689773e-12,1.2239376741854396e-16,1.0,8.980669230812477e-16
orig_pure/123,original_pure,benzene,benzene,benzene,benzene,1,1,0.002891280226650465,72.14961993546409,0.002891280226650465,1.0,2.242964151528777
orig_pure/124,original_pure,benzene,benzene,benzene,benzene,1,1,8.202578528478127e-17,2.0763030565100198e-12,8.202578528478127e-17,1.0,8.528056610796151e-16
orig_pure/125,original_pure,benzene,benzene,benzene,benzene,1,1,0.0027431775053347817,70.19365318747272,0.0027431775053347817,1.0,1.0537253461663119
orig_pure/126,original_pure,benzene,benzene,benzene,benzene,1,1,0.0,0.0,0.0,1.0,0.0
orig_pure/127,original_pure,benzene,benzene,benzene,benzene,1,1,0.0028105322890072796,72.54368142818299,0.0028105322890072796,1.0,7.491438061470897
orig_pure/128,original_pure,benzene,benzene,benzene,benzene,1,1,0.0031216705138990236,80.73532278323172,0.0031216705138990236,1.0,2.49457860236048
orig_pure/129,original_pure,benzene,benzene,benzene,benzene,1,1,0.0024175005309537904,62.46377198679748,0.0024175005309537904,1.0,0.0
orig_pure/130,original_pure,benzene,benzene,benzene,benzene,1,1,0.002696710310440875,69.6695303313236,0.002696710310440875,1.0,0.0
orig_pure/131,original_pure,benzene,benzene,benzene,benzene,1,1,0.00283103280967716,73.35588951310787,0.00283103280967716,1.0,0.0
orig_pure/132,original_pure,benzene,benzene,benzene,benzene,1,1,7.265081267988629e-17,1.891904880331193e-12,7.265081267988629e-17,1.0,5.295047954334391e-16
orig_pure/133,original_pure,benzene,benzene,benzene,benzene,1,1,0.0029512280318803896,76.9566947714227,0.0029512280318803896,1.0,4.057533618026168
orig_pure/134,original_pure,benzene,benzene,benzene,benzene,1,1,0.002828473020163853,73.7564063703747,0.002828473020163853,1.0,2.2081026728388413
orig_pure/135,original_pure,benzene,benzene,benzene,benzene,1,1,0.002694129387232832,70.3226175839306,0.002694129387232832,1.0,5.403895869979804
orig_pure/136,original_pure,benzene,benzene,benzene,benzene,1,1,0.0033436424818146186,87.26554127360745,0.0033436424818146186,1.0,0.0
orig_pure/137,original_pure,benzenethiol,benzenethiol,benzenethiol,benzenethiol,1,1,0.020351168943644984,65.95941992559737,0.020351168943644984,1.0,0.0
orig_pure/138,original_pure,benzenethiol,benzenethiol,benzenethiol,benzenethiol,1,1,0.01818689970247732,59.06279635338316,0.01818689970247732,1.0,0.0
orig_pure/139,original_pure,benzenethiol,benzenethiol,benzenethiol,benzenethiol,1,1,3.995084729943515e-18,1.2920842889572014e-14,3.995084729943515e-18,1.0,5.439515575304342e-16
orig_pure/140,original_pure,benzenethiol,benzenethiol,benzenethiol,benzenethiol,1,1,0.020191028281670173,65.3447627821371,0.020191028281670173,1.0,0.0
orig_pure/141,original_pure,benzenethiol,benzenethiol,benzenethiol,benzenethiol,1,1,0.019313030010688213,62.581867924768595,0.019313030010688213,1.0,5.356182897096592
orig_pure/142,original_pure,benzenethiol,benzenethiol,benzenethiol,benzenethiol,1,1,8.889424963370452e-17,2.879916570101101e-13,8.889424963370452e-17,1.0,1.617271998781815e-16
orig_pure/143,original_pure,benzenethiol,benzenethiol,benzenethiol,benzenethiol,1,1,0.018934057203062984,61.37801176914155,0.018934057203062984,1.0,6.3834745850231025
orig_pure/144,original_pure,benzenethiol,benzenethiol,benzenethiol,benzenethiol,1,1,2.40943065877401e-16,7.857599842653602e-13,2.40943065877401e-16,1.0,1.2869623434940433e-15
orig_pure/145,original_pure,benzenethiol,benzenethiol,benzenethiol,benzenethiol,1,1,0.017786253464510737,57.84840534403801,0.017786253464510737,1.0,3.8922614908370456
orig_pure/146,original_pure,benzenethiol,benzenethiol,benzenethiol,benzenethiol,1,1,0.016910199586734318,54.720366285103005,0.016910199586734318,1.0,0.0
orig_pure/147,original_pure,benzenethiol,benzenethiol,benzenethiol,benzenethiol,1,1,0.01703415484169519,55.47319816399231,0.01703415484169519,1.0,3.596838296492773
orig_pure/148,original_pure,benzenethiol,benzenethiol,benzenethiol,benzenethiol,1,1,1.1444185627830554e-16,3.727707932106942e-13,1.1444185627830554e-16,1.0,5.169029396972265e-16
orig_pure/149,original_pure,benzenethiol,benzenethiol,benzenethiol,benzenethiol,1,1,0.017106181137372185,55.7990073325043,0.017106181137372185,1.0,1.467004595689951
orig_pure/150,original_pure,benzenethiol,benzenethiol,benzenethiol,benzenethiol,1,1,0.017445719120092237,56.93874602386534,0.017445719120092237,1.0,0.4037568023669949
orig_pure/151,original_pure,benzenethiol,benzenethiol,benzenethiol,benzenethiol,1,1,0.01736885785551866,56.34210478569889,0.01736885785551866,1.0,6.657791772222093
orig_pure/152,original_pure,benzenethiol,benzenethiol,benzenethiol,benzenethiol,1,1,0.016720249247630384,54.5622755579984,0.016720249247630384,1.0,0.0
orig_pure/153,original_pure,benzenethiol,benzenethiol,benzenethiol,benzenethiol,1,1,6.7538808468251e-17,2.2028256667293516e-13,6.7538808468251e-17,1.0,1.0479002879855632e-16
orig_pure/154,original_pure,benzenethiol,benzenethiol,benzenethiol,benzenethiol,1,1,4.769832080224661e-16,1.5564745304215624e-12,4.769832080224661e-16,1.0,0.0
orig_pure/155,original_pure,benzenethiol,benzenethiol,benzenethiol,benzenethiol,1,1,0.018368336381738327,59.67584857387726,0.018368336381738327,1.0,5.324440548230791
orig_pure/156,original_pure,benzenethiol,benzenethiol,benzenethiol,benzenethiol,1,1,3.780760146413075e-17,1.2229526263695232e-13,3.780760146413075e-17,1.0,4.682087751331102e-16
orig_pure/157,original_pure,benzenethiol,benzenethiol,benzenethiol,benzenethiol,1,1,0.017275521735600118,56.34687540362779,0.017275521735600118,1.0,5.534057460569091
orig_pure/158,original_pure,benzenethiol,benzenethiol,benzenethiol,benzenethiol,1,1,2.4196202357381326e-16,7.850397613340211e-13,2.4196202357381326e-16,1.0,8.835461474794027e-17
orig_pure/159,original_pure,benzenethiol,benzenethiol,benzenethiol,benzenethiol,1,1,1.3720895169326115e-16,4.4734186751368947e-13,1.3720895169326115e-16,1.0,2.1101708733383647e-16
orig_pure/160,original_pure,benzenethiol,benzenethiol,benzenethiol,benzenethiol,1,1,0.019016244447544347,61.905550619763986,0.019016244447544347,1.0,0.0
orig_pure/161,original_pure,benzenethiol,benzenethiol,benzenethiol,benzenethiol,1,1,0.01777621953712762,57.57013511762617,0.01777621953712762,1.0,0.0
orig_pure/162,original_pure,benzenethiol,benzenethiol,benzenethiol,benzenethiol,1,1,0.018383443625905615,59.804060268566296,0.018383443625905615,1.0,0.5265187903555693
orig_pure/163,original_pure,benzenethiol,benzenethiol,benzenethiol,benzenethiol,1,1,0.017748273454687227,57.39745795764344,0.017748273454687227,1.0,1.3115517215464179
orig_pure/164,original_pure,dmmp,dmmp,dmmp,dmmp,1,1,0.011797398945059927,72.75747968478758,0.011797398945059927,1.0,0.0
orig_pure/165,original_pure,dmmp,dmmp,dmmp,dmmp,1,1,0.016504988038223905,100.54232742659953,0.016504988038223905,1.0,0.0
orig_pure/166,original_pure,dmmp,dmmp,dmmp,dmmp,1,1,0.017071912069947643,103.58271552397535,0.017071912069947643,1.0,0.0
orig_pure/167,original_pure,dmmp,dmmp,dmmp,dmmp,1,1,0.015769252306558002,95.95076717195181,0.015769252306558002,1.0,0.0
orig_pure/168,original_pure,dmmp,dmmp,dmmp,dmmp,1,1,0.015573052226135252,94.15106169362888,0.015573052226135252,1.0,0.0
orig_pure/169,original_pure,dmmp,dmmp,dmmp,dmmp,1,1,0.01479946552140033,89.7916260550009,0.01479946552140033,1.0,0.7016650063488915
orig_pure/170,original_pure,dmmp,dmmp,dmmp,dmmp,1,1,0.013637441468603581,82.58532617403803,0.013637441468603581,1.0,0.0
orig_pure/171,original_pure,dmmp,dmmp,dmmp,dmmp,1,1,0.013556406242593619,82.09063839680694,0.013556406242593619,1.0,4.311730226903115
orig_pure/172,original_pure,dmmp,dmmp,dmmp,dmmp,1,1,0.013544196683237374,81.17684248145517,0.013544196683237374,1.0,0.0
orig_pure/173,original_pure,dmmp,dmmp,dmmp,dmmp,1,1,1.7395150924250494e-16,1.0524233508234074e-12,1.7395150924250494e-16,1.0,0.0
orig_pure/174,original_pure,dmmp,dmmp,dmmp,dmmp,1,1,0.01284937469495443,77.03462974200157,0.01284937469495443,1.0,2.9475877582270664
orig_pure/175,original_pure,dmmp,dmmp,dmmp,dmmp,1,1,0.0,0.0,0.0,1.0,0.0
orig_pure/176,original_pure,dmmp,dmmp,dmmp,dmmp,1,1,0.013191850822725362,78.78595210812729,0.013191850822725362,1.0,0.0
orig_pure/177,original_pure,dmmp,dmmp,dmmp,dmmp,1,1,0.013317651996527466,80.15205075970886,0.013317651996527466,1.0,0.0
orig_pure/178,original_pure,dmmp,dmmp,dmmp,dmmp,1,1,0.013903138524759663,83.74653945198995,0.013903138524759663,1.0,0.0
orig_pure/179,original_pure,dmmp,dmmp,dmmp,dmmp,1,1,0.013156530803016361,79.34139366796107,0.013156530803016361,1.0,0.0
orig_pure/180,original_pure,dmmp,dmmp,dmmp,dmmp,1,1,0.014102552221095575,85.10958238381693,0.014102552221095575,1.0,0.0
orig_pure/181,original_pure,dmmp,dmmp,dmmp,dmmp,1,1,0.013719291754780934,83.07014150607407,0.013719291754780934,1.0,0.0
orig_pure/182,original_pure,dmmp,dmmp,dmmp,dmmp,1,1,0.014335996445971277,86.93354007385128,0.014335996445971277,1.0,3.639056083811608
orig_pure/183,original_pure,dmmp,dmmp,dmmp,dmmp,1,1,0.014030778120979843,85.26769056102323,0.014030778120979843,1.0,0.0
orig_pure/184,original_pure,dmmp,dmmp,dmmp,dmmp,1,1,1.5620308332522867e-17,9.59083299539478e-14,1.5620308332522867e-17,1.0,3.948433237048525e-17
orig_pure/185,original_pure,dmmp,dmmp,dmmp,dmmp,1,1,7.271856947165753e-20,4.484050470211362e-16,7.271856947165753e-20,1.0,0.0
orig_pure/186,original_pure,dmmp,dmmp,dmmp,dmmp,1,1,9.975967262360978e-16,6.183930446625317e-12,9.975967262360978e-16,1.0,0.0
orig_pure/187,original_pure,dmmp,dmmp,dmmp,dmmp,1,1,1.5817677744706474e-17,9.738114609870396e-14,1.5817677744706474e-17,1.0,3.1727839770708738e-15
orig_pure/188,original_pure,dmmp,dmmp,dmmp,dmmp,1,1,8.232331261064399e-21,5.0515910130503314e-17,8.232331261064399e-21,1.0,0.0
orig_pure/189,original_pure,dmmp,dmmp,dmmp,dmmp,1,1,1.7262391953188512e-16,1.0531189731874123e-12,1.7262391953188512e-16,1.0,1.4401198029462545e-15
orig_pure/190,original_pure,dmmp,dmmp,dmmp,dmmp,1,1,1.7294999367626254e-16,1.0529290728311285e-12,1.7294999367626254e-16,1.0,0.0
orig_pure/191,original_pure,etoh,etoh,etoh,etoh,1,1,2.1072226391137692e-16,1.74738923235146e-13,2.1072226391137692e-16,1.0,8.257497621992262e-15
orig_pure/192,original_pure,etoh,etoh,etoh,etoh,1,1,1.1775993975142022e-16,2.95631808754109e-13,1.1775993975142022e-16,1.0,0.0
orig_pure/193,original_pure,etoh,etoh,etoh,etoh,1,1,1.2334802872675368e-16,2.87419104088472e-13,1.2334802872675368e-16,1.0,0.0
orig_pure/194,original_pure,etoh,etoh,etoh,etoh,1,1,1.7279928969053502e-16,1.5556481185670965e-13,1.7279928969053502e-16,1.0,4.506805069612515e-17
orig_pure/195,original_pure,etoh,etoh,etoh,etoh,1,1,0.08354260648779925,73.63553288178373,0.08354260648779925,1.0,1.4784050560047999
orig_pure/196,original_pure,etoh,etoh,etoh,etoh,1,1,0.08071487898233481,71.38067355439065,0.08071487898233481,1.0,0.0
orig_pure/197,original_pure,etoh,etoh,etoh,etoh,1,1,1.7497430716456288e-16,1.5514070921049124e-13,1.7497430716456288e-16,1.0,7.729792352609094e-15
orig_pure/198,original_pure,etoh,etoh,etoh,etoh,1,1,0.0787167569376165,69.03689457202707,0.0787167569376165,1.0,0.3559744404162499
orig_pure/199,original_pure,etoh,etoh,etoh,etoh,1,1,7.131372727146846e-17,6.197732949205224e-14,7.131372727146846e-17,1.0,0.0
orig_pure/200,original_pure,etoh,etoh,etoh,etoh,1,1,0.0769028618566918,67.38997248746297,0.0769028618566918,1.0,1.7909223761533684
orig_pure/201,original_pure,etoh,etoh,etoh,etoh,1,1,0.08193147235480044,72.31864443282214,0.08193147235480044,1.0,0.0
orig_pure/202,original_pure,etoh,etoh,etoh,etoh,1,1,0.08053595595864692,69.7456479448965,0.08053595595864692,1.0,0.0
orig_pure/203,original_pure,etoh,etoh,etoh,etoh,1,1,0.08204681805739053,71.35524631386048,0.08204681805739053,1.0,4.424982354652764
orig_pure/204,original_pure,etoh,etoh,etoh,etoh,1,1,0.08194595319637867,71.16533198004704,0.08194595319637867,1.0,0.0
orig_pure/205,original_pure,etoh,etoh,etoh,etoh,1,1,0.08370645629810462,74.51557167865144,0.08370645629810462,1.0,3.8866273655821435
orig_pure/206,original_pure,etoh,etoh,etoh,etoh,1,1,0.08013180985334974,69.33825528277778,0.08013180985334974,1.0,1.0170613417141372
orig_pure/207,original_pure,etoh,etoh,etoh,etoh,1,1,0.08163185087037265,70.95444911693207,0.08163185087037265,1.0,0.0
orig_pure/208,original_pure,etoh,etoh,etoh,etoh,1,1,0.0857032587146358,74.0096798540357,0.0857032587146358,1.0,4.869803950711806
orig_pure/209,original_pure,etoh,etoh,etoh,etoh,1,1,1.7578984271640505e-16,1.544273454250628e-13,1.7578984271640505e-16,1.0,0.0
orig_pure/210,original_pure,etoh,etoh,etoh,etoh,1,1,0.08530254911059801,73.82785504715214,0.08530254911059801,1.0,3.7938577025144142
orig_pure/211,original_pure,etoh,etoh,etoh,etoh,1,1,0.08092470922363239,69.85344164685645,0.08092470922363239,1.0,0.0
orig_pure/212,original_pure,etoh,etoh,etoh,etoh,1,1,0.08553374931600882,73.83850236676074,0.08553374931600882,1.0,4.3775452176455545
orig_pure/213,original_pure,etoh,etoh,etoh,etoh,1,1,0.08608602747303007,73.89340232157437,0.08608602747303007,1.0,10.988379009036857
orig_pure/214,original_pure,etoh,etoh,etoh,etoh,1,1,2.1320725489775733e-16,1.8629198458293918e-13,2.1320725489775733e-16,1.0,8.057987785059906e-15
orig_pure/215,original_pure,etoh,etoh,etoh,etoh,1,1,0.08141229936825095,71.38104335145498,0.08141229936825095,1.0,0.0
orig_pure/216,original_pure,etoh,etoh,etoh,etoh,1,1,1.7085248681053256e-16,1.4666772196272135e-13,1.7085248681053256e-16,1.0,7.513008923550692e-15
orig_pure/217,original_pure,etoh,etoh,etoh,etoh,1,1,0.08118245484411908,70.44783791074214,0.08118245484411908,1.0,0.0
orig_pure/218,original_pure,etoh,etoh,etoh,etoh,1,1,0.08023448688331578,70.14367783535127,0.08023448688331578,1.0,0.0
orig_pure/219,original_pure,etoh,etoh,etoh,etoh,1,1,0.07918687222581361,68.45502039962781,0.07918687222581361,1.0,0.0
orig_pure/220,original_pure,etoh,etoh,etoh,etoh,1,1,0.07954561045681334,68.67129373731385,0.07954561045681334,1.0,0.0
orig_pure/221,original_pure,etoh,etoh,etoh,etoh,1,1,0.08252872732866857,71.18153594787229,0.08252872732866857,1.0,0.0
orig_pure/222,original_pure,etoh,etoh,etoh,etoh,1,1,0.08191282519371813,70.7773510423125,0.08191282519371813,1.0,0.0
orig_pure/223,original_pure,etoh,etoh,etoh,etoh,1,1,0.08323744341664178,71.85324660672225,0.08323744341664178,1.0,7.240273627124288
orig_pure/224,original_pure,etoh,etoh,etoh,etoh,1,1,0.08655209201987733,73.46630186764621,0.08655209201987733,1.0,2.7150291294980593
orig_pure/225,original_pure,etoh,etoh,etoh,etoh,1,1,0.08292766610639318,72.12725886339331,0.08292766610639318,1.0,9.0566052519445
orig_pure/226,original_pure,etoh,etoh,etoh,etoh,1,1,0.08061921430495468,69.17862878409431,0.08061921430495468,1.0,0.0
orig_pure/227,original_pure,etoh,etoh,etoh,etoh,1,1,0.08101507266505897,70.16148587097783,0.08101507266505897,1.0,0.0
orig_pure/228,original_pure,etoh,etoh,etoh,etoh,1,1,0.08201407688911021,69.7466844301714,0.08201407688911021,1.0,7.125189550399327
orig_pure/229,original_pure,etoh,etoh,etoh,etoh,1,1,0.08109639681008027,69.24740179315214,0.08109639681008027,1.0,1.8183912634735604
orig_pure/230,original_pure,etoh,etoh,etoh,etoh,1,1,0.08684129431469377,74.84521950534183,0.08684129431469377,1.0,6.80935686836055
orig_pure/231,original_pure,etoh,etoh,etoh,etoh,1,1,0.08040875299978364,68.61589898690065,0.08040875299978364,1.0,0.0
orig_pure/232,original_pure,etoh,etoh,etoh,etoh,1,1,0.08270516483078919,71.30931317937637,0.08270516483078919,1.0,1.2957494782793726
orig_pure/233,original_pure,etoh,etoh,etoh,etoh,1,1,0.08442173577613049,72.37048488345492,0.08442173577613049,1.0,0.0
orig_pure/234,original_pure,etoh,etoh,etoh,etoh,1,1,0.08395293533372675,70.95327141942705,0.08395293533372675,1.0,8.289949160302344
orig_pure/235,original_pure,etoh,etoh,etoh,etoh,1,1,0.08576467103791288,73.71914749312678,0.08576467103791288,1.0,6.365420144900388
orig_pure/236,original_pure,etoh,etoh,etoh,etoh,1,1,0.07922163181125819,67.03396371745617,0.07922163181125819,1.0,11.658924564399321
orig_pure/237,original_pure,etoh,etoh,etoh,etoh,1,1,0.07927340777576994,66.78781845718945,0.07927340777576994,1.0,6.109403819273865
orig_pure/238,original_pure,etoh,etoh,etoh,etoh,1,1,0.0887164202533828,75.1506846679403,0.0887164202533828,1.0,0.0
orig_pure/239,original_pure,etoh,etoh,etoh,etoh,1,1,0.08273446606636088,70.33949548836871,0.08273446606636088,1.0,2.8311771303174087
orig_pure/240,original_pure,etoh,etoh,etoh,etoh,1,1,0.07830316278697255,65.98922260329464,0.07830316278697255,1.0,3.860287945167815
orig_pure/241,original_pure,etoh,etoh,etoh,etoh,1,1,0.08152091006311031,69.23334882583971,0.08152091006311031,1.0,0.0
orig_pure/242,original_pure,etoh,etoh,etoh,etoh,1,1,0.08230810987658517,70.03756383541462,0.08230810987658517,1.0,7.474148859166678
orig_pure/243,original_pure,etoh,etoh,etoh,etoh,1,1,0.0851904071722883,72.53912632001648,0.0851904071722883,1.0,3.668734557773907
orig_pure/244,original_pure,etoh,etoh,etoh,etoh,1,1,0.08456351565379347,71.07096678543176,0.08456351565379347,1.0,9.516120636937288
orig_pure/245,original_pure,etoh,etoh,etoh,etoh,1,1,0.08376627743391087,71.28000868231068,0.08376627743391087,1.0,5.897524282856998
orig_pure/246,original_pure,etoh,etoh,etoh,etoh,1,1,0.08280282758297883,70.08072917276795,0.08280282758297883,1.0,9.461381949644059
orig_pure/247,original_pure,etoh,etoh,etoh,etoh,1,1,0.08650189815746416,72.5168932649827,0.08650189815746416,1.0,0.0
orig_pure/248,original_pure,etoh,etoh,etoh,etoh,1,1,0.08324904052280009,69.49725161746358,0.08324904052280009,1.0,5.904941012801027
orig_pure/249,original_pure,etoh,etoh,etoh,etoh,1,1,0.08803480040612933,73.9590721507374,0.08803480040612933,1.0,5.839137196440327
orig_pure/250,original_pure,etoh,etoh,etoh,etoh,1,1,0.08716174614413316,73.28185566315707,0.08716174614413316,1.0,19.953077800098924
orig_pure/251,original_pure,etoh,etoh,etoh,etoh,1,1,0.08212019944822477,68.71556196232781,0.08212019944822477,1.0,8.181407765717493
orig_pure/252,original_pure,etoh,etoh,etoh,etoh,1,1,0.0808635476283106,68.54557661361916,0.0808635476283106,1.0,0.0
orig_pure/253,original_pure,etoh,etoh,etoh,etoh,1,1,0.08898043248070583,74.78697674778984,0.08898043248070583,1.0,2.0804764217337297
orig_pure/254,original_pure,etoh,etoh,etoh,etoh,1,1,0.08143641835424204,68.33795907437795,0.08143641835424204,1.0,11.151346456586552
orig_pure/255,original_pure,etoh,etoh,etoh,etoh,1,1,0.08317790637517164,69.76380462236523,0.08317790637517164,1.0,17.202995875272133
orig_pure/256,original_pure,etoh,etoh,etoh,etoh,1,1,0.0840426570650255,70.29619865792097,0.0840426570650255,1.0,8.315935982567108
orig_pure/257,original_pure,etoh,etoh,etoh,etoh,1,1,0.08349427133032569,69.23184614307279,0.08349427133032569,1.0,12.638665357793226
orig_pure/258,original_pure,etoh,etoh,etoh,etoh,1,1,0.08240831331764624,69.08318240568374,0.08240831331764624,1.0,0.0
orig_pure/259,original_pure,etoh,etoh,etoh,etoh,1,1,0.08371978714921535,69.77891313909906,0.08371978714921535,1.0,10.848578017137283
orig_pure/260,original_pure,etoh,etoh,etoh,etoh,1,1,0.08520008924212952,70.72451581535682,0.08520008924212952,1.0,9.8282820757477
orig_pure/261,original_pure,etoh,etoh,etoh,etoh,1,1,0.0818032744138704,67.19675679935737,0.0818032744138704,1.0,16.748857768562637
orig_pure/262,original_pure,etoh,etoh,etoh,etoh,1,1,0.08214858141695647,68.97152713683579,0.08214858141695647,1.0,2.631849659707828
orig_pure/263,original_pure,etoh,etoh,etoh,etoh,1,1,0.0834347170000232,69.72884429126637,0.0834347170000232,1.0,2.691329617546858
orig_pure/264,original_pure,etoh,etoh,etoh,etoh,1,1,0.07743976463331195,64.31026423679822,0.07743976463331195,1.0,0.5952849584206029
orig_pure/265,original_pure,etoh,etoh,etoh,etoh,1,1,0.08271681401158557,68.95325493412398,0.08271681401158557,1.0,5.850529342781514
orig_pure/266,original_pure,etoh,etoh,etoh,etoh,1,1,0.0857481070925891,71.4275998171008,0.0857481070925891,1.0,8.081883339853091
orig_pure/267,original_pure,etoh,etoh,etoh,etoh,1,1,0.07905224071498074,66.514545218533,0.07905224071498074,1.0,0.0
orig_pure/268,original_pure,etoh,etoh,etoh,etoh,1,1,0.08488985809355837,70.94363250098155,0.08488985809355837,1.0,0.0
orig_pure/269,original_pure,etoh,etoh,etoh,etoh,1,1,0.08483932563226247,70.26386540721202,0.08483932563226247,1.0,22.870330296350513
orig_pure/270,original_pure,etoh,etoh,etoh,etoh,1,1,0.08392708082104505,68.56786340135965,0.08392708082104505,1.0,2.175657005234424
orig_pure/271,original_pure,etoh,etoh,etoh,etoh,1,1,0.08418241597176292,69.61027895124803,0.08418241597176292,1.0,6.5554052687840425
orig_pure/272,original_pure,etoh,etoh,etoh,etoh,1,1,0.0886723857874058,72.49326146160082,0.0886723857874058,1.0,30.879898953717117
orig_pure/273,original_pure,etoh,etoh,etoh,etoh,1,1,0.08134203767031715,67.29424014459664,0.08134203767031715,1.0,6.879622535981916
orig_pure/274,original_pure,etoh,etoh,etoh,etoh,1,1,0.08637341470129818,70.82043025634293,0.08637341470129818,1.0,15.575874775706676
orig_pure/275,original_pure,etoh,etoh,etoh,etoh,1,1,0.08157869437493388,68.51077369582437,0.08157869437493388,1.0,5.656823648317131
orig_pure/276,original_pure,etoh,etoh,etoh,etoh,1,1,0.08734852509354049,72.88483638067585,0.08734852509354049,1.0,1.8785635933375482
orig_pure/277,original_pure,etoh,etoh,etoh,etoh,1,1,0.08699516363466567,71.42879562098345,0.08699516363466567,1.0,8.96378115188817
orig_pure/278,original_pure,etoh,etoh,etoh,etoh,1,1,0.08163925824277825,67.40819945077281,0.08163925824277825,1.0,5.291384424720259
orig_pure/279,original_pure,etoh,etoh,etoh,etoh,1,1,0.08338625547323165,68.43826320842808,0.08338625547323165,1.0,5.663174135866253
orig_pure/280,original_pure,etoh,etoh,etoh,etoh,1,1,0.08394022333669394,69.22961335678299,0.08394022333669394,1.0,4.7175684802244
orig_pure/281,original_pure,etoh,etoh,etoh,etoh,1,1,0.0833431575314702,68.83253670459435,0.0833431575314702,1.0,3.7279370177455653
orig_pure/282,original_pure,etoh,etoh,etoh,etoh,1,1,0.08400174276273747,69.7513981299158,0.08400174276273747,1.0,5.430379187096095
orig_pure/283,original_pure,etoh,etoh,etoh,etoh,1,1,0.08561882545091165,70.23455418992481,0.08561882545091165,1.0,13.547876503550453
orig_pure/284,original_pure,etoh,etoh,etoh,etoh,1,1,0.0922273257589022,75.5717713985728,0.0922273257589022,1.0,12.671656853901942
orig_pure/285,original_pure,etoh,etoh,etoh,etoh,1,1,0.08757551476980135,72.18044654455002,0.08757551476980135,1.0,2.2482803722991562
orig_pure/286,original_pure,etoh,etoh,etoh,etoh,1,1,0.0891426455141962,73.27985171622154,0.0891426455141962,1.0,7.864846704682223
orig_pure/287,original_pure,etoh,etoh,etoh,etoh,1,1,0.08218450631750915,67.83801174692151,0.08218450631750915,1.0,3.68430584658217
orig_pure/288,original_pure,etoh,etoh,etoh,etoh,1,1,0.08075399634314998,66.33749007689278,0.08075399634314998,1.0,3.983576189289457
orig_pure/289,original_pure,etoh,etoh,etoh,etoh,1,1,0.0836884093780365,69.39803977836166,0.0836884093780365,1.0,2.219140600452626
orig_pure/290,original_pure,etoh,etoh,etoh,etoh,1,1,0.09071707795098176,74.87014692283414,0.09071707795098176,1.0,4.082177933052155
orig_pure/291,original_pure,etoh,etoh,etoh,etoh,1,1,0.08934840721493172,72.75484197030184,0.08934840721493172,1.0,14.575086063098242
orig_pure/292,original_pure,etoh,etoh,etoh,etoh,1,1,0.08727004509450074,71.13431737039282,0.08727004509450074,1.0,9.103019631871955
orig_pure/293,original_pure,etoh,etoh,etoh,etoh,1,1,0.08408200829553512,69.98397757448758,0.08408200829553512,1.0,5.335361918550327
orig_pure/294,original_pure,etoh,etoh,etoh,etoh,1,1,0.081154861222847,67.02122960968116,0.081154861222847,1.0,0.0
orig_pure/295,original_pure,etoh,etoh,etoh,etoh,1,1,0.08574568845438152,70.36765524179808,0.08574568845438152,1.0,8.758130351579654
orig_pure/296,original_pure,etoh,etoh,etoh,etoh,1,1,0.08801547027461187,72.06514609850186,0.08801547027461187,1.0,17.11018218437675
orig_pure/297,original_pure,etoh,etoh,etoh,etoh,1,1,0.08526002177412308,69.76421781926739,0.08526002177412308,1.0,1.7793093801540592
orig_pure/298,original_pure,etoh,etoh,etoh,etoh,1,1,0.08468328339717958,69.17124786955864,0.08468328339717958,1.0,15.665743480401687
orig_pure/299,original_pure,etoh,etoh,etoh,etoh,1,1,0.08502877127326562,69.31733379985893,0.08502877127326562,1.0,8.145569492568667
orig_pure/300,original_pure,etoh,etoh,etoh,etoh,1,1,0.08345999743650159,68.23602730146007,0.08345999743650159,1.0,5.545095924825241
orig_pure/301,original_pure,etoh,etoh,etoh,etoh,1,1,0.08961367134342725,73.50292312273153,0.08961367134342725,1.0,22.14405353963706
orig_pure/302,original_pure,etoh,etoh,etoh,etoh,1,1,0.08305264332561695,68.42475115242927,0.08305264332561695,1.0,0.0
orig_pure/303,original_pure,etoh,etoh,etoh,etoh,1,1,0.08512718526322091,68.41004643078315,0.08512718526322091,1.0,10.503518532388444
orig_pure/304,original_pure,etoh,etoh,etoh,etoh,1,1,0.0844172500689338,68.72421404125723,0.0844172500689338,1.0,12.114576730829116
orig_pure/305,original_pure,etoh,etoh,etoh,etoh,1,1,0.0870549120638205,72.84434732628219,0.0870549120638205,1.0,0.0
orig_pure/306,original_pure,etoh,etoh,etoh,etoh,1,1,0.09157696243434112,74.91643987274206,0.09157696243434112,1.0,17.576442005515705
orig_pure/307,original_pure,etoh,etoh,etoh,etoh,1,1,0.08485677124026518,69.53469997121066,0.08485677124026518,1.0,16.678283195990097
orig_pure/308,original_pure,etoh,etoh,etoh,etoh,1,1,0.0838469023110893,68.69160279559091,0.0838469023110893,1.0,6.223577408249726
orig_pure/309,original_pure,etoh,etoh,etoh,etoh,1,1,0.0862012212799138,70.1400681632531,0.0862012212799138,1.0,0.0
orig_pure/310,original_pure,etoh,etoh,etoh,etoh,1,1,0.08561910062519655,69.74581587018625,0.08561910062519655,1.0,0.0
orig_pure/311,original_pure,etoh,etoh,etoh,etoh,1,1,0.08442893678157394,69.43287385446719,0.08442893678157394,1.0,0.0
orig_pure/312,original_pure,etoh,etoh,etoh,etoh,1,1,0.08459754714659082,67.7782203189127,0.08459754714659082,1.0,2.3223396809155687
orig_pure/313,original_pure,etoh,etoh,etoh,etoh,1,1,0.08804369501168223,72.76320233014526,0.08804369501168223,1.0,3.7610966663657943
orig_pure/314,original_pure,etoh,etoh,etoh,etoh,1,1,0.08551407129573971,70.83618659539904,0.08551407129573971,1.0,0.0
orig_pure/315,original_pure,etoh,etoh,etoh,etoh,1,1,0.08909315753144828,73.12754343418166,0.08909315753144828,1.0,14.036348377355168
orig_pure/316,original_pure,etoh,etoh,etoh,etoh,1,1,0.08824008613818166,72.16138722800623,0.08824008613818166,1.0,7.424525103020795
orig_pure/317,original_pure,etoh,etoh,etoh,etoh,1,1,0.08668563802542645,70.69024126943576,0.08668563802542645,1.0,19.370238069745294
orig_pure/318,original_pure,etoh,etoh,etoh,etoh,1,1,0.08789624731448568,71.05540135688962,0.08789624731448568,1.0,12.501747024622988
orig_pure/319,original_pure,etoh,etoh,etoh,etoh,1,1,0.09017514786972802,73.77614177076245,0.09017514786972802,1.0,6.335532786330048
orig_pure/320,original_pure,etoh,etoh,etoh,etoh,1,1,0.08689799210573466,70.31256230035899,0.08689799210573466,1.0,10.05644564341932
orig_pure/321,original_pure,etoh,etoh,etoh,etoh,1,1,0.0902539583948618,72.55247722365854,0.0902539583948618,1.0,16.10807753609385
orig_pure/322,original_pure,etoh,etoh,etoh,etoh,1,1,0.09144705188973729,74.7554672527929,0.09144705188973729,1.0,11.344617456113049
orig_pure/323,original_pure,etoh,etoh,etoh,etoh,1,1,0.08855755796195756,71.45596551320685,0.08855755796195756,1.0,9.969912377708715
orig_pure/324,original_pure,etoh,etoh,etoh,etoh,1,1,0.08583684391481015,69.77129922282457,0.08583684391481015,1.0,8.205008126651752
orig_pure/325,original_pure,etoh,etoh,etoh,etoh,1,1,0.08473953907118376,68.8757687704973,0.08473953907118376,1.0,0.0
orig_pure/326,original_pure,meoh,meoh,meoh,meoh,1,1,0.05886821433788184,81.6334746766948,0.05886821433788184,1.0,0.0
orig_pure/327,original_pure,meoh,meoh,meoh,meoh,1,1,0.058200140468406464,80.30768062826488,0.058200140468406464,1.0,2.2930558944551107
orig_pure/328,original_pure,meoh,meoh,meoh,meoh,1,1,0.06415950884279946,88.9101877638307,0.06415950884279946,1.0,20.890704154796374
orig_pure/329,original_pure,meoh,meoh,meoh,meoh,1,1,0.060368770735362336,84.92010666779589,0.060368770735362336,1.0,16.16110948629669
orig_pure/330,original_pure,meoh,meoh,meoh,meoh,1,1,0.059490723017775894,82.44224439939777,0.059490723017775894,1.0,9.658038637294238
orig_pure/331,original_pure,meoh,meoh,meoh,meoh,1,1,0.06299693641124822,85.64292629943779,0.06299693641124822,1.0,20.875630219419875
orig_pure/332,original_pure,meoh,meoh,meoh,meoh,1,1,2.4217704757933886e-16,3.282998436913795e-13,2.4217704757933886e-16,1.0,2.092404748278398e-15
orig_pure/333,original_pure,meoh,meoh,meoh,meoh,1,1,0.05768549063253008,78.06675817325723,0.05768549063253008,1.0,3.4201503043150323
orig_pure/334,original_pure,meoh,meoh,meoh,meoh,1,1,0.06196200562322087,84.28551426724874,0.06196200562322087,1.0,3.532823182486953
orig_pure/335,original_pure,meoh,meoh,meoh,meoh,1,1,0.057520907835514154,79.01478586452637,0.057520907835514154,1.0,3.9693153427479446
orig_pure/336,original_pure,meoh,meoh,meoh,meoh,1,1,0.06372113574906765,86.67279842905687,0.06372113574906765,1.0,17.147453012785203
orig_pure/337,original_pure,meoh,meoh,meoh,meoh,1,1,0.0614742697238349,82.25734993962851,0.0614742697238349,1.0,13.431195733033752
orig_pure/338,original_pure,meoh,meoh,meoh,meoh,1,1,0.05958831728707432,80.36796199096989,0.05958831728707432,1.0,13.900338285348079
orig_pure/339,original_pure,meoh,meoh,meoh,meoh,1,1,0.059632808138989,79.91542007130542,0.059632808138989,1.0,11.340088623610898
orig_pure/340,original_pure,meoh,meoh,meoh,meoh,1,1,0.06070474335665169,81.46914002698027,0.06070474335665169,1.0,27.036528871892006
orig_pure/341,original_pure,meoh,meoh,meoh,meoh,1,1,0.060369159000297226,80.39017562120344,0.060369159000297226,1.0,19.479619880494855
orig_pure/342,original_pure,meoh,meoh,meoh,meoh,1,1,0.06288463024426635,84.33595960629653,0.06288463024426635,1.0,27.756878837772124
orig_pure/343,original_pure,meoh,meoh,meoh,meoh,1,1,2.333020129948234e-16,3.1008381451080433e-13,2.333020129948234e-16,1.0,0.0
orig_pure/344,original_pure,meoh,meoh,meoh,meoh,1,1,0.06032185835119548,81.1347347268512,0.06032185835119548,1.0,2.539810342978673
orig_pure/345,original_pure,meoh,meoh,meoh,meoh,1,1,0.05992948140429275,79.88142738503798,0.05992948140429275,1.0,24.387860604046253
orig_pure/346,original_pure,meoh,meoh,meoh,meoh,1,1,0.06104656774463518,82.85538683610766,0.06104656774463518,1.0,7.92251275757291
orig_pure/347,original_pure,meoh,meoh,meoh,meoh,1,1,0.06302592395733722,86.45088608210624,0.06302592395733722,1.0,10.430716586384898
orig_pure/348,original_pure,meoh,meoh,meoh,meoh,1,1,0.059686116541920735,81.86920910397346,0.059686116541920735,1.0,12.630469104386513
orig_pure/349,original_pure,meoh,meoh,meoh,meoh,1,1,0.061626503937395334,83.68925929827378,0.061626503937395334,1.0,19.47570012599842
orig_pure/350,original_pure,meoh,meoh,meoh,meoh,1,1,0.06288463869593906,87.52324976382931,0.06288463869593906,1.0,15.546163845123855
orig_pure/351,original_pure,meoh,meoh,meoh,meoh,1,1,0.06175917523076475,84.78312757808406,0.06175917523076475,1.0,9.675753286989845
orig_pure/352,original_pure,meoh,meoh,meoh,meoh,1,1,0.06300579824315031,85.85729397615854,0.06300579824315031,1.0,16.49823188895514
orig_pure/353,original_pure,meoh,meoh,meoh,meoh,1,1,0.05988005432497004,83.25932638834887,0.05988005432497004,1.0,16.017036626769386
orig_pure/354,original_pure,meoh,meoh,meoh,meoh,1,1,0.060195941537815566,83.37579341802311,0.060195941537815566,1.0,8.930972374692523
orig_pure/355,original_pure,meoh,meoh,meoh,meoh,1,1,0.06302360580283721,87.05048711578225,0.06302360580283721,1.0,15.62700502776326
orig_pure/356,original_pure,meoh,meoh,meoh,meoh,1,1,0.05997016736611611,83.45570387743345,0.05997016736611611,1.0,12.12341605138989
orig_pure/357,original_pure,meoh,meoh,meoh,meoh,1,1,0.061844594775608316,85.66510675754355,0.061844594775608316,1.0,16.26402631943639
orig_pure/358,original_pure,meoh,meoh,meoh,meoh,1,1,0.061299809552537006,84.40012726545035,0.061299809552537006,1.0,7.258229274414871
orig_pure/359,original_pure,meoh,meoh,meoh,meoh,1,1,0.058695166996131705,81.63543715695225,0.058695166996131705,1.0,10.381980853087898
orig_pure/360,original_pure,meoh,meoh,meoh,meoh,1,1,0.06251682024362103,86.93012528931831,0.06251682024362103,1.0,7.6041179890362285
orig_pure/361,original_pure,meoh,meoh,meoh,meoh,1,1,0.05833285244637749,80.95135602816389,0.05833285244637749,1.0,6.4126491052932
orig_pure/362,original_pure,meoh,meoh,meoh,meoh,1,1,0.06222359319547458,87.0944209048772,0.06222359319547458,1.0,19.491964781993364
orig_pure/363,original_pure,meoh,meoh,meoh,meoh,1,1,0.06090795426368183,84.92730479805945,0.06090795426368183,1.0,7.798370491708568
orig_pure/364,original_pure,meoh,meoh,meoh,meoh,1,1,0.06355318507881476,88.70583052918526,0.06355318507881476,1.0,26.47967848357731
orig_pure/365,original_pure,meoh,meoh,meoh,meoh,1,1,0.058546494201029295,81.73641488518943,0.058546494201029295,1.0,15.553724353351162
orig_pure/366,original_pure,meoh,meoh,meoh,meoh,1,1,0.06444924171381992,88.77542276518403,0.06444924171381992,1.0,12.233039757158163
orig_pure/367,original_pure,meoh,meoh,meoh,meoh,1,1,0.061564950249009216,84.93825037617121,0.061564950249009216,1.0,4.745259092863286
orig_pure/368,original_pure,meoh,meoh,meoh,meoh,1,1,0.0585148714032107,80.7817394869235,0.0585148714032107,1.0,10.23931597666452
orig_pure/369,original_pure,meoh,meoh,meoh,meoh,1,1,0.061488360392724935,85.37203837654188,0.061488360392724935,1.0,12.75164199267541
orig_pure/370,original_pure,meoh,meoh,meoh,meoh,1,1,0.06163305456766412,85.50696276979791,0.06163305456766412,1.0,6.361088763581622
orig_pure/371,original_pure,meoh,meoh,meoh,meoh,1,1,0.06235174689078759,86.56428208194373,0.06235174689078759,1.0,10.04257706074846
orig_pure/372,original_pure,meoh,meoh,meoh,meoh,1,1,0.05888476107596614,82.02446253045154,0.05888476107596614,1.0,15.65197094961976
orig_pure/373,original_pure,meoh,meoh,meoh,meoh,1,1,0.05619671472153748,78.24283754566437,0.05619671472153748,1.0,10.196546010127795
orig_pure/374,original_pure,meoh,meoh,meoh,meoh,1,1,0.05961822850620646,83.25104564622782,0.05961822850620646,1.0,10.704785076033989
orig_pure/375,original_pure,meoh,meoh,meoh,meoh,1,1,0.05914608005071159,82.06980536599536,0.05914608005071159,1.0,12.883693681904514
orig_pure/376,original_pure,meoh,meoh,meoh,meoh,1,1,0.057005634369441296,79.86359070762171,0.057005634369441296,1.0,9.979125134113453
orig_pure/377,original_pure,meoh,meoh,meoh,meoh,1,1,0.05979352221640334,83.71242249716042,0.05979352221640334,1.0,4.205946284607594
orig_pure/378,original_pure,meoh,meoh,meoh,meoh,1,1,0.058942744275859146,82.0829122466131,0.058942744275859146,1.0,8.983417041585456
orig_pure/379,original_pure,meoh,meoh,meoh,meoh,1,1,0.06181169559444373,87.87725566638295,0.06181169559444373,1.0,4.027363911673305
orig_pure/380,original_pure,meoh,meoh,meoh,meoh,1,1,0.059592324063711344,83.2958253883361,0.059592324063711344,1.0,1.6595725951667375
orig_pure/381,original_pure,meoh,meoh,meoh,meoh,1,1,0.05776556378115283,81.92366732027173,0.05776556378115283,1.0,3.3785008554220552
orig_pure/382,original_pure,meoh,meoh,meoh,meoh,1,1,0.059218603892406484,83.7594425906415,0.059218603892406484,1.0,20.043805274037723
orig_pure/383,original_pure,meoh,meoh,meoh,meoh,1,1,0.06037268054223857,85.53718242314812,0.06037268054223857,1.0,10.158630523794313
orig_pure/384,original_pure,meoh,meoh,meoh,meoh,1,1,0.06332273583079209,89.59087170169656,0.06332273583079209,1.0,11.0164275333389
orig_pure/385,original_pure,meoh,meoh,meoh,meoh,1,1,0.058945834934423395,82.95085664420439,0.058945834934423395,1.0,8.649702579257172
orig_pure/386,original_pure,meoh,meoh,meoh,meoh,1,1,0.059962774478309895,83.81340648725758,0.059962774478309895,1.0,2.286858162786979
orig_pure/387,original_pure,meoh,meoh,meoh,meoh,1,1,0.05671390355150761,80.46354995455084,0.05671390355150761,1.0,7.9258787374674196
orig_pure/388,original_pure,meoh,meoh,meoh,meoh,1,1,0.059761349325896794,83.91273647261694,0.059761349325896794,1.0,10.022033580561374
orig_pure/389,original_pure,meoh,meoh,meoh,meoh,1,1,0.060237379666504276,84.40406914573575,0.060237379666504276,1.0,4.990209213524855
orig_pure/390,original_pure,meoh,meoh,meoh,meoh,1,1,0.06238308153318729,88.83101750262037,0.06238308153318729,1.0,23.42469515831811
orig_pure/391,original_pure,meoh,meoh,meoh,meoh,1,1,0.05961400734147695,83.92703212934967,0.05961400734147695,1.0,10.956339095218564
orig_pure/392,original_pure,meoh,meoh,meoh,meoh,1,1,0.060063533653175606,84.50733611616458,0.060063533653175606,1.0,13.804730904455834
orig_pure/393,original_pure,meoh,meoh,meoh,meoh,1,1,0.05688489901090123,80.98511017464665,0.05688489901090123,1.0,10.195562758174093
orig_pure/394,original_pure,meoh,meoh,meoh,meoh,1,1,0.057506441963459304,81.59658692957542,0.057506441963459304,1.0,9.484718722594877
orig_pure/395,original_pure,meoh,meoh,meoh,meoh,1,1,0.060745418264601635,86.5214785110506,0.060745418264601635,1.0,8.681296058694906
orig_pure/396,original_pure,meoh,meoh,meoh,meoh,1,1,0.06073256129297072,86.58558416993397,0.06073256129297072,1.0,7.1651478469985
orig_pure/397,original_pure,meoh,meoh,meoh,meoh,1,1,0.05814448417384855,82.63717692376672,0.05814448417384855,1.0,10.169818242678506
orig_pure/398,original_pure,meoh,meoh,meoh,meoh,1,1,0.06108932861557493,85.64219194074424,0.06108932861557493,1.0,21.035841874872204
orig_pure/399,original_pure,meoh,meoh,meoh,meoh,1,1,0.06034305412104231,85.53026921038047,0.06034305412104231,1.0,7.3971117234755885
orig_pure/400,original_pure,meoh,meoh,meoh,meoh,1,1,0.058811764056960626,83.14951733032194,0.058811764056960626,1.0,10.626507929662523
orig_pure/401,original_pure,meoh,meoh,meoh,meoh,1,1,0.05564856216825388,78.55797496526557,0.05564856216825388,1.0,7.964997643638791
orig_pure/402,original_pure,meoh,meoh,meoh,meoh,1,1,0.05872836855012048,83.81133918577063,0.05872836855012048,1.0,5.0873401265754925
orig_pure/403,original_pure,meoh,meoh,meoh,meoh,1,1,0.06056020933749051,85.97204983644929,0.06056020933749051,1.0,7.14757372691364
orig_pure/404,original_pure,meoh,meoh,meoh,meoh,1,1,0.05496138223707081,78.28095393653834,0.05496138223707081,1.0,9.117070704324496
orig_pure/405,original_pure,meoh,meoh,meoh,meoh,1,1,0.05884825613087097,82.33203041921793,0.05884825613087097,1.0,3.5737048630845996
orig_pure/406,original_pure,meoh,meoh,meoh,meoh,1,1,0.05621858269860295,80.04933388332344,0.05621858269860295,1.0,1.0315639030237491
orig_pure/407,original_pure,meoh,meoh,meoh,meoh,1,1,0.060325196242256775,85.18445771679822,0.060325196242256775,1.0,10.91703231246181
orig_pure/408,original_pure,meoh,meoh,meoh,meoh,1,1,0.05983503938727774,84.35972856585649,0.05983503938727774,1.0,20.8615169320031
orig_pure/409,original_pure,meoh,meoh,meoh,meoh,1,1,0.059652251000178215,83.54299002700972,0.059652251000178215,1.0,12.611272743513727
orig_pure/410,original_pure,meoh,meoh,meoh,meoh,1,1,0.06012181912786154,84.17806314232885,0.06012181912786154,1.0,0.0
orig_pure/411,original_pure,meoh,meoh,meoh,meoh,1,1,0.06043969943126021,85.08889794707422,0.06043969943126021,1.0,17.863685529542803
orig_pure/412,original_pure,meoh,meoh,meoh,meoh,1,1,0.06287555750011145,88.60045204867293,0.06287555750011145,1.0,15.755232610221013
orig_pure/413,original_pure,meoh,meoh,meoh,meoh,1,1,0.05748380601276906,81.14781787936988,0.05748380601276906,1.0,0.0
orig_pure/414,original_pure,meoh,meoh,meoh,meoh,1,1,0.05990995799673449,85.73782014846383,0.05990995799673449,1.0,9.847636995621453
orig_pure/415,original_pure,meoh,meoh,meoh,meoh,1,1,0.05924176522495196,84.56305231062129,0.05924176522495196,1.0,13.786293349979644
orig_pure/416,original_pure,meoh,meoh,meoh,meoh,1,1,0.05707462542105408,80.31024694572898,0.05707462542105408,1.0,0.0
orig_pure/417,original_pure,meoh,meoh,meoh,meoh,1,1,0.05696588746348147,80.77177062026175,0.05696588746348147,1.0,4.0857724052313715
orig_pure/418,original_pure,meoh,meoh,meoh,meoh,1,1,0.05930321296137739,83.91045696973467,0.05930321296137739,1.0,13.457349044599106
orig_pure/419,original_pure,meoh,meoh,meoh,meoh,1,1,7.92754807248776e-20,1.12167723323134e-16,7.92754807248776e-20,1.0,3.79808309808964e-17
orig_pure/420,original_pure,meoh,meoh,meoh,meoh,1,1,0.05978048766837263,85.44819198501787,0.05978048766837263,1.0,8.090890912844404
orig_pure/421,original_pure,meoh,meoh,meoh,meoh,1,1,0.058825639773525826,83.9753915938686,0.058825639773525826,1.0,12.75580210165809
orig_pure/422,original_pure,meoh,meoh,meoh,meoh,1,1,0.05665615364403932,80.64734993759251,0.05665615364403932,1.0,0.0
orig_pure/423,original_pure,meoh,meoh,meoh,meoh,1,1,0.0584355856912684,83.48072909647993,0.0584355856912684,1.0,12.330561529074679
orig_pure/424,original_pure,meoh,meoh,meoh,meoh,1,1,0.059573430611612875,84.97176727948894,0.059573430611612875,1.0,0.5995235564683022
orig_pure/425,original_pure,meoh,meoh,meoh,meoh,1,1,0.05484587791358393,78.70604150459525,0.05484587791358393,1.0,6.8169892910725
orig_pure/426,original_pure,meoh,meoh,meoh,meoh,1,1,0.057765341655604235,82.75102475782245,0.057765341655604235,1.0,9.787671391840082
orig_pure/427,original_pure,meoh,meoh,meoh,meoh,1,1,0.05979392011765867,85.20944973246274,0.05979392011765867,1.0,0.0
orig_pure/428,original_pure,meoh,meoh,meoh,meoh,1,1,0.06005605307976336,86.32507936930934,0.06005605307976336,1.0,9.053702031379748
orig_pure/429,original_pure,meoh,meoh,meoh,meoh,1,1,0.058388417728758045,83.45678146313224,0.058388417728758045,1.0,8.614073714931385
orig_pure/430,original_pure,meoh,meoh,meoh,meoh,1,1,0.054973192821425765,78.62053375605909,0.054973192821425765,1.0,6.962551442683224
orig_pure/431,original_pure,meoh,meoh,meoh,meoh,1,1,0.06012555750110588,86.27878058981952,0.06012555750110588,1.0,9.803187813892997
orig_pure/432,original_pure,meoh,meoh,meoh,meoh,1,1,0.059615299251014,85.0859705454921,0.059615299251014,1.0,5.744317292858632
orig_pure/433,original_pure,meoh,meoh,meoh,meoh,1,1,0.06052756871696239,87.123277788692,0.06052756871696239,1.0,0.0
orig_pure/434,original_pure,meoh,meoh,meoh,meoh,1,1,0.059230466813389414,84.87529773909685,0.059230466813389414,1.0,17.861932411057275
orig_pure/435,original_pure,meoh,meoh,meoh,meoh,1,1,0.05833601680808606,83.18621755258893,0.05833601680808606,1.0,16.697185633590102
orig_pure/436,original_pure,meoh,meoh,meoh,meoh,1,1,0.05772326666686978,82.79501637834544,0.05772326666686978,1.0,0.0
orig_pure/437,original_pure,meoh,meoh,meoh,meoh,1,1,0.06059080914929158,86.79868578193366,0.06059080914929158,1.0,1.408363131712871
orig_pure/438,original_pure,meoh,meoh,meoh,meoh,1,1,0.058431345722781594,83.84129839331331,0.058431345722781594,1.0,5.620065066265441
orig_pure/439,original_pure,meoh,meoh,meoh,meoh,1,1,0.06107301778352831,87.59702243956899,0.06107301778352831,1.0,9.07824150332026
orig_pure/440,original_pure,meoh,meoh,meoh,meoh,1,1,0.058735512883810646,84.4262716022652,0.058735512883810646,1.0,3.2766456127387236
orig_pure/441,original_pure,meoh,meoh,meoh,meoh,1,1,0.05456261973103803,78.16172673528331,0.05456261973103803,1.0,0.0
orig_pure/442,original_pure,meoh,meoh,meoh,meoh,1,1,0.055869561136076565,79.84268218243501,0.055869561136076565,1.0,0.0
orig_pure/443,original_pure,meoh,meoh,meoh,meoh,1,1,0.05653765457928434,80.986435013561,0.05653765457928434,1.0,2.7516966514740595
orig_pure/444,original_pure,meoh,meoh,meoh,meoh,1,1,0.058862818608895855,84.68178356466146,0.058862818608895855,1.0,5.472634135789233
orig_pure/445,original_pure,meoh,meoh,meoh,meoh,1,1,0.05854551745705253,84.16183705828738,0.05854551745705253,1.0,0.0
orig_pure/446,original_pure,meoh,meoh,meoh,meoh,1,1,0.05820166901785649,83.54231710306529,0.05820166901785649,1.0,6.350879762666521
orig_pure/447,original_pure,meoh,meoh,meoh,meoh,1,1,0.06112714126826368,88.08414195336846,0.06112714126826368,1.0,6.6480112232939295
orig_pure/448,original_pure,meoh,meoh,meoh,meoh,1,1,1.3688260938180048e-17,1.9609029519348936e-14,1.3688260938180048e-17,1.0,1.5704421502282186e-15
orig_pure/449,original_pure,meoh,meoh,meoh,meoh,1,1,0.060977177482383724,87.01005805882708,0.060977177482383724,1.0,0.7377049277024708
orig_pure/450,original_pure,meoh,meoh,meoh,meoh,1,1,6.714159393111517e-16,9.69371837335213e-13,6.714159393111517e-16,1.0,0.0
orig_pure/451,original_pure,meoh,meoh,meoh,meoh,1,1,0.060825339684840864,88.13227140338043,0.060825339684840864,1.0,3.7217391560073807
orig_pure/452,original_pure,meoh,meoh,meoh,meoh,1,1,1.4770717098892922e-16,2.1318124113584821e-13,1.4770717098892922e-16,1.0,0.0
orig_pure/453,original_pure,meoh,meoh,meoh,meoh,1,1,0.059638173962407705,85.48182011685029,0.059638173962407705,1.0,13.410014081448786
orig_pure/454,original_pure,meoh,meoh,meoh,meoh,1,1,0.057895568070502966,83.37213816543259,0.057895568070502966,1.0,1.3522908467901875
orig_pure/455,original_pure,meoh,meoh,meoh,meoh,1,1,6.456539415968e-16,9.3436347891271e-13,6.456539415968e-16,1.0,0.0
orig_pure/456,original_pure,meoh,meoh,meoh,meoh,1,1,0.05942078004409775,85.9473144456895,0.05942078004409775,1.0,3.354687299371006
orig_pure/457,original_pure,meoh,meoh,meoh,meoh,1,1,2.39980985522379e-16,3.420794809721435e-13,2.39980985522379e-16,1.0,2.1334407427414787e-15
orig_pure/458,original_pure,meoh,meoh,meoh,meoh,1,1,0.028311047167636657,39.08060114794571,0.028311047167636657,1.0,0.0
orig_pure/459,original_pure,meoh,meoh,meoh,meoh,1,1,0.0267405052616225,36.53750586273201,0.0267405052616225,1.0,0.0
orig_pure/460,original_pure,meoh,meoh,meoh,meoh,1,1,0.026144264098446432,35.32942412060711,0.026144264098446432,1.0,0.0
orig_pure/461,original_pure,meoh,meoh,meoh,meoh,1,1,0.026391186843096007,35.6982380906552,0.026391186843096007,1.0,0.0
orig_pure/462,original_pure,meoh,meoh,meoh,meoh,1,1,0.025847671072784666,35.48446298818475,0.025847671072784666,1.0,0.0
orig_pure/463,original_pure,meoh,meoh,meoh,meoh,1,1,0.025259617060194483,34.66895438069147,0.025259617060194483,1.0,0.0
orig_pure/464,original_pure,meoh,meoh,meoh,meoh,1,1,0.024652255003568053,33.69152290505945,0.024652255003568053,1.0,0.0
orig_pure/465,original_pure,meoh,meoh,meoh,meoh,1,1,0.025021691920416575,34.27879692920368,0.025021691920416575,1.0,0.0
orig_pure/466,original_pure,meoh,meoh,meoh,meoh,1,1,0.025318260834559965,34.36943741267711,0.025318260834559965,1.0,0.0
orig_pure/467,original_pure,meoh,meoh,meoh,meoh,1,1,0.02646276903172349,36.08045218002603,0.02646276903172349,1.0,0.0
orig_pure/468,original_pure,meoh,meoh,meoh,meoh,1,1,0.02901686722037741,39.73456593644293,0.02901686722037741,1.0,0.0
orig_pure/469,original_pure,meoh,meoh,meoh,meoh,1,1,0.027881467027337584,38.30185973525842,0.027881467027337584,1.0,0.0
orig_pure/470,original_pure,meoh,meoh,meoh,meoh,1,1,0.02716644279804539,37.35098800890075,0.02716644279804539,1.0,0.0
orig_pure/471,original_pure,meoh,meoh,meoh,meoh,1,1,0.02609720707947885,35.96924894885743,0.02609720707947885,1.0,0.0
orig_pure/472,original_pure,meoh,meoh,meoh,meoh,1,1,0.027174163467025055,37.56710507241179,0.027174163467025055,1.0,0.0
orig_pure/473,original_pure,meoh,meoh,meoh,meoh,1,1,0.025554287708946383,35.38175584708749,0.025554287708946383,1.0,0.0
orig_pure/474,original_pure,meoh,meoh,meoh,meoh,1,1,0.0,0.0,0.0,1.0,0.0
orig_pure/475,original_pure,meoh,meoh,meoh,meoh,1,1,0.02741942210583542,38.12569345079067,0.02741942210583542,1.0,0.0
orig_pure/476,original_pure,meoh,meoh,meoh,meoh,1,1,0.0245057820677568,33.90671529390806,0.0245057820677568,1.0,0.0
orig_pure/477,original_pure,meoh,meoh,meoh,meoh,1,1,0.02572127444120493,35.22016703121991,0.02572127444120493,1.0,0.0
orig_pure/478,original_pure,meoh,meoh,meoh,meoh,1,1,0.024934526196628833,34.08449797712748,0.024934526196628833,1.0,0.0
orig_pure/479,original_pure,meoh,meoh,meoh,meoh,1,1,0.02609828555713193,35.68906144092196,0.02609828555713193,1.0,0.0
orig_pure/480,original_pure,meoh,meoh,meoh,meoh,1,1,0.026288912263789908,36.005809910221146,0.026288912263789908,1.0,0.0
orig_pure/481,original_pure,meoh,meoh,meoh,meoh,1,1,0.02653056473507227,36.28142986636498,0.02653056473507227,1.0,0.0
orig_pure/482,original_pure,meoh,meoh,meoh,meoh,1,1,0.025155479945693757,34.409192546832934,0.025155479945693757,1.0,0.0
orig_pure/483,original_pure,"n,n-dimethylformamide","n,n-dimethylformamide","n,n-dimethylformamide","n,n-dimethylformamide",1,1,0.014309731048561742,48.34000937332145,0.014309731048561742,1.0,0.0
orig_pure/484,original_pure,"n,n-dimethylformamide","n,n-dimethylformamide","n,n-dimethylformamide","n,n-dimethylformamide",1,1,1.7734469137114062e-16,6.016070724664097e-13,1.7734469137114062e-16,1.0,1.0069686607850087e-14
orig_pure/485,original_pure,"n,n-dimethylformamide","n,n-dimethylformamide","n,n-dimethylformamide","n,n-dimethylformamide",1,1,1.4896408060247424e-16,3.8220143146256507e-13,1.4896408060247424e-16,1.0,4.579203030424105e-16
orig_pure/486,original_pure,"n,n-dimethylformamide","n,n-dimethylformamide","n,n-dimethylformamide","n,n-dimethylformamide",1,1,0.0,0.0,0.0,1.0,0.0
orig_pure/487,original_pure,"n,n-dimethylformamide","n,n-dimethylformamide","n,n-dimethylformamide","n,n-dimethylformamide",1,1,0.015851399322095203,53.516135713492666,0.015851399322095203,1.0,0.7234070197532444
orig_pure/488,original_pure,"n,n-dimethylformamide","n,n-dimethylformamide","n,n-dimethylformamide","n,n-dimethylformamide",1,1,0.01499833482367625,50.632097016858616,0.01499833482367625,1.0,0.0
orig_pure/489,original_pure,"n,n-dimethylformamide","n,n-dimethylformamide","n,n-dimethylformamide","n,n-dimethylformamide",1,1,0.014095455196529732,47.50376541175138,0.014095455196529732,1.0,1.6177773926386503
orig_pure/490,original_pure,"n,n-dimethylformamide","n,n-dimethylformamide","n,n-dimethylformamide","n,n-dimethylformamide",1,1,0.0,0.0,0.0,1.0,0.0
orig_pure/491,original_pure,"n,n-dimethylformamide","n,n-dimethylformamide","n,n-dimethylformamide","n,n-dimethylformamide",1,1,0.014454421637180677,48.72369750114964,0.014454421637180677,1.0,0.926227044972674
orig_pure/492,original_pure,"n,n-dimethylformamide","n,n-dimethylformamide","n,n-dimethylformamide","n,n-dimethylformamide",1,1,0.014204405136467606,47.872512731673474,0.014204405136467606,1.0,0.0
orig_pure/493,original_pure,"n,n-dimethylformamide","n,n-dimethylformamide","n,n-dimethylformamide","n,n-dimethylformamide",1,1,0.015086171544105145,50.88546094135219,0.015086171544105145,1.0,5.058061253472814
orig_pure/494,original_pure,"n,n-dimethylformamide","n,n-dimethylformamide","n,n-dimethylformamide","n,n-dimethylformamide",1,1,0.013984972409441555,47.325163557616946,0.013984972409441555,1.0,0.5665969837764002
orig_pure/495,original_pure,"n,n-dimethylformamide","n,n-dimethylformamide","n,n-dimethylformamide","n,n-dimethylformamide",1,1,1.192291407517324e-16,4.0474173349599245e-13,1.192291407517324e-16,1.0,0.0
orig_pure/496,original_pure,"n,n-dimethylformamide","n,n-dimethylformamide","n,n-dimethylformamide","n,n-dimethylformamide",1,1,0.01429907546250822,48.36643166514335,0.01429907546250822,1.0,0.0
orig_pure/497,original_pure,"n,n-dimethylformamide","n,n-dimethylformamide","n,n-dimethylformamide","n,n-dimethylformamide",1,1,0.012638241176753412,42.79929820702277,0.012638241176753412,1.0,0.0
orig_pure/498,original_pure,"n,n-dimethylformamide","n,n-dimethylformamide","n,n-dimethylformamide","n,n-dimethylformamide",1,1,6.451031352423454e-21,2.1813759722085093e-17,6.451031352423454e-21,1.0,1.796799640842902e-16
orig_pure/499,original_pure,"n,n-dimethylformamide","n,n-dimethylformamide","n,n-dimethylformamide","n,n-dimethylformamide",1,1,0.01344114446015906,45.567134021171036,0.01344114446015906,1.0,0.0
orig_pure/500,original_pure,"n,n-dimethylformamide","n,n-dimethylformamide","n,n-dimethylformamide","n,n-dimethylformamide",1,1,0.014122646828119983,47.903629134078834,0.014122646828119983,1.0,4.226085744370576
orig_pure/501,original_pure,"n,n-dimethylformamide","n,n-dimethylformamide","n,n-dimethylformamide","n,n-dimethylformamide",1,1,1.4274159812876458e-16,4.829740436336729e-13,1.4274159812876458e-16,1.0,4.33739684499474e-16
orig_pure/502,original_pure,"n,n-dimethylformamide","n,n-dimethylformamide","n,n-dimethylformamide","n,n-dimethylformamide",1,1,0.013053620876874525,44.16333239003796,0.013053620876874525,1.0,0.0
orig_pure/503,original_pure,"n,n-dimethylformamide","n,n-dimethylformamide","n,n-dimethylformamide","n,n-dimethylformamide",1,1,0.013291861164764182,45.02339795685344,0.013291861164764182,1.0,0.0
orig_pure/504,original_pure,"n,n-dimethylformamide","n,n-dimethylformamide","n,n-dimethylformamide","n,n-dimethylformamide",1,1,1.529442152284019e-16,5.188402275689375e-13,1.529442152284019e-16,1.0,3.3556204014459293e-16
orig_pure/505,original_pure,"n,n-dimethylformamide","n,n-dimethylformamide","n,n-dimethylformamide","n,n-dimethylformamide",1,1,0.014292703699401301,48.390486705783395,0.014292703699401301,1.0,6.624401370288307
orig_pure/506,original_pure,"n,n-dimethylformamide","n,n-dimethylformamide","n,n-dimethylformamide","n,n-dimethylformamide",1,1,4.861214944872679e-20,1.646481570494897e-16,4.861214944872679e-20,1.0,7.7254987380411105e-16
orig_pure/507,original_pure,"n,n-dimethylformamide","n,n-dimethylformamide","n,n-dimethylformamide","n,n-dimethylformamide",1,1,0.01502484374347218,50.786350065984536,0.01502484374347218,1.0,4.983466863093809
orig_pure/508,original_pure,"n,n-dimethylformamide","n,n-dimethylformamide","n,n-dimethylformamide","n,n-dimethylformamide",1,1,0.015104199392086952,51.16015144435284,0.015104199392086952,1.0,1.1232156168158636
orig_pure/509,original_pure,"n,n-dimethylformamide","n,n-dimethylformamide","n,n-dimethylformamide","n,n-dimethylformamide",1,1,0.015762731505223417,53.406113199515666,0.015762731505223417,1.0,3.6824120590083482
orig_pure/510,original_pure,"n,n-dimethylformamide","n,n-dimethylformamide","n,n-dimethylformamide","n,n-dimethylformamide",1,1,0.016630701086705457,56.50972133642016,0.016630701086705457,1.0,4.339494013142954
orig_pure/511,original_pure,pyridine,pyridine,pyridine,pyridine,1,1,0.008756997052585674,46.99281639744467,0.008756997052585674,1.0,0.0
orig_pure/512,original_pure,pyridine,pyridine,pyridine,pyridine,1,1,5.692736921660975e-16,3.0631536650046258e-12,5.692736921660975e-16,1.0,6.699895469981267e-14
orig_pure/513,original_pure,pyridine,pyridine,pyridine,pyridine,1,1,8.381491615195708e-20,4.493672590237964e-16,8.381491615195708e-20,1.0,1.6750478281811365e-15
orig_pure/514,original_pure,pyridine,pyridine,pyridine,pyridine,1,1,0.010363026596121544,55.52855683434566,0.010363026596121544,1.0,4.576042136745639
orig_pure/515,original_pure,pyridine,pyridine,pyridine,pyridine,1,1,1.232212233310582e-16,6.59161419672391e-13,1.232212233310582e-16,1.0,3.2293421802504164e-16
orig_pure/516,original_pure,pyridine,pyridine,pyridine,pyridine,1,1,0.00975664659766649,52.40787999901322,0.00975664659766649,1.0,5.093238120614381
orig_pure/517,original_pure,pyridine,pyridine,pyridine,pyridine,1,1,0.009770306863443063,52.575435917064844,0.009770306863443063,1.0,1.872058444329211
orig_pure/518,original_pure,pyridine,pyridine,pyridine,pyridine,1,1,0.0,0.0,0.0,1.0,0.0
orig_pure/519,original_pure,pyridine,pyridine,pyridine,pyridine,1,1,0.009621728910923959,51.59977438355159,0.009621728910923959,1.0,0.0
orig_pure/520,original_pure,pyridine,pyridine,pyridine,pyridine,1,1,0.009640939946663435,51.840615052589676,0.009640939946663435,1.0,4.500620096884561
orig_pure/521,original_pure,pyridine,pyridine,pyridine,pyridine,1,1,0.009728289851528099,52.36463506850524,0.009728289851528099,1.0,1.7605965968690178
orig_pure/522,original_pure,pyridine,pyridine,pyridine,pyridine,1,1,0.009640996131615225,51.82111416926375,0.009640996131615225,1.0,0.0
orig_pure/523,original_pure,pyridine,pyridine,pyridine,pyridine,1,1,1.7313565967588654e-16,9.301906332588338e-13,1.7313565967588654e-16,1.0,6.471139144117095e-16
orig_pure/524,original_pure,pyridine,pyridine,pyridine,pyridine,1,1,0.00987001819876645,53.059291769837316,0.00987001819876645,1.0,2.231795924876597
orig_pure/525,original_pure,pyridine,pyridine,pyridine,pyridine,1,1,0.009543775679565582,51.475392078795785,0.009543775679565582,1.0,2.28529285649895
orig_pure/526,original_pure,pyridine,pyridine,pyridine,pyridine,1,1,1.333011055381604e-16,7.176822198113959e-13,1.333011055381604e-16,1.0,0.0
orig_pure/527,original_pure,pyridine,pyridine,pyridine,pyridine,1,1,0.010484833580931031,56.45662676086339,0.010484833580931031,1.0,2.1062089621699065
orig_pure/528,original_pure,pyridine,pyridine,pyridine,pyridine,1,1,3.403604998647604e-18,1.8268127999036924e-14,3.403604998647604e-18,1.0,0.0
orig_pure/529,original_pure,pyridine,pyridine,pyridine,pyridine,1,1,1.098454626581009e-16,5.896792956959243e-13,1.098454626581009e-16,1.0,1.173670481448354e-15
orig_pure/530,original_pure,pyridine,pyridine,pyridine,pyridine,1,1,0.011106939318646014,59.670466411076745,0.011106939318646014,1.0,1.1456046047904962
orig_pure/531,original_pure,pyridine,pyridine,pyridine,pyridine,1,1,6.890707703103106e-17,3.707964753785756e-13,6.890707703103106e-17,1.0,0.0
orig_pure/532,original_pure,pyridine,pyridine,pyridine,pyridine,1,1,0.011367931729391028,61.131204426931745,0.011367931729391028,1.0,1.3751717714521194
orig_pure/533,original_pure,pyridine,pyridine,pyridine,pyridine,1,1,0.011769663597455491,63.10862263209823,0.011769663597455491,1.0,1.0753243171880977
orig_pure/534,original_pure,pyridine,pyridine,pyridine,pyridine,1,1,0.011248681153454114,60.36937682719936,0.011248681153454114,1.0,0.5233835818147576
orig_pure/535,original_pure,pyridine,pyridine,pyridine,pyridine,1,1,0.011924805475996525,64.13913792780994,0.011924805475996525,1.0,1.1688503314260252
orig_pure/536,original_pure,pyridine,pyridine,pyridine,pyridine,1,1,0.009819861881373864,52.79339248445249,0.009819861881373864,1.0,0.0
orig_pure/537,original_pure,pyridine,pyridine,pyridine,pyridine,1,1,0.010345064000302507,55.69068899809324,0.010345064000302507,1.0,4.876324061551906
orig_pure/538,original_pure,tris(2-ethylhexyl) phosphate,tris(2-ethylhexyl) phosphate,tris(2-ethylhexyl) phosphate,tris(2-ethylhexyl) phosphate,1,1,0.02237221349789804,44.82433482367828,0.02237221349789804,1.0,0.0
orig_pure/539,original_pure,tris(2-ethylhexyl) phosphate,tris(2-ethylhexyl) phosphate,tris(2-ethylhexyl) phosphate,tris(2-ethylhexyl) phosphate,1,1,2.3908301757227227e-17,4.747425010406403e-14,2.3908301757227227e-17,1.0,1.580350853498363e-16
orig_pure/540,original_pure,tris(2-ethylhexyl) phosphate,tris(2-ethylhexyl) phosphate,tris(2-ethylhexyl) phosphate,tris(2-ethylhexyl) phosphate,1,1,7.342305888208966e-17,9.978562845910619e-14,7.342305888208966e-17,1.0,4.503825588330596e-16
orig_pure/541,original_pure,tris(2-ethylhexyl) phosphate,tris(2-ethylhexyl) phosphate,tris(2-ethylhexyl) phosphate,tris(2-ethylhexyl) phosphate,1,1,0.02866407666198067,57.17889720995457,0.02866407666198067,1.0,1.5486214307036434
orig_pure/542,original_pure,tris(2-ethylhexyl) phosphate,tris(2-ethylhexyl) phosphate,tris(2-ethylhexyl) phosphate,tris(2-ethylhexyl) phosphate,1,1,0.027288470764643306,54.687252498545405,0.027288470764643306,1.0,3.403819057632983
orig_pure/543,original_pure,tris(2-ethylhexyl) phosphate,tris(2-ethylhexyl) phosphate,tris(2-ethylhexyl) phosphate,tris(2-ethylhexyl) phosphate,1,1,7.882758942247972e-17,1.5909042805362778e-13,7.882758942247972e-17,1.0,4.154961427161836e-16
orig_pure/544,original_pure,tris(2-ethylhexyl) phosphate,tris(2-ethylhexyl) phosphate,tris(2-ethylhexyl) phosphate,tris(2-ethylhexyl) phosphate,1,1,9.336267017475393e-18,1.895872701712035e-14,9.336267017475393e-18,1.0,9.584893241841378e-15
orig_pure/545,original_pure,tris(2-ethylhexyl) phosphate,tris(2-ethylhexyl) phosphate,tris(2-ethylhexyl) phosphate,tris(2-ethylhexyl) phosphate,1,1,0.026040939487662694,52.39409918085893,0.026040939487662694,1.0,0.0
orig_pure/546,original_pure,tris(2-ethylhexyl) phosphate,tris(2-ethylhexyl) phosphate,tris(2-ethylhexyl) phosphate,tris(2-ethylhexyl) phosphate,1,1,1.846631670650168e-17,3.7154381851748756e-14,1.846631670650168e-17,1.0,5.870025820269976e-16
orig_pure/547,original_pure,tris(2-ethylhexyl) phosphate,tris(2-ethylhexyl) phosphate,tris(2-ethylhexyl) phosphate,tris(2-ethylhexyl) phosphate,1,1,0.02623977261377764,53.077779171724295,0.02623977261377764,1.0,0.0
orig_pure/548,original_pure,tris(2-ethylhexyl) phosphate,tris(2-ethylhexyl) phosphate,tris(2-ethylhexyl) phosphate,tris(2-ethylhexyl) phosphate,1,1,2.246600241924192e-16,4.564805036130651e-13,2.246600241924192e-16,1.0,4.350163673502132e-14
orig_pure/549,original_pure,tris(2-ethylhexyl) phosphate,tris(2-ethylhexyl) phosphate,tris(2-ethylhexyl) phosphate,tris(2-ethylhexyl) phosphate,1,1,0.02515461110977658,51.10523107862806,0.02515461110977658,1.0,0.8736027809752199
orig_pure/550,original_pure,tris(2-ethylhexyl) phosphate,tris(2-ethylhexyl) phosphate,tris(2-ethylhexyl) phosphate,tris(2-ethylhexyl) phosphate,1,1,0.025410118764850022,51.21135655587759,0.025410118764850022,1.0,0.0
orig_pure/551,original_pure,tris(2-ethylhexyl) phosphate,tris(2-ethylhexyl) phosphate,tris(2-ethylhexyl) phosphate,tris(2-ethylhexyl) phosphate,1,1,6.673472639612151e-18,1.347140889676944e-14,6.673472639612151e-18,1.0,2.905706495846207e-17
orig_pure/552,original_pure,tris(2-ethylhexyl) phosphate,tris(2-ethylhexyl) phosphate,tris(2-ethylhexyl) phosphate,tris(2-ethylhexyl) phosphate,1,1,0.0,0.0,0.0,1.0,0.0
orig_pure/553,original_pure,tris(2-ethylhexyl) phosphate,tris(2-ethylhexyl) phosphate,tris(2-ethylhexyl) phosphate,tris(2-ethylhexyl) phosphate,1,1,0.02610429818953735,52.60598477747187,0.02610429818953735,1.0,0.0
orig_pure/554,original_pure,tris(2-ethylhexyl) phosphate,tris(2-ethylhexyl) phosphate,tris(2-ethylhexyl) phosphate,tris(2-ethylhexyl) phosphate,1,1,2.2543899462599237e-16,4.564341938947689e-13,2.2543899462599237e-16,1.0,0.0
orig_pure/555,original_pure,tris(2-ethylhexyl) phosphate,tris(2-ethylhexyl) phosphate,tris(2-ethylhexyl) phosphate,tris(2-ethylhexyl) phosphate,1,1,0.02694349239901218,54.06024785386421,0.02694349239901218,1.0,5.703650718470062
orig_pure/556,original_pure,tris(2-ethylhexyl) phosphate,tris(2-ethylhexyl) phosphate,tris(2-ethylhexyl) phosphate,tris(2-ethylhexyl) phosphate,1,1,0.026681642795673394,53.21333913041629,0.026681642795673394,1.0,0.0
orig_pure/557,original_pure,tris(2-ethylhexyl) phosphate,tris(2-ethylhexyl) phosphate,tris(2-ethylhexyl) phosphate,tris(2-ethylhexyl) phosphate,1,1,0.02642326622571118,52.88923502119559,0.02642326622571118,1.0,0.0
orig_pure/558,original_pure,tris(2-ethylhexyl) phosphate,tris(2-ethylhexyl) phosphate,tris(2-ethylhexyl) phosphate,tris(2-ethylhexyl) phosphate,1,1,0.026691309629542612,53.65802309695689,0.026691309629542612,1.0,4.025600551739027
orig_pure/559,original_pure,tris(2-ethylhexyl) phosphate,tris(2-ethylhexyl) phosphate,tris(2-ethylhexyl) phosphate,tris(2-ethylhexyl) phosphate,1,1,0.027533852589922147,55.1367870111928,0.027533852589922147,1.0,0.0
orig_pure/560,original_pure,tris(2-ethylhexyl) phosphate,tris(2-ethylhexyl) phosphate,tris(2-ethylhexyl) phosphate,tris(2-ethylhexyl) phosphate,1,1,0.027201283594206597,54.55488679962123,0.027201283594206597,1.0,2.2526463061172803
orig_pure/561,original_pure,tris(2-ethylhexyl) phosphate,tris(2-ethylhexyl) phosphate,tris(2-ethylhexyl) phosphate,tris(2-ethylhexyl) phosphate,1,1,0.026649471259141227,53.342281678820164,0.026649471259141227,1.0,3.8141648923011586
orig_pure/562,original_pure,tris(2-ethylhexyl) phosphate,tris(2-ethylhexyl) phosphate,tris(2-ethylhexyl) phosphate,tris(2-ethylhexyl) phosphate,1,1,0.02707579437728016,54.09767727709377,0.02707579437728016,1.0,0.0
orig_pure/563,original_pure,tris(2-ethylhexyl) phosphate,tris(2-ethylhexyl) phosphate,tris(2-ethylhexyl) phosphate,tris(2-ethylhexyl) phosphate,1,1,0.027195383749769972,54.24382986849041,0.027195383749769972,1.0,0.6885986596098456
orig_pure/564,original_pure,tris(2-ethylhexyl) phosphate,tris(2-ethylhexyl) phosphate,tris(2-ethylhexyl) phosphate,tris(2-ethylhexyl) phosphate,1,1,0.026454458619675218,52.686883820067706,0.026454458619675218,1.0,1.3750906486346979
Acetonitrile/acetonitrile_Y0_X0.txt,pt2_pure,Acetonitrile,acetonitrile,acetonitrile,acetonitrile,1,1,2.340485398402182e-16,7.186247142689368e-13,2.340485398402182e-16,1.0,0.0
Acetonitrile/acetonitrile_Y0_X1.txt,pt2_pure,Acetonitrile,acetonitrile,acetonitrile,acetonitrile,1,1,0.022067465053523694,67.19170572848112,0.022067465053523694,1.0,3.460886675895552
Acetonitrile/acetonitrile_Y0_X2.txt,pt2_pure,Acetonitrile,acetonitrile,acetonitrile,acetonitrile,1,1,0.0,0.0,0.0,1.0,0.0
Acetonitrile/acetonitrile_Y0_X3.txt,pt2_pure,Acetonitrile,acetonitrile,acetonitrile,acetonitrile,1,1,0.022198854493706392,65.32976373463647,0.022198854493706392,1.0,2.164433426392588
Acetonitrile/acetonitrile_Y0_X4.txt,pt2_pure,Acetonitrile,acetonitrile,acetonitrile,acetonitrile,1,1,0.022074268568256467,64.77562243855486,0.022074268568256467,1.0,0.0
Acetonitrile/acetonitrile_Y0_X5.txt,pt2_pure,Acetonitrile,acetonitrile,acetonitrile,acetonitrile,1,1,0.0,0.0,0.0,1.0,0.0
Acetonitrile/acetonitrile_Y1_X0.txt,pt2_pure,Acetonitrile,acetonitrile,acetonitrile,acetonitrile,1,1,0.019834004783475873,60.492424716454195,0.019834004783475873,1.0,4.529529463952586
Acetonitrile/acetonitrile_Y1_X1.txt,pt2_pure,Acetonitrile,acetonitrile,acetonitrile,acetonitrile,1,1,0.020335255758218037,62.14476172662386,0.020335255758218037,1.0,0.0
Acetonitrile/acetonitrile_Y1_X2.txt,pt2_pure,Acetonitrile,acetonitrile,acetonitrile,acetonitrile,1,1,0.019022078178920796,57.037251832378985,0.019022078178920796,1.0,2.652909767981472
Acetonitrile/acetonitrile_Y1_X3.txt,pt2_pure,Acetonitrile,acetonitrile,acetonitrile,acetonitrile,1,1,9.847638690245683e-17,2.9413432761539096e-13,9.847638690245683e-17,1.0,9.528385772542668e-16
Acetonitrile/acetonitrile_Y1_X4.txt,pt2_pure,Acetonitrile,acetonitrile,acetonitrile,acetonitrile,1,1,0.020517776387413266,60.894324666156066,0.020517776387413266,1.0,0.8111769275187077
Acetonitrile/acetonitrile_Y1_X5.txt,pt2_pure,Acetonitrile,acetonitrile,acetonitrile,acetonitrile,1,1,0.018681597763026553,53.656076977539115,0.018681597763026553,1.0,5.59729448811215
Acetonitrile/acetonitrile_Y2_X0.txt,pt2_pure,Acetonitrile,acetonitrile,acetonitrile,acetonitrile,1,1,0.01821060139654563,55.21184410606042,0.01821060139654563,1.0,0.0
Acetonitrile/acetonitrile_Y2_X1.txt,pt2_pure,Acetonitrile,acetonitrile,acetonitrile,acetonitrile,1,1,4.105352665031379e-18,1.2520204540941506e-14,4.105352665031379e-18,1.0,0.0
Acetonitrile/acetonitrile_Y2_X2.txt,pt2_pure,Acetonitrile,acetonitrile,acetonitrile,acetonitrile,1,1,0.01767074716044507,53.71663809100905,0.01767074716044507,1.0,0.0
Acetonitrile/acetonitrile_Y2_X3.txt,pt2_pure,Acetonitrile,acetonitrile,acetonitrile,acetonitrile,1,1,0.018959203615481594,57.21252612204868,0.018959203615481594,1.0,0.0
Acetonitrile/acetonitrile_Y2_X4.txt,pt2_pure,Acetonitrile,acetonitrile,acetonitrile,acetonitrile,1,1,0.02165422737304231,64.8823491008945,0.02165422737304231,1.0,0.0
Acetonitrile/acetonitrile_Y2_X5.txt,pt2_pure,Acetonitrile,acetonitrile,acetonitrile,acetonitrile,1,1,1.407794661854595e-16,4.0389911287453805e-13,1.407794661854595e-16,1.0,2.681344733120291e-16
Acetonitrile/acetonitrile_Y3_X0.txt,pt2_pure,Acetonitrile,acetonitrile,acetonitrile,acetonitrile,1,1,0.018789793340518196,57.08928410035508,0.018789793340518196,1.0,0.0
Acetonitrile/acetonitrile_Y3_X1.txt,pt2_pure,Acetonitrile,acetonitrile,acetonitrile,acetonitrile,1,1,0.019813852531913864,60.42536126280444,0.019813852531913864,1.0,0.0
Acetonitrile/acetonitrile_Y3_X2.txt,pt2_pure,Acetonitrile,acetonitrile,acetonitrile,acetonitrile,1,1,0.01909541151186061,57.841984857127876,0.01909541151186061,1.0,0.0
Acetonitrile/acetonitrile_Y3_X3.txt,pt2_pure,Acetonitrile,acetonitrile,acetonitrile,acetonitrile,1,1,0.019164696579566372,57.30091908677002,0.019164696579566372,1.0,0.0
Acetonitrile/acetonitrile_Y3_X4.txt,pt2_pure,Acetonitrile,acetonitrile,acetonitrile,acetonitrile,1,1,0.019225155072034508,56.76139757935793,0.019225155072034508,1.0,3.2266150505167435
Acetonitrile/acetonitrile_Y3_X5.txt,pt2_pure,Acetonitrile,acetonitrile,acetonitrile,acetonitrile,1,1,0.0205094539922319,59.977379161370855,0.0205094539922319,1.0,0.12246717388581675
Acetonitrile/acetonitrile_Y4_X0.txt,pt2_pure,Acetonitrile,acetonitrile,acetonitrile,acetonitrile,1,1,0.021965925754401237,66.2222184362069,0.021965925754401237,1.0,1.38608378331811
Acetonitrile/acetonitrile_Y4_X1.txt,pt2_pure,Acetonitrile,acetonitrile,acetonitrile,acetonitrile,1,1,0.020165192611543765,61.2174659444238,0.020165192611543765,1.0,0.0
Acetonitrile/acetonitrile_Y4_X2.txt,pt2_pure,Acetonitrile,acetonitrile,acetonitrile,acetonitrile,1,1,0.02095342187624992,63.628643067146676,0.02095342187624992,1.0,0.0
Acetonitrile/acetonitrile_Y4_X3.txt,pt2_pure,Acetonitrile,acetonitrile,acetonitrile,acetonitrile,1,1,0.02082688963104054,61.14207683219583,0.02082688963104054,1.0,0.0
Acetonitrile/acetonitrile_Y4_X4.txt,pt2_pure,Acetonitrile,acetonitrile,acetonitrile,acetonitrile,1,1,4.1280266976833e-17,1.161103886905553e-13,4.1280266976833e-17,1.0,1.0212527159957415e-15
Acetonitrile/acetonitrile_Y4_X5.txt,pt2_pure,Acetonitrile,acetonitrile,acetonitrile,acetonitrile,1,1,0.020098051083064134,58.87668395086083,0.020098051083064134,1.0,2.8376406809348382
Acetonitrile/acetonitrile_Y5_X0.txt,pt2_pure,Acetonitrile,acetonitrile,acetonitrile,acetonitrile,1,1,0.01909896151283653,56.55697899973474,0.01909896151283653,1.0,0.0
Acetonitrile/acetonitrile_Y5_X1.txt,pt2_pure,Acetonitrile,acetonitrile,acetonitrile,acetonitrile,1,1,0.020172820742472137,60.40493326852449,0.020172820742472137,1.0,0.0
Acetonitrile/acetonitrile_Y5_X2.txt,pt2_pure,Acetonitrile,acetonitrile,acetonitrile,acetonitrile,1,1,0.0,0.0,0.0,1.0,0.0
Acetonitrile/acetonitrile_Y5_X3.txt,pt2_pure,Acetonitrile,acetonitrile,acetonitrile,acetonitrile,1,1,0.02133075159132951,64.5630238515724,0.02133075159132951,1.0,0.0
Acetonitrile/acetonitrile_Y5_X4.txt,pt2_pure,Acetonitrile,acetonitrile,acetonitrile,acetonitrile,1,1,5.466340776830953e-17,1.5975253226232664e-13,5.466340776830953e-17,1.0,2.6736128363052883e-15
Acetonitrile/acetonitrile_Y5_X5.txt,pt2_pure,Acetonitrile,acetonitrile,acetonitrile,acetonitrile,1,1,0.020560356067854803,61.1700719707486,0.020560356067854803,1.0,1.5979174453922362
DCM/dcm_Y0_X0.txt,pt2_pure,DCM,dichloromethane,dichloromethane,dichloromethane,1,1,2.1098812915485118e-16,2.458018544101432e-12,2.1098812915485118e-16,1.0,0.0
DCM/dcm_Y0_X1.txt,pt2_pure,DCM,dichloromethane,dichloromethane,dichloromethane,1,1,0.00840616984110554,97.71112382202395,0.00840616984110554,1.0,0.0
DCM/dcm_Y0_X2.txt,pt2_pure,DCM,dichloromethane,dichloromethane,dichloromethane,1,1,0.00897275736232099,104.39594508461667,0.00897275736232099,1.0,0.23158513227890712
DCM/dcm_Y0_X3.txt,pt2_pure,DCM,dichloromethane,dichloromethane,dichloromethane,1,1,0.007980630204059144,92.48049556989159,0.007980630204059144,1.0,0.0
DCM/dcm_Y0_X4.txt,pt2_pure,DCM,dichloromethane,dichloromethane,dichloromethane,1,1,0.008603733478023222,98.90912251034261,0.008603733478023222,1.0,2.2180097667768126
DCM/dcm_Y0_X5.txt,pt2_pure,DCM,dichloromethane,dichloromethane,dichloromethane,1,1,0.007712386642259245,87.8696926244684,0.007712386642259245,1.0,5.945894174898024
DCM/dcm_Y1_X0.txt,pt2_pure,DCM,dichloromethane,dichloromethane,dichloromethane,1,1,7.18491186316719e-18,8.18416103434614e-14,7.18491186316719e-18,1.0,1.3781722244284498e-15
DCM/dcm_Y1_X1.txt,pt2_pure,DCM,dichloromethane,dichloromethane,dichloromethane,1,1,0.0072373154857010595,82.27848146670138,0.0072373154857010595,1.0,0.0
DCM/dcm_Y1_X2.txt,pt2_pure,DCM,dichloromethane,dichloromethane,dichloromethane,1,1,0.006927877117467717,78.29862356146357,0.006927877117467717,1.0,1.6972132040441126
DCM/dcm_Y1_X3.txt,pt2_pure,DCM,dichloromethane,dichloromethane,dichloromethane,1,1,1.2622009324883853e-16,1.4215323682411355e-12,1.2622009324883853e-16,1.0,2.006251273677923e-15
DCM/dcm_Y1_X4.txt,pt2_pure,DCM,dichloromethane,dichloromethane,dichloromethane,1,1,0.0074301023989670045,83.6007128925081,0.0074301023989670045,1.0,0.6820545959673225
DCM/dcm_Y1_X5.txt,pt2_pure,DCM,dichloromethane,dichloromethane,dichloromethane,1,1,0.007608889933804133,85.34210751329881,0.007608889933804133,1.0,0.0
DCM/dcm_Y2_X0.txt,pt2_pure,DCM,dichloromethane,dichloromethane,dichloromethane,1,1,0.007468314085381202,83.77777194076721,0.007468314085381202,1.0,0.0
DCM/dcm_Y2_X1.txt,pt2_pure,DCM,dichloromethane,dichloromethane,dichloromethane,1,1,0.007482491304327126,84.2393546358015,0.007482491304327126,1.0,4.760588395996612
DCM/dcm_Y2_X2.txt,pt2_pure,DCM,dichloromethane,dichloromethane,dichloromethane,1,1,0.008076684953595096,90.8622267367896,0.008076684953595096,1.0,5.653804639502116
DCM/dcm_Y2_X3.txt,pt2_pure,DCM,dichloromethane,dichloromethane,dichloromethane,1,1,1.3198637663290908e-16,1.4896533534337151e-12,1.3198637663290908e-16,1.0,1.0964838571273896e-15
DCM/dcm_Y2_X4.txt,pt2_pure,DCM,dichloromethane,dichloromethane,dichloromethane,1,1,0.007146016060401,81.19278357830031,0.007146016060401,1.0,0.0
DCM/dcm_Y2_X5.txt,pt2_pure,DCM,dichloromethane,dichloromethane,dichloromethane,1,1,0.006944000952795422,78.74208451389926,0.006944000952795422,1.0,5.466812215476684
DCM/dcm_Y3_X0.txt,pt2_pure,DCM,dichloromethane,dichloromethane,dichloromethane,1,1,0.007355441746460842,82.52992410785798,0.007355441746460842,1.0,0.3532686876532099
DCM/dcm_Y3_X1.txt,pt2_pure,DCM,dichloromethane,dichloromethane,dichloromethane,1,1,0.006864538366763159,77.21527640475973,0.006864538366763159,1.0,0.0
DCM/dcm_Y3_X2.txt,pt2_pure,DCM,dichloromethane,dichloromethane,dichloromethane,1,1,0.006946689880846698,78.65169048455827,0.006946689880846698,1.0,0.0
DCM/dcm_Y3_X3.txt,pt2_pure,DCM,dichloromethane,dichloromethane,dichloromethane,1,1,2.9046166639366263e-18,3.3013784442597735e-14,2.9046166639366263e-18,1.0,0.0
DCM/dcm_Y3_X4.txt,pt2_pure,DCM,dichloromethane,dichloromethane,dichloromethane,1,1,0.006983350476807119,80.0474133752348,0.006983350476807119,1.0,0.0
DCM/dcm_Y3_X5.txt,pt2_pure,DCM,dichloromethane,dichloromethane,dichloromethane,1,1,6.409584310746413e-17,7.372342111775939e-13,6.409584310746413e-17,1.0,1.0754348276359604e-16
DCM/dcm_Y4_X0.txt,pt2_pure,DCM,dichloromethane,dichloromethane,dichloromethane,1,1,0.00801284755847695,89.22569116407608,0.00801284755847695,1.0,0.0
DCM/dcm_Y4_X1.txt,pt2_pure,DCM,dichloromethane,dichloromethane,dichloromethane,1,1,0.008118407419159559,90.44385401678038,0.008118407419159559,1.0,0.0
DCM/dcm_Y4_X2.txt,pt2_pure,DCM,dichloromethane,dichloromethane,dichloromethane,1,1,0.008341649244416997,93.41738001068127,0.008341649244416997,1.0,0.0
DCM/dcm_Y4_X3.txt,pt2_pure,DCM,dichloromethane,dichloromethane,dichloromethane,1,1,0.008482463018841228,95.15395999448333,0.008482463018841228,1.0,0.0
DCM/dcm_Y4_X4.txt,pt2_pure,DCM,dichloromethane,dichloromethane,dichloromethane,1,1,0.007652363333039602,86.4832912121623,0.007652363333039602,1.0,0.0
DCM/dcm_Y4_X5.txt,pt2_pure,DCM,dichloromethane,dichloromethane,dichloromethane,1,1,0.007860862541206501,89.7121540454239,0.007860862541206501,1.0,0.0
DCM/dcm_Y5_X0.txt,pt2_pure,DCM,dichloromethane,dichloromethane,dichloromethane,1,1,1.1529681769877015e-17,1.3132986385458225e-13,1.1529681769877015e-17,1.0,3.1327527107356662e-15
DCM/dcm_Y5_X1.txt,pt2_pure,DCM,dichloromethane,dichloromethane,dichloromethane,1,1,1.6732081124092623e-16,1.886973782622258e-12,1.6732081124092623e-16,1.0,2.699105470955067e-16
DCM/dcm_Y5_X2.txt,pt2_pure,DCM,dichloromethane,dichloromethane,dichloromethane,1,1,0.008124567726990975,90.64478545537483,0.008124567726990975,1.0,0.0
DCM/dcm_Y5_X3.txt,pt2_pure,DCM,dichloromethane,dichloromethane,dichloromethane,1,1,0.008402052991391417,93.09100449803802,0.008402052991391417,1.0,0.0
DCM/dcm_Y5_X4.txt,pt2_pure,DCM,dichloromethane,dichloromethane,dichloromethane,1,1,0.008437595909968875,93.47043240979528,0.008437595909968875,1.0,0.0
DCM/dcm_Y5_X5.txt,pt2_pure,DCM,dichloromethane,dichloromethane,dichloromethane,1,1,1.6947694235394433e-16,1.8766366843363016e-12,1.6947694235394433e-16,1.0,4.552920859837873e-16
Toluene/toluene_Y0_X0.txt,pt2_pure,Toluene,toluene,toluene,toluene,1,1,0.0,0.0,0.0,1.0,0.0
Toluene/toluene_Y0_X1.txt,pt2_pure,Toluene,toluene,toluene,toluene,1,1,0.011780984248676695,98.42058786143703,0.011780984248676695,1.0,4.12299756134277
Toluene/toluene_Y0_X2.txt,pt2_pure,Toluene,toluene,toluene,toluene,1,1,1.1213699665239201e-17,9.200141815319594e-14,1.1213699665239201e-17,1.0,1.9698720869892585e-15
Toluene/toluene_Y0_X3.txt,pt2_pure,Toluene,toluene,toluene,toluene,1,1,0.0,0.0,0.0,1.0,0.0
Toluene/toluene_Y0_X4.txt,pt2_pure,Toluene,toluene,toluene,toluene,1,1,0.009767575351570097,81.84226639066193,0.009767575351570097,1.0,2.9907635551196408
Toluene/toluene_Y0_X5.txt,pt2_pure,Toluene,toluene,toluene,toluene,1,1,6.149744095079995e-16,5.196748334751104e-12,6.149744095079995e-16,1.0,1.7512191617723758e-13
Toluene/toluene_Y1_X0.txt,pt2_pure,Toluene,toluene,toluene,toluene,1,1,3.6268119466606086e-17,3.0225193910117015e-13,3.6268119466606086e-17,1.0,5.75052740147169e-16
Toluene/toluene_Y1_X1.txt,pt2_pure,Toluene,toluene,toluene,toluene,1,1,0.00881859140546349,73.91248449229249,0.00881859140546349,1.0,0.0
Toluene/toluene_Y1_X2.txt,pt2_pure,Toluene,toluene,toluene,toluene,1,1,0.009435306839759206,78.79413511339895,0.009435306839759206,1.0,0.46967069178144927
Toluene/toluene_Y1_X3.txt,pt2_pure,Toluene,toluene,toluene,toluene,1,1,0.00990419739415755,82.76953044020897,0.00990419739415755,1.0,0.6612694988539263
Toluene/toluene_Y1_X4.txt,pt2_pure,Toluene,toluene,toluene,toluene,1,1,0.00916152124904736,76.35800348238223,0.00916152124904736,1.0,9.190231999964901
Toluene/toluene_Y1_X5.txt,pt2_pure,Toluene,toluene,toluene,toluene,1,1,0.010376653568868808,86.75303356078769,0.010376653568868808,1.0,0.0
Toluene/toluene_Y2_X0.txt,pt2_pure,Toluene,toluene,toluene,toluene,1,1,0.0090469762511146,75.78452805708011,0.0090469762511146,1.0,0.0
Toluene/toluene_Y2_X1.txt,pt2_pure,Toluene,toluene,toluene,toluene,1,1,0.009547906558020158,80.42144010007173,0.009547906558020158,1.0,0.0
Toluene/toluene_Y2_X2.txt,pt2_pure,Toluene,toluene,toluene,toluene,1,1,0.009233433107089902,77.5716349036075,0.009233433107089902,1.0,0.0
Toluene/toluene_Y2_X3.txt,pt2_pure,Toluene,toluene,toluene,toluene,1,1,0.009101684875766711,76.10469544146643,0.009101684875766711,1.0,0.0
Toluene/toluene_Y2_X4.txt,pt2_pure,Toluene,toluene,toluene,toluene,1,1,0.009198127815450678,77.02726332992417,0.009198127815450678,1.0,0.0
Toluene/toluene_Y2_X5.txt,pt2_pure,Toluene,toluene,toluene,toluene,1,1,0.009928448182427751,83.24471417988958,0.009928448182427751,1.0,0.6399004185373813
Toluene/toluene_Y3_X0.txt,pt2_pure,Toluene,toluene,toluene,toluene,1,1,9.803163000028677e-17,8.177494476831818e-13,9.803163000028677e-17,1.0,0.0
Toluene/toluene_Y3_X1.txt,pt2_pure,Toluene,toluene,toluene,toluene,1,1,0.009092073013304317,75.32260518760918,0.009092073013304317,1.0,0.37563660811626526
Toluene/toluene_Y3_X2.txt,pt2_pure,Toluene,toluene,toluene,toluene,1,1,1.6889682078036684e-17,1.362680116366169e-13,1.6889682078036684e-17,1.0,6.924241919735357e-16
Toluene/toluene_Y3_X3.txt,pt2_pure,Toluene,toluene,toluene,toluene,1,1,0.009687257041576336,77.85850834457638,0.009687257041576336,1.0,1.9627652727895593
Toluene/toluene_Y3_X4.txt,pt2_pure,Toluene,toluene,toluene,toluene,1,1,0.009045943657238858,72.11003102209322,0.009045943657238858,1.0,6.625592741303123
Toluene/toluene_Y3_X5.txt,pt2_pure,Toluene,toluene,toluene,toluene,1,1,1.5679625883455323e-16,1.2497183055724172e-12,1.5679625883455323e-16,1.0,6.584431257745657e-16
Toluene/toluene_Y4_X0.txt,pt2_pure,Toluene,toluene,toluene,toluene,1,1,0.009390561039232312,74.37794531022351,0.009390561039232312,1.0,1.0929671880348617
Toluene/toluene_Y4_X1.txt,pt2_pure,Toluene,toluene,toluene,toluene,1,1,0.010353057596743818,81.9841833283258,0.010353057596743818,1.0,4.256413598846973
Toluene/toluene_Y4_X2.txt,pt2_pure,Toluene,toluene,toluene,toluene,1,1,0.011291923008323419,89.3261961405194,0.011291923008323419,1.0,9.493999694984481
Toluene/toluene_Y4_X3.txt,pt2_pure,Toluene,toluene,toluene,toluene,1,1,0.010435094189778046,82.83375505364687,0.010435094189778046,1.0,4.38976114835393
Toluene/toluene_Y4_X4.txt,pt2_pure,Toluene,toluene,toluene,toluene,1,1,0.010840479335163068,86.11784909327531,0.010840479335163068,1.0,0.0
Toluene/toluene_Y4_X5.txt,pt2_pure,Toluene,toluene,toluene,toluene,1,1,0.010650553872087038,84.65360099478673,0.010650553872087038,1.0,0.0
Toluene/toluene_Y5_X0.txt,pt2_pure,Toluene,toluene,toluene,toluene,1,1,0.010963530824941873,87.02217193366762,0.010963530824941873,1.0,3.0174222226174816
Toluene/toluene_Y5_X1.txt,pt2_pure,Toluene,toluene,toluene,toluene,1,1,0.012254035100717672,97.41869284439153,0.012254035100717672,1.0,0.0
Toluene/toluene_Y5_X2.txt,pt2_pure,Toluene,toluene,toluene,toluene,1,1,0.012115984885233128,96.20840881402916,0.012115984885233128,1.0,0.0
Toluene/toluene_Y5_X3.txt,pt2_pure,Toluene,toluene,toluene,toluene,1,1,0.010979564328052156,86.8078314978166,0.010979564328052156,1.0,1.5392844715627354
Toluene/toluene_Y5_X4.txt,pt2_pure,Toluene,toluene,toluene,toluene,1,1,0.01239216841598159,98.22265305805303,0.01239216841598159,1.0,0.0
Toluene/toluene_Y5_X5.txt,pt2_pure,Toluene,toluene,toluene,toluene,1,1,0.0,0.0,0.0,1.0,0.0
diethylamine/diethylamine_Y0_X0.txt,pt2_pure,diethylamine,diethylamine,diethylamine,diethylamine,1,1,0.2721665953547937,450.17714260437253,0.2721665953547937,1.0,0.0
diethylamine/diethylamine_Y0_X1.txt,pt2_pure,diethylamine,diethylamine,diethylamine,diethylamine,1,1,0.2659175942679647,446.09536898095314,0.2659175942679647,1.0,0.0
diethylamine/diethylamine_Y0_X2.txt,pt2_pure,diethylamine,diethylamine,diethylamine,diethylamine,1,1,0.26435073151656613,447.55463106229143,0.26435073151656613,1.0,0.0
diethylamine/diethylamine_Y0_X3.txt,pt2_pure,diethylamine,diethylamine,diethylamine,diethylamine,1,1,0.2644074727748512,441.49520671847387,0.2644074727748512,1.0,24.874518816719696
diethylamine/diethylamine_Y0_X4.txt,pt2_pure,diethylamine,diethylamine,diethylamine,diethylamine,1,1,0.26632981547943557,456.9769629713546,0.26632981547943557,1.0,33.86952236117587
diethylamine/diethylamine_Y0_X5.txt,pt2_pure,diethylamine,diethylamine,diethylamine,diethylamine,1,1,0.2722349186350733,459.4712474170882,0.2722349186350733,1.0,26.996546905200024
diethylamine/diethylamine_Y1_X0.txt,pt2_pure,diethylamine,diethylamine,diethylamine,diethylamine,1,1,0.0,0.0,0.0,1.0,0.0
diethylamine/diethylamine_Y1_X1.txt,pt2_pure,diethylamine,diethylamine,diethylamine,diethylamine,1,1,0.2622922853990105,460.66437974675176,0.2622922853990105,1.0,33.948823100824185
diethylamine/diethylamine_Y1_X2.txt,pt2_pure,diethylamine,diethylamine,diethylamine,diethylamine,1,1,0.2694250160567966,460.49399246963856,0.2694250160567966,1.0,6.887314832625735
diethylamine/diethylamine_Y1_X3.txt,pt2_pure,diethylamine,diethylamine,diethylamine,diethylamine,1,1,0.26826959561049835,461.97499755929925,0.26826959561049835,1.0,39.312327353598526
diethylamine/diethylamine_Y1_X4.txt,pt2_pure,diethylamine,diethylamine,diethylamine,diethylamine,1,1,0.27253588733090445,462.69963828794545,0.27253588733090445,1.0,44.30343443214236
diethylamine/diethylamine_Y1_X5.txt,pt2_pure,diethylamine,diethylamine,diethylamine,diethylamine,1,1,0.2676276374472193,457.5012756666205,0.2676276374472193,1.0,0.0
diethylamine/diethylamine_Y2_X0.txt,pt2_pure,diethylamine,diethylamine,diethylamine,diethylamine,1,1,2.246817200484201e-16,4.191515472375167e-13,2.246817200484201e-16,1.0,0.0
diethylamine/diethylamine_Y2_X1.txt,pt2_pure,diethylamine,diethylamine,diethylamine,diethylamine,1,1,0.27480834149757244,463.0183959523441,0.27480834149757244,1.0,0.0
diethylamine/diethylamine_Y2_X2.txt,pt2_pure,diethylamine,diethylamine,diethylamine,diethylamine,1,1,0.26241873741842453,432.8755515721143,0.26241873741842453,1.0,19.300400182208392
diethylamine/diethylamine_Y2_X3.txt,pt2_pure,diethylamine,diethylamine,diethylamine,diethylamine,1,1,0.2578181658701437,424.776607849443,0.2578181658701437,1.0,0.0
diethylamine/diethylamine_Y2_X4.txt,pt2_pure,diethylamine,diethylamine,diethylamine,diethylamine,1,1,0.2619868518080297,440.23080352774036,0.2619868518080297,1.0,0.0
diethylamine/diethylamine_Y2_X5.txt,pt2_pure,diethylamine,diethylamine,diethylamine,diethylamine,1,1,0.26000563972232815,454.3445218495677,0.26000563972232815,1.0,0.0
diethylamine/diethylamine_Y3_X0.txt,pt2_pure,diethylamine,diethylamine,diethylamine,diethylamine,1,1,1.6273841381596075e-16,3.005345823443074e-13,1.6273841381596075e-16,1.0,5.243470281235801e-15
diethylamine/diethylamine_Y3_X1.txt,pt2_pure,diethylamine,diethylamine,diethylamine,diethylamine,1,1,0.24567027877943762,452.31529537190016,0.24567027877943762,1.0,0.0
diethylamine/diethylamine_Y3_X2.txt,pt2_pure,diethylamine,diethylamine,diethylamine,diethylamine,1,1,0.25709625470059966,446.4841751738455,0.25709625470059966,1.0,0.0
diethylamine/diethylamine_Y3_X3.txt,pt2_pure,diethylamine,diethylamine,diethylamine,diethylamine,1,1,0.25889854308072785,439.481708252539,0.25889854308072785,1.0,0.0
diethylamine/diethylamine_Y3_X4.txt,pt2_pure,diethylamine,diethylamine,diethylamine,diethylamine,1,1,0.25731396044873384,457.286903959572,0.25731396044873384,1.0,1.6631834822131326
diethylamine/diethylamine_Y3_X5.txt,pt2_pure,diethylamine,diethylamine,diethylamine,diethylamine,1,1,0.27109594393778186,458.57671897366305,0.27109594393778186,1.0,10.283942580117463
diethylamine/diethylamine_Y4_X0.txt,pt2_pure,diethylamine,diethylamine,diethylamine,diethylamine,1,1,1.408012619121964e-17,2.6794997700228272e-14,1.408012619121964e-17,1.0,1.777010711386731e-14
diethylamine/diethylamine_Y4_X1.txt,pt2_pure,diethylamine,diethylamine,diethylamine,diethylamine,1,1,0.2491057989759521,456.37524200156565,0.2491057989759521,1.0,14.79431086697038
diethylamine/diethylamine_Y4_X2.txt,pt2_pure,diethylamine,diethylamine,diethylamine,diethylamine,1,1,2.1634660653284194e-16,4.0122173142328305e-13,2.1634660653284194e-16,1.0,0.0
diethylamine/diethylamine_Y4_X3.txt,pt2_pure,diethylamine,diethylamine,diethylamine,diethylamine,1,1,2.1731859842555746e-16,3.8903906350559554e-13,2.1731859842555746e-16,1.0,0.0
diethylamine/diethylamine_Y4_X4.txt,pt2_pure,diethylamine,diethylamine,diethylamine,diethylamine,1,1,1.873170545475689e-18,3.4870548170172566e-15,1.873170545475689e-18,1.0,0.0
diethylamine/diethylamine_Y4_X5.txt,pt2_pure,diethylamine,diethylamine,diethylamine,diethylamine,1,1,0.2676490070625172,452.5701800587014,0.2676490070625172,1.0,0.0
diethylamine/diethylamine_Y5_X0.txt,pt2_pure,diethylamine,diethylamine,diethylamine,diethylamine,1,1,0.2709305395477324,464.0197258124338,0.2709305395477324,1.0,0.0
diethylamine/diethylamine_Y5_X1.txt,pt2_pure,diethylamine,diethylamine,diethylamine,diethylamine,1,1,0.2628472849273849,446.0477708430474,0.2628472849273849,1.0,0.0
diethylamine/diethylamine_Y5_X2.txt,pt2_pure,diethylamine,diethylamine,diethylamine,diethylamine,1,1,0.26321403116781694,430.9845037179381,0.26321403116781694,1.0,0.0
diethylamine/diethylamine_Y5_X3.txt,pt2_pure,diethylamine,diethylamine,diethylamine,diethylamine,1,1,9.916268769835461e-17,1.628704461291919e-13,9.916268769835461e-17,1.0,7.840916784999553e-15
diethylamine/diethylamine_Y5_X4.txt,pt2_pure,diethylamine,diethylamine,diethylamine,diethylamine,1,1,0.2635897585774664,424.19894008232524,0.2635897585774664,1.0,10.91327220052644
diethylamine/diethylamine_Y5_X5.txt,pt2_pure,diethylamine,diethylamine,diethylamine,diethylamine,1,1,2.1954067773977692e-16,3.727343748548596e-13,2.1954067773977692e-16,1.0,0.0
n-hexane/n-hexane_Y0_X0.txt,pt2_pure,n-hexane,n-hexane,n-hexane,n-hexane,1,1,0.03181863489880986,74.65652260622953,0.03181863489880986,1.0,0.0
n-hexane/n-hexane_Y0_X1.txt,pt2_pure,n-hexane,n-hexane,n-hexane,n-hexane,1,1,2.300595190172468e-16,5.350468637725785e-13,2.300595190172468e-16,1.0,0.0
n-hexane/n-hexane_Y0_X2.txt,pt2_pure,n-hexane,n-hexane,n-hexane,n-hexane,1,1,0.0,0.0,0.0,1.0,0.0
n-hexane/n-hexane_Y0_X3.txt,pt2_pure,n-hexane,n-hexane,n-hexane,n-hexane,1,1,0.03205474023646414,75.32213243951018,0.03205474023646414,1.0,0.0
n-hexane/n-hexane_Y0_X4.txt,pt2_pure,n-hexane,n-hexane,n-hexane,n-hexane,1,1,0.03129127907935396,73.44516747548418,0.03129127907935396,1.0,0.7520957736322073
n-hexane/n-hexane_Y0_X5.txt,pt2_pure,n-hexane,n-hexane,n-hexane,n-hexane,1,1,0.031370855292115564,73.91224924421712,0.031370855292115564,1.0,3.202236563587096
n-hexane/n-hexane_Y1_X0.txt,pt2_pure,n-hexane,n-hexane,n-hexane,n-hexane,1,1,0.03147106543185145,74.01098645987399,0.03147106543185145,1.0,3.2701480149733437
n-hexane/n-hexane_Y1_X1.txt,pt2_pure,n-hexane,n-hexane,n-hexane,n-hexane,1,1,0.030820553701198468,72.89477300192569,0.030820553701198468,1.0,11.289156577209418
n-hexane/n-hexane_Y1_X2.txt,pt2_pure,n-hexane,n-hexane,n-hexane,n-hexane,1,1,0.030672326809792882,72.5926842778205,0.030672326809792882,1.0,6.179519601550911
n-hexane/n-hexane_Y1_X3.txt,pt2_pure,n-hexane,n-hexane,n-hexane,n-hexane,1,1,0.031245073575318916,73.76143385082425,0.031245073575318916,1.0,0.0
n-hexane/n-hexane_Y1_X4.txt,pt2_pure,n-hexane,n-hexane,n-hexane,n-hexane,1,1,1.0237289955710861e-16,2.4316853543253373e-13,1.0237289955710861e-16,1.0,0.0
n-hexane/n-hexane_Y1_X5.txt,pt2_pure,n-hexane,n-hexane,n-hexane,n-hexane,1,1,1.3705379636179262e-16,3.257779323785228e-13,1.3705379636179262e-16,1.0,0.0
n-hexane/n-hexane_Y2_X0.txt,pt2_pure,n-hexane,n-hexane,n-hexane,n-hexane,1,1,0.031394640065631876,73.77454889195947,0.031394640065631876,1.0,1.8572887487155658
n-hexane/n-hexane_Y2_X1.txt,pt2_pure,n-hexane,n-hexane,n-hexane,n-hexane,1,1,7.142950903089378e-17,1.6741919963511515e-13,7.142950903089378e-17,1.0,1.0556125158402165e-15
n-hexane/n-hexane_Y2_X2.txt,pt2_pure,n-hexane,n-hexane,n-hexane,n-hexane,1,1,0.030966209195229334,72.64682582410268,0.030966209195229334,1.0,2.073852662313244
n-hexane/n-hexane_Y2_X3.txt,pt2_pure,n-hexane,n-hexane,n-hexane,n-hexane,1,1,0.03190121189121252,74.67354274016363,0.03190121189121252,1.0,2.62200025216286
n-hexane/n-hexane_Y2_X4.txt,pt2_pure,n-hexane,n-hexane,n-hexane,n-hexane,1,1,0.03020318005513631,70.80517952413803,0.03020318005513631,1.0,4.04718919044749
n-hexane/n-hexane_Y2_X5.txt,pt2_pure,n-hexane,n-hexane,n-hexane,n-hexane,1,1,0.03215030469716544,75.24695916674574,0.03215030469716544,1.0,0.0
n-hexane/n-hexane_Y3_X0.txt,pt2_pure,n-hexane,n-hexane,n-hexane,n-hexane,1,1,2.2631402525847825e-16,5.374059154729134e-13,2.2631402525847825e-16,1.0,0.0
n-hexane/n-hexane_Y3_X1.txt,pt2_pure,n-hexane,n-hexane,n-hexane,n-hexane,1,1,0.030104866409942876,70.82329725423072,0.030104866409942876,1.0,0.0
n-hexane/n-hexane_Y3_X2.txt,pt2_pure,n-hexane,n-hexane,n-hexane,n-hexane,1,1,0.030046635322735226,70.22311623833887,0.030046635322735226,1.0,0.0
n-hexane/n-hexane_Y3_X3.txt,pt2_pure,n-hexane,n-hexane,n-hexane,n-hexane,1,1,0.030844077194967217,72.82827827351181,0.030844077194967217,1.0,0.0
n-hexane/n-hexane_Y3_X4.txt,pt2_pure,n-hexane,n-hexane,n-hexane,n-hexane,1,1,0.031050486719965645,73.24288486795342,0.031050486719965645,1.0,7.372479673921387
n-hexane/n-hexane_Y3_X5.txt,pt2_pure,n-hexane,n-hexane,n-hexane,n-hexane,1,1,0.02998490818887116,70.6657812870562,0.02998490818887116,1.0,2.1719701070024016
n-hexane/n-hexane_Y4_X0.txt,pt2_pure,n-hexane,n-hexane,n-hexane,n-hexane,1,1,0.03170742082299309,74.21890550986852,0.03170742082299309,1.0,0.0
n-hexane/n-hexane_Y4_X1.txt,pt2_pure,n-hexane,n-hexane,n-hexane,n-hexane,1,1,0.03213042512419834,75.5048097338026,0.03213042512419834,1.0,7.9130271931515805
n-hexane/n-hexane_Y4_X2.txt,pt2_pure,n-hexane,n-hexane,n-hexane,n-hexane,1,1,0.030838303556559837,71.66593276191796,0.030838303556559837,1.0,1.7566930124654272
n-hexane/n-hexane_Y4_X3.txt,pt2_pure,n-hexane,n-hexane,n-hexane,n-hexane,1,1,0.032226101666839,75.80027462190981,0.032226101666839,1.0,3.406147724086013
n-hexane/n-hexane_Y4_X4.txt,pt2_pure,n-hexane,n-hexane,n-hexane,n-hexane,1,1,0.030600475952705927,71.89954222065396,0.030600475952705927,1.0,0.0
n-hexane/n-hexane_Y4_X5.txt,pt2_pure,n-hexane,n-hexane,n-hexane,n-hexane,1,1,0.031463640956312613,74.20806721208794,0.031463640956312613,1.0,2.3393924578171297
n-hexane/n-hexane_Y5_X0.txt,pt2_pure,n-hexane,n-hexane,n-hexane,n-hexane,1,1,5.805012237116913e-17,1.3792840496859236e-13,5.805012237116913e-17,1.0,1.1886036738107984e-14
n-hexane/n-hexane_Y5_X1.txt,pt2_pure,n-hexane,n-hexane,n-hexane,n-hexane,1,1,0.031846826460767086,75.17951150741106,0.031846826460767086,1.0,0.0
n-hexane/n-hexane_Y5_X2.txt,pt2_pure,n-hexane,n-hexane,n-hexane,n-hexane,1,1,8.375860053032009e-17,1.9738977652219497e-13,8.375860053032009e-17,1.0,2.463298026848653e-16
n-hexane/n-hexane_Y5_X3.txt,pt2_pure,n-hexane,n-hexane,n-hexane,n-hexane,1,1,0.03063437820804936,72.06178220952805,0.03063437820804936,1.0,0.0
n-hexane/n-hexane_Y5_X4.txt,pt2_pure,n-hexane,n-hexane,n-hexane,n-hexane,1,1,0.029653385396376183,70.60275190124496,0.029653385396376183,1.0,0.14551093588349506
n-hexane/n-hexane_Y5_X5.txt,pt2_pure,n-hexane,n-hexane,n-hexane,n-hexane,1,1,2.323023129859498e-16,5.482509686026897e-13,2.323023129859498e-16,1.0,0.0
Mix 13/mix 13_Y0_X0.txt,pt2_real,Mix 13,n-hexane + pyridine,n-hexane + pyridine,n-hexane + pyridine,2,2,0.25250900820239186,756.3299653832634,0.24250900820239185,0.2115393166699212,7.699572357965268
Mix 13/mix 13_Y0_X1.txt,pt2_real,Mix 13,n-hexane + pyridine,n-hexane + pyridine,n-hexane + pyridine,2,2,0.2466515476476326,738.38225357165,0.2366515476476326,0.2150036140286463,19.126728368106935
Mix 13/mix 13_Y0_X2.txt,pt2_real,Mix 13,n-hexane + pyridine,n-hexane + pyridine,n-hexane + pyridine,2,2,0.24763828083221617,745.2756917627393,0.23763828083221616,0.2126414870205831,10.161154841379288
Mix 13/mix 13_Y0_X3.txt,pt2_real,Mix 13,n-hexane + pyridine,n-hexane + pyridine,n-hexane + pyridine,2,2,0.24309568001298965,731.3747268167182,0.23309568001298964,0.21412776568791167,10.637467220070043
Mix 13/mix 13_Y0_X4.txt,pt2_real,Mix 13,n-hexane + pyridine,n-hexane + pyridine,n-hexane + pyridine,2,2,0.2396717405409791,720.6037623761348,0.22967174054097908,0.21704936149696313,9.642224090116015
Mix 13/mix 13_Y0_X5.txt,pt2_real,Mix 13,n-hexane + pyridine,n-hexane + pyridine,n-hexane + pyridine,2,2,0.2446941906842335,735.7830245826477,0.2346941906842335,0.21177389095076202,9.99008653155605
Mix 13/mix 13_Y1_X0.txt,pt2_real,Mix 13,n-hexane + pyridine,n-hexane + pyridine,n-hexane + pyridine,2,2,0.23999439987819995,721.0148743054247,0.22999439987819995,0.21075943197585673,9.748336816572042
Mix 13/mix 13_Y1_X1.txt,pt2_real,Mix 13,n-hexane + pyridine,n-hexane + pyridine,n-hexane + pyridine,2,2,0.2353306645512691,701.713825834376,0.2253306645512691,0.21210037757159178,13.526620763130893
Mix 13/mix 13_Y1_X2.txt,pt2_real,Mix 13,n-hexane + pyridine,n-hexane + pyridine,n-hexane + pyridine,2,2,0.2368715920355698,707.931924020389,0.22687159203556978,0.21485647394333765,4.576890783750583
Mix 13/mix 13_Y1_X3.txt,pt2_real,Mix 13,n-hexane + pyridine,n-hexane + pyridine,n-hexane + pyridine,2,2,0.23559492001069357,704.6626980621726,0.22559492001069356,0.21273552924866357,11.252505749610922
Mix 13/mix 13_Y1_X4.txt,pt2_real,Mix 13,n-hexane + pyridine,n-hexane + pyridine,n-hexane + pyridine,2,2,0.23456483803253195,699.7726685165097,0.22456483803253194,0.21499664049219872,12.610721238673893
Mix 13/mix 13_Y1_X5.txt,pt2_real,Mix 13,n-hexane + pyridine,n-hexane + pyridine,n-hexane + pyridine,2,2,0.23954002721577475,715.1992479310466,0.22954002721577474,0.21385785529907747,10.10424743261299
Mix 13/mix 13_Y2_X0.txt,pt2_real,Mix 13,n-hexane + pyridine,n-hexane + pyridine,n-hexane + pyridine,2,2,0.23934700051282903,708.8153867864573,0.22934700051282902,0.21516619245131008,11.687621029716322
Mix 13/mix 13_Y2_X1.txt,pt2_real,Mix 13,n-hexane + pyridine,n-hexane + pyridine,n-hexane + pyridine,2,2,0.23451035089141878,691.9903031981371,0.22451035089141877,0.21480863606112569,16.589648505266137
Mix 13/mix 13_Y2_X2.txt,pt2_real,Mix 13,n-hexane + pyridine,n-hexane + pyridine,n-hexane + pyridine,2,2,0.23878435783285712,714.7099785911954,0.2287843578328571,0.21235448465108206,9.780069021285396
Mix 13/mix 13_Y2_X3.txt,pt2_real,Mix 13,n-hexane + pyridine,n-hexane + pyridine,n-hexane + pyridine,2,2,0.23920042026587363,709.5025130770487,0.22920042026587362,0.2173898459409958,5.764270154544977
Mix 13/mix 13_Y2_X4.txt,pt2_real,Mix 13,n-hexane + pyridine,n-hexane + pyridine,n-hexane + pyridine,2,2,0.2422264107259357,719.904290597402,0.2322264107259357,0.2138724793314346,12.540421359077857
Mix 13/mix 13_Y2_X5.txt,pt2_real,Mix 13,n-hexane + pyridine,n-hexane + pyridine,n-hexane + pyridine,2,2,0.24148884196665996,716.1856780602699,0.23148884196665995,0.21554979814612438,13.73627296503289
Mix 13/mix 13_Y3_X0.txt,pt2_real,Mix 13,n-hexane + pyridine,n-hexane + pyridine,n-hexane + pyridine,2,2,0.2442571341096496,728.6566096698759,0.2342571341096496,0.2162400508720273,15.866178034734249
Mix 13/mix 13_Y3_X1.txt,pt2_real,Mix 13,n-hexane + pyridine,n-hexane + pyridine,n-hexane + pyridine,2,2,0.24800786689946624,738.6881560143122,0.23800786689946624,0.21053481525057807,4.705270207893803
Mix 13/mix 13_Y3_X2.txt,pt2_real,Mix 13,n-hexane + pyridine,n-hexane + pyridine,n-hexane + pyridine,2,2,0.24725398054634695,735.3207006246543,0.23725398054634694,0.2112593325277433,9.692420964283361
Mix 13/mix 13_Y3_X3.txt,pt2_real,Mix 13,n-hexane + pyridine,n-hexane + pyridine,n-hexane + pyridine,2,2,0.2531008857924888,750.4698046594107,0.24310088579248879,0.21204318268721287,22.43283601293797
Mix 13/mix 13_Y3_X4.txt,pt2_real,Mix 13,n-hexane + pyridine,n-hexane + pyridine,n-hexane + pyridine,2,2,0.2530018892005687,757.9328302306913,0.2430018892005687,0.2116027025090657,16.658259486557935
Mix 13/mix 13_Y3_X5.txt,pt2_real,Mix 13,n-hexane + pyridine,n-hexane + pyridine,n-hexane + pyridine,2,2,0.25276820882199286,755.0088537639297,0.24276820882199285,0.21544320628476607,15.124844026221306
Mix 13/mix 13_Y4_X0.txt,pt2_real,Mix 13,n-hexane + pyridine,n-hexane + pyridine,n-hexane + pyridine,2,2,0.25944848801172193,778.3581382947234,0.24944848801172195,0.21209863954190902,14.136920815780062
Mix 13/mix 13_Y4_X1.txt,pt2_real,Mix 13,n-hexane + pyridine,n-hexane + pyridine,n-hexane + pyridine,2,2,0.25965136205615635,780.3787298958773,0.24965136205615637,0.21180779289418186,13.670930112613094
Mix 13/mix 13_Y4_X2.txt,pt2_real,Mix 13,n-hexane + pyridine,n-hexane + pyridine,n-hexane + pyridine,2,2,0.2606004991004056,782.5013426015597,0.2506004991004056,0.21411703682284888,12.261205027054167
Mix 13/mix 13_Y4_X3.txt,pt2_real,Mix 13,n-hexane + pyridine,n-hexane + pyridine,n-hexane + pyridine,2,2,0.2616587508598882,788.3785713650277,0.2516587508598882,0.21320837083653912,12.466730613049688
Mix 13/mix 13_Y4_X4.txt,pt2_real,Mix 13,n-hexane + pyridine,n-hexane + pyridine,n-hexane + pyridine,2,2,0.2633520808493137,793.224412355385,0.2533520808493137,0.20994575977436533,14.981867857060148
Mix 13/mix 13_Y4_X5.txt,pt2_real,Mix 13,n-hexane + pyridine,n-hexane + pyridine,n-hexane + pyridine,2,2,0.26716529764558566,801.3283868595196,0.25716529764558566,0.2143262193109644,18.638232314745473
Mix 13/mix 13_Y5_X0.txt,pt2_real,Mix 13,n-hexane + pyridine,n-hexane + pyridine,n-hexane + pyridine,2,2,0.26909133171858,816.1163676478926,0.25909133171858,0.21439016039858763,18.100280965414036
Mix 13/mix 13_Y5_X1.txt,pt2_real,Mix 13,n-hexane + pyridine,n-hexane + pyridine,n-hexane + pyridine,2,2,0.26983160171322423,820.6619996845682,0.2598316017132242,0.21065195815351814,20.176466929861117
Mix 13/mix 13_Y5_X2.txt,pt2_real,Mix 13,n-hexane + pyridine,n-hexane + pyridine,n-hexane + pyridine,2,2,0.2779191085674507,838.316069036466,0.2679191085674507,0.21389167169119946,19.16240590578923
Mix 13/mix 13_Y5_X3.txt,pt2_real,Mix 13,n-hexane + pyridine,n-hexane + pyridine,n-hexane + pyridine,2,2,0.2795546004763339,843.9135624179371,0.2695546004763339,0.21380451358928707,18.337461640293256
Mix 13/mix 13_Y5_X4.txt,pt2_real,Mix 13,n-hexane + pyridine,n-hexane + pyridine,n-hexane + pyridine,2,2,0.28040919983525386,845.8933055649463,0.27040919983525386,0.21107125398180002,20.335709115762025
Mix 13/mix 13_Y5_X5.txt,pt2_real,Mix 13,n-hexane + pyridine,n-hexane + pyridine,n-hexane + pyridine,2,2,0.28441256547773724,862.6403454328266,0.27441256547773724,0.2119539735308857,19.460965172616582
Mix 15/mix 15_Y0_X0.txt,pt2_real,Mix 15,benzene + n-hexane,benzene + n-hexane,benzene + n-hexane,2,2,0.07148666938786788,313.46842074123595,0.061486669387867884,0.48447432466022033,5.835271855345539
Mix 15/mix 15_Y0_X1.txt,pt2_real,Mix 15,benzene + n-hexane,benzene + n-hexane,benzene + n-hexane,2,2,0.07506412478248023,333.32921455833724,0.06506412478248023,0.4834249430329274,0.0
Mix 15/mix 15_Y0_X2.txt,pt2_real,Mix 15,benzene + n-hexane,benzene + n-hexane,benzene + n-hexane,2,2,0.07704475653598804,343.4201138880595,0.06704475653598804,0.4875554052471909,0.0
Mix 15/mix 15_Y0_X3.txt,pt2_real,Mix 15,benzene + n-hexane,benzene + n-hexane,benzene + n-hexane,2,2,0.07856208308864661,351.6421304491319,0.06856208308864661,0.48467610571756253,2.866249786201012
Mix 15/mix 15_Y0_X4.txt,pt2_real,Mix 15,benzene + n-hexane,benzene + n-hexane,benzene + n-hexane,2,2,0.07920967805336979,354.52375728137287,0.06920967805336979,0.4868121289856297,3.806144308312497
Mix 15/mix 15_Y0_X5.txt,pt2_real,Mix 15,benzene + n-hexane,benzene + n-hexane,benzene + n-hexane,2,2,0.0846208747950184,381.0642543291862,0.0746208747950184,0.4836338537261169,0.0
Mix 15/mix 15_Y1_X0.txt,pt2_real,Mix 15,benzene + n-hexane,benzene + n-hexane,benzene + n-hexane,2,2,0.08765486396971144,403.7835176322208,0.07765486396971144,0.48727244765621885,5.0411207614604345
Mix 15/mix 15_Y1_X1.txt,pt2_real,Mix 15,benzene + n-hexane,benzene + n-hexane,benzene + n-hexane,2,2,0.08948301853244056,414.13982050063834,0.07948301853244057,0.4846435504405195,0.9444988551378223
Mix 15/mix 15_Y1_X2.txt,pt2_real,Mix 15,benzene + n-hexane,benzene + n-hexane,benzene + n-hexane,2,2,0.09010075666524907,417.9081324279212,0.08010075666524907,0.48436902751832517,6.564173361107657
Mix 15/mix 15_Y1_X3.txt,pt2_real,Mix 15,benzene + n-hexane,benzene + n-hexane,benzene + n-hexane,2,2,0.09235450319209684,431.3467867828197,0.08235450319209685,0.4837881719526878,0.0
Mix 15/mix 15_Y1_X4.txt,pt2_real,Mix 15,benzene + n-hexane,benzene + n-hexane,benzene + n-hexane,2,2,0.09496157432760502,441.8341100953213,0.08496157432760502,0.4846551512181625,2.5409639746515222
Mix 15/mix 15_Y1_X5.txt,pt2_real,Mix 15,benzene + n-hexane,benzene + n-hexane,benzene + n-hexane,2,2,0.0968176978128341,452.99114508984985,0.0868176978128341,0.48432116875581716,3.1614164705111834
Mix 15/mix 15_Y2_X0.txt,pt2_real,Mix 15,benzene + n-hexane,benzene + n-hexane,benzene + n-hexane,2,2,0.10038394244911142,478.21598423251015,0.09038394244911142,0.4863236376302402,0.0
Mix 15/mix 15_Y2_X1.txt,pt2_real,Mix 15,benzene + n-hexane,benzene + n-hexane,benzene + n-hexane,2,2,0.09913401894706432,468.3049340299553,0.08913401894706433,0.4825950366958048,5.470697551268464
Mix 15/mix 15_Y2_X2.txt,pt2_real,Mix 15,benzene + n-hexane,benzene + n-hexane,benzene + n-hexane,2,2,0.10496404419436715,500.68031212319175,0.09496404419436716,0.48527621230951307,0.12631812451752944
Mix 15/mix 15_Y2_X3.txt,pt2_real,Mix 15,benzene + n-hexane,benzene + n-hexane,benzene + n-hexane,2,2,0.10441685872947536,495.1329215981924,0.09441685872947536,0.4844622482581674,0.0
Mix 15/mix 15_Y2_X4.txt,pt2_real,Mix 15,benzene + n-hexane,benzene + n-hexane,benzene + n-hexane,2,2,0.11281449209251457,538.0407350390185,0.10281449209251457,0.4848259054688321,0.0
Mix 15/mix 15_Y2_X5.txt,pt2_real,Mix 15,benzene + n-hexane,benzene + n-hexane,benzene + n-hexane,2,2,0.1075087577030787,510.46931777578936,0.09750875770307871,0.48343672106444685,0.0
Mix 15/mix 15_Y3_X0.txt,pt2_real,Mix 15,benzene + n-hexane,benzene + n-hexane,benzene + n-hexane,2,2,0.11921273337345396,567.4914837214272,0.10921273337345397,0.4860907884417419,3.7427234936181897
Mix 15/mix 15_Y3_X1.txt,pt2_real,Mix 15,benzene + n-hexane,benzene + n-hexane,benzene + n-hexane,2,2,0.12079922807282881,577.4738051095773,0.11079922807282881,0.4839712877982993,2.2282958551842484
Mix 15/mix 15_Y3_X2.txt,pt2_real,Mix 15,benzene + n-hexane,benzene + n-hexane,benzene + n-hexane,2,2,0.12292499251208532,584.5071001863472,0.11292499251208532,0.4787398308319554,1.8580200653808248
Mix 15/mix 15_Y3_X3.txt,pt2_real,Mix 15,benzene + n-hexane,benzene + n-hexane,benzene + n-hexane,2,2,0.1259188192010579,600.0861368991303,0.11591881920105791,0.4853564049351734,8.596062926350553
Mix 15/mix 15_Y3_X4.txt,pt2_real,Mix 15,benzene + n-hexane,benzene + n-hexane,benzene + n-hexane,2,2,0.12382235831735731,587.4968075665689,0.11382235831735732,0.4808749551799829,0.06142310724683119
Mix 15/mix 15_Y3_X5.txt,pt2_real,Mix 15,benzene + n-hexane,benzene + n-hexane,benzene + n-hexane,2,2,0.12465793209629743,588.8340578536945,0.11465793209629743,0.4852861428460068,9.499259614028874
Mix 15/mix 15_Y4_X0.txt,pt2_real,Mix 15,benzene + n-hexane,benzene + n-hexane,benzene + n-hexane,2,2,0.12864340621568307,600.9956004551157,0.11864340621568306,0.48360811820562477,6.515782671598861
Mix 15/mix 15_Y4_X1.txt,pt2_real,Mix 15,benzene + n-hexane,benzene + n-hexane,benzene + n-hexane,2,2,0.1273065430809679,594.8971053524758,0.11730654308096788,0.47920365311705093,11.017001086469637
Mix 15/mix 15_Y4_X2.txt,pt2_real,Mix 15,benzene + n-hexane,benzene + n-hexane,benzene + n-hexane,2,2,0.1310303503494354,610.8740534556663,0.12103035034943539,0.4841027454231147,3.1219039099477124
Mix 15/mix 15_Y4_X3.txt,pt2_real,Mix 15,benzene + n-hexane,benzene + n-hexane,benzene + n-hexane,2,2,0.12965822989802317,603.8137433832183,0.11965822989802316,0.482459425512759,2.6414047492797565
Mix 15/mix 15_Y4_X4.txt,pt2_real,Mix 15,benzene + n-hexane,benzene + n-hexane,benzene + n-hexane,2,2,0.13170813085601213,612.1503704860163,0.12170813085601213,0.4831541464954129,7.411176123213007
Mix 15/mix 15_Y4_X5.txt,pt2_real,Mix 15,benzene + n-hexane,benzene + n-hexane,benzene + n-hexane,2,2,0.1282198314059196,594.1689849059746,0.11821983140591961,0.4832942603915748,2.544264265752183
Mix 15/mix 15_Y5_X0.txt,pt2_real,Mix 15,benzene + n-hexane,benzene + n-hexane,benzene + n-hexane,2,2,0.13178176632804647,593.9416376727032,0.12178176632804646,0.48152103623735665,8.731620818606462
Mix 15/mix 15_Y5_X1.txt,pt2_real,Mix 15,benzene + n-hexane,benzene + n-hexane,benzene + n-hexane,2,2,0.13059548186518832,590.2897740643168,0.12059548186518833,0.4822118758065834,2.6899375626906736
Mix 15/mix 15_Y5_X2.txt,pt2_real,Mix 15,benzene + n-hexane,benzene + n-hexane,benzene + n-hexane,2,2,0.12892155992859328,581.3443143625357,0.11892155992859328,0.4840404900651996,5.877268535426239
Mix 15/mix 15_Y5_X3.txt,pt2_real,Mix 15,benzene + n-hexane,benzene + n-hexane,benzene + n-hexane,2,2,0.1275741459713338,572.8407677163979,0.11757414597133378,0.4844807925861041,4.306994139040105
Mix 15/mix 15_Y5_X4.txt,pt2_real,Mix 15,benzene + n-hexane,benzene + n-hexane,benzene + n-hexane,2,2,0.1271576306533228,574.0755811212847,0.11715763065332281,0.4816403007816711,7.60683672993864
Mix 15/mix 15_Y5_X5.txt,pt2_real,Mix 15,benzene + n-hexane,benzene + n-hexane,benzene + n-hexane,2,2,0.12774622509458933,572.5074350884107,0.11774622509458932,0.48220934163467527,6.73966189331373
Mix 16/mix 16_Y0_X0.txt,pt2_real,Mix 16,dichloromethane + n-hexane,dichloromethane + dmmp + n-hexane,dichloromethane + dmmp + n-hexane,3,3,0.2794722106038679,1393.6180281257027,0.2594722106038679,0.12034064551649927,0.0
Mix 16/mix 16_Y0_X1.txt,pt2_real,Mix 16,dichloromethane + n-hexane,dichloromethane + dmmp + n-hexane,dichloromethane + dmmp + n-hexane,3,3,0.27503372454763014,1324.5811469868677,0.2550337245476301,0.11784053497687237,0.0
Mix 16/mix 16_Y0_X2.txt,pt2_real,Mix 16,dichloromethane + n-hexane,dichloromethane + dmmp + n-hexane,dichloromethane + dmmp + n-hexane,3,3,0.27862081168747854,1324.2609290467403,0.2586208116874785,0.11655458682716897,0.0
Mix 16/mix 16_Y0_X3.txt,pt2_real,Mix 16,dichloromethane + n-hexane,dichloromethane + dmmp + n-hexane,dichloromethane + dmmp + n-hexane,3,3,0.27570314535099205,1307.5999105849432,0.25570314535099203,0.11653906528837775,0.0
Mix 16/mix 16_Y0_X4.txt,pt2_real,Mix 16,dichloromethane + n-hexane,dichloromethane + dmmp + n-hexane,dichloromethane + dmmp + n-hexane,3,3,0.27290585829883207,1302.2769303983744,0.25290585829883205,0.11391870756293106,0.0
Mix 16/mix 16_Y0_X5.txt,pt2_real,Mix 16,dichloromethane + n-hexane,dichloromethane + dmmp + n-hexane,dichloromethane + dmmp + n-hexane,3,3,0.2729804801836739,1317.267762563212,0.25298048018367386,0.11217460880255785,0.0
Mix 16/mix 16_Y1_X0.txt,pt2_real,Mix 16,dichloromethane + n-hexane,dichloromethane + dmmp + n-hexane,dichloromethane + dmmp + n-hexane,3,3,0.2719792551465053,1317.8748888573598,0.25197925514650527,0.11530162859795913,0.0
Mix 16/mix 16_Y1_X1.txt,pt2_real,Mix 16,dichloromethane + n-hexane,dichloromethane + dmmp + n-hexane,dichloromethane + dmmp + n-hexane,3,3,0.2703569396383591,1311.4874471591281,0.2503569396383591,0.11339695114812177,0.0
Mix 16/mix 16_Y1_X2.txt,pt2_real,Mix 16,dichloromethane + n-hexane,dichloromethane + dmmp + n-hexane,dichloromethane + dmmp + n-hexane,3,3,0.2709921225349973,1310.8513202314016,0.2509921225349973,0.11238355097234007,0.0
Mix 16/mix 16_Y1_X3.txt,pt2_real,Mix 16,dichloromethane + n-hexane,dichloromethane + dmmp + n-hexane,dichloromethane + dmmp + n-hexane,3,3,0.271133599994812,1314.7934204934509,0.251133599994812,0.11434881392058201,0.0
Mix 16/mix 16_Y1_X4.txt,pt2_real,Mix 16,dichloromethane + n-hexane,dichloromethane + dmmp + n-hexane,dichloromethane + dmmp + n-hexane,3,3,0.27148592185733383,1313.6698838079706,0.2514859218573338,0.11516228661728294,0.0
Mix 16/mix 16_Y1_X5.txt,pt2_real,Mix 16,dichloromethane + n-hexane,dichloromethane + dmmp + n-hexane,dichloromethane + dmmp + n-hexane,3,3,0.2666858157691115,1286.406889142133,0.2466858157691115,0.10806911207576263,0.0
Mix 16/mix 16_Y2_X0.txt,pt2_real,Mix 16,dichloromethane + n-hexane,dichloromethane + dmmp + n-hexane,dichloromethane + dmmp + n-hexane,3,3,0.2711505782648825,1300.3116812126314,0.25115057826488246,0.10999888752699243,0.0
Mix 16/mix 16_Y2_X1.txt,pt2_real,Mix 16,dichloromethane + n-hexane,dichloromethane + dmmp + n-hexane,dichloromethane + dmmp + n-hexane,3,3,0.26856976112128617,1283.0773397417045,0.24856976112128615,0.10984787626860221,0.0
Mix 16/mix 16_Y2_X2.txt,pt2_real,Mix 16,dichloromethane + n-hexane,dichloromethane + dmmp + n-hexane,dichloromethane + dmmp + n-hexane,3,3,0.2707546257705817,1304.0422931344795,0.25075462577058166,0.1115432619514166,0.0
Mix 16/mix 16_Y2_X3.txt,pt2_real,Mix 16,dichloromethane + n-hexane,dichloromethane + dmmp + n-hexane,dichloromethane + dmmp + n-hexane,3,3,0.2695442727345041,1293.9561283482572,0.2495442727345041,0.11094176625286233,0.0
Mix 16/mix 16_Y2_X4.txt,pt2_real,Mix 16,dichloromethane + n-hexane,dichloromethane + dmmp + n-hexane,dichloromethane + dmmp + n-hexane,3,3,0.26878218083251615,1295.656235591797,0.24878218083251613,0.11128223386540048,0.0
Mix 16/mix 16_Y2_X5.txt,pt2_real,Mix 16,dichloromethane + n-hexane,dichloromethane + dmmp + n-hexane,dichloromethane + dmmp + n-hexane,3,3,0.27056603490155706,1302.850819437916,0.25056603490155704,0.1113997122758172,0.0
Mix 16/mix 16_Y3_X0.txt,pt2_real,Mix 16,dichloromethane + n-hexane,dichloromethane + dmmp + n-hexane,dichloromethane + dmmp + n-hexane,3,3,0.2700415166065001,1291.3226403889325,0.2500415166065001,0.11170985046193015,0.0
Mix 16/mix 16_Y3_X1.txt,pt2_real,Mix 16,dichloromethane + n-hexane,dichloromethane + dmmp + n-hexane,dichloromethane + dmmp + n-hexane,3,3,0.27272615441119424,1310.164016226452,0.2527261544111942,0.11092926378248268,0.0
Mix 16/mix 16_Y3_X2.txt,pt2_real,Mix 16,dichloromethane + n-hexane,dichloromethane + dmmp + n-hexane,dichloromethane + dmmp + n-hexane,3,3,0.27030087474542214,1292.0875926038505,0.2503008747454221,0.1124799580282499,0.0
Mix 16/mix 16_Y3_X3.txt,pt2_real,Mix 16,dichloromethane + n-hexane,dichloromethane + dmmp + n-hexane,dichloromethane + dmmp + n-hexane,3,3,0.2716106615925534,1299.8356086247613,0.2516106615925534,0.11183148430498996,0.0
Mix 16/mix 16_Y3_X4.txt,pt2_real,Mix 16,dichloromethane + n-hexane,dichloromethane + dmmp + n-hexane,dichloromethane + dmmp + n-hexane,3,3,0.2706641866593661,1293.2137345936874,0.2506641866593661,0.11214226727034797,0.0
Mix 16/mix 16_Y3_X5.txt,pt2_real,Mix 16,dichloromethane + n-hexane,dichloromethane + dmmp + n-hexane,dichloromethane + dmmp + n-hexane,3,3,0.27158256016665355,1296.3209038822172,0.25158256016665353,0.11003207173819833,0.0
Mix 16/mix 16_Y4_X0.txt,pt2_real,Mix 16,dichloromethane + n-hexane,dichloromethane + dmmp + n-hexane,dichloromethane + dmmp + n-hexane,3,3,0.27116854189594924,1288.6713306300085,0.2511685418959492,0.11137535197252792,0.0
Mix 16/mix 16_Y4_X1.txt,pt2_real,Mix 16,dichloromethane + n-hexane,dichloromethane + dmmp + n-hexane,dichloromethane + dmmp + n-hexane,3,3,0.2712078248024551,1294.5097423654333,0.25120782480245507,0.11429895828389376,0.0
Mix 16/mix 16_Y4_X2.txt,pt2_real,Mix 16,dichloromethane + n-hexane,dichloromethane + dmmp + n-hexane,dichloromethane + dmmp + n-hexane,3,3,0.27359675374141734,1309.5217891583288,0.2535967537414173,0.11152227345067285,0.0
Mix 16/mix 16_Y4_X3.txt,pt2_real,Mix 16,dichloromethane + n-hexane,dichloromethane + dmmp + n-hexane,dichloromethane + dmmp + n-hexane,3,3,0.27411389431413125,1316.6759533891016,0.25411389431413123,0.1160566719250203,0.0
Mix 16/mix 16_Y4_X4.txt,pt2_real,Mix 16,dichloromethane + n-hexane,dichloromethane + dmmp + n-hexane,dichloromethane + dmmp + n-hexane,3,3,0.27316377850280504,1314.4373542166813,0.253163778502805,0.11337961745387329,0.0
Mix 16/mix 16_Y4_X5.txt,pt2_real,Mix 16,dichloromethane + n-hexane,dichloromethane + dmmp + n-hexane,dichloromethane + dmmp + n-hexane,3,3,0.27413446896270016,1318.2928004141852,0.25413446896270014,0.11669353106109434,0.0
Mix 16/mix 16_Y5_X0.txt,pt2_real,Mix 16,dichloromethane + n-hexane,dichloromethane + dmmp + n-hexane,dichloromethane + dmmp + n-hexane,3,3,0.2773287468891745,1314.674560734917,0.2573287468891745,0.11741176100624395,0.0
Mix 16/mix 16_Y5_X1.txt,pt2_real,Mix 16,dichloromethane + n-hexane,dichloromethane + dmmp + n-hexane,dichloromethane + dmmp + n-hexane,3,3,0.27841581304415974,1324.107228580574,0.2584158130441597,0.1197061119457106,0.0
Mix 16/mix 16_Y5_X2.txt,pt2_real,Mix 16,dichloromethane + n-hexane,dichloromethane + dmmp + n-hexane,dichloromethane + dmmp + n-hexane,3,3,0.2776748074274154,1318.3299064744572,0.2576748074274154,0.11990660987228628,0.0
Mix 16/mix 16_Y5_X3.txt,pt2_real,Mix 16,dichloromethane + n-hexane,dichloromethane + dmmp + n-hexane,dichloromethane + dmmp + n-hexane,3,3,0.27916114185461804,1332.7715759374403,0.259161141854618,0.11876735196639356,0.0
Mix 16/mix 16_Y5_X4.txt,pt2_real,Mix 16,dichloromethane + n-hexane,dichloromethane + dmmp + n-hexane,dichloromethane + dmmp + n-hexane,3,3,0.2786725170424119,1326.644106703687,0.2586725170424119,0.12028128954020394,0.0
Mix 16/mix 16_Y5_X5.txt,pt2_real,Mix 16,dichloromethane + n-hexane,dichloromethane + dmmp + n-hexane,dichloromethane + dmmp + n-hexane,3,3,0.27759707155162744,1321.9718659175185,0.2575970715516274,0.11968507621870383,0.0
Mix 17/mix 17_Y0_X0.txt,pt2_real,Mix 17,diethylamine + pyridine,diethylamine + pyridine,diethylamine + pyridine,2,2,0.3155390632871165,976.1809795648045,0.3055390632871165,0.44871767922818767,4.749514174398293
Mix 17/mix 17_Y0_X1.txt,pt2_real,Mix 17,diethylamine + pyridine,diethylamine + pyridine,diethylamine + pyridine,2,2,0.3003673935487885,927.5680477959457,0.2903673935487885,0.43134978176762356,0.0
Mix 17/mix 17_Y0_X2.txt,pt2_real,Mix 17,diethylamine + pyridine,diethylamine + pyridine,diethylamine + pyridine,2,2,0.30125076582481763,928.0680874151275,0.2912507658248176,0.461506506963907,0.0
Mix 17/mix 17_Y0_X3.txt,pt2_real,Mix 17,diethylamine + pyridine,diethylamine + pyridine,diethylamine + pyridine,2,2,0.30108969005831615,941.844835758909,0.29108969005831614,0.45520259576789507,35.29907372651851
Mix 17/mix 17_Y0_X4.txt,pt2_real,Mix 17,diethylamine + pyridine,diethylamine + pyridine,diethylamine + pyridine,2,2,0.29988291542544787,924.0717763649062,0.28988291542544786,0.4535176032869134,0.0
Mix 17/mix 17_Y0_X5.txt,pt2_real,Mix 17,diethylamine + pyridine,diethylamine + pyridine,diethylamine + pyridine,2,2,0.300925546820754,919.0213719495855,0.290925546820754,0.4599409168029756,0.4620595068827581
Mix 17/mix 17_Y1_X0.txt,pt2_real,Mix 17,diethylamine + pyridine,diethylamine + pyridine,diethylamine + pyridine,2,2,0.2966059223011663,915.3215183260455,0.28660592230116627,0.45083503876968894,34.59970670283054
Mix 17/mix 17_Y1_X1.txt,pt2_real,Mix 17,diethylamine + pyridine,diethylamine + pyridine,diethylamine + pyridine,2,2,0.29836265274713636,924.640575773912,0.28836265274713635,0.4418105723361331,41.33653509001206
Mix 17/mix 17_Y1_X2.txt,pt2_real,Mix 17,diethylamine + pyridine,diethylamine + pyridine,diethylamine + pyridine,2,2,0.29491875033262416,903.6505359969683,0.28491875033262415,0.4637795500569131,0.0
Mix 17/mix 17_Y1_X3.txt,pt2_real,Mix 17,diethylamine + pyridine,diethylamine + pyridine,diethylamine + pyridine,2,2,0.29143901491284585,890.5518078218779,0.28143901491284584,0.43884620277307596,0.0
Mix 17/mix 17_Y1_X4.txt,pt2_real,Mix 17,diethylamine + pyridine,diethylamine + pyridine,diethylamine + pyridine,2,2,0.28480739485112627,874.9622441068025,0.27480739485112626,0.4644790212642093,0.0
Mix 17/mix 17_Y1_X5.txt,pt2_real,Mix 17,diethylamine + pyridine,diethylamine + pyridine,diethylamine + pyridine,2,2,0.28917672994187876,886.0681134304458,0.27917672994187875,0.4501155965944408,57.83699402864893
Mix 17/mix 17_Y2_X0.txt,pt2_real,Mix 17,diethylamine + pyridine,diethylamine + pyridine,diethylamine + pyridine,2,2,0.2882686330830999,883.2416926931252,0.2782686330830999,0.460589747816303,32.730953070820796
Mix 17/mix 17_Y2_X1.txt,pt2_real,Mix 17,diethylamine + pyridine,diethylamine + pyridine,diethylamine + pyridine,2,2,0.28201614591109553,867.335497931288,0.2720161459110955,0.45519624664109265,0.0
Mix 17/mix 17_Y2_X2.txt,pt2_real,Mix 17,diethylamine + pyridine,diethylamine + pyridine,diethylamine + pyridine,2,2,0.28090758695338136,860.8720021019866,0.27090758695338135,0.4473247500213596,0.0
Mix 17/mix 17_Y2_X3.txt,pt2_real,Mix 17,diethylamine + pyridine,diethylamine + pyridine,diethylamine + pyridine,2,2,0.2805326982994337,863.3493540642214,0.2705326982994337,0.44906617888755795,5.91775112583736
Mix 17/mix 17_Y2_X4.txt,pt2_real,Mix 17,diethylamine + pyridine,diethylamine + pyridine,diethylamine + pyridine,2,2,0.28719160461565724,885.0840182067657,0.2771916046156572,0.459006076982992,0.0
Mix 17/mix 17_Y2_X5.txt,pt2_real,Mix 17,diethylamine + pyridine,diethylamine + pyridine,diethylamine + pyridine,2,2,0.28622053301681627,889.7763907081738,0.27622053301681626,0.45725230171761116,5.718276199541836
Mix 17/mix 17_Y3_X0.txt,pt2_real,Mix 17,diethylamine + pyridine,diethylamine + pyridine,diethylamine + pyridine,2,2,0.2772160305370714,846.6799256827612,0.2672160305370714,0.4506466450505747,0.0
Mix 17/mix 17_Y3_X1.txt,pt2_real,Mix 17,diethylamine + pyridine,diethylamine + pyridine,diethylamine + pyridine,2,2,0.277929336249333,846.030082072791,0.267929336249333,0.44159246566270477,0.0
Mix 17/mix 17_Y3_X2.txt,pt2_real,Mix 17,diethylamine + pyridine,diethylamine + pyridine,diethylamine + pyridine,2,2,0.279432464463156,863.2859278208576,0.269432464463156,0.4452233993533738,0.0
Mix 17/mix 17_Y3_X3.txt,pt2_real,Mix 17,diethylamine + pyridine,diethylamine + pyridine,diethylamine + pyridine,2,2,0.27385640524851423,856.6975253712259,0.2638564052485142,0.4561994752828511,16.854203706891013
Mix 17/mix 17_Y3_X4.txt,pt2_real,Mix 17,diethylamine + pyridine,diethylamine + pyridine,diethylamine + pyridine,2,2,0.27919832922097976,862.6822240650162,0.26919832922097975,0.45760437400184184,0.0
Mix 17/mix 17_Y3_X5.txt,pt2_real,Mix 17,diethylamine + pyridine,diethylamine + pyridine,diethylamine + pyridine,2,2,0.2770403800814271,862.3213607114732,0.2670403800814271,0.4495913430472313,0.0
Mix 17/mix 17_Y4_X0.txt,pt2_real,Mix 17,diethylamine + pyridine,diethylamine + pyridine,diethylamine + pyridine,2,2,0.2825368978992453,860.5921699498225,0.2725368978992453,0.45111759196755735,5.207038076566835
Mix 17/mix 17_Y4_X1.txt,pt2_real,Mix 17,diethylamine + pyridine,diethylamine + pyridine,diethylamine + pyridine,2,2,0.27990222773139495,852.0791191776751,0.26990222773139494,0.44833946736084734,0.0
Mix 17/mix 17_Y4_X2.txt,pt2_real,Mix 17,diethylamine + pyridine,diethylamine + pyridine,diethylamine + pyridine,2,2,0.2717378245598861,832.8643722689554,0.2617378245598861,0.44742850689941194,0.0
Mix 17/mix 17_Y4_X3.txt,pt2_real,Mix 17,diethylamine + pyridine,diethylamine + pyridine,diethylamine + pyridine,2,2,0.27014513738295004,831.0668313793138,0.26014513738295003,0.4426476790608922,0.0
Mix 17/mix 17_Y4_X4.txt,pt2_real,Mix 17,diethylamine + pyridine,diethylamine + pyridine,diethylamine + pyridine,2,2,0.2693779195446368,833.0155067406233,0.2593779195446368,0.439622288150118,0.0
Mix 17/mix 17_Y4_X5.txt,pt2_real,Mix 17,diethylamine + pyridine,diethylamine + pyridine,diethylamine + pyridine,2,2,0.2639975374472492,811.43822602786,0.2539975374472492,0.43968527143517244,41.97308478956146
Mix 17/mix 17_Y5_X0.txt,pt2_real,Mix 17,diethylamine + pyridine,diethylamine + pyridine,diethylamine + pyridine,2,2,0.2683907085961199,813.2625485008724,0.2583907085961199,0.44549241269263024,0.0
Mix 17/mix 17_Y5_X1.txt,pt2_real,Mix 17,diethylamine + pyridine,diethylamine + pyridine,diethylamine + pyridine,2,2,0.2634247124397455,802.9419153995022,0.2534247124397455,0.4421685713496988,5.712610777756398
Mix 17/mix 17_Y5_X2.txt,pt2_real,Mix 17,diethylamine + pyridine,diethylamine + pyridine,diethylamine + pyridine,2,2,0.26821396989065116,816.427021045898,0.25821396989065115,0.4375269071356609,0.0
Mix 17/mix 17_Y5_X3.txt,pt2_real,Mix 17,diethylamine + pyridine,diethylamine + pyridine,diethylamine + pyridine,2,2,0.26262998384996744,811.6082381915126,0.25262998384996743,0.45227323977388534,1.7120901460528157
Mix 17/mix 17_Y5_X4.txt,pt2_real,Mix 17,diethylamine + pyridine,diethylamine + pyridine,diethylamine + pyridine,2,2,0.26062337983434875,802.9480455414651,0.25062337983434874,0.44780381466265007,0.0
Mix 17/mix 17_Y5_X5.txt,pt2_real,Mix 17,diethylamine + pyridine,diethylamine + pyridine,diethylamine + pyridine,2,2,0.2678934605920767,829.0737381468152,0.2578934605920767,0.43000628422049253,0.0
Mix 18/mix 18_Y0_X0.txt,pt2_real,Mix 18,6-mercapto-1-hexanol + dichloromethane,6-mercapto-1-hexanol + dichloromethane,6-mercapto-1-hexanol + dichloromethane,2,2,0.09267058915142005,231.72741217220988,0.08267058915142006,0.3082028767012373,0.0
Mix 18/mix 18_Y0_X1.txt,pt2_real,Mix 18,6-mercapto-1-hexanol + dichloromethane,6-mercapto-1-hexanol + dichloromethane,6-mercapto-1-hexanol + dichloromethane,2,2,0.09679394222912846,242.1761799338473,0.08679394222912847,0.30749857747170956,0.0
Mix 18/mix 18_Y0_X2.txt,pt2_real,Mix 18,6-mercapto-1-hexanol + dichloromethane,6-mercapto-1-hexanol + dichloromethane,6-mercapto-1-hexanol + dichloromethane,2,2,0.09229685082157092,230.02507921756998,0.08229685082157093,0.308202395986236,0.0
Mix 18/mix 18_Y0_X3.txt,pt2_real,Mix 18,6-mercapto-1-hexanol + dichloromethane,6-mercapto-1-hexanol + dichloromethane,6-mercapto-1-hexanol + dichloromethane,2,2,0.09609289840259444,238.49857029259138,0.08609289840259444,0.3083529177366156,0.0
Mix 18/mix 18_Y0_X4.txt,pt2_real,Mix 18,6-mercapto-1-hexanol + dichloromethane,6-mercapto-1-hexanol + dichloromethane,6-mercapto-1-hexanol + dichloromethane,2,2,0.09190384496925594,224.9382313626427,0.08190384496925594,0.3060182332788066,0.0
Mix 18/mix 18_Y0_X5.txt,pt2_real,Mix 18,6-mercapto-1-hexanol + dichloromethane,6-mercapto-1-hexanol + dichloromethane,6-mercapto-1-hexanol + dichloromethane,2,2,0.09785551849666768,240.40597258956177,0.08785551849666769,0.3120130696372458,0.0
Mix 18/mix 18_Y1_X0.txt,pt2_real,Mix 18,6-mercapto-1-hexanol + dichloromethane,6-mercapto-1-hexanol + dichloromethane,6-mercapto-1-hexanol + dichloromethane,2,2,0.09074869504002234,226.33162106419607,0.08074869504002234,0.30538476605775255,0.0
Mix 18/mix 18_Y1_X1.txt,pt2_real,Mix 18,6-mercapto-1-hexanol + dichloromethane,6-mercapto-1-hexanol + dichloromethane,6-mercapto-1-hexanol + dichloromethane,2,2,0.09217821684294392,228.73704895317417,0.08217821684294392,0.3077496541434267,0.0
Mix 18/mix 18_Y1_X2.txt,pt2_real,Mix 18,6-mercapto-1-hexanol + dichloromethane,6-mercapto-1-hexanol + dichloromethane,6-mercapto-1-hexanol + dichloromethane,2,2,0.09339173873570951,232.1009162703808,0.08339173873570951,0.30844193208648324,0.0
Mix 18/mix 18_Y1_X3.txt,pt2_real,Mix 18,6-mercapto-1-hexanol + dichloromethane,6-mercapto-1-hexanol + dichloromethane,6-mercapto-1-hexanol + dichloromethane,2,2,0.09674348464385718,239.58604444785703,0.08674348464385719,0.3071293133952082,0.0
Mix 18/mix 18_Y1_X4.txt,pt2_real,Mix 18,6-mercapto-1-hexanol + dichloromethane,6-mercapto-1-hexanol + dichloromethane,6-mercapto-1-hexanol + dichloromethane,2,2,0.10093431122273695,250.97803409732572,0.09093431122273696,0.30771567381105586,0.0
Mix 18/mix 18_Y1_X5.txt,pt2_real,Mix 18,6-mercapto-1-hexanol + dichloromethane,6-mercapto-1-hexanol + dichloromethane,6-mercapto-1-hexanol + dichloromethane,2,2,0.10291327503248274,256.32140914415106,0.09291327503248274,0.30621159073731713,0.0
Mix 18/mix 18_Y2_X0.txt,pt2_real,Mix 18,6-mercapto-1-hexanol + dichloromethane,6-mercapto-1-hexanol + dichloromethane,6-mercapto-1-hexanol + dichloromethane,2,2,0.10116785081154998,255.19285615340345,0.09116785081154999,0.3078417084386774,0.0
Mix 18/mix 18_Y2_X1.txt,pt2_real,Mix 18,6-mercapto-1-hexanol + dichloromethane,6-mercapto-1-hexanol + dichloromethane,6-mercapto-1-hexanol + dichloromethane,2,2,0.09991851554408206,251.2497602267958,0.08991851554408206,0.3077022961464714,0.0
Mix 18/mix 18_Y2_X2.txt,pt2_real,Mix 18,6-mercapto-1-hexanol + dichloromethane,6-mercapto-1-hexanol + dichloromethane,6-mercapto-1-hexanol + dichloromethane,2,2,0.09555482916629533,238.120812541618,0.08555482916629534,0.3043665556258728,0.0
Mix 18/mix 18_Y2_X3.txt,pt2_real,Mix 18,6-mercapto-1-hexanol + dichloromethane,6-mercapto-1-hexanol + dichloromethane,6-mercapto-1-hexanol + dichloromethane,2,2,0.09921357039277469,247.64001524416122,0.0892135703927747,0.3093951780253213,0.0
Mix 18/mix 18_Y2_X4.txt,pt2_real,Mix 18,6-mercapto-1-hexanol + dichloromethane,6-mercapto-1-hexanol + dichloromethane,6-mercapto-1-hexanol + dichloromethane,2,2,0.09922417839775187,246.81682114507686,0.08922417839775187,0.30807805148947276,0.0
Mix 18/mix 18_Y2_X5.txt,pt2_real,Mix 18,6-mercapto-1-hexanol + dichloromethane,6-mercapto-1-hexanol + dichloromethane,6-mercapto-1-hexanol + dichloromethane,2,2,0.09532336993275121,235.1847562003079,0.08532336993275122,0.3061276852378519,0.0
Mix 18/mix 18_Y3_X0.txt,pt2_real,Mix 18,6-mercapto-1-hexanol + dichloromethane,6-mercapto-1-hexanol + dichloromethane,6-mercapto-1-hexanol + dichloromethane,2,2,0.09808037737710046,245.0381559805342,0.08808037737710046,0.30435848337068455,0.0
Mix 18/mix 18_Y3_X1.txt,pt2_real,Mix 18,6-mercapto-1-hexanol + dichloromethane,6-mercapto-1-hexanol + dichloromethane,6-mercapto-1-hexanol + dichloromethane,2,2,0.09536445792212897,238.90494455076663,0.08536445792212898,0.3053907320768241,0.0
Mix 18/mix 18_Y3_X2.txt,pt2_real,Mix 18,6-mercapto-1-hexanol + dichloromethane,6-mercapto-1-hexanol + dichloromethane,6-mercapto-1-hexanol + dichloromethane,2,2,0.0943036370471648,233.89879178925224,0.0843036370471648,0.30535226805957544,0.0
Mix 18/mix 18_Y3_X3.txt,pt2_real,Mix 18,6-mercapto-1-hexanol + dichloromethane,6-mercapto-1-hexanol + dichloromethane,6-mercapto-1-hexanol + dichloromethane,2,2,0.09597208938513414,237.17531465576732,0.08597208938513415,0.30833043668783994,0.0
Mix 18/mix 18_Y3_X4.txt,pt2_real,Mix 18,6-mercapto-1-hexanol + dichloromethane,6-mercapto-1-hexanol + dichloromethane,6-mercapto-1-hexanol + dichloromethane,2,2,0.10019795536336357,250.21986919338374,0.09019795536336357,0.30873369075489154,0.0
Mix 18/mix 18_Y3_X5.txt,pt2_real,Mix 18,6-mercapto-1-hexanol + dichloromethane,6-mercapto-1-hexanol + dichloromethane,6-mercapto-1-hexanol + dichloromethane,2,2,0.09997418357330937,250.71087588523878,0.08997418357330937,0.3069582476581187,0.0
Mix 18/mix 18_Y4_X0.txt,pt2_real,Mix 18,6-mercapto-1-hexanol + dichloromethane,6-mercapto-1-hexanol + dichloromethane,6-mercapto-1-hexanol + dichloromethane,2,2,0.09707876169988568,240.9155080467372,0.08707876169988568,0.30676646218764997,0.0
Mix 18/mix 18_Y4_X1.txt,pt2_real,Mix 18,6-mercapto-1-hexanol + dichloromethane,6-mercapto-1-hexanol + dichloromethane,6-mercapto-1-hexanol + dichloromethane,2,2,0.09776786979252663,245.07045038834136,0.08776786979252664,0.3089807144323154,0.0
Mix 18/mix 18_Y4_X2.txt,pt2_real,Mix 18,6-mercapto-1-hexanol + dichloromethane,6-mercapto-1-hexanol + dichloromethane,6-mercapto-1-hexanol + dichloromethane,2,2,0.09107994645421173,226.2396851333366,0.08107994645421174,0.30683405536217884,0.0
Mix 18/mix 18_Y4_X3.txt,pt2_real,Mix 18,6-mercapto-1-hexanol + dichloromethane,6-mercapto-1-hexanol + dichloromethane,6-mercapto-1-hexanol + dichloromethane,2,2,0.09788316059381434,243.3326766042546,0.08788316059381435,0.30736180321281725,0.0
Mix 18/mix 18_Y4_X4.txt,pt2_real,Mix 18,6-mercapto-1-hexanol + dichloromethane,6-mercapto-1-hexanol + dichloromethane,6-mercapto-1-hexanol + dichloromethane,2,2,0.09325349740687223,231.02798128353518,0.08325349740687224,0.30918190543013496,0.0
Mix 18/mix 18_Y4_X5.txt,pt2_real,Mix 18,6-mercapto-1-hexanol + dichloromethane,6-mercapto-1-hexanol + dichloromethane,6-mercapto-1-hexanol + dichloromethane,2,2,0.08952043540025253,222.1111513912173,0.07952043540025254,0.30822454206728006,0.0
Mix 18/mix 18_Y5_X0.txt,pt2_real,Mix 18,6-mercapto-1-hexanol + dichloromethane,6-mercapto-1-hexanol + dichloromethane,6-mercapto-1-hexanol + dichloromethane,2,2,0.09279987650768376,229.364097626161,0.08279987650768376,0.30689116155038415,0.0
Mix 18/mix 18_Y5_X1.txt,pt2_real,Mix 18,6-mercapto-1-hexanol + dichloromethane,6-mercapto-1-hexanol + dichloromethane,6-mercapto-1-hexanol + dichloromethane,2,2,0.08998036992467115,220.20415851820536,0.07998036992467115,0.3086626798758226,0.0
Mix 18/mix 18_Y5_X2.txt,pt2_real,Mix 18,6-mercapto-1-hexanol + dichloromethane,6-mercapto-1-hexanol + dichloromethane,6-mercapto-1-hexanol + dichloromethane,2,2,0.08479938463403969,206.6737981813637,0.07479938463403969,0.3070520511624229,0.0
Mix 18/mix 18_Y5_X3.txt,pt2_real,Mix 18,6-mercapto-1-hexanol + dichloromethane,6-mercapto-1-hexanol + dichloromethane,6-mercapto-1-hexanol + dichloromethane,2,2,0.09012193118650152,221.96989461951236,0.08012193118650153,0.3066589796016531,0.0
Mix 18/mix 18_Y5_X4.txt,pt2_real,Mix 18,6-mercapto-1-hexanol + dichloromethane,6-mercapto-1-hexanol + dichloromethane,6-mercapto-1-hexanol + dichloromethane,2,2,0.08432511359713564,206.50006659438586,0.07432511359713564,0.309151483597401,0.0
Mix 18/mix 18_Y5_X5.txt,pt2_real,Mix 18,6-mercapto-1-hexanol + dichloromethane,6-mercapto-1-hexanol + dichloromethane,6-mercapto-1-hexanol + dichloromethane,2,2,0.0838808223823805,205.32206281883333,0.0738808223823805,0.3056543217867727,0.0
Mix 19/mix 19_Y0_X0.txt,pt2_real,Mix 19,benzene + pyridine,benzene + pyridine,benzene + pyridine,2,2,0.1875356924248453,2033.6948501056213,0.1775356924248453,0.2361825515105564,0.0
Mix 19/mix 19_Y0_X1.txt,pt2_real,Mix 19,benzene + pyridine,benzene + pyridine,benzene + pyridine,2,2,0.18821950523176864,2032.7615713771265,0.17821950523176863,0.23479839828242158,0.0
Mix 19/mix 19_Y0_X2.txt,pt2_real,Mix 19,benzene + pyridine,benzene + pyridine,benzene + pyridine,2,2,0.1879375334408403,2035.108576624206,0.1779375334408403,0.23555150678061446,0.0
Mix 19/mix 19_Y0_X3.txt,pt2_real,Mix 19,benzene + pyridine,benzene + pyridine,benzene + pyridine,2,2,0.18935273469837013,2050.921149534303,0.17935273469837013,0.2369575761911815,0.0
Mix 19/mix 19_Y0_X4.txt,pt2_real,Mix 19,benzene + pyridine,benzene + pyridine,benzene + pyridine,2,2,0.18796623652428981,2036.9551946635402,0.1779662365242898,0.23518335318917313,0.0
Mix 19/mix 19_Y0_X5.txt,pt2_real,Mix 19,benzene + pyridine,benzene + pyridine,benzene + pyridine,2,2,0.18892071411615644,2050.653878844298,0.17892071411615643,0.23534446923406674,0.0
Mix 19/mix 19_Y1_X0.txt,pt2_real,Mix 19,benzene + pyridine,benzene + pyridine,benzene + pyridine,2,2,0.1902026823855379,2058.4079310393367,0.18020268238553788,0.2358020105807934,0.0
Mix 19/mix 19_Y1_X1.txt,pt2_real,Mix 19,benzene + pyridine,benzene + pyridine,benzene + pyridine,2,2,0.19214062850408892,2078.474909374327,0.1821406285040889,0.23485579054193284,0.0
Mix 19/mix 19_Y1_X2.txt,pt2_real,Mix 19,benzene + pyridine,benzene + pyridine,benzene + pyridine,2,2,0.19001262129176527,2053.140443279651,0.18001262129176526,0.23635098365495585,0.0
Mix 19/mix 19_Y1_X3.txt,pt2_real,Mix 19,benzene + pyridine,benzene + pyridine,benzene + pyridine,2,2,0.18979489951096723,2046.8348986695646,0.17979489951096722,0.23561859563707876,0.0
Mix 19/mix 19_Y1_X4.txt,pt2_real,Mix 19,benzene + pyridine,benzene + pyridine,benzene + pyridine,2,2,0.18928506713118312,2049.8732952406544,0.1792850671311831,0.23530702678133145,0.0
Mix 19/mix 19_Y1_X5.txt,pt2_real,Mix 19,benzene + pyridine,benzene + pyridine,benzene + pyridine,2,2,0.18933328878609126,2051.6733162124256,0.17933328878609126,0.23766201169558046,0.0
Mix 19/mix 19_Y2_X0.txt,pt2_real,Mix 19,benzene + pyridine,benzene + pyridine,benzene + pyridine,2,2,0.18720959933041056,2037.9698675139925,0.17720959933041056,0.23852971434927348,0.0
Mix 19/mix 19_Y2_X1.txt,pt2_real,Mix 19,benzene + pyridine,benzene + pyridine,benzene + pyridine,2,2,0.18547013561924708,2009.4358386360086,0.17547013561924707,0.23767718329962167,0.0
Mix 19/mix 19_Y2_X2.txt,pt2_real,Mix 19,benzene + pyridine,benzene + pyridine,benzene + pyridine,2,2,0.1873192505847256,2022.7871780464736,0.17731925058472559,0.23726732328191294,0.0
Mix 19/mix 19_Y2_X3.txt,pt2_real,Mix 19,benzene + pyridine,benzene + pyridine,benzene + pyridine,2,2,0.18704885417184242,2020.6198088500105,0.1770488541718424,0.23519126719807582,0.0
Mix 19/mix 19_Y2_X4.txt,pt2_real,Mix 19,benzene + pyridine,benzene + pyridine,benzene + pyridine,2,2,0.18657799432862948,2015.758053206931,0.17657799432862947,0.2357958994031324,0.0
Mix 19/mix 19_Y2_X5.txt,pt2_real,Mix 19,benzene + pyridine,benzene + pyridine,benzene + pyridine,2,2,0.18433334538511592,2000.6488884159157,0.1743333453851159,0.23605918146696703,0.0
Mix 19/mix 19_Y3_X0.txt,pt2_real,Mix 19,benzene + pyridine,benzene + pyridine,benzene + pyridine,2,2,0.18481669222494843,2012.534878194605,0.17481669222494842,0.23850747185606672,0.0
Mix 19/mix 19_Y3_X1.txt,pt2_real,Mix 19,benzene + pyridine,benzene + pyridine,benzene + pyridine,2,2,0.18519717697706461,2014.049919553549,0.1751971769770646,0.23531465133664353,0.0
Mix 19/mix 19_Y3_X2.txt,pt2_real,Mix 19,benzene + pyridine,benzene + pyridine,benzene + pyridine,2,2,0.18580785691554805,2017.7528936315714,0.17580785691554804,0.23673045657475578,0.0
Mix 19/mix 19_Y3_X3.txt,pt2_real,Mix 19,benzene + pyridine,benzene + pyridine,benzene + pyridine,2,2,0.18146816117274958,1951.315504160904,0.17146816117274957,0.2373384232513985,0.0
Mix 19/mix 19_Y3_X4.txt,pt2_real,Mix 19,benzene + pyridine,benzene + pyridine,benzene + pyridine,2,2,0.18078052868899783,1954.4333988406881,0.17078052868899782,0.2375252892759508,0.0
Mix 19/mix 19_Y3_X5.txt,pt2_real,Mix 19,benzene + pyridine,benzene + pyridine,benzene + pyridine,2,2,0.18066276984693647,1951.3799588485595,0.17066276984693646,0.23704851837357274,0.0
Mix 19/mix 19_Y4_X0.txt,pt2_real,Mix 19,benzene + pyridine,benzene + pyridine,benzene + pyridine,2,2,0.17913349489868388,1953.5962742049956,0.16913349489868387,0.23798052751089238,0.0
Mix 19/mix 19_Y4_X1.txt,pt2_real,Mix 19,benzene + pyridine,benzene + pyridine,benzene + pyridine,2,2,0.17941869826237197,1951.3133717325645,0.16941869826237196,0.23594290665164333,0.0
Mix 19/mix 19_Y4_X2.txt,pt2_real,Mix 19,benzene + pyridine,benzene + pyridine,benzene + pyridine,2,2,0.1816823483761951,1968.9481056362026,0.1716823483761951,0.23648911462498712,0.0
Mix 19/mix 19_Y4_X3.txt,pt2_real,Mix 19,benzene + pyridine,benzene + pyridine,benzene + pyridine,2,2,0.18047512680578226,1941.6637306043187,0.17047512680578225,0.23750180213270508,0.0
Mix 19/mix 19_Y4_X4.txt,pt2_real,Mix 19,benzene + pyridine,benzene + pyridine,benzene + pyridine,2,2,0.17698029065738158,1908.6589739291628,0.16698029065738157,0.23671192908178204,0.0
Mix 19/mix 19_Y4_X5.txt,pt2_real,Mix 19,benzene + pyridine,benzene + pyridine,benzene + pyridine,2,2,0.17800430244147153,1920.4850411490065,0.16800430244147152,0.23448007695243533,0.0
Mix 19/mix 19_Y5_X0.txt,pt2_real,Mix 19,benzene + pyridine,benzene + pyridine,benzene + pyridine,2,2,0.17507709900638274,1907.7473834292273,0.16507709900638273,0.23645439649137964,0.0
Mix 19/mix 19_Y5_X1.txt,pt2_real,Mix 19,benzene + pyridine,benzene + pyridine,benzene + pyridine,2,2,0.17388386074355514,1894.7108672169597,0.16388386074355513,0.23621007387988827,0.0
Mix 19/mix 19_Y5_X2.txt,pt2_real,Mix 19,benzene + pyridine,benzene + pyridine,benzene + pyridine,2,2,0.17488422110376112,1885.154328276196,0.1648842211037611,0.23530704704412664,0.0
Mix 19/mix 19_Y5_X3.txt,pt2_real,Mix 19,benzene + pyridine,benzene + pyridine,benzene + pyridine,2,2,0.17281379827157078,1857.9278583737225,0.16281379827157078,0.23850648374367558,0.0
Mix 19/mix 19_Y5_X4.txt,pt2_real,Mix 19,benzene + pyridine,benzene + pyridine,benzene + pyridine,2,2,0.16970889138199083,1822.183166706385,0.15970889138199082,0.23848252610085663,0.0
Mix 19/mix 19_Y5_X5.txt,pt2_real,Mix 19,benzene + pyridine,benzene + pyridine,benzene + pyridine,2,2,0.16863151674299282,1819.4346145290622,0.1586315167429928,0.23882049854582163,0.0
Mix 20/mix 20_Y0_X0.txt,pt2_real,Mix 20,benzene + toluene,benzene + toluene,benzene + toluene,2,2,0.07024282287003682,448.07458488263933,0.06024282287003682,0.37918971937177687,0.0
Mix 20/mix 20_Y0_X1.txt,pt2_real,Mix 20,benzene + toluene,benzene + toluene,benzene + toluene,2,2,0.06670656238511069,368.4898380053627,0.05670656238511069,0.37915700263541835,8.057763845278506
Mix 20/mix 20_Y0_X2.txt,pt2_real,Mix 20,benzene + toluene,benzene + toluene,benzene + toluene,2,2,0.07000249283412203,423.9194210719253,0.06000249283412203,0.3790608507870586,0.0
Mix 20/mix 20_Y0_X3.txt,pt2_real,Mix 20,benzene + toluene,benzene + toluene,benzene + toluene,2,2,0.07379686531031027,513.3462899959861,0.06379686531031027,0.3819822329484139,0.0
Mix 20/mix 20_Y0_X4.txt,pt2_real,Mix 20,benzene + toluene,benzene + toluene,benzene + toluene,2,2,0.08125284439503949,596.8303531731193,0.0712528443950395,0.3836406022422298,0.0
Mix 20/mix 20_Y0_X5.txt,pt2_real,Mix 20,benzene + toluene,benzene + toluene,benzene + toluene,2,2,0.08483512070875357,634.5674933912372,0.07483512070875357,0.38216653169074793,0.0
Mix 20/mix 20_Y1_X0.txt,pt2_real,Mix 20,benzene + toluene,benzene + toluene,benzene + toluene,2,2,0.07296342299925977,484.6788117928572,0.06296342299925978,0.37910865344539507,0.0
Mix 20/mix 20_Y1_X1.txt,pt2_real,Mix 20,benzene + toluene,benzene + toluene,benzene + toluene,2,2,0.0657657464749663,390.1578492955399,0.05576574647496631,0.3782108588994837,0.0
Mix 20/mix 20_Y1_X2.txt,pt2_real,Mix 20,benzene + toluene,benzene + toluene,benzene + toluene,2,2,0.06308183165944027,387.77655259751674,0.053081831659440276,0.3794491508567377,0.0
Mix 20/mix 20_Y1_X3.txt,pt2_real,Mix 20,benzene + toluene,benzene + toluene,benzene + toluene,2,2,0.07788186158545936,554.3364832568321,0.06788186158545936,0.3828487492342368,0.0
Mix 20/mix 20_Y1_X4.txt,pt2_real,Mix 20,benzene + toluene,benzene + toluene,benzene + toluene,2,2,0.08262415242459348,607.4941925747321,0.07262415242459348,0.38345495399390433,0.0
Mix 20/mix 20_Y1_X5.txt,pt2_real,Mix 20,benzene + toluene,benzene + toluene,benzene + toluene,2,2,0.09523777590154908,723.1598502534517,0.08523777590154909,0.3851581489433266,0.0
Mix 20/mix 20_Y2_X0.txt,pt2_real,Mix 20,benzene + toluene,benzene + toluene,benzene + toluene,2,2,0.09316530461715299,687.0189310221301,0.08316530461715299,0.3838348143798585,0.0
Mix 20/mix 20_Y2_X1.txt,pt2_real,Mix 20,benzene + toluene,benzene + toluene,benzene + toluene,2,2,0.08533140211197385,610.8445387484794,0.07533140211197385,0.3831172490280106,0.0
Mix 20/mix 20_Y2_X2.txt,pt2_real,Mix 20,benzene + toluene,benzene + toluene,benzene + toluene,2,2,0.0932119403332674,676.8673010671116,0.08321194033326741,0.3843940664242043,0.0
Mix 20/mix 20_Y2_X3.txt,pt2_real,Mix 20,benzene + toluene,benzene + toluene,benzene + toluene,2,2,0.09225848489815691,686.8764027543941,0.08225848489815692,0.386345957602904,0.0
Mix 20/mix 20_Y2_X4.txt,pt2_real,Mix 20,benzene + toluene,benzene + toluene,benzene + toluene,2,2,0.09994615399144899,759.7962408625793,0.089946153991449,0.38608508234488237,0.0
Mix 20/mix 20_Y2_X5.txt,pt2_real,Mix 20,benzene + toluene,benzene + toluene,benzene + toluene,2,2,0.10058666119466624,765.732737140758,0.09058666119466624,0.3880005349920537,0.0
Mix 20/mix 20_Y3_X0.txt,pt2_real,Mix 20,benzene + toluene,benzene + toluene,benzene + toluene,2,2,0.09880765006785681,741.4581371900603,0.08880765006785682,0.38662543873500776,0.0
Mix 20/mix 20_Y3_X1.txt,pt2_real,Mix 20,benzene + toluene,benzene + toluene,benzene + toluene,2,2,0.10270169034702738,766.5427297302558,0.09270169034702738,0.38635367772939716,0.0
Mix 20/mix 20_Y3_X2.txt,pt2_real,Mix 20,benzene + toluene,benzene + toluene,benzene + toluene,2,2,0.10151923546321306,758.2064252358865,0.09151923546321307,0.38662616632674374,0.0
Mix 20/mix 20_Y3_X3.txt,pt2_real,Mix 20,benzene + toluene,benzene + toluene,benzene + toluene,2,2,0.10388604361271338,788.5206937879045,0.09388604361271338,0.38610270654865897,0.0
Mix 20/mix 20_Y3_X4.txt,pt2_real,Mix 20,benzene + toluene,benzene + toluene,benzene + toluene,2,2,0.10364679229518041,795.630447043995,0.09364679229518041,0.38776103390788386,0.0
Mix 20/mix 20_Y3_X5.txt,pt2_real,Mix 20,benzene + toluene,benzene + toluene,benzene + toluene,2,2,0.10555181005660279,811.1371716970314,0.09555181005660279,0.3887580732994146,0.0
Mix 20/mix 20_Y4_X0.txt,pt2_real,Mix 20,benzene + toluene,benzene + toluene,benzene + toluene,2,2,0.1084871312124112,823.1758098561074,0.0984871312124112,0.38933575601052517,0.0
Mix 20/mix 20_Y4_X1.txt,pt2_real,Mix 20,benzene + toluene,benzene + toluene,benzene + toluene,2,2,0.10589067998453165,796.4118964988849,0.09589067998453166,0.39020644724077186,0.0
Mix 20/mix 20_Y4_X2.txt,pt2_real,Mix 20,benzene + toluene,benzene + toluene,benzene + toluene,2,2,0.10989589066766707,833.2340522765736,0.09989589066766708,0.3884465326304701,0.0
Mix 20/mix 20_Y4_X3.txt,pt2_real,Mix 20,benzene + toluene,benzene + toluene,benzene + toluene,2,2,0.1117017838743899,854.1756264339037,0.10170178387438991,0.38950043176117105,0.0
Mix 20/mix 20_Y4_X4.txt,pt2_real,Mix 20,benzene + toluene,benzene + toluene,benzene + toluene,2,2,0.11400254970238417,876.8664496789189,0.10400254970238418,0.39083454873757023,0.0
Mix 20/mix 20_Y4_X5.txt,pt2_real,Mix 20,benzene + toluene,benzene + toluene,benzene + toluene,2,2,0.11235849691508705,863.341594845904,0.10235849691508705,0.39237427855553625,3.1857368539496975
Mix 20/mix 20_Y5_X0.txt,pt2_real,Mix 20,benzene + toluene,benzene + toluene,benzene + toluene,2,2,0.10867645605297704,832.4663732006774,0.09867645605297705,0.39213467860362533,0.0
Mix 20/mix 20_Y5_X1.txt,pt2_real,Mix 20,benzene + toluene,benzene + toluene,benzene + toluene,2,2,0.10994362194185828,841.2221337159707,0.09994362194185828,0.39016273355390235,0.0
Mix 20/mix 20_Y5_X2.txt,pt2_real,Mix 20,benzene + toluene,benzene + toluene,benzene + toluene,2,2,0.11400041317536473,877.9114409881187,0.10400041317536474,0.3911577004856972,0.0
Mix 20/mix 20_Y5_X3.txt,pt2_real,Mix 20,benzene + toluene,benzene + toluene,benzene + toluene,2,2,0.11274468566264244,867.9200906776473,0.10274468566264244,0.39100605096466545,0.0
Mix 20/mix 20_Y5_X4.txt,pt2_real,Mix 20,benzene + toluene,benzene + toluene,benzene + toluene,2,2,0.11202935731876143,862.6808321986515,0.10202935731876143,0.39164652393091626,0.0
Mix 20/mix 20_Y5_X5.txt,pt2_real,Mix 20,benzene + toluene,benzene + toluene,benzene + toluene,2,2,0.11128188801678243,855.4132636106167,0.10128188801678244,0.3908222642787101,0.0
Mix 21/mix 21_Y0_X0.txt,pt2_real,Mix 21,acetonitrile + dichloromethane,acetonitrile + dichloromethane,acetonitrile + dichloromethane,2,2,0.12428941117665916,371.14882196986144,0.11428941117665917,0.2951155729745427,0.0
Mix 21/mix 21_Y0_X1.txt,pt2_real,Mix 21,acetonitrile + dichloromethane,acetonitrile + dichloromethane,acetonitrile + dichloromethane,2,2,0.12240443641464302,365.67096693062,0.11240443641464302,0.29345791600826193,0.0
Mix 21/mix 21_Y0_X2.txt,pt2_real,Mix 21,acetonitrile + dichloromethane,acetonitrile + dichloromethane,acetonitrile + dichloromethane,2,2,0.12105358182450025,361.3722283904299,0.11105358182450026,0.29427563068078616,0.0
Mix 21/mix 21_Y0_X3.txt,pt2_real,Mix 21,acetonitrile + dichloromethane,acetonitrile + dichloromethane,acetonitrile + dichloromethane,2,2,0.12153629577784295,361.3501947106592,0.11153629577784295,0.2935187279240161,0.0
Mix 21/mix 21_Y0_X4.txt,pt2_real,Mix 21,acetonitrile + dichloromethane,acetonitrile + dichloromethane,acetonitrile + dichloromethane,2,2,0.11835727585640046,350.61456783325036,0.10835727585640047,0.29286005831016304,0.0
Mix 21/mix 21_Y0_X5.txt,pt2_real,Mix 21,acetonitrile + dichloromethane,acetonitrile + dichloromethane,acetonitrile + dichloromethane,2,2,0.12095092155382284,361.8178103292355,0.11095092155382284,0.2940437423428031,0.0
Mix 21/mix 21_Y1_X0.txt,pt2_real,Mix 21,acetonitrile + dichloromethane,acetonitrile + dichloromethane,acetonitrile + dichloromethane,2,2,0.12048939177388217,360.4945111462228,0.11048939177388217,0.29281844196286044,0.0
Mix 21/mix 21_Y1_X1.txt,pt2_real,Mix 21,acetonitrile + dichloromethane,acetonitrile + dichloromethane,acetonitrile + dichloromethane,2,2,0.11803486696636807,351.60136984918336,0.10803486696636808,0.2931105871725432,0.0
Mix 21/mix 21_Y1_X2.txt,pt2_real,Mix 21,acetonitrile + dichloromethane,acetonitrile + dichloromethane,acetonitrile + dichloromethane,2,2,0.1160203694179689,346.40255909253193,0.1060203694179689,0.2936589508170613,0.0
Mix 21/mix 21_Y1_X3.txt,pt2_real,Mix 21,acetonitrile + dichloromethane,acetonitrile + dichloromethane,acetonitrile + dichloromethane,2,2,0.11760516943288302,350.3076394904428,0.10760516943288302,0.29410632049140506,0.0
Mix 21/mix 21_Y1_X4.txt,pt2_real,Mix 21,acetonitrile + dichloromethane,acetonitrile + dichloromethane,acetonitrile + dichloromethane,2,2,0.11190104405161243,330.5096774769033,0.10190104405161243,0.29488956006660083,0.0
Mix 21/mix 21_Y1_X5.txt,pt2_real,Mix 21,acetonitrile + dichloromethane,acetonitrile + dichloromethane,acetonitrile + dichloromethane,2,2,0.11697314613107304,349.4030150891789,0.10697314613107305,0.2953292271206529,0.0
Mix 21/mix 21_Y2_X0.txt,pt2_real,Mix 21,acetonitrile + dichloromethane,acetonitrile + dichloromethane,acetonitrile + dichloromethane,2,2,0.11121497163063836,328.25000806055186,0.10121497163063836,0.2947409853592371,0.0
Mix 21/mix 21_Y2_X1.txt,pt2_real,Mix 21,acetonitrile + dichloromethane,acetonitrile + dichloromethane,acetonitrile + dichloromethane,2,2,0.11433775239071994,338.7084531505392,0.10433775239071995,0.29253386435292367,0.0
Mix 21/mix 21_Y2_X2.txt,pt2_real,Mix 21,acetonitrile + dichloromethane,acetonitrile + dichloromethane,acetonitrile + dichloromethane,2,2,0.11348416036091014,338.27058227712183,0.10348416036091014,0.2927133262919338,0.0
Mix 21/mix 21_Y2_X3.txt,pt2_real,Mix 21,acetonitrile + dichloromethane,acetonitrile + dichloromethane,acetonitrile + dichloromethane,2,2,0.11105871005070832,327.9335626981039,0.10105871005070832,0.29380626572098234,0.0
Mix 21/mix 21_Y2_X4.txt,pt2_real,Mix 21,acetonitrile + dichloromethane,acetonitrile + dichloromethane,acetonitrile + dichloromethane,2,2,0.11227537031010397,332.42647904772366,0.10227537031010397,0.2937750861423643,0.0
Mix 21/mix 21_Y2_X5.txt,pt2_real,Mix 21,acetonitrile + dichloromethane,acetonitrile + dichloromethane,acetonitrile + dichloromethane,2,2,0.11101086359363037,327.1255039814322,0.10101086359363037,0.2934135156180612,0.0
Mix 21/mix 21_Y3_X0.txt,pt2_real,Mix 21,acetonitrile + dichloromethane,acetonitrile + dichloromethane,acetonitrile + dichloromethane,2,2,0.10668543569924975,313.08717429421813,0.09668543569924976,0.2929943640497372,0.0
Mix 21/mix 21_Y3_X1.txt,pt2_real,Mix 21,acetonitrile + dichloromethane,acetonitrile + dichloromethane,acetonitrile + dichloromethane,2,2,0.10680605997807117,312.7638165355727,0.09680605997807118,0.2933725009550805,0.0
Mix 21/mix 21_Y3_X2.txt,pt2_real,Mix 21,acetonitrile + dichloromethane,acetonitrile + dichloromethane,acetonitrile + dichloromethane,2,2,0.10664964428839177,313.2018082569422,0.09664964428839178,0.29356322808705637,0.0
Mix 21/mix 21_Y3_X3.txt,pt2_real,Mix 21,acetonitrile + dichloromethane,acetonitrile + dichloromethane,acetonitrile + dichloromethane,2,2,0.10783478265751659,316.9208285956772,0.09783478265751659,0.29413998989453655,0.0
Mix 21/mix 21_Y3_X4.txt,pt2_real,Mix 21,acetonitrile + dichloromethane,acetonitrile + dichloromethane,acetonitrile + dichloromethane,2,2,0.10649443194541855,312.8092253854879,0.09649443194541855,0.2927619616971645,0.0
Mix 21/mix 21_Y3_X5.txt,pt2_real,Mix 21,acetonitrile + dichloromethane,acetonitrile + dichloromethane,acetonitrile + dichloromethane,2,2,0.10415253843924105,305.76922390906475,0.09415253843924105,0.29405291528920086,0.0
Mix 21/mix 21_Y4_X0.txt,pt2_real,Mix 21,acetonitrile + dichloromethane,acetonitrile + dichloromethane,acetonitrile + dichloromethane,2,2,0.1032318223719669,299.76375005270427,0.09323182237196691,0.2940468879617317,0.0
Mix 21/mix 21_Y4_X1.txt,pt2_real,Mix 21,acetonitrile + dichloromethane,acetonitrile + dichloromethane,acetonitrile + dichloromethane,2,2,0.10346354025447689,301.57013711934076,0.0934635402544769,0.2931090963451314,0.0
Mix 21/mix 21_Y4_X2.txt,pt2_real,Mix 21,acetonitrile + dichloromethane,acetonitrile + dichloromethane,acetonitrile + dichloromethane,2,2,0.10247086215931692,297.7712648331636,0.09247086215931692,0.2938369954049831,0.0
Mix 21/mix 21_Y4_X3.txt,pt2_real,Mix 21,acetonitrile + dichloromethane,acetonitrile + dichloromethane,acetonitrile + dichloromethane,2,2,0.10049537930736607,290.8414093430742,0.09049537930736608,0.29289112449380755,0.0
Mix 21/mix 21_Y4_X4.txt,pt2_real,Mix 21,acetonitrile + dichloromethane,acetonitrile + dichloromethane,acetonitrile + dichloromethane,2,2,0.10171903254850582,294.10100024377095,0.09171903254850583,0.29409827256355286,0.0
Mix 21/mix 21_Y4_X5.txt,pt2_real,Mix 21,acetonitrile + dichloromethane,acetonitrile + dichloromethane,acetonitrile + dichloromethane,2,2,0.09745373635253017,281.90450339097293,0.08745373635253018,0.2928526919832825,0.0
Mix 21/mix 21_Y5_X0.txt,pt2_real,Mix 21,acetonitrile + dichloromethane,acetonitrile + dichloromethane,acetonitrile + dichloromethane,2,2,0.10026934298811602,289.25821911985,0.09026934298811602,0.29486801211252944,0.0
Mix 21/mix 21_Y5_X1.txt,pt2_real,Mix 21,acetonitrile + dichloromethane,acetonitrile + dichloromethane,acetonitrile + dichloromethane,2,2,0.10152881171530734,293.7148313639158,0.09152881171530734,0.29323826519732704,0.0
Mix 21/mix 21_Y5_X2.txt,pt2_real,Mix 21,acetonitrile + dichloromethane,acetonitrile + dichloromethane,acetonitrile + dichloromethane,2,2,0.09808830010351408,285.03541696507705,0.08808830010351408,0.29356826499312744,0.0
Mix 21/mix 21_Y5_X3.txt,pt2_real,Mix 21,acetonitrile + dichloromethane,acetonitrile + dichloromethane,acetonitrile + dichloromethane,2,2,0.09927603556069337,286.4913051065895,0.08927603556069337,0.2932286373281425,0.0
Mix 21/mix 21_Y5_X4.txt,pt2_real,Mix 21,acetonitrile + dichloromethane,acetonitrile + dichloromethane,acetonitrile + dichloromethane,2,2,0.1016764036983346,295.04510438009646,0.0916764036983346,0.2938408050421836,0.0
Mix 21/mix 21_Y5_X5.txt,pt2_real,Mix 21,acetonitrile + dichloromethane,acetonitrile + dichloromethane,acetonitrile + dichloromethane,2,2,0.09742375686783585,281.31079384007774,0.08742375686783585,0.29342638226783935,0.0
Mix 22/mix 22_Y0_X0.txt,pt2_real,Mix 22,acetonitrile + pyridine,acetonitrile + pyridine,acetonitrile + pyridine,2,2,0.22618052654005155,1026.9396096888318,0.21618052654005154,0.4050920634759604,0.0
Mix 22/mix 22_Y0_X1.txt,pt2_real,Mix 22,acetonitrile + pyridine,acetonitrile + pyridine,acetonitrile + pyridine,2,2,0.2243914325617619,1015.334946441569,0.21439143256176188,0.40818804043324136,0.0
Mix 22/mix 22_Y0_X2.txt,pt2_real,Mix 22,acetonitrile + pyridine,acetonitrile + pyridine,acetonitrile + pyridine,2,2,0.22145890222666653,997.2856084905093,0.21145890222666652,0.4101588083552025,0.0
Mix 22/mix 22_Y0_X3.txt,pt2_real,Mix 22,acetonitrile + pyridine,acetonitrile + pyridine,acetonitrile + pyridine,2,2,0.21903450864823068,979.8408374487565,0.20903450864823067,0.4076197869527253,0.0
Mix 22/mix 22_Y0_X4.txt,pt2_real,Mix 22,acetonitrile + pyridine,acetonitrile + pyridine,acetonitrile + pyridine,2,2,0.2157165609402408,962.9864682222825,0.2057165609402408,0.40682149096394604,0.0
Mix 22/mix 22_Y0_X5.txt,pt2_real,Mix 22,acetonitrile + pyridine,acetonitrile + pyridine,acetonitrile + pyridine,2,2,0.21436373607960063,952.2597476483345,0.20436373607960062,0.4097376581925123,0.0
Mix 22/mix 22_Y1_X0.txt,pt2_real,Mix 22,acetonitrile + pyridine,acetonitrile + pyridine,acetonitrile + pyridine,2,2,0.21666801537047473,974.8615765038794,0.20666801537047472,0.40666734632546453,0.0
Mix 22/mix 22_Y1_X1.txt,pt2_real,Mix 22,acetonitrile + pyridine,acetonitrile + pyridine,acetonitrile + pyridine,2,2,0.213605613511631,958.4314264925732,0.20360561351163098,0.40704780342945796,0.0
Mix 22/mix 22_Y1_X2.txt,pt2_real,Mix 22,acetonitrile + pyridine,acetonitrile + pyridine,acetonitrile + pyridine,2,2,0.21331060629476034,958.9333038952036,0.20331060629476033,0.4060712998256051,0.0
Mix 22/mix 22_Y1_X3.txt,pt2_real,Mix 22,acetonitrile + pyridine,acetonitrile + pyridine,acetonitrile + pyridine,2,2,0.2088829914748978,934.8971655002831,0.1988829914748978,0.4072868259492257,0.0
Mix 22/mix 22_Y1_X4.txt,pt2_real,Mix 22,acetonitrile + pyridine,acetonitrile + pyridine,acetonitrile + pyridine,2,2,0.21289804428905,954.2528380281683,0.20289804428904998,0.4077962468979953,0.0
Mix 22/mix 22_Y1_X5.txt,pt2_real,Mix 22,acetonitrile + pyridine,acetonitrile + pyridine,acetonitrile + pyridine,2,2,0.2100288447637339,936.1235579204799,0.2000288447637339,0.40785252436354913,0.0
Mix 22/mix 22_Y2_X0.txt,pt2_real,Mix 22,acetonitrile + pyridine,acetonitrile + pyridine,acetonitrile + pyridine,2,2,0.2104879622364023,948.7645408513854,0.20048796223640228,0.40839729494466886,0.0
Mix 22/mix 22_Y2_X1.txt,pt2_real,Mix 22,acetonitrile + pyridine,acetonitrile + pyridine,acetonitrile + pyridine,2,2,0.21062012453787884,945.119080657347,0.20062012453787884,0.4068978291847173,0.0
Mix 22/mix 22_Y2_X2.txt,pt2_real,Mix 22,acetonitrile + pyridine,acetonitrile + pyridine,acetonitrile + pyridine,2,2,0.2070260766318319,929.3436246765157,0.1970260766318319,0.40680081863300493,0.0
Mix 22/mix 22_Y2_X3.txt,pt2_real,Mix 22,acetonitrile + pyridine,acetonitrile + pyridine,acetonitrile + pyridine,2,2,0.2061331101933571,925.9235456777203,0.19613311019335708,0.4084756717985544,0.0
Mix 22/mix 22_Y2_X4.txt,pt2_real,Mix 22,acetonitrile + pyridine,acetonitrile + pyridine,acetonitrile + pyridine,2,2,0.20830258713415212,940.2630912595171,0.1983025871341521,0.4073582437391205,0.0
Mix 22/mix 22_Y2_X5.txt,pt2_real,Mix 22,acetonitrile + pyridine,acetonitrile + pyridine,acetonitrile + pyridine,2,2,0.20401922211708914,917.7917407947376,0.19401922211708914,0.4075258614298179,0.0
Mix 22/mix 22_Y3_X0.txt,pt2_real,Mix 22,acetonitrile + pyridine,acetonitrile + pyridine,acetonitrile + pyridine,2,2,0.20580427099646298,926.786912065846,0.19580427099646297,0.40918302685221425,0.0
Mix 22/mix 22_Y3_X1.txt,pt2_real,Mix 22,acetonitrile + pyridine,acetonitrile + pyridine,acetonitrile + pyridine,2,2,0.20698565576487118,931.9010387930551,0.19698565576487118,0.4063358451227199,0.0
Mix 22/mix 22_Y3_X2.txt,pt2_real,Mix 22,acetonitrile + pyridine,acetonitrile + pyridine,acetonitrile + pyridine,2,2,0.20365786828998567,906.3012087226937,0.19365786828998566,0.409119973603781,0.0
Mix 22/mix 22_Y3_X3.txt,pt2_real,Mix 22,acetonitrile + pyridine,acetonitrile + pyridine,acetonitrile + pyridine,2,2,0.20272065821850313,910.9297819978444,0.19272065821850312,0.4074136860472453,0.0
Mix 22/mix 22_Y3_X4.txt,pt2_real,Mix 22,acetonitrile + pyridine,acetonitrile + pyridine,acetonitrile + pyridine,2,2,0.20070707927214526,901.9079624045485,0.19070707927214525,0.40765927042823574,0.0
Mix 22/mix 22_Y3_X5.txt,pt2_real,Mix 22,acetonitrile + pyridine,acetonitrile + pyridine,acetonitrile + pyridine,2,2,0.20278089295021176,915.3990394362519,0.19278089295021175,0.4095809782305597,0.0
Mix 22/mix 22_Y4_X0.txt,pt2_real,Mix 22,acetonitrile + pyridine,acetonitrile + pyridine,acetonitrile + pyridine,2,2,0.20401841074326554,925.6955209547187,0.19401841074326553,0.4057548798439021,0.0
Mix 22/mix 22_Y4_X1.txt,pt2_real,Mix 22,acetonitrile + pyridine,acetonitrile + pyridine,acetonitrile + pyridine,2,2,0.19899424970303947,898.005545810961,0.18899424970303946,0.4065988419257866,0.0
Mix 22/mix 22_Y4_X2.txt,pt2_real,Mix 22,acetonitrile + pyridine,acetonitrile + pyridine,acetonitrile + pyridine,2,2,0.19764978691629603,893.417115279892,0.18764978691629602,0.4070756341763889,0.0
Mix 22/mix 22_Y4_X3.txt,pt2_real,Mix 22,acetonitrile + pyridine,acetonitrile + pyridine,acetonitrile + pyridine,2,2,0.19740412179802208,891.914170027043,0.18740412179802207,0.40723143820310714,0.0
Mix 22/mix 22_Y4_X4.txt,pt2_real,Mix 22,acetonitrile + pyridine,acetonitrile + pyridine,acetonitrile + pyridine,2,2,0.19888046498230363,900.2498485184645,0.18888046498230363,0.40803764641660106,0.0
Mix 22/mix 22_Y4_X5.txt,pt2_real,Mix 22,acetonitrile + pyridine,acetonitrile + pyridine,acetonitrile + pyridine,2,2,0.1980940109347454,892.9430708825771,0.1880940109347454,0.4082344987265469,0.0
Mix 22/mix 22_Y5_X0.txt,pt2_real,Mix 22,acetonitrile + pyridine,acetonitrile + pyridine,acetonitrile + pyridine,2,2,0.1977928726664543,900.7744434797328,0.18779287266645428,0.4071294569420702,0.0
Mix 22/mix 22_Y5_X1.txt,pt2_real,Mix 22,acetonitrile + pyridine,acetonitrile + pyridine,acetonitrile + pyridine,2,2,0.19603843725392933,887.9105722644168,0.18603843725392932,0.407301334192409,0.0
Mix 22/mix 22_Y5_X2.txt,pt2_real,Mix 22,acetonitrile + pyridine,acetonitrile + pyridine,acetonitrile + pyridine,2,2,0.1919924803998785,868.8525021556591,0.1819924803998785,0.4066262579460111,0.0
Mix 22/mix 22_Y5_X3.txt,pt2_real,Mix 22,acetonitrile + pyridine,acetonitrile + pyridine,acetonitrile + pyridine,2,2,0.19080417611880932,864.6601093390525,0.1808041761188093,0.40925940759039114,0.0
Mix 22/mix 22_Y5_X4.txt,pt2_real,Mix 22,acetonitrile + pyridine,acetonitrile + pyridine,acetonitrile + pyridine,2,2,0.18798540400597266,851.0412827960229,0.17798540400597265,0.40808898830284174,0.0
Mix 22/mix 22_Y5_X5.txt,pt2_real,Mix 22,acetonitrile + pyridine,acetonitrile + pyridine,acetonitrile + pyridine,2,2,0.18867185537652284,850.142706391419,0.17867185537652283,0.40794114138506377,0.0
