sample_id,dataset,source,true_labels,selected_support,predicted_labels,selected_support_size,predicted_cardinality,selected_score,residual_norm,residual_rel,minor_share,baseline_coef
existing/0,existing_real,existing_real,6-mercapto-1-hexanol + benzene,6-mercapto-1-hexanol + benzene,6-mercapto-1-hexanol + benzene,2,2,0.15600524955074352,1800.2291100768907,0.1460052495507435,0.2975378243506369,0.0
existing/1,existing_real,existing_real,6-mercapto-1-hexanol + benzene,6-mercapto-1-hexanol + benzene,6-mercapto-1-hexanol + benzene,2,2,0.14418664755430335,1628.387893254341,0.13418664755430335,0.296939754404086,0.0
existing/2,existing_real,existing_real,6-mercapto-1-hexanol + benzene,6-mercapto-1-hexanol + benzene,6-mercapto-1-hexanol + benzene,2,2,0.1398045261736346,1552.629897332649,0.12980452617363458,0.2939919445951868,0.0
existing/3,existing_real,existing_real,6-mercapto-1-hexanol + benzene,6-mercapto-1-hexanol + benzene,6-mercapto-1-hexanol + benzene,2,2,0.14834356913825836,1670.0860612339925,0.13834356913825835,0.29609524865238024,0.0
existing/4,existing_real,existing_real,6-mercapto-1-hexanol + benzene,6-mercapto-1-hexanol + benzene,6-mercapto-1-hexanol + benzene,2,2,0.12370123518395983,1373.9217191626963,0.11370123518395983,0.29643735575162977,0.0
existing/5,existing_real,existing_real,6-mercapto-1-hexanol + benzene,6-mercapto-1-hexanol + benzene,6-mercapto-1-hexanol + benzene,2,2,0.12593222033488252,1360.7168162513756,0.11593222033488251,0.29622178600527643,0.0
existing/6,existing_real,existing_real,6-mercapto-1-hexanol + benzene,6-mercapto-1-hexanol + benzene,6-mercapto-1-hexanol + benzene,2,2,0.12806935377663778,1420.9850082224257,0.11806935377663777,0.2973521987427656,0.0
existing/7,existing_real,existing_real,6-mercapto-1-hexanol + benzene,6-mercapto-1-hexanol + benzene,6-mercapto-1-hexanol + benzene,2,2,0.12196412882986074,1318.412278143832,0.11196412882986075,0.2977460745551368,0.0
existing/8,existing_real,existing_real,6-mercapto-1-hexanol + benzene,6-mercapto-1-hexanol + benzene,6-mercapto-1-hexanol + benzene,2,2,0.1215979135210607,1329.887900247617,0.1115979135210607,0.29775949676626423,0.0
existing/9,existing_real,existing_real,6-mercapto-1-hexanol + benzene,6-mercapto-1-hexanol + benzene,6-mercapto-1-hexanol + benzene,2,2,0.12781091486216023,1390.9320820400155,0.11781091486216022,0.2963934198793677,0.0
existing/10,existing_real,existing_real,6-mercapto-1-hexanol + benzene,6-mercapto-1-hexanol + benzene,6-mercapto-1-hexanol + benzene,2,2,0.10163625061188927,1080.0264217276344,0.09163625061188928,0.2988499041918284,0.0
existing/11,existing_real,existing_real,6-mercapto-1-hexanol + benzene,6-mercapto-1-hexanol + benzene,6-mercapto-1-hexanol + benzene,2,2,0.1539892995519222,1792.5768643087401,0.1439892995519222,0.295603995546522,0.0
existing/12,existing_real,existing_real,6-mercapto-1-hexanol + benzene,6-mercapto-1-hexanol + benzene,6-mercapto-1-hexanol + benzene,2,2,0.09648082119676096,1009.5379988090149,0.08648082119676097,0.2952994797280619,0.0
existing/13,existing_real,existing_real,6-mercapto-1-hexanol + benzene,6-mercapto-1-hexanol + benzene,6-mercapto-1-hexanol + benzene,2,2,0.09937576729055062,1047.6993129672276,0.08937576729055062,0.2968075838287657,0.0
existing/14,existing_real,existing_real,6-mercapto-1-hexanol + benzene,6-mercapto-1-hexanol + benzene,6-mercapto-1-hexanol + benzene,2,2,0.09806367050558067,1024.8977084654568,0.08806367050558067,0.2962025399983295,0.0
existing/15,existing_real,existing_real,6-mercapto-1-hexanol + benzene,6-mercapto-1-hexanol + benzene,6-mercapto-1-hexanol + benzene,2,2,0.09687394980605477,1003.1554034480021,0.08687394980605477,0.2985151939091558,0.0
existing/16,existing_real,existing_real,6-mercapto-1-hexanol + benzene,6-mercapto-1-hexanol + benzene,6-mercapto-1-hexanol + benzene,2,2,0.09538572207639233,992.2755907330727,0.08538572207639233,0.2967141268868049,0.0
existing/17,existing_real,existing_real,6-mercapto-1-hexanol + benzene,6-mercapto-1-hexanol + benzene,6-mercapto-1-hexanol + benzene,2,2,0.0747567820615451,744.8650358571989,0.0647567820615451,0.29886043486081043,0.0
existing/18,existing_real,existing_real,6-mercapto-1-hexanol + benzene,6-mercapto-1-hexanol + benzene,6-mercapto-1-hexanol + benzene,2,2,0.07443616320778904,743.8193023393159,0.06443616320778904,0.29647144933749875,0.0
existing/19,existing_real,existing_real,6-mercapto-1-hexanol + benzene,6-mercapto-1-hexanol + benzene,6-mercapto-1-hexanol + benzene,2,2,0.07571907512038323,760.4496546746554,0.06571907512038323,0.2977440822560508,0.0
existing/20,existing_real,existing_real,6-mercapto-1-hexanol + benzene,6-mercapto-1-hexanol + benzene,6-mercapto-1-hexanol + benzene,2,2,0.07061586586688684,692.4270028261969,0.060615865866886845,0.29710295660967845,0.0
existing/21,existing_real,existing_real,6-mercapto-1-hexanol + benzene,6-mercapto-1-hexanol + benzene,6-mercapto-1-hexanol + benzene,2,2,0.07179146665692084,710.2658900996137,0.06179146665692084,0.2977314809232353,0.0
existing/22,existing_real,existing_real,6-mercapto-1-hexanol + benzene,6-mercapto-1-hexanol + benzene,6-mercapto-1-hexanol + benzene,2,2,0.15376109533865215,1790.210045528636,0.14376109533865214,0.2959845164741527,0.0
existing/23,existing_real,existing_real,6-mercapto-1-hexanol + benzene,6-mercapto-1-hexanol + benzene,6-mercapto-1-hexanol + benzene,2,2,0.07054050850018073,700.4457617180473,0.06054050850018073,0.29904613673619873,0.0
existing/24,existing_real,existing_real,6-mercapto-1-hexanol + benzene,6-mercapto-1-hexanol + benzene,6-mercapto-1-hexanol + benzene,2,2,0.05868336510876673,571.7125584855149,0.04868336510876673,0.3110627356686717,0.0
existing/25,existing_real,existing_real,6-mercapto-1-hexanol + benzene,6-mercapto-1-hexanol + benzene,6-mercapto-1-hexanol + benzene,2,2,0.06002596050883908,582.5528843389008,0.050025960508839076,0.2984583971752367,0.0
existing/26,existing_real,existing_real,6-mercapto-1-hexanol + benzene,6-mercapto-1-hexanol + benzene,6-mercapto-1-hexanol + benzene,2,2,0.055217134049045026,530.8514130674193,0.045217134049045024,0.3244930000076143,0.0
existing/27,existing_real,existing_real,6-mercapto-1-hexanol + benzene,6-mercapto-1-hexanol + benzene,6-mercapto-1-hexanol + benzene,2,2,0.05292276377321887,500.55347837219335,0.04292276377321887,0.32306812805071516,0.0
existing/28,existing_real,existing_real,6-mercapto-1-hexanol + benzene,6-mercapto-1-hexanol + benzene,6-mercapto-1-hexanol + benzene,2,2,0.05002364092047015,467.71181671326383,0.04002364092047015,0.29722083482482736,0.0
existing/29,existing_real,existing_real,6-mercapto-1-hexanol + benzene,6-mercapto-1-hexanol + benzene,6-mercapto-1-hexanol + benzene,2,2,0.051760714169791944,490.19914734880706,0.04176071416979194,0.3062675230788828,0.0
existing/30,existing_real,existing_real,6-mercapto-1-hexanol + benzene,6-mercapto-1-hexanol + benzene,6-mercapto-1-hexanol + benzene,2,2,0.14944465513727895,1726.2304532969865,0.13944465513727894,0.29547289514367286,0.0
existing/31,existing_real,existing_real,6-mercapto-1-hexanol + benzene,6-mercapto-1-hexanol + benzene,6-mercapto-1-hexanol + benzene,2,2,0.1505927367257324,1734.2496256704903,0.1405927367257324,0.29464060259719066,0.0
existing/32,existing_real,existing_real,6-mercapto-1-hexanol + benzene,6-mercapto-1-hexanol + benzene,6-mercapto-1-hexanol + benzene,2,2,0.15263833354690676,1757.3556807366112,0.14263833354690675,0.2960128459602333,0.0
existing/33,existing_real,existing_real,6-mercapto-1-hexanol + benzene,6-mercapto-1-hexanol + benzene,6-mercapto-1-hexanol + benzene,2,2,0.13980413226683547,1569.4750348994778,0.12980413226683546,0.2961973510353898,0.0
existing/34,existing_real,existing_real,6-mercapto-1-hexanol + benzene,6-mercapto-1-hexanol + benzene,6-mercapto-1-hexanol + benzene,2,2,0.14232583465499984,1616.813981960017,0.13232583465499984,0.29725742029006663,0.0
existing/35,existing_real,existing_real,6-mercapto-1-hexanol + benzene,6-mercapto-1-hexanol + benzene,6-mercapto-1-hexanol + benzene,2,2,0.14073806013205314,1595.2589667113668,0.13073806013205314,0.29579264608671946,0.0
existing/36,existing_real,existing_real,6-mercapto-1-hexanol + pyridine,6-mercapto-1-hexanol + benzenethiol + pyridine,6-mercapto-1-hexanol + benzenethiol + pyridine,3,3,0.2088073815738501,1593.5303134002988,0.1888073815738501,0.17850985119587548,0.0
existing/37,existing_real,existing_real,6-mercapto-1-hexanol + pyridine,6-mercapto-1-hexanol + benzenethiol + pyridine,6-mercapto-1-hexanol + benzenethiol + pyridine,3,3,0.20719683340877174,1585.116734619045,0.18719683340877175,0.18104574789587938,0.0
existing/38,existing_real,existing_real,6-mercapto-1-hexanol + pyridine,6-mercapto-1-hexanol + benzenethiol + pyridine,6-mercapto-1-hexanol + benzenethiol + pyridine,3,3,0.20917395115618898,1608.921403027738,0.18917395115618899,0.1770567415285024,0.0
existing/39,existing_real,existing_real,6-mercapto-1-hexanol + pyridine,6-mercapto-1-hexanol + benzenethiol + pyridine,6-mercapto-1-hexanol + benzenethiol + pyridine,3,3,0.20594032635004694,1579.0442962482384,0.18594032635004695,0.1776310035150496,0.0
existing/40,existing_real,existing_real,6-mercapto-1-hexanol + pyridine,6-mercapto-1-hexanol + benzenethiol + pyridine,6-mercapto-1-hexanol + benzenethiol + pyridine,3,3,0.20554863246557545,1574.769776510631,0.18554863246557546,0.18273731031007945,0.0
existing/41,existing_real,existing_real,6-mercapto-1-hexanol + pyridine,6-mercapto-1-hexanol + benzenethiol + pyridine,6-mercapto-1-hexanol + benzenethiol + pyridine,3,3,0.20609945241001332,1579.4081245442167,0.18609945241001333,0.17892802944547856,0.0
existing/42,existing_real,existing_real,6-mercapto-1-hexanol + pyridine,6-mercapto-1-hexanol + benzenethiol + pyridine,6-mercapto-1-hexanol + benzenethiol + pyridine,3,3,0.20464815263812364,1570.8127303736899,0.18464815263812365,0.17652455067257583,0.0
existing/43,existing_real,existing_real,6-mercapto-1-hexanol + pyridine,6-mercapto-1-hexanol + benzenethiol + pyridine,6-mercapto-1-hexanol + benzenethiol + pyridine,3,3,0.19969742488324468,1528.3762691092622,0.1796974248832447,0.18178859663191202,0.0
existing/44,existing_real,existing_real,6-mercapto-1-hexanol + pyridine,6-mercapto-1-hexanol + benzenethiol + pyridine,6-mercapto-1-hexanol + benzenethiol + pyridine,3,3,0.20129952869511458,1536.9196903608454,0.1812995286951146,0.18029739956458238,0.0
existing/45,existing_real,existing_real,6-mercapto-1-hexanol + pyridine,6-mercapto-1-hexanol + benzenethiol + pyridine,6-mercapto-1-hexanol + benzenethiol + pyridine,3,3,0.20158859105090748,1539.0759789501185,0.1815885910509075,0.18670666429890587,0.0
existing/46,existing_real,existing_real,6-mercapto-1-hexanol + pyridine,6-mercapto-1-hexanol + benzenethiol + pyridine,6-mercapto-1-hexanol + benzenethiol + pyridine,3,3,0.20395745240228524,1566.4758472935566,0.18395745240228525,0.17599949035885376,0.0
existing/47,existing_real,existing_real,6-mercapto-1-hexanol + pyridine,6-mercapto-1-hexanol + benzenethiol + pyridine,6-mercapto-1-hexanol + benzenethiol + pyridine,3,3,0.2070018073813832,1577.7997905264808,0.18700180738138322,0.1818262152017604,0.0
existing/48,existing_real,existing_real,6-mercapto-1-hexanol + pyridine,6-mercapto-1-hexanol + benzenethiol + pyridine,6-mercapto-1-hexanol + benzenethiol + pyridine,3,3,0.20188440675947786,1545.4160197265346,0.18188440675947787,0.18155630126646202,0.0
existing/49,existing_real,existing_real,6-mercapto-1-hexanol + pyridine,6-mercapto-1-hexanol + benzenethiol + pyridine,6-mercapto-1-hexanol + benzenethiol + pyridine,3,3,0.2031719461770043,1555.124317854905,0.1831719461770043,0.1797105473291105,0.0
existing/50,existing_real,existing_real,6-mercapto-1-hexanol + pyridine,6-mercapto-1-hexanol + benzenethiol + pyridine,6-mercapto-1-hexanol + benzenethiol + pyridine,3,3,0.2000852307497059,1531.6155140901806,0.18008523074970592,0.1793265591084548,0.0
existing/51,existing_real,existing_real,6-mercapto-1-hexanol + pyridine,6-mercapto-1-hexanol + benzenethiol + pyridine,6-mercapto-1-hexanol + benzenethiol + pyridine,3,3,0.19911398457843624,1527.5984912972672,0.17911398457843625,0.17488181890527185,0.0
existing/52,existing_real,existing_real,6-mercapto-1-hexanol + pyridine,6-mercapto-1-hexanol + benzenethiol + pyridine,6-mercapto-1-hexanol + benzenethiol + pyridine,3,3,0.19850590816991817,1513.6578130102837,0.17850590816991818,0.17937333388550178,0.0
existing/53,existing_real,existing_real,6-mercapto-1-hexanol + pyridine,6-mercapto-1-hexanol + benzenethiol + pyridine,6-mercapto-1-hexanol + benzenethiol + pyridine,3,3,0.1966193145815817,1498.9147126284408,0.1766193145815817,0.17919095043045707,0.0
existing/54,existing_real,existing_real,6-mercapto-1-hexanol + pyridine,6-mercapto-1-hexanol + benzenethiol + pyridine,6-mercapto-1-hexanol + benzenethiol + pyridine,3,3,0.19367744404203635,1476.1564454844986,0.17367744404203636,0.1749122108066536,0.0
existing/55,existing_real,existing_real,6-mercapto-1-hexanol + pyridine,6-mercapto-1-hexanol + benzenethiol + pyridine,6-mercapto-1-hexanol + benzenethiol + pyridine,3,3,0.1950327679582323,1489.662793999459,0.1750327679582323,0.17461159896873216,0.0
existing/56,existing_real,existing_real,6-mercapto-1-hexanol + pyridine,6-mercapto-1-hexanol + benzenethiol + pyridine,6-mercapto-1-hexanol + benzenethiol + pyridine,3,3,0.19386272799164317,1478.4681138552373,0.17386272799164318,0.17202177640854055,0.0
existing/57,existing_real,existing_real,6-mercapto-1-hexanol + pyridine,6-mercapto-1-hexanol + benzenethiol + pyridine,6-mercapto-1-hexanol + benzenethiol + pyridine,3,3,0.19474199728350852,1482.9260335441043,0.17474199728350853,0.18333628353947082,0.0
existing/58,existing_real,existing_real,6-mercapto-1-hexanol + pyridine,6-mercapto-1-hexanol + benzenethiol + pyridine,6-mercapto-1-hexanol + benzenethiol + pyridine,3,3,0.20874759061942194,1598.0618060473116,0.18874759061942195,0.1805489376434232,0.0
existing/59,existing_real,existing_real,6-mercapto-1-hexanol + pyridine,6-mercapto-1-hexanol + benzenethiol + pyridine,6-mercapto-1-hexanol + benzenethiol + pyridine,3,3,0.19394838628398034,1468.2579882581501,0.17394838628398035,0.1796404090780415,0.0
existing/60,existing_real,existing_real,6-mercapto-1-hexanol + pyridine,6-mercapto-1-hexanol + benzenethiol + pyridine,6-mercapto-1-hexanol + benzenethiol + pyridine,3,3,0.191540472017289,1447.9740285089754,0.171540472017289,0.1738743578841231,0.0
existing/61,existing_real,existing_real,6-mercapto-1-hexanol + pyridine,6-mercapto-1-hexanol + benzenethiol + pyridine,6-mercapto-1-hexanol + benzenethiol + pyridine,3,3,0.1887382721899515,1431.7420560783664,0.16873827218995152,0.17238521014030905,0.0
existing/62,existing_real,existing_real,6-mercapto-1-hexanol + pyridine,6-mercapto-1-hexanol + benzenethiol + pyridine,6-mercapto-1-hexanol + benzenethiol + pyridine,3,3,0.1914029767616642,1459.2494555681474,0.17140297676166422,0.1784283176186878,0.0
existing/63,existing_real,existing_real,6-mercapto-1-hexanol + pyridine,6-mercapto-1-hexanol + benzenethiol + pyridine,6-mercapto-1-hexanol + benzenethiol + pyridine,3,3,0.18791006250784895,1428.3049333550612,0.16791006250784896,0.17750237655948703,0.0
existing/64,existing_real,existing_real,6-mercapto-1-hexanol + pyridine,6-mercapto-1-hexanol + benzenethiol + pyridine,6-mercapto-1-hexanol + benzenethiol + pyridine,3,3,0.18731606976812798,1420.651863971051,0.167316069768128,0.17714789991246213,0.0
existing/65,existing_real,existing_real,6-mercapto-1-hexanol + pyridine,6-mercapto-1-hexanol + benzenethiol + pyridine,6-mercapto-1-hexanol + benzenethiol + pyridine,3,3,0.18862763735486138,1425.3545700482314,0.1686276373548614,0.17838259731662848,0.0
existing/66,existing_real,existing_real,6-mercapto-1-hexanol + pyridine,6-mercapto-1-hexanol + benzenethiol + pyridine,6-mercapto-1-hexanol + benzenethiol + pyridine,3,3,0.2084197479253671,1596.8235640888663,0.18841974792536711,0.18377983952242116,0.0
existing/67,existing_real,existing_real,6-mercapto-1-hexanol + pyridine,6-mercapto-1-hexanol + benzenethiol + pyridine,6-mercapto-1-hexanol + benzenethiol + pyridine,3,3,0.20723839653971154,1577.0518138062666,0.18723839653971155,0.18291169765909623,0.0
existing/68,existing_real,existing_real,6-mercapto-1-hexanol + pyridine,6-mercapto-1-hexanol + benzenethiol + pyridine,6-mercapto-1-hexanol + benzenethiol + pyridine,3,3,0.2081951798820994,1594.4119764997627,0.1881951798820994,0.18303980507083858,0.0
existing/69,existing_real,existing_real,6-mercapto-1-hexanol + pyridine,6-mercapto-1-hexanol + benzenethiol + pyridine,6-mercapto-1-hexanol + benzenethiol + pyridine,3,3,0.21006744939906033,1609.0120412823974,0.19006744939906034,0.1810048859713164,0.0
existing/70,existing_real,existing_real,6-mercapto-1-hexanol + pyridine,6-mercapto-1-hexanol + benzenethiol + pyridine,6-mercapto-1-hexanol + benzenethiol + pyridine,3,3,0.20832620973101962,1601.494771871033,0.18832620973101963,0.17918189444663316,0.0
existing/71,existing_real,existing_real,6-mercapto-1-hexanol + pyridine,6-mercapto-1-hexanol + benzenethiol + pyridine,6-mercapto-1-hexanol + benzenethiol + pyridine,3,3,0.20836360001854234,1597.752252660821,0.18836360001854235,0.17912353712736281,0.0
existing/72,existing_real,existing_real,benzene + benzenethiol,benzene + benzenethiol,benzene + benzenethiol,2,2,0.12593171464781355,2190.536528205895,0.11593171464781354,0.1555292236062792,0.0
existing/73,existing_real,existing_real,benzene + benzenethiol,benzene + benzenethiol,benzene + benzenethiol,2,2,0.12824209695310196,2211.3158839576618,0.11824209695310196,0.15524631675661427,0.0
existing/74,existing_real,existing_real,benzene + benzenethiol,benzene + benzenethiol,benzene + benzenethiol,2,2,0.12715526394457546,2186.5711564428457,0.11715526394457546,0.15557042337388932,0.0
existing/75,existing_real,existing_real,benzene + benzenethiol,benzene + benzenethiol,benzene + benzenethiol,2,2,0.12660548241360609,2177.228948386192,0.11660548241360608,0.15566354770651242,0.0
existing/76,existing_real,existing_real,benzene + benzenethiol,benzene + benzenethiol,benzene + benzenethiol,2,2,0.13637431923393,2397.3537595136468,0.12637431923393,0.15500157281167007,0.0
existing/77,existing_real,existing_real,benzene + benzenethiol,benzene + benzenethiol,benzene + benzenethiol,2,2,0.13560687333144375,2364.131516539888,0.12560687333144374,0.15467504062403065,0.0
existing/78,existing_real,existing_real,benzene + benzenethiol,benzene + benzenethiol,benzene + benzenethiol,2,2,0.13686824504763126,2377.332938099053,0.12686824504763125,0.15451243708657458,0.0
existing/79,existing_real,existing_real,benzene + benzenethiol,benzene + benzenethiol,benzene + benzenethiol,2,2,0.13534346720833063,2341.3300806100415,0.12534346720833062,0.15424361414297882,0.0
existing/80,existing_real,existing_real,benzene + benzenethiol,benzene + benzenethiol,benzene + benzenethiol,2,2,0.1351463887829446,2330.6063337300766,0.1251463887829446,0.15401962859112758,0.0
existing/81,existing_real,existing_real,benzene + benzenethiol,benzene + benzenethiol,benzene + benzenethiol,2,2,0.13132851900637596,2256.338191265026,0.12132851900637596,0.15396050201799233,0.0
existing/82,existing_real,existing_real,benzene + benzenethiol,benzene + benzenethiol,benzene + benzenethiol,2,2,0.1345289315761506,2346.483058118665,0.12452893157615058,0.15452717522840775,0.0
existing/83,existing_real,existing_real,benzene + benzenethiol,benzene + benzenethiol,benzene + benzenethiol,2,2,0.12467075153255229,2164.87860439997,0.1146707515325523,0.15562075044991716,0.0
existing/84,existing_real,existing_real,benzene + benzenethiol,benzene + benzenethiol,benzene + benzenethiol,2,2,0.13171728843666614,2277.1947844002802,0.12171728843666614,0.15417082204559251,0.0
existing/85,existing_real,existing_real,benzene + benzenethiol,benzene + benzenethiol,benzene + benzenethiol,2,2,0.13653157576809363,2360.3441487721484,0.12653157576809362,0.15513224551387905,0.0
existing/86,existing_real,existing_real,benzene + benzenethiol,benzene + benzenethiol,benzene + benzenethiol,2,2,0.13668419294084036,2357.2823206991716,0.12668419294084035,0.1545258154181769,0.0
existing/87,existing_real,existing_real,benzene + benzenethiol,benzene + benzenethiol,benzene + benzenethiol,2,2,0.13653630539145742,2340.7974357057947,0.1265363053914574,0.15440952493123666,0.0
existing/88,existing_real,existing_real,benzene + benzenethiol,benzene + benzenethiol,benzene + benzenethiol,2,2,0.1361588629889196,2339.551652358796,0.1261588629889196,0.1542487833259049,0.0
existing/89,existing_real,existing_real,benzene + benzenethiol,benzene + benzenethiol,benzene + benzenethiol,2,2,0.14102129508970287,2463.2177168159574,0.13102129508970287,0.1536140419649628,0.0
existing/90,existing_real,existing_real,benzene + benzenethiol,benzene + benzenethiol,benzene + benzenethiol,2,2,0.14069424032893027,2446.8879851825873,0.13069424032893026,0.15406517912028217,0.0
existing/91,existing_real,existing_real,benzene + benzenethiol,benzene + benzenethiol,benzene + benzenethiol,2,2,0.14140020079401636,2444.046068989472,0.13140020079401635,0.15417313772917177,0.0
existing/92,existing_real,existing_real,benzene + benzenethiol,benzene + benzenethiol,benzene + benzenethiol,2,2,0.14205714257422591,2451.707274011743,0.1320571425742259,0.15403329162607157,0.0
existing/93,existing_real,existing_real,benzene + benzenethiol,benzene + benzenethiol,benzene + benzenethiol,2,2,0.14006559374516395,2397.913064786914,0.13006559374516394,0.15375582954476433,0.0
existing/94,existing_real,existing_real,benzene + benzenethiol,benzene + benzenethiol,benzene + benzenethiol,2,2,0.12569983640441892,2172.6480691544434,0.11569983640441893,0.15548130397606227,0.0
existing/95,existing_real,existing_real,benzene + benzenethiol,benzene + benzenethiol,benzene + benzenethiol,2,2,0.13674484784242877,2327.4641162301887,0.12674484784242876,0.1541083252135864,0.0
existing/96,existing_real,existing_real,benzene + benzenethiol,benzene + benzenethiol,benzene + benzenethiol,2,2,0.1402869000271794,2412.5526482569567,0.13028690002717938,0.15394327442633515,0.0
existing/97,existing_real,existing_real,benzene + benzenethiol,benzene + benzenethiol,benzene + benzenethiol,2,2,0.1422094635697174,2439.64491118236,0.13220946356971738,0.1537556912123693,0.0
existing/98,existing_real,existing_real,benzene + benzenethiol,benzene + benzenethiol,benzene + benzenethiol,2,2,0.14448124772085352,2465.6090502825523,0.13448124772085351,0.15348639587163554,0.0
existing/99,existing_real,existing_real,benzene + benzenethiol,benzene + benzenethiol,benzene + benzenethiol,2,2,0.14657334195973556,2494.766137471939,0.13657334195973556,0.15317553033836176,0.0
existing/100,existing_real,existing_real,benzene + benzenethiol,benzene + benzenethiol,benzene + benzenethiol,2,2,0.1479856747602294,2505.2219515339148,0.13798567476022938,0.15341099052272889,0.0
existing/101,existing_real,existing_real,benzene + benzenethiol,benzene + benzenethiol,benzene + benzenethiol,2,2,0.14694902693762377,2475.0711045679227,0.13694902693762376,0.1528851468367157,0.0
existing/102,existing_real,existing_real,benzene + benzenethiol,benzene + benzenethiol,benzene + benzenethiol,2,2,0.12857933573071997,2224.3958404834975,0.11857933573071996,0.15529039505162612,0.0
existing/103,existing_real,existing_real,benzene + benzenethiol,benzene + benzenethiol,benzene + benzenethiol,2,2,0.12628004302465684,2173.0180781172367,0.11628004302465685,0.15534059933050898,0.0
existing/104,existing_real,existing_real,benzene + benzenethiol,benzene + benzenethiol,benzene + benzenethiol,2,2,0.1253156245124286,2148.78365624711,0.11531562451242859,0.15501517232645168,0.0
existing/105,existing_real,existing_real,benzene + benzenethiol,benzene + benzenethiol,benzene + benzenethiol,2,2,0.1332224560798734,2333.3835284251286,0.12322245607987341,0.15498574447278296,0.0
existing/106,existing_real,existing_real,benzene + benzenethiol,benzene + benzenethiol,benzene + benzenethiol,2,2,0.13114181550153398,2283.8099279712396,0.12114181550153397,0.1549273218462019,0.0
existing/107,existing_real,existing_real,benzene + benzenethiol,benzene + benzenethiol,benzene + benzenethiol,2,2,0.12666684309756457,2186.5259115616163,0.11666684309756457,0.15517344572005345,0.0
existing/108,existing_real,existing_real,benzene + etoh,benzene + etoh,benzene + etoh,2,2,0.10184913443702585,1179.2919511717812,0.09184913443702586,0.4792448263438922,0.0
existing/109,existing_real,existing_real,benzene + etoh,benzene + etoh,benzene + etoh,2,2,0.10155848830195903,1147.9334049190518,0.09155848830195903,0.47060931451699356,0.0
existing/110,existing_real,existing_real,benzene + etoh,benzene + etoh,benzene + etoh,2,2,0.10299704920148076,1171.8517727738415,0.09299704920148076,0.4824873280295339,0.0
existing/111,existing_real,existing_real,benzene + etoh,benzene + etoh,benzene + etoh,2,2,0.09861536099471589,1105.633203980391,0.0886153609947159,0.4836374031379168,0.0
existing/112,existing_real,existing_real,benzene + etoh,benzene + etoh,benzene + etoh,2,2,0.11085213188805138,1283.7324641085693,0.10085213188805138,0.4786365329996635,0.0
existing/113,existing_real,existing_real,benzene + etoh,benzene + etoh,benzene + etoh,2,2,0.11274415635619517,1306.5095430208678,0.10274415635619517,0.46767910777816124,0.0
existing/114,existing_real,existing_real,benzene + etoh,benzene + etoh,benzene + etoh,2,2,0.11365960091239484,1318.1285778948998,0.10365960091239484,0.463685127710092,0.0
existing/115,existing_real,existing_real,benzene + etoh,benzene + etoh,benzene + etoh,2,2,0.11142796741593977,1289.6220968798436,0.10142796741593978,0.48240458850044654,0.0
existing/116,existing_real,existing_real,benzene + etoh,benzene + etoh,benzene + etoh,2,2,0.10709006289748775,1224.8237312021745,0.09709006289748776,0.48263895830227904,0.0
existing/117,existing_real,existing_real,benzene + etoh,benzene + etoh,benzene + etoh,2,2,0.10788212077923677,1232.0053339553133,0.09788212077923678,0.4879948605707247,0.0
existing/118,existing_real,existing_real,benzene + etoh,benzene + etoh,benzene + etoh,2,2,0.11700718862458383,1378.4041728637415,0.10700718862458383,0.4608066650848906,0.0
existing/119,existing_real,existing_real,benzene + etoh,benzene + etoh,benzene + etoh,2,2,0.10090312852309145,1157.0931372445718,0.09090312852309146,0.4823884304321945,0.0
existing/120,existing_real,existing_real,benzene + etoh,benzene + etoh,benzene + etoh,2,2,0.11159954030783306,1301.373915568528,0.10159954030783307,0.4601970541881503,0.0
existing/121,existing_real,existing_real,benzene + etoh,benzene + etoh,benzene + etoh,2,2,0.108851107921834,1259.6761223336207,0.098851107921834,0.4846066168971943,0.0
existing/122,existing_real,existing_real,benzene + etoh,benzene + etoh,benzene + etoh,2,2,0.10958603779399424,1265.757828679326,0.09958603779399425,0.48340493390098155,0.0
existing/123,existing_real,existing_real,benzene + etoh,benzene + etoh,benzene + etoh,2,2,0.11131688941422782,1289.3705392019326,0.10131688941422783,0.4825376556314148,0.0
existing/124,existing_real,existing_real,benzene + etoh,benzene + etoh,benzene + etoh,2,2,0.10818066648431096,1247.9679783685256,0.09818066648431097,0.48503496152805886,0.0
existing/125,existing_real,existing_real,benzene + etoh,benzene + etoh,benzene + etoh,2,2,0.11509655161508636,1354.9539507615134,0.10509655161508637,0.47195651351610407,0.0
existing/126,existing_real,existing_real,benzene + etoh,benzene + etoh,benzene + etoh,2,2,0.11339672686141541,1335.8909420821253,0.10339672686141542,0.46666982628888337,0.0
existing/127,existing_real,existing_real,benzene + etoh,benzene + etoh,benzene + etoh,2,2,0.10998799729444234,1291.3968807182682,0.09998799729444234,0.4702797032518628,0.0
existing/128,existing_real,existing_real,benzene + etoh,benzene + etoh,benzene + etoh,2,2,0.10540187808658912,1228.946972852242,0.09540187808658912,0.4814804800730647,0.0
existing/129,existing_real,existing_real,benzene + etoh,benzene + etoh,benzene + etoh,2,2,0.1106817907932044,1297.3858775428544,0.1006817907932044,0.47095859088093384,0.0
existing/130,existing_real,existing_real,benzene + etoh,benzene + etoh,benzene + etoh,2,2,0.10217281571126695,1169.8880562136367,0.09217281571126695,0.48441595476214966,0.0
existing/131,existing_real,existing_real,benzene + etoh,benzene + etoh,benzene + etoh,2,2,0.10864936026884991,1264.4718431639553,0.09864936026884992,0.482852146894388,0.0
existing/132,existing_real,existing_real,benzene + etoh,benzene + etoh,benzene + etoh,2,2,0.11132433203162187,1308.0414964832548,0.10132433203162187,0.4615034073482347,0.0
existing/133,existing_real,existing_real,benzene + etoh,benzene + etoh,benzene + etoh,2,2,0.10785977032053755,1263.4075997099294,0.09785977032053755,0.4704414863031979,0.0
existing/134,existing_real,existing_real,benzene + etoh,benzene + etoh,benzene + etoh,2,2,0.10651330569993994,1243.4326619399558,0.09651330569993995,0.464427024659855,0.0
existing/135,existing_real,existing_real,benzene + etoh,benzene + etoh,benzene + etoh,2,2,0.10402121119111526,1210.01403459936,0.09402121119111527,0.48241399539987706,0.0
existing/136,existing_real,existing_real,benzene + etoh,benzene + etoh,benzene + etoh,2,2,0.10420045364986374,1214.50468841013,0.09420045364986375,0.4838395983470893,0.0
existing/137,existing_real,existing_real,benzene + etoh,benzene + etoh,benzene + etoh,2,2,0.10370479354734717,1203.156810961961,0.09370479354734718,0.48333306714560026,0.0
existing/138,existing_real,existing_real,benzene + etoh,benzene + etoh,benzene + etoh,2,2,0.09872119293741406,1120.2989690483387,0.08872119293741407,0.4801673576132549,0.0
existing/139,existing_real,existing_real,benzene + etoh,benzene + etoh,benzene + etoh,2,2,0.09786901656277805,1106.0790548022999,0.08786901656277805,0.4839251117822235,0.0
existing/140,existing_real,existing_real,benzene + etoh,benzene + etoh,benzene + etoh,2,2,0.10018831371789894,1131.2044026014678,0.09018831371789894,0.48205681671536305,0.0
existing/141,existing_real,existing_real,benzene + etoh,benzene + etoh,benzene + etoh,2,2,0.09561631291073766,1083.115168312176,0.08561631291073767,0.48100511086095243,0.0
existing/142,existing_real,existing_real,benzene + etoh,benzene + etoh,benzene + etoh,2,2,0.09530792730769912,1071.728342739276,0.08530792730769912,0.4839976299347556,0.0
existing/143,existing_real,existing_real,benzene + etoh,benzene + etoh,benzene + etoh,2,2,0.10013655975895312,1123.136521527635,0.09013655975895313,0.47921174483472073,0.0
existing/144,existing_real,existing_real,benzene + meoh,benzene + meoh,benzene + meoh,2,2,0.08857583719693994,1104.9156443632519,0.07857583719693995,0.4275528816109748,9.224940612066622
existing/145,existing_real,existing_real,benzene + meoh,benzene + meoh,benzene + meoh,2,2,0.06901304483932737,792.5200003697911,0.059013044839327365,0.4266847538228581,0.0
existing/146,existing_real,existing_real,benzene + meoh,benzene + meoh,benzene + meoh,2,2,0.07214555538916742,831.6174455262087,0.06214555538916742,0.42623099327658176,0.0
existing/147,existing_real,existing_real,benzene + meoh,benzene + meoh,benzene + meoh,2,2,0.07897804438559533,921.8493243946095,0.06897804438559534,0.4267425516793956,0.0
existing/148,existing_real,existing_real,benzene + meoh,benzene + meoh,benzene + meoh,2,2,0.08999536863279987,1052.599662987096,0.07999536863279988,0.4254953290484376,0.0
existing/149,existing_real,existing_real,benzene + meoh,benzene + meoh,benzene + meoh,2,2,0.0923683558940248,1110.054640895271,0.0823683558940248,0.4263562868424451,0.0
existing/150,existing_real,existing_real,benzene + meoh,benzene + meoh,benzene + meoh,2,2,0.0920029348071742,1119.6327798613404,0.0820029348071742,0.42781039903892465,0.0
existing/151,existing_real,existing_real,benzene + meoh,benzene + meoh,benzene + meoh,2,2,0.0913265691469799,1114.441012545706,0.0813265691469799,0.42726715686206596,0.0
existing/152,existing_real,existing_real,benzene + meoh,benzene + meoh,benzene + meoh,2,2,0.08759131817351366,1063.3498772035118,0.07759131817351367,0.4314340247450933,0.0
existing/153,existing_real,existing_real,benzene + meoh,benzene + meoh,benzene + meoh,2,2,0.08342719674488963,1004.8170221624879,0.07342719674488964,0.42808692796864073,0.0
existing/154,existing_real,existing_real,benzene + meoh,benzene + meoh,benzene + meoh,2,2,0.08292474604120842,1001.6057488572051,0.07292474604120842,0.42702978447103646,0.0
existing/155,existing_real,existing_real,benzene + meoh,benzene + meoh,benzene + meoh,2,2,0.08568060677598945,1058.5938380686791,0.07568060677598945,0.4248709021080959,0.0
existing/156,existing_real,existing_real,benzene + meoh,benzene + meoh,benzene + meoh,2,2,0.0786119689702763,944.3305338320656,0.0686119689702763,0.42689025836626177,0.0
existing/157,existing_real,existing_real,benzene + meoh,benzene + meoh,benzene + meoh,2,2,0.07387439060796407,884.3072966899218,0.06387439060796407,0.42771856125789326,0.0
existing/158,existing_real,existing_real,benzene + meoh,benzene + meoh,benzene + meoh,2,2,0.07165003456112223,852.163975433871,0.06165003456112223,0.42548243952366327,0.0
existing/159,existing_real,existing_real,benzene + meoh,benzene + meoh,benzene + meoh,2,2,0.0712565595807919,842.6434655089291,0.0612565595807919,0.42559431657678676,0.0
existing/160,existing_real,existing_real,benzene + meoh,benzene + meoh,benzene + meoh,2,2,0.06931565816267554,815.7881405281203,0.05931565816267555,0.42419070138997494,0.0
existing/161,existing_real,existing_real,benzene + meoh,benzene + meoh,benzene + meoh,2,2,0.06633734358728793,774.2982547036373,0.05633734358728794,0.4244057839101971,0.0
existing/162,existing_real,existing_real,benzene + meoh,benzene + meoh,benzene + meoh,2,2,0.06320780856189975,732.8509128637,0.05320780856189975,0.4277819799666022,0.0
existing/163,existing_real,existing_real,benzene + meoh,benzene + meoh,benzene + meoh,2,2,0.06132236684914941,707.7454418458473,0.051322366849149405,0.42770977423212786,0.0
existing/164,existing_real,existing_real,benzene + meoh,benzene + meoh,benzene + meoh,2,2,0.05821288784759401,662.7585302667865,0.048212887847594005,0.4258527425050532,0.0
existing/165,existing_real,existing_real,benzene + meoh,benzene + meoh,benzene + meoh,2,2,0.05756750397840919,652.7060777550142,0.04756750397840919,0.4258470454211024,0.0
existing/166,existing_real,existing_real,benzene + meoh,benzene + meoh,benzene + meoh,2,2,0.0840610403895715,1034.8036025956712,0.07406104038957151,0.42700898469683973,0.0
existing/167,existing_real,existing_real,benzene + meoh,benzene + meoh,benzene + meoh,2,2,0.05181611009405168,573.5070708564741,0.04181611009405168,0.426123089987402,0.0
existing/168,existing_real,existing_real,benzene + meoh,benzene + meoh,benzene + meoh,2,2,0.04768796282204789,517.2419750573581,0.03768796282204789,0.42665708930608043,0.0
existing/169,existing_real,existing_real,benzene + meoh,benzene + meoh,benzene + meoh,2,2,0.050180796794735597,552.430123704011,0.040180796794735595,0.42712786186111873,0.0
existing/170,existing_real,existing_real,benzene + meoh,benzene + meoh,benzene + meoh,2,2,0.04642220089717991,498.45565563483393,0.03642220089717991,0.42869116753927233,0.0
existing/171,existing_real,existing_real,benzene + meoh,benzene + meoh,benzene + meoh,2,2,0.044930820661244306,477.29689563150254,0.034930820661244304,0.42400632264535615,0.0
existing/172,existing_real,existing_real,benzene + meoh,benzene + meoh,benzene + meoh,2,2,0.0478082780733656,519.1099081252449,0.0378082780733656,0.42735722756471856,0.0
existing/173,existing_real,existing_real,benzene + meoh,benzene + meoh,benzene + meoh,2,2,0.047302480504433336,510.25021905106564,0.037302480504433334,0.42699976166115117,0.0
existing/174,existing_real,existing_real,benzene + meoh,benzene + meoh,benzene + meoh,2,2,0.08313279346247146,1019.6729078237871,0.07313279346247147,0.4269135918616404,0.0
existing/175,existing_real,existing_real,benzene + meoh,benzene + meoh,benzene + meoh,2,2,0.07961892057224457,962.7280678263161,0.06961892057224457,0.4264544029364094,0.0
existing/176,existing_real,existing_real,benzene + meoh,benzene + meoh,benzene + meoh,2,2,0.07952350140298878,957.2403381974628,0.06952350140298878,0.4252687631306257,0.0
existing/177,existing_real,existing_real,benzene + meoh,benzene + meoh,benzene + meoh,2,2,0.07825831652872049,940.9887784170036,0.0682583165287205,0.42723312887935344,0.0
existing/178,existing_real,existing_real,benzene + meoh,benzene + meoh,benzene + meoh,2,2,0.0757292817716379,899.0005326571059,0.0657292817716379,0.42755015220088893,0.0
existing/179,existing_real,existing_real,benzene + meoh,benzene + meoh,benzene + meoh,2,2,0.07490631034086732,877.8816635053714,0.06490631034086733,0.42567342607528486,0.0
existing/180,existing_real,existing_real,1-dodecanethiol + etoh,1-dodecanethiol + etoh,1-dodecanethiol + etoh,2,2,0.07374066468709206,130.25985888210468,0.06374066468709207,0.41893683055803593,0.0
existing/181,existing_real,existing_real,1-dodecanethiol + etoh,1-dodecanethiol + etoh,1-dodecanethiol + etoh,2,2,0.07741177858509722,132.03978902480827,0.06741177858509723,0.41718131267055647,0.0
existing/182,existing_real,existing_real,1-dodecanethiol + etoh,1-dodecanethiol + etoh,1-dodecanethiol + etoh,2,2,0.07507948944501606,128.29100015982726,0.06507948944501607,0.44019670626927904,0.0
existing/183,existing_real,existing_real,1-dodecanethiol + etoh,1-dodecanethiol + etoh,1-dodecanethiol + etoh,2,2,0.07380207108118188,125.82482665762237,0.06380207108118188,0.4169322317534819,0.0
existing/184,existing_real,existing_real,1-dodecanethiol + etoh,1-dodecanethiol + etoh,1-dodecanethiol + etoh,2,2,0.07372573799223314,130.45379378405633,0.06372573799223315,0.3923758216754696,0.0
existing/185,existing_real,existing_real,1-dodecanethiol + etoh,1-dodecanethiol + etoh,1-dodecanethiol + etoh,2,2,0.07433026155965243,129.9805195519744,0.06433026155965244,0.4652479839566156,0.0
existing/186,existing_real,existing_real,1-dodecanethiol + etoh,1-dodecanethiol + etoh,1-dodecanethiol + etoh,2,2,0.0792658823988076,137.71191177132826,0.0692658823988076,0.4204579462003262,0.0
existing/187,existing_real,existing_real,1-dodecanethiol + etoh,1-dodecanethiol + etoh,1-dodecanethiol + etoh,2,2,0.07595297938524675,130.67448600753391,0.06595297938524676,0.3880106687625123,0.0
existing/188,existing_real,existing_real,1-dodecanethiol + etoh,1-dodecanethiol + etoh,1-dodecanethiol + etoh,2,2,0.07092930545227978,120.57768620425209,0.060929305452279786,0.4336908385652867,0.0
existing/189,existing_real,existing_real,1-dodecanethiol + etoh,1-dodecanethiol + etoh,1-dodecanethiol + etoh,2,2,0.07484303965396087,129.10633717138373,0.06484303965396088,0.41288520515996785,0.0
existing/190,existing_real,existing_real,1-dodecanethiol + etoh,1-dodecanethiol + etoh,1-dodecanethiol + etoh,2,2,0.07529455773977331,135.05408419548198,0.06529455773977332,0.40783402641769345,0.0
existing/191,existing_real,existing_real,1-dodecanethiol + etoh,1-dodecanethiol + etoh,1-dodecanethiol + etoh,2,2,0.07453196629091725,129.82253105851908,0.06453196629091726,0.3942477681808376,0.0
existing/192,existing_real,existing_real,1-dodecanethiol + etoh,1-dodecanethiol + etoh,1-dodecanethiol + etoh,2,2,0.07232257184424548,127.25177862790892,0.062322571844245486,0.4202987117481871,0.0
existing/193,existing_real,existing_real,1-dodecanethiol + etoh,1-dodecanethiol + etoh,1-dodecanethiol + etoh,2,2,0.07674820709801314,134.38672045233966,0.06674820709801314,0.4237922280220577,0.0
existing/194,existing_real,existing_real,1-dodecanethiol + etoh,1-dodecanethiol + etoh,1-dodecanethiol + etoh,2,2,0.07490440351498404,129.22802014841298,0.06490440351498404,0.39985504119233445,0.0
existing/195,existing_real,existing_real,1-dodecanethiol + etoh,1-dodecanethiol + etoh,1-dodecanethiol + etoh,2,2,0.07503027737731331,129.31222740079505,0.06503027737731332,0.41012002345958337,0.0
existing/196,existing_real,existing_real,1-dodecanethiol + etoh,1-dodecanethiol + etoh,1-dodecanethiol + etoh,2,2,0.07569158304672612,130.29706701449143,0.06569158304672612,0.4163459363028093,0.0
existing/197,existing_real,existing_real,1-dodecanethiol + etoh,1-dodecanethiol + etoh,1-dodecanethiol + etoh,2,2,0.07116353516185499,127.1944973668111,0.061163535161854986,0.4104990471438817,0.0
existing/198,existing_real,existing_real,1-dodecanethiol + etoh,1-dodecanethiol + etoh,1-dodecanethiol + etoh,2,2,0.07327897618467535,129.8264991666532,0.06327897618467536,0.39980384130053115,0.0
existing/199,existing_real,existing_real,1-dodecanethiol + etoh,1-dodecanethiol + etoh,1-dodecanethiol + etoh,2,2,0.07674324875816065,135.72875845952908,0.06674324875816065,0.42212311651197204,0.0
existing/200,existing_real,existing_real,1-dodecanethiol + etoh,1-dodecanethiol + etoh,1-dodecanethiol + etoh,2,2,0.0772154518363276,135.08051878359714,0.0672154518363276,0.406426574730916,0.0
existing/201,existing_real,existing_real,1-dodecanethiol + etoh,1-dodecanethiol + etoh,1-dodecanethiol + etoh,2,2,0.07634479639321061,132.7237969165111,0.06634479639321061,0.40721599833332706,0.0
existing/202,existing_real,existing_real,1-dodecanethiol + etoh,1-dodecanethiol + etoh,1-dodecanethiol + etoh,2,2,0.07341759645998878,125.92174518093258,0.06341759645998879,0.4169876928996272,0.0
existing/203,existing_real,existing_real,1-dodecanethiol + etoh,1-dodecanethiol + etoh,1-dodecanethiol + etoh,2,2,0.07485715151159313,130.13408097981608,0.06485715151159313,0.40917300607005774,0.0
existing/204,existing_real,existing_real,1-dodecanethiol + etoh,1-dodecanethiol + etoh,1-dodecanethiol + etoh,2,2,0.07842701881614934,142.85412912178774,0.06842701881614935,0.4114842648752781,0.0
existing/205,existing_real,existing_real,1-dodecanethiol + etoh,1-dodecanethiol + etoh,1-dodecanethiol + etoh,2,2,0.07632567142856582,137.4452056075526,0.06632567142856582,0.39770762639300816,0.0
existing/206,existing_real,existing_real,1-dodecanethiol + etoh,1-dodecanethiol + etoh,1-dodecanethiol + etoh,2,2,0.07801124981739861,139.69062935944942,0.06801124981739862,0.4317549372132696,0.0
existing/207,existing_real,existing_real,1-dodecanethiol + etoh,1-dodecanethiol + etoh,1-dodecanethiol + etoh,2,2,0.07719952265944666,136.55673698513337,0.06719952265944666,0.38396600563944977,0.0
existing/208,existing_real,existing_real,1-dodecanethiol + etoh,1-dodecanethiol + etoh,1-dodecanethiol + etoh,2,2,0.07727948939268586,136.3397727617801,0.06727948939268587,0.4359088080978658,0.0
existing/209,existing_real,existing_real,1-dodecanethiol + etoh,1-dodecanethiol + etoh,1-dodecanethiol + etoh,2,2,0.07813218201319322,138.8711810187435,0.06813218201319322,0.3952580177766071,0.0
existing/210,existing_real,existing_real,1-dodecanethiol + etoh,1-dodecanethiol + etoh,1-dodecanethiol + etoh,2,2,0.07434937970619172,126.37729858967054,0.06434937970619173,0.41727763607255747,0.0
existing/211,existing_real,existing_real,1-dodecanethiol + etoh,1-dodecanethiol + etoh,1-dodecanethiol + etoh,2,2,0.07627900743613762,128.9271280567024,0.06627900743613763,0.4029198744857874,0.0
existing/212,existing_real,existing_real,1-dodecanethiol + etoh,1-dodecanethiol + etoh,1-dodecanethiol + etoh,2,2,0.07360752102878958,124.72416175775814,0.06360752102878958,0.43024873472128683,0.0
existing/213,existing_real,existing_real,1-dodecanethiol + etoh,1-dodecanethiol + etoh,1-dodecanethiol + etoh,2,2,0.0751274623567488,133.28827679726308,0.06512746235674881,0.4108186592916078,0.0
existing/214,existing_real,existing_real,1-dodecanethiol + etoh,1-dodecanethiol + etoh,1-dodecanethiol + etoh,2,2,0.07428535113016992,129.56552339508593,0.06428535113016992,0.43129998619952764,0.0
existing/215,existing_real,existing_real,1-dodecanethiol + etoh,1-dodecanethiol + etoh,1-dodecanethiol + etoh,2,2,0.0728557724821318,125.36156268832288,0.06285577248213181,0.4190148539022068,0.0
existing/216,existing_real,existing_real,etoh + meoh,etoh + meoh,etoh + meoh,2,2,0.10286378920448846,162.7814764829067,0.09286378920448847,0.4191697033773392,0.0
existing/217,existing_real,existing_real,etoh + meoh,etoh + meoh,etoh + meoh,2,2,0.10280553572063271,163.20718531916347,0.09280553572063271,0.42101970224907553,0.0
existing/218,existing_real,existing_real,etoh + meoh,etoh + meoh,etoh + meoh,2,2,0.10402874668918922,164.6804548877272,0.09402874668918923,0.4204786091730566,0.0
existing/219,existing_real,existing_real,etoh + meoh,etoh + meoh,etoh + meoh,2,2,0.10685239224942175,170.642708096031,0.09685239224942176,0.42096622602463085,0.0
existing/220,existing_real,existing_real,etoh + meoh,etoh + meoh,etoh + meoh,2,2,0.1001696400042941,157.43551447033488,0.0901696400042941,0.4193961571114211,0.0
existing/221,existing_real,existing_real,etoh + meoh,etoh + meoh,etoh + meoh,2,2,0.10589596563085824,166.1026769273958,0.09589596563085824,0.4188726514832316,0.0
existing/222,existing_real,existing_real,etoh + meoh,etoh + meoh,etoh + meoh,2,2,0.1072006953776804,170.27158280292338,0.0972006953776804,0.4207324750509425,0.0
existing/223,existing_real,existing_real,etoh + meoh,etoh + meoh,etoh + meoh,2,2,0.10421249734795181,164.04506173714503,0.09421249734795181,0.4223590988150764,0.0
existing/224,existing_real,existing_real,etoh + meoh,etoh + meoh,etoh + meoh,2,2,0.09820237630413009,154.0497593300383,0.0882023763041301,0.42075834718429206,0.0
existing/225,existing_real,existing_real,etoh + meoh,etoh + meoh,etoh + meoh,2,2,0.1040367042643626,164.53416634557644,0.0940367042643626,0.4183421120357429,0.0
existing/226,existing_real,existing_real,etoh + meoh,etoh + meoh,etoh + meoh,2,2,0.09781128013455999,152.0171672274903,0.08781128013456,0.42292872007113014,0.0
existing/227,existing_real,existing_real,etoh + meoh,etoh + meoh,etoh + meoh,2,2,0.10431496653930261,166.22715300662338,0.09431496653930262,0.4223599699735055,0.0
existing/228,existing_real,existing_real,etoh + meoh,etoh + meoh,etoh + meoh,2,2,0.1038793728103141,164.02190360461032,0.09387937281031411,0.421241804014386,0.0
existing/229,existing_real,existing_real,etoh + meoh,etoh + meoh,etoh + meoh,2,2,0.10566858103288311,167.35460333461901,0.09566858103288312,0.42099371305938793,0.0
existing/230,existing_real,existing_real,etoh + meoh,etoh + meoh,etoh + meoh,2,2,0.10458295752724017,165.27865200615133,0.09458295752724018,0.41962047452147955,0.0
existing/231,existing_real,existing_real,etoh + meoh,etoh + meoh,etoh + meoh,2,2,0.10197431715799087,159.51971038791004,0.09197431715799087,0.42072076129101627,0.0
existing/232,existing_real,existing_real,etoh + meoh,etoh + meoh,etoh + meoh,2,2,0.09977049414572657,156.30898326977558,0.08977049414572658,0.4185749483886801,0.0
existing/233,existing_real,existing_real,etoh + meoh,etoh + meoh,etoh + meoh,2,2,0.09922697648745495,155.4049420787182,0.08922697648745495,0.4170104645066431,0.0
existing/234,existing_real,existing_real,etoh + meoh,etoh + meoh,etoh + meoh,2,2,0.09557073656344386,148.99989284175967,0.08557073656344387,0.42186333571850165,0.0
existing/235,existing_real,existing_real,etoh + meoh,etoh + meoh,etoh + meoh,2,2,0.10281668983973645,161.4627000344117,0.09281668983973645,0.4213859485150434,0.0
existing/236,existing_real,existing_real,etoh + meoh,etoh + meoh,etoh + meoh,2,2,0.09993353002381437,155.30673748053795,0.08993353002381438,0.41891568831038956,0.0
existing/237,existing_real,existing_real,etoh + meoh,etoh + meoh,etoh + meoh,2,2,0.09966663003033442,155.3506258144197,0.08966663003033443,0.42298547037477385,0.0
existing/238,existing_real,existing_real,etoh + meoh,etoh + meoh,etoh + meoh,2,2,0.10217464205662186,162.3873161568028,0.09217464205662186,0.41765446804051326,0.0
existing/239,existing_real,existing_real,etoh + meoh,etoh + meoh,etoh + meoh,2,2,0.10033172020482381,156.63250244165036,0.09033172020482381,0.41826524116724717,0.0
existing/240,existing_real,existing_real,etoh + meoh,etoh + meoh,etoh + meoh,2,2,0.09847421201273346,153.5598811921483,0.08847421201273346,0.4162184114383181,0.0
existing/241,existing_real,existing_real,etoh + meoh,etoh + meoh,etoh + meoh,2,2,0.10449719593764188,164.86715925868157,0.09449719593764189,0.4227026758658974,0.0
existing/242,existing_real,existing_real,etoh + meoh,etoh + meoh,etoh + meoh,2,2,0.09848878586881936,154.48266121704856,0.08848878586881936,0.42095660526151324,0.0
existing/243,existing_real,existing_real,etoh + meoh,etoh + meoh,etoh + meoh,2,2,0.10185980176770605,160.04895603417643,0.09185980176770606,0.4207816248573461,0.0
existing/244,existing_real,existing_real,etoh + meoh,etoh + meoh,etoh + meoh,2,2,0.101581935933378,158.75154890516436,0.091581935933378,0.42212943798033914,0.0
existing/245,existing_real,existing_real,etoh + meoh,etoh + meoh,etoh + meoh,2,2,0.10001041900900488,156.9710131991033,0.09001041900900489,0.4181917683373671,0.0
existing/246,existing_real,existing_real,etoh + meoh,etoh + meoh,etoh + meoh,2,2,0.10302647305896175,160.04610893121588,0.09302647305896175,0.41853663742596725,0.0
existing/247,existing_real,existing_real,etoh + meoh,etoh + meoh,etoh + meoh,2,2,0.10098861437630417,157.46989234442407,0.09098861437630418,0.41761573521916495,0.0
existing/248,existing_real,existing_real,etoh + meoh,etoh + meoh,etoh + meoh,2,2,0.1048230880343595,164.72436761186736,0.0948230880343595,0.42156313317631905,0.0
existing/249,existing_real,existing_real,etoh + meoh,etoh + meoh,etoh + meoh,2,2,0.10222239729500207,161.4760092109659,0.09222239729500208,0.41923745940075796,0.0
existing/250,existing_real,existing_real,etoh + meoh,etoh + meoh,etoh + meoh,2,2,0.09900371644688226,153.93449306886615,0.08900371644688226,0.41894847546155456,0.0
existing/251,existing_real,existing_real,etoh + meoh,etoh + meoh,etoh + meoh,2,2,0.10145706024757895,158.74079102796836,0.09145706024757895,0.4179185084302814,0.0
existing/252,existing_real,existing_real,etoh + meoh,etoh + meoh,etoh + meoh,2,2,0.10145325232173055,159.04797982006843,0.09145325232173056,0.4202363892042625,0.0
existing/253,existing_real,existing_real,etoh + meoh,etoh + meoh,etoh + meoh,2,2,0.10605318705459643,166.20840233678837,0.09605318705459644,0.41814630476919246,0.0
existing/254,existing_real,existing_real,etoh + meoh,etoh + meoh,etoh + meoh,2,2,0.10459916445043899,162.7525617269586,0.09459916445043899,0.4236015275385962,0.0
existing/255,existing_real,existing_real,etoh + meoh,etoh + meoh,etoh + meoh,2,2,0.10013380992202955,154.32215871772817,0.09013380992202956,0.41564050182820883,0.0
existing/256,existing_real,existing_real,etoh + meoh,etoh + meoh,etoh + meoh,2,2,0.10176586208374185,156.7840432292546,0.09176586208374185,0.41796221842578934,0.0
existing/257,existing_real,existing_real,etoh + meoh,etoh + meoh,etoh + meoh,2,2,0.09715345952470021,149.8894917588248,0.08715345952470022,0.41899277109551214,0.0
existing/258,existing_real,existing_real,etoh + meoh,etoh + meoh,etoh + meoh,2,2,0.09968021522354427,154.70818685741312,0.08968021522354427,0.41685944166823746,0.0
existing/259,existing_real,existing_real,etoh + meoh,etoh + meoh,etoh + meoh,2,2,0.1026007877974909,160.76426822959542,0.09260078779749091,0.4179700249943706,0.0
existing/260,existing_real,existing_real,etoh + meoh,etoh + meoh,etoh + meoh,2,2,0.10206982106142178,160.53034516669885,0.09206982106142178,0.4211395685786182,0.0
existing/261,existing_real,existing_real,etoh + meoh,etoh + meoh,etoh + meoh,2,2,0.10290075002116611,163.45678047545547,0.09290075002116611,0.41689687707846834,0.0
existing/262,existing_real,existing_real,etoh + meoh,etoh + meoh,etoh + meoh,2,2,0.1064673007542202,167.65795601008148,0.0964673007542202,0.41859208791429287,0.0
existing/263,existing_real,existing_real,etoh + meoh,etoh + meoh,etoh + meoh,2,2,0.10161239747722638,161.16651901588844,0.09161239747722638,0.41760911577308185,0.0
existing/264,existing_real,existing_real,etoh + meoh,etoh + meoh,etoh + meoh,2,2,0.10173022635025053,159.14218965795587,0.09173022635025053,0.4171501120700294,0.0
existing/265,existing_real,existing_real,1-dodecanethiol + meoh,1-dodecanethiol + meoh,1-dodecanethiol + meoh,2,2,0.09450179065884777,164.3500161234137,0.08450179065884778,0.1332690772155131,26.336381582809253
existing/266,existing_real,existing_real,1-dodecanethiol + meoh,1-dodecanethiol + meoh,1-dodecanethiol + meoh,2,2,0.08833808840757729,144.2919891990024,0.07833808840757729,0.1373518694133807,16.941777244769227
existing/267,existing_real,existing_real,1-dodecanethiol + meoh,1-dodecanethiol + meoh,1-dodecanethiol + meoh,2,2,0.09912811247380586,152.3362723221774,0.08912811247380586,0.10515070327653298,29.94455682533662
existing/268,existing_real,existing_real,1-dodecanethiol + meoh,1-dodecanethiol + meoh,1-dodecanethiol + meoh,2,2,0.0955621662687921,154.77107091082271,0.08556216626879211,0.09927245990082945,53.40157935862971
existing/269,existing_real,existing_real,1-dodecanethiol + meoh,1-dodecanethiol + meoh,1-dodecanethiol + meoh,2,2,0.09088864802766637,167.1633836970681,0.08088864802766638,0.09248308859154898,29.813870182168387
existing/270,existing_real,existing_real,1-dodecanethiol + meoh,1-dodecanethiol + meoh,1-dodecanethiol + meoh,2,2,0.08795015516872079,157.15116426487168,0.0779501551687208,0.09689604982355791,18.817503095811052
existing/271,existing_real,existing_real,1-dodecanethiol + meoh,1-dodecanethiol + meoh,1-dodecanethiol + meoh,2,2,0.10580038723127166,151.44020290433843,0.09580038723127167,0.12209785957418876,25.202367539708174
existing/272,existing_real,existing_real,1-dodecanethiol + meoh,1-dodecanethiol + meoh,1-dodecanethiol + meoh,2,2,0.10265297704344815,139.1228759934493,0.09265297704344816,0.14009183040674975,44.30611031201099
existing/273,existing_real,existing_real,1-dodecanethiol + meoh,1-dodecanethiol + meoh,1-dodecanethiol + meoh,2,2,0.09231856421696398,144.84200285920173,0.08231856421696399,0.11766546020157424,21.689343221048198
existing/274,existing_real,existing_real,1-dodecanethiol + meoh,1-dodecanethiol + meoh,1-dodecanethiol + meoh,2,2,0.09805589450773344,144.43182571898686,0.08805589450773345,0.12361667934116091,39.690068530467805
existing/275,existing_real,existing_real,1-dodecanethiol + meoh,1-dodecanethiol + meoh,1-dodecanethiol + meoh,2,2,0.11070375821491019,136.9988792122198,0.10070375821491019,0.14453281652483974,42.53043233231689
existing/276,existing_real,existing_real,1-dodecanethiol + meoh,1-dodecanethiol + meoh,1-dodecanethiol + meoh,2,2,0.09766216326900465,124.27764558831909,0.08766216326900465,0.14140740465751298,27.69534866245133
existing/277,existing_real,existing_real,1-dodecanethiol + meoh,1-dodecanethiol + meoh,1-dodecanethiol + meoh,2,2,0.09045102295861204,146.7255461021993,0.08045102295861205,0.13354925845968477,27.383450283040087
existing/278,existing_real,existing_real,1-dodecanethiol + meoh,1-dodecanethiol + meoh,1-dodecanethiol + meoh,2,2,0.09300563064110803,147.97996670068514,0.08300563064110804,0.12083999126210464,24.152386350965973
existing/279,existing_real,existing_real,1-dodecanethiol + meoh,1-dodecanethiol + meoh,1-dodecanethiol + meoh,2,2,0.08791380308898955,153.42232627783304,0.07791380308898956,0.1145706249411767,16.117105668849334
existing/280,existing_real,existing_real,1-dodecanethiol + meoh,1-dodecanethiol + meoh,1-dodecanethiol + meoh,2,2,0.09338855652532721,161.13648217450424,0.08338855652532721,0.11776497421460548,15.849074585623484
existing/281,existing_real,existing_real,1-dodecanethiol + meoh,1-dodecanethiol + meoh,1-dodecanethiol + meoh,2,2,0.1014737370729873,150.82656104070696,0.09147373707298731,0.13202055612417393,24.228207019034816
existing/282,existing_real,existing_real,1-dodecanethiol + meoh,1-dodecanethiol + meoh,1-dodecanethiol + meoh,2,2,0.102899433327834,142.43624258126056,0.092899433327834,0.13796573468498477,26.59253329023947
existing/283,existing_real,existing_real,1-dodecanethiol + meoh,1-dodecanethiol + meoh,1-dodecanethiol + meoh,2,2,0.10833252243668341,142.64703435928718,0.09833252243668342,0.1465859491315539,30.923026071350186
existing/284,existing_real,existing_real,1-dodecanethiol + meoh,1-dodecanethiol + meoh,1-dodecanethiol + meoh,2,2,0.0925757866950535,130.16462158952666,0.0825757866950535,0.1387021192727717,18.695154057379515
existing/285,existing_real,existing_real,1-dodecanethiol + meoh,1-dodecanethiol + meoh,1-dodecanethiol + meoh,2,2,0.09248090278325694,138.13212577739566,0.08248090278325694,0.14604825247315836,20.415508992805936
existing/286,existing_real,existing_real,1-dodecanethiol + meoh,1-dodecanethiol + meoh,1-dodecanethiol + meoh,2,2,0.09874285584590124,131.84990829905956,0.08874285584590125,0.14500939465868656,27.925521963600975
existing/287,existing_real,existing_real,1-dodecanethiol + meoh,1-dodecanethiol + meoh,1-dodecanethiol + meoh,2,2,0.08983111493115306,132.60206977795488,0.07983111493115307,0.14458225279305276,19.47806461989599
existing/288,existing_real,existing_real,1-dodecanethiol + meoh,1-dodecanethiol + meoh,1-dodecanethiol + meoh,2,2,0.08794662441437767,143.29576601156427,0.07794662441437768,0.1355608729967295,17.303437731479505
existing/289,existing_real,existing_real,1-dodecanethiol + meoh,1-dodecanethiol + meoh,1-dodecanethiol + meoh,2,2,0.09034850115684488,136.92079324756776,0.08034850115684489,0.152090098517774,18.32972467899698
existing/290,existing_real,existing_real,1-dodecanethiol + meoh,1-dodecanethiol + meoh,1-dodecanethiol + meoh,2,2,0.08390077957858684,148.75312105717987,0.07390077957858684,0.14839376838204965,2.423250246845011
existing/291,existing_real,existing_real,1-dodecanethiol + meoh,1-dodecanethiol + meoh,1-dodecanethiol + meoh,2,2,0.08106606511231987,151.91589359687512,0.07106606511231987,0.15060921345874195,9.447560246017861
existing/292,existing_real,existing_real,1-dodecanethiol + meoh,1-dodecanethiol + meoh,1-dodecanethiol + meoh,2,2,0.08617922319611787,154.95930817849688,0.07617922319611788,0.16880616209442315,7.1713029662752215
existing/293,existing_real,existing_real,1-dodecanethiol + meoh,1-dodecanethiol + meoh,1-dodecanethiol + meoh,2,2,0.08190464286748876,150.19137833518144,0.07190464286748877,0.1748385727964952,9.793312675353166
existing/294,existing_real,existing_real,1-dodecanethiol + meoh,1-dodecanethiol + meoh,1-dodecanethiol + meoh,2,2,0.08294345307843691,146.2941021747576,0.07294345307843692,0.19323794682661594,2.3950261334904415
existing/295,existing_real,existing_real,1-dodecanethiol + meoh,1-dodecanethiol + meoh,1-dodecanethiol + meoh,2,2,0.08859492865166044,139.8653189956284,0.07859492865166044,0.2361091390303179,0.0
existing/296,existing_real,existing_real,1-dodecanethiol + meoh,1-dodecanethiol + meoh,1-dodecanethiol + meoh,2,2,0.09355760068004096,122.51009208526197,0.08355760068004096,0.27624760955202526,3.81352628247468
existing/297,existing_real,existing_real,1-dodecanethiol + meoh,1-dodecanethiol + meoh,1-dodecanethiol + meoh,2,2,0.11451942938215195,115.01945378660722,0.10451942938215196,0.23220693513789006,18.65677610119246
existing/298,existing_real,existing_real,1-dodecanethiol + meoh,1-dodecanethiol + meoh,1-dodecanethiol + meoh,2,2,0.11242699029216584,119.83303880913564,0.10242699029216584,0.27209749731987365,18.54536018617202
existing/299,existing_real,existing_real,1-dodecanethiol + meoh,1-dodecanethiol + meoh,1-dodecanethiol + meoh,2,2,0.08632353922012535,148.87168914964653,0.07632353922012536,0.13047922302243972,33.456080199426815
existing/300,existing_real,existing_real,1-dodecanethiol + meoh,1-dodecanethiol + meoh,1-dodecanethiol + meoh,2,2,0.08814755199342542,114.23159807118849,0.07814755199342542,0.33261558841722544,0.0
existing/301,existing_real,existing_real,1-dodecanethiol + meoh,1-dodecanethiol + meoh,1-dodecanethiol + meoh,2,2,0.09721006407587994,113.74724540573486,0.08721006407587995,0.3297825857905661,5.496978761823603
existing/302,existing_real,existing_real,1-dodecanethiol + meoh,1-dodecanethiol + meoh,1-dodecanethiol + meoh,2,2,0.10436537825507458,113.23104294572734,0.09436537825507459,0.28209246403423144,16.92830056164761
existing/303,existing_real,existing_real,1-dodecanethiol + meoh,1-dodecanethiol + meoh,1-dodecanethiol + meoh,2,2,0.1089466253868292,122.67814159504535,0.0989466253868292,0.276932977075972,14.943894509182012
existing/304,existing_real,existing_real,1-dodecanethiol + meoh,1-dodecanethiol + meoh,1-dodecanethiol + meoh,2,2,0.10532722209698281,113.53005924863342,0.09532722209698281,0.3661879889065781,11.934952289794921
existing/305,existing_real,existing_real,1-dodecanethiol + meoh,1-dodecanethiol + meoh,1-dodecanethiol + meoh,2,2,0.09453033630466696,129.08179751028436,0.08453033630466697,0.4491102472373634,0.0
existing/306,existing_real,existing_real,1-dodecanethiol + meoh,1-dodecanethiol + meoh,1-dodecanethiol + meoh,2,2,0.09837996535709025,136.61556232894438,0.08837996535709025,0.4869760290539644,0.0
existing/307,existing_real,existing_real,1-dodecanethiol + meoh,1-dodecanethiol + meoh,1-dodecanethiol + meoh,2,2,0.10188395616562856,142.65952770952393,0.09188395616562857,0.4833883556354134,0.0
existing/308,existing_real,existing_real,1-dodecanethiol + meoh,1-dodecanethiol + meoh,1-dodecanethiol + meoh,2,2,0.10407505979843582,137.42902521499946,0.09407505979843582,0.43957607506016527,0.0
existing/309,existing_real,existing_real,1-dodecanethiol + meoh,1-dodecanethiol + meoh,1-dodecanethiol + meoh,2,2,0.10424381869091376,130.35355410200512,0.09424381869091376,0.3989161114200891,0.0
existing/310,existing_real,existing_real,1-dodecanethiol + meoh,1-dodecanethiol + meoh,1-dodecanethiol + meoh,2,2,0.08656349877687607,158.71125373509557,0.07656349877687607,0.12658312778821634,13.616152533297596
existing/311,existing_real,existing_real,1-dodecanethiol + meoh,1-dodecanethiol + meoh,1-dodecanethiol + meoh,2,2,0.10658372590877291,118.19354673123085,0.09658372590877291,0.3648876460660741,0.0
existing/312,existing_real,existing_real,1-dodecanethiol + meoh,1-dodecanethiol + meoh,1-dodecanethiol + meoh,2,2,0.10809147298367848,103.23810794658674,0.09809147298367848,0.34127175904138224,0.0
existing/313,existing_real,existing_real,1-dodecanethiol + meoh,1-dodecanethiol + meoh,1-dodecanethiol + meoh,2,2,0.10750317048352878,99.68021282435836,0.09750317048352879,0.2943762943981932,0.0
existing/314,existing_real,existing_real,1-dodecanethiol + meoh,1-undecanethiol + meoh,1-undecanethiol + meoh,2,2,0.10970991750720752,92.63998043083744,0.09970991750720752,0.2954178713226796,0.0
existing/315,existing_real,existing_real,1-dodecanethiol + meoh,1-undecanethiol + meoh,1-undecanethiol + meoh,2,2,0.11945186632895977,88.91611341354162,0.10945186632895977,0.28939751788840934,0.0
existing/316,existing_real,existing_real,1-dodecanethiol + meoh,1-undecanethiol + meoh,1-undecanethiol + meoh,2,2,0.127429085701217,79.1006376263198,0.11742908570121699,0.29309701000599425,11.908379575358444
existing/317,existing_real,existing_real,1-dodecanethiol + meoh,1-undecanethiol + meoh,1-undecanethiol + meoh,2,2,0.13592608686426152,68.88196389120222,0.12592608686426152,0.3149191549961036,14.553568120988434
existing/318,existing_real,existing_real,1-dodecanethiol + meoh,1-dodecanethiol + meoh,1-dodecanethiol + meoh,2,2,0.17294659614034882,64.93138622018152,0.16294659614034882,0.3639788954313733,35.796090588475344
existing/319,existing_real,existing_real,1-dodecanethiol + meoh,1-dodecanethiol + meoh,1-dodecanethiol + meoh,2,2,0.16622599392820553,58.550147602113164,0.15622599392820552,0.33165307786051895,24.10968583357535
existing/320,existing_real,existing_real,1-dodecanethiol + meoh,1-undecanethiol + meoh,1-undecanethiol + meoh,2,2,0.17229972459934056,62.96375460149544,0.16229972459934056,0.292685749948811,31.467185047221882
existing/321,existing_real,existing_real,1-dodecanethiol + meoh,1-dodecanethiol + meoh,1-dodecanethiol + meoh,2,2,0.08179512209064013,146.6393664642252,0.07179512209064014,0.125837453257249,20.894187990136682
existing/322,existing_real,existing_real,1-dodecanethiol + meoh,1-undecanethiol + meoh,1-undecanethiol + meoh,2,2,0.16753594983856912,60.88737215313468,0.1575359498385691,0.27999635466657263,25.079968990753684
existing/323,existing_real,existing_real,1-dodecanethiol + meoh,1-undecanethiol + meoh,1-undecanethiol + meoh,2,2,0.1938012050037251,54.56669392770779,0.1838012050037251,0.2995071997182229,35.201231360754164
existing/324,existing_real,existing_real,1-dodecanethiol + meoh,1-undecanethiol + meoh,1-undecanethiol + meoh,2,2,0.22144892052461548,51.590248420186434,0.21144892052461547,0.3312389197516085,45.138751850622526
existing/325,existing_real,existing_real,1-dodecanethiol + meoh,1-dodecanethiol + meoh,1-dodecanethiol + meoh,2,2,0.24604167681236683,51.31883743096156,0.23604167681236682,0.32007169212067177,42.64358845941491
existing/326,existing_real,existing_real,1-dodecanethiol + meoh,1-dodecanethiol + meoh,1-dodecanethiol + meoh,2,2,0.2748379640590416,49.46602271135298,0.2648379640590416,0.3433710240965061,48.494040452159716
existing/327,existing_real,existing_real,1-dodecanethiol + meoh,1-dodecanethiol + meoh,1-dodecanethiol + meoh,2,2,0.29262727239141223,48.12249855600638,0.2826272723914122,0.3973540390534564,50.56836598412292
existing/328,existing_real,existing_real,1-dodecanethiol + meoh,1-dodecanethiol + meoh,1-dodecanethiol + meoh,2,2,0.30573060832062937,45.1946511208477,0.29573060832062936,0.42797080137200466,47.610210009595946
existing/329,existing_real,existing_real,1-dodecanethiol + meoh,1-dodecanethiol + meoh,1-dodecanethiol + meoh,2,2,0.3270941128946471,46.19294812481959,0.3170941128946471,0.4446175050960889,49.86246731548431
existing/330,existing_real,existing_real,1-dodecanethiol + meoh,1-dodecanethiol + meoh,1-dodecanethiol + meoh,2,2,0.3388319600975671,43.589347460170025,0.3288319600975671,0.46994116671360864,51.30534523962286
existing/331,existing_real,existing_real,1-dodecanethiol + meoh,1-dodecanethiol + meoh,1-dodecanethiol + meoh,2,2,0.08116860859291845,143.52092608105997,0.07116860859291846,0.13302132932273994,22.205737275443074
existing/332,existing_real,existing_real,1-dodecanethiol + meoh,1-dodecanethiol + meoh,1-dodecanethiol + meoh,2,2,0.07901107316258077,136.83982320930468,0.06901107316258077,0.1346888232213533,13.238525527123512
existing/333,existing_real,existing_real,1-dodecanethiol + meoh,1-dodecanethiol + meoh,1-dodecanethiol + meoh,2,2,0.07871254429763996,133.26090835144046,0.06871254429763997,0.1374469753644739,20.299196721995774
existing/334,existing_real,existing_real,1-dodecanethiol + meoh,1-dodecanethiol + meoh,1-dodecanethiol + meoh,2,2,0.08244503649305165,143.29962121228067,0.07244503649305166,0.13918417979662287,28.095087202744438
existing/335,existing_real,existing_real,1-dodecanethiol + meoh,1-dodecanethiol + meoh,1-dodecanethiol + meoh,2,2,0.11189250895354513,166.62184489960282,0.10189250895354514,0.1337650693955103,40.12035302381026
existing/336,existing_real,existing_real,1-dodecanethiol + meoh,1-dodecanethiol + meoh,1-dodecanethiol + meoh,2,2,0.07572579683803286,126.32554035312458,0.06572579683803287,0.14682256500009902,25.749834213704855
existing/337,existing_real,existing_real,1-dodecanethiol + meoh,1-dodecanethiol + meoh,1-dodecanethiol + meoh,2,2,0.08158432279208569,138.01539262880797,0.0715843227920857,0.14923404804449078,18.88596932918356
existing/338,existing_real,existing_real,1-dodecanethiol + meoh,1-dodecanethiol + meoh,1-dodecanethiol + meoh,2,2,0.07939378572150191,132.35311811057616,0.06939378572150191,0.14993454455811486,18.975526281255
existing/339,existing_real,existing_real,1-dodecanethiol + meoh,1-dodecanethiol + meoh,1-dodecanethiol + meoh,2,2,0.07767800055733302,124.60310916318174,0.06767800055733303,0.1562076883911033,19.823758124345332
existing/340,existing_real,existing_real,1-dodecanethiol + meoh,1-dodecanethiol + meoh,1-dodecanethiol + meoh,2,2,0.07840866175085463,125.08720598486683,0.06840866175085464,0.15644000809534364,14.737703543975172
existing/341,existing_real,existing_real,1-dodecanethiol + meoh,1-dodecanethiol + meoh,1-dodecanethiol + meoh,2,2,0.08051866416339977,133.10247095783342,0.07051866416339977,0.1547040795654028,35.64525088921566
existing/342,existing_real,existing_real,1-dodecanethiol + meoh,1-dodecanethiol + meoh,1-dodecanethiol + meoh,2,2,0.07727307945764197,121.99942489344755,0.06727307945764198,0.16331476750602386,22.988728586603386
existing/343,existing_real,existing_real,1-dodecanethiol + meoh,1-dodecanethiol + meoh,1-dodecanethiol + meoh,2,2,0.0826672536512074,135.69893704529258,0.07266725365120741,0.15836033139898775,25.186060708300065
existing/344,existing_real,existing_real,1-dodecanethiol + meoh,1-dodecanethiol + meoh,1-dodecanethiol + meoh,2,2,0.08201676395210998,138.563293565944,0.07201676395210999,0.14381662991576263,23.99394522514747
existing/345,existing_real,existing_real,1-dodecanethiol + meoh,1-dodecanethiol + meoh,1-dodecanethiol + meoh,2,2,0.08467924796594266,144.7077883881239,0.07467924796594266,0.1408419520496097,27.667701641548092
existing/346,existing_real,existing_real,1-dodecanethiol + meoh,1-dodecanethiol + meoh,1-dodecanethiol + meoh,2,2,0.12592527406530826,130.16300811913578,0.11592527406530825,0.16655729182752407,56.20930535123903
existing/347,existing_real,existing_real,1-dodecanethiol + meoh,1-dodecanethiol + meoh,1-dodecanethiol + meoh,2,2,0.08309141945598325,144.45620366962444,0.07309141945598326,0.14004717604903338,18.42138476608272
existing/348,existing_real,existing_real,1-dodecanethiol + meoh,1-dodecanethiol + meoh,1-dodecanethiol + meoh,2,2,0.08459236968930016,151.81179362071117,0.07459236968930016,0.14195971142389577,32.21376841301966
existing/349,existing_real,existing_real,1-dodecanethiol + meoh,1-dodecanethiol + meoh,1-dodecanethiol + meoh,2,2,0.07669253213559389,130.2543820116591,0.0666925321355939,0.15256993306297353,27.506406297038627
existing/350,existing_real,existing_real,1-dodecanethiol + meoh,1-dodecanethiol + meoh,1-dodecanethiol + meoh,2,2,0.08528380382001402,143.38872364348686,0.07528380382001403,0.15245498654893638,19.010316477014147
existing/351,existing_real,existing_real,1-dodecanethiol + meoh,1-dodecanethiol + meoh,1-dodecanethiol + meoh,2,2,0.08200728346640941,140.22801322015545,0.07200728346640942,0.14782090807457438,23.83650122762878
existing/352,existing_real,existing_real,1-dodecanethiol + meoh,1-dodecanethiol + meoh,1-dodecanethiol + meoh,2,2,0.07968239858775222,131.1993704694202,0.06968239858775223,0.158868257166047,21.048133825574695
existing/353,existing_real,existing_real,1-dodecanethiol + meoh,1-dodecanethiol + meoh,1-dodecanethiol + meoh,2,2,0.08017166265217343,132.3953756022135,0.07017166265217344,0.157603666870597,24.80824447764449
existing/354,existing_real,existing_real,1-dodecanethiol + meoh,1-dodecanethiol + meoh,1-dodecanethiol + meoh,2,2,0.09295521301654845,168.19410707037736,0.08295521301654846,0.09718079173183329,37.962512692563735
existing/355,existing_real,existing_real,1-dodecanethiol + meoh,1-dodecanethiol + meoh,1-dodecanethiol + meoh,2,2,0.09420186699047796,172.88774065607987,0.08420186699047796,0.09225403465254961,38.85996146806256
existing/356,existing_real,existing_real,1-dodecanethiol + meoh,1-dodecanethiol + meoh,1-dodecanethiol + meoh,2,2,0.08888103832751759,159.72347646458041,0.0788810383275176,0.08777326455572357,46.48419131039547
existing/357,existing_real,existing_real,1-dodecanethiol + meoh,1-dodecanethiol + meoh,1-dodecanethiol + meoh,2,2,0.10246194522201497,153.30865597373773,0.09246194522201498,0.13231364494371506,28.714676980471925
existing/358,existing_real,existing_real,1-dodecanethiol + meoh,1-dodecanethiol + meoh,1-dodecanethiol + meoh,2,2,0.09377557186841383,157.6003299821105,0.08377557186841383,0.0985682586939396,38.7209066378828
existing/359,existing_real,existing_real,1-dodecanethiol + meoh,1-dodecanethiol + meoh,1-dodecanethiol + meoh,2,2,0.09167690230111955,156.31794839476782,0.08167690230111956,0.106783767200642,25.059408658655666
existing/360,existing_real,existing_real,1-dodecanethiol + meoh,1-dodecanethiol + meoh,1-dodecanethiol + meoh,2,2,0.09111246663202167,151.43593695241105,0.08111246663202168,0.1034468377000194,31.677924502716067
existing/361,existing_real,existing_real,1-dodecanethiol + meoh,1-dodecanethiol + meoh,1-dodecanethiol + meoh,2,2,0.09183345652438323,154.1825445832082,0.08183345652438323,0.09886130601343192,34.69490291112809
existing/362,existing_real,existing_real,1-dodecanethiol + meoh,1-dodecanethiol + meoh,1-dodecanethiol + meoh,2,2,0.09605872746401707,155.34527478068102,0.08605872746401708,0.11098601387922429,40.44282046932642
existing/363,existing_real,existing_real,1-dodecanethiol + meoh,1-dodecanethiol + meoh,1-dodecanethiol + meoh,2,2,0.09401899775218983,159.47714816439304,0.08401899775218984,0.10675331365734245,27.06520077880839
existing/364,existing_real,existing_real,1-dodecanethiol + meoh,1-dodecanethiol + meoh,1-dodecanethiol + meoh,2,2,0.08759005835053274,152.24018952141222,0.07759005835053275,0.11087451029002279,15.500628088490304
existing/365,existing_real,existing_real,1-dodecanethiol + meoh,1-dodecanethiol + meoh,1-dodecanethiol + meoh,2,2,0.0909333652376703,144.5532716367879,0.08093336523767031,0.1230996464871254,24.334355369125035
existing/366,existing_real,existing_real,1-dodecanethiol + meoh,1-dodecanethiol + meoh,1-dodecanethiol + meoh,2,2,0.09597766561280759,141.08166237392285,0.08597766561280759,0.13728732258166357,21.67115485947206
existing/367,existing_real,existing_real,1-dodecanethiol + meoh,1-dodecanethiol + meoh,1-dodecanethiol + meoh,2,2,0.09119364082917075,134.48020468262217,0.08119364082917076,0.13409519406377138,23.387557463824795
existing/368,existing_real,existing_real,1-dodecanethiol + meoh,1-dodecanethiol + meoh,1-dodecanethiol + meoh,2,2,0.10918506062472948,166.7999725946178,0.09918506062472948,0.1598464023374004,16.20639452084492
existing/369,existing_real,existing_real,1-dodecanethiol + meoh,1-dodecanethiol + meoh,1-dodecanethiol + meoh,2,2,0.09643676066177007,130.04433804905835,0.08643676066177007,0.15942234301425826,21.901170604363067
existing/370,existing_real,existing_real,1-dodecanethiol + meoh,1-dodecanethiol + meoh,1-dodecanethiol + meoh,2,2,0.09526336420928087,124.68691244425536,0.08526336420928088,0.1704710697749521,24.545610249018495
existing/371,existing_real,existing_real,1-dodecanethiol + meoh,1-dodecanethiol + meoh,1-dodecanethiol + meoh,2,2,0.08407108125741779,137.91399329642675,0.07407108125741779,0.13266066087183945,23.394174217957424
existing/372,existing_real,existing_real,1-dodecanethiol + meoh,1-dodecanethiol + meoh,1-dodecanethiol + meoh,2,2,0.08149549251896569,152.9319376695814,0.0714954925189657,0.11092605800478425,6.288917866492181
existing/373,existing_real,existing_real,1-dodecanethiol + meoh,1-dodecanethiol + meoh,1-dodecanethiol + meoh,2,2,0.08248568324208441,139.6159576329622,0.07248568324208442,0.12860473158449942,18.560080268945832
existing/374,existing_real,existing_real,1-dodecanethiol + meoh,1-dodecanethiol + meoh,1-dodecanethiol + meoh,2,2,0.09043725677138055,129.02061421318425,0.08043725677138056,0.15749576338449214,33.58099798804048
existing/375,existing_real,existing_real,1-dodecanethiol + meoh,1-dodecanethiol + meoh,1-dodecanethiol + meoh,2,2,0.0878065031992276,125.15052728190135,0.0778065031992276,0.16792422699826537,20.04415922501145
existing/376,existing_real,existing_real,1-dodecanethiol + meoh,1-dodecanethiol + meoh,1-dodecanethiol + meoh,2,2,0.0855293771913089,128.13272170488415,0.07552937719130891,0.1560256967821782,17.86118659739229
existing/377,existing_real,existing_real,1-dodecanethiol + meoh,1-dodecanethiol + meoh,1-dodecanethiol + meoh,2,2,0.07395248107153247,134.166792430991,0.06395248107153248,0.13192106645492996,5.754408465351803
existing/378,existing_real,existing_real,1-dodecanethiol + meoh,1-dodecanethiol + meoh,1-dodecanethiol + meoh,2,2,0.0784877456695381,144.49476030822845,0.06848774566953811,0.13492736076551995,6.845480289545745
existing/379,existing_real,existing_real,1-dodecanethiol + meoh,1-dodecanethiol + meoh,1-dodecanethiol + meoh,2,2,0.11306625573964772,127.08601068194494,0.10306625573964773,0.1803847561449004,34.01931148635429
existing/380,existing_real,existing_real,1-dodecanethiol + meoh,1-dodecanethiol + meoh,1-dodecanethiol + meoh,2,2,0.08217170518530413,125.8636725726302,0.07217170518530414,0.17413516229627146,13.782672550539182
existing/381,existing_real,existing_real,1-dodecanethiol + meoh,1-dodecanethiol + meoh,1-dodecanethiol + meoh,2,2,0.0869021423062786,127.07265293985176,0.0769021423062786,0.19660067978218412,10.603163393810751
existing/382,existing_real,existing_real,1-dodecanethiol + meoh,1-dodecanethiol + meoh,1-dodecanethiol + meoh,2,2,0.07780331944778604,129.64025011859852,0.06780331944778605,0.1768342969688217,9.13383387400782
existing/383,existing_real,existing_real,1-dodecanethiol + meoh,1-dodecanethiol + meoh,1-dodecanethiol + meoh,2,2,0.08915520016919773,120.32944878122123,0.07915520016919773,0.21942739579396622,7.723355203044169
existing/384,existing_real,existing_real,1-dodecanethiol + meoh,1-dodecanethiol + meoh,1-dodecanethiol + meoh,2,2,0.09355283194163869,124.10948748483963,0.08355283194163869,0.22583117353222806,26.87972917530481
existing/385,existing_real,existing_real,1-dodecanethiol + meoh,1-dodecanethiol + meoh,1-dodecanethiol + meoh,2,2,0.08155484746721149,120.68374068632653,0.0715548474672115,0.2322060144857855,5.44104714930712
existing/386,existing_real,existing_real,1-dodecanethiol + meoh,1-dodecanethiol + meoh,1-dodecanethiol + meoh,2,2,0.07543219485177838,129.59487257986757,0.06543219485177838,0.20847196687617026,9.45414300016166
existing/387,existing_real,existing_real,1-dodecanethiol + meoh,1-dodecanethiol + meoh,1-dodecanethiol + meoh,2,2,0.08098834701791607,120.401053545566,0.07098834701791608,0.25148894862027116,0.0
existing/388,existing_real,existing_real,1-dodecanethiol + meoh,1-dodecanethiol + meoh,1-dodecanethiol + meoh,2,2,0.08322841167248021,126.0309501492587,0.07322841167248022,0.26719075312798307,2.3953740510741155
existing/389,existing_real,existing_real,1-dodecanethiol + meoh,1-dodecanethiol + meoh,1-dodecanethiol + meoh,2,2,0.08269787149606761,141.5978766818017,0.07269787149606761,0.2494987250719222,0.0
existing/390,existing_real,existing_real,1-dodecanethiol + meoh,1-dodecanethiol + meoh,1-dodecanethiol + meoh,2,2,0.09533833331578741,128.86097952822954,0.08533833331578741,0.16599430697169248,32.815141783421424
existing/391,existing_real,existing_real,1-dodecanethiol + meoh,1-dodecanethiol + meoh,1-dodecanethiol + meoh,2,2,0.08238668627737966,143.62479749404167,0.07238668627737967,0.2578707096941574,0.0
existing/392,existing_real,existing_real,1-dodecanethiol + meoh,1-dodecanethiol + meoh,1-dodecanethiol + meoh,2,2,0.08478709127403514,136.49031683393963,0.07478709127403514,0.30103548778210176,0.0
existing/393,existing_real,existing_real,1-dodecanethiol + meoh,1-dodecanethiol + meoh,1-dodecanethiol + meoh,2,2,0.0843522642936258,115.6632412930958,0.0743522642936258,0.34252851338780665,11.565575205083784
existing/394,existing_real,existing_real,1-dodecanethiol + meoh,1-dodecanethiol + meoh,1-dodecanethiol + meoh,2,2,0.08771136248163482,105.24058203981859,0.07771136248163482,0.36265534653298925,0.0
existing/395,existing_real,existing_real,1-dodecanethiol + meoh,1-dodecanethiol + meoh,1-dodecanethiol + meoh,2,2,0.09564428313463319,110.86681244244761,0.0856442831346332,0.38529773748787166,0.0
existing/396,existing_real,existing_real,1-dodecanethiol + meoh,1-dodecanethiol + meoh,1-dodecanethiol + meoh,2,2,0.0942051796407263,111.93016875064154,0.08420517964072631,0.4491225260630941,0.0
existing/397,existing_real,existing_real,1-dodecanethiol + meoh,1-dodecanethiol + meoh,1-dodecanethiol + meoh,2,2,0.09776085206789395,98.33935428789998,0.08776085206789395,0.4461407629917577,0.0
existing/398,existing_real,existing_real,1-dodecanethiol + meoh,1-dodecanethiol + meoh,1-dodecanethiol + meoh,2,2,0.10982175039644533,110.45133841163049,0.09982175039644534,0.41917092067315975,0.0
existing/399,existing_real,existing_real,1-dodecanethiol + meoh,1-dodecanethiol + diethylamine,1-dodecanethiol + diethylamine,2,2,0.43371968946734774,375.94578838583277,0.4237196894673477,0.37419832229146954,315.28740398516294
existing/400,existing_real,existing_real,1-dodecanethiol + meoh,1-dodecanethiol + diethylamine,1-dodecanethiol + diethylamine,2,2,0.4190918856586779,404.8342597381233,0.4090918856586779,0.34523276145191634,306.9540833021121
existing/401,existing_real,existing_real,1-dodecanethiol + meoh,1-dodecanethiol + meoh,1-dodecanethiol + meoh,2,2,0.09480793764758204,129.72240241407758,0.08480793764758204,0.1678420648418671,33.4739030446289
existing/402,existing_real,existing_real,1-dodecanethiol + meoh,1-dodecanethiol + diethylamine,1-dodecanethiol + diethylamine,2,2,0.35648278591055527,382.55229724685927,0.34648278591055526,0.28366967008691396,282.5573140920082
existing/403,existing_real,existing_real,1-dodecanethiol + meoh,1-dodecanethiol + diethylamine,1-dodecanethiol + diethylamine,2,2,0.29514003901110186,339.70758000209787,0.28514003901110185,0.23260345137525287,211.77609183919006
existing/404,existing_real,existing_real,1-dodecanethiol + meoh,1-dodecanethiol + diethylamine,1-dodecanethiol + diethylamine,2,2,0.2452065103840115,301.2999509328832,0.2352065103840115,0.17464981983927083,189.62463825770632
existing/405,existing_real,existing_real,1-dodecanethiol + meoh,1-dodecanethiol,1-dodecanethiol,1,1,0.20642855618630881,269.6933840678962,0.20642855618630881,1.0,226.67416172392174
existing/406,existing_real,existing_real,1-dodecanethiol + meoh,1-dodecanethiol + diethylamine,1-dodecanethiol + diethylamine,2,2,0.20936694743906314,244.33628705247563,0.19936694743906314,0.14475776752624148,137.08056673566804
existing/407,existing_real,existing_real,1-dodecanethiol + meoh,1-dodecanethiol,1-dodecanethiol,1,1,0.17516574584170602,251.82954934363684,0.17516574584170602,1.0,198.5399610924616
existing/408,existing_real,existing_real,1-dodecanethiol + meoh,1-dodecanethiol,1-dodecanethiol,1,1,0.14718334339923309,258.7490802395454,0.14718334339923309,1.0,179.6560138220839
existing/409,existing_real,existing_real,1-dodecanethiol + meoh,1-dodecanethiol,1-dodecanethiol,1,1,0.13243223642530527,246.68801657991236,0.13243223642530527,1.0,159.33993133446123
existing/410,existing_real,existing_real,1-dodecanethiol + meoh,1-dodecanethiol,1-dodecanethiol,1,1,0.13061273368683826,246.75878524931147,0.13061273368683826,1.0,127.42283862322391
existing/411,existing_real,existing_real,1-dodecanethiol + meoh,1-dodecanethiol,1-dodecanethiol,1,1,0.12016383778953339,234.10698526915996,0.12016383778953339,1.0,136.0230198402596
existing/412,existing_real,existing_real,1-dodecanethiol + meoh,1-dodecanethiol + meoh,1-dodecanethiol + meoh,2,2,0.09163390422227843,151.5729803738266,0.08163390422227844,0.1454510179436739,24.39407765900697
existing/413,existing_real,existing_real,1-dodecanethiol + meoh,1-dodecanethiol,1-dodecanethiol,1,1,0.12031266475810085,209.45432797039734,0.12031266475810085,1.0,96.286207210147
existing/414,existing_real,existing_real,1-dodecanethiol + meoh,1-dodecanethiol,1-dodecanethiol,1,1,0.1175226620447917,202.9129965515773,0.1175226620447917,1.0,100.87181934921183
existing/415,existing_real,existing_real,1-dodecanethiol + meoh,1-dodecanethiol + meoh,1-dodecanethiol + meoh,2,2,0.1221908387678426,180.3612657563889,0.11219083876784261,0.0893734475834694,79.417908129304
existing/416,existing_real,existing_real,1-dodecanethiol + meoh,1-dodecanethiol + meoh,1-dodecanethiol + meoh,2,2,0.11350751351453914,175.2739780884336,0.10350751351453914,0.08684205909918567,64.18446263302565
existing/417,existing_real,existing_real,1-dodecanethiol + meoh,1-dodecanethiol + meoh,1-dodecanethiol + meoh,2,2,0.108910005209151,161.65930835195692,0.09891000520915101,0.0985229110721869,58.136751101543744
existing/418,existing_real,existing_real,1-dodecanethiol + meoh,1-dodecanethiol + meoh,1-dodecanethiol + meoh,2,2,0.1095315841249193,173.84383664506933,0.0995315841249193,0.0955532249856112,64.71693100118165
existing/419,existing_real,existing_real,1-dodecanethiol + meoh,1-dodecanethiol + meoh,1-dodecanethiol + meoh,2,2,0.10338010898067126,179.0419364910413,0.09338010898067127,0.09212086080351949,56.63625214766556
existing/420,existing_real,existing_real,1-dodecanethiol + meoh,1-dodecanethiol + meoh,1-dodecanethiol + meoh,2,2,0.10129124187741118,152.82503468949315,0.09129124187741118,0.08929364917481249,64.89700223964196
existing/421,existing_real,existing_real,1-dodecanethiol + meoh,1-dodecanethiol + meoh,1-dodecanethiol + meoh,2,2,0.1031932991995631,155.59907829319016,0.09319329919956311,0.10444546404290983,48.916054552160944
existing/422,existing_real,existing_real,1-dodecanethiol + meoh,1-dodecanethiol + meoh,1-dodecanethiol + meoh,2,2,0.09860415465663029,154.2429230551606,0.0886041546566303,0.09763966653835399,47.132990580330535
existing/423,existing_real,existing_real,"6-mercapto-1-hexanol + n,n-dimethylformamide","6-mercapto-1-hexanol + n,n-dimethylformamide","6-mercapto-1-hexanol + n,n-dimethylformamide",2,2,0.11059565719193447,261.45633967073456,0.10059565719193447,0.4343517529024389,0.0
existing/424,existing_real,existing_real,"6-mercapto-1-hexanol + n,n-dimethylformamide","6-mercapto-1-hexanol + n,n-dimethylformamide","6-mercapto-1-hexanol + n,n-dimethylformamide",2,2,0.1037812801429209,256.02718964784907,0.0937812801429209,0.43957177275730364,0.0
existing/425,existing_real,existing_real,"6-mercapto-1-hexanol + n,n-dimethylformamide","6-mercapto-1-hexanol + n,n-dimethylformamide","6-mercapto-1-hexanol + n,n-dimethylformamide",2,2,0.105689610560173,262.19571619154993,0.095689610560173,0.4345571158252968,0.0
existing/426,existing_real,existing_real,"6-mercapto-1-hexanol + n,n-dimethylformamide","6-mercapto-1-hexanol + n,n-dimethylformamide","6-mercapto-1-hexanol + n,n-dimethylformamide",2,2,0.11089080496526871,275.0921161262529,0.10089080496526871,0.43457130103478947,0.0
existing/427,existing_real,existing_real,"6-mercapto-1-hexanol + n,n-dimethylformamide","6-mercapto-1-hexanol + n,n-dimethylformamide","6-mercapto-1-hexanol + n,n-dimethylformamide",2,2,0.11108437637746468,284.99262103409956,0.10108437637746469,0.43821803572291834,0.0
existing/428,existing_real,existing_real,"6-mercapto-1-hexanol + n,n-dimethylformamide","6-mercapto-1-hexanol + n,n-dimethylformamide","6-mercapto-1-hexanol + n,n-dimethylformamide",2,2,0.10269711776359453,259.6703219530844,0.09269711776359453,0.4375342804060774,0.0
existing/429,existing_real,existing_real,"6-mercapto-1-hexanol + n,n-dimethylformamide","6-mercapto-1-hexanol + n,n-dimethylformamide","6-mercapto-1-hexanol + n,n-dimethylformamide",2,2,0.10390801657846714,263.0864277749511,0.09390801657846715,0.45469196928041306,0.0
existing/430,existing_real,existing_real,"6-mercapto-1-hexanol + n,n-dimethylformamide","6-mercapto-1-hexanol + n,n-dimethylformamide","6-mercapto-1-hexanol + n,n-dimethylformamide",2,2,0.10679100202522783,272.61986115003367,0.09679100202522783,0.4385637382181683,0.0
existing/431,existing_real,existing_real,"6-mercapto-1-hexanol + n,n-dimethylformamide","6-mercapto-1-hexanol + n,n-dimethylformamide","6-mercapto-1-hexanol + n,n-dimethylformamide",2,2,0.1071199497014933,273.97818991357434,0.0971199497014933,0.4363055134299367,0.0
existing/432,existing_real,existing_real,"6-mercapto-1-hexanol + n,n-dimethylformamide","6-mercapto-1-hexanol + n,n-dimethylformamide","6-mercapto-1-hexanol + n,n-dimethylformamide",2,2,0.10607338661595052,271.7696993438261,0.09607338661595052,0.43671784555278254,0.0
existing/433,existing_real,existing_real,"6-mercapto-1-hexanol + n,n-dimethylformamide","6-mercapto-1-hexanol + n,n-dimethylformamide","6-mercapto-1-hexanol + n,n-dimethylformamide",2,2,0.10791147833068314,282.5582630376313,0.09791147833068314,0.44970753859481666,0.0
existing/434,existing_real,existing_real,"6-mercapto-1-hexanol + n,n-dimethylformamide","6-mercapto-1-hexanol + n,n-dimethylformamide","6-mercapto-1-hexanol + n,n-dimethylformamide",2,2,0.1125455577447967,267.23971776137813,0.1025455577447967,0.43530468147468837,0.0
existing/435,existing_real,existing_real,"6-mercapto-1-hexanol + n,n-dimethylformamide","6-mercapto-1-hexanol + n,n-dimethylformamide","6-mercapto-1-hexanol + n,n-dimethylformamide",2,2,0.11083787796627524,290.87149631175623,0.10083787796627525,0.4564846951346487,0.0
existing/436,existing_real,existing_real,"6-mercapto-1-hexanol + n,n-dimethylformamide","6-mercapto-1-hexanol + n,n-dimethylformamide","6-mercapto-1-hexanol + n,n-dimethylformamide",2,2,0.1074874320335061,280.8913359350493,0.0974874320335061,0.45799282216661813,0.0
existing/437,existing_real,existing_real,"6-mercapto-1-hexanol + n,n-dimethylformamide","6-mercapto-1-hexanol + n,n-dimethylformamide","6-mercapto-1-hexanol + n,n-dimethylformamide",2,2,0.10776021637501025,281.6347744076886,0.09776021637501026,0.4651565495460911,0.0
existing/438,existing_real,existing_real,"6-mercapto-1-hexanol + n,n-dimethylformamide","6-mercapto-1-hexanol + n,n-dimethylformamide","6-mercapto-1-hexanol + n,n-dimethylformamide",2,2,0.11027591428946482,291.36767629756633,0.10027591428946482,0.4523538556732737,0.0
existing/439,existing_real,existing_real,"6-mercapto-1-hexanol + n,n-dimethylformamide","6-mercapto-1-hexanol + n,n-dimethylformamide","6-mercapto-1-hexanol + n,n-dimethylformamide",2,2,0.10958580345809862,289.4094584408947,0.09958580345809863,0.43545736535414736,0.0
existing/440,existing_real,existing_real,"6-mercapto-1-hexanol + n,n-dimethylformamide","6-mercapto-1-hexanol + n,n-dimethylformamide","6-mercapto-1-hexanol + n,n-dimethylformamide",2,2,0.10959398102309643,293.4810342473336,0.09959398102309644,0.44696395874548545,0.0
existing/441,existing_real,existing_real,"6-mercapto-1-hexanol + n,n-dimethylformamide","6-mercapto-1-hexanol + n,n-dimethylformamide","6-mercapto-1-hexanol + n,n-dimethylformamide",2,2,0.11072829219159051,296.57324919245434,0.10072829219159052,0.43841027142739064,0.0
existing/442,existing_real,existing_real,"6-mercapto-1-hexanol + n,n-dimethylformamide","6-mercapto-1-hexanol + n,n-dimethylformamide","6-mercapto-1-hexanol + n,n-dimethylformamide",2,2,0.11113001505750401,297.3350649548058,0.10113001505750402,0.43605522294327875,0.0
existing/443,existing_real,existing_real,"6-mercapto-1-hexanol + n,n-dimethylformamide","6-mercapto-1-hexanol + n,n-dimethylformamide","6-mercapto-1-hexanol + n,n-dimethylformamide",2,2,0.10802520964758469,290.8080232960769,0.0980252096475847,0.4392010051627156,0.0
existing/444,existing_real,existing_real,"6-mercapto-1-hexanol + n,n-dimethylformamide","6-mercapto-1-hexanol + n,n-dimethylformamide","6-mercapto-1-hexanol + n,n-dimethylformamide",2,2,0.10912775029734365,294.06138403717324,0.09912775029734365,0.4372319404123868,0.0
existing/445,existing_real,existing_real,"6-mercapto-1-hexanol + n,n-dimethylformamide","6-mercapto-1-hexanol + n,n-dimethylformamide","6-mercapto-1-hexanol + n,n-dimethylformamide",2,2,0.10845265362030236,256.8397878150588,0.09845265362030237,0.4385405465505578,0.0
existing/446,existing_real,existing_real,"6-mercapto-1-hexanol + n,n-dimethylformamide","6-mercapto-1-hexanol + n,n-dimethylformamide","6-mercapto-1-hexanol + n,n-dimethylformamide",2,2,0.11073153767239101,298.4456528759659,0.10073153767239101,0.43859417349765084,0.0
existing/447,existing_real,existing_real,"6-mercapto-1-hexanol + n,n-dimethylformamide","6-mercapto-1-hexanol + n,n-dimethylformamide","6-mercapto-1-hexanol + n,n-dimethylformamide",2,2,0.11264105296560323,307.00303946306184,0.10264105296560323,0.44075298565623605,0.0
existing/448,existing_real,existing_real,"6-mercapto-1-hexanol + n,n-dimethylformamide","6-mercapto-1-hexanol + n,n-dimethylformamide","6-mercapto-1-hexanol + n,n-dimethylformamide",2,2,0.11146071594106162,303.34550272941215,0.10146071594106162,0.43685831974908296,0.0
existing/449,existing_real,existing_real,"6-mercapto-1-hexanol + n,n-dimethylformamide","6-mercapto-1-hexanol + n,n-dimethylformamide","6-mercapto-1-hexanol + n,n-dimethylformamide",2,2,0.11268106411185928,306.4508838231062,0.10268106411185929,0.46423225347401254,0.0
existing/450,existing_real,existing_real,"6-mercapto-1-hexanol + n,n-dimethylformamide","6-mercapto-1-hexanol + n,n-dimethylformamide","6-mercapto-1-hexanol + n,n-dimethylformamide",2,2,0.11175798066462969,305.34409959368213,0.1017579806646297,0.43716409874420625,0.0
existing/451,existing_real,existing_real,"6-mercapto-1-hexanol + n,n-dimethylformamide","6-mercapto-1-hexanol + n,n-dimethylformamide","6-mercapto-1-hexanol + n,n-dimethylformamide",2,2,0.11127500327129729,305.597930891255,0.10127500327129729,0.440592319041316,0.0
existing/452,existing_real,existing_real,"6-mercapto-1-hexanol + n,n-dimethylformamide","6-mercapto-1-hexanol + n,n-dimethylformamide","6-mercapto-1-hexanol + n,n-dimethylformamide",2,2,0.11222167485633237,307.7382300844445,0.10222167485633238,0.4373348229081659,0.0
existing/453,existing_real,existing_real,"6-mercapto-1-hexanol + n,n-dimethylformamide","6-mercapto-1-hexanol + n,n-dimethylformamide","6-mercapto-1-hexanol + n,n-dimethylformamide",2,2,0.10716089151502624,253.57514702963013,0.09716089151502624,0.43160370523652375,0.0
existing/454,existing_real,existing_real,"6-mercapto-1-hexanol + n,n-dimethylformamide","6-mercapto-1-hexanol + n,n-dimethylformamide","6-mercapto-1-hexanol + n,n-dimethylformamide",2,2,0.10890931712625429,257.582804631242,0.0989093171262543,0.43287618695842595,0.0
existing/455,existing_real,existing_real,"6-mercapto-1-hexanol + n,n-dimethylformamide","6-mercapto-1-hexanol + n,n-dimethylformamide","6-mercapto-1-hexanol + n,n-dimethylformamide",2,2,0.10916051717914646,257.5896153074856,0.09916051717914647,0.43970718452361107,0.0
existing/456,existing_real,existing_real,"6-mercapto-1-hexanol + n,n-dimethylformamide","6-mercapto-1-hexanol + n,n-dimethylformamide","6-mercapto-1-hexanol + n,n-dimethylformamide",2,2,0.10509519759753076,261.7816292689778,0.09509519759753077,0.4324207159631895,0.0
existing/457,existing_real,existing_real,"6-mercapto-1-hexanol + n,n-dimethylformamide","6-mercapto-1-hexanol + n,n-dimethylformamide","6-mercapto-1-hexanol + n,n-dimethylformamide",2,2,0.10813272279691513,268.3731905504034,0.09813272279691514,0.43598752863107476,0.0
existing/458,existing_real,existing_real,"6-mercapto-1-hexanol + n,n-dimethylformamide","6-mercapto-1-hexanol + n,n-dimethylformamide","6-mercapto-1-hexanol + n,n-dimethylformamide",2,2,0.10605930870156464,262.721728695615,0.09605930870156465,0.4340368107161219,0.0
existing/459,existing_real,existing_real,"n,n-dimethylformamide + pyridine","n,n-dimethylformamide + pyridine","n,n-dimethylformamide + pyridine",2,2,0.09121929619723473,706.5853890721735,0.08121929619723474,0.35643050275535737,0.0
existing/460,existing_real,existing_real,"n,n-dimethylformamide + pyridine","n,n-dimethylformamide + pyridine","n,n-dimethylformamide + pyridine",2,2,0.0895494872226674,664.0647073836006,0.0795494872226674,0.3549617446579738,0.0
existing/461,existing_real,existing_real,"n,n-dimethylformamide + pyridine","n,n-dimethylformamide + pyridine","n,n-dimethylformamide + pyridine",2,2,0.09136949893870804,682.5844813805545,0.08136949893870804,0.35468252833981134,0.0
existing/462,existing_real,existing_real,"n,n-dimethylformamide + pyridine","n,n-dimethylformamide + pyridine","n,n-dimethylformamide + pyridine",2,2,0.09358908123564981,705.177815782002,0.08358908123564981,0.3546612564940456,0.0
existing/463,existing_real,existing_real,"n,n-dimethylformamide + pyridine","n,n-dimethylformamide + pyridine","n,n-dimethylformamide + pyridine",2,2,0.09239815577448662,698.1730443983839,0.08239815577448663,0.3531564933237655,0.0
existing/464,existing_real,existing_real,"n,n-dimethylformamide + pyridine","n,n-dimethylformamide + pyridine","n,n-dimethylformamide + pyridine",2,2,0.09213418799434439,684.4856881350682,0.0821341879943444,0.3548375729909854,0.0
existing/465,existing_real,existing_real,"n,n-dimethylformamide + pyridine","n,n-dimethylformamide + pyridine","n,n-dimethylformamide + pyridine",2,2,0.09121523083972871,663.7060665572351,0.08121523083972872,0.35438338631138705,0.0
existing/466,existing_real,existing_real,"n,n-dimethylformamide + pyridine","n,n-dimethylformamide + pyridine","n,n-dimethylformamide + pyridine",2,2,0.0922754265348225,667.8734860611885,0.0822754265348225,0.3554079574067717,0.0
existing/467,existing_real,existing_real,"n,n-dimethylformamide + pyridine","n,n-dimethylformamide + pyridine","n,n-dimethylformamide + pyridine",2,2,0.09195849676391998,668.0356572205184,0.08195849676391999,0.3545255474276459,0.0
existing/468,existing_real,existing_real,"n,n-dimethylformamide + pyridine","n,n-dimethylformamide + pyridine","n,n-dimethylformamide + pyridine",2,2,0.09463310388345254,690.5885226463231,0.08463310388345255,0.35538372965318005,0.0
existing/469,existing_real,existing_real,"n,n-dimethylformamide + pyridine","n,n-dimethylformamide + pyridine","n,n-dimethylformamide + pyridine",2,2,0.09382383474971896,701.4282397856655,0.08382383474971897,0.35448874866817615,0.0
existing/470,existing_real,existing_real,"n,n-dimethylformamide + pyridine","n,n-dimethylformamide + pyridine","n,n-dimethylformamide + pyridine",2,2,0.0900917418983384,690.4585912049199,0.08009174189833841,0.3560898522629622,0.0
existing/471,existing_real,existing_real,"n,n-dimethylformamide + pyridine","n,n-dimethylformamide + pyridine","n,n-dimethylformamide + pyridine",2,2,0.09526378247387332,699.7105805231461,0.08526378247387333,0.3544811866603662,0.0
existing/472,existing_real,existing_real,"n,n-dimethylformamide + pyridine","n,n-dimethylformamide + pyridine","n,n-dimethylformamide + pyridine",2,2,0.09398501526156872,678.656155560398,0.08398501526156872,0.3555414629138222,0.0
existing/473,existing_real,existing_real,"n,n-dimethylformamide + pyridine","n,n-dimethylformamide + pyridine","n,n-dimethylformamide + pyridine",2,2,0.09262534324467231,661.5469809880448,0.08262534324467231,0.3539457132806574,0.0
existing/474,existing_real,existing_real,"n,n-dimethylformamide + pyridine","n,n-dimethylformamide + pyridine","n,n-dimethylformamide + pyridine",2,2,0.09309861306797959,666.9142331802819,0.0830986130679796,0.35630953448186187,0.0
existing/475,existing_real,existing_real,"n,n-dimethylformamide + pyridine","n,n-dimethylformamide + pyridine","n,n-dimethylformamide + pyridine",2,2,0.09373542896464086,677.8315700774806,0.08373542896464087,0.3551111744996764,0.0
existing/476,existing_real,existing_real,"n,n-dimethylformamide + pyridine","n,n-dimethylformamide + pyridine","n,n-dimethylformamide + pyridine",2,2,0.09613723865596331,712.33533354159,0.08613723865596332,0.3545307075337434,0.0
existing/477,existing_real,existing_real,"n,n-dimethylformamide + pyridine","n,n-dimethylformamide + pyridine","n,n-dimethylformamide + pyridine",2,2,0.09753706761184473,710.4930271226142,0.08753706761184474,0.3560930703869603,0.0
existing/478,existing_real,existing_real,"n,n-dimethylformamide + pyridine","n,n-dimethylformamide + pyridine","n,n-dimethylformamide + pyridine",2,2,0.09617775365236726,688.585361552285,0.08617775365236727,0.3558696865294293,0.0
existing/479,existing_real,existing_real,"n,n-dimethylformamide + pyridine","n,n-dimethylformamide + pyridine","n,n-dimethylformamide + pyridine",2,2,0.09373923466844893,663.9263078689747,0.08373923466844893,0.3542366449797165,0.0
existing/480,existing_real,existing_real,"n,n-dimethylformamide + pyridine","n,n-dimethylformamide + pyridine","n,n-dimethylformamide + pyridine",2,2,0.09266712614024086,656.0682879639305,0.08266712614024087,0.35591984808689375,0.0
existing/481,existing_real,existing_real,"n,n-dimethylformamide + pyridine","n,n-dimethylformamide + pyridine","n,n-dimethylformamide + pyridine",2,2,0.09247955740737891,707.2355069504158,0.08247955740737892,0.35561893673299577,0.0
existing/482,existing_real,existing_real,"n,n-dimethylformamide + pyridine","n,n-dimethylformamide + pyridine","n,n-dimethylformamide + pyridine",2,2,0.09027752250825974,641.113906723886,0.08027752250825974,0.35516065709706024,0.0
existing/483,existing_real,existing_real,"n,n-dimethylformamide + pyridine","n,n-dimethylformamide + pyridine","n,n-dimethylformamide + pyridine",2,2,0.09625832194154986,698.8024515921845,0.08625832194154986,0.3561328449148216,0.0
existing/484,existing_real,existing_real,"n,n-dimethylformamide + pyridine","n,n-dimethylformamide + pyridine","n,n-dimethylformamide + pyridine",2,2,0.09786325718086644,703.0103274827788,0.08786325718086645,0.35537963996378763,0.0
existing/485,existing_real,existing_real,"n,n-dimethylformamide + pyridine","n,n-dimethylformamide + pyridine","n,n-dimethylformamide + pyridine",2,2,0.09740024583392705,688.3359766254871,0.08740024583392705,0.35644687960895305,0.0
existing/486,existing_real,existing_real,"n,n-dimethylformamide + pyridine","n,n-dimethylformamide + pyridine","n,n-dimethylformamide + pyridine",2,2,0.0949989345459478,670.4059944173879,0.0849989345459478,0.3558839142442568,0.0
existing/487,existing_real,existing_real,"n,n-dimethylformamide + pyridine","n,n-dimethylformamide + pyridine","n,n-dimethylformamide + pyridine",2,2,0.09136492748328183,640.1966998613101,0.08136492748328183,0.3572097774263996,0.0
existing/488,existing_real,existing_real,"n,n-dimethylformamide + pyridine","n,n-dimethylformamide + pyridine","n,n-dimethylformamide + pyridine",2,2,0.09025780597058368,637.6341634254645,0.08025780597058368,0.3561523240402236,0.0
existing/489,existing_real,existing_real,"n,n-dimethylformamide + pyridine","n,n-dimethylformamide + pyridine","n,n-dimethylformamide + pyridine",2,2,0.09236160393257123,704.9076529268781,0.08236160393257123,0.3559150963412555,0.0
existing/490,existing_real,existing_real,"n,n-dimethylformamide + pyridine","n,n-dimethylformamide + pyridine","n,n-dimethylformamide + pyridine",2,2,0.09214017999881466,701.1986566099417,0.08214017999881466,0.3545733461901437,0.0
existing/491,existing_real,existing_real,"n,n-dimethylformamide + pyridine","n,n-dimethylformamide + pyridine","n,n-dimethylformamide + pyridine",2,2,0.09161603002321456,698.8373712942118,0.08161603002321456,0.3560336132638901,0.0
existing/492,existing_real,existing_real,"n,n-dimethylformamide + pyridine","n,n-dimethylformamide + pyridine","n,n-dimethylformamide + pyridine",2,2,0.09116066435277183,697.7832933153879,0.08116066435277183,0.35470158009016056,0.0
existing/493,existing_real,existing_real,"n,n-dimethylformamide + pyridine","n,n-dimethylformamide + pyridine","n,n-dimethylformamide + pyridine",2,2,0.0922277411776008,700.3725627424931,0.0822277411776008,0.3540194044175537,0.0
existing/494,existing_real,existing_real,"n,n-dimethylformamide + pyridine","n,n-dimethylformamide + pyridine","n,n-dimethylformamide + pyridine",2,2,0.08929852821491234,667.5441230509865,0.07929852821491234,0.35471487871712415,0.0
existing/495,existing_real,existing_real,benzenethiol + pyridine,benzenethiol + pyridine,benzenethiol + pyridine,2,2,0.09923215363190858,1225.4621554156786,0.08923215363190859,0.4170361647145814,0.0
existing/496,existing_real,existing_real,benzenethiol + pyridine,benzenethiol + pyridine,benzenethiol + pyridine,2,2,0.10780353820739243,1319.3234573119287,0.09780353820739243,0.416900107418409,0.0
existing/497,existing_real,existing_real,benzenethiol + pyridine,benzenethiol + pyridine,benzenethiol + pyridine,2,2,0.11131856400443181,1392.8312910031268,0.10131856400443182,0.41578308612375275,0.0
existing/498,existing_real,existing_real,benzenethiol + pyridine,benzenethiol + pyridine,benzenethiol + pyridine,2,2,0.11160940804790463,1438.3180676815512,0.10160940804790464,0.41550020084434686,0.0
existing/499,existing_real,existing_real,benzenethiol + pyridine,benzenethiol + pyridine,benzenethiol + pyridine,2,2,0.10993841889092285,1398.8374743792633,0.09993841889092285,0.4163521743418477,0.0
existing/500,existing_real,existing_real,benzenethiol + pyridine,benzenethiol + pyridine,benzenethiol + pyridine,2,2,0.11168220622762054,1386.486927319579,0.10168220622762054,0.41562675805342164,0.0
existing/501,existing_real,existing_real,benzenethiol + pyridine,benzenethiol + pyridine,benzenethiol + pyridine,2,2,0.112893095719396,1410.2512895483035,0.102893095719396,0.41537555471217014,0.0
existing/502,existing_real,existing_real,benzenethiol + pyridine,benzenethiol + pyridine,benzenethiol + pyridine,2,2,0.11580876725205286,1486.3072482833607,0.10580876725205286,0.41614581597594924,0.0
existing/503,existing_real,existing_real,benzenethiol + pyridine,benzenethiol + pyridine,benzenethiol + pyridine,2,2,0.11520605626094388,1481.1478181921314,0.10520605626094388,0.41601628606951746,0.0
existing/504,existing_real,existing_real,benzenethiol + pyridine,benzenethiol + pyridine,benzenethiol + pyridine,2,2,0.11589658653964709,1472.9835611670485,0.10589658653964709,0.41555984150136693,0.0
existing/505,existing_real,existing_real,benzenethiol + pyridine,benzenethiol + pyridine,benzenethiol + pyridine,2,2,0.11412884441424297,1434.3363096516673,0.10412884441424297,0.41475143660931735,0.0
existing/506,existing_real,existing_real,benzenethiol + pyridine,benzenethiol + pyridine,benzenethiol + pyridine,2,2,0.10219773217936928,1264.0552591121057,0.09219773217936929,0.41723196246892374,0.0
existing/507,existing_real,existing_real,benzenethiol + pyridine,benzenethiol + pyridine,benzenethiol + pyridine,2,2,0.11621650360944635,1475.6417396596748,0.10621650360944636,0.4166906445133033,0.0
existing/508,existing_real,existing_real,benzenethiol + pyridine,benzenethiol + pyridine,benzenethiol + pyridine,2,2,0.11573220455361442,1485.5502111347412,0.10573220455361443,0.4162077421663884,0.0
existing/509,existing_real,existing_real,benzenethiol + pyridine,benzenethiol + pyridine,benzenethiol + pyridine,2,2,0.11868602002865825,1526.2112687767185,0.10868602002865825,0.4159450382490244,0.0
existing/510,existing_real,existing_real,benzenethiol + pyridine,benzenethiol + pyridine,benzenethiol + pyridine,2,2,0.12031545817467248,1527.4302166571492,0.11031545817467249,0.41432985154880175,0.0
existing/511,existing_real,existing_real,benzenethiol + pyridine,benzenethiol + pyridine,benzenethiol + pyridine,2,2,0.12193138070382008,1534.2450173622112,0.11193138070382008,0.4142923353493932,0.0
existing/512,existing_real,existing_real,benzenethiol + pyridine,benzenethiol + pyridine,benzenethiol + pyridine,2,2,0.12009857859343236,1526.0832044173242,0.11009857859343236,0.41523407899788434,0.0
existing/513,existing_real,existing_real,benzenethiol + pyridine,benzenethiol + pyridine,benzenethiol + pyridine,2,2,0.1208072714452487,1565.6910379492438,0.11080727144524871,0.4147446701777503,0.0
existing/514,existing_real,existing_real,benzenethiol + pyridine,benzenethiol + pyridine + toluene,benzenethiol + pyridine,3,2,0.12343422837618538,1479.437253738673,0.10343422837618538,0.02620699122705416,0.0
existing/515,existing_real,existing_real,benzenethiol + pyridine,benzenethiol + pyridine,benzenethiol + pyridine,2,2,0.12322251264506666,1607.976863993749,0.11322251264506666,0.41603627562845164,0.0
existing/516,existing_real,existing_real,benzenethiol + pyridine,benzenethiol + pyridine,benzenethiol + pyridine,2,2,0.12318020133807298,1579.3428289600429,0.11318020133807298,0.4152362753641976,0.0
existing/517,existing_real,existing_real,benzenethiol + pyridine,benzenethiol + pyridine,benzenethiol + pyridine,2,2,0.10229029435889005,1251.1055770373844,0.09229029435889005,0.4187164757933072,0.0
existing/518,existing_real,existing_real,benzenethiol + pyridine,benzenethiol + pyridine,benzenethiol + pyridine,2,2,0.12337135662133944,1574.687616446052,0.11337135662133944,0.413832471733408,0.0
existing/519,existing_real,existing_real,benzenethiol + pyridine,benzenethiol + pyridine + toluene,benzenethiol + pyridine,3,2,0.1238859567890362,1481.490392377881,0.1038859567890362,0.026223569872557945,0.0
existing/520,existing_real,existing_real,benzenethiol + pyridine,benzenethiol + pyridine,benzenethiol + pyridine,2,2,0.1213799924977479,1594.0964505125867,0.11137999249774791,0.41499018532109827,0.0
existing/521,existing_real,existing_real,benzenethiol + pyridine,benzenethiol + pyridine,benzenethiol + pyridine,2,2,0.12141146731356359,1587.463490967224,0.11141146731356359,0.41455395543458257,0.0
existing/522,existing_real,existing_real,benzenethiol + pyridine,benzenethiol + pyridine,benzenethiol + pyridine,2,2,0.12204136391865036,1559.9456292871257,0.11204136391865037,0.41345618558512875,0.0
existing/523,existing_real,existing_real,benzenethiol + pyridine,benzenethiol + pyridine,benzenethiol + pyridine,2,2,0.1235570119954305,1564.3284804410498,0.1135570119954305,0.4161027564173254,0.0
existing/524,existing_real,existing_real,benzenethiol + pyridine,benzenethiol + pyridine + toluene,benzenethiol + pyridine,3,2,0.12514720954582603,1438.2244984799852,0.10514720954582603,0.026495748593265617,0.0
existing/525,existing_real,existing_real,benzenethiol + pyridine,benzenethiol + pyridine,benzenethiol + pyridine,2,2,0.10568412075173304,1322.6374818579127,0.09568412075173305,0.4176131347731749,0.0
existing/526,existing_real,existing_real,benzenethiol + pyridine,benzenethiol + pyridine,benzenethiol + pyridine,2,2,0.10656188001762447,1314.7082714632186,0.09656188001762447,0.41822937470227617,0.0
existing/527,existing_real,existing_real,benzenethiol + pyridine,benzenethiol + pyridine,benzenethiol + pyridine,2,2,0.1074192826093839,1354.0226618469776,0.0974192826093839,0.41569293670469853,0.0
existing/528,existing_real,existing_real,benzenethiol + pyridine,benzenethiol + pyridine,benzenethiol + pyridine,2,2,0.10466058389308518,1283.2752436157764,0.09466058389308518,0.416162780024169,0.0
existing/529,existing_real,existing_real,benzenethiol + pyridine,benzenethiol + pyridine,benzenethiol + pyridine,2,2,0.1063300422461701,1346.1253594819077,0.0963300422461701,0.4169473560717784,0.0
existing/530,existing_real,existing_real,benzenethiol + pyridine,benzenethiol + pyridine,benzenethiol + pyridine,2,2,0.10759308560972072,1359.8851102564518,0.09759308560972073,0.41524007149647163,0.0
existing/531,existing_real,existing_real,1-dodecanethiol + benzene,1-dodecanethiol + benzene,1-dodecanethiol + benzene,2,2,0.16704021916078043,1948.9626723586205,0.15704021916078043,0.4845097441539457,0.0
existing/532,existing_real,existing_real,1-dodecanethiol + benzene,1-dodecanethiol + benzene,1-dodecanethiol + benzene,2,2,0.15929620317290125,1876.3744757064792,0.14929620317290124,0.4851243417490894,0.0
existing/533,existing_real,existing_real,1-dodecanethiol + benzene,1-dodecanethiol + benzene,1-dodecanethiol + benzene,2,2,0.15616319032882794,1811.0448119750395,0.14616319032882794,0.483483962439109,0.0
existing/534,existing_real,existing_real,1-dodecanethiol + benzene,1-dodecanethiol + benzene,1-dodecanethiol + benzene,2,2,0.15563927501644767,1789.515172459576,0.14563927501644766,0.48566442262576054,0.0
existing/535,existing_real,existing_real,1-dodecanethiol + benzene,1-dodecanethiol + benzene,1-dodecanethiol + benzene,2,2,0.15883066590703523,1814.784655925088,0.14883066590703523,0.4868008320731891,0.0
existing/536,existing_real,existing_real,1-dodecanethiol + benzene,1-dodecanethiol + benzene,1-dodecanethiol + benzene,2,2,0.1584140208747161,1789.6590801533578,0.14841402087471608,0.48675874246585776,0.0
existing/537,existing_real,existing_real,1-dodecanethiol + benzene,1-dodecanethiol + benzene,1-dodecanethiol + benzene,2,2,0.15140505856456776,1751.8156302408208,0.14140505856456775,0.4875441219239635,0.0
existing/538,existing_real,existing_real,1-dodecanethiol + benzene,1-dodecanethiol + benzene,1-dodecanethiol + benzene,2,2,0.15229409270978628,1767.7137793869774,0.14229409270978627,0.4850656330022888,0.0
existing/539,existing_real,existing_real,1-dodecanethiol + benzene,1-dodecanethiol + benzene,1-dodecanethiol + benzene,2,2,0.15069700917893727,1753.0855642655708,0.14069700917893727,0.4867904498687195,0.0
existing/540,existing_real,existing_real,1-dodecanethiol + benzene,1-dodecanethiol + benzene,1-dodecanethiol + benzene,2,2,0.1536869416639525,1790.8184682542205,0.1436869416639525,0.4859603205145858,0.0
existing/541,existing_real,existing_real,1-dodecanethiol + benzene,1-dodecanethiol + benzene,1-dodecanethiol + benzene,2,2,0.1536218903568077,1794.18357682813,0.1436218903568077,0.48577773645546685,0.0
existing/542,existing_real,existing_real,1-dodecanethiol + benzene,1-dodecanethiol + benzene,1-dodecanethiol + benzene,2,2,0.1654446727234076,1916.803821628163,0.1554446727234076,0.4848273876541202,0.0
existing/543,existing_real,existing_real,1-dodecanethiol + benzene,1-dodecanethiol + benzene,1-dodecanethiol + benzene,2,2,0.15832596508478822,1868.387416394272,0.1483259650847882,0.48721760850203555,0.0
existing/544,existing_real,existing_real,1-dodecanethiol + benzene,1-dodecanethiol + benzene,1-dodecanethiol + benzene,2,2,0.15286823750152725,1801.4676513413592,0.14286823750152725,0.4869605728432926,0.0
existing/545,existing_real,existing_real,1-dodecanethiol + benzene,1-dodecanethiol + benzene,1-dodecanethiol + benzene,2,2,0.1524936896371845,1871.9980877692358,0.14249368963718448,0.4893089565443822,0.0
existing/546,existing_real,existing_real,1-dodecanethiol + benzene,1-dodecanethiol + benzene,1-dodecanethiol + benzene,2,2,0.14858130482656767,1814.6663630708954,0.13858130482656766,0.48881024655682936,0.0
existing/547,existing_real,existing_real,1-dodecanethiol + benzene,1-dodecanethiol + benzene,1-dodecanethiol + benzene,2,2,0.15233081903903267,1859.5218270276887,0.14233081903903266,0.490313236893756,0.0
existing/548,existing_real,existing_real,1-dodecanethiol + benzene,1-dodecanethiol + benzene,1-dodecanethiol + benzene,2,2,0.15115026544567303,1836.4676774680233,0.14115026544567302,0.49036319118067495,0.0
existing/549,existing_real,existing_real,1-dodecanethiol + benzene,1-dodecanethiol + benzene,1-dodecanethiol + benzene,2,2,0.15059177307743613,1809.2484229904862,0.14059177307743612,0.4898902076440514,0.0
existing/550,existing_real,existing_real,1-dodecanethiol + benzene,1-dodecanethiol + benzene,1-dodecanethiol + benzene,2,2,0.15275740379737052,1829.0406920837725,0.1427574037973705,0.4894745889994148,0.0
existing/551,existing_real,existing_real,1-dodecanethiol + benzene,1-dodecanethiol + benzene,1-dodecanethiol + benzene,2,2,0.14846541749818762,1758.498493350733,0.1384654174981876,0.48974645320073934,0.0
existing/552,existing_real,existing_real,1-dodecanethiol + benzene,1-dodecanethiol + benzene,1-dodecanethiol + benzene,2,2,0.15207206407924131,1871.5247501736853,0.1420720640792413,0.49100890226729155,0.0
existing/553,existing_real,existing_real,1-dodecanethiol + benzene,1-dodecanethiol + benzene,1-dodecanethiol + benzene,2,2,0.1618200501456719,1872.8808409418384,0.1518200501456719,0.4851404865206839,0.0
existing/554,existing_real,existing_real,1-dodecanethiol + benzene,1-dodecanethiol + benzene,1-dodecanethiol + benzene,2,2,0.15314246329861203,1867.0865139484988,0.14314246329861202,0.4904630995022101,0.0
existing/555,existing_real,existing_real,1-dodecanethiol + benzene,1-dodecanethiol + benzene,1-dodecanethiol + benzene,2,2,0.15392460138574648,1865.8387554111214,0.14392460138574648,0.4925635080724886,0.0
existing/556,existing_real,existing_real,1-dodecanethiol + benzene,1-dodecanethiol + benzene,1-dodecanethiol + benzene,2,2,0.15463648923717097,1854.7921879291573,0.14463648923717096,0.49149755056866745,0.0
existing/557,existing_real,existing_real,1-dodecanethiol + benzene,1-dodecanethiol + benzene,1-dodecanethiol + benzene,2,2,0.1558519138244476,1852.6601281000221,0.1458519138244476,0.4921069245465541,0.0
existing/558,existing_real,existing_real,1-dodecanethiol + benzene,1-dodecanethiol + benzene,1-dodecanethiol + benzene,2,2,0.15648556571923483,1839.292776295256,0.14648556571923482,0.49175049344390315,0.0
existing/559,existing_real,existing_real,1-dodecanethiol + benzene,1-dodecanethiol + benzene,1-dodecanethiol + benzene,2,2,0.1573951354434168,1828.2504938307845,0.14739513544341679,0.4883530248006845,0.0
existing/560,existing_real,existing_real,1-dodecanethiol + benzene,1-dodecanethiol + benzene,1-dodecanethiol + benzene,2,2,0.15476754419128136,1897.5082270723954,0.14476754419128135,0.49217188591028216,0.0
existing/561,existing_real,existing_real,1-dodecanethiol + benzene,1-dodecanethiol + benzene,1-dodecanethiol + benzene,2,2,0.15724937572708744,1917.479252351112,0.14724937572708743,0.4910330681970453,0.0
existing/562,existing_real,existing_real,1-dodecanethiol + benzene,1-dodecanethiol + benzene,1-dodecanethiol + benzene,2,2,0.15594845257331494,1890.1191957179683,0.14594845257331493,0.4917462750173158,0.0
existing/563,existing_real,existing_real,1-dodecanethiol + benzene,1-dodecanethiol + benzene,1-dodecanethiol + benzene,2,2,0.15506489943356916,1858.9288685364957,0.14506489943356915,0.4917620855267174,0.0
existing/564,existing_real,existing_real,1-dodecanethiol + benzene,1-dodecanethiol + benzene,1-dodecanethiol + benzene,2,2,0.1619057799009413,1873.9222549959857,0.15190577990094128,0.48592779622211474,0.0
existing/565,existing_real,existing_real,1-dodecanethiol + benzene,1-dodecanethiol + benzene,1-dodecanethiol + benzene,2,2,0.15706958096729878,1862.9292315230186,0.14706958096729877,0.4889527181218689,0.0
existing/566,existing_real,existing_real,1-dodecanethiol + benzene,1-dodecanethiol + benzene,1-dodecanethiol + benzene,2,2,0.157243825936626,1849.51182142354,0.147243825936626,0.4908253907790157,0.0
existing/567,existing_real,existing_real,1-dodecanethiol + benzene,1-dodecanethiol + benzene,1-dodecanethiol + benzene,2,2,0.15592703654672954,1819.1077286985985,0.14592703654672953,0.49102342759419854,0.0
existing/568,existing_real,existing_real,1-dodecanethiol + benzene,1-dodecanethiol + benzene,1-dodecanethiol + benzene,2,2,0.15391005750543804,1879.745050021351,0.14391005750543803,0.493171562572725,0.0
existing/569,existing_real,existing_real,1-dodecanethiol + benzene,1-dodecanethiol + benzene,1-dodecanethiol + benzene,2,2,0.1530073496690352,1852.7790266200943,0.1430073496690352,0.4897725116373007,0.0
existing/570,existing_real,existing_real,1-dodecanethiol + benzene,1-dodecanethiol + benzene,1-dodecanethiol + benzene,2,2,0.15770327857635302,1910.2674715783803,0.14770327857635301,0.4897912131254731,0.0
existing/571,existing_real,existing_real,1-dodecanethiol + benzene,1-dodecanethiol + benzene,1-dodecanethiol + benzene,2,2,0.1541769492441145,1837.942456041943,0.14417694924411448,0.48772781572392476,0.0
existing/572,existing_real,existing_real,1-dodecanethiol + benzene,1-dodecanethiol + benzene,1-dodecanethiol + benzene,2,2,0.15587884646610795,1857.1417829629468,0.14587884646610794,0.489456661219818,0.0
existing/573,existing_real,existing_real,1-dodecanethiol + benzene,1-dodecanethiol + benzene,1-dodecanethiol + benzene,2,2,0.1523277816794054,1783.0467358412616,0.14232778167940538,0.48849672120067555,0.0
existing/574,existing_real,existing_real,1-dodecanethiol + benzene,1-dodecanethiol + benzene,1-dodecanethiol + benzene,2,2,0.1519172597695142,1779.503274251319,0.1419172597695142,0.4914977464140439,0.0
existing/575,existing_real,existing_real,1-dodecanethiol + benzene,1-dodecanethiol + benzene,1-dodecanethiol + benzene,2,2,0.1590533702384758,1834.926930469196,0.14905337023847579,0.48346813378422665,0.0
existing/576,existing_real,existing_real,1-dodecanethiol + benzene,1-dodecanethiol + benzene,1-dodecanethiol + benzene,2,2,0.1590143920720238,1843.991114411648,0.1490143920720238,0.48471632848732005,0.0
existing/577,existing_real,existing_real,1-dodecanethiol + benzene,1-dodecanethiol + benzene,1-dodecanethiol + benzene,2,2,0.15954108892933402,1859.479055624474,0.14954108892933402,0.48564996028981805,0.0
existing/578,existing_real,existing_real,1-dodecanethiol + benzene,1-dodecanethiol + benzene,1-dodecanethiol + benzene,2,2,0.15377811154533894,1845.1477774218934,0.14377811154533893,0.48623950435214647,0.0
existing/579,existing_real,existing_real,1-dodecanethiol + benzene,1-dodecanethiol + benzene,1-dodecanethiol + benzene,2,2,0.15602184091679583,1857.239937645951,0.14602184091679582,0.48571114288934597,0.0
