sample_id,dataset,source,true_labels,predicted_labels,predicted_cardinality,residual_rel,baseline_coef,top1_label,top1_coef,top1_share,top2_label,top2_coef,top2_share,top3_label,top3_coef,top3_share,top4_label,top4_coef,top4_share,top5_label,top5_coef,top5_share
Mix 13/mix 13_Y0_X0.txt,pt2_real,Mix 13,n-hexane + pyridine,n-hexane + pyridine,2,0.24183999052312707,0.0,pyridine,0.552367246339141,0.7458767791714411,n-hexane,0.10697064418411151,0.1444454211916685,tris(2-ethylhexyl) phosphate,0.04789592015882662,0.06467518648197343,diethylamine,0.015370620954297398,0.020755374847511155,1-dodecanethiol,0.014425916331812014,0.01947971405162258
Mix 13/mix 13_Y0_X1.txt,pt2_real,Mix 13,n-hexane + pyridine,n-hexane + pyridine,2,0.2358267434516548,0.0,pyridine,0.552926730884895,0.7406657028207477,n-hexane,0.1094818733651019,0.14665499812664334,tris(2-ethylhexyl) phosphate,0.037705664579365354,0.05050812521092013,diethylamine,0.023398682613942293,0.03134339639467162,1-dodecanethiol,0.02068058750681695,0.027702407977217576
Mix 13/mix 13_Y0_X2.txt,pt2_real,Mix 13,n-hexane + pyridine,n-hexane + pyridine,2,0.23682522929352498,0.0,pyridine,0.555964500719983,0.7423446429352657,n-hexane,0.10562064338916098,0.14102864247947758,tris(2-ethylhexyl) phosphate,0.04684274602295212,0.06254619049504695,1-dodecanethiol,0.018547530286121168,0.024765357733724017,diethylamine,0.01826168418747964,0.02438368530723692
Mix 13/mix 13_Y0_X3.txt,pt2_real,Mix 13,n-hexane + pyridine,n-hexane + pyridine,2,0.23225916614168565,0.0,pyridine,0.5567167031385811,0.7395544764436868,n-hexane,0.1064960689288433,0.1414716750116552,tris(2-ethylhexyl) phosphate,0.05270889377001794,0.07001963137848968,1-dodecanethiol,0.017639220025541632,0.02343232034771042,diethylamine,0.016326036471539667,0.021687858990112833
Mix 13/mix 13_Y0_X4.txt,pt2_real,Mix 13,n-hexane + pyridine,n-hexane + pyridine,2,0.22885389578308646,0.0,pyridine,0.5570687348078379,0.7398339662878901,n-hexane,0.10921699247029454,0.1450493191889608,tris(2-ethylhexyl) phosphate,0.04970343425548795,0.06601032620517056,1-dodecanethiol,0.01985032646582182,0.026362897150177315,diethylamine,0.014498068420077647,0.019254649906782623
Mix 13/mix 13_Y0_X5.txt,pt2_real,Mix 13,n-hexane + pyridine,n-hexane + pyridine,2,0.23390403336412569,0.0,pyridine,0.5562780914037582,0.7454515184770174,n-hexane,0.10589431751615706,0.14190578599150885,tris(2-ethylhexyl) phosphate,0.046026934900675345,0.06167930940075031,1-dodecanethiol,0.019452371889899935,0.026067537779014514,diethylamine,0.017508553473238382,0.023462685255185356
Mix 13/mix 13_Y1_X0.txt,pt2_real,Mix 13,n-hexane + pyridine,n-hexane + pyridine,2,0.2292944250588287,0.0,pyridine,0.5570044676179092,0.7475115775193281,n-hexane,0.10794558701378529,0.14486522232040014,tris(2-ethylhexyl) phosphate,0.045605212351230856,0.0612031432594499,diethylamine,0.016224666324275848,0.02177383957197223,1-dodecanethiol,0.0160016897867256,0.021474600422155717
Mix 13/mix 13_Y1_X1.txt,pt2_real,Mix 13,n-hexane + pyridine,n-hexane + pyridine,2,0.22452802323595497,0.0,pyridine,0.5538006993010698,0.7446649580870732,n-hexane,0.10540060760054133,0.14172632707085053,tris(2-ethylhexyl) phosphate,0.046532214034490135,0.0625692767405745,1-dodecanethiol,0.020473865885517813,0.027530067225919136,diethylamine,0.014679244679456272,0.019738362804115155
Mix 13/mix 13_Y1_X2.txt,pt2_real,Mix 13,n-hexane + pyridine,n-hexane + pyridine,2,0.22624666210871175,0.0,pyridine,0.5546694895835703,0.7455750855279423,n-hexane,0.1136570073348038,0.15277536362801655,tris(2-ethylhexyl) phosphate,0.04335718813073278,0.058279822229074865,diethylamine,0.01516849109975977,0.02038916735356018,1-dodecanethiol,0.013189729004496544,0.01772935687881611
Mix 13/mix 13_Y1_X3.txt,pt2_real,Mix 13,n-hexane + pyridine,n-hexane + pyridine,2,0.22483502167988362,0.0,pyridine,0.5554325984857638,0.7437768920834467,n-hexane,0.10792109215274862,0.14451657092229522,tris(2-ethylhexyl) phosphate,0.04595610455626172,0.061539579621908626,1-dodecanethiol,0.017050329572191436,0.022832007290850557,diethylamine,0.015991121996288417,0.021413627957292982
Mix 13/mix 13_Y1_X4.txt,pt2_real,Mix 13,n-hexane + pyridine,n-hexane + pyridine,2,0.22378715109109296,0.0,pyridine,0.5540129371608131,0.7402759823519385,n-hexane,0.10907265922350542,0.14574365423344116,tris(2-ethylhexyl) phosphate,0.049569733635019285,0.06623542664841471,1-dodecanethiol,0.0170089731745386,0.022727509559807353,diethylamine,0.014896258864809189,0.01990448584292625
Mix 13/mix 13_Y1_X5.txt,pt2_real,Mix 13,n-hexane + pyridine,n-hexane + pyridine,2,0.22868710412291005,0.0,pyridine,0.5534265840712872,0.7415786215016391,n-hexane,0.10467948727354777,0.14026805380533838,tris(2-ethylhexyl) phosphate,0.04887014249462773,0.06548484288041805,1-dodecanethiol,0.020398855539221997,0.027333987210557926,diethylamine,0.014476007298970873,0.019397509708777728
Mix 13/mix 13_Y2_X0.txt,pt2_real,Mix 13,n-hexane + pyridine,n-hexane + pyridine,2,0.2285449801808862,0.0,pyridine,0.5488396640531489,0.7411354368103165,n-hexane,0.10720207720172652,0.14476223844160963,tris(2-ethylhexyl) phosphate,0.046125288211481486,0.062286106244878896,1-dodecanethiol,0.019035747857234643,0.02570526189560607,diethylamine,0.016146678324039876,0.021803955283312224
Mix 13/mix 13_Y2_X1.txt,pt2_real,Mix 13,n-hexane + pyridine,n-hexane + pyridine,2,0.22375551884431902,0.0,pyridine,0.5479371052775438,0.7417368703591766,n-hexane,0.11044588147867666,0.14950946319023012,tris(2-ethylhexyl) phosphate,0.040333277721130184,0.054598746644553414,diethylamine,0.019072865861303048,0.025818743969853022,1-dodecanethiol,0.01795224289166438,0.024301768086404933
Mix 13/mix 13_Y2_X2.txt,pt2_real,Mix 13,n-hexane + pyridine,n-hexane + pyridine,2,0.22805958112891297,0.0,pyridine,0.5551235171350869,0.7463484989107544,n-hexane,0.10871856009617945,0.1461691526784599,tris(2-ethylhexyl) phosphate,0.04175841040616414,0.05614304918009021,1-dodecanethiol,0.01844222566345885,0.024795071755438554,diethylamine,0.016743496920439967,0.022511177075652956
Mix 13/mix 13_Y2_X3.txt,pt2_real,Mix 13,n-hexane + pyridine,n-hexane + pyridine,2,0.22847160428262667,0.0,pyridine,0.5497350164792906,0.7427696721258398,n-hexane,0.11075749737430007,0.14964902642923888,tris(2-ethylhexyl) phosphate,0.04498144403463699,0.06077628573004094,1-dodecanethiol,0.0186830344398555,0.02524341900954752,diethylamine,0.014011081015466963,0.018930949894073235
Mix 13/mix 13_Y2_X4.txt,pt2_real,Mix 13,n-hexane + pyridine,n-hexane + pyridine,2,0.23156557798442326,0.0,pyridine,0.5502242373206908,0.7441570551737372,n-hexane,0.1107666750037034,0.14980765493632806,tris(2-ethylhexyl) phosphate,0.04431051128968693,0.05992825716864526,diethylamine,0.01654347643594369,0.022374413687873768,1-dodecanethiol,0.014629593894143084,0.019785961381246876
Mix 13/mix 13_Y2_X5.txt,pt2_real,Mix 13,n-hexane + pyridine,n-hexane + pyridine,2,0.23065535031585016,0.0,pyridine,0.5490667831290168,0.7395631306355304,n-hexane,0.10703176270201428,0.1441659702126636,tris(2-ethylhexyl) phosphate,0.045196127403695656,0.06087672848245369,1-dodecanethiol,0.020087471126370927,0.027056732421707856,diethylamine,0.017552457377513958,0.023642206608245488
Mix 13/mix 13_Y3_X0.txt,pt2_real,Mix 13,n-hexane + pyridine,n-hexane + pyridine,2,0.23338295910638907,0.0,pyridine,0.5514349932421494,0.7343499764501398,n-hexane,0.10755465088459257,0.1432313079730872,tris(2-ethylhexyl) phosphate,0.050219072238960924,0.06687710241093564,diethylamine,0.019697851234552248,0.026231771228670996,1-dodecanethiol,0.01587861906390981,0.02114567207112752
Mix 13/mix 13_Y3_X1.txt,pt2_real,Mix 13,n-hexane + pyridine,n-hexane + pyridine,2,0.23729048537568118,0.0,pyridine,0.5503935868125386,0.7464065827434209,n-hexane,0.10466780402021697,0.14194340158363283,tris(2-ethylhexyl) phosphate,0.04934202003251201,0.06691431266743403,diethylamine,0.015768818555108012,0.02138460595041055,1-dodecanethiol,0.014487134355108575,0.019646472464121132
Mix 13/mix 13_Y3_X2.txt,pt2_real,Mix 13,n-hexane + pyridine,n-hexane + pyridine,2,0.23645774546877932,0.0,pyridine,0.5496154147341098,0.7459801095117827,n-hexane,0.10364737517613953,0.14067815096108674,tris(2-ethylhexyl) phosphate,0.046254063608392494,0.06277955550545478,1-dodecanethiol,0.01955401082747341,0.02654020019713235,diethylamine,0.017133631285246705,0.023255075821856524
Mix 13/mix 13_Y3_X3.txt,pt2_real,Mix 13,n-hexane + pyridine,n-hexane + pyridine,2,0.24227200389314582,0.0,pyridine,0.5462156573158188,0.7389464755702047,n-hexane,0.10482010552461068,0.14180561561881982,tris(2-ethylhexyl) phosphate,0.047650189368474725,0.06446343861162601,diethylamine,0.02363797838408768,0.03197857949067695,1-dodecanethiol,0.015882762866091256,0.02148695571981649
Mix 13/mix 13_Y3_X4.txt,pt2_real,Mix 13,n-hexane + pyridine,n-hexane + pyridine,2,0.2422048300174453,0.0,pyridine,0.5521281926607827,0.7434264539206944,n-hexane,0.10536238441601325,0.14186774894711773,tris(2-ethylhexyl) phosphate,0.043570355942088704,0.05866636705869158,diethylamine,0.020979245970144077,0.028248016755587857,1-dodecanethiol,0.019648126609571197,0.02645569866871946
Mix 13/mix 13_Y3_X5.txt,pt2_real,Mix 13,n-hexane + pyridine,n-hexane + pyridine,2,0.24198145055648962,0.0,pyridine,0.550245714151484,0.737599560227662,n-hexane,0.1077998068239979,0.14450469683098272,tris(2-ethylhexyl) phosphate,0.05004376953143479,0.06708323472440302,diethylamine,0.01927997548147416,0.02584463825995453,1-dodecanethiol,0.015011470597874136,0.020122744851246887
Mix 13/mix 13_Y4_X0.txt,pt2_real,Mix 13,n-hexane + pyridine,n-hexane + pyridine,2,0.2484826322163646,0.0,pyridine,0.5513248728769624,0.7372486597139198,n-hexane,0.09866115542551032,0.13193274633832255,tris(2-ethylhexyl) phosphate,0.05424902071428055,0.07254346716427137,1-dodecanethiol,0.020134746466582143,0.02692480527625321,diethylamine,0.01974742174763031,0.02640686269109247
Mix 13/mix 13_Y4_X1.txt,pt2_real,Mix 13,n-hexane + pyridine,n-hexane + pyridine,2,0.24888139847109583,0.0,pyridine,0.5523789922865455,0.742233657871014,n-hexane,0.1054849980168796,0.14174057489856545,tris(2-ethylhexyl) phosphate,0.04475826970890519,0.0601418495451846,diethylamine,0.02107666015132403,0.028320784784129305,1-dodecanethiol,0.01638607194351104,0.022018024375663855
Mix 13/mix 13_Y4_X2.txt,pt2_real,Mix 13,n-hexane + pyridine,n-hexane + pyridine,2,0.24983082458518077,0.0,pyridine,0.551581415830683,0.7430738836156704,n-hexane,0.10631561280552157,0.14322519401311606,tris(2-ethylhexyl) phosphate,0.042597563340592254,0.057386155362737695,1-dodecanethiol,0.02174160868439175,0.029289640907920654,diethylamine,0.01833500929295899,0.024700372729074393
Mix 13/mix 13_Y4_X3.txt,pt2_real,Mix 13,n-hexane + pyridine,n-hexane + pyridine,2,0.2507352067881921,0.0,pyridine,0.5531534419329408,0.7372105575506581,n-hexane,0.10010235389591086,0.13341056302544738,tris(2-ethylhexyl) phosphate,0.057485432919739614,0.0766132230972176,1-dodecanethiol,0.01925712746219998,0.02566477327452587,diethylamine,0.01735038015085962,0.023123571969532714
Mix 13/mix 13_Y4_X4.txt,pt2_real,Mix 13,n-hexane + pyridine,n-hexane + pyridine,2,0.2525453085759702,0.0,pyridine,0.5528017221706888,0.7412697469398888,n-hexane,0.10144051683742976,0.13602487696721602,tris(2-ethylhexyl) phosphate,0.05262320481477293,0.07056416098531645,diethylamine,0.019146896552429713,0.025674694185777915,1-dodecanethiol,0.016659464369524663,0.02233921574784564
Mix 13/mix 13_Y4_X5.txt,pt2_real,Mix 13,n-hexane + pyridine,n-hexane + pyridine,2,0.2563385015671617,0.0,pyridine,0.5492442473337077,0.7374201423954195,n-hexane,0.10383371398632765,0.1394080548407118,tris(2-ethylhexyl) phosphate,0.04924401434263022,0.06611544544152727,1-dodecanethiol,0.021050645563741432,0.028262781311750737,diethylamine,0.019405251355106876,0.02605366061996734
Mix 13/mix 13_Y5_X0.txt,pt2_real,Mix 13,n-hexane + pyridine,n-hexane + pyridine,2,0.2582574999468065,0.0,pyridine,0.5549061037505695,0.7360252525214318,n-hexane,0.1046845885752975,0.13885322259109584,tris(2-ethylhexyl) phosphate,0.050800795567716966,0.06738197351461399,1-dodecanethiol,0.020214547213931205,0.026812495154005328,diethylamine,0.01996569085864769,0.026482413072548453
Mix 13/mix 13_Y5_X1.txt,pt2_real,Mix 13,n-hexane + pyridine,n-hexane + pyridine,2,0.2588351474538989,0.0,pyridine,0.5564307969765542,0.7359252536200455,n-hexane,0.09711108360089771,0.12843735324613853,tris(2-ethylhexyl) phosphate,0.056168138248850606,0.0742869582538453,diethylamine,0.022775362571331125,0.03012228037640697,1-dodecanethiol,0.02089866837740018,0.02764019876241231
Mix 13/mix 13_Y5_X2.txt,pt2_real,Mix 13,n-hexane + pyridine,n-hexane + pyridine,2,0.26696619628016255,0.0,pyridine,0.5497857469819181,0.7339446437160881,n-hexane,0.09880577431483584,0.13190223505190185,tris(2-ethylhexyl) phosphate,0.05344048310899566,0.07134116617384305,1-dodecanethiol,0.022223866541195566,0.029668080520661673,diethylamine,0.0218075444969426,0.029112305227981257
Mix 13/mix 13_Y5_X3.txt,pt2_real,Mix 13,n-hexane + pyridine,n-hexane + pyridine,2,0.26860559218612384,0.0,pyridine,0.5498652034868127,0.7329752571482246,n-hexane,0.09848848322097171,0.13128603311731774,tris(2-ethylhexyl) phosphate,0.054133000128793095,0.0721597755922713,1-dodecanethiol,0.022117585406110637,0.029482940087389192,diethylamine,0.021013094211057418,0.028010643399803834
Mix 13/mix 13_Y5_X4.txt,pt2_real,Mix 13,n-hexane + pyridine,n-hexane + pyridine,2,0.26959549434182584,0.0,pyridine,0.5494661304817302,0.7386684148511651,n-hexane,0.10084747822286513,0.13557313681065564,tris(2-ethylhexyl) phosphate,0.04960098195234413,0.06668050436826246,diethylamine,0.022625510836943318,0.030416342878987476,1-dodecanethiol,0.01867814359687673,0.025109745546957097
Mix 13/mix 13_Y5_X5.txt,pt2_real,Mix 13,n-hexane + pyridine,n-hexane + pyridine,2,0.27344500790514487,0.0,pyridine,0.5513725121122527,0.7350557885334081,n-hexane,0.09757985449964643,0.1300874369297724,tris(2-ethylhexyl) phosphate,0.054253468753455804,0.07232737464998099,diethylamine,0.024848650967843947,0.033126687185017684,1-dodecanethiol,0.020922459835782278,0.02789253159127108
Mix 15/mix 15_Y0_X0.txt,pt2_real,Mix 15,benzene + n-hexane,benzene + n-hexane,2,0.06130023718103395,0.0,benzene,0.1962417661911531,0.4972139995209882,n-hexane,0.17303668630058275,0.438419733623708,1-undecanethiol,0.012065612804512568,0.030570411771364266,diethylamine,0.008766907613289618,0.02221254569013986,pyridine,0.0036007581794537335,0.009123171944804963
Mix 15/mix 15_Y0_X1.txt,pt2_real,Mix 15,benzene + n-hexane,benzene + n-hexane,2,0.06496009290508407,0.0,benzene,0.19722436500681848,0.5039481710849356,n-hexane,0.1761637771817189,0.45013410649881985,1-undecanethiol,0.00808759756364095,0.02066544871637402,diethylamine,0.006011057464397004,0.01535946846813066,pyridine,0.003418950481899476,0.008736110481702569
Mix 15/mix 15_Y0_X2.txt,pt2_real,Mix 15,benzene + n-hexane,benzene + n-hexane,2,0.06691602437058392,0.0,benzene,0.19718473550466303,0.49767262320370614,n-hexane,0.1764812516112667,0.4454193029235541,1-undecanethiol,0.010618837971074756,0.026800781180726443,diethylamine,0.006898544270942548,0.017411168338259567,pyridine,0.0030803179253034536,0.007774384250706441
Mix 15/mix 15_Y0_X3.txt,pt2_real,Mix 15,benzene + n-hexane,benzene + n-hexane,2,0.0684487414373066,0.0,benzene,0.1974719912116238,0.4997166731078482,n-hexane,0.17509267350843039,0.4430842457927328,1-undecanethiol,0.009747092159334237,0.024665697836197178,diethylamine,0.006591608402120587,0.016680525683297753,tris(2-ethylhexyl) phosphate,0.00312097797755569,0.007897852866210359
Mix 15/mix 15_Y0_X4.txt,pt2_real,Mix 15,benzene + n-hexane,benzene + n-hexane,2,0.06905351462741653,0.0,benzene,0.19696606107201906,0.4960363543048487,n-hexane,0.17721722241896787,0.4463011772195319,1-undecanethiol,0.00932592270840046,0.023486262941067326,diethylamine,0.009058178214829222,0.02281197925100707,pyridine,0.004226280707283808,0.010643401522577282
Mix 15/mix 15_Y0_X5.txt,pt2_real,Mix 15,benzene + n-hexane,benzene + n-hexane,2,0.0743818737744366,0.0,benzene,0.19607534439067106,0.4931175139925037,n-hexane,0.16889235727375954,0.42475396185065967,1-undecanethiol,0.013858002377280142,0.03485202947072688,diethylamine,0.006410878467785391,0.016122967741643367,pyridine,0.005719302252938715,0.014383695805840693
Mix 15/mix 15_Y1_X0.txt,pt2_real,Mix 15,benzene + n-hexane,benzene + n-hexane,2,0.07745373661639877,0.0,benzene,0.19974093592886757,0.49008433803806967,n-hexane,0.17535977398577382,0.4302627218234779,1-undecanethiol,0.011339025137345134,0.027821430807813116,diethylamine,0.010169057699919671,0.024950798834300437,tris(2-ethylhexyl) phosphate,0.006284481670352125,0.01541960352295404
Mix 15/mix 15_Y1_X1.txt,pt2_real,Mix 15,benzene + n-hexane,benzene + n-hexane,2,0.07925675610064818,0.0,benzene,0.199895016831977,0.4907291436219616,n-hexane,0.17392347805477257,0.42697072090252497,1-undecanethiol,0.009489460847882806,0.023296003417783685,diethylamine,0.008204211429611776,0.020140800469933745,tris(2-ethylhexyl) phosphate,0.007783898130508904,0.019108958913347837
Mix 15/mix 15_Y1_X2.txt,pt2_real,Mix 15,benzene + n-hexane,benzene + n-hexane,2,0.0798898875770665,0.0,benzene,0.20015738000103722,0.4922191202228234,n-hexane,0.17564824845760516,0.43194723234304067,1-undecanethiol,0.010970860505476528,0.02697910667128533,diethylamine,0.009035063509782715,0.022218671187240448,pyridine,0.00617977552824763,0.015197059802005898
Mix 15/mix 15_Y1_X3.txt,pt2_real,Mix 15,benzene + n-hexane,benzene + n-hexane,2,0.0822045460870025,0.0,benzene,0.20120560927848213,0.4969107305703248,n-hexane,0.174774862917715,0.43163560463946765,1-undecanethiol,0.01271985448158014,0.031413797089732354,tris(2-ethylhexyl) phosphate,0.005877930585926505,0.014516527606602674,diethylamine,0.005580851876800295,0.013782842303702018
Mix 15/mix 15_Y1_X4.txt,pt2_real,Mix 15,benzene + n-hexane,benzene + n-hexane,2,0.08475893824043253,0.0,benzene,0.19962408386065797,0.4926872521813276,n-hexane,0.1722197114514642,0.42505120006316727,1-undecanethiol,0.013077776100804182,0.032276934962644,diethylamine,0.009572185857900718,0.02362487459674458,tris(2-ethylhexyl) phosphate,0.005716675449856902,0.01410918494668436
Mix 15/mix 15_Y1_X5.txt,pt2_real,Mix 15,benzene + n-hexane,benzene + n-hexane,2,0.08661175545411309,0.0,benzene,0.20018921007578863,0.49303515283385974,n-hexane,0.17264428092137302,0.42519624008574647,1-undecanethiol,0.01531415262743929,0.03771639629494573,diethylamine,0.0076558516455977185,0.018855181978747103,pyridine,0.005418265644227732,0.013344352720033818
Mix 15/mix 15_Y2_X0.txt,pt2_real,Mix 15,benzene + n-hexane,benzene + n-hexane,2,0.0901845929556896,0.0,benzene,0.2027755844335465,0.48986177075421666,n-hexane,0.17643139462140756,0.4262199299156871,1-undecanethiol,0.011530733165889004,0.027855746945648054,tris(2-ethylhexyl) phosphate,0.01000443312646174,0.024168537550568747,diethylamine,0.0068089911773597765,0.016449043826005566
Mix 15/mix 15_Y2_X1.txt,pt2_real,Mix 15,benzene + n-hexane,benzene + n-hexane,2,0.08893264438115672,0.0,benzene,0.2015136982054737,0.49526395697266873,n-hexane,0.17555628891021302,0.43146795027529006,diethylamine,0.012526336792868688,0.030786210474300947,1-undecanethiol,0.011556592232587645,0.028402851266194944,pyridine,0.005629480738114327,0.013835679315542375
Mix 15/mix 15_Y2_X2.txt,pt2_real,Mix 15,benzene + n-hexane,benzene + n-hexane,2,0.09477899727914359,0.0,benzene,0.20211996941667354,0.4921202611313634,n-hexane,0.17519776909635626,0.4265702796520348,1-undecanethiol,0.012317217859529495,0.029989874265949255,diethylamine,0.009877149606725295,0.024048813473124427,tris(2-ethylhexyl) phosphate,0.005719139762721935,0.01392492073692796
Mix 15/mix 15_Y2_X3.txt,pt2_real,Mix 15,benzene + n-hexane,benzene + n-hexane,2,0.09426765517945024,0.0,benzene,0.20120140899607353,0.4935054251774172,n-hexane,0.17368035609847682,0.42600197686993685,1-undecanethiol,0.011341319266668762,0.027817909500223368,tris(2-ethylhexyl) phosphate,0.00922495196722725,0.022626898417578076,diethylamine,0.007640228187028296,0.01873989888393609
Mix 15/mix 15_Y2_X4.txt,pt2_real,Mix 15,benzene + n-hexane,benzene + n-hexane,2,0.10259682175920112,0.0,benzene,0.20020562309584622,0.4883529827134365,n-hexane,0.17098619532215664,0.4170792867711911,tris(2-ethylhexyl) phosphate,0.012852528496701272,0.03135062107505676,1-undecanethiol,0.011972657875141377,0.029204390435795483,pyridine,0.007101641472499511,0.017322729210239314
Mix 15/mix 15_Y2_X5.txt,pt2_real,Mix 15,benzene + n-hexane,benzene + n-hexane,2,0.09730191825003041,0.0,benzene,0.20052967154513834,0.4922203226185601,n-hexane,0.17144664701512877,0.42083310292891674,1-undecanethiol,0.014159405344664292,0.03475568983450316,diethylamine,0.008221984964156482,0.02018169211787237,tris(2-ethylhexyl) phosphate,0.00642982011834012,0.015782642581730254
Mix 15/mix 15_Y3_X0.txt,pt2_real,Mix 15,benzene + n-hexane,benzene + n-hexane,2,0.10895033259017016,0.0,benzene,0.19842788702816622,0.4863621634709776,n-hexane,0.1721492676429983,0.4219512262351926,1-undecanethiol,0.013122012188504208,0.0321630710918548,diethylamine,0.01159260324151093,0.028414370969951405,pyridine,0.008284158938509534,0.020305117008573577
Mix 15/mix 15_Y3_X1.txt,pt2_real,Mix 15,benzene + n-hexane,benzene + n-hexane,2,0.11062343465486409,0.0,benzene,0.199485168356036,0.4910283061521825,n-hexane,0.17070787028921264,0.42019362685327316,1-undecanethiol,0.01282891467307179,0.031578088203762525,diethylamine,0.010736048221593623,0.02642654397046936,tris(2-ethylhexyl) phosphate,0.007080372406246727,0.017428179238673642
Mix 15/mix 15_Y3_X2.txt,pt2_real,Mix 15,benzene + n-hexane,benzene + n-hexane,2,0.11271290007671822,0.0,benzene,0.19773654129682178,0.4943224054001119,n-hexane,0.16648258519937237,0.4161905100254,1-undecanethiol,0.011322170258236178,0.02830434071363456,diethylamine,0.009410782469094962,0.0235260543969826,pyridine,0.007616191623482027,0.019039749247239064
Mix 15/mix 15_Y3_X3.txt,pt2_real,Mix 15,benzene + n-hexane,benzene + n-hexane,2,0.11563592798123701,0.0,benzene,0.19769855551848867,0.47849333153812035,n-hexane,0.16399855491513607,0.39692862045945576,tris(2-ethylhexyl) phosphate,0.017152486556904135,0.04151446840494662,1-undecanethiol,0.01573028586758613,0.03807229077161565,diethylamine,0.011472761379546653,0.02776772849980571
Mix 15/mix 15_Y3_X4.txt,pt2_real,Mix 15,benzene + n-hexane,benzene + n-hexane,2,0.11361761703357402,0.0,benzene,0.19719471622873536,0.49505865787614006,n-hexane,0.1681659288172947,0.4221816923543557,1-undecanethiol,0.0136697762764611,0.034318065039035714,diethylamine,0.009738972631603745,0.024449756120755724,pyridine,0.007288286147841179,0.0182972912640432
Mix 15/mix 15_Y3_X5.txt,pt2_real,Mix 15,benzene + n-hexane,benzene + n-hexane,2,0.1144103069877655,0.0,benzene,0.1959243265269057,0.48491714648774265,n-hexane,0.17170774551163814,0.42498055988934413,diethylamine,0.01323871996638217,0.03276613181756555,1-undecanethiol,0.00896375264730773,0.02218549086071503,pyridine,0.008544252352267974,0.021147218127423234
Mix 15/mix 15_Y4_X0.txt,pt2_real,Mix 15,benzene + n-hexane,benzene + n-hexane,2,0.11836695757351957,0.0,benzene,0.19325694856197315,0.4837094937140985,n-hexane,0.16228931775813019,0.4061995406225621,1-undecanethiol,0.01524868935906069,0.03816647144932805,diethylamine,0.012316420230746725,0.03082719373618859,tris(2-ethylhexyl) phosphate,0.008524176655237295,0.02133545626646456
Mix 15/mix 15_Y4_X1.txt,pt2_real,Mix 15,benzene + n-hexane,benzene + n-hexane,2,0.11706859365486064,0.0,benzene,0.19375784424210515,0.4884943333464728,n-hexane,0.16135525075261298,0.40680224306099166,diethylamine,0.01557130346018737,0.03925773190176164,1-undecanethiol,0.012754320800673746,0.03215567070939909,tris(2-ethylhexyl) phosphate,0.006799266950751044,0.01714203308435689
Mix 15/mix 15_Y4_X2.txt,pt2_real,Mix 15,benzene + n-hexane,benzene + n-hexane,2,0.1207377285962887,0.0,benzene,0.1924687291797521,0.48181507132547996,n-hexane,0.16064562420854395,0.4021509531238104,diethylamine,0.013459995366510394,0.033694972971422765,tris(2-ethylhexyl) phosphate,0.01277064386770498,0.03196929034764931,1-undecanethiol,0.012094636852747677,0.030277013532001053
Mix 15/mix 15_Y4_X3.txt,pt2_real,Mix 15,benzene + n-hexane,benzene + n-hexane,2,0.11941077645204567,0.0,benzene,0.19244651404827826,0.48620517065059554,n-hexane,0.16244139817353231,0.41039895219858474,1-undecanethiol,0.01178490103008703,0.029773882082355686,tris(2-ethylhexyl) phosphate,0.01089340589659676,0.027521570339238976,diethylamine,0.009232827063114983,0.023326212376510537
Mix 15/mix 15_Y4_X4.txt,pt2_real,Mix 15,benzene + n-hexane,benzene + n-hexane,2,0.12142434791177777,0.0,benzene,0.19166017600959379,0.4844777055202199,n-hexane,0.16239123530251728,0.4104918127176275,1-undecanethiol,0.015076727838690166,0.03811088282458745,diethylamine,0.0115043059252808,0.029080531252375138,pyridine,0.008828681650593029,0.022317100599102406
Mix 15/mix 15_Y4_X5.txt,pt2_real,Mix 15,benzene + n-hexane,benzene + n-hexane,2,0.11794683196804608,0.0,benzene,0.19182867616897367,0.48497252982880296,n-hexane,0.16023223484675114,0.40509184469011256,1-undecanethiol,0.014641123795149317,0.03701502292710233,diethylamine,0.012494978629426508,0.0315892363805506,tris(2-ethylhexyl) phosphate,0.00858211737223967,0.021696918606874935
Mix 15/mix 15_Y5_X0.txt,pt2_real,Mix 15,benzene + n-hexane,benzene + n-hexane,2,0.12149209672117811,0.0,benzene,0.18586788928060058,0.4862039936139332,n-hexane,0.1579856461006992,0.41326800645954626,diethylamine,0.015158481138993402,0.03965243321708775,1-undecanethiol,0.01133707918603618,0.02965618858374534,pyridine,0.0084483410669044,0.02209966004370093
Mix 15/mix 15_Y5_X1.txt,pt2_real,Mix 15,benzene + n-hexane,benzene + n-hexane,2,0.12033413019750348,0.0,benzene,0.18668269535612989,0.4864372552270976,n-hexane,0.15746418945778373,0.41030288302985385,1-undecanethiol,0.014608413264895195,0.03806499814159346,diethylamine,0.009505894100207626,0.024769414357143974,pyridine,0.0079376743982849,0.020683119770808073
Mix 15/mix 15_Y5_X2.txt,pt2_real,Mix 15,benzene + n-hexane,benzene + n-hexane,2,0.11865934834180163,0.0,benzene,0.18646135939660446,0.4866697349424038,n-hexane,0.15971426983985415,0.4168590297797477,1-undecanethiol,0.01397618681851805,0.03647826636298545,diethylamine,0.012110891504942047,0.031609789704953144,pyridine,0.007874513736415166,0.020552716795066303
Mix 15/mix 15_Y5_X3.txt,pt2_real,Mix 15,benzene + n-hexane,benzene + n-hexane,2,0.11736049687293111,0.0,benzene,0.18613138314004476,0.48675737691004595,n-hexane,0.15891307230380433,0.41557801229638286,diethylamine,0.012315226462078397,0.032205892566887544,1-undecanethiol,0.011152015251901647,0.029163946453845523,tris(2-ethylhexyl) phosphate,0.007704534557697905,0.020148343435433258
Mix 15/mix 15_Y5_X4.txt,pt2_real,Mix 15,benzene + n-hexane,benzene + n-hexane,2,0.1168842098636933,0.0,benzene,0.18699520662896316,0.4860611757794433,n-hexane,0.1568652171688179,0.40774356343401486,1-undecanethiol,0.013690857364050969,0.035586977590304464,diethylamine,0.0130217026666701,0.03384762755641485,pyridine,0.007559275632778534,0.01964900848715195
Mix 15/mix 15_Y5_X5.txt,pt2_real,Mix 15,benzene + n-hexane,benzene + n-hexane,2,0.11747675475564816,0.0,benzene,0.18555291150389086,0.48858470236725343,n-hexane,0.15788711489955518,0.41573709846749524,diethylamine,0.014112050303443282,0.037158845104701924,1-undecanethiol,0.014077048209690498,0.03706668008600279,pyridine,0.007454973280182249,0.01962990433150543
Mix 16/mix 16_Y0_X0.txt,pt2_real,Mix 16,dichloromethane + n-hexane,dichloromethane + n-hexane,2,0.2589342235959394,0.0,n-hexane,0.4156716517385006,0.402376097449032,dichloromethane,0.3939552652178921,0.3813543250421073,dmmp,0.1133849279022739,0.10975823010311644,6-mercapto-1-hexanol,0.1092441309286577,0.1057498794744317,1-dodecanethiol,0.0007866288150841683,0.0007614679313123987
Mix 16/mix 16_Y0_X1.txt,pt2_real,Mix 16,dichloromethane + n-hexane,dichloromethane + n-hexane,2,0.25450007449605755,0.0,n-hexane,0.39788614933219735,0.40256642665507514,dichloromethane,0.38258899776240546,0.38708933690015945,dmmp,0.10725938227018553,0.10852105889639527,6-mercapto-1-hexanol,0.09224477701002315,0.09332983900255176,1-dodecanethiol,0.008394594146982662,0.008493338545818428
Mix 16/mix 16_Y0_X2.txt,pt2_real,Mix 16,dichloromethane + n-hexane,dichloromethane + n-hexane,2,0.25809414696098004,0.0,n-hexane,0.39875146495144187,0.4063994321214573,dichloromethane,0.376681334260557,0.383906001079858,dmmp,0.10488348825180853,0.1068951309549249,6-mercapto-1-hexanol,0.095288740441267,0.09711635794896864,1-dodecanethiol,0.005576128943270319,0.00568307789479103
Mix 16/mix 16_Y0_X3.txt,pt2_real,Mix 16,dichloromethane + n-hexane,dichloromethane + n-hexane,2,0.25524295394931895,0.0,n-hexane,0.3996864812630522,0.4088034937348337,dichloromethane,0.3767996029056985,0.38539455630066377,dmmp,0.10463294964594129,0.10701967011711355,6-mercapto-1-hexanol,0.0965792671746455,0.098782279847389,tris(2-ethylhexyl) phosphate,0.0,0.0
Mix 16/mix 16_Y0_X4.txt,pt2_real,Mix 16,dichloromethane + n-hexane,dichloromethane + n-hexane,2,0.25239646673538313,0.0,n-hexane,0.3994153717818677,0.4060548951301719,dichloromethane,0.3807304578012158,0.3870593798772601,dmmp,0.10251263866137478,0.10421671693671011,6-mercapto-1-hexanol,0.09963193064760317,0.10128812261342629,1-dodecanethiol,0.0013583061772970294,0.001380885442431659
Mix 16/mix 16_Y0_X5.txt,pt2_real,Mix 16,dichloromethane + n-hexane,dichloromethane + n-hexane,2,0.25244964234371836,0.0,n-hexane,0.40513834178341135,0.4060355299839335,dichloromethane,0.3854176262870253,0.38627114250831357,6-mercapto-1-hexanol,0.10412486943230068,0.10435545635681721,dmmp,0.10248808043576738,0.10271504265330612,1-dodecanethiol,0.0006214522772308403,0.0006228284976296915
Mix 16/mix 16_Y1_X0.txt,pt2_real,Mix 16,dichloromethane + n-hexane,dichloromethane + n-hexane,2,0.2515841070713205,0.0,n-hexane,0.40638052889145293,0.4118981880346066,dichloromethane,0.38704374865001345,0.39229886135033093,dmmp,0.10630525753664008,0.10774862436775373,6-mercapto-1-hexanol,0.07991064131180788,0.08099563345420242,1-dodecanethiol,0.00696413675484248,0.007058692793106294
Mix 16/mix 16_Y1_X1.txt,pt2_real,Mix 16,dichloromethane + n-hexane,dichloromethane + n-hexane,2,0.24988091501258392,0.0,n-hexane,0.4108047698676287,0.40940912885750136,dichloromethane,0.3878731470769112,0.38655541244845953,dmmp,0.10510850001068361,0.10475141133039602,6-mercapto-1-hexanol,0.09962249826369692,0.09928404736364296,tris(2-ethylhexyl) phosphate,0.0,0.0
Mix 16/mix 16_Y1_X2.txt,pt2_real,Mix 16,dichloromethane + n-hexane,dichloromethane + n-hexane,2,0.2504524190241799,0.0,n-hexane,0.40790652635733193,0.40622487550796266,dichloromethane,0.3866369765223586,0.3850430123223428,6-mercapto-1-hexanol,0.10588288579479138,0.10544636901134943,dmmp,0.10371331558973004,0.10328574315834514,tris(2-ethylhexyl) phosphate,0.0,0.0
Mix 16/mix 16_Y1_X3.txt,pt2_real,Mix 16,dichloromethane + n-hexane,dichloromethane + n-hexane,2,0.2506706040175965,0.0,n-hexane,0.4052040573236123,0.40638727814316633,dichloromethane,0.38814613616282745,0.38927954680133575,dmmp,0.1053932974431352,0.10570105236691321,6-mercapto-1-hexanol,0.0983449493755441,0.09863212268858473,tris(2-ethylhexyl) phosphate,0.0,0.0
Mix 16/mix 16_Y1_X4.txt,pt2_real,Mix 16,dichloromethane + n-hexane,dichloromethane + n-hexane,2,0.2509679449662288,0.0,n-hexane,0.4064860669136555,0.40528829533825467,dichloromethane,0.3862816866904284,0.3851434503225039,dmmp,0.10633447046887035,0.10602114015676405,6-mercapto-1-hexanol,0.10385313286475645,0.10354711418247733,tris(2-ethylhexyl) phosphate,0.0,0.0
Mix 16/mix 16_Y1_X5.txt,pt2_real,Mix 16,dichloromethane + n-hexane,dichloromethane + n-hexane,2,0.24617152423009292,0.0,n-hexane,0.4030927347547547,0.4079226756299207,dichloromethane,0.3883466374288376,0.3929998875028981,dmmp,0.09814435777593039,0.09932034385659563,6-mercapto-1-hexanol,0.09215000483372822,0.09325416533233893,1-dodecanethiol,0.006425930840174446,0.006502927678246537
Mix 16/mix 16_Y2_X0.txt,pt2_real,Mix 16,dichloromethane + n-hexane,dichloromethane + n-hexane,2,0.2506404763978229,0.0,n-hexane,0.40326391204893297,0.4075726904277219,dichloromethane,0.3842359325147055,0.38834140148652924,6-mercapto-1-hexanol,0.10206820766239558,0.10315878203118288,dmmp,0.09986014431415328,0.10092712605456589,tris(2-ethylhexyl) phosphate,0.0,0.0
Mix 16/mix 16_Y2_X1.txt,pt2_real,Mix 16,dichloromethane + n-hexane,dichloromethane + n-hexane,2,0.24799571143938073,0.0,n-hexane,0.401500481124785,0.4051181349513849,dichloromethane,0.38329245756437275,0.3867460509995041,6-mercapto-1-hexanol,0.10732375334519459,0.10829077631335297,dmmp,0.09895343414739963,0.09984503773575817,tris(2-ethylhexyl) phosphate,0.0,0.0
Mix 16/mix 16_Y2_X2.txt,pt2_real,Mix 16,dichloromethane + n-hexane,dichloromethane + n-hexane,2,0.2502916821434576,0.0,n-hexane,0.40387633414380064,0.4086565362661198,dichloromethane,0.38577494826315567,0.39034090588564047,dmmp,0.10111212570258805,0.10230886925256695,6-mercapto-1-hexanol,0.09753923311089045,0.09869368859567271,tris(2-ethylhexyl) phosphate,0.0,0.0
Mix 16/mix 16_Y2_X3.txt,pt2_real,Mix 16,dichloromethane + n-hexane,dichloromethane + n-hexane,2,0.24900931693324513,0.0,n-hexane,0.4048423158353088,0.4071199624922232,dichloromethane,0.38453564829825354,0.3866990494535993,6-mercapto-1-hexanol,0.10430436768590723,0.10489118503446232,dmmp,0.10072313372692218,0.10128980301971517,tris(2-ethylhexyl) phosphate,0.0,0.0
Mix 16/mix 16_Y2_X4.txt,pt2_real,Mix 16,dichloromethane + n-hexane,dichloromethane + n-hexane,2,0.2482549905685482,0.0,n-hexane,0.4045404157291132,0.40696402568497136,dichloromethane,0.3868163307731783,0.3891337553713133,dmmp,0.10220772146860771,0.10282005003130629,6-mercapto-1-hexanol,0.0945190179019518,0.09508528328335315,1-dodecanethiol,0.005961172124182286,0.005996885629055991
Mix 16/mix 16_Y2_X5.txt,pt2_real,Mix 16,dichloromethane + n-hexane,dichloromethane + n-hexane,2,0.25009108130896335,0.0,n-hexane,0.4022193678601594,0.40688725546382454,dichloromethane,0.38584505730964064,0.390322915672188,dmmp,0.10165091428870504,0.10283060646820855,6-mercapto-1-hexanol,0.09881247127780307,0.09995922239577891,tris(2-ethylhexyl) phosphate,0.0,0.0
Mix 16/mix 16_Y3_X0.txt,pt2_real,Mix 16,dichloromethane + n-hexane,dichloromethane + n-hexane,2,0.24953653328691586,0.0,n-hexane,0.4019776573869812,0.4068288924385833,dichloromethane,0.38330347667681086,0.38792934387933886,dmmp,0.10170478320163079,0.10293219920378026,6-mercapto-1-hexanol,0.10108957308993732,0.10230956447829768,tris(2-ethylhexyl) phosphate,0.0,0.0
Mix 16/mix 16_Y3_X1.txt,pt2_real,Mix 16,dichloromethane + n-hexane,dichloromethane + n-hexane,2,0.2521784461140481,0.0,n-hexane,0.4013396802847847,0.40457815288955273,dichloromethane,0.3843365388459299,0.38743781044504194,6-mercapto-1-hexanol,0.10616543492214917,0.10702210040891265,dmmp,0.10015377975482356,0.10096193625649272,tris(2-ethylhexyl) phosphate,0.0,0.0
Mix 16/mix 16_Y3_X2.txt,pt2_real,Mix 16,dichloromethane + n-hexane,dichloromethane + n-hexane,2,0.2497224233339497,0.0,n-hexane,0.3967687661264955,0.40097555928225675,dichloromethane,0.38260179075792083,0.38665837668945885,6-mercapto-1-hexanol,0.10820847745875163,0.1093557721080076,dmmp,0.10192957021295167,0.10301029192027686,tris(2-ethylhexyl) phosphate,0.0,0.0
Mix 16/mix 16_Y3_X3.txt,pt2_real,Mix 16,dichloromethane + n-hexane,dichloromethane + n-hexane,2,0.2511256656754588,0.0,n-hexane,0.4008256253218215,0.4074405224437491,dichloromethane,0.38296537599592956,0.389285522222707,dmmp,0.10162754581641284,0.10330472341649719,6-mercapto-1-hexanol,0.09643013694066696,0.09802154077070842,1-dodecanethiol,0.0019160699013990932,0.0019476911463382127
Mix 16/mix 16_Y3_X4.txt,pt2_real,Mix 16,dichloromethane + n-hexane,dichloromethane + n-hexane,2,0.2502269116486316,0.0,n-hexane,0.4027034157195771,0.41055149896287924,dichloromethane,0.3823908826062579,0.3898431051626801,dmmp,0.10169864665282773,0.10368060015385874,6-mercapto-1-hexanol,0.09409110181418132,0.09592479572058196,tris(2-ethylhexyl) phosphate,0.0,0.0
Mix 16/mix 16_Y3_X5.txt,pt2_real,Mix 16,dichloromethane + n-hexane,dichloromethane + n-hexane,2,0.2510545891270338,0.0,n-hexane,0.4012658801516671,0.40702494647674775,dichloromethane,0.3823019274567702,0.3877888184817373,6-mercapto-1-hexanol,0.10336950951589537,0.10485309406853185,dmmp,0.09891351001800397,0.100333140972983,tris(2-ethylhexyl) phosphate,0.0,0.0
Mix 16/mix 16_Y4_X0.txt,pt2_real,Mix 16,dichloromethane + n-hexane,dichloromethane + n-hexane,2,0.25066020188092636,0.0,n-hexane,0.40352183285208326,0.40981557608114666,dichloromethane,0.379970232132453,0.38589664027455195,6-mercapto-1-hexanol,0.10091594304817766,0.10248993231357842,dmmp,0.10023449069989353,0.10179785133072294,tris(2-ethylhexyl) phosphate,0.0,0.0
Mix 16/mix 16_Y4_X1.txt,pt2_real,Mix 16,dichloromethane + n-hexane,dichloromethane + n-hexane,2,0.2507510350598756,0.0,n-hexane,0.4034075212433066,0.4106386840663979,dichloromethane,0.3808675530492978,0.38769468230470594,dmmp,0.10417563693261121,0.10604300665972301,6-mercapto-1-hexanol,0.09000987326318959,0.09162331876179093,1-dodecanethiol,0.003929864576247305,0.004000308207382292
Mix 16/mix 16_Y4_X2.txt,pt2_real,Mix 16,dichloromethane + n-hexane,dichloromethane + n-hexane,2,0.25306075310555637,0.0,n-hexane,0.40042628071272607,0.4052423478288917,dichloromethane,0.3825019137501021,0.38710239822730325,6-mercapto-1-hexanol,0.1047941893277444,0.10605458574400425,dmmp,0.10039320397569142,0.10160066819980089,tris(2-ethylhexyl) phosphate,0.0,0.0
Mix 16/mix 16_Y4_X3.txt,pt2_real,Mix 16,dichloromethane + n-hexane,dichloromethane + n-hexane,2,0.2536297104148971,0.0,n-hexane,0.39877126939440627,0.4048075475307878,dichloromethane,0.38253785373656846,0.38832840350800785,dmmp,0.10548378684068802,0.10708051540444875,6-mercapto-1-hexanol,0.09505898864374643,0.09649791501296102,1-dodecanethiol,0.0032366251208670164,0.003285618543794458
Mix 16/mix 16_Y4_X4.txt,pt2_real,Mix 16,dichloromethane + n-hexane,dichloromethane + n-hexane,2,0.2526536031659276,0.0,n-hexane,0.40248279435812945,0.4055506836404318,dichloromethane,0.3840545659936747,0.3869819877452313,dmmp,0.1034956177649837,0.10428450390112975,6-mercapto-1-hexanol,0.10170842965805021,0.10248369311189637,1-dodecanethiol,0.0006938428459637836,0.0006991316013107771
Mix 16/mix 16_Y4_X5.txt,pt2_real,Mix 16,dichloromethane + n-hexane,dichloromethane + n-hexane,2,0.253642207615813,0.0,n-hexane,0.3976806207825673,0.4061098316844375,dichloromethane,0.3826945964469123,0.3908061646146276,dmmp,0.10648656901611842,0.10874365095963152,6-mercapto-1-hexanol,0.07810209629025978,0.0797575429152758,1-dodecanethiol,0.014280129196367465,0.014582809826027686
Mix 16/mix 16_Y5_X0.txt,pt2_real,Mix 16,dichloromethane + n-hexane,dichloromethane + n-hexane,2,0.25689936458133156,0.0,n-hexane,0.39690181509928385,0.4084865359627848,dichloromethane,0.3763023824966885,0.3872858496808938,dmmp,0.10494735563752074,0.10801054601400999,6-mercapto-1-hexanol,0.09348834222549364,0.0962170683423114,tris(2-ethylhexyl) phosphate,0.0,0.0
Mix 16/mix 16_Y5_X1.txt,pt2_real,Mix 16,dichloromethane + n-hexane,dichloromethane + n-hexane,2,0.25788534687581144,0.0,n-hexane,0.3898841133776749,0.39998881476342124,dichloromethane,0.3767266414184261,0.3864903380784663,dmmp,0.10697159784744373,0.10974400127686353,6-mercapto-1-hexanol,0.09538615370007962,0.09785829495026835,1-dodecanethiol,0.005769033775534029,0.005918550930980646
Mix 16/mix 16_Y5_X2.txt,pt2_real,Mix 16,dichloromethane + n-hexane,dichloromethane + n-hexane,2,0.2571401575909745,0.0,n-hexane,0.39088430458722706,0.4008507704421576,dichloromethane,0.37609873102863695,0.38568820575783563,dmmp,0.10801450830856238,0.11076857874899924,6-mercapto-1-hexanol,0.09243334285896442,0.09479013678660442,1-dodecanethiol,0.007705830943415483,0.00790230826440313
Mix 16/mix 16_Y5_X3.txt,pt2_real,Mix 16,dichloromethane + n-hexane,dichloromethane + n-hexane,2,0.2586231816136829,0.0,n-hexane,0.3932298576958769,0.40091695265127836,dichloromethane,0.3781447523459067,0.3855369545433754,dmmp,0.10664318530835491,0.10872791075777846,6-mercapto-1-hexanol,0.09768817668664535,0.09959784421446327,1-dodecanethiol,0.005120244204344316,0.00522033783310452
Mix 16/mix 16_Y5_X4.txt,pt2_real,Mix 16,dichloromethane + n-hexane,dichloromethane + n-hexane,2,0.2582146268871906,0.0,n-hexane,0.3997962333105248,0.4069079113120498,dichloromethane,0.37630414082698205,0.38299793545841726,dmmp,0.10918683556420045,0.11112907901684183,6-mercapto-1-hexanol,0.0972354255093069,0.09896507421269117,tris(2-ethylhexyl) phosphate,0.0,0.0
Mix 16/mix 16_Y5_X5.txt,pt2_real,Mix 16,dichloromethane + n-hexane,dichloromethane + n-hexane,2,0.2571238249201648,0.0,n-hexane,0.39980876506487717,0.40663733403201946,dichloromethane,0.3768823358757613,0.3833193308791292,dmmp,0.10787934318478899,0.10972187791498132,6-mercapto-1-hexanol,0.09863678158738766,0.10032145717386994,tris(2-ethylhexyl) phosphate,0.0,0.0
Mix 17/mix 17_Y0_X0.txt,pt2_real,Mix 17,diethylamine + pyridine,diethylamine + pyridine,2,0.30549637503894633,0.0,pyridine,0.5313035231600404,0.5472308560601229,diethylamine,0.43378316024907654,0.4467870431494648,acetonitrile,0.0053613926256914505,0.005522115604996282,benzene,0.0002891238798299454,0.0002977911897247226,dichloromethane,0.00015747328644173268,0.00016219399569114608
Mix 17/mix 17_Y0_X1.txt,pt2_real,Mix 17,diethylamine + pyridine,diethylamine + pyridine,2,0.29018276517564845,0.0,pyridine,0.5354586739513019,0.5574896802520135,diethylamine,0.39048741374143286,0.4065536968945348,tris(2-ethylhexyl) phosphate,0.02902764832103434,0.030221967012963327,acetonitrile,0.0040887072755055685,0.004256933770154941,dichloromethane,0.0008003613311179977,0.0008332915391555095
Mix 17/mix 17_Y0_X2.txt,pt2_real,Mix 17,diethylamine + pyridine,diethylamine + pyridine,2,0.29105845216738285,0.0,pyridine,0.5246789056579991,0.5324064789218373,diethylamine,0.4551722814408392,0.46187614758558415,acetonitrile,0.003699621973851957,0.003754110727913059,benzene,0.0019347671368871026,0.001963262764665413,tris(2-ethylhexyl) phosphate,0.0,0.0
Mix 17/mix 17_Y0_X3.txt,pt2_real,Mix 17,diethylamine + pyridine,diethylamine + pyridine,2,0.29083646091407783,27.046956618957267,pyridine,0.5315540765600322,0.5351797063016758,diethylamine,0.45123850446783836,0.45431631689467733,acetonitrile,0.008107856188955459,0.008163158341334542,benzene,0.0019164202427635194,0.0019294917824921147,dmmp,0.00040854010509338006,0.00041132667982020084
Mix 17/mix 17_Y0_X4.txt,pt2_real,Mix 17,diethylamine + pyridine,diethylamine + pyridine,2,0.28980889374642554,0.0,pyridine,0.5319037166773719,0.5397999990738575,diethylamine,0.43285520996160964,0.43928108529859305,tris(2-ethylhexyl) phosphate,0.015901060325058246,0.0161371166991602,acetonitrile,0.004368403625911701,0.0044332539880552555,benzene,0.000343446368119369,0.00034854494033401443
Mix 17/mix 17_Y0_X5.txt,pt2_real,Mix 17,diethylamine + pyridine,diethylamine + pyridine,2,0.29087683784261065,0.3562938066021034,pyridine,0.5264381392664589,0.5353027939502466,diethylamine,0.44033841882915553,0.44775324639534336,tris(2-ethylhexyl) phosphate,0.011766697080125278,0.011964835662047528,acetonitrile,0.002635159354724845,0.002679532617173,1-dodecanethiol,0.002107900604831019,0.0021433953943909303
Mix 17/mix 17_Y1_X0.txt,pt2_real,Mix 17,diethylamine + pyridine,diethylamine + pyridine,2,0.28653840458778057,30.241828417698596,pyridine,0.5306141617923905,0.5441551386702888,diethylamine,0.4342017353967608,0.44528232103264,1-dodecanethiol,0.006527469072049874,0.006694046434925474,acetonitrile,0.002990327459144641,0.003066638944772619,benzene,0.0007819012348221585,0.0008018549173732651
Mix 17/mix 17_Y1_X1.txt,pt2_real,Mix 17,diethylamine + pyridine,diethylamine + pyridine,2,0.2881127506973486,30.620444215385398,pyridine,0.5324766899398262,0.5480421201865215,diethylamine,0.42623865857316773,0.4386985243922994,acetonitrile,0.01180650840094703,0.012151637843125486,benzene,0.0010762563088206256,0.0011077175780536625,tris(2-ethylhexyl) phosphate,0.0,0.0
Mix 17/mix 17_Y1_X2.txt,pt2_real,Mix 17,diethylamine + pyridine,diethylamine + pyridine,2,0.2848859772347605,0.0,pyridine,0.5297762185752092,0.5360050578562011,diethylamine,0.45499312915833257,0.46034270691609774,1-dodecanethiol,0.002485186769757183,0.002514406331582168,dichloromethane,0.0011246063467805132,0.0011378288961190219,tris(2-ethylhexyl) phosphate,0.0,0.0
Mix 17/mix 17_Y1_X3.txt,pt2_real,Mix 17,diethylamine + pyridine,diethylamine + pyridine,2,0.2812908178560059,0.0,pyridine,0.5277908732806357,0.5554548007957099,diethylamine,0.41624535835959997,0.4380626765533978,acetonitrile,0.004612957824321477,0.004854743988771256,benzene,0.0015467086077170344,0.0016277786621210905,tris(2-ethylhexyl) phosphate,0.0,0.0
Mix 17/mix 17_Y1_X4.txt,pt2_real,Mix 17,diethylamine + pyridine,diethylamine + pyridine,2,0.2747284167316825,0.0,pyridine,0.5314636552447153,0.5335762247464091,diethylamine,0.46000655961248227,0.46183508696110964,acetonitrile,0.0024148494389057114,0.00242444847211423,dichloromethane,0.0015789511296951542,0.0015852274648092142,benzene,0.0004922214401796866,0.0004941780217678003
Mix 17/mix 17_Y1_X5.txt,pt2_real,Mix 17,diethylamine + pyridine,diethylamine + pyridine,2,0.2789425286346135,50.19844714558007,pyridine,0.5226378590638359,0.5408768621156453,diethylamine,0.4356906572806545,0.4508953790396576,acetonitrile,0.006008040586482335,0.0062177090379575695,benzene,0.0019422685664475887,0.002010049806739529,tris(2-ethylhexyl) phosphate,0.0,0.0
Mix 17/mix 17_Y2_X0.txt,pt2_real,Mix 17,diethylamine + pyridine,diethylamine + pyridine,2,0.2781305801827896,33.66023570679959,pyridine,0.5244173645632977,0.531623668116478,diethylamine,0.4414298009198599,0.4474957273323033,tris(2-ethylhexyl) phosphate,0.01874320642795619,0.019000766997469845,benzene,0.0012953600896789424,0.0013131603355283046,acetonitrile,0.000558995754252383,0.0005666772182203738
Mix 17/mix 17_Y2_X1.txt,pt2_real,Mix 17,diethylamine + pyridine,diethylamine + pyridine,2,0.2720082622289837,0.0,pyridine,0.5346019010739714,0.5439200398954952,diethylamine,0.4476991806293389,0.45550260053302044,benzene,0.0003800837405097306,0.00038670861979047907,dichloromethane,0.00018738482449869162,0.00019065095169393346,tris(2-ethylhexyl) phosphate,0.0,0.0
Mix 17/mix 17_Y2_X2.txt,pt2_real,Mix 17,diethylamine + pyridine,diethylamine + pyridine,2,0.2705456668475647,0.0,pyridine,0.5293968063410052,0.539643411056145,diethylamine,0.42206507897489765,0.4302342518458317,tris(2-ethylhexyl) phosphate,0.018072747271569115,0.0184225497168999,acetonitrile,0.009645074488163326,0.009831757264758373,benzene,0.0018325604602806018,0.0018680301163649922
Mix 17/mix 17_Y2_X3.txt,pt2_real,Mix 17,diethylamine + pyridine,diethylamine + pyridine,2,0.27044988938908465,3.7923744744710515,pyridine,0.5326102341446072,0.5467036765785428,diethylamine,0.43839682717898715,0.44999728103994235,benzene,0.0012804140142484502,0.0013142951529208915,acetonitrile,0.0012604556324951751,0.001293808650815656,tris(2-ethylhexyl) phosphate,0.0006731269121751012,0.000690938577778389
Mix 17/mix 17_Y2_X4.txt,pt2_real,Mix 17,diethylamine + pyridine,diethylamine + pyridine,2,0.27704587724043156,0.0,pyridine,0.5317285911075879,0.5303606482003789,diethylamine,0.44420178476079675,0.4430590162676311,etoh,0.009874415274399495,0.009849012020628028,acetonitrile,0.006456285468301611,0.006439675810553317,1-undecanethiol,0.004928237642985541,0.004915559092609456
Mix 17/mix 17_Y2_X5.txt,pt2_real,Mix 17,diethylamine + pyridine,diethylamine + pyridine,2,0.27584819284852674,3.717193065075932,pyridine,0.5331516269481158,0.5290391582136922,diethylamine,0.4390133653635777,0.43562703275612324,tris(2-ethylhexyl) phosphate,0.018188359817044374,0.01804806377873683,1-dodecanethiol,0.007341976907757005,0.007285344518478093,acetonitrile,0.0060064119719185835,0.005960081471940597
Mix 17/mix 17_Y3_X0.txt,pt2_real,Mix 17,diethylamine + pyridine,diethylamine + pyridine,2,0.267117177326283,0.0,pyridine,0.5292342405066108,0.5460200327347915,diethylamine,0.43862744699470907,0.4525394515992912,benzene,0.0013962312162269935,0.001440515665917269,tris(2-ethylhexyl) phosphate,0.0,0.0,n-hexane,0.0,0.0
Mix 17/mix 17_Y3_X1.txt,pt2_real,Mix 17,diethylamine + pyridine,diethylamine + pyridine,2,0.267895360463222,0.0,pyridine,0.5341433839637416,0.5564562204351032,diethylamine,0.4211877140875408,0.438782039638187,acetonitrile,0.004570803208955458,0.0047617399267097325,tris(2-ethylhexyl) phosphate,0.0,0.0,n-hexane,0.0,0.0
Mix 17/mix 17_Y3_X2.txt,pt2_real,Mix 17,diethylamine + pyridine,diethylamine + pyridine,2,0.2693088926996825,0.0,pyridine,0.5391728013555932,0.549398078044561,diethylamine,0.4231036600813979,0.4311277146731168,1-dodecanethiol,0.009937178878714741,0.010125634979035743,etoh,0.006969600985429658,0.0071017777167272,dichloromethane,0.0012556116947101958,0.001279424054977694
Mix 17/mix 17_Y3_X3.txt,pt2_real,Mix 17,diethylamine + pyridine,diethylamine + pyridine,2,0.2636585858899323,9.633119506399325,pyridine,0.5416972795917111,0.5350001221846357,diethylamine,0.45507684039734453,0.4494505960958175,acetonitrile,0.00851383319578326,0.008408574256523456,1-dodecanethiol,0.004447350221155416,0.004392366366523694,tris(2-ethylhexyl) phosphate,0.001554133643062199,0.0015349194471794652
Mix 17/mix 17_Y3_X4.txt,pt2_real,Mix 17,diethylamine + pyridine,diethylamine + pyridine,2,0.26870136595842764,0.0,pyridine,0.5318882553019716,0.5254252970588744,diethylamine,0.43879055192081096,0.4334588210802423,tris(2-ethylhexyl) phosphate,0.021491446556626867,0.02123030463387398,acetonitrile,0.012405399512587529,0.012254661875048844,etoh,0.005793952098424084,0.0057235499601904416
Mix 17/mix 17_Y3_X5.txt,pt2_real,Mix 17,diethylamine + pyridine,diethylamine + pyridine,2,0.26671548084476254,0.0,pyridine,0.5380403133269406,0.5376577191467822,diethylamine,0.4312399360970013,0.43093328641719864,tris(2-ethylhexyl) phosphate,0.02109897406868575,0.021083970834753187,acetonitrile,0.007935803638549213,0.007930160581306505,benzene,0.001830830291551707,0.0018295284095234362
Mix 17/mix 17_Y4_X0.txt,pt2_real,Mix 17,diethylamine + pyridine,diethylamine + pyridine,2,0.27209582036343677,0.0,pyridine,0.523475711446301,0.5379126663992803,diethylamine,0.4361705336780632,0.44819969608013405,acetonitrile,0.011371983315430479,0.011685611640987937,benzene,0.0021429260471996087,0.0022020258795977738,tris(2-ethylhexyl) phosphate,0.0,0.0
Mix 17/mix 17_Y4_X1.txt,pt2_real,Mix 17,diethylamine + pyridine,diethylamine + pyridine,2,0.2696216840318234,0.0,pyridine,0.5280064226793324,0.5439490713855621,diethylamine,0.4305840626652125,0.4435851364300703,acetonitrile,0.0107329223876892,0.011056992709314959,benzene,0.001367508853724635,0.0014087994750526095,tris(2-ethylhexyl) phosphate,0.0,0.0
Mix 17/mix 17_Y4_X2.txt,pt2_real,Mix 17,diethylamine + pyridine,diethylamine + pyridine,2,0.26173655374042815,0.0,pyridine,0.5383578893273743,0.5523789661836168,diethylamine,0.43498344191203603,0.44631221853284786,1-dodecanethiol,0.0007804452387370928,0.0008007712762882339,"n,n-dimethylformamide",0.0004951482879891383,0.0005080440072472077,tris(2-ethylhexyl) phosphate,0.0,0.0
Mix 17/mix 17_Y4_X3.txt,pt2_real,Mix 17,diethylamine + pyridine,diethylamine + pyridine,2,0.25998066016323096,0.0,pyridine,0.5393471085506674,0.546891530558849,diethylamine,0.4169665924595719,0.42279914794555906,tris(2-ethylhexyl) phosphate,0.020474206995529695,0.020760601518478417,acetonitrile,0.006554217418777853,0.006645898233148975,etoh,0.0022788574291287994,0.0023107342332670984
Mix 17/mix 17_Y4_X4.txt,pt2_real,Mix 17,diethylamine + pyridine,diethylamine + pyridine,2,0.2593222281779344,0.0,pyridine,0.5413924583237953,0.5565419958622706,diethylamine,0.42494545086289387,0.4368365050522772,tris(2-ethylhexyl) phosphate,0.0054305358025767015,0.005582496002114549,benzene,0.0010107205524043528,0.0010390030833375792,n-hexane,0.0,0.0
Mix 17/mix 17_Y4_X5.txt,pt2_real,Mix 17,diethylamine + pyridine,diethylamine + pyridine,2,0.2537355457039733,37.0052752686959,pyridine,0.5322755585029414,0.5526617505228696,diethylamine,0.4257526489729996,0.4420590059272212,acetonitrile,0.0029030881446590576,0.0030142766285606143,benzene,0.002181418438875033,0.0022649669213486512,tris(2-ethylhexyl) phosphate,0.0,0.0
Mix 17/mix 17_Y5_X0.txt,pt2_real,Mix 17,diethylamine + pyridine,diethylamine + pyridine,2,0.2581887943672205,0.0,pyridine,0.527534478898578,0.547937749045334,diethylamine,0.42628758815009804,0.44277496702132385,acetonitrile,0.007531979064139701,0.007823290835658806,benzene,0.0014094791556943803,0.0014639930976833417,tris(2-ethylhexyl) phosphate,0.0,0.0
Mix 17/mix 17_Y5_X1.txt,pt2_real,Mix 17,diethylamine + pyridine,diethylamine + pyridine,2,0.2533163257206614,4.882509536911049,pyridine,0.5379818608174712,0.5559884674185364,diethylamine,0.4179484069681062,0.43193741494763355,1-dodecanethiol,0.01168307735327023,0.012074117633830038,tris(2-ethylhexyl) phosphate,0.0,0.0,n-hexane,0.0,0.0
Mix 17/mix 17_Y5_X2.txt,pt2_real,Mix 17,diethylamine + pyridine,diethylamine + pyridine,2,0.25763011488613485,0.0,pyridine,0.5248279298936915,0.553727030812253,diethylamine,0.41407581713594327,0.43687646882719633,1-dodecanethiol,0.004912934356359175,0.005183459947097935,benzene,0.0032955557090524924,0.0034770220365742403,tris(2-ethylhexyl) phosphate,0.0005534532044569964,0.0005839285261734756
Mix 17/mix 17_Y5_X3.txt,pt2_real,Mix 17,diethylamine + pyridine,diethylamine + pyridine,2,0.2525610517272925,0.0,pyridine,0.5404634048421657,0.5432206584414623,diethylamine,0.44362630146574167,0.4458895263307374,tris(2-ethylhexyl) phosphate,0.00529371086593628,0.005320717510989336,"n,n-dimethylformamide",0.004004148378309777,0.004024576130548499,benzene,0.0007871444916226604,0.0007911602250899927
Mix 17/mix 17_Y5_X4.txt,pt2_real,Mix 17,diethylamine + pyridine,diethylamine + pyridine,2,0.2504461760880925,0.0,pyridine,0.5389291159347094,0.5425616648292729,diethylamine,0.4310734299523457,0.43397899817115176,tris(2-ethylhexyl) phosphate,0.01784083384043188,0.017961086577441186,acetonitrile,0.004121295999738475,0.004149074809205939,benzene,0.001340142637141336,0.0013491756129282574
Mix 17/mix 17_Y5_X5.txt,pt2_real,Mix 17,diethylamine + pyridine,diethylamine + pyridine,2,0.25712331992627085,0.0,pyridine,0.5339628250250597,0.558322156701719,diethylamine,0.41205591088644977,0.43085386110356455,acetonitrile,0.006656396985483834,0.006960061162729331,benzene,0.0036953399845383768,0.0038639210319870772,tris(2-ethylhexyl) phosphate,0.0,0.0
Mix 18/mix 18_Y0_X0.txt,pt2_real,Mix 18,6-mercapto-1-hexanol + dichloromethane,6-mercapto-1-hexanol + dichloromethane,2,0.07949937804920469,0.0,6-mercapto-1-hexanol,0.4442512098602136,0.6294613915967711,dichloromethane,0.2242139831908882,0.31768972766376985,1-dodecanethiol,0.025864754318774285,0.036647878239717414,dmmp,0.011021967834206284,0.015617072181384471,"1,9-nonanedithiol",0.00041211701601940616,0.0005839303183572864
Mix 18/mix 18_Y0_X1.txt,pt2_real,Mix 18,6-mercapto-1-hexanol + dichloromethane,6-mercapto-1-hexanol + dichloromethane,2,0.08323173758596004,0.0,6-mercapto-1-hexanol,0.45011858636230684,0.6362919605648852,dichloromethane,0.2225749053101831,0.3146340257062081,1-dodecanethiol,0.021250066944370417,0.030039298904411534,dmmp,0.012559530456961256,0.01775427298574552,"1,9-nonanedithiol",0.000905795933466498,0.0012804418387495457
Mix 18/mix 18_Y0_X2.txt,pt2_real,Mix 18,6-mercapto-1-hexanol + dichloromethane,6-mercapto-1-hexanol + dichloromethane,2,0.07970271682269865,0.0,6-mercapto-1-hexanol,0.4436065315697708,0.6306639630345646,dichloromethane,0.22391039344538663,0.31832763055853736,1-dodecanethiol,0.024663164717649372,0.03506298508898449,dmmp,0.009817039642582806,0.013956632027824262,"1,9-nonanedithiol",0.0013989065028458475,0.00198878929008922
Mix 18/mix 18_Y0_X3.txt,pt2_real,Mix 18,6-mercapto-1-hexanol + dichloromethane,6-mercapto-1-hexanol + dichloromethane,2,0.08289439379543447,0.0,6-mercapto-1-hexanol,0.4254188736486554,0.6187192539722011,dichloromethane,0.2213907304144436,0.32198549721964875,1-dodecanethiol,0.02094541839192741,0.030462526334202537,dmmp,0.011219288957506087,0.01631707130046053,"1,9-nonanedithiol",0.008605509188572285,0.012515651173487127
Mix 18/mix 18_Y0_X4.txt,pt2_real,Mix 18,6-mercapto-1-hexanol + dichloromethane,6-mercapto-1-hexanol + dichloromethane,2,0.07925671120892294,0.0,6-mercapto-1-hexanol,0.4430508591081991,0.6351236416981201,dichloromethane,0.2198414025729921,0.31514772926799023,1-dodecanethiol,0.025034916261924087,0.03588813080711723,dmmp,0.009654883281406198,0.013840498226772361,tris(2-ethylhexyl) phosphate,0.0,0.0
Mix 18/mix 18_Y0_X5.txt,pt2_real,Mix 18,6-mercapto-1-hexanol + dichloromethane,6-mercapto-1-hexanol + dichloromethane,2,0.08435239709998148,0.0,6-mercapto-1-hexanol,0.42641084488066916,0.6254514186280207,dichloromethane,0.21861023112889108,0.3206533811878735,1-dodecanethiol,0.022353217764316275,0.03278727998933803,dmmp,0.01254795048481007,0.018405098101561917,"1,9-nonanedithiol",0.0018426893248627062,0.002702822093205953
Mix 18/mix 18_Y1_X0.txt,pt2_real,Mix 18,6-mercapto-1-hexanol + dichloromethane,6-mercapto-1-hexanol + dichloromethane,2,0.07799903106378094,0.0,6-mercapto-1-hexanol,0.4566700486541463,0.6397789608197212,dichloromethane,0.22409624600563458,0.31395109842569646,1-dodecanethiol,0.018950112318473978,0.026548452656925087,dmmp,0.010501798042880959,0.014712656234876897,"1,9-nonanedithiol",0.0035752715086873684,0.005008831862780395
Mix 18/mix 18_Y1_X1.txt,pt2_real,Mix 18,6-mercapto-1-hexanol + dichloromethane,6-mercapto-1-hexanol + dichloromethane,2,0.07862360860953911,0.0,6-mercapto-1-hexanol,0.4432627477128064,0.630162558855469,dichloromethane,0.22239373581779598,0.31616508799690535,1-dodecanethiol,0.02554915750703522,0.03632184873263054,dmmp,0.012204521124140288,0.017350504414995017,tris(2-ethylhexyl) phosphate,0.0,0.0
Mix 18/mix 18_Y1_X2.txt,pt2_real,Mix 18,6-mercapto-1-hexanol + dichloromethane,6-mercapto-1-hexanol + dichloromethane,2,0.0803268374619155,0.0,6-mercapto-1-hexanol,0.44507827989028603,0.633337536978534,dichloromethane,0.22262952626640348,0.31679738642608873,1-dodecanethiol,0.024086463285981536,0.03427455803016905,dmmp,0.010956244941211469,0.015590518565208107,tris(2-ethylhexyl) phosphate,0.0,0.0
Mix 18/mix 18_Y1_X3.txt,pt2_real,Mix 18,6-mercapto-1-hexanol + dichloromethane,6-mercapto-1-hexanol + dichloromethane,2,0.08375459308797692,0.0,6-mercapto-1-hexanol,0.44940330665734557,0.6391411044908987,dichloromethane,0.22061017031748117,0.3137516476400753,1-dodecanethiol,0.02145824790201525,0.03051790688089136,dmmp,0.011664567719005266,0.01658934098813456,tris(2-ethylhexyl) phosphate,0.0,0.0
Mix 18/mix 18_Y1_X4.txt,pt2_real,Mix 18,6-mercapto-1-hexanol + dichloromethane,6-mercapto-1-hexanol + dichloromethane,2,0.08723568383047453,0.0,6-mercapto-1-hexanol,0.4197492308194626,0.6134504530507564,dichloromethane,0.2200818470413298,0.3216427782659108,1-dodecanethiol,0.0217463700196505,0.03178164380365896,dmmp,0.012953265307573621,0.018930794598252403,"1,9-nonanedithiol",0.00971237234888971,0.01419433028142138
Mix 18/mix 18_Y1_X5.txt,pt2_real,Mix 18,6-mercapto-1-hexanol + dichloromethane,6-mercapto-1-hexanol + dichloromethane,2,0.08971179696721827,0.0,6-mercapto-1-hexanol,0.4439097623748126,0.6344047789039894,dichloromethane,0.21992240929754123,0.31429772280753887,1-dodecanethiol,0.02117075351808708,0.030255759938734236,dmmp,0.01246836086762941,0.01781890913416055,"1,9-nonanedithiol",0.0022550986355004796,0.003222829215576955
Mix 18/mix 18_Y2_X0.txt,pt2_real,Mix 18,6-mercapto-1-hexanol + dichloromethane,6-mercapto-1-hexanol + dichloromethane,2,0.08812636672442023,0.0,6-mercapto-1-hexanol,0.45049531501089435,0.6356161522554968,dichloromethane,0.22340194920135956,0.31520391583719837,1-dodecanethiol,0.0231276224060113,0.03263139454440591,dmmp,0.011728837484406764,0.016548537362898838,tris(2-ethylhexyl) phosphate,0.0,0.0
Mix 18/mix 18_Y2_X1.txt,pt2_real,Mix 18,6-mercapto-1-hexanol + dichloromethane,6-mercapto-1-hexanol + dichloromethane,2,0.08577678933762647,0.0,6-mercapto-1-hexanol,0.417720783096581,0.6059927110271546,dichloromethane,0.22282232391041182,0.3232511036268485,1-dodecanethiol,0.02756294590079332,0.039985906821530255,dmmp,0.013146567279466302,0.019071887894413636,"1,9-nonanedithiol",0.008063893848941838,0.011698390630053037
Mix 18/mix 18_Y2_X2.txt,pt2_real,Mix 18,6-mercapto-1-hexanol + dichloromethane,6-mercapto-1-hexanol + dichloromethane,2,0.08269749094888224,0.0,6-mercapto-1-hexanol,0.4485526794162556,0.6334765648525041,dichloromethane,0.22240516064308047,0.3140956762380721,1-dodecanethiol,0.025543025493152377,0.03607359578455727,dmmp,0.010512412988473831,0.014846343749224103,"1,9-nonanedithiol",0.0010676581558744787,0.0015078193756423554
Mix 18/mix 18_Y2_X3.txt,pt2_real,Mix 18,6-mercapto-1-hexanol + dichloromethane,6-mercapto-1-hexanol + dichloromethane,2,0.08527848267706897,0.0,6-mercapto-1-hexanol,0.43473910384218406,0.6240778048053744,dichloromethane,0.2214208794878902,0.31785467464882206,1-dodecanethiol,0.026960082890381626,0.03870180804740322,dmmp,0.013490357183020643,0.01936571249840032,tris(2-ethylhexyl) phosphate,0.0,0.0
Mix 18/mix 18_Y2_X4.txt,pt2_real,Mix 18,6-mercapto-1-hexanol + dichloromethane,6-mercapto-1-hexanol + dichloromethane,2,0.08585683717074215,0.0,6-mercapto-1-hexanol,0.45263204103968113,0.6427041446291987,dichloromethane,0.22059137833541836,0.3132235022513838,1-dodecanethiol,0.018187981686980888,0.025825593755608195,dmmp,0.01254511931198659,0.017813144995572103,"1,9-nonanedithiol",0.0003053780781708827,0.00043361436823717797
Mix 18/mix 18_Y2_X5.txt,pt2_real,Mix 18,6-mercapto-1-hexanol + dichloromethane,6-mercapto-1-hexanol + dichloromethane,2,0.08228783541087432,0.0,6-mercapto-1-hexanol,0.44003511277398455,0.6315800579209061,dichloromethane,0.22024924847083463,0.3161225753766026,1-dodecanethiol,0.022383805260595177,0.03212735668718842,dmmp,0.010942924079855917,0.015706320753838,"1,9-nonanedithiol",0.003109946210180543,0.0044636892614648965
Mix 18/mix 18_Y3_X0.txt,pt2_real,Mix 18,6-mercapto-1-hexanol + dichloromethane,6-mercapto-1-hexanol + dichloromethane,2,0.08429603906662905,0.0,6-mercapto-1-hexanol,0.4456018944889321,0.6299423467577263,dichloromethane,0.22170687315098847,0.3134244932356771,1-dodecanethiol,0.027524934065602365,0.03891168725735278,dmmp,0.012535626269357749,0.0177214727492438,tris(2-ethylhexyl) phosphate,0.0,0.0
Mix 18/mix 18_Y3_X1.txt,pt2_real,Mix 18,6-mercapto-1-hexanol + dichloromethane,6-mercapto-1-hexanol + dichloromethane,2,0.08109732301889026,0.0,6-mercapto-1-hexanol,0.45281019887400065,0.6344362755069382,dichloromethane,0.22282285827266649,0.31219902875831146,1-dodecanethiol,0.02415046907871757,0.03383743054407338,dmmp,0.013937010186548035,0.019527265190676976,tris(2-ethylhexyl) phosphate,0.0,0.0
Mix 18/mix 18_Y3_X2.txt,pt2_real,Mix 18,6-mercapto-1-hexanol + dichloromethane,6-mercapto-1-hexanol + dichloromethane,2,0.0810951402903651,0.0,6-mercapto-1-hexanol,0.4495822535339634,0.6375391674119145,dichloromethane,0.22141822982023052,0.31398657927396517,1-dodecanethiol,0.01799802388944657,0.025522460184631564,dmmp,0.011577621145941304,0.01641787879297684,"1,9-nonanedithiol",0.004607610139047265,0.006533914336511895
Mix 18/mix 18_Y3_X3.txt,pt2_real,Mix 18,6-mercapto-1-hexanol + dichloromethane,6-mercapto-1-hexanol + dichloromethane,2,0.08272214784636925,0.0,6-mercapto-1-hexanol,0.439831755381227,0.631743525739645,dichloromethane,0.22043828352051578,0.31662211001236423,1-dodecanethiol,0.024307019193669774,0.03491289980260844,dmmp,0.011641798862832089,0.016721464445382438,tris(2-ethylhexyl) phosphate,0.0,0.0
Mix 18/mix 18_Y3_X4.txt,pt2_real,Mix 18,6-mercapto-1-hexanol + dichloromethane,6-mercapto-1-hexanol + dichloromethane,2,0.08644394186322055,0.0,6-mercapto-1-hexanol,0.42248265908319405,0.6146821206674427,dichloromethane,0.2212879884080178,0.3219582320563075,1-dodecanethiol,0.022348177877172318,0.032515004048695055,dmmp,0.013098013155980701,0.01905667446971564,"1,9-nonanedithiol",0.008102094104500407,0.011787968757839138
Mix 18/mix 18_Y3_X5.txt,pt2_real,Mix 18,6-mercapto-1-hexanol + dichloromethane,6-mercapto-1-hexanol + dichloromethane,2,0.08680351854949075,0.0,6-mercapto-1-hexanol,0.4422689681646398,0.6308565510734586,dichloromethane,0.22228022811654063,0.31706257543536565,1-dodecanethiol,0.018128302198302988,0.02585837810212699,dmmp,0.011907764726069445,0.016985345856971576,"1,9-nonanedithiol",0.0064758059266924635,0.009237149532077204
Mix 18/mix 18_Y4_X0.txt,pt2_real,Mix 18,6-mercapto-1-hexanol + dichloromethane,6-mercapto-1-hexanol + dichloromethane,2,0.0837376675370767,0.0,6-mercapto-1-hexanol,0.4499197294582811,0.6384203886779302,dichloromethane,0.22074548410919942,0.3132301353700928,1-dodecanethiol,0.02161401268709798,0.030669529422950776,dmmp,0.01245974737061421,0.017679946529026193,tris(2-ethylhexyl) phosphate,0.0,0.0
Mix 18/mix 18_Y4_X1.txt,pt2_real,Mix 18,6-mercapto-1-hexanol + dichloromethane,6-mercapto-1-hexanol + dichloromethane,2,0.08434780268630461,0.0,6-mercapto-1-hexanol,0.42818196836219613,0.6171757111652965,dichloromethane,0.22308745702099064,0.32155525013262903,1-dodecanethiol,0.02477816964154074,0.035714919356334175,dmmp,0.012066889854365069,0.01739305220139809,"1,9-nonanedithiol",0.005661956118141181,0.008161067144342187
Mix 18/mix 18_Y4_X2.txt,pt2_real,Mix 18,6-mercapto-1-hexanol + dichloromethane,6-mercapto-1-hexanol + dichloromethane,2,0.07791020189980712,0.0,6-mercapto-1-hexanol,0.4445843805625717,0.6298901430883219,dichloromethane,0.22310405948844056,0.3160953333019325,1-dodecanethiol,0.026432624147381092,0.03744991982247654,dmmp,0.01123930863224103,0.01592392812724946,"1,9-nonanedithiol",0.00045219693398413713,0.0006406756600196853
Mix 18/mix 18_Y4_X3.txt,pt2_real,Mix 18,6-mercapto-1-hexanol + dichloromethane,6-mercapto-1-hexanol + dichloromethane,2,0.0848075681127761,0.0,6-mercapto-1-hexanol,0.44562720086846874,0.6353398156445299,dichloromethane,0.22117100551149257,0.3153280266414044,1-dodecanethiol,0.02279749152802643,0.032502849997366266,dmmp,0.01136029320938703,0.01619660240500023,"1,9-nonanedithiol",0.0004437793604059272,0.0006327053116992508
Mix 18/mix 18_Y4_X4.txt,pt2_real,Mix 18,6-mercapto-1-hexanol + dichloromethane,6-mercapto-1-hexanol + dichloromethane,2,0.08056750586556422,0.0,6-mercapto-1-hexanol,0.44430303704856494,0.6346396172949419,dichloromethane,0.22216916583682156,0.3173450159558668,1-dodecanethiol,0.02324006355911373,0.03319595819340281,dmmp,0.010374877409426454,0.014819408555788555,tris(2-ethylhexyl) phosphate,0.0,0.0
Mix 18/mix 18_Y4_X5.txt,pt2_real,Mix 18,6-mercapto-1-hexanol + dichloromethane,6-mercapto-1-hexanol + dichloromethane,2,0.07656495074699712,0.0,6-mercapto-1-hexanol,0.4594823432169373,0.6446859616495286,dichloromethane,0.2233167870209936,0.313329118557967,1-dodecanethiol,0.018688186848265464,0.026220837182576603,dmmp,0.011235420107088764,0.01576408260992774,tris(2-ethylhexyl) phosphate,0.0,0.0
Mix 18/mix 18_Y5_X0.txt,pt2_real,Mix 18,6-mercapto-1-hexanol + dichloromethane,6-mercapto-1-hexanol + dichloromethane,2,0.08029586122218517,0.0,6-mercapto-1-hexanol,0.44114018291053464,0.6312286562244251,dichloromethane,0.22182067362686636,0.3174037894541117,1-dodecanethiol,0.022775911416822014,0.03259011197545518,dmmp,0.00992281780766707,0.01419858628467714,"1,9-nonanedithiol",0.003199977346558212,0.004578856061330942
Mix 18/mix 18_Y5_X1.txt,pt2_real,Mix 18,6-mercapto-1-hexanol + dichloromethane,6-mercapto-1-hexanol + dichloromethane,2,0.0771122324814322,0.0,6-mercapto-1-hexanol,0.4234855209129864,0.6184672890295999,dichloromethane,0.2206462660264461,0.32223651398915004,1-dodecanethiol,0.02572292328502252,0.03756630591692184,dmmp,0.010054409264047805,0.014683673781629525,"1,9-nonanedithiol",0.004824783863851117,0.007046217282698729
Mix 18/mix 18_Y5_X2.txt,pt2_real,Mix 18,6-mercapto-1-hexanol + dichloromethane,6-mercapto-1-hexanol + dichloromethane,2,0.0728758438185177,0.0,6-mercapto-1-hexanol,0.45259052090769447,0.6429941672006567,dichloromethane,0.22183018127444876,0.31515355730931294,1-dodecanethiol,0.02160417540529713,0.030692995392228,dmmp,0.00785479036988397,0.011159280097802456,tris(2-ethylhexyl) phosphate,0.0,0.0
Mix 18/mix 18_Y5_X3.txt,pt2_real,Mix 18,6-mercapto-1-hexanol + dichloromethane,6-mercapto-1-hexanol + dichloromethane,2,0.0777081311691732,0.0,6-mercapto-1-hexanol,0.43752579940979447,0.627738982122173,dichloromethane,0.22203864884782268,0.3185693634696199,1-dodecanethiol,0.024522219821307128,0.0351831899530698,dmmp,0.009273911299857399,0.013305719679883818,"1,9-nonanedithiol",0.003626244556650566,0.00520274477525345
Mix 18/mix 18_Y5_X4.txt,pt2_real,Mix 18,6-mercapto-1-hexanol + dichloromethane,6-mercapto-1-hexanol + dichloromethane,2,0.07138286127026224,0.0,6-mercapto-1-hexanol,0.43464127967886856,0.6247090857395728,dichloromethane,0.22287442090790344,0.32033698185083426,1-dodecanethiol,0.02841223797012709,0.04083685566922514,dmmp,0.009656201245729273,0.013878839709826436,"1,9-nonanedithiol",0.00016575338855333175,0.0002382370305413546
Mix 18/mix 18_Y5_X5.txt,pt2_real,Mix 18,6-mercapto-1-hexanol + dichloromethane,6-mercapto-1-hexanol + dichloromethane,2,0.07136853022620337,0.0,6-mercapto-1-hexanol,0.4593066723428412,0.6448165844447098,dichloromethane,0.22260719946573032,0.31251628307535445,1-dodecanethiol,0.020688968865164872,0.029045060833256767,dmmp,0.009703082317338187,0.013622071646678936,tris(2-ethylhexyl) phosphate,0.0,0.0
Mix 19/mix 19_Y0_X0.txt,pt2_real,Mix 19,benzene + pyridine,benzene + pyridine,2,0.17751630664526455,0.0,pyridine,0.8966522515486569,0.7529957785829569,benzene,0.27762304696621926,0.23314387717405627,diethylamine,0.016129401713593592,0.013545241625644449,acetonitrile,0.0003752178688712982,0.00031510261734244815,tris(2-ethylhexyl) phosphate,0.0,0.0
Mix 19/mix 19_Y0_X1.txt,pt2_real,Mix 19,benzene + pyridine,benzene + pyridine,2,0.17820150156229014,0.0,pyridine,0.8969163295059903,0.7543859234187451,benzene,0.2755605061872799,0.23177074614342785,diethylamine,0.015153452716000937,0.012745393348384019,acetonitrile,0.0013053765635354772,0.0010979370894432156,tris(2-ethylhexyl) phosphate,0.0,0.0
Mix 19/mix 19_Y0_X2.txt,pt2_real,Mix 19,benzene + pyridine,benzene + pyridine,2,0.177911732377108,0.0,pyridine,0.8969506025047018,0.7519305275414666,benzene,0.27680056206716697,0.23204710725176006,diethylamine,0.01856445432783696,0.015562930552997466,acetonitrile,0.0005480429034622485,0.0004594346537757807,tris(2-ethylhexyl) phosphate,0.0,0.0
Mix 19/mix 19_Y0_X3.txt,pt2_real,Mix 19,benzene + pyridine,benzene + pyridine,2,0.17933394486381923,0.0,pyridine,0.8924554534617193,0.7524940666771436,benzene,0.2775094981325827,0.23398843043797657,diethylamine,0.01603171333970311,0.013517502884879691,tris(2-ethylhexyl) phosphate,0.0,0.0,n-hexane,0.0,0.0
Mix 19/mix 19_Y0_X4.txt,pt2_real,Mix 19,benzene + pyridine,benzene + pyridine,2,0.17794798435464265,0.0,pyridine,0.8989150923819637,0.7538755675932522,benzene,0.2767679795375218,0.2321115970059035,diethylamine,0.015220630389752462,0.012764788878776613,acetonitrile,0.0014881605173424188,0.0012480465220675986,tris(2-ethylhexyl) phosphate,0.0,0.0
Mix 19/mix 19_Y0_X5.txt,pt2_real,Mix 19,benzene + pyridine,benzene + pyridine,2,0.17890277225911794,0.0,pyridine,0.8994922401182948,0.7537497023305172,benzene,0.27719092295208947,0.23227835254741214,diethylamine,0.015087186576078436,0.012642646465997902,acetonitrile,0.0015655612522037228,0.0013118971739806862,dichloromethane,2.076617484573763e-05,1.7401482092229843e-05
Mix 19/mix 19_Y1_X0.txt,pt2_real,Mix 19,benzene + pyridine,benzene + pyridine,2,0.18018035876587823,0.0,pyridine,0.8947683325621096,0.7519738204562263,benzene,0.27647838048690154,0.232355679657286,diethylamine,0.0168169754834265,0.01413318380030298,acetonitrile,0.0018292415422414222,0.0015373160861848444,tris(2-ethylhexyl) phosphate,0.0,0.0
Mix 19/mix 19_Y1_X1.txt,pt2_real,Mix 19,benzene + pyridine,benzene + pyridine,2,0.18212248733415046,0.0,pyridine,0.8964917623414401,0.7544397865758571,benzene,0.27552677390078056,0.2318686788094212,diethylamine,0.01567036177921062,0.013187343033021022,acetonitrile,0.0005991248177512186,0.0005041915817006441,tris(2-ethylhexyl) phosphate,0.0,0.0
Mix 19/mix 19_Y1_X2.txt,pt2_real,Mix 19,benzene + pyridine,benzene + pyridine,2,0.17998989245430627,0.0,pyridine,0.8917811205059349,0.7514730008366539,benzene,0.27640216477689267,0.2329145116738951,diethylamine,0.01715706868692252,0.014457666343516688,acetonitrile,0.0013704387175036217,0.0011548211459342375,tris(2-ethylhexyl) phosphate,0.0,0.0
Mix 19/mix 19_Y1_X3.txt,pt2_real,Mix 19,benzene + pyridine,benzene + pyridine,2,0.17976529256643395,0.0,pyridine,0.8922055215634559,0.751181169164225,benzene,0.2754723320280105,0.23193045037715468,diethylamine,0.020058951041344846,0.016888380458620265,tris(2-ethylhexyl) phosphate,0.0,0.0,n-hexane,0.0,0.0
Mix 19/mix 19_Y1_X4.txt,pt2_real,Mix 19,benzene + pyridine,benzene + pyridine,2,0.17925595566882294,0.0,pyridine,0.8971115031997249,0.7515723849697397,benzene,0.2765031596456586,0.23164583042949885,diethylamine,0.01992126977062712,0.01668942620815164,acetonitrile,0.00011024324214727491,9.235839260995147e-05,tris(2-ethylhexyl) phosphate,0.0,0.0
Mix 19/mix 19_Y1_X5.txt,pt2_real,Mix 19,benzene + pyridine,benzene + pyridine,2,0.1793115006410796,0.0,pyridine,0.8907067441007278,0.7503690267738765,benzene,0.2780690077242724,0.23425709088202842,diethylamine,0.016746497054939167,0.014107957282475934,acetonitrile,0.001502684612074492,0.001265925061619274,tris(2-ethylhexyl) phosphate,0.0,0.0
Mix 19/mix 19_Y2_X0.txt,pt2_real,Mix 19,benzene + pyridine,benzene + pyridine,2,0.1771830385432327,0.0,pyridine,0.8929875134066991,0.74859888135637,benzene,0.28015996446246527,0.23486043516705293,diethylamine,0.018760865440345862,0.015727389992657128,acetonitrile,0.0009701603141053489,0.0008132934839200186,tris(2-ethylhexyl) phosphate,0.0,0.0
Mix 19/mix 19_Y2_X1.txt,pt2_real,Mix 19,benzene + pyridine,benzene + pyridine,2,0.1754376745373007,0.0,pyridine,0.8919594670387934,0.7479363395926998,benzene,0.2785638617098626,0.2335846445598857,diethylamine,0.02025354994118669,0.01698324482956609,acetonitrile,0.0017837976967648918,0.0014957710178485004,tris(2-ethylhexyl) phosphate,0.0,0.0
Mix 19/mix 19_Y2_X2.txt,pt2_real,Mix 19,benzene + pyridine,benzene + pyridine,2,0.17729908541889214,0.0,pyridine,0.8896845489996622,0.7517130941558896,benzene,0.2771324751750352,0.2341550279131408,diethylamine,0.01638353845391135,0.01384279450312942,acetonitrile,0.00034214258221758077,0.00028908342784017614,tris(2-ethylhexyl) phosphate,0.0,0.0
Mix 19/mix 19_Y2_X3.txt,pt2_real,Mix 19,benzene + pyridine,benzene + pyridine,2,0.177030443375393,0.0,pyridine,0.8964481969685271,0.7540730132696999,benzene,0.2760222766104127,0.23218402419351847,diethylamine,0.015348871826965158,0.012911142069324026,acetonitrile,0.0008994655395487969,0.0007566111371894817,dichloromethane,8.94094700747535e-05,7.520933026817555e-05
Mix 19/mix 19_Y2_X4.txt,pt2_real,Mix 19,benzene + pyridine,benzene + pyridine,2,0.17655635748996398,0.0,pyridine,0.8948370578091092,0.7529983969444533,benzene,0.2764873517251237,0.23266194756637848,diethylamine,0.017040746939159947,0.014339655489168228,tris(2-ethylhexyl) phosphate,0.0,0.0,n-hexane,0.0,0.0
Mix 19/mix 19_Y2_X5.txt,pt2_real,Mix 19,benzene + pyridine,benzene + pyridine,2,0.174309328461213,0.0,pyridine,0.8990850962622184,0.7522198029440997,benzene,0.27822415973224845,0.23277632281765845,diethylamine,0.017933268522044396,0.015003874238241817,tris(2-ethylhexyl) phosphate,0.0,0.0,n-hexane,0.0,0.0
Mix 19/mix 19_Y3_X0.txt,pt2_real,Mix 19,benzene + pyridine,benzene + pyridine,2,0.17479273106746473,0.0,pyridine,0.8944357895829602,0.7491991780538375,benzene,0.28055342039568654,0.23499774316795227,diethylamine,0.017564112370886443,0.014712088564399785,acetonitrile,0.0013024850025217755,0.0010909902138103742,tris(2-ethylhexyl) phosphate,0.0,0.0
Mix 19/mix 19_Y3_X1.txt,pt2_real,Mix 19,benzene + pyridine,benzene + pyridine,2,0.1751739616109229,0.0,pyridine,0.9027902923887888,0.7531439883934149,benzene,0.27821063791295886,0.2320945087887656,diethylamine,0.017632077906410824,0.014709388869213509,dichloromethane,6.246875448071828e-05,5.2113948606035574e-05,tris(2-ethylhexyl) phosphate,0.0,0.0
Mix 19/mix 19_Y3_X2.txt,pt2_real,Mix 19,benzene + pyridine,benzene + pyridine,2,0.17577926930966614,0.0,pyridine,0.896795398456271,0.7502245549719254,benzene,0.27858833689627127,0.23305629291603158,diethylamine,0.019527145290891845,0.016335659071120674,acetonitrile,0.00045841580652086615,0.00038349304092240256,tris(2-ethylhexyl) phosphate,0.0,0.0
Mix 19/mix 19_Y3_X3.txt,pt2_real,Mix 19,benzene + pyridine,benzene + pyridine,2,0.1714560190453476,0.0,pyridine,0.8884790598383513,0.754356823268717,benzene,0.2767773992498081,0.2349958812632561,diethylamine,0.012540350634415786,0.01064729546802696,tris(2-ethylhexyl) phosphate,0.0,0.0,n-hexane,0.0,0.0
Mix 19/mix 19_Y3_X4.txt,pt2_real,Mix 19,benzene + pyridine,benzene + pyridine,2,0.17076594724322222,0.0,pyridine,0.892959300361981,0.7534004697335553,benzene,0.2784872767372868,0.2349630548935862,diethylamine,0.01379199950764804,0.01163647537285833,tris(2-ethylhexyl) phosphate,0.0,0.0,n-hexane,0.0,0.0
Mix 19/mix 19_Y3_X5.txt,pt2_real,Mix 19,benzene + pyridine,benzene + pyridine,2,0.17064913132580364,0.0,pyridine,0.8936628411943556,0.7540119642690959,benzene,0.27796205887060765,0.23452549254616217,diethylamine,0.013223997781356075,0.01115751050953895,acetonitrile,0.00036152790684606894,0.0003050326752030796,tris(2-ethylhexyl) phosphate,0.0,0.0
Mix 19/mix 19_Y4_X0.txt,pt2_real,Mix 19,benzene + pyridine,benzene + pyridine,2,0.1691129437394609,0.0,pyridine,0.9000115261679354,0.7508112562088134,benzene,0.28144650404104116,0.23478944114678318,diethylamine,0.01604044887487578,0.013381328149403645,acetonitrile,0.0012202651082657836,0.0010179744949998148,tris(2-ethylhexyl) phosphate,0.0,0.0
Mix 19/mix 19_Y4_X1.txt,pt2_real,Mix 19,benzene + pyridine,benzene + pyridine,2,0.16940001690201542,0.0,pyridine,0.903628172936625,0.7538571963280256,benzene,0.279396177606663,0.23308792866742328,diethylamine,0.015648524555764112,0.01305487500455118,tris(2-ethylhexyl) phosphate,0.0,0.0,n-hexane,0.0,0.0
Mix 19/mix 19_Y4_X2.txt,pt2_real,Mix 19,benzene + pyridine,benzene + pyridine,2,0.1716719182028208,0.0,pyridine,0.8979780267243976,0.7558084801774255,benzene,0.27840411897966216,0.23432666254508985,diethylamine,0.01172046266254378,0.009864857277484646,tris(2-ethylhexyl) phosphate,0.0,0.0,n-hexane,0.0,0.0
Mix 19/mix 19_Y4_X3.txt,pt2_real,Mix 19,benzene + pyridine,benzene + pyridine,2,0.1704634499523095,0.0,pyridine,0.8889425058553777,0.7537146998270168,benzene,0.2771555086235794,0.23499402898572913,diethylamine,0.011482624393024068,0.009735863388922635,acetonitrile,0.00183447146008024,0.0015554077983312836,tris(2-ethylhexyl) phosphate,0.0,0.0
Mix 19/mix 19_Y4_X4.txt,pt2_real,Mix 19,benzene + pyridine,benzene + pyridine,2,0.166964073465457,0.0,pyridine,0.8949021357004984,0.7537812979176797,benzene,0.27785353948176916,0.2340376598360068,diethylamine,0.014333081505051198,0.012072838301565096,acetonitrile,0.0001284615862902506,0.00010820394474825163,tris(2-ethylhexyl) phosphate,0.0,0.0
Mix 19/mix 19_Y4_X5.txt,pt2_real,Mix 19,benzene + pyridine,benzene + pyridine,2,0.16799446421416367,0.0,pyridine,0.9017543084142488,0.7579101495380842,benzene,0.27645958238337043,0.23235988059084695,diethylamine,0.011076503862438752,0.009309625271991072,acetonitrile,0.0005001220177194747,0.00042034459907778815,tris(2-ethylhexyl) phosphate,0.0,0.0
Mix 19/mix 19_Y5_X0.txt,pt2_real,Mix 19,benzene + pyridine,benzene + pyridine,2,0.16505085619355203,0.0,pyridine,0.9056487834019696,0.7515628517310415,benzene,0.2808763148065336,0.2330883759891385,diethylamine,0.018327822073576538,0.015209549746087979,acetonitrile,0.0001677660331483252,0.00013922253373203783,tris(2-ethylhexyl) phosphate,0.0,0.0
Mix 19/mix 19_Y5_X1.txt,pt2_real,Mix 19,benzene + pyridine,benzene + pyridine,2,0.16386679638047216,0.0,pyridine,0.907197448317856,0.7533027097439841,benzene,0.28087495230172393,0.23322801784818073,diethylamine,0.013370291182332732,0.011102187948602394,acetonitrile,0.002850664087082195,0.002367084459232833,tris(2-ethylhexyl) phosphate,0.0,0.0
Mix 19/mix 19_Y5_X2.txt,pt2_real,Mix 19,benzene + pyridine,benzene + pyridine,2,0.16486187266564603,0.0,pyridine,0.8995883096306266,0.7528959845084536,benzene,0.27718307821767457,0.2319839245681933,diethylamine,0.01586782421890428,0.013280320574868764,acetonitrile,0.002198226490717714,0.001839770348484229,tris(2-ethylhexyl) phosphate,0.0,0.0
Mix 19/mix 19_Y5_X3.txt,pt2_real,Mix 19,benzene + pyridine,benzene + pyridine,2,0.16280531791202746,0.0,pyridine,0.8888966740043333,0.7547401044975508,benzene,0.2786358155746737,0.23658275558196581,diethylamine,0.009797153205720312,0.00831851963283172,dichloromethane,0.0002580459909039684,0.00021910044646998616,acetonitrile,0.00016431977318416918,0.00013951984118170874
Mix 19/mix 19_Y5_X4.txt,pt2_real,Mix 19,benzene + pyridine,benzene + pyridine,2,0.1596942773303659,0.0,pyridine,0.8890838160618972,0.7523796439071082,benzene,0.2787336848843298,0.2358760184243283,diethylamine,0.013048845006275624,0.0110424744909958,acetonitrile,0.0008293887232577157,0.0007018631775676905,tris(2-ethylhexyl) phosphate,0.0,0.0
Mix 19/mix 19_Y5_X5.txt,pt2_real,Mix 19,benzene + pyridine,benzene + pyridine,2,0.15861308342193609,0.0,pyridine,0.8928128669841817,0.751365169069356,benzene,0.2804629946112931,0.23602944486635147,diethylamine,0.014978403757314128,0.012605386064292465,tris(2-ethylhexyl) phosphate,0.0,0.0,n-hexane,0.0,0.0
Mix 20/mix 20_Y0_X0.txt,pt2_real,Mix 20,benzene + toluene,benzene + toluene,2,0.06023485509131704,0.0,toluene,0.4043901521752035,0.617512971828233,benzene,0.24706535736091859,0.3772744272804284,diethylamine,0.003086110751940382,0.004712561400348123,dichloromethane,0.00032746040177351714,0.000500039490990431,tris(2-ethylhexyl) phosphate,0.0,0.0
Mix 20/mix 20_Y0_X1.txt,pt2_real,Mix 20,benzene + toluene,benzene + toluene,2,0.0566748986711989,0.0,toluene,0.3535970411425069,0.6119192469294241,benzene,0.21598492826173574,0.37377387045713906,diethylamine,0.007731053866008866,0.01337901653354717,acetonitrile,0.0005361666626303974,0.0009278660798895885,tris(2-ethylhexyl) phosphate,0.0,0.0
Mix 20/mix 20_Y0_X2.txt,pt2_real,Mix 20,benzene + toluene,benzene + toluene,2,0.05998846098338085,0.0,toluene,0.38413352024794284,0.6153594878331601,benzene,0.23459862657891414,0.375813312529412,diethylamine,0.004188560163412062,0.0067098290075075185,acetonitrile,0.001321752649991492,0.002117370629920294,tris(2-ethylhexyl) phosphate,0.0,0.0
Mix 20/mix 20_Y0_X3.txt,pt2_real,Mix 20,benzene + toluene,benzene + toluene,2,0.06379113612342714,0.0,toluene,0.4326724677302316,0.6143606299230807,benzene,0.26750397740464893,0.3798344575225364,diethylamine,0.00342633296463214,0.00486512139198576,acetonitrile,0.0006618616844578235,0.0009397911623972008,tris(2-ethylhexyl) phosphate,0.0,0.0
Mix 20/mix 20_Y0_X4.txt,pt2_real,Mix 20,benzene + toluene,benzene + toluene,2,0.07125064464553697,0.0,toluene,0.44715795181040624,0.6139747664218471,benzene,0.2783750808392264,0.38222573152046835,diethylamine,0.0023524419036726816,0.003230044243830861,acetonitrile,0.0004147362458708619,0.0005694578138536645,tris(2-ethylhexyl) phosphate,0.0,0.0
Mix 20/mix 20_Y0_X5.txt,pt2_real,Mix 20,benzene + toluene,benzene + toluene,2,0.07483025310586308,0.0,toluene,0.45431920523895114,0.6142360643158724,benzene,0.2811084040865209,0.38005639599013996,diethylamine,0.0037386945034449484,0.005054686156768537,acetonitrile,0.0004828825876532748,0.0006528535372190829,tris(2-ethylhexyl) phosphate,0.0,0.0
Mix 20/mix 20_Y1_X0.txt,pt2_real,Mix 20,benzene + toluene,benzene + toluene,2,0.06296313666568203,0.0,toluene,0.4184533332839715,0.620462843593527,benzene,0.25550516720405936,0.37885099719993715,acetonitrile,0.0003113451229485133,0.0004616478468640038,dichloromethane,9.764522238710476e-05,0.00014478372503370858,diethylamine,5.377001187695192e-05,7.972763463827144e-05
Mix 20/mix 20_Y1_X1.txt,pt2_real,Mix 20,benzene + toluene,benzene + toluene,2,0.05576432742750549,0.0,toluene,0.38209097604696746,0.6201662113475426,benzene,0.23243311911902242,0.3772587575007721,diethylamine,0.0014688795178430581,0.0023841166178045475,acetonitrile,0.00011762446785606981,0.00019091453388080763,tris(2-ethylhexyl) phosphate,0.0,0.0
Mix 20/mix 20_Y1_X2.txt,pt2_real,Mix 20,benzene + toluene,benzene + toluene,2,0.05307651408897699,0.0,toluene,0.39741492065417355,0.6183760949673552,benzene,0.2430231229008386,0.3781430487783927,acetonitrile,0.001766883853362373,0.002749264511016852,diethylamine,0.00047017579908938356,0.000731591743235158,tris(2-ethylhexyl) phosphate,0.0,0.0
Mix 20/mix 20_Y1_X3.txt,pt2_real,Mix 20,benzene + toluene,benzene + toluene,2,0.06787984983441533,0.0,toluene,0.4382678080098788,0.615277995253549,benzene,0.27191762972282213,0.381741325810961,diethylamine,0.0019756401770284916,0.002773573384237834,dichloromethane,0.0001475230654666433,0.0002071055512521887,tris(2-ethylhexyl) phosphate,0.0,0.0
Mix 20/mix 20_Y1_X4.txt,pt2_real,Mix 20,benzene + toluene,benzene + toluene,2,0.07262129353323328,0.0,toluene,0.4465979056328236,0.6140051520184263,benzene,0.27782234857104576,0.3819640692823342,diethylamine,0.0029317951473732213,0.004030778699239549,tris(2-ethylhexyl) phosphate,0.0,0.0,n-hexane,0.0,0.0
Mix 20/mix 20_Y1_X5.txt,pt2_real,Mix 20,benzene + toluene,benzene + toluene,2,0.08523528118634108,0.0,toluene,0.4496433389522211,0.6121997634248125,benzene,0.2817212978624846,0.38357003643163223,diethylamine,0.0018063261522101857,0.002459354664583684,acetonitrile,0.001300635709949902,0.0017708454789715057,tris(2-ethylhexyl) phosphate,0.0,0.0
Mix 20/mix 20_Y2_X0.txt,pt2_real,Mix 20,benzene + toluene,benzene + toluene,2,0.08316114275985377,0.0,toluene,0.43992171552915127,0.6125577634839379,benzene,0.27412301567823755,0.3816955960024817,diethylamine,0.003236417895264398,0.0045064674864662,acetonitrile,0.0008906573031383959,0.0012401730271142726,tris(2-ethylhexyl) phosphate,0.0,0.0
Mix 20/mix 20_Y2_X1.txt,pt2_real,Mix 20,benzene + toluene,benzene + toluene,2,0.07532942841328147,0.0,toluene,0.43311888721822345,0.6148861743847248,benzene,0.2690352877113434,0.3819415031697131,diethylamine,0.002092647056287886,0.0029708696174452457,dichloromethane,0.000141901100359314,0.00020145282811682088,tris(2-ethylhexyl) phosphate,0.0,0.0
Mix 20/mix 20_Y2_X2.txt,pt2_real,Mix 20,benzene + toluene,benzene + toluene,2,0.08320440394389628,0.0,toluene,0.4319196313622956,0.611076756769446,benzene,0.26986820916194953,0.3818075818636162,diethylamine,0.0050294726488285075,0.007115661366937929,tris(2-ethylhexyl) phosphate,0.0,0.0,n-hexane,0.0,0.0
Mix 20/mix 20_Y2_X3.txt,pt2_real,Mix 20,benzene + toluene,benzene + toluene,2,0.08227964072889514,0.0,toluene,0.4380509460068779,0.6084666611117359,benzene,0.277403320341924,0.38532201253849035,diethylamine,0.004471695094197043,0.00621132634977367,tris(2-ethylhexyl) phosphate,0.0,0.0,n-hexane,0.0,0.0
Mix 20/mix 20_Y2_X4.txt,pt2_real,Mix 20,benzene + toluene,benzene + toluene,2,0.08993791503304382,0.0,toluene,0.4455941163282245,0.6089428462360472,benzene,0.2804302698901887,0.3832321847622607,diethylamine,0.005725923490450384,0.007824969001692007,tris(2-ethylhexyl) phosphate,0.0,0.0,n-hexane,0.0,0.0
Mix 20/mix 20_Y2_X5.txt,pt2_real,Mix 20,benzene + toluene,benzene + toluene,2,0.09058180626380824,0.0,toluene,0.4423103782200197,0.6083343599969685,benzene,0.2804816335588453,0.38576217842451155,diethylamine,0.004292314383845593,0.005903461578519899,tris(2-ethylhexyl) phosphate,0.0,0.0,n-hexane,0.0,0.0
Mix 20/mix 20_Y3_X0.txt,pt2_real,Mix 20,benzene + toluene,benzene + toluene,2,0.08880010117753213,0.0,toluene,0.43950046851569496,0.6088635439123676,benzene,0.27710265572137593,0.3838851538881138,diethylamine,0.005234261019404962,0.007251302199518493,tris(2-ethylhexyl) phosphate,0.0,0.0,n-hexane,0.0,0.0
Mix 20/mix 20_Y3_X1.txt,pt2_real,Mix 20,benzene + toluene,benzene + toluene,2,0.09269331602866616,0.0,toluene,0.43530397752212524,0.6087919814519439,benzene,0.2741466176942703,0.3834062430223496,diethylamine,0.005578496467668844,0.007801775525706447,tris(2-ethylhexyl) phosphate,0.0,0.0,n-hexane,0.0,0.0
Mix 20/mix 20_Y3_X2.txt,pt2_real,Mix 20,benzene + toluene,benzene + toluene,2,0.0915166570376589,0.0,toluene,0.4355911925953775,0.6107105731305815,benzene,0.2745802148843105,0.3849688498134593,diethylamine,0.0030816648594408818,0.004320577055959248,tris(2-ethylhexyl) phosphate,0.0,0.0,n-hexane,0.0,0.0
Mix 20/mix 20_Y3_X3.txt,pt2_real,Mix 20,benzene + toluene,benzene + toluene,2,0.0938758262249507,0.0,toluene,0.44237721433447297,0.6082953568250498,benzene,0.27835981830182926,0.38276154266761997,diethylamine,0.006228862612659989,0.008565061858537401,acetonitrile,0.0002749251370858026,0.00037803864879292875,tris(2-ethylhexyl) phosphate,0.0,0.0
Mix 20/mix 20_Y3_X4.txt,pt2_real,Mix 20,benzene + toluene,benzene + toluene,2,0.09363516441662391,0.0,toluene,0.444656483112097,0.6064932973471941,benzene,0.281715215190998,0.3842480572379054,diethylamine,0.006788066292865839,0.009258645414900384,tris(2-ethylhexyl) phosphate,0.0,0.0,n-hexane,0.0,0.0
Mix 20/mix 20_Y3_X5.txt,pt2_real,Mix 20,benzene + toluene,benzene + toluene,2,0.09554530385659632,0.0,toluene,0.44255431786074534,0.6067426663790118,benzene,0.2815449929846245,0.3859986285410129,diethylamine,0.005053323206685702,0.006928114070427378,acetonitrile,0.00024113102115356523,0.0003305910095479949,tris(2-ethylhexyl) phosphate,0.0,0.0
Mix 20/mix 20_Y4_X0.txt,pt2_real,Mix 20,benzene + toluene,benzene + toluene,2,0.09847689996863608,0.0,toluene,0.4344064934829126,0.6045721874896633,benzene,0.2770966341793063,0.38564091648044346,diethylamine,0.005815317565454613,0.008093293526313857,acetonitrile,0.0012169132820824197,0.0016936025035793657,tris(2-ethylhexyl) phosphate,0.0,0.0
Mix 20/mix 20_Y4_X1.txt,pt2_real,Mix 20,benzene + toluene,benzene + toluene,2,0.09586518484648414,0.0,toluene,0.4303352907386737,0.6012524127897582,benzene,0.27545528621964266,0.38485840929050646,diethylamine,0.009940922133647133,0.013889177919735282,tris(2-ethylhexyl) phosphate,0.0,0.0,n-hexane,0.0,0.0
Mix 20/mix 20_Y4_X2.txt,pt2_real,Mix 20,benzene + toluene,benzene + toluene,2,0.09988415804257983,0.0,toluene,0.43477027774351107,0.6055851212203328,benzene,0.2762500534330484,0.38478463376944333,diethylamine,0.006913882377750347,0.009630245010223809,tris(2-ethylhexyl) phosphate,0.0,0.0,n-hexane,0.0,0.0
Mix 20/mix 20_Y4_X3.txt,pt2_real,Mix 20,benzene + toluene,benzene + toluene,2,0.10168455186298384,0.0,toluene,0.43606063074772244,0.6027874518620914,benzene,0.278300040453697,0.38470744756422187,diethylamine,0.008300985018656736,0.011474848345656628,acetonitrile,0.0005386831323741948,0.0007446474408114782,pyridine,0.00020660848741039682,0.00028560478721878876
Mix 20/mix 20_Y4_X4.txt,pt2_real,Mix 20,benzene + toluene,benzene + toluene,2,0.10397731763115843,0.0,toluene,0.4350015885305282,0.5998533253841131,benzene,0.27912074464440434,0.38489861019642124,diethylamine,0.01022905213380338,0.01410553685267473,pyridine,0.0008285380533245429,0.0011425275667910056,tris(2-ethylhexyl) phosphate,0.0,0.0
Mix 20/mix 20_Y4_X5.txt,pt2_real,Mix 20,benzene + toluene,benzene + toluene,2,0.10232494663927841,0.0,toluene,0.4327784605262839,0.5967531797980516,benzene,0.2794299901412577,0.38530275962661154,diethylamine,0.01161441324931784,0.01601497918725118,pyridine,0.0013990120231083853,0.0019290813880856958,tris(2-ethylhexyl) phosphate,0.0,0.0
Mix 20/mix 20_Y5_X0.txt,pt2_real,Mix 20,benzene + toluene,benzene + toluene,2,0.09866041105007627,0.0,toluene,0.43360924756890784,0.600363097440997,benzene,0.2796439358175402,0.3871870824464591,diethylamine,0.007165099957526904,0.009920594701550045,pyridine,0.0018267204164742906,0.002529225410993869,tris(2-ethylhexyl) phosphate,0.0,0.0
Mix 20/mix 20_Y5_X1.txt,pt2_real,Mix 20,benzene + toluene,benzene + toluene,2,0.09993181328070803,0.0,toluene,0.43567563078058197,0.6038704859418492,benzene,0.27879632235834234,0.3864271002711228,diethylamine,0.007000019615405843,0.009702413787027917,tris(2-ethylhexyl) phosphate,0.0,0.0,n-hexane,0.0,0.0
Mix 20/mix 20_Y5_X2.txt,pt2_real,Mix 20,benzene + toluene,benzene + toluene,2,0.10398206559037791,0.0,toluene,0.4350670182633618,0.6012525244468842,benzene,0.27958912935911384,0.38638568951074664,diethylamine,0.00892070732899947,0.012328210542877725,acetonitrile,2.4295270051231357e-05,3.3575499491389e-05,tris(2-ethylhexyl) phosphate,0.0,0.0
Mix 20/mix 20_Y5_X3.txt,pt2_real,Mix 20,benzene + toluene,benzene + toluene,2,0.10272110910065434,0.0,toluene,0.4355594302474384,0.6002501848670909,benzene,0.27970764103873486,0.38546878240440974,diethylamine,0.009988004558986635,0.013764600572599666,pyridine,0.0003747385694431915,0.0005164321558996433,tris(2-ethylhexyl) phosphate,0.0,0.0
Mix 20/mix 20_Y5_X4.txt,pt2_real,Mix 20,benzene + toluene,benzene + toluene,2,0.10200264961949282,0.0,toluene,0.4353560759725531,0.5993293577058151,benzene,0.2803646414893649,0.38596167546731475,diethylamine,0.010684672788046442,0.014708966826870219,tris(2-ethylhexyl) phosphate,0.0,0.0,n-hexane,0.0,0.0
Mix 20/mix 20_Y5_X5.txt,pt2_real,Mix 20,benzene + toluene,benzene + toluene,2,0.10125916850693333,0.0,toluene,0.435899233037786,0.600828346655411,benzene,0.27978915009276756,0.3856516362527941,diethylamine,0.009808733415753952,0.013520017091794841,tris(2-ethylhexyl) phosphate,0.0,0.0,n-hexane,0.0,0.0
Mix 21/mix 21_Y0_X0.txt,pt2_real,Mix 21,acetonitrile + dichloromethane,acetonitrile + dichloromethane,2,0.11348383685052911,0.0,acetonitrile,0.556657757217708,0.6994059801203891,dichloromethane,0.23077060325700152,0.28994896390316965,dmmp,0.008472408234603225,0.010645055976441211,tris(2-ethylhexyl) phosphate,0.0,0.0,toluene,0.0,0.0
Mix 21/mix 21_Y0_X1.txt,pt2_real,Mix 21,acetonitrile + dichloromethane,acetonitrile + dichloromethane,2,0.11106259258410972,0.0,acetonitrile,0.5608638575493494,0.6995620401858649,dichloromethane,0.23002194370243775,0.28690495573578106,dmmp,0.010849892412115564,0.013533004078353993,tris(2-ethylhexyl) phosphate,0.0,0.0,toluene,0.0,0.0
Mix 21/mix 21_Y0_X2.txt,pt2_real,Mix 21,acetonitrile + dichloromethane,acetonitrile + dichloromethane,2,0.11066841437075266,0.0,acetonitrile,0.5596937215783641,0.7019817038327815,dichloromethane,0.23181978533443226,0.29075410642859917,dmmp,0.005791776860936159,0.007264189738619379,tris(2-ethylhexyl) phosphate,0.0,0.0,toluene,0.0,0.0
Mix 21/mix 21_Y0_X3.txt,pt2_real,Mix 21,acetonitrile + dichloromethane,acetonitrile + dichloromethane,2,0.11104439213713076,0.0,acetonitrile,0.5585194970521106,0.7021458625271035,dichloromethane,0.23039512793936603,0.2896425043044381,dmmp,0.006531915193115241,0.008211633168458361,tris(2-ethylhexyl) phosphate,0.0,0.0,toluene,0.0,0.0
Mix 21/mix 21_Y0_X4.txt,pt2_real,Mix 21,acetonitrile + dichloromethane,acetonitrile + dichloromethane,2,0.10789542111273435,0.0,acetonitrile,0.5592709333642552,0.7029982776969627,dichloromethane,0.2300489251696672,0.2891693247984016,dmmp,0.006231071116202197,0.007832397504635637,tris(2-ethylhexyl) phosphate,0.0,0.0,toluene,0.0,0.0
Mix 21/mix 21_Y0_X5.txt,pt2_real,Mix 21,acetonitrile + dichloromethane,acetonitrile + dichloromethane,2,0.11050489982976307,0.0,acetonitrile,0.5611905080149987,0.7018334958949728,dichloromethane,0.23217081608390325,0.29035639977823646,dmmp,0.006245008880935194,0.007810104326790855,tris(2-ethylhexyl) phosphate,0.0,0.0,toluene,0.0,0.0
Mix 21/mix 21_Y1_X0.txt,pt2_real,Mix 21,acetonitrile + dichloromethane,acetonitrile + dichloromethane,2,0.11000427068394099,0.0,acetonitrile,0.5640096553625407,0.7029997665226786,dichloromethane,0.23178107855168292,0.2888993877267401,dmmp,0.006499227222407669,0.008100845750581242,tris(2-ethylhexyl) phosphate,0.0,0.0,toluene,0.0,0.0
Mix 21/mix 21_Y1_X1.txt,pt2_real,Mix 21,acetonitrile + dichloromethane,acetonitrile + dichloromethane,2,0.10752430071135906,0.0,acetonitrile,0.562101992338965,0.7017140725627238,dichloromethane,0.2314252184853711,0.28890545625242875,dmmp,0.006480337678602111,0.008089891525044381,1-dodecanethiol,0.0010338076809519856,0.0012905796598030586,tris(2-ethylhexyl) phosphate,0.0,0.0
Mix 21/mix 21_Y1_X2.txt,pt2_real,Mix 21,acetonitrile + dichloromethane,acetonitrile + dichloromethane,2,0.10552978415127698,0.0,acetonitrile,0.5634608951622474,0.7022212591645055,dichloromethane,0.23252619096987026,0.2897891158259901,dmmp,0.006410858687505827,0.007989625009504439,tris(2-ethylhexyl) phosphate,0.0,0.0,toluene,0.0,0.0
Mix 21/mix 21_Y1_X3.txt,pt2_real,Mix 21,acetonitrile + dichloromethane,acetonitrile + dichloromethane,2,0.10720385205479539,0.0,acetonitrile,0.560482524861088,0.7021353295329252,dichloromethane,0.23195008051393412,0.29057167528497624,dmmp,0.005821664544613415,0.007292995182098447,tris(2-ethylhexyl) phosphate,0.0,0.0,toluene,0.0,0.0
Mix 21/mix 21_Y1_X4.txt,pt2_real,Mix 21,acetonitrile + dichloromethane,acetonitrile + dichloromethane,2,0.10155668186528193,0.0,acetonitrile,0.5573303810401995,0.7016264759200319,dichloromethane,0.23177832851327082,0.2917870931885767,dmmp,0.005231869327024097,0.006586430891391251,tris(2-ethylhexyl) phosphate,0.0,0.0,toluene,0.0,0.0
Mix 21/mix 21_Y1_X5.txt,pt2_real,Mix 21,acetonitrile + dichloromethane,acetonitrile + dichloromethane,2,0.10655804194522261,0.0,acetonitrile,0.5598513910958963,0.7007578616587368,dichloromethane,0.23314578425321644,0.291825194732879,dmmp,0.005925564911972254,0.0074169436083842116,tris(2-ethylhexyl) phosphate,0.0,0.0,toluene,0.0,0.0
Mix 21/mix 21_Y2_X0.txt,pt2_real,Mix 21,acetonitrile + dichloromethane,acetonitrile + dichloromethane,2,0.10096654200138325,0.0,acetonitrile,0.5577464240612818,0.7023008512612997,dichloromethane,0.23199397775193026,0.2921212239717989,dmmp,0.004429821759200201,0.005577924766901427,tris(2-ethylhexyl) phosphate,0.0,0.0,toluene,0.0,0.0
Mix 21/mix 21_Y2_X1.txt,pt2_real,Mix 21,acetonitrile + dichloromethane,acetonitrile + dichloromethane,2,0.10399064352688271,0.0,acetonitrile,0.5621295823802298,0.704027383073066,dichloromethane,0.23100206026459766,0.28931367618821685,dmmp,0.005316821002346228,0.006658940738717079,tris(2-ethylhexyl) phosphate,0.0,0.0,toluene,0.0,0.0
Mix 21/mix 21_Y2_X2.txt,pt2_real,Mix 21,acetonitrile + dichloromethane,acetonitrile + dichloromethane,2,0.10315019556727474,0.0,acetonitrile,0.5657404496011287,0.7039269359735748,dichloromethane,0.2327215462086394,0.28956558625634715,dmmp,0.005230007847791008,0.006507477770077994,tris(2-ethylhexyl) phosphate,0.0,0.0,toluene,0.0,0.0
Mix 21/mix 21_Y2_X3.txt,pt2_real,Mix 21,acetonitrile + dichloromethane,acetonitrile + dichloromethane,2,0.1008110653234503,0.0,acetonitrile,0.559680665015175,0.7033308333503949,dichloromethane,0.2316576779755751,0.2911159843232408,dmmp,0.004418985532831931,0.005553182326364181,tris(2-ethylhexyl) phosphate,0.0,0.0,toluene,0.0,0.0
Mix 21/mix 21_Y2_X4.txt,pt2_real,Mix 21,acetonitrile + dichloromethane,acetonitrile + dichloromethane,2,0.10215334617357663,0.0,acetonitrile,0.5606324118562698,0.7042001275671335,dichloromethane,0.2323674857200021,0.2918725525423786,dmmp,0.0031266436005089092,0.003927319890487905,tris(2-ethylhexyl) phosphate,0.0,0.0,toluene,0.0,0.0
Mix 21/mix 21_Y2_X5.txt,pt2_real,Mix 21,acetonitrile + dichloromethane,acetonitrile + dichloromethane,2,0.10084232459611425,0.0,acetonitrile,0.5593471401647662,0.7042238613362538,dichloromethane,0.23128938157391798,0.29119573460245013,dmmp,0.0036380986972291154,0.00458040406129615,tris(2-ethylhexyl) phosphate,0.0,0.0,toluene,0.0,0.0
Mix 21/mix 21_Y3_X0.txt,pt2_real,Mix 21,acetonitrile + dichloromethane,acetonitrile + dichloromethane,2,0.09648395254027334,0.0,acetonitrile,0.5602598956124386,0.7043960176315183,dichloromethane,0.23122226178430375,0.2907080118782644,dmmp,0.0038941388751656814,0.00489597049021741,tris(2-ethylhexyl) phosphate,0.0,0.0,toluene,0.0,0.0
Mix 21/mix 21_Y3_X1.txt,pt2_real,Mix 21,acetonitrile + dichloromethane,acetonitrile + dichloromethane,2,0.09653659974902352,0.0,acetonitrile,0.5584191318206018,0.7036174898020188,dichloromethane,0.23072647905648241,0.29071924075254413,dmmp,0.0044945983475722885,0.00566326944543708,tris(2-ethylhexyl) phosphate,0.0,0.0,toluene,0.0,0.0
Mix 21/mix 21_Y3_X2.txt,pt2_real,Mix 21,acetonitrile + dichloromethane,acetonitrile + dichloromethane,2,0.0965653393073958,0.0,acetonitrile,0.5596668493429205,0.704399020670833,dichloromethane,0.23190416033565686,0.29187553921000314,dmmp,0.0024413183254566938,0.0030726533823049024,"1,9-nonanedithiol",0.0005085074549026835,0.0006400095943824531,1-dodecanethiol,1.015183562662244e-05,1.2777142476456695e-05
Mix 21/mix 21_Y3_X3.txt,pt2_real,Mix 21,acetonitrile + dichloromethane,acetonitrile + dichloromethane,2,0.09773691777467003,0.0,acetonitrile,0.5581919135405566,0.7040118390519037,dichloromethane,0.23194805973218133,0.29254128577537925,dmmp,0.0027329339389880643,0.0034468751727170202,tris(2-ethylhexyl) phosphate,0.0,0.0,toluene,0.0,0.0
Mix 21/mix 21_Y3_X4.txt,pt2_real,Mix 21,acetonitrile + dichloromethane,acetonitrile + dichloromethane,2,0.09628506450190298,0.0,acetonitrile,0.5611845294446282,0.7036223496967455,dichloromethane,0.23136013178477788,0.29008312063352515,dmmp,0.0038164022512842013,0.004785067617765641,1-dodecanethiol,0.0007703446377339825,0.00096587071745383,"1,9-nonanedithiol",0.00043354939961561586,0.0005435913345099663
Mix 21/mix 21_Y3_X5.txt,pt2_real,Mix 21,acetonitrile + dichloromethane,acetonitrile + dichloromethane,2,0.0941145140678419,0.0,acetonitrile,0.5601831976737586,0.7047949319605262,dichloromethane,0.23295603581600968,0.29309382019051167,dmmp,0.0016780562933725583,0.0021112478489621203,tris(2-ethylhexyl) phosphate,0.0,0.0,toluene,0.0,0.0
Mix 21/mix 21_Y4_X0.txt,pt2_real,Mix 21,acetonitrile + dichloromethane,acetonitrile + dichloromethane,2,0.09305547967513728,0.0,acetonitrile,0.5544939700175521,0.7035471426264102,dichloromethane,0.23009373295048624,0.29194508345768777,dmmp,0.00355275901660137,0.004507773915902075,tris(2-ethylhexyl) phosphate,0.0,0.0,toluene,0.0,0.0
Mix 21/mix 21_Y4_X1.txt,pt2_real,Mix 21,acetonitrile + dichloromethane,acetonitrile + dichloromethane,2,0.0933467354930386,0.0,acetonitrile,0.5582565238124397,0.7049211371395333,dichloromethane,0.23077875246915872,0.2914087228344848,dmmp,0.0029065373484523436,0.003670140025981895,tris(2-ethylhexyl) phosphate,0.0,0.0,toluene,0.0,0.0
Mix 21/mix 21_Y4_X2.txt,pt2_real,Mix 21,acetonitrile + dichloromethane,acetonitrile + dichloromethane,2,0.09240131035869725,0.0,acetonitrile,0.5558794031759757,0.7047095376893036,dichloromethane,0.23070304804920413,0.2924710600993432,dmmp,0.0022239625473197415,0.0028194022113531606,tris(2-ethylhexyl) phosphate,0.0,0.0,toluene,0.0,0.0
Mix 21/mix 21_Y4_X3.txt,pt2_real,Mix 21,acetonitrile + dichloromethane,acetonitrile + dichloromethane,2,0.09049142249151385,0.0,acetonitrile,0.5567545719807369,0.7067656381342466,dichloromethane,0.23047152481548647,0.29256940581284707,dmmp,0.0005238190747348085,0.0006649560529062826,tris(2-ethylhexyl) phosphate,0.0,0.0,toluene,0.0,0.0
Mix 21/mix 21_Y4_X4.txt,pt2_real,Mix 21,acetonitrile + dichloromethane,acetonitrile + dichloromethane,2,0.09161530993432511,0.0,acetonitrile,0.5530551476876052,0.7041347131195115,dichloromethane,0.22969113487838297,0.2924364813164,dmmp,0.002693118990310569,0.0034288055640884878,tris(2-ethylhexyl) phosphate,0.0,0.0,toluene,0.0,0.0
Mix 21/mix 21_Y4_X5.txt,pt2_real,Mix 21,acetonitrile + dichloromethane,acetonitrile + dichloromethane,2,0.08744826793796795,0.0,acetonitrile,0.558615136188701,0.7067366423510282,dichloromethane,0.23119198246163963,0.2924944829425872,dmmp,0.0006077299846663066,0.0007688747063846476,tris(2-ethylhexyl) phosphate,0.0,0.0,toluene,0.0,0.0
Mix 21/mix 21_Y5_X0.txt,pt2_real,Mix 21,acetonitrile + dichloromethane,acetonitrile + dichloromethane,2,0.09026934298812146,0.0,acetonitrile,0.5513884703564293,0.705131977786368,dichloromethane,0.23057644929933765,0.294868022213632,tris(2-ethylhexyl) phosphate,0.0,0.0,toluene,0.0,0.0,pyridine,0.0,0.0
Mix 21/mix 21_Y5_X1.txt,pt2_real,Mix 21,acetonitrile + dichloromethane,acetonitrile + dichloromethane,2,0.0914970606169067,0.0,acetonitrile,0.5551171791496808,0.7057167167816318,dichloromethane,0.22998842445686213,0.2923827290917131,dmmp,0.001494976979462152,0.001900554126655256,tris(2-ethylhexyl) phosphate,0.0,0.0,toluene,0.0,0.0
Mix 21/mix 21_Y5_X2.txt,pt2_real,Mix 21,acetonitrile + dichloromethane,acetonitrile + dichloromethane,2,0.08808095540837872,0.0,acetonitrile,0.5593617936412149,0.7059681711976455,dichloromethane,0.23226216714352732,0.29313710596739667,dmmp,0.0007089183198226691,0.0008947228349577458,tris(2-ethylhexyl) phosphate,0.0,0.0,toluene,0.0,0.0
Mix 21/mix 21_Y5_X3.txt,pt2_real,Mix 21,acetonitrile + dichloromethane,acetonitrile + dichloromethane,2,0.08926248173050755,0.0,acetonitrile,0.5553218854218418,0.7061405801617046,dichloromethane,0.23013496975270661,0.2926368387826569,dmmp,0.0009614601341034926,0.0012225810556384875,tris(2-ethylhexyl) phosphate,0.0,0.0,toluene,0.0,0.0
Mix 21/mix 21_Y5_X4.txt,pt2_real,Mix 21,acetonitrile + dichloromethane,acetonitrile + dichloromethane,2,0.09166772955562527,0.0,acetonitrile,0.5556447189971309,0.7056474228602224,dichloromethane,0.2309990117238103,0.29335986059647357,dmmp,0.0007816902420079909,0.0009927165433039427,tris(2-ethylhexyl) phosphate,0.0,0.0,toluene,0.0,0.0
Mix 21/mix 21_Y5_X5.txt,pt2_real,Mix 21,acetonitrile + dichloromethane,acetonitrile + dichloromethane,2,0.08742375686784146,0.0,acetonitrile,0.5565796283749818,0.7065736077635895,dichloromethane,0.2311367853991458,0.29342639223641054,tris(2-ethylhexyl) phosphate,0.0,0.0,toluene,0.0,0.0,pyridine,0.0,0.0
Mix 22/mix 22_Y0_X0.txt,pt2_real,Mix 22,acetonitrile + pyridine,acetonitrile + pyridine,2,0.21461713558033574,0.0,pyridine,0.7744839469504566,0.5830997828404217,acetonitrile,0.5462719435681023,0.41128167074423794,benzene,0.007462657562107141,0.005618546415340313,tris(2-ethylhexyl) phosphate,0.0,0.0,toluene,0.0,0.0
Mix 22/mix 22_Y0_X1.txt,pt2_real,Mix 22,acetonitrile + pyridine,acetonitrile + pyridine,2,0.21251302335032432,0.0,pyridine,0.7688098502132007,0.5788950393768115,acetonitrile,0.5509133118957044,0.4148242680483771,benzene,0.00811700942890977,0.006111909845675895,dichloromethane,0.00022415432138588135,0.0001687827291354002,tris(2-ethylhexyl) phosphate,0.0,0.0
Mix 22/mix 22_Y0_X2.txt,pt2_real,Mix 22,acetonitrile + pyridine,acetonitrile + pyridine,2,0.2098414177629297,0.0,pyridine,0.7676334655167961,0.5780174827824305,acetonitrile,0.5529022042588279,0.4163277849219201,benzene,0.007452733060330514,0.005611805890304018,dichloromethane,5.700821563196526e-05,4.292640534545007e-05,tris(2-ethylhexyl) phosphate,0.0,0.0
Mix 22/mix 22_Y0_X3.txt,pt2_real,Mix 22,acetonitrile + pyridine,acetonitrile + pyridine,2,0.20647544576432247,0.0,pyridine,0.7577293984879624,0.5775965978620712,acetonitrile,0.5448837346141563,0.4153501130767017,benzene,0.009252970840734752,0.0070532890612271075,tris(2-ethylhexyl) phosphate,0.0,0.0,toluene,0.0,0.0
Mix 22/mix 22_Y0_X4.txt,pt2_real,Mix 22,acetonitrile + pyridine,acetonitrile + pyridine,2,0.20406444678255575,0.0,pyridine,0.7644382359506606,0.5813592505633381,acetonitrile,0.5429230146271247,0.4128957737242038,benzene,0.00737232629481557,0.005606692454796312,dichloromethane,0.00017272793530113574,0.00013136049231386469,diethylamine,9.10285081963435e-06,6.922765347956849e-06
Mix 22/mix 22_Y0_X5.txt,pt2_real,Mix 22,acetonitrile + pyridine,acetonitrile + pyridine,2,0.2025137775566541,0.0,pyridine,0.7588111227835374,0.5777946921365879,acetonitrile,0.5465478931251495,0.41616742581174737,benzene,0.007737707967183553,0.005891856956895202,dichloromethane,0.00019177307722755774,0.00014602509476971886,tris(2-ethylhexyl) phosphate,0.0,0.0
Mix 22/mix 22_Y1_X0.txt,pt2_real,Mix 22,acetonitrile + pyridine,acetonitrile + pyridine,2,0.20485611507074397,0.0,pyridine,0.7690733877558379,0.5810007135557025,acetonitrile,0.5468339872616925,0.41310873819550076,benzene,0.00779734652943241,0.005890548248796719,tris(2-ethylhexyl) phosphate,0.0,0.0,toluene,0.0,0.0
Mix 22/mix 22_Y1_X1.txt,pt2_real,Mix 22,acetonitrile + pyridine,acetonitrile + pyridine,2,0.20186678098422545,0.0,pyridine,0.7686284670561315,0.5809747720955135,acetonitrile,0.5468030611448313,0.4133060346391621,benzene,0.007566481306009723,0.005719193265324293,tris(2-ethylhexyl) phosphate,0.0,0.0,toluene,0.0,0.0
Mix 22/mix 22_Y1_X2.txt,pt2_real,Mix 22,acetonitrile + pyridine,acetonitrile + pyridine,2,0.2009299144233318,0.0,pyridine,0.7657867542403166,0.5781205997752613,acetonitrile,0.5456871772558487,0.41195933000666646,benzene,0.008864942046245348,0.006692470957965905,diethylamine,0.004244217707163257,0.003204116123523344,dichloromethane,3.1106096116105e-05,2.348313658304171e-05
Mix 22/mix 22_Y1_X3.txt,pt2_real,Mix 22,acetonitrile + pyridine,acetonitrile + pyridine,2,0.19724318152694273,0.0,pyridine,0.76922150975762,0.5812313306695105,acetonitrile,0.546960271618728,0.4132885553297684,benzene,0.007252571124173368,0.005480114000721098,tris(2-ethylhexyl) phosphate,0.0,0.0,toluene,0.0,0.0
Mix 22/mix 22_Y1_X4.txt,pt2_real,Mix 22,acetonitrile + pyridine,acetonitrile + pyridine,2,0.20064882510098814,0.0,pyridine,0.7643247695485496,0.5787116871085058,acetonitrile,0.5478326635694696,0.4147937861214325,benzene,0.008577548695545166,0.006494526770061715,tris(2-ethylhexyl) phosphate,0.0,0.0,toluene,0.0,0.0
Mix 22/mix 22_Y1_X5.txt,pt2_real,Mix 22,acetonitrile + pyridine,acetonitrile + pyridine,2,0.19774707521125034,0.0,pyridine,0.7605928082203846,0.5784179066980492,acetonitrile,0.54554446810979,0.41487729813418484,benzene,0.008532722431622954,0.0064889904216722015,dichloromethane,0.00028377326489735646,0.0002158047460938388,tris(2-ethylhexyl) phosphate,0.0,0.0
Mix 22/mix 22_Y2_X0.txt,pt2_real,Mix 22,acetonitrile + pyridine,acetonitrile + pyridine,2,0.1984506721097497,0.0,pyridine,0.770849967850182,0.5787380753990542,acetonitrile,0.5529326771406952,0.41513031943960144,benzene,0.008166989251974205,0.006131605161344363,tris(2-ethylhexyl) phosphate,0.0,0.0,toluene,0.0,0.0
Mix 22/mix 22_Y2_X1.txt,pt2_real,Mix 22,acetonitrile + pyridine,acetonitrile + pyridine,2,0.19843463650447102,0.0,pyridine,0.7668319319842201,0.579767918859192,acetonitrile,0.5473993421263958,0.413864582488516,benzene,0.008421992895108445,0.006367498652291912,tris(2-ethylhexyl) phosphate,0.0,0.0,toluene,0.0,0.0
Mix 22/mix 22_Y2_X2.txt,pt2_real,Mix 22,acetonitrile + pyridine,acetonitrile + pyridine,2,0.1946838711313226,0.0,pyridine,0.7676578194293534,0.5795277914748967,acetonitrile,0.548319714920928,0.4139429122815234,benzene,0.008648878260003039,0.006529296243579892,tris(2-ethylhexyl) phosphate,0.0,0.0,toluene,0.0,0.0
Mix 22/mix 22_Y2_X3.txt,pt2_real,Mix 22,acetonitrile + pyridine,acetonitrile + pyridine,2,0.19426954540601546,0.0,pyridine,0.7711706346963775,0.5793602595759129,acetonitrile,0.5521651788925515,0.4148272081157756,benzene,0.007708380230910889,0.0057911037720577594,dichloromethane,2.8522939967579055e-05,2.142853625383566e-05,tris(2-ethylhexyl) phosphate,0.0,0.0
Mix 22/mix 22_Y2_X4.txt,pt2_real,Mix 22,acetonitrile + pyridine,acetonitrile + pyridine,2,0.19536367207664201,0.0,pyridine,0.767323541866744,0.5772522723701325,acetonitrile,0.5521822678501689,0.41540295779737474,benzene,0.009763174736279938,0.007344769832492639,tris(2-ethylhexyl) phosphate,0.0,0.0,toluene,0.0,0.0
Mix 22/mix 22_Y2_X5.txt,pt2_real,Mix 22,acetonitrile + pyridine,acetonitrile + pyridine,2,0.1921459561099888,0.0,pyridine,0.7736768761613908,0.5803730755423284,acetonitrile,0.5516891282375314,0.4138491480927894,benzene,0.007702169789602988,0.005777776364882094,tris(2-ethylhexyl) phosphate,0.0,0.0,toluene,0.0,0.0
Mix 22/mix 22_Y3_X0.txt,pt2_real,Mix 22,acetonitrile + pyridine,acetonitrile + pyridine,2,0.19306220709119287,0.0,pyridine,0.7671981370486957,0.5760626619091727,acetonitrile,0.5552417809696304,0.41691193304898927,benzene,0.009356408627922006,0.007025405041838096,tris(2-ethylhexyl) phosphate,0.0,0.0,toluene,0.0,0.0
Mix 22/mix 22_Y3_X1.txt,pt2_real,Mix 22,acetonitrile + pyridine,acetonitrile + pyridine,2,0.19497331028401502,0.0,pyridine,0.7724437571212153,0.5810043604349042,acetonitrile,0.5490105731797106,0.4129459705015424,benzene,0.00804301898404549,0.006049669063553362,tris(2-ethylhexyl) phosphate,0.0,0.0,toluene,0.0,0.0
Mix 22/mix 22_Y3_X2.txt,pt2_real,Mix 22,acetonitrile + pyridine,acetonitrile + pyridine,2,0.19146363036587238,0.0,pyridine,0.7625712731960996,0.5775965754216194,acetonitrile,0.5494391823632778,0.41616331651910315,benzene,0.008238496123649935,0.006240108059277504,tris(2-ethylhexyl) phosphate,0.0,0.0,toluene,0.0,0.0
Mix 22/mix 22_Y3_X3.txt,pt2_real,Mix 22,acetonitrile + pyridine,acetonitrile + pyridine,2,0.19040079741411364,0.0,pyridine,0.7705031531808585,0.5791503314460116,acetonitrile,0.5513691509571562,0.41443779328828834,benzene,0.008530376038444481,0.006411875265700041,tris(2-ethylhexyl) phosphate,0.0,0.0,toluene,0.0,0.0
Mix 22/mix 22_Y3_X4.txt,pt2_real,Mix 22,acetonitrile + pyridine,acetonitrile + pyridine,2,0.18892710727545087,0.0,pyridine,0.7748732845912797,0.5807510852214565,acetonitrile,0.5519451392573833,0.41367117047467844,benzene,0.007442164395953041,0.005577744303865052,tris(2-ethylhexyl) phosphate,0.0,0.0,toluene,0.0,0.0
Mix 22/mix 22_Y3_X5.txt,pt2_real,Mix 22,acetonitrile + pyridine,acetonitrile + pyridine,2,0.19000622259694114,0.0,pyridine,0.7701553259787197,0.5755326295722928,acetonitrile,0.5586325847260479,0.41746290599700764,benzene,0.009373101210509358,0.007004464430699462,tris(2-ethylhexyl) phosphate,0.0,0.0,toluene,0.0,0.0
Mix 22/mix 22_Y4_X0.txt,pt2_real,Mix 22,acetonitrile + pyridine,acetonitrile + pyridine,2,0.19116608500327703,0.0,pyridine,0.7746799781830124,0.5790708535526409,acetonitrile,0.5535315364029874,0.41376308705561876,benzene,0.009586741759135995,0.007166059391740404,tris(2-ethylhexyl) phosphate,0.0,0.0,toluene,0.0,0.0
Mix 22/mix 22_Y4_X1.txt,pt2_real,Mix 22,acetonitrile + pyridine,acetonitrile + pyridine,2,0.18654101039917148,0.0,pyridine,0.7749656401113981,0.5800637046651314,acetonitrile,0.5522983397915828,0.4133966778370399,benzene,0.008736934959952623,0.006539617497828573,tris(2-ethylhexyl) phosphate,0.0,0.0,toluene,0.0,0.0
Mix 22/mix 22_Y4_X2.txt,pt2_real,Mix 22,acetonitrile + pyridine,acetonitrile + pyridine,2,0.18475327047909582,0.0,pyridine,0.77423337743296,0.5785664098885147,acetonitrile,0.5544854093145805,0.41435391698865204,benzene,0.009473967273815194,0.007079673122833247,tris(2-ethylhexyl) phosphate,0.0,0.0,toluene,0.0,0.0
Mix 22/mix 22_Y4_X3.txt,pt2_real,Mix 22,acetonitrile + pyridine,acetonitrile + pyridine,2,0.1842763083799496,0.0,pyridine,0.7728636329031442,0.578347747934494,acetonitrile,0.5535816202906779,0.41425507652676,benzene,0.00983874286789518,0.007362508129382825,dichloromethane,4.632711035782085e-05,3.466740936316795e-05,tris(2-ethylhexyl) phosphate,0.0,0.0
Mix 22/mix 22_Y4_X4.txt,pt2_real,Mix 22,acetonitrile + pyridine,acetonitrile + pyridine,2,0.18590483734894625,0.0,pyridine,0.7736483299034694,0.5770591355903552,acetonitrile,0.5573765107269054,0.4157434263686297,benzene,0.009649419923520378,0.007197438041015087,tris(2-ethylhexyl) phosphate,0.0,0.0,toluene,0.0,0.0
Mix 22/mix 22_Y4_X5.txt,pt2_real,Mix 22,acetonitrile + pyridine,acetonitrile + pyridine,2,0.1852013673485394,0.0,pyridine,0.7716772579841223,0.5778291368870029,acetonitrile,0.554346703454664,0.41509280451019137,benzene,0.009452581231694127,0.00707805860280579,tris(2-ethylhexyl) phosphate,0.0,0.0,toluene,0.0,0.0
Mix 22/mix 22_Y5_X0.txt,pt2_real,Mix 22,acetonitrile + pyridine,acetonitrile + pyridine,2,0.1852003458931539,0.0,pyridine,0.7816238501940241,0.5787885518471617,acetonitrile,0.5597872641110739,0.41451966934850604,benzene,0.009036899394427164,0.006691778804332319,tris(2-ethylhexyl) phosphate,0.0,0.0,toluene,0.0,0.0
Mix 22/mix 22_Y5_X1.txt,pt2_real,Mix 22,acetonitrile + pyridine,acetonitrile + pyridine,2,0.18244213187153713,0.0,pyridine,0.7722767564661124,0.5762114540686579,acetonitrile,0.5574643554252077,0.4159355362459379,benzene,0.010525123729349259,0.007853009685404136,tris(2-ethylhexyl) phosphate,0.0,0.0,toluene,0.0,0.0
Mix 22/mix 22_Y5_X2.txt,pt2_real,Mix 22,acetonitrile + pyridine,acetonitrile + pyridine,2,0.17886214160856206,0.0,pyridine,0.7765997125545661,0.5786899577806054,acetonitrile,0.5556778485667428,0.41406812998802395,benzene,0.009718618547999948,0.007241912231370722,tris(2-ethylhexyl) phosphate,0.0,0.0,toluene,0.0,0.0
Mix 22/mix 22_Y5_X3.txt,pt2_real,Mix 22,acetonitrile + pyridine,acetonitrile + pyridine,2,0.17732475448651175,0.0,pyridine,0.7757416488188934,0.5764415519250456,acetonitrile,0.5597688965585058,0.4159555593577363,benzene,0.01023152722003665,0.007602888717218028,tris(2-ethylhexyl) phosphate,0.0,0.0,toluene,0.0,0.0
Mix 22/mix 22_Y5_X4.txt,pt2_real,Mix 22,acetonitrile + pyridine,acetonitrile + pyridine,2,0.17518474643402526,0.0,pyridine,0.7804178446237715,0.578108878083025,acetonitrile,0.5604178098104022,0.41513980429730585,benzene,0.009113938472254317,0.006751317619669116,tris(2-ethylhexyl) phosphate,0.0,0.0,toluene,0.0,0.0
Mix 22/mix 22_Y5_X5.txt,pt2_real,Mix 22,acetonitrile + pyridine,acetonitrile + pyridine,2,0.17475665434204432,0.0,pyridine,0.7707167421523407,0.5765019200486307,acetonitrile,0.5554381432852966,0.4154719088857248,benzene,0.010730067325966697,0.008026171065644459,tris(2-ethylhexyl) phosphate,0.0,0.0,toluene,0.0,0.0
