master_sample_id,target_analyte,left_observation_uid,right_observation_uid,left_instrument,right_instrument,left_sensor_family,right_sensor_family,cross_instrument,cross_sensor_family,cross_instrument_same_sensor,cross_instrument_cross_sensor
1.0,benzyl_fentanyl,session1_row10,session1_row12,Mira-3,Agilent-3,pSERS_Metrohm_silver,pSERS_Metrohm_silver,True,False,True,False
1.0,benzyl_fentanyl,session1_row10,session1_row15,Mira-3,Agilent-3,pSERS_Metrohm_silver,pSERS_Metrohm_silver,True,False,True,False
1.0,benzyl_fentanyl,session1_row10,session1_row22,Mira-3,Agilent-3,pSERS_Metrohm_silver,pSERS_Metrohm_silver,True,False,True,False
1.0,benzyl_fentanyl,session1_row10,session2_row15,Mira-3,Pendar-3,pSERS_Metrohm_silver,pSERS_Metrohm_silver,True,False,True,False
1.0,benzyl_fentanyl,session1_row10,session2_row105,Mira-3,Agilent-3,pSERS_Metrohm_silver,pSERS_Metrohm_silver,True,False,True,False
1.0,benzyl_fentanyl,session1_row10,session3_row206,Mira-3,Pendar-1,pSERS_Metrohm_silver,pSERS_Metrohm_silver,True,False,True,False
1.0,benzyl_fentanyl,session1_row10,session3_row226,Mira-3,Agilent-1,pSERS_Metrohm_silver,pSERS_Metrohm_silver,True,False,True,False
1.0,benzyl_fentanyl,session1_row10,session3_row300,Mira-3,Mira-3,pSERS_Metrohm_silver,NRC_Canadian_SERS,False,True,False,False
1.0,benzyl_fentanyl,session1_row10,session3_row336,Mira-3,Agilent-1,pSERS_Metrohm_silver,NRC_Canadian_SERS,True,True,False,True
1.0,benzyl_fentanyl,session1_row12,session2_row15,Agilent-3,Pendar-3,pSERS_Metrohm_silver,pSERS_Metrohm_silver,True,False,True,False
1.0,benzyl_fentanyl,session1_row12,session2_row19,Agilent-3,Mira-3,pSERS_Metrohm_silver,pSERS_Metrohm_silver,True,False,True,False
1.0,benzyl_fentanyl,session1_row12,session3_row206,Agilent-3,Pendar-1,pSERS_Metrohm_silver,pSERS_Metrohm_silver,True,False,True,False
1.0,benzyl_fentanyl,session1_row12,session3_row226,Agilent-3,Agilent-1,pSERS_Metrohm_silver,pSERS_Metrohm_silver,True,False,True,False
1.0,benzyl_fentanyl,session1_row12,session3_row300,Agilent-3,Mira-3,pSERS_Metrohm_silver,NRC_Canadian_SERS,True,True,False,True
1.0,benzyl_fentanyl,session1_row12,session3_row336,Agilent-3,Agilent-1,pSERS_Metrohm_silver,NRC_Canadian_SERS,True,True,False,True
1.0,benzyl_fentanyl,session1_row15,session2_row15,Agilent-3,Pendar-3,pSERS_Metrohm_silver,pSERS_Metrohm_silver,True,False,True,False
1.0,benzyl_fentanyl,session1_row15,session2_row19,Agilent-3,Mira-3,pSERS_Metrohm_silver,pSERS_Metrohm_silver,True,False,True,False
1.0,benzyl_fentanyl,session1_row15,session3_row206,Agilent-3,Pendar-1,pSERS_Metrohm_silver,pSERS_Metrohm_silver,True,False,True,False
1.0,benzyl_fentanyl,session1_row15,session3_row226,Agilent-3,Agilent-1,pSERS_Metrohm_silver,pSERS_Metrohm_silver,True,False,True,False
1.0,benzyl_fentanyl,session1_row15,session3_row300,Agilent-3,Mira-3,pSERS_Metrohm_silver,NRC_Canadian_SERS,True,True,False,True
1.0,benzyl_fentanyl,session1_row15,session3_row336,Agilent-3,Agilent-1,pSERS_Metrohm_silver,NRC_Canadian_SERS,True,True,False,True
1.0,benzyl_fentanyl,session1_row22,session2_row15,Agilent-3,Pendar-3,pSERS_Metrohm_silver,pSERS_Metrohm_silver,True,False,True,False
1.0,benzyl_fentanyl,session1_row22,session2_row19,Agilent-3,Mira-3,pSERS_Metrohm_silver,pSERS_Metrohm_silver,True,False,True,False
1.0,benzyl_fentanyl,session1_row22,session3_row206,Agilent-3,Pendar-1,pSERS_Metrohm_silver,pSERS_Metrohm_silver,True,False,True,False
1.0,benzyl_fentanyl,session1_row22,session3_row226,Agilent-3,Agilent-1,pSERS_Metrohm_silver,pSERS_Metrohm_silver,True,False,True,False
1.0,benzyl_fentanyl,session1_row22,session3_row300,Agilent-3,Mira-3,pSERS_Metrohm_silver,NRC_Canadian_SERS,True,True,False,True
1.0,benzyl_fentanyl,session1_row22,session3_row336,Agilent-3,Agilent-1,pSERS_Metrohm_silver,NRC_Canadian_SERS,True,True,False,True
1.0,benzyl_fentanyl,session2_row15,session2_row19,Pendar-3,Mira-3,pSERS_Metrohm_silver,pSERS_Metrohm_silver,True,False,True,False
1.0,benzyl_fentanyl,session2_row15,session2_row105,Pendar-3,Agilent-3,pSERS_Metrohm_silver,pSERS_Metrohm_silver,True,False,True,False
1.0,benzyl_fentanyl,session2_row15,session3_row206,Pendar-3,Pendar-1,pSERS_Metrohm_silver,pSERS_Metrohm_silver,True,False,True,False
1.0,benzyl_fentanyl,session2_row15,session3_row226,Pendar-3,Agilent-1,pSERS_Metrohm_silver,pSERS_Metrohm_silver,True,False,True,False
1.0,benzyl_fentanyl,session2_row15,session3_row300,Pendar-3,Mira-3,pSERS_Metrohm_silver,NRC_Canadian_SERS,True,True,False,True
1.0,benzyl_fentanyl,session2_row15,session3_row336,Pendar-3,Agilent-1,pSERS_Metrohm_silver,NRC_Canadian_SERS,True,True,False,True
1.0,benzyl_fentanyl,session2_row19,session2_row105,Mira-3,Agilent-3,pSERS_Metrohm_silver,pSERS_Metrohm_silver,True,False,True,False
1.0,benzyl_fentanyl,session2_row19,session3_row206,Mira-3,Pendar-1,pSERS_Metrohm_silver,pSERS_Metrohm_silver,True,False,True,False
1.0,benzyl_fentanyl,session2_row19,session3_row226,Mira-3,Agilent-1,pSERS_Metrohm_silver,pSERS_Metrohm_silver,True,False,True,False
1.0,benzyl_fentanyl,session2_row19,session3_row300,Mira-3,Mira-3,pSERS_Metrohm_silver,NRC_Canadian_SERS,False,True,False,False
1.0,benzyl_fentanyl,session2_row19,session3_row336,Mira-3,Agilent-1,pSERS_Metrohm_silver,NRC_Canadian_SERS,True,True,False,True
1.0,benzyl_fentanyl,session2_row105,session3_row206,Agilent-3,Pendar-1,pSERS_Metrohm_silver,pSERS_Metrohm_silver,True,False,True,False
1.0,benzyl_fentanyl,session2_row105,session3_row226,Agilent-3,Agilent-1,pSERS_Metrohm_silver,pSERS_Metrohm_silver,True,False,True,False
1.0,benzyl_fentanyl,session2_row105,session3_row300,Agilent-3,Mira-3,pSERS_Metrohm_silver,NRC_Canadian_SERS,True,True,False,True
1.0,benzyl_fentanyl,session2_row105,session3_row336,Agilent-3,Agilent-1,pSERS_Metrohm_silver,NRC_Canadian_SERS,True,True,False,True
1.0,benzyl_fentanyl,session3_row206,session3_row226,Pendar-1,Agilent-1,pSERS_Metrohm_silver,pSERS_Metrohm_silver,True,False,True,False
1.0,benzyl_fentanyl,session3_row206,session3_row300,Pendar-1,Mira-3,pSERS_Metrohm_silver,NRC_Canadian_SERS,True,True,False,True
1.0,benzyl_fentanyl,session3_row206,session3_row336,Pendar-1,Agilent-1,pSERS_Metrohm_silver,NRC_Canadian_SERS,True,True,False,True
1.0,benzyl_fentanyl,session3_row226,session3_row300,Agilent-1,Mira-3,pSERS_Metrohm_silver,NRC_Canadian_SERS,True,True,False,True
1.0,benzyl_fentanyl,session3_row226,session3_row336,Agilent-1,Agilent-1,pSERS_Metrohm_silver,NRC_Canadian_SERS,False,True,False,False
1.0,benzyl_fentanyl,session3_row300,session3_row336,Mira-3,Agilent-1,NRC_Canadian_SERS,NRC_Canadian_SERS,True,False,True,False
2.0,4_ANPP,session1_row13,session1_row18,Mira-3,Agilent-3,pSERS_Metrohm_silver,pSERS_Metrohm_silver,True,False,True,False
2.0,4_ANPP,session1_row13,session1_row19,Mira-3,Agilent-3,pSERS_Metrohm_silver,pSERS_Metrohm_silver,True,False,True,False
2.0,4_ANPP,session1_row13,session2_row16,Mira-3,Pendar-3,pSERS_Metrohm_silver,pSERS_Metrohm_silver,True,False,True,False
2.0,4_ANPP,session1_row13,session2_row106,Mira-3,Agilent-3,pSERS_Metrohm_silver,pSERS_Metrohm_silver,True,False,True,False
2.0,4_ANPP,session1_row13,session3_row209,Mira-3,Pendar-1,pSERS_Metrohm_silver,pSERS_Metrohm_silver,True,False,True,False
2.0,4_ANPP,session1_row13,session3_row236,Mira-3,Agilent-1,pSERS_Metrohm_silver,pSERS_Metrohm_silver,True,False,True,False
2.0,4_ANPP,session1_row13,session3_row301,Mira-3,Mira-3,pSERS_Metrohm_silver,NRC_Canadian_SERS,False,True,False,False
2.0,4_ANPP,session1_row13,session3_row339,Mira-3,Agilent-1,pSERS_Metrohm_silver,NRC_Canadian_SERS,True,True,False,True
2.0,4_ANPP,session1_row18,session2_row16,Agilent-3,Pendar-3,pSERS_Metrohm_silver,pSERS_Metrohm_silver,True,False,True,False
2.0,4_ANPP,session1_row18,session2_row25,Agilent-3,Mira-3,pSERS_Metrohm_silver,pSERS_Metrohm_silver,True,False,True,False
2.0,4_ANPP,session1_row18,session3_row209,Agilent-3,Pendar-1,pSERS_Metrohm_silver,pSERS_Metrohm_silver,True,False,True,False
2.0,4_ANPP,session1_row18,session3_row215,Agilent-3,Mira-3,pSERS_Metrohm_silver,pSERS_Metrohm_silver,True,False,True,False
2.0,4_ANPP,session1_row18,session3_row236,Agilent-3,Agilent-1,pSERS_Metrohm_silver,pSERS_Metrohm_silver,True,False,True,False
2.0,4_ANPP,session1_row18,session3_row301,Agilent-3,Mira-3,pSERS_Metrohm_silver,NRC_Canadian_SERS,True,True,False,True
2.0,4_ANPP,session1_row18,session3_row339,Agilent-3,Agilent-1,pSERS_Metrohm_silver,NRC_Canadian_SERS,True,True,False,True
2.0,4_ANPP,session1_row19,session2_row16,Agilent-3,Pendar-3,pSERS_Metrohm_silver,pSERS_Metrohm_silver,True,False,True,False
2.0,4_ANPP,session1_row19,session2_row25,Agilent-3,Mira-3,pSERS_Metrohm_silver,pSERS_Metrohm_silver,True,False,True,False
2.0,4_ANPP,session1_row19,session3_row209,Agilent-3,Pendar-1,pSERS_Metrohm_silver,pSERS_Metrohm_silver,True,False,True,False
2.0,4_ANPP,session1_row19,session3_row215,Agilent-3,Mira-3,pSERS_Metrohm_silver,pSERS_Metrohm_silver,True,False,True,False
2.0,4_ANPP,session1_row19,session3_row236,Agilent-3,Agilent-1,pSERS_Metrohm_silver,pSERS_Metrohm_silver,True,False,True,False
2.0,4_ANPP,session1_row19,session3_row301,Agilent-3,Mira-3,pSERS_Metrohm_silver,NRC_Canadian_SERS,True,True,False,True
2.0,4_ANPP,session1_row19,session3_row339,Agilent-3,Agilent-1,pSERS_Metrohm_silver,NRC_Canadian_SERS,True,True,False,True
2.0,4_ANPP,session2_row16,session2_row25,Pendar-3,Mira-3,pSERS_Metrohm_silver,pSERS_Metrohm_silver,True,False,True,False
2.0,4_ANPP,session2_row16,session2_row106,Pendar-3,Agilent-3,pSERS_Metrohm_silver,pSERS_Metrohm_silver,True,False,True,False
2.0,4_ANPP,session2_row16,session3_row209,Pendar-3,Pendar-1,pSERS_Metrohm_silver,pSERS_Metrohm_silver,True,False,True,False
2.0,4_ANPP,session2_row16,session3_row215,Pendar-3,Mira-3,pSERS_Metrohm_silver,pSERS_Metrohm_silver,True,False,True,False
2.0,4_ANPP,session2_row16,session3_row236,Pendar-3,Agilent-1,pSERS_Metrohm_silver,pSERS_Metrohm_silver,True,False,True,False
2.0,4_ANPP,session2_row16,session3_row301,Pendar-3,Mira-3,pSERS_Metrohm_silver,NRC_Canadian_SERS,True,True,False,True
2.0,4_ANPP,session2_row16,session3_row339,Pendar-3,Agilent-1,pSERS_Metrohm_silver,NRC_Canadian_SERS,True,True,False,True
2.0,4_ANPP,session2_row25,session2_row106,Mira-3,Agilent-3,pSERS_Metrohm_silver,pSERS_Metrohm_silver,True,False,True,False
2.0,4_ANPP,session2_row25,session3_row209,Mira-3,Pendar-1,pSERS_Metrohm_silver,pSERS_Metrohm_silver,True,False,True,False
2.0,4_ANPP,session2_row25,session3_row236,Mira-3,Agilent-1,pSERS_Metrohm_silver,pSERS_Metrohm_silver,True,False,True,False
2.0,4_ANPP,session2_row25,session3_row301,Mira-3,Mira-3,pSERS_Metrohm_silver,NRC_Canadian_SERS,False,True,False,False
2.0,4_ANPP,session2_row25,session3_row339,Mira-3,Agilent-1,pSERS_Metrohm_silver,NRC_Canadian_SERS,True,True,False,True
2.0,4_ANPP,session2_row106,session3_row209,Agilent-3,Pendar-1,pSERS_Metrohm_silver,pSERS_Metrohm_silver,True,False,True,False
2.0,4_ANPP,session2_row106,session3_row215,Agilent-3,Mira-3,pSERS_Metrohm_silver,pSERS_Metrohm_silver,True,False,True,False
2.0,4_ANPP,session2_row106,session3_row236,Agilent-3,Agilent-1,pSERS_Metrohm_silver,pSERS_Metrohm_silver,True,False,True,False
2.0,4_ANPP,session2_row106,session3_row301,Agilent-3,Mira-3,pSERS_Metrohm_silver,NRC_Canadian_SERS,True,True,False,True
2.0,4_ANPP,session2_row106,session3_row339,Agilent-3,Agilent-1,pSERS_Metrohm_silver,NRC_Canadian_SERS,True,True,False,True
2.0,4_ANPP,session3_row209,session3_row215,Pendar-1,Mira-3,pSERS_Metrohm_silver,pSERS_Metrohm_silver,True,False,True,False
2.0,4_ANPP,session3_row209,session3_row236,Pendar-1,Agilent-1,pSERS_Metrohm_silver,pSERS_Metrohm_silver,True,False,True,False
2.0,4_ANPP,session3_row209,session3_row301,Pendar-1,Mira-3,pSERS_Metrohm_silver,NRC_Canadian_SERS,True,True,False,True
2.0,4_ANPP,session3_row209,session3_row339,Pendar-1,Agilent-1,pSERS_Metrohm_silver,NRC_Canadian_SERS,True,True,False,True
2.0,4_ANPP,session3_row215,session3_row236,Mira-3,Agilent-1,pSERS_Metrohm_silver,pSERS_Metrohm_silver,True,False,True,False
2.0,4_ANPP,session3_row215,session3_row301,Mira-3,Mira-3,pSERS_Metrohm_silver,NRC_Canadian_SERS,False,True,False,False
2.0,4_ANPP,session3_row215,session3_row339,Mira-3,Agilent-1,pSERS_Metrohm_silver,NRC_Canadian_SERS,True,True,False,True
2.0,4_ANPP,session3_row236,session3_row301,Agilent-1,Mira-3,pSERS_Metrohm_silver,NRC_Canadian_SERS,True,True,False,True
2.0,4_ANPP,session3_row236,session3_row339,Agilent-1,Agilent-1,pSERS_Metrohm_silver,NRC_Canadian_SERS,False,True,False,False
2.0,4_ANPP,session3_row301,session3_row339,Mira-3,Agilent-1,NRC_Canadian_SERS,NRC_Canadian_SERS,True,False,True,False
3.0,blank,session1_row16,session1_row20,Mira-3,Agilent-3,pSERS_Metrohm_silver,pSERS_Metrohm_silver,True,False,True,False
3.0,blank,session1_row16,session2_row17,Mira-3,Pendar-3,pSERS_Metrohm_silver,pSERS_Metrohm_silver,True,False,True,False
3.0,blank,session1_row16,session2_row107,Mira-3,Agilent-3,pSERS_Metrohm_silver,pSERS_Metrohm_silver,True,False,True,False
3.0,blank,session1_row16,session3_row212,Mira-3,Pendar-1,pSERS_Metrohm_silver,pSERS_Metrohm_silver,True,False,True,False
3.0,blank,session1_row16,session3_row242,Mira-3,Agilent-1,pSERS_Metrohm_silver,pSERS_Metrohm_silver,True,False,True,False
3.0,blank,session1_row16,session3_row304,Mira-3,Mira-3,pSERS_Metrohm_silver,NRC_Canadian_SERS,False,True,False,False
3.0,blank,session1_row16,session3_row338,Mira-3,Agilent-1,pSERS_Metrohm_silver,NRC_Canadian_SERS,True,True,False,True
3.0,blank,session1_row17,session1_row20,Mira-3,Agilent-3,pSERS_Metrohm_silver,pSERS_Metrohm_silver,True,False,True,False
3.0,blank,session1_row17,session2_row17,Mira-3,Pendar-3,pSERS_Metrohm_silver,pSERS_Metrohm_silver,True,False,True,False
3.0,blank,session1_row17,session2_row107,Mira-3,Agilent-3,pSERS_Metrohm_silver,pSERS_Metrohm_silver,True,False,True,False
3.0,blank,session1_row17,session3_row212,Mira-3,Pendar-1,pSERS_Metrohm_silver,pSERS_Metrohm_silver,True,False,True,False
3.0,blank,session1_row17,session3_row242,Mira-3,Agilent-1,pSERS_Metrohm_silver,pSERS_Metrohm_silver,True,False,True,False
3.0,blank,session1_row17,session3_row304,Mira-3,Mira-3,pSERS_Metrohm_silver,NRC_Canadian_SERS,False,True,False,False
3.0,blank,session1_row17,session3_row338,Mira-3,Agilent-1,pSERS_Metrohm_silver,NRC_Canadian_SERS,True,True,False,True
3.0,blank,session1_row20,session2_row17,Agilent-3,Pendar-3,pSERS_Metrohm_silver,pSERS_Metrohm_silver,True,False,True,False
3.0,blank,session1_row20,session3_row212,Agilent-3,Pendar-1,pSERS_Metrohm_silver,pSERS_Metrohm_silver,True,False,True,False
3.0,blank,session1_row20,session3_row219,Agilent-3,Mira-3,pSERS_Metrohm_silver,pSERS_Metrohm_silver,True,False,True,False
3.0,blank,session1_row20,session3_row242,Agilent-3,Agilent-1,pSERS_Metrohm_silver,pSERS_Metrohm_silver,True,False,True,False
3.0,blank,session1_row20,session3_row304,Agilent-3,Mira-3,pSERS_Metrohm_silver,NRC_Canadian_SERS,True,True,False,True
3.0,blank,session1_row20,session3_row338,Agilent-3,Agilent-1,pSERS_Metrohm_silver,NRC_Canadian_SERS,True,True,False,True
3.0,blank,session2_row17,session2_row107,Pendar-3,Agilent-3,pSERS_Metrohm_silver,pSERS_Metrohm_silver,True,False,True,False
3.0,blank,session2_row17,session3_row212,Pendar-3,Pendar-1,pSERS_Metrohm_silver,pSERS_Metrohm_silver,True,False,True,False
3.0,blank,session2_row17,session3_row219,Pendar-3,Mira-3,pSERS_Metrohm_silver,pSERS_Metrohm_silver,True,False,True,False
3.0,blank,session2_row17,session3_row242,Pendar-3,Agilent-1,pSERS_Metrohm_silver,pSERS_Metrohm_silver,True,False,True,False
3.0,blank,session2_row17,session3_row304,Pendar-3,Mira-3,pSERS_Metrohm_silver,NRC_Canadian_SERS,True,True,False,True
3.0,blank,session2_row17,session3_row338,Pendar-3,Agilent-1,pSERS_Metrohm_silver,NRC_Canadian_SERS,True,True,False,True
3.0,blank,session2_row107,session3_row212,Agilent-3,Pendar-1,pSERS_Metrohm_silver,pSERS_Metrohm_silver,True,False,True,False
3.0,blank,session2_row107,session3_row219,Agilent-3,Mira-3,pSERS_Metrohm_silver,pSERS_Metrohm_silver,True,False,True,False
3.0,blank,session2_row107,session3_row242,Agilent-3,Agilent-1,pSERS_Metrohm_silver,pSERS_Metrohm_silver,True,False,True,False
3.0,blank,session2_row107,session3_row304,Agilent-3,Mira-3,pSERS_Metrohm_silver,NRC_Canadian_SERS,True,True,False,True
3.0,blank,session2_row107,session3_row338,Agilent-3,Agilent-1,pSERS_Metrohm_silver,NRC_Canadian_SERS,True,True,False,True
3.0,blank,session3_row212,session3_row219,Pendar-1,Mira-3,pSERS_Metrohm_silver,pSERS_Metrohm_silver,True,False,True,False
3.0,blank,session3_row212,session3_row242,Pendar-1,Agilent-1,pSERS_Metrohm_silver,pSERS_Metrohm_silver,True,False,True,False
3.0,blank,session3_row212,session3_row304,Pendar-1,Mira-3,pSERS_Metrohm_silver,NRC_Canadian_SERS,True,True,False,True
3.0,blank,session3_row212,session3_row338,Pendar-1,Agilent-1,pSERS_Metrohm_silver,NRC_Canadian_SERS,True,True,False,True
3.0,blank,session3_row219,session3_row242,Mira-3,Agilent-1,pSERS_Metrohm_silver,pSERS_Metrohm_silver,True,False,True,False
3.0,blank,session3_row219,session3_row304,Mira-3,Mira-3,pSERS_Metrohm_silver,NRC_Canadian_SERS,False,True,False,False
3.0,blank,session3_row219,session3_row338,Mira-3,Agilent-1,pSERS_Metrohm_silver,NRC_Canadian_SERS,True,True,False,True
3.0,blank,session3_row242,session3_row304,Agilent-1,Mira-3,pSERS_Metrohm_silver,NRC_Canadian_SERS,True,True,False,True
3.0,blank,session3_row242,session3_row338,Agilent-1,Agilent-1,pSERS_Metrohm_silver,NRC_Canadian_SERS,False,True,False,False
3.0,blank,session3_row304,session3_row338,Mira-3,Agilent-1,NRC_Canadian_SERS,NRC_Canadian_SERS,True,False,True,False
4.0,benzyl_fentanyl,session1_row14,session1_row21,Mira-3,Agilent-3,pSERS_Metrohm_silver,pSERS_Metrohm_silver,True,False,True,False
4.0,benzyl_fentanyl,session1_row14,session2_row34,Mira-3,Pendar-3,pSERS_Metrohm_silver,pSERS_Metrohm_silver,True,False,True,False
4.0,benzyl_fentanyl,session1_row14,session2_row108,Mira-3,Agilent-3,pSERS_Metrohm_silver,pSERS_Metrohm_silver,True,False,True,False
4.0,benzyl_fentanyl,session1_row14,session3_row214,Mira-3,Pendar-1,pSERS_Metrohm_silver,pSERS_Metrohm_silver,True,False,True,False
4.0,benzyl_fentanyl,session1_row14,session3_row245,Mira-3,Agilent-1,pSERS_Metrohm_silver,pSERS_Metrohm_silver,True,False,True,False
4.0,benzyl_fentanyl,session1_row14,session3_row307,Mira-3,Mira-3,pSERS_Metrohm_silver,NRC_Canadian_SERS,False,True,False,False
4.0,benzyl_fentanyl,session1_row14,session3_row327,Mira-3,Pendar-1,pSERS_Metrohm_silver,pSERS_Metrohm_silver,True,False,True,False
4.0,benzyl_fentanyl,session1_row14,session3_row341,Mira-3,Agilent-1,pSERS_Metrohm_silver,NRC_Canadian_SERS,True,True,False,True
4.0,benzyl_fentanyl,session1_row21,session2_row30,Agilent-3,Mira-3,pSERS_Metrohm_silver,pSERS_Metrohm_silver,True,False,True,False
4.0,benzyl_fentanyl,session1_row21,session2_row34,Agilent-3,Pendar-3,pSERS_Metrohm_silver,pSERS_Metrohm_silver,True,False,True,False
4.0,benzyl_fentanyl,session1_row21,session3_row214,Agilent-3,Pendar-1,pSERS_Metrohm_silver,pSERS_Metrohm_silver,True,False,True,False
4.0,benzyl_fentanyl,session1_row21,session3_row222,Agilent-3,Mira-3,pSERS_Metrohm_silver,pSERS_Metrohm_silver,True,False,True,False
4.0,benzyl_fentanyl,session1_row21,session3_row245,Agilent-3,Agilent-1,pSERS_Metrohm_silver,pSERS_Metrohm_silver,True,False,True,False
4.0,benzyl_fentanyl,session1_row21,session3_row307,Agilent-3,Mira-3,pSERS_Metrohm_silver,NRC_Canadian_SERS,True,True,False,True
4.0,benzyl_fentanyl,session1_row21,session3_row327,Agilent-3,Pendar-1,pSERS_Metrohm_silver,pSERS_Metrohm_silver,True,False,True,False
4.0,benzyl_fentanyl,session1_row21,session3_row341,Agilent-3,Agilent-1,pSERS_Metrohm_silver,NRC_Canadian_SERS,True,True,False,True
4.0,benzyl_fentanyl,session2_row30,session2_row34,Mira-3,Pendar-3,pSERS_Metrohm_silver,pSERS_Metrohm_silver,True,False,True,False
4.0,benzyl_fentanyl,session2_row30,session2_row108,Mira-3,Agilent-3,pSERS_Metrohm_silver,pSERS_Metrohm_silver,True,False,True,False
4.0,benzyl_fentanyl,session2_row30,session3_row214,Mira-3,Pendar-1,pSERS_Metrohm_silver,pSERS_Metrohm_silver,True,False,True,False
4.0,benzyl_fentanyl,session2_row30,session3_row245,Mira-3,Agilent-1,pSERS_Metrohm_silver,pSERS_Metrohm_silver,True,False,True,False
4.0,benzyl_fentanyl,session2_row30,session3_row307,Mira-3,Mira-3,pSERS_Metrohm_silver,NRC_Canadian_SERS,False,True,False,False
4.0,benzyl_fentanyl,session2_row30,session3_row327,Mira-3,Pendar-1,pSERS_Metrohm_silver,pSERS_Metrohm_silver,True,False,True,False
4.0,benzyl_fentanyl,session2_row30,session3_row341,Mira-3,Agilent-1,pSERS_Metrohm_silver,NRC_Canadian_SERS,True,True,False,True
4.0,benzyl_fentanyl,session2_row34,session2_row108,Pendar-3,Agilent-3,pSERS_Metrohm_silver,pSERS_Metrohm_silver,True,False,True,False
4.0,benzyl_fentanyl,session2_row34,session3_row214,Pendar-3,Pendar-1,pSERS_Metrohm_silver,pSERS_Metrohm_silver,True,False,True,False
4.0,benzyl_fentanyl,session2_row34,session3_row222,Pendar-3,Mira-3,pSERS_Metrohm_silver,pSERS_Metrohm_silver,True,False,True,False
4.0,benzyl_fentanyl,session2_row34,session3_row245,Pendar-3,Agilent-1,pSERS_Metrohm_silver,pSERS_Metrohm_silver,True,False,True,False
4.0,benzyl_fentanyl,session2_row34,session3_row307,Pendar-3,Mira-3,pSERS_Metrohm_silver,NRC_Canadian_SERS,True,True,False,True
4.0,benzyl_fentanyl,session2_row34,session3_row327,Pendar-3,Pendar-1,pSERS_Metrohm_silver,pSERS_Metrohm_silver,True,False,True,False
4.0,benzyl_fentanyl,session2_row34,session3_row341,Pendar-3,Agilent-1,pSERS_Metrohm_silver,NRC_Canadian_SERS,True,True,False,True
4.0,benzyl_fentanyl,session2_row108,session3_row214,Agilent-3,Pendar-1,pSERS_Metrohm_silver,pSERS_Metrohm_silver,True,False,True,False
4.0,benzyl_fentanyl,session2_row108,session3_row222,Agilent-3,Mira-3,pSERS_Metrohm_silver,pSERS_Metrohm_silver,True,False,True,False
4.0,benzyl_fentanyl,session2_row108,session3_row245,Agilent-3,Agilent-1,pSERS_Metrohm_silver,pSERS_Metrohm_silver,True,False,True,False
4.0,benzyl_fentanyl,session2_row108,session3_row307,Agilent-3,Mira-3,pSERS_Metrohm_silver,NRC_Canadian_SERS,True,True,False,True
4.0,benzyl_fentanyl,session2_row108,session3_row327,Agilent-3,Pendar-1,pSERS_Metrohm_silver,pSERS_Metrohm_silver,True,False,True,False
4.0,benzyl_fentanyl,session2_row108,session3_row341,Agilent-3,Agilent-1,pSERS_Metrohm_silver,NRC_Canadian_SERS,True,True,False,True
4.0,benzyl_fentanyl,session3_row214,session3_row222,Pendar-1,Mira-3,pSERS_Metrohm_silver,pSERS_Metrohm_silver,True,False,True,False
4.0,benzyl_fentanyl,session3_row214,session3_row245,Pendar-1,Agilent-1,pSERS_Metrohm_silver,pSERS_Metrohm_silver,True,False,True,False
4.0,benzyl_fentanyl,session3_row214,session3_row307,Pendar-1,Mira-3,pSERS_Metrohm_silver,NRC_Canadian_SERS,True,True,False,True
4.0,benzyl_fentanyl,session3_row214,session3_row341,Pendar-1,Agilent-1,pSERS_Metrohm_silver,NRC_Canadian_SERS,True,True,False,True
4.0,benzyl_fentanyl,session3_row222,session3_row245,Mira-3,Agilent-1,pSERS_Metrohm_silver,pSERS_Metrohm_silver,True,False,True,False
4.0,benzyl_fentanyl,session3_row222,session3_row307,Mira-3,Mira-3,pSERS_Metrohm_silver,NRC_Canadian_SERS,False,True,False,False
4.0,benzyl_fentanyl,session3_row222,session3_row327,Mira-3,Pendar-1,pSERS_Metrohm_silver,pSERS_Metrohm_silver,True,False,True,False
4.0,benzyl_fentanyl,session3_row222,session3_row341,Mira-3,Agilent-1,pSERS_Metrohm_silver,NRC_Canadian_SERS,True,True,False,True
4.0,benzyl_fentanyl,session3_row245,session3_row307,Agilent-1,Mira-3,pSERS_Metrohm_silver,NRC_Canadian_SERS,True,True,False,True
4.0,benzyl_fentanyl,session3_row245,session3_row327,Agilent-1,Pendar-1,pSERS_Metrohm_silver,pSERS_Metrohm_silver,True,False,True,False
4.0,benzyl_fentanyl,session3_row245,session3_row341,Agilent-1,Agilent-1,pSERS_Metrohm_silver,NRC_Canadian_SERS,False,True,False,False
4.0,benzyl_fentanyl,session3_row307,session3_row327,Mira-3,Pendar-1,NRC_Canadian_SERS,pSERS_Metrohm_silver,True,True,False,True
4.0,benzyl_fentanyl,session3_row307,session3_row341,Mira-3,Agilent-1,NRC_Canadian_SERS,NRC_Canadian_SERS,True,False,True,False
4.0,benzyl_fentanyl,session3_row327,session3_row341,Pendar-1,Agilent-1,pSERS_Metrohm_silver,NRC_Canadian_SERS,True,True,False,True
5.0,benzyl_fentanyl,session1_row26,session1_row30,Mira-3,Agilent-3,pSERS_Metrohm_silver,pSERS_Metrohm_silver,True,False,True,False
5.0,benzyl_fentanyl,session1_row26,session2_row35,Mira-3,Pendar-3,pSERS_Metrohm_silver,pSERS_Metrohm_silver,True,False,True,False
5.0,benzyl_fentanyl,session1_row26,session2_row109,Mira-3,Agilent-3,pSERS_Metrohm_silver,pSERS_Metrohm_silver,True,False,True,False
5.0,benzyl_fentanyl,session1_row26,session3_row249,Mira-3,Agilent-1,pSERS_Metrohm_silver,pSERS_Metrohm_silver,True,False,True,False
5.0,benzyl_fentanyl,session1_row26,session3_row310,Mira-3,Mira-3,pSERS_Metrohm_silver,NRC_Canadian_SERS,False,True,False,False
5.0,benzyl_fentanyl,session1_row26,session3_row328,Mira-3,Pendar-1,pSERS_Metrohm_silver,pSERS_Metrohm_silver,True,False,True,False
5.0,benzyl_fentanyl,session1_row26,session3_row337,Mira-3,Agilent-1,pSERS_Metrohm_silver,NRC_Canadian_SERS,True,True,False,True
5.0,benzyl_fentanyl,session1_row30,session2_row35,Agilent-3,Pendar-3,pSERS_Metrohm_silver,pSERS_Metrohm_silver,True,False,True,False
5.0,benzyl_fentanyl,session1_row30,session2_row36,Agilent-3,Mira-3,pSERS_Metrohm_silver,pSERS_Metrohm_silver,True,False,True,False
5.0,benzyl_fentanyl,session1_row30,session3_row246,Agilent-3,Mira-3,pSERS_Metrohm_silver,pSERS_Metrohm_silver,True,False,True,False
5.0,benzyl_fentanyl,session1_row30,session3_row249,Agilent-3,Agilent-1,pSERS_Metrohm_silver,pSERS_Metrohm_silver,True,False,True,False
5.0,benzyl_fentanyl,session1_row30,session3_row310,Agilent-3,Mira-3,pSERS_Metrohm_silver,NRC_Canadian_SERS,True,True,False,True
5.0,benzyl_fentanyl,session1_row30,session3_row328,Agilent-3,Pendar-1,pSERS_Metrohm_silver,pSERS_Metrohm_silver,True,False,True,False
5.0,benzyl_fentanyl,session1_row30,session3_row337,Agilent-3,Agilent-1,pSERS_Metrohm_silver,NRC_Canadian_SERS,True,True,False,True
5.0,benzyl_fentanyl,session2_row35,session2_row36,Pendar-3,Mira-3,pSERS_Metrohm_silver,pSERS_Metrohm_silver,True,False,True,False
5.0,benzyl_fentanyl,session2_row35,session2_row109,Pendar-3,Agilent-3,pSERS_Metrohm_silver,pSERS_Metrohm_silver,True,False,True,False
5.0,benzyl_fentanyl,session2_row35,session3_row246,Pendar-3,Mira-3,pSERS_Metrohm_silver,pSERS_Metrohm_silver,True,False,True,False
5.0,benzyl_fentanyl,session2_row35,session3_row249,Pendar-3,Agilent-1,pSERS_Metrohm_silver,pSERS_Metrohm_silver,True,False,True,False
5.0,benzyl_fentanyl,session2_row35,session3_row310,Pendar-3,Mira-3,pSERS_Metrohm_silver,NRC_Canadian_SERS,True,True,False,True
5.0,benzyl_fentanyl,session2_row35,session3_row328,Pendar-3,Pendar-1,pSERS_Metrohm_silver,pSERS_Metrohm_silver,True,False,True,False
5.0,benzyl_fentanyl,session2_row35,session3_row337,Pendar-3,Agilent-1,pSERS_Metrohm_silver,NRC_Canadian_SERS,True,True,False,True
5.0,benzyl_fentanyl,session2_row36,session2_row109,Mira-3,Agilent-3,pSERS_Metrohm_silver,pSERS_Metrohm_silver,True,False,True,False
5.0,benzyl_fentanyl,session2_row36,session3_row249,Mira-3,Agilent-1,pSERS_Metrohm_silver,pSERS_Metrohm_silver,True,False,True,False
5.0,benzyl_fentanyl,session2_row36,session3_row310,Mira-3,Mira-3,pSERS_Metrohm_silver,NRC_Canadian_SERS,False,True,False,False
5.0,benzyl_fentanyl,session2_row36,session3_row328,Mira-3,Pendar-1,pSERS_Metrohm_silver,pSERS_Metrohm_silver,True,False,True,False
5.0,benzyl_fentanyl,session2_row36,session3_row337,Mira-3,Agilent-1,pSERS_Metrohm_silver,NRC_Canadian_SERS,True,True,False,True
5.0,benzyl_fentanyl,session2_row109,session3_row246,Agilent-3,Mira-3,pSERS_Metrohm_silver,pSERS_Metrohm_silver,True,False,True,False
5.0,benzyl_fentanyl,session2_row109,session3_row249,Agilent-3,Agilent-1,pSERS_Metrohm_silver,pSERS_Metrohm_silver,True,False,True,False
5.0,benzyl_fentanyl,session2_row109,session3_row310,Agilent-3,Mira-3,pSERS_Metrohm_silver,NRC_Canadian_SERS,True,True,False,True
5.0,benzyl_fentanyl,session2_row109,session3_row328,Agilent-3,Pendar-1,pSERS_Metrohm_silver,pSERS_Metrohm_silver,True,False,True,False
5.0,benzyl_fentanyl,session2_row109,session3_row337,Agilent-3,Agilent-1,pSERS_Metrohm_silver,NRC_Canadian_SERS,True,True,False,True
5.0,benzyl_fentanyl,session3_row246,session3_row249,Mira-3,Agilent-1,pSERS_Metrohm_silver,pSERS_Metrohm_silver,True,False,True,False
5.0,benzyl_fentanyl,session3_row246,session3_row310,Mira-3,Mira-3,pSERS_Metrohm_silver,NRC_Canadian_SERS,False,True,False,False
5.0,benzyl_fentanyl,session3_row246,session3_row328,Mira-3,Pendar-1,pSERS_Metrohm_silver,pSERS_Metrohm_silver,True,False,True,False
5.0,benzyl_fentanyl,session3_row246,session3_row337,Mira-3,Agilent-1,pSERS_Metrohm_silver,NRC_Canadian_SERS,True,True,False,True
5.0,benzyl_fentanyl,session3_row249,session3_row310,Agilent-1,Mira-3,pSERS_Metrohm_silver,NRC_Canadian_SERS,True,True,False,True
5.0,benzyl_fentanyl,session3_row249,session3_row328,Agilent-1,Pendar-1,pSERS_Metrohm_silver,pSERS_Metrohm_silver,True,False,True,False
5.0,benzyl_fentanyl,session3_row249,session3_row337,Agilent-1,Agilent-1,pSERS_Metrohm_silver,NRC_Canadian_SERS,False,True,False,False
5.0,benzyl_fentanyl,session3_row310,session3_row328,Mira-3,Pendar-1,NRC_Canadian_SERS,pSERS_Metrohm_silver,True,True,False,True
5.0,benzyl_fentanyl,session3_row310,session3_row337,Mira-3,Agilent-1,NRC_Canadian_SERS,NRC_Canadian_SERS,True,False,True,False
5.0,benzyl_fentanyl,session3_row328,session3_row337,Pendar-1,Agilent-1,pSERS_Metrohm_silver,NRC_Canadian_SERS,True,True,False,True
6.0,4_ANPP,session1_row29,session1_row35,Agilent-3,Mira-3,pSERS_Metrohm_silver,pSERS_Metrohm_silver,True,False,True,False
6.0,4_ANPP,session1_row29,session1_row41,Agilent-3,Mira-3,pSERS_Metrohm_silver,pSERS_Metrohm_silver,True,False,True,False
6.0,4_ANPP,session1_row29,session2_row37,Agilent-3,Mira-3,pSERS_Metrohm_silver,pSERS_Metrohm_silver,True,False,True,False
6.0,4_ANPP,session1_row29,session2_row38,Agilent-3,Pendar-3,pSERS_Metrohm_silver,pSERS_Metrohm_silver,True,False,True,False
6.0,4_ANPP,session1_row29,session3_row232,Agilent-3,Pendar-1,pSERS_Metrohm_silver,NRC_Canadian_SERS,True,True,False,True
6.0,4_ANPP,session1_row29,session3_row238,Agilent-3,Mira-3,pSERS_Metrohm_silver,NRC_Canadian_SERS,True,True,False,True
6.0,4_ANPP,session1_row29,session3_row248,Agilent-3,Mira-3,pSERS_Metrohm_silver,pSERS_Metrohm_silver,True,False,True,False
6.0,4_ANPP,session1_row29,session3_row253,Agilent-3,Agilent-1,pSERS_Metrohm_silver,pSERS_Metrohm_silver,True,False,True,False
6.0,4_ANPP,session1_row29,session3_row314,Agilent-3,Agilent-1,pSERS_Metrohm_silver,NRC_Canadian_SERS,True,True,False,True
6.0,4_ANPP,session1_row29,session3_row329,Agilent-3,Pendar-1,pSERS_Metrohm_silver,pSERS_Metrohm_silver,True,False,True,False
6.0,4_ANPP,session1_row35,session1_row42,Mira-3,Agilent-3,pSERS_Metrohm_silver,pSERS_Metrohm_silver,True,False,True,False
6.0,4_ANPP,session1_row35,session2_row38,Mira-3,Pendar-3,pSERS_Metrohm_silver,pSERS_Metrohm_silver,True,False,True,False
6.0,4_ANPP,session1_row35,session2_row110,Mira-3,Agilent-3,pSERS_Metrohm_silver,pSERS_Metrohm_silver,True,False,True,False
6.0,4_ANPP,session1_row35,session3_row232,Mira-3,Pendar-1,pSERS_Metrohm_silver,NRC_Canadian_SERS,True,True,False,True
6.0,4_ANPP,session1_row35,session3_row238,Mira-3,Mira-3,pSERS_Metrohm_silver,NRC_Canadian_SERS,False,True,False,False
6.0,4_ANPP,session1_row35,session3_row253,Mira-3,Agilent-1,pSERS_Metrohm_silver,pSERS_Metrohm_silver,True,False,True,False
6.0,4_ANPP,session1_row35,session3_row314,Mira-3,Agilent-1,pSERS_Metrohm_silver,NRC_Canadian_SERS,True,True,False,True
6.0,4_ANPP,session1_row35,session3_row329,Mira-3,Pendar-1,pSERS_Metrohm_silver,pSERS_Metrohm_silver,True,False,True,False
6.0,4_ANPP,session1_row41,session1_row42,Mira-3,Agilent-3,pSERS_Metrohm_silver,pSERS_Metrohm_silver,True,False,True,False
6.0,4_ANPP,session1_row41,session2_row38,Mira-3,Pendar-3,pSERS_Metrohm_silver,pSERS_Metrohm_silver,True,False,True,False
6.0,4_ANPP,session1_row41,session2_row110,Mira-3,Agilent-3,pSERS_Metrohm_silver,pSERS_Metrohm_silver,True,False,True,False
6.0,4_ANPP,session1_row41,session3_row232,Mira-3,Pendar-1,pSERS_Metrohm_silver,NRC_Canadian_SERS,True,True,False,True
6.0,4_ANPP,session1_row41,session3_row238,Mira-3,Mira-3,pSERS_Metrohm_silver,NRC_Canadian_SERS,False,True,False,False
6.0,4_ANPP,session1_row41,session3_row253,Mira-3,Agilent-1,pSERS_Metrohm_silver,pSERS_Metrohm_silver,True,False,True,False
6.0,4_ANPP,session1_row41,session3_row314,Mira-3,Agilent-1,pSERS_Metrohm_silver,NRC_Canadian_SERS,True,True,False,True
6.0,4_ANPP,session1_row41,session3_row329,Mira-3,Pendar-1,pSERS_Metrohm_silver,pSERS_Metrohm_silver,True,False,True,False
6.0,4_ANPP,session1_row42,session2_row37,Agilent-3,Mira-3,pSERS_Metrohm_silver,pSERS_Metrohm_silver,True,False,True,False
6.0,4_ANPP,session1_row42,session2_row38,Agilent-3,Pendar-3,pSERS_Metrohm_silver,pSERS_Metrohm_silver,True,False,True,False
6.0,4_ANPP,session1_row42,session3_row232,Agilent-3,Pendar-1,pSERS_Metrohm_silver,NRC_Canadian_SERS,True,True,False,True
6.0,4_ANPP,session1_row42,session3_row238,Agilent-3,Mira-3,pSERS_Metrohm_silver,NRC_Canadian_SERS,True,True,False,True
6.0,4_ANPP,session1_row42,session3_row248,Agilent-3,Mira-3,pSERS_Metrohm_silver,pSERS_Metrohm_silver,True,False,True,False
6.0,4_ANPP,session1_row42,session3_row253,Agilent-3,Agilent-1,pSERS_Metrohm_silver,pSERS_Metrohm_silver,True,False,True,False
6.0,4_ANPP,session1_row42,session3_row314,Agilent-3,Agilent-1,pSERS_Metrohm_silver,NRC_Canadian_SERS,True,True,False,True
6.0,4_ANPP,session1_row42,session3_row329,Agilent-3,Pendar-1,pSERS_Metrohm_silver,pSERS_Metrohm_silver,True,False,True,False
6.0,4_ANPP,session2_row37,session2_row38,Mira-3,Pendar-3,pSERS_Metrohm_silver,pSERS_Metrohm_silver,True,False,True,False
6.0,4_ANPP,session2_row37,session2_row110,Mira-3,Agilent-3,pSERS_Metrohm_silver,pSERS_Metrohm_silver,True,False,True,False
6.0,4_ANPP,session2_row37,session3_row232,Mira-3,Pendar-1,pSERS_Metrohm_silver,NRC_Canadian_SERS,True,True,False,True
6.0,4_ANPP,session2_row37,session3_row238,Mira-3,Mira-3,pSERS_Metrohm_silver,NRC_Canadian_SERS,False,True,False,False
6.0,4_ANPP,session2_row37,session3_row253,Mira-3,Agilent-1,pSERS_Metrohm_silver,pSERS_Metrohm_silver,True,False,True,False
6.0,4_ANPP,session2_row37,session3_row314,Mira-3,Agilent-1,pSERS_Metrohm_silver,NRC_Canadian_SERS,True,True,False,True
6.0,4_ANPP,session2_row37,session3_row329,Mira-3,Pendar-1,pSERS_Metrohm_silver,pSERS_Metrohm_silver,True,False,True,False
6.0,4_ANPP,session2_row38,session2_row110,Pendar-3,Agilent-3,pSERS_Metrohm_silver,pSERS_Metrohm_silver,True,False,True,False
6.0,4_ANPP,session2_row38,session3_row232,Pendar-3,Pendar-1,pSERS_Metrohm_silver,NRC_Canadian_SERS,True,True,False,True
6.0,4_ANPP,session2_row38,session3_row238,Pendar-3,Mira-3,pSERS_Metrohm_silver,NRC_Canadian_SERS,True,True,False,True
6.0,4_ANPP,session2_row38,session3_row248,Pendar-3,Mira-3,pSERS_Metrohm_silver,pSERS_Metrohm_silver,True,False,True,False
6.0,4_ANPP,session2_row38,session3_row253,Pendar-3,Agilent-1,pSERS_Metrohm_silver,pSERS_Metrohm_silver,True,False,True,False
6.0,4_ANPP,session2_row38,session3_row314,Pendar-3,Agilent-1,pSERS_Metrohm_silver,NRC_Canadian_SERS,True,True,False,True
6.0,4_ANPP,session2_row38,session3_row329,Pendar-3,Pendar-1,pSERS_Metrohm_silver,pSERS_Metrohm_silver,True,False,True,False
6.0,4_ANPP,session2_row110,session3_row232,Agilent-3,Pendar-1,pSERS_Metrohm_silver,NRC_Canadian_SERS,True,True,False,True
6.0,4_ANPP,session2_row110,session3_row238,Agilent-3,Mira-3,pSERS_Metrohm_silver,NRC_Canadian_SERS,True,True,False,True
6.0,4_ANPP,session2_row110,session3_row248,Agilent-3,Mira-3,pSERS_Metrohm_silver,pSERS_Metrohm_silver,True,False,True,False
6.0,4_ANPP,session2_row110,session3_row253,Agilent-3,Agilent-1,pSERS_Metrohm_silver,pSERS_Metrohm_silver,True,False,True,False
6.0,4_ANPP,session2_row110,session3_row314,Agilent-3,Agilent-1,pSERS_Metrohm_silver,NRC_Canadian_SERS,True,True,False,True
6.0,4_ANPP,session2_row110,session3_row329,Agilent-3,Pendar-1,pSERS_Metrohm_silver,pSERS_Metrohm_silver,True,False,True,False
6.0,4_ANPP,session3_row232,session3_row238,Pendar-1,Mira-3,NRC_Canadian_SERS,NRC_Canadian_SERS,True,False,True,False
6.0,4_ANPP,session3_row232,session3_row248,Pendar-1,Mira-3,NRC_Canadian_SERS,pSERS_Metrohm_silver,True,True,False,True
6.0,4_ANPP,session3_row232,session3_row253,Pendar-1,Agilent-1,NRC_Canadian_SERS,pSERS_Metrohm_silver,True,True,False,True
6.0,4_ANPP,session3_row232,session3_row314,Pendar-1,Agilent-1,NRC_Canadian_SERS,NRC_Canadian_SERS,True,False,True,False
6.0,4_ANPP,session3_row232,session3_row329,Pendar-1,Pendar-1,NRC_Canadian_SERS,pSERS_Metrohm_silver,False,True,False,False
6.0,4_ANPP,session3_row238,session3_row248,Mira-3,Mira-3,NRC_Canadian_SERS,pSERS_Metrohm_silver,False,True,False,False
6.0,4_ANPP,session3_row238,session3_row253,Mira-3,Agilent-1,NRC_Canadian_SERS,pSERS_Metrohm_silver,True,True,False,True
6.0,4_ANPP,session3_row238,session3_row314,Mira-3,Agilent-1,NRC_Canadian_SERS,NRC_Canadian_SERS,True,False,True,False
6.0,4_ANPP,session3_row238,session3_row329,Mira-3,Pendar-1,NRC_Canadian_SERS,pSERS_Metrohm_silver,True,True,False,True
6.0,4_ANPP,session3_row248,session3_row253,Mira-3,Agilent-1,pSERS_Metrohm_silver,pSERS_Metrohm_silver,True,False,True,False
6.0,4_ANPP,session3_row248,session3_row314,Mira-3,Agilent-1,pSERS_Metrohm_silver,NRC_Canadian_SERS,True,True,False,True
6.0,4_ANPP,session3_row248,session3_row329,Mira-3,Pendar-1,pSERS_Metrohm_silver,pSERS_Metrohm_silver,True,False,True,False
6.0,4_ANPP,session3_row253,session3_row314,Agilent-1,Agilent-1,pSERS_Metrohm_silver,NRC_Canadian_SERS,False,True,False,False
6.0,4_ANPP,session3_row253,session3_row329,Agilent-1,Pendar-1,pSERS_Metrohm_silver,pSERS_Metrohm_silver,True,False,True,False
6.0,4_ANPP,session3_row314,session3_row329,Agilent-1,Pendar-1,NRC_Canadian_SERS,pSERS_Metrohm_silver,True,True,False,True
7.0,4_ANPP,session1_row33,session1_row37,Mira-3,Agilent-3,pSERS_Metrohm_silver,pSERS_Metrohm_silver,True,False,True,False
7.0,4_ANPP,session1_row33,session1_row38,Mira-3,Agilent-3,pSERS_Metrohm_silver,pSERS_Metrohm_silver,True,False,True,False
7.0,4_ANPP,session1_row33,session2_row39,Mira-3,Pendar-3,pSERS_Metrohm_silver,pSERS_Metrohm_silver,True,False,True,False
7.0,4_ANPP,session1_row33,session2_row111,Mira-3,Agilent-3,pSERS_Metrohm_silver,pSERS_Metrohm_silver,True,False,True,False
7.0,4_ANPP,session1_row33,session3_row217,Mira-3,Pendar-1,pSERS_Metrohm_silver,pSERS_Metrohm_silver,True,False,True,False
7.0,4_ANPP,session1_row33,session3_row256,Mira-3,Agilent-1,pSERS_Metrohm_silver,pSERS_Metrohm_silver,True,False,True,False
7.0,4_ANPP,session1_row33,session3_row297,Mira-3,Pendar-1,pSERS_Metrohm_silver,NRC_Canadian_SERS,True,True,False,True
7.0,4_ANPP,session1_row33,session3_row323,Mira-3,Mira-3,pSERS_Metrohm_silver,NRC_Canadian_SERS,False,True,False,False
7.0,4_ANPP,session1_row33,session3_row330,Mira-3,Pendar-1,pSERS_Metrohm_silver,pSERS_Metrohm_silver,True,False,True,False
7.0,4_ANPP,session1_row37,session2_row39,Agilent-3,Pendar-3,pSERS_Metrohm_silver,pSERS_Metrohm_silver,True,False,True,False
7.0,4_ANPP,session1_row37,session2_row40,Agilent-3,Mira-3,pSERS_Metrohm_silver,pSERS_Metrohm_silver,True,False,True,False
7.0,4_ANPP,session1_row37,session3_row211,Agilent-3,Mira-3,pSERS_Metrohm_silver,pSERS_Metrohm_silver,True,False,True,False
7.0,4_ANPP,session1_row37,session3_row217,Agilent-3,Pendar-1,pSERS_Metrohm_silver,pSERS_Metrohm_silver,True,False,True,False
7.0,4_ANPP,session1_row37,session3_row225,Agilent-3,Mira-3,pSERS_Metrohm_silver,pSERS_Metrohm_silver,True,False,True,False
7.0,4_ANPP,session1_row37,session3_row256,Agilent-3,Agilent-1,pSERS_Metrohm_silver,pSERS_Metrohm_silver,True,False,True,False
7.0,4_ANPP,session1_row37,session3_row297,Agilent-3,Pendar-1,pSERS_Metrohm_silver,NRC_Canadian_SERS,True,True,False,True
7.0,4_ANPP,session1_row37,session3_row323,Agilent-3,Mira-3,pSERS_Metrohm_silver,NRC_Canadian_SERS,True,True,False,True
7.0,4_ANPP,session1_row37,session3_row330,Agilent-3,Pendar-1,pSERS_Metrohm_silver,pSERS_Metrohm_silver,True,False,True,False
7.0,4_ANPP,session1_row38,session2_row39,Agilent-3,Pendar-3,pSERS_Metrohm_silver,pSERS_Metrohm_silver,True,False,True,False
7.0,4_ANPP,session1_row38,session2_row40,Agilent-3,Mira-3,pSERS_Metrohm_silver,pSERS_Metrohm_silver,True,False,True,False
7.0,4_ANPP,session1_row38,session3_row211,Agilent-3,Mira-3,pSERS_Metrohm_silver,pSERS_Metrohm_silver,True,False,True,False
7.0,4_ANPP,session1_row38,session3_row217,Agilent-3,Pendar-1,pSERS_Metrohm_silver,pSERS_Metrohm_silver,True,False,True,False
7.0,4_ANPP,session1_row38,session3_row225,Agilent-3,Mira-3,pSERS_Metrohm_silver,pSERS_Metrohm_silver,True,False,True,False
7.0,4_ANPP,session1_row38,session3_row256,Agilent-3,Agilent-1,pSERS_Metrohm_silver,pSERS_Metrohm_silver,True,False,True,False
7.0,4_ANPP,session1_row38,session3_row297,Agilent-3,Pendar-1,pSERS_Metrohm_silver,NRC_Canadian_SERS,True,True,False,True
7.0,4_ANPP,session1_row38,session3_row323,Agilent-3,Mira-3,pSERS_Metrohm_silver,NRC_Canadian_SERS,True,True,False,True
7.0,4_ANPP,session1_row38,session3_row330,Agilent-3,Pendar-1,pSERS_Metrohm_silver,pSERS_Metrohm_silver,True,False,True,False
7.0,4_ANPP,session2_row39,session2_row40,Pendar-3,Mira-3,pSERS_Metrohm_silver,pSERS_Metrohm_silver,True,False,True,False
7.0,4_ANPP,session2_row39,session2_row111,Pendar-3,Agilent-3,pSERS_Metrohm_silver,pSERS_Metrohm_silver,True,False,True,False
7.0,4_ANPP,session2_row39,session3_row211,Pendar-3,Mira-3,pSERS_Metrohm_silver,pSERS_Metrohm_silver,True,False,True,False
7.0,4_ANPP,session2_row39,session3_row217,Pendar-3,Pendar-1,pSERS_Metrohm_silver,pSERS_Metrohm_silver,True,False,True,False
7.0,4_ANPP,session2_row39,session3_row225,Pendar-3,Mira-3,pSERS_Metrohm_silver,pSERS_Metrohm_silver,True,False,True,False
7.0,4_ANPP,session2_row39,session3_row256,Pendar-3,Agilent-1,pSERS_Metrohm_silver,pSERS_Metrohm_silver,True,False,True,False
7.0,4_ANPP,session2_row39,session3_row297,Pendar-3,Pendar-1,pSERS_Metrohm_silver,NRC_Canadian_SERS,True,True,False,True
7.0,4_ANPP,session2_row39,session3_row323,Pendar-3,Mira-3,pSERS_Metrohm_silver,NRC_Canadian_SERS,True,True,False,True
7.0,4_ANPP,session2_row39,session3_row330,Pendar-3,Pendar-1,pSERS_Metrohm_silver,pSERS_Metrohm_silver,True,False,True,False
7.0,4_ANPP,session2_row40,session2_row111,Mira-3,Agilent-3,pSERS_Metrohm_silver,pSERS_Metrohm_silver,True,False,True,False
7.0,4_ANPP,session2_row40,session3_row217,Mira-3,Pendar-1,pSERS_Metrohm_silver,pSERS_Metrohm_silver,True,False,True,False
7.0,4_ANPP,session2_row40,session3_row256,Mira-3,Agilent-1,pSERS_Metrohm_silver,pSERS_Metrohm_silver,True,False,True,False
7.0,4_ANPP,session2_row40,session3_row297,Mira-3,Pendar-1,pSERS_Metrohm_silver,NRC_Canadian_SERS,True,True,False,True
7.0,4_ANPP,session2_row40,session3_row323,Mira-3,Mira-3,pSERS_Metrohm_silver,NRC_Canadian_SERS,False,True,False,False
7.0,4_ANPP,session2_row40,session3_row330,Mira-3,Pendar-1,pSERS_Metrohm_silver,pSERS_Metrohm_silver,True,False,True,False
7.0,4_ANPP,session2_row111,session3_row211,Agilent-3,Mira-3,pSERS_Metrohm_silver,pSERS_Metrohm_silver,True,False,True,False
7.0,4_ANPP,session2_row111,session3_row217,Agilent-3,Pendar-1,pSERS_Metrohm_silver,pSERS_Metrohm_silver,True,False,True,False
7.0,4_ANPP,session2_row111,session3_row225,Agilent-3,Mira-3,pSERS_Metrohm_silver,pSERS_Metrohm_silver,True,False,True,False
7.0,4_ANPP,session2_row111,session3_row256,Agilent-3,Agilent-1,pSERS_Metrohm_silver,pSERS_Metrohm_silver,True,False,True,False
7.0,4_ANPP,session2_row111,session3_row297,Agilent-3,Pendar-1,pSERS_Metrohm_silver,NRC_Canadian_SERS,True,True,False,True
7.0,4_ANPP,session2_row111,session3_row323,Agilent-3,Mira-3,pSERS_Metrohm_silver,NRC_Canadian_SERS,True,True,False,True
7.0,4_ANPP,session2_row111,session3_row330,Agilent-3,Pendar-1,pSERS_Metrohm_silver,pSERS_Metrohm_silver,True,False,True,False
7.0,4_ANPP,session3_row211,session3_row217,Mira-3,Pendar-1,pSERS_Metrohm_silver,pSERS_Metrohm_silver,True,False,True,False
7.0,4_ANPP,session3_row211,session3_row256,Mira-3,Agilent-1,pSERS_Metrohm_silver,pSERS_Metrohm_silver,True,False,True,False
7.0,4_ANPP,session3_row211,session3_row297,Mira-3,Pendar-1,pSERS_Metrohm_silver,NRC_Canadian_SERS,True,True,False,True
7.0,4_ANPP,session3_row211,session3_row323,Mira-3,Mira-3,pSERS_Metrohm_silver,NRC_Canadian_SERS,False,True,False,False
7.0,4_ANPP,session3_row211,session3_row330,Mira-3,Pendar-1,pSERS_Metrohm_silver,pSERS_Metrohm_silver,True,False,True,False
7.0,4_ANPP,session3_row217,session3_row225,Pendar-1,Mira-3,pSERS_Metrohm_silver,pSERS_Metrohm_silver,True,False,True,False
7.0,4_ANPP,session3_row217,session3_row256,Pendar-1,Agilent-1,pSERS_Metrohm_silver,pSERS_Metrohm_silver,True,False,True,False
7.0,4_ANPP,session3_row217,session3_row297,Pendar-1,Pendar-1,pSERS_Metrohm_silver,NRC_Canadian_SERS,False,True,False,False
7.0,4_ANPP,session3_row217,session3_row323,Pendar-1,Mira-3,pSERS_Metrohm_silver,NRC_Canadian_SERS,True,True,False,True
7.0,4_ANPP,session3_row225,session3_row256,Mira-3,Agilent-1,pSERS_Metrohm_silver,pSERS_Metrohm_silver,True,False,True,False
7.0,4_ANPP,session3_row225,session3_row297,Mira-3,Pendar-1,pSERS_Metrohm_silver,NRC_Canadian_SERS,True,True,False,True
7.0,4_ANPP,session3_row225,session3_row323,Mira-3,Mira-3,pSERS_Metrohm_silver,NRC_Canadian_SERS,False,True,False,False
7.0,4_ANPP,session3_row225,session3_row330,Mira-3,Pendar-1,pSERS_Metrohm_silver,pSERS_Metrohm_silver,True,False,True,False
7.0,4_ANPP,session3_row256,session3_row297,Agilent-1,Pendar-1,pSERS_Metrohm_silver,NRC_Canadian_SERS,True,True,False,True
7.0,4_ANPP,session3_row256,session3_row323,Agilent-1,Mira-3,pSERS_Metrohm_silver,NRC_Canadian_SERS,True,True,False,True
7.0,4_ANPP,session3_row256,session3_row330,Agilent-1,Pendar-1,pSERS_Metrohm_silver,pSERS_Metrohm_silver,True,False,True,False
7.0,4_ANPP,session3_row297,session3_row323,Pendar-1,Mira-3,NRC_Canadian_SERS,NRC_Canadian_SERS,True,False,True,False
7.0,4_ANPP,session3_row297,session3_row330,Pendar-1,Pendar-1,NRC_Canadian_SERS,pSERS_Metrohm_silver,False,True,False,False
7.0,4_ANPP,session3_row323,session3_row330,Mira-3,Pendar-1,NRC_Canadian_SERS,pSERS_Metrohm_silver,True,True,False,True
8.0,blank,session1_row31,session1_row36,Mira-3,Agilent-3,pSERS_Metrohm_silver,pSERS_Metrohm_silver,True,False,True,False
8.0,blank,session1_row31,session2_row42,Mira-3,Pendar-3,pSERS_Metrohm_silver,pSERS_Metrohm_silver,True,False,True,False
8.0,blank,session1_row31,session2_row112,Mira-3,Agilent-3,pSERS_Metrohm_silver,pSERS_Metrohm_silver,True,False,True,False
8.0,blank,session1_row31,session3_row259,Mira-3,Agilent-1,pSERS_Metrohm_silver,pSERS_Metrohm_silver,True,False,True,False
8.0,blank,session1_row31,session3_row298,Mira-3,Pendar-1,pSERS_Metrohm_silver,NRC_Canadian_SERS,True,True,False,True
8.0,blank,session1_row31,session3_row322,Mira-3,Mira-3,pSERS_Metrohm_silver,NRC_Canadian_SERS,False,True,False,False
8.0,blank,session1_row31,session3_row331,Mira-3,Pendar-1,pSERS_Metrohm_silver,pSERS_Metrohm_silver,True,False,True,False
8.0,blank,session1_row36,session2_row41,Agilent-3,Mira-3,pSERS_Metrohm_silver,pSERS_Metrohm_silver,True,False,True,False
8.0,blank,session1_row36,session2_row42,Agilent-3,Pendar-3,pSERS_Metrohm_silver,pSERS_Metrohm_silver,True,False,True,False
8.0,blank,session1_row36,session3_row259,Agilent-3,Agilent-1,pSERS_Metrohm_silver,pSERS_Metrohm_silver,True,False,True,False
8.0,blank,session1_row36,session3_row298,Agilent-3,Pendar-1,pSERS_Metrohm_silver,NRC_Canadian_SERS,True,True,False,True
8.0,blank,session1_row36,session3_row322,Agilent-3,Mira-3,pSERS_Metrohm_silver,NRC_Canadian_SERS,True,True,False,True
8.0,blank,session1_row36,session3_row331,Agilent-3,Pendar-1,pSERS_Metrohm_silver,pSERS_Metrohm_silver,True,False,True,False
8.0,blank,session2_row41,session2_row42,Mira-3,Pendar-3,pSERS_Metrohm_silver,pSERS_Metrohm_silver,True,False,True,False
8.0,blank,session2_row41,session2_row112,Mira-3,Agilent-3,pSERS_Metrohm_silver,pSERS_Metrohm_silver,True,False,True,False
8.0,blank,session2_row41,session3_row259,Mira-3,Agilent-1,pSERS_Metrohm_silver,pSERS_Metrohm_silver,True,False,True,False
8.0,blank,session2_row41,session3_row298,Mira-3,Pendar-1,pSERS_Metrohm_silver,NRC_Canadian_SERS,True,True,False,True
8.0,blank,session2_row41,session3_row322,Mira-3,Mira-3,pSERS_Metrohm_silver,NRC_Canadian_SERS,False,True,False,False
8.0,blank,session2_row41,session3_row331,Mira-3,Pendar-1,pSERS_Metrohm_silver,pSERS_Metrohm_silver,True,False,True,False
8.0,blank,session2_row42,session2_row112,Pendar-3,Agilent-3,pSERS_Metrohm_silver,pSERS_Metrohm_silver,True,False,True,False
8.0,blank,session2_row42,session3_row259,Pendar-3,Agilent-1,pSERS_Metrohm_silver,pSERS_Metrohm_silver,True,False,True,False
8.0,blank,session2_row42,session3_row298,Pendar-3,Pendar-1,pSERS_Metrohm_silver,NRC_Canadian_SERS,True,True,False,True
8.0,blank,session2_row42,session3_row322,Pendar-3,Mira-3,pSERS_Metrohm_silver,NRC_Canadian_SERS,True,True,False,True
8.0,blank,session2_row42,session3_row331,Pendar-3,Pendar-1,pSERS_Metrohm_silver,pSERS_Metrohm_silver,True,False,True,False
8.0,blank,session2_row112,session3_row259,Agilent-3,Agilent-1,pSERS_Metrohm_silver,pSERS_Metrohm_silver,True,False,True,False
8.0,blank,session2_row112,session3_row298,Agilent-3,Pendar-1,pSERS_Metrohm_silver,NRC_Canadian_SERS,True,True,False,True
8.0,blank,session2_row112,session3_row322,Agilent-3,Mira-3,pSERS_Metrohm_silver,NRC_Canadian_SERS,True,True,False,True
8.0,blank,session2_row112,session3_row331,Agilent-3,Pendar-1,pSERS_Metrohm_silver,pSERS_Metrohm_silver,True,False,True,False
8.0,blank,session3_row259,session3_row298,Agilent-1,Pendar-1,pSERS_Metrohm_silver,NRC_Canadian_SERS,True,True,False,True
8.0,blank,session3_row259,session3_row322,Agilent-1,Mira-3,pSERS_Metrohm_silver,NRC_Canadian_SERS,True,True,False,True
8.0,blank,session3_row259,session3_row331,Agilent-1,Pendar-1,pSERS_Metrohm_silver,pSERS_Metrohm_silver,True,False,True,False
8.0,blank,session3_row298,session3_row322,Pendar-1,Mira-3,NRC_Canadian_SERS,NRC_Canadian_SERS,True,False,True,False
8.0,blank,session3_row298,session3_row331,Pendar-1,Pendar-1,NRC_Canadian_SERS,pSERS_Metrohm_silver,False,True,False,False
8.0,blank,session3_row322,session3_row331,Mira-3,Pendar-1,NRC_Canadian_SERS,pSERS_Metrohm_silver,True,True,False,True
9.0,blank,session1_row46,session1_row63,Mira-3,Pendar-2,pSERS_Metrohm_silver,pSERS_Metrohm_silver,True,False,True,False
9.0,blank,session1_row46,session2_row43,Mira-3,Pendar-3,pSERS_Metrohm_silver,pSERS_Metrohm_silver,True,False,True,False
9.0,blank,session1_row46,session2_row113,Mira-3,Agilent-3,pSERS_Metrohm_silver,pSERS_Metrohm_silver,True,False,True,False
9.0,blank,session1_row46,session3_row220,Mira-3,Pendar-1,pSERS_Metrohm_silver,pSERS_Metrohm_silver,True,False,True,False
9.0,blank,session1_row46,session3_row262,Mira-3,Agilent-1,pSERS_Metrohm_silver,pSERS_Metrohm_silver,True,False,True,False
9.0,blank,session1_row46,session3_row321,Mira-3,Mira-3,pSERS_Metrohm_silver,NRC_Canadian_SERS,False,True,False,False
9.0,blank,session1_row46,session3_row332,Mira-3,Pendar-1,pSERS_Metrohm_silver,pSERS_Metrohm_silver,True,False,True,False
9.0,blank,session1_row48,session1_row63,Mira-3,Pendar-2,pSERS_Metrohm_silver,pSERS_Metrohm_silver,True,False,True,False
9.0,blank,session1_row48,session2_row43,Mira-3,Pendar-3,pSERS_Metrohm_silver,pSERS_Metrohm_silver,True,False,True,False
9.0,blank,session1_row48,session2_row113,Mira-3,Agilent-3,pSERS_Metrohm_silver,pSERS_Metrohm_silver,True,False,True,False
9.0,blank,session1_row48,session3_row220,Mira-3,Pendar-1,pSERS_Metrohm_silver,pSERS_Metrohm_silver,True,False,True,False
9.0,blank,session1_row48,session3_row262,Mira-3,Agilent-1,pSERS_Metrohm_silver,pSERS_Metrohm_silver,True,False,True,False
9.0,blank,session1_row48,session3_row321,Mira-3,Mira-3,pSERS_Metrohm_silver,NRC_Canadian_SERS,False,True,False,False
9.0,blank,session1_row48,session3_row332,Mira-3,Pendar-1,pSERS_Metrohm_silver,pSERS_Metrohm_silver,True,False,True,False
9.0,blank,session1_row63,session2_row43,Pendar-2,Pendar-3,pSERS_Metrohm_silver,pSERS_Metrohm_silver,True,False,True,False
9.0,blank,session1_row63,session2_row44,Pendar-2,Mira-3,pSERS_Metrohm_silver,pSERS_Metrohm_silver,True,False,True,False
9.0,blank,session1_row63,session2_row113,Pendar-2,Agilent-3,pSERS_Metrohm_silver,pSERS_Metrohm_silver,True,False,True,False
9.0,blank,session1_row63,session3_row220,Pendar-2,Pendar-1,pSERS_Metrohm_silver,pSERS_Metrohm_silver,True,False,True,False
9.0,blank,session1_row63,session3_row228,Pendar-2,Mira-3,pSERS_Metrohm_silver,pSERS_Metrohm_silver,True,False,True,False
9.0,blank,session1_row63,session3_row262,Pendar-2,Agilent-1,pSERS_Metrohm_silver,pSERS_Metrohm_silver,True,False,True,False
9.0,blank,session1_row63,session3_row321,Pendar-2,Mira-3,pSERS_Metrohm_silver,NRC_Canadian_SERS,True,True,False,True
9.0,blank,session1_row63,session3_row332,Pendar-2,Pendar-1,pSERS_Metrohm_silver,pSERS_Metrohm_silver,True,False,True,False
9.0,blank,session2_row43,session2_row44,Pendar-3,Mira-3,pSERS_Metrohm_silver,pSERS_Metrohm_silver,True,False,True,False
9.0,blank,session2_row43,session2_row113,Pendar-3,Agilent-3,pSERS_Metrohm_silver,pSERS_Metrohm_silver,True,False,True,False
9.0,blank,session2_row43,session3_row220,Pendar-3,Pendar-1,pSERS_Metrohm_silver,pSERS_Metrohm_silver,True,False,True,False
9.0,blank,session2_row43,session3_row228,Pendar-3,Mira-3,pSERS_Metrohm_silver,pSERS_Metrohm_silver,True,False,True,False
9.0,blank,session2_row43,session3_row262,Pendar-3,Agilent-1,pSERS_Metrohm_silver,pSERS_Metrohm_silver,True,False,True,False
9.0,blank,session2_row43,session3_row321,Pendar-3,Mira-3,pSERS_Metrohm_silver,NRC_Canadian_SERS,True,True,False,True
9.0,blank,session2_row43,session3_row332,Pendar-3,Pendar-1,pSERS_Metrohm_silver,pSERS_Metrohm_silver,True,False,True,False
9.0,blank,session2_row44,session2_row113,Mira-3,Agilent-3,pSERS_Metrohm_silver,pSERS_Metrohm_silver,True,False,True,False
9.0,blank,session2_row44,session3_row220,Mira-3,Pendar-1,pSERS_Metrohm_silver,pSERS_Metrohm_silver,True,False,True,False
9.0,blank,session2_row44,session3_row262,Mira-3,Agilent-1,pSERS_Metrohm_silver,pSERS_Metrohm_silver,True,False,True,False
9.0,blank,session2_row44,session3_row321,Mira-3,Mira-3,pSERS_Metrohm_silver,NRC_Canadian_SERS,False,True,False,False
9.0,blank,session2_row44,session3_row332,Mira-3,Pendar-1,pSERS_Metrohm_silver,pSERS_Metrohm_silver,True,False,True,False
9.0,blank,session2_row113,session3_row220,Agilent-3,Pendar-1,pSERS_Metrohm_silver,pSERS_Metrohm_silver,True,False,True,False
9.0,blank,session2_row113,session3_row228,Agilent-3,Mira-3,pSERS_Metrohm_silver,pSERS_Metrohm_silver,True,False,True,False
9.0,blank,session2_row113,session3_row262,Agilent-3,Agilent-1,pSERS_Metrohm_silver,pSERS_Metrohm_silver,True,False,True,False
9.0,blank,session2_row113,session3_row321,Agilent-3,Mira-3,pSERS_Metrohm_silver,NRC_Canadian_SERS,True,True,False,True
9.0,blank,session2_row113,session3_row332,Agilent-3,Pendar-1,pSERS_Metrohm_silver,pSERS_Metrohm_silver,True,False,True,False
9.0,blank,session3_row220,session3_row228,Pendar-1,Mira-3,pSERS_Metrohm_silver,pSERS_Metrohm_silver,True,False,True,False
9.0,blank,session3_row220,session3_row262,Pendar-1,Agilent-1,pSERS_Metrohm_silver,pSERS_Metrohm_silver,True,False,True,False
9.0,blank,session3_row220,session3_row321,Pendar-1,Mira-3,pSERS_Metrohm_silver,NRC_Canadian_SERS,True,True,False,True
9.0,blank,session3_row228,session3_row262,Mira-3,Agilent-1,pSERS_Metrohm_silver,pSERS_Metrohm_silver,True,False,True,False
9.0,blank,session3_row228,session3_row321,Mira-3,Mira-3,pSERS_Metrohm_silver,NRC_Canadian_SERS,False,True,False,False
9.0,blank,session3_row228,session3_row332,Mira-3,Pendar-1,pSERS_Metrohm_silver,pSERS_Metrohm_silver,True,False,True,False
9.0,blank,session3_row262,session3_row321,Agilent-1,Mira-3,pSERS_Metrohm_silver,NRC_Canadian_SERS,True,True,False,True
9.0,blank,session3_row262,session3_row332,Agilent-1,Pendar-1,pSERS_Metrohm_silver,pSERS_Metrohm_silver,True,False,True,False
9.0,blank,session3_row321,session3_row332,Mira-3,Pendar-1,NRC_Canadian_SERS,pSERS_Metrohm_silver,True,True,False,True
10.0,blank,session1_row52,session1_row60,Mira-3,Pendar-2,pSERS_Metrohm_silver,pSERS_Metrohm_silver,True,False,True,False
10.0,blank,session1_row52,session2_row45,Mira-3,Pendar-3,pSERS_Metrohm_silver,pSERS_Metrohm_silver,True,False,True,False
10.0,blank,session1_row52,session2_row67,Mira-3,Pendar-3,pSERS_Metrohm_silver,pSERS_Metrohm_silver,True,False,True,False
10.0,blank,session1_row52,session2_row114,Mira-3,Agilent-3,pSERS_Metrohm_silver,pSERS_Metrohm_silver,True,False,True,False
10.0,blank,session1_row52,session3_row223,Mira-3,Pendar-1,pSERS_Metrohm_silver,pSERS_Metrohm_silver,True,False,True,False
10.0,blank,session1_row52,session3_row265,Mira-3,Agilent-1,pSERS_Metrohm_silver,pSERS_Metrohm_silver,True,False,True,False
10.0,blank,session1_row52,session3_row319,Mira-3,Mira-3,pSERS_Metrohm_silver,NRC_Canadian_SERS,False,True,False,False
10.0,blank,session1_row52,session3_row333,Mira-3,Pendar-1,pSERS_Metrohm_silver,pSERS_Metrohm_silver,True,False,True,False
10.0,blank,session1_row60,session2_row45,Pendar-2,Pendar-3,pSERS_Metrohm_silver,pSERS_Metrohm_silver,True,False,True,False
10.0,blank,session1_row60,session2_row46,Pendar-2,Mira-3,pSERS_Metrohm_silver,pSERS_Metrohm_silver,True,False,True,False
10.0,blank,session1_row60,session2_row67,Pendar-2,Pendar-3,pSERS_Metrohm_silver,pSERS_Metrohm_silver,True,False,True,False
10.0,blank,session1_row60,session2_row114,Pendar-2,Agilent-3,pSERS_Metrohm_silver,pSERS_Metrohm_silver,True,False,True,False
10.0,blank,session1_row60,session3_row223,Pendar-2,Pendar-1,pSERS_Metrohm_silver,pSERS_Metrohm_silver,True,False,True,False
10.0,blank,session1_row60,session3_row231,Pendar-2,Mira-3,pSERS_Metrohm_silver,pSERS_Metrohm_silver,True,False,True,False
10.0,blank,session1_row60,session3_row265,Pendar-2,Agilent-1,pSERS_Metrohm_silver,pSERS_Metrohm_silver,True,False,True,False
10.0,blank,session1_row60,session3_row319,Pendar-2,Mira-3,pSERS_Metrohm_silver,NRC_Canadian_SERS,True,True,False,True
10.0,blank,session1_row60,session3_row333,Pendar-2,Pendar-1,pSERS_Metrohm_silver,pSERS_Metrohm_silver,True,False,True,False
10.0,blank,session2_row45,session2_row46,Pendar-3,Mira-3,pSERS_Metrohm_silver,pSERS_Metrohm_silver,True,False,True,False
10.0,blank,session2_row45,session2_row114,Pendar-3,Agilent-3,pSERS_Metrohm_silver,pSERS_Metrohm_silver,True,False,True,False
10.0,blank,session2_row45,session3_row223,Pendar-3,Pendar-1,pSERS_Metrohm_silver,pSERS_Metrohm_silver,True,False,True,False
10.0,blank,session2_row45,session3_row231,Pendar-3,Mira-3,pSERS_Metrohm_silver,pSERS_Metrohm_silver,True,False,True,False
10.0,blank,session2_row45,session3_row265,Pendar-3,Agilent-1,pSERS_Metrohm_silver,pSERS_Metrohm_silver,True,False,True,False
10.0,blank,session2_row45,session3_row319,Pendar-3,Mira-3,pSERS_Metrohm_silver,NRC_Canadian_SERS,True,True,False,True
10.0,blank,session2_row45,session3_row333,Pendar-3,Pendar-1,pSERS_Metrohm_silver,pSERS_Metrohm_silver,True,False,True,False
10.0,blank,session2_row46,session2_row67,Mira-3,Pendar-3,pSERS_Metrohm_silver,pSERS_Metrohm_silver,True,False,True,False
10.0,blank,session2_row46,session2_row114,Mira-3,Agilent-3,pSERS_Metrohm_silver,pSERS_Metrohm_silver,True,False,True,False
10.0,blank,session2_row46,session3_row223,Mira-3,Pendar-1,pSERS_Metrohm_silver,pSERS_Metrohm_silver,True,False,True,False
10.0,blank,session2_row46,session3_row265,Mira-3,Agilent-1,pSERS_Metrohm_silver,pSERS_Metrohm_silver,True,False,True,False
10.0,blank,session2_row46,session3_row319,Mira-3,Mira-3,pSERS_Metrohm_silver,NRC_Canadian_SERS,False,True,False,False
10.0,blank,session2_row46,session3_row333,Mira-3,Pendar-1,pSERS_Metrohm_silver,pSERS_Metrohm_silver,True,False,True,False
10.0,blank,session2_row67,session2_row114,Pendar-3,Agilent-3,pSERS_Metrohm_silver,pSERS_Metrohm_silver,True,False,True,False
10.0,blank,session2_row67,session3_row223,Pendar-3,Pendar-1,pSERS_Metrohm_silver,pSERS_Metrohm_silver,True,False,True,False
10.0,blank,session2_row67,session3_row231,Pendar-3,Mira-3,pSERS_Metrohm_silver,pSERS_Metrohm_silver,True,False,True,False
10.0,blank,session2_row67,session3_row265,Pendar-3,Agilent-1,pSERS_Metrohm_silver,pSERS_Metrohm_silver,True,False,True,False
10.0,blank,session2_row67,session3_row319,Pendar-3,Mira-3,pSERS_Metrohm_silver,NRC_Canadian_SERS,True,True,False,True
10.0,blank,session2_row67,session3_row333,Pendar-3,Pendar-1,pSERS_Metrohm_silver,pSERS_Metrohm_silver,True,False,True,False
10.0,blank,session2_row114,session3_row223,Agilent-3,Pendar-1,pSERS_Metrohm_silver,pSERS_Metrohm_silver,True,False,True,False
10.0,blank,session2_row114,session3_row231,Agilent-3,Mira-3,pSERS_Metrohm_silver,pSERS_Metrohm_silver,True,False,True,False
10.0,blank,session2_row114,session3_row265,Agilent-3,Agilent-1,pSERS_Metrohm_silver,pSERS_Metrohm_silver,True,False,True,False
10.0,blank,session2_row114,session3_row319,Agilent-3,Mira-3,pSERS_Metrohm_silver,NRC_Canadian_SERS,True,True,False,True
10.0,blank,session2_row114,session3_row333,Agilent-3,Pendar-1,pSERS_Metrohm_silver,pSERS_Metrohm_silver,True,False,True,False
10.0,blank,session3_row223,session3_row231,Pendar-1,Mira-3,pSERS_Metrohm_silver,pSERS_Metrohm_silver,True,False,True,False
10.0,blank,session3_row223,session3_row265,Pendar-1,Agilent-1,pSERS_Metrohm_silver,pSERS_Metrohm_silver,True,False,True,False
10.0,blank,session3_row223,session3_row319,Pendar-1,Mira-3,pSERS_Metrohm_silver,NRC_Canadian_SERS,True,True,False,True
10.0,blank,session3_row231,session3_row265,Mira-3,Agilent-1,pSERS_Metrohm_silver,pSERS_Metrohm_silver,True,False,True,False
10.0,blank,session3_row231,session3_row319,Mira-3,Mira-3,pSERS_Metrohm_silver,NRC_Canadian_SERS,False,True,False,False
10.0,blank,session3_row231,session3_row333,Mira-3,Pendar-1,pSERS_Metrohm_silver,pSERS_Metrohm_silver,True,False,True,False
10.0,blank,session3_row265,session3_row319,Agilent-1,Mira-3,pSERS_Metrohm_silver,NRC_Canadian_SERS,True,True,False,True
10.0,blank,session3_row265,session3_row333,Agilent-1,Pendar-1,pSERS_Metrohm_silver,pSERS_Metrohm_silver,True,False,True,False
10.0,blank,session3_row319,session3_row333,Mira-3,Pendar-1,NRC_Canadian_SERS,pSERS_Metrohm_silver,True,True,False,True
11.0,benzyl_fentanyl,session1_row50,session1_row54,Agilent-3,Mira-3,pSERS_Metrohm_silver,pSERS_Metrohm_silver,True,False,True,False
11.0,benzyl_fentanyl,session1_row50,session1_row64,Agilent-3,Mira-3,pSERS_Metrohm_silver,pSERS_Metrohm_silver,True,False,True,False
11.0,benzyl_fentanyl,session1_row50,session1_row65,Agilent-3,Pendar-2,pSERS_Metrohm_silver,pSERS_Metrohm_silver,True,False,True,False
11.0,benzyl_fentanyl,session1_row50,session2_row47,Agilent-3,Pendar-3,pSERS_Metrohm_silver,pSERS_Metrohm_silver,True,False,True,False
11.0,benzyl_fentanyl,session1_row50,session2_row48,Agilent-3,Mira-3,pSERS_Metrohm_silver,pSERS_Metrohm_silver,True,False,True,False
11.0,benzyl_fentanyl,session1_row50,session3_row224,Agilent-3,Pendar-1,pSERS_Metrohm_silver,pSERS_Metrohm_silver,True,False,True,False
11.0,benzyl_fentanyl,session1_row50,session3_row235,Agilent-3,Mira-3,pSERS_Metrohm_silver,pSERS_Metrohm_silver,True,False,True,False
11.0,benzyl_fentanyl,session1_row50,session3_row268,Agilent-3,Agilent-1,pSERS_Metrohm_silver,pSERS_Metrohm_silver,True,False,True,False
11.0,benzyl_fentanyl,session1_row50,session3_row306,Agilent-3,Pendar-1,pSERS_Metrohm_silver,NRC_Canadian_SERS,True,True,False,True
11.0,benzyl_fentanyl,session1_row50,session3_row315,Agilent-3,Mira-3,pSERS_Metrohm_silver,NRC_Canadian_SERS,True,True,False,True
11.0,benzyl_fentanyl,session1_row50,session3_row334,Agilent-3,Pendar-1,pSERS_Metrohm_silver,pSERS_Metrohm_silver,True,False,True,False
11.0,benzyl_fentanyl,session1_row54,session1_row65,Mira-3,Pendar-2,pSERS_Metrohm_silver,pSERS_Metrohm_silver,True,False,True,False
11.0,benzyl_fentanyl,session1_row54,session2_row47,Mira-3,Pendar-3,pSERS_Metrohm_silver,pSERS_Metrohm_silver,True,False,True,False
11.0,benzyl_fentanyl,session1_row54,session2_row115,Mira-3,Agilent-3,pSERS_Metrohm_silver,pSERS_Metrohm_silver,True,False,True,False
11.0,benzyl_fentanyl,session1_row54,session3_row224,Mira-3,Pendar-1,pSERS_Metrohm_silver,pSERS_Metrohm_silver,True,False,True,False
11.0,benzyl_fentanyl,session1_row54,session3_row268,Mira-3,Agilent-1,pSERS_Metrohm_silver,pSERS_Metrohm_silver,True,False,True,False
11.0,benzyl_fentanyl,session1_row54,session3_row306,Mira-3,Pendar-1,pSERS_Metrohm_silver,NRC_Canadian_SERS,True,True,False,True
11.0,benzyl_fentanyl,session1_row54,session3_row315,Mira-3,Mira-3,pSERS_Metrohm_silver,NRC_Canadian_SERS,False,True,False,False
11.0,benzyl_fentanyl,session1_row54,session3_row334,Mira-3,Pendar-1,pSERS_Metrohm_silver,pSERS_Metrohm_silver,True,False,True,False
11.0,benzyl_fentanyl,session1_row64,session1_row65,Mira-3,Pendar-2,pSERS_Metrohm_silver,pSERS_Metrohm_silver,True,False,True,False
11.0,benzyl_fentanyl,session1_row64,session2_row47,Mira-3,Pendar-3,pSERS_Metrohm_silver,pSERS_Metrohm_silver,True,False,True,False
11.0,benzyl_fentanyl,session1_row64,session2_row115,Mira-3,Agilent-3,pSERS_Metrohm_silver,pSERS_Metrohm_silver,True,False,True,False
11.0,benzyl_fentanyl,session1_row64,session3_row224,Mira-3,Pendar-1,pSERS_Metrohm_silver,pSERS_Metrohm_silver,True,False,True,False
11.0,benzyl_fentanyl,session1_row64,session3_row268,Mira-3,Agilent-1,pSERS_Metrohm_silver,pSERS_Metrohm_silver,True,False,True,False
11.0,benzyl_fentanyl,session1_row64,session3_row306,Mira-3,Pendar-1,pSERS_Metrohm_silver,NRC_Canadian_SERS,True,True,False,True
11.0,benzyl_fentanyl,session1_row64,session3_row315,Mira-3,Mira-3,pSERS_Metrohm_silver,NRC_Canadian_SERS,False,True,False,False
11.0,benzyl_fentanyl,session1_row64,session3_row334,Mira-3,Pendar-1,pSERS_Metrohm_silver,pSERS_Metrohm_silver,True,False,True,False
11.0,benzyl_fentanyl,session1_row65,session2_row47,Pendar-2,Pendar-3,pSERS_Metrohm_silver,pSERS_Metrohm_silver,True,False,True,False
11.0,benzyl_fentanyl,session1_row65,session2_row48,Pendar-2,Mira-3,pSERS_Metrohm_silver,pSERS_Metrohm_silver,True,False,True,False
11.0,benzyl_fentanyl,session1_row65,session2_row115,Pendar-2,Agilent-3,pSERS_Metrohm_silver,pSERS_Metrohm_silver,True,False,True,False
11.0,benzyl_fentanyl,session1_row65,session3_row224,Pendar-2,Pendar-1,pSERS_Metrohm_silver,pSERS_Metrohm_silver,True,False,True,False
11.0,benzyl_fentanyl,session1_row65,session3_row235,Pendar-2,Mira-3,pSERS_Metrohm_silver,pSERS_Metrohm_silver,True,False,True,False
11.0,benzyl_fentanyl,session1_row65,session3_row268,Pendar-2,Agilent-1,pSERS_Metrohm_silver,pSERS_Metrohm_silver,True,False,True,False
11.0,benzyl_fentanyl,session1_row65,session3_row306,Pendar-2,Pendar-1,pSERS_Metrohm_silver,NRC_Canadian_SERS,True,True,False,True
11.0,benzyl_fentanyl,session1_row65,session3_row315,Pendar-2,Mira-3,pSERS_Metrohm_silver,NRC_Canadian_SERS,True,True,False,True
11.0,benzyl_fentanyl,session1_row65,session3_row334,Pendar-2,Pendar-1,pSERS_Metrohm_silver,pSERS_Metrohm_silver,True,False,True,False
11.0,benzyl_fentanyl,session2_row47,session2_row48,Pendar-3,Mira-3,pSERS_Metrohm_silver,pSERS_Metrohm_silver,True,False,True,False
11.0,benzyl_fentanyl,session2_row47,session2_row115,Pendar-3,Agilent-3,pSERS_Metrohm_silver,pSERS_Metrohm_silver,True,False,True,False
11.0,benzyl_fentanyl,session2_row47,session3_row224,Pendar-3,Pendar-1,pSERS_Metrohm_silver,pSERS_Metrohm_silver,True,False,True,False
11.0,benzyl_fentanyl,session2_row47,session3_row235,Pendar-3,Mira-3,pSERS_Metrohm_silver,pSERS_Metrohm_silver,True,False,True,False
11.0,benzyl_fentanyl,session2_row47,session3_row268,Pendar-3,Agilent-1,pSERS_Metrohm_silver,pSERS_Metrohm_silver,True,False,True,False
11.0,benzyl_fentanyl,session2_row47,session3_row306,Pendar-3,Pendar-1,pSERS_Metrohm_silver,NRC_Canadian_SERS,True,True,False,True
11.0,benzyl_fentanyl,session2_row47,session3_row315,Pendar-3,Mira-3,pSERS_Metrohm_silver,NRC_Canadian_SERS,True,True,False,True
11.0,benzyl_fentanyl,session2_row47,session3_row334,Pendar-3,Pendar-1,pSERS_Metrohm_silver,pSERS_Metrohm_silver,True,False,True,False
11.0,benzyl_fentanyl,session2_row48,session2_row115,Mira-3,Agilent-3,pSERS_Metrohm_silver,pSERS_Metrohm_silver,True,False,True,False
11.0,benzyl_fentanyl,session2_row48,session3_row224,Mira-3,Pendar-1,pSERS_Metrohm_silver,pSERS_Metrohm_silver,True,False,True,False
11.0,benzyl_fentanyl,session2_row48,session3_row268,Mira-3,Agilent-1,pSERS_Metrohm_silver,pSERS_Metrohm_silver,True,False,True,False
11.0,benzyl_fentanyl,session2_row48,session3_row306,Mira-3,Pendar-1,pSERS_Metrohm_silver,NRC_Canadian_SERS,True,True,False,True
11.0,benzyl_fentanyl,session2_row48,session3_row315,Mira-3,Mira-3,pSERS_Metrohm_silver,NRC_Canadian_SERS,False,True,False,False
11.0,benzyl_fentanyl,session2_row48,session3_row334,Mira-3,Pendar-1,pSERS_Metrohm_silver,pSERS_Metrohm_silver,True,False,True,False
11.0,benzyl_fentanyl,session2_row115,session3_row224,Agilent-3,Pendar-1,pSERS_Metrohm_silver,pSERS_Metrohm_silver,True,False,True,False
11.0,benzyl_fentanyl,session2_row115,session3_row235,Agilent-3,Mira-3,pSERS_Metrohm_silver,pSERS_Metrohm_silver,True,False,True,False
11.0,benzyl_fentanyl,session2_row115,session3_row268,Agilent-3,Agilent-1,pSERS_Metrohm_silver,pSERS_Metrohm_silver,True,False,True,False
11.0,benzyl_fentanyl,session2_row115,session3_row306,Agilent-3,Pendar-1,pSERS_Metrohm_silver,NRC_Canadian_SERS,True,True,False,True
11.0,benzyl_fentanyl,session2_row115,session3_row315,Agilent-3,Mira-3,pSERS_Metrohm_silver,NRC_Canadian_SERS,True,True,False,True
11.0,benzyl_fentanyl,session2_row115,session3_row334,Agilent-3,Pendar-1,pSERS_Metrohm_silver,pSERS_Metrohm_silver,True,False,True,False
11.0,benzyl_fentanyl,session3_row224,session3_row235,Pendar-1,Mira-3,pSERS_Metrohm_silver,pSERS_Metrohm_silver,True,False,True,False
11.0,benzyl_fentanyl,session3_row224,session3_row268,Pendar-1,Agilent-1,pSERS_Metrohm_silver,pSERS_Metrohm_silver,True,False,True,False
11.0,benzyl_fentanyl,session3_row224,session3_row306,Pendar-1,Pendar-1,pSERS_Metrohm_silver,NRC_Canadian_SERS,False,True,False,False
11.0,benzyl_fentanyl,session3_row224,session3_row315,Pendar-1,Mira-3,pSERS_Metrohm_silver,NRC_Canadian_SERS,True,True,False,True
11.0,benzyl_fentanyl,session3_row235,session3_row268,Mira-3,Agilent-1,pSERS_Metrohm_silver,pSERS_Metrohm_silver,True,False,True,False
11.0,benzyl_fentanyl,session3_row235,session3_row306,Mira-3,Pendar-1,pSERS_Metrohm_silver,NRC_Canadian_SERS,True,True,False,True
11.0,benzyl_fentanyl,session3_row235,session3_row315,Mira-3,Mira-3,pSERS_Metrohm_silver,NRC_Canadian_SERS,False,True,False,False
11.0,benzyl_fentanyl,session3_row235,session3_row334,Mira-3,Pendar-1,pSERS_Metrohm_silver,pSERS_Metrohm_silver,True,False,True,False
11.0,benzyl_fentanyl,session3_row268,session3_row306,Agilent-1,Pendar-1,pSERS_Metrohm_silver,NRC_Canadian_SERS,True,True,False,True
11.0,benzyl_fentanyl,session3_row268,session3_row315,Agilent-1,Mira-3,pSERS_Metrohm_silver,NRC_Canadian_SERS,True,True,False,True
11.0,benzyl_fentanyl,session3_row268,session3_row334,Agilent-1,Pendar-1,pSERS_Metrohm_silver,pSERS_Metrohm_silver,True,False,True,False
11.0,benzyl_fentanyl,session3_row306,session3_row315,Pendar-1,Mira-3,NRC_Canadian_SERS,NRC_Canadian_SERS,True,False,True,False
11.0,benzyl_fentanyl,session3_row306,session3_row334,Pendar-1,Pendar-1,NRC_Canadian_SERS,pSERS_Metrohm_silver,False,True,False,False
11.0,benzyl_fentanyl,session3_row315,session3_row334,Mira-3,Pendar-1,NRC_Canadian_SERS,pSERS_Metrohm_silver,True,True,False,True
12.0,blank,session1_row51,session1_row56,Agilent-3,Pendar-2,pSERS_Metrohm_silver,pSERS_Metrohm_silver,True,False,True,False
12.0,blank,session1_row51,session1_row58,Agilent-3,Pendar-2,pSERS_Metrohm_silver,pSERS_Metrohm_silver,True,False,True,False
12.0,blank,session1_row51,session1_row67,Agilent-3,Pendar-2,pSERS_Metrohm_silver,pSERS_Metrohm_silver,True,False,True,False
12.0,blank,session1_row51,session2_row49,Agilent-3,Pendar-3,pSERS_Metrohm_silver,pSERS_Metrohm_silver,True,False,True,False
12.0,blank,session1_row51,session2_row66,Agilent-3,Mira-3,pSERS_Metrohm_silver,pSERS_Metrohm_silver,True,False,True,False
12.0,blank,session1_row51,session3_row229,Agilent-3,Pendar-1,pSERS_Metrohm_silver,NRC_Canadian_SERS,True,True,False,True
12.0,blank,session1_row51,session3_row243,Agilent-3,Mira-3,pSERS_Metrohm_silver,NRC_Canadian_SERS,True,True,False,True
12.0,blank,session1_row51,session3_row250,Agilent-3,Pendar-1,pSERS_Metrohm_silver,pSERS_Metrohm_silver,True,False,True,False
12.0,blank,session1_row51,session3_row252,Agilent-3,Mira-3,pSERS_Metrohm_silver,pSERS_Metrohm_silver,True,False,True,False
12.0,blank,session1_row51,session3_row271,Agilent-3,Agilent-1,pSERS_Metrohm_silver,pSERS_Metrohm_silver,True,False,True,False
12.0,blank,session1_row51,session3_row305,Agilent-3,Pendar-1,pSERS_Metrohm_silver,NRC_Canadian_SERS,True,True,False,True
12.0,blank,session1_row51,session3_row313,Agilent-3,Mira-3,pSERS_Metrohm_silver,NRC_Canadian_SERS,True,True,False,True
12.0,blank,session1_row51,session3_row335,Agilent-3,Pendar-1,pSERS_Metrohm_silver,pSERS_Metrohm_silver,True,False,True,False
12.0,blank,session1_row56,session2_row49,Pendar-2,Pendar-3,pSERS_Metrohm_silver,pSERS_Metrohm_silver,True,False,True,False
12.0,blank,session1_row56,session2_row66,Pendar-2,Mira-3,pSERS_Metrohm_silver,pSERS_Metrohm_silver,True,False,True,False
12.0,blank,session1_row56,session2_row116,Pendar-2,Agilent-3,pSERS_Metrohm_silver,pSERS_Metrohm_silver,True,False,True,False
12.0,blank,session1_row56,session3_row229,Pendar-2,Pendar-1,pSERS_Metrohm_silver,NRC_Canadian_SERS,True,True,False,True
12.0,blank,session1_row56,session3_row243,Pendar-2,Mira-3,pSERS_Metrohm_silver,NRC_Canadian_SERS,True,True,False,True
12.0,blank,session1_row56,session3_row250,Pendar-2,Pendar-1,pSERS_Metrohm_silver,pSERS_Metrohm_silver,True,False,True,False
12.0,blank,session1_row56,session3_row252,Pendar-2,Mira-3,pSERS_Metrohm_silver,pSERS_Metrohm_silver,True,False,True,False
12.0,blank,session1_row56,session3_row271,Pendar-2,Agilent-1,pSERS_Metrohm_silver,pSERS_Metrohm_silver,True,False,True,False
12.0,blank,session1_row56,session3_row305,Pendar-2,Pendar-1,pSERS_Metrohm_silver,NRC_Canadian_SERS,True,True,False,True
12.0,blank,session1_row56,session3_row313,Pendar-2,Mira-3,pSERS_Metrohm_silver,NRC_Canadian_SERS,True,True,False,True
12.0,blank,session1_row56,session3_row335,Pendar-2,Pendar-1,pSERS_Metrohm_silver,pSERS_Metrohm_silver,True,False,True,False
12.0,blank,session1_row58,session2_row49,Pendar-2,Pendar-3,pSERS_Metrohm_silver,pSERS_Metrohm_silver,True,False,True,False
12.0,blank,session1_row58,session2_row66,Pendar-2,Mira-3,pSERS_Metrohm_silver,pSERS_Metrohm_silver,True,False,True,False
12.0,blank,session1_row58,session2_row116,Pendar-2,Agilent-3,pSERS_Metrohm_silver,pSERS_Metrohm_silver,True,False,True,False
12.0,blank,session1_row58,session3_row229,Pendar-2,Pendar-1,pSERS_Metrohm_silver,NRC_Canadian_SERS,True,True,False,True
12.0,blank,session1_row58,session3_row243,Pendar-2,Mira-3,pSERS_Metrohm_silver,NRC_Canadian_SERS,True,True,False,True
12.0,blank,session1_row58,session3_row250,Pendar-2,Pendar-1,pSERS_Metrohm_silver,pSERS_Metrohm_silver,True,False,True,False
12.0,blank,session1_row58,session3_row252,Pendar-2,Mira-3,pSERS_Metrohm_silver,pSERS_Metrohm_silver,True,False,True,False
12.0,blank,session1_row58,session3_row271,Pendar-2,Agilent-1,pSERS_Metrohm_silver,pSERS_Metrohm_silver,True,False,True,False
12.0,blank,session1_row58,session3_row305,Pendar-2,Pendar-1,pSERS_Metrohm_silver,NRC_Canadian_SERS,True,True,False,True
12.0,blank,session1_row58,session3_row313,Pendar-2,Mira-3,pSERS_Metrohm_silver,NRC_Canadian_SERS,True,True,False,True
12.0,blank,session1_row58,session3_row335,Pendar-2,Pendar-1,pSERS_Metrohm_silver,pSERS_Metrohm_silver,True,False,True,False
12.0,blank,session1_row67,session2_row49,Pendar-2,Pendar-3,pSERS_Metrohm_silver,pSERS_Metrohm_silver,True,False,True,False
12.0,blank,session1_row67,session2_row66,Pendar-2,Mira-3,pSERS_Metrohm_silver,pSERS_Metrohm_silver,True,False,True,False
12.0,blank,session1_row67,session2_row116,Pendar-2,Agilent-3,pSERS_Metrohm_silver,pSERS_Metrohm_silver,True,False,True,False
12.0,blank,session1_row67,session3_row229,Pendar-2,Pendar-1,pSERS_Metrohm_silver,NRC_Canadian_SERS,True,True,False,True
12.0,blank,session1_row67,session3_row243,Pendar-2,Mira-3,pSERS_Metrohm_silver,NRC_Canadian_SERS,True,True,False,True
12.0,blank,session1_row67,session3_row250,Pendar-2,Pendar-1,pSERS_Metrohm_silver,pSERS_Metrohm_silver,True,False,True,False
12.0,blank,session1_row67,session3_row252,Pendar-2,Mira-3,pSERS_Metrohm_silver,pSERS_Metrohm_silver,True,False,True,False
12.0,blank,session1_row67,session3_row271,Pendar-2,Agilent-1,pSERS_Metrohm_silver,pSERS_Metrohm_silver,True,False,True,False
12.0,blank,session1_row67,session3_row305,Pendar-2,Pendar-1,pSERS_Metrohm_silver,NRC_Canadian_SERS,True,True,False,True
12.0,blank,session1_row67,session3_row313,Pendar-2,Mira-3,pSERS_Metrohm_silver,NRC_Canadian_SERS,True,True,False,True
12.0,blank,session1_row67,session3_row335,Pendar-2,Pendar-1,pSERS_Metrohm_silver,pSERS_Metrohm_silver,True,False,True,False
12.0,blank,session2_row49,session2_row66,Pendar-3,Mira-3,pSERS_Metrohm_silver,pSERS_Metrohm_silver,True,False,True,False
12.0,blank,session2_row49,session2_row116,Pendar-3,Agilent-3,pSERS_Metrohm_silver,pSERS_Metrohm_silver,True,False,True,False
12.0,blank,session2_row49,session3_row229,Pendar-3,Pendar-1,pSERS_Metrohm_silver,NRC_Canadian_SERS,True,True,False,True
12.0,blank,session2_row49,session3_row243,Pendar-3,Mira-3,pSERS_Metrohm_silver,NRC_Canadian_SERS,True,True,False,True
12.0,blank,session2_row49,session3_row250,Pendar-3,Pendar-1,pSERS_Metrohm_silver,pSERS_Metrohm_silver,True,False,True,False
12.0,blank,session2_row49,session3_row252,Pendar-3,Mira-3,pSERS_Metrohm_silver,pSERS_Metrohm_silver,True,False,True,False
12.0,blank,session2_row49,session3_row271,Pendar-3,Agilent-1,pSERS_Metrohm_silver,pSERS_Metrohm_silver,True,False,True,False
12.0,blank,session2_row49,session3_row305,Pendar-3,Pendar-1,pSERS_Metrohm_silver,NRC_Canadian_SERS,True,True,False,True
12.0,blank,session2_row49,session3_row313,Pendar-3,Mira-3,pSERS_Metrohm_silver,NRC_Canadian_SERS,True,True,False,True
12.0,blank,session2_row49,session3_row335,Pendar-3,Pendar-1,pSERS_Metrohm_silver,pSERS_Metrohm_silver,True,False,True,False
12.0,blank,session2_row66,session2_row116,Mira-3,Agilent-3,pSERS_Metrohm_silver,pSERS_Metrohm_silver,True,False,True,False
12.0,blank,session2_row66,session3_row229,Mira-3,Pendar-1,pSERS_Metrohm_silver,NRC_Canadian_SERS,True,True,False,True
12.0,blank,session2_row66,session3_row243,Mira-3,Mira-3,pSERS_Metrohm_silver,NRC_Canadian_SERS,False,True,False,False
12.0,blank,session2_row66,session3_row250,Mira-3,Pendar-1,pSERS_Metrohm_silver,pSERS_Metrohm_silver,True,False,True,False
12.0,blank,session2_row66,session3_row271,Mira-3,Agilent-1,pSERS_Metrohm_silver,pSERS_Metrohm_silver,True,False,True,False
12.0,blank,session2_row66,session3_row305,Mira-3,Pendar-1,pSERS_Metrohm_silver,NRC_Canadian_SERS,True,True,False,True
12.0,blank,session2_row66,session3_row313,Mira-3,Mira-3,pSERS_Metrohm_silver,NRC_Canadian_SERS,False,True,False,False
12.0,blank,session2_row66,session3_row335,Mira-3,Pendar-1,pSERS_Metrohm_silver,pSERS_Metrohm_silver,True,False,True,False
12.0,blank,session2_row116,session3_row229,Agilent-3,Pendar-1,pSERS_Metrohm_silver,NRC_Canadian_SERS,True,True,False,True
12.0,blank,session2_row116,session3_row243,Agilent-3,Mira-3,pSERS_Metrohm_silver,NRC_Canadian_SERS,True,True,False,True
12.0,blank,session2_row116,session3_row250,Agilent-3,Pendar-1,pSERS_Metrohm_silver,pSERS_Metrohm_silver,True,False,True,False
12.0,blank,session2_row116,session3_row252,Agilent-3,Mira-3,pSERS_Metrohm_silver,pSERS_Metrohm_silver,True,False,True,False
12.0,blank,session2_row116,session3_row271,Agilent-3,Agilent-1,pSERS_Metrohm_silver,pSERS_Metrohm_silver,True,False,True,False
12.0,blank,session2_row116,session3_row305,Agilent-3,Pendar-1,pSERS_Metrohm_silver,NRC_Canadian_SERS,True,True,False,True
12.0,blank,session2_row116,session3_row313,Agilent-3,Mira-3,pSERS_Metrohm_silver,NRC_Canadian_SERS,True,True,False,True
12.0,blank,session2_row116,session3_row335,Agilent-3,Pendar-1,pSERS_Metrohm_silver,pSERS_Metrohm_silver,True,False,True,False
12.0,blank,session3_row229,session3_row243,Pendar-1,Mira-3,NRC_Canadian_SERS,NRC_Canadian_SERS,True,False,True,False
12.0,blank,session3_row229,session3_row250,Pendar-1,Pendar-1,NRC_Canadian_SERS,pSERS_Metrohm_silver,False,True,False,False
12.0,blank,session3_row229,session3_row252,Pendar-1,Mira-3,NRC_Canadian_SERS,pSERS_Metrohm_silver,True,True,False,True
12.0,blank,session3_row229,session3_row271,Pendar-1,Agilent-1,NRC_Canadian_SERS,pSERS_Metrohm_silver,True,True,False,True
12.0,blank,session3_row229,session3_row313,Pendar-1,Mira-3,NRC_Canadian_SERS,NRC_Canadian_SERS,True,False,True,False
12.0,blank,session3_row229,session3_row335,Pendar-1,Pendar-1,NRC_Canadian_SERS,pSERS_Metrohm_silver,False,True,False,False
12.0,blank,session3_row243,session3_row250,Mira-3,Pendar-1,NRC_Canadian_SERS,pSERS_Metrohm_silver,True,True,False,True
12.0,blank,session3_row243,session3_row252,Mira-3,Mira-3,NRC_Canadian_SERS,pSERS_Metrohm_silver,False,True,False,False
12.0,blank,session3_row243,session3_row271,Mira-3,Agilent-1,NRC_Canadian_SERS,pSERS_Metrohm_silver,True,True,False,True
12.0,blank,session3_row243,session3_row305,Mira-3,Pendar-1,NRC_Canadian_SERS,NRC_Canadian_SERS,True,False,True,False
12.0,blank,session3_row243,session3_row335,Mira-3,Pendar-1,NRC_Canadian_SERS,pSERS_Metrohm_silver,True,True,False,True
12.0,blank,session3_row250,session3_row252,Pendar-1,Mira-3,pSERS_Metrohm_silver,pSERS_Metrohm_silver,True,False,True,False
12.0,blank,session3_row250,session3_row271,Pendar-1,Agilent-1,pSERS_Metrohm_silver,pSERS_Metrohm_silver,True,False,True,False
12.0,blank,session3_row250,session3_row305,Pendar-1,Pendar-1,pSERS_Metrohm_silver,NRC_Canadian_SERS,False,True,False,False
12.0,blank,session3_row250,session3_row313,Pendar-1,Mira-3,pSERS_Metrohm_silver,NRC_Canadian_SERS,True,True,False,True
12.0,blank,session3_row252,session3_row271,Mira-3,Agilent-1,pSERS_Metrohm_silver,pSERS_Metrohm_silver,True,False,True,False
12.0,blank,session3_row252,session3_row305,Mira-3,Pendar-1,pSERS_Metrohm_silver,NRC_Canadian_SERS,True,True,False,True
12.0,blank,session3_row252,session3_row313,Mira-3,Mira-3,pSERS_Metrohm_silver,NRC_Canadian_SERS,False,True,False,False
12.0,blank,session3_row252,session3_row335,Mira-3,Pendar-1,pSERS_Metrohm_silver,pSERS_Metrohm_silver,True,False,True,False
12.0,blank,session3_row271,session3_row305,Agilent-1,Pendar-1,pSERS_Metrohm_silver,NRC_Canadian_SERS,True,True,False,True
12.0,blank,session3_row271,session3_row313,Agilent-1,Mira-3,pSERS_Metrohm_silver,NRC_Canadian_SERS,True,True,False,True
12.0,blank,session3_row271,session3_row335,Agilent-1,Pendar-1,pSERS_Metrohm_silver,pSERS_Metrohm_silver,True,False,True,False
12.0,blank,session3_row305,session3_row313,Pendar-1,Mira-3,NRC_Canadian_SERS,NRC_Canadian_SERS,True,False,True,False
12.0,blank,session3_row305,session3_row335,Pendar-1,Pendar-1,NRC_Canadian_SERS,pSERS_Metrohm_silver,False,True,False,False
12.0,blank,session3_row313,session3_row335,Mira-3,Pendar-1,NRC_Canadian_SERS,pSERS_Metrohm_silver,True,True,False,True
13.0,benzyl_fentanyl,session2_row117,session3_row251,Agilent-3,Pendar-1,pSERS_Metrohm_silver,pSERS_Metrohm_silver,True,False,True,False
13.0,benzyl_fentanyl,session2_row117,session3_row275,Agilent-3,Agilent-1,pSERS_Metrohm_silver,pSERS_Metrohm_silver,True,False,True,False
13.0,benzyl_fentanyl,session2_row117,session3_row344,Agilent-3,Pendar-1,pSERS_Metrohm_silver,pSERS_Metrohm_silver,True,False,True,False
13.0,benzyl_fentanyl,session3_row251,session3_row275,Pendar-1,Agilent-1,pSERS_Metrohm_silver,pSERS_Metrohm_silver,True,False,True,False
13.0,benzyl_fentanyl,session3_row275,session3_row344,Agilent-1,Pendar-1,pSERS_Metrohm_silver,pSERS_Metrohm_silver,True,False,True,False
14.0,4_ANPP,session2_row86,session2_row87,Pendar-3,Mira-3,pSERS_Metrohm_silver,pSERS_Metrohm_silver,True,False,True,False
14.0,4_ANPP,session2_row86,session2_row118,Pendar-3,Agilent-3,pSERS_Metrohm_silver,pSERS_Metrohm_silver,True,False,True,False
14.0,4_ANPP,session2_row86,session3_row254,Pendar-3,Pendar-1,pSERS_Metrohm_silver,pSERS_Metrohm_silver,True,False,True,False
14.0,4_ANPP,session2_row86,session3_row255,Pendar-3,Mira-3,pSERS_Metrohm_silver,pSERS_Metrohm_silver,True,False,True,False
14.0,4_ANPP,session2_row86,session3_row258,Pendar-3,Mira-3,pSERS_Metrohm_silver,pSERS_Metrohm_silver,True,False,True,False
14.0,4_ANPP,session2_row86,session3_row345,Pendar-3,Pendar-1,pSERS_Metrohm_silver,pSERS_Metrohm_silver,True,False,True,False
14.0,4_ANPP,session2_row87,session2_row118,Mira-3,Agilent-3,pSERS_Metrohm_silver,pSERS_Metrohm_silver,True,False,True,False
14.0,4_ANPP,session2_row87,session3_row254,Mira-3,Pendar-1,pSERS_Metrohm_silver,pSERS_Metrohm_silver,True,False,True,False
14.0,4_ANPP,session2_row87,session3_row345,Mira-3,Pendar-1,pSERS_Metrohm_silver,pSERS_Metrohm_silver,True,False,True,False
14.0,4_ANPP,session2_row118,session3_row254,Agilent-3,Pendar-1,pSERS_Metrohm_silver,pSERS_Metrohm_silver,True,False,True,False
14.0,4_ANPP,session2_row118,session3_row255,Agilent-3,Mira-3,pSERS_Metrohm_silver,pSERS_Metrohm_silver,True,False,True,False
14.0,4_ANPP,session2_row118,session3_row258,Agilent-3,Mira-3,pSERS_Metrohm_silver,pSERS_Metrohm_silver,True,False,True,False
14.0,4_ANPP,session2_row118,session3_row345,Agilent-3,Pendar-1,pSERS_Metrohm_silver,pSERS_Metrohm_silver,True,False,True,False
14.0,4_ANPP,session3_row254,session3_row255,Pendar-1,Mira-3,pSERS_Metrohm_silver,pSERS_Metrohm_silver,True,False,True,False
14.0,4_ANPP,session3_row254,session3_row258,Pendar-1,Mira-3,pSERS_Metrohm_silver,pSERS_Metrohm_silver,True,False,True,False
14.0,4_ANPP,session3_row255,session3_row345,Mira-3,Pendar-1,pSERS_Metrohm_silver,pSERS_Metrohm_silver,True,False,True,False
14.0,4_ANPP,session3_row258,session3_row345,Mira-3,Pendar-1,pSERS_Metrohm_silver,pSERS_Metrohm_silver,True,False,True,False
15.0,blank,session2_row88,session2_row89,Pendar-3,Mira-3,pSERS_Metrohm_silver,pSERS_Metrohm_silver,True,False,True,False
15.0,blank,session2_row88,session2_row119,Pendar-3,Agilent-3,pSERS_Metrohm_silver,pSERS_Metrohm_silver,True,False,True,False
15.0,blank,session2_row88,session3_row257,Pendar-3,Pendar-1,pSERS_Metrohm_silver,pSERS_Metrohm_silver,True,False,True,False
15.0,blank,session2_row88,session3_row260,Pendar-3,Pendar-1,pSERS_Metrohm_silver,NRC_Canadian_SERS,True,True,False,True
15.0,blank,session2_row88,session3_row261,Pendar-3,Mira-3,pSERS_Metrohm_silver,pSERS_Metrohm_silver,True,False,True,False
15.0,blank,session2_row88,session3_row264,Pendar-3,Mira-3,pSERS_Metrohm_silver,NRC_Canadian_SERS,True,True,False,True
15.0,blank,session2_row88,session3_row283,Pendar-3,Agilent-1,pSERS_Metrohm_silver,pSERS_Metrohm_silver,True,False,True,False
15.0,blank,session2_row88,session3_row285,Pendar-3,Mira-3,pSERS_Metrohm_silver,pSERS_Metrohm_silver,True,False,True,False
15.0,blank,session2_row88,session3_row311,Pendar-3,Mira-3,pSERS_Metrohm_silver,NRC_Canadian_SERS,True,True,False,True
15.0,blank,session2_row88,session3_row320,Pendar-3,Pendar-1,pSERS_Metrohm_silver,NRC_Canadian_SERS,True,True,False,True
15.0,blank,session2_row88,session3_row343,Pendar-3,Agilent-1,pSERS_Metrohm_silver,NRC_Canadian_SERS,True,True,False,True
15.0,blank,session2_row88,session3_row346,Pendar-3,Pendar-1,pSERS_Metrohm_silver,pSERS_Metrohm_silver,True,False,True,False
15.0,blank,session2_row89,session2_row119,Mira-3,Agilent-3,pSERS_Metrohm_silver,pSERS_Metrohm_silver,True,False,True,False
15.0,blank,session2_row89,session3_row257,Mira-3,Pendar-1,pSERS_Metrohm_silver,pSERS_Metrohm_silver,True,False,True,False
15.0,blank,session2_row89,session3_row260,Mira-3,Pendar-1,pSERS_Metrohm_silver,NRC_Canadian_SERS,True,True,False,True
15.0,blank,session2_row89,session3_row264,Mira-3,Mira-3,pSERS_Metrohm_silver,NRC_Canadian_SERS,False,True,False,False
15.0,blank,session2_row89,session3_row283,Mira-3,Agilent-1,pSERS_Metrohm_silver,pSERS_Metrohm_silver,True,False,True,False
15.0,blank,session2_row89,session3_row311,Mira-3,Mira-3,pSERS_Metrohm_silver,NRC_Canadian_SERS,False,True,False,False
15.0,blank,session2_row89,session3_row320,Mira-3,Pendar-1,pSERS_Metrohm_silver,NRC_Canadian_SERS,True,True,False,True
15.0,blank,session2_row89,session3_row343,Mira-3,Agilent-1,pSERS_Metrohm_silver,NRC_Canadian_SERS,True,True,False,True
15.0,blank,session2_row89,session3_row346,Mira-3,Pendar-1,pSERS_Metrohm_silver,pSERS_Metrohm_silver,True,False,True,False
15.0,blank,session2_row119,session3_row257,Agilent-3,Pendar-1,pSERS_Metrohm_silver,pSERS_Metrohm_silver,True,False,True,False
15.0,blank,session2_row119,session3_row260,Agilent-3,Pendar-1,pSERS_Metrohm_silver,NRC_Canadian_SERS,True,True,False,True
15.0,blank,session2_row119,session3_row261,Agilent-3,Mira-3,pSERS_Metrohm_silver,pSERS_Metrohm_silver,True,False,True,False
15.0,blank,session2_row119,session3_row264,Agilent-3,Mira-3,pSERS_Metrohm_silver,NRC_Canadian_SERS,True,True,False,True
15.0,blank,session2_row119,session3_row283,Agilent-3,Agilent-1,pSERS_Metrohm_silver,pSERS_Metrohm_silver,True,False,True,False
15.0,blank,session2_row119,session3_row285,Agilent-3,Mira-3,pSERS_Metrohm_silver,pSERS_Metrohm_silver,True,False,True,False
15.0,blank,session2_row119,session3_row311,Agilent-3,Mira-3,pSERS_Metrohm_silver,NRC_Canadian_SERS,True,True,False,True
15.0,blank,session2_row119,session3_row320,Agilent-3,Pendar-1,pSERS_Metrohm_silver,NRC_Canadian_SERS,True,True,False,True
15.0,blank,session2_row119,session3_row343,Agilent-3,Agilent-1,pSERS_Metrohm_silver,NRC_Canadian_SERS,True,True,False,True
15.0,blank,session2_row119,session3_row346,Agilent-3,Pendar-1,pSERS_Metrohm_silver,pSERS_Metrohm_silver,True,False,True,False
15.0,blank,session3_row257,session3_row260,Pendar-1,Pendar-1,pSERS_Metrohm_silver,NRC_Canadian_SERS,False,True,False,False
15.0,blank,session3_row257,session3_row261,Pendar-1,Mira-3,pSERS_Metrohm_silver,pSERS_Metrohm_silver,True,False,True,False
15.0,blank,session3_row257,session3_row264,Pendar-1,Mira-3,pSERS_Metrohm_silver,NRC_Canadian_SERS,True,True,False,True
15.0,blank,session3_row257,session3_row283,Pendar-1,Agilent-1,pSERS_Metrohm_silver,pSERS_Metrohm_silver,True,False,True,False
15.0,blank,session3_row257,session3_row285,Pendar-1,Mira-3,pSERS_Metrohm_silver,pSERS_Metrohm_silver,True,False,True,False
15.0,blank,session3_row257,session3_row311,Pendar-1,Mira-3,pSERS_Metrohm_silver,NRC_Canadian_SERS,True,True,False,True
15.0,blank,session3_row257,session3_row320,Pendar-1,Pendar-1,pSERS_Metrohm_silver,NRC_Canadian_SERS,False,True,False,False
15.0,blank,session3_row257,session3_row343,Pendar-1,Agilent-1,pSERS_Metrohm_silver,NRC_Canadian_SERS,True,True,False,True
15.0,blank,session3_row260,session3_row261,Pendar-1,Mira-3,NRC_Canadian_SERS,pSERS_Metrohm_silver,True,True,False,True
15.0,blank,session3_row260,session3_row264,Pendar-1,Mira-3,NRC_Canadian_SERS,NRC_Canadian_SERS,True,False,True,False
15.0,blank,session3_row260,session3_row283,Pendar-1,Agilent-1,NRC_Canadian_SERS,pSERS_Metrohm_silver,True,True,False,True
15.0,blank,session3_row260,session3_row285,Pendar-1,Mira-3,NRC_Canadian_SERS,pSERS_Metrohm_silver,True,True,False,True
15.0,blank,session3_row260,session3_row311,Pendar-1,Mira-3,NRC_Canadian_SERS,NRC_Canadian_SERS,True,False,True,False
15.0,blank,session3_row260,session3_row343,Pendar-1,Agilent-1,NRC_Canadian_SERS,NRC_Canadian_SERS,True,False,True,False
15.0,blank,session3_row260,session3_row346,Pendar-1,Pendar-1,NRC_Canadian_SERS,pSERS_Metrohm_silver,False,True,False,False
15.0,blank,session3_row261,session3_row264,Mira-3,Mira-3,pSERS_Metrohm_silver,NRC_Canadian_SERS,False,True,False,False
15.0,blank,session3_row261,session3_row283,Mira-3,Agilent-1,pSERS_Metrohm_silver,pSERS_Metrohm_silver,True,False,True,False
15.0,blank,session3_row261,session3_row311,Mira-3,Mira-3,pSERS_Metrohm_silver,NRC_Canadian_SERS,False,True,False,False
15.0,blank,session3_row261,session3_row320,Mira-3,Pendar-1,pSERS_Metrohm_silver,NRC_Canadian_SERS,True,True,False,True
15.0,blank,session3_row261,session3_row343,Mira-3,Agilent-1,pSERS_Metrohm_silver,NRC_Canadian_SERS,True,True,False,True
15.0,blank,session3_row261,session3_row346,Mira-3,Pendar-1,pSERS_Metrohm_silver,pSERS_Metrohm_silver,True,False,True,False
15.0,blank,session3_row264,session3_row283,Mira-3,Agilent-1,NRC_Canadian_SERS,pSERS_Metrohm_silver,True,True,False,True
15.0,blank,session3_row264,session3_row285,Mira-3,Mira-3,NRC_Canadian_SERS,pSERS_Metrohm_silver,False,True,False,False
15.0,blank,session3_row264,session3_row320,Mira-3,Pendar-1,NRC_Canadian_SERS,NRC_Canadian_SERS,True,False,True,False
15.0,blank,session3_row264,session3_row343,Mira-3,Agilent-1,NRC_Canadian_SERS,NRC_Canadian_SERS,True,False,True,False
15.0,blank,session3_row264,session3_row346,Mira-3,Pendar-1,NRC_Canadian_SERS,pSERS_Metrohm_silver,True,True,False,True
15.0,blank,session3_row283,session3_row285,Agilent-1,Mira-3,pSERS_Metrohm_silver,pSERS_Metrohm_silver,True,False,True,False
15.0,blank,session3_row283,session3_row311,Agilent-1,Mira-3,pSERS_Metrohm_silver,NRC_Canadian_SERS,True,True,False,True
15.0,blank,session3_row283,session3_row320,Agilent-1,Pendar-1,pSERS_Metrohm_silver,NRC_Canadian_SERS,True,True,False,True
15.0,blank,session3_row283,session3_row343,Agilent-1,Agilent-1,pSERS_Metrohm_silver,NRC_Canadian_SERS,False,True,False,False
15.0,blank,session3_row283,session3_row346,Agilent-1,Pendar-1,pSERS_Metrohm_silver,pSERS_Metrohm_silver,True,False,True,False
15.0,blank,session3_row285,session3_row311,Mira-3,Mira-3,pSERS_Metrohm_silver,NRC_Canadian_SERS,False,True,False,False
15.0,blank,session3_row285,session3_row320,Mira-3,Pendar-1,pSERS_Metrohm_silver,NRC_Canadian_SERS,True,True,False,True
15.0,blank,session3_row285,session3_row343,Mira-3,Agilent-1,pSERS_Metrohm_silver,NRC_Canadian_SERS,True,True,False,True
15.0,blank,session3_row285,session3_row346,Mira-3,Pendar-1,pSERS_Metrohm_silver,pSERS_Metrohm_silver,True,False,True,False
15.0,blank,session3_row311,session3_row320,Mira-3,Pendar-1,NRC_Canadian_SERS,NRC_Canadian_SERS,True,False,True,False
15.0,blank,session3_row311,session3_row343,Mira-3,Agilent-1,NRC_Canadian_SERS,NRC_Canadian_SERS,True,False,True,False
15.0,blank,session3_row311,session3_row346,Mira-3,Pendar-1,NRC_Canadian_SERS,pSERS_Metrohm_silver,True,True,False,True
15.0,blank,session3_row320,session3_row343,Pendar-1,Agilent-1,NRC_Canadian_SERS,NRC_Canadian_SERS,True,False,True,False
15.0,blank,session3_row320,session3_row346,Pendar-1,Pendar-1,NRC_Canadian_SERS,pSERS_Metrohm_silver,False,True,False,False
15.0,blank,session3_row343,session3_row346,Agilent-1,Pendar-1,NRC_Canadian_SERS,pSERS_Metrohm_silver,True,True,False,True
16.0,blank,session2_row90,session2_row91,Mira-3,Pendar-3,pSERS_Metrohm_silver,pSERS_Metrohm_silver,True,False,True,False
16.0,blank,session2_row90,session2_row120,Mira-3,Agilent-3,pSERS_Metrohm_silver,pSERS_Metrohm_silver,True,False,True,False
16.0,blank,session2_row90,session3_row263,Mira-3,Pendar-1,pSERS_Metrohm_silver,pSERS_Metrohm_silver,True,False,True,False
16.0,blank,session2_row90,session3_row277,Mira-3,Pendar-1,pSERS_Metrohm_silver,pSERS_Metrohm_silver,True,False,True,False
16.0,blank,session2_row90,session3_row286,Mira-3,Agilent-1,pSERS_Metrohm_silver,pSERS_Metrohm_silver,True,False,True,False
16.0,blank,session2_row90,session3_row296,Mira-3,Pendar-1,pSERS_Metrohm_silver,NRC_Canadian_SERS,True,True,False,True
16.0,blank,session2_row90,session3_row312,Mira-3,Pendar-1,pSERS_Metrohm_silver,NRC_Canadian_SERS,True,True,False,True
16.0,blank,session2_row90,session3_row324,Mira-3,Mira-3,pSERS_Metrohm_silver,NRC_Canadian_SERS,False,True,False,False
16.0,blank,session2_row90,session3_row347,Mira-3,Pendar-1,pSERS_Metrohm_silver,pSERS_Metrohm_silver,True,False,True,False
16.0,blank,session2_row91,session2_row120,Pendar-3,Agilent-3,pSERS_Metrohm_silver,pSERS_Metrohm_silver,True,False,True,False
16.0,blank,session2_row91,session3_row263,Pendar-3,Pendar-1,pSERS_Metrohm_silver,pSERS_Metrohm_silver,True,False,True,False
16.0,blank,session2_row91,session3_row277,Pendar-3,Pendar-1,pSERS_Metrohm_silver,pSERS_Metrohm_silver,True,False,True,False
16.0,blank,session2_row91,session3_row286,Pendar-3,Agilent-1,pSERS_Metrohm_silver,pSERS_Metrohm_silver,True,False,True,False
16.0,blank,session2_row91,session3_row289,Pendar-3,Mira-3,pSERS_Metrohm_silver,pSERS_Metrohm_silver,True,False,True,False
16.0,blank,session2_row91,session3_row296,Pendar-3,Pendar-1,pSERS_Metrohm_silver,NRC_Canadian_SERS,True,True,False,True
16.0,blank,session2_row91,session3_row312,Pendar-3,Pendar-1,pSERS_Metrohm_silver,NRC_Canadian_SERS,True,True,False,True
16.0,blank,session2_row91,session3_row324,Pendar-3,Mira-3,pSERS_Metrohm_silver,NRC_Canadian_SERS,True,True,False,True
16.0,blank,session2_row91,session3_row347,Pendar-3,Pendar-1,pSERS_Metrohm_silver,pSERS_Metrohm_silver,True,False,True,False
16.0,blank,session2_row120,session3_row263,Agilent-3,Pendar-1,pSERS_Metrohm_silver,pSERS_Metrohm_silver,True,False,True,False
16.0,blank,session2_row120,session3_row277,Agilent-3,Pendar-1,pSERS_Metrohm_silver,pSERS_Metrohm_silver,True,False,True,False
16.0,blank,session2_row120,session3_row286,Agilent-3,Agilent-1,pSERS_Metrohm_silver,pSERS_Metrohm_silver,True,False,True,False
16.0,blank,session2_row120,session3_row289,Agilent-3,Mira-3,pSERS_Metrohm_silver,pSERS_Metrohm_silver,True,False,True,False
16.0,blank,session2_row120,session3_row296,Agilent-3,Pendar-1,pSERS_Metrohm_silver,NRC_Canadian_SERS,True,True,False,True
16.0,blank,session2_row120,session3_row312,Agilent-3,Pendar-1,pSERS_Metrohm_silver,NRC_Canadian_SERS,True,True,False,True
16.0,blank,session2_row120,session3_row324,Agilent-3,Mira-3,pSERS_Metrohm_silver,NRC_Canadian_SERS,True,True,False,True
16.0,blank,session2_row120,session3_row347,Agilent-3,Pendar-1,pSERS_Metrohm_silver,pSERS_Metrohm_silver,True,False,True,False
16.0,blank,session3_row263,session3_row286,Pendar-1,Agilent-1,pSERS_Metrohm_silver,pSERS_Metrohm_silver,True,False,True,False
16.0,blank,session3_row263,session3_row289,Pendar-1,Mira-3,pSERS_Metrohm_silver,pSERS_Metrohm_silver,True,False,True,False
16.0,blank,session3_row263,session3_row296,Pendar-1,Pendar-1,pSERS_Metrohm_silver,NRC_Canadian_SERS,False,True,False,False
16.0,blank,session3_row263,session3_row312,Pendar-1,Pendar-1,pSERS_Metrohm_silver,NRC_Canadian_SERS,False,True,False,False
16.0,blank,session3_row263,session3_row324,Pendar-1,Mira-3,pSERS_Metrohm_silver,NRC_Canadian_SERS,True,True,False,True
16.0,blank,session3_row277,session3_row286,Pendar-1,Agilent-1,pSERS_Metrohm_silver,pSERS_Metrohm_silver,True,False,True,False
16.0,blank,session3_row277,session3_row289,Pendar-1,Mira-3,pSERS_Metrohm_silver,pSERS_Metrohm_silver,True,False,True,False
16.0,blank,session3_row277,session3_row296,Pendar-1,Pendar-1,pSERS_Metrohm_silver,NRC_Canadian_SERS,False,True,False,False
16.0,blank,session3_row277,session3_row312,Pendar-1,Pendar-1,pSERS_Metrohm_silver,NRC_Canadian_SERS,False,True,False,False
16.0,blank,session3_row277,session3_row324,Pendar-1,Mira-3,pSERS_Metrohm_silver,NRC_Canadian_SERS,True,True,False,True
16.0,blank,session3_row286,session3_row289,Agilent-1,Mira-3,pSERS_Metrohm_silver,pSERS_Metrohm_silver,True,False,True,False
16.0,blank,session3_row286,session3_row296,Agilent-1,Pendar-1,pSERS_Metrohm_silver,NRC_Canadian_SERS,True,True,False,True
16.0,blank,session3_row286,session3_row312,Agilent-1,Pendar-1,pSERS_Metrohm_silver,NRC_Canadian_SERS,True,True,False,True
16.0,blank,session3_row286,session3_row324,Agilent-1,Mira-3,pSERS_Metrohm_silver,NRC_Canadian_SERS,True,True,False,True
16.0,blank,session3_row286,session3_row347,Agilent-1,Pendar-1,pSERS_Metrohm_silver,pSERS_Metrohm_silver,True,False,True,False
16.0,blank,session3_row289,session3_row296,Mira-3,Pendar-1,pSERS_Metrohm_silver,NRC_Canadian_SERS,True,True,False,True
16.0,blank,session3_row289,session3_row312,Mira-3,Pendar-1,pSERS_Metrohm_silver,NRC_Canadian_SERS,True,True,False,True
16.0,blank,session3_row289,session3_row324,Mira-3,Mira-3,pSERS_Metrohm_silver,NRC_Canadian_SERS,False,True,False,False
16.0,blank,session3_row289,session3_row347,Mira-3,Pendar-1,pSERS_Metrohm_silver,pSERS_Metrohm_silver,True,False,True,False
16.0,blank,session3_row296,session3_row324,Pendar-1,Mira-3,NRC_Canadian_SERS,NRC_Canadian_SERS,True,False,True,False
16.0,blank,session3_row296,session3_row347,Pendar-1,Pendar-1,NRC_Canadian_SERS,pSERS_Metrohm_silver,False,True,False,False
16.0,blank,session3_row312,session3_row324,Pendar-1,Mira-3,NRC_Canadian_SERS,NRC_Canadian_SERS,True,False,True,False
16.0,blank,session3_row312,session3_row347,Pendar-1,Pendar-1,NRC_Canadian_SERS,pSERS_Metrohm_silver,False,True,False,False
16.0,blank,session3_row324,session3_row347,Mira-3,Pendar-1,NRC_Canadian_SERS,pSERS_Metrohm_silver,True,True,False,True
17.0,4_ANPP,session2_row92,session2_row93,Pendar-3,Mira-3,pSERS_Metrohm_silver,pSERS_Metrohm_silver,True,False,True,False
17.0,4_ANPP,session2_row92,session2_row121,Pendar-3,Agilent-3,pSERS_Metrohm_silver,pSERS_Metrohm_silver,True,False,True,False
17.0,4_ANPP,session2_row92,session3_row279,Pendar-3,Agilent-1,pSERS_Metrohm_silver,pSERS_Metrohm_silver,True,False,True,False
17.0,4_ANPP,session2_row92,session3_row281,Pendar-3,Pendar-1,pSERS_Metrohm_silver,pSERS_Metrohm_silver,True,False,True,False
17.0,4_ANPP,session2_row92,session3_row288,Pendar-3,Agilent-1,pSERS_Metrohm_silver,pSERS_Metrohm_silver,True,False,True,False
17.0,4_ANPP,session2_row92,session3_row290,Pendar-3,Mira-3,pSERS_Metrohm_silver,pSERS_Metrohm_silver,True,False,True,False
17.0,4_ANPP,session2_row92,session3_row348,Pendar-3,Pendar-1,pSERS_Metrohm_silver,pSERS_Metrohm_silver,True,False,True,False
17.0,4_ANPP,session2_row93,session2_row121,Mira-3,Agilent-3,pSERS_Metrohm_silver,pSERS_Metrohm_silver,True,False,True,False
17.0,4_ANPP,session2_row93,session3_row279,Mira-3,Agilent-1,pSERS_Metrohm_silver,pSERS_Metrohm_silver,True,False,True,False
17.0,4_ANPP,session2_row93,session3_row281,Mira-3,Pendar-1,pSERS_Metrohm_silver,pSERS_Metrohm_silver,True,False,True,False
17.0,4_ANPP,session2_row93,session3_row288,Mira-3,Agilent-1,pSERS_Metrohm_silver,pSERS_Metrohm_silver,True,False,True,False
17.0,4_ANPP,session2_row93,session3_row348,Mira-3,Pendar-1,pSERS_Metrohm_silver,pSERS_Metrohm_silver,True,False,True,False
17.0,4_ANPP,session2_row121,session3_row279,Agilent-3,Agilent-1,pSERS_Metrohm_silver,pSERS_Metrohm_silver,True,False,True,False
17.0,4_ANPP,session2_row121,session3_row281,Agilent-3,Pendar-1,pSERS_Metrohm_silver,pSERS_Metrohm_silver,True,False,True,False
17.0,4_ANPP,session2_row121,session3_row288,Agilent-3,Agilent-1,pSERS_Metrohm_silver,pSERS_Metrohm_silver,True,False,True,False
17.0,4_ANPP,session2_row121,session3_row290,Agilent-3,Mira-3,pSERS_Metrohm_silver,pSERS_Metrohm_silver,True,False,True,False
17.0,4_ANPP,session2_row121,session3_row348,Agilent-3,Pendar-1,pSERS_Metrohm_silver,pSERS_Metrohm_silver,True,False,True,False
17.0,4_ANPP,session3_row279,session3_row281,Agilent-1,Pendar-1,pSERS_Metrohm_silver,pSERS_Metrohm_silver,True,False,True,False
17.0,4_ANPP,session3_row279,session3_row290,Agilent-1,Mira-3,pSERS_Metrohm_silver,pSERS_Metrohm_silver,True,False,True,False
17.0,4_ANPP,session3_row279,session3_row348,Agilent-1,Pendar-1,pSERS_Metrohm_silver,pSERS_Metrohm_silver,True,False,True,False
17.0,4_ANPP,session3_row281,session3_row288,Pendar-1,Agilent-1,pSERS_Metrohm_silver,pSERS_Metrohm_silver,True,False,True,False
17.0,4_ANPP,session3_row281,session3_row290,Pendar-1,Mira-3,pSERS_Metrohm_silver,pSERS_Metrohm_silver,True,False,True,False
17.0,4_ANPP,session3_row288,session3_row290,Agilent-1,Mira-3,pSERS_Metrohm_silver,pSERS_Metrohm_silver,True,False,True,False
17.0,4_ANPP,session3_row288,session3_row348,Agilent-1,Pendar-1,pSERS_Metrohm_silver,pSERS_Metrohm_silver,True,False,True,False
17.0,4_ANPP,session3_row290,session3_row348,Mira-3,Pendar-1,pSERS_Metrohm_silver,pSERS_Metrohm_silver,True,False,True,False
18.0,4_ANPP,session2_row94,session2_row95,Pendar-3,Mira-3,pSERS_Metrohm_silver,pSERS_Metrohm_silver,True,False,True,False
18.0,4_ANPP,session2_row94,session2_row122,Pendar-3,Agilent-3,pSERS_Metrohm_silver,pSERS_Metrohm_silver,True,False,True,False
18.0,4_ANPP,session2_row94,session3_row284,Pendar-3,Pendar-1,pSERS_Metrohm_silver,pSERS_Metrohm_silver,True,False,True,False
18.0,4_ANPP,session2_row94,session3_row291,Pendar-3,Agilent-1,pSERS_Metrohm_silver,pSERS_Metrohm_silver,True,False,True,False
18.0,4_ANPP,session2_row94,session3_row292,Pendar-3,Pendar-1,pSERS_Metrohm_silver,NRC_Canadian_SERS,True,True,False,True
18.0,4_ANPP,session2_row94,session3_row308,Pendar-3,Agilent-1,pSERS_Metrohm_silver,NRC_Canadian_SERS,True,True,False,True
18.0,4_ANPP,session2_row94,session3_row309,Pendar-3,Agilent-1,pSERS_Metrohm_silver,pSERS_Metrohm_silver,True,False,True,False
18.0,4_ANPP,session2_row94,session3_row316,Pendar-3,Pendar-1,pSERS_Metrohm_silver,NRC_Canadian_SERS,True,True,False,True
18.0,4_ANPP,session2_row94,session3_row325,Pendar-3,Mira-3,pSERS_Metrohm_silver,NRC_Canadian_SERS,True,True,False,True
18.0,4_ANPP,session2_row94,session3_row342,Pendar-3,Mira-3,pSERS_Metrohm_silver,NRC_Canadian_SERS,True,True,False,True
18.0,4_ANPP,session2_row95,session2_row122,Mira-3,Agilent-3,pSERS_Metrohm_silver,pSERS_Metrohm_silver,True,False,True,False
18.0,4_ANPP,session2_row95,session3_row284,Mira-3,Pendar-1,pSERS_Metrohm_silver,pSERS_Metrohm_silver,True,False,True,False
18.0,4_ANPP,session2_row95,session3_row291,Mira-3,Agilent-1,pSERS_Metrohm_silver,pSERS_Metrohm_silver,True,False,True,False
18.0,4_ANPP,session2_row95,session3_row292,Mira-3,Pendar-1,pSERS_Metrohm_silver,NRC_Canadian_SERS,True,True,False,True
18.0,4_ANPP,session2_row95,session3_row308,Mira-3,Agilent-1,pSERS_Metrohm_silver,NRC_Canadian_SERS,True,True,False,True
18.0,4_ANPP,session2_row95,session3_row309,Mira-3,Agilent-1,pSERS_Metrohm_silver,pSERS_Metrohm_silver,True,False,True,False
18.0,4_ANPP,session2_row95,session3_row316,Mira-3,Pendar-1,pSERS_Metrohm_silver,NRC_Canadian_SERS,True,True,False,True
18.0,4_ANPP,session2_row95,session3_row325,Mira-3,Mira-3,pSERS_Metrohm_silver,NRC_Canadian_SERS,False,True,False,False
18.0,4_ANPP,session2_row95,session3_row342,Mira-3,Mira-3,pSERS_Metrohm_silver,NRC_Canadian_SERS,False,True,False,False
18.0,4_ANPP,session2_row122,session3_row284,Agilent-3,Pendar-1,pSERS_Metrohm_silver,pSERS_Metrohm_silver,True,False,True,False
18.0,4_ANPP,session2_row122,session3_row291,Agilent-3,Agilent-1,pSERS_Metrohm_silver,pSERS_Metrohm_silver,True,False,True,False
18.0,4_ANPP,session2_row122,session3_row292,Agilent-3,Pendar-1,pSERS_Metrohm_silver,NRC_Canadian_SERS,True,True,False,True
18.0,4_ANPP,session2_row122,session3_row308,Agilent-3,Agilent-1,pSERS_Metrohm_silver,NRC_Canadian_SERS,True,True,False,True
18.0,4_ANPP,session2_row122,session3_row309,Agilent-3,Agilent-1,pSERS_Metrohm_silver,pSERS_Metrohm_silver,True,False,True,False
18.0,4_ANPP,session2_row122,session3_row316,Agilent-3,Pendar-1,pSERS_Metrohm_silver,NRC_Canadian_SERS,True,True,False,True
18.0,4_ANPP,session2_row122,session3_row325,Agilent-3,Mira-3,pSERS_Metrohm_silver,NRC_Canadian_SERS,True,True,False,True
18.0,4_ANPP,session2_row122,session3_row342,Agilent-3,Mira-3,pSERS_Metrohm_silver,NRC_Canadian_SERS,True,True,False,True
18.0,4_ANPP,session3_row284,session3_row291,Pendar-1,Agilent-1,pSERS_Metrohm_silver,pSERS_Metrohm_silver,True,False,True,False
18.0,4_ANPP,session3_row284,session3_row292,Pendar-1,Pendar-1,pSERS_Metrohm_silver,NRC_Canadian_SERS,False,True,False,False
18.0,4_ANPP,session3_row284,session3_row308,Pendar-1,Agilent-1,pSERS_Metrohm_silver,NRC_Canadian_SERS,True,True,False,True
18.0,4_ANPP,session3_row284,session3_row309,Pendar-1,Agilent-1,pSERS_Metrohm_silver,pSERS_Metrohm_silver,True,False,True,False
18.0,4_ANPP,session3_row284,session3_row316,Pendar-1,Pendar-1,pSERS_Metrohm_silver,NRC_Canadian_SERS,False,True,False,False
18.0,4_ANPP,session3_row284,session3_row325,Pendar-1,Mira-3,pSERS_Metrohm_silver,NRC_Canadian_SERS,True,True,False,True
18.0,4_ANPP,session3_row284,session3_row342,Pendar-1,Mira-3,pSERS_Metrohm_silver,NRC_Canadian_SERS,True,True,False,True
18.0,4_ANPP,session3_row291,session3_row292,Agilent-1,Pendar-1,pSERS_Metrohm_silver,NRC_Canadian_SERS,True,True,False,True
18.0,4_ANPP,session3_row291,session3_row308,Agilent-1,Agilent-1,pSERS_Metrohm_silver,NRC_Canadian_SERS,False,True,False,False
18.0,4_ANPP,session3_row291,session3_row316,Agilent-1,Pendar-1,pSERS_Metrohm_silver,NRC_Canadian_SERS,True,True,False,True
18.0,4_ANPP,session3_row291,session3_row325,Agilent-1,Mira-3,pSERS_Metrohm_silver,NRC_Canadian_SERS,True,True,False,True
18.0,4_ANPP,session3_row291,session3_row342,Agilent-1,Mira-3,pSERS_Metrohm_silver,NRC_Canadian_SERS,True,True,False,True
18.0,4_ANPP,session3_row292,session3_row308,Pendar-1,Agilent-1,NRC_Canadian_SERS,NRC_Canadian_SERS,True,False,True,False
18.0,4_ANPP,session3_row292,session3_row309,Pendar-1,Agilent-1,NRC_Canadian_SERS,pSERS_Metrohm_silver,True,True,False,True
18.0,4_ANPP,session3_row292,session3_row325,Pendar-1,Mira-3,NRC_Canadian_SERS,NRC_Canadian_SERS,True,False,True,False
18.0,4_ANPP,session3_row292,session3_row342,Pendar-1,Mira-3,NRC_Canadian_SERS,NRC_Canadian_SERS,True,False,True,False
18.0,4_ANPP,session3_row308,session3_row309,Agilent-1,Agilent-1,NRC_Canadian_SERS,pSERS_Metrohm_silver,False,True,False,False
18.0,4_ANPP,session3_row308,session3_row316,Agilent-1,Pendar-1,NRC_Canadian_SERS,NRC_Canadian_SERS,True,False,True,False
18.0,4_ANPP,session3_row308,session3_row325,Agilent-1,Mira-3,NRC_Canadian_SERS,NRC_Canadian_SERS,True,False,True,False
18.0,4_ANPP,session3_row308,session3_row342,Agilent-1,Mira-3,NRC_Canadian_SERS,NRC_Canadian_SERS,True,False,True,False
18.0,4_ANPP,session3_row309,session3_row316,Agilent-1,Pendar-1,pSERS_Metrohm_silver,NRC_Canadian_SERS,True,True,False,True
18.0,4_ANPP,session3_row309,session3_row325,Agilent-1,Mira-3,pSERS_Metrohm_silver,NRC_Canadian_SERS,True,True,False,True
18.0,4_ANPP,session3_row309,session3_row342,Agilent-1,Mira-3,pSERS_Metrohm_silver,NRC_Canadian_SERS,True,True,False,True
18.0,4_ANPP,session3_row316,session3_row325,Pendar-1,Mira-3,NRC_Canadian_SERS,NRC_Canadian_SERS,True,False,True,False
18.0,4_ANPP,session3_row316,session3_row342,Pendar-1,Mira-3,NRC_Canadian_SERS,NRC_Canadian_SERS,True,False,True,False
19.0,4_ANPP,session2_row96,session2_row97,Pendar-3,Mira-3,pSERS_Metrohm_silver,pSERS_Metrohm_silver,True,False,True,False
19.0,4_ANPP,session2_row96,session2_row123,Pendar-3,Agilent-3,pSERS_Metrohm_silver,pSERS_Metrohm_silver,True,False,True,False
19.0,4_ANPP,session2_row96,session3_row287,Pendar-3,Pendar-1,pSERS_Metrohm_silver,pSERS_Metrohm_silver,True,False,True,False
19.0,4_ANPP,session2_row96,session3_row294,Pendar-3,Agilent-1,pSERS_Metrohm_silver,pSERS_Metrohm_silver,True,False,True,False
19.0,4_ANPP,session2_row96,session3_row295,Pendar-3,Mira-3,pSERS_Metrohm_silver,pSERS_Metrohm_silver,True,False,True,False
19.0,4_ANPP,session2_row96,session3_row317,Pendar-3,Pendar-1,pSERS_Metrohm_silver,NRC_Canadian_SERS,True,True,False,True
19.0,4_ANPP,session2_row96,session3_row326,Pendar-3,Mira-3,pSERS_Metrohm_silver,NRC_Canadian_SERS,True,True,False,True
19.0,4_ANPP,session2_row96,session3_row349,Pendar-3,Pendar-1,pSERS_Metrohm_silver,pSERS_Metrohm_silver,True,False,True,False
19.0,4_ANPP,session2_row97,session2_row123,Mira-3,Agilent-3,pSERS_Metrohm_silver,pSERS_Metrohm_silver,True,False,True,False
19.0,4_ANPP,session2_row97,session3_row287,Mira-3,Pendar-1,pSERS_Metrohm_silver,pSERS_Metrohm_silver,True,False,True,False
19.0,4_ANPP,session2_row97,session3_row294,Mira-3,Agilent-1,pSERS_Metrohm_silver,pSERS_Metrohm_silver,True,False,True,False
19.0,4_ANPP,session2_row97,session3_row317,Mira-3,Pendar-1,pSERS_Metrohm_silver,NRC_Canadian_SERS,True,True,False,True
19.0,4_ANPP,session2_row97,session3_row326,Mira-3,Mira-3,pSERS_Metrohm_silver,NRC_Canadian_SERS,False,True,False,False
19.0,4_ANPP,session2_row97,session3_row349,Mira-3,Pendar-1,pSERS_Metrohm_silver,pSERS_Metrohm_silver,True,False,True,False
19.0,4_ANPP,session2_row123,session3_row287,Agilent-3,Pendar-1,pSERS_Metrohm_silver,pSERS_Metrohm_silver,True,False,True,False
19.0,4_ANPP,session2_row123,session3_row294,Agilent-3,Agilent-1,pSERS_Metrohm_silver,pSERS_Metrohm_silver,True,False,True,False
19.0,4_ANPP,session2_row123,session3_row295,Agilent-3,Mira-3,pSERS_Metrohm_silver,pSERS_Metrohm_silver,True,False,True,False
19.0,4_ANPP,session2_row123,session3_row317,Agilent-3,Pendar-1,pSERS_Metrohm_silver,NRC_Canadian_SERS,True,True,False,True
19.0,4_ANPP,session2_row123,session3_row326,Agilent-3,Mira-3,pSERS_Metrohm_silver,NRC_Canadian_SERS,True,True,False,True
19.0,4_ANPP,session2_row123,session3_row349,Agilent-3,Pendar-1,pSERS_Metrohm_silver,pSERS_Metrohm_silver,True,False,True,False
19.0,4_ANPP,session3_row287,session3_row294,Pendar-1,Agilent-1,pSERS_Metrohm_silver,pSERS_Metrohm_silver,True,False,True,False
19.0,4_ANPP,session3_row287,session3_row295,Pendar-1,Mira-3,pSERS_Metrohm_silver,pSERS_Metrohm_silver,True,False,True,False
19.0,4_ANPP,session3_row287,session3_row317,Pendar-1,Pendar-1,pSERS_Metrohm_silver,NRC_Canadian_SERS,False,True,False,False
19.0,4_ANPP,session3_row287,session3_row326,Pendar-1,Mira-3,pSERS_Metrohm_silver,NRC_Canadian_SERS,True,True,False,True
19.0,4_ANPP,session3_row294,session3_row295,Agilent-1,Mira-3,pSERS_Metrohm_silver,pSERS_Metrohm_silver,True,False,True,False
19.0,4_ANPP,session3_row294,session3_row317,Agilent-1,Pendar-1,pSERS_Metrohm_silver,NRC_Canadian_SERS,True,True,False,True
19.0,4_ANPP,session3_row294,session3_row326,Agilent-1,Mira-3,pSERS_Metrohm_silver,NRC_Canadian_SERS,True,True,False,True
19.0,4_ANPP,session3_row294,session3_row349,Agilent-1,Pendar-1,pSERS_Metrohm_silver,pSERS_Metrohm_silver,True,False,True,False
19.0,4_ANPP,session3_row295,session3_row317,Mira-3,Pendar-1,pSERS_Metrohm_silver,NRC_Canadian_SERS,True,True,False,True
19.0,4_ANPP,session3_row295,session3_row326,Mira-3,Mira-3,pSERS_Metrohm_silver,NRC_Canadian_SERS,False,True,False,False
19.0,4_ANPP,session3_row295,session3_row349,Mira-3,Pendar-1,pSERS_Metrohm_silver,pSERS_Metrohm_silver,True,False,True,False
19.0,4_ANPP,session3_row317,session3_row326,Pendar-1,Mira-3,NRC_Canadian_SERS,NRC_Canadian_SERS,True,False,True,False
19.0,4_ANPP,session3_row317,session3_row349,Pendar-1,Pendar-1,NRC_Canadian_SERS,pSERS_Metrohm_silver,False,True,False,False
19.0,4_ANPP,session3_row326,session3_row349,Mira-3,Pendar-1,NRC_Canadian_SERS,pSERS_Metrohm_silver,True,True,False,True
20.0,blank,session2_row103,session2_row104,Pendar-3,Mira-3,pSERS_Metrohm_silver,pSERS_Metrohm_silver,True,False,True,False
20.0,blank,session2_row103,session2_row124,Pendar-3,Agilent-3,pSERS_Metrohm_silver,pSERS_Metrohm_silver,True,False,True,False
20.0,blank,session2_row103,session3_row293,Pendar-3,Mira-3,pSERS_Metrohm_silver,pSERS_Metrohm_silver,True,False,True,False
20.0,blank,session2_row103,session3_row303,Pendar-3,Agilent-1,pSERS_Metrohm_silver,pSERS_Metrohm_silver,True,False,True,False
20.0,blank,session2_row103,session3_row318,Pendar-3,Pendar-1,pSERS_Metrohm_silver,NRC_Canadian_SERS,True,True,False,True
20.0,blank,session2_row103,session3_row340,Pendar-3,Mira-3,pSERS_Metrohm_silver,NRC_Canadian_SERS,True,True,False,True
20.0,blank,session2_row104,session2_row124,Mira-3,Agilent-3,pSERS_Metrohm_silver,pSERS_Metrohm_silver,True,False,True,False
20.0,blank,session2_row104,session3_row303,Mira-3,Agilent-1,pSERS_Metrohm_silver,pSERS_Metrohm_silver,True,False,True,False
20.0,blank,session2_row104,session3_row318,Mira-3,Pendar-1,pSERS_Metrohm_silver,NRC_Canadian_SERS,True,True,False,True
20.0,blank,session2_row104,session3_row340,Mira-3,Mira-3,pSERS_Metrohm_silver,NRC_Canadian_SERS,False,True,False,False
20.0,blank,session2_row124,session3_row293,Agilent-3,Mira-3,pSERS_Metrohm_silver,pSERS_Metrohm_silver,True,False,True,False
20.0,blank,session2_row124,session3_row303,Agilent-3,Agilent-1,pSERS_Metrohm_silver,pSERS_Metrohm_silver,True,False,True,False
20.0,blank,session2_row124,session3_row318,Agilent-3,Pendar-1,pSERS_Metrohm_silver,NRC_Canadian_SERS,True,True,False,True
20.0,blank,session2_row124,session3_row340,Agilent-3,Mira-3,pSERS_Metrohm_silver,NRC_Canadian_SERS,True,True,False,True
20.0,blank,session3_row293,session3_row303,Mira-3,Agilent-1,pSERS_Metrohm_silver,pSERS_Metrohm_silver,True,False,True,False
20.0,blank,session3_row293,session3_row318,Mira-3,Pendar-1,pSERS_Metrohm_silver,NRC_Canadian_SERS,True,True,False,True
20.0,blank,session3_row293,session3_row340,Mira-3,Mira-3,pSERS_Metrohm_silver,NRC_Canadian_SERS,False,True,False,False
20.0,blank,session3_row303,session3_row318,Agilent-1,Pendar-1,pSERS_Metrohm_silver,NRC_Canadian_SERS,True,True,False,True
20.0,blank,session3_row303,session3_row340,Agilent-1,Mira-3,pSERS_Metrohm_silver,NRC_Canadian_SERS,True,True,False,True
20.0,blank,session3_row318,session3_row340,Pendar-1,Mira-3,NRC_Canadian_SERS,NRC_Canadian_SERS,True,False,True,False
25.0,4_ANPP,session1_row96,session1_row97,RMX-2,Pendar-3,pSERS_Metrohm_silver,NRC_Canadian_SERS,True,True,False,True
25.0,4_ANPP,session1_row96,session1_row98,RMX-2,Pendar-3,pSERS_Metrohm_silver,pSERS_Metrohm_silver,True,False,True,False
25.0,4_ANPP,session1_row96,session1_row99,RMX-2,Pendar-3,pSERS_Metrohm_silver,pSERS_Metrohm_silver,True,False,True,False
25.0,4_ANPP,session1_row96,session2_row137,RMX-2,Pendar-2,pSERS_Metrohm_silver,pSERS_Metrohm_silver,True,False,True,False
25.0,4_ANPP,session1_row96,session3_row388,RMX-2,Pendar-3,pSERS_Metrohm_silver,pSERS_Metrohm_silver,True,False,True,False
25.0,4_ANPP,session1_row96,session3_row401,RMX-2,Mira-1,pSERS_Metrohm_silver,pSERS_Metrohm_silver,True,False,True,False
25.0,4_ANPP,session1_row96,session3_row403,RMX-2,Agilent-3,pSERS_Metrohm_silver,pSERS_Metrohm_silver,True,False,True,False
25.0,4_ANPP,session1_row97,session1_row98,Pendar-3,Pendar-3,NRC_Canadian_SERS,pSERS_Metrohm_silver,False,True,False,False
25.0,4_ANPP,session1_row97,session1_row99,Pendar-3,Pendar-3,NRC_Canadian_SERS,pSERS_Metrohm_silver,False,True,False,False
25.0,4_ANPP,session1_row97,session2_row137,Pendar-3,Pendar-2,NRC_Canadian_SERS,pSERS_Metrohm_silver,True,True,False,True
25.0,4_ANPP,session1_row97,session2_row154,Pendar-3,RMX-2,NRC_Canadian_SERS,pSERS_Metrohm_silver,True,True,False,True
25.0,4_ANPP,session1_row97,session2_row156,Pendar-3,RMX-2,NRC_Canadian_SERS,pSERS_Metrohm_silver,True,True,False,True
25.0,4_ANPP,session1_row97,session3_row387,Pendar-3,RMX-2,NRC_Canadian_SERS,pSERS_Metrohm_silver,True,True,False,True
25.0,4_ANPP,session1_row97,session3_row388,Pendar-3,Pendar-3,NRC_Canadian_SERS,pSERS_Metrohm_silver,False,True,False,False
25.0,4_ANPP,session1_row97,session3_row401,Pendar-3,Mira-1,NRC_Canadian_SERS,pSERS_Metrohm_silver,True,True,False,True
25.0,4_ANPP,session1_row97,session3_row403,Pendar-3,Agilent-3,NRC_Canadian_SERS,pSERS_Metrohm_silver,True,True,False,True
25.0,4_ANPP,session1_row98,session2_row137,Pendar-3,Pendar-2,pSERS_Metrohm_silver,pSERS_Metrohm_silver,True,False,True,False
25.0,4_ANPP,session1_row98,session2_row154,Pendar-3,RMX-2,pSERS_Metrohm_silver,pSERS_Metrohm_silver,True,False,True,False
25.0,4_ANPP,session1_row98,session2_row156,Pendar-3,RMX-2,pSERS_Metrohm_silver,pSERS_Metrohm_silver,True,False,True,False
25.0,4_ANPP,session1_row98,session3_row387,Pendar-3,RMX-2,pSERS_Metrohm_silver,pSERS_Metrohm_silver,True,False,True,False
25.0,4_ANPP,session1_row98,session3_row401,Pendar-3,Mira-1,pSERS_Metrohm_silver,pSERS_Metrohm_silver,True,False,True,False
25.0,4_ANPP,session1_row98,session3_row403,Pendar-3,Agilent-3,pSERS_Metrohm_silver,pSERS_Metrohm_silver,True,False,True,False
25.0,4_ANPP,session1_row99,session2_row137,Pendar-3,Pendar-2,pSERS_Metrohm_silver,pSERS_Metrohm_silver,True,False,True,False
25.0,4_ANPP,session1_row99,session2_row154,Pendar-3,RMX-2,pSERS_Metrohm_silver,pSERS_Metrohm_silver,True,False,True,False
25.0,4_ANPP,session1_row99,session2_row156,Pendar-3,RMX-2,pSERS_Metrohm_silver,pSERS_Metrohm_silver,True,False,True,False
25.0,4_ANPP,session1_row99,session3_row387,Pendar-3,RMX-2,pSERS_Metrohm_silver,pSERS_Metrohm_silver,True,False,True,False
25.0,4_ANPP,session1_row99,session3_row401,Pendar-3,Mira-1,pSERS_Metrohm_silver,pSERS_Metrohm_silver,True,False,True,False
25.0,4_ANPP,session1_row99,session3_row403,Pendar-3,Agilent-3,pSERS_Metrohm_silver,pSERS_Metrohm_silver,True,False,True,False
25.0,4_ANPP,session2_row137,session2_row154,Pendar-2,RMX-2,pSERS_Metrohm_silver,pSERS_Metrohm_silver,True,False,True,False
25.0,4_ANPP,session2_row137,session2_row156,Pendar-2,RMX-2,pSERS_Metrohm_silver,pSERS_Metrohm_silver,True,False,True,False
25.0,4_ANPP,session2_row137,session3_row387,Pendar-2,RMX-2,pSERS_Metrohm_silver,pSERS_Metrohm_silver,True,False,True,False
25.0,4_ANPP,session2_row137,session3_row388,Pendar-2,Pendar-3,pSERS_Metrohm_silver,pSERS_Metrohm_silver,True,False,True,False
25.0,4_ANPP,session2_row137,session3_row401,Pendar-2,Mira-1,pSERS_Metrohm_silver,pSERS_Metrohm_silver,True,False,True,False
25.0,4_ANPP,session2_row137,session3_row403,Pendar-2,Agilent-3,pSERS_Metrohm_silver,pSERS_Metrohm_silver,True,False,True,False
25.0,4_ANPP,session2_row154,session3_row388,RMX-2,Pendar-3,pSERS_Metrohm_silver,pSERS_Metrohm_silver,True,False,True,False
25.0,4_ANPP,session2_row154,session3_row401,RMX-2,Mira-1,pSERS_Metrohm_silver,pSERS_Metrohm_silver,True,False,True,False
25.0,4_ANPP,session2_row154,session3_row403,RMX-2,Agilent-3,pSERS_Metrohm_silver,pSERS_Metrohm_silver,True,False,True,False
25.0,4_ANPP,session2_row156,session3_row388,RMX-2,Pendar-3,pSERS_Metrohm_silver,pSERS_Metrohm_silver,True,False,True,False
25.0,4_ANPP,session2_row156,session3_row401,RMX-2,Mira-1,pSERS_Metrohm_silver,pSERS_Metrohm_silver,True,False,True,False
25.0,4_ANPP,session2_row156,session3_row403,RMX-2,Agilent-3,pSERS_Metrohm_silver,pSERS_Metrohm_silver,True,False,True,False
25.0,4_ANPP,session3_row387,session3_row388,RMX-2,Pendar-3,pSERS_Metrohm_silver,pSERS_Metrohm_silver,True,False,True,False
25.0,4_ANPP,session3_row387,session3_row401,RMX-2,Mira-1,pSERS_Metrohm_silver,pSERS_Metrohm_silver,True,False,True,False
25.0,4_ANPP,session3_row387,session3_row403,RMX-2,Agilent-3,pSERS_Metrohm_silver,pSERS_Metrohm_silver,True,False,True,False
25.0,4_ANPP,session3_row388,session3_row401,Pendar-3,Mira-1,pSERS_Metrohm_silver,pSERS_Metrohm_silver,True,False,True,False
25.0,4_ANPP,session3_row388,session3_row403,Pendar-3,Agilent-3,pSERS_Metrohm_silver,pSERS_Metrohm_silver,True,False,True,False
25.0,4_ANPP,session3_row401,session3_row403,Mira-1,Agilent-3,pSERS_Metrohm_silver,pSERS_Metrohm_silver,True,False,True,False
26.0,acetaminophen,session1_row110,session1_row114,Pendar-3,Pendar-3,H_SERS_H_Kit,NRC_Canadian_SERS,False,True,False,False
26.0,acetaminophen,session1_row110,session2_row138,Pendar-3,Pendar-2,H_SERS_H_Kit,pSERS_Metrohm_silver,True,True,False,True
26.0,acetaminophen,session1_row110,session2_row139,Pendar-3,Pendar-2,H_SERS_H_Kit,pSERS_Metrohm_silver,True,True,False,True
26.0,acetaminophen,session1_row110,session2_row155,Pendar-3,RMX-2,H_SERS_H_Kit,pSERS_Metrohm_silver,True,True,False,True
26.0,acetaminophen,session1_row110,session3_row389,Pendar-3,RMX-2,H_SERS_H_Kit,pSERS_Metrohm_silver,True,True,False,True
26.0,acetaminophen,session1_row110,session3_row402,Pendar-3,Mira-1,H_SERS_H_Kit,pSERS_Metrohm_silver,True,True,False,True
26.0,acetaminophen,session1_row110,session3_row405,Pendar-3,Agilent-3,H_SERS_H_Kit,pSERS_Metrohm_silver,True,True,False,True
26.0,acetaminophen,session1_row114,session2_row138,Pendar-3,Pendar-2,NRC_Canadian_SERS,pSERS_Metrohm_silver,True,True,False,True
26.0,acetaminophen,session1_row114,session2_row139,Pendar-3,Pendar-2,NRC_Canadian_SERS,pSERS_Metrohm_silver,True,True,False,True
26.0,acetaminophen,session1_row114,session2_row155,Pendar-3,RMX-2,NRC_Canadian_SERS,pSERS_Metrohm_silver,True,True,False,True
26.0,acetaminophen,session1_row114,session3_row389,Pendar-3,RMX-2,NRC_Canadian_SERS,pSERS_Metrohm_silver,True,True,False,True
26.0,acetaminophen,session1_row114,session3_row402,Pendar-3,Mira-1,NRC_Canadian_SERS,pSERS_Metrohm_silver,True,True,False,True
26.0,acetaminophen,session1_row114,session3_row405,Pendar-3,Agilent-3,NRC_Canadian_SERS,pSERS_Metrohm_silver,True,True,False,True
26.0,acetaminophen,session2_row138,session2_row155,Pendar-2,RMX-2,pSERS_Metrohm_silver,pSERS_Metrohm_silver,True,False,True,False
26.0,acetaminophen,session2_row138,session3_row389,Pendar-2,RMX-2,pSERS_Metrohm_silver,pSERS_Metrohm_silver,True,False,True,False
26.0,acetaminophen,session2_row138,session3_row402,Pendar-2,Mira-1,pSERS_Metrohm_silver,pSERS_Metrohm_silver,True,False,True,False
26.0,acetaminophen,session2_row138,session3_row405,Pendar-2,Agilent-3,pSERS_Metrohm_silver,pSERS_Metrohm_silver,True,False,True,False
26.0,acetaminophen,session2_row139,session2_row155,Pendar-2,RMX-2,pSERS_Metrohm_silver,pSERS_Metrohm_silver,True,False,True,False
26.0,acetaminophen,session2_row139,session3_row389,Pendar-2,RMX-2,pSERS_Metrohm_silver,pSERS_Metrohm_silver,True,False,True,False
26.0,acetaminophen,session2_row139,session3_row402,Pendar-2,Mira-1,pSERS_Metrohm_silver,pSERS_Metrohm_silver,True,False,True,False
26.0,acetaminophen,session2_row139,session3_row405,Pendar-2,Agilent-3,pSERS_Metrohm_silver,pSERS_Metrohm_silver,True,False,True,False
26.0,acetaminophen,session2_row155,session3_row402,RMX-2,Mira-1,pSERS_Metrohm_silver,pSERS_Metrohm_silver,True,False,True,False
26.0,acetaminophen,session2_row155,session3_row405,RMX-2,Agilent-3,pSERS_Metrohm_silver,pSERS_Metrohm_silver,True,False,True,False
26.0,acetaminophen,session3_row389,session3_row402,RMX-2,Mira-1,pSERS_Metrohm_silver,pSERS_Metrohm_silver,True,False,True,False
26.0,acetaminophen,session3_row389,session3_row405,RMX-2,Agilent-3,pSERS_Metrohm_silver,pSERS_Metrohm_silver,True,False,True,False
26.0,acetaminophen,session3_row402,session3_row405,Mira-1,Agilent-3,pSERS_Metrohm_silver,pSERS_Metrohm_silver,True,False,True,False
27.0,benzyl_fentanyl,session1_row106,session1_row108,Pendar-3,Mira-2,NRC_Canadian_SERS,NRC_Canadian_SERS,True,False,True,False
27.0,benzyl_fentanyl,session1_row106,session1_row112,Pendar-3,RMX-2,NRC_Canadian_SERS,NRC_Canadian_SERS,True,False,True,False
27.0,benzyl_fentanyl,session1_row106,session2_row142,Pendar-3,Pendar-2,NRC_Canadian_SERS,pSERS_Metrohm_silver,True,True,False,True
27.0,benzyl_fentanyl,session1_row106,session2_row143,Pendar-3,Pendar-2,NRC_Canadian_SERS,pSERS_Metrohm_silver,True,True,False,True
27.0,benzyl_fentanyl,session1_row106,session2_row150,Pendar-3,RMX-2,NRC_Canadian_SERS,pSERS_Metrohm_silver,True,True,False,True
27.0,benzyl_fentanyl,session1_row106,session3_row392,Pendar-3,RMX-2,NRC_Canadian_SERS,pSERS_Metrohm_silver,True,True,False,True
27.0,benzyl_fentanyl,session1_row106,session3_row404,Pendar-3,Mira-1,NRC_Canadian_SERS,pSERS_Metrohm_silver,True,True,False,True
27.0,benzyl_fentanyl,session1_row106,session3_row406,Pendar-3,Agilent-3,NRC_Canadian_SERS,pSERS_Metrohm_silver,True,True,False,True
27.0,benzyl_fentanyl,session1_row108,session1_row112,Mira-2,RMX-2,NRC_Canadian_SERS,NRC_Canadian_SERS,True,False,True,False
27.0,benzyl_fentanyl,session1_row108,session2_row142,Mira-2,Pendar-2,NRC_Canadian_SERS,pSERS_Metrohm_silver,True,True,False,True
27.0,benzyl_fentanyl,session1_row108,session2_row143,Mira-2,Pendar-2,NRC_Canadian_SERS,pSERS_Metrohm_silver,True,True,False,True
27.0,benzyl_fentanyl,session1_row108,session2_row150,Mira-2,RMX-2,NRC_Canadian_SERS,pSERS_Metrohm_silver,True,True,False,True
27.0,benzyl_fentanyl,session1_row108,session3_row392,Mira-2,RMX-2,NRC_Canadian_SERS,pSERS_Metrohm_silver,True,True,False,True
27.0,benzyl_fentanyl,session1_row108,session3_row404,Mira-2,Mira-1,NRC_Canadian_SERS,pSERS_Metrohm_silver,True,True,False,True
27.0,benzyl_fentanyl,session1_row108,session3_row406,Mira-2,Agilent-3,NRC_Canadian_SERS,pSERS_Metrohm_silver,True,True,False,True
27.0,benzyl_fentanyl,session1_row112,session2_row142,RMX-2,Pendar-2,NRC_Canadian_SERS,pSERS_Metrohm_silver,True,True,False,True
27.0,benzyl_fentanyl,session1_row112,session2_row143,RMX-2,Pendar-2,NRC_Canadian_SERS,pSERS_Metrohm_silver,True,True,False,True
27.0,benzyl_fentanyl,session1_row112,session2_row150,RMX-2,RMX-2,NRC_Canadian_SERS,pSERS_Metrohm_silver,False,True,False,False
27.0,benzyl_fentanyl,session1_row112,session3_row392,RMX-2,RMX-2,NRC_Canadian_SERS,pSERS_Metrohm_silver,False,True,False,False
27.0,benzyl_fentanyl,session1_row112,session3_row404,RMX-2,Mira-1,NRC_Canadian_SERS,pSERS_Metrohm_silver,True,True,False,True
27.0,benzyl_fentanyl,session1_row112,session3_row406,RMX-2,Agilent-3,NRC_Canadian_SERS,pSERS_Metrohm_silver,True,True,False,True
27.0,benzyl_fentanyl,session2_row142,session2_row150,Pendar-2,RMX-2,pSERS_Metrohm_silver,pSERS_Metrohm_silver,True,False,True,False
27.0,benzyl_fentanyl,session2_row142,session3_row392,Pendar-2,RMX-2,pSERS_Metrohm_silver,pSERS_Metrohm_silver,True,False,True,False
27.0,benzyl_fentanyl,session2_row142,session3_row404,Pendar-2,Mira-1,pSERS_Metrohm_silver,pSERS_Metrohm_silver,True,False,True,False
27.0,benzyl_fentanyl,session2_row142,session3_row406,Pendar-2,Agilent-3,pSERS_Metrohm_silver,pSERS_Metrohm_silver,True,False,True,False
27.0,benzyl_fentanyl,session2_row143,session2_row150,Pendar-2,RMX-2,pSERS_Metrohm_silver,pSERS_Metrohm_silver,True,False,True,False
27.0,benzyl_fentanyl,session2_row143,session3_row392,Pendar-2,RMX-2,pSERS_Metrohm_silver,pSERS_Metrohm_silver,True,False,True,False
27.0,benzyl_fentanyl,session2_row143,session3_row404,Pendar-2,Mira-1,pSERS_Metrohm_silver,pSERS_Metrohm_silver,True,False,True,False
27.0,benzyl_fentanyl,session2_row143,session3_row406,Pendar-2,Agilent-3,pSERS_Metrohm_silver,pSERS_Metrohm_silver,True,False,True,False
27.0,benzyl_fentanyl,session2_row150,session3_row404,RMX-2,Mira-1,pSERS_Metrohm_silver,pSERS_Metrohm_silver,True,False,True,False
27.0,benzyl_fentanyl,session2_row150,session3_row406,RMX-2,Agilent-3,pSERS_Metrohm_silver,pSERS_Metrohm_silver,True,False,True,False
27.0,benzyl_fentanyl,session3_row392,session3_row404,RMX-2,Mira-1,pSERS_Metrohm_silver,pSERS_Metrohm_silver,True,False,True,False
27.0,benzyl_fentanyl,session3_row392,session3_row406,RMX-2,Agilent-3,pSERS_Metrohm_silver,pSERS_Metrohm_silver,True,False,True,False
27.0,benzyl_fentanyl,session3_row404,session3_row406,Mira-1,Agilent-3,pSERS_Metrohm_silver,pSERS_Metrohm_silver,True,False,True,False
28.0,acetaminophen,session1_row72,session1_row74,Pendar-3,Mira-2,pSERS_Metrohm_silver,pSERS_Metrohm_silver,True,False,True,False
28.0,acetaminophen,session1_row72,session1_row75,Pendar-3,RMX-2,pSERS_Metrohm_silver,pSERS_Metrohm_silver,True,False,True,False
28.0,acetaminophen,session1_row72,session1_row76,Pendar-3,RMX-2,pSERS_Metrohm_silver,pSERS_Metrohm_silver,True,False,True,False
28.0,acetaminophen,session1_row72,session1_row77,Pendar-3,RMX-2,pSERS_Metrohm_silver,pSERS_Metrohm_silver,True,False,True,False
28.0,acetaminophen,session1_row72,session1_row78,Pendar-3,RMX-2,pSERS_Metrohm_silver,pSERS_Metrohm_silver,True,False,True,False
28.0,acetaminophen,session1_row72,session1_row79,Pendar-3,RMX-2,pSERS_Metrohm_silver,pSERS_Metrohm_silver,True,False,True,False
28.0,acetaminophen,session1_row72,session1_row80,Pendar-3,RMX-2,pSERS_Metrohm_silver,pSERS_Metrohm_silver,True,False,True,False
28.0,acetaminophen,session1_row72,session1_row82,Pendar-3,Pendar-3,pSERS_Metrohm_silver,NRC_Canadian_SERS,False,True,False,False
28.0,acetaminophen,session1_row72,session1_row85,Pendar-3,RMX-2,pSERS_Metrohm_silver,NRC_Canadian_SERS,True,True,False,True
28.0,acetaminophen,session1_row72,session1_row87,Pendar-3,Mira-2,pSERS_Metrohm_silver,NRC_Canadian_SERS,True,True,False,True
28.0,acetaminophen,session1_row72,session2_row146,Pendar-3,Pendar-2,pSERS_Metrohm_silver,pSERS_Metrohm_silver,True,False,True,False
28.0,acetaminophen,session1_row72,session2_row147,Pendar-3,Pendar-2,pSERS_Metrohm_silver,pSERS_Metrohm_silver,True,False,True,False
28.0,acetaminophen,session1_row72,session2_row151,Pendar-3,RMX-2,pSERS_Metrohm_silver,pSERS_Metrohm_silver,True,False,True,False
28.0,acetaminophen,session1_row72,session3_row394,Pendar-3,RMX-2,pSERS_Metrohm_silver,pSERS_Metrohm_silver,True,False,True,False
28.0,acetaminophen,session1_row72,session3_row407,Pendar-3,Mira-1,pSERS_Metrohm_silver,pSERS_Metrohm_silver,True,False,True,False
28.0,acetaminophen,session1_row72,session3_row408,Pendar-3,Agilent-3,pSERS_Metrohm_silver,pSERS_Metrohm_silver,True,False,True,False
28.0,acetaminophen,session1_row74,session1_row75,Mira-2,RMX-2,pSERS_Metrohm_silver,pSERS_Metrohm_silver,True,False,True,False
28.0,acetaminophen,session1_row74,session1_row76,Mira-2,RMX-2,pSERS_Metrohm_silver,pSERS_Metrohm_silver,True,False,True,False
28.0,acetaminophen,session1_row74,session1_row77,Mira-2,RMX-2,pSERS_Metrohm_silver,pSERS_Metrohm_silver,True,False,True,False
28.0,acetaminophen,session1_row74,session1_row78,Mira-2,RMX-2,pSERS_Metrohm_silver,pSERS_Metrohm_silver,True,False,True,False
28.0,acetaminophen,session1_row74,session1_row79,Mira-2,RMX-2,pSERS_Metrohm_silver,pSERS_Metrohm_silver,True,False,True,False
28.0,acetaminophen,session1_row74,session1_row80,Mira-2,RMX-2,pSERS_Metrohm_silver,pSERS_Metrohm_silver,True,False,True,False
28.0,acetaminophen,session1_row74,session1_row82,Mira-2,Pendar-3,pSERS_Metrohm_silver,NRC_Canadian_SERS,True,True,False,True
28.0,acetaminophen,session1_row74,session1_row85,Mira-2,RMX-2,pSERS_Metrohm_silver,NRC_Canadian_SERS,True,True,False,True
28.0,acetaminophen,session1_row74,session1_row87,Mira-2,Mira-2,pSERS_Metrohm_silver,NRC_Canadian_SERS,False,True,False,False
28.0,acetaminophen,session1_row74,session2_row146,Mira-2,Pendar-2,pSERS_Metrohm_silver,pSERS_Metrohm_silver,True,False,True,False
28.0,acetaminophen,session1_row74,session2_row147,Mira-2,Pendar-2,pSERS_Metrohm_silver,pSERS_Metrohm_silver,True,False,True,False
28.0,acetaminophen,session1_row74,session2_row151,Mira-2,RMX-2,pSERS_Metrohm_silver,pSERS_Metrohm_silver,True,False,True,False
28.0,acetaminophen,session1_row74,session3_row393,Mira-2,Pendar-3,pSERS_Metrohm_silver,pSERS_Metrohm_silver,True,False,True,False
28.0,acetaminophen,session1_row74,session3_row394,Mira-2,RMX-2,pSERS_Metrohm_silver,pSERS_Metrohm_silver,True,False,True,False
28.0,acetaminophen,session1_row74,session3_row407,Mira-2,Mira-1,pSERS_Metrohm_silver,pSERS_Metrohm_silver,True,False,True,False
28.0,acetaminophen,session1_row74,session3_row408,Mira-2,Agilent-3,pSERS_Metrohm_silver,pSERS_Metrohm_silver,True,False,True,False
28.0,acetaminophen,session1_row75,session1_row82,RMX-2,Pendar-3,pSERS_Metrohm_silver,NRC_Canadian_SERS,True,True,False,True
28.0,acetaminophen,session1_row75,session1_row85,RMX-2,RMX-2,pSERS_Metrohm_silver,NRC_Canadian_SERS,False,True,False,False
28.0,acetaminophen,session1_row75,session1_row87,RMX-2,Mira-2,pSERS_Metrohm_silver,NRC_Canadian_SERS,True,True,False,True
28.0,acetaminophen,session1_row75,session2_row146,RMX-2,Pendar-2,pSERS_Metrohm_silver,pSERS_Metrohm_silver,True,False,True,False
28.0,acetaminophen,session1_row75,session2_row147,RMX-2,Pendar-2,pSERS_Metrohm_silver,pSERS_Metrohm_silver,True,False,True,False
28.0,acetaminophen,session1_row75,session3_row393,RMX-2,Pendar-3,pSERS_Metrohm_silver,pSERS_Metrohm_silver,True,False,True,False
28.0,acetaminophen,session1_row75,session3_row407,RMX-2,Mira-1,pSERS_Metrohm_silver,pSERS_Metrohm_silver,True,False,True,False
28.0,acetaminophen,session1_row75,session3_row408,RMX-2,Agilent-3,pSERS_Metrohm_silver,pSERS_Metrohm_silver,True,False,True,False
28.0,acetaminophen,session1_row76,session1_row82,RMX-2,Pendar-3,pSERS_Metrohm_silver,NRC_Canadian_SERS,True,True,False,True
28.0,acetaminophen,session1_row76,session1_row85,RMX-2,RMX-2,pSERS_Metrohm_silver,NRC_Canadian_SERS,False,True,False,False
28.0,acetaminophen,session1_row76,session1_row87,RMX-2,Mira-2,pSERS_Metrohm_silver,NRC_Canadian_SERS,True,True,False,True
28.0,acetaminophen,session1_row76,session2_row146,RMX-2,Pendar-2,pSERS_Metrohm_silver,pSERS_Metrohm_silver,True,False,True,False
28.0,acetaminophen,session1_row76,session2_row147,RMX-2,Pendar-2,pSERS_Metrohm_silver,pSERS_Metrohm_silver,True,False,True,False
28.0,acetaminophen,session1_row76,session3_row393,RMX-2,Pendar-3,pSERS_Metrohm_silver,pSERS_Metrohm_silver,True,False,True,False
28.0,acetaminophen,session1_row76,session3_row407,RMX-2,Mira-1,pSERS_Metrohm_silver,pSERS_Metrohm_silver,True,False,True,False
28.0,acetaminophen,session1_row76,session3_row408,RMX-2,Agilent-3,pSERS_Metrohm_silver,pSERS_Metrohm_silver,True,False,True,False
28.0,acetaminophen,session1_row77,session1_row82,RMX-2,Pendar-3,pSERS_Metrohm_silver,NRC_Canadian_SERS,True,True,False,True
28.0,acetaminophen,session1_row77,session1_row85,RMX-2,RMX-2,pSERS_Metrohm_silver,NRC_Canadian_SERS,False,True,False,False
28.0,acetaminophen,session1_row77,session1_row87,RMX-2,Mira-2,pSERS_Metrohm_silver,NRC_Canadian_SERS,True,True,False,True
28.0,acetaminophen,session1_row77,session2_row146,RMX-2,Pendar-2,pSERS_Metrohm_silver,pSERS_Metrohm_silver,True,False,True,False
28.0,acetaminophen,session1_row77,session2_row147,RMX-2,Pendar-2,pSERS_Metrohm_silver,pSERS_Metrohm_silver,True,False,True,False
28.0,acetaminophen,session1_row77,session3_row393,RMX-2,Pendar-3,pSERS_Metrohm_silver,pSERS_Metrohm_silver,True,False,True,False
28.0,acetaminophen,session1_row77,session3_row407,RMX-2,Mira-1,pSERS_Metrohm_silver,pSERS_Metrohm_silver,True,False,True,False
28.0,acetaminophen,session1_row77,session3_row408,RMX-2,Agilent-3,pSERS_Metrohm_silver,pSERS_Metrohm_silver,True,False,True,False
28.0,acetaminophen,session1_row78,session1_row82,RMX-2,Pendar-3,pSERS_Metrohm_silver,NRC_Canadian_SERS,True,True,False,True
28.0,acetaminophen,session1_row78,session1_row85,RMX-2,RMX-2,pSERS_Metrohm_silver,NRC_Canadian_SERS,False,True,False,False
28.0,acetaminophen,session1_row78,session1_row87,RMX-2,Mira-2,pSERS_Metrohm_silver,NRC_Canadian_SERS,True,True,False,True
28.0,acetaminophen,session1_row78,session2_row146,RMX-2,Pendar-2,pSERS_Metrohm_silver,pSERS_Metrohm_silver,True,False,True,False
28.0,acetaminophen,session1_row78,session2_row147,RMX-2,Pendar-2,pSERS_Metrohm_silver,pSERS_Metrohm_silver,True,False,True,False
28.0,acetaminophen,session1_row78,session3_row393,RMX-2,Pendar-3,pSERS_Metrohm_silver,pSERS_Metrohm_silver,True,False,True,False
28.0,acetaminophen,session1_row78,session3_row407,RMX-2,Mira-1,pSERS_Metrohm_silver,pSERS_Metrohm_silver,True,False,True,False
28.0,acetaminophen,session1_row78,session3_row408,RMX-2,Agilent-3,pSERS_Metrohm_silver,pSERS_Metrohm_silver,True,False,True,False
28.0,acetaminophen,session1_row79,session1_row82,RMX-2,Pendar-3,pSERS_Metrohm_silver,NRC_Canadian_SERS,True,True,False,True
28.0,acetaminophen,session1_row79,session1_row85,RMX-2,RMX-2,pSERS_Metrohm_silver,NRC_Canadian_SERS,False,True,False,False
28.0,acetaminophen,session1_row79,session1_row87,RMX-2,Mira-2,pSERS_Metrohm_silver,NRC_Canadian_SERS,True,True,False,True
28.0,acetaminophen,session1_row79,session2_row146,RMX-2,Pendar-2,pSERS_Metrohm_silver,pSERS_Metrohm_silver,True,False,True,False
28.0,acetaminophen,session1_row79,session2_row147,RMX-2,Pendar-2,pSERS_Metrohm_silver,pSERS_Metrohm_silver,True,False,True,False
28.0,acetaminophen,session1_row79,session3_row393,RMX-2,Pendar-3,pSERS_Metrohm_silver,pSERS_Metrohm_silver,True,False,True,False
28.0,acetaminophen,session1_row79,session3_row407,RMX-2,Mira-1,pSERS_Metrohm_silver,pSERS_Metrohm_silver,True,False,True,False
28.0,acetaminophen,session1_row79,session3_row408,RMX-2,Agilent-3,pSERS_Metrohm_silver,pSERS_Metrohm_silver,True,False,True,False
28.0,acetaminophen,session1_row80,session1_row82,RMX-2,Pendar-3,pSERS_Metrohm_silver,NRC_Canadian_SERS,True,True,False,True
28.0,acetaminophen,session1_row80,session1_row85,RMX-2,RMX-2,pSERS_Metrohm_silver,NRC_Canadian_SERS,False,True,False,False
28.0,acetaminophen,session1_row80,session1_row87,RMX-2,Mira-2,pSERS_Metrohm_silver,NRC_Canadian_SERS,True,True,False,True
28.0,acetaminophen,session1_row80,session2_row146,RMX-2,Pendar-2,pSERS_Metrohm_silver,pSERS_Metrohm_silver,True,False,True,False
28.0,acetaminophen,session1_row80,session2_row147,RMX-2,Pendar-2,pSERS_Metrohm_silver,pSERS_Metrohm_silver,True,False,True,False
28.0,acetaminophen,session1_row80,session3_row393,RMX-2,Pendar-3,pSERS_Metrohm_silver,pSERS_Metrohm_silver,True,False,True,False
28.0,acetaminophen,session1_row80,session3_row407,RMX-2,Mira-1,pSERS_Metrohm_silver,pSERS_Metrohm_silver,True,False,True,False
28.0,acetaminophen,session1_row80,session3_row408,RMX-2,Agilent-3,pSERS_Metrohm_silver,pSERS_Metrohm_silver,True,False,True,False
28.0,acetaminophen,session1_row82,session1_row85,Pendar-3,RMX-2,NRC_Canadian_SERS,NRC_Canadian_SERS,True,False,True,False
28.0,acetaminophen,session1_row82,session1_row87,Pendar-3,Mira-2,NRC_Canadian_SERS,NRC_Canadian_SERS,True,False,True,False
28.0,acetaminophen,session1_row82,session2_row146,Pendar-3,Pendar-2,NRC_Canadian_SERS,pSERS_Metrohm_silver,True,True,False,True
28.0,acetaminophen,session1_row82,session2_row147,Pendar-3,Pendar-2,NRC_Canadian_SERS,pSERS_Metrohm_silver,True,True,False,True
28.0,acetaminophen,session1_row82,session2_row151,Pendar-3,RMX-2,NRC_Canadian_SERS,pSERS_Metrohm_silver,True,True,False,True
28.0,acetaminophen,session1_row82,session3_row393,Pendar-3,Pendar-3,NRC_Canadian_SERS,pSERS_Metrohm_silver,False,True,False,False
28.0,acetaminophen,session1_row82,session3_row394,Pendar-3,RMX-2,NRC_Canadian_SERS,pSERS_Metrohm_silver,True,True,False,True
28.0,acetaminophen,session1_row82,session3_row407,Pendar-3,Mira-1,NRC_Canadian_SERS,pSERS_Metrohm_silver,True,True,False,True
28.0,acetaminophen,session1_row82,session3_row408,Pendar-3,Agilent-3,NRC_Canadian_SERS,pSERS_Metrohm_silver,True,True,False,True
28.0,acetaminophen,session1_row85,session1_row87,RMX-2,Mira-2,NRC_Canadian_SERS,NRC_Canadian_SERS,True,False,True,False
28.0,acetaminophen,session1_row85,session2_row146,RMX-2,Pendar-2,NRC_Canadian_SERS,pSERS_Metrohm_silver,True,True,False,True
28.0,acetaminophen,session1_row85,session2_row147,RMX-2,Pendar-2,NRC_Canadian_SERS,pSERS_Metrohm_silver,True,True,False,True
28.0,acetaminophen,session1_row85,session2_row151,RMX-2,RMX-2,NRC_Canadian_SERS,pSERS_Metrohm_silver,False,True,False,False
28.0,acetaminophen,session1_row85,session3_row393,RMX-2,Pendar-3,NRC_Canadian_SERS,pSERS_Metrohm_silver,True,True,False,True
28.0,acetaminophen,session1_row85,session3_row394,RMX-2,RMX-2,NRC_Canadian_SERS,pSERS_Metrohm_silver,False,True,False,False
28.0,acetaminophen,session1_row85,session3_row407,RMX-2,Mira-1,NRC_Canadian_SERS,pSERS_Metrohm_silver,True,True,False,True
28.0,acetaminophen,session1_row85,session3_row408,RMX-2,Agilent-3,NRC_Canadian_SERS,pSERS_Metrohm_silver,True,True,False,True
28.0,acetaminophen,session1_row87,session2_row146,Mira-2,Pendar-2,NRC_Canadian_SERS,pSERS_Metrohm_silver,True,True,False,True
28.0,acetaminophen,session1_row87,session2_row147,Mira-2,Pendar-2,NRC_Canadian_SERS,pSERS_Metrohm_silver,True,True,False,True
28.0,acetaminophen,session1_row87,session2_row151,Mira-2,RMX-2,NRC_Canadian_SERS,pSERS_Metrohm_silver,True,True,False,True
28.0,acetaminophen,session1_row87,session3_row393,Mira-2,Pendar-3,NRC_Canadian_SERS,pSERS_Metrohm_silver,True,True,False,True
28.0,acetaminophen,session1_row87,session3_row394,Mira-2,RMX-2,NRC_Canadian_SERS,pSERS_Metrohm_silver,True,True,False,True
28.0,acetaminophen,session1_row87,session3_row407,Mira-2,Mira-1,NRC_Canadian_SERS,pSERS_Metrohm_silver,True,True,False,True
28.0,acetaminophen,session1_row87,session3_row408,Mira-2,Agilent-3,NRC_Canadian_SERS,pSERS_Metrohm_silver,True,True,False,True
28.0,acetaminophen,session2_row146,session2_row151,Pendar-2,RMX-2,pSERS_Metrohm_silver,pSERS_Metrohm_silver,True,False,True,False
28.0,acetaminophen,session2_row146,session3_row393,Pendar-2,Pendar-3,pSERS_Metrohm_silver,pSERS_Metrohm_silver,True,False,True,False
28.0,acetaminophen,session2_row146,session3_row394,Pendar-2,RMX-2,pSERS_Metrohm_silver,pSERS_Metrohm_silver,True,False,True,False
28.0,acetaminophen,session2_row146,session3_row407,Pendar-2,Mira-1,pSERS_Metrohm_silver,pSERS_Metrohm_silver,True,False,True,False
28.0,acetaminophen,session2_row146,session3_row408,Pendar-2,Agilent-3,pSERS_Metrohm_silver,pSERS_Metrohm_silver,True,False,True,False
28.0,acetaminophen,session2_row147,session2_row151,Pendar-2,RMX-2,pSERS_Metrohm_silver,pSERS_Metrohm_silver,True,False,True,False
28.0,acetaminophen,session2_row147,session3_row393,Pendar-2,Pendar-3,pSERS_Metrohm_silver,pSERS_Metrohm_silver,True,False,True,False
28.0,acetaminophen,session2_row147,session3_row394,Pendar-2,RMX-2,pSERS_Metrohm_silver,pSERS_Metrohm_silver,True,False,True,False
28.0,acetaminophen,session2_row147,session3_row407,Pendar-2,Mira-1,pSERS_Metrohm_silver,pSERS_Metrohm_silver,True,False,True,False
28.0,acetaminophen,session2_row147,session3_row408,Pendar-2,Agilent-3,pSERS_Metrohm_silver,pSERS_Metrohm_silver,True,False,True,False
28.0,acetaminophen,session2_row151,session3_row393,RMX-2,Pendar-3,pSERS_Metrohm_silver,pSERS_Metrohm_silver,True,False,True,False
28.0,acetaminophen,session2_row151,session3_row407,RMX-2,Mira-1,pSERS_Metrohm_silver,pSERS_Metrohm_silver,True,False,True,False
28.0,acetaminophen,session2_row151,session3_row408,RMX-2,Agilent-3,pSERS_Metrohm_silver,pSERS_Metrohm_silver,True,False,True,False
28.0,acetaminophen,session3_row393,session3_row394,Pendar-3,RMX-2,pSERS_Metrohm_silver,pSERS_Metrohm_silver,True,False,True,False
28.0,acetaminophen,session3_row393,session3_row407,Pendar-3,Mira-1,pSERS_Metrohm_silver,pSERS_Metrohm_silver,True,False,True,False
28.0,acetaminophen,session3_row393,session3_row408,Pendar-3,Agilent-3,pSERS_Metrohm_silver,pSERS_Metrohm_silver,True,False,True,False
28.0,acetaminophen,session3_row394,session3_row407,RMX-2,Mira-1,pSERS_Metrohm_silver,pSERS_Metrohm_silver,True,False,True,False
28.0,acetaminophen,session3_row394,session3_row408,RMX-2,Agilent-3,pSERS_Metrohm_silver,pSERS_Metrohm_silver,True,False,True,False
28.0,acetaminophen,session3_row407,session3_row408,Mira-1,Agilent-3,pSERS_Metrohm_silver,pSERS_Metrohm_silver,True,False,True,False
29.0,benzyl_fentanyl,session1_row137,session1_row139,Pendar-3,Pendar-3,pSERS_Metrohm_silver,NRC_Canadian_SERS,False,True,False,False
29.0,benzyl_fentanyl,session1_row137,session1_row140,Pendar-3,RMX-2,pSERS_Metrohm_silver,pSERS_Metrohm_silver,True,False,True,False
29.0,benzyl_fentanyl,session1_row137,session1_row141,Pendar-3,RMX-2,pSERS_Metrohm_silver,NRC_Canadian_SERS,True,True,False,True
29.0,benzyl_fentanyl,session1_row137,session2_row159,Pendar-3,Pendar-2,pSERS_Metrohm_silver,pSERS_Metrohm_silver,True,False,True,False
29.0,benzyl_fentanyl,session1_row137,session2_row181,Pendar-3,RMX-2,pSERS_Metrohm_silver,pSERS_Metrohm_silver,True,False,True,False
29.0,benzyl_fentanyl,session1_row137,session3_row396,Pendar-3,RMX-2,pSERS_Metrohm_silver,pSERS_Metrohm_silver,True,False,True,False
29.0,benzyl_fentanyl,session1_row137,session3_row409,Pendar-3,Mira-1,pSERS_Metrohm_silver,pSERS_Metrohm_silver,True,False,True,False
29.0,benzyl_fentanyl,session1_row137,session3_row410,Pendar-3,Agilent-3,pSERS_Metrohm_silver,pSERS_Metrohm_silver,True,False,True,False
29.0,benzyl_fentanyl,session1_row139,session1_row140,Pendar-3,RMX-2,NRC_Canadian_SERS,pSERS_Metrohm_silver,True,True,False,True
29.0,benzyl_fentanyl,session1_row139,session1_row141,Pendar-3,RMX-2,NRC_Canadian_SERS,NRC_Canadian_SERS,True,False,True,False
29.0,benzyl_fentanyl,session1_row139,session2_row159,Pendar-3,Pendar-2,NRC_Canadian_SERS,pSERS_Metrohm_silver,True,True,False,True
29.0,benzyl_fentanyl,session1_row139,session2_row181,Pendar-3,RMX-2,NRC_Canadian_SERS,pSERS_Metrohm_silver,True,True,False,True
29.0,benzyl_fentanyl,session1_row139,session3_row395,Pendar-3,Pendar-3,NRC_Canadian_SERS,pSERS_Metrohm_silver,False,True,False,False
29.0,benzyl_fentanyl,session1_row139,session3_row396,Pendar-3,RMX-2,NRC_Canadian_SERS,pSERS_Metrohm_silver,True,True,False,True
29.0,benzyl_fentanyl,session1_row139,session3_row409,Pendar-3,Mira-1,NRC_Canadian_SERS,pSERS_Metrohm_silver,True,True,False,True
29.0,benzyl_fentanyl,session1_row139,session3_row410,Pendar-3,Agilent-3,NRC_Canadian_SERS,pSERS_Metrohm_silver,True,True,False,True
29.0,benzyl_fentanyl,session1_row140,session1_row141,RMX-2,RMX-2,pSERS_Metrohm_silver,NRC_Canadian_SERS,False,True,False,False
29.0,benzyl_fentanyl,session1_row140,session2_row159,RMX-2,Pendar-2,pSERS_Metrohm_silver,pSERS_Metrohm_silver,True,False,True,False
29.0,benzyl_fentanyl,session1_row140,session3_row395,RMX-2,Pendar-3,pSERS_Metrohm_silver,pSERS_Metrohm_silver,True,False,True,False
29.0,benzyl_fentanyl,session1_row140,session3_row409,RMX-2,Mira-1,pSERS_Metrohm_silver,pSERS_Metrohm_silver,True,False,True,False
29.0,benzyl_fentanyl,session1_row140,session3_row410,RMX-2,Agilent-3,pSERS_Metrohm_silver,pSERS_Metrohm_silver,True,False,True,False
29.0,benzyl_fentanyl,session1_row141,session2_row159,RMX-2,Pendar-2,NRC_Canadian_SERS,pSERS_Metrohm_silver,True,True,False,True
29.0,benzyl_fentanyl,session1_row141,session2_row181,RMX-2,RMX-2,NRC_Canadian_SERS,pSERS_Metrohm_silver,False,True,False,False
29.0,benzyl_fentanyl,session1_row141,session3_row395,RMX-2,Pendar-3,NRC_Canadian_SERS,pSERS_Metrohm_silver,True,True,False,True
29.0,benzyl_fentanyl,session1_row141,session3_row396,RMX-2,RMX-2,NRC_Canadian_SERS,pSERS_Metrohm_silver,False,True,False,False
29.0,benzyl_fentanyl,session1_row141,session3_row409,RMX-2,Mira-1,NRC_Canadian_SERS,pSERS_Metrohm_silver,True,True,False,True
29.0,benzyl_fentanyl,session1_row141,session3_row410,RMX-2,Agilent-3,NRC_Canadian_SERS,pSERS_Metrohm_silver,True,True,False,True
29.0,benzyl_fentanyl,session2_row159,session2_row181,Pendar-2,RMX-2,pSERS_Metrohm_silver,pSERS_Metrohm_silver,True,False,True,False
29.0,benzyl_fentanyl,session2_row159,session3_row395,Pendar-2,Pendar-3,pSERS_Metrohm_silver,pSERS_Metrohm_silver,True,False,True,False
29.0,benzyl_fentanyl,session2_row159,session3_row396,Pendar-2,RMX-2,pSERS_Metrohm_silver,pSERS_Metrohm_silver,True,False,True,False
29.0,benzyl_fentanyl,session2_row159,session3_row409,Pendar-2,Mira-1,pSERS_Metrohm_silver,pSERS_Metrohm_silver,True,False,True,False
29.0,benzyl_fentanyl,session2_row159,session3_row410,Pendar-2,Agilent-3,pSERS_Metrohm_silver,pSERS_Metrohm_silver,True,False,True,False
29.0,benzyl_fentanyl,session2_row181,session3_row395,RMX-2,Pendar-3,pSERS_Metrohm_silver,pSERS_Metrohm_silver,True,False,True,False
29.0,benzyl_fentanyl,session2_row181,session3_row409,RMX-2,Mira-1,pSERS_Metrohm_silver,pSERS_Metrohm_silver,True,False,True,False
29.0,benzyl_fentanyl,session2_row181,session3_row410,RMX-2,Agilent-3,pSERS_Metrohm_silver,pSERS_Metrohm_silver,True,False,True,False
29.0,benzyl_fentanyl,session3_row395,session3_row396,Pendar-3,RMX-2,pSERS_Metrohm_silver,pSERS_Metrohm_silver,True,False,True,False
29.0,benzyl_fentanyl,session3_row395,session3_row409,Pendar-3,Mira-1,pSERS_Metrohm_silver,pSERS_Metrohm_silver,True,False,True,False
29.0,benzyl_fentanyl,session3_row395,session3_row410,Pendar-3,Agilent-3,pSERS_Metrohm_silver,pSERS_Metrohm_silver,True,False,True,False
29.0,benzyl_fentanyl,session3_row396,session3_row409,RMX-2,Mira-1,pSERS_Metrohm_silver,pSERS_Metrohm_silver,True,False,True,False
29.0,benzyl_fentanyl,session3_row396,session3_row410,RMX-2,Agilent-3,pSERS_Metrohm_silver,pSERS_Metrohm_silver,True,False,True,False
29.0,benzyl_fentanyl,session3_row409,session3_row410,Mira-1,Agilent-3,pSERS_Metrohm_silver,pSERS_Metrohm_silver,True,False,True,False
30.0,4_ANPP,session1_row125,session1_row128,Pendar-3,Pendar-3,NRC_Canadian_SERS,pSERS_Metrohm_silver,False,True,False,False
30.0,4_ANPP,session1_row125,session1_row130,Pendar-3,RMX-2,NRC_Canadian_SERS,pSERS_Metrohm_silver,True,True,False,True
30.0,4_ANPP,session1_row125,session1_row131,Pendar-3,RMX-2,NRC_Canadian_SERS,NRC_Canadian_SERS,True,False,True,False
30.0,4_ANPP,session1_row125,session2_row162,Pendar-3,Pendar-2,NRC_Canadian_SERS,pSERS_Metrohm_silver,True,True,False,True
30.0,4_ANPP,session1_row125,session2_row183,Pendar-3,RMX-2,NRC_Canadian_SERS,pSERS_Metrohm_silver,True,True,False,True
30.0,4_ANPP,session1_row125,session3_row397,Pendar-3,Pendar-3,NRC_Canadian_SERS,pSERS_Metrohm_silver,False,True,False,False
30.0,4_ANPP,session1_row125,session3_row398,Pendar-3,RMX-2,NRC_Canadian_SERS,pSERS_Metrohm_silver,True,True,False,True
30.0,4_ANPP,session1_row125,session3_row411,Pendar-3,Mira-1,NRC_Canadian_SERS,pSERS_Metrohm_silver,True,True,False,True
30.0,4_ANPP,session1_row125,session3_row412,Pendar-3,Agilent-3,NRC_Canadian_SERS,pSERS_Metrohm_silver,True,True,False,True
30.0,4_ANPP,session1_row128,session1_row130,Pendar-3,RMX-2,pSERS_Metrohm_silver,pSERS_Metrohm_silver,True,False,True,False
30.0,4_ANPP,session1_row128,session1_row131,Pendar-3,RMX-2,pSERS_Metrohm_silver,NRC_Canadian_SERS,True,True,False,True
30.0,4_ANPP,session1_row128,session2_row162,Pendar-3,Pendar-2,pSERS_Metrohm_silver,pSERS_Metrohm_silver,True,False,True,False
30.0,4_ANPP,session1_row128,session2_row183,Pendar-3,RMX-2,pSERS_Metrohm_silver,pSERS_Metrohm_silver,True,False,True,False
30.0,4_ANPP,session1_row128,session3_row398,Pendar-3,RMX-2,pSERS_Metrohm_silver,pSERS_Metrohm_silver,True,False,True,False
30.0,4_ANPP,session1_row128,session3_row411,Pendar-3,Mira-1,pSERS_Metrohm_silver,pSERS_Metrohm_silver,True,False,True,False
30.0,4_ANPP,session1_row128,session3_row412,Pendar-3,Agilent-3,pSERS_Metrohm_silver,pSERS_Metrohm_silver,True,False,True,False
30.0,4_ANPP,session1_row130,session1_row131,RMX-2,RMX-2,pSERS_Metrohm_silver,NRC_Canadian_SERS,False,True,False,False
30.0,4_ANPP,session1_row130,session2_row162,RMX-2,Pendar-2,pSERS_Metrohm_silver,pSERS_Metrohm_silver,True,False,True,False
30.0,4_ANPP,session1_row130,session3_row397,RMX-2,Pendar-3,pSERS_Metrohm_silver,pSERS_Metrohm_silver,True,False,True,False
30.0,4_ANPP,session1_row130,session3_row411,RMX-2,Mira-1,pSERS_Metrohm_silver,pSERS_Metrohm_silver,True,False,True,False
30.0,4_ANPP,session1_row130,session3_row412,RMX-2,Agilent-3,pSERS_Metrohm_silver,pSERS_Metrohm_silver,True,False,True,False
30.0,4_ANPP,session1_row131,session2_row162,RMX-2,Pendar-2,NRC_Canadian_SERS,pSERS_Metrohm_silver,True,True,False,True
30.0,4_ANPP,session1_row131,session2_row183,RMX-2,RMX-2,NRC_Canadian_SERS,pSERS_Metrohm_silver,False,True,False,False
30.0,4_ANPP,session1_row131,session3_row397,RMX-2,Pendar-3,NRC_Canadian_SERS,pSERS_Metrohm_silver,True,True,False,True
30.0,4_ANPP,session1_row131,session3_row398,RMX-2,RMX-2,NRC_Canadian_SERS,pSERS_Metrohm_silver,False,True,False,False
30.0,4_ANPP,session1_row131,session3_row411,RMX-2,Mira-1,NRC_Canadian_SERS,pSERS_Metrohm_silver,True,True,False,True
30.0,4_ANPP,session1_row131,session3_row412,RMX-2,Agilent-3,NRC_Canadian_SERS,pSERS_Metrohm_silver,True,True,False,True
30.0,4_ANPP,session2_row162,session2_row183,Pendar-2,RMX-2,pSERS_Metrohm_silver,pSERS_Metrohm_silver,True,False,True,False
30.0,4_ANPP,session2_row162,session3_row397,Pendar-2,Pendar-3,pSERS_Metrohm_silver,pSERS_Metrohm_silver,True,False,True,False
30.0,4_ANPP,session2_row162,session3_row398,Pendar-2,RMX-2,pSERS_Metrohm_silver,pSERS_Metrohm_silver,True,False,True,False
30.0,4_ANPP,session2_row162,session3_row411,Pendar-2,Mira-1,pSERS_Metrohm_silver,pSERS_Metrohm_silver,True,False,True,False
30.0,4_ANPP,session2_row162,session3_row412,Pendar-2,Agilent-3,pSERS_Metrohm_silver,pSERS_Metrohm_silver,True,False,True,False
30.0,4_ANPP,session2_row183,session3_row397,RMX-2,Pendar-3,pSERS_Metrohm_silver,pSERS_Metrohm_silver,True,False,True,False
30.0,4_ANPP,session2_row183,session3_row411,RMX-2,Mira-1,pSERS_Metrohm_silver,pSERS_Metrohm_silver,True,False,True,False
30.0,4_ANPP,session2_row183,session3_row412,RMX-2,Agilent-3,pSERS_Metrohm_silver,pSERS_Metrohm_silver,True,False,True,False
30.0,4_ANPP,session3_row397,session3_row398,Pendar-3,RMX-2,pSERS_Metrohm_silver,pSERS_Metrohm_silver,True,False,True,False
30.0,4_ANPP,session3_row397,session3_row411,Pendar-3,Mira-1,pSERS_Metrohm_silver,pSERS_Metrohm_silver,True,False,True,False
30.0,4_ANPP,session3_row397,session3_row412,Pendar-3,Agilent-3,pSERS_Metrohm_silver,pSERS_Metrohm_silver,True,False,True,False
30.0,4_ANPP,session3_row398,session3_row411,RMX-2,Mira-1,pSERS_Metrohm_silver,pSERS_Metrohm_silver,True,False,True,False
30.0,4_ANPP,session3_row398,session3_row412,RMX-2,Agilent-3,pSERS_Metrohm_silver,pSERS_Metrohm_silver,True,False,True,False
30.0,4_ANPP,session3_row411,session3_row412,Mira-1,Agilent-3,pSERS_Metrohm_silver,pSERS_Metrohm_silver,True,False,True,False
31.0,acetaminophen,session1_row132,session1_row135,Pendar-3,Pendar-3,pSERS_Metrohm_silver,NRC_Canadian_SERS,False,True,False,False
31.0,acetaminophen,session1_row132,session1_row136,Pendar-3,RMX-2,pSERS_Metrohm_silver,pSERS_Metrohm_silver,True,False,True,False
31.0,acetaminophen,session1_row132,session1_row138,Pendar-3,RMX-2,pSERS_Metrohm_silver,NRC_Canadian_SERS,True,True,False,True
31.0,acetaminophen,session1_row132,session2_row165,Pendar-3,Pendar-2,pSERS_Metrohm_silver,pSERS_Metrohm_silver,True,False,True,False
31.0,acetaminophen,session1_row132,session2_row166,Pendar-3,Pendar-2,pSERS_Metrohm_silver,pSERS_Metrohm_silver,True,False,True,False
31.0,acetaminophen,session1_row132,session2_row177,Pendar-3,RMX-2,pSERS_Metrohm_silver,pSERS_Metrohm_silver,True,False,True,False
31.0,acetaminophen,session1_row132,session3_row400,Pendar-3,RMX-2,pSERS_Metrohm_silver,pSERS_Metrohm_silver,True,False,True,False
31.0,acetaminophen,session1_row132,session3_row413,Pendar-3,Mira-1,pSERS_Metrohm_silver,pSERS_Metrohm_silver,True,False,True,False
31.0,acetaminophen,session1_row132,session3_row414,Pendar-3,Agilent-3,pSERS_Metrohm_silver,pSERS_Metrohm_silver,True,False,True,False
31.0,acetaminophen,session1_row135,session1_row136,Pendar-3,RMX-2,NRC_Canadian_SERS,pSERS_Metrohm_silver,True,True,False,True
31.0,acetaminophen,session1_row135,session1_row138,Pendar-3,RMX-2,NRC_Canadian_SERS,NRC_Canadian_SERS,True,False,True,False
31.0,acetaminophen,session1_row135,session2_row165,Pendar-3,Pendar-2,NRC_Canadian_SERS,pSERS_Metrohm_silver,True,True,False,True
31.0,acetaminophen,session1_row135,session2_row166,Pendar-3,Pendar-2,NRC_Canadian_SERS,pSERS_Metrohm_silver,True,True,False,True
31.0,acetaminophen,session1_row135,session2_row177,Pendar-3,RMX-2,NRC_Canadian_SERS,pSERS_Metrohm_silver,True,True,False,True
31.0,acetaminophen,session1_row135,session3_row399,Pendar-3,Pendar-3,NRC_Canadian_SERS,pSERS_Metrohm_silver,False,True,False,False
31.0,acetaminophen,session1_row135,session3_row400,Pendar-3,RMX-2,NRC_Canadian_SERS,pSERS_Metrohm_silver,True,True,False,True
31.0,acetaminophen,session1_row135,session3_row413,Pendar-3,Mira-1,NRC_Canadian_SERS,pSERS_Metrohm_silver,True,True,False,True
31.0,acetaminophen,session1_row135,session3_row414,Pendar-3,Agilent-3,NRC_Canadian_SERS,pSERS_Metrohm_silver,True,True,False,True
31.0,acetaminophen,session1_row136,session1_row138,RMX-2,RMX-2,pSERS_Metrohm_silver,NRC_Canadian_SERS,False,True,False,False
31.0,acetaminophen,session1_row136,session2_row165,RMX-2,Pendar-2,pSERS_Metrohm_silver,pSERS_Metrohm_silver,True,False,True,False
31.0,acetaminophen,session1_row136,session2_row166,RMX-2,Pendar-2,pSERS_Metrohm_silver,pSERS_Metrohm_silver,True,False,True,False
31.0,acetaminophen,session1_row136,session3_row399,RMX-2,Pendar-3,pSERS_Metrohm_silver,pSERS_Metrohm_silver,True,False,True,False
31.0,acetaminophen,session1_row136,session3_row413,RMX-2,Mira-1,pSERS_Metrohm_silver,pSERS_Metrohm_silver,True,False,True,False
31.0,acetaminophen,session1_row136,session3_row414,RMX-2,Agilent-3,pSERS_Metrohm_silver,pSERS_Metrohm_silver,True,False,True,False
31.0,acetaminophen,session1_row138,session2_row165,RMX-2,Pendar-2,NRC_Canadian_SERS,pSERS_Metrohm_silver,True,True,False,True
31.0,acetaminophen,session1_row138,session2_row166,RMX-2,Pendar-2,NRC_Canadian_SERS,pSERS_Metrohm_silver,True,True,False,True
31.0,acetaminophen,session1_row138,session2_row177,RMX-2,RMX-2,NRC_Canadian_SERS,pSERS_Metrohm_silver,False,True,False,False
31.0,acetaminophen,session1_row138,session3_row399,RMX-2,Pendar-3,NRC_Canadian_SERS,pSERS_Metrohm_silver,True,True,False,True
31.0,acetaminophen,session1_row138,session3_row400,RMX-2,RMX-2,NRC_Canadian_SERS,pSERS_Metrohm_silver,False,True,False,False
31.0,acetaminophen,session1_row138,session3_row413,RMX-2,Mira-1,NRC_Canadian_SERS,pSERS_Metrohm_silver,True,True,False,True
31.0,acetaminophen,session1_row138,session3_row414,RMX-2,Agilent-3,NRC_Canadian_SERS,pSERS_Metrohm_silver,True,True,False,True
31.0,acetaminophen,session2_row165,session2_row177,Pendar-2,RMX-2,pSERS_Metrohm_silver,pSERS_Metrohm_silver,True,False,True,False
31.0,acetaminophen,session2_row165,session3_row399,Pendar-2,Pendar-3,pSERS_Metrohm_silver,pSERS_Metrohm_silver,True,False,True,False
31.0,acetaminophen,session2_row165,session3_row400,Pendar-2,RMX-2,pSERS_Metrohm_silver,pSERS_Metrohm_silver,True,False,True,False
31.0,acetaminophen,session2_row165,session3_row413,Pendar-2,Mira-1,pSERS_Metrohm_silver,pSERS_Metrohm_silver,True,False,True,False
31.0,acetaminophen,session2_row165,session3_row414,Pendar-2,Agilent-3,pSERS_Metrohm_silver,pSERS_Metrohm_silver,True,False,True,False
31.0,acetaminophen,session2_row166,session2_row177,Pendar-2,RMX-2,pSERS_Metrohm_silver,pSERS_Metrohm_silver,True,False,True,False
31.0,acetaminophen,session2_row166,session3_row399,Pendar-2,Pendar-3,pSERS_Metrohm_silver,pSERS_Metrohm_silver,True,False,True,False
31.0,acetaminophen,session2_row166,session3_row400,Pendar-2,RMX-2,pSERS_Metrohm_silver,pSERS_Metrohm_silver,True,False,True,False
31.0,acetaminophen,session2_row166,session3_row413,Pendar-2,Mira-1,pSERS_Metrohm_silver,pSERS_Metrohm_silver,True,False,True,False
31.0,acetaminophen,session2_row166,session3_row414,Pendar-2,Agilent-3,pSERS_Metrohm_silver,pSERS_Metrohm_silver,True,False,True,False
31.0,acetaminophen,session2_row177,session3_row399,RMX-2,Pendar-3,pSERS_Metrohm_silver,pSERS_Metrohm_silver,True,False,True,False
31.0,acetaminophen,session2_row177,session3_row413,RMX-2,Mira-1,pSERS_Metrohm_silver,pSERS_Metrohm_silver,True,False,True,False
31.0,acetaminophen,session2_row177,session3_row414,RMX-2,Agilent-3,pSERS_Metrohm_silver,pSERS_Metrohm_silver,True,False,True,False
31.0,acetaminophen,session3_row399,session3_row400,Pendar-3,RMX-2,pSERS_Metrohm_silver,pSERS_Metrohm_silver,True,False,True,False
31.0,acetaminophen,session3_row399,session3_row413,Pendar-3,Mira-1,pSERS_Metrohm_silver,pSERS_Metrohm_silver,True,False,True,False
31.0,acetaminophen,session3_row399,session3_row414,Pendar-3,Agilent-3,pSERS_Metrohm_silver,pSERS_Metrohm_silver,True,False,True,False
31.0,acetaminophen,session3_row400,session3_row413,RMX-2,Mira-1,pSERS_Metrohm_silver,pSERS_Metrohm_silver,True,False,True,False
31.0,acetaminophen,session3_row400,session3_row414,RMX-2,Agilent-3,pSERS_Metrohm_silver,pSERS_Metrohm_silver,True,False,True,False
31.0,acetaminophen,session3_row413,session3_row414,Mira-1,Agilent-3,pSERS_Metrohm_silver,pSERS_Metrohm_silver,True,False,True,False
32.0,acetaminophen,session1_row142,session1_row143,Pendar-3,RMX-2,pSERS_Metrohm_silver,pSERS_Metrohm_silver,True,False,True,False
32.0,acetaminophen,session1_row142,session1_row144,Pendar-3,Pendar-3,pSERS_Metrohm_silver,NRC_Canadian_SERS,False,True,False,False
32.0,acetaminophen,session1_row142,session1_row146,Pendar-3,RMX-2,pSERS_Metrohm_silver,NRC_Canadian_SERS,True,True,False,True
32.0,acetaminophen,session1_row142,session2_row169,Pendar-3,Pendar-2,pSERS_Metrohm_silver,pSERS_Metrohm_silver,True,False,True,False
32.0,acetaminophen,session1_row142,session2_row170,Pendar-3,Pendar-2,pSERS_Metrohm_silver,pSERS_Metrohm_silver,True,False,True,False
32.0,acetaminophen,session1_row142,session2_row178,Pendar-3,RMX-2,pSERS_Metrohm_silver,pSERS_Metrohm_silver,True,False,True,False
32.0,acetaminophen,session1_row142,session2_row180,Pendar-3,RMX-2,pSERS_Metrohm_silver,pSERS_Metrohm_silver,True,False,True,False
32.0,acetaminophen,session1_row142,session3_row415,Pendar-3,Mira-1,pSERS_Metrohm_silver,pSERS_Metrohm_silver,True,False,True,False
32.0,acetaminophen,session1_row142,session3_row416,Pendar-3,Agilent-3,pSERS_Metrohm_silver,pSERS_Metrohm_silver,True,False,True,False
32.0,acetaminophen,session1_row142,session3_row420,Pendar-3,RMX-2,pSERS_Metrohm_silver,pSERS_Metrohm_silver,True,False,True,False
32.0,acetaminophen,session1_row143,session1_row144,RMX-2,Pendar-3,pSERS_Metrohm_silver,NRC_Canadian_SERS,True,True,False,True
32.0,acetaminophen,session1_row143,session1_row146,RMX-2,RMX-2,pSERS_Metrohm_silver,NRC_Canadian_SERS,False,True,False,False
32.0,acetaminophen,session1_row143,session2_row169,RMX-2,Pendar-2,pSERS_Metrohm_silver,pSERS_Metrohm_silver,True,False,True,False
32.0,acetaminophen,session1_row143,session2_row170,RMX-2,Pendar-2,pSERS_Metrohm_silver,pSERS_Metrohm_silver,True,False,True,False
32.0,acetaminophen,session1_row143,session3_row415,RMX-2,Mira-1,pSERS_Metrohm_silver,pSERS_Metrohm_silver,True,False,True,False
32.0,acetaminophen,session1_row143,session3_row416,RMX-2,Agilent-3,pSERS_Metrohm_silver,pSERS_Metrohm_silver,True,False,True,False
32.0,acetaminophen,session1_row143,session3_row419,RMX-2,Pendar-3,pSERS_Metrohm_silver,pSERS_Metrohm_silver,True,False,True,False
32.0,acetaminophen,session1_row144,session1_row146,Pendar-3,RMX-2,NRC_Canadian_SERS,NRC_Canadian_SERS,True,False,True,False
32.0,acetaminophen,session1_row144,session2_row169,Pendar-3,Pendar-2,NRC_Canadian_SERS,pSERS_Metrohm_silver,True,True,False,True
32.0,acetaminophen,session1_row144,session2_row170,Pendar-3,Pendar-2,NRC_Canadian_SERS,pSERS_Metrohm_silver,True,True,False,True
32.0,acetaminophen,session1_row144,session2_row178,Pendar-3,RMX-2,NRC_Canadian_SERS,pSERS_Metrohm_silver,True,True,False,True
32.0,acetaminophen,session1_row144,session2_row180,Pendar-3,RMX-2,NRC_Canadian_SERS,pSERS_Metrohm_silver,True,True,False,True
32.0,acetaminophen,session1_row144,session3_row415,Pendar-3,Mira-1,NRC_Canadian_SERS,pSERS_Metrohm_silver,True,True,False,True
32.0,acetaminophen,session1_row144,session3_row416,Pendar-3,Agilent-3,NRC_Canadian_SERS,pSERS_Metrohm_silver,True,True,False,True
32.0,acetaminophen,session1_row144,session3_row419,Pendar-3,Pendar-3,NRC_Canadian_SERS,pSERS_Metrohm_silver,False,True,False,False
32.0,acetaminophen,session1_row144,session3_row420,Pendar-3,RMX-2,NRC_Canadian_SERS,pSERS_Metrohm_silver,True,True,False,True
32.0,acetaminophen,session1_row146,session2_row169,RMX-2,Pendar-2,NRC_Canadian_SERS,pSERS_Metrohm_silver,True,True,False,True
32.0,acetaminophen,session1_row146,session2_row170,RMX-2,Pendar-2,NRC_Canadian_SERS,pSERS_Metrohm_silver,True,True,False,True
32.0,acetaminophen,session1_row146,session2_row178,RMX-2,RMX-2,NRC_Canadian_SERS,pSERS_Metrohm_silver,False,True,False,False
32.0,acetaminophen,session1_row146,session2_row180,RMX-2,RMX-2,NRC_Canadian_SERS,pSERS_Metrohm_silver,False,True,False,False
32.0,acetaminophen,session1_row146,session3_row415,RMX-2,Mira-1,NRC_Canadian_SERS,pSERS_Metrohm_silver,True,True,False,True
32.0,acetaminophen,session1_row146,session3_row416,RMX-2,Agilent-3,NRC_Canadian_SERS,pSERS_Metrohm_silver,True,True,False,True
32.0,acetaminophen,session1_row146,session3_row419,RMX-2,Pendar-3,NRC_Canadian_SERS,pSERS_Metrohm_silver,True,True,False,True
32.0,acetaminophen,session1_row146,session3_row420,RMX-2,RMX-2,NRC_Canadian_SERS,pSERS_Metrohm_silver,False,True,False,False
32.0,acetaminophen,session2_row169,session2_row178,Pendar-2,RMX-2,pSERS_Metrohm_silver,pSERS_Metrohm_silver,True,False,True,False
32.0,acetaminophen,session2_row169,session2_row180,Pendar-2,RMX-2,pSERS_Metrohm_silver,pSERS_Metrohm_silver,True,False,True,False
32.0,acetaminophen,session2_row169,session3_row415,Pendar-2,Mira-1,pSERS_Metrohm_silver,pSERS_Metrohm_silver,True,False,True,False
32.0,acetaminophen,session2_row169,session3_row416,Pendar-2,Agilent-3,pSERS_Metrohm_silver,pSERS_Metrohm_silver,True,False,True,False
32.0,acetaminophen,session2_row169,session3_row419,Pendar-2,Pendar-3,pSERS_Metrohm_silver,pSERS_Metrohm_silver,True,False,True,False
32.0,acetaminophen,session2_row169,session3_row420,Pendar-2,RMX-2,pSERS_Metrohm_silver,pSERS_Metrohm_silver,True,False,True,False
32.0,acetaminophen,session2_row170,session2_row178,Pendar-2,RMX-2,pSERS_Metrohm_silver,pSERS_Metrohm_silver,True,False,True,False
32.0,acetaminophen,session2_row170,session2_row180,Pendar-2,RMX-2,pSERS_Metrohm_silver,pSERS_Metrohm_silver,True,False,True,False
32.0,acetaminophen,session2_row170,session3_row415,Pendar-2,Mira-1,pSERS_Metrohm_silver,pSERS_Metrohm_silver,True,False,True,False
32.0,acetaminophen,session2_row170,session3_row416,Pendar-2,Agilent-3,pSERS_Metrohm_silver,pSERS_Metrohm_silver,True,False,True,False
32.0,acetaminophen,session2_row170,session3_row419,Pendar-2,Pendar-3,pSERS_Metrohm_silver,pSERS_Metrohm_silver,True,False,True,False
32.0,acetaminophen,session2_row170,session3_row420,Pendar-2,RMX-2,pSERS_Metrohm_silver,pSERS_Metrohm_silver,True,False,True,False
32.0,acetaminophen,session2_row178,session3_row415,RMX-2,Mira-1,pSERS_Metrohm_silver,pSERS_Metrohm_silver,True,False,True,False
32.0,acetaminophen,session2_row178,session3_row416,RMX-2,Agilent-3,pSERS_Metrohm_silver,pSERS_Metrohm_silver,True,False,True,False
32.0,acetaminophen,session2_row178,session3_row419,RMX-2,Pendar-3,pSERS_Metrohm_silver,pSERS_Metrohm_silver,True,False,True,False
32.0,acetaminophen,session2_row180,session3_row415,RMX-2,Mira-1,pSERS_Metrohm_silver,pSERS_Metrohm_silver,True,False,True,False
32.0,acetaminophen,session2_row180,session3_row416,RMX-2,Agilent-3,pSERS_Metrohm_silver,pSERS_Metrohm_silver,True,False,True,False
32.0,acetaminophen,session2_row180,session3_row419,RMX-2,Pendar-3,pSERS_Metrohm_silver,pSERS_Metrohm_silver,True,False,True,False
32.0,acetaminophen,session3_row415,session3_row416,Mira-1,Agilent-3,pSERS_Metrohm_silver,pSERS_Metrohm_silver,True,False,True,False
32.0,acetaminophen,session3_row415,session3_row419,Mira-1,Pendar-3,pSERS_Metrohm_silver,pSERS_Metrohm_silver,True,False,True,False
32.0,acetaminophen,session3_row415,session3_row420,Mira-1,RMX-2,pSERS_Metrohm_silver,pSERS_Metrohm_silver,True,False,True,False
32.0,acetaminophen,session3_row416,session3_row419,Agilent-3,Pendar-3,pSERS_Metrohm_silver,pSERS_Metrohm_silver,True,False,True,False
32.0,acetaminophen,session3_row416,session3_row420,Agilent-3,RMX-2,pSERS_Metrohm_silver,pSERS_Metrohm_silver,True,False,True,False
32.0,acetaminophen,session3_row419,session3_row420,Pendar-3,RMX-2,pSERS_Metrohm_silver,pSERS_Metrohm_silver,True,False,True,False
33.0,benzyl_fentanyl,session1_row124,session1_row129,Pendar-3,Pendar-3,NRC_Canadian_SERS,pSERS_Metrohm_silver,False,True,False,False
33.0,benzyl_fentanyl,session1_row124,session1_row133,Pendar-3,RMX-2,NRC_Canadian_SERS,pSERS_Metrohm_silver,True,True,False,True
33.0,benzyl_fentanyl,session1_row124,session1_row134,Pendar-3,RMX-2,NRC_Canadian_SERS,NRC_Canadian_SERS,True,False,True,False
33.0,benzyl_fentanyl,session1_row124,session2_row173,Pendar-3,Pendar-2,NRC_Canadian_SERS,pSERS_Metrohm_silver,True,True,False,True
33.0,benzyl_fentanyl,session1_row124,session2_row179,Pendar-3,RMX-2,NRC_Canadian_SERS,pSERS_Metrohm_silver,True,True,False,True
33.0,benzyl_fentanyl,session1_row124,session3_row417,Pendar-3,Mira-1,NRC_Canadian_SERS,pSERS_Metrohm_silver,True,True,False,True
33.0,benzyl_fentanyl,session1_row124,session3_row418,Pendar-3,Agilent-3,NRC_Canadian_SERS,pSERS_Metrohm_silver,True,True,False,True
33.0,benzyl_fentanyl,session1_row124,session3_row421,Pendar-3,Pendar-3,NRC_Canadian_SERS,pSERS_Metrohm_silver,False,True,False,False
33.0,benzyl_fentanyl,session1_row124,session3_row422,Pendar-3,RMX-2,NRC_Canadian_SERS,pSERS_Metrohm_silver,True,True,False,True
33.0,benzyl_fentanyl,session1_row129,session1_row133,Pendar-3,RMX-2,pSERS_Metrohm_silver,pSERS_Metrohm_silver,True,False,True,False
33.0,benzyl_fentanyl,session1_row129,session1_row134,Pendar-3,RMX-2,pSERS_Metrohm_silver,NRC_Canadian_SERS,True,True,False,True
33.0,benzyl_fentanyl,session1_row129,session2_row173,Pendar-3,Pendar-2,pSERS_Metrohm_silver,pSERS_Metrohm_silver,True,False,True,False
33.0,benzyl_fentanyl,session1_row129,session2_row179,Pendar-3,RMX-2,pSERS_Metrohm_silver,pSERS_Metrohm_silver,True,False,True,False
33.0,benzyl_fentanyl,session1_row129,session3_row417,Pendar-3,Mira-1,pSERS_Metrohm_silver,pSERS_Metrohm_silver,True,False,True,False
33.0,benzyl_fentanyl,session1_row129,session3_row418,Pendar-3,Agilent-3,pSERS_Metrohm_silver,pSERS_Metrohm_silver,True,False,True,False
33.0,benzyl_fentanyl,session1_row129,session3_row422,Pendar-3,RMX-2,pSERS_Metrohm_silver,pSERS_Metrohm_silver,True,False,True,False
33.0,benzyl_fentanyl,session1_row133,session1_row134,RMX-2,RMX-2,pSERS_Metrohm_silver,NRC_Canadian_SERS,False,True,False,False
33.0,benzyl_fentanyl,session1_row133,session2_row173,RMX-2,Pendar-2,pSERS_Metrohm_silver,pSERS_Metrohm_silver,True,False,True,False
33.0,benzyl_fentanyl,session1_row133,session3_row417,RMX-2,Mira-1,pSERS_Metrohm_silver,pSERS_Metrohm_silver,True,False,True,False
33.0,benzyl_fentanyl,session1_row133,session3_row418,RMX-2,Agilent-3,pSERS_Metrohm_silver,pSERS_Metrohm_silver,True,False,True,False
33.0,benzyl_fentanyl,session1_row133,session3_row421,RMX-2,Pendar-3,pSERS_Metrohm_silver,pSERS_Metrohm_silver,True,False,True,False
33.0,benzyl_fentanyl,session1_row134,session2_row173,RMX-2,Pendar-2,NRC_Canadian_SERS,pSERS_Metrohm_silver,True,True,False,True
33.0,benzyl_fentanyl,session1_row134,session2_row179,RMX-2,RMX-2,NRC_Canadian_SERS,pSERS_Metrohm_silver,False,True,False,False
33.0,benzyl_fentanyl,session1_row134,session3_row417,RMX-2,Mira-1,NRC_Canadian_SERS,pSERS_Metrohm_silver,True,True,False,True
33.0,benzyl_fentanyl,session1_row134,session3_row418,RMX-2,Agilent-3,NRC_Canadian_SERS,pSERS_Metrohm_silver,True,True,False,True
33.0,benzyl_fentanyl,session1_row134,session3_row421,RMX-2,Pendar-3,NRC_Canadian_SERS,pSERS_Metrohm_silver,True,True,False,True
33.0,benzyl_fentanyl,session1_row134,session3_row422,RMX-2,RMX-2,NRC_Canadian_SERS,pSERS_Metrohm_silver,False,True,False,False
33.0,benzyl_fentanyl,session2_row173,session2_row179,Pendar-2,RMX-2,pSERS_Metrohm_silver,pSERS_Metrohm_silver,True,False,True,False
33.0,benzyl_fentanyl,session2_row173,session3_row417,Pendar-2,Mira-1,pSERS_Metrohm_silver,pSERS_Metrohm_silver,True,False,True,False
33.0,benzyl_fentanyl,session2_row173,session3_row418,Pendar-2,Agilent-3,pSERS_Metrohm_silver,pSERS_Metrohm_silver,True,False,True,False
33.0,benzyl_fentanyl,session2_row173,session3_row421,Pendar-2,Pendar-3,pSERS_Metrohm_silver,pSERS_Metrohm_silver,True,False,True,False
33.0,benzyl_fentanyl,session2_row173,session3_row422,Pendar-2,RMX-2,pSERS_Metrohm_silver,pSERS_Metrohm_silver,True,False,True,False
33.0,benzyl_fentanyl,session2_row179,session3_row417,RMX-2,Mira-1,pSERS_Metrohm_silver,pSERS_Metrohm_silver,True,False,True,False
33.0,benzyl_fentanyl,session2_row179,session3_row418,RMX-2,Agilent-3,pSERS_Metrohm_silver,pSERS_Metrohm_silver,True,False,True,False
33.0,benzyl_fentanyl,session2_row179,session3_row421,RMX-2,Pendar-3,pSERS_Metrohm_silver,pSERS_Metrohm_silver,True,False,True,False
33.0,benzyl_fentanyl,session3_row417,session3_row418,Mira-1,Agilent-3,pSERS_Metrohm_silver,pSERS_Metrohm_silver,True,False,True,False
33.0,benzyl_fentanyl,session3_row417,session3_row421,Mira-1,Pendar-3,pSERS_Metrohm_silver,pSERS_Metrohm_silver,True,False,True,False
33.0,benzyl_fentanyl,session3_row417,session3_row422,Mira-1,RMX-2,pSERS_Metrohm_silver,pSERS_Metrohm_silver,True,False,True,False
33.0,benzyl_fentanyl,session3_row418,session3_row421,Agilent-3,Pendar-3,pSERS_Metrohm_silver,pSERS_Metrohm_silver,True,False,True,False
33.0,benzyl_fentanyl,session3_row418,session3_row422,Agilent-3,RMX-2,pSERS_Metrohm_silver,pSERS_Metrohm_silver,True,False,True,False
33.0,benzyl_fentanyl,session3_row421,session3_row422,Pendar-3,RMX-2,pSERS_Metrohm_silver,pSERS_Metrohm_silver,True,False,True,False
34.0,acetaminophen,session2_row187,session2_row205,Pendar-2,RMX-2,pSERS_Metrohm_silver,pSERS_Metrohm_silver,True,False,True,False
34.0,acetaminophen,session2_row187,session3_row455,Pendar-2,Pendar-3,pSERS_Metrohm_silver,pSERS_Metrohm_silver,True,False,True,False
34.0,acetaminophen,session2_row187,session3_row456,Pendar-2,RMX-2,pSERS_Metrohm_silver,pSERS_Metrohm_silver,True,False,True,False
34.0,acetaminophen,session2_row187,session3_row467,Pendar-2,Mira-1,pSERS_Metrohm_silver,pSERS_Metrohm_silver,True,False,True,False
34.0,acetaminophen,session2_row187,session3_row468,Pendar-2,Agilent-3,pSERS_Metrohm_silver,pSERS_Metrohm_silver,True,False,True,False
34.0,acetaminophen,session2_row188,session2_row205,Pendar-2,RMX-2,pSERS_Metrohm_silver,pSERS_Metrohm_silver,True,False,True,False
34.0,acetaminophen,session2_row188,session3_row455,Pendar-2,Pendar-3,pSERS_Metrohm_silver,pSERS_Metrohm_silver,True,False,True,False
34.0,acetaminophen,session2_row188,session3_row456,Pendar-2,RMX-2,pSERS_Metrohm_silver,pSERS_Metrohm_silver,True,False,True,False
34.0,acetaminophen,session2_row188,session3_row467,Pendar-2,Mira-1,pSERS_Metrohm_silver,pSERS_Metrohm_silver,True,False,True,False
34.0,acetaminophen,session2_row188,session3_row468,Pendar-2,Agilent-3,pSERS_Metrohm_silver,pSERS_Metrohm_silver,True,False,True,False
34.0,acetaminophen,session2_row189,session2_row205,Pendar-2,RMX-2,pSERS_Metrohm_silver,pSERS_Metrohm_silver,True,False,True,False
34.0,acetaminophen,session2_row189,session3_row455,Pendar-2,Pendar-3,pSERS_Metrohm_silver,pSERS_Metrohm_silver,True,False,True,False
34.0,acetaminophen,session2_row189,session3_row456,Pendar-2,RMX-2,pSERS_Metrohm_silver,pSERS_Metrohm_silver,True,False,True,False
34.0,acetaminophen,session2_row189,session3_row467,Pendar-2,Mira-1,pSERS_Metrohm_silver,pSERS_Metrohm_silver,True,False,True,False
34.0,acetaminophen,session2_row189,session3_row468,Pendar-2,Agilent-3,pSERS_Metrohm_silver,pSERS_Metrohm_silver,True,False,True,False
34.0,acetaminophen,session2_row205,session3_row455,RMX-2,Pendar-3,pSERS_Metrohm_silver,pSERS_Metrohm_silver,True,False,True,False
34.0,acetaminophen,session2_row205,session3_row467,RMX-2,Mira-1,pSERS_Metrohm_silver,pSERS_Metrohm_silver,True,False,True,False
34.0,acetaminophen,session2_row205,session3_row468,RMX-2,Agilent-3,pSERS_Metrohm_silver,pSERS_Metrohm_silver,True,False,True,False
34.0,acetaminophen,session3_row455,session3_row456,Pendar-3,RMX-2,pSERS_Metrohm_silver,pSERS_Metrohm_silver,True,False,True,False
34.0,acetaminophen,session3_row455,session3_row467,Pendar-3,Mira-1,pSERS_Metrohm_silver,pSERS_Metrohm_silver,True,False,True,False
34.0,acetaminophen,session3_row455,session3_row468,Pendar-3,Agilent-3,pSERS_Metrohm_silver,pSERS_Metrohm_silver,True,False,True,False
34.0,acetaminophen,session3_row456,session3_row467,RMX-2,Mira-1,pSERS_Metrohm_silver,pSERS_Metrohm_silver,True,False,True,False
34.0,acetaminophen,session3_row456,session3_row468,RMX-2,Agilent-3,pSERS_Metrohm_silver,pSERS_Metrohm_silver,True,False,True,False
34.0,acetaminophen,session3_row467,session3_row468,Mira-1,Agilent-3,pSERS_Metrohm_silver,pSERS_Metrohm_silver,True,False,True,False
35.0,benzyl_fentanyl,session2_row190,session2_row207,Pendar-2,RMX-2,pSERS_Metrohm_silver,pSERS_Metrohm_silver,True,False,True,False
35.0,benzyl_fentanyl,session2_row190,session3_row457,Pendar-2,Pendar-3,pSERS_Metrohm_silver,pSERS_Metrohm_silver,True,False,True,False
35.0,benzyl_fentanyl,session2_row190,session3_row458,Pendar-2,RMX-2,pSERS_Metrohm_silver,pSERS_Metrohm_silver,True,False,True,False
35.0,benzyl_fentanyl,session2_row190,session3_row469,Pendar-2,Mira-1,pSERS_Metrohm_silver,pSERS_Metrohm_silver,True,False,True,False
35.0,benzyl_fentanyl,session2_row190,session3_row470,Pendar-2,Agilent-3,pSERS_Metrohm_silver,pSERS_Metrohm_silver,True,False,True,False
35.0,benzyl_fentanyl,session2_row207,session3_row457,RMX-2,Pendar-3,pSERS_Metrohm_silver,pSERS_Metrohm_silver,True,False,True,False
35.0,benzyl_fentanyl,session2_row207,session3_row469,RMX-2,Mira-1,pSERS_Metrohm_silver,pSERS_Metrohm_silver,True,False,True,False
35.0,benzyl_fentanyl,session2_row207,session3_row470,RMX-2,Agilent-3,pSERS_Metrohm_silver,pSERS_Metrohm_silver,True,False,True,False
35.0,benzyl_fentanyl,session3_row457,session3_row458,Pendar-3,RMX-2,pSERS_Metrohm_silver,pSERS_Metrohm_silver,True,False,True,False
35.0,benzyl_fentanyl,session3_row457,session3_row469,Pendar-3,Mira-1,pSERS_Metrohm_silver,pSERS_Metrohm_silver,True,False,True,False
35.0,benzyl_fentanyl,session3_row457,session3_row470,Pendar-3,Agilent-3,pSERS_Metrohm_silver,pSERS_Metrohm_silver,True,False,True,False
35.0,benzyl_fentanyl,session3_row458,session3_row469,RMX-2,Mira-1,pSERS_Metrohm_silver,pSERS_Metrohm_silver,True,False,True,False
35.0,benzyl_fentanyl,session3_row458,session3_row470,RMX-2,Agilent-3,pSERS_Metrohm_silver,pSERS_Metrohm_silver,True,False,True,False
35.0,benzyl_fentanyl,session3_row469,session3_row470,Mira-1,Agilent-3,pSERS_Metrohm_silver,pSERS_Metrohm_silver,True,False,True,False
36.0,benzyl_fentanyl,session2_row193,session2_row200,Pendar-2,RMX-2,pSERS_Metrohm_silver,pSERS_Metrohm_silver,True,False,True,False
36.0,benzyl_fentanyl,session2_row193,session3_row459,Pendar-2,Pendar-3,pSERS_Metrohm_silver,pSERS_Metrohm_silver,True,False,True,False
36.0,benzyl_fentanyl,session2_row193,session3_row460,Pendar-2,RMX-2,pSERS_Metrohm_silver,pSERS_Metrohm_silver,True,False,True,False
36.0,benzyl_fentanyl,session2_row193,session3_row471,Pendar-2,Mira-1,pSERS_Metrohm_silver,pSERS_Metrohm_silver,True,False,True,False
36.0,benzyl_fentanyl,session2_row193,session3_row487,Pendar-2,Pendar-3,pSERS_Metrohm_silver,pSERS_Metrohm_silver,True,False,True,False
36.0,benzyl_fentanyl,session2_row193,session3_row488,Pendar-2,Pendar-3,pSERS_Metrohm_silver,pSERS_Metrohm_silver,True,False,True,False
36.0,benzyl_fentanyl,session2_row193,session3_row491,Pendar-2,Pendar-3,pSERS_Metrohm_silver,pSERS_Metrohm_silver,True,False,True,False
36.0,benzyl_fentanyl,session2_row193,session3_row492,Pendar-2,RMX-2,pSERS_Metrohm_silver,pSERS_Metrohm_silver,True,False,True,False
36.0,benzyl_fentanyl,session2_row193,session3_row493,Pendar-2,Pendar-3,pSERS_Metrohm_silver,pSERS_Metrohm_silver,True,False,True,False
36.0,benzyl_fentanyl,session2_row193,session3_row494,Pendar-2,RMX-2,pSERS_Metrohm_silver,pSERS_Metrohm_silver,True,False,True,False
36.0,benzyl_fentanyl,session2_row193,session3_row495,Pendar-2,Mira-1,pSERS_Metrohm_silver,pSERS_Metrohm_silver,True,False,True,False
36.0,benzyl_fentanyl,session2_row193,session3_row496,Pendar-2,Agilent-3,pSERS_Metrohm_silver,pSERS_Metrohm_silver,True,False,True,False
36.0,benzyl_fentanyl,session2_row193,session3_row499_scan4214,Pendar-2,Mira-1,pSERS_Metrohm_silver,GaN_polymer,True,True,False,True
36.0,benzyl_fentanyl,session2_row193,session3_row499_scan4213,Pendar-2,Mira-1,pSERS_Metrohm_silver,GaN_polymer,True,True,False,True
36.0,benzyl_fentanyl,session2_row193,session3_row500,Pendar-2,Agilent-3,pSERS_Metrohm_silver,GaN_polymer,True,True,False,True
36.0,benzyl_fentanyl,session2_row193,session3_row501,Pendar-2,Mira-1,pSERS_Metrohm_silver,GaN_polymer,True,True,False,True
36.0,benzyl_fentanyl,session2_row193,session3_row502,Pendar-2,Agilent-3,pSERS_Metrohm_silver,GaN_polymer,True,True,False,True
36.0,benzyl_fentanyl,session2_row200,session3_row459,RMX-2,Pendar-3,pSERS_Metrohm_silver,pSERS_Metrohm_silver,True,False,True,False
36.0,benzyl_fentanyl,session2_row200,session3_row471,RMX-2,Mira-1,pSERS_Metrohm_silver,pSERS_Metrohm_silver,True,False,True,False
36.0,benzyl_fentanyl,session2_row200,session3_row487,RMX-2,Pendar-3,pSERS_Metrohm_silver,pSERS_Metrohm_silver,True,False,True,False
36.0,benzyl_fentanyl,session2_row200,session3_row488,RMX-2,Pendar-3,pSERS_Metrohm_silver,pSERS_Metrohm_silver,True,False,True,False
36.0,benzyl_fentanyl,session2_row200,session3_row491,RMX-2,Pendar-3,pSERS_Metrohm_silver,pSERS_Metrohm_silver,True,False,True,False
36.0,benzyl_fentanyl,session2_row200,session3_row493,RMX-2,Pendar-3,pSERS_Metrohm_silver,pSERS_Metrohm_silver,True,False,True,False
36.0,benzyl_fentanyl,session2_row200,session3_row495,RMX-2,Mira-1,pSERS_Metrohm_silver,pSERS_Metrohm_silver,True,False,True,False
36.0,benzyl_fentanyl,session2_row200,session3_row496,RMX-2,Agilent-3,pSERS_Metrohm_silver,pSERS_Metrohm_silver,True,False,True,False
36.0,benzyl_fentanyl,session2_row200,session3_row499_scan4214,RMX-2,Mira-1,pSERS_Metrohm_silver,GaN_polymer,True,True,False,True
36.0,benzyl_fentanyl,session2_row200,session3_row499_scan4213,RMX-2,Mira-1,pSERS_Metrohm_silver,GaN_polymer,True,True,False,True
36.0,benzyl_fentanyl,session2_row200,session3_row500,RMX-2,Agilent-3,pSERS_Metrohm_silver,GaN_polymer,True,True,False,True
36.0,benzyl_fentanyl,session2_row200,session3_row501,RMX-2,Mira-1,pSERS_Metrohm_silver,GaN_polymer,True,True,False,True
36.0,benzyl_fentanyl,session2_row200,session3_row502,RMX-2,Agilent-3,pSERS_Metrohm_silver,GaN_polymer,True,True,False,True
36.0,benzyl_fentanyl,session3_row459,session3_row460,Pendar-3,RMX-2,pSERS_Metrohm_silver,pSERS_Metrohm_silver,True,False,True,False
36.0,benzyl_fentanyl,session3_row459,session3_row471,Pendar-3,Mira-1,pSERS_Metrohm_silver,pSERS_Metrohm_silver,True,False,True,False
36.0,benzyl_fentanyl,session3_row459,session3_row492,Pendar-3,RMX-2,pSERS_Metrohm_silver,pSERS_Metrohm_silver,True,False,True,False
36.0,benzyl_fentanyl,session3_row459,session3_row494,Pendar-3,RMX-2,pSERS_Metrohm_silver,pSERS_Metrohm_silver,True,False,True,False
36.0,benzyl_fentanyl,session3_row459,session3_row495,Pendar-3,Mira-1,pSERS_Metrohm_silver,pSERS_Metrohm_silver,True,False,True,False
36.0,benzyl_fentanyl,session3_row459,session3_row496,Pendar-3,Agilent-3,pSERS_Metrohm_silver,pSERS_Metrohm_silver,True,False,True,False
36.0,benzyl_fentanyl,session3_row459,session3_row499_scan4214,Pendar-3,Mira-1,pSERS_Metrohm_silver,GaN_polymer,True,True,False,True
36.0,benzyl_fentanyl,session3_row459,session3_row499_scan4213,Pendar-3,Mira-1,pSERS_Metrohm_silver,GaN_polymer,True,True,False,True
36.0,benzyl_fentanyl,session3_row459,session3_row500,Pendar-3,Agilent-3,pSERS_Metrohm_silver,GaN_polymer,True,True,False,True
36.0,benzyl_fentanyl,session3_row459,session3_row501,Pendar-3,Mira-1,pSERS_Metrohm_silver,GaN_polymer,True,True,False,True
36.0,benzyl_fentanyl,session3_row459,session3_row502,Pendar-3,Agilent-3,pSERS_Metrohm_silver,GaN_polymer,True,True,False,True
36.0,benzyl_fentanyl,session3_row460,session3_row471,RMX-2,Mira-1,pSERS_Metrohm_silver,pSERS_Metrohm_silver,True,False,True,False
36.0,benzyl_fentanyl,session3_row460,session3_row487,RMX-2,Pendar-3,pSERS_Metrohm_silver,pSERS_Metrohm_silver,True,False,True,False
36.0,benzyl_fentanyl,session3_row460,session3_row488,RMX-2,Pendar-3,pSERS_Metrohm_silver,pSERS_Metrohm_silver,True,False,True,False
36.0,benzyl_fentanyl,session3_row460,session3_row491,RMX-2,Pendar-3,pSERS_Metrohm_silver,pSERS_Metrohm_silver,True,False,True,False
36.0,benzyl_fentanyl,session3_row460,session3_row493,RMX-2,Pendar-3,pSERS_Metrohm_silver,pSERS_Metrohm_silver,True,False,True,False
36.0,benzyl_fentanyl,session3_row460,session3_row495,RMX-2,Mira-1,pSERS_Metrohm_silver,pSERS_Metrohm_silver,True,False,True,False
36.0,benzyl_fentanyl,session3_row460,session3_row496,RMX-2,Agilent-3,pSERS_Metrohm_silver,pSERS_Metrohm_silver,True,False,True,False
36.0,benzyl_fentanyl,session3_row460,session3_row499_scan4214,RMX-2,Mira-1,pSERS_Metrohm_silver,GaN_polymer,True,True,False,True
36.0,benzyl_fentanyl,session3_row460,session3_row499_scan4213,RMX-2,Mira-1,pSERS_Metrohm_silver,GaN_polymer,True,True,False,True
36.0,benzyl_fentanyl,session3_row460,session3_row500,RMX-2,Agilent-3,pSERS_Metrohm_silver,GaN_polymer,True,True,False,True
36.0,benzyl_fentanyl,session3_row460,session3_row501,RMX-2,Mira-1,pSERS_Metrohm_silver,GaN_polymer,True,True,False,True
36.0,benzyl_fentanyl,session3_row460,session3_row502,RMX-2,Agilent-3,pSERS_Metrohm_silver,GaN_polymer,True,True,False,True
36.0,benzyl_fentanyl,session3_row471,session3_row487,Mira-1,Pendar-3,pSERS_Metrohm_silver,pSERS_Metrohm_silver,True,False,True,False
36.0,benzyl_fentanyl,session3_row471,session3_row488,Mira-1,Pendar-3,pSERS_Metrohm_silver,pSERS_Metrohm_silver,True,False,True,False
36.0,benzyl_fentanyl,session3_row471,session3_row491,Mira-1,Pendar-3,pSERS_Metrohm_silver,pSERS_Metrohm_silver,True,False,True,False
36.0,benzyl_fentanyl,session3_row471,session3_row492,Mira-1,RMX-2,pSERS_Metrohm_silver,pSERS_Metrohm_silver,True,False,True,False
36.0,benzyl_fentanyl,session3_row471,session3_row493,Mira-1,Pendar-3,pSERS_Metrohm_silver,pSERS_Metrohm_silver,True,False,True,False
36.0,benzyl_fentanyl,session3_row471,session3_row494,Mira-1,RMX-2,pSERS_Metrohm_silver,pSERS_Metrohm_silver,True,False,True,False
36.0,benzyl_fentanyl,session3_row471,session3_row496,Mira-1,Agilent-3,pSERS_Metrohm_silver,pSERS_Metrohm_silver,True,False,True,False
36.0,benzyl_fentanyl,session3_row471,session3_row499_scan4214,Mira-1,Mira-1,pSERS_Metrohm_silver,GaN_polymer,False,True,False,False
36.0,benzyl_fentanyl,session3_row471,session3_row499_scan4213,Mira-1,Mira-1,pSERS_Metrohm_silver,GaN_polymer,False,True,False,False
36.0,benzyl_fentanyl,session3_row471,session3_row500,Mira-1,Agilent-3,pSERS_Metrohm_silver,GaN_polymer,True,True,False,True
36.0,benzyl_fentanyl,session3_row471,session3_row501,Mira-1,Mira-1,pSERS_Metrohm_silver,GaN_polymer,False,True,False,False
36.0,benzyl_fentanyl,session3_row471,session3_row502,Mira-1,Agilent-3,pSERS_Metrohm_silver,GaN_polymer,True,True,False,True
36.0,benzyl_fentanyl,session3_row487,session3_row492,Pendar-3,RMX-2,pSERS_Metrohm_silver,pSERS_Metrohm_silver,True,False,True,False
36.0,benzyl_fentanyl,session3_row487,session3_row494,Pendar-3,RMX-2,pSERS_Metrohm_silver,pSERS_Metrohm_silver,True,False,True,False
36.0,benzyl_fentanyl,session3_row487,session3_row495,Pendar-3,Mira-1,pSERS_Metrohm_silver,pSERS_Metrohm_silver,True,False,True,False
36.0,benzyl_fentanyl,session3_row487,session3_row496,Pendar-3,Agilent-3,pSERS_Metrohm_silver,pSERS_Metrohm_silver,True,False,True,False
36.0,benzyl_fentanyl,session3_row487,session3_row499_scan4214,Pendar-3,Mira-1,pSERS_Metrohm_silver,GaN_polymer,True,True,False,True
36.0,benzyl_fentanyl,session3_row487,session3_row499_scan4213,Pendar-3,Mira-1,pSERS_Metrohm_silver,GaN_polymer,True,True,False,True
36.0,benzyl_fentanyl,session3_row487,session3_row500,Pendar-3,Agilent-3,pSERS_Metrohm_silver,GaN_polymer,True,True,False,True
36.0,benzyl_fentanyl,session3_row487,session3_row501,Pendar-3,Mira-1,pSERS_Metrohm_silver,GaN_polymer,True,True,False,True
36.0,benzyl_fentanyl,session3_row487,session3_row502,Pendar-3,Agilent-3,pSERS_Metrohm_silver,GaN_polymer,True,True,False,True
36.0,benzyl_fentanyl,session3_row488,session3_row492,Pendar-3,RMX-2,pSERS_Metrohm_silver,pSERS_Metrohm_silver,True,False,True,False
36.0,benzyl_fentanyl,session3_row488,session3_row494,Pendar-3,RMX-2,pSERS_Metrohm_silver,pSERS_Metrohm_silver,True,False,True,False
36.0,benzyl_fentanyl,session3_row488,session3_row495,Pendar-3,Mira-1,pSERS_Metrohm_silver,pSERS_Metrohm_silver,True,False,True,False
36.0,benzyl_fentanyl,session3_row488,session3_row496,Pendar-3,Agilent-3,pSERS_Metrohm_silver,pSERS_Metrohm_silver,True,False,True,False
36.0,benzyl_fentanyl,session3_row488,session3_row499_scan4214,Pendar-3,Mira-1,pSERS_Metrohm_silver,GaN_polymer,True,True,False,True
36.0,benzyl_fentanyl,session3_row488,session3_row499_scan4213,Pendar-3,Mira-1,pSERS_Metrohm_silver,GaN_polymer,True,True,False,True
36.0,benzyl_fentanyl,session3_row488,session3_row500,Pendar-3,Agilent-3,pSERS_Metrohm_silver,GaN_polymer,True,True,False,True
36.0,benzyl_fentanyl,session3_row488,session3_row501,Pendar-3,Mira-1,pSERS_Metrohm_silver,GaN_polymer,True,True,False,True
36.0,benzyl_fentanyl,session3_row488,session3_row502,Pendar-3,Agilent-3,pSERS_Metrohm_silver,GaN_polymer,True,True,False,True
36.0,benzyl_fentanyl,session3_row491,session3_row492,Pendar-3,RMX-2,pSERS_Metrohm_silver,pSERS_Metrohm_silver,True,False,True,False
36.0,benzyl_fentanyl,session3_row491,session3_row494,Pendar-3,RMX-2,pSERS_Metrohm_silver,pSERS_Metrohm_silver,True,False,True,False
36.0,benzyl_fentanyl,session3_row491,session3_row495,Pendar-3,Mira-1,pSERS_Metrohm_silver,pSERS_Metrohm_silver,True,False,True,False
36.0,benzyl_fentanyl,session3_row491,session3_row496,Pendar-3,Agilent-3,pSERS_Metrohm_silver,pSERS_Metrohm_silver,True,False,True,False
36.0,benzyl_fentanyl,session3_row491,session3_row499_scan4214,Pendar-3,Mira-1,pSERS_Metrohm_silver,GaN_polymer,True,True,False,True
36.0,benzyl_fentanyl,session3_row491,session3_row499_scan4213,Pendar-3,Mira-1,pSERS_Metrohm_silver,GaN_polymer,True,True,False,True
36.0,benzyl_fentanyl,session3_row491,session3_row500,Pendar-3,Agilent-3,pSERS_Metrohm_silver,GaN_polymer,True,True,False,True
36.0,benzyl_fentanyl,session3_row491,session3_row501,Pendar-3,Mira-1,pSERS_Metrohm_silver,GaN_polymer,True,True,False,True
36.0,benzyl_fentanyl,session3_row491,session3_row502,Pendar-3,Agilent-3,pSERS_Metrohm_silver,GaN_polymer,True,True,False,True
36.0,benzyl_fentanyl,session3_row492,session3_row493,RMX-2,Pendar-3,pSERS_Metrohm_silver,pSERS_Metrohm_silver,True,False,True,False
36.0,benzyl_fentanyl,session3_row492,session3_row495,RMX-2,Mira-1,pSERS_Metrohm_silver,pSERS_Metrohm_silver,True,False,True,False
36.0,benzyl_fentanyl,session3_row492,session3_row496,RMX-2,Agilent-3,pSERS_Metrohm_silver,pSERS_Metrohm_silver,True,False,True,False
36.0,benzyl_fentanyl,session3_row492,session3_row499_scan4214,RMX-2,Mira-1,pSERS_Metrohm_silver,GaN_polymer,True,True,False,True
36.0,benzyl_fentanyl,session3_row492,session3_row499_scan4213,RMX-2,Mira-1,pSERS_Metrohm_silver,GaN_polymer,True,True,False,True
36.0,benzyl_fentanyl,session3_row492,session3_row500,RMX-2,Agilent-3,pSERS_Metrohm_silver,GaN_polymer,True,True,False,True
36.0,benzyl_fentanyl,session3_row492,session3_row501,RMX-2,Mira-1,pSERS_Metrohm_silver,GaN_polymer,True,True,False,True
36.0,benzyl_fentanyl,session3_row492,session3_row502,RMX-2,Agilent-3,pSERS_Metrohm_silver,GaN_polymer,True,True,False,True
36.0,benzyl_fentanyl,session3_row493,session3_row494,Pendar-3,RMX-2,pSERS_Metrohm_silver,pSERS_Metrohm_silver,True,False,True,False
36.0,benzyl_fentanyl,session3_row493,session3_row495,Pendar-3,Mira-1,pSERS_Metrohm_silver,pSERS_Metrohm_silver,True,False,True,False
36.0,benzyl_fentanyl,session3_row493,session3_row496,Pendar-3,Agilent-3,pSERS_Metrohm_silver,pSERS_Metrohm_silver,True,False,True,False
36.0,benzyl_fentanyl,session3_row493,session3_row499_scan4214,Pendar-3,Mira-1,pSERS_Metrohm_silver,GaN_polymer,True,True,False,True
36.0,benzyl_fentanyl,session3_row493,session3_row499_scan4213,Pendar-3,Mira-1,pSERS_Metrohm_silver,GaN_polymer,True,True,False,True
36.0,benzyl_fentanyl,session3_row493,session3_row500,Pendar-3,Agilent-3,pSERS_Metrohm_silver,GaN_polymer,True,True,False,True
36.0,benzyl_fentanyl,session3_row493,session3_row501,Pendar-3,Mira-1,pSERS_Metrohm_silver,GaN_polymer,True,True,False,True
36.0,benzyl_fentanyl,session3_row493,session3_row502,Pendar-3,Agilent-3,pSERS_Metrohm_silver,GaN_polymer,True,True,False,True
36.0,benzyl_fentanyl,session3_row494,session3_row495,RMX-2,Mira-1,pSERS_Metrohm_silver,pSERS_Metrohm_silver,True,False,True,False
36.0,benzyl_fentanyl,session3_row494,session3_row496,RMX-2,Agilent-3,pSERS_Metrohm_silver,pSERS_Metrohm_silver,True,False,True,False
36.0,benzyl_fentanyl,session3_row494,session3_row499_scan4214,RMX-2,Mira-1,pSERS_Metrohm_silver,GaN_polymer,True,True,False,True
36.0,benzyl_fentanyl,session3_row494,session3_row499_scan4213,RMX-2,Mira-1,pSERS_Metrohm_silver,GaN_polymer,True,True,False,True
36.0,benzyl_fentanyl,session3_row494,session3_row500,RMX-2,Agilent-3,pSERS_Metrohm_silver,GaN_polymer,True,True,False,True
36.0,benzyl_fentanyl,session3_row494,session3_row501,RMX-2,Mira-1,pSERS_Metrohm_silver,GaN_polymer,True,True,False,True
36.0,benzyl_fentanyl,session3_row494,session3_row502,RMX-2,Agilent-3,pSERS_Metrohm_silver,GaN_polymer,True,True,False,True
36.0,benzyl_fentanyl,session3_row495,session3_row496,Mira-1,Agilent-3,pSERS_Metrohm_silver,pSERS_Metrohm_silver,True,False,True,False
36.0,benzyl_fentanyl,session3_row495,session3_row499_scan4214,Mira-1,Mira-1,pSERS_Metrohm_silver,GaN_polymer,False,True,False,False
36.0,benzyl_fentanyl,session3_row495,session3_row499_scan4213,Mira-1,Mira-1,pSERS_Metrohm_silver,GaN_polymer,False,True,False,False
36.0,benzyl_fentanyl,session3_row495,session3_row500,Mira-1,Agilent-3,pSERS_Metrohm_silver,GaN_polymer,True,True,False,True
36.0,benzyl_fentanyl,session3_row495,session3_row501,Mira-1,Mira-1,pSERS_Metrohm_silver,GaN_polymer,False,True,False,False
36.0,benzyl_fentanyl,session3_row495,session3_row502,Mira-1,Agilent-3,pSERS_Metrohm_silver,GaN_polymer,True,True,False,True
36.0,benzyl_fentanyl,session3_row496,session3_row499_scan4214,Agilent-3,Mira-1,pSERS_Metrohm_silver,GaN_polymer,True,True,False,True
36.0,benzyl_fentanyl,session3_row496,session3_row499_scan4213,Agilent-3,Mira-1,pSERS_Metrohm_silver,GaN_polymer,True,True,False,True
36.0,benzyl_fentanyl,session3_row496,session3_row500,Agilent-3,Agilent-3,pSERS_Metrohm_silver,GaN_polymer,False,True,False,False
36.0,benzyl_fentanyl,session3_row496,session3_row501,Agilent-3,Mira-1,pSERS_Metrohm_silver,GaN_polymer,True,True,False,True
36.0,benzyl_fentanyl,session3_row496,session3_row502,Agilent-3,Agilent-3,pSERS_Metrohm_silver,GaN_polymer,False,True,False,False
36.0,benzyl_fentanyl,session3_row499_scan4214,session3_row500,Mira-1,Agilent-3,GaN_polymer,GaN_polymer,True,False,True,False
36.0,benzyl_fentanyl,session3_row499_scan4214,session3_row502,Mira-1,Agilent-3,GaN_polymer,GaN_polymer,True,False,True,False
36.0,benzyl_fentanyl,session3_row499_scan4213,session3_row500,Mira-1,Agilent-3,GaN_polymer,GaN_polymer,True,False,True,False
36.0,benzyl_fentanyl,session3_row499_scan4213,session3_row502,Mira-1,Agilent-3,GaN_polymer,GaN_polymer,True,False,True,False
36.0,benzyl_fentanyl,session3_row500,session3_row501,Agilent-3,Mira-1,GaN_polymer,GaN_polymer,True,False,True,False
36.0,benzyl_fentanyl,session3_row501,session3_row502,Mira-1,Agilent-3,GaN_polymer,GaN_polymer,True,False,True,False
37.0,4_ANPP,session2_row195,session2_row202,Pendar-2,RMX-2,pSERS_Metrohm_silver,pSERS_Metrohm_silver,True,False,True,False
37.0,4_ANPP,session2_row195,session2_row203,Pendar-2,RMX-2,pSERS_Metrohm_silver,pSERS_Metrohm_silver,True,False,True,False
37.0,4_ANPP,session2_row195,session3_row461,Pendar-2,Pendar-3,pSERS_Metrohm_silver,pSERS_Metrohm_silver,True,False,True,False
37.0,4_ANPP,session2_row195,session3_row462,Pendar-2,RMX-2,pSERS_Metrohm_silver,pSERS_Metrohm_silver,True,False,True,False
37.0,4_ANPP,session2_row195,session3_row473,Pendar-2,Mira-1,pSERS_Metrohm_silver,pSERS_Metrohm_silver,True,False,True,False
37.0,4_ANPP,session2_row195,session3_row474,Pendar-2,Agilent-3,pSERS_Metrohm_silver,pSERS_Metrohm_silver,True,False,True,False
37.0,4_ANPP,session2_row202,session3_row461,RMX-2,Pendar-3,pSERS_Metrohm_silver,pSERS_Metrohm_silver,True,False,True,False
37.0,4_ANPP,session2_row202,session3_row473,RMX-2,Mira-1,pSERS_Metrohm_silver,pSERS_Metrohm_silver,True,False,True,False
37.0,4_ANPP,session2_row202,session3_row474,RMX-2,Agilent-3,pSERS_Metrohm_silver,pSERS_Metrohm_silver,True,False,True,False
37.0,4_ANPP,session2_row203,session3_row461,RMX-2,Pendar-3,pSERS_Metrohm_silver,pSERS_Metrohm_silver,True,False,True,False
37.0,4_ANPP,session2_row203,session3_row473,RMX-2,Mira-1,pSERS_Metrohm_silver,pSERS_Metrohm_silver,True,False,True,False
37.0,4_ANPP,session2_row203,session3_row474,RMX-2,Agilent-3,pSERS_Metrohm_silver,pSERS_Metrohm_silver,True,False,True,False
37.0,4_ANPP,session3_row461,session3_row462,Pendar-3,RMX-2,pSERS_Metrohm_silver,pSERS_Metrohm_silver,True,False,True,False
37.0,4_ANPP,session3_row461,session3_row473,Pendar-3,Mira-1,pSERS_Metrohm_silver,pSERS_Metrohm_silver,True,False,True,False
37.0,4_ANPP,session3_row461,session3_row474,Pendar-3,Agilent-3,pSERS_Metrohm_silver,pSERS_Metrohm_silver,True,False,True,False
37.0,4_ANPP,session3_row462,session3_row473,RMX-2,Mira-1,pSERS_Metrohm_silver,pSERS_Metrohm_silver,True,False,True,False
37.0,4_ANPP,session3_row462,session3_row474,RMX-2,Agilent-3,pSERS_Metrohm_silver,pSERS_Metrohm_silver,True,False,True,False
37.0,4_ANPP,session3_row473,session3_row474,Mira-1,Agilent-3,pSERS_Metrohm_silver,pSERS_Metrohm_silver,True,False,True,False
38.0,benzyl_fentanyl,session2_row210,session2_row227,RMX-2,Pendar-2,pSERS_Metrohm_silver,pSERS_Metrohm_silver,True,False,True,False
38.0,benzyl_fentanyl,session2_row210,session3_row463,RMX-2,Pendar-3,pSERS_Metrohm_silver,pSERS_Metrohm_silver,True,False,True,False
38.0,benzyl_fentanyl,session2_row210,session3_row475,RMX-2,Mira-1,pSERS_Metrohm_silver,pSERS_Metrohm_silver,True,False,True,False
38.0,benzyl_fentanyl,session2_row210,session3_row476,RMX-2,Agilent-3,pSERS_Metrohm_silver,pSERS_Metrohm_silver,True,False,True,False
38.0,benzyl_fentanyl,session2_row227,session3_row463,Pendar-2,Pendar-3,pSERS_Metrohm_silver,pSERS_Metrohm_silver,True,False,True,False
38.0,benzyl_fentanyl,session2_row227,session3_row464,Pendar-2,RMX-2,pSERS_Metrohm_silver,pSERS_Metrohm_silver,True,False,True,False
38.0,benzyl_fentanyl,session2_row227,session3_row475,Pendar-2,Mira-1,pSERS_Metrohm_silver,pSERS_Metrohm_silver,True,False,True,False
38.0,benzyl_fentanyl,session2_row227,session3_row476,Pendar-2,Agilent-3,pSERS_Metrohm_silver,pSERS_Metrohm_silver,True,False,True,False
38.0,benzyl_fentanyl,session3_row463,session3_row464,Pendar-3,RMX-2,pSERS_Metrohm_silver,pSERS_Metrohm_silver,True,False,True,False
38.0,benzyl_fentanyl,session3_row463,session3_row475,Pendar-3,Mira-1,pSERS_Metrohm_silver,pSERS_Metrohm_silver,True,False,True,False
38.0,benzyl_fentanyl,session3_row463,session3_row476,Pendar-3,Agilent-3,pSERS_Metrohm_silver,pSERS_Metrohm_silver,True,False,True,False
38.0,benzyl_fentanyl,session3_row464,session3_row475,RMX-2,Mira-1,pSERS_Metrohm_silver,pSERS_Metrohm_silver,True,False,True,False
38.0,benzyl_fentanyl,session3_row464,session3_row476,RMX-2,Agilent-3,pSERS_Metrohm_silver,pSERS_Metrohm_silver,True,False,True,False
38.0,benzyl_fentanyl,session3_row475,session3_row476,Mira-1,Agilent-3,pSERS_Metrohm_silver,pSERS_Metrohm_silver,True,False,True,False
39.0,benzyl_fentanyl,session2_row213,session2_row229,RMX-2,Pendar-2,pSERS_Metrohm_silver,pSERS_Metrohm_silver,True,False,True,False
39.0,benzyl_fentanyl,session2_row213,session3_row465,RMX-2,Pendar-3,pSERS_Metrohm_silver,pSERS_Metrohm_silver,True,False,True,False
39.0,benzyl_fentanyl,session2_row213,session3_row477,RMX-2,Mira-1,pSERS_Metrohm_silver,pSERS_Metrohm_silver,True,False,True,False
39.0,benzyl_fentanyl,session2_row213,session3_row478,RMX-2,Agilent-3,pSERS_Metrohm_silver,pSERS_Metrohm_silver,True,False,True,False
39.0,benzyl_fentanyl,session2_row229,session3_row465,Pendar-2,Pendar-3,pSERS_Metrohm_silver,pSERS_Metrohm_silver,True,False,True,False
39.0,benzyl_fentanyl,session2_row229,session3_row466,Pendar-2,RMX-2,pSERS_Metrohm_silver,pSERS_Metrohm_silver,True,False,True,False
39.0,benzyl_fentanyl,session2_row229,session3_row477,Pendar-2,Mira-1,pSERS_Metrohm_silver,pSERS_Metrohm_silver,True,False,True,False
39.0,benzyl_fentanyl,session2_row229,session3_row478,Pendar-2,Agilent-3,pSERS_Metrohm_silver,pSERS_Metrohm_silver,True,False,True,False
39.0,benzyl_fentanyl,session3_row465,session3_row466,Pendar-3,RMX-2,pSERS_Metrohm_silver,pSERS_Metrohm_silver,True,False,True,False
39.0,benzyl_fentanyl,session3_row465,session3_row477,Pendar-3,Mira-1,pSERS_Metrohm_silver,pSERS_Metrohm_silver,True,False,True,False
39.0,benzyl_fentanyl,session3_row465,session3_row478,Pendar-3,Agilent-3,pSERS_Metrohm_silver,pSERS_Metrohm_silver,True,False,True,False
39.0,benzyl_fentanyl,session3_row466,session3_row477,RMX-2,Mira-1,pSERS_Metrohm_silver,pSERS_Metrohm_silver,True,False,True,False
39.0,benzyl_fentanyl,session3_row466,session3_row478,RMX-2,Agilent-3,pSERS_Metrohm_silver,pSERS_Metrohm_silver,True,False,True,False
39.0,benzyl_fentanyl,session3_row477,session3_row478,Mira-1,Agilent-3,pSERS_Metrohm_silver,pSERS_Metrohm_silver,True,False,True,False
40.0,acetaminophen,session2_row215,session2_row223,RMX-2,Pendar-2,pSERS_Metrohm_silver,pSERS_Metrohm_silver,True,False,True,False
40.0,acetaminophen,session2_row215,session3_row479,RMX-2,Mira-1,pSERS_Metrohm_silver,pSERS_Metrohm_silver,True,False,True,False
40.0,acetaminophen,session2_row215,session3_row480,RMX-2,Agilent-3,pSERS_Metrohm_silver,pSERS_Metrohm_silver,True,False,True,False
40.0,acetaminophen,session2_row215,session3_row483,RMX-2,Pendar-3,pSERS_Metrohm_silver,pSERS_Metrohm_silver,True,False,True,False
40.0,acetaminophen,session2_row215,session3_row497,RMX-2,Mira-1,pSERS_Metrohm_silver,pSERS_Metrohm_silver,True,False,True,False
40.0,acetaminophen,session2_row215,session3_row498,RMX-2,Mira-1,pSERS_Metrohm_silver,pSERS_Metrohm_silver,True,False,True,False
40.0,acetaminophen,session2_row216,session2_row223,RMX-2,Pendar-2,pSERS_Metrohm_silver,pSERS_Metrohm_silver,True,False,True,False
40.0,acetaminophen,session2_row216,session3_row479,RMX-2,Mira-1,pSERS_Metrohm_silver,pSERS_Metrohm_silver,True,False,True,False
40.0,acetaminophen,session2_row216,session3_row480,RMX-2,Agilent-3,pSERS_Metrohm_silver,pSERS_Metrohm_silver,True,False,True,False
40.0,acetaminophen,session2_row216,session3_row483,RMX-2,Pendar-3,pSERS_Metrohm_silver,pSERS_Metrohm_silver,True,False,True,False
40.0,acetaminophen,session2_row216,session3_row497,RMX-2,Mira-1,pSERS_Metrohm_silver,pSERS_Metrohm_silver,True,False,True,False
40.0,acetaminophen,session2_row216,session3_row498,RMX-2,Mira-1,pSERS_Metrohm_silver,pSERS_Metrohm_silver,True,False,True,False
40.0,acetaminophen,session2_row223,session3_row479,Pendar-2,Mira-1,pSERS_Metrohm_silver,pSERS_Metrohm_silver,True,False,True,False
40.0,acetaminophen,session2_row223,session3_row480,Pendar-2,Agilent-3,pSERS_Metrohm_silver,pSERS_Metrohm_silver,True,False,True,False
40.0,acetaminophen,session2_row223,session3_row483,Pendar-2,Pendar-3,pSERS_Metrohm_silver,pSERS_Metrohm_silver,True,False,True,False
40.0,acetaminophen,session2_row223,session3_row484,Pendar-2,RMX-2,pSERS_Metrohm_silver,pSERS_Metrohm_silver,True,False,True,False
40.0,acetaminophen,session2_row223,session3_row497,Pendar-2,Mira-1,pSERS_Metrohm_silver,pSERS_Metrohm_silver,True,False,True,False
40.0,acetaminophen,session2_row223,session3_row498,Pendar-2,Mira-1,pSERS_Metrohm_silver,pSERS_Metrohm_silver,True,False,True,False
40.0,acetaminophen,session3_row479,session3_row480,Mira-1,Agilent-3,pSERS_Metrohm_silver,pSERS_Metrohm_silver,True,False,True,False
40.0,acetaminophen,session3_row479,session3_row483,Mira-1,Pendar-3,pSERS_Metrohm_silver,pSERS_Metrohm_silver,True,False,True,False
40.0,acetaminophen,session3_row479,session3_row484,Mira-1,RMX-2,pSERS_Metrohm_silver,pSERS_Metrohm_silver,True,False,True,False
40.0,acetaminophen,session3_row480,session3_row483,Agilent-3,Pendar-3,pSERS_Metrohm_silver,pSERS_Metrohm_silver,True,False,True,False
40.0,acetaminophen,session3_row480,session3_row484,Agilent-3,RMX-2,pSERS_Metrohm_silver,pSERS_Metrohm_silver,True,False,True,False
40.0,acetaminophen,session3_row480,session3_row497,Agilent-3,Mira-1,pSERS_Metrohm_silver,pSERS_Metrohm_silver,True,False,True,False
40.0,acetaminophen,session3_row480,session3_row498,Agilent-3,Mira-1,pSERS_Metrohm_silver,pSERS_Metrohm_silver,True,False,True,False
40.0,acetaminophen,session3_row483,session3_row484,Pendar-3,RMX-2,pSERS_Metrohm_silver,pSERS_Metrohm_silver,True,False,True,False
40.0,acetaminophen,session3_row483,session3_row497,Pendar-3,Mira-1,pSERS_Metrohm_silver,pSERS_Metrohm_silver,True,False,True,False
40.0,acetaminophen,session3_row483,session3_row498,Pendar-3,Mira-1,pSERS_Metrohm_silver,pSERS_Metrohm_silver,True,False,True,False
40.0,acetaminophen,session3_row484,session3_row497,RMX-2,Mira-1,pSERS_Metrohm_silver,pSERS_Metrohm_silver,True,False,True,False
40.0,acetaminophen,session3_row484,session3_row498,RMX-2,Mira-1,pSERS_Metrohm_silver,pSERS_Metrohm_silver,True,False,True,False
41.0,acetaminophen,session2_row218,session2_row225,RMX-2,Pendar-2,pSERS_Metrohm_silver,pSERS_Metrohm_silver,True,False,True,False
41.0,acetaminophen,session2_row218,session3_row481,RMX-2,Mira-1,pSERS_Metrohm_silver,pSERS_Metrohm_silver,True,False,True,False
41.0,acetaminophen,session2_row218,session3_row482,RMX-2,Agilent-3,pSERS_Metrohm_silver,pSERS_Metrohm_silver,True,False,True,False
41.0,acetaminophen,session2_row218,session3_row485,RMX-2,Pendar-3,pSERS_Metrohm_silver,pSERS_Metrohm_silver,True,False,True,False
41.0,acetaminophen,session2_row225,session3_row481,Pendar-2,Mira-1,pSERS_Metrohm_silver,pSERS_Metrohm_silver,True,False,True,False
41.0,acetaminophen,session2_row225,session3_row482,Pendar-2,Agilent-3,pSERS_Metrohm_silver,pSERS_Metrohm_silver,True,False,True,False
41.0,acetaminophen,session2_row225,session3_row485,Pendar-2,Pendar-3,pSERS_Metrohm_silver,pSERS_Metrohm_silver,True,False,True,False
41.0,acetaminophen,session2_row225,session3_row486,Pendar-2,RMX-2,pSERS_Metrohm_silver,pSERS_Metrohm_silver,True,False,True,False
41.0,acetaminophen,session3_row481,session3_row482,Mira-1,Agilent-3,pSERS_Metrohm_silver,pSERS_Metrohm_silver,True,False,True,False
41.0,acetaminophen,session3_row481,session3_row485,Mira-1,Pendar-3,pSERS_Metrohm_silver,pSERS_Metrohm_silver,True,False,True,False
41.0,acetaminophen,session3_row481,session3_row486,Mira-1,RMX-2,pSERS_Metrohm_silver,pSERS_Metrohm_silver,True,False,True,False
41.0,acetaminophen,session3_row482,session3_row485,Agilent-3,Pendar-3,pSERS_Metrohm_silver,pSERS_Metrohm_silver,True,False,True,False
41.0,acetaminophen,session3_row482,session3_row486,Agilent-3,RMX-2,pSERS_Metrohm_silver,pSERS_Metrohm_silver,True,False,True,False
41.0,acetaminophen,session3_row485,session3_row486,Pendar-3,RMX-2,pSERS_Metrohm_silver,pSERS_Metrohm_silver,True,False,True,False
42.0,benzyl_fentanyl,session2_row235,session2_row241,RMX-2,Pendar-2,pSERS_Metrohm_silver,pSERS_Metrohm_silver,True,False,True,False
44.0,acetaminophen,session2_row232,session2_row247,RMX-2,Pendar-2,pSERS_Metrohm_silver,pSERS_Metrohm_silver,True,False,True,False
44.0,acetaminophen,session2_row232,session2_row248,RMX-2,Pendar-2,pSERS_Metrohm_silver,pSERS_Metrohm_silver,True,False,True,False
45.0,benzyl_fentanyl,session2_row233,session2_row251,RMX-2,Pendar-2,pSERS_Metrohm_silver,pSERS_Metrohm_silver,True,False,True,False
46.0,4_ANPP,session2_row257,session2_row263,RMX-2,Pendar-2,pSERS_Metrohm_silver,pSERS_Metrohm_silver,True,False,True,False
47.0,acetaminophen,session2_row259,session2_row266,RMX-2,Pendar-2,pSERS_Metrohm_silver,pSERS_Metrohm_silver,True,False,True,False
47.0,acetaminophen,session2_row259,session2_row267,RMX-2,Pendar-2,pSERS_Metrohm_silver,pSERS_Metrohm_silver,True,False,True,False
48.0,benzyl_fentanyl,session2_row254,session2_row270,RMX-2,Pendar-2,pSERS_Metrohm_silver,pSERS_Metrohm_silver,True,False,True,False
50.0,ethyl_paraoxon,session1_row176,session1_row222,Pendar-2,Mira-2,H_SERS_H_Kit,H_SERS_H_Kit,True,False,True,False
50.0,ethyl_paraoxon,session1_row176,session1_row238,Pendar-2,Agilent-3,H_SERS_H_Kit,H_SERS_H_Kit,True,False,True,False
50.0,ethyl_paraoxon,session1_row176,session2_row286,Pendar-2,RMX-1,H_SERS_H_Kit,H_SERS_H_Kit,True,False,True,False
50.0,ethyl_paraoxon,session1_row176,session2_row290,Pendar-2,Agilent-3,H_SERS_H_Kit,H_SERS_H_Kit,True,False,True,False
50.0,ethyl_paraoxon,session1_row176,session2_row291,Pendar-2,Mira-2,H_SERS_H_Kit,H_SERS_H_Kit,True,False,True,False
50.0,ethyl_paraoxon,session1_row176,session2_row298,Pendar-2,RMX-1,H_SERS_H_Kit,NRC_Canadian_SERS,True,True,False,True
50.0,ethyl_paraoxon,session1_row176,session2_row302,Pendar-2,Agilent-3,H_SERS_H_Kit,NRC_Canadian_SERS,True,True,False,True
50.0,ethyl_paraoxon,session1_row176,session2_row305,Pendar-2,RMX-1,H_SERS_H_Kit,NRC_Canadian_SERS,True,True,False,True
50.0,ethyl_paraoxon,session1_row176,session2_row309,Pendar-2,Agilent-3,H_SERS_H_Kit,NRC_Canadian_SERS,True,True,False,True
50.0,ethyl_paraoxon,session1_row176,session2_row314,Pendar-2,Mira-2,H_SERS_H_Kit,NRC_Canadian_SERS,True,True,False,True
50.0,ethyl_paraoxon,session1_row176,session3_row26,Pendar-2,RMX-1,H_SERS_H_Kit,H_SERS_H_Kit,True,False,True,False
50.0,ethyl_paraoxon,session1_row176,session3_row27,Pendar-2,Mira-2,H_SERS_H_Kit,H_SERS_H_Kit,True,False,True,False
50.0,ethyl_paraoxon,session1_row185,session1_row222,Pendar-2,Mira-2,H_SERS_H_Kit,H_SERS_H_Kit,True,False,True,False
50.0,ethyl_paraoxon,session1_row185,session1_row238,Pendar-2,Agilent-3,H_SERS_H_Kit,H_SERS_H_Kit,True,False,True,False
50.0,ethyl_paraoxon,session1_row185,session2_row286,Pendar-2,RMX-1,H_SERS_H_Kit,H_SERS_H_Kit,True,False,True,False
50.0,ethyl_paraoxon,session1_row185,session2_row290,Pendar-2,Agilent-3,H_SERS_H_Kit,H_SERS_H_Kit,True,False,True,False
50.0,ethyl_paraoxon,session1_row185,session2_row291,Pendar-2,Mira-2,H_SERS_H_Kit,H_SERS_H_Kit,True,False,True,False
50.0,ethyl_paraoxon,session1_row185,session2_row298,Pendar-2,RMX-1,H_SERS_H_Kit,NRC_Canadian_SERS,True,True,False,True
50.0,ethyl_paraoxon,session1_row185,session2_row302,Pendar-2,Agilent-3,H_SERS_H_Kit,NRC_Canadian_SERS,True,True,False,True
50.0,ethyl_paraoxon,session1_row185,session2_row305,Pendar-2,RMX-1,H_SERS_H_Kit,NRC_Canadian_SERS,True,True,False,True
50.0,ethyl_paraoxon,session1_row185,session2_row309,Pendar-2,Agilent-3,H_SERS_H_Kit,NRC_Canadian_SERS,True,True,False,True
50.0,ethyl_paraoxon,session1_row185,session2_row314,Pendar-2,Mira-2,H_SERS_H_Kit,NRC_Canadian_SERS,True,True,False,True
50.0,ethyl_paraoxon,session1_row185,session3_row26,Pendar-2,RMX-1,H_SERS_H_Kit,H_SERS_H_Kit,True,False,True,False
50.0,ethyl_paraoxon,session1_row185,session3_row27,Pendar-2,Mira-2,H_SERS_H_Kit,H_SERS_H_Kit,True,False,True,False
50.0,ethyl_paraoxon,session1_row186,session1_row222,Pendar-2,Mira-2,H_SERS_H_Kit,H_SERS_H_Kit,True,False,True,False
50.0,ethyl_paraoxon,session1_row186,session1_row238,Pendar-2,Agilent-3,H_SERS_H_Kit,H_SERS_H_Kit,True,False,True,False
50.0,ethyl_paraoxon,session1_row186,session2_row286,Pendar-2,RMX-1,H_SERS_H_Kit,H_SERS_H_Kit,True,False,True,False
50.0,ethyl_paraoxon,session1_row186,session2_row290,Pendar-2,Agilent-3,H_SERS_H_Kit,H_SERS_H_Kit,True,False,True,False
50.0,ethyl_paraoxon,session1_row186,session2_row291,Pendar-2,Mira-2,H_SERS_H_Kit,H_SERS_H_Kit,True,False,True,False
50.0,ethyl_paraoxon,session1_row186,session2_row298,Pendar-2,RMX-1,H_SERS_H_Kit,NRC_Canadian_SERS,True,True,False,True
50.0,ethyl_paraoxon,session1_row186,session2_row302,Pendar-2,Agilent-3,H_SERS_H_Kit,NRC_Canadian_SERS,True,True,False,True
50.0,ethyl_paraoxon,session1_row186,session2_row305,Pendar-2,RMX-1,H_SERS_H_Kit,NRC_Canadian_SERS,True,True,False,True
50.0,ethyl_paraoxon,session1_row186,session2_row309,Pendar-2,Agilent-3,H_SERS_H_Kit,NRC_Canadian_SERS,True,True,False,True
50.0,ethyl_paraoxon,session1_row186,session2_row314,Pendar-2,Mira-2,H_SERS_H_Kit,NRC_Canadian_SERS,True,True,False,True
50.0,ethyl_paraoxon,session1_row186,session3_row26,Pendar-2,RMX-1,H_SERS_H_Kit,H_SERS_H_Kit,True,False,True,False
50.0,ethyl_paraoxon,session1_row186,session3_row27,Pendar-2,Mira-2,H_SERS_H_Kit,H_SERS_H_Kit,True,False,True,False
50.0,ethyl_paraoxon,session1_row222,session1_row238,Mira-2,Agilent-3,H_SERS_H_Kit,H_SERS_H_Kit,True,False,True,False
50.0,ethyl_paraoxon,session1_row222,session2_row286,Mira-2,RMX-1,H_SERS_H_Kit,H_SERS_H_Kit,True,False,True,False
50.0,ethyl_paraoxon,session1_row222,session2_row290,Mira-2,Agilent-3,H_SERS_H_Kit,H_SERS_H_Kit,True,False,True,False
50.0,ethyl_paraoxon,session1_row222,session2_row298,Mira-2,RMX-1,H_SERS_H_Kit,NRC_Canadian_SERS,True,True,False,True
50.0,ethyl_paraoxon,session1_row222,session2_row302,Mira-2,Agilent-3,H_SERS_H_Kit,NRC_Canadian_SERS,True,True,False,True
50.0,ethyl_paraoxon,session1_row222,session2_row305,Mira-2,RMX-1,H_SERS_H_Kit,NRC_Canadian_SERS,True,True,False,True
50.0,ethyl_paraoxon,session1_row222,session2_row309,Mira-2,Agilent-3,H_SERS_H_Kit,NRC_Canadian_SERS,True,True,False,True
50.0,ethyl_paraoxon,session1_row222,session2_row314,Mira-2,Mira-2,H_SERS_H_Kit,NRC_Canadian_SERS,False,True,False,False
50.0,ethyl_paraoxon,session1_row222,session3_row2,Mira-2,Pendar-2,H_SERS_H_Kit,H_SERS_H_Kit,True,False,True,False
50.0,ethyl_paraoxon,session1_row222,session3_row26,Mira-2,RMX-1,H_SERS_H_Kit,H_SERS_H_Kit,True,False,True,False
50.0,ethyl_paraoxon,session1_row238,session2_row286,Agilent-3,RMX-1,H_SERS_H_Kit,H_SERS_H_Kit,True,False,True,False
50.0,ethyl_paraoxon,session1_row238,session2_row291,Agilent-3,Mira-2,H_SERS_H_Kit,H_SERS_H_Kit,True,False,True,False
50.0,ethyl_paraoxon,session1_row238,session2_row298,Agilent-3,RMX-1,H_SERS_H_Kit,NRC_Canadian_SERS,True,True,False,True
50.0,ethyl_paraoxon,session1_row238,session2_row302,Agilent-3,Agilent-3,H_SERS_H_Kit,NRC_Canadian_SERS,False,True,False,False
50.0,ethyl_paraoxon,session1_row238,session2_row305,Agilent-3,RMX-1,H_SERS_H_Kit,NRC_Canadian_SERS,True,True,False,True
50.0,ethyl_paraoxon,session1_row238,session2_row309,Agilent-3,Agilent-3,H_SERS_H_Kit,NRC_Canadian_SERS,False,True,False,False
50.0,ethyl_paraoxon,session1_row238,session2_row314,Agilent-3,Mira-2,H_SERS_H_Kit,NRC_Canadian_SERS,True,True,False,True
50.0,ethyl_paraoxon,session1_row238,session3_row2,Agilent-3,Pendar-2,H_SERS_H_Kit,H_SERS_H_Kit,True,False,True,False
50.0,ethyl_paraoxon,session1_row238,session3_row26,Agilent-3,RMX-1,H_SERS_H_Kit,H_SERS_H_Kit,True,False,True,False
50.0,ethyl_paraoxon,session1_row238,session3_row27,Agilent-3,Mira-2,H_SERS_H_Kit,H_SERS_H_Kit,True,False,True,False
50.0,ethyl_paraoxon,session2_row286,session2_row290,RMX-1,Agilent-3,H_SERS_H_Kit,H_SERS_H_Kit,True,False,True,False
50.0,ethyl_paraoxon,session2_row286,session2_row291,RMX-1,Mira-2,H_SERS_H_Kit,H_SERS_H_Kit,True,False,True,False
50.0,ethyl_paraoxon,session2_row286,session2_row298,RMX-1,RMX-1,H_SERS_H_Kit,NRC_Canadian_SERS,False,True,False,False
50.0,ethyl_paraoxon,session2_row286,session2_row302,RMX-1,Agilent-3,H_SERS_H_Kit,NRC_Canadian_SERS,True,True,False,True
50.0,ethyl_paraoxon,session2_row286,session2_row305,RMX-1,RMX-1,H_SERS_H_Kit,NRC_Canadian_SERS,False,True,False,False
50.0,ethyl_paraoxon,session2_row286,session2_row309,RMX-1,Agilent-3,H_SERS_H_Kit,NRC_Canadian_SERS,True,True,False,True
50.0,ethyl_paraoxon,session2_row286,session2_row314,RMX-1,Mira-2,H_SERS_H_Kit,NRC_Canadian_SERS,True,True,False,True
50.0,ethyl_paraoxon,session2_row286,session3_row2,RMX-1,Pendar-2,H_SERS_H_Kit,H_SERS_H_Kit,True,False,True,False
50.0,ethyl_paraoxon,session2_row286,session3_row27,RMX-1,Mira-2,H_SERS_H_Kit,H_SERS_H_Kit,True,False,True,False
50.0,ethyl_paraoxon,session2_row290,session2_row291,Agilent-3,Mira-2,H_SERS_H_Kit,H_SERS_H_Kit,True,False,True,False
50.0,ethyl_paraoxon,session2_row290,session2_row298,Agilent-3,RMX-1,H_SERS_H_Kit,NRC_Canadian_SERS,True,True,False,True
50.0,ethyl_paraoxon,session2_row290,session2_row302,Agilent-3,Agilent-3,H_SERS_H_Kit,NRC_Canadian_SERS,False,True,False,False
50.0,ethyl_paraoxon,session2_row290,session2_row305,Agilent-3,RMX-1,H_SERS_H_Kit,NRC_Canadian_SERS,True,True,False,True
50.0,ethyl_paraoxon,session2_row290,session2_row309,Agilent-3,Agilent-3,H_SERS_H_Kit,NRC_Canadian_SERS,False,True,False,False
50.0,ethyl_paraoxon,session2_row290,session2_row314,Agilent-3,Mira-2,H_SERS_H_Kit,NRC_Canadian_SERS,True,True,False,True
50.0,ethyl_paraoxon,session2_row290,session3_row2,Agilent-3,Pendar-2,H_SERS_H_Kit,H_SERS_H_Kit,True,False,True,False
50.0,ethyl_paraoxon,session2_row290,session3_row26,Agilent-3,RMX-1,H_SERS_H_Kit,H_SERS_H_Kit,True,False,True,False
50.0,ethyl_paraoxon,session2_row290,session3_row27,Agilent-3,Mira-2,H_SERS_H_Kit,H_SERS_H_Kit,True,False,True,False
50.0,ethyl_paraoxon,session2_row291,session2_row298,Mira-2,RMX-1,H_SERS_H_Kit,NRC_Canadian_SERS,True,True,False,True
50.0,ethyl_paraoxon,session2_row291,session2_row302,Mira-2,Agilent-3,H_SERS_H_Kit,NRC_Canadian_SERS,True,True,False,True
50.0,ethyl_paraoxon,session2_row291,session2_row305,Mira-2,RMX-1,H_SERS_H_Kit,NRC_Canadian_SERS,True,True,False,True
50.0,ethyl_paraoxon,session2_row291,session2_row309,Mira-2,Agilent-3,H_SERS_H_Kit,NRC_Canadian_SERS,True,True,False,True
50.0,ethyl_paraoxon,session2_row291,session2_row314,Mira-2,Mira-2,H_SERS_H_Kit,NRC_Canadian_SERS,False,True,False,False
50.0,ethyl_paraoxon,session2_row291,session3_row2,Mira-2,Pendar-2,H_SERS_H_Kit,H_SERS_H_Kit,True,False,True,False
50.0,ethyl_paraoxon,session2_row291,session3_row26,Mira-2,RMX-1,H_SERS_H_Kit,H_SERS_H_Kit,True,False,True,False
50.0,ethyl_paraoxon,session2_row298,session2_row302,RMX-1,Agilent-3,NRC_Canadian_SERS,NRC_Canadian_SERS,True,False,True,False
50.0,ethyl_paraoxon,session2_row298,session2_row309,RMX-1,Agilent-3,NRC_Canadian_SERS,NRC_Canadian_SERS,True,False,True,False
50.0,ethyl_paraoxon,session2_row298,session2_row314,RMX-1,Mira-2,NRC_Canadian_SERS,NRC_Canadian_SERS,True,False,True,False
50.0,ethyl_paraoxon,session2_row298,session3_row2,RMX-1,Pendar-2,NRC_Canadian_SERS,H_SERS_H_Kit,True,True,False,True
50.0,ethyl_paraoxon,session2_row298,session3_row26,RMX-1,RMX-1,NRC_Canadian_SERS,H_SERS_H_Kit,False,True,False,False
50.0,ethyl_paraoxon,session2_row298,session3_row27,RMX-1,Mira-2,NRC_Canadian_SERS,H_SERS_H_Kit,True,True,False,True
50.0,ethyl_paraoxon,session2_row302,session2_row305,Agilent-3,RMX-1,NRC_Canadian_SERS,NRC_Canadian_SERS,True,False,True,False
50.0,ethyl_paraoxon,session2_row302,session2_row314,Agilent-3,Mira-2,NRC_Canadian_SERS,NRC_Canadian_SERS,True,False,True,False
50.0,ethyl_paraoxon,session2_row302,session3_row2,Agilent-3,Pendar-2,NRC_Canadian_SERS,H_SERS_H_Kit,True,True,False,True
50.0,ethyl_paraoxon,session2_row302,session3_row26,Agilent-3,RMX-1,NRC_Canadian_SERS,H_SERS_H_Kit,True,True,False,True
50.0,ethyl_paraoxon,session2_row302,session3_row27,Agilent-3,Mira-2,NRC_Canadian_SERS,H_SERS_H_Kit,True,True,False,True
50.0,ethyl_paraoxon,session2_row305,session2_row309,RMX-1,Agilent-3,NRC_Canadian_SERS,NRC_Canadian_SERS,True,False,True,False
50.0,ethyl_paraoxon,session2_row305,session2_row314,RMX-1,Mira-2,NRC_Canadian_SERS,NRC_Canadian_SERS,True,False,True,False
50.0,ethyl_paraoxon,session2_row305,session3_row2,RMX-1,Pendar-2,NRC_Canadian_SERS,H_SERS_H_Kit,True,True,False,True
50.0,ethyl_paraoxon,session2_row305,session3_row26,RMX-1,RMX-1,NRC_Canadian_SERS,H_SERS_H_Kit,False,True,False,False
50.0,ethyl_paraoxon,session2_row305,session3_row27,RMX-1,Mira-2,NRC_Canadian_SERS,H_SERS_H_Kit,True,True,False,True
50.0,ethyl_paraoxon,session2_row309,session2_row314,Agilent-3,Mira-2,NRC_Canadian_SERS,NRC_Canadian_SERS,True,False,True,False
50.0,ethyl_paraoxon,session2_row309,session3_row2,Agilent-3,Pendar-2,NRC_Canadian_SERS,H_SERS_H_Kit,True,True,False,True
50.0,ethyl_paraoxon,session2_row309,session3_row26,Agilent-3,RMX-1,NRC_Canadian_SERS,H_SERS_H_Kit,True,True,False,True
50.0,ethyl_paraoxon,session2_row309,session3_row27,Agilent-3,Mira-2,NRC_Canadian_SERS,H_SERS_H_Kit,True,True,False,True
50.0,ethyl_paraoxon,session2_row314,session3_row2,Mira-2,Pendar-2,NRC_Canadian_SERS,H_SERS_H_Kit,True,True,False,True
50.0,ethyl_paraoxon,session2_row314,session3_row26,Mira-2,RMX-1,NRC_Canadian_SERS,H_SERS_H_Kit,True,True,False,True
50.0,ethyl_paraoxon,session2_row314,session3_row27,Mira-2,Mira-2,NRC_Canadian_SERS,H_SERS_H_Kit,False,True,False,False
50.0,ethyl_paraoxon,session3_row2,session3_row26,Pendar-2,RMX-1,H_SERS_H_Kit,H_SERS_H_Kit,True,False,True,False
50.0,ethyl_paraoxon,session3_row2,session3_row27,Pendar-2,Mira-2,H_SERS_H_Kit,H_SERS_H_Kit,True,False,True,False
50.0,ethyl_paraoxon,session3_row26,session3_row27,RMX-1,Mira-2,H_SERS_H_Kit,H_SERS_H_Kit,True,False,True,False
51.0,4_nitrophenol,session1_row177,session1_row191,Pendar-2,RMX-1,H_SERS_H_Kit,H_SERS_H_Kit,True,False,True,False
51.0,4_nitrophenol,session1_row177,session1_row202,Pendar-2,Pendar-2,H_SERS_H_Kit,GaN_polymer,False,True,False,False
51.0,4_nitrophenol,session1_row177,session1_row204,Pendar-2,Pendar-2,H_SERS_H_Kit,GaN_polymer,False,True,False,False
51.0,4_nitrophenol,session1_row177,session1_row223,Pendar-2,Mira-2,H_SERS_H_Kit,H_SERS_H_Kit,True,False,True,False
51.0,4_nitrophenol,session1_row177,session1_row230,Pendar-2,Mira-2,H_SERS_H_Kit,GaN_polymer,True,True,False,True
51.0,4_nitrophenol,session1_row177,session1_row231,Pendar-2,Mira-2,H_SERS_H_Kit,GaN_polymer,True,True,False,True
51.0,4_nitrophenol,session1_row177,session1_row239,Pendar-2,Agilent-3,H_SERS_H_Kit,H_SERS_H_Kit,True,False,True,False
51.0,4_nitrophenol,session1_row177,session1_row242,Pendar-2,Agilent-3,H_SERS_H_Kit,GaN_polymer,True,True,False,True
51.0,4_nitrophenol,session1_row177,session1_row243,Pendar-2,Agilent-3,H_SERS_H_Kit,GaN_polymer,True,True,False,True
51.0,4_nitrophenol,session1_row177,session2_row287,Pendar-2,RMX-1,H_SERS_H_Kit,H_SERS_H_Kit,True,False,True,False
51.0,4_nitrophenol,session1_row177,session2_row292,Pendar-2,Agilent-3,H_SERS_H_Kit,H_SERS_H_Kit,True,False,True,False
51.0,4_nitrophenol,session1_row177,session2_row293,Pendar-2,Mira-2,H_SERS_H_Kit,H_SERS_H_Kit,True,False,True,False
51.0,4_nitrophenol,session1_row177,session2_row299,Pendar-2,RMX-1,H_SERS_H_Kit,NRC_Canadian_SERS,True,True,False,True
51.0,4_nitrophenol,session1_row177,session2_row308,Pendar-2,RMX-1,H_SERS_H_Kit,NRC_Canadian_SERS,True,True,False,True
51.0,4_nitrophenol,session1_row177,session2_row315,Pendar-2,Mira-2,H_SERS_H_Kit,NRC_Canadian_SERS,True,True,False,True
51.0,4_nitrophenol,session1_row177,session3_row29,Pendar-2,RMX-1,H_SERS_H_Kit,H_SERS_H_Kit,True,False,True,False
51.0,4_nitrophenol,session1_row177,session3_row30,Pendar-2,Mira-2,H_SERS_H_Kit,H_SERS_H_Kit,True,False,True,False
51.0,4_nitrophenol,session1_row188,session1_row191,Pendar-2,RMX-1,H_SERS_H_Kit,H_SERS_H_Kit,True,False,True,False
51.0,4_nitrophenol,session1_row188,session1_row202,Pendar-2,Pendar-2,H_SERS_H_Kit,GaN_polymer,False,True,False,False
51.0,4_nitrophenol,session1_row188,session1_row204,Pendar-2,Pendar-2,H_SERS_H_Kit,GaN_polymer,False,True,False,False
51.0,4_nitrophenol,session1_row188,session1_row223,Pendar-2,Mira-2,H_SERS_H_Kit,H_SERS_H_Kit,True,False,True,False
51.0,4_nitrophenol,session1_row188,session1_row230,Pendar-2,Mira-2,H_SERS_H_Kit,GaN_polymer,True,True,False,True
51.0,4_nitrophenol,session1_row188,session1_row231,Pendar-2,Mira-2,H_SERS_H_Kit,GaN_polymer,True,True,False,True
51.0,4_nitrophenol,session1_row188,session1_row239,Pendar-2,Agilent-3,H_SERS_H_Kit,H_SERS_H_Kit,True,False,True,False
51.0,4_nitrophenol,session1_row188,session1_row242,Pendar-2,Agilent-3,H_SERS_H_Kit,GaN_polymer,True,True,False,True
51.0,4_nitrophenol,session1_row188,session1_row243,Pendar-2,Agilent-3,H_SERS_H_Kit,GaN_polymer,True,True,False,True
51.0,4_nitrophenol,session1_row188,session2_row287,Pendar-2,RMX-1,H_SERS_H_Kit,H_SERS_H_Kit,True,False,True,False
51.0,4_nitrophenol,session1_row188,session2_row292,Pendar-2,Agilent-3,H_SERS_H_Kit,H_SERS_H_Kit,True,False,True,False
51.0,4_nitrophenol,session1_row188,session2_row293,Pendar-2,Mira-2,H_SERS_H_Kit,H_SERS_H_Kit,True,False,True,False
51.0,4_nitrophenol,session1_row188,session2_row299,Pendar-2,RMX-1,H_SERS_H_Kit,NRC_Canadian_SERS,True,True,False,True
51.0,4_nitrophenol,session1_row188,session2_row308,Pendar-2,RMX-1,H_SERS_H_Kit,NRC_Canadian_SERS,True,True,False,True
51.0,4_nitrophenol,session1_row188,session2_row315,Pendar-2,Mira-2,H_SERS_H_Kit,NRC_Canadian_SERS,True,True,False,True
51.0,4_nitrophenol,session1_row188,session3_row29,Pendar-2,RMX-1,H_SERS_H_Kit,H_SERS_H_Kit,True,False,True,False
51.0,4_nitrophenol,session1_row188,session3_row30,Pendar-2,Mira-2,H_SERS_H_Kit,H_SERS_H_Kit,True,False,True,False
51.0,4_nitrophenol,session1_row191,session1_row202,RMX-1,Pendar-2,H_SERS_H_Kit,GaN_polymer,True,True,False,True
51.0,4_nitrophenol,session1_row191,session1_row204,RMX-1,Pendar-2,H_SERS_H_Kit,GaN_polymer,True,True,False,True
51.0,4_nitrophenol,session1_row191,session1_row223,RMX-1,Mira-2,H_SERS_H_Kit,H_SERS_H_Kit,True,False,True,False
51.0,4_nitrophenol,session1_row191,session1_row230,RMX-1,Mira-2,H_SERS_H_Kit,GaN_polymer,True,True,False,True
51.0,4_nitrophenol,session1_row191,session1_row231,RMX-1,Mira-2,H_SERS_H_Kit,GaN_polymer,True,True,False,True
51.0,4_nitrophenol,session1_row191,session1_row239,RMX-1,Agilent-3,H_SERS_H_Kit,H_SERS_H_Kit,True,False,True,False
51.0,4_nitrophenol,session1_row191,session1_row242,RMX-1,Agilent-3,H_SERS_H_Kit,GaN_polymer,True,True,False,True
51.0,4_nitrophenol,session1_row191,session1_row243,RMX-1,Agilent-3,H_SERS_H_Kit,GaN_polymer,True,True,False,True
51.0,4_nitrophenol,session1_row191,session2_row292,RMX-1,Agilent-3,H_SERS_H_Kit,H_SERS_H_Kit,True,False,True,False
51.0,4_nitrophenol,session1_row191,session2_row293,RMX-1,Mira-2,H_SERS_H_Kit,H_SERS_H_Kit,True,False,True,False
51.0,4_nitrophenol,session1_row191,session2_row299,RMX-1,RMX-1,H_SERS_H_Kit,NRC_Canadian_SERS,False,True,False,False
51.0,4_nitrophenol,session1_row191,session2_row308,RMX-1,RMX-1,H_SERS_H_Kit,NRC_Canadian_SERS,False,True,False,False
51.0,4_nitrophenol,session1_row191,session2_row315,RMX-1,Mira-2,H_SERS_H_Kit,NRC_Canadian_SERS,True,True,False,True
51.0,4_nitrophenol,session1_row191,session3_row3,RMX-1,Pendar-2,H_SERS_H_Kit,H_SERS_H_Kit,True,False,True,False
51.0,4_nitrophenol,session1_row191,session3_row30,RMX-1,Mira-2,H_SERS_H_Kit,H_SERS_H_Kit,True,False,True,False
51.0,4_nitrophenol,session1_row202,session1_row223,Pendar-2,Mira-2,GaN_polymer,H_SERS_H_Kit,True,True,False,True
51.0,4_nitrophenol,session1_row202,session1_row230,Pendar-2,Mira-2,GaN_polymer,GaN_polymer,True,False,True,False
51.0,4_nitrophenol,session1_row202,session1_row231,Pendar-2,Mira-2,GaN_polymer,GaN_polymer,True,False,True,False
51.0,4_nitrophenol,session1_row202,session1_row239,Pendar-2,Agilent-3,GaN_polymer,H_SERS_H_Kit,True,True,False,True
51.0,4_nitrophenol,session1_row202,session1_row242,Pendar-2,Agilent-3,GaN_polymer,GaN_polymer,True,False,True,False
51.0,4_nitrophenol,session1_row202,session1_row243,Pendar-2,Agilent-3,GaN_polymer,GaN_polymer,True,False,True,False
51.0,4_nitrophenol,session1_row202,session2_row287,Pendar-2,RMX-1,GaN_polymer,H_SERS_H_Kit,True,True,False,True
51.0,4_nitrophenol,session1_row202,session2_row292,Pendar-2,Agilent-3,GaN_polymer,H_SERS_H_Kit,True,True,False,True
51.0,4_nitrophenol,session1_row202,session2_row293,Pendar-2,Mira-2,GaN_polymer,H_SERS_H_Kit,True,True,False,True
51.0,4_nitrophenol,session1_row202,session2_row299,Pendar-2,RMX-1,GaN_polymer,NRC_Canadian_SERS,True,True,False,True
51.0,4_nitrophenol,session1_row202,session2_row308,Pendar-2,RMX-1,GaN_polymer,NRC_Canadian_SERS,True,True,False,True
51.0,4_nitrophenol,session1_row202,session2_row315,Pendar-2,Mira-2,GaN_polymer,NRC_Canadian_SERS,True,True,False,True
51.0,4_nitrophenol,session1_row202,session3_row3,Pendar-2,Pendar-2,GaN_polymer,H_SERS_H_Kit,False,True,False,False
51.0,4_nitrophenol,session1_row202,session3_row29,Pendar-2,RMX-1,GaN_polymer,H_SERS_H_Kit,True,True,False,True
51.0,4_nitrophenol,session1_row202,session3_row30,Pendar-2,Mira-2,GaN_polymer,H_SERS_H_Kit,True,True,False,True
51.0,4_nitrophenol,session1_row204,session1_row223,Pendar-2,Mira-2,GaN_polymer,H_SERS_H_Kit,True,True,False,True
51.0,4_nitrophenol,session1_row204,session1_row230,Pendar-2,Mira-2,GaN_polymer,GaN_polymer,True,False,True,False
51.0,4_nitrophenol,session1_row204,session1_row231,Pendar-2,Mira-2,GaN_polymer,GaN_polymer,True,False,True,False
51.0,4_nitrophenol,session1_row204,session1_row239,Pendar-2,Agilent-3,GaN_polymer,H_SERS_H_Kit,True,True,False,True
51.0,4_nitrophenol,session1_row204,session1_row242,Pendar-2,Agilent-3,GaN_polymer,GaN_polymer,True,False,True,False
51.0,4_nitrophenol,session1_row204,session1_row243,Pendar-2,Agilent-3,GaN_polymer,GaN_polymer,True,False,True,False
51.0,4_nitrophenol,session1_row204,session2_row287,Pendar-2,RMX-1,GaN_polymer,H_SERS_H_Kit,True,True,False,True
51.0,4_nitrophenol,session1_row204,session2_row292,Pendar-2,Agilent-3,GaN_polymer,H_SERS_H_Kit,True,True,False,True
51.0,4_nitrophenol,session1_row204,session2_row293,Pendar-2,Mira-2,GaN_polymer,H_SERS_H_Kit,True,True,False,True
51.0,4_nitrophenol,session1_row204,session2_row299,Pendar-2,RMX-1,GaN_polymer,NRC_Canadian_SERS,True,True,False,True
51.0,4_nitrophenol,session1_row204,session2_row308,Pendar-2,RMX-1,GaN_polymer,NRC_Canadian_SERS,True,True,False,True
51.0,4_nitrophenol,session1_row204,session2_row315,Pendar-2,Mira-2,GaN_polymer,NRC_Canadian_SERS,True,True,False,True
51.0,4_nitrophenol,session1_row204,session3_row3,Pendar-2,Pendar-2,GaN_polymer,H_SERS_H_Kit,False,True,False,False
51.0,4_nitrophenol,session1_row204,session3_row29,Pendar-2,RMX-1,GaN_polymer,H_SERS_H_Kit,True,True,False,True
51.0,4_nitrophenol,session1_row204,session3_row30,Pendar-2,Mira-2,GaN_polymer,H_SERS_H_Kit,True,True,False,True
51.0,4_nitrophenol,session1_row223,session1_row230,Mira-2,Mira-2,H_SERS_H_Kit,GaN_polymer,False,True,False,False
51.0,4_nitrophenol,session1_row223,session1_row231,Mira-2,Mira-2,H_SERS_H_Kit,GaN_polymer,False,True,False,False
51.0,4_nitrophenol,session1_row223,session1_row239,Mira-2,Agilent-3,H_SERS_H_Kit,H_SERS_H_Kit,True,False,True,False
51.0,4_nitrophenol,session1_row223,session1_row242,Mira-2,Agilent-3,H_SERS_H_Kit,GaN_polymer,True,True,False,True
51.0,4_nitrophenol,session1_row223,session1_row243,Mira-2,Agilent-3,H_SERS_H_Kit,GaN_polymer,True,True,False,True
51.0,4_nitrophenol,session1_row223,session2_row287,Mira-2,RMX-1,H_SERS_H_Kit,H_SERS_H_Kit,True,False,True,False
51.0,4_nitrophenol,session1_row223,session2_row292,Mira-2,Agilent-3,H_SERS_H_Kit,H_SERS_H_Kit,True,False,True,False
51.0,4_nitrophenol,session1_row223,session2_row299,Mira-2,RMX-1,H_SERS_H_Kit,NRC_Canadian_SERS,True,True,False,True
51.0,4_nitrophenol,session1_row223,session2_row308,Mira-2,RMX-1,H_SERS_H_Kit,NRC_Canadian_SERS,True,True,False,True
51.0,4_nitrophenol,session1_row223,session2_row315,Mira-2,Mira-2,H_SERS_H_Kit,NRC_Canadian_SERS,False,True,False,False
51.0,4_nitrophenol,session1_row223,session3_row3,Mira-2,Pendar-2,H_SERS_H_Kit,H_SERS_H_Kit,True,False,True,False
51.0,4_nitrophenol,session1_row223,session3_row29,Mira-2,RMX-1,H_SERS_H_Kit,H_SERS_H_Kit,True,False,True,False
51.0,4_nitrophenol,session1_row230,session1_row239,Mira-2,Agilent-3,GaN_polymer,H_SERS_H_Kit,True,True,False,True
51.0,4_nitrophenol,session1_row230,session1_row242,Mira-2,Agilent-3,GaN_polymer,GaN_polymer,True,False,True,False
51.0,4_nitrophenol,session1_row230,session1_row243,Mira-2,Agilent-3,GaN_polymer,GaN_polymer,True,False,True,False
51.0,4_nitrophenol,session1_row230,session2_row287,Mira-2,RMX-1,GaN_polymer,H_SERS_H_Kit,True,True,False,True
51.0,4_nitrophenol,session1_row230,session2_row292,Mira-2,Agilent-3,GaN_polymer,H_SERS_H_Kit,True,True,False,True
51.0,4_nitrophenol,session1_row230,session2_row293,Mira-2,Mira-2,GaN_polymer,H_SERS_H_Kit,False,True,False,False
51.0,4_nitrophenol,session1_row230,session2_row299,Mira-2,RMX-1,GaN_polymer,NRC_Canadian_SERS,True,True,False,True
51.0,4_nitrophenol,session1_row230,session2_row308,Mira-2,RMX-1,GaN_polymer,NRC_Canadian_SERS,True,True,False,True
51.0,4_nitrophenol,session1_row230,session2_row315,Mira-2,Mira-2,GaN_polymer,NRC_Canadian_SERS,False,True,False,False
51.0,4_nitrophenol,session1_row230,session3_row3,Mira-2,Pendar-2,GaN_polymer,H_SERS_H_Kit,True,True,False,True
51.0,4_nitrophenol,session1_row230,session3_row29,Mira-2,RMX-1,GaN_polymer,H_SERS_H_Kit,True,True,False,True
51.0,4_nitrophenol,session1_row230,session3_row30,Mira-2,Mira-2,GaN_polymer,H_SERS_H_Kit,False,True,False,False
51.0,4_nitrophenol,session1_row231,session1_row239,Mira-2,Agilent-3,GaN_polymer,H_SERS_H_Kit,True,True,False,True
51.0,4_nitrophenol,session1_row231,session1_row242,Mira-2,Agilent-3,GaN_polymer,GaN_polymer,True,False,True,False
51.0,4_nitrophenol,session1_row231,session1_row243,Mira-2,Agilent-3,GaN_polymer,GaN_polymer,True,False,True,False
51.0,4_nitrophenol,session1_row231,session2_row287,Mira-2,RMX-1,GaN_polymer,H_SERS_H_Kit,True,True,False,True
51.0,4_nitrophenol,session1_row231,session2_row292,Mira-2,Agilent-3,GaN_polymer,H_SERS_H_Kit,True,True,False,True
51.0,4_nitrophenol,session1_row231,session2_row293,Mira-2,Mira-2,GaN_polymer,H_SERS_H_Kit,False,True,False,False
51.0,4_nitrophenol,session1_row231,session2_row299,Mira-2,RMX-1,GaN_polymer,NRC_Canadian_SERS,True,True,False,True
51.0,4_nitrophenol,session1_row231,session2_row308,Mira-2,RMX-1,GaN_polymer,NRC_Canadian_SERS,True,True,False,True
51.0,4_nitrophenol,session1_row231,session2_row315,Mira-2,Mira-2,GaN_polymer,NRC_Canadian_SERS,False,True,False,False
51.0,4_nitrophenol,session1_row231,session3_row3,Mira-2,Pendar-2,GaN_polymer,H_SERS_H_Kit,True,True,False,True
51.0,4_nitrophenol,session1_row231,session3_row29,Mira-2,RMX-1,GaN_polymer,H_SERS_H_Kit,True,True,False,True
51.0,4_nitrophenol,session1_row231,session3_row30,Mira-2,Mira-2,GaN_polymer,H_SERS_H_Kit,False,True,False,False
51.0,4_nitrophenol,session1_row239,session1_row242,Agilent-3,Agilent-3,H_SERS_H_Kit,GaN_polymer,False,True,False,False
51.0,4_nitrophenol,session1_row239,session1_row243,Agilent-3,Agilent-3,H_SERS_H_Kit,GaN_polymer,False,True,False,False
51.0,4_nitrophenol,session1_row239,session2_row287,Agilent-3,RMX-1,H_SERS_H_Kit,H_SERS_H_Kit,True,False,True,False
51.0,4_nitrophenol,session1_row239,session2_row293,Agilent-3,Mira-2,H_SERS_H_Kit,H_SERS_H_Kit,True,False,True,False
51.0,4_nitrophenol,session1_row239,session2_row299,Agilent-3,RMX-1,H_SERS_H_Kit,NRC_Canadian_SERS,True,True,False,True
51.0,4_nitrophenol,session1_row239,session2_row308,Agilent-3,RMX-1,H_SERS_H_Kit,NRC_Canadian_SERS,True,True,False,True
51.0,4_nitrophenol,session1_row239,session2_row315,Agilent-3,Mira-2,H_SERS_H_Kit,NRC_Canadian_SERS,True,True,False,True
51.0,4_nitrophenol,session1_row239,session3_row3,Agilent-3,Pendar-2,H_SERS_H_Kit,H_SERS_H_Kit,True,False,True,False
51.0,4_nitrophenol,session1_row239,session3_row29,Agilent-3,RMX-1,H_SERS_H_Kit,H_SERS_H_Kit,True,False,True,False
51.0,4_nitrophenol,session1_row239,session3_row30,Agilent-3,Mira-2,H_SERS_H_Kit,H_SERS_H_Kit,True,False,True,False
51.0,4_nitrophenol,session1_row242,session2_row287,Agilent-3,RMX-1,GaN_polymer,H_SERS_H_Kit,True,True,False,True
51.0,4_nitrophenol,session1_row242,session2_row292,Agilent-3,Agilent-3,GaN_polymer,H_SERS_H_Kit,False,True,False,False
51.0,4_nitrophenol,session1_row242,session2_row293,Agilent-3,Mira-2,GaN_polymer,H_SERS_H_Kit,True,True,False,True
51.0,4_nitrophenol,session1_row242,session2_row299,Agilent-3,RMX-1,GaN_polymer,NRC_Canadian_SERS,True,True,False,True
51.0,4_nitrophenol,session1_row242,session2_row308,Agilent-3,RMX-1,GaN_polymer,NRC_Canadian_SERS,True,True,False,True
51.0,4_nitrophenol,session1_row242,session2_row315,Agilent-3,Mira-2,GaN_polymer,NRC_Canadian_SERS,True,True,False,True
51.0,4_nitrophenol,session1_row242,session3_row3,Agilent-3,Pendar-2,GaN_polymer,H_SERS_H_Kit,True,True,False,True
51.0,4_nitrophenol,session1_row242,session3_row29,Agilent-3,RMX-1,GaN_polymer,H_SERS_H_Kit,True,True,False,True
51.0,4_nitrophenol,session1_row242,session3_row30,Agilent-3,Mira-2,GaN_polymer,H_SERS_H_Kit,True,True,False,True
51.0,4_nitrophenol,session1_row243,session2_row287,Agilent-3,RMX-1,GaN_polymer,H_SERS_H_Kit,True,True,False,True
51.0,4_nitrophenol,session1_row243,session2_row292,Agilent-3,Agilent-3,GaN_polymer,H_SERS_H_Kit,False,True,False,False
51.0,4_nitrophenol,session1_row243,session2_row293,Agilent-3,Mira-2,GaN_polymer,H_SERS_H_Kit,True,True,False,True
51.0,4_nitrophenol,session1_row243,session2_row299,Agilent-3,RMX-1,GaN_polymer,NRC_Canadian_SERS,True,True,False,True
51.0,4_nitrophenol,session1_row243,session2_row308,Agilent-3,RMX-1,GaN_polymer,NRC_Canadian_SERS,True,True,False,True
51.0,4_nitrophenol,session1_row243,session2_row315,Agilent-3,Mira-2,GaN_polymer,NRC_Canadian_SERS,True,True,False,True
51.0,4_nitrophenol,session1_row243,session3_row3,Agilent-3,Pendar-2,GaN_polymer,H_SERS_H_Kit,True,True,False,True
51.0,4_nitrophenol,session1_row243,session3_row29,Agilent-3,RMX-1,GaN_polymer,H_SERS_H_Kit,True,True,False,True
51.0,4_nitrophenol,session1_row243,session3_row30,Agilent-3,Mira-2,GaN_polymer,H_SERS_H_Kit,True,True,False,True
51.0,4_nitrophenol,session2_row287,session2_row292,RMX-1,Agilent-3,H_SERS_H_Kit,H_SERS_H_Kit,True,False,True,False
51.0,4_nitrophenol,session2_row287,session2_row293,RMX-1,Mira-2,H_SERS_H_Kit,H_SERS_H_Kit,True,False,True,False
51.0,4_nitrophenol,session2_row287,session2_row299,RMX-1,RMX-1,H_SERS_H_Kit,NRC_Canadian_SERS,False,True,False,False
51.0,4_nitrophenol,session2_row287,session2_row308,RMX-1,RMX-1,H_SERS_H_Kit,NRC_Canadian_SERS,False,True,False,False
51.0,4_nitrophenol,session2_row287,session2_row315,RMX-1,Mira-2,H_SERS_H_Kit,NRC_Canadian_SERS,True,True,False,True
51.0,4_nitrophenol,session2_row287,session3_row3,RMX-1,Pendar-2,H_SERS_H_Kit,H_SERS_H_Kit,True,False,True,False
51.0,4_nitrophenol,session2_row287,session3_row30,RMX-1,Mira-2,H_SERS_H_Kit,H_SERS_H_Kit,True,False,True,False
51.0,4_nitrophenol,session2_row292,session2_row293,Agilent-3,Mira-2,H_SERS_H_Kit,H_SERS_H_Kit,True,False,True,False
51.0,4_nitrophenol,session2_row292,session2_row299,Agilent-3,RMX-1,H_SERS_H_Kit,NRC_Canadian_SERS,True,True,False,True
51.0,4_nitrophenol,session2_row292,session2_row308,Agilent-3,RMX-1,H_SERS_H_Kit,NRC_Canadian_SERS,True,True,False,True
51.0,4_nitrophenol,session2_row292,session2_row315,Agilent-3,Mira-2,H_SERS_H_Kit,NRC_Canadian_SERS,True,True,False,True
51.0,4_nitrophenol,session2_row292,session3_row3,Agilent-3,Pendar-2,H_SERS_H_Kit,H_SERS_H_Kit,True,False,True,False
51.0,4_nitrophenol,session2_row292,session3_row29,Agilent-3,RMX-1,H_SERS_H_Kit,H_SERS_H_Kit,True,False,True,False
51.0,4_nitrophenol,session2_row292,session3_row30,Agilent-3,Mira-2,H_SERS_H_Kit,H_SERS_H_Kit,True,False,True,False
51.0,4_nitrophenol,session2_row293,session2_row299,Mira-2,RMX-1,H_SERS_H_Kit,NRC_Canadian_SERS,True,True,False,True
51.0,4_nitrophenol,session2_row293,session2_row308,Mira-2,RMX-1,H_SERS_H_Kit,NRC_Canadian_SERS,True,True,False,True
51.0,4_nitrophenol,session2_row293,session2_row315,Mira-2,Mira-2,H_SERS_H_Kit,NRC_Canadian_SERS,False,True,False,False
51.0,4_nitrophenol,session2_row293,session3_row3,Mira-2,Pendar-2,H_SERS_H_Kit,H_SERS_H_Kit,True,False,True,False
51.0,4_nitrophenol,session2_row293,session3_row29,Mira-2,RMX-1,H_SERS_H_Kit,H_SERS_H_Kit,True,False,True,False
51.0,4_nitrophenol,session2_row299,session2_row315,RMX-1,Mira-2,NRC_Canadian_SERS,NRC_Canadian_SERS,True,False,True,False
51.0,4_nitrophenol,session2_row299,session3_row3,RMX-1,Pendar-2,NRC_Canadian_SERS,H_SERS_H_Kit,True,True,False,True
51.0,4_nitrophenol,session2_row299,session3_row29,RMX-1,RMX-1,NRC_Canadian_SERS,H_SERS_H_Kit,False,True,False,False
51.0,4_nitrophenol,session2_row299,session3_row30,RMX-1,Mira-2,NRC_Canadian_SERS,H_SERS_H_Kit,True,True,False,True
51.0,4_nitrophenol,session2_row308,session2_row315,RMX-1,Mira-2,NRC_Canadian_SERS,NRC_Canadian_SERS,True,False,True,False
51.0,4_nitrophenol,session2_row308,session3_row3,RMX-1,Pendar-2,NRC_Canadian_SERS,H_SERS_H_Kit,True,True,False,True
51.0,4_nitrophenol,session2_row308,session3_row29,RMX-1,RMX-1,NRC_Canadian_SERS,H_SERS_H_Kit,False,True,False,False
51.0,4_nitrophenol,session2_row308,session3_row30,RMX-1,Mira-2,NRC_Canadian_SERS,H_SERS_H_Kit,True,True,False,True
51.0,4_nitrophenol,session2_row315,session3_row3,Mira-2,Pendar-2,NRC_Canadian_SERS,H_SERS_H_Kit,True,True,False,True
51.0,4_nitrophenol,session2_row315,session3_row29,Mira-2,RMX-1,NRC_Canadian_SERS,H_SERS_H_Kit,True,True,False,True
51.0,4_nitrophenol,session2_row315,session3_row30,Mira-2,Mira-2,NRC_Canadian_SERS,H_SERS_H_Kit,False,True,False,False
51.0,4_nitrophenol,session3_row3,session3_row29,Pendar-2,RMX-1,H_SERS_H_Kit,H_SERS_H_Kit,True,False,True,False
51.0,4_nitrophenol,session3_row3,session3_row30,Pendar-2,Mira-2,H_SERS_H_Kit,H_SERS_H_Kit,True,False,True,False
51.0,4_nitrophenol,session3_row29,session3_row30,RMX-1,Mira-2,H_SERS_H_Kit,H_SERS_H_Kit,True,False,True,False
52.0,ethanol,session1_row178,session1_row224,Pendar-2,Mira-2,H_SERS_H_Kit,H_SERS_H_Kit,True,False,True,False
52.0,ethanol,session1_row178,session1_row240,Pendar-2,Agilent-3,H_SERS_H_Kit,H_SERS_H_Kit,True,False,True,False
52.0,ethanol,session1_row178,session2_row288,Pendar-2,RMX-1,H_SERS_H_Kit,H_SERS_H_Kit,True,False,True,False
52.0,ethanol,session1_row178,session2_row294,Pendar-2,Agilent-3,H_SERS_H_Kit,H_SERS_H_Kit,True,False,True,False
52.0,ethanol,session1_row178,session2_row295,Pendar-2,Mira-2,H_SERS_H_Kit,H_SERS_H_Kit,True,False,True,False
52.0,ethanol,session1_row178,session2_row304,Pendar-2,Agilent-3,H_SERS_H_Kit,NRC_Canadian_SERS,True,True,False,True
52.0,ethanol,session1_row178,session2_row310,Pendar-2,RMX-1,H_SERS_H_Kit,NRC_Canadian_SERS,True,True,False,True
52.0,ethanol,session1_row178,session2_row312,Pendar-2,Mira-2,H_SERS_H_Kit,NRC_Canadian_SERS,True,True,False,True
52.0,ethanol,session1_row178,session3_row34,Pendar-2,RMX-1,H_SERS_H_Kit,H_SERS_H_Kit,True,False,True,False
52.0,ethanol,session1_row178,session3_row35,Pendar-2,Mira-2,H_SERS_H_Kit,H_SERS_H_Kit,True,False,True,False
52.0,ethanol,session1_row189,session1_row224,Pendar-2,Mira-2,H_SERS_H_Kit,H_SERS_H_Kit,True,False,True,False
52.0,ethanol,session1_row189,session1_row240,Pendar-2,Agilent-3,H_SERS_H_Kit,H_SERS_H_Kit,True,False,True,False
52.0,ethanol,session1_row189,session2_row288,Pendar-2,RMX-1,H_SERS_H_Kit,H_SERS_H_Kit,True,False,True,False
52.0,ethanol,session1_row189,session2_row294,Pendar-2,Agilent-3,H_SERS_H_Kit,H_SERS_H_Kit,True,False,True,False
52.0,ethanol,session1_row189,session2_row295,Pendar-2,Mira-2,H_SERS_H_Kit,H_SERS_H_Kit,True,False,True,False
52.0,ethanol,session1_row189,session2_row304,Pendar-2,Agilent-3,H_SERS_H_Kit,NRC_Canadian_SERS,True,True,False,True
52.0,ethanol,session1_row189,session2_row310,Pendar-2,RMX-1,H_SERS_H_Kit,NRC_Canadian_SERS,True,True,False,True
52.0,ethanol,session1_row189,session2_row312,Pendar-2,Mira-2,H_SERS_H_Kit,NRC_Canadian_SERS,True,True,False,True
52.0,ethanol,session1_row189,session3_row34,Pendar-2,RMX-1,H_SERS_H_Kit,H_SERS_H_Kit,True,False,True,False
52.0,ethanol,session1_row189,session3_row35,Pendar-2,Mira-2,H_SERS_H_Kit,H_SERS_H_Kit,True,False,True,False
52.0,ethanol,session1_row224,session1_row240,Mira-2,Agilent-3,H_SERS_H_Kit,H_SERS_H_Kit,True,False,True,False
52.0,ethanol,session1_row224,session2_row288,Mira-2,RMX-1,H_SERS_H_Kit,H_SERS_H_Kit,True,False,True,False
52.0,ethanol,session1_row224,session2_row294,Mira-2,Agilent-3,H_SERS_H_Kit,H_SERS_H_Kit,True,False,True,False
52.0,ethanol,session1_row224,session2_row304,Mira-2,Agilent-3,H_SERS_H_Kit,NRC_Canadian_SERS,True,True,False,True
52.0,ethanol,session1_row224,session2_row310,Mira-2,RMX-1,H_SERS_H_Kit,NRC_Canadian_SERS,True,True,False,True
52.0,ethanol,session1_row224,session2_row312,Mira-2,Mira-2,H_SERS_H_Kit,NRC_Canadian_SERS,False,True,False,False
52.0,ethanol,session1_row224,session3_row4,Mira-2,Pendar-2,H_SERS_H_Kit,H_SERS_H_Kit,True,False,True,False
52.0,ethanol,session1_row224,session3_row34,Mira-2,RMX-1,H_SERS_H_Kit,H_SERS_H_Kit,True,False,True,False
52.0,ethanol,session1_row240,session2_row288,Agilent-3,RMX-1,H_SERS_H_Kit,H_SERS_H_Kit,True,False,True,False
52.0,ethanol,session1_row240,session2_row295,Agilent-3,Mira-2,H_SERS_H_Kit,H_SERS_H_Kit,True,False,True,False
52.0,ethanol,session1_row240,session2_row304,Agilent-3,Agilent-3,H_SERS_H_Kit,NRC_Canadian_SERS,False,True,False,False
52.0,ethanol,session1_row240,session2_row310,Agilent-3,RMX-1,H_SERS_H_Kit,NRC_Canadian_SERS,True,True,False,True
52.0,ethanol,session1_row240,session2_row312,Agilent-3,Mira-2,H_SERS_H_Kit,NRC_Canadian_SERS,True,True,False,True
52.0,ethanol,session1_row240,session3_row4,Agilent-3,Pendar-2,H_SERS_H_Kit,H_SERS_H_Kit,True,False,True,False
52.0,ethanol,session1_row240,session3_row34,Agilent-3,RMX-1,H_SERS_H_Kit,H_SERS_H_Kit,True,False,True,False
52.0,ethanol,session1_row240,session3_row35,Agilent-3,Mira-2,H_SERS_H_Kit,H_SERS_H_Kit,True,False,True,False
52.0,ethanol,session2_row288,session2_row294,RMX-1,Agilent-3,H_SERS_H_Kit,H_SERS_H_Kit,True,False,True,False
52.0,ethanol,session2_row288,session2_row295,RMX-1,Mira-2,H_SERS_H_Kit,H_SERS_H_Kit,True,False,True,False
52.0,ethanol,session2_row288,session2_row304,RMX-1,Agilent-3,H_SERS_H_Kit,NRC_Canadian_SERS,True,True,False,True
52.0,ethanol,session2_row288,session2_row310,RMX-1,RMX-1,H_SERS_H_Kit,NRC_Canadian_SERS,False,True,False,False
52.0,ethanol,session2_row288,session2_row312,RMX-1,Mira-2,H_SERS_H_Kit,NRC_Canadian_SERS,True,True,False,True
52.0,ethanol,session2_row288,session3_row4,RMX-1,Pendar-2,H_SERS_H_Kit,H_SERS_H_Kit,True,False,True,False
52.0,ethanol,session2_row288,session3_row35,RMX-1,Mira-2,H_SERS_H_Kit,H_SERS_H_Kit,True,False,True,False
52.0,ethanol,session2_row294,session2_row295,Agilent-3,Mira-2,H_SERS_H_Kit,H_SERS_H_Kit,True,False,True,False
52.0,ethanol,session2_row294,session2_row304,Agilent-3,Agilent-3,H_SERS_H_Kit,NRC_Canadian_SERS,False,True,False,False
52.0,ethanol,session2_row294,session2_row310,Agilent-3,RMX-1,H_SERS_H_Kit,NRC_Canadian_SERS,True,True,False,True
52.0,ethanol,session2_row294,session2_row312,Agilent-3,Mira-2,H_SERS_H_Kit,NRC_Canadian_SERS,True,True,False,True
52.0,ethanol,session2_row294,session3_row4,Agilent-3,Pendar-2,H_SERS_H_Kit,H_SERS_H_Kit,True,False,True,False
52.0,ethanol,session2_row294,session3_row34,Agilent-3,RMX-1,H_SERS_H_Kit,H_SERS_H_Kit,True,False,True,False
52.0,ethanol,session2_row294,session3_row35,Agilent-3,Mira-2,H_SERS_H_Kit,H_SERS_H_Kit,True,False,True,False
52.0,ethanol,session2_row295,session2_row304,Mira-2,Agilent-3,H_SERS_H_Kit,NRC_Canadian_SERS,True,True,False,True
52.0,ethanol,session2_row295,session2_row310,Mira-2,RMX-1,H_SERS_H_Kit,NRC_Canadian_SERS,True,True,False,True
52.0,ethanol,session2_row295,session2_row312,Mira-2,Mira-2,H_SERS_H_Kit,NRC_Canadian_SERS,False,True,False,False
52.0,ethanol,session2_row295,session3_row4,Mira-2,Pendar-2,H_SERS_H_Kit,H_SERS_H_Kit,True,False,True,False
52.0,ethanol,session2_row295,session3_row34,Mira-2,RMX-1,H_SERS_H_Kit,H_SERS_H_Kit,True,False,True,False
52.0,ethanol,session2_row304,session2_row310,Agilent-3,RMX-1,NRC_Canadian_SERS,NRC_Canadian_SERS,True,False,True,False
52.0,ethanol,session2_row304,session2_row312,Agilent-3,Mira-2,NRC_Canadian_SERS,NRC_Canadian_SERS,True,False,True,False
52.0,ethanol,session2_row304,session3_row4,Agilent-3,Pendar-2,NRC_Canadian_SERS,H_SERS_H_Kit,True,True,False,True
52.0,ethanol,session2_row304,session3_row34,Agilent-3,RMX-1,NRC_Canadian_SERS,H_SERS_H_Kit,True,True,False,True
52.0,ethanol,session2_row304,session3_row35,Agilent-3,Mira-2,NRC_Canadian_SERS,H_SERS_H_Kit,True,True,False,True
52.0,ethanol,session2_row310,session2_row312,RMX-1,Mira-2,NRC_Canadian_SERS,NRC_Canadian_SERS,True,False,True,False
52.0,ethanol,session2_row310,session3_row4,RMX-1,Pendar-2,NRC_Canadian_SERS,H_SERS_H_Kit,True,True,False,True
52.0,ethanol,session2_row310,session3_row34,RMX-1,RMX-1,NRC_Canadian_SERS,H_SERS_H_Kit,False,True,False,False
52.0,ethanol,session2_row310,session3_row35,RMX-1,Mira-2,NRC_Canadian_SERS,H_SERS_H_Kit,True,True,False,True
52.0,ethanol,session2_row312,session3_row4,Mira-2,Pendar-2,NRC_Canadian_SERS,H_SERS_H_Kit,True,True,False,True
52.0,ethanol,session2_row312,session3_row34,Mira-2,RMX-1,NRC_Canadian_SERS,H_SERS_H_Kit,True,True,False,True
52.0,ethanol,session2_row312,session3_row35,Mira-2,Mira-2,NRC_Canadian_SERS,H_SERS_H_Kit,False,True,False,False
52.0,ethanol,session3_row4,session3_row34,Pendar-2,RMX-1,H_SERS_H_Kit,H_SERS_H_Kit,True,False,True,False
52.0,ethanol,session3_row4,session3_row35,Pendar-2,Mira-2,H_SERS_H_Kit,H_SERS_H_Kit,True,False,True,False
52.0,ethanol,session3_row34,session3_row35,RMX-1,Mira-2,H_SERS_H_Kit,H_SERS_H_Kit,True,False,True,False
53.0,4_nitrophenol,session1_row179,session1_row225,Pendar-2,Mira-2,H_SERS_H_Kit,H_SERS_H_Kit,True,False,True,False
53.0,4_nitrophenol,session1_row179,session1_row241,Pendar-2,Agilent-3,H_SERS_H_Kit,H_SERS_H_Kit,True,False,True,False
53.0,4_nitrophenol,session1_row179,session2_row289,Pendar-2,RMX-1,H_SERS_H_Kit,H_SERS_H_Kit,True,False,True,False
53.0,4_nitrophenol,session1_row179,session2_row296,Pendar-2,Agilent-3,H_SERS_H_Kit,H_SERS_H_Kit,True,False,True,False
53.0,4_nitrophenol,session1_row179,session2_row297,Pendar-2,Mira-2,H_SERS_H_Kit,H_SERS_H_Kit,True,False,True,False
53.0,4_nitrophenol,session1_row179,session2_row306,Pendar-2,RMX-1,H_SERS_H_Kit,NRC_Canadian_SERS,True,True,False,True
53.0,4_nitrophenol,session1_row179,session2_row316,Pendar-2,Mira-2,H_SERS_H_Kit,NRC_Canadian_SERS,True,True,False,True
53.0,4_nitrophenol,session1_row179,session3_row31,Pendar-2,RMX-1,H_SERS_H_Kit,H_SERS_H_Kit,True,False,True,False
53.0,4_nitrophenol,session1_row179,session3_row33,Pendar-2,Mira-2,H_SERS_H_Kit,H_SERS_H_Kit,True,False,True,False
53.0,4_nitrophenol,session1_row190,session1_row225,Pendar-2,Mira-2,H_SERS_H_Kit,H_SERS_H_Kit,True,False,True,False
53.0,4_nitrophenol,session1_row190,session1_row241,Pendar-2,Agilent-3,H_SERS_H_Kit,H_SERS_H_Kit,True,False,True,False
53.0,4_nitrophenol,session1_row190,session2_row289,Pendar-2,RMX-1,H_SERS_H_Kit,H_SERS_H_Kit,True,False,True,False
53.0,4_nitrophenol,session1_row190,session2_row296,Pendar-2,Agilent-3,H_SERS_H_Kit,H_SERS_H_Kit,True,False,True,False
53.0,4_nitrophenol,session1_row190,session2_row297,Pendar-2,Mira-2,H_SERS_H_Kit,H_SERS_H_Kit,True,False,True,False
53.0,4_nitrophenol,session1_row190,session2_row306,Pendar-2,RMX-1,H_SERS_H_Kit,NRC_Canadian_SERS,True,True,False,True
53.0,4_nitrophenol,session1_row190,session2_row316,Pendar-2,Mira-2,H_SERS_H_Kit,NRC_Canadian_SERS,True,True,False,True
53.0,4_nitrophenol,session1_row190,session3_row31,Pendar-2,RMX-1,H_SERS_H_Kit,H_SERS_H_Kit,True,False,True,False
53.0,4_nitrophenol,session1_row190,session3_row33,Pendar-2,Mira-2,H_SERS_H_Kit,H_SERS_H_Kit,True,False,True,False
53.0,4_nitrophenol,session1_row225,session1_row241,Mira-2,Agilent-3,H_SERS_H_Kit,H_SERS_H_Kit,True,False,True,False
53.0,4_nitrophenol,session1_row225,session2_row289,Mira-2,RMX-1,H_SERS_H_Kit,H_SERS_H_Kit,True,False,True,False
53.0,4_nitrophenol,session1_row225,session2_row296,Mira-2,Agilent-3,H_SERS_H_Kit,H_SERS_H_Kit,True,False,True,False
53.0,4_nitrophenol,session1_row225,session2_row306,Mira-2,RMX-1,H_SERS_H_Kit,NRC_Canadian_SERS,True,True,False,True
53.0,4_nitrophenol,session1_row225,session2_row316,Mira-2,Mira-2,H_SERS_H_Kit,NRC_Canadian_SERS,False,True,False,False
53.0,4_nitrophenol,session1_row225,session3_row5,Mira-2,Pendar-2,H_SERS_H_Kit,H_SERS_H_Kit,True,False,True,False
53.0,4_nitrophenol,session1_row225,session3_row31,Mira-2,RMX-1,H_SERS_H_Kit,H_SERS_H_Kit,True,False,True,False
53.0,4_nitrophenol,session1_row241,session2_row289,Agilent-3,RMX-1,H_SERS_H_Kit,H_SERS_H_Kit,True,False,True,False
53.0,4_nitrophenol,session1_row241,session2_row297,Agilent-3,Mira-2,H_SERS_H_Kit,H_SERS_H_Kit,True,False,True,False
53.0,4_nitrophenol,session1_row241,session2_row306,Agilent-3,RMX-1,H_SERS_H_Kit,NRC_Canadian_SERS,True,True,False,True
53.0,4_nitrophenol,session1_row241,session2_row316,Agilent-3,Mira-2,H_SERS_H_Kit,NRC_Canadian_SERS,True,True,False,True
53.0,4_nitrophenol,session1_row241,session3_row5,Agilent-3,Pendar-2,H_SERS_H_Kit,H_SERS_H_Kit,True,False,True,False
53.0,4_nitrophenol,session1_row241,session3_row31,Agilent-3,RMX-1,H_SERS_H_Kit,H_SERS_H_Kit,True,False,True,False
53.0,4_nitrophenol,session1_row241,session3_row33,Agilent-3,Mira-2,H_SERS_H_Kit,H_SERS_H_Kit,True,False,True,False
53.0,4_nitrophenol,session2_row289,session2_row296,RMX-1,Agilent-3,H_SERS_H_Kit,H_SERS_H_Kit,True,False,True,False
53.0,4_nitrophenol,session2_row289,session2_row297,RMX-1,Mira-2,H_SERS_H_Kit,H_SERS_H_Kit,True,False,True,False
53.0,4_nitrophenol,session2_row289,session2_row306,RMX-1,RMX-1,H_SERS_H_Kit,NRC_Canadian_SERS,False,True,False,False
53.0,4_nitrophenol,session2_row289,session2_row316,RMX-1,Mira-2,H_SERS_H_Kit,NRC_Canadian_SERS,True,True,False,True
53.0,4_nitrophenol,session2_row289,session3_row5,RMX-1,Pendar-2,H_SERS_H_Kit,H_SERS_H_Kit,True,False,True,False
53.0,4_nitrophenol,session2_row289,session3_row33,RMX-1,Mira-2,H_SERS_H_Kit,H_SERS_H_Kit,True,False,True,False
53.0,4_nitrophenol,session2_row296,session2_row297,Agilent-3,Mira-2,H_SERS_H_Kit,H_SERS_H_Kit,True,False,True,False
53.0,4_nitrophenol,session2_row296,session2_row306,Agilent-3,RMX-1,H_SERS_H_Kit,NRC_Canadian_SERS,True,True,False,True
53.0,4_nitrophenol,session2_row296,session2_row316,Agilent-3,Mira-2,H_SERS_H_Kit,NRC_Canadian_SERS,True,True,False,True
53.0,4_nitrophenol,session2_row296,session3_row5,Agilent-3,Pendar-2,H_SERS_H_Kit,H_SERS_H_Kit,True,False,True,False
53.0,4_nitrophenol,session2_row296,session3_row31,Agilent-3,RMX-1,H_SERS_H_Kit,H_SERS_H_Kit,True,False,True,False
53.0,4_nitrophenol,session2_row296,session3_row33,Agilent-3,Mira-2,H_SERS_H_Kit,H_SERS_H_Kit,True,False,True,False
53.0,4_nitrophenol,session2_row297,session2_row306,Mira-2,RMX-1,H_SERS_H_Kit,NRC_Canadian_SERS,True,True,False,True
53.0,4_nitrophenol,session2_row297,session2_row316,Mira-2,Mira-2,H_SERS_H_Kit,NRC_Canadian_SERS,False,True,False,False
53.0,4_nitrophenol,session2_row297,session3_row5,Mira-2,Pendar-2,H_SERS_H_Kit,H_SERS_H_Kit,True,False,True,False
53.0,4_nitrophenol,session2_row297,session3_row31,Mira-2,RMX-1,H_SERS_H_Kit,H_SERS_H_Kit,True,False,True,False
53.0,4_nitrophenol,session2_row306,session2_row316,RMX-1,Mira-2,NRC_Canadian_SERS,NRC_Canadian_SERS,True,False,True,False
53.0,4_nitrophenol,session2_row306,session3_row5,RMX-1,Pendar-2,NRC_Canadian_SERS,H_SERS_H_Kit,True,True,False,True
53.0,4_nitrophenol,session2_row306,session3_row31,RMX-1,RMX-1,NRC_Canadian_SERS,H_SERS_H_Kit,False,True,False,False
53.0,4_nitrophenol,session2_row306,session3_row33,RMX-1,Mira-2,NRC_Canadian_SERS,H_SERS_H_Kit,True,True,False,True
53.0,4_nitrophenol,session2_row316,session3_row5,Mira-2,Pendar-2,NRC_Canadian_SERS,H_SERS_H_Kit,True,True,False,True
53.0,4_nitrophenol,session2_row316,session3_row31,Mira-2,RMX-1,NRC_Canadian_SERS,H_SERS_H_Kit,True,True,False,True
53.0,4_nitrophenol,session2_row316,session3_row33,Mira-2,Mira-2,NRC_Canadian_SERS,H_SERS_H_Kit,False,True,False,False
53.0,4_nitrophenol,session3_row5,session3_row31,Pendar-2,RMX-1,H_SERS_H_Kit,H_SERS_H_Kit,True,False,True,False
53.0,4_nitrophenol,session3_row5,session3_row33,Pendar-2,Mira-2,H_SERS_H_Kit,H_SERS_H_Kit,True,False,True,False
53.0,4_nitrophenol,session3_row31,session3_row33,RMX-1,Mira-2,H_SERS_H_Kit,H_SERS_H_Kit,True,False,True,False
54.0,ethanol,session1_row194,session1_row226,Pendar-2,Mira-2,H_SERS_H_Kit,H_SERS_H_Kit,True,False,True,False
54.0,ethanol,session1_row194,session2_row331,Pendar-2,RMX-1,H_SERS_H_Kit,H_SERS_H_Kit,True,False,True,False
54.0,ethanol,session1_row194,session2_row332,Pendar-2,Mira-2,H_SERS_H_Kit,H_SERS_H_Kit,True,False,True,False
54.0,ethanol,session1_row194,session2_row334,Pendar-2,Agilent-3,H_SERS_H_Kit,H_SERS_H_Kit,True,False,True,False
54.0,ethanol,session1_row194,session2_row343,Pendar-2,RMX-1,H_SERS_H_Kit,NRC_Canadian_SERS,True,True,False,True
54.0,ethanol,session1_row194,session2_row345,Pendar-2,Mira-2,H_SERS_H_Kit,NRC_Canadian_SERS,True,True,False,True
54.0,ethanol,session1_row194,session2_row353,Pendar-2,Pendar-3,H_SERS_H_Kit,NRC_Canadian_SERS,True,True,False,True
54.0,ethanol,session1_row194,session3_row47,Pendar-2,RMX-1,H_SERS_H_Kit,H_SERS_H_Kit,True,False,True,False
54.0,ethanol,session1_row194,session3_row49,Pendar-2,Mira-2,H_SERS_H_Kit,H_SERS_H_Kit,True,False,True,False
54.0,ethanol,session1_row226,session2_row331,Mira-2,RMX-1,H_SERS_H_Kit,H_SERS_H_Kit,True,False,True,False
54.0,ethanol,session1_row226,session2_row334,Mira-2,Agilent-3,H_SERS_H_Kit,H_SERS_H_Kit,True,False,True,False
54.0,ethanol,session1_row226,session2_row343,Mira-2,RMX-1,H_SERS_H_Kit,NRC_Canadian_SERS,True,True,False,True
54.0,ethanol,session1_row226,session2_row345,Mira-2,Mira-2,H_SERS_H_Kit,NRC_Canadian_SERS,False,True,False,False
54.0,ethanol,session1_row226,session2_row353,Mira-2,Pendar-3,H_SERS_H_Kit,NRC_Canadian_SERS,True,True,False,True
54.0,ethanol,session1_row226,session3_row10,Mira-2,Pendar-2,H_SERS_H_Kit,H_SERS_H_Kit,True,False,True,False
54.0,ethanol,session1_row226,session3_row14,Mira-2,Pendar-2,H_SERS_H_Kit,H_SERS_H_Kit,True,False,True,False
54.0,ethanol,session1_row226,session3_row47,Mira-2,RMX-1,H_SERS_H_Kit,H_SERS_H_Kit,True,False,True,False
54.0,ethanol,session2_row331,session2_row332,RMX-1,Mira-2,H_SERS_H_Kit,H_SERS_H_Kit,True,False,True,False
54.0,ethanol,session2_row331,session2_row334,RMX-1,Agilent-3,H_SERS_H_Kit,H_SERS_H_Kit,True,False,True,False
54.0,ethanol,session2_row331,session2_row343,RMX-1,RMX-1,H_SERS_H_Kit,NRC_Canadian_SERS,False,True,False,False
54.0,ethanol,session2_row331,session2_row345,RMX-1,Mira-2,H_SERS_H_Kit,NRC_Canadian_SERS,True,True,False,True
54.0,ethanol,session2_row331,session2_row353,RMX-1,Pendar-3,H_SERS_H_Kit,NRC_Canadian_SERS,True,True,False,True
54.0,ethanol,session2_row331,session3_row10,RMX-1,Pendar-2,H_SERS_H_Kit,H_SERS_H_Kit,True,False,True,False
54.0,ethanol,session2_row331,session3_row14,RMX-1,Pendar-2,H_SERS_H_Kit,H_SERS_H_Kit,True,False,True,False
54.0,ethanol,session2_row331,session3_row49,RMX-1,Mira-2,H_SERS_H_Kit,H_SERS_H_Kit,True,False,True,False
54.0,ethanol,session2_row332,session2_row334,Mira-2,Agilent-3,H_SERS_H_Kit,H_SERS_H_Kit,True,False,True,False
54.0,ethanol,session2_row332,session2_row343,Mira-2,RMX-1,H_SERS_H_Kit,NRC_Canadian_SERS,True,True,False,True
54.0,ethanol,session2_row332,session2_row345,Mira-2,Mira-2,H_SERS_H_Kit,NRC_Canadian_SERS,False,True,False,False
54.0,ethanol,session2_row332,session2_row353,Mira-2,Pendar-3,H_SERS_H_Kit,NRC_Canadian_SERS,True,True,False,True
54.0,ethanol,session2_row332,session3_row10,Mira-2,Pendar-2,H_SERS_H_Kit,H_SERS_H_Kit,True,False,True,False
54.0,ethanol,session2_row332,session3_row14,Mira-2,Pendar-2,H_SERS_H_Kit,H_SERS_H_Kit,True,False,True,False
54.0,ethanol,session2_row332,session3_row47,Mira-2,RMX-1,H_SERS_H_Kit,H_SERS_H_Kit,True,False,True,False
54.0,ethanol,session2_row334,session2_row343,Agilent-3,RMX-1,H_SERS_H_Kit,NRC_Canadian_SERS,True,True,False,True
54.0,ethanol,session2_row334,session2_row345,Agilent-3,Mira-2,H_SERS_H_Kit,NRC_Canadian_SERS,True,True,False,True
54.0,ethanol,session2_row334,session2_row353,Agilent-3,Pendar-3,H_SERS_H_Kit,NRC_Canadian_SERS,True,True,False,True
54.0,ethanol,session2_row334,session3_row10,Agilent-3,Pendar-2,H_SERS_H_Kit,H_SERS_H_Kit,True,False,True,False
54.0,ethanol,session2_row334,session3_row14,Agilent-3,Pendar-2,H_SERS_H_Kit,H_SERS_H_Kit,True,False,True,False
54.0,ethanol,session2_row334,session3_row47,Agilent-3,RMX-1,H_SERS_H_Kit,H_SERS_H_Kit,True,False,True,False
54.0,ethanol,session2_row334,session3_row49,Agilent-3,Mira-2,H_SERS_H_Kit,H_SERS_H_Kit,True,False,True,False
54.0,ethanol,session2_row343,session2_row345,RMX-1,Mira-2,NRC_Canadian_SERS,NRC_Canadian_SERS,True,False,True,False
54.0,ethanol,session2_row343,session2_row353,RMX-1,Pendar-3,NRC_Canadian_SERS,NRC_Canadian_SERS,True,False,True,False
54.0,ethanol,session2_row343,session3_row10,RMX-1,Pendar-2,NRC_Canadian_SERS,H_SERS_H_Kit,True,True,False,True
54.0,ethanol,session2_row343,session3_row14,RMX-1,Pendar-2,NRC_Canadian_SERS,H_SERS_H_Kit,True,True,False,True
54.0,ethanol,session2_row343,session3_row47,RMX-1,RMX-1,NRC_Canadian_SERS,H_SERS_H_Kit,False,True,False,False
54.0,ethanol,session2_row343,session3_row49,RMX-1,Mira-2,NRC_Canadian_SERS,H_SERS_H_Kit,True,True,False,True
54.0,ethanol,session2_row345,session2_row353,Mira-2,Pendar-3,NRC_Canadian_SERS,NRC_Canadian_SERS,True,False,True,False
54.0,ethanol,session2_row345,session3_row10,Mira-2,Pendar-2,NRC_Canadian_SERS,H_SERS_H_Kit,True,True,False,True
54.0,ethanol,session2_row345,session3_row14,Mira-2,Pendar-2,NRC_Canadian_SERS,H_SERS_H_Kit,True,True,False,True
54.0,ethanol,session2_row345,session3_row47,Mira-2,RMX-1,NRC_Canadian_SERS,H_SERS_H_Kit,True,True,False,True
54.0,ethanol,session2_row345,session3_row49,Mira-2,Mira-2,NRC_Canadian_SERS,H_SERS_H_Kit,False,True,False,False
54.0,ethanol,session2_row353,session3_row10,Pendar-3,Pendar-2,NRC_Canadian_SERS,H_SERS_H_Kit,True,True,False,True
54.0,ethanol,session2_row353,session3_row14,Pendar-3,Pendar-2,NRC_Canadian_SERS,H_SERS_H_Kit,True,True,False,True
54.0,ethanol,session2_row353,session3_row47,Pendar-3,RMX-1,NRC_Canadian_SERS,H_SERS_H_Kit,True,True,False,True
54.0,ethanol,session2_row353,session3_row49,Pendar-3,Mira-2,NRC_Canadian_SERS,H_SERS_H_Kit,True,True,False,True
54.0,ethanol,session3_row10,session3_row47,Pendar-2,RMX-1,H_SERS_H_Kit,H_SERS_H_Kit,True,False,True,False
54.0,ethanol,session3_row10,session3_row49,Pendar-2,Mira-2,H_SERS_H_Kit,H_SERS_H_Kit,True,False,True,False
54.0,ethanol,session3_row14,session3_row47,Pendar-2,RMX-1,H_SERS_H_Kit,H_SERS_H_Kit,True,False,True,False
54.0,ethanol,session3_row14,session3_row49,Pendar-2,Mira-2,H_SERS_H_Kit,H_SERS_H_Kit,True,False,True,False
54.0,ethanol,session3_row47,session3_row49,RMX-1,Mira-2,H_SERS_H_Kit,H_SERS_H_Kit,True,False,True,False
55.0,ethanol,session1_row181,session1_row227,Pendar-2,Mira-2,H_SERS_H_Kit,H_SERS_H_Kit,True,False,True,False
55.0,ethanol,session1_row181,session2_row333,Pendar-2,RMX-1,H_SERS_H_Kit,H_SERS_H_Kit,True,False,True,False
55.0,ethanol,session1_row181,session2_row335,Pendar-2,Mira-2,H_SERS_H_Kit,H_SERS_H_Kit,True,False,True,False
55.0,ethanol,session1_row181,session2_row338,Pendar-2,Agilent-3,H_SERS_H_Kit,H_SERS_H_Kit,True,False,True,False
55.0,ethanol,session1_row181,session2_row347,Pendar-2,Mira-2,H_SERS_H_Kit,NRC_Canadian_SERS,True,True,False,True
55.0,ethanol,session1_row181,session2_row355,Pendar-2,Pendar-3,H_SERS_H_Kit,NRC_Canadian_SERS,True,True,False,True
55.0,ethanol,session1_row227,session2_row333,Mira-2,RMX-1,H_SERS_H_Kit,H_SERS_H_Kit,True,False,True,False
55.0,ethanol,session1_row227,session2_row338,Mira-2,Agilent-3,H_SERS_H_Kit,H_SERS_H_Kit,True,False,True,False
55.0,ethanol,session1_row227,session2_row347,Mira-2,Mira-2,H_SERS_H_Kit,NRC_Canadian_SERS,False,True,False,False
55.0,ethanol,session1_row227,session2_row355,Mira-2,Pendar-3,H_SERS_H_Kit,NRC_Canadian_SERS,True,True,False,True
55.0,ethanol,session1_row227,session3_row11,Mira-2,Pendar-2,H_SERS_H_Kit,H_SERS_H_Kit,True,False,True,False
55.0,ethanol,session1_row227,session3_row15,Mira-2,Pendar-2,H_SERS_H_Kit,H_SERS_H_Kit,True,False,True,False
55.0,ethanol,session2_row333,session2_row335,RMX-1,Mira-2,H_SERS_H_Kit,H_SERS_H_Kit,True,False,True,False
55.0,ethanol,session2_row333,session2_row338,RMX-1,Agilent-3,H_SERS_H_Kit,H_SERS_H_Kit,True,False,True,False
55.0,ethanol,session2_row333,session2_row347,RMX-1,Mira-2,H_SERS_H_Kit,NRC_Canadian_SERS,True,True,False,True
55.0,ethanol,session2_row333,session2_row355,RMX-1,Pendar-3,H_SERS_H_Kit,NRC_Canadian_SERS,True,True,False,True
55.0,ethanol,session2_row333,session3_row11,RMX-1,Pendar-2,H_SERS_H_Kit,H_SERS_H_Kit,True,False,True,False
55.0,ethanol,session2_row333,session3_row15,RMX-1,Pendar-2,H_SERS_H_Kit,H_SERS_H_Kit,True,False,True,False
55.0,ethanol,session2_row335,session2_row338,Mira-2,Agilent-3,H_SERS_H_Kit,H_SERS_H_Kit,True,False,True,False
55.0,ethanol,session2_row335,session2_row347,Mira-2,Mira-2,H_SERS_H_Kit,NRC_Canadian_SERS,False,True,False,False
55.0,ethanol,session2_row335,session2_row355,Mira-2,Pendar-3,H_SERS_H_Kit,NRC_Canadian_SERS,True,True,False,True
55.0,ethanol,session2_row335,session3_row11,Mira-2,Pendar-2,H_SERS_H_Kit,H_SERS_H_Kit,True,False,True,False
55.0,ethanol,session2_row335,session3_row15,Mira-2,Pendar-2,H_SERS_H_Kit,H_SERS_H_Kit,True,False,True,False
55.0,ethanol,session2_row338,session2_row347,Agilent-3,Mira-2,H_SERS_H_Kit,NRC_Canadian_SERS,True,True,False,True
55.0,ethanol,session2_row338,session2_row355,Agilent-3,Pendar-3,H_SERS_H_Kit,NRC_Canadian_SERS,True,True,False,True
55.0,ethanol,session2_row338,session3_row11,Agilent-3,Pendar-2,H_SERS_H_Kit,H_SERS_H_Kit,True,False,True,False
55.0,ethanol,session2_row338,session3_row15,Agilent-3,Pendar-2,H_SERS_H_Kit,H_SERS_H_Kit,True,False,True,False
55.0,ethanol,session2_row347,session2_row355,Mira-2,Pendar-3,NRC_Canadian_SERS,NRC_Canadian_SERS,True,False,True,False
55.0,ethanol,session2_row347,session3_row11,Mira-2,Pendar-2,NRC_Canadian_SERS,H_SERS_H_Kit,True,True,False,True
55.0,ethanol,session2_row347,session3_row15,Mira-2,Pendar-2,NRC_Canadian_SERS,H_SERS_H_Kit,True,True,False,True
55.0,ethanol,session2_row355,session3_row11,Pendar-3,Pendar-2,NRC_Canadian_SERS,H_SERS_H_Kit,True,True,False,True
55.0,ethanol,session2_row355,session3_row15,Pendar-3,Pendar-2,NRC_Canadian_SERS,H_SERS_H_Kit,True,True,False,True
56.0,4_nitrophenol,session1_row182,session1_row199,Pendar-2,RMX-1,H_SERS_H_Kit,H_SERS_H_Kit,True,False,True,False
56.0,4_nitrophenol,session1_row182,session1_row206,Pendar-2,RMX-1,H_SERS_H_Kit,GaN_polymer,True,True,False,True
56.0,4_nitrophenol,session1_row182,session1_row207,Pendar-2,Pendar-2,H_SERS_H_Kit,GaN_polymer,False,True,False,False
56.0,4_nitrophenol,session1_row182,session1_row209,Pendar-2,Pendar-2,H_SERS_H_Kit,GaN_polymer,False,True,False,False
56.0,4_nitrophenol,session1_row182,session1_row228,Pendar-2,Mira-2,H_SERS_H_Kit,H_SERS_H_Kit,True,False,True,False
56.0,4_nitrophenol,session1_row182,session1_row232,Pendar-2,Mira-2,H_SERS_H_Kit,GaN_polymer,True,True,False,True
56.0,4_nitrophenol,session1_row182,session1_row233,Pendar-2,Mira-2,H_SERS_H_Kit,GaN_polymer,True,True,False,True
56.0,4_nitrophenol,session1_row182,session1_row244,Pendar-2,Agilent-3,H_SERS_H_Kit,GaN_polymer,True,True,False,True
56.0,4_nitrophenol,session1_row182,session1_row245,Pendar-2,Agilent-3,H_SERS_H_Kit,GaN_polymer,True,True,False,True
56.0,4_nitrophenol,session1_row182,session2_row336,Pendar-2,RMX-1,H_SERS_H_Kit,H_SERS_H_Kit,True,False,True,False
56.0,4_nitrophenol,session1_row182,session2_row339,Pendar-2,Mira-2,H_SERS_H_Kit,H_SERS_H_Kit,True,False,True,False
56.0,4_nitrophenol,session1_row182,session2_row340,Pendar-2,Agilent-3,H_SERS_H_Kit,H_SERS_H_Kit,True,False,True,False
56.0,4_nitrophenol,session1_row182,session2_row346,Pendar-2,RMX-1,H_SERS_H_Kit,NRC_Canadian_SERS,True,True,False,True
56.0,4_nitrophenol,session1_row182,session2_row349,Pendar-2,Mira-2,H_SERS_H_Kit,NRC_Canadian_SERS,True,True,False,True
56.0,4_nitrophenol,session1_row182,session2_row357,Pendar-2,Pendar-3,H_SERS_H_Kit,NRC_Canadian_SERS,True,True,False,True
56.0,4_nitrophenol,session1_row182,session3_row133,Pendar-2,Mira-2,H_SERS_H_Kit,H_SERS_H_Kit,True,False,True,False
56.0,4_nitrophenol,session1_row182,session3_row134,Pendar-2,RMX-1,H_SERS_H_Kit,H_SERS_H_Kit,True,False,True,False
56.0,4_nitrophenol,session1_row199,session1_row206,RMX-1,RMX-1,H_SERS_H_Kit,GaN_polymer,False,True,False,False
56.0,4_nitrophenol,session1_row199,session1_row207,RMX-1,Pendar-2,H_SERS_H_Kit,GaN_polymer,True,True,False,True
56.0,4_nitrophenol,session1_row199,session1_row209,RMX-1,Pendar-2,H_SERS_H_Kit,GaN_polymer,True,True,False,True
56.0,4_nitrophenol,session1_row199,session1_row228,RMX-1,Mira-2,H_SERS_H_Kit,H_SERS_H_Kit,True,False,True,False
56.0,4_nitrophenol,session1_row199,session1_row232,RMX-1,Mira-2,H_SERS_H_Kit,GaN_polymer,True,True,False,True
56.0,4_nitrophenol,session1_row199,session1_row233,RMX-1,Mira-2,H_SERS_H_Kit,GaN_polymer,True,True,False,True
56.0,4_nitrophenol,session1_row199,session1_row244,RMX-1,Agilent-3,H_SERS_H_Kit,GaN_polymer,True,True,False,True
56.0,4_nitrophenol,session1_row199,session1_row245,RMX-1,Agilent-3,H_SERS_H_Kit,GaN_polymer,True,True,False,True
56.0,4_nitrophenol,session1_row199,session2_row339,RMX-1,Mira-2,H_SERS_H_Kit,H_SERS_H_Kit,True,False,True,False
56.0,4_nitrophenol,session1_row199,session2_row340,RMX-1,Agilent-3,H_SERS_H_Kit,H_SERS_H_Kit,True,False,True,False
56.0,4_nitrophenol,session1_row199,session2_row346,RMX-1,RMX-1,H_SERS_H_Kit,NRC_Canadian_SERS,False,True,False,False
56.0,4_nitrophenol,session1_row199,session2_row349,RMX-1,Mira-2,H_SERS_H_Kit,NRC_Canadian_SERS,True,True,False,True
56.0,4_nitrophenol,session1_row199,session2_row357,RMX-1,Pendar-3,H_SERS_H_Kit,NRC_Canadian_SERS,True,True,False,True
56.0,4_nitrophenol,session1_row199,session3_row12,RMX-1,Pendar-2,H_SERS_H_Kit,H_SERS_H_Kit,True,False,True,False
56.0,4_nitrophenol,session1_row199,session3_row133,RMX-1,Mira-2,H_SERS_H_Kit,H_SERS_H_Kit,True,False,True,False
56.0,4_nitrophenol,session1_row206,session1_row207,RMX-1,Pendar-2,GaN_polymer,GaN_polymer,True,False,True,False
56.0,4_nitrophenol,session1_row206,session1_row209,RMX-1,Pendar-2,GaN_polymer,GaN_polymer,True,False,True,False
56.0,4_nitrophenol,session1_row206,session1_row228,RMX-1,Mira-2,GaN_polymer,H_SERS_H_Kit,True,True,False,True
56.0,4_nitrophenol,session1_row206,session1_row232,RMX-1,Mira-2,GaN_polymer,GaN_polymer,True,False,True,False
56.0,4_nitrophenol,session1_row206,session1_row233,RMX-1,Mira-2,GaN_polymer,GaN_polymer,True,False,True,False
56.0,4_nitrophenol,session1_row206,session1_row244,RMX-1,Agilent-3,GaN_polymer,GaN_polymer,True,False,True,False
56.0,4_nitrophenol,session1_row206,session1_row245,RMX-1,Agilent-3,GaN_polymer,GaN_polymer,True,False,True,False
56.0,4_nitrophenol,session1_row206,session2_row336,RMX-1,RMX-1,GaN_polymer,H_SERS_H_Kit,False,True,False,False
56.0,4_nitrophenol,session1_row206,session2_row339,RMX-1,Mira-2,GaN_polymer,H_SERS_H_Kit,True,True,False,True
56.0,4_nitrophenol,session1_row206,session2_row340,RMX-1,Agilent-3,GaN_polymer,H_SERS_H_Kit,True,True,False,True
56.0,4_nitrophenol,session1_row206,session2_row346,RMX-1,RMX-1,GaN_polymer,NRC_Canadian_SERS,False,True,False,False
56.0,4_nitrophenol,session1_row206,session2_row349,RMX-1,Mira-2,GaN_polymer,NRC_Canadian_SERS,True,True,False,True
56.0,4_nitrophenol,session1_row206,session2_row357,RMX-1,Pendar-3,GaN_polymer,NRC_Canadian_SERS,True,True,False,True
56.0,4_nitrophenol,session1_row206,session3_row12,RMX-1,Pendar-2,GaN_polymer,H_SERS_H_Kit,True,True,False,True
56.0,4_nitrophenol,session1_row206,session3_row133,RMX-1,Mira-2,GaN_polymer,H_SERS_H_Kit,True,True,False,True
56.0,4_nitrophenol,session1_row206,session3_row134,RMX-1,RMX-1,GaN_polymer,H_SERS_H_Kit,False,True,False,False
56.0,4_nitrophenol,session1_row207,session1_row228,Pendar-2,Mira-2,GaN_polymer,H_SERS_H_Kit,True,True,False,True
56.0,4_nitrophenol,session1_row207,session1_row232,Pendar-2,Mira-2,GaN_polymer,GaN_polymer,True,False,True,False
56.0,4_nitrophenol,session1_row207,session1_row233,Pendar-2,Mira-2,GaN_polymer,GaN_polymer,True,False,True,False
56.0,4_nitrophenol,session1_row207,session1_row244,Pendar-2,Agilent-3,GaN_polymer,GaN_polymer,True,False,True,False
56.0,4_nitrophenol,session1_row207,session1_row245,Pendar-2,Agilent-3,GaN_polymer,GaN_polymer,True,False,True,False
56.0,4_nitrophenol,session1_row207,session2_row336,Pendar-2,RMX-1,GaN_polymer,H_SERS_H_Kit,True,True,False,True
56.0,4_nitrophenol,session1_row207,session2_row339,Pendar-2,Mira-2,GaN_polymer,H_SERS_H_Kit,True,True,False,True
56.0,4_nitrophenol,session1_row207,session2_row340,Pendar-2,Agilent-3,GaN_polymer,H_SERS_H_Kit,True,True,False,True
56.0,4_nitrophenol,session1_row207,session2_row346,Pendar-2,RMX-1,GaN_polymer,NRC_Canadian_SERS,True,True,False,True
56.0,4_nitrophenol,session1_row207,session2_row349,Pendar-2,Mira-2,GaN_polymer,NRC_Canadian_SERS,True,True,False,True
56.0,4_nitrophenol,session1_row207,session2_row357,Pendar-2,Pendar-3,GaN_polymer,NRC_Canadian_SERS,True,True,False,True
56.0,4_nitrophenol,session1_row207,session3_row12,Pendar-2,Pendar-2,GaN_polymer,H_SERS_H_Kit,False,True,False,False
56.0,4_nitrophenol,session1_row207,session3_row133,Pendar-2,Mira-2,GaN_polymer,H_SERS_H_Kit,True,True,False,True
56.0,4_nitrophenol,session1_row207,session3_row134,Pendar-2,RMX-1,GaN_polymer,H_SERS_H_Kit,True,True,False,True
56.0,4_nitrophenol,session1_row209,session1_row228,Pendar-2,Mira-2,GaN_polymer,H_SERS_H_Kit,True,True,False,True
56.0,4_nitrophenol,session1_row209,session1_row232,Pendar-2,Mira-2,GaN_polymer,GaN_polymer,True,False,True,False
56.0,4_nitrophenol,session1_row209,session1_row233,Pendar-2,Mira-2,GaN_polymer,GaN_polymer,True,False,True,False
56.0,4_nitrophenol,session1_row209,session1_row244,Pendar-2,Agilent-3,GaN_polymer,GaN_polymer,True,False,True,False
56.0,4_nitrophenol,session1_row209,session1_row245,Pendar-2,Agilent-3,GaN_polymer,GaN_polymer,True,False,True,False
56.0,4_nitrophenol,session1_row209,session2_row336,Pendar-2,RMX-1,GaN_polymer,H_SERS_H_Kit,True,True,False,True
56.0,4_nitrophenol,session1_row209,session2_row339,Pendar-2,Mira-2,GaN_polymer,H_SERS_H_Kit,True,True,False,True
56.0,4_nitrophenol,session1_row209,session2_row340,Pendar-2,Agilent-3,GaN_polymer,H_SERS_H_Kit,True,True,False,True
56.0,4_nitrophenol,session1_row209,session2_row346,Pendar-2,RMX-1,GaN_polymer,NRC_Canadian_SERS,True,True,False,True
56.0,4_nitrophenol,session1_row209,session2_row349,Pendar-2,Mira-2,GaN_polymer,NRC_Canadian_SERS,True,True,False,True
56.0,4_nitrophenol,session1_row209,session2_row357,Pendar-2,Pendar-3,GaN_polymer,NRC_Canadian_SERS,True,True,False,True
56.0,4_nitrophenol,session1_row209,session3_row12,Pendar-2,Pendar-2,GaN_polymer,H_SERS_H_Kit,False,True,False,False
56.0,4_nitrophenol,session1_row209,session3_row133,Pendar-2,Mira-2,GaN_polymer,H_SERS_H_Kit,True,True,False,True
56.0,4_nitrophenol,session1_row209,session3_row134,Pendar-2,RMX-1,GaN_polymer,H_SERS_H_Kit,True,True,False,True
56.0,4_nitrophenol,session1_row228,session1_row232,Mira-2,Mira-2,H_SERS_H_Kit,GaN_polymer,False,True,False,False
56.0,4_nitrophenol,session1_row228,session1_row233,Mira-2,Mira-2,H_SERS_H_Kit,GaN_polymer,False,True,False,False
56.0,4_nitrophenol,session1_row228,session1_row244,Mira-2,Agilent-3,H_SERS_H_Kit,GaN_polymer,True,True,False,True
56.0,4_nitrophenol,session1_row228,session1_row245,Mira-2,Agilent-3,H_SERS_H_Kit,GaN_polymer,True,True,False,True
56.0,4_nitrophenol,session1_row228,session2_row336,Mira-2,RMX-1,H_SERS_H_Kit,H_SERS_H_Kit,True,False,True,False
56.0,4_nitrophenol,session1_row228,session2_row340,Mira-2,Agilent-3,H_SERS_H_Kit,H_SERS_H_Kit,True,False,True,False
56.0,4_nitrophenol,session1_row228,session2_row346,Mira-2,RMX-1,H_SERS_H_Kit,NRC_Canadian_SERS,True,True,False,True
56.0,4_nitrophenol,session1_row228,session2_row349,Mira-2,Mira-2,H_SERS_H_Kit,NRC_Canadian_SERS,False,True,False,False
56.0,4_nitrophenol,session1_row228,session2_row357,Mira-2,Pendar-3,H_SERS_H_Kit,NRC_Canadian_SERS,True,True,False,True
56.0,4_nitrophenol,session1_row228,session3_row12,Mira-2,Pendar-2,H_SERS_H_Kit,H_SERS_H_Kit,True,False,True,False
56.0,4_nitrophenol,session1_row228,session3_row134,Mira-2,RMX-1,H_SERS_H_Kit,H_SERS_H_Kit,True,False,True,False
56.0,4_nitrophenol,session1_row232,session1_row244,Mira-2,Agilent-3,GaN_polymer,GaN_polymer,True,False,True,False
56.0,4_nitrophenol,session1_row232,session1_row245,Mira-2,Agilent-3,GaN_polymer,GaN_polymer,True,False,True,False
56.0,4_nitrophenol,session1_row232,session2_row336,Mira-2,RMX-1,GaN_polymer,H_SERS_H_Kit,True,True,False,True
56.0,4_nitrophenol,session1_row232,session2_row339,Mira-2,Mira-2,GaN_polymer,H_SERS_H_Kit,False,True,False,False
56.0,4_nitrophenol,session1_row232,session2_row340,Mira-2,Agilent-3,GaN_polymer,H_SERS_H_Kit,True,True,False,True
56.0,4_nitrophenol,session1_row232,session2_row346,Mira-2,RMX-1,GaN_polymer,NRC_Canadian_SERS,True,True,False,True
56.0,4_nitrophenol,session1_row232,session2_row349,Mira-2,Mira-2,GaN_polymer,NRC_Canadian_SERS,False,True,False,False
56.0,4_nitrophenol,session1_row232,session2_row357,Mira-2,Pendar-3,GaN_polymer,NRC_Canadian_SERS,True,True,False,True
56.0,4_nitrophenol,session1_row232,session3_row12,Mira-2,Pendar-2,GaN_polymer,H_SERS_H_Kit,True,True,False,True
56.0,4_nitrophenol,session1_row232,session3_row133,Mira-2,Mira-2,GaN_polymer,H_SERS_H_Kit,False,True,False,False
56.0,4_nitrophenol,session1_row232,session3_row134,Mira-2,RMX-1,GaN_polymer,H_SERS_H_Kit,True,True,False,True
56.0,4_nitrophenol,session1_row233,session1_row244,Mira-2,Agilent-3,GaN_polymer,GaN_polymer,True,False,True,False
56.0,4_nitrophenol,session1_row233,session1_row245,Mira-2,Agilent-3,GaN_polymer,GaN_polymer,True,False,True,False
56.0,4_nitrophenol,session1_row233,session2_row336,Mira-2,RMX-1,GaN_polymer,H_SERS_H_Kit,True,True,False,True
56.0,4_nitrophenol,session1_row233,session2_row339,Mira-2,Mira-2,GaN_polymer,H_SERS_H_Kit,False,True,False,False
56.0,4_nitrophenol,session1_row233,session2_row340,Mira-2,Agilent-3,GaN_polymer,H_SERS_H_Kit,True,True,False,True
56.0,4_nitrophenol,session1_row233,session2_row346,Mira-2,RMX-1,GaN_polymer,NRC_Canadian_SERS,True,True,False,True
56.0,4_nitrophenol,session1_row233,session2_row349,Mira-2,Mira-2,GaN_polymer,NRC_Canadian_SERS,False,True,False,False
56.0,4_nitrophenol,session1_row233,session2_row357,Mira-2,Pendar-3,GaN_polymer,NRC_Canadian_SERS,True,True,False,True
56.0,4_nitrophenol,session1_row233,session3_row12,Mira-2,Pendar-2,GaN_polymer,H_SERS_H_Kit,True,True,False,True
56.0,4_nitrophenol,session1_row233,session3_row133,Mira-2,Mira-2,GaN_polymer,H_SERS_H_Kit,False,True,False,False
56.0,4_nitrophenol,session1_row233,session3_row134,Mira-2,RMX-1,GaN_polymer,H_SERS_H_Kit,True,True,False,True
56.0,4_nitrophenol,session1_row244,session2_row336,Agilent-3,RMX-1,GaN_polymer,H_SERS_H_Kit,True,True,False,True
56.0,4_nitrophenol,session1_row244,session2_row339,Agilent-3,Mira-2,GaN_polymer,H_SERS_H_Kit,True,True,False,True
56.0,4_nitrophenol,session1_row244,session2_row340,Agilent-3,Agilent-3,GaN_polymer,H_SERS_H_Kit,False,True,False,False
56.0,4_nitrophenol,session1_row244,session2_row346,Agilent-3,RMX-1,GaN_polymer,NRC_Canadian_SERS,True,True,False,True
56.0,4_nitrophenol,session1_row244,session2_row349,Agilent-3,Mira-2,GaN_polymer,NRC_Canadian_SERS,True,True,False,True
56.0,4_nitrophenol,session1_row244,session2_row357,Agilent-3,Pendar-3,GaN_polymer,NRC_Canadian_SERS,True,True,False,True
56.0,4_nitrophenol,session1_row244,session3_row12,Agilent-3,Pendar-2,GaN_polymer,H_SERS_H_Kit,True,True,False,True
56.0,4_nitrophenol,session1_row244,session3_row133,Agilent-3,Mira-2,GaN_polymer,H_SERS_H_Kit,True,True,False,True
56.0,4_nitrophenol,session1_row244,session3_row134,Agilent-3,RMX-1,GaN_polymer,H_SERS_H_Kit,True,True,False,True
56.0,4_nitrophenol,session1_row245,session2_row336,Agilent-3,RMX-1,GaN_polymer,H_SERS_H_Kit,True,True,False,True
56.0,4_nitrophenol,session1_row245,session2_row339,Agilent-3,Mira-2,GaN_polymer,H_SERS_H_Kit,True,True,False,True
56.0,4_nitrophenol,session1_row245,session2_row340,Agilent-3,Agilent-3,GaN_polymer,H_SERS_H_Kit,False,True,False,False
56.0,4_nitrophenol,session1_row245,session2_row346,Agilent-3,RMX-1,GaN_polymer,NRC_Canadian_SERS,True,True,False,True
56.0,4_nitrophenol,session1_row245,session2_row349,Agilent-3,Mira-2,GaN_polymer,NRC_Canadian_SERS,True,True,False,True
56.0,4_nitrophenol,session1_row245,session2_row357,Agilent-3,Pendar-3,GaN_polymer,NRC_Canadian_SERS,True,True,False,True
56.0,4_nitrophenol,session1_row245,session3_row12,Agilent-3,Pendar-2,GaN_polymer,H_SERS_H_Kit,True,True,False,True
56.0,4_nitrophenol,session1_row245,session3_row133,Agilent-3,Mira-2,GaN_polymer,H_SERS_H_Kit,True,True,False,True
56.0,4_nitrophenol,session1_row245,session3_row134,Agilent-3,RMX-1,GaN_polymer,H_SERS_H_Kit,True,True,False,True
56.0,4_nitrophenol,session2_row336,session2_row339,RMX-1,Mira-2,H_SERS_H_Kit,H_SERS_H_Kit,True,False,True,False
56.0,4_nitrophenol,session2_row336,session2_row340,RMX-1,Agilent-3,H_SERS_H_Kit,H_SERS_H_Kit,True,False,True,False
56.0,4_nitrophenol,session2_row336,session2_row346,RMX-1,RMX-1,H_SERS_H_Kit,NRC_Canadian_SERS,False,True,False,False
56.0,4_nitrophenol,session2_row336,session2_row349,RMX-1,Mira-2,H_SERS_H_Kit,NRC_Canadian_SERS,True,True,False,True
56.0,4_nitrophenol,session2_row336,session2_row357,RMX-1,Pendar-3,H_SERS_H_Kit,NRC_Canadian_SERS,True,True,False,True
56.0,4_nitrophenol,session2_row336,session3_row12,RMX-1,Pendar-2,H_SERS_H_Kit,H_SERS_H_Kit,True,False,True,False
56.0,4_nitrophenol,session2_row336,session3_row133,RMX-1,Mira-2,H_SERS_H_Kit,H_SERS_H_Kit,True,False,True,False
56.0,4_nitrophenol,session2_row339,session2_row340,Mira-2,Agilent-3,H_SERS_H_Kit,H_SERS_H_Kit,True,False,True,False
56.0,4_nitrophenol,session2_row339,session2_row346,Mira-2,RMX-1,H_SERS_H_Kit,NRC_Canadian_SERS,True,True,False,True
56.0,4_nitrophenol,session2_row339,session2_row349,Mira-2,Mira-2,H_SERS_H_Kit,NRC_Canadian_SERS,False,True,False,False
56.0,4_nitrophenol,session2_row339,session2_row357,Mira-2,Pendar-3,H_SERS_H_Kit,NRC_Canadian_SERS,True,True,False,True
56.0,4_nitrophenol,session2_row339,session3_row12,Mira-2,Pendar-2,H_SERS_H_Kit,H_SERS_H_Kit,True,False,True,False
56.0,4_nitrophenol,session2_row339,session3_row134,Mira-2,RMX-1,H_SERS_H_Kit,H_SERS_H_Kit,True,False,True,False
56.0,4_nitrophenol,session2_row340,session2_row346,Agilent-3,RMX-1,H_SERS_H_Kit,NRC_Canadian_SERS,True,True,False,True
56.0,4_nitrophenol,session2_row340,session2_row349,Agilent-3,Mira-2,H_SERS_H_Kit,NRC_Canadian_SERS,True,True,False,True
56.0,4_nitrophenol,session2_row340,session2_row357,Agilent-3,Pendar-3,H_SERS_H_Kit,NRC_Canadian_SERS,True,True,False,True
56.0,4_nitrophenol,session2_row340,session3_row12,Agilent-3,Pendar-2,H_SERS_H_Kit,H_SERS_H_Kit,True,False,True,False
56.0,4_nitrophenol,session2_row340,session3_row133,Agilent-3,Mira-2,H_SERS_H_Kit,H_SERS_H_Kit,True,False,True,False
56.0,4_nitrophenol,session2_row340,session3_row134,Agilent-3,RMX-1,H_SERS_H_Kit,H_SERS_H_Kit,True,False,True,False
56.0,4_nitrophenol,session2_row346,session2_row349,RMX-1,Mira-2,NRC_Canadian_SERS,NRC_Canadian_SERS,True,False,True,False
56.0,4_nitrophenol,session2_row346,session2_row357,RMX-1,Pendar-3,NRC_Canadian_SERS,NRC_Canadian_SERS,True,False,True,False
56.0,4_nitrophenol,session2_row346,session3_row12,RMX-1,Pendar-2,NRC_Canadian_SERS,H_SERS_H_Kit,True,True,False,True
56.0,4_nitrophenol,session2_row346,session3_row133,RMX-1,Mira-2,NRC_Canadian_SERS,H_SERS_H_Kit,True,True,False,True
56.0,4_nitrophenol,session2_row346,session3_row134,RMX-1,RMX-1,NRC_Canadian_SERS,H_SERS_H_Kit,False,True,False,False
56.0,4_nitrophenol,session2_row349,session2_row357,Mira-2,Pendar-3,NRC_Canadian_SERS,NRC_Canadian_SERS,True,False,True,False
56.0,4_nitrophenol,session2_row349,session3_row12,Mira-2,Pendar-2,NRC_Canadian_SERS,H_SERS_H_Kit,True,True,False,True
56.0,4_nitrophenol,session2_row349,session3_row133,Mira-2,Mira-2,NRC_Canadian_SERS,H_SERS_H_Kit,False,True,False,False
56.0,4_nitrophenol,session2_row349,session3_row134,Mira-2,RMX-1,NRC_Canadian_SERS,H_SERS_H_Kit,True,True,False,True
56.0,4_nitrophenol,session2_row357,session3_row12,Pendar-3,Pendar-2,NRC_Canadian_SERS,H_SERS_H_Kit,True,True,False,True
56.0,4_nitrophenol,session2_row357,session3_row133,Pendar-3,Mira-2,NRC_Canadian_SERS,H_SERS_H_Kit,True,True,False,True
56.0,4_nitrophenol,session2_row357,session3_row134,Pendar-3,RMX-1,NRC_Canadian_SERS,H_SERS_H_Kit,True,True,False,True
56.0,4_nitrophenol,session3_row12,session3_row133,Pendar-2,Mira-2,H_SERS_H_Kit,H_SERS_H_Kit,True,False,True,False
56.0,4_nitrophenol,session3_row12,session3_row134,Pendar-2,RMX-1,H_SERS_H_Kit,H_SERS_H_Kit,True,False,True,False
56.0,4_nitrophenol,session3_row133,session3_row134,Mira-2,RMX-1,H_SERS_H_Kit,H_SERS_H_Kit,True,False,True,False
57.0,ethyl_paraoxon,session1_row183,session1_row229,Pendar-2,Mira-2,H_SERS_H_Kit,H_SERS_H_Kit,True,False,True,False
57.0,ethyl_paraoxon,session1_row183,session2_row337,Pendar-2,RMX-1,H_SERS_H_Kit,H_SERS_H_Kit,True,False,True,False
57.0,ethyl_paraoxon,session1_row183,session2_row341,Pendar-2,Mira-2,H_SERS_H_Kit,H_SERS_H_Kit,True,False,True,False
57.0,ethyl_paraoxon,session1_row183,session2_row342,Pendar-2,Agilent-3,H_SERS_H_Kit,H_SERS_H_Kit,True,False,True,False
57.0,ethyl_paraoxon,session1_row183,session2_row348,Pendar-2,RMX-1,H_SERS_H_Kit,NRC_Canadian_SERS,True,True,False,True
57.0,ethyl_paraoxon,session1_row183,session2_row350,Pendar-2,Mira-2,H_SERS_H_Kit,NRC_Canadian_SERS,True,True,False,True
57.0,ethyl_paraoxon,session1_row183,session2_row351,Pendar-2,Mira-2,H_SERS_H_Kit,NRC_Canadian_SERS,True,True,False,True
57.0,ethyl_paraoxon,session1_row183,session2_row359,Pendar-2,Pendar-3,H_SERS_H_Kit,NRC_Canadian_SERS,True,True,False,True
57.0,ethyl_paraoxon,session1_row183,session2_row362,Pendar-2,Pendar-3,H_SERS_H_Kit,NRC_Canadian_SERS,True,True,False,True
57.0,ethyl_paraoxon,session1_row183,session3_row130,Pendar-2,Mira-2,H_SERS_H_Kit,H_SERS_H_Kit,True,False,True,False
57.0,ethyl_paraoxon,session1_row200,session1_row229,Pendar-2,Mira-2,H_SERS_H_Kit,H_SERS_H_Kit,True,False,True,False
57.0,ethyl_paraoxon,session1_row200,session2_row337,Pendar-2,RMX-1,H_SERS_H_Kit,H_SERS_H_Kit,True,False,True,False
57.0,ethyl_paraoxon,session1_row200,session2_row341,Pendar-2,Mira-2,H_SERS_H_Kit,H_SERS_H_Kit,True,False,True,False
57.0,ethyl_paraoxon,session1_row200,session2_row342,Pendar-2,Agilent-3,H_SERS_H_Kit,H_SERS_H_Kit,True,False,True,False
57.0,ethyl_paraoxon,session1_row200,session2_row348,Pendar-2,RMX-1,H_SERS_H_Kit,NRC_Canadian_SERS,True,True,False,True
57.0,ethyl_paraoxon,session1_row200,session2_row350,Pendar-2,Mira-2,H_SERS_H_Kit,NRC_Canadian_SERS,True,True,False,True
57.0,ethyl_paraoxon,session1_row200,session2_row351,Pendar-2,Mira-2,H_SERS_H_Kit,NRC_Canadian_SERS,True,True,False,True
57.0,ethyl_paraoxon,session1_row200,session2_row359,Pendar-2,Pendar-3,H_SERS_H_Kit,NRC_Canadian_SERS,True,True,False,True
57.0,ethyl_paraoxon,session1_row200,session2_row362,Pendar-2,Pendar-3,H_SERS_H_Kit,NRC_Canadian_SERS,True,True,False,True
57.0,ethyl_paraoxon,session1_row200,session3_row130,Pendar-2,Mira-2,H_SERS_H_Kit,H_SERS_H_Kit,True,False,True,False
57.0,ethyl_paraoxon,session1_row229,session2_row337,Mira-2,RMX-1,H_SERS_H_Kit,H_SERS_H_Kit,True,False,True,False
57.0,ethyl_paraoxon,session1_row229,session2_row342,Mira-2,Agilent-3,H_SERS_H_Kit,H_SERS_H_Kit,True,False,True,False
57.0,ethyl_paraoxon,session1_row229,session2_row348,Mira-2,RMX-1,H_SERS_H_Kit,NRC_Canadian_SERS,True,True,False,True
57.0,ethyl_paraoxon,session1_row229,session2_row350,Mira-2,Mira-2,H_SERS_H_Kit,NRC_Canadian_SERS,False,True,False,False
57.0,ethyl_paraoxon,session1_row229,session2_row351,Mira-2,Mira-2,H_SERS_H_Kit,NRC_Canadian_SERS,False,True,False,False
57.0,ethyl_paraoxon,session1_row229,session2_row359,Mira-2,Pendar-3,H_SERS_H_Kit,NRC_Canadian_SERS,True,True,False,True
57.0,ethyl_paraoxon,session1_row229,session2_row362,Mira-2,Pendar-3,H_SERS_H_Kit,NRC_Canadian_SERS,True,True,False,True
57.0,ethyl_paraoxon,session1_row229,session3_row13,Mira-2,Pendar-2,H_SERS_H_Kit,H_SERS_H_Kit,True,False,True,False
57.0,ethyl_paraoxon,session2_row337,session2_row341,RMX-1,Mira-2,H_SERS_H_Kit,H_SERS_H_Kit,True,False,True,False
57.0,ethyl_paraoxon,session2_row337,session2_row342,RMX-1,Agilent-3,H_SERS_H_Kit,H_SERS_H_Kit,True,False,True,False
57.0,ethyl_paraoxon,session2_row337,session2_row348,RMX-1,RMX-1,H_SERS_H_Kit,NRC_Canadian_SERS,False,True,False,False
57.0,ethyl_paraoxon,session2_row337,session2_row350,RMX-1,Mira-2,H_SERS_H_Kit,NRC_Canadian_SERS,True,True,False,True
57.0,ethyl_paraoxon,session2_row337,session2_row351,RMX-1,Mira-2,H_SERS_H_Kit,NRC_Canadian_SERS,True,True,False,True
57.0,ethyl_paraoxon,session2_row337,session2_row359,RMX-1,Pendar-3,H_SERS_H_Kit,NRC_Canadian_SERS,True,True,False,True
57.0,ethyl_paraoxon,session2_row337,session2_row362,RMX-1,Pendar-3,H_SERS_H_Kit,NRC_Canadian_SERS,True,True,False,True
57.0,ethyl_paraoxon,session2_row337,session3_row13,RMX-1,Pendar-2,H_SERS_H_Kit,H_SERS_H_Kit,True,False,True,False
57.0,ethyl_paraoxon,session2_row337,session3_row130,RMX-1,Mira-2,H_SERS_H_Kit,H_SERS_H_Kit,True,False,True,False
57.0,ethyl_paraoxon,session2_row341,session2_row342,Mira-2,Agilent-3,H_SERS_H_Kit,H_SERS_H_Kit,True,False,True,False
57.0,ethyl_paraoxon,session2_row341,session2_row348,Mira-2,RMX-1,H_SERS_H_Kit,NRC_Canadian_SERS,True,True,False,True
57.0,ethyl_paraoxon,session2_row341,session2_row350,Mira-2,Mira-2,H_SERS_H_Kit,NRC_Canadian_SERS,False,True,False,False
57.0,ethyl_paraoxon,session2_row341,session2_row351,Mira-2,Mira-2,H_SERS_H_Kit,NRC_Canadian_SERS,False,True,False,False
57.0,ethyl_paraoxon,session2_row341,session2_row359,Mira-2,Pendar-3,H_SERS_H_Kit,NRC_Canadian_SERS,True,True,False,True
57.0,ethyl_paraoxon,session2_row341,session2_row362,Mira-2,Pendar-3,H_SERS_H_Kit,NRC_Canadian_SERS,True,True,False,True
57.0,ethyl_paraoxon,session2_row341,session3_row13,Mira-2,Pendar-2,H_SERS_H_Kit,H_SERS_H_Kit,True,False,True,False
57.0,ethyl_paraoxon,session2_row342,session2_row348,Agilent-3,RMX-1,H_SERS_H_Kit,NRC_Canadian_SERS,True,True,False,True
57.0,ethyl_paraoxon,session2_row342,session2_row350,Agilent-3,Mira-2,H_SERS_H_Kit,NRC_Canadian_SERS,True,True,False,True
57.0,ethyl_paraoxon,session2_row342,session2_row351,Agilent-3,Mira-2,H_SERS_H_Kit,NRC_Canadian_SERS,True,True,False,True
57.0,ethyl_paraoxon,session2_row342,session2_row359,Agilent-3,Pendar-3,H_SERS_H_Kit,NRC_Canadian_SERS,True,True,False,True
57.0,ethyl_paraoxon,session2_row342,session2_row362,Agilent-3,Pendar-3,H_SERS_H_Kit,NRC_Canadian_SERS,True,True,False,True
57.0,ethyl_paraoxon,session2_row342,session3_row13,Agilent-3,Pendar-2,H_SERS_H_Kit,H_SERS_H_Kit,True,False,True,False
57.0,ethyl_paraoxon,session2_row342,session3_row130,Agilent-3,Mira-2,H_SERS_H_Kit,H_SERS_H_Kit,True,False,True,False
57.0,ethyl_paraoxon,session2_row348,session2_row350,RMX-1,Mira-2,NRC_Canadian_SERS,NRC_Canadian_SERS,True,False,True,False
57.0,ethyl_paraoxon,session2_row348,session2_row351,RMX-1,Mira-2,NRC_Canadian_SERS,NRC_Canadian_SERS,True,False,True,False
57.0,ethyl_paraoxon,session2_row348,session2_row359,RMX-1,Pendar-3,NRC_Canadian_SERS,NRC_Canadian_SERS,True,False,True,False
57.0,ethyl_paraoxon,session2_row348,session2_row362,RMX-1,Pendar-3,NRC_Canadian_SERS,NRC_Canadian_SERS,True,False,True,False
57.0,ethyl_paraoxon,session2_row348,session3_row13,RMX-1,Pendar-2,NRC_Canadian_SERS,H_SERS_H_Kit,True,True,False,True
57.0,ethyl_paraoxon,session2_row348,session3_row130,RMX-1,Mira-2,NRC_Canadian_SERS,H_SERS_H_Kit,True,True,False,True
57.0,ethyl_paraoxon,session2_row350,session2_row359,Mira-2,Pendar-3,NRC_Canadian_SERS,NRC_Canadian_SERS,True,False,True,False
57.0,ethyl_paraoxon,session2_row350,session2_row362,Mira-2,Pendar-3,NRC_Canadian_SERS,NRC_Canadian_SERS,True,False,True,False
57.0,ethyl_paraoxon,session2_row350,session3_row13,Mira-2,Pendar-2,NRC_Canadian_SERS,H_SERS_H_Kit,True,True,False,True
57.0,ethyl_paraoxon,session2_row350,session3_row130,Mira-2,Mira-2,NRC_Canadian_SERS,H_SERS_H_Kit,False,True,False,False
57.0,ethyl_paraoxon,session2_row351,session2_row359,Mira-2,Pendar-3,NRC_Canadian_SERS,NRC_Canadian_SERS,True,False,True,False
57.0,ethyl_paraoxon,session2_row351,session2_row362,Mira-2,Pendar-3,NRC_Canadian_SERS,NRC_Canadian_SERS,True,False,True,False
57.0,ethyl_paraoxon,session2_row351,session3_row13,Mira-2,Pendar-2,NRC_Canadian_SERS,H_SERS_H_Kit,True,True,False,True
57.0,ethyl_paraoxon,session2_row351,session3_row130,Mira-2,Mira-2,NRC_Canadian_SERS,H_SERS_H_Kit,False,True,False,False
57.0,ethyl_paraoxon,session2_row359,session3_row13,Pendar-3,Pendar-2,NRC_Canadian_SERS,H_SERS_H_Kit,True,True,False,True
57.0,ethyl_paraoxon,session2_row359,session3_row130,Pendar-3,Mira-2,NRC_Canadian_SERS,H_SERS_H_Kit,True,True,False,True
57.0,ethyl_paraoxon,session2_row362,session3_row13,Pendar-3,Pendar-2,NRC_Canadian_SERS,H_SERS_H_Kit,True,True,False,True
57.0,ethyl_paraoxon,session2_row362,session3_row130,Pendar-3,Mira-2,NRC_Canadian_SERS,H_SERS_H_Kit,True,True,False,True
57.0,ethyl_paraoxon,session3_row13,session3_row130,Pendar-2,Mira-2,H_SERS_H_Kit,H_SERS_H_Kit,True,False,True,False
58.0,4_nitrophenol,session1_row210,session1_row214,Pendar-2,RMX-1,H_SERS_H_Kit,H_SERS_H_Kit,True,False,True,False
58.0,4_nitrophenol,session1_row210,session1_row218,Pendar-2,RMX-1,H_SERS_H_Kit,GaN_polymer,True,True,False,True
58.0,4_nitrophenol,session1_row210,session1_row234,Pendar-2,Mira-2,H_SERS_H_Kit,H_SERS_H_Kit,True,False,True,False
58.0,4_nitrophenol,session1_row210,session1_row246,Pendar-2,Pendar-2,H_SERS_H_Kit,GaN_polymer,False,True,False,False
58.0,4_nitrophenol,session1_row210,session1_row247,Pendar-2,Pendar-2,H_SERS_H_Kit,GaN_polymer,False,True,False,False
58.0,4_nitrophenol,session1_row210,session2_row370,Pendar-2,RMX-1,H_SERS_H_Kit,H_SERS_H_Kit,True,False,True,False
58.0,4_nitrophenol,session1_row210,session2_row371,Pendar-2,Pendar-3,H_SERS_H_Kit,H_SERS_H_Kit,True,False,True,False
58.0,4_nitrophenol,session1_row210,session2_row379,Pendar-2,Mira-2,H_SERS_H_Kit,H_SERS_H_Kit,True,False,True,False
58.0,4_nitrophenol,session1_row210,session2_row383,Pendar-2,Pendar-3,H_SERS_H_Kit,NRC_Canadian_SERS,True,True,False,True
58.0,4_nitrophenol,session1_row210,session2_row388,Pendar-2,Mira-2,H_SERS_H_Kit,NRC_Canadian_SERS,True,True,False,True
58.0,4_nitrophenol,session1_row210,session2_row392,Pendar-2,RMX-1,H_SERS_H_Kit,NRC_Canadian_SERS,True,True,False,True
58.0,4_nitrophenol,session1_row210,session3_row135,Pendar-2,RMX-1,H_SERS_H_Kit,H_SERS_H_Kit,True,False,True,False
58.0,4_nitrophenol,session1_row210,session3_row136,Pendar-2,Mira-2,H_SERS_H_Kit,H_SERS_H_Kit,True,False,True,False
58.0,4_nitrophenol,session1_row214,session1_row218,RMX-1,RMX-1,H_SERS_H_Kit,GaN_polymer,False,True,False,False
58.0,4_nitrophenol,session1_row214,session1_row234,RMX-1,Mira-2,H_SERS_H_Kit,H_SERS_H_Kit,True,False,True,False
58.0,4_nitrophenol,session1_row214,session1_row246,RMX-1,Pendar-2,H_SERS_H_Kit,GaN_polymer,True,True,False,True
58.0,4_nitrophenol,session1_row214,session1_row247,RMX-1,Pendar-2,H_SERS_H_Kit,GaN_polymer,True,True,False,True
58.0,4_nitrophenol,session1_row214,session2_row371,RMX-1,Pendar-3,H_SERS_H_Kit,H_SERS_H_Kit,True,False,True,False
58.0,4_nitrophenol,session1_row214,session2_row379,RMX-1,Mira-2,H_SERS_H_Kit,H_SERS_H_Kit,True,False,True,False
58.0,4_nitrophenol,session1_row214,session2_row383,RMX-1,Pendar-3,H_SERS_H_Kit,NRC_Canadian_SERS,True,True,False,True
58.0,4_nitrophenol,session1_row214,session2_row388,RMX-1,Mira-2,H_SERS_H_Kit,NRC_Canadian_SERS,True,True,False,True
58.0,4_nitrophenol,session1_row214,session2_row392,RMX-1,RMX-1,H_SERS_H_Kit,NRC_Canadian_SERS,False,True,False,False
58.0,4_nitrophenol,session1_row214,session3_row57,RMX-1,Pendar-2,H_SERS_H_Kit,H_SERS_H_Kit,True,False,True,False
58.0,4_nitrophenol,session1_row214,session3_row136,RMX-1,Mira-2,H_SERS_H_Kit,H_SERS_H_Kit,True,False,True,False
58.0,4_nitrophenol,session1_row218,session1_row234,RMX-1,Mira-2,GaN_polymer,H_SERS_H_Kit,True,True,False,True
58.0,4_nitrophenol,session1_row218,session1_row246,RMX-1,Pendar-2,GaN_polymer,GaN_polymer,True,False,True,False
58.0,4_nitrophenol,session1_row218,session1_row247,RMX-1,Pendar-2,GaN_polymer,GaN_polymer,True,False,True,False
58.0,4_nitrophenol,session1_row218,session2_row370,RMX-1,RMX-1,GaN_polymer,H_SERS_H_Kit,False,True,False,False
58.0,4_nitrophenol,session1_row218,session2_row371,RMX-1,Pendar-3,GaN_polymer,H_SERS_H_Kit,True,True,False,True
58.0,4_nitrophenol,session1_row218,session2_row379,RMX-1,Mira-2,GaN_polymer,H_SERS_H_Kit,True,True,False,True
58.0,4_nitrophenol,session1_row218,session2_row383,RMX-1,Pendar-3,GaN_polymer,NRC_Canadian_SERS,True,True,False,True
58.0,4_nitrophenol,session1_row218,session2_row388,RMX-1,Mira-2,GaN_polymer,NRC_Canadian_SERS,True,True,False,True
58.0,4_nitrophenol,session1_row218,session2_row392,RMX-1,RMX-1,GaN_polymer,NRC_Canadian_SERS,False,True,False,False
58.0,4_nitrophenol,session1_row218,session3_row57,RMX-1,Pendar-2,GaN_polymer,H_SERS_H_Kit,True,True,False,True
58.0,4_nitrophenol,session1_row218,session3_row135,RMX-1,RMX-1,GaN_polymer,H_SERS_H_Kit,False,True,False,False
58.0,4_nitrophenol,session1_row218,session3_row136,RMX-1,Mira-2,GaN_polymer,H_SERS_H_Kit,True,True,False,True
58.0,4_nitrophenol,session1_row234,session1_row246,Mira-2,Pendar-2,H_SERS_H_Kit,GaN_polymer,True,True,False,True
58.0,4_nitrophenol,session1_row234,session1_row247,Mira-2,Pendar-2,H_SERS_H_Kit,GaN_polymer,True,True,False,True
58.0,4_nitrophenol,session1_row234,session2_row370,Mira-2,RMX-1,H_SERS_H_Kit,H_SERS_H_Kit,True,False,True,False
58.0,4_nitrophenol,session1_row234,session2_row371,Mira-2,Pendar-3,H_SERS_H_Kit,H_SERS_H_Kit,True,False,True,False
58.0,4_nitrophenol,session1_row234,session2_row383,Mira-2,Pendar-3,H_SERS_H_Kit,NRC_Canadian_SERS,True,True,False,True
58.0,4_nitrophenol,session1_row234,session2_row388,Mira-2,Mira-2,H_SERS_H_Kit,NRC_Canadian_SERS,False,True,False,False
58.0,4_nitrophenol,session1_row234,session2_row392,Mira-2,RMX-1,H_SERS_H_Kit,NRC_Canadian_SERS,True,True,False,True
58.0,4_nitrophenol,session1_row234,session3_row57,Mira-2,Pendar-2,H_SERS_H_Kit,H_SERS_H_Kit,True,False,True,False
58.0,4_nitrophenol,session1_row234,session3_row135,Mira-2,RMX-1,H_SERS_H_Kit,H_SERS_H_Kit,True,False,True,False
58.0,4_nitrophenol,session1_row246,session2_row370,Pendar-2,RMX-1,GaN_polymer,H_SERS_H_Kit,True,True,False,True
58.0,4_nitrophenol,session1_row246,session2_row371,Pendar-2,Pendar-3,GaN_polymer,H_SERS_H_Kit,True,True,False,True
58.0,4_nitrophenol,session1_row246,session2_row379,Pendar-2,Mira-2,GaN_polymer,H_SERS_H_Kit,True,True,False,True
58.0,4_nitrophenol,session1_row246,session2_row383,Pendar-2,Pendar-3,GaN_polymer,NRC_Canadian_SERS,True,True,False,True
58.0,4_nitrophenol,session1_row246,session2_row388,Pendar-2,Mira-2,GaN_polymer,NRC_Canadian_SERS,True,True,False,True
58.0,4_nitrophenol,session1_row246,session2_row392,Pendar-2,RMX-1,GaN_polymer,NRC_Canadian_SERS,True,True,False,True
58.0,4_nitrophenol,session1_row246,session3_row57,Pendar-2,Pendar-2,GaN_polymer,H_SERS_H_Kit,False,True,False,False
58.0,4_nitrophenol,session1_row246,session3_row135,Pendar-2,RMX-1,GaN_polymer,H_SERS_H_Kit,True,True,False,True
58.0,4_nitrophenol,session1_row246,session3_row136,Pendar-2,Mira-2,GaN_polymer,H_SERS_H_Kit,True,True,False,True
58.0,4_nitrophenol,session1_row247,session2_row370,Pendar-2,RMX-1,GaN_polymer,H_SERS_H_Kit,True,True,False,True
58.0,4_nitrophenol,session1_row247,session2_row371,Pendar-2,Pendar-3,GaN_polymer,H_SERS_H_Kit,True,True,False,True
58.0,4_nitrophenol,session1_row247,session2_row379,Pendar-2,Mira-2,GaN_polymer,H_SERS_H_Kit,True,True,False,True
58.0,4_nitrophenol,session1_row247,session2_row383,Pendar-2,Pendar-3,GaN_polymer,NRC_Canadian_SERS,True,True,False,True
58.0,4_nitrophenol,session1_row247,session2_row388,Pendar-2,Mira-2,GaN_polymer,NRC_Canadian_SERS,True,True,False,True
58.0,4_nitrophenol,session1_row247,session2_row392,Pendar-2,RMX-1,GaN_polymer,NRC_Canadian_SERS,True,True,False,True
58.0,4_nitrophenol,session1_row247,session3_row57,Pendar-2,Pendar-2,GaN_polymer,H_SERS_H_Kit,False,True,False,False
58.0,4_nitrophenol,session1_row247,session3_row135,Pendar-2,RMX-1,GaN_polymer,H_SERS_H_Kit,True,True,False,True
58.0,4_nitrophenol,session1_row247,session3_row136,Pendar-2,Mira-2,GaN_polymer,H_SERS_H_Kit,True,True,False,True
58.0,4_nitrophenol,session2_row370,session2_row371,RMX-1,Pendar-3,H_SERS_H_Kit,H_SERS_H_Kit,True,False,True,False
58.0,4_nitrophenol,session2_row370,session2_row379,RMX-1,Mira-2,H_SERS_H_Kit,H_SERS_H_Kit,True,False,True,False
58.0,4_nitrophenol,session2_row370,session2_row383,RMX-1,Pendar-3,H_SERS_H_Kit,NRC_Canadian_SERS,True,True,False,True
58.0,4_nitrophenol,session2_row370,session2_row388,RMX-1,Mira-2,H_SERS_H_Kit,NRC_Canadian_SERS,True,True,False,True
58.0,4_nitrophenol,session2_row370,session2_row392,RMX-1,RMX-1,H_SERS_H_Kit,NRC_Canadian_SERS,False,True,False,False
58.0,4_nitrophenol,session2_row370,session3_row57,RMX-1,Pendar-2,H_SERS_H_Kit,H_SERS_H_Kit,True,False,True,False
58.0,4_nitrophenol,session2_row370,session3_row136,RMX-1,Mira-2,H_SERS_H_Kit,H_SERS_H_Kit,True,False,True,False
58.0,4_nitrophenol,session2_row371,session2_row379,Pendar-3,Mira-2,H_SERS_H_Kit,H_SERS_H_Kit,True,False,True,False
58.0,4_nitrophenol,session2_row371,session2_row383,Pendar-3,Pendar-3,H_SERS_H_Kit,NRC_Canadian_SERS,False,True,False,False
58.0,4_nitrophenol,session2_row371,session2_row388,Pendar-3,Mira-2,H_SERS_H_Kit,NRC_Canadian_SERS,True,True,False,True
58.0,4_nitrophenol,session2_row371,session2_row392,Pendar-3,RMX-1,H_SERS_H_Kit,NRC_Canadian_SERS,True,True,False,True
58.0,4_nitrophenol,session2_row371,session3_row57,Pendar-3,Pendar-2,H_SERS_H_Kit,H_SERS_H_Kit,True,False,True,False
58.0,4_nitrophenol,session2_row371,session3_row135,Pendar-3,RMX-1,H_SERS_H_Kit,H_SERS_H_Kit,True,False,True,False
58.0,4_nitrophenol,session2_row371,session3_row136,Pendar-3,Mira-2,H_SERS_H_Kit,H_SERS_H_Kit,True,False,True,False
58.0,4_nitrophenol,session2_row379,session2_row383,Mira-2,Pendar-3,H_SERS_H_Kit,NRC_Canadian_SERS,True,True,False,True
58.0,4_nitrophenol,session2_row379,session2_row388,Mira-2,Mira-2,H_SERS_H_Kit,NRC_Canadian_SERS,False,True,False,False
58.0,4_nitrophenol,session2_row379,session2_row392,Mira-2,RMX-1,H_SERS_H_Kit,NRC_Canadian_SERS,True,True,False,True
58.0,4_nitrophenol,session2_row379,session3_row57,Mira-2,Pendar-2,H_SERS_H_Kit,H_SERS_H_Kit,True,False,True,False
58.0,4_nitrophenol,session2_row379,session3_row135,Mira-2,RMX-1,H_SERS_H_Kit,H_SERS_H_Kit,True,False,True,False
58.0,4_nitrophenol,session2_row383,session2_row388,Pendar-3,Mira-2,NRC_Canadian_SERS,NRC_Canadian_SERS,True,False,True,False
58.0,4_nitrophenol,session2_row383,session2_row392,Pendar-3,RMX-1,NRC_Canadian_SERS,NRC_Canadian_SERS,True,False,True,False
58.0,4_nitrophenol,session2_row383,session3_row57,Pendar-3,Pendar-2,NRC_Canadian_SERS,H_SERS_H_Kit,True,True,False,True
58.0,4_nitrophenol,session2_row383,session3_row135,Pendar-3,RMX-1,NRC_Canadian_SERS,H_SERS_H_Kit,True,True,False,True
58.0,4_nitrophenol,session2_row383,session3_row136,Pendar-3,Mira-2,NRC_Canadian_SERS,H_SERS_H_Kit,True,True,False,True
58.0,4_nitrophenol,session2_row388,session2_row392,Mira-2,RMX-1,NRC_Canadian_SERS,NRC_Canadian_SERS,True,False,True,False
58.0,4_nitrophenol,session2_row388,session3_row57,Mira-2,Pendar-2,NRC_Canadian_SERS,H_SERS_H_Kit,True,True,False,True
58.0,4_nitrophenol,session2_row388,session3_row135,Mira-2,RMX-1,NRC_Canadian_SERS,H_SERS_H_Kit,True,True,False,True
58.0,4_nitrophenol,session2_row388,session3_row136,Mira-2,Mira-2,NRC_Canadian_SERS,H_SERS_H_Kit,False,True,False,False
58.0,4_nitrophenol,session2_row392,session3_row57,RMX-1,Pendar-2,NRC_Canadian_SERS,H_SERS_H_Kit,True,True,False,True
58.0,4_nitrophenol,session2_row392,session3_row135,RMX-1,RMX-1,NRC_Canadian_SERS,H_SERS_H_Kit,False,True,False,False
58.0,4_nitrophenol,session2_row392,session3_row136,RMX-1,Mira-2,NRC_Canadian_SERS,H_SERS_H_Kit,True,True,False,True
58.0,4_nitrophenol,session3_row57,session3_row135,Pendar-2,RMX-1,H_SERS_H_Kit,H_SERS_H_Kit,True,False,True,False
58.0,4_nitrophenol,session3_row57,session3_row136,Pendar-2,Mira-2,H_SERS_H_Kit,H_SERS_H_Kit,True,False,True,False
58.0,4_nitrophenol,session3_row135,session3_row136,RMX-1,Mira-2,H_SERS_H_Kit,H_SERS_H_Kit,True,False,True,False
59.0,4_nitrophenol,session1_row211,session1_row215,Pendar-2,RMX-1,H_SERS_H_Kit,H_SERS_H_Kit,True,False,True,False
59.0,4_nitrophenol,session1_row211,session1_row235,Pendar-2,Mira-2,H_SERS_H_Kit,H_SERS_H_Kit,True,False,True,False
59.0,4_nitrophenol,session1_row211,session1_row248,Pendar-2,Pendar-2,H_SERS_H_Kit,GaN_polymer,False,True,False,False
59.0,4_nitrophenol,session1_row211,session1_row249,Pendar-2,Pendar-2,H_SERS_H_Kit,GaN_polymer,False,True,False,False
59.0,4_nitrophenol,session1_row211,session2_row372,Pendar-2,RMX-1,H_SERS_H_Kit,H_SERS_H_Kit,True,False,True,False
59.0,4_nitrophenol,session1_row211,session2_row373,Pendar-2,Pendar-3,H_SERS_H_Kit,H_SERS_H_Kit,True,False,True,False
59.0,4_nitrophenol,session1_row211,session2_row376,Pendar-2,Pendar-3,H_SERS_H_Kit,H_SERS_H_Kit,True,False,True,False
59.0,4_nitrophenol,session1_row211,session2_row380,Pendar-2,Mira-2,H_SERS_H_Kit,H_SERS_H_Kit,True,False,True,False
59.0,4_nitrophenol,session1_row211,session2_row389,Pendar-2,Mira-2,H_SERS_H_Kit,NRC_Canadian_SERS,True,True,False,True
59.0,4_nitrophenol,session1_row211,session2_row394,Pendar-2,RMX-1,H_SERS_H_Kit,NRC_Canadian_SERS,True,True,False,True
59.0,4_nitrophenol,session1_row211,session3_row141,Pendar-2,Mira-2,H_SERS_H_Kit,H_SERS_H_Kit,True,False,True,False
59.0,4_nitrophenol,session1_row215,session1_row235,RMX-1,Mira-2,H_SERS_H_Kit,H_SERS_H_Kit,True,False,True,False
59.0,4_nitrophenol,session1_row215,session1_row248,RMX-1,Pendar-2,H_SERS_H_Kit,GaN_polymer,True,True,False,True
59.0,4_nitrophenol,session1_row215,session1_row249,RMX-1,Pendar-2,H_SERS_H_Kit,GaN_polymer,True,True,False,True
59.0,4_nitrophenol,session1_row215,session2_row373,RMX-1,Pendar-3,H_SERS_H_Kit,H_SERS_H_Kit,True,False,True,False
59.0,4_nitrophenol,session1_row215,session2_row376,RMX-1,Pendar-3,H_SERS_H_Kit,H_SERS_H_Kit,True,False,True,False
59.0,4_nitrophenol,session1_row215,session2_row380,RMX-1,Mira-2,H_SERS_H_Kit,H_SERS_H_Kit,True,False,True,False
59.0,4_nitrophenol,session1_row215,session2_row389,RMX-1,Mira-2,H_SERS_H_Kit,NRC_Canadian_SERS,True,True,False,True
59.0,4_nitrophenol,session1_row215,session2_row394,RMX-1,RMX-1,H_SERS_H_Kit,NRC_Canadian_SERS,False,True,False,False
59.0,4_nitrophenol,session1_row215,session3_row58,RMX-1,Pendar-2,H_SERS_H_Kit,H_SERS_H_Kit,True,False,True,False
59.0,4_nitrophenol,session1_row215,session3_row141,RMX-1,Mira-2,H_SERS_H_Kit,H_SERS_H_Kit,True,False,True,False
59.0,4_nitrophenol,session1_row235,session1_row248,Mira-2,Pendar-2,H_SERS_H_Kit,GaN_polymer,True,True,False,True
59.0,4_nitrophenol,session1_row235,session1_row249,Mira-2,Pendar-2,H_SERS_H_Kit,GaN_polymer,True,True,False,True
59.0,4_nitrophenol,session1_row235,session2_row372,Mira-2,RMX-1,H_SERS_H_Kit,H_SERS_H_Kit,True,False,True,False
59.0,4_nitrophenol,session1_row235,session2_row373,Mira-2,Pendar-3,H_SERS_H_Kit,H_SERS_H_Kit,True,False,True,False
59.0,4_nitrophenol,session1_row235,session2_row376,Mira-2,Pendar-3,H_SERS_H_Kit,H_SERS_H_Kit,True,False,True,False
59.0,4_nitrophenol,session1_row235,session2_row389,Mira-2,Mira-2,H_SERS_H_Kit,NRC_Canadian_SERS,False,True,False,False
59.0,4_nitrophenol,session1_row235,session2_row394,Mira-2,RMX-1,H_SERS_H_Kit,NRC_Canadian_SERS,True,True,False,True
59.0,4_nitrophenol,session1_row235,session3_row58,Mira-2,Pendar-2,H_SERS_H_Kit,H_SERS_H_Kit,True,False,True,False
59.0,4_nitrophenol,session1_row248,session2_row372,Pendar-2,RMX-1,GaN_polymer,H_SERS_H_Kit,True,True,False,True
59.0,4_nitrophenol,session1_row248,session2_row373,Pendar-2,Pendar-3,GaN_polymer,H_SERS_H_Kit,True,True,False,True
59.0,4_nitrophenol,session1_row248,session2_row376,Pendar-2,Pendar-3,GaN_polymer,H_SERS_H_Kit,True,True,False,True
59.0,4_nitrophenol,session1_row248,session2_row380,Pendar-2,Mira-2,GaN_polymer,H_SERS_H_Kit,True,True,False,True
59.0,4_nitrophenol,session1_row248,session2_row389,Pendar-2,Mira-2,GaN_polymer,NRC_Canadian_SERS,True,True,False,True
59.0,4_nitrophenol,session1_row248,session2_row394,Pendar-2,RMX-1,GaN_polymer,NRC_Canadian_SERS,True,True,False,True
59.0,4_nitrophenol,session1_row248,session3_row58,Pendar-2,Pendar-2,GaN_polymer,H_SERS_H_Kit,False,True,False,False
59.0,4_nitrophenol,session1_row248,session3_row141,Pendar-2,Mira-2,GaN_polymer,H_SERS_H_Kit,True,True,False,True
59.0,4_nitrophenol,session1_row249,session2_row372,Pendar-2,RMX-1,GaN_polymer,H_SERS_H_Kit,True,True,False,True
59.0,4_nitrophenol,session1_row249,session2_row373,Pendar-2,Pendar-3,GaN_polymer,H_SERS_H_Kit,True,True,False,True
59.0,4_nitrophenol,session1_row249,session2_row376,Pendar-2,Pendar-3,GaN_polymer,H_SERS_H_Kit,True,True,False,True
59.0,4_nitrophenol,session1_row249,session2_row380,Pendar-2,Mira-2,GaN_polymer,H_SERS_H_Kit,True,True,False,True
59.0,4_nitrophenol,session1_row249,session2_row389,Pendar-2,Mira-2,GaN_polymer,NRC_Canadian_SERS,True,True,False,True
59.0,4_nitrophenol,session1_row249,session2_row394,Pendar-2,RMX-1,GaN_polymer,NRC_Canadian_SERS,True,True,False,True
59.0,4_nitrophenol,session1_row249,session3_row58,Pendar-2,Pendar-2,GaN_polymer,H_SERS_H_Kit,False,True,False,False
59.0,4_nitrophenol,session1_row249,session3_row141,Pendar-2,Mira-2,GaN_polymer,H_SERS_H_Kit,True,True,False,True
59.0,4_nitrophenol,session2_row372,session2_row373,RMX-1,Pendar-3,H_SERS_H_Kit,H_SERS_H_Kit,True,False,True,False
59.0,4_nitrophenol,session2_row372,session2_row376,RMX-1,Pendar-3,H_SERS_H_Kit,H_SERS_H_Kit,True,False,True,False
59.0,4_nitrophenol,session2_row372,session2_row380,RMX-1,Mira-2,H_SERS_H_Kit,H_SERS_H_Kit,True,False,True,False
59.0,4_nitrophenol,session2_row372,session2_row389,RMX-1,Mira-2,H_SERS_H_Kit,NRC_Canadian_SERS,True,True,False,True
59.0,4_nitrophenol,session2_row372,session2_row394,RMX-1,RMX-1,H_SERS_H_Kit,NRC_Canadian_SERS,False,True,False,False
59.0,4_nitrophenol,session2_row372,session3_row58,RMX-1,Pendar-2,H_SERS_H_Kit,H_SERS_H_Kit,True,False,True,False
59.0,4_nitrophenol,session2_row372,session3_row141,RMX-1,Mira-2,H_SERS_H_Kit,H_SERS_H_Kit,True,False,True,False
59.0,4_nitrophenol,session2_row373,session2_row380,Pendar-3,Mira-2,H_SERS_H_Kit,H_SERS_H_Kit,True,False,True,False
59.0,4_nitrophenol,session2_row373,session2_row389,Pendar-3,Mira-2,H_SERS_H_Kit,NRC_Canadian_SERS,True,True,False,True
59.0,4_nitrophenol,session2_row373,session2_row394,Pendar-3,RMX-1,H_SERS_H_Kit,NRC_Canadian_SERS,True,True,False,True
59.0,4_nitrophenol,session2_row373,session3_row58,Pendar-3,Pendar-2,H_SERS_H_Kit,H_SERS_H_Kit,True,False,True,False
59.0,4_nitrophenol,session2_row373,session3_row141,Pendar-3,Mira-2,H_SERS_H_Kit,H_SERS_H_Kit,True,False,True,False
59.0,4_nitrophenol,session2_row376,session2_row380,Pendar-3,Mira-2,H_SERS_H_Kit,H_SERS_H_Kit,True,False,True,False
59.0,4_nitrophenol,session2_row376,session2_row389,Pendar-3,Mira-2,H_SERS_H_Kit,NRC_Canadian_SERS,True,True,False,True
59.0,4_nitrophenol,session2_row376,session2_row394,Pendar-3,RMX-1,H_SERS_H_Kit,NRC_Canadian_SERS,True,True,False,True
59.0,4_nitrophenol,session2_row376,session3_row58,Pendar-3,Pendar-2,H_SERS_H_Kit,H_SERS_H_Kit,True,False,True,False
59.0,4_nitrophenol,session2_row376,session3_row141,Pendar-3,Mira-2,H_SERS_H_Kit,H_SERS_H_Kit,True,False,True,False
59.0,4_nitrophenol,session2_row380,session2_row389,Mira-2,Mira-2,H_SERS_H_Kit,NRC_Canadian_SERS,False,True,False,False
59.0,4_nitrophenol,session2_row380,session2_row394,Mira-2,RMX-1,H_SERS_H_Kit,NRC_Canadian_SERS,True,True,False,True
59.0,4_nitrophenol,session2_row380,session3_row58,Mira-2,Pendar-2,H_SERS_H_Kit,H_SERS_H_Kit,True,False,True,False
59.0,4_nitrophenol,session2_row389,session2_row394,Mira-2,RMX-1,NRC_Canadian_SERS,NRC_Canadian_SERS,True,False,True,False
59.0,4_nitrophenol,session2_row389,session3_row58,Mira-2,Pendar-2,NRC_Canadian_SERS,H_SERS_H_Kit,True,True,False,True
59.0,4_nitrophenol,session2_row389,session3_row141,Mira-2,Mira-2,NRC_Canadian_SERS,H_SERS_H_Kit,False,True,False,False
59.0,4_nitrophenol,session2_row394,session3_row58,RMX-1,Pendar-2,NRC_Canadian_SERS,H_SERS_H_Kit,True,True,False,True
59.0,4_nitrophenol,session2_row394,session3_row141,RMX-1,Mira-2,NRC_Canadian_SERS,H_SERS_H_Kit,True,True,False,True
59.0,4_nitrophenol,session3_row58,session3_row141,Pendar-2,Mira-2,H_SERS_H_Kit,H_SERS_H_Kit,True,False,True,False
60.0,ethanol,session1_row212,session1_row236,Pendar-2,Mira-2,H_SERS_H_Kit,H_SERS_H_Kit,True,False,True,False
60.0,ethanol,session1_row212,session2_row374,Pendar-2,RMX-1,H_SERS_H_Kit,H_SERS_H_Kit,True,False,True,False
60.0,ethanol,session1_row212,session2_row375,Pendar-2,Pendar-3,H_SERS_H_Kit,H_SERS_H_Kit,True,False,True,False
60.0,ethanol,session1_row212,session2_row381,Pendar-2,Mira-2,H_SERS_H_Kit,H_SERS_H_Kit,True,False,True,False
60.0,ethanol,session1_row212,session2_row386,Pendar-2,Pendar-3,H_SERS_H_Kit,NRC_Canadian_SERS,True,True,False,True
60.0,ethanol,session1_row212,session2_row390,Pendar-2,RMX-1,H_SERS_H_Kit,NRC_Canadian_SERS,True,True,False,True
60.0,ethanol,session1_row212,session2_row391,Pendar-2,Mira-2,H_SERS_H_Kit,NRC_Canadian_SERS,True,True,False,True
60.0,ethanol,session1_row212,session3_row139,Pendar-2,Mira-2,H_SERS_H_Kit,H_SERS_H_Kit,True,False,True,False
60.0,ethanol,session1_row236,session2_row374,Mira-2,RMX-1,H_SERS_H_Kit,H_SERS_H_Kit,True,False,True,False
60.0,ethanol,session1_row236,session2_row375,Mira-2,Pendar-3,H_SERS_H_Kit,H_SERS_H_Kit,True,False,True,False
60.0,ethanol,session1_row236,session2_row386,Mira-2,Pendar-3,H_SERS_H_Kit,NRC_Canadian_SERS,True,True,False,True
60.0,ethanol,session1_row236,session2_row390,Mira-2,RMX-1,H_SERS_H_Kit,NRC_Canadian_SERS,True,True,False,True
60.0,ethanol,session1_row236,session2_row391,Mira-2,Mira-2,H_SERS_H_Kit,NRC_Canadian_SERS,False,True,False,False
60.0,ethanol,session1_row236,session3_row59,Mira-2,Pendar-2,H_SERS_H_Kit,H_SERS_H_Kit,True,False,True,False
60.0,ethanol,session2_row374,session2_row375,RMX-1,Pendar-3,H_SERS_H_Kit,H_SERS_H_Kit,True,False,True,False
60.0,ethanol,session2_row374,session2_row381,RMX-1,Mira-2,H_SERS_H_Kit,H_SERS_H_Kit,True,False,True,False
60.0,ethanol,session2_row374,session2_row386,RMX-1,Pendar-3,H_SERS_H_Kit,NRC_Canadian_SERS,True,True,False,True
60.0,ethanol,session2_row374,session2_row390,RMX-1,RMX-1,H_SERS_H_Kit,NRC_Canadian_SERS,False,True,False,False
60.0,ethanol,session2_row374,session2_row391,RMX-1,Mira-2,H_SERS_H_Kit,NRC_Canadian_SERS,True,True,False,True
60.0,ethanol,session2_row374,session3_row59,RMX-1,Pendar-2,H_SERS_H_Kit,H_SERS_H_Kit,True,False,True,False
60.0,ethanol,session2_row374,session3_row139,RMX-1,Mira-2,H_SERS_H_Kit,H_SERS_H_Kit,True,False,True,False
60.0,ethanol,session2_row375,session2_row381,Pendar-3,Mira-2,H_SERS_H_Kit,H_SERS_H_Kit,True,False,True,False
60.0,ethanol,session2_row375,session2_row386,Pendar-3,Pendar-3,H_SERS_H_Kit,NRC_Canadian_SERS,False,True,False,False
60.0,ethanol,session2_row375,session2_row390,Pendar-3,RMX-1,H_SERS_H_Kit,NRC_Canadian_SERS,True,True,False,True
60.0,ethanol,session2_row375,session2_row391,Pendar-3,Mira-2,H_SERS_H_Kit,NRC_Canadian_SERS,True,True,False,True
60.0,ethanol,session2_row375,session3_row59,Pendar-3,Pendar-2,H_SERS_H_Kit,H_SERS_H_Kit,True,False,True,False
60.0,ethanol,session2_row375,session3_row139,Pendar-3,Mira-2,H_SERS_H_Kit,H_SERS_H_Kit,True,False,True,False
60.0,ethanol,session2_row381,session2_row386,Mira-2,Pendar-3,H_SERS_H_Kit,NRC_Canadian_SERS,True,True,False,True
60.0,ethanol,session2_row381,session2_row390,Mira-2,RMX-1,H_SERS_H_Kit,NRC_Canadian_SERS,True,True,False,True
60.0,ethanol,session2_row381,session2_row391,Mira-2,Mira-2,H_SERS_H_Kit,NRC_Canadian_SERS,False,True,False,False
60.0,ethanol,session2_row381,session3_row59,Mira-2,Pendar-2,H_SERS_H_Kit,H_SERS_H_Kit,True,False,True,False
60.0,ethanol,session2_row386,session2_row390,Pendar-3,RMX-1,NRC_Canadian_SERS,NRC_Canadian_SERS,True,False,True,False
60.0,ethanol,session2_row386,session2_row391,Pendar-3,Mira-2,NRC_Canadian_SERS,NRC_Canadian_SERS,True,False,True,False
60.0,ethanol,session2_row386,session3_row59,Pendar-3,Pendar-2,NRC_Canadian_SERS,H_SERS_H_Kit,True,True,False,True
60.0,ethanol,session2_row386,session3_row139,Pendar-3,Mira-2,NRC_Canadian_SERS,H_SERS_H_Kit,True,True,False,True
60.0,ethanol,session2_row390,session2_row391,RMX-1,Mira-2,NRC_Canadian_SERS,NRC_Canadian_SERS,True,False,True,False
60.0,ethanol,session2_row390,session3_row59,RMX-1,Pendar-2,NRC_Canadian_SERS,H_SERS_H_Kit,True,True,False,True
60.0,ethanol,session2_row390,session3_row139,RMX-1,Mira-2,NRC_Canadian_SERS,H_SERS_H_Kit,True,True,False,True
60.0,ethanol,session2_row391,session3_row59,Mira-2,Pendar-2,NRC_Canadian_SERS,H_SERS_H_Kit,True,True,False,True
60.0,ethanol,session2_row391,session3_row139,Mira-2,Mira-2,NRC_Canadian_SERS,H_SERS_H_Kit,False,True,False,False
60.0,ethanol,session3_row59,session3_row139,Pendar-2,Mira-2,H_SERS_H_Kit,H_SERS_H_Kit,True,False,True,False
61.0,ethyl_paraoxon,session1_row213,session1_row237,Pendar-2,Mira-2,H_SERS_H_Kit,H_SERS_H_Kit,True,False,True,False
61.0,ethyl_paraoxon,session1_row213,session2_row377,Pendar-2,RMX-1,H_SERS_H_Kit,H_SERS_H_Kit,True,False,True,False
61.0,ethyl_paraoxon,session1_row213,session2_row378,Pendar-2,Pendar-3,H_SERS_H_Kit,H_SERS_H_Kit,True,False,True,False
61.0,ethyl_paraoxon,session1_row213,session2_row382,Pendar-2,Mira-2,H_SERS_H_Kit,H_SERS_H_Kit,True,False,True,False
61.0,ethyl_paraoxon,session1_row213,session2_row385,Pendar-2,Mira-2,H_SERS_H_Kit,NRC_Canadian_SERS,True,True,False,True
61.0,ethyl_paraoxon,session1_row213,session2_row387,Pendar-2,Pendar-3,H_SERS_H_Kit,NRC_Canadian_SERS,True,True,False,True
61.0,ethyl_paraoxon,session1_row213,session2_row393,Pendar-2,Mira-2,H_SERS_H_Kit,NRC_Canadian_SERS,True,True,False,True
61.0,ethyl_paraoxon,session1_row213,session2_row395,Pendar-2,RMX-1,H_SERS_H_Kit,NRC_Canadian_SERS,True,True,False,True
61.0,ethyl_paraoxon,session1_row213,session3_row128,Pendar-2,RMX-1,H_SERS_H_Kit,H_SERS_H_Kit,True,False,True,False
61.0,ethyl_paraoxon,session1_row213,session3_row129,Pendar-2,Mira-2,H_SERS_H_Kit,H_SERS_H_Kit,True,False,True,False
61.0,ethyl_paraoxon,session1_row213,session3_row142,Pendar-2,RMX-1,H_SERS_H_Kit,H_SERS_H_Kit,True,False,True,False
61.0,ethyl_paraoxon,session1_row213,session3_row143,Pendar-2,Mira-2,H_SERS_H_Kit,H_SERS_H_Kit,True,False,True,False
61.0,ethyl_paraoxon,session1_row237,session2_row377,Mira-2,RMX-1,H_SERS_H_Kit,H_SERS_H_Kit,True,False,True,False
61.0,ethyl_paraoxon,session1_row237,session2_row378,Mira-2,Pendar-3,H_SERS_H_Kit,H_SERS_H_Kit,True,False,True,False
61.0,ethyl_paraoxon,session1_row237,session2_row385,Mira-2,Mira-2,H_SERS_H_Kit,NRC_Canadian_SERS,False,True,False,False
61.0,ethyl_paraoxon,session1_row237,session2_row387,Mira-2,Pendar-3,H_SERS_H_Kit,NRC_Canadian_SERS,True,True,False,True
61.0,ethyl_paraoxon,session1_row237,session2_row393,Mira-2,Mira-2,H_SERS_H_Kit,NRC_Canadian_SERS,False,True,False,False
61.0,ethyl_paraoxon,session1_row237,session2_row395,Mira-2,RMX-1,H_SERS_H_Kit,NRC_Canadian_SERS,True,True,False,True
61.0,ethyl_paraoxon,session1_row237,session3_row60,Mira-2,Pendar-2,H_SERS_H_Kit,H_SERS_H_Kit,True,False,True,False
61.0,ethyl_paraoxon,session1_row237,session3_row128,Mira-2,RMX-1,H_SERS_H_Kit,H_SERS_H_Kit,True,False,True,False
61.0,ethyl_paraoxon,session1_row237,session3_row142,Mira-2,RMX-1,H_SERS_H_Kit,H_SERS_H_Kit,True,False,True,False
61.0,ethyl_paraoxon,session2_row377,session2_row378,RMX-1,Pendar-3,H_SERS_H_Kit,H_SERS_H_Kit,True,False,True,False
61.0,ethyl_paraoxon,session2_row377,session2_row382,RMX-1,Mira-2,H_SERS_H_Kit,H_SERS_H_Kit,True,False,True,False
61.0,ethyl_paraoxon,session2_row377,session2_row385,RMX-1,Mira-2,H_SERS_H_Kit,NRC_Canadian_SERS,True,True,False,True
61.0,ethyl_paraoxon,session2_row377,session2_row387,RMX-1,Pendar-3,H_SERS_H_Kit,NRC_Canadian_SERS,True,True,False,True
61.0,ethyl_paraoxon,session2_row377,session2_row393,RMX-1,Mira-2,H_SERS_H_Kit,NRC_Canadian_SERS,True,True,False,True
61.0,ethyl_paraoxon,session2_row377,session2_row395,RMX-1,RMX-1,H_SERS_H_Kit,NRC_Canadian_SERS,False,True,False,False
61.0,ethyl_paraoxon,session2_row377,session3_row60,RMX-1,Pendar-2,H_SERS_H_Kit,H_SERS_H_Kit,True,False,True,False
61.0,ethyl_paraoxon,session2_row377,session3_row129,RMX-1,Mira-2,H_SERS_H_Kit,H_SERS_H_Kit,True,False,True,False
61.0,ethyl_paraoxon,session2_row377,session3_row143,RMX-1,Mira-2,H_SERS_H_Kit,H_SERS_H_Kit,True,False,True,False
61.0,ethyl_paraoxon,session2_row378,session2_row382,Pendar-3,Mira-2,H_SERS_H_Kit,H_SERS_H_Kit,True,False,True,False
61.0,ethyl_paraoxon,session2_row378,session2_row385,Pendar-3,Mira-2,H_SERS_H_Kit,NRC_Canadian_SERS,True,True,False,True
61.0,ethyl_paraoxon,session2_row378,session2_row387,Pendar-3,Pendar-3,H_SERS_H_Kit,NRC_Canadian_SERS,False,True,False,False
61.0,ethyl_paraoxon,session2_row378,session2_row393,Pendar-3,Mira-2,H_SERS_H_Kit,NRC_Canadian_SERS,True,True,False,True
61.0,ethyl_paraoxon,session2_row378,session2_row395,Pendar-3,RMX-1,H_SERS_H_Kit,NRC_Canadian_SERS,True,True,False,True
61.0,ethyl_paraoxon,session2_row378,session3_row60,Pendar-3,Pendar-2,H_SERS_H_Kit,H_SERS_H_Kit,True,False,True,False
61.0,ethyl_paraoxon,session2_row378,session3_row128,Pendar-3,RMX-1,H_SERS_H_Kit,H_SERS_H_Kit,True,False,True,False
61.0,ethyl_paraoxon,session2_row378,session3_row129,Pendar-3,Mira-2,H_SERS_H_Kit,H_SERS_H_Kit,True,False,True,False
61.0,ethyl_paraoxon,session2_row378,session3_row142,Pendar-3,RMX-1,H_SERS_H_Kit,H_SERS_H_Kit,True,False,True,False
61.0,ethyl_paraoxon,session2_row378,session3_row143,Pendar-3,Mira-2,H_SERS_H_Kit,H_SERS_H_Kit,True,False,True,False
61.0,ethyl_paraoxon,session2_row382,session2_row385,Mira-2,Mira-2,H_SERS_H_Kit,NRC_Canadian_SERS,False,True,False,False
61.0,ethyl_paraoxon,session2_row382,session2_row387,Mira-2,Pendar-3,H_SERS_H_Kit,NRC_Canadian_SERS,True,True,False,True
61.0,ethyl_paraoxon,session2_row382,session2_row393,Mira-2,Mira-2,H_SERS_H_Kit,NRC_Canadian_SERS,False,True,False,False
61.0,ethyl_paraoxon,session2_row382,session2_row395,Mira-2,RMX-1,H_SERS_H_Kit,NRC_Canadian_SERS,True,True,False,True
61.0,ethyl_paraoxon,session2_row382,session3_row60,Mira-2,Pendar-2,H_SERS_H_Kit,H_SERS_H_Kit,True,False,True,False
61.0,ethyl_paraoxon,session2_row382,session3_row128,Mira-2,RMX-1,H_SERS_H_Kit,H_SERS_H_Kit,True,False,True,False
61.0,ethyl_paraoxon,session2_row382,session3_row142,Mira-2,RMX-1,H_SERS_H_Kit,H_SERS_H_Kit,True,False,True,False
61.0,ethyl_paraoxon,session2_row385,session2_row387,Mira-2,Pendar-3,NRC_Canadian_SERS,NRC_Canadian_SERS,True,False,True,False
61.0,ethyl_paraoxon,session2_row385,session2_row395,Mira-2,RMX-1,NRC_Canadian_SERS,NRC_Canadian_SERS,True,False,True,False
61.0,ethyl_paraoxon,session2_row385,session3_row60,Mira-2,Pendar-2,NRC_Canadian_SERS,H_SERS_H_Kit,True,True,False,True
61.0,ethyl_paraoxon,session2_row385,session3_row128,Mira-2,RMX-1,NRC_Canadian_SERS,H_SERS_H_Kit,True,True,False,True
61.0,ethyl_paraoxon,session2_row385,session3_row129,Mira-2,Mira-2,NRC_Canadian_SERS,H_SERS_H_Kit,False,True,False,False
61.0,ethyl_paraoxon,session2_row385,session3_row142,Mira-2,RMX-1,NRC_Canadian_SERS,H_SERS_H_Kit,True,True,False,True
61.0,ethyl_paraoxon,session2_row385,session3_row143,Mira-2,Mira-2,NRC_Canadian_SERS,H_SERS_H_Kit,False,True,False,False
61.0,ethyl_paraoxon,session2_row387,session2_row393,Pendar-3,Mira-2,NRC_Canadian_SERS,NRC_Canadian_SERS,True,False,True,False
61.0,ethyl_paraoxon,session2_row387,session2_row395,Pendar-3,RMX-1,NRC_Canadian_SERS,NRC_Canadian_SERS,True,False,True,False
61.0,ethyl_paraoxon,session2_row387,session3_row60,Pendar-3,Pendar-2,NRC_Canadian_SERS,H_SERS_H_Kit,True,True,False,True
61.0,ethyl_paraoxon,session2_row387,session3_row128,Pendar-3,RMX-1,NRC_Canadian_SERS,H_SERS_H_Kit,True,True,False,True
61.0,ethyl_paraoxon,session2_row387,session3_row129,Pendar-3,Mira-2,NRC_Canadian_SERS,H_SERS_H_Kit,True,True,False,True
61.0,ethyl_paraoxon,session2_row387,session3_row142,Pendar-3,RMX-1,NRC_Canadian_SERS,H_SERS_H_Kit,True,True,False,True
61.0,ethyl_paraoxon,session2_row387,session3_row143,Pendar-3,Mira-2,NRC_Canadian_SERS,H_SERS_H_Kit,True,True,False,True
61.0,ethyl_paraoxon,session2_row393,session2_row395,Mira-2,RMX-1,NRC_Canadian_SERS,NRC_Canadian_SERS,True,False,True,False
61.0,ethyl_paraoxon,session2_row393,session3_row60,Mira-2,Pendar-2,NRC_Canadian_SERS,H_SERS_H_Kit,True,True,False,True
61.0,ethyl_paraoxon,session2_row393,session3_row128,Mira-2,RMX-1,NRC_Canadian_SERS,H_SERS_H_Kit,True,True,False,True
61.0,ethyl_paraoxon,session2_row393,session3_row129,Mira-2,Mira-2,NRC_Canadian_SERS,H_SERS_H_Kit,False,True,False,False
61.0,ethyl_paraoxon,session2_row393,session3_row142,Mira-2,RMX-1,NRC_Canadian_SERS,H_SERS_H_Kit,True,True,False,True
61.0,ethyl_paraoxon,session2_row393,session3_row143,Mira-2,Mira-2,NRC_Canadian_SERS,H_SERS_H_Kit,False,True,False,False
61.0,ethyl_paraoxon,session2_row395,session3_row60,RMX-1,Pendar-2,NRC_Canadian_SERS,H_SERS_H_Kit,True,True,False,True
61.0,ethyl_paraoxon,session2_row395,session3_row128,RMX-1,RMX-1,NRC_Canadian_SERS,H_SERS_H_Kit,False,True,False,False
61.0,ethyl_paraoxon,session2_row395,session3_row129,RMX-1,Mira-2,NRC_Canadian_SERS,H_SERS_H_Kit,True,True,False,True
61.0,ethyl_paraoxon,session2_row395,session3_row142,RMX-1,RMX-1,NRC_Canadian_SERS,H_SERS_H_Kit,False,True,False,False
61.0,ethyl_paraoxon,session2_row395,session3_row143,RMX-1,Mira-2,NRC_Canadian_SERS,H_SERS_H_Kit,True,True,False,True
61.0,ethyl_paraoxon,session3_row60,session3_row128,Pendar-2,RMX-1,H_SERS_H_Kit,H_SERS_H_Kit,True,False,True,False
61.0,ethyl_paraoxon,session3_row60,session3_row129,Pendar-2,Mira-2,H_SERS_H_Kit,H_SERS_H_Kit,True,False,True,False
61.0,ethyl_paraoxon,session3_row60,session3_row142,Pendar-2,RMX-1,H_SERS_H_Kit,H_SERS_H_Kit,True,False,True,False
61.0,ethyl_paraoxon,session3_row60,session3_row143,Pendar-2,Mira-2,H_SERS_H_Kit,H_SERS_H_Kit,True,False,True,False
61.0,ethyl_paraoxon,session3_row128,session3_row129,RMX-1,Mira-2,H_SERS_H_Kit,H_SERS_H_Kit,True,False,True,False
61.0,ethyl_paraoxon,session3_row128,session3_row143,RMX-1,Mira-2,H_SERS_H_Kit,H_SERS_H_Kit,True,False,True,False
61.0,ethyl_paraoxon,session3_row129,session3_row142,Mira-2,RMX-1,H_SERS_H_Kit,H_SERS_H_Kit,True,False,True,False
61.0,ethyl_paraoxon,session3_row142,session3_row143,RMX-1,Mira-2,H_SERS_H_Kit,H_SERS_H_Kit,True,False,True,False
62.0,4_nitrophenol,session1_row250,session1_row254,RMX-1,Mira-2,H_SERS_H_Kit,H_SERS_H_Kit,True,False,True,False
62.0,4_nitrophenol,session1_row250,session1_row258,RMX-1,Pendar-2,H_SERS_H_Kit,H_SERS_H_Kit,True,False,True,False
62.0,4_nitrophenol,session1_row250,session3_row69,RMX-1,Pendar-2,H_SERS_H_Kit,H_SERS_H_Kit,True,False,True,False
62.0,4_nitrophenol,session1_row250,session3_row70,RMX-1,Pendar-2,H_SERS_H_Kit,H_SERS_H_Kit,True,False,True,False
62.0,4_nitrophenol,session1_row250,session3_row99,RMX-1,Mira-2,H_SERS_H_Kit,H_SERS_H_Kit,True,False,True,False
62.0,4_nitrophenol,session1_row254,session1_row258,Mira-2,Pendar-2,H_SERS_H_Kit,H_SERS_H_Kit,True,False,True,False
62.0,4_nitrophenol,session1_row254,session3_row69,Mira-2,Pendar-2,H_SERS_H_Kit,H_SERS_H_Kit,True,False,True,False
62.0,4_nitrophenol,session1_row254,session3_row70,Mira-2,Pendar-2,H_SERS_H_Kit,H_SERS_H_Kit,True,False,True,False
62.0,4_nitrophenol,session1_row254,session3_row98,Mira-2,RMX-1,H_SERS_H_Kit,H_SERS_H_Kit,True,False,True,False
62.0,4_nitrophenol,session1_row258,session3_row98,Pendar-2,RMX-1,H_SERS_H_Kit,H_SERS_H_Kit,True,False,True,False
62.0,4_nitrophenol,session1_row258,session3_row99,Pendar-2,Mira-2,H_SERS_H_Kit,H_SERS_H_Kit,True,False,True,False
62.0,4_nitrophenol,session3_row69,session3_row98,Pendar-2,RMX-1,H_SERS_H_Kit,H_SERS_H_Kit,True,False,True,False
62.0,4_nitrophenol,session3_row69,session3_row99,Pendar-2,Mira-2,H_SERS_H_Kit,H_SERS_H_Kit,True,False,True,False
62.0,4_nitrophenol,session3_row70,session3_row98,Pendar-2,RMX-1,H_SERS_H_Kit,H_SERS_H_Kit,True,False,True,False
62.0,4_nitrophenol,session3_row70,session3_row99,Pendar-2,Mira-2,H_SERS_H_Kit,H_SERS_H_Kit,True,False,True,False
62.0,4_nitrophenol,session3_row98,session3_row99,RMX-1,Mira-2,H_SERS_H_Kit,H_SERS_H_Kit,True,False,True,False
63.0,ethanol,session1_row255,session1_row259,Mira-2,Pendar-2,H_SERS_H_Kit,H_SERS_H_Kit,True,False,True,False
63.0,ethanol,session1_row255,session3_row71,Mira-2,Pendar-2,H_SERS_H_Kit,H_SERS_H_Kit,True,False,True,False
63.0,ethanol,session1_row259,session3_row103,Pendar-2,Mira-2,H_SERS_H_Kit,H_SERS_H_Kit,True,False,True,False
63.0,ethanol,session3_row71,session3_row103,Pendar-2,Mira-2,H_SERS_H_Kit,H_SERS_H_Kit,True,False,True,False
64.0,ethanol,session1_row256,session1_row260,Mira-2,Pendar-2,H_SERS_H_Kit,H_SERS_H_Kit,True,False,True,False
64.0,ethanol,session1_row256,session3_row73,Mira-2,Pendar-2,H_SERS_H_Kit,H_SERS_H_Kit,True,False,True,False
64.0,ethanol,session1_row260,session3_row101,Pendar-2,Mira-2,H_SERS_H_Kit,H_SERS_H_Kit,True,False,True,False
64.0,ethanol,session3_row73,session3_row101,Pendar-2,Mira-2,H_SERS_H_Kit,H_SERS_H_Kit,True,False,True,False
65.0,ethyl_paraoxon,session1_row257,session1_row261,Mira-2,Pendar-2,H_SERS_H_Kit,H_SERS_H_Kit,True,False,True,False
65.0,ethyl_paraoxon,session1_row257,session3_row74,Mira-2,Pendar-2,H_SERS_H_Kit,H_SERS_H_Kit,True,False,True,False
65.0,ethyl_paraoxon,session1_row261,session3_row105,Pendar-2,Mira-2,H_SERS_H_Kit,H_SERS_H_Kit,True,False,True,False
65.0,ethyl_paraoxon,session3_row74,session3_row105,Pendar-2,Mira-2,H_SERS_H_Kit,H_SERS_H_Kit,True,False,True,False
66.0,ethyl_paraoxon,session3_row82,session3_row162,Pendar-2,Mira-2,H_SERS_H_Kit,H_SERS_H_Kit,True,False,True,False
67.0,4_nitrophenol,session3_row83,session3_row166,Pendar-2,RMX-1,H_SERS_H_Kit,H_SERS_H_Kit,True,False,True,False
67.0,4_nitrophenol,session3_row83,session3_row167,Pendar-2,Mira-2,H_SERS_H_Kit,H_SERS_H_Kit,True,False,True,False
67.0,4_nitrophenol,session3_row166,session3_row167,RMX-1,Mira-2,H_SERS_H_Kit,H_SERS_H_Kit,True,False,True,False
68.0,ethyl_paraoxon,session3_row84,session3_row169,Pendar-2,Mira-2,H_SERS_H_Kit,H_SERS_H_Kit,True,False,True,False
69.0,ethanol,session3_row86,session3_row164,Pendar-2,Mira-2,H_SERS_H_Kit,H_SERS_H_Kit,True,False,True,False
69.0,ethanol,session3_row86,session3_row165,Pendar-2,Mira-2,H_SERS_H_Kit,H_SERS_H_Kit,True,False,True,False
70.0,ethanol,session3_row93,session3_row149,Pendar-2,Mira-2,H_SERS_H_Kit,H_SERS_H_Kit,True,False,True,False
70.0,ethanol,session3_row93,session3_row154,Pendar-2,RMX-1,H_SERS_H_Kit,H_SERS_H_Kit,True,False,True,False
70.0,ethanol,session3_row149,session3_row154,Mira-2,RMX-1,H_SERS_H_Kit,H_SERS_H_Kit,True,False,True,False
71.0,ethyl_paraoxon,session3_row94,session3_row150,Pendar-2,Mira-2,H_SERS_H_Kit,H_SERS_H_Kit,True,False,True,False
71.0,ethyl_paraoxon,session3_row94,session3_row156,Pendar-2,RMX-1,H_SERS_H_Kit,H_SERS_H_Kit,True,False,True,False
71.0,ethyl_paraoxon,session3_row150,session3_row156,Mira-2,RMX-1,H_SERS_H_Kit,H_SERS_H_Kit,True,False,True,False
72.0,4_nitrophenol,session3_row95,session3_row147,Pendar-2,Mira-2,H_SERS_H_Kit,H_SERS_H_Kit,True,False,True,False
72.0,4_nitrophenol,session3_row95,session3_row159,Pendar-2,RMX-1,H_SERS_H_Kit,H_SERS_H_Kit,True,False,True,False
72.0,4_nitrophenol,session3_row147,session3_row159,Mira-2,RMX-1,H_SERS_H_Kit,H_SERS_H_Kit,True,False,True,False
73.0,ethanol,session3_row96,session3_row146,Pendar-2,Mira-2,H_SERS_H_Kit,H_SERS_H_Kit,True,False,True,False
73.0,ethanol,session3_row96,session3_row148,Pendar-2,Mira-2,H_SERS_H_Kit,H_SERS_H_Kit,True,False,True,False
73.0,ethanol,session3_row96,session3_row157,Pendar-2,RMX-1,H_SERS_H_Kit,H_SERS_H_Kit,True,False,True,False
73.0,ethanol,session3_row146,session3_row157,Mira-2,RMX-1,H_SERS_H_Kit,H_SERS_H_Kit,True,False,True,False
73.0,ethanol,session3_row148,session3_row157,Mira-2,RMX-1,H_SERS_H_Kit,H_SERS_H_Kit,True,False,True,False
