sample_id,dataset,source,true_labels,predicted_labels,coef_1,coef_2,residual_norm
existing/0,existing_real,existing_real,6-mercapto-1-hexanol + benzene,6-mercapto-1-hexanol + benzene,1.7680597235444202,0.470174581902337,2676.9352633609597
existing/1,existing_real,existing_real,6-mercapto-1-hexanol + benzene,6-mercapto-1-hexanol + benzene,1.7061030826467432,0.46360229645327794,2463.48802677718
existing/2,existing_real,existing_real,6-mercapto-1-hexanol + benzene,6-mercapto-1-hexanol + benzene,1.7002406377711985,0.45723414992993666,2382.4164310440765
existing/3,existing_real,existing_real,6-mercapto-1-hexanol + benzene,6-mercapto-1-hexanol + benzene,1.7232349568362035,0.4610084321130566,2511.5618122555593
existing/4,existing_real,existing_real,6-mercapto-1-hexanol + benzene,6-mercapto-1-hexanol + benzene,1.7770347968720548,0.4637852538664038,2250.23816339587
existing/5,existing_real,existing_real,6-mercapto-1-hexanol + benzene,6-mercapto-1-hexanol + benzene,1.708461880551786,0.4500902028044834,2198.520141950338
existing/6,existing_real,existing_real,6-mercapto-1-hexanol + benzene,6-mercapto-1-hexanol + benzene,1.8735100908153817,0.4622066613478983,2319.8195621197146
existing/7,existing_real,existing_real,6-mercapto-1-hexanol + benzene,6-mercapto-1-hexanol + benzene,1.7046201866458917,0.45178288839900477,2152.8680253772773
existing/8,existing_real,existing_real,6-mercapto-1-hexanol + benzene,6-mercapto-1-hexanol + benzene,1.7145011433627233,0.45739712802714566,2169.1197659906693
existing/9,existing_real,existing_real,6-mercapto-1-hexanol + benzene,6-mercapto-1-hexanol + benzene,1.7118931571696214,0.45270826040094725,2226.9382386807483
existing/10,existing_real,existing_real,6-mercapto-1-hexanol + benzene,6-mercapto-1-hexanol + benzene,1.7597275288327812,0.45413184718414573,1959.4292600869635
existing/11,existing_real,existing_real,6-mercapto-1-hexanol + benzene,6-mercapto-1-hexanol + benzene,1.7376811911403443,0.47456677420896726,2652.1820202678086
existing/12,existing_real,existing_real,6-mercapto-1-hexanol + benzene,6-mercapto-1-hexanol + benzene,1.7319010654803497,0.450022969703709,1868.5558659909689
existing/13,existing_real,existing_real,6-mercapto-1-hexanol + benzene,6-mercapto-1-hexanol + benzene,1.736418653132112,0.45157488466313683,1905.509338624164
existing/14,existing_real,existing_real,6-mercapto-1-hexanol + benzene,6-mercapto-1-hexanol + benzene,1.7300676198698155,0.44868275313061795,1883.2929134872593
existing/15,existing_real,existing_real,6-mercapto-1-hexanol + benzene,6-mercapto-1-hexanol + benzene,1.708222767892981,0.44510797331019686,1851.5280186565244
existing/16,existing_real,existing_real,6-mercapto-1-hexanol + benzene,6-mercapto-1-hexanol + benzene,1.7379914563214125,0.44818500386661336,1851.3938152936546
existing/17,existing_real,existing_real,6-mercapto-1-hexanol + benzene,6-mercapto-1-hexanol + benzene,1.7315394784633606,0.44505435391499293,1652.8128388763105
existing/18,existing_real,existing_real,6-mercapto-1-hexanol + benzene,6-mercapto-1-hexanol + benzene,1.7002610466564425,0.44639491294828804,1624.4497455047238
existing/19,existing_real,existing_real,6-mercapto-1-hexanol + benzene,6-mercapto-1-hexanol + benzene,1.6924875222401625,0.4473549317447599,1627.637220210477
existing/20,existing_real,existing_real,6-mercapto-1-hexanol + benzene,6-mercapto-1-hexanol + benzene,1.6918752920547206,0.4418536443929125,1562.3473730567553
existing/21,existing_real,existing_real,6-mercapto-1-hexanol + benzene,6-mercapto-1-hexanol + benzene,1.714224100364746,0.44465356394061334,1591.3502275927729
existing/22,existing_real,existing_real,6-mercapto-1-hexanol + benzene,6-mercapto-1-hexanol + benzene,1.7269460637777307,0.4745388075821312,2645.550212947557
existing/23,existing_real,existing_real,6-mercapto-1-hexanol + benzene,6-mercapto-1-hexanol + benzene,1.7050092643228763,0.447620139474564,1575.2475855457553
existing/24,existing_real,existing_real,6-mercapto-1-hexanol + benzene,6-mercapto-1-hexanol + benzene,1.7260216300061841,0.45488552590712616,1495.046769347756
existing/25,existing_real,existing_real,6-mercapto-1-hexanol + benzene,6-mercapto-1-hexanol + benzene,1.6811462919581963,0.4507775754250368,1478.5469983897062
existing/26,existing_real,existing_real,6-mercapto-1-hexanol + benzene,6-mercapto-1-hexanol + benzene,1.6809771535351241,0.4547499929680552,1418.355594738505
existing/27,existing_real,existing_real,6-mercapto-1-hexanol + benzene,6-mercapto-1-hexanol + benzene,1.6808051934003838,0.45200246329240074,1395.6212644285154
existing/28,existing_real,existing_real,6-mercapto-1-hexanol + benzene,6-mercapto-1-hexanol + benzene,1.782037889564827,0.45348711092701394,1438.1181484548024
existing/29,existing_real,existing_real,6-mercapto-1-hexanol + benzene,6-mercapto-1-hexanol + benzene,1.6908636582907315,0.45488523164765987,1386.1373846785839
existing/30,existing_real,existing_real,6-mercapto-1-hexanol + benzene,6-mercapto-1-hexanol + benzene,1.7259782530588783,0.47243984467079697,2584.220552703495
existing/31,existing_real,existing_real,6-mercapto-1-hexanol + benzene,6-mercapto-1-hexanol + benzene,1.7249950733345525,0.4705069006160068,2590.2031609508867
existing/32,existing_real,existing_real,6-mercapto-1-hexanol + benzene,6-mercapto-1-hexanol + benzene,1.7233734751838723,0.46979733143428826,2609.1722619850225
existing/33,existing_real,existing_real,6-mercapto-1-hexanol + benzene,6-mercapto-1-hexanol + benzene,1.7526490102282632,0.46256692945015526,2436.198999742381
existing/34,existing_real,existing_real,6-mercapto-1-hexanol + benzene,6-mercapto-1-hexanol + benzene,1.7151834978839133,0.4669525185355564,2466.166956754116
existing/35,existing_real,existing_real,6-mercapto-1-hexanol + benzene,6-mercapto-1-hexanol + benzene,1.707564342096968,0.4663193978953277,2436.2862573043235
existing/36,existing_real,existing_real,6-mercapto-1-hexanol + pyridine,benzenethiol + pyridine,0.4115738413102823,1.408959164591991,2378.038553744989
existing/37,existing_real,existing_real,6-mercapto-1-hexanol + pyridine,benzenethiol + pyridine,0.4043992425803968,1.407336620520833,2353.201371084085
existing/38,existing_real,existing_real,6-mercapto-1-hexanol + pyridine,benzenethiol + pyridine,0.40701427169076676,1.418067928608956,2369.9620612006725
existing/39,existing_real,existing_real,6-mercapto-1-hexanol + pyridine,benzenethiol + pyridine,0.3923435101373099,1.4129327855991072,2341.2778029717947
existing/40,existing_real,existing_real,6-mercapto-1-hexanol + pyridine,benzenethiol + pyridine,0.41230706978777976,1.411758845784369,2316.393721392779
existing/41,existing_real,existing_real,6-mercapto-1-hexanol + pyridine,benzenethiol + pyridine,0.40440196474728274,1.4082612719637257,2328.23466792831
existing/42,existing_real,existing_real,6-mercapto-1-hexanol + pyridine,benzenethiol + pyridine,0.39659999241808946,1.4117613479405087,2326.9812045749563
existing/43,existing_real,existing_real,6-mercapto-1-hexanol + pyridine,benzenethiol + pyridine,0.3848357738689997,1.4119485636032474,2293.4435896182836
existing/44,existing_real,existing_real,6-mercapto-1-hexanol + pyridine,benzenethiol + pyridine,0.3901364793371523,1.4046563460723553,2298.649487578046
existing/45,existing_real,existing_real,6-mercapto-1-hexanol + pyridine,benzenethiol + pyridine,0.3992573569399199,1.4115104135221967,2289.8632091412433
existing/46,existing_real,existing_real,6-mercapto-1-hexanol + pyridine,benzenethiol + pyridine,0.4302472504886035,1.4250496661917529,2293.751263356608
existing/47,existing_real,existing_real,6-mercapto-1-hexanol + pyridine,benzenethiol + pyridine,0.38967771863287143,1.4025604163055023,2359.8910184110837
existing/48,existing_real,existing_real,6-mercapto-1-hexanol + pyridine,benzenethiol + pyridine,0.4089870518375365,1.4147172112196296,2282.676673582162
existing/49,existing_real,existing_real,6-mercapto-1-hexanol + pyridine,benzenethiol + pyridine,0.40609071402660013,1.4108864980324125,2294.7466238306233
existing/50,existing_real,existing_real,6-mercapto-1-hexanol + pyridine,benzenethiol + pyridine,0.4084926302358511,1.4186114128904,2280.5689012620137
existing/51,existing_real,existing_real,6-mercapto-1-hexanol + pyridine,benzenethiol + pyridine,0.4078987559813229,1.423076653609072,2275.480428854358
existing/52,existing_real,existing_real,6-mercapto-1-hexanol + pyridine,benzenethiol + pyridine,0.4019114000126855,1.4123548076714743,2253.905178778826
existing/53,existing_real,existing_real,6-mercapto-1-hexanol + pyridine,benzenethiol + pyridine,0.43317521605466386,1.4180615322867796,2213.0874767586533
existing/54,existing_real,existing_real,6-mercapto-1-hexanol + pyridine,benzenethiol + pyridine,0.41105777568339086,1.420688688545339,2207.2887955968336
existing/55,existing_real,existing_real,6-mercapto-1-hexanol + pyridine,benzenethiol + pyridine,0.40518335785744514,1.4201341472245406,2222.400465480191
existing/56,existing_real,existing_real,6-mercapto-1-hexanol + pyridine,benzenethiol + pyridine,0.40746371001872167,1.4218482111476216,2213.9580783428005
existing/57,existing_real,existing_real,6-mercapto-1-hexanol + pyridine,benzenethiol + pyridine,0.4142809905644248,1.4179369356682598,2214.9453269801375
existing/58,existing_real,existing_real,6-mercapto-1-hexanol + pyridine,benzenethiol + pyridine,0.38179575365107427,1.4054317806355183,2381.280226659776
existing/59,existing_real,existing_real,6-mercapto-1-hexanol + pyridine,benzenethiol + pyridine,0.4162996041529859,1.4121480420058008,2196.539814918192
existing/60,existing_real,existing_real,6-mercapto-1-hexanol + pyridine,benzenethiol + pyridine,0.4419649325555371,1.4237708519214007,2161.4664929967485
existing/61,existing_real,existing_real,6-mercapto-1-hexanol + pyridine,benzenethiol + pyridine,0.4264660995151992,1.4238889405401989,2153.7864259717358
existing/62,existing_real,existing_real,6-mercapto-1-hexanol + pyridine,benzenethiol + pyridine,0.4217992138567631,1.4264629504944004,2174.1240141251733
existing/63,existing_real,existing_real,6-mercapto-1-hexanol + pyridine,benzenethiol + pyridine,0.4140494083857538,1.425064552826243,2146.0515227691417
existing/64,existing_real,existing_real,6-mercapto-1-hexanol + pyridine,benzenethiol + pyridine,0.41384753502576715,1.424350788430128,2137.315067515245
existing/65,existing_real,existing_real,6-mercapto-1-hexanol + pyridine,benzenethiol + pyridine,0.42476832688854466,1.4169683527987817,2138.1754906548017
existing/66,existing_real,existing_real,6-mercapto-1-hexanol + pyridine,benzenethiol + pyridine,0.3836738050527267,1.4014351348461076,2382.237856857051
existing/67,existing_real,existing_real,6-mercapto-1-hexanol + pyridine,benzenethiol + pyridine,0.38229347791797974,1.3952365890066578,2361.0089997542646
existing/68,existing_real,existing_real,6-mercapto-1-hexanol + pyridine,benzenethiol + pyridine,0.388435849940819,1.403228391723317,2378.8218761323965
existing/69,existing_real,existing_real,6-mercapto-1-hexanol + pyridine,benzenethiol + pyridine,0.4053539726298516,1.4080059718575613,2368.964981425131
existing/70,existing_real,existing_real,6-mercapto-1-hexanol + pyridine,benzenethiol + pyridine,0.3886076408692305,1.4102435393136792,2377.1497136592034
existing/71,existing_real,existing_real,6-mercapto-1-hexanol + pyridine,benzenethiol + pyridine,0.3916447688096556,1.405663400223147,2368.3611469745983
existing/72,existing_real,existing_real,benzene + benzenethiol,benzene + benzenethiol,0.5662861585772566,1.4893074183387518,7128.964064037811
existing/73,existing_real,existing_real,benzene + benzenethiol,benzene + benzenethiol,0.5597280058381384,1.4332365658667678,7173.741373109179
existing/74,existing_real,existing_real,benzene + benzenethiol,benzene + benzenethiol,0.5592160886144415,1.4315008579240611,7143.009300786425
existing/75,existing_real,existing_real,benzene + benzenethiol,benzene + benzenethiol,0.559453816040687,1.435931160972893,7132.397391407479
existing/76,existing_real,existing_real,benzene + benzenethiol,benzene + benzenethiol,0.5665140947496247,1.4639649748992944,7320.743443710074
existing/77,existing_real,existing_real,benzene + benzenethiol,benzene + benzenethiol,0.5616005780786186,1.4389847111284113,7298.095418053451
existing/78,existing_real,existing_real,benzene + benzenethiol,benzene + benzenethiol,0.5586485327177415,1.4323350412713676,7279.431079497804
existing/79,existing_real,existing_real,benzene + benzenethiol,benzene + benzenethiol,0.556868433269796,1.4336667843100022,7253.055045526414
existing/80,existing_real,existing_real,benzene + benzenethiol,benzene + benzenethiol,0.5548730615772528,1.4338452327369917,7230.741444374195
existing/81,existing_real,existing_real,benzene + benzenethiol,benzene + benzenethiol,0.5543628430455475,1.435973869377822,7187.068670776394
existing/82,existing_real,existing_real,benzene + benzenethiol,benzene + benzenethiol,0.5622092524416329,1.4525220087845692,7284.556485168659
existing/83,existing_real,existing_real,benzene + benzenethiol,benzene + benzenethiol,0.5658826636732751,1.4688871393002478,7148.399737959388
existing/84,existing_real,existing_real,benzene + benzenethiol,benzene + benzenethiol,0.5578496144134066,1.4290042925472588,7250.590902228187
existing/85,existing_real,existing_real,benzene + benzenethiol,benzene + benzenethiol,0.5571425807639054,1.4178282329547591,7236.225598234387
existing/86,existing_real,existing_real,benzene + benzenethiol,benzene + benzenethiol,0.5547138497469888,1.4196081418105002,7234.916702754006
existing/87,existing_real,existing_real,benzene + benzenethiol,benzene + benzenethiol,0.5514247937970207,1.4182594761279024,7187.677547359909
existing/88,existing_real,existing_real,benzene + benzenethiol,benzene + benzenethiol,0.552562513223082,1.42792906637389,7200.584854015662
existing/89,existing_real,existing_real,benzene + benzenethiol,benzene + benzenethiol,0.5589407798514052,1.4584762020758246,7333.164800005772
existing/90,existing_real,existing_real,benzene + benzenethiol,benzene + benzenethiol,0.557174891138702,1.4368353512861023,7311.1195979584
existing/91,existing_real,existing_real,benzene + benzenethiol,benzene + benzenethiol,0.5535389159124463,1.4256562201167933,7265.999314923999
existing/92,existing_real,existing_real,benzene + benzenethiol,benzene + benzenethiol,0.5521919393976917,1.4228428181009798,7267.218267575443
existing/93,existing_real,existing_real,benzene + benzenethiol,benzene + benzenethiol,0.5481785368485184,1.4196095187282898,7196.918898786878
existing/94,existing_real,existing_real,benzene + benzenethiol,benzene + benzenethiol,0.56259894745822,1.4560729990854486,7142.416332512064
existing/95,existing_real,existing_real,benzene + benzenethiol,benzene + benzenethiol,0.5469278233643331,1.4226026457491372,7116.507336471172
existing/96,existing_real,existing_real,benzene + benzenethiol,benzene + benzenethiol,0.5509803476466348,1.4468441113239674,7176.659585283257
existing/97,existing_real,existing_real,benzene + benzenethiol,benzene + benzenethiol,0.5484127169190363,1.434176005582781,7184.035088121352
existing/98,existing_real,existing_real,benzene + benzenethiol,benzene + benzenethiol,0.5443049782401078,1.4216772996531433,7168.8387764726285
existing/99,existing_real,existing_real,benzene + benzenethiol,benzene + benzenethiol,0.5417052055110505,1.4191676432013958,7161.973760848074
existing/100,existing_real,existing_real,benzene + benzenethiol,benzene + benzenethiol,0.5385420487038807,1.4141430815837408,7102.7639044897
existing/101,existing_real,existing_real,benzene + benzenethiol,benzene + benzenethiol,0.5354887762691396,1.420709940635257,7063.577015180478
existing/102,existing_real,existing_real,benzene + benzenethiol,benzene + benzenethiol,0.5615288273874817,1.453218443753512,7172.816843403182
existing/103,existing_real,existing_real,benzene + benzenethiol,benzene + benzenethiol,0.559780881072723,1.4490243533637055,7117.2317625073765
existing/104,existing_real,existing_real,benzene + benzenethiol,benzene + benzenethiol,0.5577793047349041,1.4457154048771403,7098.627563690178
existing/105,existing_real,existing_real,benzene + benzenethiol,benzene + benzenethiol,0.5658743294621315,1.4688995499421855,7282.742358826823
existing/106,existing_real,existing_real,benzene + benzenethiol,benzene + benzenethiol,0.5635628507438789,1.450068154775532,7257.829547714464
existing/107,existing_real,existing_real,benzene + benzenethiol,benzene + benzenethiol,0.5608579881643295,1.4366050187886679,7179.001798902453
existing/108,existing_real,existing_real,benzene + etoh,benzene + etoh,0.49118168404986434,1.4785152609272707,2051.878811633395
existing/109,existing_real,existing_real,benzene + etoh,benzene + etoh,0.47825076846700953,1.2591152967473507,1930.6603122932247
existing/110,existing_real,existing_real,benzene + etoh,benzene + etoh,0.4804309895274653,1.2341629501733549,1962.3509539784397
existing/111,existing_real,existing_real,benzene + etoh,benzene + etoh,0.4761793817349869,1.2415313778830126,1895.1039558630935
existing/112,existing_real,existing_real,benzene + etoh,benzene + etoh,0.4864083679603514,1.475385387003348,2143.7502329062213
existing/113,existing_real,existing_real,benzene + etoh,benzene + etoh,0.4848391941320121,1.3485035953467652,2132.7726468550504
existing/114,existing_real,existing_real,benzene + etoh,benzene + etoh,0.48397725092259064,1.2516860146828441,2131.3077444536166
existing/115,existing_real,existing_real,benzene + etoh,benzene + etoh,0.4839548156059532,1.2053107736523525,2097.9802374933915
existing/116,existing_real,existing_real,benzene + etoh,benzene + etoh,0.4805916266201632,1.2006957661244777,2024.5940863135722
existing/117,existing_real,existing_real,benzene + etoh,benzene + etoh,0.4795535190123959,1.2095500654312608,2029.8043621648849
existing/118,existing_real,existing_real,benzene + etoh,benzene + etoh,0.49086128495026415,1.3578765640481063,2222.487903096168
existing/119,existing_real,existing_real,benzene + etoh,benzene + etoh,0.4866926140429205,1.4123058714912373,1978.6489782887513
existing/120,existing_real,existing_real,benzene + etoh,benzene + etoh,0.4883053293620454,1.3235742291918782,2131.870063719479
existing/121,existing_real,existing_real,benzene + etoh,benzene + etoh,0.48556670840742866,1.2419051618744383,2071.6332233885546
existing/122,existing_real,existing_real,benzene + etoh,benzene + etoh,0.4839771564247902,1.205325224520556,2071.549315655454
existing/123,existing_real,existing_real,benzene + etoh,benzene + etoh,0.48441743481342037,1.1992535978204164,2095.9582535732316
existing/124,existing_real,existing_real,benzene + etoh,benzene + etoh,0.4842689876205821,1.2031550306749126,2050.4695243277088
existing/125,existing_real,existing_real,benzene + etoh,benzene + etoh,0.4914514247063669,1.3417812454305262,2195.188082841961
existing/126,existing_real,existing_real,benzene + etoh,benzene + etoh,0.4922381658084198,1.3121678874159342,2178.6527955817687
existing/127,existing_real,existing_real,benzene + etoh,benzene + etoh,0.4918567993879678,1.246567108104474,2120.6593230204326
existing/128,existing_real,existing_real,benzene + etoh,benzene + etoh,0.49079150917451875,1.2154270044487312,2054.8463127591153
existing/129,existing_real,existing_real,benzene + etoh,benzene + etoh,0.49040788863246626,1.2048232620728636,2120.869021202728
existing/130,existing_real,existing_real,benzene + etoh,benzene + etoh,0.48478692746102686,1.3700714030170302,1964.446921167878
existing/131,existing_real,existing_real,benzene + etoh,benzene + etoh,0.4881012678954604,1.2087579658630418,2079.942917655115
existing/132,existing_real,existing_real,benzene + etoh,benzene + etoh,0.49239574451193274,1.3618929893400082,2145.964005923708
existing/133,existing_real,existing_real,benzene + etoh,benzene + etoh,0.4922682521978545,1.3025400824586961,2092.7182511483043
existing/134,existing_real,existing_real,benzene + etoh,benzene + etoh,0.4911271264949918,1.2685804128953375,2068.3227453189456
existing/135,existing_real,existing_real,benzene + etoh,benzene + etoh,0.49061196184130373,1.2501656023469754,2031.4087511094351
existing/136,existing_real,existing_real,benzene + etoh,benzene + etoh,0.49150552771351064,1.2337987014025105,2040.123894680048
existing/137,existing_real,existing_real,benzene + etoh,benzene + etoh,0.4894017460114224,1.2191721016598287,2024.9321302731867
existing/138,existing_real,existing_real,benzene + etoh,benzene + etoh,0.4823304395916191,1.3475466315749054,1905.9442326195447
existing/139,existing_real,existing_real,benzene + etoh,benzene + etoh,0.48102159988618937,1.3596194824625059,1896.5827805266983
existing/140,existing_real,existing_real,benzene + etoh,benzene + etoh,0.4791694554207584,1.344154078129814,1922.4163810073521
existing/141,existing_real,existing_real,benzene + etoh,benzene + etoh,0.48400838081474973,1.4302744523157747,1909.3084309492554
existing/142,existing_real,existing_real,benzene + etoh,benzene + etoh,0.4808138466310883,1.4365697706166214,1878.017681658445
existing/143,existing_real,existing_real,benzene + etoh,benzene + etoh,0.4757902880771233,1.325810772663012,1892.2824021790138
existing/144,existing_real,existing_real,benzene + meoh,benzene + diethylamine,0.5396501343888009,0.053798400113231545,2503.032184420202
existing/145,existing_real,existing_real,benzene + meoh,benzene + diethylamine,0.5165534361760123,0.03988409836778701,1994.9466717804023
existing/146,existing_real,existing_real,benzene + meoh,benzene + diethylamine,0.5146597359890219,0.03971273879757174,2016.7947211729806
existing/147,existing_real,existing_real,benzene + meoh,benzene + diethylamine,0.5132698606892875,0.04126522047671532,2098.5959431816837
existing/148,existing_real,existing_real,benzene + meoh,benzene + diethylamine,0.5046658217080513,0.04245235502633377,2182.3267504867804
existing/149,existing_real,existing_real,benzene + meoh,benzene + diethylamine,0.5167984134107961,0.039810515685521984,2269.612678036635
existing/150,existing_real,existing_real,benzene + meoh,benzene + diethylamine,0.5236490582039536,0.03847459548481255,2307.0058110258647
existing/151,existing_real,existing_real,benzene + meoh,benzene + diethylamine,0.5256015816536034,0.03690271029464232,2292.1786782537683
existing/152,existing_real,existing_real,benzene + meoh,benzene + diethylamine,0.5259990232104222,0.03531197208152348,2249.114570856276
existing/153,existing_real,existing_real,benzene + meoh,benzene + diethylamine,0.5256573518361908,0.0358936527484163,2197.515518237623
existing/154,existing_real,existing_real,benzene + meoh,benzene + diethylamine,0.5273418167567605,0.04145752981795409,2224.72116821558
existing/155,existing_real,existing_real,benzene + meoh,benzene + diethylamine,0.5369151856737145,0.0460778500327295,2359.4345405245344
existing/156,existing_real,existing_real,benzene + meoh,benzene + diethylamine,0.5290166021631427,0.0387403442957492,2178.618905132106
existing/157,existing_real,existing_real,benzene + meoh,benzene + diethylamine,0.5324232530490535,0.037398409568009765,2127.70051574431
existing/158,existing_real,existing_real,benzene + meoh,benzene + diethylamine,0.5316453266445428,0.035134714168776074,2088.6703987405845
existing/159,existing_real,existing_real,benzene + meoh,benzene + diethylamine,0.5293643484037378,0.0349396986170093,2075.3410732913812
existing/160,existing_real,existing_real,benzene + meoh,benzene + diethylamine,0.5293524625733739,0.03623431419639646,2046.4927372755685
existing/161,existing_real,existing_real,benzene + meoh,benzene + diethylamine,0.5289742861774801,0.04299964795765602,2063.78106937025
existing/162,existing_real,existing_real,benzene + meoh,benzene + diethylamine,0.530446119547769,0.03841459836511353,1999.1215923529949
existing/163,existing_real,existing_real,benzene + meoh,benzene + diethylamine,0.5311853264007025,0.03743441252069076,1970.596716860709
existing/164,existing_real,existing_real,benzene + meoh,benzene + diethylamine,0.5297396253376252,0.03703638663320499,1924.2409642495636
existing/165,existing_real,existing_real,benzene + meoh,benzene + diethylamine,0.5288329222815744,0.035916512511633324,1905.2557607554918
existing/166,existing_real,existing_real,benzene + meoh,benzene + diethylamine,0.5365567123140645,0.045844182268973716,2336.158394924511
existing/167,existing_real,existing_real,benzene + meoh,benzene + diethylamine,0.5289947779219784,0.036865938686268536,1839.4559335716845
existing/168,existing_real,existing_real,benzene + meoh,benzene + diethylamine,0.5295065433217623,0.044280146926269415,1850.3905002468773
existing/169,existing_real,existing_real,benzene + meoh,benzene + diethylamine,0.5304119385768191,0.03886547407967068,1815.006466761313
existing/170,existing_real,existing_real,benzene + meoh,benzene + diethylamine,0.5281097108595836,0.03761247057189797,1757.7647935446316
existing/171,existing_real,existing_real,benzene + meoh,benzene + diethylamine,0.5275134425569521,0.03674491403514248,1731.527083172308
existing/172,existing_real,existing_real,benzene + meoh,benzene + diethylamine,0.5296730426503687,0.036670552929764,1771.78443075009
existing/173,existing_real,existing_real,benzene + meoh,benzene + diethylamine,0.5279635963496631,0.03829652518886392,1762.3358187956246
existing/174,existing_real,existing_real,benzene + meoh,benzene + diethylamine,0.5354394308110088,0.04332258370951945,2281.4344576500825
existing/175,existing_real,existing_real,benzene + meoh,benzene + diethylamine,0.5313332731206536,0.04215125974554896,2195.9634185699883
existing/176,existing_real,existing_real,benzene + meoh,benzene + diethylamine,0.5289364762560319,0.04625591677810176,2210.4017446528183
existing/177,existing_real,existing_real,benzene + meoh,benzene + diethylamine,0.5298924961229431,0.04448254732668431,2174.8261394173805
existing/178,existing_real,existing_real,benzene + meoh,benzene + diethylamine,0.5257762955787016,0.04056795961543906,2118.924611684217
existing/179,existing_real,existing_real,benzene + meoh,benzene + diethylamine,0.5198994296338307,0.039665108945263504,2081.5732620876975
existing/180,existing_real,existing_real,1-dodecanethiol + etoh,1-dodecanethiol + etoh,0.4758408955780884,1.2284857733938868,450.9082446521389
existing/181,existing_real,existing_real,1-dodecanethiol + etoh,1-dodecanethiol + etoh,0.4666466902991951,1.1863994053797442,419.83895703415544
existing/182,existing_real,existing_real,1-dodecanethiol + etoh,1-dodecanethiol + etoh,0.46772439009277655,1.1914065442464388,427.0378075543133
existing/183,existing_real,existing_real,1-dodecanethiol + etoh,1-dodecanethiol + etoh,0.4685610860283415,1.1948685856303927,424.9717612484973
existing/184,existing_real,existing_real,1-dodecanethiol + etoh,1-dodecanethiol + etoh,0.4812190353788582,1.2367507960241295,454.49754377935494
existing/185,existing_real,existing_real,1-dodecanethiol + etoh,1-dodecanethiol + etoh,0.47690553647602635,1.213093181865187,441.6772638519801
existing/186,existing_real,existing_real,1-dodecanethiol + etoh,1-dodecanethiol + etoh,0.4677103184599562,1.19366496053441,441.01848133191965
existing/187,existing_real,existing_real,1-dodecanethiol + etoh,1-dodecanethiol + etoh,0.4655654956848983,1.1829475309010087,432.9411484086143
existing/188,existing_real,existing_real,1-dodecanethiol + etoh,1-dodecanethiol + etoh,0.46379573657923256,1.1822885415726077,432.10578783905663
existing/189,existing_real,existing_real,1-dodecanethiol + etoh,1-dodecanethiol + etoh,0.46211137259518004,1.1909757595538026,441.4702842712337
existing/190,existing_real,existing_real,1-dodecanethiol + etoh,1-dodecanethiol + etoh,0.47846167501521225,1.2181844269534172,470.2055460241291
existing/191,existing_real,existing_real,1-dodecanethiol + etoh,1-dodecanethiol + etoh,0.46933003923498134,1.2099370048101703,443.6980694034919
existing/192,existing_real,existing_real,1-dodecanethiol + etoh,1-dodecanethiol + etoh,0.46902617994085105,1.2026240244934452,465.2187589047845
existing/193,existing_real,existing_real,1-dodecanethiol + etoh,1-dodecanethiol + etoh,0.4656127252050165,1.1855228706108394,456.70930793650444
existing/194,existing_real,existing_real,1-dodecanethiol + etoh,1-dodecanethiol + etoh,0.46344100140445943,1.175107738391712,441.90434175403084
existing/195,existing_real,existing_real,1-dodecanethiol + etoh,1-dodecanethiol + etoh,0.4616724568274685,1.1767241887817739,444.13362536667796
existing/196,existing_real,existing_real,1-dodecanethiol + etoh,1-dodecanethiol + etoh,0.4636416669476074,1.1798488157850264,439.56627190087397
existing/197,existing_real,existing_real,1-dodecanethiol + etoh,1-dodecanethiol + etoh,0.48659492161323825,1.2225446193341833,470.66010916014426
existing/198,existing_real,existing_real,1-dodecanethiol + etoh,1-dodecanethiol + etoh,0.4771031836571016,1.23968989018362,462.19067247757636
existing/199,existing_real,existing_real,1-dodecanethiol + etoh,1-dodecanethiol + etoh,0.4796880368444988,1.2252471126422604,452.9458003804369
existing/200,existing_real,existing_real,1-dodecanethiol + etoh,1-dodecanethiol + etoh,0.477577772261354,1.221716346474883,439.71143429273985
existing/201,existing_real,existing_real,1-dodecanethiol + etoh,1-dodecanethiol + etoh,0.4802878921637226,1.2220034492137335,434.7898193243796
existing/202,existing_real,existing_real,1-dodecanethiol + etoh,1-dodecanethiol + etoh,0.4637179178013695,1.1998063895099835,434.3591199969379
existing/203,existing_real,existing_real,1-dodecanethiol + etoh,1-dodecanethiol + etoh,0.4802201950247319,1.2382975595476746,433.55862489921435
existing/204,existing_real,existing_real,1-dodecanethiol + etoh,1-dodecanethiol + etoh,0.4937981625109538,1.2604672332916176,463.0741691733484
existing/205,existing_real,existing_real,1-dodecanethiol + etoh,1-dodecanethiol + etoh,0.48812904312676203,1.2369354425034347,469.2607230166238
existing/206,existing_real,existing_real,1-dodecanethiol + etoh,1-dodecanethiol + etoh,0.48618085403926603,1.23615452977803,454.97728622970686
existing/207,existing_real,existing_real,1-dodecanethiol + etoh,1-dodecanethiol + etoh,0.48335380323836513,1.232343682583481,448.6141277388539
existing/208,existing_real,existing_real,1-dodecanethiol + etoh,1-dodecanethiol + etoh,0.4840025868740631,1.2285892061882635,439.85230489711785
existing/209,existing_real,existing_real,1-dodecanethiol + etoh,1-dodecanethiol + etoh,0.4855379105857678,1.237696860456338,451.4785925877735
existing/210,existing_real,existing_real,1-dodecanethiol + etoh,1-dodecanethiol + etoh,0.46406259724330884,1.1916292488097628,419.89572497262327
existing/211,existing_real,existing_real,1-dodecanethiol + etoh,1-dodecanethiol + etoh,0.46643604320514676,1.206357768493034,412.48400276085266
existing/212,existing_real,existing_real,1-dodecanethiol + etoh,1-dodecanethiol + etoh,0.4693985543157287,1.2028306334135894,415.7659802619773
existing/213,existing_real,existing_real,1-dodecanethiol + etoh,1-dodecanethiol + etoh,0.4800029160527593,1.2321661038942624,449.0717696349889
existing/214,existing_real,existing_real,1-dodecanethiol + etoh,1-dodecanethiol + etoh,0.47532824657040595,1.2041104660016848,441.7792179944528
existing/215,existing_real,existing_real,1-dodecanethiol + etoh,1-dodecanethiol + etoh,0.4698003499254127,1.1952666778112693,436.0432661949377
existing/216,existing_real,existing_real,etoh + meoh,etoh + meoh,1.0343408619168872,0.6043267521789484,586.0122809926958
existing/217,existing_real,existing_real,etoh + meoh,etoh + meoh,1.053399676058243,0.6068714957319756,564.8930809280789
existing/218,existing_real,existing_real,etoh + meoh,etoh + meoh,1.0511364728514965,0.6023538263610483,563.2855238038563
existing/219,existing_real,existing_real,etoh + meoh,etoh + meoh,1.0562494839246315,0.6050348842140578,572.7309137915034
existing/220,existing_real,existing_real,etoh + meoh,etoh + meoh,1.0435605631197438,0.6073756484913987,554.780024506166
existing/221,existing_real,existing_real,etoh + meoh,etoh + meoh,1.0392296947451944,0.6041532317301483,552.535230756018
existing/222,existing_real,existing_real,etoh + meoh,etoh + meoh,1.040534196500035,0.6021729541913716,575.4106288297207
existing/223,existing_real,existing_real,etoh + meoh,etoh + meoh,1.0433665284245945,0.6016261439774323,561.847144566195
existing/224,existing_real,existing_real,etoh + meoh,etoh + meoh,1.0483422954389996,0.6028890785399396,556.812244722655
existing/225,existing_real,existing_real,etoh + meoh,etoh + meoh,1.0429231746973102,0.6110748611004639,557.4432965906668
existing/226,existing_real,existing_real,etoh + meoh,etoh + meoh,1.0524308669909173,0.5973525330906393,545.0657830928487
existing/227,existing_real,existing_real,etoh + meoh,etoh + meoh,1.0502472201577753,0.6043126916550261,586.3271384936893
existing/228,existing_real,existing_real,etoh + meoh,etoh + meoh,1.052410445586487,0.6016549479434646,556.5580693675374
existing/229,existing_real,existing_real,etoh + meoh,etoh + meoh,1.0458778290992585,0.6054094286595272,562.1698331745997
existing/230,existing_real,existing_real,etoh + meoh,etoh + meoh,1.042394041245993,0.6024201106521001,568.813773487226
existing/231,existing_real,existing_real,etoh + meoh,etoh + meoh,1.0454725961655376,0.5986545990248164,549.7231673520458
existing/232,existing_real,existing_real,etoh + meoh,etoh + meoh,1.042280687818491,0.6107188578300633,547.518490185041
existing/233,existing_real,existing_real,etoh + meoh,etoh + meoh,1.0432993175717662,0.6083112566475348,543.0214763999207
existing/234,existing_real,existing_real,etoh + meoh,etoh + meoh,1.0469643134415652,0.6031297273242336,538.7325188008425
existing/235,existing_real,existing_real,etoh + meoh,etoh + meoh,1.0497116540754636,0.6023902506721264,543.7828057618434
existing/236,existing_real,existing_real,etoh + meoh,etoh + meoh,1.0425992402188378,0.602666266848148,541.4202052317764
existing/237,existing_real,existing_real,etoh + meoh,etoh + meoh,1.0441644747127254,0.5985351377272564,552.9155464339738
existing/238,existing_real,existing_real,etoh + meoh,etoh + meoh,1.0390224018785934,0.6117039259700272,576.893176781625
existing/239,existing_real,existing_real,etoh + meoh,etoh + meoh,1.0400837480815035,0.6043642669035807,542.0645035237618
existing/240,existing_real,existing_real,etoh + meoh,etoh + meoh,1.0420113804884317,0.6074657927690378,538.1675751340905
existing/241,existing_real,existing_real,etoh + meoh,etoh + meoh,1.0548643237862165,0.6045167812585773,545.6947053136562
existing/242,existing_real,existing_real,etoh + meoh,etoh + meoh,1.0514677907901067,0.6037063882754106,542.1443653475752
existing/243,existing_real,existing_real,etoh + meoh,etoh + meoh,1.0471493323437608,0.6032709223598104,546.6491150985718
existing/244,existing_real,existing_real,etoh + meoh,etoh + meoh,1.0474721465041432,0.5986634619996288,548.0532830553577
existing/245,existing_real,existing_real,etoh + meoh,etoh + meoh,1.0409289758240057,0.6054761423391597,555.3709692604601
existing/246,existing_real,existing_real,etoh + meoh,etoh + meoh,1.040661048852751,0.5980588190339218,537.999683474994
existing/247,existing_real,existing_real,etoh + meoh,etoh + meoh,1.0432171397584584,0.6061926162606246,532.0385047240943
existing/248,existing_real,existing_real,etoh + meoh,etoh + meoh,1.0522738555305977,0.6049292695224847,533.5129439079466
existing/249,existing_real,existing_real,etoh + meoh,etoh + meoh,1.046598272030346,0.6063589139424059,570.1726369458339
existing/250,existing_real,existing_real,etoh + meoh,etoh + meoh,1.0515093041442756,0.6025431235021734,525.1608722462431
existing/251,existing_real,existing_real,etoh + meoh,etoh + meoh,1.0489881851767886,0.6006405722830476,534.0008141622584
existing/252,existing_real,existing_real,etoh + meoh,etoh + meoh,1.041745050949053,0.6040834204102311,550.1117908574848
existing/253,existing_real,existing_real,etoh + meoh,etoh + meoh,1.03858200233966,0.602576836377515,551.9561688890931
existing/254,existing_real,existing_real,etoh + meoh,etoh + meoh,1.0525621354753822,0.5951179554426116,532.010186811445
existing/255,existing_real,existing_real,etoh + meoh,etoh + meoh,1.0462207328774782,0.6036998498935295,512.4096498665818
existing/256,existing_real,existing_real,etoh + meoh,etoh + meoh,1.059245117880464,0.6006462908069522,509.25752056514165
existing/257,existing_real,existing_real,etoh + meoh,etoh + meoh,1.0638654081208556,0.6014872909016241,507.2906644506378
existing/258,existing_real,existing_real,etoh + meoh,etoh + meoh,1.0516168677399054,0.6070076167472556,515.5678916466139
existing/259,existing_real,existing_real,etoh + meoh,etoh + meoh,1.0510556685621917,0.6070769245607518,534.2496374148934
existing/260,existing_real,existing_real,etoh + meoh,etoh + meoh,1.0498179763280724,0.6047753629802985,559.07437608815
existing/261,existing_real,existing_real,etoh + meoh,etoh + meoh,1.0507647320198332,0.6117352159295302,563.4255216855224
existing/262,existing_real,existing_real,etoh + meoh,etoh + meoh,1.049849988090445,0.6058735771570525,552.9674764319519
existing/263,existing_real,existing_real,etoh + meoh,etoh + meoh,1.045044411847309,0.6104539181244087,572.4153382061469
existing/264,existing_real,existing_real,etoh + meoh,etoh + meoh,1.0389726245587676,0.6069012243882406,555.5190116625838
existing/265,existing_real,existing_real,1-dodecanethiol + meoh,1-undecanethiol + diethylamine,0.9569617995108819,0.00853722086369943,341.54696249952997
existing/266,existing_real,existing_real,1-dodecanethiol + meoh,1-undecanethiol + diethylamine,0.9114018675212404,0.009772223028498651,407.9584016398098
existing/267,existing_real,existing_real,1-dodecanethiol + meoh,6-mercapto-1-hexanol + n-hexane,1.301056360588793,0.4595463415488588,955.8878463079396
existing/268,existing_real,existing_real,1-dodecanethiol + meoh,6-mercapto-1-hexanol + n-hexane,1.3162964435344315,0.42588097899299937,838.3560994340157
existing/269,existing_real,existing_real,1-dodecanethiol + meoh,1-undecanethiol + diethylamine,1.0245368935930101,0.009981458522637494,500.98497894643964
existing/270,existing_real,existing_real,1-dodecanethiol + meoh,1-undecanethiol + diethylamine,1.0016203004168407,0.009659845731731672,456.4941092502251
existing/271,existing_real,existing_real,1-dodecanethiol + meoh,1-undecanethiol + diethylamine,0.8027136938974413,0.012571932757934442,763.0630568999401
existing/272,existing_real,existing_real,1-dodecanethiol + meoh,1-undecanethiol + diethylamine,0.7583099784615995,0.012670073800097912,764.9959411276408
existing/273,existing_real,existing_real,1-dodecanethiol + meoh,1-undecanethiol + diethylamine,0.8731559227069206,0.01004870248021243,474.9249671179804
existing/274,existing_real,existing_real,1-dodecanethiol + meoh,1-undecanethiol + diethylamine,0.817566583125956,0.010660365077878892,527.067553324715
existing/275,existing_real,existing_real,1-dodecanethiol + meoh,1-undecanethiol + diethylamine,0.6942124455845,0.012741567297169326,757.863961574679
existing/276,existing_real,existing_real,1-dodecanethiol + meoh,1-undecanethiol + diethylamine,0.7197702609227657,0.012163894072375447,705.4127654134576
existing/277,existing_real,existing_real,1-dodecanethiol + meoh,1-undecanethiol + diethylamine,0.9013551257007549,0.010109684247129953,433.21112305377096
existing/278,existing_real,existing_real,1-dodecanethiol + meoh,1-undecanethiol + diethylamine,0.8800048397658659,0.008959037048733803,370.503863852387
existing/279,existing_real,existing_real,1-dodecanethiol + meoh,1-undecanethiol + diethylamine,0.9616307968766102,0.007189701250368244,247.15730378485094
existing/280,existing_real,existing_real,1-dodecanethiol + meoh,1-undecanethiol + diethylamine,0.9430348288113426,0.0070918306701602965,254.74276026397715
existing/281,existing_real,existing_real,1-dodecanethiol + meoh,1-undecanethiol + diethylamine,0.814533532238496,0.008901374012823596,360.87915832663685
existing/282,existing_real,existing_real,1-dodecanethiol + meoh,1-undecanethiol + diethylamine,0.7626858613433346,0.009561613167365896,414.5697170828912
existing/283,existing_real,existing_real,1-dodecanethiol + meoh,1-undecanethiol + diethylamine,0.72315767492083,0.010142547999999562,478.2438721275823
existing/284,existing_real,existing_real,1-dodecanethiol + meoh,1-undecanethiol + diethylamine,0.7817694595547013,0.00891348724483781,351.5752353494044
existing/285,existing_real,existing_real,1-dodecanethiol + meoh,1-undecanethiol + diethylamine,0.8226462230496295,0.007847583374418992,282.61671072458785
existing/286,existing_real,existing_real,1-dodecanethiol + meoh,1-undecanethiol + diethylamine,0.7407691593737893,0.009471966249510879,419.7513908874908
existing/287,existing_real,existing_real,1-dodecanethiol + meoh,1-undecanethiol + diethylamine,0.8172152689448277,0.007992750258514076,283.0287839380206
existing/288,existing_real,existing_real,1-dodecanethiol + meoh,1-undecanethiol + diethylamine,0.9098861722725652,0.009781283396771872,397.5504638949435
existing/289,existing_real,existing_real,1-dodecanethiol + meoh,1-undecanethiol + diethylamine,0.8365143087140665,0.007449702592852257,257.32746746756123
existing/290,existing_real,existing_real,1-dodecanethiol + meoh,1-dodecanethiol + diethylamine,0.8499942818738649,0.005047571918028227,289.56149879758846
existing/291,existing_real,existing_real,1-dodecanethiol + meoh,1-dodecanethiol + diethylamine,0.9025101688795643,0.003982040861325266,361.8743864366066
existing/292,existing_real,existing_real,1-dodecanethiol + meoh,1-dodecanethiol + diethylamine,0.8583496115034212,0.004544279936505704,362.1150303149965
existing/293,existing_real,existing_real,1-dodecanethiol + meoh,1-dodecanethiol + tris(2-ethylhexyl) phosphate,0.8232830098535634,0.18650333249550782,387.63206928301173
existing/294,existing_real,existing_real,1-dodecanethiol + meoh,1-dodecanethiol + meoh,0.8766135053361461,0.20439236426121793,392.6271708603737
existing/295,existing_real,existing_real,1-dodecanethiol + meoh,1-dodecanethiol + diethylamine,0.7515560599375541,0.005680358862975088,376.3958109729341
existing/296,existing_real,existing_real,1-dodecanethiol + meoh,1-undecanethiol + diethylamine,0.7091711875637342,0.007626585261200009,356.4367359294549
existing/297,existing_real,existing_real,1-dodecanethiol + meoh,1-undecanethiol + diethylamine,0.5507850201365248,0.009996953354152413,428.0982538146071
existing/298,existing_real,existing_real,1-dodecanethiol + meoh,1-undecanethiol + diethylamine,0.577156228387297,0.009934128932427252,409.15865150123807
existing/299,existing_real,existing_real,1-dodecanethiol + meoh,1-undecanethiol + diethylamine,0.9634893978681695,0.009728378577787753,376.01945738512563
existing/300,existing_real,existing_real,1-dodecanethiol + meoh,1-dodecanethiol + diethylamine,0.6126220945717002,0.008294495083771834,436.6358858886251
existing/301,existing_real,existing_real,1-dodecanethiol + meoh,1-undecanethiol + diethylamine,0.6273169755677502,0.009143035261645855,390.2313581866044
existing/302,existing_real,existing_real,1-dodecanethiol + meoh,1-undecanethiol + diethylamine,0.5891901537543297,0.009964830409388826,383.5082875564781
existing/303,existing_real,existing_real,1-dodecanethiol + meoh,1-undecanethiol + diethylamine,0.6063732638694953,0.009820365842038067,387.78897220429536
existing/304,existing_real,existing_real,1-dodecanethiol + meoh,1-undecanethiol + diethylamine,0.573040091513758,0.010088905167872341,432.1962430574074
existing/305,existing_real,existing_real,1-dodecanethiol + meoh,1-dodecanethiol + meoh,0.6465868201235467,0.4877610304598698,494.86606194330017
existing/306,existing_real,existing_real,1-dodecanethiol + meoh,1-dodecanethiol + meoh,0.6317791518366217,0.5409412922591559,512.3907906009978
existing/307,existing_real,existing_real,1-dodecanethiol + meoh,1-dodecanethiol + meoh,0.6151072025565674,0.5799392123970384,504.83385010246934
existing/308,existing_real,existing_real,1-dodecanethiol + meoh,1-dodecanethiol + meoh,0.5623156315382875,0.6259449740005676,505.58687719695695
existing/309,existing_real,existing_real,1-dodecanethiol + meoh,1-dodecanethiol + meoh,0.515100006912218,0.6557203481033873,504.2394873986892
existing/310,existing_real,existing_real,1-dodecanethiol + meoh,1-undecanethiol + diethylamine,1.0252273342578897,0.009175756505144142,356.47612325422926
existing/311,existing_real,existing_real,1-dodecanethiol + meoh,6-mercapto-1-hexanol + meoh,0.7876692361329722,0.6344639554739602,493.21574711400496
existing/312,existing_real,existing_real,1-dodecanethiol + meoh,6-mercapto-1-hexanol + meoh,0.7214330167359162,0.594791697372217,445.1408608686781
existing/313,existing_real,existing_real,1-dodecanethiol + meoh,6-mercapto-1-hexanol + meoh,0.6659405829825041,0.6255570000837614,427.01241506429045
existing/314,existing_real,existing_real,1-dodecanethiol + meoh,6-mercapto-1-hexanol + meoh,0.6173708118319193,0.6031021754263579,418.1252655032884
existing/315,existing_real,existing_real,1-dodecanethiol + meoh,diethylamine + meoh,0.011076766953284552,0.5227526768073294,420.3663022502656
existing/316,existing_real,existing_real,1-dodecanethiol + meoh,diethylamine + meoh,0.010847082082465423,0.441030538755416,385.35637180255026
existing/317,existing_real,existing_real,1-dodecanethiol + meoh,diethylamine + meoh,0.010673318776360336,0.36220372054936023,384.36226057715874
existing/318,existing_real,existing_real,1-dodecanethiol + meoh,diethylamine + n-hexane,0.00982917965212763,0.16489136917875497,422.0798956945869
existing/319,existing_real,existing_real,1-dodecanethiol + meoh,diethylamine + meoh,0.010377233047356887,0.25546652736682474,413.7437022315142
existing/320,existing_real,existing_real,1-dodecanethiol + meoh,diethylamine + meoh,0.00999622747408226,0.27627926254041435,390.18934286235043
existing/321,existing_real,existing_real,1-dodecanethiol + meoh,1-undecanethiol + diethylamine,1.0085771070362193,0.009700761509993924,404.6670282486423
existing/322,existing_real,existing_real,1-dodecanethiol + meoh,diethylamine + meoh,0.009924067233619846,0.283541229698341,409.07968326970126
existing/323,existing_real,existing_real,1-dodecanethiol + meoh,diethylamine + meoh,0.009740546428925459,0.22445820009248074,430.6801766196761
existing/324,existing_real,existing_real,1-dodecanethiol + meoh,diethylamine + n-hexane,0.008849707714303778,0.1274336585862748,422.15175514517904
existing/325,existing_real,existing_real,1-dodecanethiol + meoh,diethylamine + n-hexane,0.008566017509585803,0.12282825672604987,427.35204520337635
existing/326,existing_real,existing_real,1-dodecanethiol + meoh,diethylamine + n-hexane,0.00833762662556755,0.11763933069759003,438.8264840442047
existing/327,existing_real,existing_real,1-dodecanethiol + meoh,diethylamine + n-hexane,0.008243695055408898,0.11507205572899029,450.3633579044635
existing/328,existing_real,existing_real,1-dodecanethiol + meoh,diethylamine + n-hexane,0.008119885238253492,0.11164748468872497,455.3206733700834
existing/329,existing_real,existing_real,1-dodecanethiol + meoh,diethylamine + n-hexane,0.008030706059373732,0.10960135390010481,453.3838061050169
existing/330,existing_real,existing_real,1-dodecanethiol + meoh,diethylamine + n-hexane,0.007867911230403703,0.1056980306219229,457.1949718461712
existing/331,existing_real,existing_real,1-dodecanethiol + meoh,1-undecanethiol + diethylamine,1.0003377956629664,0.009657664477096616,397.16457120789863
existing/332,existing_real,existing_real,1-dodecanethiol + meoh,1-undecanethiol + diethylamine,0.9811035588862584,0.009531890062717981,378.7329399314521
existing/333,existing_real,existing_real,1-dodecanethiol + meoh,1-undecanethiol + diethylamine,0.9546901262744504,0.009340061187126898,366.0302166284389
existing/334,existing_real,existing_real,1-dodecanethiol + meoh,1-undecanethiol + diethylamine,0.9768730450195653,0.00927173940176591,371.1152236638132
existing/335,existing_real,existing_real,1-dodecanethiol + meoh,1-undecanethiol + diethylamine,0.8212299359076355,0.011203763449000599,671.0234107942183
existing/336,existing_real,existing_real,1-dodecanethiol + meoh,1-undecanethiol + diethylamine,0.9505476562503424,0.009698982603705882,416.91438986004323
existing/337,existing_real,existing_real,1-dodecanethiol + meoh,1-undecanethiol + diethylamine,0.9542064327878462,0.009383226522404448,403.2513663477894
existing/338,existing_real,existing_real,1-dodecanethiol + meoh,1-undecanethiol + diethylamine,0.942037367634408,0.009198893155189156,398.80026355319336
existing/339,existing_real,existing_real,1-dodecanethiol + meoh,1-undecanethiol + diethylamine,0.9118711020896305,0.009517826752273114,422.34387798057065
existing/340,existing_real,existing_real,1-dodecanethiol + meoh,1-undecanethiol + diethylamine,0.9057942218248618,0.00949870227561921,416.22261396447107
existing/341,existing_real,existing_real,1-dodecanethiol + meoh,1-undecanethiol + diethylamine,0.9292569301472493,0.00948250211064987,393.6784393594503
existing/342,existing_real,existing_real,1-dodecanethiol + meoh,1-undecanethiol + diethylamine,0.9016654289031295,0.010147511115031647,457.72173451178213
existing/343,existing_real,existing_real,1-dodecanethiol + meoh,1-undecanethiol + diethylamine,0.9294537519297833,0.010283377564075073,477.1125074649409
existing/344,existing_real,existing_real,1-dodecanethiol + meoh,1-undecanethiol + diethylamine,0.9538777555833917,0.009652340309377722,407.6936340895617
existing/345,existing_real,existing_real,1-dodecanethiol + meoh,1-undecanethiol + diethylamine,0.9570344365749991,0.009579485912273037,396.06887386260746
existing/346,existing_real,existing_real,1-dodecanethiol + meoh,6-mercapto-1-hexanol + n-hexane,0.972124454276561,0.35107654485235856,828.6942461960857
existing/347,existing_real,existing_real,1-dodecanethiol + meoh,1-undecanethiol + diethylamine,0.9749362212161458,0.009329036172502974,379.90009806585164
existing/348,existing_real,existing_real,1-dodecanethiol + meoh,1-undecanethiol + diethylamine,0.9989479402550168,0.009266122816482314,357.70848892365933
existing/349,existing_real,existing_real,1-dodecanethiol + meoh,1-undecanethiol + diethylamine,0.9631305503805208,0.009660622219856018,387.3913827564112
existing/350,existing_real,existing_real,1-dodecanethiol + meoh,1-undecanethiol + diethylamine,0.9446648910294927,0.009874445797371338,406.20832297223455
existing/351,existing_real,existing_real,1-dodecanethiol + meoh,1-undecanethiol + diethylamine,0.9594690297077185,0.009186170804339852,367.9449140909233
existing/352,existing_real,existing_real,1-dodecanethiol + meoh,1-undecanethiol + diethylamine,0.9291819484960377,0.009650522087013245,384.4017034580016
existing/353,existing_real,existing_real,1-dodecanethiol + meoh,1-undecanethiol + diethylamine,0.9341394128553676,0.009716134944342541,391.35751275006186
existing/354,existing_real,existing_real,1-dodecanethiol + meoh,6-mercapto-1-hexanol + n-hexane,1.5404717937799568,0.568004108851904,1230.9535754654107
existing/355,existing_real,existing_real,1-dodecanethiol + meoh,6-mercapto-1-hexanol + n-hexane,1.5290331255535108,0.5366049581103305,1107.2481275923087
existing/356,existing_real,existing_real,1-dodecanethiol + meoh,6-mercapto-1-hexanol + n-hexane,1.4942660302971003,0.5056451790909068,1021.3990152297873
existing/357,existing_real,existing_real,1-dodecanethiol + meoh,1-undecanethiol + diethylamine,0.8272319687938587,0.010377339183882674,511.6254292433773
existing/358,existing_real,existing_real,1-dodecanethiol + meoh,6-mercapto-1-hexanol + n-hexane,1.4178094948054933,0.4812743184600748,984.8061342325979
existing/359,existing_real,existing_real,1-dodecanethiol + meoh,1-undecanethiol + diethylamine,0.9685760332955806,0.014274626635798768,887.145454077684
existing/360,existing_real,existing_real,1-dodecanethiol + meoh,1-undecanethiol + diethylamine,0.939653680516734,0.013598715665309433,799.2061923426947
existing/361,existing_real,existing_real,1-dodecanethiol + meoh,1-undecanethiol + diethylamine,0.9458597862088354,0.012745060937262768,702.0917257807125
existing/362,existing_real,existing_real,1-dodecanethiol + meoh,1-undecanethiol + diethylamine,0.9053064778384583,0.012368933311732855,675.0828927633133
existing/363,existing_real,existing_real,1-dodecanethiol + meoh,1-undecanethiol + diethylamine,0.946306086383478,0.010827240421032577,506.7866949921172
existing/364,existing_real,existing_real,1-dodecanethiol + meoh,1-undecanethiol + diethylamine,0.9722150292012312,0.00978306796256469,411.31458820568315
existing/365,existing_real,existing_real,1-dodecanethiol + meoh,1-undecanethiol + diethylamine,0.8920890975414452,0.01051818267331774,482.3404036727799
existing/366,existing_real,existing_real,1-dodecanethiol + meoh,1-undecanethiol + diethylamine,0.8210564687154666,0.011054362326136777,551.0816183189517
existing/367,existing_real,existing_real,1-dodecanethiol + meoh,1-undecanethiol + diethylamine,0.827960853647089,0.010603946255788818,495.1103414782529
existing/368,existing_real,existing_real,1-dodecanethiol + meoh,1-undecanethiol + diethylamine,0.8232021675033818,0.008308746752414461,314.4102013594536
existing/369,existing_real,existing_real,1-dodecanethiol + meoh,1-undecanethiol + diethylamine,0.7531695131980878,0.011267809203930066,573.2561460270326
existing/370,existing_real,existing_real,1-dodecanethiol + meoh,1-undecanethiol + diethylamine,0.7323567273614663,0.011306019328943795,575.2194090721165
existing/371,existing_real,existing_real,1-dodecanethiol + meoh,1-undecanethiol + diethylamine,0.9158170893835971,0.008558895879823234,304.9164554923491
existing/372,existing_real,existing_real,1-dodecanethiol + meoh,1-dodecanethiol + diethylamine,0.9091497252924101,0.006034844224469725,244.3046566356103
existing/373,existing_real,existing_real,1-dodecanethiol + meoh,1-undecanethiol + diethylamine,0.9425110015293334,0.007557876305765465,248.33039852556018
existing/374,existing_real,existing_real,1-dodecanethiol + meoh,1-undecanethiol + diethylamine,0.791323136837841,0.009871169001460579,391.08283173437917
existing/375,existing_real,existing_real,1-dodecanethiol + meoh,1-undecanethiol + diethylamine,0.7952184180219706,0.009735443636006176,367.7382365325267
existing/376,existing_real,existing_real,1-dodecanethiol + meoh,1-undecanethiol + diethylamine,0.8346360236749379,0.008940972858868374,305.9407989989577
existing/377,existing_real,existing_real,1-dodecanethiol + meoh,1-dodecanethiol + diethylamine,0.8872626378890205,0.005574841273093223,259.44495299826343
existing/378,existing_real,existing_real,1-dodecanethiol + meoh,1-dodecanethiol + diethylamine,0.8916318028108674,0.005147418182377358,280.1796466308855
existing/379,existing_real,existing_real,1-dodecanethiol + meoh,1-undecanethiol + diethylamine,0.6176231815211165,0.010705340370845636,500.8157836953344
existing/380,existing_real,existing_real,1-dodecanethiol + meoh,1-undecanethiol + diethylamine,0.8495697506755444,0.0078522782139207,270.9026660548373
existing/381,existing_real,existing_real,1-dodecanethiol + meoh,1-undecanethiol + diethylamine,0.8066700613935192,0.008254322860549612,293.0185541787154
existing/382,existing_real,existing_real,1-dodecanethiol + meoh,1-dodecanethiol + diethylamine,0.8061202046335462,0.006106464018243747,297.77645812121455
existing/383,existing_real,existing_real,1-dodecanethiol + meoh,1-undecanethiol + diethylamine,0.746184189698718,0.008837941340374321,318.87472532551
existing/384,existing_real,existing_real,1-dodecanethiol + meoh,1-undecanethiol + diethylamine,0.7273681040360599,0.009389721782679638,343.91345549562396
existing/385,existing_real,existing_real,1-dodecanethiol + meoh,1-dodecanethiol + diethylamine,0.7123424879800967,0.00785006714800958,330.08244801198566
existing/386,existing_real,existing_real,1-dodecanethiol + meoh,1-dodecanethiol + diethylamine,0.8322591003709635,0.005768912536883151,389.5127680121437
existing/387,existing_real,existing_real,1-dodecanethiol + meoh,1-dodecanethiol + diethylamine,0.7156946514025353,0.007286555391135941,364.50449760073326
existing/388,existing_real,existing_real,1-dodecanethiol + meoh,1-dodecanethiol + diethylamine,0.7206456080953824,0.007355773192635586,396.29871532358453
existing/389,existing_real,existing_real,1-dodecanethiol + meoh,1-dodecanethiol + meoh,0.8618154885558034,0.27601932801487616,478.16213742412697
existing/390,existing_real,existing_real,1-dodecanethiol + meoh,1-undecanethiol + diethylamine,0.7556374293571837,0.011054244381982421,528.3084352537518
existing/391,existing_real,existing_real,1-dodecanethiol + meoh,1-dodecanethiol + meoh,0.8625514158990829,0.28145887359638727,473.08796473465577
existing/392,existing_real,existing_real,1-dodecanethiol + meoh,1-dodecanethiol + meoh,0.7960912554748485,0.328504779853147,462.4367636435336
existing/393,existing_real,existing_real,1-dodecanethiol + meoh,1-dodecanethiol + meoh,0.6966094948714392,0.37351752016097306,456.3631016868037
existing/394,existing_real,existing_real,1-dodecanethiol + meoh,1-undecanethiol + diethylamine,0.6434061420618679,0.00884467424260971,447.5790006058114
existing/395,existing_real,existing_real,1-dodecanethiol + meoh,1-undecanethiol + diethylamine,0.6119070726370224,0.009045016209021301,468.34793788122585
existing/396,existing_real,existing_real,1-dodecanethiol + meoh,1-dodecanethiol + meoh,0.584676037028653,0.4605058769028576,488.7722218218259
existing/397,existing_real,existing_real,1-dodecanethiol + meoh,1-undecanethiol + diethylamine,0.5227312796360873,0.009871304325011654,490.5139384927214
existing/398,existing_real,existing_real,1-dodecanethiol + meoh,1-undecanethiol + diethylamine,0.5292850998324529,0.010529390610675309,487.57100955677424
existing/399,existing_real,existing_real,1-dodecanethiol + meoh,benzenethiol + n-hexane,3.776554801311326,5.5403396575736705,25001.26254376265
existing/400,existing_real,existing_real,1-dodecanethiol + meoh,benzenethiol + n-hexane,3.810518313102661,5.641980267587701,25221.693579260937
existing/401,existing_real,existing_real,1-dodecanethiol + meoh,1-undecanethiol + diethylamine,0.7684443613851573,0.011437027620661507,583.7533451136451
existing/402,existing_real,existing_real,1-dodecanethiol + meoh,benzenethiol + n-hexane,3.5198125559874076,5.272469839282178,23192.374842389643
existing/403,existing_real,existing_real,1-dodecanethiol + meoh,benzenethiol + n-hexane,3.052384771106491,4.670294677689981,19991.930916438967
existing/404,existing_real,existing_real,1-dodecanethiol + meoh,benzenethiol + n-hexane,2.5023265920633664,3.9292399928025734,16210.676074595667
existing/405,existing_real,existing_real,1-dodecanethiol + meoh,benzenethiol + n-hexane,1.9634172021788492,3.1817879879318602,12541.19359590913
existing/406,existing_real,existing_real,1-dodecanethiol + meoh,benzenethiol + n-hexane,1.6225610618282935,2.6691886707608035,10299.622552049934
existing/407,existing_real,existing_real,1-dodecanethiol + meoh,benzenethiol + n-hexane,1.6344988097407402,2.7696420184181076,10365.676061909855
existing/408,existing_real,existing_real,1-dodecanethiol + meoh,benzenethiol + n-hexane,1.3947357904207554,2.530161099282671,8655.157111646247
existing/409,existing_real,existing_real,1-dodecanethiol + meoh,benzenethiol + n-hexane,1.112236878520973,2.1709815348502914,6746.931965900379
existing/410,existing_real,existing_real,1-dodecanethiol + meoh,benzenethiol + n-hexane,0.9033083140172892,1.888135795428512,5352.851283061007
existing/411,existing_real,existing_real,1-dodecanethiol + meoh,diethylamine + n-hexane,0.03739540807919904,1.343388803393491,4345.63915001942
existing/412,existing_real,existing_real,1-dodecanethiol + meoh,1-undecanethiol + diethylamine,0.9183681198413995,0.009656580435725358,396.85021187520806
existing/413,existing_real,existing_real,1-dodecanethiol + meoh,diethylamine + n-hexane,0.03326141328309491,1.1650056250961776,3688.4032907898177
existing/414,existing_real,existing_real,1-dodecanethiol + meoh,diethylamine + n-hexane,0.030530820580662605,1.0609020726301404,3165.918081056413
existing/415,existing_real,existing_real,1-dodecanethiol + meoh,diethylamine + n-hexane,0.027753843273294106,0.9487597928389117,2747.7567598007513
existing/416,existing_real,existing_real,1-dodecanethiol + meoh,diethylamine + n-hexane,0.02591945825058426,0.8982689281482504,2378.4325212142257
existing/417,existing_real,existing_real,1-dodecanethiol + meoh,diethylamine + n-hexane,0.024512650784419995,0.8439073752662589,2187.9498214921496
existing/418,existing_real,existing_real,1-dodecanethiol + meoh,6-mercapto-1-hexanol + n-hexane,1.4626820658234305,0.680645549898847,1820.8594752131446
existing/419,existing_real,existing_real,1-dodecanethiol + meoh,6-mercapto-1-hexanol + n-hexane,1.4832256985695633,0.5928021833421171,1364.073280708765
existing/420,existing_real,existing_real,1-dodecanethiol + meoh,6-mercapto-1-hexanol + n-hexane,1.3811869492793893,0.5915810977287228,1510.8807997565837
existing/421,existing_real,existing_real,1-dodecanethiol + meoh,6-mercapto-1-hexanol + n-hexane,1.3423022859726887,0.546890976571331,1307.7063428545137
existing/422,existing_real,existing_real,1-dodecanethiol + meoh,6-mercapto-1-hexanol + n-hexane,1.3400581421540458,0.4838913229318887,1061.4043426871833
existing/423,existing_real,existing_real,"6-mercapto-1-hexanol + n,n-dimethylformamide","6-mercapto-1-hexanol + n,n-dimethylformamide",1.393497935822745,0.6238151057852362,780.9932999104726
existing/424,existing_real,existing_real,"6-mercapto-1-hexanol + n,n-dimethylformamide","6-mercapto-1-hexanol + n,n-dimethylformamide",1.3209042968301623,0.6577460398997829,653.3203607558851
existing/425,existing_real,existing_real,"6-mercapto-1-hexanol + n,n-dimethylformamide","6-mercapto-1-hexanol + n,n-dimethylformamide",1.3165543584661148,0.6583214943694976,654.1753577319457
existing/426,existing_real,existing_real,"6-mercapto-1-hexanol + n,n-dimethylformamide","6-mercapto-1-hexanol + n,n-dimethylformamide",1.3339041885073504,0.6570141171287013,675.2411479675321
existing/427,existing_real,existing_real,"6-mercapto-1-hexanol + n,n-dimethylformamide","6-mercapto-1-hexanol + n,n-dimethylformamide",1.340032830177989,0.6801684784853333,672.0700460493136
existing/428,existing_real,existing_real,"6-mercapto-1-hexanol + n,n-dimethylformamide","6-mercapto-1-hexanol + n,n-dimethylformamide",1.3008626412593551,0.6773482088412454,626.2042821699255
existing/429,existing_real,existing_real,"6-mercapto-1-hexanol + n,n-dimethylformamide","6-mercapto-1-hexanol + n,n-dimethylformamide",1.2982907027020583,0.6759904480707662,609.2093159627998
existing/430,existing_real,existing_real,"6-mercapto-1-hexanol + n,n-dimethylformamide","6-mercapto-1-hexanol + n,n-dimethylformamide",1.2914205271461496,0.6800683253407387,613.0253204130624
existing/431,existing_real,existing_real,"6-mercapto-1-hexanol + n,n-dimethylformamide","6-mercapto-1-hexanol + n,n-dimethylformamide",1.2958095694135519,0.6788924173599421,610.930324693382
existing/432,existing_real,existing_real,"6-mercapto-1-hexanol + n,n-dimethylformamide","6-mercapto-1-hexanol + n,n-dimethylformamide",1.3036309525781618,0.6832897204451158,616.9064765930099
existing/433,existing_real,existing_real,"6-mercapto-1-hexanol + n,n-dimethylformamide","6-mercapto-1-hexanol + n,n-dimethylformamide",1.3246678368694187,0.6960619411944726,635.9748093839287
existing/434,existing_real,existing_real,"6-mercapto-1-hexanol + n,n-dimethylformamide","6-mercapto-1-hexanol + n,n-dimethylformamide",1.3658045675620365,0.6254013636976106,746.3794330475548
existing/435,existing_real,existing_real,"6-mercapto-1-hexanol + n,n-dimethylformamide","6-mercapto-1-hexanol + n,n-dimethylformamide",1.2887206455592033,0.697506175878303,596.0999825886066
existing/436,existing_real,existing_real,"6-mercapto-1-hexanol + n,n-dimethylformamide","6-mercapto-1-hexanol + n,n-dimethylformamide",1.2805988434831186,0.6950005451755437,586.0124131789995
existing/437,existing_real,existing_real,"6-mercapto-1-hexanol + n,n-dimethylformamide","6-mercapto-1-hexanol + n,n-dimethylformamide",1.2810103586125785,0.6978519323705269,586.6530739303589
existing/438,existing_real,existing_real,"6-mercapto-1-hexanol + n,n-dimethylformamide","6-mercapto-1-hexanol + n,n-dimethylformamide",1.2903378615929482,0.6997596006471928,591.265799478821
existing/439,existing_real,existing_real,"6-mercapto-1-hexanol + n,n-dimethylformamide","6-mercapto-1-hexanol + n,n-dimethylformamide",1.2914103386077553,0.7003843080240656,599.127482679716
existing/440,existing_real,existing_real,"6-mercapto-1-hexanol + n,n-dimethylformamide","6-mercapto-1-hexanol + n,n-dimethylformamide",1.3186073740663136,0.7111884370364743,628.0994429357114
existing/441,existing_real,existing_real,"6-mercapto-1-hexanol + n,n-dimethylformamide","6-mercapto-1-hexanol + n,n-dimethylformamide",1.282673322097676,0.712224027223179,586.4122808485625
existing/442,existing_real,existing_real,"6-mercapto-1-hexanol + n,n-dimethylformamide","6-mercapto-1-hexanol + n,n-dimethylformamide",1.2735031556283156,0.7095483052027604,576.3274404777588
existing/443,existing_real,existing_real,"6-mercapto-1-hexanol + n,n-dimethylformamide","6-mercapto-1-hexanol + n,n-dimethylformamide",1.2674105108169744,0.7166941686403371,570.5179894171523
existing/444,existing_real,existing_real,"6-mercapto-1-hexanol + n,n-dimethylformamide","6-mercapto-1-hexanol + n,n-dimethylformamide",1.2755038782605128,0.7171394925174501,574.0811252824708
existing/445,existing_real,existing_real,"6-mercapto-1-hexanol + n,n-dimethylformamide","6-mercapto-1-hexanol + n,n-dimethylformamide",1.3785473436657296,0.6275286969877982,759.9400977605769
existing/446,existing_real,existing_real,"6-mercapto-1-hexanol + n,n-dimethylformamide","6-mercapto-1-hexanol + n,n-dimethylformamide",1.284666821915931,0.7167927931912645,589.4906453560686
existing/447,existing_real,existing_real,"6-mercapto-1-hexanol + n,n-dimethylformamide","6-mercapto-1-hexanol + n,n-dimethylformamide",1.3174036225905403,0.7249458176939383,628.6360030130584
existing/448,existing_real,existing_real,"6-mercapto-1-hexanol + n,n-dimethylformamide","6-mercapto-1-hexanol + n,n-dimethylformamide",1.2884657236925972,0.7228377469782119,592.3828739957501
existing/449,existing_real,existing_real,"6-mercapto-1-hexanol + n,n-dimethylformamide","6-mercapto-1-hexanol + n,n-dimethylformamide",1.2777458801101993,0.7209035630365637,580.7226753972491
existing/450,existing_real,existing_real,"6-mercapto-1-hexanol + n,n-dimethylformamide","6-mercapto-1-hexanol + n,n-dimethylformamide",1.2733454399635127,0.7269869870338287,577.5210119172191
existing/451,existing_real,existing_real,"6-mercapto-1-hexanol + n,n-dimethylformamide","6-mercapto-1-hexanol + n,n-dimethylformamide",1.268768629770426,0.7299904772725562,572.2726472225029
existing/452,existing_real,existing_real,"6-mercapto-1-hexanol + n,n-dimethylformamide","6-mercapto-1-hexanol + n,n-dimethylformamide",1.2884954303374598,0.728123833095927,589.5015057824118
existing/453,existing_real,existing_real,"6-mercapto-1-hexanol + n,n-dimethylformamide","6-mercapto-1-hexanol + n,n-dimethylformamide",1.3867916505396805,0.6253410033704005,763.7713100654656
existing/454,existing_real,existing_real,"6-mercapto-1-hexanol + n,n-dimethylformamide","6-mercapto-1-hexanol + n,n-dimethylformamide",1.369392494118972,0.625693127850392,742.8607663819927
existing/455,existing_real,existing_real,"6-mercapto-1-hexanol + n,n-dimethylformamide","6-mercapto-1-hexanol + n,n-dimethylformamide",1.3834527756521546,0.6250970479527639,764.0870527325594
existing/456,existing_real,existing_real,"6-mercapto-1-hexanol + n,n-dimethylformamide","6-mercapto-1-hexanol + n,n-dimethylformamide",1.370886831195261,0.6594334618897992,715.843152503053
existing/457,existing_real,existing_real,"6-mercapto-1-hexanol + n,n-dimethylformamide","6-mercapto-1-hexanol + n,n-dimethylformamide",1.3302795619436805,0.6588242186374006,676.9904166250881
existing/458,existing_real,existing_real,"6-mercapto-1-hexanol + n,n-dimethylformamide","6-mercapto-1-hexanol + n,n-dimethylformamide",1.3229766617890715,0.6578417854451463,659.7527138046831
existing/459,existing_real,existing_real,"n,n-dimethylformamide + pyridine","n,n-dimethylformamide + pyridine",0.7172783048603416,1.4292664834642916,1265.3974725630978
existing/460,existing_real,existing_real,"n,n-dimethylformamide + pyridine","n,n-dimethylformamide + pyridine",0.6532418628955794,1.3547323982141664,1256.223729001164
existing/461,existing_real,existing_real,"n,n-dimethylformamide + pyridine","n,n-dimethylformamide + pyridine",0.6706905605598024,1.369656000303155,1208.5643683570827
existing/462,existing_real,existing_real,"n,n-dimethylformamide + pyridine","n,n-dimethylformamide + pyridine",0.7004326936348212,1.3910007841623253,1170.9780549189713
existing/463,existing_real,existing_real,"n,n-dimethylformamide + pyridine","n,n-dimethylformamide + pyridine",0.6328049613614245,1.3604067738441294,1422.371447207047
existing/464,existing_real,existing_real,"n,n-dimethylformamide + pyridine","n,n-dimethylformamide + pyridine",0.6250071007660793,1.3363652867684706,1384.64775393445
existing/465,existing_real,existing_real,"n,n-dimethylformamide + pyridine","n,n-dimethylformamide + pyridine",0.632941068207003,1.3236546776331333,1251.9917006291296
existing/466,existing_real,existing_real,"n,n-dimethylformamide + pyridine","n,n-dimethylformamide + pyridine",0.6422840560695506,1.31961217135319,1201.2208482055848
existing/467,existing_real,existing_real,"n,n-dimethylformamide + pyridine","n,n-dimethylformamide + pyridine",0.6566960044640596,1.3347336235576104,1143.2088768971523
existing/468,existing_real,existing_real,"n,n-dimethylformamide + pyridine","n,n-dimethylformamide + pyridine",0.6849256442455979,1.3492025839168789,1079.4303221103905
existing/469,existing_real,existing_real,"n,n-dimethylformamide + pyridine","n,n-dimethylformamide + pyridine",0.6235202553469251,1.3395984414008077,1426.3261212571144
existing/470,existing_real,existing_real,"n,n-dimethylformamide + pyridine","n,n-dimethylformamide + pyridine",0.7069009183947589,1.412483343429283,1250.5839205541786
existing/471,existing_real,existing_real,"n,n-dimethylformamide + pyridine","n,n-dimethylformamide + pyridine",0.6114425766901417,1.3131982725541704,1397.9391248596894
existing/472,existing_real,existing_real,"n,n-dimethylformamide + pyridine","n,n-dimethylformamide + pyridine",0.6200333487994867,1.3031515464264054,1283.677748488075
existing/473,existing_real,existing_real,"n,n-dimethylformamide + pyridine","n,n-dimethylformamide + pyridine",0.6283011743718523,1.3016989673952466,1184.5000079752567
existing/474,existing_real,existing_real,"n,n-dimethylformamide + pyridine","n,n-dimethylformamide + pyridine",0.6427817255529389,1.30867393193909,1152.3515053077297
existing/475,existing_real,existing_real,"n,n-dimethylformamide + pyridine","n,n-dimethylformamide + pyridine",0.6634176419062481,1.3294179180664598,1107.3966079715512
existing/476,existing_real,existing_real,"n,n-dimethylformamide + pyridine","n,n-dimethylformamide + pyridine",0.6200431887866669,1.3246873774655412,1398.8820476693381
existing/477,existing_real,existing_real,"n,n-dimethylformamide + pyridine","n,n-dimethylformamide + pyridine",0.6120321267726495,1.3018206094273836,1364.0464638860497
existing/478,existing_real,existing_real,"n,n-dimethylformamide + pyridine","n,n-dimethylformamide + pyridine",0.6261188755691927,1.294879205376803,1229.7117556392582
existing/479,existing_real,existing_real,"n,n-dimethylformamide + pyridine","n,n-dimethylformamide + pyridine",0.6339029080308668,1.2954171345118524,1131.708410102973
existing/480,existing_real,existing_real,"n,n-dimethylformamide + pyridine","n,n-dimethylformamide + pyridine",0.6360036696002581,1.2945921344585822,1136.3197422279006
existing/481,existing_real,existing_real,"n,n-dimethylformamide + pyridine","n,n-dimethylformamide + pyridine",0.7024162964915868,1.4078885029445372,1232.0665489757466
existing/482,existing_real,existing_real,"n,n-dimethylformamide + pyridine","n,n-dimethylformamide + pyridine",0.6289999424467333,1.2973109826780445,1170.927230999683
existing/483,existing_real,existing_real,"n,n-dimethylformamide + pyridine","n,n-dimethylformamide + pyridine",0.6198535181039967,1.3029792753613036,1331.5244647040954
existing/484,existing_real,existing_real,"n,n-dimethylformamide + pyridine","n,n-dimethylformamide + pyridine",0.622894969740726,1.296465324551827,1256.1927635932493
existing/485,existing_real,existing_real,"n,n-dimethylformamide + pyridine","n,n-dimethylformamide + pyridine",0.6444658702942098,1.2917143773938518,1119.712482947109
existing/486,existing_real,existing_real,"n,n-dimethylformamide + pyridine","n,n-dimethylformamide + pyridine",0.6525881494420296,1.2988013008794643,1074.8108059885665
existing/487,existing_real,existing_real,"n,n-dimethylformamide + pyridine","n,n-dimethylformamide + pyridine",0.6485906637105233,1.2916021209887323,1064.567917531551
existing/488,existing_real,existing_real,"n,n-dimethylformamide + pyridine","n,n-dimethylformamide + pyridine",0.6409708065354304,1.2987779060445013,1109.662312292014
existing/489,existing_real,existing_real,"n,n-dimethylformamide + pyridine","n,n-dimethylformamide + pyridine",0.7049238496981822,1.4056791471627144,1218.5461214288227
existing/490,existing_real,existing_real,"n,n-dimethylformamide + pyridine","n,n-dimethylformamide + pyridine",0.7046978841191122,1.4055428539932635,1194.2859420093216
existing/491,existing_real,existing_real,"n,n-dimethylformamide + pyridine","n,n-dimethylformamide + pyridine",0.7224330914122687,1.4159206926889207,1172.139915863306
existing/492,existing_real,existing_real,"n,n-dimethylformamide + pyridine","n,n-dimethylformamide + pyridine",0.6511698917409368,1.3822580473544543,1416.8304889651042
existing/493,existing_real,existing_real,"n,n-dimethylformamide + pyridine","n,n-dimethylformamide + pyridine",0.6428581514533225,1.369126699121866,1405.4206939435564
existing/494,existing_real,existing_real,"n,n-dimethylformamide + pyridine","n,n-dimethylformamide + pyridine",0.6446992493408895,1.3593132115116322,1327.0556333275817
existing/495,existing_real,existing_real,benzenethiol + pyridine,pyridine + toluene,1.6055728191150587,0.5266851223492243,6758.330532190747
existing/496,existing_real,existing_real,benzenethiol + pyridine,pyridine + toluene,1.5725317117749766,0.5228237819017767,6614.445671556492
existing/497,existing_real,existing_real,benzenethiol + pyridine,pyridine + toluene,1.5975782874434636,0.536809123131319,6757.047409919568
existing/498,existing_real,existing_real,benzenethiol + pyridine,pyridine + toluene,1.638921373093742,0.553263912037297,6971.011671453156
existing/499,existing_real,existing_real,benzenethiol + pyridine,pyridine + toluene,1.6264413530902517,0.5445209499964953,6881.533286940062
existing/500,existing_real,existing_real,benzenethiol + pyridine,pyridine + toluene,1.5832327180572103,0.5329322864378558,6698.253163241964
existing/501,existing_real,existing_real,benzenethiol + pyridine,pyridine + toluene,1.5916157611890094,0.5366648557446153,6737.688616988158
existing/502,existing_real,existing_real,benzenethiol + pyridine,pyridine + toluene,1.6271534390699196,0.5501606406336185,6906.9401938056135
existing/503,existing_real,existing_real,benzenethiol + pyridine,pyridine + toluene,1.630624903644266,0.5507612061639708,6931.536485849365
existing/504,existing_real,existing_real,benzenethiol + pyridine,pyridine + toluene,1.6107910411346456,0.545586098818618,6847.893913825904
existing/505,existing_real,existing_real,benzenethiol + pyridine,pyridine + toluene,1.594941396937798,0.5411135995480835,6779.275620054622
existing/506,existing_real,existing_real,benzenethiol + pyridine,pyridine + toluene,1.598933000157474,0.5264956365850711,6743.076729291291
existing/507,existing_real,existing_real,benzenethiol + pyridine,pyridine + toluene,1.6117579449730017,0.5433423317316823,6826.916999707958
existing/508,existing_real,existing_real,benzenethiol + pyridine,pyridine + toluene,1.6289550362877132,0.5501680565490773,6911.207696981787
existing/509,existing_real,existing_real,benzenethiol + pyridine,pyridine + toluene,1.6256480719658526,0.5519780842480773,6901.459594602007
existing/510,existing_real,existing_real,benzenethiol + pyridine,pyridine + toluene,1.598531569910703,0.547518256963615,6812.452763255279
existing/511,existing_real,existing_real,benzenethiol + pyridine,pyridine + toluene,1.5843870110249307,0.5435617296892183,6739.064203825261
existing/512,existing_real,existing_real,benzenethiol + pyridine,pyridine + toluene,1.6022724415721683,0.5477017978329534,6811.113263831646
existing/513,existing_real,existing_real,benzenethiol + pyridine,pyridine + toluene,1.6328296482263982,0.5589512224883931,6952.001692536575
existing/514,existing_real,existing_real,benzenethiol + pyridine,pyridine + toluene,1.6476913730412035,0.5660189343959685,7045.657509790978
existing/515,existing_real,existing_real,benzenethiol + pyridine,pyridine + toluene,1.639513872022847,0.5598188835422346,6988.979456604371
existing/516,existing_real,existing_real,benzenethiol + pyridine,pyridine + toluene,1.614216092506533,0.5528222281541223,6855.691814043806
existing/517,existing_real,existing_real,benzenethiol + pyridine,pyridine + toluene,1.5867322400756787,0.5191479203047505,6652.060050944059
existing/518,existing_real,existing_real,benzenethiol + pyridine,pyridine + toluene,1.6020187747146055,0.5520761193689516,6839.451204342258
existing/519,existing_real,existing_real,benzenethiol + pyridine,pyridine + toluene,1.6415921971757415,0.5639072290584898,7028.232054397014
existing/520,existing_real,existing_real,benzenethiol + pyridine,pyridine + toluene,1.6481279127898492,0.5631840090863863,7070.3255240377275
existing/521,existing_real,existing_real,benzenethiol + pyridine,pyridine + toluene,1.640992717416137,0.56168523061472,7036.174882122417
existing/522,existing_real,existing_real,benzenethiol + pyridine,pyridine + toluene,1.6043271436962379,0.5525527132219177,6865.3525387340405
existing/523,existing_real,existing_real,benzenethiol + pyridine,pyridine + toluene,1.5959115658044283,0.5432167109417971,6760.637752132285
existing/524,existing_real,existing_real,benzenethiol + pyridine,pyridine + toluene,1.5816150909104965,0.5427934933993656,6705.825155899185
existing/525,existing_real,existing_real,benzenethiol + pyridine,pyridine + toluene,1.6123194403728351,0.5335944539120615,6785.333203512731
existing/526,existing_real,existing_real,benzenethiol + pyridine,pyridine + toluene,1.5906932013625856,0.526011992379381,6665.144067053159
existing/527,existing_real,existing_real,benzenethiol + pyridine,pyridine + toluene,1.6145641473136005,0.5406262412012197,6836.116915200028
existing/528,existing_real,existing_real,benzenethiol + pyridine,pyridine + toluene,1.5804091430857712,0.5261104557319628,6659.965636734112
existing/529,existing_real,existing_real,benzenethiol + pyridine,pyridine + toluene,1.6267097426386365,0.5408331738737757,6875.829820851493
existing/530,existing_real,existing_real,benzenethiol + pyridine,pyridine + toluene,1.617992058022759,0.5425800142286133,6863.41067402748
existing/531,existing_real,existing_real,1-dodecanethiol + benzene,1-dodecanethiol + benzene,0.5451694683355404,0.46854221371170035,2672.583577967442
existing/532,existing_real,existing_real,1-dodecanethiol + benzene,1-dodecanethiol + benzene,0.5412516520005595,0.4751201212886364,2613.7848148339353
existing/533,existing_real,existing_real,1-dodecanethiol + benzene,1-dodecanethiol + benzene,0.5385552635175022,0.4688201016598204,2537.4806034275334
existing/534,existing_real,existing_real,1-dodecanethiol + benzene,1-dodecanethiol + benzene,0.5317357681933093,0.4648268885984591,2509.181615985914
existing/535,existing_real,existing_real,1-dodecanethiol + benzene,1-dodecanethiol + benzene,0.5282087333358418,0.4611311294048938,2529.007067391369
existing/536,existing_real,existing_real,1-dodecanethiol + benzene,1-dodecanethiol + benzene,0.5264787664769551,0.45611737520640083,2495.96040741151
existing/537,existing_real,existing_real,1-dodecanethiol + benzene,1-dodecanethiol + benzene,0.5327255441286246,0.46922989854358454,2479.5229394281896
existing/538,existing_real,existing_real,1-dodecanethiol + benzene,1-dodecanethiol + benzene,0.5314808244175877,0.4701699124305364,2498.4196775424743
existing/539,existing_real,existing_real,1-dodecanethiol + benzene,1-dodecanethiol + benzene,0.5323670122920392,0.47184752829683446,2486.0140128952485
existing/540,existing_real,existing_real,1-dodecanethiol + benzene,1-dodecanethiol + benzene,0.5343541756190975,0.4716877304420533,2523.0836878680284
existing/541,existing_real,existing_real,1-dodecanethiol + benzene,1-dodecanethiol + benzene,0.5346922993339626,0.4728279043151403,2528.416907156227
existing/542,existing_real,existing_real,1-dodecanethiol + benzene,1-dodecanethiol + benzene,0.5399544762042614,0.46562700141562136,2637.51424106353
existing/543,existing_real,existing_real,1-dodecanethiol + benzene,1-dodecanethiol + benzene,0.5396521069838771,0.476408664267033,2608.322773246148
existing/544,existing_real,existing_real,1-dodecanethiol + benzene,1-dodecanethiol + benzene,0.544487409914571,0.4774490792166792,2541.1901308758556
existing/545,existing_real,existing_real,1-dodecanethiol + benzene,1-dodecanethiol + benzene,0.5489687997533862,0.49730814237800663,2650.115206411052
existing/546,existing_real,existing_real,1-dodecanethiol + benzene,1-dodecanethiol + benzene,0.5421057049944874,0.4959994854297812,2589.0838542442084
existing/547,existing_real,existing_real,1-dodecanethiol + benzene,1-dodecanethiol + benzene,0.5367716389582353,0.494488447887451,2632.4686588127834
existing/548,existing_real,existing_real,1-dodecanethiol + benzene,1-dodecanethiol + benzene,0.5344810257348033,0.4925343250532945,2604.5770697709486
existing/549,existing_real,existing_real,1-dodecanethiol + benzene,1-dodecanethiol + benzene,0.5333584339919499,0.4873841305356043,2566.99813051605
existing/550,existing_real,existing_real,1-dodecanethiol + benzene,1-dodecanethiol + benzene,0.5331347032649514,0.4849570650256028,2583.927295614752
existing/551,existing_real,existing_real,1-dodecanethiol + benzene,1-dodecanethiol + benzene,0.534430195275595,0.4810853206265439,2506.0826618713895
existing/552,existing_real,existing_real,1-dodecanethiol + benzene,1-dodecanethiol + benzene,0.5435820201766138,0.4988247996240992,2649.0869955989933
existing/553,existing_real,existing_real,1-dodecanethiol + benzene,1-dodecanethiol + benzene,0.5397265580475995,0.46625168524404176,2595.3563183349847
existing/554,existing_real,existing_real,1-dodecanethiol + benzene,1-dodecanethiol + benzene,0.5406721358884304,0.4937219809377069,2638.07757564488
existing/555,existing_real,existing_real,1-dodecanethiol + benzene,1-dodecanethiol + benzene,0.5344847305783832,0.49076336707345153,2630.333080505316
existing/556,existing_real,existing_real,1-dodecanethiol + benzene,1-dodecanethiol + benzene,0.534133648881396,0.48525628200568743,2610.576663289445
existing/557,existing_real,existing_real,1-dodecanethiol + benzene,1-dodecanethiol + benzene,0.5313409797114917,0.4806379841248974,2599.918109218961
existing/558,existing_real,existing_real,1-dodecanethiol + benzene,1-dodecanethiol + benzene,0.5305286699022953,0.4751641556443306,2577.1961936045227
existing/559,existing_real,existing_real,1-dodecanethiol + benzene,1-dodecanethiol + benzene,0.5295788827505937,0.46927744947188726,2554.320906628919
existing/560,existing_real,existing_real,1-dodecanethiol + benzene,1-dodecanethiol + benzene,0.5453974998096406,0.4961306762524452,2666.8591515021944
existing/561,existing_real,existing_real,1-dodecanethiol + benzene,1-dodecanethiol + benzene,0.540990367688871,0.4925693399575325,2682.6758324120105
existing/562,existing_real,existing_real,1-dodecanethiol + benzene,1-dodecanethiol + benzene,0.5357376084279387,0.490008404647822,2651.809214873209
existing/563,existing_real,existing_real,1-dodecanethiol + benzene,1-dodecanethiol + benzene,0.5382251817114501,0.4849943906212321,2609.5292228512726
existing/564,existing_real,existing_real,1-dodecanethiol + benzene,1-dodecanethiol + benzene,0.5405514204598845,0.4662799152419219,2595.6290119047085
existing/565,existing_real,existing_real,1-dodecanethiol + benzene,1-dodecanethiol + benzene,0.5357466310941639,0.47921586980573816,2605.584721692721
existing/566,existing_real,existing_real,1-dodecanethiol + benzene,1-dodecanethiol + benzene,0.5315271620102318,0.4752880699574886,2582.3109633380022
existing/567,existing_real,existing_real,1-dodecanethiol + benzene,1-dodecanethiol + benzene,0.5289347730348333,0.4717272287120403,2547.441908170059
existing/568,existing_real,existing_real,1-dodecanethiol + benzene,1-dodecanethiol + benzene,0.5398273687953385,0.49444920124638286,2647.7172837857192
existing/569,existing_real,existing_real,1-dodecanethiol + benzene,1-dodecanethiol + benzene,0.5435926693081535,0.49057320092785356,2613.2710442101907
existing/570,existing_real,existing_real,1-dodecanethiol + benzene,1-dodecanethiol + benzene,0.541319732871357,0.489119497768927,2667.4433293592997
existing/571,existing_real,existing_real,1-dodecanethiol + benzene,1-dodecanethiol + benzene,0.5447885849452546,0.4825953159655397,2584.6755077162743
existing/572,existing_real,existing_real,1-dodecanethiol + benzene,1-dodecanethiol + benzene,0.5387203990950115,0.4818170555950903,2600.192181752561
existing/573,existing_real,existing_real,1-dodecanethiol + benzene,1-dodecanethiol + benzene,0.539827322759506,0.4744657428619844,2514.3448687526825
existing/574,existing_real,existing_real,1-dodecanethiol + benzene,1-dodecanethiol + benzene,0.5376294042976588,0.4752214776780901,2509.653544741174
existing/575,existing_real,existing_real,1-dodecanethiol + benzene,1-dodecanethiol + benzene,0.5385343260171349,0.4654761484574653,2554.36042288488
existing/576,existing_real,existing_real,1-dodecanethiol + benzene,1-dodecanethiol + benzene,0.5368476572187343,0.4679856322321244,2568.822742886855
existing/577,existing_real,existing_real,1-dodecanethiol + benzene,1-dodecanethiol + benzene,0.5365626178518926,0.4700382851662854,2587.6633875751495
existing/578,existing_real,existing_real,1-dodecanethiol + benzene,1-dodecanethiol + benzene,0.5456352902497629,0.48566324009363815,2601.0199836021866
existing/579,existing_real,existing_real,1-dodecanethiol + benzene,1-dodecanethiol + benzene,0.5429114184857122,0.481116335666679,2604.9605802205974
Mix 13/mix 13_Y0_X0.txt,pt2_real,Mix 13,n-hexane + pyridine,n-hexane + pyridine,0.20143575021976026,0.552063571715895,878.3337026754084
Mix 13/mix 13_Y0_X1.txt,pt2_real,Mix 13,n-hexane + pyridine,n-hexane + pyridine,0.20390106170706238,0.5525329876966888,860.8243046108237
Mix 13/mix 13_Y0_X2.txt,pt2_real,Mix 13,n-hexane + pyridine,n-hexane + pyridine,0.2035151800441456,0.5567222303461589,864.449934121802
Mix 13/mix 13_Y0_X3.txt,pt2_real,Mix 13,n-hexane + pyridine,n-hexane + pyridine,0.20327464176964938,0.5568911574437796,851.7706619259657
Mix 13/mix 13_Y0_X4.txt,pt2_real,Mix 13,n-hexane + pyridine,n-hexane + pyridine,0.20094691683234556,0.5555449150124292,844.4552770839364
Mix 13/mix 13_Y0_X5.txt,pt2_real,Mix 13,n-hexane + pyridine,n-hexane + pyridine,0.19981950049185582,0.5546794025476743,859.8395079982879
Mix 13/mix 13_Y1_X0.txt,pt2_real,Mix 13,n-hexane + pyridine,n-hexane + pyridine,0.19559985736252217,0.5549815940365208,845.5662894027071
Mix 13/mix 13_Y1_X1.txt,pt2_real,Mix 13,n-hexane + pyridine,n-hexane + pyridine,0.19735029922231273,0.5529940923091213,825.681974074215
Mix 13/mix 13_Y1_X2.txt,pt2_real,Mix 13,n-hexane + pyridine,n-hexane + pyridine,0.2003767022623058,0.5537408416780398,829.8473217086877
Mix 13/mix 13_Y1_X3.txt,pt2_real,Mix 13,n-hexane + pyridine,n-hexane + pyridine,0.1980887417280942,0.5541641893583967,825.5063648722205
Mix 13/mix 13_Y1_X4.txt,pt2_real,Mix 13,n-hexane + pyridine,n-hexane + pyridine,0.19717627937027135,0.5522984651180879,824.152729177601
Mix 13/mix 13_Y1_X5.txt,pt2_real,Mix 13,n-hexane + pyridine,n-hexane + pyridine,0.19731712390818756,0.5517268602394705,839.8142178414101
Mix 13/mix 13_Y2_X0.txt,pt2_real,Mix 13,n-hexane + pyridine,n-hexane + pyridine,0.19956125818428586,0.5473860342366472,829.7732347727999
Mix 13/mix 13_Y2_X1.txt,pt2_real,Mix 13,n-hexane + pyridine,n-hexane + pyridine,0.2005626838694867,0.5475464485910547,814.6383825938361
Mix 13/mix 13_Y2_X2.txt,pt2_real,Mix 13,n-hexane + pyridine,n-hexane + pyridine,0.19925050592487392,0.5543079837811434,834.3199929335083
Mix 13/mix 13_Y2_X3.txt,pt2_real,Mix 13,n-hexane + pyridine,n-hexane + pyridine,0.20314251615597728,0.5496206420794816,829.3061145746723
Mix 13/mix 13_Y2_X4.txt,pt2_real,Mix 13,n-hexane + pyridine,n-hexane + pyridine,0.1994001079366074,0.5496205961403899,841.8125367624118
Mix 13/mix 13_Y2_X5.txt,pt2_real,Mix 13,n-hexane + pyridine,n-hexane + pyridine,0.19864330089504761,0.5481133095630916,839.0196469049604
Mix 13/mix 13_Y3_X0.txt,pt2_real,Mix 13,n-hexane + pyridine,n-hexane + pyridine,0.19588832712632812,0.5500713448427179,846.6708476696268
Mix 13/mix 13_Y3_X1.txt,pt2_real,Mix 13,n-hexane + pyridine,n-hexane + pyridine,0.19587277791543295,0.5491467846716602,859.3400624206403
Mix 13/mix 13_Y3_X2.txt,pt2_real,Mix 13,n-hexane + pyridine,n-hexane + pyridine,0.1974243169719794,0.5486499517611723,856.044872138683
Mix 13/mix 13_Y3_X3.txt,pt2_real,Mix 13,n-hexane + pyridine,n-hexane + pyridine,0.20289665637431012,0.5464816638592783,869.484744663169
Mix 13/mix 13_Y3_X4.txt,pt2_real,Mix 13,n-hexane + pyridine,n-hexane + pyridine,0.20085208815706865,0.5516180966805819,876.6239454872025
Mix 13/mix 13_Y3_X5.txt,pt2_real,Mix 13,n-hexane + pyridine,n-hexane + pyridine,0.20060408977477226,0.5500842425765362,874.7143423544945
Mix 13/mix 13_Y4_X0.txt,pt2_real,Mix 13,n-hexane + pyridine,n-hexane + pyridine,0.20484665009829364,0.5531438531746837,895.3156604189227
Mix 13/mix 13_Y4_X1.txt,pt2_real,Mix 13,n-hexane + pyridine,n-hexane + pyridine,0.2022773861043403,0.5528489004311526,896.5604784875452
Mix 13/mix 13_Y4_X2.txt,pt2_real,Mix 13,n-hexane + pyridine,n-hexane + pyridine,0.2014648922160841,0.5511554790521366,899.7350231047617
Mix 13/mix 13_Y4_X3.txt,pt2_real,Mix 13,n-hexane + pyridine,n-hexane + pyridine,0.19632995664319197,0.5525905769683135,904.6952137078018
Mix 13/mix 13_Y4_X4.txt,pt2_real,Mix 13,n-hexane + pyridine,n-hexane + pyridine,0.19387433764467574,0.5514609474642005,911.4583588383098
Mix 13/mix 13_Y4_X5.txt,pt2_real,Mix 13,n-hexane + pyridine,n-hexane + pyridine,0.1979938650265982,0.5477874870510097,919.2475055020542
Mix 13/mix 13_Y5_X0.txt,pt2_real,Mix 13,n-hexane + pyridine,n-hexane + pyridine,0.2000657400178855,0.5542143363007919,930.2649564546327
Mix 13/mix 13_Y5_X1.txt,pt2_real,Mix 13,n-hexane + pyridine,n-hexane + pyridine,0.19813809793997872,0.5554187338291999,935.0236480562737
Mix 13/mix 13_Y5_X2.txt,pt2_real,Mix 13,n-hexane + pyridine,n-hexane + pyridine,0.2023123927809038,0.5503268509430851,952.7522902527799
Mix 13/mix 13_Y5_X3.txt,pt2_real,Mix 13,n-hexane + pyridine,n-hexane + pyridine,0.20162021815002537,0.5505291523252709,956.910856641534
Mix 13/mix 13_Y5_X4.txt,pt2_real,Mix 13,n-hexane + pyridine,n-hexane + pyridine,0.20014332195325785,0.549760240553283,960.490496516611
Mix 13/mix 13_Y5_X5.txt,pt2_real,Mix 13,n-hexane + pyridine,n-hexane + pyridine,0.1972561030675138,0.5506234272392513,976.3133761831075
Mix 15/mix 15_Y0_X0.txt,pt2_real,Mix 15,benzene + n-hexane,benzene + n-hexane,0.19810842863290343,0.33385099970334753,562.5865716095833
Mix 15/mix 15_Y0_X1.txt,pt2_real,Mix 15,benzene + n-hexane,benzene + n-hexane,0.19891117683803747,0.32894062846080047,572.0659339306104
Mix 15/mix 15_Y0_X2.txt,pt2_real,Mix 15,benzene + n-hexane,benzene + n-hexane,0.19875832125175452,0.32845860198261667,574.6128265295353
Mix 15/mix 15_Y0_X3.txt,pt2_real,Mix 15,benzene + n-hexane,benzene + n-hexane,0.19913647254783798,0.32799472300915145,580.0709181486848
Mix 15/mix 15_Y0_X4.txt,pt2_real,Mix 15,benzene + n-hexane,benzene + n-hexane,0.19871119928304953,0.32881640615193214,585.7160209216903
Mix 15/mix 15_Y0_X5.txt,pt2_real,Mix 15,benzene + n-hexane,benzene + n-hexane,0.19805834399097302,0.3293933450832358,609.3695408219539
Mix 15/mix 15_Y1_X0.txt,pt2_real,Mix 15,benzene + n-hexane,benzene + n-hexane,0.20153668535483105,0.33481566318026784,635.8598186874428
Mix 15/mix 15_Y1_X1.txt,pt2_real,Mix 15,benzene + n-hexane,benzene + n-hexane,0.20192267024282917,0.3321687909866053,639.1980681182891
Mix 15/mix 15_Y1_X2.txt,pt2_real,Mix 15,benzene + n-hexane,benzene + n-hexane,0.20216142230914028,0.3312010301259748,636.8224139910636
Mix 15/mix 15_Y1_X3.txt,pt2_real,Mix 15,benzene + n-hexane,benzene + n-hexane,0.20291191391032137,0.32963970233657214,649.7122013641568
Mix 15/mix 15_Y1_X4.txt,pt2_real,Mix 15,benzene + n-hexane,benzene + n-hexane,0.20148244579826247,0.33193095367497033,662.2185059821472
Mix 15/mix 15_Y1_X5.txt,pt2_real,Mix 15,benzene + n-hexane,benzene + n-hexane,0.20208021768655354,0.3328169103214068,675.9703701317903
Mix 15/mix 15_Y2_X0.txt,pt2_real,Mix 15,benzene + n-hexane,benzene + n-hexane,0.20467982472760637,0.33607665840453393,698.1857094546368
Mix 15/mix 15_Y2_X1.txt,pt2_real,Mix 15,benzene + n-hexane,benzene + n-hexane,0.20337342990853477,0.333741270526345,690.2447314678204
Mix 15/mix 15_Y2_X2.txt,pt2_real,Mix 15,benzene + n-hexane,benzene + n-hexane,0.20398862010640767,0.3323827857523593,713.1400861898278
Mix 15/mix 15_Y2_X3.txt,pt2_real,Mix 15,benzene + n-hexane,benzene + n-hexane,0.20290159393047652,0.33158074242422997,710.2128986968711
Mix 15/mix 15_Y2_X4.txt,pt2_real,Mix 15,benzene + n-hexane,benzene + n-hexane,0.202321886963522,0.33256971441328154,750.5354136095983
Mix 15/mix 15_Y2_X5.txt,pt2_real,Mix 15,benzene + n-hexane,benzene + n-hexane,0.2024932357740514,0.3330268111609558,725.8127472860612
Mix 15/mix 15_Y3_X0.txt,pt2_real,Mix 15,benzene + n-hexane,benzene + n-hexane,0.200707270929848,0.3333687527880953,776.6158485188768
Mix 15/mix 15_Y3_X1.txt,pt2_real,Mix 15,benzene + n-hexane,benzene + n-hexane,0.20125118611919263,0.33069932076623726,783.8342949162704
Mix 15/mix 15_Y3_X2.txt,pt2_real,Mix 15,benzene + n-hexane,benzene + n-hexane,0.1999058223623781,0.33095831624705035,792.2916579708963
Mix 15/mix 15_Y3_X3.txt,pt2_real,Mix 15,benzene + n-hexane,benzene + n-hexane,0.19969621394156092,0.32969296985647617,802.5452300007491
Mix 15/mix 15_Y3_X4.txt,pt2_real,Mix 15,benzene + n-hexane,benzene + n-hexane,0.19922042339369134,0.33188120802559806,796.2452190582819
Mix 15/mix 15_Y3_X5.txt,pt2_real,Mix 15,benzene + n-hexane,benzene + n-hexane,0.19822541066069366,0.33425791712973163,796.8928751636992
Mix 15/mix 15_Y4_X0.txt,pt2_real,Mix 15,benzene + n-hexane,benzene + n-hexane,0.19544556266649096,0.32936940595790337,805.6931982553308
Mix 15/mix 15_Y4_X1.txt,pt2_real,Mix 15,benzene + n-hexane,benzene + n-hexane,0.1956993596786928,0.32708268946140584,800.5620045666045
Mix 15/mix 15_Y4_X2.txt,pt2_real,Mix 15,benzene + n-hexane,benzene + n-hexane,0.19466858722177288,0.32757255158113224,814.0640473660102
Mix 15/mix 15_Y4_X3.txt,pt2_real,Mix 15,benzene + n-hexane,benzene + n-hexane,0.1946496825257616,0.32729802177740747,809.5016300339279
Mix 15/mix 15_Y4_X4.txt,pt2_real,Mix 15,benzene + n-hexane,benzene + n-hexane,0.193991105687239,0.328003801227214,815.837605352151
Mix 15/mix 15_Y4_X5.txt,pt2_real,Mix 15,benzene + n-hexane,benzene + n-hexane,0.1940114816722501,0.3289440741398355,804.6266474554138
Mix 15/mix 15_Y5_X0.txt,pt2_real,Mix 15,benzene + n-hexane,benzene + n-hexane,0.18831644115312582,0.32412301379723973,801.9795791565881
Mix 15/mix 15_Y5_X1.txt,pt2_real,Mix 15,benzene + n-hexane,benzene + n-hexane,0.18898391977742124,0.32270428545099056,798.8500439685383
Mix 15/mix 15_Y5_X2.txt,pt2_real,Mix 15,benzene + n-hexane,benzene + n-hexane,0.18868326641890223,0.324171156566122,790.7545927399734
Mix 15/mix 15_Y5_X3.txt,pt2_real,Mix 15,benzene + n-hexane,benzene + n-hexane,0.1881840578911913,0.32399259574646316,781.5223081451651
Mix 15/mix 15_Y5_X4.txt,pt2_real,Mix 15,benzene + n-hexane,benzene + n-hexane,0.18924227620868014,0.32353742536877267,782.5052246755229
Mix 15/mix 15_Y5_X5.txt,pt2_real,Mix 15,benzene + n-hexane,benzene + n-hexane,0.18775928742396283,0.3243576266282664,784.0217496814188
Mix 16/mix 16_Y0_X0.txt,pt2_real,Mix 16,dichloromethane + n-hexane,dichloromethane + n-hexane,0.44056616523041375,0.45707714716277753,1629.7165886727892
Mix 16/mix 16_Y0_X1.txt,pt2_real,Mix 16,dichloromethane + n-hexane,dichloromethane + n-hexane,0.4275762094290467,0.4495483416709877,1543.3939748841246
Mix 16/mix 16_Y0_X2.txt,pt2_real,Mix 16,dichloromethane + n-hexane,dichloromethane + n-hexane,0.4209136710799333,0.44861739666842754,1536.5418815150945
Mix 16/mix 16_Y0_X3.txt,pt2_real,Mix 16,dichloromethane + n-hexane,dichloromethane + n-hexane,0.42054310268339384,0.4463147344807532,1518.7226544258863
Mix 16/mix 16_Y0_X4.txt,pt2_real,Mix 16,dichloromethane + n-hexane,dichloromethane + n-hexane,0.42418414914482,0.45052495287047406,1512.0751473997097
Mix 16/mix 16_Y0_X5.txt,pt2_real,Mix 16,dichloromethane + n-hexane,dichloromethane + n-hexane,0.4288231544909614,0.4454378049821421,1532.5406992949563
Mix 16/mix 16_Y1_X0.txt,pt2_real,Mix 16,dichloromethane + n-hexane,dichloromethane + n-hexane,0.43085122260861874,0.43962335480621867,1540.7357486350136
Mix 16/mix 16_Y1_X1.txt,pt2_real,Mix 16,dichloromethane + n-hexane,dichloromethane + n-hexane,0.43139298748089455,0.43809120622370046,1535.1592911109526
Mix 16/mix 16_Y1_X2.txt,pt2_real,Mix 16,dichloromethane + n-hexane,dichloromethane + n-hexane,0.43010727069269544,0.4338415981063555,1531.0573989733605
Mix 16/mix 16_Y1_X3.txt,pt2_real,Mix 16,dichloromethane + n-hexane,dichloromethane + n-hexane,0.4313155550929497,0.43105811624701296,1534.9138846816466
Mix 16/mix 16_Y1_X4.txt,pt2_real,Mix 16,dichloromethane + n-hexane,dichloromethane + n-hexane,0.43004444052455215,0.43376527742136695,1536.4043039577753
Mix 16/mix 16_Y1_X5.txt,pt2_real,Mix 16,dichloromethane + n-hexane,dichloromethane + n-hexane,0.4305222321430638,0.4334526921618485,1500.392326751848
Mix 16/mix 16_Y2_X0.txt,pt2_real,Mix 16,dichloromethane + n-hexane,dichloromethane + n-hexane,0.42685781406160483,0.4368637691593512,1511.2401663072535
Mix 16/mix 16_Y2_X1.txt,pt2_real,Mix 16,dichloromethane + n-hexane,dichloromethane + n-hexane,0.4258296756535111,0.4381179297334096,1494.3106502247626
Mix 16/mix 16_Y2_X2.txt,pt2_real,Mix 16,dichloromethane + n-hexane,dichloromethane + n-hexane,0.4283865170944094,0.43570643884477256,1520.070189841769
Mix 16/mix 16_Y2_X3.txt,pt2_real,Mix 16,dichloromethane + n-hexane,dichloromethane + n-hexane,0.427620468208571,0.43653613066359354,1510.7028328568013
Mix 16/mix 16_Y2_X4.txt,pt2_real,Mix 16,dichloromethane + n-hexane,dichloromethane + n-hexane,0.4294302682261046,0.4348963609880157,1509.9479778538841
Mix 16/mix 16_Y2_X5.txt,pt2_real,Mix 16,dichloromethane + n-hexane,dichloromethane + n-hexane,0.4289424729184267,0.43453512100213726,1518.8440168581367
Mix 16/mix 16_Y3_X0.txt,pt2_real,Mix 16,dichloromethane + n-hexane,dichloromethane + n-hexane,0.4260161980456926,0.4361308457638104,1503.3960126067802
Mix 16/mix 16_Y3_X1.txt,pt2_real,Mix 16,dichloromethane + n-hexane,dichloromethane + n-hexane,0.4268449379083083,0.43501392383434456,1523.5569283447799
Mix 16/mix 16_Y3_X2.txt,pt2_real,Mix 16,dichloromethane + n-hexane,dichloromethane + n-hexane,0.42569328801482686,0.43363317414215574,1508.224516152179
Mix 16/mix 16_Y3_X3.txt,pt2_real,Mix 16,dichloromethane + n-hexane,dichloromethane + n-hexane,0.4257951380124656,0.431595682649793,1514.9872693779157
Mix 16/mix 16_Y3_X4.txt,pt2_real,Mix 16,dichloromethane + n-hexane,dichloromethane + n-hexane,0.42500111183778166,0.4310947024071083,1510.8272238511147
Mix 16/mix 16_Y3_X5.txt,pt2_real,Mix 16,dichloromethane + n-hexane,dichloromethane + n-hexane,0.42470005876174877,0.43365786093578884,1509.307933534692
Mix 16/mix 16_Y4_X0.txt,pt2_real,Mix 16,dichloromethane + n-hexane,dichloromethane + n-hexane,0.42283646474373987,0.4357708774883509,1502.8128695837313
Mix 16/mix 16_Y4_X1.txt,pt2_real,Mix 16,dichloromethane + n-hexane,dichloromethane + n-hexane,0.4246684726879002,0.4389755542422414,1517.7316824885356
Mix 16/mix 16_Y4_X2.txt,pt2_real,Mix 16,dichloromethane + n-hexane,dichloromethane + n-hexane,0.42541608525782665,0.43697974036823384,1523.0652137397813
Mix 16/mix 16_Y4_X3.txt,pt2_real,Mix 16,dichloromethane + n-hexane,dichloromethane + n-hexane,0.42606895103166803,0.43473962178637104,1540.0491567800275
Mix 16/mix 16_Y4_X4.txt,pt2_real,Mix 16,dichloromethane + n-hexane,dichloromethane + n-hexane,0.4274707667210225,0.4378798229485333,1534.6259957470393
Mix 16/mix 16_Y4_X5.txt,pt2_real,Mix 16,dichloromethane + n-hexane,dichloromethane + n-hexane,0.4270076177974433,0.43589700173918383,1544.2237425541648
Mix 16/mix 16_Y5_X0.txt,pt2_real,Mix 16,dichloromethane + n-hexane,dichloromethane + n-hexane,0.42017057087327875,0.4329390557478037,1537.2870678812556
Mix 16/mix 16_Y5_X1.txt,pt2_real,Mix 16,dichloromethane + n-hexane,dichloromethane + n-hexane,0.42136685627322445,0.43420025570283627,1548.6357923947255
Mix 16/mix 16_Y5_X2.txt,pt2_real,Mix 16,dichloromethane + n-hexane,dichloromethane + n-hexane,0.42132841848640656,0.4359037784296693,1545.1724105828107
Mix 16/mix 16_Y5_X3.txt,pt2_real,Mix 16,dichloromethane + n-hexane,dichloromethane + n-hexane,0.42295365150610253,0.4350221858710511,1558.1598727712462
Mix 16/mix 16_Y5_X4.txt,pt2_real,Mix 16,dichloromethane + n-hexane,dichloromethane + n-hexane,0.4210961768289941,0.43636977620695694,1556.6466555356922
Mix 16/mix 16_Y5_X5.txt,pt2_real,Mix 16,dichloromethane + n-hexane,dichloromethane + n-hexane,0.42118306911791803,0.4350595089555341,1551.995177218242
Mix 17/mix 17_Y0_X0.txt,pt2_real,Mix 17,diethylamine + pyridine,diethylamine + pyridine,0.4242692880784854,0.5333565383079233,1201.862868953104
Mix 17/mix 17_Y0_X1.txt,pt2_real,Mix 17,diethylamine + pyridine,diethylamine + pyridine,0.4235350584092422,0.5375641357410738,1164.884312957366
Mix 17/mix 17_Y0_X2.txt,pt2_real,Mix 17,diethylamine + pyridine,diethylamine + pyridine,0.43172166804958884,0.5339894823662892,1156.5001212544457
Mix 17/mix 17_Y0_X3.txt,pt2_real,Mix 17,diethylamine + pyridine,diethylamine + pyridine,0.4314777406214395,0.5367509311661365,1182.3713050096198
Mix 17/mix 17_Y0_X4.txt,pt2_real,Mix 17,diethylamine + pyridine,diethylamine + pyridine,0.4329065013797571,0.5330710795077407,1147.5810470490742
Mix 17/mix 17_Y0_X5.txt,pt2_real,Mix 17,diethylamine + pyridine,diethylamine + pyridine,0.4331981773267716,0.5314610904395679,1128.1577250343435
Mix 17/mix 17_Y1_X0.txt,pt2_real,Mix 17,diethylamine + pyridine,diethylamine + pyridine,0.4382908465755173,0.5332572773261586,1149.3517392847846
Mix 17/mix 17_Y1_X1.txt,pt2_real,Mix 17,diethylamine + pyridine,diethylamine + pyridine,0.45050074525575584,0.5378047624027888,1159.8044876319534
Mix 17/mix 17_Y1_X2.txt,pt2_real,Mix 17,diethylamine + pyridine,diethylamine + pyridine,0.4464510418173927,0.5329058612980696,1131.7975737741729
Mix 17/mix 17_Y1_X3.txt,pt2_real,Mix 17,diethylamine + pyridine,diethylamine + pyridine,0.43484868726759635,0.535040143975205,1116.043353810776
Mix 17/mix 17_Y1_X4.txt,pt2_real,Mix 17,diethylamine + pyridine,diethylamine + pyridine,0.4316326914194066,0.5361258783956252,1105.740101112207
Mix 17/mix 17_Y1_X5.txt,pt2_real,Mix 17,diethylamine + pyridine,diethylamine + pyridine,0.44055760798184285,0.5345859545807953,1113.2081640385763
Mix 17/mix 17_Y2_X0.txt,pt2_real,Mix 17,diethylamine + pyridine,diethylamine + pyridine,0.4495911649396188,0.5319796720366845,1126.4127300023601
Mix 17/mix 17_Y2_X1.txt,pt2_real,Mix 17,diethylamine + pyridine,diethylamine + pyridine,0.4420275465002704,0.531131481826634,1128.732313976451
Mix 17/mix 17_Y2_X2.txt,pt2_real,Mix 17,diethylamine + pyridine,diethylamine + pyridine,0.4326958624334707,0.5354201323868667,1098.0713350436943
Mix 17/mix 17_Y2_X3.txt,pt2_real,Mix 17,diethylamine + pyridine,diethylamine + pyridine,0.4265223430800865,0.5350862616596102,1096.8784038310037
Mix 17/mix 17_Y2_X4.txt,pt2_real,Mix 17,diethylamine + pyridine,diethylamine + pyridine,0.4255959050323449,0.5351030872350213,1111.5184348110408
Mix 17/mix 17_Y2_X5.txt,pt2_real,Mix 17,diethylamine + pyridine,diethylamine + pyridine,0.4338655245866621,0.5421808890752094,1125.8573861512277
Mix 17/mix 17_Y3_X0.txt,pt2_real,Mix 17,diethylamine + pyridine,diethylamine + pyridine,0.43065652971761603,0.5372113102375169,1087.5001276213595
Mix 17/mix 17_Y3_X1.txt,pt2_real,Mix 17,diethylamine + pyridine,diethylamine + pyridine,0.41531829160662403,0.5363956788037281,1086.4421031888428
Mix 17/mix 17_Y3_X2.txt,pt2_real,Mix 17,diethylamine + pyridine,diethylamine + pyridine,0.40496672548291557,0.5403070716282343,1097.5288220320672
Mix 17/mix 17_Y3_X3.txt,pt2_real,Mix 17,diethylamine + pyridine,diethylamine + pyridine,0.4022792103730744,0.5435297760537952,1080.130186077748
Mix 17/mix 17_Y3_X4.txt,pt2_real,Mix 17,diethylamine + pyridine,diethylamine + pyridine,0.4122529160542384,0.5394627244628383,1102.3354216950422
Mix 17/mix 17_Y3_X5.txt,pt2_real,Mix 17,diethylamine + pyridine,diethylamine + pyridine,0.41315302656474284,0.5411504566736711,1112.7935286802954
Mix 17/mix 17_Y4_X0.txt,pt2_real,Mix 17,diethylamine + pyridine,diethylamine + pyridine,0.415652246391092,0.5321123006295388,1097.4916271009613
Mix 17/mix 17_Y4_X1.txt,pt2_real,Mix 17,diethylamine + pyridine,diethylamine + pyridine,0.4044957906582651,0.5325405140650583,1090.2021388621938
Mix 17/mix 17_Y4_X2.txt,pt2_real,Mix 17,diethylamine + pyridine,diethylamine + pyridine,0.406279305940441,0.5377818224941585,1076.1334758935022
Mix 17/mix 17_Y4_X3.txt,pt2_real,Mix 17,diethylamine + pyridine,diethylamine + pyridine,0.40427240179877155,0.5369154718605607,1081.878578491203
Mix 17/mix 17_Y4_X4.txt,pt2_real,Mix 17,diethylamine + pyridine,diethylamine + pyridine,0.39755410429162163,0.5434645706844533,1078.186278340701
Mix 17/mix 17_Y4_X5.txt,pt2_real,Mix 17,diethylamine + pyridine,diethylamine + pyridine,0.39035298769464766,0.5405362553755533,1056.7856893619057
Mix 17/mix 17_Y5_X0.txt,pt2_real,Mix 17,diethylamine + pyridine,diethylamine + pyridine,0.3969569721372768,0.5329572076117554,1062.8202409938501
Mix 17/mix 17_Y5_X1.txt,pt2_real,Mix 17,diethylamine + pyridine,diethylamine + pyridine,0.4001375465134229,0.5377351634672652,1049.8256139488885
Mix 17/mix 17_Y5_X2.txt,pt2_real,Mix 17,diethylamine + pyridine,diethylamine + pyridine,0.39516892242783347,0.5400165180537948,1054.472743611733
Mix 17/mix 17_Y5_X3.txt,pt2_real,Mix 17,diethylamine + pyridine,diethylamine + pyridine,0.3910131771376449,0.54150171875475,1065.6807111014161
Mix 17/mix 17_Y5_X4.txt,pt2_real,Mix 17,diethylamine + pyridine,diethylamine + pyridine,0.3860917468755985,0.5422083601978963,1042.0074174308545
Mix 17/mix 17_Y5_X5.txt,pt2_real,Mix 17,diethylamine + pyridine,diethylamine + pyridine,0.3790004419315117,0.545032630176698,1067.5509535175913
Mix 18/mix 18_Y0_X0.txt,pt2_real,Mix 18,6-mercapto-1-hexanol + dichloromethane,6-mercapto-1-hexanol + dichloromethane,0.46906422226398353,0.2372054018785505,330.58987954904256
Mix 18/mix 18_Y0_X1.txt,pt2_real,Mix 18,6-mercapto-1-hexanol + dichloromethane,6-mercapto-1-hexanol + dichloromethane,0.4684876751335807,0.23595703053226919,338.9159038162133
Mix 18/mix 18_Y0_X2.txt,pt2_real,Mix 18,6-mercapto-1-hexanol + dichloromethane,6-mercapto-1-hexanol + dichloromethane,0.4682769762752584,0.2366124341550568,326.2847664051675
Mix 18/mix 18_Y0_X3.txt,pt2_real,Mix 18,6-mercapto-1-hexanol + dichloromethane,6-mercapto-1-hexanol + dichloromethane,0.4682473139270347,0.23420231476676767,334.61302857504023
Mix 18/mix 18_Y0_X4.txt,pt2_real,Mix 18,6-mercapto-1-hexanol + dichloromethane,6-mercapto-1-hexanol + dichloromethane,0.47087558770166205,0.23204076081969668,322.159958683605
Mix 18/mix 18_Y0_X5.txt,pt2_real,Mix 18,6-mercapto-1-hexanol + dichloromethane,6-mercapto-1-hexanol + dichloromethane,0.4673016330201413,0.2316841297347788,334.26266526598005
Mix 18/mix 18_Y1_X0.txt,pt2_real,Mix 18,6-mercapto-1-hexanol + dichloromethane,6-mercapto-1-hexanol + dichloromethane,0.4662601317430487,0.23660053435193518,328.3424562082897
Mix 18/mix 18_Y1_X1.txt,pt2_real,Mix 18,6-mercapto-1-hexanol + dichloromethane,6-mercapto-1-hexanol + dichloromethane,0.46208143788322525,0.2352864019673792,327.76855039582716
Mix 18/mix 18_Y1_X2.txt,pt2_real,Mix 18,6-mercapto-1-hexanol + dichloromethane,6-mercapto-1-hexanol + dichloromethane,0.4609405682125296,0.23538266211319891,330.10030111716094
Mix 18/mix 18_Y1_X3.txt,pt2_real,Mix 18,6-mercapto-1-hexanol + dichloromethane,6-mercapto-1-hexanol + dichloromethane,0.4638179019132444,0.23330919187536941,337.79457063667354
Mix 18/mix 18_Y1_X4.txt,pt2_real,Mix 18,6-mercapto-1-hexanol + dichloromethane,6-mercapto-1-hexanol + dichloromethane,0.4643290489190177,0.2335198761552359,348.3028825464098
Mix 18/mix 18_Y1_X5.txt,pt2_real,Mix 18,6-mercapto-1-hexanol + dichloromethane,6-mercapto-1-hexanol + dichloromethane,0.46522358395058233,0.23281149433280451,352.61354592939193
Mix 18/mix 18_Y2_X0.txt,pt2_real,Mix 18,6-mercapto-1-hexanol + dichloromethane,6-mercapto-1-hexanol + dichloromethane,0.46224505314425063,0.2364126147259845,350.9383748355903
Mix 18/mix 18_Y2_X1.txt,pt2_real,Mix 18,6-mercapto-1-hexanol + dichloromethane,6-mercapto-1-hexanol + dichloromethane,0.45981572003823,0.23611918890119038,347.7924760368818
Mix 18/mix 18_Y2_X2.txt,pt2_real,Mix 18,6-mercapto-1-hexanol + dichloromethane,6-mercapto-1-hexanol + dichloromethane,0.45636097179389146,0.2345389547128562,333.600297648877
Mix 18/mix 18_Y2_X3.txt,pt2_real,Mix 18,6-mercapto-1-hexanol + dichloromethane,6-mercapto-1-hexanol + dichloromethane,0.45677124126122426,0.2347282773099149,345.77114421809785
Mix 18/mix 18_Y2_X4.txt,pt2_real,Mix 18,6-mercapto-1-hexanol + dichloromethane,6-mercapto-1-hexanol + dichloromethane,0.45689835105605425,0.233637472769157,347.46333896647644
Mix 18/mix 18_Y2_X5.txt,pt2_real,Mix 18,6-mercapto-1-hexanol + dichloromethane,6-mercapto-1-hexanol + dichloromethane,0.45569023613724235,0.23285879940238954,336.1300232073701
Mix 18/mix 18_Y3_X0.txt,pt2_real,Mix 18,6-mercapto-1-hexanol + dichloromethane,6-mercapto-1-hexanol + dichloromethane,0.4589709861581217,0.23461081616679352,344.52934182400685
Mix 18/mix 18_Y3_X1.txt,pt2_real,Mix 18,6-mercapto-1-hexanol + dichloromethane,6-mercapto-1-hexanol + dichloromethane,0.4535809335852408,0.23599067875634908,339.03245154530464
Mix 18/mix 18_Y3_X2.txt,pt2_real,Mix 18,6-mercapto-1-hexanol + dichloromethane,6-mercapto-1-hexanol + dichloromethane,0.45144403379791986,0.23405581051692897,334.83939412532817
Mix 18/mix 18_Y3_X3.txt,pt2_real,Mix 18,6-mercapto-1-hexanol + dichloromethane,6-mercapto-1-hexanol + dichloromethane,0.4531528483331834,0.233189117065822,333.74520437160453
Mix 18/mix 18_Y3_X4.txt,pt2_real,Mix 18,6-mercapto-1-hexanol + dichloromethane,6-mercapto-1-hexanol + dichloromethane,0.45177474111776306,0.23416678540692276,345.6645232485569
Mix 18/mix 18_Y3_X5.txt,pt2_real,Mix 18,6-mercapto-1-hexanol + dichloromethane,6-mercapto-1-hexanol + dichloromethane,0.46067001160862026,0.2352910338161659,348.39021726586566
Mix 18/mix 18_Y4_X0.txt,pt2_real,Mix 18,6-mercapto-1-hexanol + dichloromethane,6-mercapto-1-hexanol + dichloromethane,0.4657168862596347,0.23364487387282412,336.09355064899523
Mix 18/mix 18_Y4_X1.txt,pt2_real,Mix 18,6-mercapto-1-hexanol + dichloromethane,6-mercapto-1-hexanol + dichloromethane,0.46327618048963515,0.23598834987245607,336.1650679778523
Mix 18/mix 18_Y4_X2.txt,pt2_real,Mix 18,6-mercapto-1-hexanol + dichloromethane,6-mercapto-1-hexanol + dichloromethane,0.4606835286910775,0.23539080969131487,319.8469529828748
Mix 18/mix 18_Y4_X3.txt,pt2_real,Mix 18,6-mercapto-1-hexanol + dichloromethane,6-mercapto-1-hexanol + dichloromethane,0.46143678170488156,0.23390156252163033,333.1872281901853
Mix 18/mix 18_Y4_X4.txt,pt2_real,Mix 18,6-mercapto-1-hexanol + dichloromethane,6-mercapto-1-hexanol + dichloromethane,0.46088013831893904,0.23460225374458,321.00435031382153
Mix 18/mix 18_Y4_X5.txt,pt2_real,Mix 18,6-mercapto-1-hexanol + dichloromethane,6-mercapto-1-hexanol + dichloromethane,0.46096054952155857,0.23620681636977398,319.9286889159562
Mix 18/mix 18_Y5_X0.txt,pt2_real,Mix 18,6-mercapto-1-hexanol + dichloromethane,6-mercapto-1-hexanol + dichloromethane,0.46376156561625137,0.2341101929465092,321.28977260970026
Mix 18/mix 18_Y5_X1.txt,pt2_real,Mix 18,6-mercapto-1-hexanol + dichloromethane,6-mercapto-1-hexanol + dichloromethane,0.4628402739370701,0.23297348704235918,308.4781886204061
Mix 18/mix 18_Y5_X2.txt,pt2_real,Mix 18,6-mercapto-1-hexanol + dichloromethane,6-mercapto-1-hexanol + dichloromethane,0.46102036210608416,0.23360045085545061,299.55668674620557
Mix 18/mix 18_Y5_X3.txt,pt2_real,Mix 18,6-mercapto-1-hexanol + dichloromethane,6-mercapto-1-hexanol + dichloromethane,0.46251005426539654,0.23414033437507994,309.76966286566613
Mix 18/mix 18_Y5_X4.txt,pt2_real,Mix 18,6-mercapto-1-hexanol + dichloromethane,6-mercapto-1-hexanol + dichloromethane,0.46243009407379915,0.23535556699725224,297.75892915221635
Mix 18/mix 18_Y5_X5.txt,pt2_real,Mix 18,6-mercapto-1-hexanol + dichloromethane,6-mercapto-1-hexanol + dichloromethane,0.46604696208282664,0.23477086476621703,297.9967449620424
Mix 19/mix 19_Y0_X0.txt,pt2_real,Mix 19,benzene + pyridine,benzene + pyridine,0.28170506848752325,0.8531405265136923,2324.595099576599
Mix 19/mix 19_Y0_X1.txt,pt2_real,Mix 19,benzene + pyridine,benzene + pyridine,0.28055967379565755,0.8466074226273401,2323.8297689956894
Mix 19/mix 19_Y0_X2.txt,pt2_real,Mix 19,benzene + pyridine,benzene + pyridine,0.28405967072732335,0.8293628030471355,2333.441907694879
Mix 19/mix 19_Y0_X3.txt,pt2_real,Mix 19,benzene + pyridine,benzene + pyridine,0.284734364560612,0.8249202794595428,2348.3539769313534
Mix 19/mix 19_Y0_X4.txt,pt2_real,Mix 19,benzene + pyridine,benzene + pyridine,0.2844626771557081,0.8280224613672683,2336.6816478300816
Mix 19/mix 19_Y0_X5.txt,pt2_real,Mix 19,benzene + pyridine,benzene + pyridine,0.2850901695562402,0.8275460431172362,2352.1919159686813
Mix 19/mix 19_Y1_X0.txt,pt2_real,Mix 19,benzene + pyridine,benzene + pyridine,0.279859380371018,0.8563509752603323,2343.219124136899
Mix 19/mix 19_Y1_X1.txt,pt2_real,Mix 19,benzene + pyridine,benzene + pyridine,0.2795386467617257,0.8533518517952655,2363.3769628247755
Mix 19/mix 19_Y1_X2.txt,pt2_real,Mix 19,benzene + pyridine,benzene + pyridine,0.28259049096325406,0.8318789718495421,2344.132236077952
Mix 19/mix 19_Y1_X3.txt,pt2_real,Mix 19,benzene + pyridine,benzene + pyridine,0.2823528584062222,0.8280834868374068,2340.5171981346343
Mix 19/mix 19_Y1_X4.txt,pt2_real,Mix 19,benzene + pyridine,benzene + pyridine,0.2841130538495136,0.8268428509266605,2347.900891211837
Mix 19/mix 19_Y1_X5.txt,pt2_real,Mix 19,benzene + pyridine,benzene + pyridine,0.28534245553092785,0.8227967903962307,2347.9369316562406
Mix 19/mix 19_Y2_X0.txt,pt2_real,Mix 19,benzene + pyridine,benzene + pyridine,0.2850325148995203,0.8431275919292867,2326.9860458158237
Mix 19/mix 19_Y2_X1.txt,pt2_real,Mix 19,benzene + pyridine,benzene + pyridine,0.2835577272240337,0.8415111559076789,2297.4198568147076
Mix 19/mix 19_Y2_X2.txt,pt2_real,Mix 19,benzene + pyridine,benzene + pyridine,0.2834388148603293,0.8292205763763364,2314.643141510955
Mix 19/mix 19_Y2_X3.txt,pt2_real,Mix 19,benzene + pyridine,benzene + pyridine,0.28346872434949244,0.8273464827533257,2317.970579911565
Mix 19/mix 19_Y2_X4.txt,pt2_real,Mix 19,benzene + pyridine,benzene + pyridine,0.2841613398001563,0.8247524736996906,2313.5630590395344
Mix 19/mix 19_Y2_X5.txt,pt2_real,Mix 19,benzene + pyridine,benzene + pyridine,0.28610229642063395,0.8262068893982888,2301.8054685618217
Mix 19/mix 19_Y3_X0.txt,pt2_real,Mix 19,benzene + pyridine,benzene + pyridine,0.28704304780148293,0.8325990663845598,2307.43479911901
Mix 19/mix 19_Y3_X1.txt,pt2_real,Mix 19,benzene + pyridine,benzene + pyridine,0.28527212126782475,0.8361184565824509,2312.0136703490534
Mix 19/mix 19_Y3_X2.txt,pt2_real,Mix 19,benzene + pyridine,benzene + pyridine,0.2858213496022187,0.8290780917779242,2315.1665654705316
Mix 19/mix 19_Y3_X3.txt,pt2_real,Mix 19,benzene + pyridine,benzene + pyridine,0.2838485291263504,0.8221536118545971,2246.812664834278
Mix 19/mix 19_Y3_X4.txt,pt2_real,Mix 19,benzene + pyridine,benzene + pyridine,0.2862807433138209,0.8216518681898111,2254.3779110065548
Mix 19/mix 19_Y3_X5.txt,pt2_real,Mix 19,benzene + pyridine,benzene + pyridine,0.2857862293350366,0.8219526710450789,2252.052612436611
Mix 19/mix 19_Y4_X0.txt,pt2_real,Mix 19,benzene + pyridine,benzene + pyridine,0.28854236640584674,0.8342062366502025,2252.506942358906
Mix 19/mix 19_Y4_X1.txt,pt2_real,Mix 19,benzene + pyridine,benzene + pyridine,0.2870113940832315,0.8329109477072626,2253.0710720540883
Mix 19/mix 19_Y4_X2.txt,pt2_real,Mix 19,benzene + pyridine,benzene + pyridine,0.2863117607284543,0.8250672987651718,2270.5143133266592
Mix 19/mix 19_Y4_X3.txt,pt2_real,Mix 19,benzene + pyridine,benzene + pyridine,0.2847223546818684,0.8188461635106062,2239.1003307795295
Mix 19/mix 19_Y4_X4.txt,pt2_real,Mix 19,benzene + pyridine,benzene + pyridine,0.2859789918545713,0.819433535908782,2211.192271666621
Mix 19/mix 19_Y4_X5.txt,pt2_real,Mix 19,benzene + pyridine,benzene + pyridine,0.2852400265393159,0.8226915536738626,2226.778964132093
Mix 19/mix 19_Y5_X0.txt,pt2_real,Mix 19,benzene + pyridine,benzene + pyridine,0.289025531788845,0.8321218771786767,2213.506406529164
Mix 19/mix 19_Y5_X1.txt,pt2_real,Mix 19,benzene + pyridine,benzene + pyridine,0.2893890452870563,0.830089682849884,2202.7959450703675
Mix 19/mix 19_Y5_X2.txt,pt2_real,Mix 19,benzene + pyridine,benzene + pyridine,0.2854021439884324,0.8252424806398002,2187.9981376559817
Mix 19/mix 19_Y5_X3.txt,pt2_real,Mix 19,benzene + pyridine,benzene + pyridine,0.28633486017184934,0.8190821106548533,2157.4095015038615
Mix 19/mix 19_Y5_X4.txt,pt2_real,Mix 19,benzene + pyridine,benzene + pyridine,0.28652222875112326,0.8180519446063163,2122.276495745819
Mix 19/mix 19_Y5_X5.txt,pt2_real,Mix 19,benzene + pyridine,benzene + pyridine,0.28870935920055424,0.8186099784622851,2123.9526155404956
Mix 20/mix 20_Y0_X0.txt,pt2_real,Mix 20,benzene + toluene,benzene + toluene,0.24851444226419012,0.4154786242921189,695.0845226717091
Mix 20/mix 20_Y0_X1.txt,pt2_real,Mix 20,benzene + toluene,benzene + toluene,0.2188590346376887,0.37699557616010815,777.8397313443545
Mix 20/mix 20_Y0_X2.txt,pt2_real,Mix 20,benzene + toluene,benzene + toluene,0.23626636963106895,0.3980344005474166,700.541891228743
Mix 20/mix 20_Y0_X3.txt,pt2_real,Mix 20,benzene + toluene,benzene + toluene,0.26775614570442224,0.4351232163074275,686.617282998719
Mix 20/mix 20_Y0_X4.txt,pt2_real,Mix 20,benzene + toluene,benzene + toluene,0.278038029699197,0.44727495940110334,758.1559576301104
Mix 20/mix 20_Y0_X5.txt,pt2_real,Mix 20,benzene + toluene,benzene + toluene,0.28057062482237716,0.4532115929491365,786.874269748609
Mix 20/mix 20_Y1_X0.txt,pt2_real,Mix 20,benzene + toluene,benzene + toluene,0.2560576610647673,0.4222593994025387,668.1706896727719
Mix 20/mix 20_Y1_X1.txt,pt2_real,Mix 20,benzene + toluene,benzene + toluene,0.2340428538078145,0.393616077354137,664.5955153384833
Mix 20/mix 20_Y1_X2.txt,pt2_real,Mix 20,benzene + toluene,benzene + toluene,0.24417875750968537,0.4049007203189935,626.9217736780781
Mix 20/mix 20_Y1_X3.txt,pt2_real,Mix 20,benzene + toluene,benzene + toluene,0.2718456458593066,0.4368826157424651,721.425618058084
Mix 20/mix 20_Y1_X4.txt,pt2_real,Mix 20,benzene + toluene,benzene + toluene,0.27749551909058123,0.4472837528828532,767.3690732494044
Mix 20/mix 20_Y1_X5.txt,pt2_real,Mix 20,benzene + toluene,benzene + toluene,0.2811843645944984,0.449687121093986,877.3239030387377
Mix 20/mix 20_Y2_X0.txt,pt2_real,Mix 20,benzene + toluene,benzene + toluene,0.2738070133672696,0.4418300201402484,840.3233243388125
Mix 20/mix 20_Y2_X1.txt,pt2_real,Mix 20,benzene + toluene,benzene + toluene,0.26885373265340984,0.43517032765534214,762.9001641294863
Mix 20/mix 20_Y2_X2.txt,pt2_real,Mix 20,benzene + toluene,benzene + toluene,0.2695751960656879,0.43454760145549454,825.6118751214177
Mix 20/mix 20_Y2_X3.txt,pt2_real,Mix 20,benzene + toluene,benzene + toluene,0.2770131799388392,0.44304373682338033,839.2551061959822
Mix 20/mix 20_Y2_X4.txt,pt2_real,Mix 20,benzene + toluene,benzene + toluene,0.2798331903441474,0.4467782657612871,915.2642087328766
Mix 20/mix 20_Y2_X5.txt,pt2_real,Mix 20,benzene + toluene,benzene + toluene,0.2798647069707309,0.44716837775396223,921.0271839402643
Mix 20/mix 20_Y3_X0.txt,pt2_real,Mix 20,benzene + toluene,benzene + toluene,0.2766880765376321,0.44413976015187884,898.0835246697857
Mix 20/mix 20_Y3_X1.txt,pt2_real,Mix 20,benzene + toluene,benzene + toluene,0.2736157343331156,0.43992644890716837,920.8974572885326
Mix 20/mix 20_Y3_X2.txt,pt2_real,Mix 20,benzene + toluene,benzene + toluene,0.27405119359218827,0.4411529098494147,911.7492471343614
Mix 20/mix 20_Y3_X3.txt,pt2_real,Mix 20,benzene + toluene,benzene + toluene,0.2778618812511593,0.4469614812358755,945.1938670295008
Mix 20/mix 20_Y3_X4.txt,pt2_real,Mix 20,benzene + toluene,benzene + toluene,0.28104622973989113,0.4495985798010459,952.6838761793049
Mix 20/mix 20_Y3_X5.txt,pt2_real,Mix 20,benzene + toluene,benzene + toluene,0.2807783041987405,0.4480632051355652,966.9985248826653
Mix 20/mix 20_Y4_X0.txt,pt2_real,Mix 20,benzene + toluene,benzene + toluene,0.27643284353995706,0.44179425599426553,978.469458947001
Mix 20/mix 20_Y4_X1.txt,pt2_real,Mix 20,benzene + toluene,benzene + toluene,0.2747723977153125,0.4382345190051296,950.6495635447737
Mix 20/mix 20_Y4_X2.txt,pt2_real,Mix 20,benzene + toluene,benzene + toluene,0.2755045642041623,0.44084130397486737,987.0439913550111
Mix 20/mix 20_Y4_X3.txt,pt2_real,Mix 20,benzene + toluene,benzene + toluene,0.27756405864238853,0.4431875096673584,1011.6764114727754
Mix 20/mix 20_Y4_X4.txt,pt2_real,Mix 20,benzene + toluene,benzene + toluene,0.2785598267645755,0.4450572106333741,1035.9175615068361
Mix 20/mix 20_Y4_X5.txt,pt2_real,Mix 20,benzene + toluene,benzene + toluene,0.2788490862288361,0.4434937385335096,1022.2972052818694
Mix 20/mix 20_Y5_X0.txt,pt2_real,Mix 20,benzene + toluene,benzene + toluene,0.27909591247885457,0.443433216482894,990.3254406992972
Mix 20/mix 20_Y5_X1.txt,pt2_real,Mix 20,benzene + toluene,benzene + toluene,0.2779587198147818,0.44398941593346836,996.824127817857
Mix 20/mix 20_Y5_X2.txt,pt2_real,Mix 20,benzene + toluene,benzene + toluene,0.2787030750523922,0.444139590469772,1034.4621978694636
Mix 20/mix 20_Y5_X3.txt,pt2_real,Mix 20,benzene + toluene,benzene + toluene,0.27900425389788475,0.4456725535239507,1026.6707684958658
Mix 20/mix 20_Y5_X4.txt,pt2_real,Mix 20,benzene + toluene,benzene + toluene,0.2796430765187667,0.4447090491676399,1021.1752570612811
Mix 20/mix 20_Y5_X5.txt,pt2_real,Mix 20,benzene + toluene,benzene + toluene,0.2790126322384764,0.4454446086662198,1012.8346849496752
Mix 21/mix 21_Y0_X0.txt,pt2_real,Mix 21,acetonitrile + dichloromethane,acetonitrile + dichloromethane,0.6594086697787337,0.2589474806748874,682.3193726912817
Mix 21/mix 21_Y0_X1.txt,pt2_real,Mix 21,acetonitrile + dichloromethane,acetonitrile + dichloromethane,0.6523080421350329,0.25598315082127787,615.4568761447102
Mix 21/mix 21_Y0_X2.txt,pt2_real,Mix 21,acetonitrile + dichloromethane,acetonitrile + dichloromethane,0.644202525560782,0.2546026765063284,569.8861953293873
Mix 21/mix 21_Y0_X3.txt,pt2_real,Mix 21,acetonitrile + dichloromethane,acetonitrile + dichloromethane,0.6347563683166068,0.25042984997463624,529.1105817522401
Mix 21/mix 21_Y0_X4.txt,pt2_real,Mix 21,acetonitrile + dichloromethane,acetonitrile + dichloromethane,0.6264733219157652,0.24774667794674238,481.4248232828346
Mix 21/mix 21_Y0_X5.txt,pt2_real,Mix 21,acetonitrile + dichloromethane,acetonitrile + dichloromethane,0.6262124210041551,0.24941017886123582,488.18444549339574
Mix 21/mix 21_Y1_X0.txt,pt2_real,Mix 21,acetonitrile + dichloromethane,acetonitrile + dichloromethane,0.6791026308148728,0.2627851231372269,753.4581857056386
Mix 21/mix 21_Y1_X1.txt,pt2_real,Mix 21,acetonitrile + dichloromethane,acetonitrile + dichloromethane,0.6678369517968189,0.2600075545440013,688.0448925788797
Mix 21/mix 21_Y1_X2.txt,pt2_real,Mix 21,acetonitrile + dichloromethane,acetonitrile + dichloromethane,0.6566611893919643,0.25744517303487235,606.4912018129959
Mix 21/mix 21_Y1_X3.txt,pt2_real,Mix 21,acetonitrile + dichloromethane,acetonitrile + dichloromethane,0.6414102825153234,0.25304038183777994,536.7983478254798
Mix 21/mix 21_Y1_X4.txt,pt2_real,Mix 21,acetonitrile + dichloromethane,acetonitrile + dichloromethane,0.6293413713605862,0.24985599850424578,473.8625663972315
Mix 21/mix 21_Y1_X5.txt,pt2_real,Mix 21,acetonitrile + dichloromethane,acetonitrile + dichloromethane,0.6276472794765461,0.2504518548200522,475.25532414428864
Mix 21/mix 21_Y2_X0.txt,pt2_real,Mix 21,acetonitrile + dichloromethane,acetonitrile + dichloromethane,0.6726948077922749,0.26281197423834174,737.8745801769583
Mix 21/mix 21_Y2_X1.txt,pt2_real,Mix 21,acetonitrile + dichloromethane,acetonitrile + dichloromethane,0.6686834882602444,0.2597120767893508,687.076197479369
Mix 21/mix 21_Y2_X2.txt,pt2_real,Mix 21,acetonitrile + dichloromethane,acetonitrile + dichloromethane,0.6592835787674148,0.25787102760293756,604.3090228460499
Mix 21/mix 21_Y2_X3.txt,pt2_real,Mix 21,acetonitrile + dichloromethane,acetonitrile + dichloromethane,0.6434459820438969,0.2537796049337907,537.2615048394044
Mix 21/mix 21_Y2_X4.txt,pt2_real,Mix 21,acetonitrile + dichloromethane,acetonitrile + dichloromethane,0.6326373516640312,0.25082754012857655,482.24525516822405
Mix 21/mix 21_Y2_X5.txt,pt2_real,Mix 21,acetonitrile + dichloromethane,acetonitrile + dichloromethane,0.6240765731697568,0.24832086765874312,449.3080300767801
Mix 21/mix 21_Y3_X0.txt,pt2_real,Mix 21,acetonitrile + dichloromethane,acetonitrile + dichloromethane,0.6563414929621475,0.25726906225967083,618.5003463231305
Mix 21/mix 21_Y3_X1.txt,pt2_real,Mix 21,acetonitrile + dichloromethane,acetonitrile + dichloromethane,0.6485364091784688,0.25533780986587284,583.3104437424685
Mix 21/mix 21_Y3_X2.txt,pt2_real,Mix 21,acetonitrile + dichloromethane,acetonitrile + dichloromethane,0.6385034683957276,0.2528972265721543,515.868637629646
Mix 21/mix 21_Y3_X3.txt,pt2_real,Mix 21,acetonitrile + dichloromethane,acetonitrile + dichloromethane,0.630199902985883,0.2508747068174062,476.0553580849639
Mix 21/mix 21_Y3_X4.txt,pt2_real,Mix 21,acetonitrile + dichloromethane,acetonitrile + dichloromethane,0.6272993132452122,0.24885731751053927,448.5837359882823
Mix 21/mix 21_Y3_X5.txt,pt2_real,Mix 21,acetonitrile + dichloromethane,acetonitrile + dichloromethane,0.6186778870370168,0.24836570951033982,416.7410714645464
Mix 21/mix 21_Y4_X0.txt,pt2_real,Mix 21,acetonitrile + dichloromethane,acetonitrile + dichloromethane,0.6350042809556038,0.252050229128957,517.9839309884817
Mix 21/mix 21_Y4_X1.txt,pt2_real,Mix 21,acetonitrile + dichloromethane,acetonitrile + dichloromethane,0.6250927421899724,0.24850823512454814,441.49112076967066
Mix 21/mix 21_Y4_X2.txt,pt2_real,Mix 21,acetonitrile + dichloromethane,acetonitrile + dichloromethane,0.616213730510958,0.24609708150486903,408.0127125468381
Mix 21/mix 21_Y4_X3.txt,pt2_real,Mix 21,acetonitrile + dichloromethane,acetonitrile + dichloromethane,0.6131650223482802,0.2446944717623532,390.02822724854866
Mix 21/mix 21_Y4_X4.txt,pt2_real,Mix 21,acetonitrile + dichloromethane,acetonitrile + dichloromethane,0.6125603949647277,0.24508939263035698,396.9606308866817
Mix 21/mix 21_Y4_X5.txt,pt2_real,Mix 21,acetonitrile + dichloromethane,acetonitrile + dichloromethane,0.6156073646869881,0.2457927897082575,381.95755545692526
Mix 21/mix 21_Y5_X0.txt,pt2_real,Mix 21,acetonitrile + dichloromethane,acetonitrile + dichloromethane,0.6281055992439437,0.24966026752585302,465.9397326695716
Mix 21/mix 21_Y5_X1.txt,pt2_real,Mix 21,acetonitrile + dichloromethane,acetonitrile + dichloromethane,0.6164454494043855,0.24562778490336015,401.09729055731367
Mix 21/mix 21_Y5_X2.txt,pt2_real,Mix 21,acetonitrile + dichloromethane,acetonitrile + dichloromethane,0.6126215906050556,0.24535937753839587,366.2494113869636
Mix 21/mix 21_Y5_X3.txt,pt2_real,Mix 21,acetonitrile + dichloromethane,acetonitrile + dichloromethane,0.611694188959394,0.2436082656388019,374.35416911913137
Mix 21/mix 21_Y5_X4.txt,pt2_real,Mix 21,acetonitrile + dichloromethane,acetonitrile + dichloromethane,0.6127524083997269,0.24512516976062662,385.055628787426
Mix 21/mix 21_Y5_X5.txt,pt2_real,Mix 21,acetonitrile + dichloromethane,acetonitrile + dichloromethane,0.6136388616863464,0.2454956009743106,372.6887928789685
Mix 22/mix 22_Y0_X0.txt,pt2_real,Mix 22,acetonitrile + pyridine,acetonitrile + pyridine,0.5988245264364436,0.8676439808540181,1607.0868688867831
Mix 22/mix 22_Y0_X1.txt,pt2_real,Mix 22,acetonitrile + pyridine,acetonitrile + pyridine,0.6410678864620858,0.8974047320480353,1865.2146990925987
Mix 22/mix 22_Y0_X2.txt,pt2_real,Mix 22,acetonitrile + pyridine,acetonitrile + pyridine,0.6649580052836632,0.9141048857220112,2016.813511660385
Mix 22/mix 22_Y0_X3.txt,pt2_real,Mix 22,acetonitrile + pyridine,acetonitrile + pyridine,0.6284255854555324,0.8844026483204516,1773.6974793555448
Mix 22/mix 22_Y0_X4.txt,pt2_real,Mix 22,acetonitrile + pyridine,acetonitrile + pyridine,0.6078038013294049,0.8683731876923513,1642.1467631110781
Mix 22/mix 22_Y0_X5.txt,pt2_real,Mix 22,acetonitrile + pyridine,acetonitrile + pyridine,0.5915145539572533,0.8496562702430344,1514.0087431033821
Mix 22/mix 22_Y1_X0.txt,pt2_real,Mix 22,acetonitrile + pyridine,acetonitrile + pyridine,0.5470342544457535,0.8188193878884195,1267.9122353919786
Mix 22/mix 22_Y1_X1.txt,pt2_real,Mix 22,acetonitrile + pyridine,acetonitrile + pyridine,0.5685908595435472,0.8355818785769648,1362.3162184264966
Mix 22/mix 22_Y1_X2.txt,pt2_real,Mix 22,acetonitrile + pyridine,acetonitrile + pyridine,0.5953025809955756,0.862801436930829,1525.2303032806901
Mix 22/mix 22_Y1_X3.txt,pt2_real,Mix 22,acetonitrile + pyridine,acetonitrile + pyridine,0.5924814756656277,0.8557041191562287,1481.0793459252375
Mix 22/mix 22_Y1_X4.txt,pt2_real,Mix 22,acetonitrile + pyridine,acetonitrile + pyridine,0.5692718093875202,0.8363236077466389,1367.9747596333702
Mix 22/mix 22_Y1_X5.txt,pt2_real,Mix 22,acetonitrile + pyridine,acetonitrile + pyridine,0.5637644715527149,0.8291794544165557,1332.7236670134023
Mix 22/mix 22_Y2_X0.txt,pt2_real,Mix 22,acetonitrile + pyridine,acetonitrile + pyridine,0.5223752256763213,0.7969312876653651,1159.823662101236
Mix 22/mix 22_Y2_X1.txt,pt2_real,Mix 22,acetonitrile + pyridine,acetonitrile + pyridine,0.5286322600111042,0.8021781248903141,1177.1525080308068
Mix 22/mix 22_Y2_X2.txt,pt2_real,Mix 22,acetonitrile + pyridine,acetonitrile + pyridine,0.5519515591755724,0.8242315892604286,1256.034238808915
Mix 22/mix 22_Y2_X3.txt,pt2_real,Mix 22,acetonitrile + pyridine,acetonitrile + pyridine,0.5578278113740752,0.8268136994772116,1265.9570878998516
Mix 22/mix 22_Y2_X4.txt,pt2_real,Mix 22,acetonitrile + pyridine,acetonitrile + pyridine,0.5400059097656577,0.8158511569980565,1203.5812706765987
Mix 22/mix 22_Y2_X5.txt,pt2_real,Mix 22,acetonitrile + pyridine,acetonitrile + pyridine,0.541191912712742,0.8165903694127719,1192.005321901601
Mix 22/mix 22_Y3_X0.txt,pt2_real,Mix 22,acetonitrile + pyridine,acetonitrile + pyridine,0.5195403906165336,0.7923887597713842,1121.7585082490145
Mix 22/mix 22_Y3_X1.txt,pt2_real,Mix 22,acetonitrile + pyridine,acetonitrile + pyridine,0.5197746497644243,0.7969181827462494,1134.900130615935
Mix 22/mix 22_Y3_X2.txt,pt2_real,Mix 22,acetonitrile + pyridine,acetonitrile + pyridine,0.5391773968211192,0.806505710331383,1166.8652283597994
Mix 22/mix 22_Y3_X3.txt,pt2_real,Mix 22,acetonitrile + pyridine,acetonitrile + pyridine,0.5418956064659667,0.8167374408028657,1185.9698085109364
Mix 22/mix 22_Y3_X4.txt,pt2_real,Mix 22,acetonitrile + pyridine,acetonitrile + pyridine,0.5273175647481714,0.803587445393556,1126.6358113382046
Mix 22/mix 22_Y3_X5.txt,pt2_real,Mix 22,acetonitrile + pyridine,acetonitrile + pyridine,0.5299639466093823,0.8050186236057745,1141.638117767425
Mix 22/mix 22_Y4_X0.txt,pt2_real,Mix 22,acetonitrile + pyridine,acetonitrile + pyridine,0.5044658858761727,0.7888490751613885,1107.2619587530776
Mix 22/mix 22_Y4_X1.txt,pt2_real,Mix 22,acetonitrile + pyridine,acetonitrile + pyridine,0.5127075971929218,0.7941956639460137,1087.6859155861027
Mix 22/mix 22_Y4_X2.txt,pt2_real,Mix 22,acetonitrile + pyridine,acetonitrile + pyridine,0.5361278473557742,0.816051303432884,1144.9365681995714
Mix 22/mix 22_Y4_X3.txt,pt2_real,Mix 22,acetonitrile + pyridine,acetonitrile + pyridine,0.5425891934908371,0.8231359060064907,1173.3234109012622
Mix 22/mix 22_Y4_X4.txt,pt2_real,Mix 22,acetonitrile + pyridine,acetonitrile + pyridine,0.53066555941645,0.8108772659467111,1128.3649175614526
Mix 22/mix 22_Y4_X5.txt,pt2_real,Mix 22,acetonitrile + pyridine,acetonitrile + pyridine,0.5136124294898057,0.7964016846320587,1093.0428913130834
Mix 22/mix 22_Y5_X0.txt,pt2_real,Mix 22,acetonitrile + pyridine,acetonitrile + pyridine,0.4989768802619891,0.785800965169455,1081.3508510798338
Mix 22/mix 22_Y5_X1.txt,pt2_real,Mix 22,acetonitrile + pyridine,acetonitrile + pyridine,0.5012326557856114,0.7850661299176824,1068.980062175674
Mix 22/mix 22_Y5_X2.txt,pt2_real,Mix 22,acetonitrile + pyridine,acetonitrile + pyridine,0.5224751033787342,0.8056600986655511,1076.8240026708318
Mix 22/mix 22_Y5_X3.txt,pt2_real,Mix 22,acetonitrile + pyridine,acetonitrile + pyridine,0.5344339713640647,0.815572193565645,1096.6477338563116
Mix 22/mix 22_Y5_X4.txt,pt2_real,Mix 22,acetonitrile + pyridine,acetonitrile + pyridine,0.5302153457602296,0.8131225740748378,1076.1078526662634
Mix 22/mix 22_Y5_X5.txt,pt2_real,Mix 22,acetonitrile + pyridine,acetonitrile + pyridine,0.5155634035041721,0.7996821251718828,1046.3516516705224
