outer_run_id,experiment_id,task_id,domain,station,held_instrument,outer_repeat,outer_fold,selection_kind,fixed_family_model_id,margin_status,selected_candidate_id,runner_up_candidate_id,supported_candidate_count,mean_ba_margin,worst_ba_margin,macro_f1_margin
P03OUTER-000a5805b519f76e1dd7018a,EXP-C10-T3,T3-ZS,pills:Mira-3,pills,Mira-3,1,2,fixed_family_reuse,C-RANDOM-FOREST,complete,C-RANDOM-FOREST-000,C-RANDOM-FOREST-001,16,0.0,0.0,0.0
P03OUTER-0027d20232d168ca2c835d6d,EXP-C10-T3,T3-ZS,surfaces:Agilent-3,surfaces,Agilent-3,2,1,fixed_family_reuse,C-RANDOM-FOREST,complete,C-RANDOM-FOREST-000,C-RANDOM-FOREST-001,16,0.0,0.0,0.0
P03OUTER-003aebad7266b0b3b4f63ba3,EXP-C10-T3,T3-ZS,cwa:Mira-2,cwa,Mira-2,3,3,fixed_family_reuse,C-RANDOM-FOREST,complete,C-RANDOM-FOREST-001,C-RANDOM-FOREST-005,16,0.0,0.0,0.0
P03OUTER-004995da86e678b038ad4768,EXP-C09-T3,T3-ZS,pills:Agilent-3,pills,Agilent-3,2,1,standard,,complete,C-PLS-DA-000,C-LOGREG-EN-000,126,0.0,0.0,0.0
P03OUTER-005e8eed8351008e4d23a8bf,EXP-C10-T3,T3-ZS,surfaces:RMX-2,surfaces,RMX-2,5,1,fixed_family_reuse,C-RANDOM-FOREST,complete,C-RANDOM-FOREST-000,C-RANDOM-FOREST-004,16,0.0,0.0,0.0
P03OUTER-006eea2439d3b9432afdb8dc,EXP-C10-T3,T3-ZS,pills:Mira-3,pills,Mira-3,3,2,fixed_family_reuse,C-RANDOM-FOREST,complete,C-RANDOM-FOREST-000,C-RANDOM-FOREST-001,16,0.0,0.0,0.0
P03OUTER-0095bc0f52061980d44fe03d,EXP-C10-T3,T3-ZS,pills:Agilent-3,pills,Agilent-3,4,2,fixed_family_reuse,C-EXTRA-TREES,complete,C-EXTRA-TREES-000,C-EXTRA-TREES-001,16,0.0,0.0,0.0
P03OUTER-009b29067ed29c1a57be337a,EXP-C05-T1,T1-PILLS,pills:within,pills,not_applicable,1,2,standard,,complete,C-LOGREG-EN-000,C-LOGREG-EN-005,29,0.0,0.0,0.0
P03OUTER-00b937a6e8f87c39c60d4707,EXP-C12-CORAL,T3-ZS,cwa:Mira-2,cwa,Mira-2,4,1,source_covariance,,unavailable,,,0,,,
P03OUTER-00ba140c3987385259455d10,EXP-C03-T1,T1-PILLS,pills:within,pills,not_applicable,3,1,standard,,complete,C-PCA-LDA-002,C-PCA-LDA-003,10,0.0,0.0,0.0
P03OUTER-00ba76ff8fc0676fe6989a5d,EXP-C10-T3,T3-ZS,surfaces:Pendar-3,surfaces,Pendar-3,4,2,fixed_family_reuse,C-PCA-LDA,complete,C-PCA-LDA-002,C-PCA-LDA-003,6,0.10714285714285715,0.11904761904761907,0.1157407407407407
P03OUTER-00c5dcf2759fc7000e2e8e47,EXP-C02-T1,T1-SURF,surfaces:within,surfaces,not_applicable,4,0,standard,,complete,C-NEAREST-CENTROID-000,C-NEAREST-CENTROID-001,8,0.0,0.0,0.0
P03OUTER-00e2c9053e90e1862860311d,EXP-C10-T3,T3-ZS,pills:Pendar-3,pills,Pendar-3,1,3,fixed_family_reuse,C-PCA-LDA,complete,C-PCA-LDA-004,C-PCA-LDA-005,10,0.0,0.0,0.0
P03OUTER-00ea1cb36d40288be14f37ea,EXP-C10-T3,T3-ZS,surfaces:Pendar-3,surfaces,Pendar-3,1,0,fixed_family_reuse,C-PCA-LDA,complete,C-PCA-LDA-003,C-PCA-LDA-002,6,0.13333333333333341,0.10000000000000003,0.10280830280830283
P03OUTER-011917de8b73e9c38a2d3255,EXP-C04-T1,T1-SURF,surfaces:within,surfaces,not_applicable,5,2,standard,,complete,C-PLS-DA-001,C-PLS-DA-003,5,0.0,0.0,0.0
P03OUTER-011a7ad05f1ea478f3915122,EXP-C10-T3,T3-ZS,cwa:Mira-2,cwa,Mira-2,1,1,fixed_family_reuse,C-RBF-SVM,complete,C-RBF-SVM-013,C-RBF-SVM-012,36,0.0,0.0,0.029629629629629672
P03OUTER-013ed76f262b590b57cd78ae,EXP-C12-CORAL,T3-ZS,pills:Agilent-3,pills,Agilent-3,1,0,source_covariance,,unavailable,,,0,,,
P03OUTER-01482e071aeab7330b6e2c63,EXP-C06-T1,T1-CWA,cwa:within,cwa,not_applicable,2,0,standard,,complete,C-RBF-SVM-019,C-RBF-SVM-025,36,0.0,0.0,0.0
P03OUTER-0151b32747626a3e39f716ac,EXP-C10-T3,T3-ZS,surfaces:Agilent-3,surfaces,Agilent-3,5,1,fixed_family_reuse,C-EXTRA-TREES,complete,C-EXTRA-TREES-001,C-EXTRA-TREES-006,16,0.0,0.0,0.0
P03OUTER-015a72e4d636f96e9b409775,EXP-C09-T3,T3-ZS,pills:Pendar-3,pills,Pendar-3,5,0,standard,,complete,C-PLS-DA-000,C-LOGREG-EN-000,122,0.0,0.0,0.0
P03OUTER-017d19347c3a88bfb663a71a,EXP-C01-T1,T1-PILLS,pills:within,pills,not_applicable,4,0,standard,,complete,C-SPECTRAL-MATCH-001,C-SPECTRAL-MATCH-002,3,0.0,0.0,0.0
P03OUTER-0196991c82b21c4bb0ea0dd5,EXP-C10-T3,T3-ZS,cwa:Mira-2,cwa,Mira-2,2,3,fixed_family_reuse,C-EXTRA-TREES,complete,C-EXTRA-TREES-002,C-EXTRA-TREES-003,16,0.0,0.0,0.0
P03OUTER-01aa7cd5352a33ba940485b9,EXP-C10-T3,T3-ZS,surfaces:Pendar-3,surfaces,Pendar-3,3,1,fixed_family_reuse,C-EXTRA-TREES,complete,C-EXTRA-TREES-005,C-EXTRA-TREES-000,16,0.02777777777777779,0.055555555555555525,0.042658730158730174
P03OUTER-01abc2d81100edfe7b67b8e9,EXP-C09-CONTROL-META,T3-ZS,cwa:RMX-1,cwa,RMX-1,3,0,metadata_control,,complete,CTRL-META-C-LOGREG-EN-015,CTRL-META-C-LOGREG-EN-020,30,0.0,0.0,0.037698412698412676
P03OUTER-01dfb6897534148460bd622a,EXP-C10-T3,T3-ZS,pills:Pendar-3,pills,Pendar-3,1,2,fixed_family_reuse,C-EXTRA-TREES,complete,C-EXTRA-TREES-000,C-EXTRA-TREES-001,16,0.0,0.0,0.0
P03OUTER-01e062fec18d6ba135afeb66,EXP-C10-T3,T3-ZS,pills:Agilent-1,pills,Agilent-1,1,3,fixed_family_reuse,C-PCA-LDA,complete,C-PCA-LDA-004,C-PCA-LDA-005,10,0.0,0.0,0.0
P03OUTER-0201fc98bbc1398aad09664d,EXP-C03-T1,T1-PILLS,pills:within,pills,not_applicable,3,0,standard,,complete,C-PCA-LDA-004,C-PCA-LDA-005,10,0.0,0.0,0.0
P03OUTER-0208bbb60545e9a1e08fd91c,EXP-C10-T3,T3-ZS,pills:Agilent-3,pills,Agilent-3,1,1,fixed_family_reuse,C-RBF-SVM,complete,C-RBF-SVM-012,C-RBF-SVM-014,36,0.0,0.0,0.0
P03OUTER-021c86b71e5524ebbdb45720,EXP-C09-CONTROL-META,T3-ZS,pills:Agilent-3,pills,Agilent-3,3,0,metadata_control,,complete,CTRL-META-C-LOGREG-EN-000,CTRL-META-C-LOGREG-EN-009,19,0.0,0.0,0.007936507936507908
P03OUTER-0268e756cc739647076de496,EXP-C04-T1,T1-CWA,cwa:within,cwa,not_applicable,5,1,standard,,complete,C-PLS-DA-003,C-PLS-DA-002,5,0.03703703703703709,-0.11111111111111116,0.06666666666666676
P03OUTER-028176e4f419b4efc343b1d8,EXP-C09-CONTROL-META,T3-ZS,pills:Agilent-3,pills,Agilent-3,4,1,metadata_control,,complete,CTRL-META-C-LOGREG-EN-001,CTRL-META-C-LOGREG-EN-007,19,0.0,0.0,0.0
P03OUTER-028f992eeabbd7251267d687,EXP-C10-T3,T3-ZS,pills:Mira-3,pills,Mira-3,1,0,fixed_family_reuse,C-EXTRA-TREES,complete,C-EXTRA-TREES-000,C-EXTRA-TREES-001,16,0.0,0.0,0.0
P03OUTER-0290817ccc369888613454ff,EXP-C10-T3,T3-ZS,pills:Agilent-3,pills,Agilent-3,3,1,fixed_family_reuse,C-RANDOM-FOREST,complete,C-RANDOM-FOREST-000,C-RANDOM-FOREST-001,16,0.0,0.0,0.0
P03OUTER-02921c20cc496bcb4758c76f,EXP-C10-T3,T3-ZS,surfaces:Agilent-3,surfaces,Agilent-3,5,2,fixed_family_reuse,C-RBF-SVM,complete,C-RBF-SVM-019,C-RBF-SVM-025,36,0.0,0.0,0.0
P03OUTER-02ed50d7b079c0018f215466,EXP-C12-CORAL,T3-ZS,surfaces:Pendar-2,surfaces,Pendar-2,3,3,source_covariance,,unavailable,,,0,,,
P03OUTER-0322c1e137f256a581f6cc23,EXP-C12-CORAL,T3-ZS,pills:Pendar-3,pills,Pendar-3,3,1,source_covariance,,unavailable,,,0,,,
P03OUTER-0334afb34281462b3f3d90ad,EXP-C09-T3,T3-ZS,pills:Pendar-1,pills,Pendar-1,3,2,standard,,complete,C-PLS-DA-000,C-LOGREG-EN-000,124,0.0,0.0,0.0
P03OUTER-03470d9d4d4156c3600e1a53,EXP-C10-T3,T3-ZS,cwa:Pendar-2,cwa,Pendar-2,5,2,fixed_family_reuse,C-RANDOM-FOREST,complete,C-RANDOM-FOREST-000,C-RANDOM-FOREST-008,16,0.037037037037037035,0.07407407407407407,0.03756613756613758
P03OUTER-034ba405a3aaf04b215a20cb,EXP-C10-T3,T3-ZS,surfaces:Pendar-3,surfaces,Pendar-3,5,1,fixed_family_reuse,C-RANDOM-FOREST,complete,C-RANDOM-FOREST-008,C-RANDOM-FOREST-009,16,0.0,0.0,0.0
P03OUTER-035f6315bd8fc4593a3041c4,EXP-C10-T3,T3-ZS,surfaces:Agilent-3,surfaces,Agilent-3,1,1,fixed_family_reuse,C-RANDOM-FOREST,complete,C-RANDOM-FOREST-010,C-RANDOM-FOREST-014,16,0.0,0.0,0.0
P03OUTER-039d67f83601dabefc6eb72c,EXP-C09-CONTROL-META,T3-ZS,surfaces:Pendar-2,surfaces,Pendar-2,5,1,metadata_control,,complete,CTRL-META-C-LOGREG-EN-024,CTRL-META-C-LOGREG-EN-026,30,0.0,0.0,0.0
P03OUTER-03b8b9cb8883623b8dec583b,EXP-C10-T3,T3-ZS,cwa:Mira-2,cwa,Mira-2,1,1,fixed_family_reuse,C-PCA-LDA,complete,C-PCA-LDA-006,C-PCA-LDA-008,10,1.1102230246251565e-16,-0.16666666666666663,0.040740740740740855
P03OUTER-03d409a277a113e505040894,EXP-C06-T1,T1-SURF,surfaces:within,surfaces,not_applicable,1,2,standard,,complete,C-RBF-SVM-012,C-RBF-SVM-025,36,0.0,0.0,0.0
P03OUTER-03f867fe9d60ad7c68481ff2,EXP-C06-T1,T1-CWA,cwa:within,cwa,not_applicable,1,2,standard,,complete,C-RBF-SVM-012,C-RBF-SVM-018,36,0.0,0.0,0.0
P03OUTER-03f8caf3857860ef98f2e44a,EXP-C12-CORAL,T3-ZS,pills:Agilent-1,pills,Agilent-1,5,3,source_covariance,,unavailable,,,0,,,
P03OUTER-0403c383a7c95dbe974a1953,EXP-C01-T1,T1-SURF,surfaces:within,surfaces,not_applicable,4,0,standard,,complete,C-SPECTRAL-MATCH-002,C-SPECTRAL-MATCH-000,3,0.03703703703703709,0.05555555555555547,0.04074074074074052
P03OUTER-040905398313ec0bed8e6ca2,EXP-C09-CONTROL-META,T3-ZS,surfaces:Agilent-3,surfaces,Agilent-3,3,0,metadata_control,,complete,CTRL-META-C-LOGREG-EN-012,CTRL-META-C-LOGREG-EN-003,19,0.0,0.0,0.015277777777777807
P03OUTER-040bd1c70d06a57ed4addc60,EXP-C10-T3,T3-ZS,surfaces:Agilent-3,surfaces,Agilent-3,5,1,fixed_family_reuse,C-RBF-SVM,complete,C-RBF-SVM-019,C-RBF-SVM-025,36,0.06944444444444442,0.0,0.1055056055056055
P03OUTER-040fb0ff385f1263ecbdfe16,EXP-C02-T1,T1-PILLS,pills:within,pills,not_applicable,3,0,standard,,complete,C-NEAREST-CENTROID-004,C-NEAREST-CENTROID-006,8,0.0,0.0,0.0
P03OUTER-04328b8702bb416743c175a3,EXP-C10-T3,T3-ZS,surfaces:Mira-1,surfaces,Mira-1,2,3,fixed_family_reuse,C-PCA-LDA,complete,C-PCA-LDA-003,C-PCA-LDA-001,6,0.16428571428571437,0.20952380952380956,0.17520442520442525
P03OUTER-04875b229934c76ed0326c7f,EXP-C10-T3,T3-ZS,surfaces:Pendar-3,surfaces,Pendar-3,1,1,fixed_family_reuse,C-PCA-LDA,complete,C-PCA-LDA-003,C-PCA-LDA-002,6,0.06666666666666654,0.09999999999999998,-0.007539682539682513
P03OUTER-048965cd35893b1e7a9d1ca0,EXP-C10-T3,T3-ZS,surfaces:Pendar-2,surfaces,Pendar-2,4,2,fixed_family_reuse,C-RBF-SVM,complete,C-RBF-SVM-007,C-RBF-SVM-013,36,0.0,0.0,0.0
P03OUTER-04a168c3e35f8d08c59a5233,EXP-C02-T1,T1-PILLS,pills:within,pills,not_applicable,4,0,standard,,complete,C-NEAREST-CENTROID-000,C-NEAREST-CENTROID-001,8,0.0,0.0,0.0
P03OUTER-04c26d5be01ab9510cf74f43,EXP-C09-CONTROL-META,T3-ZS,surfaces:Mira-1,surfaces,Mira-1,2,0,metadata_control,,complete,CTRL-META-C-LOGREG-EN-000,CTRL-META-C-LOGREG-EN-001,24,0.0,0.0,0.0
P03OUTER-04cd351fa77fa4afa71bf291,EXP-C09-T3,T3-ZS,surfaces:RMX-2,surfaces,RMX-2,5,0,standard,,complete,C-RANDOM-FOREST-002,C-PLS-DA-003,123,0.0,0.0,0.0
P03OUTER-0507858401417bb83c467b4b,EXP-C10-T3,T3-ZS,surfaces:Pendar-3,surfaces,Pendar-3,5,3,fixed_family_reuse,C-PCA-LDA,complete,C-PCA-LDA-000,C-PCA-LDA-001,4,0.06666666666666665,0.10476190476190472,0.14264705882352946
P03OUTER-050f33b9f71fcff72724b125,EXP-C10-T3,T3-ZS,pills:Agilent-1,pills,Agilent-1,4,0,fixed_family_reuse,C-PCA-LDA,complete,C-PCA-LDA-004,C-PCA-LDA-005,10,0.0,0.0,0.0
P03OUTER-0562f334c78bbb5f5581a4a6,EXP-C10-T3,T3-ZS,surfaces:Mira-1,surfaces,Mira-1,4,3,fixed_family_reuse,C-EXTRA-TREES,complete,C-EXTRA-TREES-001,C-EXTRA-TREES-000,16,0.02777777777777779,0.0,0.019805568051182165
P03OUTER-059f9b1d040f76d9bf4e1f48,EXP-C09-T3,T3-ZS,cwa:RMX-1,cwa,RMX-1,1,2,standard,,complete,C-LOGREG-EN-000,C-PLS-DA-000,125,0.08333333333333326,0.0,0.04444444444444451
P03OUTER-05a20fbf7bc28df276ada5c3,EXP-C03-T1,T1-CWA,cwa:within,cwa,not_applicable,3,3,standard,,complete,C-PCA-LDA-006,C-PCA-LDA-007,10,0.03703703703703709,0.0,0.0444444444444444
P03OUTER-05b948fb581e60bb3617c2d7,EXP-C10-T3,T3-ZS,surfaces:Agilent-3,surfaces,Agilent-3,5,2,fixed_family_reuse,C-PCA-LDA,complete,C-PCA-LDA-003,C-PCA-LDA-002,6,0.08333333333333326,0.10000000000000003,0.07572150072150086
P03OUTER-05be478a7819aa358b6f6f59,EXP-C12-CORAL,T3-ZS,pills:Pendar-1,pills,Pendar-1,4,0,source_covariance,,unavailable,,,0,,,
P03OUTER-0615bebddca5e9ebeaabe59c,EXP-C12-CORAL,T3-ZS,pills:Pendar-3,pills,Pendar-3,2,3,source_covariance,,unavailable,,,0,,,
P03OUTER-0639f9b02f3d6655387737f3,EXP-C05-T1,T1-CWA,cwa:within,cwa,not_applicable,4,1,standard,,complete,C-LOGREG-EN-015,C-LOGREG-EN-016,30,0.0,0.0,0.0
P03OUTER-06503791805579fe5a117bc5,EXP-C12-CORAL,T3-ZS,pills:Agilent-3,pills,Agilent-3,4,0,source_covariance,,unavailable,,,0,,,
P03OUTER-069a5779a4f646a85c6e059c,EXP-C12-CORAL,T3-ZS,surfaces:Mira-1,surfaces,Mira-1,1,3,source_covariance,,complete,CORAL-C-RBF-SVM-014,CORAL-C-RBF-SVM-020,42,0.0,0.0,0.0181818181818183
P03OUTER-06a0b7df004b6a14a8af5409,EXP-C09-CONTROL-META,T3-ZS,surfaces:Pendar-3,surfaces,Pendar-3,2,2,metadata_control,,complete,CTRL-META-C-LOGREG-EN-001,CTRL-META-C-LOGREG-EN-005,23,0.0,0.0,0.0
P03OUTER-06b9e310e4d3f8510a07585d,EXP-C12-CORAL,T3-ZS,pills:Mira-3,pills,Mira-3,4,3,source_covariance,,unavailable,,,0,,,
P03OUTER-06c391e9ab5a6bef66803feb,EXP-C09-T3,T3-ZS,pills:Pendar-3,pills,Pendar-3,1,1,standard,,complete,C-PLS-DA-000,C-LOGREG-EN-000,123,0.0,0.0,0.0
P03OUTER-06dc32e84d8a9e6a719434d0,EXP-C12-CORAL,T3-ZS,surfaces:Mira-1,surfaces,Mira-1,2,3,source_covariance,,complete,CORAL-C-PCA-LDA-001,CORAL-C-RBF-SVM-020,42,0.030952380952380953,0.014285714285714401,-0.0018407518407519419
P03OUTER-06ddb32e22a9db2ed44b1bc9,EXP-C10-T3,T3-ZS,surfaces:Pendar-2,surfaces,Pendar-2,4,3,fixed_family_reuse,C-RANDOM-FOREST,complete,C-RANDOM-FOREST-004,C-RANDOM-FOREST-008,16,0.0,0.0,0.0
P03OUTER-06f1dbda638ac9a9543ed201,EXP-C10-T3,T3-ZS,pills:Mira-3,pills,Mira-3,3,1,fixed_family_reuse,C-EXTRA-TREES,complete,C-EXTRA-TREES-000,C-EXTRA-TREES-001,16,0.0,0.0,0.0
P03OUTER-06f4ebf31ba9642f9e5d30ee,EXP-C09-T3,T3-ZS,pills:Mira-3,pills,Mira-3,3,0,standard,,complete,C-SPECTRAL-MATCH-000,C-PLS-DA-000,125,0.0,0.0,0.0
P03OUTER-0702b5e9ca009d4ea861d504,EXP-C10-T3,T3-ZS,pills:Pendar-3,pills,Pendar-3,3,0,fixed_family_reuse,C-RANDOM-FOREST,complete,C-RANDOM-FOREST-000,C-RANDOM-FOREST-001,16,0.0,0.0,0.0
P03OUTER-0712e676de3f8c4b70f89e73,EXP-C02-T1,T1-PILLS,pills:within,pills,not_applicable,5,2,standard,,complete,C-NEAREST-CENTROID-004,C-NEAREST-CENTROID-005,8,0.0,0.0,0.0
P03OUTER-072085f10a562e415f20121e,EXP-C01-T1,T1-CWA,cwa:within,cwa,not_applicable,1,0,standard,,complete,C-SPECTRAL-MATCH-001,C-SPECTRAL-MATCH-000,3,0.0,0.0,0.0037037037037036535
P03OUTER-076944a1754643f2e04c6dd8,EXP-C10-T3,T3-ZS,pills:Agilent-3,pills,Agilent-3,2,1,fixed_family_reuse,C-PCA-LDA,complete,C-PCA-LDA-004,C-PCA-LDA-005,10,0.0,0.0,0.0
P03OUTER-0777d48757bfd3c86bbbd2e6,EXP-C10-T3,T3-ZS,surfaces:Agilent-3,surfaces,Agilent-3,1,3,fixed_family_reuse,C-EXTRA-TREES,complete,C-EXTRA-TREES-000,C-EXTRA-TREES-001,16,0.0,0.0,0.0
P03OUTER-07b7e3b42f3486f35dc2df7c,EXP-C09-CONTROL-META,T3-ZS,pills:Pendar-3,pills,Pendar-3,5,3,metadata_control,,complete,CTRL-META-C-LOGREG-EN-019,CTRL-META-C-LOGREG-EN-016,19,0.0,0.0,0.04074074074074069
P03OUTER-07d11f9f18cbedf820893cff,EXP-C09-CONTROL-META,T3-ZS,cwa:Mira-2,cwa,Mira-2,5,1,metadata_control,,complete,CTRL-META-C-LOGREG-EN-010,CTRL-META-C-LOGREG-EN-015,30,0.0,0.0,0.0
P03OUTER-07e0a4c03a0ff7507e2bb126,EXP-C09-T3,T3-ZS,surfaces:Pendar-2,surfaces,Pendar-2,1,1,standard,,complete,C-LOGREG-EN-016,C-LOGREG-EN-017,111,0.0444444444444444,0.1333333333333333,0.036684303350970004
P03OUTER-08218645f91ce8f7bc078369,EXP-C10-T3,T3-ZS,surfaces:Pendar-3,surfaces,Pendar-3,4,1,fixed_family_reuse,C-EXTRA-TREES,complete,C-EXTRA-TREES-000,C-EXTRA-TREES-001,16,0.02777777777777779,-0.018518518518518545,0.019686794686794684
P03OUTER-083e65ff7c39172f63eb2f66,EXP-C09-T3,T3-ZS,surfaces:Pendar-3,surfaces,Pendar-3,3,1,standard,,complete,C-LOGREG-EN-029,C-LOGREG-EN-026,118,0.0,0.0,0.0241758241758242
P03OUTER-08494718711f92a03da7d1dc,EXP-C10-T3,T3-ZS,cwa:Pendar-2,cwa,Pendar-2,1,0,fixed_family_reuse,C-RANDOM-FOREST,complete,C-RANDOM-FOREST-002,C-RANDOM-FOREST-000,16,0.05555555555555547,0.05555555555555558,0.1335978835978836
P03OUTER-089da7846f53833dc8ecf320,EXP-C03-T1,T1-CWA,cwa:within,cwa,not_applicable,2,0,standard,,complete,C-PCA-LDA-007,C-PCA-LDA-004,10,0.05555555555555558,0.0,0.05925925925925912
P03OUTER-08a13e38aff39b55b33c033d,EXP-C10-T3,T3-ZS,cwa:Pendar-2,cwa,Pendar-2,5,3,fixed_family_reuse,C-RBF-SVM,complete,C-RBF-SVM-012,C-RBF-SVM-025,36,0.02777777777777779,0.22222222222222227,-0.07857142857142874
P03OUTER-08e264472d05df9e8bde4e0d,EXP-C09-T3,T3-ZS,surfaces:Mira-1,surfaces,Mira-1,1,0,standard,,complete,C-SPECTRAL-MATCH-000,C-SPECTRAL-MATCH-002,121,0.0,0.0,0.0
P03OUTER-0908bbbf11e3ab090eedeb1d,EXP-C09-CONTROL-META,T3-ZS,pills:Agilent-3,pills,Agilent-3,4,3,metadata_control,,complete,CTRL-META-C-LOGREG-EN-017,CTRL-META-C-LOGREG-EN-018,18,0.0,0.0,0.0
P03OUTER-091a428c666e3cde4957d3e2,EXP-C09-CONTROL-META,T3-ZS,cwa:Mira-2,cwa,Mira-2,4,1,metadata_control,,complete,CTRL-META-C-LOGREG-EN-000,CTRL-META-C-LOGREG-EN-005,30,0.0,0.0,0.0
P03OUTER-092d13a83808342fc6ea1560,EXP-C04-T1,T1-CWA,cwa:within,cwa,not_applicable,1,1,standard,,complete,C-PLS-DA-004,C-PLS-DA-002,5,0.05555555555555558,0.16666666666666674,0.05185185185185204
P03OUTER-093a68ece4e920a8e7d8a373,EXP-C10-T3,T3-ZS,cwa:RMX-1,cwa,RMX-1,4,0,fixed_family_reuse,C-PCA-LDA,complete,C-PCA-LDA-006,C-PCA-LDA-007,10,0.0,0.0,0.0
P03OUTER-0999bdeb26c06f4a6487ece9,EXP-C10-T3,T3-ZS,surfaces:Pendar-3,surfaces,Pendar-3,5,2,fixed_family_reuse,C-RBF-SVM,complete,C-RBF-SVM-019,C-RBF-SVM-025,36,0.0,0.0,0.0
P03OUTER-099c6984150325b6fe4dabe6,EXP-C10-T3,T3-ZS,surfaces:Pendar-3,surfaces,Pendar-3,2,2,fixed_family_reuse,C-PCA-LDA,complete,C-PCA-LDA-003,C-PCA-LDA-001,6,0.05555555555555547,0.08333333333333331,0.043464052287581656
P03OUTER-09a51a03c0f016a06a5a9959,EXP-C10-T3,T3-ZS,surfaces:Pendar-2,surfaces,Pendar-2,2,3,fixed_family_reuse,C-EXTRA-TREES,complete,C-EXTRA-TREES-004,C-EXTRA-TREES-012,16,0.005291005291005346,0.015873015873015817,0.00440917107583777
P03OUTER-09a98c53af42b262dfd7c3a1,EXP-C10-T3,T3-ZS,pills:Agilent-1,pills,Agilent-1,2,1,fixed_family_reuse,C-PCA-LDA,complete,C-PCA-LDA-004,C-PCA-LDA-005,10,0.0,0.0,0.0
P03OUTER-09c66b4ed8b65ef1cb4e4ad3,EXP-C05-T1,T1-CWA,cwa:within,cwa,not_applicable,1,3,standard,,complete,C-LOGREG-EN-005,C-LOGREG-EN-011,29,0.0,0.0,0.0
P03OUTER-09dd614abf5baf92187a9a8d,EXP-C10-T3,T3-ZS,surfaces:RMX-2,surfaces,RMX-2,2,2,fixed_family_reuse,C-EXTRA-TREES,complete,C-EXTRA-TREES-000,C-EXTRA-TREES-004,16,5.551115123125783e-17,0.0,-0.003703703703703709
P03OUTER-09fbeb050e20e92c59025759,EXP-C09-CONTROL-META,T3-ZS,cwa:Pendar-2,cwa,Pendar-2,2,3,metadata_control,,complete,CTRL-META-C-LOGREG-EN-005,CTRL-META-C-LOGREG-EN-010,30,0.0,0.0,0.0
P03OUTER-0a0392848a4fbb0acda4a4d8,EXP-C09-CONTROL-META,T3-ZS,surfaces:RMX-2,surfaces,RMX-2,1,1,metadata_control,,complete,CTRL-META-C-LOGREG-EN-000,CTRL-META-C-LOGREG-EN-001,28,0.0,0.0,0.0
P03OUTER-0a0969eb88f68e91e6545ec9,EXP-C08-T1,T1-PILLS,pills:within,pills,not_applicable,1,3,standard,,complete,C-EXTRA-TREES-000,C-EXTRA-TREES-001,16,0.0,0.0,0.0
P03OUTER-0a202228f6851364fb7ecba8,EXP-C09-T3,T3-ZS,surfaces:RMX-2,surfaces,RMX-2,3,2,standard,,complete,C-LOGREG-EN-023,C-LOGREG-EN-022,117,0.05555555555555547,0.0,0.04436304436304439
P03OUTER-0a23a9aa3e2667a594fdcb65,EXP-C08-T1,T1-PILLS,pills:within,pills,not_applicable,5,1,standard,,complete,C-EXTRA-TREES-000,C-EXTRA-TREES-001,16,0.0,0.0,0.0
P03OUTER-0a75df2ad572960011c6fd4b,EXP-C05-T1,T1-CWA,cwa:within,cwa,not_applicable,2,2,standard,,complete,C-LOGREG-EN-005,C-LOGREG-EN-011,28,0.0,0.0,0.0
P03OUTER-0a9070f4b7ea2ac3d76fa0bc,EXP-C10-T3,T3-ZS,pills:Mira-3,pills,Mira-3,1,3,fixed_family_reuse,C-PCA-LDA,complete,C-PCA-LDA-002,C-PCA-LDA-003,10,0.0,0.0,0.0
P03OUTER-0acb95e98da689d1636b2c1d,EXP-C10-T3,T3-ZS,pills:Pendar-1,pills,Pendar-1,3,3,fixed_family_reuse,C-PCA-LDA,complete,C-PCA-LDA-004,C-PCA-LDA-005,10,0.0,0.0,0.0
P03OUTER-0ae6af27a67f614371795be2,EXP-C10-T3,T3-ZS,surfaces:Pendar-2,surfaces,Pendar-2,2,2,fixed_family_reuse,C-RBF-SVM,complete,C-RBF-SVM-019,C-RBF-SVM-025,36,0.0,0.0,0.0
P03OUTER-0afc6f4805866925e509324e,EXP-C10-T3,T3-ZS,surfaces:Pendar-2,surfaces,Pendar-2,4,1,fixed_family_reuse,C-RBF-SVM,complete,C-RBF-SVM-002,C-RBF-SVM-008,36,0.0,0.0,0.0
P03OUTER-0b080a74610b9a23b8bbab81,EXP-C10-T3,T3-ZS,pills:Agilent-3,pills,Agilent-3,2,3,fixed_family_reuse,C-RANDOM-FOREST,complete,C-RANDOM-FOREST-000,C-RANDOM-FOREST-001,16,0.0,0.0,0.0
P03OUTER-0b08c01c58246dd9e61fd0a5,EXP-C10-T3,T3-ZS,surfaces:Mira-1,surfaces,Mira-1,5,3,fixed_family_reuse,C-EXTRA-TREES,complete,C-EXTRA-TREES-000,C-EXTRA-TREES-001,16,0.0,0.0,0.0
P03OUTER-0b5f59b27b48a84a975e1410,EXP-C09-CONTROL-META,T3-ZS,cwa:RMX-1,cwa,RMX-1,4,1,metadata_control,,complete,CTRL-META-C-LOGREG-EN-025,CTRL-META-C-LOGREG-EN-026,30,0.0,0.0,0.0
P03OUTER-0b690564ae27e1a2a73ae2a5,EXP-C10-T3,T3-ZS,pills:Mira-3,pills,Mira-3,3,2,fixed_family_reuse,C-RBF-SVM,complete,C-RBF-SVM-012,C-RBF-SVM-014,36,0.0,0.0,0.0
P03OUTER-0bb0230bb2b205361cf68d80,EXP-C12-CORAL,T3-ZS,surfaces:Pendar-3,surfaces,Pendar-3,1,2,source_covariance,,unavailable,,,0,,,
P03OUTER-0bb8df244125a1557ad6e74a,EXP-C10-T3,T3-ZS,cwa:RMX-1,cwa,RMX-1,5,3,fixed_family_reuse,C-PCA-LDA,complete,C-PCA-LDA-007,C-PCA-LDA-004,10,0.08333333333333348,0.0,0.08333333333333337
P03OUTER-0bbaff54f63d0b84e6cefb5c,EXP-C04-T1,T1-PILLS,pills:within,pills,not_applicable,5,1,standard,,complete,C-PLS-DA-000,C-PLS-DA-001,5,0.0,0.0,0.0
P03OUTER-0bc0a0852ffa548dee6513b8,EXP-C12-CORAL,T3-ZS,surfaces:RMX-2,surfaces,RMX-2,4,2,source_covariance,,unavailable,,,0,,,
P03OUTER-0bd106653326cde8bd8d638d,EXP-C10-T3,T3-ZS,pills:Mira-3,pills,Mira-3,4,2,fixed_family_reuse,C-RANDOM-FOREST,complete,C-RANDOM-FOREST-000,C-RANDOM-FOREST-001,16,0.0,0.0,0.0
P03OUTER-0bd4907865dc76da40095e9b,EXP-C10-T3,T3-ZS,pills:Pendar-1,pills,Pendar-1,2,2,fixed_family_reuse,C-EXTRA-TREES,complete,C-EXTRA-TREES-000,C-EXTRA-TREES-001,16,0.0,0.0,0.0
P03OUTER-0bd84d5199cc7210dbea7e50,EXP-C10-T3,T3-ZS,cwa:Pendar-2,cwa,Pendar-2,4,2,fixed_family_reuse,C-RANDOM-FOREST,complete,C-RANDOM-FOREST-010,C-RANDOM-FOREST-014,16,0.0,0.0,0.0
P03OUTER-0bdc7a3f8d34a27da2693c65,EXP-C09-CONTROL-META,T3-ZS,surfaces:Pendar-2,surfaces,Pendar-2,2,2,metadata_control,,complete,CTRL-META-C-LOGREG-EN-009,CTRL-META-C-LOGREG-EN-013,30,0.0,0.0,0.0
P03OUTER-0bdcff24e059441e07fbada7,EXP-C10-T3,T3-ZS,pills:Mira-3,pills,Mira-3,3,0,fixed_family_reuse,C-PCA-LDA,complete,C-PCA-LDA-002,C-PCA-LDA-004,10,0.0,0.0,0.0
P03OUTER-0c0422ce23743b3e937f4933,EXP-C10-T3,T3-ZS,surfaces:RMX-2,surfaces,RMX-2,4,1,fixed_family_reuse,C-PCA-LDA,complete,C-PCA-LDA-003,C-PCA-LDA-001,6,0.17592592592592593,0.02777777777777779,0.24805996472663144
P03OUTER-0c2035969ab9cb19cb8c5d83,EXP-C10-T3,T3-ZS,surfaces:Pendar-2,surfaces,Pendar-2,1,3,fixed_family_reuse,C-RANDOM-FOREST,complete,C-RANDOM-FOREST-012,C-RANDOM-FOREST-008,16,0.006172839506172867,0.0,0.006548184325962103
P03OUTER-0c2246e067a855365d4c8f98,EXP-C09-T3,T3-ZS,cwa:Mira-2,cwa,Mira-2,1,0,standard,,complete,C-PCA-LDA-004,C-PCA-LDA-008,126,0.0,0.0,0.0
P03OUTER-0c2ac70262d14312b3b56de1,EXP-C03-T1,T1-SURF,surfaces:within,surfaces,not_applicable,4,0,standard,,complete,C-PCA-LDA-006,C-PCA-LDA-007,10,0.03703703703703698,0.0,0.04444444444444451
P03OUTER-0c34fc8f6181da25796882c8,EXP-C10-T3,T3-ZS,surfaces:Pendar-3,surfaces,Pendar-3,2,3,fixed_family_reuse,C-PCA-LDA,complete,C-PCA-LDA-003,C-PCA-LDA-008,6,0.08095238095238094,0.0,0.11574074074074081
P03OUTER-0c4431edb7328e40c17e5f4a,EXP-C05-T1,T1-CWA,cwa:within,cwa,not_applicable,5,2,standard,,complete,C-LOGREG-EN-020,C-LOGREG-EN-011,30,0.05555555555555558,0.0,0.05925925925925912
P03OUTER-0c5283babf48271d78fc4d25,EXP-C10-T3,T3-ZS,cwa:RMX-1,cwa,RMX-1,3,2,fixed_family_reuse,C-RANDOM-FOREST,complete,C-RANDOM-FOREST-008,C-RANDOM-FOREST-009,16,0.0,0.0,0.0
P03OUTER-0c7503483f22d515b31fb5d9,EXP-C10-T3,T3-ZS,surfaces:Pendar-2,surfaces,Pendar-2,3,0,fixed_family_reuse,C-RBF-SVM,complete,C-RBF-SVM-002,C-RBF-SVM-008,36,0.0,0.0,0.0
P03OUTER-0ca076d412de5577697eb14f,EXP-C09-T3,T3-ZS,pills:Pendar-3,pills,Pendar-3,1,0,standard,,complete,C-PLS-DA-000,C-LOGREG-EN-000,126,0.0,0.0,0.0
P03OUTER-0ccab1be82f5e4291ad9403b,EXP-C10-T3,T3-ZS,cwa:Mira-2,cwa,Mira-2,2,3,fixed_family_reuse,C-PCA-LDA,complete,C-PCA-LDA-001,C-PCA-LDA-008,8,0.0,0.0,0.016666666666666607
P03OUTER-0cd9499cbcbe84df844fcf84,EXP-C04-T1,T1-SURF,surfaces:within,surfaces,not_applicable,4,0,standard,,complete,C-PLS-DA-002,C-PLS-DA-003,5,0.0,0.0,0.0
P03OUTER-0ce43b607a7f9f3ac8bc30c0,EXP-C12-CORAL,T3-ZS,pills:Agilent-3,pills,Agilent-3,1,3,source_covariance,,unavailable,,,0,,,
P03OUTER-0ceb17d09adfecbfb8c75ba5,EXP-C10-T3,T3-ZS,surfaces:Agilent-3,surfaces,Agilent-3,5,1,fixed_family_reuse,C-PCA-LDA,complete,C-PCA-LDA-002,C-PCA-LDA-003,6,0.04166666666666652,-0.0277777777777779,0.016977466977466937
P03OUTER-0d01ea5996e3c54136e3951d,EXP-C10-T3,T3-ZS,pills:Agilent-3,pills,Agilent-3,1,2,fixed_family_reuse,C-PCA-LDA,complete,C-PCA-LDA-006,C-PCA-LDA-007,10,0.0,0.0,0.0
P03OUTER-0d1c73ea5cb10546022b1167,EXP-C10-T3,T3-ZS,cwa:Mira-2,cwa,Mira-2,2,2,fixed_family_reuse,C-EXTRA-TREES,complete,C-EXTRA-TREES-015,C-EXTRA-TREES-010,16,0.0092592592592593,0.07407407407407401,0.011022927689594397
P03OUTER-0d50f08d09449616929544c2,EXP-C12-CORAL,T3-ZS,pills:Agilent-1,pills,Agilent-1,3,3,source_covariance,,unavailable,,,0,,,
P03OUTER-0d598bdfda59bfe9553a7bda,EXP-C12-CORAL,T3-ZS,pills:Agilent-1,pills,Agilent-1,4,3,source_covariance,,unavailable,,,0,,,
P03OUTER-0d672f42a9d01f7af8024ff4,EXP-C12-CORAL,T3-ZS,surfaces:Agilent-3,surfaces,Agilent-3,3,2,source_covariance,,complete,CORAL-C-RBF-SVM-019,CORAL-C-RBF-SVM-012,42,0.011111111111111183,0.13333333333333341,-0.01334776334776333
P03OUTER-0d8e1013096edd235acef993,EXP-C10-T3,T3-ZS,cwa:Pendar-2,cwa,Pendar-2,5,1,fixed_family_reuse,C-PCA-LDA,complete,C-PCA-LDA-007,C-PCA-LDA-004,10,1.1102230246251565e-16,0.1666666666666667,-0.019841269841269882
P03OUTER-0d920995e2ba397ed90d3f0d,EXP-C01-T1,T1-CWA,cwa:within,cwa,not_applicable,5,2,standard,,complete,C-SPECTRAL-MATCH-001,C-SPECTRAL-MATCH-002,3,0.11111111111111116,0.33333333333333337,0.1259259259259261
P03OUTER-0da440b3e212ebe19ebf6ca3,EXP-C06-T1,T1-PILLS,pills:within,pills,not_applicable,2,3,standard,,complete,C-RBF-SVM-012,C-RBF-SVM-014,36,0.0,0.0,0.0
P03OUTER-0da6b6e5bdc0ef6eea53738d,EXP-C01-T1,T1-PILLS,pills:within,pills,not_applicable,4,1,standard,,complete,C-SPECTRAL-MATCH-002,C-SPECTRAL-MATCH-000,3,0.05555555555555569,0.0,0.09259259259259256
P03OUTER-0dadd715a71bd5c608a4d345,EXP-C10-T3,T3-ZS,cwa:Mira-2,cwa,Mira-2,2,0,fixed_family_reuse,C-RBF-SVM,complete,C-RBF-SVM-013,C-RBF-SVM-018,36,0.07407407407407396,0.05555555555555558,0.032804232804232725
P03OUTER-0dcfd20be5309e7fda41e4cf,EXP-C09-CONTROL-META,T3-ZS,surfaces:Pendar-2,surfaces,Pendar-2,1,2,metadata_control,,complete,CTRL-META-C-LOGREG-EN-010,CTRL-META-C-LOGREG-EN-016,30,0.0,0.0,0.025925925925925908
P03OUTER-0e38a0598f9fecfb79210d4f,EXP-C05-T1,T1-SURF,surfaces:within,surfaces,not_applicable,1,1,standard,,complete,C-LOGREG-EN-000,C-LOGREG-EN-005,30,0.0,0.0,0.0
P03OUTER-0e42bbc21580ea9bd32d9d75,EXP-C12-CORAL,T3-ZS,cwa:RMX-1,cwa,RMX-1,2,2,source_covariance,,complete,CORAL-C-RBF-SVM-026,CORAL-C-RBF-SVM-032,46,0.0,0.0,0.0
P03OUTER-0e694451235dad48c8bda2d4,EXP-C10-T3,T3-ZS,pills:Mira-3,pills,Mira-3,5,3,fixed_family_reuse,C-PCA-LDA,complete,C-PCA-LDA-002,C-PCA-LDA-003,10,0.0,0.0,0.0
P03OUTER-0e7f48bed6199c8e4cd4515b,EXP-C10-T3,T3-ZS,pills:Agilent-1,pills,Agilent-1,3,2,fixed_family_reuse,C-RANDOM-FOREST,complete,C-RANDOM-FOREST-000,C-RANDOM-FOREST-001,16,0.0,0.0,0.0
P03OUTER-0e8ef7c9f11de26e579ffbde,EXP-C10-T3,T3-ZS,cwa:Pendar-2,cwa,Pendar-2,4,0,fixed_family_reuse,C-EXTRA-TREES,complete,C-EXTRA-TREES-007,C-EXTRA-TREES-010,16,0.0092592592592593,0.0,0.030423280423280463
P03OUTER-0e98b084f16936be822cfd72,EXP-C10-T3,T3-ZS,surfaces:Pendar-2,surfaces,Pendar-2,3,3,fixed_family_reuse,C-EXTRA-TREES,complete,C-EXTRA-TREES-000,C-EXTRA-TREES-004,16,0.0,0.0,0.0
P03OUTER-0ea48cc4ab6216f264fd4b73,EXP-C08-T1,T1-CWA,cwa:within,cwa,not_applicable,5,3,standard,,complete,C-EXTRA-TREES-014,C-EXTRA-TREES-011,16,0.0185185185185186,0.0,0.01975308641975293
P03OUTER-0eada0a0361d83ffe4e4de68,EXP-C09-CONTROL-META,T3-ZS,cwa:Pendar-2,cwa,Pendar-2,5,3,metadata_control,,complete,CTRL-META-C-LOGREG-EN-006,CTRL-META-C-LOGREG-EN-009,30,0.0,0.0,0.0
P03OUTER-0f266dc12b9948f5bfcd37e2,EXP-C12-CORAL,T3-ZS,cwa:RMX-1,cwa,RMX-1,3,3,source_covariance,,unavailable,,,0,,,
P03OUTER-0f30951114f88b7ef9c88fe5,EXP-C12-CORAL,T3-ZS,surfaces:Mira-1,surfaces,Mira-1,5,1,source_covariance,,complete,CORAL-C-PCA-LDA-005,CORAL-C-PCA-LDA-002,44,0.01388888888888895,0.11111111111111116,0.012229437229437368
P03OUTER-0f33a4904351242a9169e65a,EXP-C12-CORAL,T3-ZS,pills:Agilent-3,pills,Agilent-3,2,3,source_covariance,,unavailable,,,0,,,
P03OUTER-0f37b08d41eea8979dc07db9,EXP-C10-T3,T3-ZS,cwa:RMX-1,cwa,RMX-1,1,1,fixed_family_reuse,C-RANDOM-FOREST,complete,C-RANDOM-FOREST-003,C-RANDOM-FOREST-007,16,0.0185185185185186,0.05555555555555558,0.0185185185185186
P03OUTER-0f85762e099d766e54000f54,EXP-C09-CONTROL-META,T3-ZS,pills:Pendar-3,pills,Pendar-3,5,2,metadata_control,,complete,CTRL-META-C-LOGREG-EN-011,CTRL-META-C-LOGREG-EN-012,30,0.0,0.0,0.0
P03OUTER-0f90bf0990b6491c37f19489,EXP-C10-T3,T3-ZS,pills:Agilent-1,pills,Agilent-1,5,2,fixed_family_reuse,C-PCA-LDA,complete,C-PCA-LDA-004,C-PCA-LDA-005,10,0.0,0.0,0.0
P03OUTER-0fc1b1a1d56b027508a9896e,EXP-C10-T3,T3-ZS,surfaces:Pendar-3,surfaces,Pendar-3,1,0,fixed_family_reuse,C-RANDOM-FOREST,complete,C-RANDOM-FOREST-013,C-RANDOM-FOREST-008,16,0.022222222222222365,0.0,0.021941638608305225
P03OUTER-0fce0e046d53894cfbb7fbeb,EXP-C09-CONTROL-META,T3-ZS,surfaces:Agilent-3,surfaces,Agilent-3,3,3,metadata_control,,complete,CTRL-META-C-LOGREG-EN-004,CTRL-META-C-LOGREG-EN-013,30,0.0,0.0,0.003174603174603191
P03OUTER-0fdbb379fa2ae3d9a8666e2f,EXP-C09-T3,T3-ZS,pills:Pendar-1,pills,Pendar-1,2,0,standard,,complete,C-PLS-DA-000,C-LOGREG-EN-000,122,0.0,0.0,0.0
P03OUTER-0fdf60ce0b0c0319671bc7c8,EXP-C09-CONTROL-META,T3-ZS,surfaces:Pendar-2,surfaces,Pendar-2,1,3,metadata_control,,complete,CTRL-META-C-LOGREG-EN-017,CTRL-META-C-LOGREG-EN-001,30,0.0,0.0,0.008447043534762805
P03OUTER-0ff64018a54ad5d3b82949a6,EXP-C12-CORAL,T3-ZS,cwa:RMX-1,cwa,RMX-1,5,2,source_covariance,,complete,CORAL-C-PCA-LDA-000,CORAL-C-RBF-SVM-031,46,0.08333333333333331,-0.055555555555555636,0.1337301587301588
P03OUTER-100d0420e91eba5bda885657,EXP-C09-T3,T3-ZS,pills:Agilent-1,pills,Agilent-1,1,3,standard,,complete,C-PLS-DA-000,C-LOGREG-EN-000,125,0.0,0.0,0.0
P03OUTER-10453261262c39f60bbd5194,EXP-C09-CONTROL-META,T3-ZS,pills:Agilent-3,pills,Agilent-3,1,1,metadata_control,,complete,CTRL-META-C-LOGREG-EN-005,CTRL-META-C-LOGREG-EN-018,19,0.0,0.0,0.037037037037037035
P03OUTER-104fd5d60bf4f4887d49d374,EXP-C09-T3,T3-ZS,pills:Pendar-3,pills,Pendar-3,4,2,standard,,complete,C-PLS-DA-000,C-LOGREG-EN-000,125,0.0,0.0,0.0
P03OUTER-10629a25bafed9b53b4f09e5,EXP-C09-T3,T3-ZS,cwa:Pendar-2,cwa,Pendar-2,4,3,standard,,complete,C-PLS-DA-004,C-LOGREG-EN-016,124,0.05555555555555558,0.1111111111111111,0.009523809523809379
P03OUTER-1093528377755f78437c2681,EXP-C10-T3,T3-ZS,pills:Pendar-1,pills,Pendar-1,3,1,fixed_family_reuse,C-RANDOM-FOREST,complete,C-RANDOM-FOREST-000,C-RANDOM-FOREST-001,16,0.0,0.0,0.0
P03OUTER-10984deedabfb92d2f099dd2,EXP-C09-T3,T3-ZS,cwa:Mira-2,cwa,Mira-2,5,3,standard,,complete,C-SPECTRAL-MATCH-002,C-LOGREG-EN-011,124,0.0,0.0,0.0
P03OUTER-10bbf40deaabb383f8bafaf5,EXP-C09-CONTROL-META,T3-ZS,pills:Pendar-1,pills,Pendar-1,5,1,metadata_control,,complete,CTRL-META-C-LOGREG-EN-004,CTRL-META-C-LOGREG-EN-002,30,0.0,0.0,0.003174603174603191
P03OUTER-10c20f9cd7c8c21dbc06e632,EXP-C10-T3,T3-ZS,pills:Pendar-3,pills,Pendar-3,1,2,fixed_family_reuse,C-RBF-SVM,complete,C-RBF-SVM-012,C-RBF-SVM-014,36,0.0,0.0,0.0
P03OUTER-10e6454d128c2fe2ea39eb7e,EXP-C10-T3,T3-ZS,surfaces:Agilent-3,surfaces,Agilent-3,3,0,fixed_family_reuse,C-PCA-LDA,complete,C-PCA-LDA-002,C-PCA-LDA-003,6,0.033333333333333215,0.06666666666666665,0.0641025641025641
P03OUTER-10f56058ef67e10c43175d47,EXP-C10-T3,T3-ZS,pills:Agilent-3,pills,Agilent-3,2,3,fixed_family_reuse,C-RBF-SVM,complete,C-RBF-SVM-012,C-RBF-SVM-014,36,0.0,0.0,0.0
P03OUTER-10fe3317f7911df090dc6469,EXP-C10-T3,T3-ZS,pills:Mira-3,pills,Mira-3,2,0,fixed_family_reuse,C-RANDOM-FOREST,complete,C-RANDOM-FOREST-000,C-RANDOM-FOREST-001,16,0.0,0.0,0.0
P03OUTER-10fed9e3a0ef0746efe5447d,EXP-C10-T3,T3-ZS,pills:Pendar-1,pills,Pendar-1,2,1,fixed_family_reuse,C-RANDOM-FOREST,complete,C-RANDOM-FOREST-000,C-RANDOM-FOREST-001,16,0.0,0.0,0.0
P03OUTER-11017ada5ae61d1d29b76b4d,EXP-C09-CONTROL-META,T3-ZS,surfaces:Agilent-3,surfaces,Agilent-3,5,1,metadata_control,,complete,CTRL-META-C-LOGREG-EN-008,CTRL-META-C-LOGREG-EN-002,19,0.0,0.0,0.02777777777777779
P03OUTER-110320e1b843d09ba76a8f32,EXP-C04-T1,T1-SURF,surfaces:within,surfaces,not_applicable,5,1,standard,,complete,C-PLS-DA-001,C-PLS-DA-002,5,0.0,0.0,0.0
P03OUTER-11396dc336a4fd86b63ef556,EXP-C03-T1,T1-SURF,surfaces:within,surfaces,not_applicable,1,2,standard,,complete,C-PCA-LDA-005,C-PCA-LDA-006,10,0.0,0.0,0.0
P03OUTER-1152ebe70eed8eba4ec70828,EXP-C10-T3,T3-ZS,cwa:RMX-1,cwa,RMX-1,5,3,fixed_family_reuse,C-RANDOM-FOREST,complete,C-RANDOM-FOREST-002,C-RANDOM-FOREST-007,16,0.0,0.0,0.0
P03OUTER-1165fdbe3876ea95764d4fb5,EXP-C07-T1,T1-CWA,cwa:within,cwa,not_applicable,4,3,standard,,complete,C-RANDOM-FOREST-005,C-RANDOM-FOREST-006,16,0.0,0.0,0.0
P03OUTER-119685ed308fc5db032fb265,EXP-C10-T3,T3-ZS,surfaces:Pendar-3,surfaces,Pendar-3,3,1,fixed_family_reuse,C-RBF-SVM,complete,C-RBF-SVM-025,C-RBF-SVM-031,36,0.0,0.0,0.0
P03OUTER-11adb06f785c23b069d1b79f,EXP-C02-T1,T1-CWA,cwa:within,cwa,not_applicable,3,1,standard,,complete,C-NEAREST-CENTROID-004,C-NEAREST-CENTROID-005,8,0.05555555555555558,0.0,0.09629629629629644
P03OUTER-11ca5b611d82ad068bc82e9a,EXP-C10-T3,T3-ZS,cwa:Mira-2,cwa,Mira-2,3,1,fixed_family_reuse,C-RBF-SVM,complete,C-RBF-SVM-019,C-RBF-SVM-018,36,0.08333333333333337,0.0,0.055555555555555525
P03OUTER-11dc0ac533b9c614f6af2654,EXP-C12-CORAL,T3-ZS,cwa:Pendar-2,cwa,Pendar-2,2,2,source_covariance,,complete,CORAL-C-PCA-LDA-007,CORAL-C-RBF-SVM-019,46,0.05555555555555547,0.2777777777777778,0.002777777777777768
P03OUTER-11e087bf545ba9060f1ef4cd,EXP-C10-T3,T3-ZS,pills:Pendar-1,pills,Pendar-1,3,0,fixed_family_reuse,C-RANDOM-FOREST,complete,C-RANDOM-FOREST-000,C-RANDOM-FOREST-001,16,0.0,0.0,0.0
P03OUTER-11e865cf487c874f1d755963,EXP-C10-T3,T3-ZS,surfaces:Agilent-3,surfaces,Agilent-3,1,2,fixed_family_reuse,C-RANDOM-FOREST,complete,C-RANDOM-FOREST-015,C-RANDOM-FOREST-007,16,0.012345679012345734,0.0,0.012698412698412653
P03OUTER-1208629619b23d387a7271c4,EXP-C09-T3,T3-ZS,surfaces:RMX-2,surfaces,RMX-2,1,0,standard,,complete,C-LOGREG-EN-017,C-RBF-SVM-025,117,0.011111111111111072,0.10000000000000003,0.016137566137566228
P03OUTER-1220dd308d2b050b0a3c3cce,EXP-C10-T3,T3-ZS,cwa:Mira-2,cwa,Mira-2,1,3,fixed_family_reuse,C-RANDOM-FOREST,complete,C-RANDOM-FOREST-000,C-RANDOM-FOREST-001,16,0.01851851851851849,0.03703703703703698,0.029761904761904767
P03OUTER-1221b2dfb55f9f9850115590,EXP-C06-T1,T1-CWA,cwa:within,cwa,not_applicable,1,0,standard,,complete,C-RBF-SVM-024,C-RBF-SVM-030,36,0.0,0.0,0.0
P03OUTER-122759d1e977315e39f99b67,EXP-C10-T3,T3-ZS,pills:Pendar-3,pills,Pendar-3,2,2,fixed_family_reuse,C-RANDOM-FOREST,complete,C-RANDOM-FOREST-000,C-RANDOM-FOREST-001,16,0.0,0.0,0.0
P03OUTER-122ec9ac15cde227b432c3f2,EXP-C10-T3,T3-ZS,pills:Pendar-1,pills,Pendar-1,4,0,fixed_family_reuse,C-EXTRA-TREES,complete,C-EXTRA-TREES-000,C-EXTRA-TREES-001,16,0.0,0.0,0.0
P03OUTER-124323e6e0d126ba99d4fed5,EXP-C12-CORAL,T3-ZS,pills:Mira-3,pills,Mira-3,4,0,source_covariance,,unavailable,,,0,,,
P03OUTER-1249aadec59e585b6b698e11,EXP-C10-T3,T3-ZS,pills:Agilent-1,pills,Agilent-1,3,0,fixed_family_reuse,C-PCA-LDA,complete,C-PCA-LDA-004,C-PCA-LDA-006,10,0.0,0.0,0.0
P03OUTER-125ac23b12d04f0fbc438063,EXP-C10-T3,T3-ZS,cwa:RMX-1,cwa,RMX-1,4,1,fixed_family_reuse,C-EXTRA-TREES,complete,C-EXTRA-TREES-011,C-EXTRA-TREES-014,16,0.0,0.0,0.0
P03OUTER-128c4ff2ab9b514015e4b596,EXP-C10-T3,T3-ZS,cwa:RMX-1,cwa,RMX-1,2,3,fixed_family_reuse,C-EXTRA-TREES,complete,C-EXTRA-TREES-007,C-EXTRA-TREES-000,16,0.0,0.0,0.007407407407407418
P03OUTER-129d50622f8b66fd0e3bc25d,EXP-C09-CONTROL-META,T3-ZS,surfaces:Pendar-2,surfaces,Pendar-2,5,0,metadata_control,,complete,CTRL-META-C-LOGREG-EN-012,CTRL-META-C-LOGREG-EN-019,24,0.018518518518518434,0.2222222222222222,-0.08677248677248675
P03OUTER-12b4ed9700f49d04402d88d6,EXP-C10-T3,T3-ZS,surfaces:Mira-1,surfaces,Mira-1,2,2,fixed_family_reuse,C-EXTRA-TREES,complete,C-EXTRA-TREES-010,C-EXTRA-TREES-014,16,0.0,0.0,0.0
P03OUTER-12c112a9b9c28f18d3419ec6,EXP-C10-T3,T3-ZS,surfaces:Mira-1,surfaces,Mira-1,2,0,fixed_family_reuse,C-EXTRA-TREES,complete,C-EXTRA-TREES-010,C-EXTRA-TREES-014,16,0.0,0.0,0.0
P03OUTER-12c57dbdd4d56acd7cb80003,EXP-C10-T3,T3-ZS,cwa:Pendar-2,cwa,Pendar-2,2,3,fixed_family_reuse,C-RBF-SVM,complete,C-RBF-SVM-013,C-RBF-SVM-019,36,0.0,0.0,0.0
P03OUTER-1316645efb2d27a470b74f57,EXP-C09-CONTROL-META,T3-ZS,surfaces:Mira-1,surfaces,Mira-1,3,2,metadata_control,,complete,CTRL-META-C-LOGREG-EN-005,CTRL-META-C-LOGREG-EN-010,20,0.0,0.0,0.0
P03OUTER-134fac4826c76e9bf186bb46,EXP-C10-T3,T3-ZS,pills:Agilent-1,pills,Agilent-1,1,0,fixed_family_reuse,C-PCA-LDA,complete,C-PCA-LDA-004,C-PCA-LDA-005,10,0.0,0.0,0.0
P03OUTER-139d417289e7f2d8948b759b,EXP-C12-CORAL,T3-ZS,pills:Pendar-3,pills,Pendar-3,5,0,source_covariance,,unavailable,,,0,,,
P03OUTER-13ad425306090643e1c55ce0,EXP-C09-CONTROL-META,T3-ZS,cwa:Pendar-2,cwa,Pendar-2,1,2,metadata_control,,complete,CTRL-META-C-LOGREG-EN-000,CTRL-META-C-LOGREG-EN-005,30,0.0,0.0,0.0
P03OUTER-13befadfc6374c0c4febadc6,EXP-C10-T3,T3-ZS,cwa:Pendar-2,cwa,Pendar-2,4,0,fixed_family_reuse,C-RBF-SVM,complete,C-RBF-SVM-019,C-RBF-SVM-020,36,1.1102230246251565e-16,0.11111111111111122,-0.03134920634920646
P03OUTER-13c75c5cb31723c77c5cb585,EXP-C09-CONTROL-META,T3-ZS,surfaces:Pendar-3,surfaces,Pendar-3,3,1,metadata_control,,complete,CTRL-META-C-LOGREG-EN-002,CTRL-META-C-LOGREG-EN-006,22,0.0,0.0,0.0
P03OUTER-13d3c33747bf45bc4b3e817e,EXP-C09-CONTROL-META,T3-ZS,surfaces:Pendar-2,surfaces,Pendar-2,3,0,metadata_control,,complete,CTRL-META-C-LOGREG-EN-000,CTRL-META-C-LOGREG-EN-005,30,0.0,0.0,0.0
P03OUTER-140dedcf1131ff4090c40625,EXP-C08-T1,T1-CWA,cwa:within,cwa,not_applicable,5,2,standard,,complete,C-EXTRA-TREES-008,C-EXTRA-TREES-009,16,0.0,0.0,0.0
P03OUTER-1423d85fb749036d911e5b44,EXP-C10-T3,T3-ZS,pills:Agilent-1,pills,Agilent-1,5,0,fixed_family_reuse,C-PCA-LDA,complete,C-PCA-LDA-004,C-PCA-LDA-005,10,0.0,0.0,0.0
P03OUTER-1439d54d4510aed2bf009e4c,EXP-C02-T1,T1-PILLS,pills:within,pills,not_applicable,2,2,standard,,complete,C-NEAREST-CENTROID-000,C-NEAREST-CENTROID-001,8,0.0,0.0,0.0
P03OUTER-14613f3013752911b4038cec,EXP-C10-T3,T3-ZS,pills:Mira-3,pills,Mira-3,2,1,fixed_family_reuse,C-EXTRA-TREES,complete,C-EXTRA-TREES-000,C-EXTRA-TREES-001,16,0.0,0.0,0.0
P03OUTER-14818af0beb1508c20773a0d,EXP-C12-CORAL,T3-ZS,surfaces:Pendar-2,surfaces,Pendar-2,5,3,source_covariance,,unavailable,,,0,,,
P03OUTER-148fbf47f31e73bd24bb5f73,EXP-C12-CORAL,T3-ZS,pills:Pendar-1,pills,Pendar-1,5,3,source_covariance,,unavailable,,,0,,,
P03OUTER-14a646ec500168a148fee507,EXP-C10-T3,T3-ZS,pills:Agilent-3,pills,Agilent-3,4,3,fixed_family_reuse,C-RANDOM-FOREST,complete,C-RANDOM-FOREST-000,C-RANDOM-FOREST-001,16,0.0,0.0,0.0
P03OUTER-158dca854da2069fc3c2049d,EXP-C09-T3,T3-ZS,surfaces:Pendar-3,surfaces,Pendar-3,3,3,standard,,complete,C-RANDOM-FOREST-000,C-EXTRA-TREES-000,125,0.0,0.0,0.0
P03OUTER-15bd60119b3b74cd26c39ae8,EXP-C10-T3,T3-ZS,surfaces:RMX-2,surfaces,RMX-2,4,1,fixed_family_reuse,C-RBF-SVM,complete,C-RBF-SVM-025,C-RBF-SVM-031,36,0.0,0.0,0.0
P03OUTER-15d4fc319ab3edfb76daae9e,EXP-C12-CORAL,T3-ZS,cwa:Pendar-2,cwa,Pendar-2,3,2,source_covariance,,complete,CORAL-C-RBF-SVM-025,CORAL-C-PCA-LDA-005,46,0.05555555555555558,0.05555555555555547,0.08412698412698416
P03OUTER-15dcfd6273eb61471d5dbe4b,EXP-C05-T1,T1-SURF,surfaces:within,surfaces,not_applicable,2,1,standard,,complete,C-LOGREG-EN-000,C-LOGREG-EN-005,29,0.0,0.0,0.0
P03OUTER-161bb7f26228999ce3d1968d,EXP-C10-T3,T3-ZS,surfaces:Pendar-2,surfaces,Pendar-2,5,2,fixed_family_reuse,C-RANDOM-FOREST,complete,C-RANDOM-FOREST-004,C-RANDOM-FOREST-000,16,0.007407407407407418,0.0,0.008181064880411315
P03OUTER-1646c51328994a8be3f22861,EXP-C10-T3,T3-ZS,pills:Pendar-1,pills,Pendar-1,5,2,fixed_family_reuse,C-PCA-LDA,complete,C-PCA-LDA-004,C-PCA-LDA-005,10,0.0,0.0,0.0
P03OUTER-16b03ea1d9efb7726089f139,EXP-C12-CORAL,T3-ZS,surfaces:RMX-2,surfaces,RMX-2,5,3,source_covariance,,unavailable,,,0,,,
P03OUTER-16b85a32245a3169bcb9fe44,EXP-C09-T3,T3-ZS,surfaces:Pendar-2,surfaces,Pendar-2,3,0,standard,,complete,C-LOGREG-EN-016,C-LOGREG-EN-017,110,0.0,0.0,0.0
P03OUTER-16d7739cf4ae995eb9463d7b,EXP-C10-T3,T3-ZS,pills:Pendar-1,pills,Pendar-1,5,0,fixed_family_reuse,C-RBF-SVM,complete,C-RBF-SVM-012,C-RBF-SVM-014,36,0.0,0.0,0.0
P03OUTER-16de438d6c5ea9e100058f86,EXP-C09-CONTROL-META,T3-ZS,pills:Mira-3,pills,Mira-3,3,1,metadata_control,,complete,CTRL-META-C-LOGREG-EN-011,CTRL-META-C-LOGREG-EN-000,30,0.0,0.0,0.02962962962962956
P03OUTER-16e4a2724490101e730b94b2,EXP-C10-T3,T3-ZS,pills:Pendar-1,pills,Pendar-1,4,2,fixed_family_reuse,C-PCA-LDA,complete,C-PCA-LDA-004,C-PCA-LDA-005,10,0.0,0.0,0.0
P03OUTER-171da892e119146e88d67a14,EXP-C10-T3,T3-ZS,cwa:RMX-1,cwa,RMX-1,5,2,fixed_family_reuse,C-RANDOM-FOREST,complete,C-RANDOM-FOREST-001,C-RANDOM-FOREST-000,16,0.03703703703703709,0.0,0.05185185185185193
P03OUTER-173b51e0f93f6a7e9f3b1281,EXP-C10-T3,T3-ZS,cwa:Mira-2,cwa,Mira-2,4,0,fixed_family_reuse,C-RANDOM-FOREST,complete,C-RANDOM-FOREST-000,C-RANDOM-FOREST-001,16,0.0,0.0,0.0
P03OUTER-176db2c2f5ee78c354711988,EXP-C05-T1,T1-PILLS,pills:within,pills,not_applicable,4,1,standard,,complete,C-LOGREG-EN-000,C-LOGREG-EN-005,30,0.0,0.0,0.0
P03OUTER-176dc400152d7a322ab7b770,EXP-C12-CORAL,T3-ZS,pills:Pendar-3,pills,Pendar-3,1,0,source_covariance,,unavailable,,,0,,,
P03OUTER-1773f8684895e62502b7e67d,EXP-C10-T3,T3-ZS,surfaces:RMX-2,surfaces,RMX-2,2,0,fixed_family_reuse,C-PCA-LDA,complete,C-PCA-LDA-001,C-PCA-LDA-000,4,0.08888888888888885,0.2,0.06407203907203907
P03OUTER-179dbc7da0012bc62613ee06,EXP-C10-T3,T3-ZS,cwa:RMX-1,cwa,RMX-1,1,3,fixed_family_reuse,C-RBF-SVM,complete,C-RBF-SVM-014,C-RBF-SVM-019,36,0.02777777777777779,0.0,0.005555555555555536
P03OUTER-17b6a207dd95ba2446d3fdd5,EXP-C04-T1,T1-PILLS,pills:within,pills,not_applicable,3,3,standard,,complete,C-PLS-DA-000,C-PLS-DA-001,5,0.0,0.0,0.0
P03OUTER-17df7e2fa9f0d2d9bc9a7202,EXP-C05-T1,T1-PILLS,pills:within,pills,not_applicable,3,0,standard,,complete,C-LOGREG-EN-000,C-LOGREG-EN-005,28,0.0,0.0,0.0
P03OUTER-17ee511c6fc5970787eecc22,EXP-C10-T3,T3-ZS,pills:Agilent-1,pills,Agilent-1,2,0,fixed_family_reuse,C-RANDOM-FOREST,complete,C-RANDOM-FOREST-000,C-RANDOM-FOREST-001,16,0.0,0.0,0.0
P03OUTER-17f29aa527346a0b892b9d9d,EXP-C09-CONTROL-META,T3-ZS,surfaces:Mira-1,surfaces,Mira-1,4,0,metadata_control,,complete,CTRL-META-C-LOGREG-EN-029,CTRL-META-C-LOGREG-EN-023,23,0.0,0.0,0.003703703703703709
P03OUTER-1815835309de32e29629d5b9,EXP-C10-T3,T3-ZS,pills:Agilent-3,pills,Agilent-3,1,2,fixed_family_reuse,C-RBF-SVM,complete,C-RBF-SVM-012,C-RBF-SVM-014,36,0.0,0.0,0.0
P03OUTER-18197d4ca5a80751dfde2afa,EXP-C10-T3,T3-ZS,cwa:Mira-2,cwa,Mira-2,1,3,fixed_family_reuse,C-EXTRA-TREES,complete,C-EXTRA-TREES-009,C-EXTRA-TREES-005,16,0.0185185185185186,0.03703703703703709,0.019312169312169336
P03OUTER-187b8c842c8a8b4d8324a305,EXP-C09-CONTROL-META,T3-ZS,cwa:Pendar-2,cwa,Pendar-2,5,1,metadata_control,,complete,CTRL-META-C-LOGREG-EN-019,CTRL-META-C-LOGREG-EN-011,30,0.05555555555555558,0.0,0.05396825396825394
P03OUTER-188ec653f24e1987fffa3343,EXP-C12-CORAL,T3-ZS,surfaces:Agilent-3,surfaces,Agilent-3,4,0,source_covariance,,unavailable,,,0,,,
P03OUTER-18a45ed24bb61c073f58f84d,EXP-C10-T3,T3-ZS,pills:Pendar-3,pills,Pendar-3,1,1,fixed_family_reuse,C-PCA-LDA,complete,C-PCA-LDA-002,C-PCA-LDA-003,10,0.0,0.0,0.0
P03OUTER-18cd667d4b55289b4378fbd0,EXP-C09-CONTROL-META,T3-ZS,surfaces:Pendar-3,surfaces,Pendar-3,1,1,metadata_control,,complete,CTRL-META-C-LOGREG-EN-000,CTRL-META-C-LOGREG-EN-003,23,0.0,0.0,0.0
P03OUTER-18dffdfec688d14bd269ac2b,EXP-C03-T1,T1-CWA,cwa:within,cwa,not_applicable,1,1,standard,,complete,C-PCA-LDA-006,C-PCA-LDA-007,10,0.0,0.0,0.0
P03OUTER-18f0b9926f657a174d7c2396,EXP-C10-T3,T3-ZS,pills:Agilent-1,pills,Agilent-1,3,2,fixed_family_reuse,C-EXTRA-TREES,complete,C-EXTRA-TREES-000,C-EXTRA-TREES-001,16,0.0,0.0,0.0
P03OUTER-18f3e56d7cf032765d43b45d,EXP-C05-T1,T1-SURF,surfaces:within,surfaces,not_applicable,5,2,standard,,complete,C-LOGREG-EN-000,C-LOGREG-EN-005,29,0.0,0.0,0.0
P03OUTER-18f6e221aaf4ede6519f5a18,EXP-C01-T1,T1-PILLS,pills:within,pills,not_applicable,5,0,standard,,complete,C-SPECTRAL-MATCH-000,C-SPECTRAL-MATCH-001,3,0.0,0.0,0.0
P03OUTER-18fe4ad6491cb770acd8f13f,EXP-C10-T3,T3-ZS,cwa:Mira-2,cwa,Mira-2,5,3,fixed_family_reuse,C-RBF-SVM,complete,C-RBF-SVM-015,C-RBF-SVM-008,36,0.08333333333333337,0.16666666666666669,0.05357142857142866
P03OUTER-1932dd27590f8c9116b47b66,EXP-C09-T3,T3-ZS,surfaces:Pendar-2,surfaces,Pendar-2,3,1,standard,,complete,C-SPECTRAL-MATCH-000,C-SPECTRAL-MATCH-001,108,0.0,0.0,0.0
P03OUTER-19478461587f2981e826ba3e,EXP-C10-T3,T3-ZS,cwa:Mira-2,cwa,Mira-2,2,3,fixed_family_reuse,C-RANDOM-FOREST,complete,C-RANDOM-FOREST-003,C-RANDOM-FOREST-000,16,0.02777777777777779,0.05555555555555547,0.01666666666666672
P03OUTER-196a6494b159688c8a6f0fad,EXP-C10-T3,T3-ZS,pills:Mira-3,pills,Mira-3,1,3,fixed_family_reuse,C-RANDOM-FOREST,complete,C-RANDOM-FOREST-000,C-RANDOM-FOREST-001,16,0.0,0.0,0.0
P03OUTER-198d319ab89518fc2da5665a,EXP-C10-T3,T3-ZS,pills:Mira-3,pills,Mira-3,3,3,fixed_family_reuse,C-RANDOM-FOREST,complete,C-RANDOM-FOREST-000,C-RANDOM-FOREST-001,16,0.0,0.0,0.0
P03OUTER-199a89c0864816b9c53c60a7,EXP-C12-CORAL,T3-ZS,surfaces:Pendar-3,surfaces,Pendar-3,4,0,source_covariance,,unavailable,,,0,,,
P03OUTER-19a0673b351acf34347d0950,EXP-C10-T3,T3-ZS,cwa:Mira-2,cwa,Mira-2,1,0,fixed_family_reuse,C-PCA-LDA,complete,C-PCA-LDA-004,C-PCA-LDA-008,10,0.0,0.0,0.0
P03OUTER-19a70c1b4c144494a06d8fd4,EXP-C10-T3,T3-ZS,pills:Pendar-3,pills,Pendar-3,1,0,fixed_family_reuse,C-EXTRA-TREES,complete,C-EXTRA-TREES-000,C-EXTRA-TREES-001,16,0.0,0.0,0.0
P03OUTER-19a8a97e260b3160206dc28e,EXP-C09-CONTROL-META,T3-ZS,surfaces:Agilent-3,surfaces,Agilent-3,5,3,metadata_control,,complete,CTRL-META-C-LOGREG-EN-005,CTRL-META-C-LOGREG-EN-012,23,0.0,0.0,0.0
P03OUTER-19ca150d098e80d0a3ec6a2f,EXP-C10-T3,T3-ZS,pills:Mira-3,pills,Mira-3,3,3,fixed_family_reuse,C-RBF-SVM,complete,C-RBF-SVM-012,C-RBF-SVM-014,36,0.0,0.0,0.0
P03OUTER-19fc2f5607f4bf94db14c4d9,EXP-C09-T3,T3-ZS,cwa:Pendar-2,cwa,Pendar-2,1,3,standard,,complete,C-LOGREG-EN-016,C-LOGREG-EN-017,123,0.0,0.0,0.006746031746031722
P03OUTER-1a1f7ed418c57f80b5487261,EXP-C09-CONTROL-META,T3-ZS,cwa:Pendar-2,cwa,Pendar-2,1,1,metadata_control,,complete,CTRL-META-C-LOGREG-EN-012,CTRL-META-C-LOGREG-EN-011,30,0.05555555555555558,0.33333333333333337,0.06455026455026464
P03OUTER-1a65ce8ef185ac08b038d10e,EXP-C10-T3,T3-ZS,surfaces:Agilent-3,surfaces,Agilent-3,3,1,fixed_family_reuse,C-RBF-SVM,complete,C-RBF-SVM-025,C-RBF-SVM-031,36,0.0,0.0,0.0
P03OUTER-1a73da9474f1ffdeb97aa406,EXP-C12-CORAL,T3-ZS,pills:Agilent-1,pills,Agilent-1,1,3,source_covariance,,unavailable,,,0,,,
P03OUTER-1a8578a11d5932691cb87c53,EXP-C10-T3,T3-ZS,pills:Agilent-3,pills,Agilent-3,5,1,fixed_family_reuse,C-RBF-SVM,complete,C-RBF-SVM-012,C-RBF-SVM-013,36,0.0,0.0,0.0
P03OUTER-1a9b5b2336e30fcfe1eb5920,EXP-C10-T3,T3-ZS,surfaces:Mira-1,surfaces,Mira-1,5,2,fixed_family_reuse,C-EXTRA-TREES,complete,C-EXTRA-TREES-008,C-EXTRA-TREES-009,16,0.0,0.0,0.0
P03OUTER-1ac51e8b9389beece379325f,EXP-C10-T3,T3-ZS,cwa:Pendar-2,cwa,Pendar-2,5,3,fixed_family_reuse,C-PCA-LDA,complete,C-PCA-LDA-004,C-PCA-LDA-005,10,0.0,0.0,0.0
P03OUTER-1acaad19cff580c065ecdd95,EXP-C12-CORAL,T3-ZS,pills:Mira-3,pills,Mira-3,5,1,source_covariance,,unavailable,,,0,,,
P03OUTER-1ae326cae5e3b03f734d6501,EXP-C10-T3,T3-ZS,cwa:Pendar-2,cwa,Pendar-2,5,1,fixed_family_reuse,C-EXTRA-TREES,complete,C-EXTRA-TREES-008,C-EXTRA-TREES-009,16,0.0,0.0,0.0
P03OUTER-1b03d40feb167293bb152e00,EXP-C10-T3,T3-ZS,cwa:Pendar-2,cwa,Pendar-2,3,3,fixed_family_reuse,C-PCA-LDA,complete,C-PCA-LDA-006,C-PCA-LDA-007,10,0.0,0.0,0.011111111111111072
P03OUTER-1b0902901ab5502e27e996f5,EXP-C01-T1,T1-PILLS,pills:within,pills,not_applicable,2,2,standard,,complete,C-SPECTRAL-MATCH-000,C-SPECTRAL-MATCH-001,3,0.0,0.0,0.0
P03OUTER-1b462cef3448c6e0cb740377,EXP-C01-T1,T1-SURF,surfaces:within,surfaces,not_applicable,4,2,standard,,complete,C-SPECTRAL-MATCH-002,C-SPECTRAL-MATCH-001,3,0.0,0.0,0.0037037037037036535
P03OUTER-1b6bb062ce14c7514187d490,EXP-C10-T3,T3-ZS,surfaces:Pendar-3,surfaces,Pendar-3,4,2,fixed_family_reuse,C-RANDOM-FOREST,complete,C-RANDOM-FOREST-012,C-RANDOM-FOREST-004,16,0.00793650793650802,0.015873015873015928,0.009142709142709149
P03OUTER-1bacdc5d7e5d428d90e688b4,EXP-C08-T1,T1-PILLS,pills:within,pills,not_applicable,3,1,standard,,complete,C-EXTRA-TREES-000,C-EXTRA-TREES-001,16,0.0,0.0,0.0
P03OUTER-1bedfd86e4bc5db4b4069db6,EXP-C09-CONTROL-META,T3-ZS,pills:Agilent-3,pills,Agilent-3,3,2,metadata_control,,complete,CTRL-META-C-LOGREG-EN-017,CTRL-META-C-LOGREG-EN-010,18,0.05555555555555547,0.33333333333333337,0.04814814814814811
P03OUTER-1bf6da90d527a7f8a54a4ed2,EXP-C10-T3,T3-ZS,surfaces:Agilent-3,surfaces,Agilent-3,2,2,fixed_family_reuse,C-RANDOM-FOREST,complete,C-RANDOM-FOREST-010,C-RANDOM-FOREST-012,16,0.0092592592592593,0.01851851851851849,0.011056844390177734
P03OUTER-1bfc1d84037661371875f81d,EXP-C07-T1,T1-PILLS,pills:within,pills,not_applicable,1,0,standard,,complete,C-RANDOM-FOREST-000,C-RANDOM-FOREST-001,16,0.0,0.0,0.0
P03OUTER-1bffcbdcb2398e5717a5209f,EXP-C10-T3,T3-ZS,pills:Pendar-3,pills,Pendar-3,4,2,fixed_family_reuse,C-PCA-LDA,complete,C-PCA-LDA-004,C-PCA-LDA-005,10,0.0,0.0,0.0
P03OUTER-1c616bae82a6fcd3d8eaa285,EXP-C10-T3,T3-ZS,pills:Agilent-1,pills,Agilent-1,1,0,fixed_family_reuse,C-RANDOM-FOREST,complete,C-RANDOM-FOREST-000,C-RANDOM-FOREST-001,16,0.0,0.0,0.0
P03OUTER-1c9d616eceeb4612bf74d58f,EXP-C12-CORAL,T3-ZS,cwa:Pendar-2,cwa,Pendar-2,4,3,source_covariance,,complete,CORAL-C-RBF-SVM-019,CORAL-C-PCA-LDA-007,46,0.05555555555555558,0.1111111111111111,0.033333333333333326
P03OUTER-1ca38c82549384d6381b0eab,EXP-C10-T3,T3-ZS,surfaces:Pendar-2,surfaces,Pendar-2,5,1,fixed_family_reuse,C-PCA-LDA,complete,C-PCA-LDA-001,C-PCA-LDA-008,4,0.03703703703703698,0.0,0.024074074074074137
P03OUTER-1ccb1fd1f4d625d77b1cae7e,EXP-C09-CONTROL-META,T3-ZS,pills:Mira-3,pills,Mira-3,2,3,metadata_control,,complete,CTRL-META-C-LOGREG-EN-005,CTRL-META-C-LOGREG-EN-000,30,0.0,0.0,0.01058201058201061
P03OUTER-1cd77ac7a5842488198c4caa,EXP-C09-T3,T3-ZS,pills:Mira-3,pills,Mira-3,2,3,standard,,complete,C-SPECTRAL-MATCH-000,C-PLS-DA-000,124,0.0,0.0,0.0
P03OUTER-1cda47c524886ba97b1a19d4,EXP-C09-CONTROL-META,T3-ZS,cwa:RMX-1,cwa,RMX-1,5,2,metadata_control,,complete,CTRL-META-C-LOGREG-EN-015,CTRL-META-C-LOGREG-EN-026,30,0.0,0.0,0.0
P03OUTER-1d035b7c8264a7603875295a,EXP-C12-CORAL,T3-ZS,cwa:Pendar-2,cwa,Pendar-2,4,0,source_covariance,,complete,CORAL-C-PCA-LDA-004,CORAL-C-PCA-LDA-007,46,0.02777777777777768,0.0,0.011111111111111072
P03OUTER-1da585515f0d7c5418318542,EXP-C10-T3,T3-ZS,surfaces:Mira-1,surfaces,Mira-1,4,1,fixed_family_reuse,C-EXTRA-TREES,complete,C-EXTRA-TREES-010,C-EXTRA-TREES-014,16,0.0,0.0,0.0
P03OUTER-1dab5654b50d322e18a5aeb4,EXP-C10-T3,T3-ZS,pills:Pendar-1,pills,Pendar-1,5,3,fixed_family_reuse,C-RBF-SVM,complete,C-RBF-SVM-012,C-RBF-SVM-014,36,0.0,0.0,0.0
P03OUTER-1db503813d948ffd85beba11,EXP-C10-T3,T3-ZS,pills:Mira-3,pills,Mira-3,2,1,fixed_family_reuse,C-PCA-LDA,complete,C-PCA-LDA-002,C-PCA-LDA-003,10,0.0,0.0,0.0
P03OUTER-1dcb458dd6896e824435a2f3,EXP-C10-T3,T3-ZS,cwa:RMX-1,cwa,RMX-1,2,1,fixed_family_reuse,C-EXTRA-TREES,complete,C-EXTRA-TREES-009,C-EXTRA-TREES-008,16,0.055555555555555525,0.0,0.09259259259259256
P03OUTER-1dd36586451b2b9c6a9c6b4d,EXP-C09-T3,T3-ZS,pills:Mira-3,pills,Mira-3,4,3,standard,,complete,C-SPECTRAL-MATCH-000,C-PLS-DA-000,123,0.0,0.0,0.0
P03OUTER-1dd50f68d40236ed7dd80a38,EXP-C09-T3,T3-ZS,pills:Agilent-1,pills,Agilent-1,5,1,standard,,complete,C-PLS-DA-000,C-LOGREG-EN-000,124,0.0,0.0,0.0
P03OUTER-1df73f17fdf1c85c3504d076,EXP-C10-T3,T3-ZS,pills:Pendar-1,pills,Pendar-1,2,3,fixed_family_reuse,C-EXTRA-TREES,complete,C-EXTRA-TREES-000,C-EXTRA-TREES-001,16,0.0,0.0,0.0
P03OUTER-1e4fcaf28601c54fe5d6bc3d,EXP-C09-T3,T3-ZS,surfaces:Pendar-3,surfaces,Pendar-3,5,1,standard,,complete,C-PCA-LDA-002,C-LOGREG-EN-021,119,0.013888888888888729,0.05555555555555547,0.030471380471380427
P03OUTER-1ed0b70ac2ad86be0537fd49,EXP-C10-T3,T3-ZS,pills:Pendar-1,pills,Pendar-1,4,0,fixed_family_reuse,C-RANDOM-FOREST,complete,C-RANDOM-FOREST-000,C-RANDOM-FOREST-001,16,0.0,0.0,0.0
P03OUTER-1ee1c2c453086b1fb52d1347,EXP-C10-T3,T3-ZS,surfaces:RMX-2,surfaces,RMX-2,4,2,fixed_family_reuse,C-EXTRA-TREES,complete,C-EXTRA-TREES-009,C-EXTRA-TREES-013,16,0.0,0.0,0.0
P03OUTER-1eecf19a579ec85eb7508e0b,EXP-C10-T3,T3-ZS,surfaces:Pendar-2,surfaces,Pendar-2,1,0,fixed_family_reuse,C-RANDOM-FOREST,complete,C-RANDOM-FOREST-001,C-RANDOM-FOREST-005,16,0.0,0.0,0.0
P03OUTER-1eff3bb5fa03033fafc8e25d,EXP-C10-T3,T3-ZS,pills:Pendar-3,pills,Pendar-3,2,0,fixed_family_reuse,C-RBF-SVM,complete,C-RBF-SVM-012,C-RBF-SVM-014,36,0.0,0.0,0.0
P03OUTER-1f0641a9feafd9ab1d5b87ae,EXP-C01-T1,T1-SURF,surfaces:within,surfaces,not_applicable,3,2,standard,,complete,C-SPECTRAL-MATCH-002,C-SPECTRAL-MATCH-001,3,0.07407407407407407,0.2222222222222222,0.1058201058201057
P03OUTER-1f14b1d6b4d8d19b14f87d4c,EXP-C10-T3,T3-ZS,surfaces:RMX-2,surfaces,RMX-2,2,0,fixed_family_reuse,C-RANDOM-FOREST,complete,C-RANDOM-FOREST-000,C-RANDOM-FOREST-008,16,0.0,0.0,0.0
P03OUTER-1f4213b97ca88ac70876bba6,EXP-C07-T1,T1-CWA,cwa:within,cwa,not_applicable,4,0,standard,,complete,C-RANDOM-FOREST-002,C-RANDOM-FOREST-003,16,0.0,0.0,0.0
P03OUTER-1f4574258b39cdb83d3e3f3a,EXP-C10-T3,T3-ZS,cwa:Mira-2,cwa,Mira-2,3,0,fixed_family_reuse,C-PCA-LDA,complete,C-PCA-LDA-006,C-PCA-LDA-005,10,0.13888888888888895,0.2222222222222222,0.10396825396825399
P03OUTER-1f53dc10800011c60f0846d6,EXP-C10-T3,T3-ZS,surfaces:Pendar-2,surfaces,Pendar-2,3,1,fixed_family_reuse,C-EXTRA-TREES,complete,C-EXTRA-TREES-001,C-EXTRA-TREES-005,16,0.003703703703703709,0.0,0.020458553791887102
P03OUTER-1fc3517de54b4fb7a64cec34,EXP-C09-CONTROL-META,T3-ZS,pills:Agilent-3,pills,Agilent-3,3,3,metadata_control,,complete,CTRL-META-C-LOGREG-EN-011,CTRL-META-C-LOGREG-EN-000,30,0.0,0.0,0.003703703703703709
P03OUTER-1fd20f3908bd44b277e5985d,EXP-C09-T3,T3-ZS,pills:Pendar-1,pills,Pendar-1,4,3,standard,,complete,C-PLS-DA-000,C-LOGREG-EN-000,124,0.0,0.0,0.0
P03OUTER-1fd833608873441ce5f4ef01,EXP-C10-T3,T3-ZS,surfaces:RMX-2,surfaces,RMX-2,1,0,fixed_family_reuse,C-EXTRA-TREES,complete,C-EXTRA-TREES-013,C-EXTRA-TREES-008,16,0.02962962962962956,-0.09999999999999998,0.03620792787459454
P03OUTER-1fecceb99510b3a3c0559e4a,EXP-C10-T3,T3-ZS,pills:Agilent-1,pills,Agilent-1,4,2,fixed_family_reuse,C-RANDOM-FOREST,complete,C-RANDOM-FOREST-000,C-RANDOM-FOREST-001,16,0.0,0.0,0.0
P03OUTER-1ff1ceda943cd73a9178e70c,EXP-C10-T3,T3-ZS,surfaces:Pendar-3,surfaces,Pendar-3,1,1,fixed_family_reuse,C-EXTRA-TREES,complete,C-EXTRA-TREES-002,C-EXTRA-TREES-000,16,0.02777777777777779,0.0,0.023690044523377807
P03OUTER-200d48fd9b001c15f28f14a3,EXP-C12-CORAL,T3-ZS,surfaces:Agilent-3,surfaces,Agilent-3,2,2,source_covariance,,complete,CORAL-C-PCA-LDA-005,CORAL-C-PCA-LDA-003,44,0.02777777777777768,0.05555555555555547,0.037085137085137276
P03OUTER-201dcc1ae7b01e2ed8784ecb,EXP-C10-T3,T3-ZS,pills:Pendar-1,pills,Pendar-1,4,3,fixed_family_reuse,C-PCA-LDA,complete,C-PCA-LDA-004,C-PCA-LDA-005,10,0.0,0.0,0.0
P03OUTER-20375e58df4a724d1af2e27f,EXP-C09-T3,T3-ZS,pills:Agilent-3,pills,Agilent-3,3,2,standard,,complete,C-SPECTRAL-MATCH-000,C-PLS-DA-000,125,0.0,0.0,0.0
P03OUTER-2065b6bb8c40c5a5f02aad9d,EXP-C12-CORAL,T3-ZS,pills:Agilent-3,pills,Agilent-3,3,2,source_covariance,,unavailable,,,0,,,
P03OUTER-206dd71fc2a3da1876b51f67,EXP-C10-T3,T3-ZS,pills:Agilent-3,pills,Agilent-3,2,0,fixed_family_reuse,C-RBF-SVM,complete,C-RBF-SVM-012,C-RBF-SVM-014,36,0.0,0.0,0.0
P03OUTER-20b773087aaeaa69b58196dc,EXP-C10-T3,T3-ZS,surfaces:RMX-2,surfaces,RMX-2,4,0,fixed_family_reuse,C-EXTRA-TREES,complete,C-EXTRA-TREES-005,C-EXTRA-TREES-006,16,0.0,0.0,0.0
P03OUTER-20d8df3afe1c3dfdc218ae65,EXP-C09-CONTROL-META,T3-ZS,pills:Pendar-1,pills,Pendar-1,2,0,metadata_control,,complete,CTRL-META-C-LOGREG-EN-010,CTRL-META-C-LOGREG-EN-015,30,0.0,0.1666666666666667,-0.003703703703703709
P03OUTER-20da8fdc41664aeb4b3453ee,EXP-C10-T3,T3-ZS,surfaces:RMX-2,surfaces,RMX-2,1,2,fixed_family_reuse,C-RANDOM-FOREST,complete,C-RANDOM-FOREST-010,C-RANDOM-FOREST-011,16,0.0,0.0,0.0
P03OUTER-21565bf26dd34d4bcda8a693,EXP-C12-CORAL,T3-ZS,surfaces:Mira-1,surfaces,Mira-1,4,0,source_covariance,,unavailable,,,0,,,
P03OUTER-218756cac087777beda8f582,EXP-C01-T1,T1-SURF,surfaces:within,surfaces,not_applicable,2,3,standard,,complete,C-SPECTRAL-MATCH-002,C-SPECTRAL-MATCH-000,3,0.07407407407407418,0.11111111111111116,0.11587301587301602
P03OUTER-21b147245d4bcf8352e07762,EXP-C05-T1,T1-CWA,cwa:within,cwa,not_applicable,5,0,standard,,complete,C-LOGREG-EN-023,C-LOGREG-EN-024,30,0.0,0.0,0.0
P03OUTER-21b9c49e8476b74b787dcead,EXP-C04-T1,T1-CWA,cwa:within,cwa,not_applicable,3,3,standard,,complete,C-PLS-DA-004,C-PLS-DA-002,5,0.05555555555555569,0.16666666666666674,0.05555555555555569
P03OUTER-21bd030e5274e22451c7da3f,EXP-C12-CORAL,T3-ZS,cwa:Pendar-2,cwa,Pendar-2,4,1,source_covariance,,unavailable,,,0,,,
P03OUTER-21c7a14acd71aefdf409f245,EXP-C12-CORAL,T3-ZS,pills:Agilent-3,pills,Agilent-3,5,1,source_covariance,,unavailable,,,0,,,
P03OUTER-220dabf70c0e15175182225d,EXP-C10-T3,T3-ZS,pills:Mira-3,pills,Mira-3,3,3,fixed_family_reuse,C-PCA-LDA,complete,C-PCA-LDA-002,C-PCA-LDA-003,10,0.0,0.0,0.0
P03OUTER-223aa9990f3fc542be865840,EXP-C08-T1,T1-SURF,surfaces:within,surfaces,not_applicable,5,2,standard,,complete,C-EXTRA-TREES-001,C-EXTRA-TREES-002,16,0.0,0.0,0.0
P03OUTER-2271158ff4e51bb7a6403aba,EXP-C10-T3,T3-ZS,cwa:Mira-2,cwa,Mira-2,1,2,fixed_family_reuse,C-EXTRA-TREES,complete,C-EXTRA-TREES-002,C-EXTRA-TREES-003,16,0.0,0.0,0.0
P03OUTER-228f8b068b9230683ec11440,EXP-C09-T3,T3-ZS,pills:Pendar-3,pills,Pendar-3,2,1,standard,,complete,C-PLS-DA-000,C-LOGREG-EN-000,125,0.0,0.0,0.0
P03OUTER-229c91e97cb74e89f7ce5c77,EXP-C09-T3,T3-ZS,pills:Agilent-1,pills,Agilent-1,5,0,standard,,complete,C-PLS-DA-000,C-LOGREG-EN-000,120,0.0,0.0,0.0
P03OUTER-22a1ca9b4c4a47023410491f,EXP-C12-CORAL,T3-ZS,surfaces:RMX-2,surfaces,RMX-2,1,1,source_covariance,,unavailable,,,0,,,
P03OUTER-22c080d055b53a02d1f34602,EXP-C10-T3,T3-ZS,pills:Agilent-1,pills,Agilent-1,3,2,fixed_family_reuse,C-PCA-LDA,complete,C-PCA-LDA-004,C-PCA-LDA-005,10,0.0,0.0,0.0
P03OUTER-2303815bc866ff8942d4ea89,EXP-C09-T3,T3-ZS,surfaces:Agilent-3,surfaces,Agilent-3,2,1,standard,,complete,C-SPECTRAL-MATCH-000,C-PLS-DA-000,124,0.0,0.0,0.0
P03OUTER-233cb42408e73ae2811fb001,EXP-C10-T3,T3-ZS,cwa:Mira-2,cwa,Mira-2,1,0,fixed_family_reuse,C-RANDOM-FOREST,complete,C-RANDOM-FOREST-013,C-RANDOM-FOREST-012,16,0.04629629629629639,-0.055555555555555525,0.07063492063492072
P03OUTER-235d00b738ffc5e8c36fe098,EXP-C10-T3,T3-ZS,cwa:RMX-1,cwa,RMX-1,2,2,fixed_family_reuse,C-PCA-LDA,complete,C-PCA-LDA-007,C-PCA-LDA-004,10,0.0277777777777779,-0.05555555555555547,0.06984126984126993
P03OUTER-2384b69fb9f0e732ecc49f76,EXP-C10-T3,T3-ZS,pills:Pendar-1,pills,Pendar-1,4,2,fixed_family_reuse,C-EXTRA-TREES,complete,C-EXTRA-TREES-000,C-EXTRA-TREES-001,16,0.0,0.0,0.0
P03OUTER-238916c355ee76e38db4dc6f,EXP-C09-T3,T3-ZS,surfaces:Pendar-3,surfaces,Pendar-3,1,1,standard,,complete,C-LOGREG-EN-029,C-NEAREST-CENTROID-005,119,1.1102230246251565e-16,-0.16666666666666663,0.013185888185888173
P03OUTER-23a157812375a85ce86a0511,EXP-C10-T3,T3-ZS,surfaces:Mira-1,surfaces,Mira-1,1,2,fixed_family_reuse,C-RBF-SVM,complete,C-RBF-SVM-018,C-RBF-SVM-020,36,0.0,0.0,0.0
P03OUTER-23cac7189eb9a5f5edeb35a4,EXP-C10-T3,T3-ZS,pills:Mira-3,pills,Mira-3,2,1,fixed_family_reuse,C-RANDOM-FOREST,complete,C-RANDOM-FOREST-000,C-RANDOM-FOREST-001,16,0.0,0.0,0.0
P03OUTER-23d28a4f42ba3c38be4690f7,EXP-C08-T1,T1-CWA,cwa:within,cwa,not_applicable,3,2,standard,,complete,C-EXTRA-TREES-014,C-EXTRA-TREES-013,16,0.01851851851851849,0.05555555555555558,0.01728395061728394
P03OUTER-242a206a40aeb18bdc9580ef,EXP-C12-CORAL,T3-ZS,surfaces:Mira-1,surfaces,Mira-1,1,1,source_covariance,,complete,CORAL-C-PCA-LDA-005,CORAL-C-RBF-SVM-019,44,0.03333333333333344,0.20000000000000007,0.006216931216931121
P03OUTER-242ec1de906dd788e5db14ab,EXP-C06-T1,T1-SURF,surfaces:within,surfaces,not_applicable,4,1,standard,,complete,C-RBF-SVM-012,C-RBF-SVM-019,36,0.0,0.0,0.0
P03OUTER-243b60d3051f7ea0ba42e8b8,EXP-C10-T3,T3-ZS,cwa:Pendar-2,cwa,Pendar-2,2,0,fixed_family_reuse,C-RANDOM-FOREST,complete,C-RANDOM-FOREST-015,C-RANDOM-FOREST-002,16,0.01851851851851849,0.11111111111111116,0.02839506172839501
P03OUTER-244ef52b857a143d4712fbfe,EXP-C04-T1,T1-PILLS,pills:within,pills,not_applicable,5,0,standard,,complete,C-PLS-DA-000,C-PLS-DA-001,5,0.0,0.0,0.0
P03OUTER-2461b4b48b49cb05afc0aeae,EXP-C12-CORAL,T3-ZS,surfaces:Pendar-2,surfaces,Pendar-2,5,2,source_covariance,,unavailable,,,0,,,
P03OUTER-247357b682a47ec6478ccb6d,EXP-C10-T3,T3-ZS,surfaces:Mira-1,surfaces,Mira-1,5,1,fixed_family_reuse,C-RANDOM-FOREST,complete,C-RANDOM-FOREST-000,C-RANDOM-FOREST-004,16,0.0,0.0,0.01380471380471382
P03OUTER-248b977d7d5cae7df139eaf7,EXP-C09-T3,T3-ZS,surfaces:Pendar-2,surfaces,Pendar-2,1,0,standard,,complete,C-LOGREG-EN-018,C-LOGREG-EN-019,110,0.04444444444444429,0.06666666666666671,0.00809684143017475
P03OUTER-248e5bdb631f804a4e5708b9,EXP-C09-CONTROL-META,T3-ZS,pills:Agilent-3,pills,Agilent-3,5,1,metadata_control,,complete,CTRL-META-C-LOGREG-EN-003,CTRL-META-C-LOGREG-EN-004,30,0.0,0.0,0.026455026455026454
P03OUTER-249386fb8a7a273a81e71c81,EXP-C09-CONTROL-META,T3-ZS,pills:Mira-3,pills,Mira-3,1,0,metadata_control,,complete,CTRL-META-C-LOGREG-EN-001,CTRL-META-C-LOGREG-EN-002,30,0.0,0.0,0.0
P03OUTER-24da9d2a89c1aafd7d1926d8,EXP-C10-T3,T3-ZS,surfaces:RMX-2,surfaces,RMX-2,5,2,fixed_family_reuse,C-EXTRA-TREES,complete,C-EXTRA-TREES-004,C-EXTRA-TREES-000,16,0.02592592592592602,0.05555555555555558,0.018591339669771056
P03OUTER-24edcfbac8b2495e9d5c3dc8,EXP-C12-CORAL,T3-ZS,pills:Pendar-3,pills,Pendar-3,2,2,source_covariance,,unavailable,,,0,,,
P03OUTER-2500e73f3f4a272322964cc0,EXP-C03-T1,T1-PILLS,pills:within,pills,not_applicable,1,2,standard,,complete,C-PCA-LDA-002,C-PCA-LDA-003,10,0.0,0.0,0.0
P03OUTER-25067e68d9d183119a00e51b,EXP-C09-T3,T3-ZS,pills:Pendar-3,pills,Pendar-3,2,0,standard,,complete,C-PLS-DA-000,C-LOGREG-EN-000,124,0.0,0.0,0.0
P03OUTER-2525d87b5e2bd11d3f5cd902,EXP-C10-T3,T3-ZS,pills:Agilent-3,pills,Agilent-3,3,0,fixed_family_reuse,C-EXTRA-TREES,complete,C-EXTRA-TREES-000,C-EXTRA-TREES-001,16,0.0,0.0,0.0
P03OUTER-25404bce1ecb807c9c2dade9,EXP-C01-T1,T1-CWA,cwa:within,cwa,not_applicable,2,2,standard,,complete,C-SPECTRAL-MATCH-001,C-SPECTRAL-MATCH-000,3,0.05555555555555569,0.0,0.05185185185185193
P03OUTER-254504832471a053fe6ca99b,EXP-C09-T3,T3-ZS,surfaces:Mira-1,surfaces,Mira-1,2,3,standard,,complete,C-RBF-SVM-014,C-RBF-SVM-020,117,0.0,0.0,0.0
P03OUTER-256e84960108b15e0b381e81,EXP-C09-T3,T3-ZS,pills:Agilent-1,pills,Agilent-1,2,0,standard,,complete,C-NEAREST-CENTROID-000,C-PLS-DA-000,125,0.0,0.0,0.0
P03OUTER-2593db86796662232f94f329,EXP-C09-T3,T3-ZS,pills:Agilent-1,pills,Agilent-1,4,3,standard,,complete,C-PLS-DA-000,C-LOGREG-EN-000,125,0.0,0.0,0.0
P03OUTER-25b82bbf6c2e4de7efb715cd,EXP-C02-T1,T1-PILLS,pills:within,pills,not_applicable,3,3,standard,,complete,C-NEAREST-CENTROID-004,C-NEAREST-CENTROID-005,8,0.05555555555555558,0.0,0.07407407407407407
P03OUTER-25f2483cfdf1ad2c3c8c2159,EXP-C10-T3,T3-ZS,surfaces:Agilent-3,surfaces,Agilent-3,1,0,fixed_family_reuse,C-EXTRA-TREES,complete,C-EXTRA-TREES-001,C-EXTRA-TREES-006,16,0.022222222222222143,0.0,0.04441638608305276
P03OUTER-2605e5c7bde91d92db22b1b3,EXP-C10-T3,T3-ZS,pills:Mira-3,pills,Mira-3,1,3,fixed_family_reuse,C-EXTRA-TREES,complete,C-EXTRA-TREES-000,C-EXTRA-TREES-001,16,0.0,0.0,0.0
P03OUTER-2606f642719a1f4254a45619,EXP-C10-T3,T3-ZS,surfaces:Pendar-3,surfaces,Pendar-3,1,3,fixed_family_reuse,C-PCA-LDA,complete,C-PCA-LDA-003,C-PCA-LDA-008,6,0.02777777777777779,-0.011111111111111016,0.06510270774976656
P03OUTER-262d1d4d6c09f12261a814cb,EXP-C09-CONTROL-META,T3-ZS,surfaces:RMX-2,surfaces,RMX-2,4,0,metadata_control,,complete,CTRL-META-C-LOGREG-EN-015,CTRL-META-C-LOGREG-EN-016,30,0.0,0.0,0.0
P03OUTER-26566c5586d7611882505b75,EXP-C04-T1,T1-PILLS,pills:within,pills,not_applicable,2,3,standard,,complete,C-PLS-DA-000,C-PLS-DA-001,5,0.0,0.0,0.0
P03OUTER-265e90d0cb5f2b9766214300,EXP-C12-CORAL,T3-ZS,pills:Agilent-3,pills,Agilent-3,3,0,source_covariance,,unavailable,,,0,,,
P03OUTER-2673f67d2aca7974aa547935,EXP-C03-T1,T1-SURF,surfaces:within,surfaces,not_applicable,1,3,standard,,complete,C-PCA-LDA-006,C-PCA-LDA-007,10,0.0,0.0,0.0
P03OUTER-2677a93ecc0052d9147931ef,EXP-C10-T3,T3-ZS,cwa:Mira-2,cwa,Mira-2,4,3,fixed_family_reuse,C-PCA-LDA,complete,C-PCA-LDA-004,C-PCA-LDA-008,10,0.0,0.0,0.0
P03OUTER-267d7912a99dd832e2885c35,EXP-C03-T1,T1-SURF,surfaces:within,surfaces,not_applicable,2,2,standard,,complete,C-PCA-LDA-006,C-PCA-LDA-004,10,0.03703703703703698,0.0,0.03809523809523818
P03OUTER-267f3b1affdf46d6e8fd946e,EXP-C09-T3,T3-ZS,pills:Agilent-3,pills,Agilent-3,1,1,standard,,complete,C-PLS-DA-000,C-LOGREG-EN-000,123,0.0,0.0,0.0
P03OUTER-268a53633fcd098e50aaeefd,EXP-C12-CORAL,T3-ZS,cwa:RMX-1,cwa,RMX-1,5,0,source_covariance,,complete,CORAL-C-RBF-SVM-018,CORAL-C-PCA-LDA-001,46,0.16666666666666663,-0.16666666666666669,0.1166666666666667
P03OUTER-269c0b4d3fce170209dedf03,EXP-C09-CONTROL-META,T3-ZS,pills:Agilent-1,pills,Agilent-1,3,1,metadata_control,,complete,CTRL-META-C-LOGREG-EN-000,CTRL-META-C-LOGREG-EN-005,30,0.0,0.0,0.018518518518518545
P03OUTER-26c26e800b897e661e970d08,EXP-C10-T3,T3-ZS,pills:Pendar-1,pills,Pendar-1,5,0,fixed_family_reuse,C-RANDOM-FOREST,complete,C-RANDOM-FOREST-000,C-RANDOM-FOREST-001,16,0.0,0.0,0.0
P03OUTER-26c4143793aeb25f3f27379c,EXP-C10-T3,T3-ZS,pills:Mira-3,pills,Mira-3,4,1,fixed_family_reuse,C-RANDOM-FOREST,complete,C-RANDOM-FOREST-000,C-RANDOM-FOREST-001,16,0.0,0.0,0.0
P03OUTER-26e0225d8e6410663dc180c1,EXP-C10-T3,T3-ZS,cwa:RMX-1,cwa,RMX-1,3,0,fixed_family_reuse,C-RBF-SVM,complete,C-RBF-SVM-012,C-RBF-SVM-013,36,0.0,0.0,0.0
P03OUTER-26eed9ccd99b20502e695fbd,EXP-C10-T3,T3-ZS,cwa:Mira-2,cwa,Mira-2,3,2,fixed_family_reuse,C-EXTRA-TREES,complete,C-EXTRA-TREES-003,C-EXTRA-TREES-010,16,0.0,0.0,0.0
P03OUTER-26f19747bed9c32ab4eb6494,EXP-C10-T3,T3-ZS,pills:Pendar-1,pills,Pendar-1,4,2,fixed_family_reuse,C-RANDOM-FOREST,complete,C-RANDOM-FOREST-000,C-RANDOM-FOREST-001,16,0.0,0.0,0.0
P03OUTER-271498e9183f7cc86c55d9c0,EXP-C09-CONTROL-META,T3-ZS,pills:Pendar-3,pills,Pendar-3,4,1,metadata_control,,complete,CTRL-META-C-LOGREG-EN-010,CTRL-META-C-LOGREG-EN-000,23,0.05555555555555558,0.0,0.07407407407407404
P03OUTER-272d6223ea1696c98bdc4a66,EXP-C09-T3,T3-ZS,pills:Pendar-3,pills,Pendar-3,5,1,standard,,complete,C-PLS-DA-000,C-LOGREG-EN-000,124,0.0,0.0,0.0
P03OUTER-274cc239544c51656399f9b0,EXP-C10-T3,T3-ZS,surfaces:Agilent-3,surfaces,Agilent-3,5,0,fixed_family_reuse,C-EXTRA-TREES,complete,C-EXTRA-TREES-000,C-EXTRA-TREES-001,16,0.0,0.0,0.0
P03OUTER-27641dc99b802a0c7d1797fb,EXP-C03-T1,T1-CWA,cwa:within,cwa,not_applicable,4,1,standard,,complete,C-PCA-LDA-006,C-PCA-LDA-004,10,0.05555555555555558,0.0,0.05925925925925912
P03OUTER-27913c9b3bc81bdbcbb72187,EXP-C08-T1,T1-CWA,cwa:within,cwa,not_applicable,3,1,standard,,complete,C-EXTRA-TREES-008,C-EXTRA-TREES-012,16,0.0,0.0,0.0
P03OUTER-27c7c61e01649061dfd8b431,EXP-C10-T3,T3-ZS,pills:Mira-3,pills,Mira-3,4,3,fixed_family_reuse,C-PCA-LDA,complete,C-PCA-LDA-002,C-PCA-LDA-004,10,0.0,0.0,0.0
P03OUTER-27cfae1fadfb81e5d2a0fe30,EXP-C12-CORAL,T3-ZS,surfaces:Mira-1,surfaces,Mira-1,3,1,source_covariance,,complete,CORAL-C-PCA-LDA-003,CORAL-C-RBF-SVM-025,42,0.05555555555555569,0.055555555555555636,0.05757575757575761
P03OUTER-27e3a340c2cf7a86f439d350,EXP-C10-T3,T3-ZS,pills:Mira-3,pills,Mira-3,2,0,fixed_family_reuse,C-PCA-LDA,complete,C-PCA-LDA-002,C-PCA-LDA-004,10,0.0,0.0,0.0
P03OUTER-284f9bb4b14c9d63cbea955f,EXP-C12-CORAL,T3-ZS,pills:Mira-3,pills,Mira-3,3,1,source_covariance,,unavailable,,,0,,,
P03OUTER-2858c0cc51271ef0cbee2a17,EXP-C06-T1,T1-SURF,surfaces:within,surfaces,not_applicable,3,3,standard,,complete,C-RBF-SVM-012,C-RBF-SVM-014,36,0.0,0.0,0.0
P03OUTER-287d24a07b9c03b196407391,EXP-C10-T3,T3-ZS,cwa:Mira-2,cwa,Mira-2,2,2,fixed_family_reuse,C-PCA-LDA,complete,C-PCA-LDA-007,C-PCA-LDA-005,10,0.08333333333333343,0.16666666666666674,0.15833333333333338
P03OUTER-288168cbdbe2a3acd7e0d805,EXP-C12-CORAL,T3-ZS,surfaces:Pendar-3,surfaces,Pendar-3,4,3,source_covariance,,complete,CORAL-C-PCA-LDA-000,CORAL-C-PCA-LDA-001,42,0.0,0.0,0.0
P03OUTER-28887e60c2b46aa99c1bd31e,EXP-C09-CONTROL-META,T3-ZS,cwa:Mira-2,cwa,Mira-2,1,2,metadata_control,,complete,CTRL-META-C-LOGREG-EN-010,CTRL-META-C-LOGREG-EN-019,29,0.0,0.0,0.0
P03OUTER-28a2820cd0633064064d46b6,EXP-C10-T3,T3-ZS,pills:Pendar-3,pills,Pendar-3,2,3,fixed_family_reuse,C-RANDOM-FOREST,complete,C-RANDOM-FOREST-000,C-RANDOM-FOREST-001,16,0.0,0.0,0.0
P03OUTER-28b08c194b777749f4732caf,EXP-C12-CORAL,T3-ZS,pills:Pendar-3,pills,Pendar-3,1,1,source_covariance,,unavailable,,,0,,,
P03OUTER-28b9190d25c25544e803ef2f,EXP-C03-T1,T1-PILLS,pills:within,pills,not_applicable,4,3,standard,,complete,C-PCA-LDA-004,C-PCA-LDA-005,10,0.0,0.0,0.0
P03OUTER-28be4f685d3d2a7c2202f5fd,EXP-C09-T3,T3-ZS,pills:Pendar-1,pills,Pendar-1,5,2,standard,,complete,C-PLS-DA-000,C-LOGREG-EN-000,124,0.0,0.0,0.0
P03OUTER-28cfe421b2ba592f89dd4061,EXP-C09-CONTROL-META,T3-ZS,pills:Agilent-3,pills,Agilent-3,3,1,metadata_control,,complete,CTRL-META-C-LOGREG-EN-005,CTRL-META-C-LOGREG-EN-010,18,0.05555555555555558,0.0,0.0740740740740741
P03OUTER-28f0ca46add57230852037ec,EXP-C10-T3,T3-ZS,cwa:Mira-2,cwa,Mira-2,2,1,fixed_family_reuse,C-PCA-LDA,complete,C-PCA-LDA-003,C-PCA-LDA-001,8,0.08333333333333331,0.0,0.055555555555555636
P03OUTER-295ce7b3f750b2cd170761e5,EXP-C12-CORAL,T3-ZS,pills:Agilent-1,pills,Agilent-1,2,1,source_covariance,,unavailable,,,0,,,
P03OUTER-296c05affab0cc48986c38c6,EXP-C10-T3,T3-ZS,surfaces:Pendar-3,surfaces,Pendar-3,1,2,fixed_family_reuse,C-RANDOM-FOREST,complete,C-RANDOM-FOREST-003,C-RANDOM-FOREST-000,16,0.024691358024691357,0.0,0.025396825396825418
P03OUTER-29706d43705e366e427f32c2,EXP-C10-T3,T3-ZS,pills:Pendar-3,pills,Pendar-3,3,3,fixed_family_reuse,C-RBF-SVM,complete,C-RBF-SVM-012,C-RBF-SVM-014,36,0.0,0.0,0.0
P03OUTER-298a2e601f14ba05626c3cac,EXP-C10-T3,T3-ZS,pills:Agilent-1,pills,Agilent-1,2,0,fixed_family_reuse,C-PCA-LDA,complete,C-PCA-LDA-004,C-PCA-LDA-005,10,0.0,0.0,0.0
P03OUTER-29c4d33de94567446f7cb9b4,EXP-C09-CONTROL-META,T3-ZS,surfaces:RMX-2,surfaces,RMX-2,2,0,metadata_control,,complete,CTRL-META-C-LOGREG-EN-017,CTRL-META-C-LOGREG-EN-019,27,0.0,0.0,0.0
P03OUTER-29de432d1892a181f76a48ac,EXP-C09-CONTROL-META,T3-ZS,pills:Mira-3,pills,Mira-3,5,3,metadata_control,,complete,CTRL-META-C-LOGREG-EN-015,CTRL-META-C-LOGREG-EN-016,30,0.0,0.0,0.0
P03OUTER-2a1548f266ffd28f36247fb9,EXP-C10-T3,T3-ZS,surfaces:Agilent-3,surfaces,Agilent-3,3,2,fixed_family_reuse,C-RBF-SVM,complete,C-RBF-SVM-019,C-RBF-SVM-025,36,0.0,0.0,0.0
P03OUTER-2a39bf67c44e6465fc50e98d,EXP-C12-CORAL,T3-ZS,pills:Pendar-3,pills,Pendar-3,1,3,source_covariance,,unavailable,,,0,,,
P03OUTER-2a6f2e3783d5f7c124d2736a,EXP-C12-CORAL,T3-ZS,surfaces:RMX-2,surfaces,RMX-2,3,2,source_covariance,,unavailable,,,0,,,
P03OUTER-2ac8b2a402ea6126412968b3,EXP-C10-T3,T3-ZS,surfaces:Mira-1,surfaces,Mira-1,2,0,fixed_family_reuse,C-RBF-SVM,complete,C-RBF-SVM-018,C-RBF-SVM-020,36,0.0,0.0,0.0
P03OUTER-2ae7de38a9cc9ab39b169c95,EXP-C04-T1,T1-PILLS,pills:within,pills,not_applicable,1,2,standard,,complete,C-PLS-DA-000,C-PLS-DA-001,5,0.0,0.0,0.0
P03OUTER-2aec4a072d3312b07b746f5c,EXP-C04-T1,T1-CWA,cwa:within,cwa,not_applicable,1,2,standard,,complete,C-PLS-DA-003,C-PLS-DA-002,5,0.05555555555555558,0.0,0.059259259259259234
P03OUTER-2b29c7c14141676dfe2b2850,EXP-C03-T1,T1-PILLS,pills:within,pills,not_applicable,4,2,standard,,complete,C-PCA-LDA-004,C-PCA-LDA-005,10,0.0,0.0,0.0
P03OUTER-2b33077c17273b91de073cfb,EXP-C10-T3,T3-ZS,surfaces:Pendar-3,surfaces,Pendar-3,5,0,fixed_family_reuse,C-EXTRA-TREES,complete,C-EXTRA-TREES-000,C-EXTRA-TREES-001,16,0.0,0.0,0.0
P03OUTER-2b35eaaa06ec0a0ad3cb41dd,EXP-C02-T1,T1-PILLS,pills:within,pills,not_applicable,2,3,standard,,complete,C-NEAREST-CENTROID-004,C-NEAREST-CENTROID-005,8,0.0,0.0,0.0
P03OUTER-2b50fdda59270e6a471489d8,EXP-C10-T3,T3-ZS,surfaces:Mira-1,surfaces,Mira-1,2,1,fixed_family_reuse,C-RBF-SVM,complete,C-RBF-SVM-012,C-RBF-SVM-014,36,0.0,0.0,0.0
P03OUTER-2b604c6b565849779eb59daf,EXP-C09-T3,T3-ZS,pills:Agilent-3,pills,Agilent-3,5,0,standard,,complete,C-PLS-DA-000,C-LOGREG-EN-000,122,0.0,0.0,0.0
P03OUTER-2b6a572502d641455b296b40,EXP-C07-T1,T1-PILLS,pills:within,pills,not_applicable,2,0,standard,,complete,C-RANDOM-FOREST-000,C-RANDOM-FOREST-001,16,0.0,0.0,0.0
P03OUTER-2b725c3b8a473439c0115deb,EXP-C10-T3,T3-ZS,pills:Mira-3,pills,Mira-3,2,3,fixed_family_reuse,C-PCA-LDA,complete,C-PCA-LDA-004,C-PCA-LDA-005,10,0.0,0.0,0.0
P03OUTER-2bc1cf8e9e8009763bdd3af8,EXP-C10-T3,T3-ZS,pills:Pendar-1,pills,Pendar-1,1,2,fixed_family_reuse,C-RBF-SVM,complete,C-RBF-SVM-012,C-RBF-SVM-014,36,0.0,0.0,0.0
P03OUTER-2bda62d1cd329bec8f5555d1,EXP-C10-T3,T3-ZS,surfaces:Agilent-3,surfaces,Agilent-3,3,3,fixed_family_reuse,C-PCA-LDA,complete,C-PCA-LDA-004,C-PCA-LDA-005,10,0.0,0.0,0.0
P03OUTER-2beb94e2948e15d049a13b30,EXP-C09-T3,T3-ZS,surfaces:Pendar-2,surfaces,Pendar-2,4,3,standard,,complete,C-RBF-SVM-002,C-RBF-SVM-008,111,0.0,0.0,0.0
P03OUTER-2bfcaa27388c816f56792062,EXP-C10-T3,T3-ZS,cwa:Pendar-2,cwa,Pendar-2,3,0,fixed_family_reuse,C-RBF-SVM,complete,C-RBF-SVM-019,C-RBF-SVM-025,36,0.11111111111111116,-0.1111111111111111,0.10119047619047622
P03OUTER-2c45c705da3a0c1e3bfbe378,EXP-C07-T1,T1-CWA,cwa:within,cwa,not_applicable,5,3,standard,,complete,C-RANDOM-FOREST-007,C-RANDOM-FOREST-012,16,0.006172839506172867,0.05555555555555569,0.014814814814814947
P03OUTER-2c58c2e3cf6517de065d511e,EXP-C10-T3,T3-ZS,pills:Mira-3,pills,Mira-3,4,0,fixed_family_reuse,C-PCA-LDA,complete,C-PCA-LDA-002,C-PCA-LDA-003,10,0.0,0.0,0.0
P03OUTER-2c5b4e6d52622fa7b957f0a8,EXP-C10-T3,T3-ZS,cwa:Mira-2,cwa,Mira-2,5,3,fixed_family_reuse,C-EXTRA-TREES,complete,C-EXTRA-TREES-003,C-EXTRA-TREES-007,16,0.0,0.0,0.0
P03OUTER-2c6221552611a24f54da93d2,EXP-C06-T1,T1-SURF,surfaces:within,surfaces,not_applicable,4,0,standard,,complete,C-RBF-SVM-012,C-RBF-SVM-014,36,0.0,0.0,0.0
P03OUTER-2c8298299e5ae96f2e3c07a9,EXP-C10-T3,T3-ZS,surfaces:RMX-2,surfaces,RMX-2,1,2,fixed_family_reuse,C-RBF-SVM,complete,C-RBF-SVM-012,C-RBF-SVM-014,36,0.0,0.0,0.0
P03OUTER-2c955207d26385da7a9de919,EXP-C12-CORAL,T3-ZS,surfaces:Mira-1,surfaces,Mira-1,4,1,source_covariance,,complete,CORAL-C-PCA-LDA-005,CORAL-C-PCA-LDA-002,44,0.02777777777777779,0.05555555555555547,0.04377289377289373
P03OUTER-2ca10e14e1ce4a78db26038c,EXP-C09-CONTROL-META,T3-ZS,pills:Pendar-1,pills,Pendar-1,3,1,metadata_control,,complete,CTRL-META-C-LOGREG-EN-010,CTRL-META-C-LOGREG-EN-015,30,0.0,0.0,0.014814814814814836
P03OUTER-2cb51f4cbca5f810983efed6,EXP-C12-CORAL,T3-ZS,pills:Agilent-3,pills,Agilent-3,5,0,source_covariance,,unavailable,,,0,,,
P03OUTER-2ccea1948d84b2c0c53ffed4,EXP-C10-T3,T3-ZS,cwa:RMX-1,cwa,RMX-1,4,2,fixed_family_reuse,C-RANDOM-FOREST,complete,C-RANDOM-FOREST-015,C-RANDOM-FOREST-003,16,0.027777777777777735,0.0,0.06481481481481483
P03OUTER-2cd6f687e68c896f944c6059,EXP-C09-T3,T3-ZS,cwa:RMX-1,cwa,RMX-1,2,0,standard,,complete,C-LOGREG-EN-016,C-LOGREG-EN-023,126,0.0,0.0,0.0
P03OUTER-2d111fb673e9f9fc9935f682,EXP-C10-T3,T3-ZS,surfaces:Agilent-3,surfaces,Agilent-3,1,2,fixed_family_reuse,C-PCA-LDA,complete,C-PCA-LDA-006,C-PCA-LDA-007,10,0.0,0.0,0.0
P03OUTER-2d1c8242b83823b0d3007251,EXP-C10-T3,T3-ZS,cwa:RMX-1,cwa,RMX-1,3,2,fixed_family_reuse,C-EXTRA-TREES,complete,C-EXTRA-TREES-014,C-EXTRA-TREES-005,16,0.01851851851851849,-0.07407407407407413,0.03439153439153442
P03OUTER-2d29bd36621e47b99c8f9ed0,EXP-C09-T3,T3-ZS,pills:Mira-3,pills,Mira-3,3,2,standard,,complete,C-SPECTRAL-MATCH-000,C-PLS-DA-000,123,0.0,0.0,0.0
P03OUTER-2d2dac775338a0cb7afdcc10,EXP-C10-T3,T3-ZS,cwa:Pendar-2,cwa,Pendar-2,4,1,fixed_family_reuse,C-RANDOM-FOREST,complete,C-RANDOM-FOREST-001,C-RANDOM-FOREST-002,16,0.0,0.0,0.0
P03OUTER-2d36e3fef456837602a464f1,EXP-C10-T3,T3-ZS,surfaces:Pendar-2,surfaces,Pendar-2,2,3,fixed_family_reuse,C-RBF-SVM,complete,C-RBF-SVM-002,C-RBF-SVM-008,36,0.0,0.0,0.0
P03OUTER-2d56b902ea20a985b5616402,EXP-C10-T3,T3-ZS,pills:Agilent-1,pills,Agilent-1,5,2,fixed_family_reuse,C-EXTRA-TREES,complete,C-EXTRA-TREES-000,C-EXTRA-TREES-001,16,0.0,0.0,0.0
P03OUTER-2d7655da0b91d70b95685072,EXP-C10-T3,T3-ZS,cwa:Mira-2,cwa,Mira-2,4,1,fixed_family_reuse,C-PCA-LDA,complete,C-PCA-LDA-004,C-PCA-LDA-008,10,0.0,0.0,0.0
P03OUTER-2d82ef57991aec48c5bc5c82,EXP-C09-T3,T3-ZS,surfaces:RMX-2,surfaces,RMX-2,3,3,standard,,complete,C-PCA-LDA-007,C-PLS-DA-002,124,0.03703703703703698,0.0,0.059259259259259234
P03OUTER-2da482d62b733a7ab9460dc5,EXP-C06-T1,T1-SURF,surfaces:within,surfaces,not_applicable,1,3,standard,,complete,C-RBF-SVM-012,C-RBF-SVM-014,36,0.0,0.0,0.0
P03OUTER-2dafa75810af293738346a4f,EXP-C09-T3,T3-ZS,cwa:Pendar-2,cwa,Pendar-2,3,3,standard,,complete,C-SPECTRAL-MATCH-000,C-SPECTRAL-MATCH-002,125,0.0,0.0,0.0
P03OUTER-2e14f1167a0b251719b8d1f1,EXP-C10-T3,T3-ZS,surfaces:Agilent-3,surfaces,Agilent-3,4,1,fixed_family_reuse,C-RANDOM-FOREST,complete,C-RANDOM-FOREST-002,C-RANDOM-FOREST-006,16,0.0,0.0,0.008357383357383341
P03OUTER-2e1f87071226ead80227ea08,EXP-C09-CONTROL-META,T3-ZS,pills:Pendar-3,pills,Pendar-3,5,0,metadata_control,,complete,CTRL-META-C-LOGREG-EN-015,CTRL-META-C-LOGREG-EN-020,29,0.0,0.0,0.0
P03OUTER-2e38045cbf117d4f803f133b,EXP-C10-T3,T3-ZS,cwa:RMX-1,cwa,RMX-1,2,3,fixed_family_reuse,C-PCA-LDA,complete,C-PCA-LDA-006,C-PCA-LDA-001,10,0.0,0.0,0.022222222222222254
P03OUTER-2e4887e8efcafaa9b3cd184a,EXP-C01-T1,T1-SURF,surfaces:within,surfaces,not_applicable,5,1,standard,,complete,C-SPECTRAL-MATCH-000,C-SPECTRAL-MATCH-002,3,0.0,0.0,0.0
P03OUTER-2e494151142e8db801fc25e7,EXP-C09-T3,T3-ZS,surfaces:Pendar-2,surfaces,Pendar-2,1,2,standard,,complete,C-PLS-DA-002,C-LOGREG-EN-010,125,0.0,0.0,0.014814814814814836
P03OUTER-2e4af762ed944de5e383bed9,EXP-C10-T3,T3-ZS,surfaces:Agilent-3,surfaces,Agilent-3,2,3,fixed_family_reuse,C-PCA-LDA,complete,C-PCA-LDA-003,C-PCA-LDA-001,6,0.0357142857142857,-0.047619047619047616,0.0004261805732393986
P03OUTER-2e4c9cb82f53d9f509135250,EXP-C07-T1,T1-CWA,cwa:within,cwa,not_applicable,3,2,standard,,complete,C-RANDOM-FOREST-008,C-RANDOM-FOREST-004,16,0.03703703703703698,0.11111111111111116,0.03527336860670194
P03OUTER-2e5cc9f3a18e08d81b513b8c,EXP-C09-CONTROL-META,T3-ZS,pills:Mira-3,pills,Mira-3,1,3,metadata_control,,complete,CTRL-META-C-LOGREG-EN-000,CTRL-META-C-LOGREG-EN-003,30,0.055555555555555525,0.0,0.06296296296296297
P03OUTER-2e5efe5a9355091352bcb6f1,EXP-C12-CORAL,T3-ZS,surfaces:RMX-2,surfaces,RMX-2,5,1,source_covariance,,unavailable,,,0,,,
P03OUTER-2e68892e31391d93e4644604,EXP-C09-T3,T3-ZS,surfaces:Pendar-3,surfaces,Pendar-3,5,0,standard,,complete,C-LOGREG-EN-000,C-RANDOM-FOREST-000,125,0.0,0.0,0.0
P03OUTER-2e7fbdf7f012ede08674a8fe,EXP-C10-T3,T3-ZS,pills:Agilent-3,pills,Agilent-3,5,0,fixed_family_reuse,C-RBF-SVM,complete,C-RBF-SVM-012,C-RBF-SVM-014,36,0.0,0.0,0.0
P03OUTER-2e89e07d2b473df90b944c1f,EXP-C09-CONTROL-META,T3-ZS,pills:Pendar-3,pills,Pendar-3,2,1,metadata_control,,complete,CTRL-META-C-LOGREG-EN-016,CTRL-META-C-LOGREG-EN-017,30,0.0,0.0,0.0
P03OUTER-2ea09e399cc8ecaa6ac50027,EXP-C12-CORAL,T3-ZS,surfaces:Mira-1,surfaces,Mira-1,2,2,source_covariance,,complete,CORAL-C-PCA-LDA-002,CORAL-C-PCA-LDA-005,44,0.013888888888889062,0.08333333333333337,0.002236652236652037
P03OUTER-2ea152ca40b84995ca98db41,EXP-C10-T3,T3-ZS,surfaces:Pendar-2,surfaces,Pendar-2,1,3,fixed_family_reuse,C-RBF-SVM,complete,C-RBF-SVM-005,C-RBF-SVM-011,36,0.0,0.0,0.0
P03OUTER-2ec84269f1c6ee3cdce07258,EXP-C10-T3,T3-ZS,pills:Agilent-3,pills,Agilent-3,5,2,fixed_family_reuse,C-EXTRA-TREES,complete,C-EXTRA-TREES-000,C-EXTRA-TREES-001,16,0.0,0.0,0.0
P03OUTER-2edd73e221227601b475ee05,EXP-C10-T3,T3-ZS,pills:Pendar-1,pills,Pendar-1,5,2,fixed_family_reuse,C-RBF-SVM,complete,C-RBF-SVM-012,C-RBF-SVM-014,36,0.0,0.0,0.0
P03OUTER-2f0a5de451019bb1ad3e1e9e,EXP-C12-CORAL,T3-ZS,cwa:Pendar-2,cwa,Pendar-2,1,1,source_covariance,,unavailable,,,0,,,
P03OUTER-2f5a2e39b3b256fdc95a0c3a,EXP-C06-T1,T1-SURF,surfaces:within,surfaces,not_applicable,4,3,standard,,complete,C-RBF-SVM-012,C-RBF-SVM-019,36,0.0,0.0,0.0
P03OUTER-2f8e2e3f088d7ede4c6a914a,EXP-C12-CORAL,T3-ZS,surfaces:Mira-1,surfaces,Mira-1,4,3,source_covariance,,complete,CORAL-C-RBF-SVM-014,CORAL-C-RBF-SVM-020,42,0.0,0.0,0.0
P03OUTER-2f9ea1dce3511df2fe055c5f,EXP-C12-CORAL,T3-ZS,surfaces:Mira-1,surfaces,Mira-1,1,2,source_covariance,,unavailable,,,0,,,
P03OUTER-2fa004e87d04a110f3eac65c,EXP-C10-T3,T3-ZS,cwa:Pendar-2,cwa,Pendar-2,2,3,fixed_family_reuse,C-EXTRA-TREES,complete,C-EXTRA-TREES-006,C-EXTRA-TREES-008,16,0.0,0.0,0.0
P03OUTER-2fb14e5ee0bc6291ff919b7e,EXP-C10-T3,T3-ZS,cwa:Mira-2,cwa,Mira-2,4,0,fixed_family_reuse,C-EXTRA-TREES,complete,C-EXTRA-TREES-010,C-EXTRA-TREES-011,16,0.0,0.0,0.0
P03OUTER-2fc0d182f1420c82864bd3e2,EXP-C05-T1,T1-CWA,cwa:within,cwa,not_applicable,4,0,standard,,complete,C-LOGREG-EN-010,C-LOGREG-EN-011,29,0.0,0.0,0.0
P03OUTER-2fc5854022ed05dc14cc52ba,EXP-C02-T1,T1-SURF,surfaces:within,surfaces,not_applicable,1,1,standard,,complete,C-NEAREST-CENTROID-000,C-NEAREST-CENTROID-001,8,0.0,0.0,0.0
P03OUTER-2fe69ff6868a5b3da65c54ba,EXP-C05-T1,T1-PILLS,pills:within,pills,not_applicable,1,0,standard,,complete,C-LOGREG-EN-000,C-LOGREG-EN-005,29,0.0,0.0,0.0
P03OUTER-2ff1df05a72b5a677dad0bc5,EXP-C10-T3,T3-ZS,pills:Mira-3,pills,Mira-3,5,0,fixed_family_reuse,C-PCA-LDA,complete,C-PCA-LDA-002,C-PCA-LDA-004,10,0.0,0.0,0.0
P03OUTER-30037a2960f233755fc5f994,EXP-C10-T3,T3-ZS,cwa:Pendar-2,cwa,Pendar-2,2,2,fixed_family_reuse,C-RBF-SVM,complete,C-RBF-SVM-018,C-RBF-SVM-019,36,0.08333333333333326,0.0,0.07341269841269837
P03OUTER-303c862e3f30c74344b43407,EXP-C07-T1,T1-PILLS,pills:within,pills,not_applicable,2,3,standard,,complete,C-RANDOM-FOREST-000,C-RANDOM-FOREST-001,16,0.0,0.0,0.0
P03OUTER-303e6e8e6dc49b9550e82c28,EXP-C10-T3,T3-ZS,pills:Mira-3,pills,Mira-3,1,2,fixed_family_reuse,C-RBF-SVM,complete,C-RBF-SVM-012,C-RBF-SVM-014,36,0.0,0.0,0.0
P03OUTER-3057f8cc84171dfcc2c6b55f,EXP-C12-CORAL,T3-ZS,cwa:Pendar-2,cwa,Pendar-2,5,1,source_covariance,,complete,CORAL-C-PCA-LDA-009,CORAL-C-PCA-LDA-001,46,0.08333333333333326,0.16666666666666669,0.09920634920634919
P03OUTER-308db36df06c061f6bf4ab92,EXP-C10-T3,T3-ZS,surfaces:Pendar-2,surfaces,Pendar-2,5,3,fixed_family_reuse,C-EXTRA-TREES,complete,C-EXTRA-TREES-013,C-EXTRA-TREES-006,16,0.03703703703703698,0.11111111111111116,0.03703703703703709
P03OUTER-3090a1aa2e2d29e7f8d7f747,EXP-C09-T3,T3-ZS,surfaces:RMX-2,surfaces,RMX-2,1,2,standard,,complete,C-LOGREG-EN-015,C-LOGREG-EN-016,123,0.0,0.0,0.0
P03OUTER-3097e37c36615be33be0e2c1,EXP-C10-T3,T3-ZS,cwa:Mira-2,cwa,Mira-2,4,1,fixed_family_reuse,C-RBF-SVM,complete,C-RBF-SVM-030,C-RBF-SVM-018,36,0.0,0.0,0.033333333333333326
P03OUTER-30bd5f8c9dfd6de6a3a04e49,EXP-C09-CONTROL-META,T3-ZS,pills:Pendar-1,pills,Pendar-1,3,3,metadata_control,,complete,CTRL-META-C-LOGREG-EN-020,CTRL-META-C-LOGREG-EN-021,30,0.0,0.0,0.0
P03OUTER-30cdeef0b349ed4e2e64630e,EXP-C10-T3,T3-ZS,cwa:Pendar-2,cwa,Pendar-2,5,3,fixed_family_reuse,C-RANDOM-FOREST,complete,C-RANDOM-FOREST-008,C-RANDOM-FOREST-012,16,0.00925925925925919,-0.03703703703703709,-0.005555555555555536
P03OUTER-3115dd19864f45e18ab1075d,EXP-C09-CONTROL-META,T3-ZS,pills:Mira-3,pills,Mira-3,2,2,metadata_control,,complete,CTRL-META-C-LOGREG-EN-000,CTRL-META-C-LOGREG-EN-005,30,0.055555555555555525,0.0,0.06349206349206343
P03OUTER-31243c0f72836ca179ee1009,EXP-C10-T3,T3-ZS,surfaces:Pendar-3,surfaces,Pendar-3,2,2,fixed_family_reuse,C-RANDOM-FOREST,complete,C-RANDOM-FOREST-012,C-RANDOM-FOREST-013,16,0.02777777777777779,0.05555555555555558,0.021367521367521347
P03OUTER-313a648199f518128847455a,EXP-C10-T3,T3-ZS,surfaces:RMX-2,surfaces,RMX-2,3,3,fixed_family_reuse,C-RBF-SVM,complete,C-RBF-SVM-018,C-RBF-SVM-019,36,0.0,0.0,0.0
P03OUTER-313c9974f7f6a54f2009f093,EXP-C10-T3,T3-ZS,pills:Pendar-3,pills,Pendar-3,1,3,fixed_family_reuse,C-RANDOM-FOREST,complete,C-RANDOM-FOREST-000,C-RANDOM-FOREST-001,16,0.0,0.0,0.0
P03OUTER-317d433deff76e0ec9ebfb22,EXP-C12-CORAL,T3-ZS,cwa:Mira-2,cwa,Mira-2,5,2,source_covariance,,complete,CORAL-C-PCA-LDA-004,CORAL-C-PCA-LDA-007,46,0.02777777777777779,0.0,0.09920634920634919
P03OUTER-31a087b0af67f0af8049f22e,EXP-C10-T3,T3-ZS,pills:Pendar-1,pills,Pendar-1,2,0,fixed_family_reuse,C-RBF-SVM,complete,C-RBF-SVM-012,C-RBF-SVM-014,36,0.0,0.0,0.0
P03OUTER-31a41d192d77303e0cc38ef4,EXP-C10-T3,T3-ZS,surfaces:Pendar-2,surfaces,Pendar-2,4,1,fixed_family_reuse,C-RANDOM-FOREST,complete,C-RANDOM-FOREST-004,C-RANDOM-FOREST-001,16,0.0,0.0,0.004528780345773864
P03OUTER-31a9173d0352f3496370500d,EXP-C09-T3,T3-ZS,surfaces:Mira-1,surfaces,Mira-1,3,1,standard,,complete,C-PLS-DA-001,C-EXTRA-TREES-000,118,0.011111111111111183,0.07777777777777783,0.06195286195286198
P03OUTER-31c535d44fabdaaede486f18,EXP-C09-T3,T3-ZS,cwa:RMX-1,cwa,RMX-1,5,3,standard,,complete,C-RANDOM-FOREST-002,C-EXTRA-TREES-002,125,0.0,0.0,0.0
P03OUTER-322847de1562b49e455120d4,EXP-C04-T1,T1-CWA,cwa:within,cwa,not_applicable,2,1,standard,,complete,C-PLS-DA-002,C-PLS-DA-003,5,0.0,0.0,0.0
P03OUTER-322ddfd7a0bdd65bd7e4f751,EXP-C09-CONTROL-META,T3-ZS,pills:Pendar-3,pills,Pendar-3,3,3,metadata_control,,complete,CTRL-META-C-LOGREG-EN-001,CTRL-META-C-LOGREG-EN-002,30,0.0,0.0,0.026455026455026426
P03OUTER-323bf78c61fa25b6e0a95173,EXP-C02-T1,T1-SURF,surfaces:within,surfaces,not_applicable,5,1,standard,,complete,C-NEAREST-CENTROID-003,C-NEAREST-CENTROID-002,8,0.03703703703703698,0.0,0.04444444444444451
P03OUTER-325fa93ff4fc99b5c4ab2666,EXP-C08-T1,T1-PILLS,pills:within,pills,not_applicable,2,2,standard,,complete,C-EXTRA-TREES-000,C-EXTRA-TREES-001,16,0.0,0.0,0.0
P03OUTER-32607f47cf2e01e03cdc633a,EXP-C02-T1,T1-CWA,cwa:within,cwa,not_applicable,1,0,standard,,complete,C-NEAREST-CENTROID-004,C-NEAREST-CENTROID-005,8,0.05555555555555558,0.0,0.08994708994709011
P03OUTER-32910041a6945ec987dcd68a,EXP-C09-CONTROL-META,T3-ZS,pills:Mira-3,pills,Mira-3,5,1,metadata_control,,complete,CTRL-META-C-LOGREG-EN-008,CTRL-META-C-LOGREG-EN-014,24,0.0,0.0,0.0
P03OUTER-32918de5b519dcc1e9fbae23,EXP-C10-T3,T3-ZS,pills:Agilent-3,pills,Agilent-3,2,2,fixed_family_reuse,C-EXTRA-TREES,complete,C-EXTRA-TREES-000,C-EXTRA-TREES-001,16,0.0,0.0,0.0
P03OUTER-32b956a772e4698e39b5c2fd,EXP-C02-T1,T1-SURF,surfaces:within,surfaces,not_applicable,3,1,standard,,complete,C-NEAREST-CENTROID-000,C-NEAREST-CENTROID-001,8,0.0,0.0,0.0
P03OUTER-32cdc818bc86edfe920e7c64,EXP-C09-T3,T3-ZS,pills:Mira-3,pills,Mira-3,5,0,standard,,complete,C-SPECTRAL-MATCH-000,C-NEAREST-CENTROID-000,124,0.0,0.0,0.0
P03OUTER-32e23351f0fef3ad34e6bbf6,EXP-C10-T3,T3-ZS,cwa:Pendar-2,cwa,Pendar-2,2,1,fixed_family_reuse,C-RBF-SVM,complete,C-RBF-SVM-019,C-RBF-SVM-025,36,0.08333333333333337,0.0,0.12301587301587302
P03OUTER-33292738500728828cd380ba,EXP-C04-T1,T1-SURF,surfaces:within,surfaces,not_applicable,3,2,standard,,complete,C-PLS-DA-003,C-PLS-DA-001,5,0.03703703703703709,0.11111111111111116,0.03809523809523807
P03OUTER-332eae5fed19356408b23e46,EXP-C09-CONTROL-META,T3-ZS,surfaces:RMX-2,surfaces,RMX-2,4,3,metadata_control,,complete,CTRL-META-C-LOGREG-EN-005,CTRL-META-C-LOGREG-EN-001,18,0.011111111111111072,0.0,-0.00981620718462825
P03OUTER-33331982358aacc0d4058dfd,EXP-C09-T3,T3-ZS,pills:Agilent-3,pills,Agilent-3,1,2,standard,,complete,C-LOGREG-EN-000,C-RANDOM-FOREST-000,123,0.0,0.0,0.0
P03OUTER-335040359c56c6f449635ea6,EXP-C10-T3,T3-ZS,pills:Agilent-3,pills,Agilent-3,2,2,fixed_family_reuse,C-PCA-LDA,complete,C-PCA-LDA-004,C-PCA-LDA-005,10,0.0,0.0,0.0
P03OUTER-3353b022514b487983aab12e,EXP-C07-T1,T1-SURF,surfaces:within,surfaces,not_applicable,1,0,standard,,complete,C-RANDOM-FOREST-000,C-RANDOM-FOREST-001,16,0.0,0.0,0.0
P03OUTER-33608dcbdbccea368305555f,EXP-C10-T3,T3-ZS,surfaces:Agilent-3,surfaces,Agilent-3,2,3,fixed_family_reuse,C-EXTRA-TREES,complete,C-EXTRA-TREES-005,C-EXTRA-TREES-008,16,0.0,0.0,0.0
P03OUTER-336734b4f74f1a607549aaf6,EXP-C10-T3,T3-ZS,surfaces:Pendar-2,surfaces,Pendar-2,4,1,fixed_family_reuse,C-EXTRA-TREES,complete,C-EXTRA-TREES-005,C-EXTRA-TREES-009,16,0.0,0.0,0.0
P03OUTER-336a3697bd1cbd79a6210ac3,EXP-C10-T3,T3-ZS,cwa:RMX-1,cwa,RMX-1,5,1,fixed_family_reuse,C-RANDOM-FOREST,complete,C-RANDOM-FOREST-004,C-RANDOM-FOREST-005,16,0.05555555555555547,0.0,0.06150793650793651
P03OUTER-340acd0647640a053cf18905,EXP-C10-T3,T3-ZS,cwa:Mira-2,cwa,Mira-2,2,2,fixed_family_reuse,C-RANDOM-FOREST,complete,C-RANDOM-FOREST-007,C-RANDOM-FOREST-001,16,0.0185185185185186,0.03703703703703709,0.019312169312169336
P03OUTER-341dd593defd3e020b4cdbd2,EXP-C04-T1,T1-PILLS,pills:within,pills,not_applicable,3,1,standard,,complete,C-PLS-DA-000,C-PLS-DA-001,5,0.0,0.0,0.0
P03OUTER-344245b78deaf6f976243df5,EXP-C10-T3,T3-ZS,surfaces:Agilent-3,surfaces,Agilent-3,4,3,fixed_family_reuse,C-RANDOM-FOREST,complete,C-RANDOM-FOREST-004,C-RANDOM-FOREST-005,16,0.0,0.0,0.0
P03OUTER-348f05c142a0d649daea1e33,EXP-C10-T3,T3-ZS,surfaces:Pendar-3,surfaces,Pendar-3,1,0,fixed_family_reuse,C-EXTRA-TREES,complete,C-EXTRA-TREES-004,C-EXTRA-TREES-000,16,0.0,0.0,0.00712250712250706
P03OUTER-349a4bfaad0b5cd439e737d6,EXP-C12-CORAL,T3-ZS,surfaces:Pendar-2,surfaces,Pendar-2,1,3,source_covariance,,unavailable,,,0,,,
P03OUTER-34a75a0ce02a21fce20af2d5,EXP-C12-CORAL,T3-ZS,pills:Agilent-1,pills,Agilent-1,4,2,source_covariance,,unavailable,,,0,,,
P03OUTER-34b04efceba8874227d513ed,EXP-C12-CORAL,T3-ZS,cwa:Pendar-2,cwa,Pendar-2,3,3,source_covariance,,unavailable,,,0,,,
P03OUTER-34d4921ad4a23ff3d21a9015,EXP-C12-CORAL,T3-ZS,cwa:Mira-2,cwa,Mira-2,3,0,source_covariance,,complete,CORAL-C-RBF-SVM-013,CORAL-C-PCA-LDA-005,46,0.02777777777777779,0.1111111111111111,0.020634920634920673
P03OUTER-34dad50c24623838de03f181,EXP-C07-T1,T1-PILLS,pills:within,pills,not_applicable,5,3,standard,,complete,C-RANDOM-FOREST-000,C-RANDOM-FOREST-001,16,0.0,0.0,0.0
P03OUTER-35007bc32121915b759a0d6b,EXP-C09-T3,T3-ZS,pills:Agilent-1,pills,Agilent-1,4,2,standard,,complete,C-PLS-DA-000,C-LOGREG-EN-000,122,0.0,0.0,0.0
P03OUTER-353688c7ef5faf8f96b1e903,EXP-C09-T3,T3-ZS,pills:Mira-3,pills,Mira-3,1,0,standard,,complete,C-SPECTRAL-MATCH-000,C-NEAREST-CENTROID-000,125,0.0,0.0,0.0
P03OUTER-3576776426a9f91dee6519ae,EXP-C10-T3,T3-ZS,pills:Agilent-3,pills,Agilent-3,3,0,fixed_family_reuse,C-RANDOM-FOREST,complete,C-RANDOM-FOREST-000,C-RANDOM-FOREST-001,16,0.0,0.0,0.0
P03OUTER-359056b762727c2344b0d45b,EXP-C08-T1,T1-CWA,cwa:within,cwa,not_applicable,1,1,standard,,complete,C-EXTRA-TREES-001,C-EXTRA-TREES-002,16,0.0,0.0,0.0
P03OUTER-35b66051a6803e8c9dfdebdc,EXP-C07-T1,T1-CWA,cwa:within,cwa,not_applicable,5,1,standard,,complete,C-RANDOM-FOREST-006,C-RANDOM-FOREST-007,16,0.0,0.0,0.0
P03OUTER-35cfc25f7b5a6a93125dee96,EXP-C04-T1,T1-SURF,surfaces:within,surfaces,not_applicable,5,0,standard,,complete,C-PLS-DA-001,C-PLS-DA-002,5,0.0,0.0,0.0
P03OUTER-35da319a2f3f102beaea019c,EXP-C09-CONTROL-META,T3-ZS,pills:Agilent-1,pills,Agilent-1,3,2,metadata_control,,complete,CTRL-META-C-LOGREG-EN-010,CTRL-META-C-LOGREG-EN-019,30,0.05555555555555547,0.16666666666666669,0.06984126984126982
P03OUTER-3631adf7eb4d4b70b56c5be1,EXP-C10-T3,T3-ZS,pills:Agilent-1,pills,Agilent-1,1,1,fixed_family_reuse,C-RANDOM-FOREST,complete,C-RANDOM-FOREST-000,C-RANDOM-FOREST-001,16,0.0,0.0,0.0
P03OUTER-3654f3fde3f9a444d3b82403,EXP-C09-CONTROL-META,T3-ZS,cwa:RMX-1,cwa,RMX-1,1,3,metadata_control,,complete,CTRL-META-C-LOGREG-EN-015,CTRL-META-C-LOGREG-EN-020,29,0.0,0.0,0.01666666666666672
P03OUTER-36f4494937b15e75364260aa,EXP-C09-T3,T3-ZS,surfaces:Mira-1,surfaces,Mira-1,2,2,standard,,complete,C-RBF-SVM-025,C-RBF-SVM-031,121,0.0,0.0,0.0
P03OUTER-370b22210bdd7651056c4753,EXP-C10-T3,T3-ZS,cwa:Mira-2,cwa,Mira-2,4,2,fixed_family_reuse,C-PCA-LDA,complete,C-PCA-LDA-000,C-PCA-LDA-001,8,0.0,0.0,0.0
P03OUTER-3728da6e7f6881aac59eca4c,EXP-C09-T3,T3-ZS,pills:Agilent-1,pills,Agilent-1,3,2,standard,,complete,C-PLS-DA-000,C-LOGREG-EN-000,124,0.0,0.0,0.0
P03OUTER-373e0af4abd0b4c07cfa3bc0,EXP-C09-CONTROL-META,T3-ZS,surfaces:Mira-1,surfaces,Mira-1,3,0,metadata_control,,complete,CTRL-META-C-LOGREG-EN-004,CTRL-META-C-LOGREG-EN-000,19,0.0,0.0,0.015277777777777807
P03OUTER-37755ecf7cb0d6a5903fd73b,EXP-C09-T3,T3-ZS,pills:Agilent-1,pills,Agilent-1,3,1,standard,,complete,C-PLS-DA-000,C-LOGREG-EN-000,123,0.0,0.0,0.0
P03OUTER-377a2bef6fd6ac8855f7f8e4,EXP-C09-T3,T3-ZS,cwa:Pendar-2,cwa,Pendar-2,5,0,standard,,complete,C-PCA-LDA-004,C-PCA-LDA-005,125,0.0,0.0,0.0
P03OUTER-379c5445ae5ba0cee87c3862,EXP-C10-T3,T3-ZS,pills:Pendar-1,pills,Pendar-1,1,1,fixed_family_reuse,C-RANDOM-FOREST,complete,C-RANDOM-FOREST-000,C-RANDOM-FOREST-001,16,0.0,0.0,0.0
P03OUTER-379c8bc8466cc8f44a122f0d,EXP-C10-T3,T3-ZS,pills:Pendar-1,pills,Pendar-1,2,2,fixed_family_reuse,C-RANDOM-FOREST,complete,C-RANDOM-FOREST-000,C-RANDOM-FOREST-001,16,0.0,0.0,0.0
P03OUTER-37ef2b917a3da238cc216429,EXP-C10-T3,T3-ZS,surfaces:Agilent-3,surfaces,Agilent-3,5,3,fixed_family_reuse,C-PCA-LDA,complete,C-PCA-LDA-000,C-PCA-LDA-001,4,0.05238095238095236,0.10476190476190472,0.07598039215686275
P03OUTER-380c2b210b8d049797f76455,EXP-C10-T3,T3-ZS,surfaces:Mira-1,surfaces,Mira-1,4,1,fixed_family_reuse,C-PCA-LDA,complete,C-PCA-LDA-003,C-PCA-LDA-002,6,0.02777777777777779,0.0,0.029581529581529598
P03OUTER-38271f9a12e2aeed93230b69,EXP-C10-T3,T3-ZS,pills:Agilent-1,pills,Agilent-1,1,1,fixed_family_reuse,C-EXTRA-TREES,complete,C-EXTRA-TREES-000,C-EXTRA-TREES-001,16,0.0,0.0,0.0
P03OUTER-38336401fa96afcd13d63679,EXP-C02-T1,T1-CWA,cwa:within,cwa,not_applicable,4,1,standard,,complete,C-NEAREST-CENTROID-000,C-NEAREST-CENTROID-001,8,0.0,0.0,0.0
P03OUTER-38adb4d1c4121baf6a7aa0cb,EXP-C10-T3,T3-ZS,surfaces:Mira-1,surfaces,Mira-1,2,2,fixed_family_reuse,C-RANDOM-FOREST,complete,C-RANDOM-FOREST-012,C-RANDOM-FOREST-004,16,0.02777777777777779,0.05555555555555558,0.016208791208791262
P03OUTER-390aacdb973d4adf3dea1cf7,EXP-C05-T1,T1-SURF,surfaces:within,surfaces,not_applicable,2,0,standard,,complete,C-LOGREG-EN-005,C-LOGREG-EN-010,28,0.0,0.0,0.0
P03OUTER-39189833b90efc982cc8bb38,EXP-C03-T1,T1-SURF,surfaces:within,surfaces,not_applicable,1,1,standard,,complete,C-PCA-LDA-004,C-PCA-LDA-006,10,0.0,0.0,0.0
P03OUTER-392bcc42cad500af88fad217,EXP-C10-T3,T3-ZS,surfaces:Mira-1,surfaces,Mira-1,1,2,fixed_family_reuse,C-RANDOM-FOREST,complete,C-RANDOM-FOREST-000,C-RANDOM-FOREST-001,16,0.0,0.0,0.0
P03OUTER-394fbcc808c1f301fce7dc51,EXP-C10-T3,T3-ZS,pills:Pendar-1,pills,Pendar-1,1,3,fixed_family_reuse,C-EXTRA-TREES,complete,C-EXTRA-TREES-000,C-EXTRA-TREES-001,16,0.0,0.0,0.0
P03OUTER-395456ff221129757b45f4f4,EXP-C05-T1,T1-SURF,surfaces:within,surfaces,not_applicable,1,2,standard,,complete,C-LOGREG-EN-000,C-LOGREG-EN-005,29,0.0,0.0,0.0
P03OUTER-395d9be3dc3053da63c123e7,EXP-C10-T3,T3-ZS,surfaces:Mira-1,surfaces,Mira-1,3,1,fixed_family_reuse,C-PCA-LDA,complete,C-PCA-LDA-003,C-PCA-LDA-002,6,0.09999999999999998,0.011111111111111127,0.02323232323232305
P03OUTER-399f4e65af8b9c0a91f0e5a6,EXP-C08-T1,T1-PILLS,pills:within,pills,not_applicable,3,2,standard,,complete,C-EXTRA-TREES-000,C-EXTRA-TREES-001,16,0.0,0.0,0.0
P03OUTER-399fbcdde1095a2695f5837a,EXP-C10-T3,T3-ZS,surfaces:Agilent-3,surfaces,Agilent-3,3,3,fixed_family_reuse,C-EXTRA-TREES,complete,C-EXTRA-TREES-000,C-EXTRA-TREES-004,16,0.0,0.0,0.0
P03OUTER-39b0e33888f23252ac2fdfb0,EXP-C09-T3,T3-ZS,surfaces:Agilent-3,surfaces,Agilent-3,4,0,standard,,complete,C-LOGREG-EN-000,C-RANDOM-FOREST-000,125,0.0,0.0,0.0
P03OUTER-3a29c5a27306b373b5387aed,EXP-C07-T1,T1-PILLS,pills:within,pills,not_applicable,3,2,standard,,complete,C-RANDOM-FOREST-000,C-RANDOM-FOREST-001,16,0.0,0.0,0.0
P03OUTER-3a337a40ccb182320c8e1f10,EXP-C07-T1,T1-SURF,surfaces:within,surfaces,not_applicable,1,1,standard,,complete,C-RANDOM-FOREST-000,C-RANDOM-FOREST-001,16,0.0,0.0,0.0
P03OUTER-3a3881ffd82445f18a83d77b,EXP-C10-T3,T3-ZS,pills:Pendar-3,pills,Pendar-3,5,1,fixed_family_reuse,C-PCA-LDA,complete,C-PCA-LDA-004,C-PCA-LDA-005,10,0.0,0.0,0.0
P03OUTER-3a4683ec5e7caea046884ca2,EXP-C10-T3,T3-ZS,pills:Mira-3,pills,Mira-3,4,0,fixed_family_reuse,C-RBF-SVM,complete,C-RBF-SVM-012,C-RBF-SVM-014,36,0.0,0.0,0.0
P03OUTER-3a59a8e3df46cf3aa404ad8a,EXP-C09-CONTROL-META,T3-ZS,surfaces:Pendar-3,surfaces,Pendar-3,5,2,metadata_control,,complete,CTRL-META-C-LOGREG-EN-000,CTRL-META-C-LOGREG-EN-001,21,0.0,0.0,0.0
P03OUTER-3a697ff0b322f1b0b37e3f90,EXP-C09-T3,T3-ZS,surfaces:Agilent-3,surfaces,Agilent-3,4,2,standard,,complete,C-SPECTRAL-MATCH-002,C-LOGREG-EN-019,118,1.1102230246251565e-16,-0.08333333333333326,-0.04412303382891625
P03OUTER-3a72a8482aeefbff4f26d8c9,EXP-C10-T3,T3-ZS,surfaces:Agilent-3,surfaces,Agilent-3,2,1,fixed_family_reuse,C-EXTRA-TREES,complete,C-EXTRA-TREES-000,C-EXTRA-TREES-001,16,0.0,0.0,0.0
P03OUTER-3a834f391215e8fd92d57756,EXP-C10-T3,T3-ZS,pills:Pendar-3,pills,Pendar-3,5,0,fixed_family_reuse,C-RBF-SVM,complete,C-RBF-SVM-012,C-RBF-SVM-014,36,0.0,0.0,0.0
P03OUTER-3a99b7f3d775e037eb81f9f7,EXP-C10-T3,T3-ZS,pills:Agilent-3,pills,Agilent-3,3,0,fixed_family_reuse,C-PCA-LDA,complete,C-PCA-LDA-004,C-PCA-LDA-005,10,0.0,0.0,0.0
P03OUTER-3acc1f62f53db77a01c33493,EXP-C02-T1,T1-SURF,surfaces:within,surfaces,not_applicable,5,0,standard,,complete,C-NEAREST-CENTROID-004,C-NEAREST-CENTROID-000,8,0.01851851851851838,0.11111111111111116,0.008201058201058098
P03OUTER-3ae814ef44e1ca56e2f4ccfc,EXP-C09-T3,T3-ZS,surfaces:RMX-2,surfaces,RMX-2,5,2,standard,,complete,C-SPECTRAL-MATCH-001,C-LOGREG-EN-023,116,0.03333333333333344,0.1333333333333333,0.001322751322751281
P03OUTER-3aefdab1d8237293f24794fc,EXP-C10-T3,T3-ZS,pills:Mira-3,pills,Mira-3,2,2,fixed_family_reuse,C-EXTRA-TREES,complete,C-EXTRA-TREES-000,C-EXTRA-TREES-001,16,0.0,0.0,0.0
P03OUTER-3b6150db0eb5f68ce3eac0a8,EXP-C12-CORAL,T3-ZS,cwa:Pendar-2,cwa,Pendar-2,1,3,source_covariance,,complete,CORAL-C-RBF-SVM-007,CORAL-C-RBF-SVM-013,46,0.0,0.0,0.0
P03OUTER-3b72755f7a57891bc8239403,EXP-C10-T3,T3-ZS,pills:Pendar-1,pills,Pendar-1,5,3,fixed_family_reuse,C-EXTRA-TREES,complete,C-EXTRA-TREES-000,C-EXTRA-TREES-001,16,0.0,0.0,0.0
P03OUTER-3bac1ed25dcc754b75457865,EXP-C09-CONTROL-META,T3-ZS,surfaces:RMX-2,surfaces,RMX-2,3,2,metadata_control,,complete,CTRL-META-C-LOGREG-EN-000,CTRL-META-C-LOGREG-EN-022,22,0.0,0.0,0.0
P03OUTER-3bb579cf95f8dd80d4718163,EXP-C10-T3,T3-ZS,surfaces:Mira-1,surfaces,Mira-1,4,1,fixed_family_reuse,C-RBF-SVM,complete,C-RBF-SVM-014,C-RBF-SVM-018,36,0.0,0.0,0.0
P03OUTER-3bc97b80b5bbc1f9ba2919f5,EXP-C10-T3,T3-ZS,pills:Agilent-3,pills,Agilent-3,4,2,fixed_family_reuse,C-RANDOM-FOREST,complete,C-RANDOM-FOREST-000,C-RANDOM-FOREST-001,16,0.0,0.0,0.0
P03OUTER-3c3bc7e7b82cfb2c90e2f072,EXP-C10-T3,T3-ZS,cwa:Mira-2,cwa,Mira-2,5,0,fixed_family_reuse,C-RBF-SVM,complete,C-RBF-SVM-014,C-RBF-SVM-024,36,0.0,0.16666666666666669,-0.03888888888888886
P03OUTER-3c4237449cb8f053c8b16e73,EXP-C09-CONTROL-META,T3-ZS,pills:Agilent-1,pills,Agilent-1,2,2,metadata_control,,complete,CTRL-META-C-LOGREG-EN-000,CTRL-META-C-LOGREG-EN-005,30,0.05555555555555558,0.0,0.029629629629629672
P03OUTER-3c982cabaa36589394e1c1d2,EXP-C01-T1,T1-PILLS,pills:within,pills,not_applicable,5,3,standard,,complete,C-SPECTRAL-MATCH-000,C-SPECTRAL-MATCH-001,3,0.0,0.0,0.0
P03OUTER-3ca71594c7cc88bd2db2aa3b,EXP-C07-T1,T1-SURF,surfaces:within,surfaces,not_applicable,3,1,standard,,complete,C-RANDOM-FOREST-000,C-RANDOM-FOREST-001,16,0.0,0.0,0.0
P03OUTER-3cb32aff51fb8cd6106fbf28,EXP-C10-T3,T3-ZS,cwa:Mira-2,cwa,Mira-2,4,2,fixed_family_reuse,C-RBF-SVM,complete,C-RBF-SVM-025,C-RBF-SVM-031,36,0.0,0.0,0.0
P03OUTER-3cc6c07b23a94c2c76a1ea91,EXP-C10-T3,T3-ZS,surfaces:Pendar-3,surfaces,Pendar-3,2,2,fixed_family_reuse,C-RBF-SVM,complete,C-RBF-SVM-025,C-RBF-SVM-031,36,0.0,0.0,0.0
P03OUTER-3d06cf0a7f121e86cd11f987,EXP-C10-T3,T3-ZS,surfaces:Agilent-3,surfaces,Agilent-3,1,1,fixed_family_reuse,C-PCA-LDA,complete,C-PCA-LDA-003,C-PCA-LDA-002,6,0.03333333333333344,0.1333333333333333,-0.054629629629629584
P03OUTER-3d253157796683bcb2a01f53,EXP-C10-T3,T3-ZS,surfaces:Mira-1,surfaces,Mira-1,1,3,fixed_family_reuse,C-RANDOM-FOREST,complete,C-RANDOM-FOREST-008,C-RANDOM-FOREST-000,16,0.0,0.0,0.0018759018759018087
P03OUTER-3da6e5af3fe4c9277920b4c9,EXP-C06-T1,T1-PILLS,pills:within,pills,not_applicable,4,1,standard,,complete,C-RBF-SVM-012,C-RBF-SVM-014,36,0.0,0.0,0.0
P03OUTER-3db96fba8b16fa9ecb2cb32c,EXP-C09-CONTROL-META,T3-ZS,pills:Mira-3,pills,Mira-3,4,2,metadata_control,,complete,CTRL-META-C-LOGREG-EN-000,CTRL-META-C-LOGREG-EN-005,30,0.0,0.0,0.007407407407407418
P03OUTER-3dbc0b951701e267798a71c0,EXP-C10-T3,T3-ZS,surfaces:RMX-2,surfaces,RMX-2,5,0,fixed_family_reuse,C-EXTRA-TREES,complete,C-EXTRA-TREES-002,C-EXTRA-TREES-003,16,0.0,0.0,0.0
P03OUTER-3dbcd7f3d4cc2a9e04f76418,EXP-C12-CORAL,T3-ZS,surfaces:Pendar-2,surfaces,Pendar-2,2,3,source_covariance,,unavailable,,,0,,,
P03OUTER-3dc906d5c8a4ccdb23a4daa8,EXP-C09-T3,T3-ZS,surfaces:Pendar-2,surfaces,Pendar-2,3,2,standard,,complete,C-LOGREG-EN-019,C-LOGREG-EN-018,110,0.03333333333333344,-0.0666666666666666,0.017945017945017905
P03OUTER-3e1838b0068f16cb1681da78,EXP-C03-T1,T1-SURF,surfaces:within,surfaces,not_applicable,5,3,standard,,complete,C-PCA-LDA-006,C-PCA-LDA-007,10,0.05555555555555547,0.05555555555555547,0.05291005291005291
P03OUTER-3e4d4f077980e04f5a7f0ccb,EXP-C03-T1,T1-SURF,surfaces:within,surfaces,not_applicable,3,2,standard,,complete,C-PCA-LDA-006,C-PCA-LDA-007,10,0.07407407407407407,0.2222222222222222,0.06772486772486774
P03OUTER-3e59258cf9f851de26f897a6,EXP-C08-T1,T1-SURF,surfaces:within,surfaces,not_applicable,3,3,standard,,complete,C-EXTRA-TREES-004,C-EXTRA-TREES-005,16,0.0,0.0,0.0
P03OUTER-3eae9a3364cbfd3462ad163d,EXP-C10-T3,T3-ZS,cwa:RMX-1,cwa,RMX-1,4,1,fixed_family_reuse,C-PCA-LDA,complete,C-PCA-LDA-006,C-PCA-LDA-007,10,0.0,0.0,0.0
P03OUTER-3ec4e09898b5401c68e6af50,EXP-C07-T1,T1-SURF,surfaces:within,surfaces,not_applicable,4,1,standard,,complete,C-RANDOM-FOREST-001,C-RANDOM-FOREST-002,16,0.0,0.0,0.0
P03OUTER-3ee9e4015c6f59e710541412,EXP-C10-T3,T3-ZS,surfaces:Pendar-2,surfaces,Pendar-2,5,0,fixed_family_reuse,C-RBF-SVM,complete,C-RBF-SVM-031,C-RBF-SVM-018,36,0.0,0.0,0.014814814814814836
P03OUTER-3eff1c3e44910abcebc83bb4,EXP-C10-T3,T3-ZS,cwa:Mira-2,cwa,Mira-2,5,1,fixed_family_reuse,C-EXTRA-TREES,complete,C-EXTRA-TREES-003,C-EXTRA-TREES-007,16,0.05555555555555558,0.0,0.035714285714285754
P03OUTER-3f0844d2bfcc9dc4a7c966b1,EXP-C10-T3,T3-ZS,surfaces:Pendar-3,surfaces,Pendar-3,2,0,fixed_family_reuse,C-EXTRA-TREES,complete,C-EXTRA-TREES-001,C-EXTRA-TREES-006,16,0.0,0.0,0.00462962962962965
P03OUTER-3f233a7075883fc60960cc58,EXP-C10-T3,T3-ZS,pills:Pendar-3,pills,Pendar-3,4,2,fixed_family_reuse,C-RANDOM-FOREST,complete,C-RANDOM-FOREST-000,C-RANDOM-FOREST-001,16,0.0,0.0,0.0
P03OUTER-3f30a262c7cbb38ed310e1be,EXP-C10-T3,T3-ZS,cwa:Pendar-2,cwa,Pendar-2,2,0,fixed_family_reuse,C-RBF-SVM,complete,C-RBF-SVM-031,C-RBF-SVM-025,36,0.03703703703703709,0.11111111111111116,0.043386243386243306
P03OUTER-3f31f060a32bb0e6e1be4bce,EXP-C10-T3,T3-ZS,surfaces:Mira-1,surfaces,Mira-1,3,0,fixed_family_reuse,C-RBF-SVM,complete,C-RBF-SVM-018,C-RBF-SVM-020,36,0.0,0.0,0.0
P03OUTER-3f5393d13b035de2a03909ca,EXP-C03-T1,T1-SURF,surfaces:within,surfaces,not_applicable,3,1,standard,,complete,C-PCA-LDA-007,C-PCA-LDA-006,10,0.03703703703703709,0.0,0.05925925925925912
P03OUTER-3f6fc48e262ab055a0258fe5,EXP-C07-T1,T1-CWA,cwa:within,cwa,not_applicable,2,2,standard,,complete,C-RANDOM-FOREST-000,C-RANDOM-FOREST-001,16,0.0,0.0,0.0
P03OUTER-3f9af223b7cf72cb589a20e2,EXP-C03-T1,T1-PILLS,pills:within,pills,not_applicable,2,1,standard,,complete,C-PCA-LDA-004,C-PCA-LDA-005,10,0.0,0.0,0.0
P03OUTER-3f9c961526857a5c71f4be17,EXP-C10-T3,T3-ZS,surfaces:Mira-1,surfaces,Mira-1,4,2,fixed_family_reuse,C-RANDOM-FOREST,complete,C-RANDOM-FOREST-008,C-RANDOM-FOREST-012,16,0.0,0.0,0.0
P03OUTER-3faefdc030c2a4aa35bf2c3b,EXP-C10-T3,T3-ZS,pills:Agilent-1,pills,Agilent-1,4,1,fixed_family_reuse,C-EXTRA-TREES,complete,C-EXTRA-TREES-000,C-EXTRA-TREES-001,16,0.0,0.0,0.0
P03OUTER-3fb49bbac1b0e4ae2704dc46,EXP-C10-T3,T3-ZS,surfaces:RMX-2,surfaces,RMX-2,4,1,fixed_family_reuse,C-EXTRA-TREES,complete,C-EXTRA-TREES-002,C-EXTRA-TREES-009,16,0.03703703703703709,0.0,0.02736892736892743
P03OUTER-3fec21d57abbf957df04f353,EXP-C10-T3,T3-ZS,surfaces:RMX-2,surfaces,RMX-2,5,1,fixed_family_reuse,C-EXTRA-TREES,complete,C-EXTRA-TREES-002,C-EXTRA-TREES-009,16,0.0339506172839506,0.0,0.024114157447490847
P03OUTER-4019006bbe7a43998696eb59,EXP-C09-T3,T3-ZS,cwa:RMX-1,cwa,RMX-1,3,1,standard,,complete,C-LOGREG-EN-000,C-NEAREST-CENTROID-004,124,0.05555555555555558,0.11111111111111108,0.0892857142857143
P03OUTER-4047c235f34d6e063ae9f787,EXP-C12-CORAL,T3-ZS,pills:Mira-3,pills,Mira-3,2,1,source_covariance,,unavailable,,,0,,,
P03OUTER-40daaec65ba3afb29f81c7df,EXP-C09-T3,T3-ZS,pills:Agilent-1,pills,Agilent-1,2,2,standard,,complete,C-PLS-DA-000,C-LOGREG-EN-000,115,0.0,0.0,0.0
P03OUTER-40f141f16a861fb8d52206f6,EXP-C10-T3,T3-ZS,surfaces:Agilent-3,surfaces,Agilent-3,5,3,fixed_family_reuse,C-RBF-SVM,complete,C-RBF-SVM-018,C-RBF-SVM-020,36,0.0,0.0,0.0
P03OUTER-41042e9451a937b5570cdfc1,EXP-C10-T3,T3-ZS,cwa:Pendar-2,cwa,Pendar-2,3,3,fixed_family_reuse,C-EXTRA-TREES,complete,C-EXTRA-TREES-001,C-EXTRA-TREES-004,16,0.0,0.0,0.0
P03OUTER-41075bb46d7e4c14a7dce360,EXP-C03-T1,T1-SURF,surfaces:within,surfaces,not_applicable,4,1,standard,,complete,C-PCA-LDA-007,C-PCA-LDA-006,10,0.11111111111111116,0.0,0.13333333333333341
P03OUTER-4107ea19f59442dda96509f4,EXP-C10-T3,T3-ZS,cwa:RMX-1,cwa,RMX-1,5,2,fixed_family_reuse,C-PCA-LDA,complete,C-PCA-LDA-006,C-PCA-LDA-007,10,0.05555555555555547,0.1111111111111111,0.055555555555555525
P03OUTER-41236843a8c7813c3ea51535,EXP-C09-CONTROL-META,T3-ZS,pills:Pendar-3,pills,Pendar-3,3,1,metadata_control,,complete,CTRL-META-C-LOGREG-EN-015,CTRL-META-C-LOGREG-EN-020,30,0.0,0.0,0.0
P03OUTER-415a0dc54241140dbfa4e0b0,EXP-C06-T1,T1-SURF,surfaces:within,surfaces,not_applicable,2,2,standard,,complete,C-RBF-SVM-012,C-RBF-SVM-014,36,0.0,0.0,0.0
P03OUTER-415d3351746a37e918829aa7,EXP-C10-T3,T3-ZS,pills:Pendar-3,pills,Pendar-3,5,0,fixed_family_reuse,C-PCA-LDA,complete,C-PCA-LDA-004,C-PCA-LDA-005,10,0.0,0.0,0.0
P03OUTER-417c5047b561dff1c49b7881,EXP-C07-T1,T1-SURF,surfaces:within,surfaces,not_applicable,1,2,standard,,complete,C-RANDOM-FOREST-000,C-RANDOM-FOREST-001,16,0.0,0.0,0.0
P03OUTER-41a18c1e520c285942a43fad,EXP-C10-T3,T3-ZS,cwa:RMX-1,cwa,RMX-1,3,3,fixed_family_reuse,C-RANDOM-FOREST,complete,C-RANDOM-FOREST-008,C-RANDOM-FOREST-002,16,0.02777777777777768,-0.11111111111111116,0.04074074074074063
P03OUTER-41ccf5b6b2c9ca22c131261d,EXP-C12-CORAL,T3-ZS,surfaces:Mira-1,surfaces,Mira-1,3,2,source_covariance,,complete,CORAL-C-PCA-LDA-003,CORAL-C-RBF-SVM-012,42,0.03333333333333344,0.18888888888888888,-0.05856180856180859
P03OUTER-41da9c161396caa92160cc29,EXP-C12-CORAL,T3-ZS,cwa:RMX-1,cwa,RMX-1,2,3,source_covariance,,unavailable,,,0,,,
P03OUTER-41f45762190f14809d51dcf8,EXP-C02-T1,T1-PILLS,pills:within,pills,not_applicable,5,3,standard,,complete,C-NEAREST-CENTROID-000,C-NEAREST-CENTROID-001,8,0.0,0.0,0.0
P03OUTER-41fd0aabd021f9e3b26a3ada,EXP-C10-T3,T3-ZS,surfaces:RMX-2,surfaces,RMX-2,3,0,fixed_family_reuse,C-PCA-LDA,complete,C-PCA-LDA-003,C-PCA-LDA-000,6,0.20555555555555555,0.08333333333333337,0.2492266992266992
P03OUTER-42236800077e13c7f4ea350f,EXP-C10-T3,T3-ZS,surfaces:Pendar-2,surfaces,Pendar-2,5,0,fixed_family_reuse,C-EXTRA-TREES,complete,C-EXTRA-TREES-006,C-EXTRA-TREES-008,16,0.0,0.0,0.00987654320987641
P03OUTER-423bee4a317c5e252333eece,EXP-C09-CONTROL-META,T3-ZS,surfaces:Agilent-3,surfaces,Agilent-3,5,0,metadata_control,,complete,CTRL-META-C-LOGREG-EN-012,CTRL-META-C-LOGREG-EN-015,22,0.0,0.1111111111111111,-0.05238095238095236
P03OUTER-427a2ab81d355f837188d4df,EXP-C10-T3,T3-ZS,surfaces:Mira-1,surfaces,Mira-1,3,1,fixed_family_reuse,C-EXTRA-TREES,complete,C-EXTRA-TREES-000,C-EXTRA-TREES-004,16,0.0,0.0,0.0
P03OUTER-4288613c8074fab5d73f66c7,EXP-C09-T3,T3-ZS,pills:Agilent-1,pills,Agilent-1,3,3,standard,,complete,C-SPECTRAL-MATCH-000,C-PLS-DA-000,125,0.0,0.0,0.0
P03OUTER-4290fa83ad0599ac486e6f10,EXP-C01-T1,T1-SURF,surfaces:within,surfaces,not_applicable,3,3,standard,,complete,C-SPECTRAL-MATCH-001,C-SPECTRAL-MATCH-002,3,0.0,0.0,0.0
P03OUTER-42e9a5513a6c2386fc3becbf,EXP-C01-T1,T1-PILLS,pills:within,pills,not_applicable,4,3,standard,,complete,C-SPECTRAL-MATCH-000,C-SPECTRAL-MATCH-002,3,0.0,0.0,0.0
P03OUTER-42ebda182604a68b37d809fe,EXP-C10-T3,T3-ZS,cwa:RMX-1,cwa,RMX-1,4,2,fixed_family_reuse,C-RBF-SVM,complete,C-RBF-SVM-018,C-RBF-SVM-013,36,0.0,0.0,0.05555555555555558
P03OUTER-42fe14a4ec1a6e7103a9ff38,EXP-C10-T3,T3-ZS,cwa:Mira-2,cwa,Mira-2,5,1,fixed_family_reuse,C-RBF-SVM,complete,C-RBF-SVM-026,C-RBF-SVM-018,36,0.0,0.0,0.033333333333333326
P03OUTER-430ae92683291eb79c8bb81f,EXP-C12-CORAL,T3-ZS,cwa:Mira-2,cwa,Mira-2,5,3,source_covariance,,complete,CORAL-C-PCA-LDA-004,CORAL-C-PCA-LDA-005,46,0.0,0.0,0.0
P03OUTER-431f0179a257b0e1a2319970,EXP-C10-T3,T3-ZS,cwa:RMX-1,cwa,RMX-1,5,0,fixed_family_reuse,C-RBF-SVM,complete,C-RBF-SVM-012,C-RBF-SVM-014,36,0.0,0.0,0.0
P03OUTER-4335b0e05da02567f8476b08,EXP-C10-T3,T3-ZS,surfaces:Mira-1,surfaces,Mira-1,5,3,fixed_family_reuse,C-PCA-LDA,complete,C-PCA-LDA-000,C-PCA-LDA-001,4,0.014285714285714346,0.02857142857142858,0.06666666666666665
P03OUTER-433735dbc350bb83b3eee08c,EXP-C07-T1,T1-SURF,surfaces:within,surfaces,not_applicable,4,3,standard,,complete,C-RANDOM-FOREST-000,C-RANDOM-FOREST-001,16,0.0,0.0,0.0
P03OUTER-4341d27a9d42d5f25bf6cdec,EXP-C10-T3,T3-ZS,pills:Pendar-1,pills,Pendar-1,4,1,fixed_family_reuse,C-RBF-SVM,complete,C-RBF-SVM-012,C-RBF-SVM-014,36,0.0,0.0,0.0
P03OUTER-4359e0ece00c239076a688aa,EXP-C12-CORAL,T3-ZS,surfaces:Pendar-3,surfaces,Pendar-3,5,2,source_covariance,,complete,CORAL-C-PCA-LDA-009,CORAL-C-PCA-LDA-001,42,0.0,0.0,0.00016835016835015093
P03OUTER-436eede3c2545b779cf74dd7,EXP-C10-T3,T3-ZS,cwa:RMX-1,cwa,RMX-1,3,0,fixed_family_reuse,C-RANDOM-FOREST,complete,C-RANDOM-FOREST-009,C-RANDOM-FOREST-004,16,0.009259259259259245,-0.1111111111111111,-0.0038359788359787483
P03OUTER-437656dd56f2ec264a4ce95c,EXP-C06-T1,T1-CWA,cwa:within,cwa,not_applicable,5,0,standard,,complete,C-RBF-SVM-031,C-RBF-SVM-018,36,0.05555555555555558,0.0,0.05925925925925912
P03OUTER-438b455e48784aa8f33b25bd,EXP-C03-T1,T1-PILLS,pills:within,pills,not_applicable,5,1,standard,,complete,C-PCA-LDA-004,C-PCA-LDA-005,10,0.0,0.0,0.0
P03OUTER-43905c1f7adcab6e5cb5735c,EXP-C10-T3,T3-ZS,cwa:RMX-1,cwa,RMX-1,5,3,fixed_family_reuse,C-RBF-SVM,complete,C-RBF-SVM-019,C-RBF-SVM-025,36,0.22222222222222215,0.4444444444444444,0.1388888888888889
P03OUTER-43a2a82c4f6d557fc8749402,EXP-C09-CONTROL-META,T3-ZS,pills:Mira-3,pills,Mira-3,4,0,metadata_control,,complete,CTRL-META-C-LOGREG-EN-018,CTRL-META-C-LOGREG-EN-010,30,0.05555555555555558,0.0,0.08888888888888896
P03OUTER-43a54c316a4c99f080ebdad1,EXP-C10-T3,T3-ZS,surfaces:RMX-2,surfaces,RMX-2,5,3,fixed_family_reuse,C-EXTRA-TREES,complete,C-EXTRA-TREES-000,C-EXTRA-TREES-004,16,0.0,0.0,0.0
P03OUTER-43aad42a531a9dd78f44cf4a,EXP-C09-T3,T3-ZS,surfaces:Mira-1,surfaces,Mira-1,5,2,standard,,complete,C-PLS-DA-000,C-LOGREG-EN-000,119,0.016666666666666607,-0.03333333333333338,0.012403337403337433
P03OUTER-43b6c446903c59f31adb622e,EXP-C04-T1,T1-CWA,cwa:within,cwa,not_applicable,1,0,standard,,complete,C-PLS-DA-001,C-PLS-DA-002,5,0.0370370370370372,0.11111111111111116,0.0370370370370372
P03OUTER-4401a9a1728098ca7cf0f3b7,EXP-C10-T3,T3-ZS,surfaces:Pendar-2,surfaces,Pendar-2,1,3,fixed_family_reuse,C-PCA-LDA,complete,C-PCA-LDA-001,C-PCA-LDA-000,4,0.02962962962962956,0.055555555555555525,0.01218787710015784
P03OUTER-4427d41fb9f1b572f3efa34f,EXP-C12-CORAL,T3-ZS,surfaces:Pendar-2,surfaces,Pendar-2,5,0,source_covariance,,complete,CORAL-C-RBF-SVM-025,CORAL-C-RBF-SVM-031,46,0.0,0.0,0.0
P03OUTER-443e2fec60aff1c8c41c26d7,EXP-C04-T1,T1-PILLS,pills:within,pills,not_applicable,2,2,standard,,complete,C-PLS-DA-000,C-PLS-DA-001,5,0.0,0.0,0.0
P03OUTER-44415619bce7adea4f277415,EXP-C10-T3,T3-ZS,surfaces:RMX-2,surfaces,RMX-2,4,1,fixed_family_reuse,C-RANDOM-FOREST,complete,C-RANDOM-FOREST-001,C-RANDOM-FOREST-005,16,0.0,0.0,0.0
P03OUTER-445771f2a513746b96df706c,EXP-C10-T3,T3-ZS,surfaces:Agilent-3,surfaces,Agilent-3,3,0,fixed_family_reuse,C-EXTRA-TREES,complete,C-EXTRA-TREES-002,C-EXTRA-TREES-006,16,0.0,0.0,0.0
P03OUTER-4467fb7672df7037170e7ce0,EXP-C10-T3,T3-ZS,cwa:RMX-1,cwa,RMX-1,4,2,fixed_family_reuse,C-PCA-LDA,complete,C-PCA-LDA-007,C-PCA-LDA-006,10,0.0,0.0,0.011904761904761862
P03OUTER-446b3a8fb85d22cdf3bdd3b3,EXP-C10-T3,T3-ZS,surfaces:Pendar-2,surfaces,Pendar-2,4,2,fixed_family_reuse,C-PCA-LDA,complete,C-PCA-LDA-008,C-PCA-LDA-001,4,0.0,0.0,0.00024050024050023544
P03OUTER-446ed86b2b8163047a55714d,EXP-C07-T1,T1-SURF,surfaces:within,surfaces,not_applicable,2,0,standard,,complete,C-RANDOM-FOREST-007,C-RANDOM-FOREST-011,16,0.0,0.0,0.0
P03OUTER-44751a9de13bb3402a1f3c3a,EXP-C09-T3,T3-ZS,pills:Pendar-1,pills,Pendar-1,3,3,standard,,complete,C-PLS-DA-000,C-LOGREG-EN-000,124,0.0,0.0,0.0
P03OUTER-44fae27bbd39ffe80391e446,EXP-C09-T3,T3-ZS,surfaces:Pendar-2,surfaces,Pendar-2,5,1,standard,,complete,C-LOGREG-EN-018,C-LOGREG-EN-019,110,0.04629629629629628,0.05555555555555569,0.04070004070004074
P03OUTER-4506b9ee884348e7cb173c27,EXP-C10-T3,T3-ZS,surfaces:RMX-2,surfaces,RMX-2,1,3,fixed_family_reuse,C-PCA-LDA,complete,C-PCA-LDA-008,C-PCA-LDA-000,4,0.08888888888888885,0.0,0.05501089324618735
P03OUTER-4523336222b36c221aa03f5c,EXP-C10-T3,T3-ZS,pills:Pendar-1,pills,Pendar-1,5,2,fixed_family_reuse,C-RANDOM-FOREST,complete,C-RANDOM-FOREST-000,C-RANDOM-FOREST-001,16,0.0,0.0,0.0
P03OUTER-452399860831212d7fecf85d,EXP-C10-T3,T3-ZS,surfaces:Pendar-3,surfaces,Pendar-3,4,0,fixed_family_reuse,C-RANDOM-FOREST,complete,C-RANDOM-FOREST-000,C-RANDOM-FOREST-001,16,0.0,0.0,0.0
P03OUTER-45386b9d8a7584a0b97f3bc4,EXP-C08-T1,T1-PILLS,pills:within,pills,not_applicable,5,2,standard,,complete,C-EXTRA-TREES-000,C-EXTRA-TREES-001,16,0.0,0.0,0.0
P03OUTER-45501354e5b7d1776094f8fc,EXP-C07-T1,T1-CWA,cwa:within,cwa,not_applicable,1,2,standard,,complete,C-RANDOM-FOREST-015,C-RANDOM-FOREST-008,16,0.0185185185185186,0.05555555555555558,0.049206349206349254
P03OUTER-455709add40df133fac22c1d,EXP-C10-T3,T3-ZS,surfaces:Mira-1,surfaces,Mira-1,4,3,fixed_family_reuse,C-RANDOM-FOREST,complete,C-RANDOM-FOREST-013,C-RANDOM-FOREST-000,16,0.0,0.0,0.002274204028590021
P03OUTER-4572f3bcce05a0dec3bee537,EXP-C10-T3,T3-ZS,surfaces:RMX-2,surfaces,RMX-2,2,2,fixed_family_reuse,C-RANDOM-FOREST,complete,C-RANDOM-FOREST-004,C-RANDOM-FOREST-000,16,0.018518518518518545,0.0,0.02733686067019403
P03OUTER-45976e2f79e76b2b5109186f,EXP-C09-CONTROL-META,T3-ZS,surfaces:Agilent-3,surfaces,Agilent-3,1,1,metadata_control,,complete,CTRL-META-C-LOGREG-EN-002,CTRL-META-C-LOGREG-EN-003,23,0.0,0.0,0.0
P03OUTER-45a628491fa3cdfb4a9f21fd,EXP-C12-CORAL,T3-ZS,pills:Pendar-3,pills,Pendar-3,4,1,source_covariance,,unavailable,,,0,,,
P03OUTER-45cadb4e1310561d3bee5fd3,EXP-C03-T1,T1-CWA,cwa:within,cwa,not_applicable,1,3,standard,,complete,C-PCA-LDA-006,C-PCA-LDA-004,10,0.05555555555555558,0.0,0.059259259259259345
P03OUTER-45e8d83876d8683c6762558c,EXP-C09-CONTROL-META,T3-ZS,pills:Mira-3,pills,Mira-3,2,1,metadata_control,,complete,CTRL-META-C-LOGREG-EN-011,CTRL-META-C-LOGREG-EN-012,30,0.0,0.0,0.0
P03OUTER-45eb25d9f484f032794631ac,EXP-C10-T3,T3-ZS,pills:Pendar-1,pills,Pendar-1,1,1,fixed_family_reuse,C-EXTRA-TREES,complete,C-EXTRA-TREES-000,C-EXTRA-TREES-001,16,0.0,0.0,0.0
P03OUTER-45fc6d70cb72deeabeec8031,EXP-C10-T3,T3-ZS,pills:Mira-3,pills,Mira-3,3,1,fixed_family_reuse,C-RANDOM-FOREST,complete,C-RANDOM-FOREST-000,C-RANDOM-FOREST-001,16,0.0,0.0,0.0
P03OUTER-460389537686f4f6971d4489,EXP-C03-T1,T1-CWA,cwa:within,cwa,not_applicable,2,2,standard,,complete,C-PCA-LDA-006,C-PCA-LDA-004,10,0.05555555555555569,0.0,0.059259259259259345
P03OUTER-4660a43eec74e60ab59081ac,EXP-C10-T3,T3-ZS,surfaces:RMX-2,surfaces,RMX-2,5,1,fixed_family_reuse,C-PCA-LDA,complete,C-PCA-LDA-003,C-PCA-LDA-000,6,0.25925925925925924,0.25000000000000006,0.2796401855225386
P03OUTER-4677b2f7ca65a7f34bfda731,EXP-C09-T3,T3-ZS,cwa:Mira-2,cwa,Mira-2,3,1,standard,,complete,C-SPECTRAL-MATCH-002,C-NEAREST-CENTROID-004,122,0.0,0.0,0.0
P03OUTER-469edbee8641cf58571d651f,EXP-C09-CONTROL-META,T3-ZS,surfaces:Pendar-3,surfaces,Pendar-3,4,2,metadata_control,,complete,CTRL-META-C-LOGREG-EN-005,CTRL-META-C-LOGREG-EN-008,27,0.0,0.0,0.0
P03OUTER-46a6c42f23b8769a24c9934d,EXP-C09-CONTROL-META,T3-ZS,pills:Agilent-3,pills,Agilent-3,4,2,metadata_control,,complete,CTRL-META-C-LOGREG-EN-001,CTRL-META-C-LOGREG-EN-004,15,0.0,0.0,0.0
P03OUTER-46afebde1bf0390d39e59277,EXP-C10-T3,T3-ZS,pills:Pendar-3,pills,Pendar-3,3,3,fixed_family_reuse,C-RANDOM-FOREST,complete,C-RANDOM-FOREST-000,C-RANDOM-FOREST-001,16,0.0,0.0,0.0
P03OUTER-46c77d4c5faf2e20828fb9cc,EXP-C09-T3,T3-ZS,pills:Pendar-1,pills,Pendar-1,3,0,standard,,complete,C-PLS-DA-000,C-LOGREG-EN-000,121,0.0,0.0,0.0
P03OUTER-474b6cd9f2db4a2e2a634a5d,EXP-C02-T1,T1-CWA,cwa:within,cwa,not_applicable,3,2,standard,,complete,C-NEAREST-CENTROID-003,C-NEAREST-CENTROID-000,8,0.03703703703703709,0.11111111111111116,0.042063492063492136
P03OUTER-476af0d4136e481a852c7542,EXP-C03-T1,T1-PILLS,pills:within,pills,not_applicable,5,3,standard,,complete,C-PCA-LDA-003,C-PCA-LDA-004,10,0.0,0.0,0.0
P03OUTER-478be838d4e62d806470084b,EXP-C10-T3,T3-ZS,surfaces:RMX-2,surfaces,RMX-2,1,1,fixed_family_reuse,C-RBF-SVM,complete,C-RBF-SVM-025,C-RBF-SVM-031,36,0.0,0.0,0.0
P03OUTER-478c17446c3dfd694dae0de6,EXP-C09-CONTROL-META,T3-ZS,cwa:RMX-1,cwa,RMX-1,4,0,metadata_control,,complete,CTRL-META-C-LOGREG-EN-025,CTRL-META-C-LOGREG-EN-016,29,0.0,0.0,0.011904761904761973
P03OUTER-479d84ec17a8a11e556158c7,EXP-C12-CORAL,T3-ZS,pills:Agilent-1,pills,Agilent-1,1,2,source_covariance,,unavailable,,,0,,,
P03OUTER-47a7585cc701a63d083877ac,EXP-C09-T3,T3-ZS,cwa:RMX-1,cwa,RMX-1,4,0,standard,,complete,C-RBF-SVM-014,C-PCA-LDA-006,125,0.05555555555555558,0.16666666666666669,0.08730158730158732
P03OUTER-47b63af679b3e966dfea4545,EXP-C10-T3,T3-ZS,surfaces:RMX-2,surfaces,RMX-2,4,3,fixed_family_reuse,C-EXTRA-TREES,complete,C-EXTRA-TREES-006,C-EXTRA-TREES-002,16,0.02010582010582007,0.0,0.022633976503945552
P03OUTER-47c58566c0cb8efce15fe94b,EXP-C09-T3,T3-ZS,cwa:Mira-2,cwa,Mira-2,5,2,standard,,complete,C-PCA-LDA-006,C-PCA-LDA-007,124,0.13888888888888895,-0.05555555555555558,0.1333333333333333
P03OUTER-47cd3ed0de3fbe53b33dcc40,EXP-C12-CORAL,T3-ZS,surfaces:Pendar-2,surfaces,Pendar-2,3,1,source_covariance,,unavailable,,,0,,,
P03OUTER-47d71fa2e4b9534aafebe59a,EXP-C10-T3,T3-ZS,cwa:Pendar-2,cwa,Pendar-2,1,3,fixed_family_reuse,C-RANDOM-FOREST,complete,C-RANDOM-FOREST-000,C-RANDOM-FOREST-001,16,0.01851851851851849,0.0,0.008333333333333248
P03OUTER-47e23ed7922e782298df641e,EXP-C10-T3,T3-ZS,surfaces:Pendar-2,surfaces,Pendar-2,3,2,fixed_family_reuse,C-RBF-SVM,complete,C-RBF-SVM-002,C-RBF-SVM-008,36,0.0,0.0,0.0
P03OUTER-47fb6c55c73de01645b0a203,EXP-C10-T3,T3-ZS,pills:Mira-3,pills,Mira-3,1,2,fixed_family_reuse,C-PCA-LDA,complete,C-PCA-LDA-002,C-PCA-LDA-004,10,0.0,0.0,0.0
P03OUTER-4800f66b994a120aeff03d23,EXP-C09-T3,T3-ZS,pills:Mira-3,pills,Mira-3,2,0,standard,,complete,C-SPECTRAL-MATCH-000,C-PLS-DA-000,126,0.0,0.0,0.0
P03OUTER-4811396885d37b42ce131835,EXP-C12-CORAL,T3-ZS,surfaces:RMX-2,surfaces,RMX-2,2,3,source_covariance,,unavailable,,,0,,,
P03OUTER-481344616f254c04a00dfe6c,EXP-C10-T3,T3-ZS,pills:Agilent-3,pills,Agilent-3,3,2,fixed_family_reuse,C-PCA-LDA,complete,C-PCA-LDA-004,C-PCA-LDA-005,10,0.0,0.0,0.0
P03OUTER-481e0aff9010498470ef7075,EXP-C10-T3,T3-ZS,surfaces:Mira-1,surfaces,Mira-1,3,1,fixed_family_reuse,C-RANDOM-FOREST,complete,C-RANDOM-FOREST-012,C-RANDOM-FOREST-004,16,0.0,0.0,0.006902356902356854
P03OUTER-4838d055e3ee0e3f898fe8eb,EXP-C10-T3,T3-ZS,pills:Pendar-1,pills,Pendar-1,3,0,fixed_family_reuse,C-PCA-LDA,complete,C-PCA-LDA-004,C-PCA-LDA-005,10,0.0,0.0,0.0
P03OUTER-484b9e98db4a053231d45289,EXP-C09-CONTROL-META,T3-ZS,pills:Pendar-1,pills,Pendar-1,5,2,metadata_control,,complete,CTRL-META-C-LOGREG-EN-018,CTRL-META-C-LOGREG-EN-019,30,0.0,0.0,0.0
P03OUTER-486231cae68ef99f7f898c21,EXP-C08-T1,T1-SURF,surfaces:within,surfaces,not_applicable,3,0,standard,,complete,C-EXTRA-TREES-001,C-EXTRA-TREES-002,16,0.0,0.0,0.0
P03OUTER-4878d3fe4e79c51f7749ed9a,EXP-C10-T3,T3-ZS,surfaces:Mira-1,surfaces,Mira-1,4,2,fixed_family_reuse,C-RBF-SVM,complete,C-RBF-SVM-018,C-RBF-SVM-020,36,0.0,0.0,0.0
P03OUTER-487f79c4a1c0e1b6d574c008,EXP-C03-T1,T1-PILLS,pills:within,pills,not_applicable,3,3,standard,,complete,C-PCA-LDA-004,C-PCA-LDA-005,10,0.0,0.0,0.0
P03OUTER-4931a1faa4a49dd10b8a9e01,EXP-C09-T3,T3-ZS,pills:Agilent-1,pills,Agilent-1,5,3,standard,,complete,C-LOGREG-EN-000,C-RANDOM-FOREST-000,126,0.0,0.0,0.0
P03OUTER-4945bef60d2592f4f3d924f6,EXP-C10-T3,T3-ZS,pills:Pendar-3,pills,Pendar-3,4,3,fixed_family_reuse,C-PCA-LDA,complete,C-PCA-LDA-004,C-PCA-LDA-005,10,0.0,0.0,0.0
P03OUTER-4953d110d35b04d9f8b24866,EXP-C10-T3,T3-ZS,pills:Mira-3,pills,Mira-3,1,2,fixed_family_reuse,C-EXTRA-TREES,complete,C-EXTRA-TREES-000,C-EXTRA-TREES-001,16,0.0,0.0,0.0
P03OUTER-49861f257c45f5d55e6dd9e4,EXP-C09-T3,T3-ZS,pills:Agilent-3,pills,Agilent-3,3,3,standard,,complete,C-PLS-DA-000,C-LOGREG-EN-000,126,0.0,0.0,0.0
P03OUTER-499206b36330130c9a5c34c0,EXP-C10-T3,T3-ZS,pills:Agilent-3,pills,Agilent-3,1,0,fixed_family_reuse,C-RBF-SVM,complete,C-RBF-SVM-012,C-RBF-SVM-014,36,0.0,0.0,0.0
P03OUTER-49bb16d454b3767feebfb8dc,EXP-C10-T3,T3-ZS,pills:Mira-3,pills,Mira-3,4,3,fixed_family_reuse,C-EXTRA-TREES,complete,C-EXTRA-TREES-000,C-EXTRA-TREES-001,16,0.0,0.0,0.0
P03OUTER-49d2df0636f7394894ece9b0,EXP-C10-T3,T3-ZS,pills:Mira-3,pills,Mira-3,3,0,fixed_family_reuse,C-EXTRA-TREES,complete,C-EXTRA-TREES-000,C-EXTRA-TREES-001,16,0.0,0.0,0.0
P03OUTER-49e69df79f2f2e895dcbb021,EXP-C10-T3,T3-ZS,surfaces:Mira-1,surfaces,Mira-1,1,1,fixed_family_reuse,C-RBF-SVM,complete,C-RBF-SVM-018,C-RBF-SVM-020,36,0.0,0.0,0.0
P03OUTER-49f6d42f90353a79b4859f6d,EXP-C08-T1,T1-SURF,surfaces:within,surfaces,not_applicable,5,0,standard,,complete,C-EXTRA-TREES-000,C-EXTRA-TREES-001,16,0.0,0.0,0.0
P03OUTER-4a031dea5bfe9b67bd7d2024,EXP-C09-T3,T3-ZS,pills:Mira-3,pills,Mira-3,1,2,standard,,complete,C-SPECTRAL-MATCH-000,C-PLS-DA-000,124,0.0,0.0,0.0
P03OUTER-4a0356340b23774a672d4822,EXP-C10-T3,T3-ZS,surfaces:Pendar-2,surfaces,Pendar-2,4,2,fixed_family_reuse,C-EXTRA-TREES,complete,C-EXTRA-TREES-001,C-EXTRA-TREES-005,16,0.0,0.0,0.0
P03OUTER-4a06eb082067f7c69d8f687e,EXP-C09-CONTROL-META,T3-ZS,cwa:Mira-2,cwa,Mira-2,3,1,metadata_control,,complete,CTRL-META-C-LOGREG-EN-010,CTRL-META-C-LOGREG-EN-015,30,0.0,0.0,0.0
P03OUTER-4a1bcd643020a26c89008c12,EXP-C09-T3,T3-ZS,pills:Pendar-3,pills,Pendar-3,2,2,standard,,complete,C-PLS-DA-000,C-LOGREG-EN-000,116,0.0,0.0,0.0
P03OUTER-4a387b73dce723e2bf21201b,EXP-C09-CONTROL-META,T3-ZS,cwa:Pendar-2,cwa,Pendar-2,4,2,metadata_control,,complete,CTRL-META-C-LOGREG-EN-002,CTRL-META-C-LOGREG-EN-003,30,0.0,0.0,0.0
P03OUTER-4a4044acfb4c65d91734e4bb,EXP-C10-T3,T3-ZS,surfaces:Pendar-3,surfaces,Pendar-3,4,2,fixed_family_reuse,C-EXTRA-TREES,complete,C-EXTRA-TREES-001,C-EXTRA-TREES-009,16,0.005952380952380931,0.11904761904761912,0.024891774891774826
P03OUTER-4a43981eb23d725e1c072626,EXP-C12-CORAL,T3-ZS,pills:Agilent-3,pills,Agilent-3,4,1,source_covariance,,unavailable,,,0,,,
P03OUTER-4a4a1988f47d3ff24f15aa5d,EXP-C10-T3,T3-ZS,pills:Agilent-1,pills,Agilent-1,1,1,fixed_family_reuse,C-PCA-LDA,complete,C-PCA-LDA-004,C-PCA-LDA-005,10,0.0,0.0,0.0
P03OUTER-4a78da4571e420d14ece77e1,EXP-C06-T1,T1-PILLS,pills:within,pills,not_applicable,4,2,standard,,complete,C-RBF-SVM-012,C-RBF-SVM-014,36,0.0,0.0,0.0
P03OUTER-4a7f96ebe044d52e4df3eeef,EXP-C10-T3,T3-ZS,pills:Pendar-3,pills,Pendar-3,2,3,fixed_family_reuse,C-EXTRA-TREES,complete,C-EXTRA-TREES-000,C-EXTRA-TREES-001,16,0.0,0.0,0.0
P03OUTER-4a97bdfbaa3768a980de276b,EXP-C10-T3,T3-ZS,surfaces:Pendar-2,surfaces,Pendar-2,5,2,fixed_family_reuse,C-RBF-SVM,complete,C-RBF-SVM-002,C-RBF-SVM-008,36,0.0,0.0,0.0
P03OUTER-4aaa77cffa56820c17bc7e8c,EXP-C10-T3,T3-ZS,cwa:Pendar-2,cwa,Pendar-2,4,1,fixed_family_reuse,C-EXTRA-TREES,complete,C-EXTRA-TREES-001,C-EXTRA-TREES-000,16,0.08333333333333348,0.0,0.0981481481481482
P03OUTER-4ad5361400d1e7a2bbbf6af0,EXP-C01-T1,T1-CWA,cwa:within,cwa,not_applicable,5,0,standard,,complete,C-SPECTRAL-MATCH-001,C-SPECTRAL-MATCH-002,3,0.0,0.0,0.0
P03OUTER-4af43bd5f5155a98dc773918,EXP-C10-T3,T3-ZS,cwa:Mira-2,cwa,Mira-2,1,0,fixed_family_reuse,C-RBF-SVM,complete,C-RBF-SVM-018,C-RBF-SVM-024,36,0.0,0.0,0.0
P03OUTER-4b007ba7f5fcd243a22f0424,EXP-C07-T1,T1-CWA,cwa:within,cwa,not_applicable,1,1,standard,,complete,C-RANDOM-FOREST-007,C-RANDOM-FOREST-015,16,0.0,0.0,0.0
P03OUTER-4b2c6a7fd2ef90fd1af9e461,EXP-C06-T1,T1-CWA,cwa:within,cwa,not_applicable,3,0,standard,,complete,C-RBF-SVM-019,C-RBF-SVM-025,36,0.05555555555555558,0.16666666666666663,-0.0037037037037038756
P03OUTER-4b33b57cecc0b8aa8536aee6,EXP-C09-T3,T3-ZS,surfaces:Agilent-3,surfaces,Agilent-3,5,1,standard,,complete,C-LOGREG-EN-022,C-LOGREG-EN-023,119,0.0,0.0,0.0
P03OUTER-4b46f2fca47dac7b687b7cbd,EXP-C09-CONTROL-META,T3-ZS,pills:Pendar-1,pills,Pendar-1,2,1,metadata_control,,complete,CTRL-META-C-LOGREG-EN-011,CTRL-META-C-LOGREG-EN-005,30,0.05555555555555558,0.0,0.08888888888888885
P03OUTER-4b76e8182795b1f3074124f6,EXP-C10-T3,T3-ZS,pills:Pendar-1,pills,Pendar-1,2,3,fixed_family_reuse,C-PCA-LDA,complete,C-PCA-LDA-004,C-PCA-LDA-005,10,0.0,0.0,0.0
P03OUTER-4b7d780685148ea74fd03c67,EXP-C07-T1,T1-PILLS,pills:within,pills,not_applicable,5,1,standard,,complete,C-RANDOM-FOREST-000,C-RANDOM-FOREST-001,16,0.0,0.0,0.0
P03OUTER-4baa21b02f1199663203507d,EXP-C10-T3,T3-ZS,pills:Mira-3,pills,Mira-3,5,3,fixed_family_reuse,C-EXTRA-TREES,complete,C-EXTRA-TREES-000,C-EXTRA-TREES-001,16,0.0,0.0,0.0
P03OUTER-4bed17bcde0c29bdf088195c,EXP-C09-T3,T3-ZS,pills:Mira-3,pills,Mira-3,2,2,standard,,complete,C-SPECTRAL-MATCH-000,C-PCA-LDA-000,124,0.0,0.0,0.0
P03OUTER-4c8c64eb05cd4ddbe0e468d0,EXP-C10-T3,T3-ZS,cwa:Pendar-2,cwa,Pendar-2,4,1,fixed_family_reuse,C-PCA-LDA,complete,C-PCA-LDA-006,C-PCA-LDA-007,10,0.0,0.0,0.03888888888888897
P03OUTER-4caf4c5d311ff683f5fecd05,EXP-C10-T3,T3-ZS,pills:Agilent-3,pills,Agilent-3,1,2,fixed_family_reuse,C-EXTRA-TREES,complete,C-EXTRA-TREES-000,C-EXTRA-TREES-001,16,0.0,0.0,0.0
P03OUTER-4cb0df7556868a5cd6560e45,EXP-C10-T3,T3-ZS,pills:Pendar-3,pills,Pendar-3,3,3,fixed_family_reuse,C-EXTRA-TREES,complete,C-EXTRA-TREES-000,C-EXTRA-TREES-001,16,0.0,0.0,0.0
P03OUTER-4cbeca8cadd3a83e22fa1b55,EXP-C10-T3,T3-ZS,surfaces:Pendar-2,surfaces,Pendar-2,1,1,fixed_family_reuse,C-RANDOM-FOREST,complete,C-RANDOM-FOREST-001,C-RANDOM-FOREST-005,16,0.0,0.0,0.0
P03OUTER-4cdd686ccc8e8c22ed073aa3,EXP-C10-T3,T3-ZS,surfaces:Mira-1,surfaces,Mira-1,2,3,fixed_family_reuse,C-EXTRA-TREES,complete,C-EXTRA-TREES-000,C-EXTRA-TREES-001,16,0.0,0.0,0.0
P03OUTER-4ce8467b4adacbc1563c2edf,EXP-C06-T1,T1-PILLS,pills:within,pills,not_applicable,4,3,standard,,complete,C-RBF-SVM-012,C-RBF-SVM-014,36,0.0,0.0,0.0
P03OUTER-4d081c315302e347465d60e6,EXP-C01-T1,T1-PILLS,pills:within,pills,not_applicable,2,0,standard,,complete,C-SPECTRAL-MATCH-000,C-SPECTRAL-MATCH-001,3,0.0,0.0,0.0
P03OUTER-4d17c62dd58f33ba38d81ff5,EXP-C10-T3,T3-ZS,pills:Agilent-1,pills,Agilent-1,2,1,fixed_family_reuse,C-RANDOM-FOREST,complete,C-RANDOM-FOREST-000,C-RANDOM-FOREST-001,16,0.0,0.0,0.0
P03OUTER-4d43d4bc2bbd2d1db59e9fc6,EXP-C10-T3,T3-ZS,pills:Pendar-3,pills,Pendar-3,3,2,fixed_family_reuse,C-RANDOM-FOREST,complete,C-RANDOM-FOREST-000,C-RANDOM-FOREST-001,16,0.0,0.0,0.0
P03OUTER-4d498b1a4b2fc48cdd52a606,EXP-C10-T3,T3-ZS,surfaces:Agilent-3,surfaces,Agilent-3,3,2,fixed_family_reuse,C-EXTRA-TREES,complete,C-EXTRA-TREES-006,C-EXTRA-TREES-004,16,0.02777777777777779,0.11111111111111116,0.01599881599881614
P03OUTER-4d58d3ab88c18fdb6c7fc817,EXP-C12-CORAL,T3-ZS,surfaces:Pendar-3,surfaces,Pendar-3,3,2,source_covariance,,complete,CORAL-C-PCA-LDA-003,CORAL-C-RBF-SVM-025,42,0.016666666666666607,0.0666666666666666,-0.019841269841269826
P03OUTER-4d61b91717c83367b60a1482,EXP-C10-T3,T3-ZS,pills:Agilent-1,pills,Agilent-1,1,3,fixed_family_reuse,C-RANDOM-FOREST,complete,C-RANDOM-FOREST-000,C-RANDOM-FOREST-001,16,0.0,0.0,0.0
P03OUTER-4d8b1612db9815971df4cd05,EXP-C10-T3,T3-ZS,pills:Mira-3,pills,Mira-3,4,1,fixed_family_reuse,C-RBF-SVM,complete,C-RBF-SVM-012,C-RBF-SVM-013,36,0.0,0.0,0.0
P03OUTER-4d900166d7abadac85af349b,EXP-C10-T3,T3-ZS,surfaces:Agilent-3,surfaces,Agilent-3,2,0,fixed_family_reuse,C-PCA-LDA,complete,C-PCA-LDA-003,C-PCA-LDA-002,6,0.03333333333333344,0.20000000000000007,-0.038224738224738375
P03OUTER-4dc8435560cfca8bf7c64d24,EXP-C10-T3,T3-ZS,cwa:Pendar-2,cwa,Pendar-2,1,1,fixed_family_reuse,C-PCA-LDA,complete,C-PCA-LDA-004,C-PCA-LDA-005,10,0.0,0.0,0.0
P03OUTER-4deebd3514b7cdddbcaf4c0d,EXP-C10-T3,T3-ZS,pills:Pendar-3,pills,Pendar-3,2,0,fixed_family_reuse,C-EXTRA-TREES,complete,C-EXTRA-TREES-000,C-EXTRA-TREES-001,16,0.0,0.0,0.0
P03OUTER-4dff17ed6ce3b745f9a41b27,EXP-C09-T3,T3-ZS,pills:Agilent-3,pills,Agilent-3,5,3,standard,,complete,C-LOGREG-EN-000,C-RANDOM-FOREST-000,124,0.0,0.0,0.0
P03OUTER-4e0d2c5130e5beeebefbfa9e,EXP-C03-T1,T1-SURF,surfaces:within,surfaces,not_applicable,5,0,standard,,complete,C-PCA-LDA-004,C-PCA-LDA-005,10,0.0,0.0,0.0
P03OUTER-4e235312395d1d8e6306d06e,EXP-C09-T3,T3-ZS,cwa:RMX-1,cwa,RMX-1,3,3,standard,,complete,C-RANDOM-FOREST-008,C-RANDOM-FOREST-002,126,0.02777777777777768,-0.11111111111111116,0.04074074074074063
P03OUTER-4e409eec6f9d3862a10ca717,EXP-C10-T3,T3-ZS,cwa:RMX-1,cwa,RMX-1,1,0,fixed_family_reuse,C-PCA-LDA,complete,C-PCA-LDA-009,C-PCA-LDA-006,10,0.05555555555555558,-0.16666666666666663,0.02777777777777779
P03OUTER-4e4b2c331503b2fa8597956f,EXP-C10-T3,T3-ZS,pills:Agilent-1,pills,Agilent-1,5,0,fixed_family_reuse,C-RBF-SVM,complete,C-RBF-SVM-012,C-RBF-SVM-014,36,0.0,0.0,0.0
P03OUTER-4e536de436ba12e26cdd7838,EXP-C09-T3,T3-ZS,pills:Pendar-1,pills,Pendar-1,2,1,standard,,complete,C-PLS-DA-000,C-LOGREG-EN-000,124,0.0,0.0,0.0
P03OUTER-4e6dd655f4686c5458675053,EXP-C09-CONTROL-META,T3-ZS,pills:Pendar-1,pills,Pendar-1,2,3,metadata_control,,complete,CTRL-META-C-LOGREG-EN-001,CTRL-META-C-LOGREG-EN-002,30,0.0,0.0,0.0
P03OUTER-4e8a3cd6ab6c4a6b25a499b0,EXP-C04-T1,T1-PILLS,pills:within,pills,not_applicable,4,0,standard,,complete,C-PLS-DA-000,C-PLS-DA-001,5,0.0,0.0,0.0
P03OUTER-4e9e0d8c4454c47dcef3f90b,EXP-C09-T3,T3-ZS,pills:Agilent-3,pills,Agilent-3,4,2,standard,,complete,C-PLS-DA-000,C-LOGREG-EN-000,124,0.0,0.0,0.0
P03OUTER-4eb27d08da81d555438e1679,EXP-C12-CORAL,T3-ZS,surfaces:Pendar-2,surfaces,Pendar-2,1,0,source_covariance,,unavailable,,,0,,,
P03OUTER-4eb49277961d37bbdf5d88b5,EXP-C04-T1,T1-CWA,cwa:within,cwa,not_applicable,2,3,standard,,complete,C-PLS-DA-003,C-PLS-DA-000,5,0.05555555555555558,0.16666666666666674,0.03439153439153442
P03OUTER-4eb6bb31b763e48d32cf398d,EXP-C10-T3,T3-ZS,cwa:RMX-1,cwa,RMX-1,2,0,fixed_family_reuse,C-RBF-SVM,complete,C-RBF-SVM-025,C-RBF-SVM-019,36,0.07407407407407407,-0.11111111111111116,0.11111111111111116
P03OUTER-4ecbc74c4e01980a6d46784d,EXP-C10-T3,T3-ZS,cwa:Pendar-2,cwa,Pendar-2,2,2,fixed_family_reuse,C-EXTRA-TREES,complete,C-EXTRA-TREES-000,C-EXTRA-TREES-001,16,0.01851851851851849,0.0,0.003439153439153464
P03OUTER-4ee6b80f04eb678724b9a9d5,EXP-C10-T3,T3-ZS,pills:Agilent-1,pills,Agilent-1,5,0,fixed_family_reuse,C-EXTRA-TREES,complete,C-EXTRA-TREES-000,C-EXTRA-TREES-001,16,0.0,0.0,0.0
P03OUTER-4ee90b49303685a933072bf2,EXP-C10-T3,T3-ZS,cwa:Mira-2,cwa,Mira-2,1,3,fixed_family_reuse,C-PCA-LDA,complete,C-PCA-LDA-006,C-PCA-LDA-007,10,0.08333333333333331,0.05555555555555558,0.06547619047619047
P03OUTER-4f01449b17e083612c03e756,EXP-C10-T3,T3-ZS,pills:Agilent-3,pills,Agilent-3,5,0,fixed_family_reuse,C-EXTRA-TREES,complete,C-EXTRA-TREES-000,C-EXTRA-TREES-001,16,0.0,0.0,0.0
P03OUTER-4f0285629d7b7fdca3263bb0,EXP-C10-T3,T3-ZS,pills:Pendar-1,pills,Pendar-1,3,1,fixed_family_reuse,C-EXTRA-TREES,complete,C-EXTRA-TREES-000,C-EXTRA-TREES-001,16,0.0,0.0,0.0
P03OUTER-4f0dfc07202798219751e9c6,EXP-C09-T3,T3-ZS,pills:Mira-3,pills,Mira-3,3,1,standard,,complete,C-SPECTRAL-MATCH-000,C-NEAREST-CENTROID-000,124,0.0,0.0,0.0
P03OUTER-4f1f452cc25803076f41ea6c,EXP-C09-CONTROL-META,T3-ZS,surfaces:Pendar-2,surfaces,Pendar-2,5,2,metadata_control,,complete,CTRL-META-C-LOGREG-EN-000,CTRL-META-C-LOGREG-EN-002,30,0.0,0.0,0.0
P03OUTER-4fa85c9efe7ac5a369586abb,EXP-C06-T1,T1-SURF,surfaces:within,surfaces,not_applicable,5,0,standard,,complete,C-RBF-SVM-012,C-RBF-SVM-018,36,0.0,0.0,0.0
P03OUTER-4fb341a65593580a635657db,EXP-C05-T1,T1-PILLS,pills:within,pills,not_applicable,3,3,standard,,complete,C-LOGREG-EN-000,C-LOGREG-EN-005,26,0.0,0.0,0.0
P03OUTER-4fc08955cebbc12a8e1121e0,EXP-C10-T3,T3-ZS,pills:Agilent-1,pills,Agilent-1,2,2,fixed_family_reuse,C-RANDOM-FOREST,complete,C-RANDOM-FOREST-000,C-RANDOM-FOREST-001,16,0.0,0.0,0.0
P03OUTER-4fc5bff848db0f93794da978,EXP-C10-T3,T3-ZS,pills:Agilent-3,pills,Agilent-3,4,0,fixed_family_reuse,C-RBF-SVM,complete,C-RBF-SVM-012,C-RBF-SVM-014,36,0.0,0.0,0.0
P03OUTER-5017246aa7430b27fa945bf8,EXP-C09-T3,T3-ZS,surfaces:Agilent-3,surfaces,Agilent-3,5,0,standard,,complete,C-LOGREG-EN-000,C-RANDOM-FOREST-000,123,0.0,0.0,0.0
P03OUTER-5029a729c016dc0411933b05,EXP-C09-T3,T3-ZS,surfaces:Mira-1,surfaces,Mira-1,1,1,standard,,complete,C-SPECTRAL-MATCH-000,C-SPECTRAL-MATCH-002,119,0.0,0.0,0.0
P03OUTER-507f987d69b6765d0cba6a39,EXP-C05-T1,T1-SURF,surfaces:within,surfaces,not_applicable,5,3,standard,,complete,C-LOGREG-EN-000,C-LOGREG-EN-005,29,0.0,0.0,0.0
P03OUTER-50e46e15b3ea03296b0527f7,EXP-C09-CONTROL-META,T3-ZS,surfaces:Pendar-3,surfaces,Pendar-3,3,3,metadata_control,,complete,CTRL-META-C-LOGREG-EN-011,CTRL-META-C-LOGREG-EN-015,25,0.018518518518518545,-0.1111111111111111,0.009259259259259245
P03OUTER-513342ab9017b87c21b552dc,EXP-C08-T1,T1-SURF,surfaces:within,surfaces,not_applicable,1,3,standard,,complete,C-EXTRA-TREES-001,C-EXTRA-TREES-002,16,0.0,0.0,0.0
P03OUTER-51363a3e239a6610c4e6f95f,EXP-C01-T1,T1-SURF,surfaces:within,surfaces,not_applicable,5,2,standard,,complete,C-SPECTRAL-MATCH-000,C-SPECTRAL-MATCH-002,3,0.0,0.0,0.0
P03OUTER-51716a8266aa69a2b65ad16d,EXP-C06-T1,T1-CWA,cwa:within,cwa,not_applicable,3,1,standard,,complete,C-RBF-SVM-019,C-RBF-SVM-025,36,0.05555555555555558,0.0,0.059259259259259234
P03OUTER-51b8895d1a2605d32a318519,EXP-C09-T3,T3-ZS,pills:Mira-3,pills,Mira-3,5,2,standard,,complete,C-SPECTRAL-MATCH-000,C-PLS-DA-000,124,0.0,0.0,0.0
P03OUTER-51bd3ecabbe23ad9380d7f05,EXP-C10-T3,T3-ZS,pills:Pendar-1,pills,Pendar-1,3,2,fixed_family_reuse,C-EXTRA-TREES,complete,C-EXTRA-TREES-000,C-EXTRA-TREES-001,16,0.0,0.0,0.0
P03OUTER-51c675c2d0c37644f2b5538f,EXP-C12-CORAL,T3-ZS,surfaces:Agilent-3,surfaces,Agilent-3,1,3,source_covariance,,complete,CORAL-C-PCA-LDA-003,CORAL-C-RBF-SVM-014,42,0.005555555555555536,0.06666666666666671,-0.012367371190900589
P03OUTER-51d0298a0be293c5567410d1,EXP-C09-CONTROL-META,T3-ZS,cwa:Pendar-2,cwa,Pendar-2,3,0,metadata_control,,complete,CTRL-META-C-LOGREG-EN-025,CTRL-META-C-LOGREG-EN-026,30,0.0,0.0,0.0
P03OUTER-5200d279428ee3f736d4f32d,EXP-C10-T3,T3-ZS,surfaces:Pendar-2,surfaces,Pendar-2,2,0,fixed_family_reuse,C-RANDOM-FOREST,complete,C-RANDOM-FOREST-001,C-RANDOM-FOREST-005,16,0.0,0.0,0.0
P03OUTER-526fad44205a160b27813b04,EXP-C10-T3,T3-ZS,pills:Mira-3,pills,Mira-3,1,1,fixed_family_reuse,C-PCA-LDA,complete,C-PCA-LDA-002,C-PCA-LDA-003,10,0.0,0.0,0.0
P03OUTER-527e905605a1181375e43522,EXP-C10-T3,T3-ZS,surfaces:Agilent-3,surfaces,Agilent-3,5,3,fixed_family_reuse,C-RANDOM-FOREST,complete,C-RANDOM-FOREST-008,C-RANDOM-FOREST-004,16,0.00793650793650802,0.015873015873015872,0.004012345679012319
P03OUTER-52b1e7ce1ace2c80ae0f6d65,EXP-C10-T3,T3-ZS,surfaces:Pendar-2,surfaces,Pendar-2,3,3,fixed_family_reuse,C-RBF-SVM,complete,C-RBF-SVM-018,C-RBF-SVM-020,36,0.0,0.0,0.0
P03OUTER-52b9bdcd8295f13024c02ed4,EXP-C03-T1,T1-PILLS,pills:within,pills,not_applicable,4,1,standard,,complete,C-PCA-LDA-002,C-PCA-LDA-003,10,0.0,0.0,0.0
P03OUTER-52bb826028c2562d51fabf1e,EXP-C10-T3,T3-ZS,pills:Agilent-3,pills,Agilent-3,3,1,fixed_family_reuse,C-PCA-LDA,complete,C-PCA-LDA-004,C-PCA-LDA-005,10,0.0,0.0,0.0
P03OUTER-530ad18b5ed5a37cc771847e,EXP-C01-T1,T1-SURF,surfaces:within,surfaces,not_applicable,2,2,standard,,complete,C-SPECTRAL-MATCH-002,C-SPECTRAL-MATCH-001,3,0.03703703703703687,0.0,0.03703703703703709
P03OUTER-530eb75ba473b243d7ea9925,EXP-C12-CORAL,T3-ZS,surfaces:Pendar-3,surfaces,Pendar-3,2,1,source_covariance,,unavailable,,,0,,,
P03OUTER-53174606e0f05e443f429ed7,EXP-C10-T3,T3-ZS,cwa:Pendar-2,cwa,Pendar-2,1,3,fixed_family_reuse,C-RBF-SVM,complete,C-RBF-SVM-018,C-RBF-SVM-019,36,0.02777777777777768,0.0,-0.009920634920634885
P03OUTER-531e724a29003ec2fccf8c83,EXP-C03-T1,T1-SURF,surfaces:within,surfaces,not_applicable,4,3,standard,,complete,C-PCA-LDA-006,C-PCA-LDA-007,10,0.03703703703703709,0.11111111111111116,0.0444444444444444
P03OUTER-532088fa7d6c7e34c138ab47,EXP-C02-T1,T1-CWA,cwa:within,cwa,not_applicable,5,1,standard,,complete,C-NEAREST-CENTROID-004,C-NEAREST-CENTROID-005,8,0.05555555555555558,0.0,0.09629629629629621
P03OUTER-5344f0172bf5ebfa4dde6034,EXP-C09-T3,T3-ZS,cwa:Pendar-2,cwa,Pendar-2,5,3,standard,,complete,C-PCA-LDA-004,C-PCA-LDA-005,126,0.0,0.0,0.0
P03OUTER-53a53942963a90ab2bb245fd,EXP-C12-CORAL,T3-ZS,surfaces:Pendar-3,surfaces,Pendar-3,3,0,source_covariance,,complete,CORAL-C-PCA-LDA-000,CORAL-C-PCA-LDA-003,44,0.016666666666666607,0.016666666666666607,0.011904761904761918
P03OUTER-53b809d12d9ed9ad0df7e398,EXP-C10-T3,T3-ZS,cwa:Pendar-2,cwa,Pendar-2,3,2,fixed_family_reuse,C-EXTRA-TREES,complete,C-EXTRA-TREES-015,C-EXTRA-TREES-014,16,0.0,0.0,0.005026455026455046
P03OUTER-53c676063bd25dd7b61e1937,EXP-C10-T3,T3-ZS,cwa:RMX-1,cwa,RMX-1,2,3,fixed_family_reuse,C-RBF-SVM,complete,C-RBF-SVM-018,C-RBF-SVM-013,36,0.0,0.16666666666666663,-0.10555555555555562
P03OUTER-5447c5cd2a490fdee1d36813,EXP-C09-CONTROL-META,T3-ZS,surfaces:Pendar-2,surfaces,Pendar-2,4,2,metadata_control,,complete,CTRL-META-C-LOGREG-EN-000,CTRL-META-C-LOGREG-EN-005,30,0.0,0.0,0.0
P03OUTER-5475f022191613d04ef35211,EXP-C10-T3,T3-ZS,pills:Pendar-3,pills,Pendar-3,4,0,fixed_family_reuse,C-PCA-LDA,complete,C-PCA-LDA-004,C-PCA-LDA-005,10,0.0,0.0,0.0
P03OUTER-5486c4a136547f82238d91d0,EXP-C10-T3,T3-ZS,pills:Mira-3,pills,Mira-3,4,3,fixed_family_reuse,C-RANDOM-FOREST,complete,C-RANDOM-FOREST-000,C-RANDOM-FOREST-001,16,0.0,0.0,0.0
P03OUTER-54bd1901eed70da994d344c0,EXP-C10-T3,T3-ZS,cwa:Mira-2,cwa,Mira-2,2,1,fixed_family_reuse,C-RBF-SVM,complete,C-RBF-SVM-007,C-RBF-SVM-026,36,0.0,0.0,0.0018518518518518823
P03OUTER-54c2eaaeaff7dc5565d5b5ba,EXP-C10-T3,T3-ZS,cwa:Mira-2,cwa,Mira-2,3,2,fixed_family_reuse,C-RANDOM-FOREST,complete,C-RANDOM-FOREST-000,C-RANDOM-FOREST-001,16,0.0,0.0,0.0
P03OUTER-54fd96d79cb30378e80cc44c,EXP-C09-CONTROL-META,T3-ZS,cwa:RMX-1,cwa,RMX-1,1,0,metadata_control,,complete,CTRL-META-C-LOGREG-EN-027,CTRL-META-C-LOGREG-EN-015,30,0.08333333333333337,0.0,0.06746031746031755
P03OUTER-55164a0c85ebc3c3957d0679,EXP-C09-CONTROL-META,T3-ZS,pills:Agilent-1,pills,Agilent-1,2,1,metadata_control,,complete,CTRL-META-C-LOGREG-EN-005,CTRL-META-C-LOGREG-EN-011,30,0.0,0.0,0.029629629629629672
P03OUTER-551e3c7a2942355475194ab0,EXP-C10-T3,T3-ZS,surfaces:Agilent-3,surfaces,Agilent-3,3,3,fixed_family_reuse,C-RANDOM-FOREST,complete,C-RANDOM-FOREST-000,C-RANDOM-FOREST-004,16,0.0,0.0,0.0
P03OUTER-55684fdfcc6e4919bed94060,EXP-C09-CONTROL-META,T3-ZS,pills:Pendar-3,pills,Pendar-3,3,0,metadata_control,,complete,CTRL-META-C-LOGREG-EN-000,CTRL-META-C-LOGREG-EN-005,19,0.0,0.0,0.003703703703703709
P03OUTER-55747bcb16b5f508e846014f,EXP-C08-T1,T1-SURF,surfaces:within,surfaces,not_applicable,4,2,standard,,complete,C-EXTRA-TREES-003,C-EXTRA-TREES-006,16,0.0,0.0,0.0
P03OUTER-557d22d567eca0b12c5ea56d,EXP-C10-T3,T3-ZS,surfaces:RMX-2,surfaces,RMX-2,1,1,fixed_family_reuse,C-RANDOM-FOREST,complete,C-RANDOM-FOREST-009,C-RANDOM-FOREST-005,16,0.0,0.0,0.003086419753086489
P03OUTER-5589d7aac655c232a373857d,EXP-C10-T3,T3-ZS,pills:Agilent-3,pills,Agilent-3,5,3,fixed_family_reuse,C-RBF-SVM,complete,C-RBF-SVM-012,C-RBF-SVM-014,36,0.0,0.0,0.0
P03OUTER-55b1578ca46aa558a647d2b0,EXP-C12-CORAL,T3-ZS,pills:Pendar-1,pills,Pendar-1,4,3,source_covariance,,unavailable,,,0,,,
P03OUTER-55c0b8d7bc9eb1163c98d214,EXP-C12-CORAL,T3-ZS,pills:Pendar-3,pills,Pendar-3,2,1,source_covariance,,unavailable,,,0,,,
P03OUTER-55e5c80da0ac446f7f90d233,EXP-C09-CONTROL-META,T3-ZS,surfaces:RMX-2,surfaces,RMX-2,5,0,metadata_control,,complete,CTRL-META-C-LOGREG-EN-015,CTRL-META-C-LOGREG-EN-020,30,0.0,0.0,0.0
P03OUTER-55feef7e328a5b11a47acfa1,EXP-C12-CORAL,T3-ZS,surfaces:Agilent-3,surfaces,Agilent-3,5,3,source_covariance,,complete,CORAL-C-PCA-LDA-003,CORAL-C-RBF-SVM-001,42,0.1357142857142858,0.30000000000000016,0.1414035311094135
P03OUTER-562b9337ecad1aef4e3d55fb,EXP-C04-T1,T1-CWA,cwa:within,cwa,not_applicable,4,3,standard,,complete,C-PLS-DA-000,C-PLS-DA-002,5,0.03703703703703709,0.27777777777777785,0.0
P03OUTER-5656a8dbe00773e3379db7af,EXP-C10-T3,T3-ZS,surfaces:RMX-2,surfaces,RMX-2,2,0,fixed_family_reuse,C-EXTRA-TREES,complete,C-EXTRA-TREES-013,C-EXTRA-TREES-008,16,0.01481481481481478,0.06666666666666671,-0.0039052088071696023
P03OUTER-566223150aa77a7f02cde06f,EXP-C10-T3,T3-ZS,surfaces:Pendar-3,surfaces,Pendar-3,3,0,fixed_family_reuse,C-RANDOM-FOREST,complete,C-RANDOM-FOREST-004,C-RANDOM-FOREST-005,16,0.0,0.0,0.0
P03OUTER-568e4dd9fe2f20b6892c0e45,EXP-C10-T3,T3-ZS,cwa:Pendar-2,cwa,Pendar-2,1,3,fixed_family_reuse,C-EXTRA-TREES,complete,C-EXTRA-TREES-004,C-EXTRA-TREES-001,16,0.01851851851851849,0.0,0.025925925925925908
P03OUTER-569095106915e73b22dc548c,EXP-C02-T1,T1-PILLS,pills:within,pills,not_applicable,4,1,standard,,complete,C-NEAREST-CENTROID-000,C-NEAREST-CENTROID-001,8,0.0,0.0,0.0
P03OUTER-5691d7e17f8641e21de77743,EXP-C05-T1,T1-PILLS,pills:within,pills,not_applicable,1,3,standard,,complete,C-LOGREG-EN-000,C-LOGREG-EN-005,29,0.0,0.0,0.0
P03OUTER-56aabbbe30ef549732576af4,EXP-C04-T1,T1-SURF,surfaces:within,surfaces,not_applicable,4,1,standard,,complete,C-PLS-DA-003,C-PLS-DA-002,5,0.03703703703703709,0.0,0.06666666666666676
P03OUTER-56f7ba6a83fdd819f335848e,EXP-C10-T3,T3-ZS,cwa:Pendar-2,cwa,Pendar-2,4,2,fixed_family_reuse,C-PCA-LDA,complete,C-PCA-LDA-004,C-PCA-LDA-005,8,0.0,0.0,0.0
P03OUTER-56f7c769225390a9bd911ee0,EXP-C10-T3,T3-ZS,surfaces:Pendar-3,surfaces,Pendar-3,2,1,fixed_family_reuse,C-RANDOM-FOREST,complete,C-RANDOM-FOREST-000,C-RANDOM-FOREST-001,16,0.0,0.0,0.0
P03OUTER-56fa2e87bfe09f9857bdcc12,EXP-C10-T3,T3-ZS,cwa:RMX-1,cwa,RMX-1,3,2,fixed_family_reuse,C-PCA-LDA,complete,C-PCA-LDA-006,C-PCA-LDA-000,10,0.0277777777777779,0.0,0.11111111111111105
P03OUTER-56ff92802beeb7e04bfc4887,EXP-C12-CORAL,T3-ZS,pills:Mira-3,pills,Mira-3,1,3,source_covariance,,unavailable,,,0,,,
P03OUTER-57250821ff89a5d3d9d7db99,EXP-C12-CORAL,T3-ZS,cwa:Mira-2,cwa,Mira-2,4,3,source_covariance,,complete,CORAL-C-RBF-SVM-013,CORAL-C-RBF-SVM-014,46,0.0,0.1111111111111111,-5.551115123125783e-17
P03OUTER-57283de8ade3b5f8aec411b1,EXP-C10-T3,T3-ZS,cwa:Mira-2,cwa,Mira-2,4,2,fixed_family_reuse,C-RANDOM-FOREST,complete,C-RANDOM-FOREST-003,C-RANDOM-FOREST-007,16,0.0,0.0,0.0
P03OUTER-572c78734b583b0340e6a2e6,EXP-C02-T1,T1-CWA,cwa:within,cwa,not_applicable,5,3,standard,,complete,C-NEAREST-CENTROID-004,C-NEAREST-CENTROID-005,8,0.05555555555555547,0.16666666666666663,0.07037037037037042
P03OUTER-575ef852fcdfcaf699afbea4,EXP-C09-CONTROL-META,T3-ZS,surfaces:Mira-1,surfaces,Mira-1,5,1,metadata_control,,complete,CTRL-META-C-LOGREG-EN-001,CTRL-META-C-LOGREG-EN-008,19,0.0,0.0,0.0
P03OUTER-57c8adfc03f31fdc5c00977d,EXP-C09-CONTROL-META,T3-ZS,surfaces:RMX-2,surfaces,RMX-2,4,1,metadata_control,,complete,CTRL-META-C-LOGREG-EN-013,CTRL-META-C-LOGREG-EN-014,22,0.0,0.0,0.0
P03OUTER-57fbcfbceee2740020f3cb6e,EXP-C01-T1,T1-CWA,cwa:within,cwa,not_applicable,5,1,standard,,complete,C-SPECTRAL-MATCH-001,C-SPECTRAL-MATCH-002,3,0.05555555555555558,0.0,0.05555555555555547
P03OUTER-58102da8afa4a55718a4080d,EXP-C05-T1,T1-CWA,cwa:within,cwa,not_applicable,2,0,standard,,complete,C-LOGREG-EN-011,C-LOGREG-EN-012,30,0.0,0.0,0.0
P03OUTER-5834691f5e735894e8c27398,EXP-C09-T3,T3-ZS,surfaces:Agilent-3,surfaces,Agilent-3,5,3,standard,,complete,C-PLS-DA-002,C-LOGREG-EN-015,115,0.03809523809523818,0.09523809523809534,0.07340067340067347
P03OUTER-5886bb40e7c6d6f67a91114e,EXP-C12-CORAL,T3-ZS,surfaces:Agilent-3,surfaces,Agilent-3,2,1,source_covariance,,unavailable,,,0,,,
P03OUTER-5888c84283e23f929c848885,EXP-C09-CONTROL-META,T3-ZS,pills:Mira-3,pills,Mira-3,5,0,metadata_control,,complete,CTRL-META-C-LOGREG-EN-005,CTRL-META-C-LOGREG-EN-000,30,0.05555555555555558,0.0,0.10000000000000003
P03OUTER-58e0e49c8ae0127ffb643608,EXP-C10-T3,T3-ZS,surfaces:RMX-2,surfaces,RMX-2,2,3,fixed_family_reuse,C-EXTRA-TREES,complete,C-EXTRA-TREES-006,C-EXTRA-TREES-002,16,0.014814814814814836,0.06349206349206349,0.017977727403251986
P03OUTER-58ec9d91208a60b645c8bc55,EXP-C10-T3,T3-ZS,pills:Pendar-1,pills,Pendar-1,2,1,fixed_family_reuse,C-PCA-LDA,complete,C-PCA-LDA-004,C-PCA-LDA-005,10,0.0,0.0,0.0
P03OUTER-595a3c870d86818f01031258,EXP-C10-T3,T3-ZS,cwa:Mira-2,cwa,Mira-2,5,2,fixed_family_reuse,C-RANDOM-FOREST,complete,C-RANDOM-FOREST-004,C-RANDOM-FOREST-005,16,0.0,0.0,0.0
P03OUTER-596c87f3e3428e216816835f,EXP-C12-CORAL,T3-ZS,pills:Pendar-1,pills,Pendar-1,3,3,source_covariance,,unavailable,,,0,,,
P03OUTER-597c3db2a5887e30365e52ec,EXP-C01-T1,T1-CWA,cwa:within,cwa,not_applicable,3,0,standard,,complete,C-SPECTRAL-MATCH-001,C-SPECTRAL-MATCH-000,3,0.05555555555555558,0.0,0.07407407407407418
P03OUTER-59bcceb6b9646542e7a160e3,EXP-C06-T1,T1-PILLS,pills:within,pills,not_applicable,1,2,standard,,complete,C-RBF-SVM-012,C-RBF-SVM-014,36,0.0,0.0,0.0
P03OUTER-59d3cead88f05b5585453da4,EXP-C08-T1,T1-SURF,surfaces:within,surfaces,not_applicable,4,3,standard,,complete,C-EXTRA-TREES-002,C-EXTRA-TREES-003,16,0.0,0.0,0.0
P03OUTER-59d706bc25e3c2fc3f4f1f99,EXP-C10-T3,T3-ZS,cwa:RMX-1,cwa,RMX-1,2,0,fixed_family_reuse,C-EXTRA-TREES,complete,C-EXTRA-TREES-014,C-EXTRA-TREES-015,16,0.0,0.0,0.0
P03OUTER-59db523d38ee9154b4c732ff,EXP-C10-T3,T3-ZS,pills:Agilent-3,pills,Agilent-3,2,1,fixed_family_reuse,C-RANDOM-FOREST,complete,C-RANDOM-FOREST-000,C-RANDOM-FOREST-001,16,0.0,0.0,0.0
P03OUTER-59e8241db48c111303345023,EXP-C10-T3,T3-ZS,pills:Pendar-3,pills,Pendar-3,4,0,fixed_family_reuse,C-RBF-SVM,complete,C-RBF-SVM-012,C-RBF-SVM-014,36,0.0,0.0,0.0
P03OUTER-5a10e89fe8d89bf0be4c54ee,EXP-C09-T3,T3-ZS,surfaces:Agilent-3,surfaces,Agilent-3,5,2,standard,,complete,C-RANDOM-FOREST-008,C-RANDOM-FOREST-012,119,0.0,0.022222222222222143,-0.004292929292929459
P03OUTER-5a1e0ee2e1018c985393c909,EXP-C10-T3,T3-ZS,cwa:RMX-1,cwa,RMX-1,1,2,fixed_family_reuse,C-RBF-SVM,complete,C-RBF-SVM-018,C-RBF-SVM-013,36,0.0,0.16666666666666663,-0.10555555555555562
P03OUTER-5a58940679ad7920e6a28c01,EXP-C01-T1,T1-SURF,surfaces:within,surfaces,not_applicable,2,1,standard,,complete,C-SPECTRAL-MATCH-001,C-SPECTRAL-MATCH-002,3,0.07407407407407407,0.11111111111111105,0.0888888888888888
P03OUTER-5ace8f9b59263d678b232e5a,EXP-C10-T3,T3-ZS,pills:Agilent-1,pills,Agilent-1,4,3,fixed_family_reuse,C-RBF-SVM,complete,C-RBF-SVM-012,C-RBF-SVM-014,36,0.0,0.0,0.0
P03OUTER-5ae87eb0e86e6288961ebb1d,EXP-C10-T3,T3-ZS,surfaces:Pendar-2,surfaces,Pendar-2,4,0,fixed_family_reuse,C-RANDOM-FOREST,complete,C-RANDOM-FOREST-003,C-RANDOM-FOREST-004,16,0.0,0.0,0.0
P03OUTER-5aea328cc9e8f309e3518d49,EXP-C08-T1,T1-PILLS,pills:within,pills,not_applicable,1,2,standard,,complete,C-EXTRA-TREES-000,C-EXTRA-TREES-001,16,0.0,0.0,0.0
P03OUTER-5af5e279f43b5a34d26b253c,EXP-C09-CONTROL-META,T3-ZS,surfaces:RMX-2,surfaces,RMX-2,1,0,metadata_control,,complete,CTRL-META-C-LOGREG-EN-018,CTRL-META-C-LOGREG-EN-023,27,0.0,0.0,0.0
P03OUTER-5b24d422c30945dc050be26f,EXP-C09-T3,T3-ZS,pills:Agilent-3,pills,Agilent-3,1,0,standard,,complete,C-PLS-DA-000,C-LOGREG-EN-000,124,0.0,0.0,0.0
P03OUTER-5b2b3a4ee201a536cdf549eb,EXP-C12-CORAL,T3-ZS,surfaces:Pendar-2,surfaces,Pendar-2,2,1,source_covariance,,unavailable,,,0,,,
P03OUTER-5b3b48bd580c766b5ceceddb,EXP-C09-T3,T3-ZS,pills:Agilent-1,pills,Agilent-1,5,2,standard,,complete,C-NEAREST-CENTROID-000,C-PLS-DA-000,124,0.0,0.0,0.0
P03OUTER-5b3c6f95613164b1ad0b81d0,EXP-C12-CORAL,T3-ZS,surfaces:Pendar-2,surfaces,Pendar-2,4,3,source_covariance,,unavailable,,,0,,,
P03OUTER-5b51de0c84c1ccf5d356cb08,EXP-C12-CORAL,T3-ZS,surfaces:Agilent-3,surfaces,Agilent-3,3,3,source_covariance,,unavailable,,,0,,,
P03OUTER-5b6446bb55859ce4e638d41b,EXP-C01-T1,T1-PILLS,pills:within,pills,not_applicable,3,1,standard,,complete,C-SPECTRAL-MATCH-000,C-SPECTRAL-MATCH-001,3,0.0,0.0,0.0
P03OUTER-5b798bd29c8f108e817cca7b,EXP-C10-T3,T3-ZS,cwa:RMX-1,cwa,RMX-1,1,2,fixed_family_reuse,C-PCA-LDA,complete,C-PCA-LDA-006,C-PCA-LDA-001,10,0.0,0.0,0.022222222222222254
P03OUTER-5b9009a17bf72b69b571602b,EXP-C10-T3,T3-ZS,surfaces:Mira-1,surfaces,Mira-1,4,1,fixed_family_reuse,C-RANDOM-FOREST,complete,C-RANDOM-FOREST-008,C-RANDOM-FOREST-013,16,0.0,0.0,0.0
P03OUTER-5ba5c33d87d1d1e1d9b169c7,EXP-C10-T3,T3-ZS,pills:Agilent-1,pills,Agilent-1,3,0,fixed_family_reuse,C-EXTRA-TREES,complete,C-EXTRA-TREES-000,C-EXTRA-TREES-001,16,0.0,0.0,0.0
P03OUTER-5bb23d11fdde8935984f7d8d,EXP-C10-T3,T3-ZS,surfaces:RMX-2,surfaces,RMX-2,4,0,fixed_family_reuse,C-RBF-SVM,complete,C-RBF-SVM-025,C-RBF-SVM-031,36,0.0,0.0,0.0
P03OUTER-5bcbd4a7293ee59ff2f0490f,EXP-C01-T1,T1-SURF,surfaces:within,surfaces,not_applicable,5,3,standard,,complete,C-SPECTRAL-MATCH-001,C-SPECTRAL-MATCH-002,3,0.0,0.0,0.0
P03OUTER-5bcc73bb7216516de5c03845,EXP-C03-T1,T1-PILLS,pills:within,pills,not_applicable,2,3,standard,,complete,C-PCA-LDA-004,C-PCA-LDA-005,10,0.0,0.0,0.0
P03OUTER-5be4e256686b7e5fd659b11e,EXP-C12-CORAL,T3-ZS,pills:Pendar-1,pills,Pendar-1,1,2,source_covariance,,unavailable,,,0,,,
P03OUTER-5c05bc10ac523013b3018af3,EXP-C09-CONTROL-META,T3-ZS,surfaces:RMX-2,surfaces,RMX-2,2,3,metadata_control,,complete,CTRL-META-C-LOGREG-EN-012,CTRL-META-C-LOGREG-EN-016,18,0.0,0.0,0.015594541910331383
P03OUTER-5c07d8f554f69b158da4304c,EXP-C03-T1,T1-CWA,cwa:within,cwa,not_applicable,5,0,standard,,complete,C-PCA-LDA-004,C-PCA-LDA-005,10,0.0,0.0,0.0
P03OUTER-5c0d1d0d528c4a8b05dbdd25,EXP-C10-T3,T3-ZS,surfaces:Agilent-3,surfaces,Agilent-3,4,2,fixed_family_reuse,C-RANDOM-FOREST,complete,C-RANDOM-FOREST-009,C-RANDOM-FOREST-012,16,0.0,0.0,0.0
P03OUTER-5c2509204cb68cc06c3ce959,EXP-C10-T3,T3-ZS,pills:Agilent-3,pills,Agilent-3,1,3,fixed_family_reuse,C-EXTRA-TREES,complete,C-EXTRA-TREES-000,C-EXTRA-TREES-001,16,0.0,0.0,0.0
P03OUTER-5c76bc2c376de755818e7bfe,EXP-C10-T3,T3-ZS,pills:Pendar-3,pills,Pendar-3,5,1,fixed_family_reuse,C-RANDOM-FOREST,complete,C-RANDOM-FOREST-000,C-RANDOM-FOREST-001,16,0.0,0.0,0.0
P03OUTER-5c90b74066cbc60c45323a9c,EXP-C09-CONTROL-META,T3-ZS,surfaces:Pendar-3,surfaces,Pendar-3,4,1,metadata_control,,complete,CTRL-META-C-LOGREG-EN-000,CTRL-META-C-LOGREG-EN-011,19,0.0,0.0,0.0
P03OUTER-5cb5e8f907a31a569debfdd7,EXP-C12-CORAL,T3-ZS,surfaces:Pendar-2,surfaces,Pendar-2,4,0,source_covariance,,unavailable,,,0,,,
P03OUTER-5cc9bb6b0fc2e6ce9d614b90,EXP-C12-CORAL,T3-ZS,surfaces:Mira-1,surfaces,Mira-1,1,0,source_covariance,,complete,CORAL-C-RBF-SVM-018,CORAL-C-RBF-SVM-020,42,0.0,0.0,0.0
P03OUTER-5ce1d2508f3efabcad16e095,EXP-C10-T3,T3-ZS,pills:Agilent-3,pills,Agilent-3,4,1,fixed_family_reuse,C-RBF-SVM,complete,C-RBF-SVM-012,C-RBF-SVM-014,36,0.0,0.0,0.0
P03OUTER-5cf1e023b984d2bf5be35753,EXP-C09-T3,T3-ZS,pills:Mira-3,pills,Mira-3,5,3,standard,,complete,C-SPECTRAL-MATCH-000,C-PLS-DA-000,124,0.0,0.0,0.0
P03OUTER-5cfc6ebc78474cfab7097bf7,EXP-C10-T3,T3-ZS,pills:Pendar-3,pills,Pendar-3,5,2,fixed_family_reuse,C-EXTRA-TREES,complete,C-EXTRA-TREES-000,C-EXTRA-TREES-001,16,0.0,0.0,0.0
P03OUTER-5d004ac6fa7239a7a0bb70c4,EXP-C12-CORAL,T3-ZS,surfaces:Agilent-3,surfaces,Agilent-3,2,0,source_covariance,,complete,CORAL-C-PCA-LDA-002,CORAL-C-PCA-LDA-003,42,0.06666666666666687,0.06666666666666676,0.08730158730158744
P03OUTER-5d2d8ad1626406101cbee794,EXP-C02-T1,T1-CWA,cwa:within,cwa,not_applicable,4,0,standard,,complete,C-NEAREST-CENTROID-004,C-NEAREST-CENTROID-005,8,0.0,0.0,0.0
P03OUTER-5d4e28cf19ececdead461be5,EXP-C07-T1,T1-CWA,cwa:within,cwa,not_applicable,5,0,standard,,complete,C-RANDOM-FOREST-000,C-RANDOM-FOREST-001,16,0.0,0.0,0.0
P03OUTER-5d513fb6355cea034e24d6cf,EXP-C10-T3,T3-ZS,pills:Mira-3,pills,Mira-3,1,1,fixed_family_reuse,C-EXTRA-TREES,complete,C-EXTRA-TREES-000,C-EXTRA-TREES-001,16,0.0,0.0,0.0
P03OUTER-5d584c59ed774003bbeb2308,EXP-C12-CORAL,T3-ZS,surfaces:Pendar-3,surfaces,Pendar-3,1,3,source_covariance,,complete,CORAL-C-RBF-SVM-019,CORAL-C-PCA-LDA-003,42,0.0,0.0,0.00040849673202614234
P03OUTER-5d5b3602c04114dcd0e183d7,EXP-C06-T1,T1-PILLS,pills:within,pills,not_applicable,3,0,standard,,complete,C-RBF-SVM-012,C-RBF-SVM-014,36,0.0,0.0,0.0
P03OUTER-5d651c83756c7110c52b868a,EXP-C10-T3,T3-ZS,surfaces:Mira-1,surfaces,Mira-1,5,1,fixed_family_reuse,C-RBF-SVM,complete,C-RBF-SVM-014,C-RBF-SVM-018,36,0.0,0.0,0.020707070707070674
P03OUTER-5d6fd7eb3e40898d87bc6048,EXP-C06-T1,T1-PILLS,pills:within,pills,not_applicable,5,1,standard,,complete,C-RBF-SVM-012,C-RBF-SVM-014,36,0.0,0.0,0.0
P03OUTER-5d73f9a0f9d7081636e6b50a,EXP-C10-T3,T3-ZS,surfaces:Pendar-2,surfaces,Pendar-2,2,0,fixed_family_reuse,C-RBF-SVM,complete,C-RBF-SVM-002,C-RBF-SVM-008,36,0.0,0.0,0.0
P03OUTER-5d78bdb0a0896693f044a9cf,EXP-C10-T3,T3-ZS,pills:Pendar-3,pills,Pendar-3,1,0,fixed_family_reuse,C-PCA-LDA,complete,C-PCA-LDA-004,C-PCA-LDA-005,10,0.0,0.0,0.0
P03OUTER-5d841b87f8af61ebcd39ad98,EXP-C10-T3,T3-ZS,surfaces:Agilent-3,surfaces,Agilent-3,3,2,fixed_family_reuse,C-PCA-LDA,complete,C-PCA-LDA-003,C-PCA-LDA-002,6,1.1102230246251565e-16,-0.06666666666666671,-0.027026568203038837
P03OUTER-5dc95926d4755d4f452595e8,EXP-C09-CONTROL-META,T3-ZS,pills:Agilent-1,pills,Agilent-1,1,3,metadata_control,,complete,CTRL-META-C-LOGREG-EN-013,CTRL-META-C-LOGREG-EN-012,30,0.0,0.1666666666666667,-0.030687830687830736
P03OUTER-5dcebb4cfab5daf1d979fbdf,EXP-C10-T3,T3-ZS,surfaces:RMX-2,surfaces,RMX-2,2,1,fixed_family_reuse,C-PCA-LDA,complete,C-PCA-LDA-007,C-PCA-LDA-006,10,0.05555555555555558,0.05555555555555547,0.07407407407407407
P03OUTER-5dcfc3233cb21d18de0e8d98,EXP-C01-T1,T1-SURF,surfaces:within,surfaces,not_applicable,1,3,standard,,complete,C-SPECTRAL-MATCH-002,C-SPECTRAL-MATCH-000,3,0.03703703703703698,0.05555555555555547,0.040740740740740744
P03OUTER-5de0702ce8c6cc8fdcc47558,EXP-C09-T3,T3-ZS,cwa:Mira-2,cwa,Mira-2,4,1,standard,,complete,C-SPECTRAL-MATCH-001,C-PCA-LDA-004,123,0.0,0.0,0.05555555555555547
P03OUTER-5e06333c1c2dfb35a5cfdbf0,EXP-C09-T3,T3-ZS,pills:Pendar-1,pills,Pendar-1,1,1,standard,,complete,C-PLS-DA-000,C-LOGREG-EN-000,125,0.0,0.0,0.0
P03OUTER-5e072275e4903713902fee12,EXP-C12-CORAL,T3-ZS,cwa:RMX-1,cwa,RMX-1,1,3,source_covariance,,complete,CORAL-C-PCA-LDA-004,CORAL-C-PCA-LDA-005,46,0.0,0.0,0.0
P03OUTER-5e6ce9d0266b795317640fe7,EXP-C10-T3,T3-ZS,surfaces:Agilent-3,surfaces,Agilent-3,3,1,fixed_family_reuse,C-PCA-LDA,complete,C-PCA-LDA-003,C-PCA-LDA-001,6,0.23888888888888898,0.2666666666666667,0.21684981684981686
P03OUTER-5eaae9b26f92f39ce273ea77,EXP-C01-T1,T1-PILLS,pills:within,pills,not_applicable,1,2,standard,,complete,C-SPECTRAL-MATCH-000,C-SPECTRAL-MATCH-001,3,0.0,0.0,0.0
P03OUTER-5eba7766648acd5c0aa7ce7f,EXP-C10-T3,T3-ZS,surfaces:RMX-2,surfaces,RMX-2,2,2,fixed_family_reuse,C-PCA-LDA,complete,C-PCA-LDA-001,C-PCA-LDA-000,4,0.04629629629629639,0.0,0.022875816993464027
P03OUTER-5ee1fc72fa11195a0f71baeb,EXP-C12-CORAL,T3-ZS,cwa:Pendar-2,cwa,Pendar-2,2,1,source_covariance,,unavailable,,,0,,,
P03OUTER-5ee7c407e49e8f239901b211,EXP-C10-T3,T3-ZS,pills:Pendar-3,pills,Pendar-3,5,2,fixed_family_reuse,C-RBF-SVM,complete,C-RBF-SVM-012,C-RBF-SVM-014,36,0.0,0.0,0.0
P03OUTER-5ee893794c2ffbef389168c0,EXP-C10-T3,T3-ZS,pills:Agilent-3,pills,Agilent-3,1,0,fixed_family_reuse,C-EXTRA-TREES,complete,C-EXTRA-TREES-000,C-EXTRA-TREES-001,16,0.0,0.0,0.0
P03OUTER-5f06af306817d70cb2919ae7,EXP-C09-CONTROL-META,T3-ZS,surfaces:Pendar-2,surfaces,Pendar-2,5,3,metadata_control,,complete,CTRL-META-C-LOGREG-EN-010,CTRL-META-C-LOGREG-EN-005,18,5.551115123125783e-17,-0.16666666666666657,0.036507936507936545
P03OUTER-5f2d3745d1c96cf28da14093,EXP-C10-T3,T3-ZS,cwa:RMX-1,cwa,RMX-1,1,1,fixed_family_reuse,C-RBF-SVM,complete,C-RBF-SVM-018,C-RBF-SVM-020,36,0.0,0.0,0.0
P03OUTER-5f550ae0adc393dc575a1b63,EXP-C09-T3,T3-ZS,surfaces:Mira-1,surfaces,Mira-1,5,0,standard,,complete,C-LOGREG-EN-000,C-RANDOM-FOREST-000,125,0.0,0.0,0.0
P03OUTER-5f60ff3ea07ab1edbedef0d0,EXP-C09-T3,T3-ZS,surfaces:Agilent-3,surfaces,Agilent-3,2,3,standard,,complete,C-LOGREG-EN-016,C-EXTRA-TREES-005,117,0.0071428571428570065,0.16666666666666663,-0.014163614163614113
P03OUTER-5f9bde5a9626e88662c09247,EXP-C05-T1,T1-PILLS,pills:within,pills,not_applicable,4,3,standard,,complete,C-LOGREG-EN-000,C-LOGREG-EN-005,28,0.0,0.0,0.0
P03OUTER-5fa361681b7a5f2a93313948,EXP-C05-T1,T1-SURF,surfaces:within,surfaces,not_applicable,3,2,standard,,complete,C-LOGREG-EN-014,C-LOGREG-EN-000,29,0.0,0.0,0.021164021164021163
P03OUTER-5fa7e274ba574bf98214e704,EXP-C05-T1,T1-CWA,cwa:within,cwa,not_applicable,1,2,standard,,complete,C-LOGREG-EN-011,C-LOGREG-EN-012,29,0.0,0.0,0.0
P03OUTER-5fcb8627f7a97d4f2609b1b8,EXP-C10-T3,T3-ZS,pills:Agilent-1,pills,Agilent-1,4,2,fixed_family_reuse,C-PCA-LDA,complete,C-PCA-LDA-004,C-PCA-LDA-005,10,0.0,0.0,0.0
P03OUTER-5fe43068a532298fe26b4385,EXP-C10-T3,T3-ZS,surfaces:Pendar-3,surfaces,Pendar-3,4,3,fixed_family_reuse,C-EXTRA-TREES,complete,C-EXTRA-TREES-006,C-EXTRA-TREES-000,16,0.007936507936507908,0.0,-0.04610136452241714
P03OUTER-5fe5e6f0dcc404b6f58e493d,EXP-C09-CONTROL-META,T3-ZS,surfaces:Pendar-2,surfaces,Pendar-2,3,3,metadata_control,,complete,CTRL-META-C-LOGREG-EN-001,CTRL-META-C-LOGREG-EN-006,29,0.0,0.0,0.0
P03OUTER-5fe9a429cc4f03c4dccd3413,EXP-C09-T3,T3-ZS,surfaces:Mira-1,surfaces,Mira-1,3,0,standard,,complete,C-SPECTRAL-MATCH-002,C-NEAREST-CENTROID-004,119,0.025000000000000022,-0.016666666666666607,-0.011111111111111072
P03OUTER-60104ef59845a9fd15fbc1a9,EXP-C09-CONTROL-META,T3-ZS,cwa:Mira-2,cwa,Mira-2,3,0,metadata_control,,complete,CTRL-META-C-LOGREG-EN-015,CTRL-META-C-LOGREG-EN-021,30,0.0,0.0,0.0
P03OUTER-603e090ee6b9f7d739cb421c,EXP-C10-T3,T3-ZS,surfaces:Mira-1,surfaces,Mira-1,2,1,fixed_family_reuse,C-RANDOM-FOREST,complete,C-RANDOM-FOREST-000,C-RANDOM-FOREST-001,16,0.0,0.0,0.0
P03OUTER-6040455427491bbb8f1b963b,EXP-C10-T3,T3-ZS,cwa:Mira-2,cwa,Mira-2,4,0,fixed_family_reuse,C-RBF-SVM,complete,C-RBF-SVM-025,C-RBF-SVM-031,36,0.0,0.0,0.0
P03OUTER-60564599b8d77fe1fd8cc224,EXP-C09-T3,T3-ZS,pills:Agilent-3,pills,Agilent-3,3,0,standard,,complete,C-SPECTRAL-MATCH-000,C-PLS-DA-000,124,0.0,0.0,0.0
P03OUTER-606084362f1100b7232950f1,EXP-C09-T3,T3-ZS,pills:Agilent-1,pills,Agilent-1,1,0,standard,,complete,C-PLS-DA-000,C-LOGREG-EN-000,123,0.0,0.0,0.0
P03OUTER-6066ae7ff84872a46eb229e6,EXP-C10-T3,T3-ZS,pills:Agilent-1,pills,Agilent-1,3,1,fixed_family_reuse,C-RANDOM-FOREST,complete,C-RANDOM-FOREST-000,C-RANDOM-FOREST-001,16,0.0,0.0,0.0
P03OUTER-609bc727de08d789cbef5944,EXP-C10-T3,T3-ZS,surfaces:Mira-1,surfaces,Mira-1,1,2,fixed_family_reuse,C-PCA-LDA,complete,C-PCA-LDA-005,C-PCA-LDA-007,10,0.0,0.0,0.0
P03OUTER-60a62931eeea64a41ccbe1bf,EXP-C02-T1,T1-SURF,surfaces:within,surfaces,not_applicable,1,3,standard,,complete,C-NEAREST-CENTROID-000,C-NEAREST-CENTROID-001,8,0.0,0.0,0.0
P03OUTER-60d5c339c5f0ebb67ce35be8,EXP-C06-T1,T1-PILLS,pills:within,pills,not_applicable,4,0,standard,,complete,C-RBF-SVM-012,C-RBF-SVM-013,36,0.0,0.0,0.0
P03OUTER-60fa25a80e77f9ecac6beabc,EXP-C08-T1,T1-SURF,surfaces:within,surfaces,not_applicable,2,2,standard,,complete,C-EXTRA-TREES-002,C-EXTRA-TREES-003,16,0.0,0.0,0.0
P03OUTER-613e1c60513bb68b49cef617,EXP-C10-T3,T3-ZS,surfaces:Pendar-3,surfaces,Pendar-3,2,1,fixed_family_reuse,C-PCA-LDA,complete,C-PCA-LDA-004,C-PCA-LDA-005,10,0.0,0.0,0.0
P03OUTER-618943e9453af50a6f2cc5d6,EXP-C10-T3,T3-ZS,surfaces:Agilent-3,surfaces,Agilent-3,1,1,fixed_family_reuse,C-EXTRA-TREES,complete,C-EXTRA-TREES-002,C-EXTRA-TREES-006,16,0.03333333333333344,0.08888888888888896,0.047928614595281305
P03OUTER-61a5a4521911075daff2f7fc,EXP-C09-CONTROL-META,T3-ZS,pills:Agilent-1,pills,Agilent-1,3,0,metadata_control,,complete,CTRL-META-C-LOGREG-EN-009,CTRL-META-C-LOGREG-EN-003,19,0.0,0.0,0.026455026455026454
P03OUTER-61b54ceaa94dcd728849d4c1,EXP-C09-T3,T3-ZS,pills:Pendar-1,pills,Pendar-1,5,1,standard,,complete,C-PLS-DA-000,C-LOGREG-EN-000,124,0.0,0.0,0.0
P03OUTER-61ca6ddbbfebff1f7ef82311,EXP-C12-CORAL,T3-ZS,pills:Agilent-1,pills,Agilent-1,3,2,source_covariance,,unavailable,,,0,,,
P03OUTER-620aac5b8e04f31d9073d509,EXP-C09-CONTROL-META,T3-ZS,cwa:Pendar-2,cwa,Pendar-2,5,0,metadata_control,,complete,CTRL-META-C-LOGREG-EN-020,CTRL-META-C-LOGREG-EN-026,30,0.0,0.0,0.0
P03OUTER-621c5786f64723de74924d1e,EXP-C09-CONTROL-META,T3-ZS,cwa:Mira-2,cwa,Mira-2,2,0,metadata_control,,complete,CTRL-META-C-LOGREG-EN-000,CTRL-META-C-LOGREG-EN-005,30,0.0,0.0,0.0
P03OUTER-6246cb9630df143a50125561,EXP-C12-CORAL,T3-ZS,surfaces:Mira-1,surfaces,Mira-1,5,2,source_covariance,,complete,CORAL-C-PCA-LDA-003,CORAL-C-RBF-SVM-019,42,0.0,0.0,0.026917989417989396
P03OUTER-625b7d296f70c5edab830e74,EXP-C09-CONTROL-META,T3-ZS,pills:Mira-3,pills,Mira-3,5,2,metadata_control,,complete,CTRL-META-C-LOGREG-EN-024,CTRL-META-C-LOGREG-EN-025,30,0.0,0.0,0.0
P03OUTER-6270cd08cd58f7e916696fc6,EXP-C04-T1,T1-PILLS,pills:within,pills,not_applicable,5,2,standard,,complete,C-PLS-DA-000,C-PLS-DA-001,5,0.0,0.0,0.0
P03OUTER-627f68b5e0a510c8a3d2da40,EXP-C10-T3,T3-ZS,surfaces:RMX-2,surfaces,RMX-2,3,1,fixed_family_reuse,C-EXTRA-TREES,complete,C-EXTRA-TREES-004,C-EXTRA-TREES-008,16,0.0,0.0,0.0026936026936026924
P03OUTER-62a23f7c9f3443319fbe3916,EXP-C09-T3,T3-ZS,surfaces:Pendar-2,surfaces,Pendar-2,5,0,standard,,complete,C-PCA-LDA-004,C-PCA-LDA-005,123,0.0,0.0,0.0
P03OUTER-62ae2e60fdde87f9d8301302,EXP-C07-T1,T1-PILLS,pills:within,pills,not_applicable,3,3,standard,,complete,C-RANDOM-FOREST-000,C-RANDOM-FOREST-001,16,0.0,0.0,0.0
P03OUTER-62c0449d0922d0154197c7e6,EXP-C12-CORAL,T3-ZS,pills:Agilent-3,pills,Agilent-3,4,3,source_covariance,,unavailable,,,0,,,
P03OUTER-6304f86d52b069bb914bf62b,EXP-C10-T3,T3-ZS,pills:Agilent-3,pills,Agilent-3,4,0,fixed_family_reuse,C-PCA-LDA,complete,C-PCA-LDA-004,C-PCA-LDA-005,10,0.0,0.0,0.0
P03OUTER-6306ba2fe5e7de6a8aa4d049,EXP-C10-T3,T3-ZS,cwa:Mira-2,cwa,Mira-2,2,0,fixed_family_reuse,C-RANDOM-FOREST,complete,C-RANDOM-FOREST-011,C-RANDOM-FOREST-015,16,0.01851851851851849,0.0,0.02821869488536155
P03OUTER-6346a8c2edbe6ec524e35d01,EXP-C10-T3,T3-ZS,surfaces:Pendar-3,surfaces,Pendar-3,5,2,fixed_family_reuse,C-EXTRA-TREES,complete,C-EXTRA-TREES-002,C-EXTRA-TREES-006,16,0.0,0.0,0.0
P03OUTER-63517fdc7587c4431893a723,EXP-C07-T1,T1-PILLS,pills:within,pills,not_applicable,4,3,standard,,complete,C-RANDOM-FOREST-000,C-RANDOM-FOREST-001,16,0.0,0.0,0.0
P03OUTER-6377aa7662068339b3f8703f,EXP-C12-CORAL,T3-ZS,cwa:Pendar-2,cwa,Pendar-2,5,3,source_covariance,,complete,CORAL-C-PCA-LDA-002,CORAL-C-PCA-LDA-003,46,0.0,0.0,0.0
P03OUTER-6389d26b44b422034e0eeebc,EXP-C09-T3,T3-ZS,cwa:Pendar-2,cwa,Pendar-2,1,2,standard,,complete,C-PCA-LDA-008,C-EXTRA-TREES-006,124,0.0,0.0,0.06666666666666665
P03OUTER-63a81e9cfad94bfaa43d0b20,EXP-C10-T3,T3-ZS,surfaces:Pendar-3,surfaces,Pendar-3,3,3,fixed_family_reuse,C-RBF-SVM,complete,C-RBF-SVM-012,C-RBF-SVM-014,36,0.0,0.0,0.0
P03OUTER-63d7dc0e7171fa6ef3923aab,EXP-C12-CORAL,T3-ZS,pills:Mira-3,pills,Mira-3,5,0,source_covariance,,unavailable,,,0,,,
P03OUTER-63f8f78915a76e4dbbc3cdc2,EXP-C03-T1,T1-SURF,surfaces:within,surfaces,not_applicable,4,2,standard,,complete,C-PCA-LDA-006,C-PCA-LDA-007,10,0.0,0.0,0.0
P03OUTER-6409eac608651ba991dd95a3,EXP-C09-CONTROL-META,T3-ZS,surfaces:RMX-2,surfaces,RMX-2,2,1,metadata_control,,complete,CTRL-META-C-LOGREG-EN-011,CTRL-META-C-LOGREG-EN-017,18,0.05555555555555558,0.0,0.03333333333333338
P03OUTER-643c9ed897db657dd6052438,EXP-C10-T3,T3-ZS,surfaces:Pendar-2,surfaces,Pendar-2,1,1,fixed_family_reuse,C-RBF-SVM,complete,C-RBF-SVM-007,C-RBF-SVM-013,36,0.0,0.0,0.0
P03OUTER-644e6fa73f7d536dba83c453,EXP-C10-T3,T3-ZS,surfaces:RMX-2,surfaces,RMX-2,4,2,fixed_family_reuse,C-RBF-SVM,complete,C-RBF-SVM-014,C-RBF-SVM-012,36,0.0,0.0,0.01031746031746028
P03OUTER-64b931f5379a2b2597e4d087,EXP-C07-T1,T1-CWA,cwa:within,cwa,not_applicable,3,1,standard,,complete,C-RANDOM-FOREST-001,C-RANDOM-FOREST-002,16,0.0,0.0,0.0
P03OUTER-652ca2473aca0b3a7de82ff8,EXP-C10-T3,T3-ZS,pills:Agilent-3,pills,Agilent-3,4,1,fixed_family_reuse,C-PCA-LDA,complete,C-PCA-LDA-004,C-PCA-LDA-005,10,0.0,0.0,0.0
P03OUTER-6531c61d92027b61ae5562fe,EXP-C10-T3,T3-ZS,pills:Pendar-3,pills,Pendar-3,3,0,fixed_family_reuse,C-RBF-SVM,complete,C-RBF-SVM-012,C-RBF-SVM-014,36,0.0,0.0,0.0
P03OUTER-65a16d73296004601f13eb6a,EXP-C12-CORAL,T3-ZS,pills:Pendar-3,pills,Pendar-3,3,3,source_covariance,,unavailable,,,0,,,
P03OUTER-65dfecccee251b96e1b25951,EXP-C10-T3,T3-ZS,cwa:Mira-2,cwa,Mira-2,5,3,fixed_family_reuse,C-PCA-LDA,complete,C-PCA-LDA-006,C-PCA-LDA-005,10,0.02777777777777768,0.05555555555555547,0.15000000000000002
P03OUTER-65e0a47f478ba50595fd5337,EXP-C02-T1,T1-SURF,surfaces:within,surfaces,not_applicable,1,2,standard,,complete,C-NEAREST-CENTROID-000,C-NEAREST-CENTROID-001,8,0.0,0.0,0.0
P03OUTER-65e8c665e40bd3b63884575b,EXP-C12-CORAL,T3-ZS,pills:Agilent-1,pills,Agilent-1,1,0,source_covariance,,unavailable,,,0,,,
P03OUTER-65eaa4a9c62b7a6b489da5fd,EXP-C10-T3,T3-ZS,pills:Pendar-3,pills,Pendar-3,4,3,fixed_family_reuse,C-RBF-SVM,complete,C-RBF-SVM-012,C-RBF-SVM-014,36,0.0,0.0,0.0
P03OUTER-6616dc5b0b58120580313a82,EXP-C10-T3,T3-ZS,surfaces:Pendar-2,surfaces,Pendar-2,1,2,fixed_family_reuse,C-EXTRA-TREES,complete,C-EXTRA-TREES-001,C-EXTRA-TREES-002,16,0.0,0.0,0.0
P03OUTER-664f47ddae0d6f1278f37bf9,EXP-C10-T3,T3-ZS,pills:Pendar-1,pills,Pendar-1,2,2,fixed_family_reuse,C-PCA-LDA,complete,C-PCA-LDA-004,C-PCA-LDA-005,10,0.0,0.0,0.0
P03OUTER-665dce7139957086d7f64ed9,EXP-C10-T3,T3-ZS,cwa:Mira-2,cwa,Mira-2,2,1,fixed_family_reuse,C-EXTRA-TREES,complete,C-EXTRA-TREES-015,C-EXTRA-TREES-010,16,0.009259259259259245,0.0,0.03968253968253971
P03OUTER-669cfb3a84a30023053f2fc0,EXP-C10-T3,T3-ZS,cwa:Mira-2,cwa,Mira-2,5,2,fixed_family_reuse,C-EXTRA-TREES,complete,C-EXTRA-TREES-002,C-EXTRA-TREES-006,16,0.0,0.0,0.0
P03OUTER-669de40295101f3059ab9f27,EXP-C10-T3,T3-ZS,surfaces:Agilent-3,surfaces,Agilent-3,1,3,fixed_family_reuse,C-RBF-SVM,complete,C-RBF-SVM-019,C-RBF-SVM-018,36,0.033333333333333326,0.06666666666666671,0.07175324675324679
P03OUTER-66a2e2dfc91c48fc8768d6cf,EXP-C10-T3,T3-ZS,pills:Agilent-3,pills,Agilent-3,3,3,fixed_family_reuse,C-RANDOM-FOREST,complete,C-RANDOM-FOREST-000,C-RANDOM-FOREST-001,16,0.0,0.0,0.0
P03OUTER-66b3b07be3e8eccb03253ced,EXP-C10-T3,T3-ZS,pills:Pendar-1,pills,Pendar-1,3,1,fixed_family_reuse,C-PCA-LDA,complete,C-PCA-LDA-002,C-PCA-LDA-003,10,0.0,0.0,0.0
P03OUTER-66c9a72efaa30e49e259571f,EXP-C12-CORAL,T3-ZS,pills:Mira-3,pills,Mira-3,3,0,source_covariance,,unavailable,,,0,,,
P03OUTER-66ca8953bd5c2c07cede990e,EXP-C03-T1,T1-PILLS,pills:within,pills,not_applicable,5,0,standard,,complete,C-PCA-LDA-004,C-PCA-LDA-005,10,0.0,0.0,0.0
P03OUTER-66d498692c23b1b89683116b,EXP-C04-T1,T1-CWA,cwa:within,cwa,not_applicable,4,2,standard,,complete,C-PLS-DA-003,C-PLS-DA-004,5,0.01851851851851849,-0.11111111111111116,0.01851851851851849
P03OUTER-66f6b629fb4ba53ee7eddf30,EXP-C10-T3,T3-ZS,surfaces:Pendar-2,surfaces,Pendar-2,5,0,fixed_family_reuse,C-PCA-LDA,complete,C-PCA-LDA-004,C-PCA-LDA-005,10,0.0,0.0,0.0
P03OUTER-670cd1234149434377030429,EXP-C12-CORAL,T3-ZS,pills:Mira-3,pills,Mira-3,4,1,source_covariance,,unavailable,,,0,,,
P03OUTER-673cd7aee31cce2215e3a9e8,EXP-C09-T3,T3-ZS,cwa:RMX-1,cwa,RMX-1,1,3,standard,,complete,C-PCA-LDA-006,C-NEAREST-CENTROID-006,126,0.02777777777777779,-0.11111111111111105,0.011111111111111072
P03OUTER-6789733c1c57a5e41f89f4b4,EXP-C10-T3,T3-ZS,surfaces:Pendar-3,surfaces,Pendar-3,2,0,fixed_family_reuse,C-PCA-LDA,complete,C-PCA-LDA-000,C-PCA-LDA-008,6,0.0,0.0,0.0
P03OUTER-679526771b0d178031d5db88,EXP-C10-T3,T3-ZS,surfaces:Pendar-2,surfaces,Pendar-2,5,1,fixed_family_reuse,C-RANDOM-FOREST,complete,C-RANDOM-FOREST-001,C-RANDOM-FOREST-005,16,0.0,0.0,0.0
P03OUTER-67d85c123eaf14b27dd4e403,EXP-C10-T3,T3-ZS,surfaces:Agilent-3,surfaces,Agilent-3,3,2,fixed_family_reuse,C-RANDOM-FOREST,complete,C-RANDOM-FOREST-000,C-RANDOM-FOREST-001,16,0.0,0.0,0.002356902356902335
P03OUTER-67e34562278f9e34a83a939d,EXP-C02-T1,T1-SURF,surfaces:within,surfaces,not_applicable,3,0,standard,,complete,C-NEAREST-CENTROID-000,C-NEAREST-CENTROID-001,8,0.0,0.0,0.0
P03OUTER-67efc6457d40286b9cafb7b6,EXP-C10-T3,T3-ZS,surfaces:Mira-1,surfaces,Mira-1,5,0,fixed_family_reuse,C-RBF-SVM,complete,C-RBF-SVM-012,C-RBF-SVM-014,36,0.0,0.0,0.0
P03OUTER-6818247e55a133727d5fdda0,EXP-C09-T3,T3-ZS,cwa:Pendar-2,cwa,Pendar-2,1,0,standard,,complete,C-PLS-DA-001,C-PLS-DA-002,125,0.08333333333333326,0.0,0.07777777777777772
P03OUTER-6823f623d23b2b7982dbfaae,EXP-C02-T1,T1-SURF,surfaces:within,surfaces,not_applicable,2,3,standard,,complete,C-NEAREST-CENTROID-000,C-NEAREST-CENTROID-001,8,0.0,0.0,0.0
P03OUTER-68490152c506c322ea4f27bf,EXP-C10-T3,T3-ZS,cwa:Pendar-2,cwa,Pendar-2,4,0,fixed_family_reuse,C-RANDOM-FOREST,complete,C-RANDOM-FOREST-003,C-RANDOM-FOREST-000,16,5.551115123125783e-17,0.11111111111111116,0.017857142857142905
P03OUTER-68a47b55117697d43bfbf877,EXP-C10-T3,T3-ZS,cwa:Mira-2,cwa,Mira-2,2,3,fixed_family_reuse,C-RBF-SVM,complete,C-RBF-SVM-020,C-RBF-SVM-026,36,0.0,0.0,0.0
P03OUTER-68aa3f118a9ce29ba9424cbb,EXP-C09-CONTROL-META,T3-ZS,surfaces:Agilent-3,surfaces,Agilent-3,4,1,metadata_control,,complete,CTRL-META-C-LOGREG-EN-009,CTRL-META-C-LOGREG-EN-014,19,0.0,0.0,0.0
P03OUTER-69838a5579a3c5f451186fb8,EXP-C08-T1,T1-CWA,cwa:within,cwa,not_applicable,4,1,standard,,complete,C-EXTRA-TREES-002,C-EXTRA-TREES-003,16,0.0,0.0,0.0
P03OUTER-69c528a7be40fd338da60572,EXP-C10-T3,T3-ZS,surfaces:RMX-2,surfaces,RMX-2,2,3,fixed_family_reuse,C-PCA-LDA,complete,C-PCA-LDA-000,C-PCA-LDA-001,4,0.0,0.0,0.0
P03OUTER-69f5f93302d69049a2ee1311,EXP-C08-T1,T1-PILLS,pills:within,pills,not_applicable,1,1,standard,,complete,C-EXTRA-TREES-000,C-EXTRA-TREES-001,16,0.0,0.0,0.0
P03OUTER-69faae4ab65176772eab6bc4,EXP-C05-T1,T1-CWA,cwa:within,cwa,not_applicable,3,3,standard,,complete,C-LOGREG-EN-010,C-LOGREG-EN-011,29,0.0,0.0,0.0
P03OUTER-69fcd05cc6932445f7970e2a,EXP-C10-T3,T3-ZS,surfaces:Mira-1,surfaces,Mira-1,5,0,fixed_family_reuse,C-EXTRA-TREES,complete,C-EXTRA-TREES-000,C-EXTRA-TREES-001,16,0.0,0.0,0.0
P03OUTER-6a07d09d737b2208e7628667,EXP-C09-T3,T3-ZS,surfaces:Mira-1,surfaces,Mira-1,1,3,standard,,complete,C-SPECTRAL-MATCH-002,C-SPECTRAL-MATCH-000,119,0.03333333333333344,0.06666666666666665,0.025589225589225495
P03OUTER-6a1322191a59986faa066cf8,EXP-C10-T3,T3-ZS,surfaces:Pendar-2,surfaces,Pendar-2,1,0,fixed_family_reuse,C-PCA-LDA,complete,C-PCA-LDA-001,C-PCA-LDA-008,4,0.04444444444444445,0.0,0.02126776636580563
P03OUTER-6a313a9fca246b975b26108e,EXP-C12-CORAL,T3-ZS,surfaces:RMX-2,surfaces,RMX-2,5,0,source_covariance,,complete,CORAL-C-PCA-LDA-005,CORAL-C-PCA-LDA-004,46,0.07407407407407407,0.11111111111111116,0.11481481481481493
P03OUTER-6a5159ed7ca6310ac8036f53,EXP-C10-T3,T3-ZS,pills:Agilent-1,pills,Agilent-1,5,1,fixed_family_reuse,C-PCA-LDA,complete,C-PCA-LDA-004,C-PCA-LDA-005,10,0.0,0.0,0.0
P03OUTER-6a59c8e386c176de8e5e78d1,EXP-C09-CONTROL-META,T3-ZS,surfaces:RMX-2,surfaces,RMX-2,3,3,metadata_control,,complete,CTRL-META-C-LOGREG-EN-010,CTRL-META-C-LOGREG-EN-019,30,0.0,0.1111111111111111,-0.03703703703703709
P03OUTER-6a60916ed22d5033d92c20a8,EXP-C09-T3,T3-ZS,surfaces:Mira-1,surfaces,Mira-1,5,1,standard,,complete,C-RBF-SVM-014,C-PLS-DA-001,119,0.0,0.0,0.020707070707070674
P03OUTER-6aac5490f325c45aa0dc2795,EXP-C10-T3,T3-ZS,surfaces:Mira-1,surfaces,Mira-1,5,2,fixed_family_reuse,C-RANDOM-FOREST,complete,C-RANDOM-FOREST-013,C-RANDOM-FOREST-004,16,0.011111111111111072,0.0,0.015123456790123502
P03OUTER-6ad098fe5e1b03d46552747c,EXP-C12-CORAL,T3-ZS,surfaces:Pendar-2,surfaces,Pendar-2,4,2,source_covariance,,unavailable,,,0,,,
P03OUTER-6ad91bf7adbb78f70601ed85,EXP-C09-CONTROL-META,T3-ZS,cwa:Mira-2,cwa,Mira-2,4,3,metadata_control,,complete,CTRL-META-C-LOGREG-EN-010,CTRL-META-C-LOGREG-EN-015,30,0.0,0.0,0.009523809523809545
P03OUTER-6ae57d73a41bcaa5695c6bec,EXP-C09-CONTROL-META,T3-ZS,surfaces:Mira-1,surfaces,Mira-1,5,2,metadata_control,,complete,CTRL-META-C-LOGREG-EN-005,CTRL-META-C-LOGREG-EN-008,21,0.0,0.0,0.0
P03OUTER-6afb6541bc7d5fa5a676336f,EXP-C09-CONTROL-META,T3-ZS,surfaces:Pendar-2,surfaces,Pendar-2,4,0,metadata_control,,complete,CTRL-META-C-LOGREG-EN-019,CTRL-META-C-LOGREG-EN-000,30,0.0,0.0,0.025925925925925908
P03OUTER-6b1be6c1cbfa3e8ce0ecd78d,EXP-C06-T1,T1-PILLS,pills:within,pills,not_applicable,2,0,standard,,complete,C-RBF-SVM-012,C-RBF-SVM-014,36,0.0,0.0,0.0
P03OUTER-6b3bae069a6177e73151de5e,EXP-C09-T3,T3-ZS,pills:Pendar-1,pills,Pendar-1,4,2,standard,,complete,C-PLS-DA-000,C-LOGREG-EN-000,126,0.0,0.0,0.0
P03OUTER-6b3ede92853e5f939d356511,EXP-C10-T3,T3-ZS,pills:Pendar-1,pills,Pendar-1,1,0,fixed_family_reuse,C-PCA-LDA,complete,C-PCA-LDA-004,C-PCA-LDA-005,10,0.0,0.0,0.0
P03OUTER-6b49ccae0c3ac924a106c7cc,EXP-C05-T1,T1-SURF,surfaces:within,surfaces,not_applicable,5,1,standard,,complete,C-LOGREG-EN-000,C-LOGREG-EN-010,30,0.0,0.0,0.0
P03OUTER-6b53ba7697bd661efb9ef26f,EXP-C10-T3,T3-ZS,pills:Agilent-1,pills,Agilent-1,3,1,fixed_family_reuse,C-PCA-LDA,complete,C-PCA-LDA-002,C-PCA-LDA-003,10,0.0,0.0,0.0
P03OUTER-6b5660c53f14378c44607a03,EXP-C03-T1,T1-PILLS,pills:within,pills,not_applicable,4,0,standard,,complete,C-PCA-LDA-004,C-PCA-LDA-005,10,0.0,0.0,0.0
P03OUTER-6b60c3a9eb4021bb644619a4,EXP-C10-T3,T3-ZS,surfaces:RMX-2,surfaces,RMX-2,5,2,fixed_family_reuse,C-RBF-SVM,complete,C-RBF-SVM-013,C-RBF-SVM-019,36,0.0,0.0,0.0
P03OUTER-6b64c46b1b8d54473980b847,EXP-C10-T3,T3-ZS,cwa:RMX-1,cwa,RMX-1,2,2,fixed_family_reuse,C-RANDOM-FOREST,complete,C-RANDOM-FOREST-003,C-RANDOM-FOREST-002,16,0.018518518518518545,0.0,0.018386243386243395
P03OUTER-6b7900eaed62b96e76ea401f,EXP-C12-CORAL,T3-ZS,surfaces:RMX-2,surfaces,RMX-2,4,1,source_covariance,,unavailable,,,0,,,
P03OUTER-6b919120ea81cb9223cfe96f,EXP-C10-T3,T3-ZS,surfaces:RMX-2,surfaces,RMX-2,2,0,fixed_family_reuse,C-RBF-SVM,complete,C-RBF-SVM-025,C-RBF-SVM-031,36,0.0,0.0,0.0
P03OUTER-6ba65b5e1f44851cce386dcc,EXP-C03-T1,T1-CWA,cwa:within,cwa,not_applicable,1,2,standard,,complete,C-PCA-LDA-006,C-PCA-LDA-004,10,0.11111111111111116,0.16666666666666674,0.14920634920634923
P03OUTER-6be3ecc11201faa4393e63d5,EXP-C12-CORAL,T3-ZS,pills:Agilent-3,pills,Agilent-3,3,3,source_covariance,,unavailable,,,0,,,
P03OUTER-6be88ce9def885f03e09ff51,EXP-C06-T1,T1-PILLS,pills:within,pills,not_applicable,3,1,standard,,complete,C-RBF-SVM-012,C-RBF-SVM-013,36,0.0,0.0,0.0
P03OUTER-6be997a2c34376852df80c29,EXP-C09-CONTROL-META,T3-ZS,pills:Pendar-1,pills,Pendar-1,4,1,metadata_control,,complete,CTRL-META-C-LOGREG-EN-005,CTRL-META-C-LOGREG-EN-002,18,0.055555555555555525,0.0,0.03703703703703706
P03OUTER-6befbb2d5b1d67cff19b2f18,EXP-C10-T3,T3-ZS,surfaces:Pendar-2,surfaces,Pendar-2,1,3,fixed_family_reuse,C-EXTRA-TREES,complete,C-EXTRA-TREES-001,C-EXTRA-TREES-005,16,0.0,0.0,0.0
P03OUTER-6c2378d5601cd41274cc078e,EXP-C10-T3,T3-ZS,surfaces:Pendar-2,surfaces,Pendar-2,2,0,fixed_family_reuse,C-EXTRA-TREES,complete,C-EXTRA-TREES-005,C-EXTRA-TREES-009,16,0.0,0.0,0.0
P03OUTER-6c285cbeecce9597dada7342,EXP-C02-T1,T1-SURF,surfaces:within,surfaces,not_applicable,2,0,standard,,complete,C-NEAREST-CENTROID-000,C-NEAREST-CENTROID-001,8,0.0,0.0,0.0
P03OUTER-6c301df43284b08202efc2ff,EXP-C10-T3,T3-ZS,surfaces:Pendar-3,surfaces,Pendar-3,5,1,fixed_family_reuse,C-PCA-LDA,complete,C-PCA-LDA-002,C-PCA-LDA-003,6,0.04166666666666652,-0.0277777777777779,0.06548821548821537
P03OUTER-6c69946d67390c3ffda35b45,EXP-C12-CORAL,T3-ZS,cwa:RMX-1,cwa,RMX-1,4,2,source_covariance,,unavailable,,,0,,,
P03OUTER-6c6a1dccecdf8ad4d392bf2a,EXP-C10-T3,T3-ZS,cwa:Pendar-2,cwa,Pendar-2,3,3,fixed_family_reuse,C-RBF-SVM,complete,C-RBF-SVM-013,C-RBF-SVM-019,36,0.0,0.0,0.0
P03OUTER-6c814203e33f291a3401675f,EXP-C07-T1,T1-SURF,surfaces:within,surfaces,not_applicable,2,2,standard,,complete,C-RANDOM-FOREST-003,C-RANDOM-FOREST-007,16,0.03703703703703698,0.0,0.03809523809523818
P03OUTER-6c8b3f05c01fe4fef11c7abc,EXP-C10-T3,T3-ZS,pills:Mira-3,pills,Mira-3,5,0,fixed_family_reuse,C-EXTRA-TREES,complete,C-EXTRA-TREES-000,C-EXTRA-TREES-001,16,0.0,0.0,0.0
P03OUTER-6ca50f873ae9e325a237ebdb,EXP-C10-T3,T3-ZS,surfaces:Pendar-2,surfaces,Pendar-2,1,2,fixed_family_reuse,C-RBF-SVM,complete,C-RBF-SVM-024,C-RBF-SVM-030,36,0.0,0.0,0.0
P03OUTER-6cb7cf7dbeb49e159bd0228c,EXP-C09-T3,T3-ZS,pills:Pendar-3,pills,Pendar-3,2,3,standard,,complete,C-PLS-DA-000,C-LOGREG-EN-000,122,0.0,0.0,0.0
P03OUTER-6cc5a272802dd32463047822,EXP-C12-CORAL,T3-ZS,pills:Pendar-3,pills,Pendar-3,5,2,source_covariance,,unavailable,,,0,,,
P03OUTER-6cc5acb71e0859fffa191bb9,EXP-C10-T3,T3-ZS,cwa:Mira-2,cwa,Mira-2,3,2,fixed_family_reuse,C-RBF-SVM,complete,C-RBF-SVM-025,C-RBF-SVM-031,36,0.0,0.0,0.0007936507936507908
P03OUTER-6ccdb79b7a60b626242ecd07,EXP-C12-CORAL,T3-ZS,pills:Mira-3,pills,Mira-3,2,0,source_covariance,,unavailable,,,0,,,
P03OUTER-6cd9ae8565236e25eab53667,EXP-C10-T3,T3-ZS,pills:Pendar-1,pills,Pendar-1,3,3,fixed_family_reuse,C-RANDOM-FOREST,complete,C-RANDOM-FOREST-000,C-RANDOM-FOREST-001,16,0.0,0.0,0.0
P03OUTER-6d049249339c5e23f160ead4,EXP-C12-CORAL,T3-ZS,pills:Agilent-3,pills,Agilent-3,2,0,source_covariance,,unavailable,,,0,,,
P03OUTER-6d17e23ac41e3c56882c02d5,EXP-C09-CONTROL-META,T3-ZS,cwa:Mira-2,cwa,Mira-2,2,2,metadata_control,,complete,CTRL-META-C-LOGREG-EN-020,CTRL-META-C-LOGREG-EN-000,30,0.05555555555555558,0.0,0.055555555555555636
P03OUTER-6d3bf726fa6362a806e28147,EXP-C09-T3,T3-ZS,surfaces:RMX-2,surfaces,RMX-2,3,0,standard,,complete,C-PCA-LDA-003,C-LOGREG-EN-017,120,0.005555555555555536,0.08333333333333337,0.003459503459503299
P03OUTER-6d88391030c4cd98b8427dc1,EXP-C10-T3,T3-ZS,pills:Pendar-3,pills,Pendar-3,4,1,fixed_family_reuse,C-RBF-SVM,complete,C-RBF-SVM-012,C-RBF-SVM-014,36,0.0,0.0,0.0
P03OUTER-6d9d738475f19bccae8b0c7e,EXP-C09-CONTROL-META,T3-ZS,pills:Mira-3,pills,Mira-3,3,0,metadata_control,,complete,CTRL-META-C-LOGREG-EN-000,CTRL-META-C-LOGREG-EN-012,27,0.0,0.0,0.06613756613756613
P03OUTER-6da642f4df54f8967f4e505a,EXP-C01-T1,T1-PILLS,pills:within,pills,not_applicable,5,1,standard,,complete,C-SPECTRAL-MATCH-000,C-SPECTRAL-MATCH-001,3,0.0,0.0,0.0
P03OUTER-6db35acb17bddacf9714eadb,EXP-C10-T3,T3-ZS,pills:Agilent-3,pills,Agilent-3,3,2,fixed_family_reuse,C-EXTRA-TREES,complete,C-EXTRA-TREES-000,C-EXTRA-TREES-001,16,0.0,0.0,0.0
P03OUTER-6de349bd5bce5c42eecec970,EXP-C03-T1,T1-CWA,cwa:within,cwa,not_applicable,2,3,standard,,complete,C-PCA-LDA-006,C-PCA-LDA-008,10,0.0,0.0,0.0
P03OUTER-6e01be893244f01e87c294a1,EXP-C10-T3,T3-ZS,surfaces:Pendar-3,surfaces,Pendar-3,1,0,fixed_family_reuse,C-RBF-SVM,complete,C-RBF-SVM-025,C-RBF-SVM-031,36,0.0,0.0,0.0
P03OUTER-6e84b3128b5fb3c7e04f3454,EXP-C10-T3,T3-ZS,pills:Pendar-1,pills,Pendar-1,5,1,fixed_family_reuse,C-RBF-SVM,complete,C-RBF-SVM-012,C-RBF-SVM-013,36,0.0,0.0,0.0
P03OUTER-6ed9ca2293d41786076ca529,EXP-C10-T3,T3-ZS,pills:Agilent-3,pills,Agilent-3,5,3,fixed_family_reuse,C-RANDOM-FOREST,complete,C-RANDOM-FOREST-000,C-RANDOM-FOREST-001,16,0.0,0.0,0.0
P03OUTER-6ee94ec909bca7a2ffcd3530,EXP-C10-T3,T3-ZS,cwa:RMX-1,cwa,RMX-1,4,0,fixed_family_reuse,C-RBF-SVM,complete,C-RBF-SVM-014,C-RBF-SVM-012,36,0.05555555555555558,0.2777777777777778,0.09523809523809534
P03OUTER-6eeb569335d220b2cb9ded26,EXP-C10-T3,T3-ZS,cwa:Mira-2,cwa,Mira-2,2,2,fixed_family_reuse,C-RBF-SVM,complete,C-RBF-SVM-018,C-RBF-SVM-020,36,0.0,0.0,0.0
P03OUTER-6efaf88664c53da7c57522c4,EXP-C04-T1,T1-SURF,surfaces:within,surfaces,not_applicable,2,1,standard,,complete,C-PLS-DA-002,C-PLS-DA-003,5,0.0,0.0,0.0
P03OUTER-6f15e694efc7835a5ffd75f2,EXP-C09-CONTROL-META,T3-ZS,cwa:RMX-1,cwa,RMX-1,1,1,metadata_control,,complete,CTRL-META-C-LOGREG-EN-012,CTRL-META-C-LOGREG-EN-013,30,0.055555555555555525,0.0,0.11746031746031746
P03OUTER-6f3cdb2b9429e21b4be5802c,EXP-C10-T3,T3-ZS,surfaces:RMX-2,surfaces,RMX-2,1,2,fixed_family_reuse,C-EXTRA-TREES,complete,C-EXTRA-TREES-000,C-EXTRA-TREES-001,16,0.0,0.0,0.0
P03OUTER-6f4ac3aae90a5a937e9f9575,EXP-C05-T1,T1-SURF,surfaces:within,surfaces,not_applicable,3,1,standard,,complete,C-LOGREG-EN-010,C-LOGREG-EN-015,29,0.0,0.0,0.0
P03OUTER-6f4b47618c39665e2ef72be0,EXP-C05-T1,T1-PILLS,pills:within,pills,not_applicable,5,3,standard,,complete,C-LOGREG-EN-000,C-LOGREG-EN-005,26,0.0,0.0,0.0
P03OUTER-6f4ef87a2d202a8984a3d682,EXP-C10-T3,T3-ZS,cwa:Pendar-2,cwa,Pendar-2,5,3,fixed_family_reuse,C-EXTRA-TREES,complete,C-EXTRA-TREES-013,C-EXTRA-TREES-014,16,0.0,0.0,0.0
P03OUTER-6f60e91ebe822a7b011f6830,EXP-C10-T3,T3-ZS,surfaces:RMX-2,surfaces,RMX-2,2,1,fixed_family_reuse,C-EXTRA-TREES,complete,C-EXTRA-TREES-009,C-EXTRA-TREES-013,16,0.0,0.0,0.0
P03OUTER-6f6e1f85878a9a1e7cb3852b,EXP-C09-CONTROL-META,T3-ZS,cwa:Mira-2,cwa,Mira-2,2,3,metadata_control,,complete,CTRL-META-C-LOGREG-EN-010,CTRL-META-C-LOGREG-EN-019,29,0.0,0.0,0.0
P03OUTER-6f710f1423c5af7da6690e89,EXP-C12-CORAL,T3-ZS,cwa:Mira-2,cwa,Mira-2,3,2,source_covariance,,complete,CORAL-C-PCA-LDA-002,CORAL-C-PCA-LDA-003,46,0.0,0.0,0.0
P03OUTER-6f80d58fd1a08e0abfc10235,EXP-C10-T3,T3-ZS,cwa:RMX-1,cwa,RMX-1,2,2,fixed_family_reuse,C-EXTRA-TREES,complete,C-EXTRA-TREES-003,C-EXTRA-TREES-000,16,0.055555555555555525,-5.551115123125783e-17,0.03412698412698412
P03OUTER-6f9405131430f1b331132a4a,EXP-C10-T3,T3-ZS,pills:Pendar-1,pills,Pendar-1,5,3,fixed_family_reuse,C-PCA-LDA,complete,C-PCA-LDA-004,C-PCA-LDA-005,10,0.0,0.0,0.0
P03OUTER-6f981a953af49f1e1188ff66,EXP-C09-T3,T3-ZS,cwa:RMX-1,cwa,RMX-1,4,2,standard,,complete,C-PCA-LDA-007,C-PCA-LDA-006,125,0.0,0.0,0.011904761904761862
P03OUTER-6fa0c71d8e542c35dd7f2652,EXP-C10-T3,T3-ZS,pills:Agilent-3,pills,Agilent-3,1,0,fixed_family_reuse,C-PCA-LDA,complete,C-PCA-LDA-006,C-PCA-LDA-007,10,0.0,0.0,0.0
P03OUTER-6fae1a0eaebdf5c6f0473e24,EXP-C01-T1,T1-CWA,cwa:within,cwa,not_applicable,2,1,standard,,complete,C-SPECTRAL-MATCH-001,C-SPECTRAL-MATCH-002,3,0.05555555555555558,0.16666666666666674,0.08888888888888902
P03OUTER-6fc50a11d1d0225b70a7a123,EXP-C09-T3,T3-ZS,surfaces:Agilent-3,surfaces,Agilent-3,1,2,standard,,complete,C-PLS-DA-004,C-PCA-LDA-006,125,0.0,0.0,0.0
P03OUTER-6fdac6b92185905634ee7a39,EXP-C01-T1,T1-PILLS,pills:within,pills,not_applicable,5,2,standard,,complete,C-SPECTRAL-MATCH-000,C-SPECTRAL-MATCH-001,3,0.0,0.0,0.0
P03OUTER-6fe7d683b12ad71d5727e4e4,EXP-C10-T3,T3-ZS,surfaces:Mira-1,surfaces,Mira-1,5,0,fixed_family_reuse,C-PCA-LDA,complete,C-PCA-LDA-004,C-PCA-LDA-006,10,0.0,0.0,0.0
P03OUTER-700d7e475b1b7f8a13b26ad6,EXP-C09-T3,T3-ZS,cwa:RMX-1,cwa,RMX-1,5,0,standard,,complete,C-RBF-SVM-012,C-RBF-SVM-014,126,0.0,0.0,0.0
P03OUTER-7040b42b3083814be7afe5d6,EXP-C03-T1,T1-PILLS,pills:within,pills,not_applicable,2,0,standard,,complete,C-PCA-LDA-002,C-PCA-LDA-003,10,0.0,0.0,0.0
P03OUTER-70701bc5cfb25a7504ca6e7f,EXP-C10-T3,T3-ZS,cwa:Mira-2,cwa,Mira-2,3,0,fixed_family_reuse,C-RBF-SVM,complete,C-RBF-SVM-006,C-RBF-SVM-015,36,0.02777777777777779,0.0,-0.055555555555555525
P03OUTER-707c29f503602db8608f4ff2,EXP-C10-T3,T3-ZS,cwa:RMX-1,cwa,RMX-1,1,1,fixed_family_reuse,C-PCA-LDA,complete,C-PCA-LDA-006,C-PCA-LDA-008,10,0.0,0.0,0.0
P03OUTER-708cef5ef19972b09507938e,EXP-C10-T3,T3-ZS,surfaces:Pendar-2,surfaces,Pendar-2,4,0,fixed_family_reuse,C-EXTRA-TREES,complete,C-EXTRA-TREES-000,C-EXTRA-TREES-001,16,0.0,0.0,0.0
P03OUTER-7091498ea178ed667c086c5f,EXP-C10-T3,T3-ZS,cwa:RMX-1,cwa,RMX-1,3,3,fixed_family_reuse,C-EXTRA-TREES,complete,C-EXTRA-TREES-011,C-EXTRA-TREES-007,16,0.05555555555555558,0.11111111111111116,0.040740740740740744
P03OUTER-70a6746f335b53304981ba6f,EXP-C10-T3,T3-ZS,pills:Mira-3,pills,Mira-3,4,2,fixed_family_reuse,C-RBF-SVM,complete,C-RBF-SVM-012,C-RBF-SVM-014,36,0.0,0.0,0.0
P03OUTER-70a9f71ceffa848678b0cfee,EXP-C09-T3,T3-ZS,surfaces:Pendar-3,surfaces,Pendar-3,2,0,standard,,complete,C-LOGREG-EN-019,C-LOGREG-EN-018,121,0.0,0.0,0.014814814814814836
P03OUTER-70c281c0ebf7d6b190fc4218,EXP-C09-T3,T3-ZS,surfaces:RMX-2,surfaces,RMX-2,1,1,standard,,complete,C-LOGREG-EN-018,C-LOGREG-EN-016,118,0.022222222222222254,0.06666666666666665,0.04728604728604735
P03OUTER-70daa4325a856d63200062a3,EXP-C12-CORAL,T3-ZS,pills:Pendar-1,pills,Pendar-1,1,3,source_covariance,,unavailable,,,0,,,
P03OUTER-710bc82b534c5619a1669baf,EXP-C10-T3,T3-ZS,surfaces:RMX-2,surfaces,RMX-2,3,2,fixed_family_reuse,C-EXTRA-TREES,complete,C-EXTRA-TREES-001,C-EXTRA-TREES-005,16,0.0,0.0,0.0
P03OUTER-7147ab89182e5f90887ff3b8,EXP-C09-CONTROL-META,T3-ZS,cwa:Mira-2,cwa,Mira-2,3,3,metadata_control,,complete,CTRL-META-C-LOGREG-EN-000,CTRL-META-C-LOGREG-EN-005,30,0.0,0.0,0.0
P03OUTER-71664d2ff6655254eece8f07,EXP-C09-T3,T3-ZS,cwa:Pendar-2,cwa,Pendar-2,5,2,standard,,complete,C-PLS-DA-003,C-LOGREG-EN-020,125,0.0,0.0,0.01666666666666672
P03OUTER-71675a3dade08b853f8828d6,EXP-C09-T3,T3-ZS,pills:Pendar-3,pills,Pendar-3,4,1,standard,,complete,C-PLS-DA-000,C-LOGREG-EN-000,125,0.0,0.0,0.0
P03OUTER-7170453c77f19268396e3c83,EXP-C09-CONTROL-META,T3-ZS,surfaces:Mira-1,surfaces,Mira-1,3,1,metadata_control,,complete,CTRL-META-C-LOGREG-EN-012,CTRL-META-C-LOGREG-EN-006,22,0.0,0.0,0.012670565302144193
P03OUTER-7185d285de3394cac908ac85,EXP-C12-CORAL,T3-ZS,surfaces:Mira-1,surfaces,Mira-1,3,0,source_covariance,,complete,CORAL-C-RBF-SVM-014,CORAL-C-RBF-SVM-020,44,0.03333333333333344,0.0,0.03703703703703698
P03OUTER-71a2bdbf21a26c8573eba9ac,EXP-C09-T3,T3-ZS,pills:Pendar-3,pills,Pendar-3,5,3,standard,,complete,C-PLS-DA-000,C-LOGREG-EN-000,123,0.0,0.0,0.0
P03OUTER-71b6987dcffe3937e5b2a3ee,EXP-C10-T3,T3-ZS,surfaces:Pendar-2,surfaces,Pendar-2,5,0,fixed_family_reuse,C-RANDOM-FOREST,complete,C-RANDOM-FOREST-003,C-RANDOM-FOREST-002,16,0.0,0.0,0.009876543209876631
P03OUTER-71e38bd0f1e6a51871e65342,EXP-C10-T3,T3-ZS,pills:Agilent-1,pills,Agilent-1,4,1,fixed_family_reuse,C-RANDOM-FOREST,complete,C-RANDOM-FOREST-000,C-RANDOM-FOREST-001,16,0.0,0.0,0.0
P03OUTER-71ead6606411a16536963c52,EXP-C10-T3,T3-ZS,pills:Pendar-1,pills,Pendar-1,3,2,fixed_family_reuse,C-RANDOM-FOREST,complete,C-RANDOM-FOREST-000,C-RANDOM-FOREST-001,16,0.0,0.0,0.0
P03OUTER-71f0c0ba9a29e0542ada7623,EXP-C10-T3,T3-ZS,surfaces:RMX-2,surfaces,RMX-2,5,0,fixed_family_reuse,C-PCA-LDA,complete,C-PCA-LDA-006,C-PCA-LDA-005,10,0.11111111111111116,0.2222222222222222,0.1333333333333333
P03OUTER-71f543a50b90ef0ca3efecca,EXP-C09-T3,T3-ZS,cwa:RMX-1,cwa,RMX-1,2,1,standard,,complete,C-LOGREG-EN-010,C-LOGREG-EN-005,124,0.0,0.0,0.022222222222222143
P03OUTER-720665b769da7100c1e05b13,EXP-C10-T3,T3-ZS,pills:Agilent-1,pills,Agilent-1,4,0,fixed_family_reuse,C-RBF-SVM,complete,C-RBF-SVM-012,C-RBF-SVM-014,36,0.0,0.0,0.0
P03OUTER-720d2fb1b7fa4ffe15fa1f80,EXP-C10-T3,T3-ZS,pills:Pendar-1,pills,Pendar-1,1,2,fixed_family_reuse,C-RANDOM-FOREST,complete,C-RANDOM-FOREST-000,C-RANDOM-FOREST-001,16,0.0,0.0,0.0
P03OUTER-7216d189ab64f13efd40328d,EXP-C09-T3,T3-ZS,surfaces:Mira-1,surfaces,Mira-1,4,3,standard,,complete,C-SPECTRAL-MATCH-001,C-NEAREST-CENTROID-004,118,0.014285714285714346,0.04761904761904778,0.022222222222222254
P03OUTER-7226e04034ada615b9acabb4,EXP-C10-T3,T3-ZS,cwa:Pendar-2,cwa,Pendar-2,1,2,fixed_family_reuse,C-RANDOM-FOREST,complete,C-RANDOM-FOREST-001,C-RANDOM-FOREST-003,16,0.02777777777777779,0.05555555555555558,-0.0037037037037036535
P03OUTER-725581a059cc1aacb9c1cc58,EXP-C07-T1,T1-PILLS,pills:within,pills,not_applicable,5,0,standard,,complete,C-RANDOM-FOREST-000,C-RANDOM-FOREST-001,16,0.0,0.0,0.0
P03OUTER-726b952476a7b8bfc16ea2e1,EXP-C09-CONTROL-META,T3-ZS,surfaces:Pendar-3,surfaces,Pendar-3,2,0,metadata_control,,complete,CTRL-META-C-LOGREG-EN-000,CTRL-META-C-LOGREG-EN-001,24,0.0,0.0,0.0
P03OUTER-7275ebc66e07eeb52f4e1c72,EXP-C03-T1,T1-PILLS,pills:within,pills,not_applicable,3,2,standard,,complete,C-PCA-LDA-002,C-PCA-LDA-003,10,0.0,0.0,0.0
P03OUTER-727e40e0ffd3105ec0fb4c85,EXP-C12-CORAL,T3-ZS,pills:Agilent-1,pills,Agilent-1,2,0,source_covariance,,unavailable,,,0,,,
P03OUTER-728aa8f9a1e03d5f7cdb0ebc,EXP-C10-T3,T3-ZS,surfaces:Pendar-2,surfaces,Pendar-2,5,3,fixed_family_reuse,C-RANDOM-FOREST,complete,C-RANDOM-FOREST-003,C-RANDOM-FOREST-010,16,0.0,0.0,0.0
P03OUTER-72a68051de32991abf501f42,EXP-C10-T3,T3-ZS,cwa:Pendar-2,cwa,Pendar-2,3,0,fixed_family_reuse,C-PCA-LDA,complete,C-PCA-LDA-004,C-PCA-LDA-005,10,0.0,0.0,0.0
P03OUTER-72b19ea5fa3c3c39a5f7edde,EXP-C10-T3,T3-ZS,pills:Mira-3,pills,Mira-3,1,1,fixed_family_reuse,C-RBF-SVM,complete,C-RBF-SVM-012,C-RBF-SVM-014,36,0.0,0.0,0.0
P03OUTER-72d20078e6fa93e479fabd34,EXP-C10-T3,T3-ZS,cwa:Mira-2,cwa,Mira-2,2,1,fixed_family_reuse,C-RANDOM-FOREST,complete,C-RANDOM-FOREST-013,C-RANDOM-FOREST-009,16,0.0,0.0,0.0021164021164021274
P03OUTER-72fdb36aca4be3697cc7498c,EXP-C10-T3,T3-ZS,pills:Mira-3,pills,Mira-3,1,0,fixed_family_reuse,C-RBF-SVM,complete,C-RBF-SVM-012,C-RBF-SVM-014,36,0.0,0.0,0.0
P03OUTER-72fe06836fd7821bdf7892a6,EXP-C10-T3,T3-ZS,surfaces:Mira-1,surfaces,Mira-1,3,2,fixed_family_reuse,C-RBF-SVM,complete,C-RBF-SVM-019,C-RBF-SVM-025,36,0.0,0.0,0.0
P03OUTER-73131458c3849dadf34f5709,EXP-C10-T3,T3-ZS,pills:Pendar-3,pills,Pendar-3,1,1,fixed_family_reuse,C-RANDOM-FOREST,complete,C-RANDOM-FOREST-000,C-RANDOM-FOREST-001,16,0.0,0.0,0.0
P03OUTER-734caab8624826807b8aa1cd,EXP-C09-CONTROL-META,T3-ZS,pills:Agilent-3,pills,Agilent-3,4,0,metadata_control,,complete,CTRL-META-C-LOGREG-EN-011,CTRL-META-C-LOGREG-EN-010,16,0.05555555555555558,0.0,0.037037037037037035
P03OUTER-7350dde18034bb35fd71ebc5,EXP-C10-T3,T3-ZS,pills:Pendar-3,pills,Pendar-3,2,1,fixed_family_reuse,C-PCA-LDA,complete,C-PCA-LDA-004,C-PCA-LDA-005,10,0.0,0.0,0.0
P03OUTER-73715d0e6a0b5d4c4b3b3431,EXP-C10-T3,T3-ZS,surfaces:Agilent-3,surfaces,Agilent-3,5,0,fixed_family_reuse,C-PCA-LDA,complete,C-PCA-LDA-002,C-PCA-LDA-003,10,0.0,0.0,0.0
P03OUTER-7376a677de9401474a3e5216,EXP-C12-CORAL,T3-ZS,surfaces:Pendar-2,surfaces,Pendar-2,2,0,source_covariance,,unavailable,,,0,,,
P03OUTER-739eaba4cc6aeb6e59c38053,EXP-C10-T3,T3-ZS,pills:Agilent-1,pills,Agilent-1,1,2,fixed_family_reuse,C-RANDOM-FOREST,complete,C-RANDOM-FOREST-000,C-RANDOM-FOREST-001,16,0.0,0.0,0.0
P03OUTER-73ca7057219bd7fbb4153f9d,EXP-C10-T3,T3-ZS,pills:Agilent-1,pills,Agilent-1,2,2,fixed_family_reuse,C-PCA-LDA,complete,C-PCA-LDA-002,C-PCA-LDA-003,10,0.0,0.0,0.0
P03OUTER-73daa51b373fd0ba30307229,EXP-C09-CONTROL-META,T3-ZS,cwa:Pendar-2,cwa,Pendar-2,4,0,metadata_control,,complete,CTRL-META-C-LOGREG-EN-025,CTRL-META-C-LOGREG-EN-020,30,0.16666666666666674,0.0,0.22619047619047628
P03OUTER-73db27c37c3a5e44d4ee5e8f,EXP-C12-CORAL,T3-ZS,pills:Mira-3,pills,Mira-3,2,3,source_covariance,,unavailable,,,0,,,
P03OUTER-73e4a6da42c999513a8fce33,EXP-C12-CORAL,T3-ZS,cwa:Mira-2,cwa,Mira-2,4,2,source_covariance,,unavailable,,,0,,,
P03OUTER-7407eff0e9ae5a003c03ccd0,EXP-C07-T1,T1-PILLS,pills:within,pills,not_applicable,3,1,standard,,complete,C-RANDOM-FOREST-000,C-RANDOM-FOREST-001,16,0.0,0.0,0.0
P03OUTER-74584b8a6cb99f84535b2b00,EXP-C09-T3,T3-ZS,cwa:RMX-1,cwa,RMX-1,4,3,standard,,complete,C-LOGREG-EN-020,C-LOGREG-EN-025,125,0.0,0.0,0.0
P03OUTER-74a47674d427dca6d6a2d8fd,EXP-C04-T1,T1-SURF,surfaces:within,surfaces,not_applicable,1,3,standard,,complete,C-PLS-DA-001,C-PLS-DA-002,5,0.0,0.0,0.0
P03OUTER-74b99abbac7cd0847c05c0db,EXP-C07-T1,T1-SURF,surfaces:within,surfaces,not_applicable,4,0,standard,,complete,C-RANDOM-FOREST-003,C-RANDOM-FOREST-007,16,0.01851851851851838,0.0,0.01763668430335108
P03OUTER-74c534286af26aec52bd95ca,EXP-C10-T3,T3-ZS,pills:Agilent-1,pills,Agilent-1,3,3,fixed_family_reuse,C-EXTRA-TREES,complete,C-EXTRA-TREES-000,C-EXTRA-TREES-001,16,0.0,0.0,0.0
P03OUTER-74d48c2b9c7bf0f345582e4d,EXP-C02-T1,T1-PILLS,pills:within,pills,not_applicable,1,1,standard,,complete,C-NEAREST-CENTROID-003,C-NEAREST-CENTROID-000,8,0.05555555555555558,0.0,0.07407407407407418
P03OUTER-74fefe42f06f534964a141c1,EXP-C10-T3,T3-ZS,surfaces:Pendar-2,surfaces,Pendar-2,1,2,fixed_family_reuse,C-PCA-LDA,complete,C-PCA-LDA-004,C-PCA-LDA-005,10,0.0,0.0,0.0
P03OUTER-7523b7c44397fd8a8103c5bb,EXP-C08-T1,T1-SURF,surfaces:within,surfaces,not_applicable,5,3,standard,,complete,C-EXTRA-TREES-003,C-EXTRA-TREES-006,16,0.0,0.0,0.0
P03OUTER-7528248fb08ccbaea24762ba,EXP-C05-T1,T1-PILLS,pills:within,pills,not_applicable,2,1,standard,,complete,C-LOGREG-EN-000,C-LOGREG-EN-005,29,0.0,0.0,0.0
P03OUTER-7528d368a55b040c1599f158,EXP-C10-T3,T3-ZS,surfaces:RMX-2,surfaces,RMX-2,5,2,fixed_family_reuse,C-PCA-LDA,complete,C-PCA-LDA-001,C-PCA-LDA-009,4,0.0,0.0,0.0
P03OUTER-75442cdeb8a642479549b8e9,EXP-C04-T1,T1-CWA,cwa:within,cwa,not_applicable,3,2,standard,,complete,C-PLS-DA-003,C-PLS-DA-000,5,0.07407407407407407,0.2222222222222222,0.09444444444444444
P03OUTER-7544359d23a6e41bcb8e7b0a,EXP-C10-T3,T3-ZS,surfaces:RMX-2,surfaces,RMX-2,5,3,fixed_family_reuse,C-RANDOM-FOREST,complete,C-RANDOM-FOREST-008,C-RANDOM-FOREST-012,16,0.018518518518518545,0.0,0.022616453989003027
P03OUTER-754a5102153bad70292fe0e4,EXP-C09-T3,T3-ZS,surfaces:Mira-1,surfaces,Mira-1,3,3,standard,,complete,C-NEAREST-CENTROID-000,C-NEAREST-CENTROID-001,125,0.0,0.0,0.0
P03OUTER-75581a19ff06237d61cf772c,EXP-C10-T3,T3-ZS,surfaces:Pendar-3,surfaces,Pendar-3,5,3,fixed_family_reuse,C-EXTRA-TREES,complete,C-EXTRA-TREES-003,C-EXTRA-TREES-007,16,0.0,0.0,0.0
P03OUTER-757d44a11385e78c8305dcf3,EXP-C10-T3,T3-ZS,cwa:Pendar-2,cwa,Pendar-2,5,2,fixed_family_reuse,C-PCA-LDA,complete,C-PCA-LDA-004,C-PCA-LDA-005,10,0.0,0.0,0.0
P03OUTER-758e272aa4cf147a3d39342c,EXP-C10-T3,T3-ZS,surfaces:Pendar-2,surfaces,Pendar-2,5,1,fixed_family_reuse,C-RBF-SVM,complete,C-RBF-SVM-002,C-RBF-SVM-008,36,0.0,0.0,0.0
P03OUTER-75a29efa1f9da4bb76590d3e,EXP-C10-T3,T3-ZS,pills:Mira-3,pills,Mira-3,3,0,fixed_family_reuse,C-RANDOM-FOREST,complete,C-RANDOM-FOREST-000,C-RANDOM-FOREST-001,16,0.0,0.0,0.0
P03OUTER-75d91edb5f540df5ec2c7a2c,EXP-C10-T3,T3-ZS,pills:Agilent-1,pills,Agilent-1,3,2,fixed_family_reuse,C-RBF-SVM,complete,C-RBF-SVM-012,C-RBF-SVM-014,36,0.0,0.0,0.0
P03OUTER-75f48620c4d4445138bd577f,EXP-C10-T3,T3-ZS,surfaces:Mira-1,surfaces,Mira-1,1,1,fixed_family_reuse,C-RANDOM-FOREST,complete,C-RANDOM-FOREST-006,C-RANDOM-FOREST-010,16,0.0,0.0,0.0
P03OUTER-75fd3e2168379cab9657f4dd,EXP-C09-CONTROL-META,T3-ZS,cwa:RMX-1,cwa,RMX-1,1,2,metadata_control,,complete,CTRL-META-C-LOGREG-EN-015,CTRL-META-C-LOGREG-EN-016,30,0.0,0.0,0.0
P03OUTER-7604ba303c5fb5228de31da0,EXP-C09-CONTROL-META,T3-ZS,surfaces:Agilent-3,surfaces,Agilent-3,4,0,metadata_control,,complete,CTRL-META-C-LOGREG-EN-015,CTRL-META-C-LOGREG-EN-020,30,0.0,0.0,0.0
P03OUTER-7624663e45dd739fc1d4c747,EXP-C12-CORAL,T3-ZS,surfaces:Pendar-3,surfaces,Pendar-3,2,2,source_covariance,,complete,CORAL-C-PCA-LDA-002,CORAL-C-PCA-LDA-003,44,0.01388888888888884,0.08333333333333337,0.005846005846005697
P03OUTER-764d635efd59a1196f788b91,EXP-C10-T3,T3-ZS,pills:Agilent-3,pills,Agilent-3,3,3,fixed_family_reuse,C-RBF-SVM,complete,C-RBF-SVM-012,C-RBF-SVM-014,36,0.0,0.0,0.0
P03OUTER-766188809501a5d172f3cc78,EXP-C10-T3,T3-ZS,surfaces:Mira-1,surfaces,Mira-1,5,3,fixed_family_reuse,C-RBF-SVM,complete,C-RBF-SVM-018,C-RBF-SVM-020,36,0.0,0.0,0.0
P03OUTER-766c1995cbf2d4a122c01db5,EXP-C09-T3,T3-ZS,pills:Pendar-3,pills,Pendar-3,3,0,standard,,complete,C-PLS-DA-000,C-LOGREG-EN-000,125,0.0,0.0,0.0
P03OUTER-768c3d38556be3687275ab1f,EXP-C09-CONTROL-META,T3-ZS,cwa:Mira-2,cwa,Mira-2,5,2,metadata_control,,complete,CTRL-META-C-LOGREG-EN-005,CTRL-META-C-LOGREG-EN-015,30,0.0,0.0,0.0
P03OUTER-768c4c6efea8decaccb730f0,EXP-C10-T3,T3-ZS,surfaces:Agilent-3,surfaces,Agilent-3,4,1,fixed_family_reuse,C-PCA-LDA,complete,C-PCA-LDA-003,C-PCA-LDA-008,6,0.11111111111111116,0.0,0.11987734487734486
P03OUTER-76e8364e1f9460fc13105a42,EXP-C04-T1,T1-CWA,cwa:within,cwa,not_applicable,5,3,standard,,complete,C-PLS-DA-004,C-PLS-DA-003,5,0.0185185185185186,-0.05555555555555569,-0.011111111111111072
P03OUTER-76f71c80e44e2fcdd5cc37e5,EXP-C06-T1,T1-CWA,cwa:within,cwa,not_applicable,2,2,standard,,complete,C-RBF-SVM-018,C-RBF-SVM-030,36,0.0,0.0,0.0
P03OUTER-76fa355ec942dbde277cc7f9,EXP-C10-T3,T3-ZS,surfaces:Agilent-3,surfaces,Agilent-3,1,1,fixed_family_reuse,C-RBF-SVM,complete,C-RBF-SVM-019,C-RBF-SVM-025,36,0.033333333333333326,0.0,0.051515151515151514
P03OUTER-771460ceaeb87f8055b13fa2,EXP-C09-CONTROL-META,T3-ZS,surfaces:Mira-1,surfaces,Mira-1,1,0,metadata_control,,complete,CTRL-META-C-LOGREG-EN-001,CTRL-META-C-LOGREG-EN-002,24,0.0,0.0,0.0
P03OUTER-771d966d51722c1b165931ff,EXP-C12-CORAL,T3-ZS,surfaces:Pendar-3,surfaces,Pendar-3,5,0,source_covariance,,complete,CORAL-C-PCA-LDA-002,CORAL-C-PCA-LDA-003,46,0.0,0.0,0.0
P03OUTER-771e3bf20df17ec8f45a4db0,EXP-C01-T1,T1-CWA,cwa:within,cwa,not_applicable,1,2,standard,,complete,C-SPECTRAL-MATCH-000,C-SPECTRAL-MATCH-001,3,0.0,0.0,0.0
P03OUTER-773ad8bf558b30ce3177c336,EXP-C02-T1,T1-PILLS,pills:within,pills,not_applicable,3,1,standard,,complete,C-NEAREST-CENTROID-004,C-NEAREST-CENTROID-005,8,0.0,0.0,0.0
P03OUTER-775c4b2643da2437cf22e45b,EXP-C10-T3,T3-ZS,pills:Pendar-1,pills,Pendar-1,4,3,fixed_family_reuse,C-RBF-SVM,complete,C-RBF-SVM-012,C-RBF-SVM-014,36,0.0,0.0,0.0
P03OUTER-77856bdc36e402d46aa38546,EXP-C09-CONTROL-META,T3-ZS,pills:Pendar-3,pills,Pendar-3,4,3,metadata_control,,complete,CTRL-META-C-LOGREG-EN-016,CTRL-META-C-LOGREG-EN-017,19,0.0,0.0,0.0
P03OUTER-77b593c0a0b87dc744723a62,EXP-C09-CONTROL-META,T3-ZS,surfaces:RMX-2,surfaces,RMX-2,5,1,metadata_control,,complete,CTRL-META-C-LOGREG-EN-018,CTRL-META-C-LOGREG-EN-019,21,0.0,0.0,0.0
P03OUTER-781c50714c95246ea389f2e9,EXP-C10-T3,T3-ZS,cwa:Pendar-2,cwa,Pendar-2,2,2,fixed_family_reuse,C-RANDOM-FOREST,complete,C-RANDOM-FOREST-001,C-RANDOM-FOREST-000,16,0.0,0.0,0.012962962962963065
P03OUTER-783b225cd5c761ac127fd269,EXP-C09-T3,T3-ZS,cwa:Pendar-2,cwa,Pendar-2,3,0,standard,,complete,C-LOGREG-EN-019,C-PCA-LDA-004,125,0.02777777777777779,-0.11111111111111105,0.005555555555555647
P03OUTER-7843829d1ee0094476b79c5f,EXP-C09-CONTROL-META,T3-ZS,cwa:Mira-2,cwa,Mira-2,4,0,metadata_control,,complete,CTRL-META-C-LOGREG-EN-024,CTRL-META-C-LOGREG-EN-015,30,0.02777777777777779,0.0,0.06944444444444442
P03OUTER-785a6b5a884127ed14d827aa,EXP-C10-T3,T3-ZS,pills:Agilent-1,pills,Agilent-1,4,2,fixed_family_reuse,C-EXTRA-TREES,complete,C-EXTRA-TREES-000,C-EXTRA-TREES-001,16,0.0,0.0,0.0
P03OUTER-786c7867f7336176889053ef,EXP-C10-T3,T3-ZS,cwa:RMX-1,cwa,RMX-1,5,0,fixed_family_reuse,C-PCA-LDA,complete,C-PCA-LDA-007,C-PCA-LDA-006,10,0.08333333333333337,0.16666666666666669,0.06666666666666665
P03OUTER-7882b2e0a2f4f61d44a83c0f,EXP-C10-T3,T3-ZS,pills:Agilent-1,pills,Agilent-1,2,2,fixed_family_reuse,C-EXTRA-TREES,complete,C-EXTRA-TREES-000,C-EXTRA-TREES-001,16,0.0,0.0,0.0
P03OUTER-78baf14ace4d84d90fe923a3,EXP-C09-T3,T3-ZS,pills:Agilent-3,pills,Agilent-3,4,0,standard,,complete,C-PLS-DA-000,C-LOGREG-EN-000,121,0.0,0.0,0.0
P03OUTER-78dc055809fc69a7f9e01429,EXP-C09-T3,T3-ZS,surfaces:RMX-2,surfaces,RMX-2,4,2,standard,,complete,C-PCA-LDA-001,C-SPECTRAL-MATCH-001,115,0.06746031746031733,-0.03571428571428581,0.11542223208889868
P03OUTER-78e90eddb7e61c8f6581a4b5,EXP-C10-T3,T3-ZS,pills:Agilent-1,pills,Agilent-1,1,2,fixed_family_reuse,C-PCA-LDA,complete,C-PCA-LDA-004,C-PCA-LDA-005,10,0.0,0.0,0.0
P03OUTER-78f7d1ab537d7232f12f78b3,EXP-C10-T3,T3-ZS,surfaces:Mira-1,surfaces,Mira-1,1,0,fixed_family_reuse,C-EXTRA-TREES,complete,C-EXTRA-TREES-004,C-EXTRA-TREES-000,16,0.0,0.0,0.007122507122507171
P03OUTER-79449af78f036172758f422c,EXP-C09-CONTROL-META,T3-ZS,surfaces:Pendar-3,surfaces,Pendar-3,5,0,metadata_control,,complete,CTRL-META-C-LOGREG-EN-010,CTRL-META-C-LOGREG-EN-016,30,0.0,0.0,0.0
P03OUTER-79493866d5b6de3c435e94d8,EXP-C10-T3,T3-ZS,surfaces:Pendar-3,surfaces,Pendar-3,3,0,fixed_family_reuse,C-EXTRA-TREES,complete,C-EXTRA-TREES-008,C-EXTRA-TREES-000,16,0.016666666666666663,0.0,0.07900432900432902
P03OUTER-796530af1c538f57dd7c415c,EXP-C09-CONTROL-META,T3-ZS,pills:Agilent-1,pills,Agilent-1,5,3,metadata_control,,complete,CTRL-META-C-LOGREG-EN-010,CTRL-META-C-LOGREG-EN-017,19,0.0,0.0,0.025925925925925963
P03OUTER-79762bdd6eba4d1de7c5b6de,EXP-C12-CORAL,T3-ZS,pills:Agilent-1,pills,Agilent-1,1,1,source_covariance,,unavailable,,,0,,,
P03OUTER-79af54927f46821d571b8a7b,EXP-C09-CONTROL-META,T3-ZS,pills:Pendar-3,pills,Pendar-3,1,3,metadata_control,,complete,CTRL-META-C-LOGREG-EN-017,CTRL-META-C-LOGREG-EN-018,30,0.0,0.0,0.0
P03OUTER-79d4a8d0b7a4e8b1f67682f1,EXP-C10-T3,T3-ZS,surfaces:Mira-1,surfaces,Mira-1,2,3,fixed_family_reuse,C-RANDOM-FOREST,complete,C-RANDOM-FOREST-012,C-RANDOM-FOREST-000,16,0.01746031746031762,-0.031746031746031744,0.03816784159921416
P03OUTER-79ec503bdeb087caa7e6d02b,EXP-C10-T3,T3-ZS,surfaces:Mira-1,surfaces,Mira-1,3,2,fixed_family_reuse,C-PCA-LDA,complete,C-PCA-LDA-002,C-PCA-LDA-003,6,0.011111111111111072,0.0888888888888889,0.0683131683131683
P03OUTER-7a1dffe2783ba2412d3ae39d,EXP-C08-T1,T1-PILLS,pills:within,pills,not_applicable,4,1,standard,,complete,C-EXTRA-TREES-000,C-EXTRA-TREES-001,16,0.0,0.0,0.0
P03OUTER-7a6201014a2a23fee37aa11a,EXP-C08-T1,T1-PILLS,pills:within,pills,not_applicable,4,2,standard,,complete,C-EXTRA-TREES-000,C-EXTRA-TREES-001,16,0.0,0.0,0.0
P03OUTER-7a83c1bc04ceb5fc9c32b882,EXP-C05-T1,T1-PILLS,pills:within,pills,not_applicable,2,2,standard,,complete,C-LOGREG-EN-000,C-LOGREG-EN-005,27,0.0,0.0,0.0
P03OUTER-7a8a88aff57798c4f9dad560,EXP-C10-T3,T3-ZS,surfaces:Pendar-2,surfaces,Pendar-2,2,1,fixed_family_reuse,C-EXTRA-TREES,complete,C-EXTRA-TREES-000,C-EXTRA-TREES-004,16,0.0,0.0,0.0
P03OUTER-7ab519abf0f1d0b978852796,EXP-C12-CORAL,T3-ZS,pills:Mira-3,pills,Mira-3,2,2,source_covariance,,unavailable,,,0,,,
P03OUTER-7ab70ff65195baf17bd5229d,EXP-C08-T1,T1-PILLS,pills:within,pills,not_applicable,4,0,standard,,complete,C-EXTRA-TREES-000,C-EXTRA-TREES-001,16,0.0,0.0,0.0
P03OUTER-7ac268b490dcb49ab892f5c7,EXP-C09-T3,T3-ZS,surfaces:Agilent-3,surfaces,Agilent-3,3,2,standard,,complete,C-LOGREG-EN-019,C-LOGREG-EN-016,119,0.022222222222222032,-0.05555555555555569,-0.002645502645502784
P03OUTER-7ac344793002e1a174e5aad6,EXP-C10-T3,T3-ZS,pills:Mira-3,pills,Mira-3,5,1,fixed_family_reuse,C-PCA-LDA,complete,C-PCA-LDA-002,C-PCA-LDA-003,10,0.0,0.0,0.0
P03OUTER-7acd2fa668d86df874841922,EXP-C10-T3,T3-ZS,surfaces:Agilent-3,surfaces,Agilent-3,5,3,fixed_family_reuse,C-EXTRA-TREES,complete,C-EXTRA-TREES-001,C-EXTRA-TREES-000,16,0.023809523809523836,0.047619047619047616,0.02949272949272952
P03OUTER-7adbfb10633158d0cd48fc6c,EXP-C10-T3,T3-ZS,surfaces:Agilent-3,surfaces,Agilent-3,3,3,fixed_family_reuse,C-RBF-SVM,complete,C-RBF-SVM-025,C-RBF-SVM-031,36,0.0,0.0,0.0
P03OUTER-7b0c32d867d1d5c604adc3e9,EXP-C08-T1,T1-CWA,cwa:within,cwa,not_applicable,1,2,standard,,complete,C-EXTRA-TREES-000,C-EXTRA-TREES-004,16,0.0,0.0,0.0
P03OUTER-7b21c3c2c421be2bef645583,EXP-C10-T3,T3-ZS,pills:Mira-3,pills,Mira-3,5,0,fixed_family_reuse,C-RBF-SVM,complete,C-RBF-SVM-012,C-RBF-SVM-013,36,0.0,0.0,0.0
P03OUTER-7b226cd983ae73ebc1ffd372,EXP-C10-T3,T3-ZS,pills:Mira-3,pills,Mira-3,2,3,fixed_family_reuse,C-RANDOM-FOREST,complete,C-RANDOM-FOREST-000,C-RANDOM-FOREST-001,16,0.0,0.0,0.0
P03OUTER-7b652e01ef55fc82c2201b62,EXP-C06-T1,T1-SURF,surfaces:within,surfaces,not_applicable,5,1,standard,,complete,C-RBF-SVM-013,C-RBF-SVM-018,36,0.0,0.0,0.0
P03OUTER-7b7f5fd6c0daae4d5c516779,EXP-C12-CORAL,T3-ZS,surfaces:RMX-2,surfaces,RMX-2,1,2,source_covariance,,unavailable,,,0,,,
P03OUTER-7b855d647f020b614436fb24,EXP-C10-T3,T3-ZS,cwa:Mira-2,cwa,Mira-2,3,3,fixed_family_reuse,C-RBF-SVM,complete,C-RBF-SVM-030,C-RBF-SVM-032,36,0.0,0.0,0.0
P03OUTER-7b8676f58eb23fb689eebc0e,EXP-C09-T3,T3-ZS,pills:Mira-3,pills,Mira-3,1,1,standard,,complete,C-SPECTRAL-MATCH-000,C-PLS-DA-000,125,0.0,0.0,0.0
P03OUTER-7b8eaea86623271bd5b46112,EXP-C10-T3,T3-ZS,pills:Agilent-3,pills,Agilent-3,5,2,fixed_family_reuse,C-RBF-SVM,complete,C-RBF-SVM-012,C-RBF-SVM-014,36,0.0,0.0,0.0
P03OUTER-7ba95066ad80e21109d7540b,EXP-C10-T3,T3-ZS,pills:Pendar-3,pills,Pendar-3,3,1,fixed_family_reuse,C-RBF-SVM,complete,C-RBF-SVM-012,C-RBF-SVM-014,36,0.0,0.0,0.0
P03OUTER-7baac182185c046d4ca2e77e,EXP-C12-CORAL,T3-ZS,surfaces:Agilent-3,surfaces,Agilent-3,1,0,source_covariance,,complete,CORAL-C-PCA-LDA-002,CORAL-C-PCA-LDA-003,42,0.09999999999999987,0.0,0.13498075998075998
P03OUTER-7bacf43a66ec1b3ca5b3fa28,EXP-C10-T3,T3-ZS,cwa:Mira-2,cwa,Mira-2,1,1,fixed_family_reuse,C-RANDOM-FOREST,complete,C-RANDOM-FOREST-007,C-RANDOM-FOREST-009,16,0.0,0.05555555555555558,0.015873015873015928
P03OUTER-7bb5aec5e5f410f235cee5ff,EXP-C05-T1,T1-PILLS,pills:within,pills,not_applicable,1,1,standard,,complete,C-LOGREG-EN-000,C-LOGREG-EN-005,29,0.0,0.0,0.0
P03OUTER-7bbb3be2e3fb36f90b5d33bd,EXP-C10-T3,T3-ZS,surfaces:Mira-1,surfaces,Mira-1,5,1,fixed_family_reuse,C-PCA-LDA,complete,C-PCA-LDA-003,C-PCA-LDA-002,6,0.0277777777777779,0.0277777777777779,0.05793835793835811
P03OUTER-7bc2c166b41abf94606b93a8,EXP-C10-T3,T3-ZS,surfaces:Agilent-3,surfaces,Agilent-3,3,0,fixed_family_reuse,C-RANDOM-FOREST,complete,C-RANDOM-FOREST-005,C-RANDOM-FOREST-001,16,0.002777777777777768,0.005555555555555536,-0.0015873015873015817
P03OUTER-7bd254a598ffdcaaa1b31d8b,EXP-C02-T1,T1-SURF,surfaces:within,surfaces,not_applicable,4,1,standard,,complete,C-NEAREST-CENTROID-000,C-NEAREST-CENTROID-001,8,0.0,0.0,0.0
P03OUTER-7c1cb2b0807880215e946fe1,EXP-C04-T1,T1-CWA,cwa:within,cwa,not_applicable,3,0,standard,,complete,C-PLS-DA-001,C-PLS-DA-002,5,0.0,0.16666666666666674,-0.0037037037037037646
P03OUTER-7c5c4268504a8c0658875a50,EXP-C10-T3,T3-ZS,surfaces:Pendar-3,surfaces,Pendar-3,4,0,fixed_family_reuse,C-PCA-LDA,complete,C-PCA-LDA-006,C-PCA-LDA-004,10,0.03703703703703698,0.0,0.04444444444444451
P03OUTER-7c6534f50069e2d0969f9125,EXP-C06-T1,T1-SURF,surfaces:within,surfaces,not_applicable,2,0,standard,,complete,C-RBF-SVM-012,C-RBF-SVM-014,36,0.0,0.0,0.0
P03OUTER-7cc915156b751871bceae82b,EXP-C09-T3,T3-ZS,surfaces:Mira-1,surfaces,Mira-1,2,0,standard,,complete,C-SPECTRAL-MATCH-000,C-SPECTRAL-MATCH-002,121,0.0,0.0,0.0
P03OUTER-7cc92315059e628a00f18bb6,EXP-C09-CONTROL-META,T3-ZS,pills:Agilent-3,pills,Agilent-3,2,2,metadata_control,,complete,CTRL-META-C-LOGREG-EN-011,CTRL-META-C-LOGREG-EN-010,17,0.0,0.3333333333333333,-0.021693121693121653
P03OUTER-7ce6a1cb396f7727c8e014a9,EXP-C09-CONTROL-META,T3-ZS,cwa:RMX-1,cwa,RMX-1,2,0,metadata_control,,complete,CTRL-META-C-LOGREG-EN-018,CTRL-META-C-LOGREG-EN-019,30,0.0,0.0,0.0
P03OUTER-7cf9daf10e8fc7d07e7fcc98,EXP-C10-T3,T3-ZS,surfaces:RMX-2,surfaces,RMX-2,3,3,fixed_family_reuse,C-EXTRA-TREES,complete,C-EXTRA-TREES-004,C-EXTRA-TREES-008,16,0.0,0.0,0.0
P03OUTER-7d05298d4e5e952d90d97a71,EXP-C09-CONTROL-META,T3-ZS,pills:Pendar-1,pills,Pendar-1,4,2,metadata_control,,complete,CTRL-META-C-LOGREG-EN-005,CTRL-META-C-LOGREG-EN-003,16,0.055555555555555525,0.0,0.09470899470899477
P03OUTER-7d072c61a530881b4e6f51d2,EXP-C10-T3,T3-ZS,surfaces:RMX-2,surfaces,RMX-2,1,0,fixed_family_reuse,C-PCA-LDA,complete,C-PCA-LDA-001,C-PCA-LDA-000,4,0.12222222222222229,-0.03333333333333338,0.08934135943939853
P03OUTER-7d0f87fe40e02eeda448be75,EXP-C10-T3,T3-ZS,pills:Pendar-3,pills,Pendar-3,3,2,fixed_family_reuse,C-RBF-SVM,complete,C-RBF-SVM-012,C-RBF-SVM-014,36,0.0,0.0,0.0
P03OUTER-7d16d1ded0630868516f966c,EXP-C10-T3,T3-ZS,surfaces:RMX-2,surfaces,RMX-2,2,3,fixed_family_reuse,C-RANDOM-FOREST,complete,C-RANDOM-FOREST-012,C-RANDOM-FOREST-004,16,0.03439153439153447,0.0,0.03872969199766596
P03OUTER-7d2a087ded3de0df95029e63,EXP-C10-T3,T3-ZS,cwa:RMX-1,cwa,RMX-1,2,1,fixed_family_reuse,C-RBF-SVM,complete,C-RBF-SVM-019,C-RBF-SVM-013,36,0.11111111111111116,0.0,0.14603174603174607
P03OUTER-7d33eb6920270e00615fbd84,EXP-C10-T3,T3-ZS,surfaces:Pendar-2,surfaces,Pendar-2,2,1,fixed_family_reuse,C-RBF-SVM,complete,C-RBF-SVM-024,C-RBF-SVM-031,36,0.0,0.0,0.0
P03OUTER-7d3ba45a06c39f483083bf65,EXP-C12-CORAL,T3-ZS,surfaces:Agilent-3,surfaces,Agilent-3,3,1,source_covariance,,complete,CORAL-C-PCA-LDA-003,CORAL-C-PCA-LDA-000,42,0.10555555555555562,0.16666666666666663,0.09724164724164719
P03OUTER-7d83e329d46fc31cf99998b9,EXP-C10-T3,T3-ZS,surfaces:Agilent-3,surfaces,Agilent-3,1,0,fixed_family_reuse,C-RBF-SVM,complete,C-RBF-SVM-019,C-RBF-SVM-025,36,0.06666666666666676,0.06666666666666665,0.0856837606837606
P03OUTER-7dd04f6f7e110eddb095e393,EXP-C10-T3,T3-ZS,pills:Pendar-1,pills,Pendar-1,4,1,fixed_family_reuse,C-PCA-LDA,complete,C-PCA-LDA-004,C-PCA-LDA-005,10,0.0,0.0,0.0
P03OUTER-7dea4a66592572f0c6e1aecc,EXP-C10-T3,T3-ZS,surfaces:RMX-2,surfaces,RMX-2,1,1,fixed_family_reuse,C-EXTRA-TREES,complete,C-EXTRA-TREES-008,C-EXTRA-TREES-000,16,0.007407407407407418,0.0,0.014814814814814836
P03OUTER-7deadb0da4e477c3d50b9740,EXP-C10-T3,T3-ZS,surfaces:Pendar-2,surfaces,Pendar-2,2,3,fixed_family_reuse,C-RANDOM-FOREST,complete,C-RANDOM-FOREST-001,C-RANDOM-FOREST-005,16,0.0,0.0,0.0
P03OUTER-7e12e6db7c8fa67845684c51,EXP-C10-T3,T3-ZS,cwa:Pendar-2,cwa,Pendar-2,2,0,fixed_family_reuse,C-PCA-LDA,complete,C-PCA-LDA-004,C-PCA-LDA-005,10,0.0,0.0,0.0
P03OUTER-7e2dd42926b9bdaa56fef4b3,EXP-C09-T3,T3-ZS,cwa:Mira-2,cwa,Mira-2,1,3,standard,,complete,C-SPECTRAL-MATCH-001,C-PLS-DA-004,124,0.0277777777777779,0.0,0.155952380952381
P03OUTER-7e788b59a2b09c61ea767606,EXP-C10-T3,T3-ZS,cwa:Mira-2,cwa,Mira-2,4,1,fixed_family_reuse,C-EXTRA-TREES,complete,C-EXTRA-TREES-000,C-EXTRA-TREES-001,16,0.0,0.0,0.0
P03OUTER-7e97d4c7b5ab6f44952a82cc,EXP-C07-T1,T1-SURF,surfaces:within,surfaces,not_applicable,3,3,standard,,complete,C-RANDOM-FOREST-004,C-RANDOM-FOREST-005,16,0.0,0.0,0.0
P03OUTER-7eb9d369c119a16cd96280df,EXP-C10-T3,T3-ZS,pills:Pendar-1,pills,Pendar-1,1,0,fixed_family_reuse,C-RBF-SVM,complete,C-RBF-SVM-012,C-RBF-SVM-014,36,0.0,0.0,0.0
P03OUTER-7ee00bb1e710f9732dc72ba5,EXP-C10-T3,T3-ZS,pills:Agilent-3,pills,Agilent-3,2,0,fixed_family_reuse,C-PCA-LDA,complete,C-PCA-LDA-004,C-PCA-LDA-006,10,0.0,0.0,0.0
P03OUTER-7eef302c0b25a543e22f8ee6,EXP-C03-T1,T1-CWA,cwa:within,cwa,not_applicable,5,1,standard,,complete,C-PCA-LDA-006,C-PCA-LDA-008,10,0.05555555555555547,0.16666666666666674,0.0888888888888889
P03OUTER-7f07b1c0425e4350b3b28961,EXP-C09-T3,T3-ZS,surfaces:Agilent-3,surfaces,Agilent-3,1,0,standard,,complete,C-LOGREG-EN-011,C-LOGREG-EN-010,121,0.04999999999999993,0.033333333333333326,0.004365079365079572
P03OUTER-7f6155c8cc29e4d17fbfbe70,EXP-C10-T3,T3-ZS,cwa:Pendar-2,cwa,Pendar-2,1,1,fixed_family_reuse,C-RBF-SVM,complete,C-RBF-SVM-019,C-RBF-SVM-025,36,0.05555555555555558,0.0,0.059259259259259345
P03OUTER-7f68ce5dc530dd685f41c6ab,EXP-C06-T1,T1-PILLS,pills:within,pills,not_applicable,3,3,standard,,complete,C-RBF-SVM-012,C-RBF-SVM-014,36,0.0,0.0,0.0
P03OUTER-7fab1aaa2ed1fe4e13344e3f,EXP-C12-CORAL,T3-ZS,cwa:Mira-2,cwa,Mira-2,3,3,source_covariance,,unavailable,,,0,,,
P03OUTER-7fb3efb0c5cbdb8ae6b8f48d,EXP-C10-T3,T3-ZS,pills:Agilent-1,pills,Agilent-1,2,1,fixed_family_reuse,C-RBF-SVM,complete,C-RBF-SVM-012,C-RBF-SVM-014,36,0.0,0.0,0.0
P03OUTER-7fd06289d49d1514ecb28c53,EXP-C10-T3,T3-ZS,surfaces:Agilent-3,surfaces,Agilent-3,1,3,fixed_family_reuse,C-RANDOM-FOREST,complete,C-RANDOM-FOREST-012,C-RANDOM-FOREST-013,16,0.0,0.0,0.0
P03OUTER-7ff4da23f76a76de9cd366ae,EXP-C05-T1,T1-PILLS,pills:within,pills,not_applicable,5,0,standard,,complete,C-LOGREG-EN-000,C-LOGREG-EN-005,27,0.0,0.0,0.0
P03OUTER-8017352d802d26fb6038223d,EXP-C09-CONTROL-META,T3-ZS,pills:Pendar-1,pills,Pendar-1,5,0,metadata_control,,complete,CTRL-META-C-LOGREG-EN-020,CTRL-META-C-LOGREG-EN-021,29,0.0,0.0,0.0
P03OUTER-801cb850785df7f17ab914c4,EXP-C09-T3,T3-ZS,surfaces:RMX-2,surfaces,RMX-2,4,0,standard,,complete,C-RANDOM-FOREST-000,C-RANDOM-FOREST-001,126,0.0,0.0,0.0
P03OUTER-802656e8ea9e68d1719a974a,EXP-C06-T1,T1-CWA,cwa:within,cwa,not_applicable,4,2,standard,,complete,C-RBF-SVM-019,C-RBF-SVM-026,36,0.0,0.0,0.0
P03OUTER-8033e864b0a9584c4e354971,EXP-C10-T3,T3-ZS,pills:Agilent-1,pills,Agilent-1,4,1,fixed_family_reuse,C-PCA-LDA,complete,C-PCA-LDA-002,C-PCA-LDA-003,10,0.0,0.0,0.0
P03OUTER-804b1ddf51245877d485c052,EXP-C09-CONTROL-META,T3-ZS,surfaces:Mira-1,surfaces,Mira-1,4,3,metadata_control,,complete,CTRL-META-C-LOGREG-EN-004,CTRL-META-C-LOGREG-EN-008,18,0.0,0.0,0.0
P03OUTER-807004e335dbb01610a6b3c0,EXP-C09-CONTROL-META,T3-ZS,pills:Agilent-1,pills,Agilent-1,4,1,metadata_control,,complete,CTRL-META-C-LOGREG-EN-010,CTRL-META-C-LOGREG-EN-005,26,0.05555555555555558,0.16666666666666669,0.07407407407407401
P03OUTER-807353c7e9f7059c33da0d1e,EXP-C10-T3,T3-ZS,pills:Pendar-3,pills,Pendar-3,5,0,fixed_family_reuse,C-RANDOM-FOREST,complete,C-RANDOM-FOREST-000,C-RANDOM-FOREST-001,16,0.0,0.0,0.0
P03OUTER-80a2230e8d48e88fec3ab72d,EXP-C10-T3,T3-ZS,pills:Mira-3,pills,Mira-3,1,3,fixed_family_reuse,C-RBF-SVM,complete,C-RBF-SVM-012,C-RBF-SVM-014,36,0.0,0.0,0.0
P03OUTER-80b365b8a86c23c19825185b,EXP-C10-T3,T3-ZS,pills:Agilent-1,pills,Agilent-1,2,0,fixed_family_reuse,C-RBF-SVM,complete,C-RBF-SVM-012,C-RBF-SVM-014,36,0.0,0.0,0.0
P03OUTER-80b664745f87bc597094989d,EXP-C12-CORAL,T3-ZS,pills:Mira-3,pills,Mira-3,1,2,source_covariance,,unavailable,,,0,,,
P03OUTER-80bffe62a7fbab96b2b50405,EXP-C06-T1,T1-PILLS,pills:within,pills,not_applicable,1,1,standard,,complete,C-RBF-SVM-012,C-RBF-SVM-013,36,0.0,0.0,0.0
P03OUTER-80dddbdd84d3ccc85f091591,EXP-C10-T3,T3-ZS,surfaces:Agilent-3,surfaces,Agilent-3,5,0,fixed_family_reuse,C-RBF-SVM,complete,C-RBF-SVM-018,C-RBF-SVM-019,36,0.0,0.0,0.0
P03OUTER-80e84cf527572403fdf5938b,EXP-C10-T3,T3-ZS,cwa:Mira-2,cwa,Mira-2,4,0,fixed_family_reuse,C-PCA-LDA,complete,C-PCA-LDA-004,C-PCA-LDA-003,10,0.0,0.0,0.010317460317460336
P03OUTER-80f5293df73e6dd6b9d4ec02,EXP-C06-T1,T1-SURF,surfaces:within,surfaces,not_applicable,3,0,standard,,complete,C-RBF-SVM-014,C-RBF-SVM-018,36,0.0,0.0,0.0
P03OUTER-8105b310547404c58def9a51,EXP-C09-T3,T3-ZS,surfaces:Pendar-2,surfaces,Pendar-2,5,3,standard,,complete,C-PLS-DA-002,C-PLS-DA-003,126,0.0,0.0,0.0
P03OUTER-810c55536c97f53d6f883763,EXP-C12-CORAL,T3-ZS,cwa:RMX-1,cwa,RMX-1,3,2,source_covariance,,complete,CORAL-C-RBF-SVM-013,CORAL-C-PCA-LDA-002,46,0.0,0.0,0.011111111111111127
P03OUTER-81107c7b5fbb17ce4baef9f0,EXP-C10-T3,T3-ZS,cwa:RMX-1,cwa,RMX-1,3,1,fixed_family_reuse,C-EXTRA-TREES,complete,C-EXTRA-TREES-009,C-EXTRA-TREES-005,16,0.0,0.0,0.03703703703703709
P03OUTER-8125ee2315e5d030935e811e,EXP-C01-T1,T1-CWA,cwa:within,cwa,not_applicable,1,1,standard,,complete,C-SPECTRAL-MATCH-000,C-SPECTRAL-MATCH-001,3,0.0,0.0,0.014814814814814947
P03OUTER-8138aca70fc88c433c3a64a6,EXP-C06-T1,T1-CWA,cwa:within,cwa,not_applicable,4,3,standard,,complete,C-RBF-SVM-025,C-RBF-SVM-031,36,0.05555555555555547,0.0,0.059259259259259234
P03OUTER-8140b46a0247b7fd37631c57,EXP-C03-T1,T1-CWA,cwa:within,cwa,not_applicable,1,0,standard,,complete,C-PCA-LDA-005,C-PCA-LDA-006,10,0.0,0.0,0.0
P03OUTER-817ac0747bfc6eff5996f2ce,EXP-C10-T3,T3-ZS,cwa:RMX-1,cwa,RMX-1,3,0,fixed_family_reuse,C-EXTRA-TREES,complete,C-EXTRA-TREES-014,C-EXTRA-TREES-013,16,0.0,0.0,0.03703703703703698
P03OUTER-81824cf76654d6ebd5768f6e,EXP-C09-CONTROL-META,T3-ZS,cwa:Mira-2,cwa,Mira-2,3,2,metadata_control,,complete,CTRL-META-C-LOGREG-EN-023,CTRL-META-C-LOGREG-EN-024,30,0.0,0.0,0.0
P03OUTER-8193693302aa6b1860e21f60,EXP-C10-T3,T3-ZS,surfaces:Agilent-3,surfaces,Agilent-3,2,2,fixed_family_reuse,C-PCA-LDA,complete,C-PCA-LDA-002,C-PCA-LDA-003,6,0.01388888888888895,-0.1111111111111111,-0.00046260928613883756
P03OUTER-81a850b8eb695f42f2504f84,EXP-C10-T3,T3-ZS,surfaces:Pendar-3,surfaces,Pendar-3,2,2,fixed_family_reuse,C-EXTRA-TREES,complete,C-EXTRA-TREES-004,C-EXTRA-TREES-005,16,0.03703703703703698,0.1111111111111111,0.020621353954687283
P03OUTER-81eb29aeb446822d072a3071,EXP-C02-T1,T1-SURF,surfaces:within,surfaces,not_applicable,2,2,standard,,complete,C-NEAREST-CENTROID-003,C-NEAREST-CENTROID-000,8,0.0185185185185186,-0.11111111111111105,0.04656084656084658
P03OUTER-829a8b578e4f0d3ae669d97d,EXP-C10-T3,T3-ZS,surfaces:Pendar-2,surfaces,Pendar-2,5,1,fixed_family_reuse,C-EXTRA-TREES,complete,C-EXTRA-TREES-005,C-EXTRA-TREES-009,16,0.0,0.0,0.0
P03OUTER-82a07d2c45412e14c332f7cb,EXP-C12-CORAL,T3-ZS,cwa:RMX-1,cwa,RMX-1,2,0,source_covariance,,unavailable,,,0,,,
P03OUTER-82ae92572ff82fb20d915bbf,EXP-C10-T3,T3-ZS,surfaces:RMX-2,surfaces,RMX-2,3,3,fixed_family_reuse,C-RANDOM-FOREST,complete,C-RANDOM-FOREST-006,C-RANDOM-FOREST-007,16,0.0,0.0,0.0
P03OUTER-8325c1383b7175ab112e026b,EXP-C10-T3,T3-ZS,surfaces:Agilent-3,surfaces,Agilent-3,4,0,fixed_family_reuse,C-EXTRA-TREES,complete,C-EXTRA-TREES-000,C-EXTRA-TREES-001,16,0.0,0.0,0.0
P03OUTER-833905c38553323e06822c95,EXP-C09-CONTROL-META,T3-ZS,cwa:RMX-1,cwa,RMX-1,5,1,metadata_control,,complete,CTRL-META-C-LOGREG-EN-019,CTRL-META-C-LOGREG-EN-015,30,0.16666666666666669,0.0,0.12896825396825395
P03OUTER-8343df8b136692e0030b593d,EXP-C12-CORAL,T3-ZS,cwa:RMX-1,cwa,RMX-1,5,1,source_covariance,,complete,CORAL-C-RBF-SVM-013,CORAL-C-PCA-LDA-009,46,0.0277777777777779,0.0,-0.011904761904761973
P03OUTER-8361dc2ac7c50ec296f5cc78,EXP-C10-T3,T3-ZS,surfaces:Agilent-3,surfaces,Agilent-3,2,2,fixed_family_reuse,C-RBF-SVM,complete,C-RBF-SVM-025,C-RBF-SVM-031,36,0.0,0.0,0.0
P03OUTER-83632019f3aaa0282d1fbf5b,EXP-C09-CONTROL-META,T3-ZS,pills:Pendar-3,pills,Pendar-3,1,0,metadata_control,,complete,CTRL-META-C-LOGREG-EN-004,CTRL-META-C-LOGREG-EN-006,30,0.0,0.0,0.0
P03OUTER-836ea9bacce1eab7e57bada3,EXP-C10-T3,T3-ZS,pills:Agilent-1,pills,Agilent-1,4,0,fixed_family_reuse,C-EXTRA-TREES,complete,C-EXTRA-TREES-000,C-EXTRA-TREES-001,16,0.0,0.0,0.0
P03OUTER-8370c334ed7b090f774af2c2,EXP-C10-T3,T3-ZS,surfaces:Pendar-2,surfaces,Pendar-2,3,1,fixed_family_reuse,C-RANDOM-FOREST,complete,C-RANDOM-FOREST-000,C-RANDOM-FOREST-008,16,0.006172839506172867,0.0,0.00786700590622158
P03OUTER-837b001df9df5d6eea3767fe,EXP-C02-T1,T1-SURF,surfaces:within,surfaces,not_applicable,3,2,standard,,complete,C-NEAREST-CENTROID-000,C-NEAREST-CENTROID-001,8,0.0,0.0,0.0
P03OUTER-838bb06d6f957fd3faff5e71,EXP-C09-CONTROL-META,T3-ZS,surfaces:Mira-1,surfaces,Mira-1,5,3,metadata_control,,complete,CTRL-META-C-LOGREG-EN-000,CTRL-META-C-LOGREG-EN-005,23,0.0,0.0,0.0
P03OUTER-83a79f6cf03cc5d85d5d9095,EXP-C10-T3,T3-ZS,surfaces:Pendar-2,surfaces,Pendar-2,3,0,fixed_family_reuse,C-EXTRA-TREES,complete,C-EXTRA-TREES-001,C-EXTRA-TREES-005,16,0.0,0.0,0.0
P03OUTER-83ad0177d86ca954a78452dc,EXP-C10-T3,T3-ZS,pills:Pendar-1,pills,Pendar-1,3,3,fixed_family_reuse,C-RBF-SVM,complete,C-RBF-SVM-012,C-RBF-SVM-014,36,0.0,0.0,0.0
P03OUTER-83fbaa9139381d645a992c4e,EXP-C10-T3,T3-ZS,surfaces:RMX-2,surfaces,RMX-2,3,2,fixed_family_reuse,C-RBF-SVM,complete,C-RBF-SVM-012,C-RBF-SVM-018,36,0.0,0.0,0.0
P03OUTER-843b59a1cfe77e0aa4de6dfe,EXP-C09-CONTROL-META,T3-ZS,cwa:RMX-1,cwa,RMX-1,2,2,metadata_control,,complete,CTRL-META-C-LOGREG-EN-015,CTRL-META-C-LOGREG-EN-020,30,0.0,0.0,0.01666666666666672
P03OUTER-8447873b055577616a7a7c49,EXP-C12-CORAL,T3-ZS,pills:Pendar-1,pills,Pendar-1,2,0,source_covariance,,unavailable,,,0,,,
P03OUTER-845b40479c8d95d999fb1478,EXP-C10-T3,T3-ZS,cwa:Pendar-2,cwa,Pendar-2,5,0,fixed_family_reuse,C-EXTRA-TREES,complete,C-EXTRA-TREES-011,C-EXTRA-TREES-015,16,0.0,0.0,0.0
P03OUTER-84b8c04dda29b42162c1c05f,EXP-C10-T3,T3-ZS,surfaces:Agilent-3,surfaces,Agilent-3,4,2,fixed_family_reuse,C-EXTRA-TREES,complete,C-EXTRA-TREES-001,C-EXTRA-TREES-000,16,1.1102230246251565e-16,0.015873015873015872,-0.002292152292152294
P03OUTER-84c55000dd454c3bb0b35a8c,EXP-C02-T1,T1-CWA,cwa:within,cwa,not_applicable,5,0,standard,,complete,C-NEAREST-CENTROID-000,C-NEAREST-CENTROID-001,8,0.0,0.0,0.0
P03OUTER-84c70714488bc27ff172a53a,EXP-C10-T3,T3-ZS,pills:Pendar-1,pills,Pendar-1,2,1,fixed_family_reuse,C-EXTRA-TREES,complete,C-EXTRA-TREES-000,C-EXTRA-TREES-001,16,0.0,0.0,0.0
P03OUTER-84c984cb32f87dfc52625793,EXP-C12-CORAL,T3-ZS,cwa:Mira-2,cwa,Mira-2,2,1,source_covariance,,unavailable,,,0,,,
P03OUTER-84e96a48ef73619bb895f8f3,EXP-C09-T3,T3-ZS,cwa:Mira-2,cwa,Mira-2,5,1,standard,,complete,C-NEAREST-CENTROID-004,C-NEAREST-CENTROID-005,124,0.0,0.0,0.0
P03OUTER-85000d1784e9214ac9c850ab,EXP-C12-CORAL,T3-ZS,pills:Agilent-3,pills,Agilent-3,3,1,source_covariance,,unavailable,,,0,,,
P03OUTER-8535bbe68590ddfc37828cd3,EXP-C10-T3,T3-ZS,surfaces:Mira-1,surfaces,Mira-1,5,1,fixed_family_reuse,C-EXTRA-TREES,complete,C-EXTRA-TREES-005,C-EXTRA-TREES-010,16,0.013888888888889062,0.1388888888888889,0.005825764649294185
P03OUTER-854230ba459c3247638fd5c4,EXP-C04-T1,T1-SURF,surfaces:within,surfaces,not_applicable,3,0,standard,,complete,C-PLS-DA-001,C-PLS-DA-002,5,0.0,0.0,0.0
P03OUTER-85514d418a89b098ce1483c0,EXP-C10-T3,T3-ZS,pills:Agilent-3,pills,Agilent-3,4,0,fixed_family_reuse,C-EXTRA-TREES,complete,C-EXTRA-TREES-000,C-EXTRA-TREES-001,16,0.0,0.0,0.0
P03OUTER-85516949aa95e7cec4aa7df0,EXP-C10-T3,T3-ZS,surfaces:Mira-1,surfaces,Mira-1,2,1,fixed_family_reuse,C-PCA-LDA,complete,C-PCA-LDA-005,C-PCA-LDA-008,10,0.0,0.0,0.0
P03OUTER-856300fcc2c1b13d60016308,EXP-C10-T3,T3-ZS,pills:Mira-3,pills,Mira-3,4,1,fixed_family_reuse,C-PCA-LDA,complete,C-PCA-LDA-002,C-PCA-LDA-003,10,0.0,0.0,0.0
P03OUTER-85a2c7ea988cae4adc21955d,EXP-C10-T3,T3-ZS,cwa:Pendar-2,cwa,Pendar-2,4,1,fixed_family_reuse,C-RBF-SVM,complete,C-RBF-SVM-012,C-RBF-SVM-018,36,0.0,0.0,0.0
P03OUTER-85a887266371d39f22fb6ea7,EXP-C12-CORAL,T3-ZS,cwa:Mira-2,cwa,Mira-2,5,0,source_covariance,,complete,CORAL-C-PCA-LDA-007,CORAL-C-RBF-SVM-006,46,0.16666666666666663,0.16666666666666663,0.14999999999999997
P03OUTER-85bdc113bcbe5bd588b7620b,EXP-C10-T3,T3-ZS,pills:Pendar-1,pills,Pendar-1,4,0,fixed_family_reuse,C-RBF-SVM,complete,C-RBF-SVM-012,C-RBF-SVM-014,36,0.0,0.0,0.0
P03OUTER-85cd1b718eb2d3041c9e3334,EXP-C10-T3,T3-ZS,surfaces:Pendar-2,surfaces,Pendar-2,3,0,fixed_family_reuse,C-PCA-LDA,complete,C-PCA-LDA-001,C-PCA-LDA-000,4,0.03888888888888886,0.08333333333333331,0.040455840455840386
P03OUTER-85e8ad9e446485afb619afee,EXP-C10-T3,T3-ZS,surfaces:Agilent-3,surfaces,Agilent-3,5,1,fixed_family_reuse,C-RANDOM-FOREST,complete,C-RANDOM-FOREST-002,C-RANDOM-FOREST-006,16,0.01851851851851849,0.03703703703703698,0.027415177415177516
P03OUTER-860ad3d9a0ebcc2e49bb9f12,EXP-C10-T3,T3-ZS,cwa:Mira-2,cwa,Mira-2,3,3,fixed_family_reuse,C-PCA-LDA,complete,C-PCA-LDA-000,C-PCA-LDA-002,10,0.08333333333333337,0.16666666666666663,0.011111111111111183
P03OUTER-862607bc8c6964cfede6d88d,EXP-C10-T3,T3-ZS,cwa:Pendar-2,cwa,Pendar-2,2,1,fixed_family_reuse,C-RANDOM-FOREST,complete,C-RANDOM-FOREST-001,C-RANDOM-FOREST-004,16,0.0,0.0,0.014550264550264536
P03OUTER-86426b2ae236e980c4fec326,EXP-C02-T1,T1-CWA,cwa:within,cwa,not_applicable,1,3,standard,,complete,C-NEAREST-CENTROID-004,C-NEAREST-CENTROID-005,8,0.0,0.0,0.0
P03OUTER-8644427b69f8b459e535a6db,EXP-C09-T3,T3-ZS,surfaces:Mira-1,surfaces,Mira-1,4,0,standard,,complete,C-LOGREG-EN-000,C-RANDOM-FOREST-000,125,0.0,0.0,0.0
P03OUTER-8676c02ad37e23cb19ad457d,EXP-C10-T3,T3-ZS,cwa:Mira-2,cwa,Mira-2,4,3,fixed_family_reuse,C-RBF-SVM,complete,C-RBF-SVM-019,C-RBF-SVM-031,36,0.0,0.0,0.0
P03OUTER-8684504f3d0e5f240a0e7ff2,EXP-C09-CONTROL-META,T3-ZS,cwa:Pendar-2,cwa,Pendar-2,2,2,metadata_control,,complete,CTRL-META-C-LOGREG-EN-012,CTRL-META-C-LOGREG-EN-025,30,0.02777777777777779,0.0,0.033333333333333326
P03OUTER-86a6d6e6c1617cf1ef12354d,EXP-C03-T1,T1-CWA,cwa:within,cwa,not_applicable,5,3,standard,,complete,C-PCA-LDA-004,C-PCA-LDA-008,10,0.0,0.0,0.0
P03OUTER-86aebb4365ba4b32e247b0b0,EXP-C07-T1,T1-PILLS,pills:within,pills,not_applicable,4,2,standard,,complete,C-RANDOM-FOREST-000,C-RANDOM-FOREST-001,16,0.0,0.0,0.0
P03OUTER-86bc636a34e42d332616d197,EXP-C01-T1,T1-CWA,cwa:within,cwa,not_applicable,2,0,standard,,complete,C-SPECTRAL-MATCH-001,C-SPECTRAL-MATCH-000,3,0.05555555555555569,0.0,0.05185185185185193
P03OUTER-86bf974f5ccfd75c39db7d28,EXP-C10-T3,T3-ZS,cwa:RMX-1,cwa,RMX-1,1,2,fixed_family_reuse,C-RANDOM-FOREST,complete,C-RANDOM-FOREST-002,C-RANDOM-FOREST-000,16,0.0,0.0,0.007407407407407418
P03OUTER-86db17d4eb89d1867cd89124,EXP-C09-T3,T3-ZS,pills:Agilent-3,pills,Agilent-3,2,3,standard,,complete,C-PLS-DA-000,C-LOGREG-EN-000,122,0.0,0.0,0.0
P03OUTER-86f412194fc1228dd033864b,EXP-C10-T3,T3-ZS,cwa:RMX-1,cwa,RMX-1,4,0,fixed_family_reuse,C-EXTRA-TREES,complete,C-EXTRA-TREES-005,C-EXTRA-TREES-009,16,0.0,0.0,0.0
P03OUTER-8732cf3e562bdae76edd04f3,EXP-C10-T3,T3-ZS,pills:Pendar-3,pills,Pendar-3,1,2,fixed_family_reuse,C-PCA-LDA,complete,C-PCA-LDA-004,C-PCA-LDA-005,10,0.0,0.0,0.0
P03OUTER-873846606160f8a3e1b42ca4,EXP-C09-T3,T3-ZS,cwa:RMX-1,cwa,RMX-1,3,0,standard,,complete,C-PCA-LDA-006,C-LOGREG-EN-011,121,0.02777777777777768,0.0,0.0182539682539683
P03OUTER-874764a90584d72eaa6fe504,EXP-C12-CORAL,T3-ZS,surfaces:Agilent-3,surfaces,Agilent-3,2,3,source_covariance,,complete,CORAL-C-PCA-LDA-001,CORAL-C-RBF-SVM-006,42,0.0,0.0,0.006127450980392135
P03OUTER-874df33b575f6c7d24aaa964,EXP-C09-T3,T3-ZS,cwa:RMX-1,cwa,RMX-1,2,2,standard,,complete,C-NEAREST-CENTROID-006,C-RBF-SVM-014,125,0.02777777777777779,0.22222222222222215,0.11388888888888893
P03OUTER-8787869ebfe4df2c95efe355,EXP-C10-T3,T3-ZS,surfaces:Mira-1,surfaces,Mira-1,1,0,fixed_family_reuse,C-PCA-LDA,complete,C-PCA-LDA-002,C-PCA-LDA-003,6,0.09999999999999998,0.0,0.13624338624338628
P03OUTER-879d8cf5d9595965b8b36ad4,EXP-C10-T3,T3-ZS,pills:Agilent-3,pills,Agilent-3,2,3,fixed_family_reuse,C-EXTRA-TREES,complete,C-EXTRA-TREES-000,C-EXTRA-TREES-001,16,0.0,0.0,0.0
P03OUTER-87ada5d410f3b26577eb08c8,EXP-C10-T3,T3-ZS,surfaces:Pendar-2,surfaces,Pendar-2,2,2,fixed_family_reuse,C-RANDOM-FOREST,complete,C-RANDOM-FOREST-000,C-RANDOM-FOREST-012,16,0.0,0.0,0.0
P03OUTER-87af80a38178d415ab58282f,EXP-C04-T1,T1-SURF,surfaces:within,surfaces,not_applicable,2,3,standard,,complete,C-PLS-DA-001,C-PLS-DA-002,5,0.0,0.0,0.0
P03OUTER-87fd90751e6e517e43b35f97,EXP-C12-CORAL,T3-ZS,surfaces:RMX-2,surfaces,RMX-2,4,3,source_covariance,,unavailable,,,0,,,
P03OUTER-880ac4701c86c706fb7f9e43,EXP-C10-T3,T3-ZS,pills:Pendar-3,pills,Pendar-3,4,0,fixed_family_reuse,C-EXTRA-TREES,complete,C-EXTRA-TREES-000,C-EXTRA-TREES-001,16,0.0,0.0,0.0
P03OUTER-882e3e53aebc7acdd999823d,EXP-C09-T3,T3-ZS,surfaces:RMX-2,surfaces,RMX-2,1,3,standard,,complete,C-SPECTRAL-MATCH-001,C-PLS-DA-000,116,0.040740740740740744,0.0,0.05745550745550748
P03OUTER-8838559d736c8f5445715a63,EXP-C10-T3,T3-ZS,pills:Agilent-3,pills,Agilent-3,4,1,fixed_family_reuse,C-RANDOM-FOREST,complete,C-RANDOM-FOREST-000,C-RANDOM-FOREST-001,16,0.0,0.0,0.0
P03OUTER-884cd4f1600189452c6e1355,EXP-C10-T3,T3-ZS,surfaces:Pendar-2,surfaces,Pendar-2,3,2,fixed_family_reuse,C-PCA-LDA,complete,C-PCA-LDA-001,C-PCA-LDA-008,4,5.551115123125783e-17,0.0,0.04408369408369414
P03OUTER-887af97d943aaa1dd4b19621,EXP-C10-T3,T3-ZS,cwa:Pendar-2,cwa,Pendar-2,3,0,fixed_family_reuse,C-RANDOM-FOREST,complete,C-RANDOM-FOREST-003,C-RANDOM-FOREST-002,16,0.0,0.0,0.014814814814814725
P03OUTER-888b3d36922e887b0a0b129f,EXP-C10-T3,T3-ZS,cwa:RMX-1,cwa,RMX-1,3,3,fixed_family_reuse,C-RBF-SVM,complete,C-RBF-SVM-012,C-RBF-SVM-019,36,0.0,0.0,0.011904761904761973
P03OUTER-88924bd28ef0ed2ea9eccf60,EXP-C10-T3,T3-ZS,cwa:RMX-1,cwa,RMX-1,3,3,fixed_family_reuse,C-PCA-LDA,complete,C-PCA-LDA-006,C-PCA-LDA-007,10,0.0,0.0,0.0
P03OUTER-88aee988f47759ba38865482,EXP-C10-T3,T3-ZS,surfaces:RMX-2,surfaces,RMX-2,1,0,fixed_family_reuse,C-RBF-SVM,complete,C-RBF-SVM-025,C-RBF-SVM-031,36,0.0,0.0,0.0
P03OUTER-88c0e729eb0ed079ef720da8,EXP-C12-CORAL,T3-ZS,cwa:Mira-2,cwa,Mira-2,1,1,source_covariance,,unavailable,,,0,,,
P03OUTER-88c263fce1d00bfc2b1a8f61,EXP-C10-T3,T3-ZS,cwa:Mira-2,cwa,Mira-2,5,1,fixed_family_reuse,C-RANDOM-FOREST,complete,C-RANDOM-FOREST-003,C-RANDOM-FOREST-007,16,0.027777777777777735,0.055555555555555525,0.009259259259259245
P03OUTER-88cbc1ef23cfc1fa40c94484,EXP-C10-T3,T3-ZS,surfaces:RMX-2,surfaces,RMX-2,3,1,fixed_family_reuse,C-PCA-LDA,complete,C-PCA-LDA-001,C-PCA-LDA-000,4,0.040740740740740744,-0.05555555555555558,0.0014710598043931045
P03OUTER-88e4e697f59d6b480eeec7b5,EXP-C10-T3,T3-ZS,pills:Agilent-3,pills,Agilent-3,4,3,fixed_family_reuse,C-PCA-LDA,complete,C-PCA-LDA-004,C-PCA-LDA-005,10,0.0,0.0,0.0
P03OUTER-891c49644c9116bb32431ad6,EXP-C10-T3,T3-ZS,surfaces:Agilent-3,surfaces,Agilent-3,2,1,fixed_family_reuse,C-RBF-SVM,complete,C-RBF-SVM-018,C-RBF-SVM-019,36,0.0,0.0,0.0
P03OUTER-8932c9f3e4706ecb620e778d,EXP-C09-T3,T3-ZS,surfaces:Agilent-3,surfaces,Agilent-3,3,3,standard,,complete,C-RANDOM-FOREST-000,C-EXTRA-TREES-000,125,0.0,0.0,0.0
P03OUTER-894e58f95e99fbf82d39967f,EXP-C09-T3,T3-ZS,surfaces:Pendar-3,surfaces,Pendar-3,4,3,standard,,complete,C-LOGREG-EN-021,C-LOGREG-EN-022,118,0.0,0.0,0.0
P03OUTER-898798fccb5ec37a44a2eaca,EXP-C09-CONTROL-META,T3-ZS,cwa:RMX-1,cwa,RMX-1,3,1,metadata_control,,complete,CTRL-META-C-LOGREG-EN-019,CTRL-META-C-LOGREG-EN-025,30,0.08333333333333326,0.0,0.05555555555555547
P03OUTER-89a9caf6505b5287017b33ec,EXP-C10-T3,T3-ZS,surfaces:Agilent-3,surfaces,Agilent-3,3,1,fixed_family_reuse,C-EXTRA-TREES,complete,C-EXTRA-TREES-010,C-EXTRA-TREES-014,16,0.06666666666666665,0.13333333333333325,0.06697931697931703
P03OUTER-89aafee8c4cd1775a03f9de4,EXP-C10-T3,T3-ZS,pills:Pendar-1,pills,Pendar-1,5,1,fixed_family_reuse,C-EXTRA-TREES,complete,C-EXTRA-TREES-000,C-EXTRA-TREES-001,16,0.0,0.0,0.0
P03OUTER-89c5586a1083dda31abc8c6e,EXP-C10-T3,T3-ZS,cwa:RMX-1,cwa,RMX-1,4,3,fixed_family_reuse,C-RBF-SVM,complete,C-RBF-SVM-025,C-RBF-SVM-012,36,0.05555555555555558,0.0,0.07103174603174606
P03OUTER-89cc04fd86ec8529a30dc0f8,EXP-C06-T1,T1-CWA,cwa:within,cwa,not_applicable,1,1,standard,,complete,C-RBF-SVM-018,C-RBF-SVM-024,36,0.0,0.0,0.0
P03OUTER-89f3659f1c8895a762936a63,EXP-C10-T3,T3-ZS,surfaces:Pendar-2,surfaces,Pendar-2,3,1,fixed_family_reuse,C-RBF-SVM,complete,C-RBF-SVM-019,C-RBF-SVM-025,36,0.0,0.0,0.0
P03OUTER-8a009e4811574f9debcdf70d,EXP-C10-T3,T3-ZS,pills:Pendar-1,pills,Pendar-1,4,3,fixed_family_reuse,C-RANDOM-FOREST,complete,C-RANDOM-FOREST-000,C-RANDOM-FOREST-001,16,0.0,0.0,0.0
P03OUTER-8a0ed818b4cb256536186c34,EXP-C10-T3,T3-ZS,cwa:RMX-1,cwa,RMX-1,1,1,fixed_family_reuse,C-EXTRA-TREES,complete,C-EXTRA-TREES-015,C-EXTRA-TREES-011,16,0.03703703703703709,0.0,0.03950617283950608
P03OUTER-8a114b486050329501c158f1,EXP-C12-CORAL,T3-ZS,surfaces:RMX-2,surfaces,RMX-2,3,1,source_covariance,,unavailable,,,0,,,
P03OUTER-8a228f85ae2c8d78bb987c74,EXP-C08-T1,T1-PILLS,pills:within,pills,not_applicable,5,3,standard,,complete,C-EXTRA-TREES-000,C-EXTRA-TREES-001,16,0.0,0.0,0.0
P03OUTER-8a2c55ba647ddaa4cc85dfb3,EXP-C09-T3,T3-ZS,pills:Pendar-3,pills,Pendar-3,4,0,standard,,complete,C-PLS-DA-000,C-LOGREG-EN-000,122,0.0,0.0,0.0
P03OUTER-8a32195ebd22a374bccbc635,EXP-C10-T3,T3-ZS,pills:Agilent-1,pills,Agilent-1,4,0,fixed_family_reuse,C-RANDOM-FOREST,complete,C-RANDOM-FOREST-000,C-RANDOM-FOREST-001,16,0.0,0.0,0.0
P03OUTER-8a4551e22c06797bb9c40003,EXP-C07-T1,T1-CWA,cwa:within,cwa,not_applicable,3,3,standard,,complete,C-RANDOM-FOREST-007,C-RANDOM-FOREST-011,16,0.0,0.0,0.0
P03OUTER-8a64221124d0b559e7d09e09,EXP-C09-CONTROL-META,T3-ZS,cwa:Pendar-2,cwa,Pendar-2,4,3,metadata_control,,complete,CTRL-META-C-LOGREG-EN-025,CTRL-META-C-LOGREG-EN-006,30,0.16666666666666669,0.0,0.12222222222222226
P03OUTER-8a77c633708eebe8063c7985,EXP-C10-T3,T3-ZS,pills:Pendar-3,pills,Pendar-3,5,3,fixed_family_reuse,C-EXTRA-TREES,complete,C-EXTRA-TREES-000,C-EXTRA-TREES-001,16,0.0,0.0,0.0
P03OUTER-8a7afd78b563dd05a06dd4db,EXP-C10-T3,T3-ZS,pills:Agilent-3,pills,Agilent-3,5,2,fixed_family_reuse,C-RANDOM-FOREST,complete,C-RANDOM-FOREST-000,C-RANDOM-FOREST-001,16,0.0,0.0,0.0
P03OUTER-8a98336b282334109324dd8c,EXP-C10-T3,T3-ZS,cwa:Pendar-2,cwa,Pendar-2,3,1,fixed_family_reuse,C-PCA-LDA,complete,C-PCA-LDA-004,C-PCA-LDA-005,10,0.0,0.0,0.0
P03OUTER-8af80b78e2ee40b9129e0ef0,EXP-C10-T3,T3-ZS,pills:Agilent-1,pills,Agilent-1,1,1,fixed_family_reuse,C-RBF-SVM,complete,C-RBF-SVM-012,C-RBF-SVM-014,36,0.0,0.0,0.0
P03OUTER-8b3f3e13748a97f4d140bb92,EXP-C09-CONTROL-META,T3-ZS,surfaces:RMX-2,surfaces,RMX-2,3,1,metadata_control,,complete,CTRL-META-C-LOGREG-EN-011,CTRL-META-C-LOGREG-EN-028,27,0.0,0.0,0.0
P03OUTER-8bfab3974dad2f23b90c396b,EXP-C05-T1,T1-CWA,cwa:within,cwa,not_applicable,1,0,standard,,complete,C-LOGREG-EN-005,C-LOGREG-EN-010,29,0.0,0.0,0.0
P03OUTER-8c33f9c0be8c027c1f49aa4a,EXP-C04-T1,T1-PILLS,pills:within,pills,not_applicable,4,2,standard,,complete,C-PLS-DA-000,C-PLS-DA-001,5,0.0,0.0,0.0
P03OUTER-8c402ff1d443882f4f8dd7a3,EXP-C03-T1,T1-SURF,surfaces:within,surfaces,not_applicable,5,2,standard,,complete,C-PCA-LDA-006,C-PCA-LDA-007,10,0.0,0.0,0.0
P03OUTER-8c44160f794ae802c841af6d,EXP-C10-T3,T3-ZS,pills:Pendar-1,pills,Pendar-1,1,0,fixed_family_reuse,C-EXTRA-TREES,complete,C-EXTRA-TREES-000,C-EXTRA-TREES-001,16,0.0,0.0,0.0
P03OUTER-8c55b7f383d614d8010372fe,EXP-C04-T1,T1-PILLS,pills:within,pills,not_applicable,2,1,standard,,complete,C-PLS-DA-000,C-PLS-DA-001,5,0.0,0.0,0.0
P03OUTER-8c708ae501c386b1cd42c860,EXP-C09-CONTROL-META,T3-ZS,pills:Pendar-3,pills,Pendar-3,2,0,metadata_control,,complete,CTRL-META-C-LOGREG-EN-020,CTRL-META-C-LOGREG-EN-021,30,0.0,0.0,0.0
P03OUTER-8cae911bdd8aeffaf5dde81f,EXP-C05-T1,T1-CWA,cwa:within,cwa,not_applicable,2,3,standard,,complete,C-LOGREG-EN-005,C-LOGREG-EN-011,29,0.0,0.0,0.0
P03OUTER-8cc5324b584660410633a9fe,EXP-C12-CORAL,T3-ZS,pills:Mira-3,pills,Mira-3,3,2,source_covariance,,unavailable,,,0,,,
P03OUTER-8ce0e9963251e7bf5d4269a0,EXP-C12-CORAL,T3-ZS,surfaces:Agilent-3,surfaces,Agilent-3,5,2,source_covariance,,complete,CORAL-C-RBF-SVM-019,CORAL-C-RBF-SVM-012,42,0.03333333333333344,0.13333333333333341,0.02993071743071729
P03OUTER-8d0dfa4facaed4b8f5f46885,EXP-C10-T3,T3-ZS,cwa:Mira-2,cwa,Mira-2,1,0,fixed_family_reuse,C-EXTRA-TREES,complete,C-EXTRA-TREES-015,C-EXTRA-TREES-010,16,0.0,0.0,0.007936507936507964
P03OUTER-8d61295d358c4e2585a3e17c,EXP-C09-CONTROL-META,T3-ZS,pills:Agilent-1,pills,Agilent-1,1,1,metadata_control,,complete,CTRL-META-C-LOGREG-EN-010,CTRL-META-C-LOGREG-EN-005,15,0.11111111111111116,0.3333333333333333,0.1037037037037038
P03OUTER-8d63d2b4002446a06deba9c1,EXP-C12-CORAL,T3-ZS,pills:Agilent-3,pills,Agilent-3,2,1,source_covariance,,unavailable,,,0,,,
P03OUTER-8d986ba9a6ae59a4720eef5d,EXP-C09-CONTROL-META,T3-ZS,surfaces:Agilent-3,surfaces,Agilent-3,1,0,metadata_control,,complete,CTRL-META-C-LOGREG-EN-002,CTRL-META-C-LOGREG-EN-003,24,0.0,0.0,0.0
P03OUTER-8db10b85f0ebf9e9d06611a8,EXP-C10-T3,T3-ZS,pills:Pendar-3,pills,Pendar-3,5,1,fixed_family_reuse,C-EXTRA-TREES,complete,C-EXTRA-TREES-000,C-EXTRA-TREES-001,16,0.0,0.0,0.0
P03OUTER-8db54a30121bde23883e58ec,EXP-C10-T3,T3-ZS,pills:Agilent-3,pills,Agilent-3,4,3,fixed_family_reuse,C-RBF-SVM,complete,C-RBF-SVM-012,C-RBF-SVM-014,36,0.0,0.0,0.0
P03OUTER-8dde3c0b4ad2f1c825a31c8c,EXP-C04-T1,T1-PILLS,pills:within,pills,not_applicable,3,2,standard,,complete,C-PLS-DA-000,C-PLS-DA-001,5,0.0,0.0,0.0
P03OUTER-8dea3421f8356d7bc5bed56d,EXP-C12-CORAL,T3-ZS,cwa:Mira-2,cwa,Mira-2,3,1,source_covariance,,unavailable,,,0,,,
P03OUTER-8e1738f8d96099b8780fc550,EXP-C10-T3,T3-ZS,pills:Mira-3,pills,Mira-3,1,0,fixed_family_reuse,C-RANDOM-FOREST,complete,C-RANDOM-FOREST-000,C-RANDOM-FOREST-001,16,0.0,0.0,0.0
P03OUTER-8e2499615117c60d88b459e2,EXP-C08-T1,T1-SURF,surfaces:within,surfaces,not_applicable,1,0,standard,,complete,C-EXTRA-TREES-000,C-EXTRA-TREES-001,16,0.0,0.0,0.0
P03OUTER-8e473e6014920d57fff9a1fe,EXP-C10-T3,T3-ZS,surfaces:Mira-1,surfaces,Mira-1,1,0,fixed_family_reuse,C-RBF-SVM,complete,C-RBF-SVM-018,C-RBF-SVM-020,36,0.0,0.0,0.0
P03OUTER-8e7930e57c7afdfbc41370d0,EXP-C12-CORAL,T3-ZS,surfaces:Agilent-3,surfaces,Agilent-3,3,0,source_covariance,,complete,CORAL-C-PCA-LDA-005,CORAL-C-PCA-LDA-002,44,0.008333333333333304,0.01666666666666672,-0.050793650793650835
P03OUTER-8e9e471bd072e169bc9f4787,EXP-C09-CONTROL-META,T3-ZS,surfaces:RMX-2,surfaces,RMX-2,1,2,metadata_control,,complete,CTRL-META-C-LOGREG-EN-018,CTRL-META-C-LOGREG-EN-019,28,0.0,0.0,0.0
P03OUTER-8ea21024fa23f78f340d7870,EXP-C10-T3,T3-ZS,pills:Pendar-3,pills,Pendar-3,2,3,fixed_family_reuse,C-PCA-LDA,complete,C-PCA-LDA-004,C-PCA-LDA-005,10,0.0,0.0,0.0
P03OUTER-8ec20c756555ef18c81d0590,EXP-C12-CORAL,T3-ZS,cwa:RMX-1,cwa,RMX-1,4,3,source_covariance,,complete,CORAL-C-PCA-LDA-007,CORAL-C-RBF-SVM-013,46,0.0,0.1111111111111111,0.018253968253968245
P03OUTER-8ed9ab8a24a8f9573f8f9330,EXP-C10-T3,T3-ZS,pills:Pendar-3,pills,Pendar-3,5,3,fixed_family_reuse,C-RANDOM-FOREST,complete,C-RANDOM-FOREST-000,C-RANDOM-FOREST-001,16,0.0,0.0,0.0
P03OUTER-8ee00c48fab04796bb606cf4,EXP-C10-T3,T3-ZS,pills:Mira-3,pills,Mira-3,5,3,fixed_family_reuse,C-RANDOM-FOREST,complete,C-RANDOM-FOREST-000,C-RANDOM-FOREST-001,16,0.0,0.0,0.0
P03OUTER-8efb013ec31a9bca49fa0ab1,EXP-C04-T1,T1-PILLS,pills:within,pills,not_applicable,1,0,standard,,complete,C-PLS-DA-000,C-PLS-DA-001,5,0.0,0.0,0.0
P03OUTER-8f02404ca98b738d21be0e58,EXP-C10-T3,T3-ZS,pills:Mira-3,pills,Mira-3,5,2,fixed_family_reuse,C-RANDOM-FOREST,complete,C-RANDOM-FOREST-000,C-RANDOM-FOREST-001,16,0.0,0.0,0.0
P03OUTER-8f1cd4eda369e9b21ae2adf4,EXP-C09-T3,T3-ZS,pills:Pendar-1,pills,Pendar-1,1,3,standard,,complete,C-SPECTRAL-MATCH-000,C-PLS-DA-000,126,0.0,0.0,0.0
P03OUTER-8f2382a3dc237737c856baf9,EXP-C11-T2,T2-SP,surfaces_to_pills,surfaces,target_station,-1,-1,standard,,complete,C-PLS-DA-000,C-RANDOM-FOREST-000,125,0.0,0.0,0.0
P03OUTER-8f2882d66b4fc4043a6fc040,EXP-C10-T3,T3-ZS,cwa:RMX-1,cwa,RMX-1,3,1,fixed_family_reuse,C-RBF-SVM,complete,C-RBF-SVM-019,C-RBF-SVM-012,36,0.05555555555555558,0.1111111111111111,0.09894179894179894
P03OUTER-8fa8119ccaa85d7b7f9c7a87,EXP-C01-T1,T1-PILLS,pills:within,pills,not_applicable,1,3,standard,,complete,C-SPECTRAL-MATCH-000,C-SPECTRAL-MATCH-001,3,0.0,0.0,0.0
P03OUTER-8fbf06d97799a2982b87350d,EXP-C03-T1,T1-CWA,cwa:within,cwa,not_applicable,4,0,standard,,complete,C-PCA-LDA-004,C-PCA-LDA-006,10,0.0,0.0,0.0
P03OUTER-8fcabcc86ce2c5d309c20a72,EXP-C09-CONTROL-META,T3-ZS,cwa:RMX-1,cwa,RMX-1,2,1,metadata_control,,complete,CTRL-META-C-LOGREG-EN-016,CTRL-META-C-LOGREG-EN-017,30,0.0,0.0,0.0
P03OUTER-9021e1f60965c6a8069bfc58,EXP-C10-T3,T3-ZS,pills:Agilent-3,pills,Agilent-3,1,3,fixed_family_reuse,C-RANDOM-FOREST,complete,C-RANDOM-FOREST-000,C-RANDOM-FOREST-001,16,0.0,0.0,0.0
P03OUTER-903e3ea742890716dbb33da3,EXP-C09-CONTROL-META,T3-ZS,pills:Mira-3,pills,Mira-3,2,0,metadata_control,,complete,CTRL-META-C-LOGREG-EN-016,CTRL-META-C-LOGREG-EN-000,24,0.0,0.0,0.06296296296296294
P03OUTER-90de85c247eb94d100434a5a,EXP-C10-T3,T3-ZS,surfaces:Mira-1,surfaces,Mira-1,4,0,fixed_family_reuse,C-PCA-LDA,complete,C-PCA-LDA-004,C-PCA-LDA-005,10,0.01851851851851849,0.16666666666666663,0.0037037037037036535
P03OUTER-90e507a202d85f0123732d05,EXP-C10-T3,T3-ZS,surfaces:Pendar-3,surfaces,Pendar-3,5,2,fixed_family_reuse,C-PCA-LDA,complete,C-PCA-LDA-008,C-PCA-LDA-001,6,0.03333333333333338,0.06666666666666671,0.03968253968253971
P03OUTER-90f39fa6a92b7f11018f01b4,EXP-C10-T3,T3-ZS,surfaces:Pendar-3,surfaces,Pendar-3,3,2,fixed_family_reuse,C-RANDOM-FOREST,complete,C-RANDOM-FOREST-004,C-RANDOM-FOREST-000,16,0.0018518518518517713,0.0222222222222222,0.009642209642209687
P03OUTER-91352e643abcd95a053fa0ac,EXP-C12-CORAL,T3-ZS,surfaces:RMX-2,surfaces,RMX-2,5,2,source_covariance,,unavailable,,,0,,,
P03OUTER-916ce84d880c42389dcb54f1,EXP-C10-T3,T3-ZS,surfaces:RMX-2,surfaces,RMX-2,2,3,fixed_family_reuse,C-RBF-SVM,complete,C-RBF-SVM-019,C-RBF-SVM-025,36,0.0,0.0,0.0
P03OUTER-918b5a59ef57b0a071356c77,EXP-C09-T3,T3-ZS,pills:Pendar-3,pills,Pendar-3,3,3,standard,,complete,C-SPECTRAL-MATCH-000,C-PLS-DA-000,125,0.0,0.0,0.0
P03OUTER-91af779110a53739047be355,EXP-C12-CORAL,T3-ZS,pills:Pendar-1,pills,Pendar-1,3,2,source_covariance,,unavailable,,,0,,,
P03OUTER-91d0e819b9dd5fc4823b6c9d,EXP-C03-T1,T1-CWA,cwa:within,cwa,not_applicable,3,2,standard,,complete,C-PCA-LDA-008,C-PCA-LDA-004,10,0.03703703703703709,0.0,0.0444444444444444
P03OUTER-91d27ea41f5b9c755dfab6d8,EXP-C02-T1,T1-SURF,surfaces:within,surfaces,not_applicable,1,0,standard,,complete,C-NEAREST-CENTROID-000,C-NEAREST-CENTROID-001,8,0.0,0.0,0.0
P03OUTER-91dfcc269ceb40a9d10b919b,EXP-C10-T3,T3-ZS,surfaces:Pendar-2,surfaces,Pendar-2,2,1,fixed_family_reuse,C-PCA-LDA,complete,C-PCA-LDA-007,C-PCA-LDA-004,10,0.05555555555555547,0.16666666666666663,0.07407407407407407
P03OUTER-91f0a657ff3f9ab1b3354631,EXP-C04-T1,T1-SURF,surfaces:within,surfaces,not_applicable,4,3,standard,,complete,C-PLS-DA-001,C-PLS-DA-002,5,0.0,0.0,0.0
P03OUTER-91fad3656e446eaef223e254,EXP-C10-T3,T3-ZS,pills:Pendar-3,pills,Pendar-3,2,3,fixed_family_reuse,C-RBF-SVM,complete,C-RBF-SVM-012,C-RBF-SVM-014,36,0.0,0.0,0.0
P03OUTER-92061b2de035785bd1df250d,EXP-C10-T3,T3-ZS,pills:Agilent-1,pills,Agilent-1,3,3,fixed_family_reuse,C-RANDOM-FOREST,complete,C-RANDOM-FOREST-000,C-RANDOM-FOREST-001,16,0.0,0.0,0.0
P03OUTER-922954f453b7487ee1347b82,EXP-C10-T3,T3-ZS,surfaces:RMX-2,surfaces,RMX-2,2,1,fixed_family_reuse,C-RANDOM-FOREST,complete,C-RANDOM-FOREST-001,C-RANDOM-FOREST-000,16,0.012345679012345734,0.03703703703703709,0.023456790123456805
P03OUTER-923c235c87a58a4d51a4bd9d,EXP-C10-T3,T3-ZS,surfaces:Agilent-3,surfaces,Agilent-3,5,0,fixed_family_reuse,C-RANDOM-FOREST,complete,C-RANDOM-FOREST-000,C-RANDOM-FOREST-001,16,0.0,0.0,0.0
P03OUTER-924427a3af73a5eacdc9e407,EXP-C04-T1,T1-PILLS,pills:within,pills,not_applicable,4,1,standard,,complete,C-PLS-DA-000,C-PLS-DA-001,5,0.0,0.0,0.0
P03OUTER-924e3177e5294873a2714a14,EXP-C09-CONTROL-META,T3-ZS,surfaces:Pendar-3,surfaces,Pendar-3,3,2,metadata_control,,complete,CTRL-META-C-LOGREG-EN-005,CTRL-META-C-LOGREG-EN-010,20,0.0,0.0,0.0
P03OUTER-926bc150c24935e2923a40c7,EXP-C12-CORAL,T3-ZS,pills:Pendar-3,pills,Pendar-3,4,2,source_covariance,,unavailable,,,0,,,
P03OUTER-929594866059fd89ed643385,EXP-C10-T3,T3-ZS,pills:Agilent-1,pills,Agilent-1,1,3,fixed_family_reuse,C-RBF-SVM,complete,C-RBF-SVM-012,C-RBF-SVM-014,36,0.0,0.0,0.0
P03OUTER-92a6fe9fe56c0b6feffa39a4,EXP-C09-CONTROL-META,T3-ZS,pills:Mira-3,pills,Mira-3,3,3,metadata_control,,complete,CTRL-META-C-LOGREG-EN-000,CTRL-META-C-LOGREG-EN-005,30,0.1111111111111111,0.0,0.07777777777777778
P03OUTER-92d996b624feabbb70dd1829,EXP-C12-CORAL,T3-ZS,pills:Pendar-3,pills,Pendar-3,5,3,source_covariance,,unavailable,,,0,,,
P03OUTER-930dd57890eb4b51283d4f63,EXP-C12-CORAL,T3-ZS,surfaces:Pendar-2,surfaces,Pendar-2,1,1,source_covariance,,unavailable,,,0,,,
P03OUTER-932a7056d3da083171a9b2a7,EXP-C09-T3,T3-ZS,surfaces:Pendar-3,surfaces,Pendar-3,4,0,standard,,complete,C-RANDOM-FOREST-000,C-EXTRA-TREES-000,125,0.0,0.0,0.0
P03OUTER-9338d06acf12141341480c06,EXP-C10-T3,T3-ZS,pills:Pendar-3,pills,Pendar-3,3,3,fixed_family_reuse,C-PCA-LDA,complete,C-PCA-LDA-004,C-PCA-LDA-005,10,0.0,0.0,0.0
P03OUTER-934e9e53d92957b1062eab26,EXP-C10-T3,T3-ZS,surfaces:Mira-1,surfaces,Mira-1,3,3,fixed_family_reuse,C-RANDOM-FOREST,complete,C-RANDOM-FOREST-000,C-RANDOM-FOREST-001,16,0.0,0.0,0.0
P03OUTER-938d3eb48f5f4a63503f52f9,EXP-C10-T3,T3-ZS,cwa:RMX-1,cwa,RMX-1,2,3,fixed_family_reuse,C-RANDOM-FOREST,complete,C-RANDOM-FOREST-002,C-RANDOM-FOREST-000,16,0.0,0.0,0.007407407407407418
P03OUTER-93a60f0a476403d113cdd312,EXP-C10-T3,T3-ZS,pills:Pendar-1,pills,Pendar-1,5,3,fixed_family_reuse,C-RANDOM-FOREST,complete,C-RANDOM-FOREST-000,C-RANDOM-FOREST-001,16,0.0,0.0,0.0
P03OUTER-93e31880c647893fb9632edd,EXP-C03-T1,T1-PILLS,pills:within,pills,not_applicable,1,3,standard,,complete,C-PCA-LDA-002,C-PCA-LDA-003,10,0.0,0.0,0.0
P03OUTER-93fea86c4bafda678b2096d7,EXP-C08-T1,T1-CWA,cwa:within,cwa,not_applicable,3,0,standard,,complete,C-EXTRA-TREES-009,C-EXTRA-TREES-013,16,0.0,0.0,0.0
P03OUTER-9404555ab83d0157ab978515,EXP-C10-T3,T3-ZS,cwa:Pendar-2,cwa,Pendar-2,4,3,fixed_family_reuse,C-EXTRA-TREES,complete,C-EXTRA-TREES-009,C-EXTRA-TREES-011,16,0.14814814814814814,-0.1481481481481482,0.23492063492063503
P03OUTER-940531a56cc22e0dbe2000b1,EXP-C10-T3,T3-ZS,pills:Agilent-3,pills,Agilent-3,3,1,fixed_family_reuse,C-RBF-SVM,complete,C-RBF-SVM-012,C-RBF-SVM-013,36,0.0,0.0,0.0
P03OUTER-9407aec24ec6c3b2a5189015,EXP-C04-T1,T1-PILLS,pills:within,pills,not_applicable,4,3,standard,,complete,C-PLS-DA-000,C-PLS-DA-001,5,0.0,0.0,0.0
P03OUTER-94292a1ebe01464a29d7b8bb,EXP-C10-T3,T3-ZS,surfaces:Mira-1,surfaces,Mira-1,2,0,fixed_family_reuse,C-PCA-LDA,complete,C-PCA-LDA-002,C-PCA-LDA-000,6,0.033333333333333215,-0.13333333333333341,0.09722222222222227
P03OUTER-945a310515a0cb876d8a6963,EXP-C09-T3,T3-ZS,surfaces:Pendar-3,surfaces,Pendar-3,1,0,standard,,complete,C-LOGREG-EN-019,C-LOGREG-EN-018,121,0.0,0.0,0.018181818181818188
P03OUTER-94b6944b705f29b8e29f0b6f,EXP-C09-CONTROL-META,T3-ZS,surfaces:Mira-1,surfaces,Mira-1,2,1,metadata_control,,complete,CTRL-META-C-LOGREG-EN-011,CTRL-META-C-LOGREG-EN-006,30,0.03703703703703709,-0.1111111111111111,0.07160493827160491
P03OUTER-94c7ff5c8d40372b4a3a8993,EXP-C10-T3,T3-ZS,surfaces:Agilent-3,surfaces,Agilent-3,5,2,fixed_family_reuse,C-RANDOM-FOREST,complete,C-RANDOM-FOREST-008,C-RANDOM-FOREST-012,16,0.0,0.022222222222222143,-0.004292929292929459
P03OUTER-94e6600e6dee31311a962a2e,EXP-C10-T3,T3-ZS,cwa:Pendar-2,cwa,Pendar-2,1,1,fixed_family_reuse,C-EXTRA-TREES,complete,C-EXTRA-TREES-011,C-EXTRA-TREES-015,16,0.0,0.0,0.0
P03OUTER-95799f59f327ebbd0e5b2dcd,EXP-C10-T3,T3-ZS,pills:Pendar-1,pills,Pendar-1,3,1,fixed_family_reuse,C-RBF-SVM,complete,C-RBF-SVM-012,C-RBF-SVM-014,36,0.0,0.0,0.0
P03OUTER-95c9ea8cd3bea7b0ec61a97e,EXP-C10-T3,T3-ZS,pills:Agilent-1,pills,Agilent-1,5,1,fixed_family_reuse,C-RBF-SVM,complete,C-RBF-SVM-012,C-RBF-SVM-013,36,0.0,0.0,0.0
P03OUTER-95e5eeea4d0b39b0930df027,EXP-C09-T3,T3-ZS,pills:Pendar-3,pills,Pendar-3,5,2,standard,,complete,C-SPECTRAL-MATCH-000,C-PLS-DA-000,126,0.0,0.0,0.0
P03OUTER-95f0cc2178a296bbbb47bdf4,EXP-C09-CONTROL-META,T3-ZS,surfaces:Mira-1,surfaces,Mira-1,2,2,metadata_control,,complete,CTRL-META-C-LOGREG-EN-000,CTRL-META-C-LOGREG-EN-005,23,0.0,0.0,0.0
P03OUTER-95f7eec6cb3f3c47c2749b3f,EXP-C10-T3,T3-ZS,cwa:Mira-2,cwa,Mira-2,3,1,fixed_family_reuse,C-PCA-LDA,complete,C-PCA-LDA-003,C-PCA-LDA-000,8,0.08333333333333331,0.0,0.07777777777777767
P03OUTER-960228cdc1b7904f821b4795,EXP-C09-CONTROL-META,T3-ZS,cwa:Pendar-2,cwa,Pendar-2,4,1,metadata_control,,complete,CTRL-META-C-LOGREG-EN-005,CTRL-META-C-LOGREG-EN-025,30,0.0,0.0,0.0
P03OUTER-961a383c7fb94d301ea60f27,EXP-C10-T3,T3-ZS,surfaces:Agilent-3,surfaces,Agilent-3,4,1,fixed_family_reuse,C-EXTRA-TREES,complete,C-EXTRA-TREES-002,C-EXTRA-TREES-006,16,0.03703703703703698,0.09259259259259256,0.026565101565101612
P03OUTER-9641f66de7255da8726c8631,EXP-C10-T3,T3-ZS,cwa:Pendar-2,cwa,Pendar-2,5,0,fixed_family_reuse,C-PCA-LDA,complete,C-PCA-LDA-004,C-PCA-LDA-005,10,0.0,0.0,0.0
P03OUTER-9662ae0d08e007af6da96786,EXP-C12-CORAL,T3-ZS,cwa:Mira-2,cwa,Mira-2,4,0,source_covariance,,complete,CORAL-C-PCA-LDA-002,CORAL-C-PCA-LDA-000,46,0.05555555555555558,0.1111111111111111,0.11759259259259258
P03OUTER-968b13566b4810eace2dfe9c,EXP-C09-T3,T3-ZS,pills:Agilent-3,pills,Agilent-3,2,2,standard,,complete,C-PLS-DA-000,C-LOGREG-EN-000,120,0.0,0.0,0.0
P03OUTER-96c42434dd2daea4d2cb7c97,EXP-C12-CORAL,T3-ZS,pills:Agilent-3,pills,Agilent-3,5,3,source_covariance,,unavailable,,,0,,,
P03OUTER-96cea15e593672f5d26da723,EXP-C10-T3,T3-ZS,surfaces:Agilent-3,surfaces,Agilent-3,3,0,fixed_family_reuse,C-RBF-SVM,complete,C-RBF-SVM-019,C-RBF-SVM-018,36,0.06666666666666665,0.1333333333333333,0.11746031746031749
P03OUTER-96d553bcbeadb71588195c7b,EXP-C01-T1,T1-PILLS,pills:within,pills,not_applicable,3,3,standard,,complete,C-SPECTRAL-MATCH-000,C-SPECTRAL-MATCH-002,3,0.0,0.0,0.0
P03OUTER-96de7dd780087f1d8fdcc1ab,EXP-C09-T3,T3-ZS,surfaces:Mira-1,surfaces,Mira-1,2,1,standard,,complete,C-LOGREG-EN-000,C-RANDOM-FOREST-000,125,0.0,0.0,0.0
P03OUTER-97012655310fe5ee1d2e3a5b,EXP-C09-CONTROL-META,T3-ZS,pills:Mira-3,pills,Mira-3,3,2,metadata_control,,complete,CTRL-META-C-LOGREG-EN-005,CTRL-META-C-LOGREG-EN-010,30,0.05555555555555558,0.0,0.018518518518518545
P03OUTER-9731904bc3f08899851d6571,EXP-C10-T3,T3-ZS,surfaces:Agilent-3,surfaces,Agilent-3,2,2,fixed_family_reuse,C-EXTRA-TREES,complete,C-EXTRA-TREES-005,C-EXTRA-TREES-010,16,0.05092592592592593,0.18518518518518517,0.0724146224146226
P03OUTER-974ce7e197c7fe640ee3bc31,EXP-C10-T3,T3-ZS,surfaces:RMX-2,surfaces,RMX-2,4,3,fixed_family_reuse,C-RANDOM-FOREST,complete,C-RANDOM-FOREST-004,C-RANDOM-FOREST-008,16,0.005291005291005235,0.0,0.011969598519306068
P03OUTER-975195f484bd8787bbed0185,EXP-C10-T3,T3-ZS,surfaces:Mira-1,surfaces,Mira-1,1,2,fixed_family_reuse,C-EXTRA-TREES,complete,C-EXTRA-TREES-000,C-EXTRA-TREES-001,16,0.0,0.0,0.0
P03OUTER-9763822801778c331a149298,EXP-C09-CONTROL-META,T3-ZS,pills:Pendar-1,pills,Pendar-1,1,2,metadata_control,,complete,CTRL-META-C-LOGREG-EN-000,CTRL-META-C-LOGREG-EN-005,20,0.05555555555555558,0.1666666666666667,0.026455026455026398
P03OUTER-97684288d77bbbd396186b51,EXP-C10-T3,T3-ZS,surfaces:Pendar-3,surfaces,Pendar-3,3,3,fixed_family_reuse,C-EXTRA-TREES,complete,C-EXTRA-TREES-000,C-EXTRA-TREES-001,16,0.0,0.0,0.0
P03OUTER-9782da47083b3dd2a1f19689,EXP-C10-T3,T3-ZS,pills:Mira-3,pills,Mira-3,3,1,fixed_family_reuse,C-PCA-LDA,complete,C-PCA-LDA-002,C-PCA-LDA-003,10,0.0,0.0,0.0
P03OUTER-978c83f06be07674cdf8eb19,EXP-C12-CORAL,T3-ZS,surfaces:Pendar-3,surfaces,Pendar-3,1,1,source_covariance,,complete,CORAL-C-PCA-LDA-002,CORAL-C-PCA-LDA-005,44,0.0,0.03333333333333344,0.01640211640211653
P03OUTER-97be9f1a091b7f85f340ef85,EXP-C01-T1,T1-PILLS,pills:within,pills,not_applicable,2,3,standard,,complete,C-SPECTRAL-MATCH-000,C-SPECTRAL-MATCH-001,3,0.0,0.0,0.0
P03OUTER-97c4128a2183d56b1a36ca0e,EXP-C12-CORAL,T3-ZS,surfaces:Mira-1,surfaces,Mira-1,5,0,source_covariance,,complete,CORAL-C-PCA-LDA-003,CORAL-C-PCA-LDA-005,46,0.0,0.0,0.0
P03OUTER-97cf909e0dd66b0a2390a25d,EXP-C07-T1,T1-CWA,cwa:within,cwa,not_applicable,2,0,standard,,complete,C-RANDOM-FOREST-007,C-RANDOM-FOREST-011,16,0.0,0.0,0.0
P03OUTER-97d6819800c5a34b210f18d9,EXP-C10-T3,T3-ZS,pills:Agilent-1,pills,Agilent-1,2,3,fixed_family_reuse,C-EXTRA-TREES,complete,C-EXTRA-TREES-000,C-EXTRA-TREES-001,16,0.0,0.0,0.0
P03OUTER-97df3b2124459a78c3a67897,EXP-C10-T3,T3-ZS,pills:Agilent-3,pills,Agilent-3,5,0,fixed_family_reuse,C-RANDOM-FOREST,complete,C-RANDOM-FOREST-000,C-RANDOM-FOREST-001,16,0.0,0.0,0.0
P03OUTER-97e8dc127836653751ac1187,EXP-C09-T3,T3-ZS,pills:Agilent-3,pills,Agilent-3,1,3,standard,,complete,C-PLS-DA-000,C-LOGREG-EN-000,125,0.0,0.0,0.0
P03OUTER-9803e0555f8e037262182f45,EXP-C12-CORAL,T3-ZS,pills:Pendar-1,pills,Pendar-1,2,1,source_covariance,,unavailable,,,0,,,
P03OUTER-981bc253d7e0cdafd72a4b34,EXP-C08-T1,T1-PILLS,pills:within,pills,not_applicable,4,3,standard,,complete,C-EXTRA-TREES-000,C-EXTRA-TREES-001,16,0.0,0.0,0.0
P03OUTER-982bf8c959ecbb4058b41216,EXP-C10-T3,T3-ZS,surfaces:Pendar-2,surfaces,Pendar-2,5,2,fixed_family_reuse,C-PCA-LDA,complete,C-PCA-LDA-000,C-PCA-LDA-001,4,0.011111111111111072,-0.033333333333333326,-0.04102284788559307
P03OUTER-984c59e07d8bf71e3966cd4a,EXP-C10-T3,T3-ZS,surfaces:Pendar-3,surfaces,Pendar-3,5,0,fixed_family_reuse,C-RANDOM-FOREST,complete,C-RANDOM-FOREST-000,C-RANDOM-FOREST-001,16,0.0,0.0,0.0
P03OUTER-986875155fde091f6b759d10,EXP-C02-T1,T1-CWA,cwa:within,cwa,not_applicable,4,3,standard,,complete,C-NEAREST-CENTROID-004,C-NEAREST-CENTROID-003,8,0.16666666666666674,0.16666666666666663,0.15370370370370368
P03OUTER-98870486ad94d6a463fe4761,EXP-C09-T3,T3-ZS,surfaces:RMX-2,surfaces,RMX-2,2,2,standard,,complete,C-RBF-SVM-025,C-RBF-SVM-031,117,0.0,0.0,0.0
P03OUTER-989c47878c975e81313b2480,EXP-C09-CONTROL-META,T3-ZS,surfaces:Agilent-3,surfaces,Agilent-3,3,2,metadata_control,,complete,CTRL-META-C-LOGREG-EN-001,CTRL-META-C-LOGREG-EN-005,21,0.0,0.0,0.0
P03OUTER-98b88ead2f65a857cacd771a,EXP-C01-T1,T1-SURF,surfaces:within,surfaces,not_applicable,1,0,standard,,complete,C-SPECTRAL-MATCH-000,C-SPECTRAL-MATCH-001,3,0.0,0.0,0.0
P03OUTER-98d0e4fe090927ebd04308d1,EXP-C10-T3,T3-ZS,pills:Agilent-1,pills,Agilent-1,2,3,fixed_family_reuse,C-RBF-SVM,complete,C-RBF-SVM-012,C-RBF-SVM-014,36,0.0,0.0,0.0
P03OUTER-98e5cd2fb5d151e794aa517a,EXP-C10-T3,T3-ZS,pills:Pendar-1,pills,Pendar-1,4,1,fixed_family_reuse,C-EXTRA-TREES,complete,C-EXTRA-TREES-000,C-EXTRA-TREES-001,16,0.0,0.0,0.0
P03OUTER-990a0a2bc0e3aaf449435895,EXP-C10-T3,T3-ZS,pills:Agilent-3,pills,Agilent-3,4,0,fixed_family_reuse,C-RANDOM-FOREST,complete,C-RANDOM-FOREST-000,C-RANDOM-FOREST-001,16,0.0,0.0,0.0
P03OUTER-9925619394a65db38a630e0e,EXP-C09-CONTROL-META,T3-ZS,surfaces:Pendar-3,surfaces,Pendar-3,3,0,metadata_control,,complete,CTRL-META-C-LOGREG-EN-008,CTRL-META-C-LOGREG-EN-003,19,0.0,0.0,0.015277777777777807
P03OUTER-994bcc2804a256b723d551d0,EXP-C10-T3,T3-ZS,pills:Mira-3,pills,Mira-3,5,1,fixed_family_reuse,C-RANDOM-FOREST,complete,C-RANDOM-FOREST-000,C-RANDOM-FOREST-001,16,0.0,0.0,0.0
P03OUTER-99512a9bc23c19c2d4cbb687,EXP-C10-T3,T3-ZS,pills:Mira-3,pills,Mira-3,5,2,fixed_family_reuse,C-RBF-SVM,complete,C-RBF-SVM-012,C-RBF-SVM-014,36,0.0,0.0,0.0
P03OUTER-995601b79a9dbec23277b5c5,EXP-C10-T3,T3-ZS,surfaces:Pendar-2,surfaces,Pendar-2,2,2,fixed_family_reuse,C-EXTRA-TREES,complete,C-EXTRA-TREES-005,C-EXTRA-TREES-009,16,0.0,0.0,0.0
P03OUTER-99bd6e2c3d1a58128eff8d9e,EXP-C10-T3,T3-ZS,surfaces:Pendar-3,surfaces,Pendar-3,3,2,fixed_family_reuse,C-PCA-LDA,complete,C-PCA-LDA-002,C-PCA-LDA-008,6,0.02777777777777779,0.055555555555555525,0.05509768009768007
P03OUTER-99cafce0c8a99c72d9a66b26,EXP-C10-T3,T3-ZS,surfaces:Pendar-2,surfaces,Pendar-2,2,1,fixed_family_reuse,C-RANDOM-FOREST,complete,C-RANDOM-FOREST-000,C-RANDOM-FOREST-001,16,0.0,0.0,0.0
P03OUTER-99d3e71e0656c29d43a42330,EXP-C02-T1,T1-PILLS,pills:within,pills,not_applicable,1,3,standard,,complete,C-NEAREST-CENTROID-000,C-NEAREST-CENTROID-001,8,0.0,0.0,0.0
P03OUTER-99dc68270b05f58195ebfda0,EXP-C10-T3,T3-ZS,surfaces:Pendar-3,surfaces,Pendar-3,4,1,fixed_family_reuse,C-RBF-SVM,complete,C-RBF-SVM-019,C-RBF-SVM-025,36,0.04166666666666674,0.0,-0.012801087801087796
P03OUTER-99e4eca47ffb1023f42f436e,EXP-C10-T3,T3-ZS,pills:Pendar-1,pills,Pendar-1,2,0,fixed_family_reuse,C-RANDOM-FOREST,complete,C-RANDOM-FOREST-000,C-RANDOM-FOREST-001,16,0.0,0.0,0.0
P03OUTER-9a017dee6273c4875bf17d79,EXP-C09-T3,T3-ZS,cwa:RMX-1,cwa,RMX-1,5,1,standard,,complete,C-EXTRA-TREES-010,C-RANDOM-FOREST-004,120,0.0277777777777779,0.05555555555555558,0.022222222222222143
P03OUTER-9a0233d6de39068402841e9e,EXP-C10-T3,T3-ZS,cwa:Mira-2,cwa,Mira-2,1,2,fixed_family_reuse,C-PCA-LDA,complete,C-PCA-LDA-001,C-PCA-LDA-008,8,0.0,0.0,0.016666666666666607
P03OUTER-9a04410ae226e0bd59ea9a7d,EXP-C10-T3,T3-ZS,surfaces:Pendar-3,surfaces,Pendar-3,4,1,fixed_family_reuse,C-PCA-LDA,complete,C-PCA-LDA-003,C-PCA-LDA-008,6,0.02777777777777779,0.08333333333333337,0.055778371954842476
P03OUTER-9a5680766dd5727ada928560,EXP-C09-T3,T3-ZS,pills:Agilent-3,pills,Agilent-3,2,0,standard,,complete,C-PLS-DA-000,C-LOGREG-EN-000,125,0.0,0.0,0.0
P03OUTER-9a59070bc046450094ee1d24,EXP-C09-T3,T3-ZS,surfaces:RMX-2,surfaces,RMX-2,4,1,standard,,complete,C-LOGREG-EN-018,C-LOGREG-EN-019,118,0.0,0.0,0.0
P03OUTER-9aa5ee655593abceaddee103,EXP-C10-T3,T3-ZS,surfaces:Mira-1,surfaces,Mira-1,2,2,fixed_family_reuse,C-RBF-SVM,complete,C-RBF-SVM-025,C-RBF-SVM-031,36,0.0,0.0,0.0
P03OUTER-9aa95845ee1711d317267949,EXP-C10-T3,T3-ZS,surfaces:Pendar-3,surfaces,Pendar-3,1,1,fixed_family_reuse,C-RBF-SVM,complete,C-RBF-SVM-025,C-RBF-SVM-031,36,0.0,0.0,0.0
P03OUTER-9aea516ce5ee8fadffb59de1,EXP-C10-T3,T3-ZS,surfaces:Pendar-2,surfaces,Pendar-2,3,2,fixed_family_reuse,C-EXTRA-TREES,complete,C-EXTRA-TREES-005,C-EXTRA-TREES-009,16,0.0,0.0,0.0
P03OUTER-9b0712551138a6084b892605,EXP-C09-T3,T3-ZS,surfaces:Mira-1,surfaces,Mira-1,5,3,standard,,complete,C-RBF-SVM-018,C-RBF-SVM-020,115,0.0,0.0,0.0
P03OUTER-9b09debdb07d89c6164726ea,EXP-C09-T3,T3-ZS,surfaces:RMX-2,surfaces,RMX-2,5,3,standard,,complete,C-SPECTRAL-MATCH-001,C-NEAREST-CENTROID-005,114,0.014285714285714235,0.12857142857142856,-0.016266449599783017
P03OUTER-9b2532436f0c2329bbca1b19,EXP-C06-T1,T1-SURF,surfaces:within,surfaces,not_applicable,1,0,standard,,complete,C-RBF-SVM-012,C-RBF-SVM-014,36,0.0,0.0,0.0
P03OUTER-9b2ebc8ef034a123c5eb8e29,EXP-C10-T3,T3-ZS,surfaces:RMX-2,surfaces,RMX-2,3,3,fixed_family_reuse,C-PCA-LDA,complete,C-PCA-LDA-007,C-PCA-LDA-006,10,0.11111111111111116,0.11111111111111116,0.15634920634920646
P03OUTER-9b2f4c2184daa9058b71e437,EXP-C10-T3,T3-ZS,pills:Mira-3,pills,Mira-3,5,1,fixed_family_reuse,C-EXTRA-TREES,complete,C-EXTRA-TREES-000,C-EXTRA-TREES-001,16,0.0,0.0,0.0
P03OUTER-9b9d2639e429070484b88119,EXP-C10-T3,T3-ZS,surfaces:Agilent-3,surfaces,Agilent-3,4,3,fixed_family_reuse,C-PCA-LDA,complete,C-PCA-LDA-003,C-PCA-LDA-008,6,0.10000000000000009,0.2571428571428572,0.0630718954248366
P03OUTER-9bcbfd75bec7a60425dce9f0,EXP-C09-CONTROL-META,T3-ZS,pills:Agilent-1,pills,Agilent-1,5,0,metadata_control,,complete,CTRL-META-C-LOGREG-EN-012,CTRL-META-C-LOGREG-EN-000,29,0.05555555555555558,0.0,0.058730158730158744
P03OUTER-9bd83546f9f067b0e1ff7306,EXP-C09-CONTROL-META,T3-ZS,pills:Pendar-3,pills,Pendar-3,1,1,metadata_control,,complete,CTRL-META-C-LOGREG-EN-025,CTRL-META-C-LOGREG-EN-016,20,0.11111111111111105,0.16666666666666669,0.09259259259259262
P03OUTER-9bd9d0c0a59c49c89b3ea7ba,EXP-C10-T3,T3-ZS,pills:Pendar-3,pills,Pendar-3,1,0,fixed_family_reuse,C-RANDOM-FOREST,complete,C-RANDOM-FOREST-000,C-RANDOM-FOREST-001,16,0.0,0.0,0.0
P03OUTER-9bddf9559bc28168ec4523b1,EXP-C09-T3,T3-ZS,surfaces:Pendar-2,surfaces,Pendar-2,4,0,standard,,complete,C-RBF-SVM-018,C-RBF-SVM-020,126,0.0,0.0,0.0
P03OUTER-9be1593e55de9407ae2040ab,EXP-C10-T3,T3-ZS,surfaces:RMX-2,surfaces,RMX-2,2,1,fixed_family_reuse,C-RBF-SVM,complete,C-RBF-SVM-024,C-RBF-SVM-026,36,0.0,0.0,0.0
P03OUTER-9be5d2a8496adaff649c0111,EXP-C12-CORAL,T3-ZS,pills:Agilent-1,pills,Agilent-1,4,0,source_covariance,,unavailable,,,0,,,
P03OUTER-9c0dc1b13a551dd356bd2b6c,EXP-C10-T3,T3-ZS,pills:Mira-3,pills,Mira-3,4,3,fixed_family_reuse,C-RBF-SVM,complete,C-RBF-SVM-012,C-RBF-SVM-014,36,0.0,0.0,0.0
P03OUTER-9c139a7739e9214057ee3e0f,EXP-C09-T3,T3-ZS,pills:Agilent-1,pills,Agilent-1,2,3,standard,,complete,C-PLS-DA-000,C-LOGREG-EN-000,121,0.0,0.0,0.0
P03OUTER-9c4167ef0c4c7e75e2c9b599,EXP-C10-T3,T3-ZS,pills:Pendar-3,pills,Pendar-3,4,1,fixed_family_reuse,C-PCA-LDA,complete,C-PCA-LDA-002,C-PCA-LDA-003,10,0.0,0.0,0.0
P03OUTER-9c4322dac5d0f63e9c6f5410,EXP-C10-T3,T3-ZS,surfaces:Mira-1,surfaces,Mira-1,3,3,fixed_family_reuse,C-PCA-LDA,complete,C-PCA-LDA-005,C-PCA-LDA-007,10,0.0,0.0,0.0
P03OUTER-9c49a5752a8c8d1b5e65c450,EXP-C12-CORAL,T3-ZS,pills:Agilent-1,pills,Agilent-1,5,1,source_covariance,,unavailable,,,0,,,
P03OUTER-9c6b9572a766d755814ea988,EXP-C01-T1,T1-SURF,surfaces:within,surfaces,not_applicable,5,0,standard,,complete,C-SPECTRAL-MATCH-001,C-SPECTRAL-MATCH-002,3,0.0,0.0,0.0
P03OUTER-9c7811a3eae854f51876e04f,EXP-C07-T1,T1-SURF,surfaces:within,surfaces,not_applicable,2,1,standard,,complete,C-RANDOM-FOREST-000,C-RANDOM-FOREST-001,16,0.0,0.0,0.0
P03OUTER-9c7bb4d99ffc8b051ec80352,EXP-C10-T3,T3-ZS,cwa:Pendar-2,cwa,Pendar-2,2,1,fixed_family_reuse,C-PCA-LDA,complete,C-PCA-LDA-005,C-PCA-LDA-004,8,0.08333333333333337,0.0,0.1214285714285715
P03OUTER-9c7dd1834462c7eeb791a158,EXP-C09-CONTROL-META,T3-ZS,surfaces:Pendar-3,surfaces,Pendar-3,5,1,metadata_control,,complete,CTRL-META-C-LOGREG-EN-008,CTRL-META-C-LOGREG-EN-009,19,0.0,0.0,0.0
P03OUTER-9c911c5058a0c67330ab8a8f,EXP-C10-T3,T3-ZS,surfaces:Agilent-3,surfaces,Agilent-3,4,0,fixed_family_reuse,C-RBF-SVM,complete,C-RBF-SVM-019,C-RBF-SVM-025,36,0.0,0.0,0.0
P03OUTER-9cd11491f286a8274bf1164f,EXP-C09-T3,T3-ZS,pills:Pendar-1,pills,Pendar-1,2,2,standard,,complete,C-PLS-DA-000,C-LOGREG-EN-000,119,0.0,0.0,0.0
P03OUTER-9cd354187e599c0276e1eac9,EXP-C06-T1,T1-CWA,cwa:within,cwa,not_applicable,1,3,standard,,complete,C-RBF-SVM-024,C-RBF-SVM-031,36,0.0,0.0,0.0
P03OUTER-9d6a6ade4cf607b89df5282e,EXP-C09-T3,T3-ZS,surfaces:Pendar-3,surfaces,Pendar-3,4,1,standard,,complete,C-LOGREG-EN-022,C-LOGREG-EN-023,119,0.0,0.0,0.0
P03OUTER-9d7c885d741c6b2722a70ab1,EXP-C06-T1,T1-PILLS,pills:within,pills,not_applicable,1,3,standard,,complete,C-RBF-SVM-012,C-RBF-SVM-013,36,0.0,0.0,0.0
P03OUTER-9d8a9002fe8c6ba4d36f78ed,EXP-C07-T1,T1-PILLS,pills:within,pills,not_applicable,5,2,standard,,complete,C-RANDOM-FOREST-000,C-RANDOM-FOREST-001,16,0.0,0.0,0.0
P03OUTER-9da26edb35600b0d5d46aa40,EXP-C09-T3,T3-ZS,pills:Mira-3,pills,Mira-3,3,3,standard,,complete,C-SPECTRAL-MATCH-000,C-PLS-DA-000,123,0.0,0.0,0.0
P03OUTER-9dbf9d921a8dcda781486c07,EXP-C01-T1,T1-SURF,surfaces:within,surfaces,not_applicable,4,1,standard,,complete,C-SPECTRAL-MATCH-000,C-SPECTRAL-MATCH-002,3,0.0,0.0,0.0037037037037036535
P03OUTER-9dbfd5df449daa28da5fc5d3,EXP-C10-T3,T3-ZS,surfaces:Agilent-3,surfaces,Agilent-3,4,0,fixed_family_reuse,C-PCA-LDA,complete,C-PCA-LDA-002,C-PCA-LDA-006,10,0.0,0.0,0.0
P03OUTER-9df7b970eec07cb07182b3c8,EXP-C10-T3,T3-ZS,cwa:RMX-1,cwa,RMX-1,3,2,fixed_family_reuse,C-RBF-SVM,complete,C-RBF-SVM-019,C-RBF-SVM-026,36,0.11111111111111105,0.0,0.07380952380952382
P03OUTER-9dfae89347997815027c16ad,EXP-C10-T3,T3-ZS,pills:Mira-3,pills,Mira-3,5,2,fixed_family_reuse,C-EXTRA-TREES,complete,C-EXTRA-TREES-000,C-EXTRA-TREES-001,16,0.0,0.0,0.0
P03OUTER-9e0e3c230bdebf89ac2738f3,EXP-C10-T3,T3-ZS,surfaces:Pendar-3,surfaces,Pendar-3,2,3,fixed_family_reuse,C-EXTRA-TREES,complete,C-EXTRA-TREES-005,C-EXTRA-TREES-008,16,0.0,0.0,0.0
P03OUTER-9e6d6c46830cdf4bbaa96451,EXP-C10-T3,T3-ZS,pills:Agilent-3,pills,Agilent-3,1,2,fixed_family_reuse,C-RANDOM-FOREST,complete,C-RANDOM-FOREST-000,C-RANDOM-FOREST-001,16,0.0,0.0,0.0
P03OUTER-9e74929883b35b4bbb00564e,EXP-C10-T3,T3-ZS,surfaces:Pendar-3,surfaces,Pendar-3,2,0,fixed_family_reuse,C-RBF-SVM,complete,C-RBF-SVM-019,C-RBF-SVM-025,36,1.1102230246251565e-16,-0.0666666666666666,-0.03886554621848737
P03OUTER-9eddc3b2e99a0cf4f96e40d1,EXP-C09-T3,T3-ZS,surfaces:RMX-2,surfaces,RMX-2,3,1,standard,,complete,C-LOGREG-EN-010,C-LOGREG-EN-015,117,0.0,0.0,0.0
P03OUTER-9f123905be97d2ee42e5ca3a,EXP-C10-T3,T3-ZS,surfaces:Mira-1,surfaces,Mira-1,3,3,fixed_family_reuse,C-RBF-SVM,complete,C-RBF-SVM-025,C-RBF-SVM-031,36,0.0,0.0,0.0
P03OUTER-9f41ad4901e64e7abeb4352c,EXP-C10-T3,T3-ZS,pills:Mira-3,pills,Mira-3,4,0,fixed_family_reuse,C-RANDOM-FOREST,complete,C-RANDOM-FOREST-000,C-RANDOM-FOREST-001,16,0.0,0.0,0.0
P03OUTER-9f4432348237ff4fb7726078,EXP-C04-T1,T1-PILLS,pills:within,pills,not_applicable,3,0,standard,,complete,C-PLS-DA-000,C-PLS-DA-001,5,0.0,0.0,0.0
P03OUTER-9f69842f3d47aa5c6c7cec80,EXP-C09-T3,T3-ZS,cwa:RMX-1,cwa,RMX-1,1,1,standard,,complete,C-LOGREG-EN-015,C-LOGREG-EN-020,126,0.0,0.0,0.0
P03OUTER-9f96bd9baf519448aee0515b,EXP-C03-T1,T1-PILLS,pills:within,pills,not_applicable,1,0,standard,,complete,C-PCA-LDA-004,C-PCA-LDA-005,10,0.0,0.0,0.0
P03OUTER-9fb6354d6d713af48832118c,EXP-C01-T1,T1-SURF,surfaces:within,surfaces,not_applicable,4,3,standard,,complete,C-SPECTRAL-MATCH-002,C-SPECTRAL-MATCH-000,3,0.03703703703703687,0.0,0.05185185185185193
P03OUTER-9fc8bb19b0acc889a8d608bd,EXP-C07-T1,T1-SURF,surfaces:within,surfaces,not_applicable,1,3,standard,,complete,C-RANDOM-FOREST-000,C-RANDOM-FOREST-001,16,0.0,0.0,0.0
P03OUTER-9fde4651911eef814585cbaa,EXP-C09-T3,T3-ZS,surfaces:Pendar-2,surfaces,Pendar-2,2,3,standard,,complete,C-LOGREG-EN-017,C-LOGREG-EN-018,107,0.022222222222222254,0.0,0.024743230625583534
P03OUTER-a022ead9a2bf9ec49821cb58,EXP-C10-T3,T3-ZS,pills:Pendar-3,pills,Pendar-3,4,3,fixed_family_reuse,C-EXTRA-TREES,complete,C-EXTRA-TREES-000,C-EXTRA-TREES-001,16,0.0,0.0,0.0
P03OUTER-a05f18d67066da18950c620a,EXP-C10-T3,T3-ZS,cwa:RMX-1,cwa,RMX-1,5,0,fixed_family_reuse,C-RANDOM-FOREST,complete,C-RANDOM-FOREST-000,C-RANDOM-FOREST-011,16,0.0,0.16666666666666669,-0.014814814814814725
P03OUTER-a06ac4622a9d12909c1a53ee,EXP-C09-T3,T3-ZS,cwa:Mira-2,cwa,Mira-2,5,0,standard,,complete,C-NEAREST-CENTROID-006,C-NEAREST-CENTROID-004,126,0.08333333333333337,0.16666666666666669,0.05555555555555558
P03OUTER-a0807a2c742a4a167b809f80,EXP-C10-T3,T3-ZS,surfaces:RMX-2,surfaces,RMX-2,4,3,fixed_family_reuse,C-RBF-SVM,complete,C-RBF-SVM-012,C-RBF-SVM-014,36,0.0,0.0,0.0
P03OUTER-a0f30fb85fde1f1c8d055229,EXP-C10-T3,T3-ZS,cwa:RMX-1,cwa,RMX-1,4,3,fixed_family_reuse,C-EXTRA-TREES,complete,C-EXTRA-TREES-009,C-EXTRA-TREES-013,16,0.0185185185185186,0.0,0.029629629629629672
P03OUTER-a103c6f54eefef98106d623b,EXP-C09-CONTROL-META,T3-ZS,cwa:Pendar-2,cwa,Pendar-2,5,2,metadata_control,,complete,CTRL-META-C-LOGREG-EN-020,CTRL-META-C-LOGREG-EN-025,30,0.0,0.0,0.0
P03OUTER-a1474dc0d8a96fb42747bbdb,EXP-C10-T3,T3-ZS,pills:Pendar-3,pills,Pendar-3,5,2,fixed_family_reuse,C-RANDOM-FOREST,complete,C-RANDOM-FOREST-000,C-RANDOM-FOREST-001,16,0.0,0.0,0.0
P03OUTER-a15a44a698d2101b224153f7,EXP-C10-T3,T3-ZS,pills:Agilent-3,pills,Agilent-3,3,2,fixed_family_reuse,C-RBF-SVM,complete,C-RBF-SVM-012,C-RBF-SVM-014,36,0.0,0.0,0.0
P03OUTER-a1a2b4e34ba8361d1ed9a904,EXP-C12-CORAL,T3-ZS,surfaces:Pendar-2,surfaces,Pendar-2,3,2,source_covariance,,unavailable,,,0,,,
P03OUTER-a1c1cdada2ad5bd46c0aa407,EXP-C09-T3,T3-ZS,surfaces:Agilent-3,surfaces,Agilent-3,1,1,standard,,complete,C-LOGREG-EN-029,C-LOGREG-EN-021,119,0.03333333333333344,0.06666666666666676,0.031144781144781142
P03OUTER-a1c86088b5fe798b8955ef23,EXP-C10-T3,T3-ZS,surfaces:Pendar-3,surfaces,Pendar-3,1,3,fixed_family_reuse,C-RBF-SVM,complete,C-RBF-SVM-025,C-RBF-SVM-031,36,0.0,0.0,0.0
P03OUTER-a20e99b25f809968ab143873,EXP-C10-T3,T3-ZS,surfaces:Pendar-2,surfaces,Pendar-2,3,0,fixed_family_reuse,C-RANDOM-FOREST,complete,C-RANDOM-FOREST-012,C-RANDOM-FOREST-008,16,0.009259259259259245,0.0,0.008230452674897137
P03OUTER-a21ecb7231301127f71b5a4c,EXP-C10-T3,T3-ZS,cwa:RMX-1,cwa,RMX-1,1,3,fixed_family_reuse,C-PCA-LDA,complete,C-PCA-LDA-006,C-PCA-LDA-007,10,0.05555555555555558,0.1111111111111111,0.06666666666666665
P03OUTER-a298d87bfd26f10181453446,EXP-C10-T3,T3-ZS,pills:Pendar-3,pills,Pendar-3,1,1,fixed_family_reuse,C-RBF-SVM,complete,C-RBF-SVM-012,C-RBF-SVM-014,36,0.0,0.0,0.0
P03OUTER-a29abf6fa7f008da6d64e6da,EXP-C12-CORAL,T3-ZS,surfaces:Mira-1,surfaces,Mira-1,2,1,source_covariance,,unavailable,,,0,,,
P03OUTER-a2b12aff19523961018212e1,EXP-C10-T3,T3-ZS,pills:Pendar-3,pills,Pendar-3,4,0,fixed_family_reuse,C-RANDOM-FOREST,complete,C-RANDOM-FOREST-000,C-RANDOM-FOREST-001,16,0.0,0.0,0.0
P03OUTER-a2d812a939632c61c1d18241,EXP-C10-T3,T3-ZS,cwa:RMX-1,cwa,RMX-1,1,0,fixed_family_reuse,C-EXTRA-TREES,complete,C-EXTRA-TREES-001,C-EXTRA-TREES-008,16,0.0,0.0,0.0
P03OUTER-a2ef648e26544ea8369b7839,EXP-C01-T1,T1-CWA,cwa:within,cwa,not_applicable,2,3,standard,,complete,C-SPECTRAL-MATCH-000,C-SPECTRAL-MATCH-001,3,0.0,0.0,0.0
P03OUTER-a2fa6b57fc3f7acc0b703586,EXP-C10-T3,T3-ZS,surfaces:RMX-2,surfaces,RMX-2,5,0,fixed_family_reuse,C-RBF-SVM,complete,C-RBF-SVM-012,C-RBF-SVM-014,36,0.0,0.0,0.0
P03OUTER-a3018152049cbe634945e0a6,EXP-C10-T3,T3-ZS,pills:Pendar-1,pills,Pendar-1,1,1,fixed_family_reuse,C-PCA-LDA,complete,C-PCA-LDA-004,C-PCA-LDA-005,10,0.0,0.0,0.0
P03OUTER-a31a2c32f8ae8fe97ca1a198,EXP-C04-T1,T1-SURF,surfaces:within,surfaces,not_applicable,4,2,standard,,complete,C-PLS-DA-002,C-PLS-DA-003,5,0.0,0.0,0.0
P03OUTER-a34770bbc8a2371039cc0c0c,EXP-C01-T1,T1-SURF,surfaces:within,surfaces,not_applicable,2,0,standard,,complete,C-SPECTRAL-MATCH-000,C-SPECTRAL-MATCH-001,3,0.0,0.0,0.0
P03OUTER-a36eec19b777568dc651d17b,EXP-C10-T3,T3-ZS,surfaces:Mira-1,surfaces,Mira-1,4,2,fixed_family_reuse,C-PCA-LDA,complete,C-PCA-LDA-003,C-PCA-LDA-001,6,0.1071428571428572,0.08333333333333337,0.06687756687756696
P03OUTER-a38bcd3809791d320942c69b,EXP-C05-T1,T1-SURF,surfaces:within,surfaces,not_applicable,4,1,standard,,complete,C-LOGREG-EN-000,C-LOGREG-EN-005,29,0.03703703703703698,0.11111111111111116,0.07037037037037042
P03OUTER-a399a1fdb284bc7ec58a5027,EXP-C02-T1,T1-SURF,surfaces:within,surfaces,not_applicable,2,1,standard,,complete,C-NEAREST-CENTROID-000,C-NEAREST-CENTROID-001,8,0.0,0.0,0.0
P03OUTER-a3cd1f38e1c57d1d4de7edf9,EXP-C10-T3,T3-ZS,surfaces:RMX-2,surfaces,RMX-2,4,0,fixed_family_reuse,C-PCA-LDA,complete,C-PCA-LDA-008,C-PCA-LDA-006,10,0.03703703703703698,0.11111111111111116,0.07037037037037042
P03OUTER-a444d89a06f1d4a8a17653bd,EXP-C08-T1,T1-PILLS,pills:within,pills,not_applicable,2,3,standard,,complete,C-EXTRA-TREES-000,C-EXTRA-TREES-001,16,0.0,0.0,0.0
P03OUTER-a44c85c8980d2ccba750c1c0,EXP-C10-T3,T3-ZS,surfaces:Pendar-3,surfaces,Pendar-3,2,1,fixed_family_reuse,C-RBF-SVM,complete,C-RBF-SVM-018,C-RBF-SVM-020,36,0.0,0.0,0.0
P03OUTER-a478b0c2e37832b37ee2d143,EXP-C12-CORAL,T3-ZS,surfaces:RMX-2,surfaces,RMX-2,2,1,source_covariance,,unavailable,,,0,,,
P03OUTER-a4869f5706fc699696c67a2c,EXP-C09-T3,T3-ZS,surfaces:Agilent-3,surfaces,Agilent-3,4,1,standard,,complete,C-LOGREG-EN-021,C-LOGREG-EN-022,119,0.02777777777777768,0.05555555555555558,0.031024531024530955
P03OUTER-a48847ce2326353638a7b641,EXP-C10-T3,T3-ZS,pills:Mira-3,pills,Mira-3,1,0,fixed_family_reuse,C-PCA-LDA,complete,C-PCA-LDA-002,C-PCA-LDA-003,10,0.0,0.0,0.0
P03OUTER-a509f46d03e323aa8799ae47,EXP-C10-T3,T3-ZS,pills:Mira-3,pills,Mira-3,5,3,fixed_family_reuse,C-RBF-SVM,complete,C-RBF-SVM-012,C-RBF-SVM-014,36,0.0,0.0,0.0
P03OUTER-a51ecacaa94cb3c945fef116,EXP-C10-T3,T3-ZS,surfaces:Mira-1,surfaces,Mira-1,4,3,fixed_family_reuse,C-RBF-SVM,complete,C-RBF-SVM-020,C-RBF-SVM-026,36,0.0,0.0,0.0
P03OUTER-a53c81863fa2a1b1379a8655,EXP-C09-T3,T3-ZS,surfaces:RMX-2,surfaces,RMX-2,2,1,standard,,complete,C-PLS-DA-002,C-PLS-DA-003,122,0.0,0.0,0.0
P03OUTER-a53d9287c75641fc5bfa3a71,EXP-C07-T1,T1-SURF,surfaces:within,surfaces,not_applicable,3,2,standard,,complete,C-RANDOM-FOREST-000,C-RANDOM-FOREST-001,16,0.0,0.0,0.0
P03OUTER-a551f52c0acad2261cbd6e7d,EXP-C12-CORAL,T3-ZS,cwa:RMX-1,cwa,RMX-1,1,0,source_covariance,,complete,CORAL-C-PCA-LDA-008,CORAL-C-PCA-LDA-005,46,0.0,0.0,0.01031746031746028
P03OUTER-a568761630b1dda56aa558ea,EXP-C10-T3,T3-ZS,cwa:RMX-1,cwa,RMX-1,4,3,fixed_family_reuse,C-RANDOM-FOREST,complete,C-RANDOM-FOREST-002,C-RANDOM-FOREST-003,16,0.01851851851851849,0.0,0.021693121693121764
P03OUTER-a5a8f49bc4f2ba779ab7df9f,EXP-C06-T1,T1-PILLS,pills:within,pills,not_applicable,5,2,standard,,complete,C-RBF-SVM-012,C-RBF-SVM-013,36,0.0,0.0,0.0
P03OUTER-a5aec626a6160297aa35c11a,EXP-C09-T3,T3-ZS,surfaces:Pendar-3,surfaces,Pendar-3,2,1,standard,,complete,C-LOGREG-EN-000,C-RANDOM-FOREST-000,125,0.0,0.0,0.0
P03OUTER-a606429491dd091b7f14991c,EXP-C08-T1,T1-SURF,surfaces:within,surfaces,not_applicable,2,0,standard,,complete,C-EXTRA-TREES-000,C-EXTRA-TREES-001,16,0.0,0.0,0.0
P03OUTER-a625147ec146749f691d0573,EXP-C08-T1,T1-SURF,surfaces:within,surfaces,not_applicable,3,2,standard,,complete,C-EXTRA-TREES-002,C-EXTRA-TREES-003,16,0.0,0.0,0.0
P03OUTER-a65d7b1587f9184d8b266436,EXP-C10-T3,T3-ZS,cwa:RMX-1,cwa,RMX-1,5,3,fixed_family_reuse,C-EXTRA-TREES,complete,C-EXTRA-TREES-002,C-EXTRA-TREES-005,16,0.0,0.0,0.0
P03OUTER-a6641bf5c6ece32c39d138c5,EXP-C04-T1,T1-SURF,surfaces:within,surfaces,not_applicable,1,2,standard,,complete,C-PLS-DA-002,C-PLS-DA-003,5,0.0,0.0,0.0
P03OUTER-a67e2c28b0d01d6d6060a135,EXP-C09-CONTROL-META,T3-ZS,pills:Pendar-1,pills,Pendar-1,3,2,metadata_control,,complete,CTRL-META-C-LOGREG-EN-011,CTRL-META-C-LOGREG-EN-013,30,0.0,0.0,0.0698412698412699
P03OUTER-a6ada19cecb277fafeca0dbf,EXP-C02-T1,T1-PILLS,pills:within,pills,not_applicable,4,2,standard,,complete,C-NEAREST-CENTROID-003,C-NEAREST-CENTROID-004,8,0.0,0.0,0.0
P03OUTER-a6c3e02afb7c7a52b7b9cb89,EXP-C09-CONTROL-META,T3-ZS,cwa:RMX-1,cwa,RMX-1,2,3,metadata_control,,complete,CTRL-META-C-LOGREG-EN-015,CTRL-META-C-LOGREG-EN-016,30,0.0,0.0,0.0
P03OUTER-a6c9407d53bf4605c9cf43d4,EXP-C04-T1,T1-PILLS,pills:within,pills,not_applicable,5,3,standard,,complete,C-PLS-DA-000,C-PLS-DA-001,5,0.0,0.0,0.0
P03OUTER-a6cb3731f47a269634f1cee9,EXP-C09-CONTROL-META,T3-ZS,cwa:RMX-1,cwa,RMX-1,5,0,metadata_control,,complete,CTRL-META-C-LOGREG-EN-020,CTRL-META-C-LOGREG-EN-021,30,0.0,0.0,0.0
P03OUTER-a76aa56d80406948b56c05ce,EXP-C10-T3,T3-ZS,pills:Agilent-1,pills,Agilent-1,3,0,fixed_family_reuse,C-RBF-SVM,complete,C-RBF-SVM-012,C-RBF-SVM-014,36,0.0,0.0,0.0
P03OUTER-a7777e3cfa4b9dbab442d188,EXP-C08-T1,T1-CWA,cwa:within,cwa,not_applicable,5,0,standard,,complete,C-EXTRA-TREES-001,C-EXTRA-TREES-002,16,0.0,0.0,0.0
P03OUTER-a785a0cf8e5b6b4fa0b18ce1,EXP-C09-T3,T3-ZS,pills:Agilent-1,pills,Agilent-1,4,1,standard,,complete,C-LOGREG-EN-000,C-RANDOM-FOREST-000,124,0.0,0.0,0.0
P03OUTER-a793bed34c07565a4d2e3770,EXP-C10-T3,T3-ZS,pills:Agilent-3,pills,Agilent-3,1,0,fixed_family_reuse,C-RANDOM-FOREST,complete,C-RANDOM-FOREST-000,C-RANDOM-FOREST-001,16,0.0,0.0,0.0
P03OUTER-a7999c4e9194ad9d2ca342ac,EXP-C10-T3,T3-ZS,surfaces:Pendar-3,surfaces,Pendar-3,1,2,fixed_family_reuse,C-RBF-SVM,complete,C-RBF-SVM-012,C-RBF-SVM-019,36,0.0,0.0,0.0
P03OUTER-a7a08ef52162250abce2d61a,EXP-C04-T1,T1-CWA,cwa:within,cwa,not_applicable,4,0,standard,,complete,C-PLS-DA-002,C-PLS-DA-003,5,0.05555555555555547,0.0,0.059259259259259345
P03OUTER-a7a85fcc72e60c9dc9f52856,EXP-C09-CONTROL-META,T3-ZS,surfaces:Agilent-3,surfaces,Agilent-3,4,2,metadata_control,,complete,CTRL-META-C-LOGREG-EN-005,CTRL-META-C-LOGREG-EN-009,27,0.0,0.0,0.0
P03OUTER-a7bc4be8ae52ca74eb56e479,EXP-C10-T3,T3-ZS,surfaces:RMX-2,surfaces,RMX-2,4,2,fixed_family_reuse,C-PCA-LDA,complete,C-PCA-LDA-001,C-PCA-LDA-000,4,0.1587301587301586,0.16666666666666657,0.21290561290561277
P03OUTER-a7ffa22eb41fd7c078d5bfcd,EXP-C06-T1,T1-CWA,cwa:within,cwa,not_applicable,5,1,standard,,complete,C-RBF-SVM-025,C-RBF-SVM-012,36,0.05555555555555558,0.16666666666666663,0.07037037037037042
P03OUTER-a81c95305ec2628c67beef36,EXP-C10-T3,T3-ZS,pills:Mira-3,pills,Mira-3,2,0,fixed_family_reuse,C-EXTRA-TREES,complete,C-EXTRA-TREES-000,C-EXTRA-TREES-001,16,0.0,0.0,0.0
P03OUTER-a8302d07927e8f03860e1db2,EXP-C08-T1,T1-PILLS,pills:within,pills,not_applicable,1,0,standard,,complete,C-EXTRA-TREES-000,C-EXTRA-TREES-001,16,0.0,0.0,0.0
P03OUTER-a83db2576096a1898b5890c2,EXP-C12-CORAL,T3-ZS,pills:Agilent-1,pills,Agilent-1,2,3,source_covariance,,unavailable,,,0,,,
P03OUTER-a8853e370013b8ea6c90e0a7,EXP-C09-T3,T3-ZS,cwa:Mira-2,cwa,Mira-2,2,2,standard,,complete,C-PLS-DA-004,C-NEAREST-CENTROID-004,125,0.05555555555555558,0.22222222222222227,-0.02857142857142847
P03OUTER-a8863ef9005244ec3bd29a94,EXP-C12-CORAL,T3-ZS,pills:Pendar-1,pills,Pendar-1,4,1,source_covariance,,unavailable,,,0,,,
P03OUTER-a88bdbf92f9a7a405854f471,EXP-C10-T3,T3-ZS,pills:Mira-3,pills,Mira-3,3,2,fixed_family_reuse,C-PCA-LDA,complete,C-PCA-LDA-002,C-PCA-LDA-003,10,0.0,0.0,0.0
P03OUTER-a8aec6c3dea9fc1c2002dd02,EXP-C03-T1,T1-SURF,surfaces:within,surfaces,not_applicable,2,1,standard,,complete,C-PCA-LDA-005,C-PCA-LDA-006,10,0.0,0.0,0.0
P03OUTER-a92a52b24c59614e61ed561a,EXP-C12-CORAL,T3-ZS,cwa:Pendar-2,cwa,Pendar-2,5,2,source_covariance,,complete,CORAL-C-RBF-SVM-007,CORAL-C-PCA-LDA-004,46,0.02777777777777779,0.0,0.08862433862433866
P03OUTER-a93cd042843e1c2a29a4c1ca,EXP-C10-T3,T3-ZS,surfaces:Pendar-3,surfaces,Pendar-3,3,2,fixed_family_reuse,C-RBF-SVM,complete,C-RBF-SVM-019,C-RBF-SVM-025,36,0.0,0.0,0.0
P03OUTER-a98763b000e695f09fd3eeb5,EXP-C10-T3,T3-ZS,surfaces:Pendar-2,surfaces,Pendar-2,1,1,fixed_family_reuse,C-PCA-LDA,complete,C-PCA-LDA-008,C-PCA-LDA-009,4,0.0,0.0,0.006105006105006139
P03OUTER-aa1aefed674645e2414d1112,EXP-C04-T1,T1-PILLS,pills:within,pills,not_applicable,1,1,standard,,complete,C-PLS-DA-000,C-PLS-DA-001,5,0.0,0.0,0.0
P03OUTER-aa2bb08ff4af8b88972a96ea,EXP-C10-T3,T3-ZS,pills:Agilent-1,pills,Agilent-1,4,3,fixed_family_reuse,C-RANDOM-FOREST,complete,C-RANDOM-FOREST-000,C-RANDOM-FOREST-001,16,0.0,0.0,0.0
P03OUTER-aa5d9bd246b53001b231b16c,EXP-C10-T3,T3-ZS,cwa:RMX-1,cwa,RMX-1,3,0,fixed_family_reuse,C-PCA-LDA,complete,C-PCA-LDA-006,C-PCA-LDA-007,10,0.05555555555555558,0.0,0.12222222222222229
P03OUTER-aa5e254e231eb1b0c0784852,EXP-C01-T1,T1-PILLS,pills:within,pills,not_applicable,3,0,standard,,complete,C-SPECTRAL-MATCH-000,C-SPECTRAL-MATCH-001,3,0.0,0.0,0.0
P03OUTER-aa6459ecb067d515284e50c4,EXP-C10-T3,T3-ZS,pills:Agilent-1,pills,Agilent-1,5,1,fixed_family_reuse,C-EXTRA-TREES,complete,C-EXTRA-TREES-000,C-EXTRA-TREES-001,16,0.0,0.0,0.0
P03OUTER-aaa4e897c63fef1eff3e8b44,EXP-C06-T1,T1-SURF,surfaces:within,surfaces,not_applicable,3,1,standard,,complete,C-RBF-SVM-019,C-RBF-SVM-025,36,0.0,0.0,0.0
P03OUTER-aab0910cb88dc7b7b000eb1d,EXP-C09-T3,T3-ZS,surfaces:Pendar-2,surfaces,Pendar-2,3,3,standard,,complete,C-EXTRA-TREES-000,C-PLS-DA-003,125,0.0,0.0,0.0
P03OUTER-aae135af7bef11427a732a2e,EXP-C09-T3,T3-ZS,surfaces:Agilent-3,surfaces,Agilent-3,3,0,standard,,complete,C-LOGREG-EN-022,C-LOGREG-EN-021,119,0.033333333333333215,0.06666666666666654,0.03526936026936034
P03OUTER-aae2f34c0d438ecb070ee9e7,EXP-C12-CORAL,T3-ZS,surfaces:Agilent-3,surfaces,Agilent-3,4,3,source_covariance,,complete,CORAL-C-RBF-SVM-014,CORAL-C-RBF-SVM-020,42,0.0,0.0,0.0
P03OUTER-aaea0f783c2b28e537575079,EXP-C12-CORAL,T3-ZS,pills:Agilent-3,pills,Agilent-3,2,2,source_covariance,,unavailable,,,0,,,
P03OUTER-aaee787cca3ebce5ae9f15f1,EXP-C10-T3,T3-ZS,surfaces:Pendar-2,surfaces,Pendar-2,4,1,fixed_family_reuse,C-PCA-LDA,complete,C-PCA-LDA-001,C-PCA-LDA-008,4,0.018518518518518545,0.0,0.0830687830687831
P03OUTER-ab05109ea9d890410cbdf028,EXP-C09-CONTROL-META,T3-ZS,pills:Pendar-1,pills,Pendar-1,2,2,metadata_control,,complete,CTRL-META-C-LOGREG-EN-020,CTRL-META-C-LOGREG-EN-021,30,0.0,0.0,0.0
P03OUTER-ab298fe8d69ee8c5b0f87063,EXP-C10-T3,T3-ZS,surfaces:Agilent-3,surfaces,Agilent-3,2,0,fixed_family_reuse,C-RBF-SVM,complete,C-RBF-SVM-019,C-RBF-SVM-025,36,0.06666666666666665,0.06666666666666671,0.10247160247160247
P03OUTER-ab37094e6552ed18952981e3,EXP-C03-T1,T1-CWA,cwa:within,cwa,not_applicable,3,1,standard,,complete,C-PCA-LDA-004,C-PCA-LDA-006,10,0.0,0.0,0.0
P03OUTER-ab435d6918f014927ec5d39f,EXP-C03-T1,T1-SURF,surfaces:within,surfaces,not_applicable,1,0,standard,,complete,C-PCA-LDA-004,C-PCA-LDA-005,10,0.0,0.0,0.0
P03OUTER-ab45a3f1475616eea92a9b72,EXP-C10-T3,T3-ZS,pills:Pendar-1,pills,Pendar-1,2,3,fixed_family_reuse,C-RANDOM-FOREST,complete,C-RANDOM-FOREST-000,C-RANDOM-FOREST-001,16,0.0,0.0,0.0
P03OUTER-ab5aa2d3178b7c3f6562920c,EXP-C09-T3,T3-ZS,cwa:Mira-2,cwa,Mira-2,3,0,standard,,complete,C-PCA-LDA-006,C-NEAREST-CENTROID-006,125,0.08333333333333337,0.2222222222222222,0.031746031746031744
P03OUTER-ab703377493fd8fc0aa6fd40,EXP-C09-CONTROL-META,T3-ZS,surfaces:RMX-2,surfaces,RMX-2,4,2,metadata_control,,complete,CTRL-META-C-LOGREG-EN-022,CTRL-META-C-LOGREG-EN-008,27,0.0,0.0,0.025490196078431338
P03OUTER-ab7af6cd7be8faa4996ae0d6,EXP-C10-T3,T3-ZS,cwa:Pendar-2,cwa,Pendar-2,5,0,fixed_family_reuse,C-RANDOM-FOREST,complete,C-RANDOM-FOREST-001,C-RANDOM-FOREST-003,16,0.08333333333333337,-0.16666666666666669,0.06111111111111106
P03OUTER-abdda9546fd4d93340de29ea,EXP-C10-T3,T3-ZS,pills:Mira-3,pills,Mira-3,5,1,fixed_family_reuse,C-RBF-SVM,complete,C-RBF-SVM-012,C-RBF-SVM-014,36,0.0,0.0,0.0
P03OUTER-abefabce11ca514c39273979,EXP-C10-T3,T3-ZS,pills:Agilent-1,pills,Agilent-1,3,3,fixed_family_reuse,C-PCA-LDA,complete,C-PCA-LDA-004,C-PCA-LDA-005,10,0.0,0.0,0.0
P03OUTER-ac11b28c4ce46f455f441b69,EXP-C09-CONTROL-META,T3-ZS,pills:Pendar-1,pills,Pendar-1,1,3,metadata_control,,complete,CTRL-META-C-LOGREG-EN-012,CTRL-META-C-LOGREG-EN-018,30,0.0,0.0,0.0005291005291006012
P03OUTER-ac1c59ddff6cb7ffdf6c41ab,EXP-C10-T3,T3-ZS,pills:Pendar-1,pills,Pendar-1,3,3,fixed_family_reuse,C-EXTRA-TREES,complete,C-EXTRA-TREES-000,C-EXTRA-TREES-001,16,0.0,0.0,0.0
P03OUTER-ac4d10943470c2b3170e4f7e,EXP-C09-T3,T3-ZS,pills:Pendar-3,pills,Pendar-3,3,1,standard,,complete,C-PLS-DA-000,C-LOGREG-EN-000,124,0.0,0.0,0.0
P03OUTER-ac6450b556fa9809d4292e3e,EXP-C10-T3,T3-ZS,surfaces:RMX-2,surfaces,RMX-2,1,2,fixed_family_reuse,C-PCA-LDA,complete,C-PCA-LDA-006,C-PCA-LDA-007,10,0.07407407407407407,0.16666666666666663,0.07142857142857151
P03OUTER-ac6d031e7c83afae1254b3d0,EXP-C10-T3,T3-ZS,pills:Pendar-3,pills,Pendar-3,4,2,fixed_family_reuse,C-RBF-SVM,complete,C-RBF-SVM-012,C-RBF-SVM-014,36,0.0,0.0,0.0
P03OUTER-ac791386b62b1d9794134d0f,EXP-C10-T3,T3-ZS,surfaces:Agilent-3,surfaces,Agilent-3,5,2,fixed_family_reuse,C-EXTRA-TREES,complete,C-EXTRA-TREES-006,C-EXTRA-TREES-000,16,0.011111111111111294,0.04444444444444451,0.000869809203142502
P03OUTER-ac9c558541c1f80657a37b0d,EXP-C10-T3,T3-ZS,pills:Pendar-3,pills,Pendar-3,4,2,fixed_family_reuse,C-EXTRA-TREES,complete,C-EXTRA-TREES-000,C-EXTRA-TREES-001,16,0.0,0.0,0.0
P03OUTER-accd206e30792cbbf6f1216a,EXP-C10-T3,T3-ZS,pills:Agilent-1,pills,Agilent-1,2,3,fixed_family_reuse,C-RANDOM-FOREST,complete,C-RANDOM-FOREST-000,C-RANDOM-FOREST-001,16,0.0,0.0,0.0
P03OUTER-acdd0b0e87314c9810e85209,EXP-C10-T3,T3-ZS,pills:Pendar-3,pills,Pendar-3,5,0,fixed_family_reuse,C-EXTRA-TREES,complete,C-EXTRA-TREES-000,C-EXTRA-TREES-001,16,0.0,0.0,0.0
P03OUTER-ad13bab0e45e7dc259d4e7b5,EXP-C09-T3,T3-ZS,surfaces:Agilent-3,surfaces,Agilent-3,4,3,standard,,complete,C-LOGREG-EN-021,C-LOGREG-EN-022,118,0.06666666666666654,0.06666666666666665,0.09624819624819636
P03OUTER-ad74dc64aa92d6c9b3e1cd16,EXP-C10-T3,T3-ZS,pills:Mira-3,pills,Mira-3,3,2,fixed_family_reuse,C-EXTRA-TREES,complete,C-EXTRA-TREES-000,C-EXTRA-TREES-001,16,0.0,0.0,0.0
P03OUTER-adc2c37e03be64568f6fe9e4,EXP-C06-T1,T1-CWA,cwa:within,cwa,not_applicable,2,3,standard,,complete,C-RBF-SVM-012,C-RBF-SVM-018,36,0.0,0.0,0.0
P03OUTER-add3e4a9e82323691a2233f5,EXP-C05-T1,T1-CWA,cwa:within,cwa,not_applicable,5,1,standard,,complete,C-LOGREG-EN-005,C-LOGREG-EN-011,27,0.0,0.0,0.0
P03OUTER-add46cd8bd9dfe60fd15dc26,EXP-C09-T3,T3-ZS,pills:Mira-3,pills,Mira-3,1,3,standard,,complete,C-SPECTRAL-MATCH-000,C-PLS-DA-000,126,0.0,0.0,0.0
P03OUTER-ade89c3425b288d8e6736cc4,EXP-C09-T3,T3-ZS,pills:Pendar-1,pills,Pendar-1,5,0,standard,,complete,C-NEAREST-CENTROID-000,C-PLS-DA-000,122,0.0,0.0,0.0
P03OUTER-ae436797ca00feffdbbed30b,EXP-C10-T3,T3-ZS,surfaces:Pendar-3,surfaces,Pendar-3,5,3,fixed_family_reuse,C-RANDOM-FOREST,complete,C-RANDOM-FOREST-008,C-RANDOM-FOREST-009,16,0.0,0.0,0.0
P03OUTER-ae60285d6584aead5e37ddbc,EXP-C10-T3,T3-ZS,pills:Agilent-3,pills,Agilent-3,1,3,fixed_family_reuse,C-PCA-LDA,complete,C-PCA-LDA-004,C-PCA-LDA-005,10,0.0,0.0,0.0
P03OUTER-aea84dbda1aff87eedcb0e9a,EXP-C10-T3,T3-ZS,cwa:Pendar-2,cwa,Pendar-2,1,2,fixed_family_reuse,C-RBF-SVM,complete,C-RBF-SVM-013,C-RBF-SVM-019,36,0.0,0.0,0.0
P03OUTER-aea857106303ac6c64e48d26,EXP-C09-T3,T3-ZS,pills:Mira-3,pills,Mira-3,5,1,standard,,complete,C-SPECTRAL-MATCH-000,C-PLS-DA-000,122,0.0,0.0,0.0
P03OUTER-aeb90cf8e1641e3a60d9bb79,EXP-C10-T3,T3-ZS,surfaces:RMX-2,surfaces,RMX-2,5,3,fixed_family_reuse,C-RBF-SVM,complete,C-RBF-SVM-012,C-RBF-SVM-019,36,0.01904761904761898,0.0,0.07275132275132273
P03OUTER-af11aa4f00227676b3767cb0,EXP-C10-T3,T3-ZS,pills:Pendar-3,pills,Pendar-3,2,1,fixed_family_reuse,C-RBF-SVM,complete,C-RBF-SVM-012,C-RBF-SVM-014,36,0.0,0.0,0.0
P03OUTER-af4d15b603f7b60c746c2253,EXP-C10-T3,T3-ZS,surfaces:Pendar-3,surfaces,Pendar-3,4,0,fixed_family_reuse,C-EXTRA-TREES,complete,C-EXTRA-TREES-000,C-EXTRA-TREES-001,16,0.0,0.0,0.0
P03OUTER-af5cfd4c536ff100fc934a85,EXP-C10-T3,T3-ZS,pills:Agilent-1,pills,Agilent-1,1,0,fixed_family_reuse,C-RBF-SVM,complete,C-RBF-SVM-012,C-RBF-SVM-014,36,0.0,0.0,0.0
P03OUTER-af6f4cda898ea6cb3e59a06a,EXP-C10-T3,T3-ZS,pills:Pendar-3,pills,Pendar-3,2,1,fixed_family_reuse,C-RANDOM-FOREST,complete,C-RANDOM-FOREST-000,C-RANDOM-FOREST-001,16,0.0,0.0,0.0
P03OUTER-af6f78bef5c3b6afcdf10320,EXP-C09-T3,T3-ZS,cwa:Mira-2,cwa,Mira-2,1,1,standard,,complete,C-LOGREG-EN-011,C-PLS-DA-001,125,0.0,0.0,0.029629629629629672
P03OUTER-afa5d03b83d31b25a8780b88,EXP-C12-CORAL,T3-ZS,pills:Mira-3,pills,Mira-3,4,2,source_covariance,,unavailable,,,0,,,
P03OUTER-afb89be0c612f8c173d64ea9,EXP-C10-T3,T3-ZS,cwa:Pendar-2,cwa,Pendar-2,5,0,fixed_family_reuse,C-RBF-SVM,complete,C-RBF-SVM-012,C-RBF-SVM-013,36,0.0,0.0,0.0
P03OUTER-afbef9c66896c8f34f41529c,EXP-C12-CORAL,T3-ZS,surfaces:Agilent-3,surfaces,Agilent-3,1,1,source_covariance,,complete,CORAL-C-RBF-SVM-025,CORAL-C-RBF-SVM-031,44,0.0,0.0,0.0
P03OUTER-afd8a5617c5aa0372144e33f,EXP-C10-T3,T3-ZS,pills:Pendar-3,pills,Pendar-3,2,2,fixed_family_reuse,C-EXTRA-TREES,complete,C-EXTRA-TREES-000,C-EXTRA-TREES-001,16,0.0,0.0,0.0
P03OUTER-afe9ca7ccea9fea2d2215c77,EXP-C12-CORAL,T3-ZS,surfaces:Pendar-3,surfaces,Pendar-3,3,3,source_covariance,,unavailable,,,0,,,
P03OUTER-b00d4686d66d55442df52a79,EXP-C09-CONTROL-META,T3-ZS,surfaces:Pendar-2,surfaces,Pendar-2,2,1,metadata_control,,complete,CTRL-META-C-LOGREG-EN-019,CTRL-META-C-LOGREG-EN-018,17,0.0,0.0,0.029629629629629672
P03OUTER-b012a0fd9a821ebd731c8e8c,EXP-C09-CONTROL-META,T3-ZS,surfaces:RMX-2,surfaces,RMX-2,2,2,metadata_control,,complete,CTRL-META-C-LOGREG-EN-006,CTRL-META-C-LOGREG-EN-017,28,0.0,0.0,0.0
P03OUTER-b01937544c13ef2c6b11ac80,EXP-C09-T3,T3-ZS,cwa:Pendar-2,cwa,Pendar-2,1,1,standard,,complete,C-RANDOM-FOREST-011,C-LOGREG-EN-020,124,0.0,0.0,0.0
P03OUTER-b050cf1cfee9b57c176ea129,EXP-C12-CORAL,T3-ZS,pills:Pendar-3,pills,Pendar-3,4,3,source_covariance,,unavailable,,,0,,,
P03OUTER-b05276377a7110a447fa8e10,EXP-C09-CONTROL-META,T3-ZS,pills:Pendar-1,pills,Pendar-1,3,0,metadata_control,,complete,CTRL-META-C-LOGREG-EN-006,CTRL-META-C-LOGREG-EN-013,21,0.0,0.0,0.026455026455026454
P03OUTER-b05650b5b7373ea57f8f418f,EXP-C09-CONTROL-META,T3-ZS,surfaces:Mira-1,surfaces,Mira-1,2,3,metadata_control,,complete,CTRL-META-C-LOGREG-EN-013,CTRL-META-C-LOGREG-EN-000,17,0.0,0.0,0.023391812865497102
P03OUTER-b0677a12228a25e839482fcd,EXP-C10-T3,T3-ZS,cwa:Mira-2,cwa,Mira-2,3,3,fixed_family_reuse,C-EXTRA-TREES,complete,C-EXTRA-TREES-003,C-EXTRA-TREES-001,16,0.0,0.0,0.03703703703703698
P03OUTER-b080519d1fa39a7517c372dc,EXP-C12-CORAL,T3-ZS,cwa:RMX-1,cwa,RMX-1,3,1,source_covariance,,unavailable,,,0,,,
P03OUTER-b09dc9b37bdb3dab7e09c5df,EXP-C09-T3,T3-ZS,cwa:Pendar-2,cwa,Pendar-2,2,2,standard,,complete,C-PCA-LDA-000,C-LOGREG-EN-016,122,0.0,0.16666666666666663,0.03373015873015883
P03OUTER-b09efa16198055c0eba8b16b,EXP-C10-T3,T3-ZS,pills:Pendar-3,pills,Pendar-3,3,0,fixed_family_reuse,C-EXTRA-TREES,complete,C-EXTRA-TREES-000,C-EXTRA-TREES-001,16,0.0,0.0,0.0
P03OUTER-b0a7fa932908a40251b0caed,EXP-C09-CONTROL-META,T3-ZS,pills:Agilent-3,pills,Agilent-3,1,3,metadata_control,,complete,CTRL-META-C-LOGREG-EN-019,CTRL-META-C-LOGREG-EN-011,22,0.0,0.0,0.010582010582010637
P03OUTER-b0bf44b6e721151698d67ee1,EXP-C09-T3,T3-ZS,surfaces:Pendar-2,surfaces,Pendar-2,2,1,standard,,complete,C-RANDOM-FOREST-000,C-EXTRA-TREES-000,125,0.0,0.0,0.0
P03OUTER-b0c7b23a249465cd9ef7ccd5,EXP-C09-CONTROL-META,T3-ZS,cwa:RMX-1,cwa,RMX-1,5,3,metadata_control,,complete,CTRL-META-C-LOGREG-EN-003,CTRL-META-C-LOGREG-EN-006,29,0.0,0.0,0.0
P03OUTER-b0cc8ec76a61a6093386ec3d,EXP-C05-T1,T1-SURF,surfaces:within,surfaces,not_applicable,1,3,standard,,complete,C-LOGREG-EN-000,C-LOGREG-EN-005,29,0.0,0.0,0.0
P03OUTER-b0db4912d4cad262c4d64538,EXP-C10-T3,T3-ZS,pills:Pendar-1,pills,Pendar-1,1,2,fixed_family_reuse,C-PCA-LDA,complete,C-PCA-LDA-004,C-PCA-LDA-005,10,0.0,0.0,0.0
P03OUTER-b11bf78a2b59de06cf6274bc,EXP-C09-CONTROL-META,T3-ZS,pills:Agilent-3,pills,Agilent-3,2,0,metadata_control,,complete,CTRL-META-C-LOGREG-EN-006,CTRL-META-C-LOGREG-EN-014,20,0.0,0.0,0.0
P03OUTER-b1321ec322589bee49fe0d41,EXP-C10-T3,T3-ZS,surfaces:Pendar-3,surfaces,Pendar-3,1,2,fixed_family_reuse,C-EXTRA-TREES,complete,C-EXTRA-TREES-000,C-EXTRA-TREES-001,16,0.0,0.0,0.0
P03OUTER-b138830f51902c656d285d71,EXP-C09-CONTROL-META,T3-ZS,surfaces:Agilent-3,surfaces,Agilent-3,2,1,metadata_control,,complete,CTRL-META-C-LOGREG-EN-012,CTRL-META-C-LOGREG-EN-015,30,0.01851851851851849,-0.16666666666666657,0.017460317460317454
P03OUTER-b1b3a15fb11c243186e301ce,EXP-C07-T1,T1-PILLS,pills:within,pills,not_applicable,4,0,standard,,complete,C-RANDOM-FOREST-000,C-RANDOM-FOREST-001,16,0.0,0.0,0.0
P03OUTER-b1c2284a0a96905e529c7d8f,EXP-C04-T1,T1-SURF,surfaces:within,surfaces,not_applicable,3,3,standard,,complete,C-PLS-DA-002,C-PLS-DA-000,5,0.03703703703703709,0.05555555555555569,0.058201058201058364
P03OUTER-b1c4cf913ad10562475287fd,EXP-C09-CONTROL-META,T3-ZS,cwa:Mira-2,cwa,Mira-2,1,3,metadata_control,,complete,CTRL-META-C-LOGREG-EN-015,CTRL-META-C-LOGREG-EN-021,30,0.0,0.0,0.0
P03OUTER-b1f1e8ea92375d19e69487e1,EXP-C09-CONTROL-META,T3-ZS,surfaces:Pendar-3,surfaces,Pendar-3,4,0,metadata_control,,complete,CTRL-META-C-LOGREG-EN-015,CTRL-META-C-LOGREG-EN-020,30,0.0,0.0,0.0
P03OUTER-b200205a72e96da861ed0476,EXP-C09-T3,T3-ZS,cwa:Mira-2,cwa,Mira-2,4,3,standard,,complete,C-NEAREST-CENTROID-004,C-NEAREST-CENTROID-006,126,1.1102230246251565e-16,-0.1111111111111111,0.03888888888888886
P03OUTER-b23a0ba7fe897af23aef57eb,EXP-C12-CORAL,T3-ZS,pills:Pendar-3,pills,Pendar-3,2,0,source_covariance,,unavailable,,,0,,,
P03OUTER-b26c13aa30b050c924d4edef,EXP-C10-T3,T3-ZS,surfaces:Pendar-2,surfaces,Pendar-2,4,3,fixed_family_reuse,C-PCA-LDA,complete,C-PCA-LDA-008,C-PCA-LDA-009,2,0.14603174603174607,0.0,0.2061329670978794
P03OUTER-b270cdad80993a99fba9e4de,EXP-C09-CONTROL-META,T3-ZS,surfaces:Agilent-3,surfaces,Agilent-3,2,3,metadata_control,,complete,CTRL-META-C-LOGREG-EN-001,CTRL-META-C-LOGREG-EN-006,17,0.0,0.0,0.0
P03OUTER-b2b96e706f393aecfc49ad45,EXP-C09-T3,T3-ZS,cwa:RMX-1,cwa,RMX-1,1,0,standard,,complete,C-PCA-LDA-009,C-PCA-LDA-006,120,0.05555555555555558,-0.16666666666666663,0.02777777777777779
P03OUTER-b2c0ea2312fb3681966a296e,EXP-C10-T3,T3-ZS,surfaces:Pendar-3,surfaces,Pendar-3,5,2,fixed_family_reuse,C-RANDOM-FOREST,complete,C-RANDOM-FOREST-004,C-RANDOM-FOREST-013,16,0.0,0.0,0.0
P03OUTER-b2c6b557c16c5fa3f6c7d0d6,EXP-C10-T3,T3-ZS,surfaces:Mira-1,surfaces,Mira-1,3,2,fixed_family_reuse,C-EXTRA-TREES,complete,C-EXTRA-TREES-000,C-EXTRA-TREES-008,16,0.03888888888888897,0.12222222222222223,0.05840949174282506
P03OUTER-b2defd7288667a2e8058c864,EXP-C10-T3,T3-ZS,surfaces:Pendar-3,surfaces,Pendar-3,3,3,fixed_family_reuse,C-RANDOM-FOREST,complete,C-RANDOM-FOREST-000,C-RANDOM-FOREST-001,16,0.0,0.0,0.0
P03OUTER-b2e0af86874f55159f4a47e1,EXP-C10-T3,T3-ZS,surfaces:Pendar-2,surfaces,Pendar-2,5,3,fixed_family_reuse,C-PCA-LDA,complete,C-PCA-LDA-004,C-PCA-LDA-006,10,0.0,0.0,0.0
P03OUTER-b2f35eed82a23961c22facc0,EXP-C10-T3,T3-ZS,surfaces:Mira-1,surfaces,Mira-1,1,1,fixed_family_reuse,C-PCA-LDA,complete,C-PCA-LDA-002,C-PCA-LDA-003,6,0.033333333333333215,1.1102230246251565e-16,0.07883597883597881
P03OUTER-b32caa3a4cf348dce63a8584,EXP-C12-CORAL,T3-ZS,pills:Pendar-3,pills,Pendar-3,3,2,source_covariance,,unavailable,,,0,,,
P03OUTER-b335f1ce0d51321df8f9d8f3,EXP-C09-CONTROL-META,T3-ZS,pills:Mira-3,pills,Mira-3,4,1,metadata_control,,complete,CTRL-META-C-LOGREG-EN-025,CTRL-META-C-LOGREG-EN-026,30,0.0,0.0,0.0
P03OUTER-b33d6bbd0f232d6e23344798,EXP-C09-T3,T3-ZS,cwa:RMX-1,cwa,RMX-1,4,1,standard,,complete,C-NEAREST-CENTROID-006,C-EXTRA-TREES-011,125,0.0,0.0,0.0
P03OUTER-b3472c88c3ec6257b6460e0e,EXP-C09-CONTROL-META,T3-ZS,surfaces:Mira-1,surfaces,Mira-1,1,2,metadata_control,,complete,CTRL-META-C-LOGREG-EN-009,CTRL-META-C-LOGREG-EN-001,30,0.0,0.0,0.018518518518518517
P03OUTER-b35fb0e59d2222eb0c593d8b,EXP-C09-CONTROL-META,T3-ZS,cwa:RMX-1,cwa,RMX-1,4,2,metadata_control,,complete,CTRL-META-C-LOGREG-EN-020,CTRL-META-C-LOGREG-EN-024,30,0.0,0.0,0.0
P03OUTER-b37e5462f7785745a708169f,EXP-C08-T1,T1-SURF,surfaces:within,surfaces,not_applicable,1,2,standard,,complete,C-EXTRA-TREES-000,C-EXTRA-TREES-001,16,0.0,0.0,0.0
P03OUTER-b395015025085d4e5d8cc733,EXP-C10-T3,T3-ZS,surfaces:Pendar-2,surfaces,Pendar-2,4,0,fixed_family_reuse,C-PCA-LDA,complete,C-PCA-LDA-007,C-PCA-LDA-004,10,0.0,0.0,0.014814814814814836
P03OUTER-b3bdb33956bc5ba41d579812,EXP-C12-CORAL,T3-ZS,cwa:RMX-1,cwa,RMX-1,1,1,source_covariance,,unavailable,,,0,,,
P03OUTER-b3f03ecace50c8420281a91d,EXP-C02-T1,T1-PILLS,pills:within,pills,not_applicable,3,2,standard,,complete,C-NEAREST-CENTROID-004,C-NEAREST-CENTROID-005,8,0.11111111111111105,0.16666666666666663,0.1333333333333333
P03OUTER-b41199f8760b63a7636ab494,EXP-C09-CONTROL-META,T3-ZS,pills:Pendar-3,pills,Pendar-3,4,2,metadata_control,,complete,CTRL-META-C-LOGREG-EN-013,CTRL-META-C-LOGREG-EN-002,16,0.055555555555555525,0.0,0.08148148148148146
P03OUTER-b4217f38d55c3dd98d40a9da,EXP-C12-CORAL,T3-ZS,surfaces:RMX-2,surfaces,RMX-2,1,0,source_covariance,,unavailable,,,0,,,
P03OUTER-b45ef69e4da4244d38eec660,EXP-C09-T3,T3-ZS,surfaces:Pendar-3,surfaces,Pendar-3,3,2,standard,,complete,C-LOGREG-EN-019,C-LOGREG-EN-016,119,0.04999999999999982,0.0,0.03703703703703698
P03OUTER-b46cb60f45cf7d151b8f4c99,EXP-C10-T3,T3-ZS,surfaces:Pendar-2,surfaces,Pendar-2,1,1,fixed_family_reuse,C-EXTRA-TREES,complete,C-EXTRA-TREES-004,C-EXTRA-TREES-012,16,0.0,0.0,0.0
P03OUTER-b4753c677ec346d3db19f3cf,EXP-C10-T3,T3-ZS,pills:Agilent-3,pills,Agilent-3,1,1,fixed_family_reuse,C-EXTRA-TREES,complete,C-EXTRA-TREES-000,C-EXTRA-TREES-001,16,0.0,0.0,0.0
P03OUTER-b485860770a3b518d31062ec,EXP-C04-T1,T1-CWA,cwa:within,cwa,not_applicable,5,0,standard,,complete,C-PLS-DA-004,C-PLS-DA-002,5,0.05555555555555558,0.0,0.05925925925925912
P03OUTER-b49fba7ecf4bf3c275f7d5c5,EXP-C10-T3,T3-ZS,surfaces:Agilent-3,surfaces,Agilent-3,2,0,fixed_family_reuse,C-EXTRA-TREES,complete,C-EXTRA-TREES-006,C-EXTRA-TREES-001,16,0.011111111111111072,0.0,0.0070987654320987525
P03OUTER-b4af3df99c57d64b1ea3bd4b,EXP-C05-T1,T1-PILLS,pills:within,pills,not_applicable,3,2,standard,,complete,C-LOGREG-EN-000,C-LOGREG-EN-005,28,0.0,0.0,0.0
P03OUTER-b4bb8c10b989c671cccdce39,EXP-C12-CORAL,T3-ZS,surfaces:Mira-1,surfaces,Mira-1,3,3,source_covariance,,unavailable,,,0,,,
P03OUTER-b4be26fe9fed691c430b6f4e,EXP-C10-T3,T3-ZS,pills:Pendar-1,pills,Pendar-1,4,0,fixed_family_reuse,C-PCA-LDA,complete,C-PCA-LDA-004,C-PCA-LDA-005,10,0.0,0.0,0.0
P03OUTER-b4d9a1688c5fbf24dababce7,EXP-C10-T3,T3-ZS,surfaces:Agilent-3,surfaces,Agilent-3,3,1,fixed_family_reuse,C-RANDOM-FOREST,complete,C-RANDOM-FOREST-006,C-RANDOM-FOREST-008,16,0.0037037037037035425,0.007407407407407307,0.014400414400414285
P03OUTER-b4df4e49a1f6769800d0796b,EXP-C10-T3,T3-ZS,surfaces:RMX-2,surfaces,RMX-2,4,3,fixed_family_reuse,C-PCA-LDA,complete,C-PCA-LDA-000,C-PCA-LDA-001,4,0.0,0.0,0.0
P03OUTER-b5429a8895eaf193a032ec1d,EXP-C07-T1,T1-PILLS,pills:within,pills,not_applicable,1,1,standard,,complete,C-RANDOM-FOREST-000,C-RANDOM-FOREST-001,16,0.0,0.0,0.0
P03OUTER-b56a1fb36da762a011814433,EXP-C10-T3,T3-ZS,cwa:Mira-2,cwa,Mira-2,5,2,fixed_family_reuse,C-PCA-LDA,complete,C-PCA-LDA-006,C-PCA-LDA-007,10,0.13888888888888895,-0.05555555555555558,0.1333333333333333
P03OUTER-b574e3636d6acdb1af10ca2a,EXP-C01-T1,T1-CWA,cwa:within,cwa,not_applicable,4,2,standard,,complete,C-SPECTRAL-MATCH-001,C-SPECTRAL-MATCH-002,3,0.0185185185185186,0.05555555555555547,0.0037037037037036535
P03OUTER-b5b82fc469106c249067e596,EXP-C10-T3,T3-ZS,surfaces:Agilent-3,surfaces,Agilent-3,1,0,fixed_family_reuse,C-RANDOM-FOREST,complete,C-RANDOM-FOREST-010,C-RANDOM-FOREST-014,16,0.011111111111111072,0.0,0.01717171717171717
P03OUTER-b5bbf7654b7fb482bef7e7d0,EXP-C10-T3,T3-ZS,surfaces:Mira-1,surfaces,Mira-1,4,0,fixed_family_reuse,C-RBF-SVM,complete,C-RBF-SVM-019,C-RBF-SVM-025,36,0.0,0.0,0.0
P03OUTER-b5c0dbcce686629184a0f6ce,EXP-C10-T3,T3-ZS,surfaces:RMX-2,surfaces,RMX-2,3,1,fixed_family_reuse,C-RBF-SVM,complete,C-RBF-SVM-019,C-RBF-SVM-025,36,0.014814814814814725,0.055555555555555525,0.0026752659105599985
P03OUTER-b5c533816df7f3152cb7aec0,EXP-C08-T1,T1-CWA,cwa:within,cwa,not_applicable,2,3,standard,,complete,C-EXTRA-TREES-004,C-EXTRA-TREES-005,16,0.0,0.0,0.0
P03OUTER-b5c7cf50bcbedd9ad69ca3bb,EXP-C02-T1,T1-CWA,cwa:within,cwa,not_applicable,1,2,standard,,complete,C-NEAREST-CENTROID-004,C-NEAREST-CENTROID-006,8,0.0185185185185186,0.0,0.04814814814814805
P03OUTER-b62446b066c93ef0c5e84caf,EXP-C05-T1,T1-PILLS,pills:within,pills,not_applicable,4,2,standard,,complete,C-LOGREG-EN-000,C-LOGREG-EN-005,29,0.0,0.0,0.0
P03OUTER-b63ebe452e197596e9c064f2,EXP-C05-T1,T1-CWA,cwa:within,cwa,not_applicable,3,0,standard,,complete,C-LOGREG-EN-010,C-LOGREG-EN-011,29,0.0,0.0,0.0
P03OUTER-b64a5c85ad3323c7ac5cc0bb,EXP-C09-CONTROL-META,T3-ZS,pills:Pendar-1,pills,Pendar-1,1,1,metadata_control,,complete,CTRL-META-C-LOGREG-EN-023,CTRL-META-C-LOGREG-EN-025,24,0.0,0.0,0.022222222222222143
P03OUTER-b67aea10f79872cb9f8cb9b7,EXP-C10-T3,T3-ZS,surfaces:Pendar-3,surfaces,Pendar-3,1,1,fixed_family_reuse,C-RANDOM-FOREST,complete,C-RANDOM-FOREST-008,C-RANDOM-FOREST-012,16,0.0,0.0,0.0
P03OUTER-b68033f03bcaf2e9bfc1a5c5,EXP-C09-T3,T3-ZS,cwa:Mira-2,cwa,Mira-2,4,0,standard,,complete,C-NEAREST-CENTROID-004,C-NEAREST-CENTROID-005,125,0.0,0.0,0.0
P03OUTER-b68703f4cb06e7d60dfababc,EXP-C10-T3,T3-ZS,surfaces:Mira-1,surfaces,Mira-1,3,0,fixed_family_reuse,C-EXTRA-TREES,complete,C-EXTRA-TREES-002,C-EXTRA-TREES-006,16,0.0,0.0,0.0
P03OUTER-b69e91762c0e4fbf42b352a3,EXP-C05-T1,T1-CWA,cwa:within,cwa,not_applicable,4,3,standard,,complete,C-LOGREG-EN-012,C-LOGREG-EN-013,30,0.0,0.0,0.0
P03OUTER-b6baa94d41a91e7d27794b75,EXP-C10-T3,T3-ZS,surfaces:RMX-2,surfaces,RMX-2,3,1,fixed_family_reuse,C-RANDOM-FOREST,complete,C-RANDOM-FOREST-008,C-RANDOM-FOREST-000,16,0.01851851851851849,0.0,0.020417853751187154
P03OUTER-b6d59aa69ac0dbf6967582ba,EXP-C08-T1,T1-SURF,surfaces:within,surfaces,not_applicable,3,1,standard,,complete,C-EXTRA-TREES-002,C-EXTRA-TREES-005,16,0.0,0.0,0.0
P03OUTER-b6db21d5b4de53c08b423928,EXP-C10-T3,T3-ZS,surfaces:Mira-1,surfaces,Mira-1,4,2,fixed_family_reuse,C-EXTRA-TREES,complete,C-EXTRA-TREES-005,C-EXTRA-TREES-002,16,0.0,0.0,0.004415954415954437
P03OUTER-b6e93c644de8da765c8d7447,EXP-C10-T3,T3-ZS,surfaces:Agilent-3,surfaces,Agilent-3,4,3,fixed_family_reuse,C-RBF-SVM,complete,C-RBF-SVM-019,C-RBF-SVM-018,36,0.023809523809523725,0.0,0.03409947895242005
P03OUTER-b6f75dabed9d15ff1d11ce1b,EXP-C10-T3,T3-ZS,surfaces:Mira-1,surfaces,Mira-1,3,0,fixed_family_reuse,C-PCA-LDA,complete,C-PCA-LDA-002,C-PCA-LDA-003,6,0.0,0.0,0.0
P03OUTER-b74b6c3c2e724e5bfd4bcfcc,EXP-C08-T1,T1-CWA,cwa:within,cwa,not_applicable,4,3,standard,,complete,C-EXTRA-TREES-005,C-EXTRA-TREES-006,16,0.0,0.0,0.0
P03OUTER-b7537cbc2f51dc7c7c5691d1,EXP-C10-T3,T3-ZS,cwa:Pendar-2,cwa,Pendar-2,1,1,fixed_family_reuse,C-RANDOM-FOREST,complete,C-RANDOM-FOREST-011,C-RANDOM-FOREST-007,16,0.01851851851851849,0.0,0.01975308641975304
P03OUTER-b7582bcc1fd4b9ff3413bc71,EXP-C09-CONTROL-META,T3-ZS,surfaces:Pendar-2,surfaces,Pendar-2,1,0,metadata_control,,complete,CTRL-META-C-LOGREG-EN-000,CTRL-META-C-LOGREG-EN-002,30,0.0,0.0,0.0
P03OUTER-b78b71134991a0e00f909d89,EXP-C12-CORAL,T3-ZS,surfaces:Pendar-3,surfaces,Pendar-3,4,2,source_covariance,,complete,CORAL-C-PCA-LDA-003,CORAL-C-PCA-LDA-002,42,0.04761904761904756,0.0,0.07777777777777772
P03OUTER-b7d1614ec8bda4372f080982,EXP-C09-T3,T3-ZS,pills:Agilent-1,pills,Agilent-1,1,1,standard,,complete,C-PLS-DA-000,C-LOGREG-EN-000,125,0.0,0.0,0.0
P03OUTER-b7e1d96afb26ce7220bac271,EXP-C12-CORAL,T3-ZS,pills:Pendar-1,pills,Pendar-1,3,0,source_covariance,,unavailable,,,0,,,
P03OUTER-b8421eb702ccee531821779f,EXP-C09-CONTROL-META,T3-ZS,surfaces:Pendar-2,surfaces,Pendar-2,2,0,metadata_control,,complete,CTRL-META-C-LOGREG-EN-000,CTRL-META-C-LOGREG-EN-004,30,0.0,0.0,0.0
P03OUTER-b8a2ac26c599d8c5fb112db5,EXP-C10-T3,T3-ZS,surfaces:Agilent-3,surfaces,Agilent-3,4,3,fixed_family_reuse,C-EXTRA-TREES,complete,C-EXTRA-TREES-001,C-EXTRA-TREES-000,16,0.02777777777777779,0.0,0.022079772079772186
P03OUTER-b8a71d7aab01045f2d4fd829,EXP-C09-CONTROL-META,T3-ZS,pills:Pendar-1,pills,Pendar-1,4,0,metadata_control,,complete,CTRL-META-C-LOGREG-EN-015,CTRL-META-C-LOGREG-EN-020,30,0.0,0.0,0.0
P03OUTER-b8b6b2cd5e0f496551b84957,EXP-C06-T1,T1-CWA,cwa:within,cwa,not_applicable,4,0,standard,,complete,C-RBF-SVM-019,C-RBF-SVM-014,36,0.05555555555555547,0.16666666666666663,-0.006349206349206438
P03OUTER-b8b7bb59384084c41c624840,EXP-C10-T3,T3-ZS,surfaces:Pendar-2,surfaces,Pendar-2,2,0,fixed_family_reuse,C-PCA-LDA,complete,C-PCA-LDA-001,C-PCA-LDA-008,4,0.04444444444444451,0.0,0.03229069405539997
P03OUTER-b8c2e90fa788ff8bd77ba042,EXP-C09-CONTROL-META,T3-ZS,pills:Pendar-3,pills,Pendar-3,3,2,metadata_control,,complete,CTRL-META-C-LOGREG-EN-013,CTRL-META-C-LOGREG-EN-016,30,0.055555555555555525,0.0,0.007407407407407418
P03OUTER-b8e14708589213131e195f24,EXP-C10-T3,T3-ZS,surfaces:Agilent-3,surfaces,Agilent-3,2,3,fixed_family_reuse,C-RBF-SVM,complete,C-RBF-SVM-019,C-RBF-SVM-025,36,0.0,0.0,0.0
P03OUTER-b8ef59cfb9f5928155a7f6c3,EXP-C05-T1,T1-SURF,surfaces:within,surfaces,not_applicable,2,3,standard,,complete,C-LOGREG-EN-000,C-LOGREG-EN-005,29,0.0,0.0,0.0
P03OUTER-b90bb8d85b3f6bf59caa6bf8,EXP-C10-T3,T3-ZS,pills:Pendar-3,pills,Pendar-3,4,3,fixed_family_reuse,C-RANDOM-FOREST,complete,C-RANDOM-FOREST-000,C-RANDOM-FOREST-001,16,0.0,0.0,0.0
P03OUTER-b92dcb64156fba55a483dbb0,EXP-C09-CONTROL-META,T3-ZS,pills:Mira-3,pills,Mira-3,1,2,metadata_control,,complete,CTRL-META-C-LOGREG-EN-005,CTRL-META-C-LOGREG-EN-000,30,0.11111111111111105,0.33333333333333337,0.11851851851851852
P03OUTER-b933028822f4c62d46191f8a,EXP-C09-CONTROL-META,T3-ZS,surfaces:Mira-1,surfaces,Mira-1,1,3,metadata_control,,complete,CTRL-META-C-LOGREG-EN-005,CTRL-META-C-LOGREG-EN-010,22,0.0,0.0,0.0
P03OUTER-b9480954f6b09a76d4ac7559,EXP-C10-T3,T3-ZS,pills:Agilent-1,pills,Agilent-1,5,0,fixed_family_reuse,C-RANDOM-FOREST,complete,C-RANDOM-FOREST-000,C-RANDOM-FOREST-001,16,0.0,0.0,0.0
P03OUTER-b95378009239e05d94a12351,EXP-C09-CONTROL-META,T3-ZS,cwa:Mira-2,cwa,Mira-2,2,1,metadata_control,,complete,CTRL-META-C-LOGREG-EN-010,CTRL-META-C-LOGREG-EN-015,30,0.0,0.0,0.0
P03OUTER-b9612847d4379e74c4160ca1,EXP-C09-T3,T3-ZS,pills:Agilent-1,pills,Agilent-1,2,1,standard,,complete,C-PLS-DA-000,C-LOGREG-EN-000,126,0.0,0.0,0.0
P03OUTER-b9808c929d5467fb8baece6b,EXP-C09-T3,T3-ZS,cwa:Mira-2,cwa,Mira-2,4,2,standard,,complete,C-SPECTRAL-MATCH-000,C-SPECTRAL-MATCH-002,122,0.0,0.0,0.0
P03OUTER-b99ecd5eb284dff8795bd302,EXP-C07-T1,T1-PILLS,pills:within,pills,not_applicable,2,2,standard,,complete,C-RANDOM-FOREST-000,C-RANDOM-FOREST-001,16,0.0,0.0,0.0
P03OUTER-b9d271e4ee49183ec8ae6896,EXP-C09-CONTROL-META,T3-ZS,pills:Agilent-3,pills,Agilent-3,1,0,metadata_control,,complete,CTRL-META-C-LOGREG-EN-003,CTRL-META-C-LOGREG-EN-007,21,0.0,0.0,0.0
P03OUTER-b9d58ebdae7ba7839a09b269,EXP-C12-CORAL,T3-ZS,pills:Pendar-3,pills,Pendar-3,3,0,source_covariance,,unavailable,,,0,,,
P03OUTER-b9e7da147c048f374d690aec,EXP-C09-T3,T3-ZS,surfaces:Agilent-3,surfaces,Agilent-3,2,2,standard,,complete,C-EXTRA-TREES-005,C-RANDOM-FOREST-010,121,0.01851851851851838,0.03703703703703698,0.011796228462895186
P03OUTER-b9e844694bd4c2fc370ad178,EXP-C10-T3,T3-ZS,pills:Agilent-1,pills,Agilent-1,1,3,fixed_family_reuse,C-EXTRA-TREES,complete,C-EXTRA-TREES-000,C-EXTRA-TREES-001,16,0.0,0.0,0.0
P03OUTER-b9ecf3526fabd0b42d4c598c,EXP-C08-T1,T1-SURF,surfaces:within,surfaces,not_applicable,1,1,standard,,complete,C-EXTRA-TREES-003,C-EXTRA-TREES-007,16,0.0,0.0,0.0
P03OUTER-ba173a4351ee53296608439d,EXP-C04-T1,T1-PILLS,pills:within,pills,not_applicable,1,3,standard,,complete,C-PLS-DA-000,C-PLS-DA-001,5,0.0,0.0,0.0
P03OUTER-ba2527030fc2954df261ac19,EXP-C10-T3,T3-ZS,cwa:Pendar-2,cwa,Pendar-2,2,1,fixed_family_reuse,C-EXTRA-TREES,complete,C-EXTRA-TREES-009,C-EXTRA-TREES-005,16,0.07407407407407407,0.0,0.10555555555555557
P03OUTER-ba7ffe58e28cd4bc3b60199a,EXP-C10-T3,T3-ZS,cwa:Pendar-2,cwa,Pendar-2,3,2,fixed_family_reuse,C-PCA-LDA,complete,C-PCA-LDA-007,C-PCA-LDA-000,10,0.02777777777777779,-0.11111111111111122,0.18888888888888894
P03OUTER-baa507013692f46ec492d5dc,EXP-C10-T3,T3-ZS,cwa:RMX-1,cwa,RMX-1,5,0,fixed_family_reuse,C-EXTRA-TREES,complete,C-EXTRA-TREES-006,C-EXTRA-TREES-000,16,0.0,0.0,0.033333333333333326
P03OUTER-baac81b353e2205180d4477a,EXP-C05-T1,T1-PILLS,pills:within,pills,not_applicable,2,0,standard,,complete,C-LOGREG-EN-000,C-LOGREG-EN-005,29,0.0,0.0,0.0
P03OUTER-babf095da39af206a308e835,EXP-C10-T3,T3-ZS,cwa:RMX-1,cwa,RMX-1,1,3,fixed_family_reuse,C-EXTRA-TREES,complete,C-EXTRA-TREES-001,C-EXTRA-TREES-002,16,0.01851851851851849,0.03703703703703701,0.0222222222222222
P03OUTER-bac52b4464aa82500c1c87f0,EXP-C10-T3,T3-ZS,surfaces:Pendar-3,surfaces,Pendar-3,2,1,fixed_family_reuse,C-EXTRA-TREES,complete,C-EXTRA-TREES-000,C-EXTRA-TREES-001,16,0.0,0.0,0.0
P03OUTER-bacc09e31c60bbd33a2f9dbb,EXP-C01-T1,T1-PILLS,pills:within,pills,not_applicable,3,2,standard,,complete,C-SPECTRAL-MATCH-000,C-SPECTRAL-MATCH-001,3,0.0,0.0,0.0
P03OUTER-badb8e0c199d84b1e5dc6803,EXP-C10-T3,T3-ZS,surfaces:Pendar-3,surfaces,Pendar-3,2,0,fixed_family_reuse,C-RANDOM-FOREST,complete,C-RANDOM-FOREST-014,C-RANDOM-FOREST-010,16,0.0,0.0,0.0020424836601307117
P03OUTER-bb06a20ca09915850e0a17f2,EXP-C09-CONTROL-META,T3-ZS,pills:Agilent-1,pills,Agilent-1,2,3,metadata_control,,complete,CTRL-META-C-LOGREG-EN-000,CTRL-META-C-LOGREG-EN-011,30,0.0,0.0,0.0185185185185186
P03OUTER-bb68c18725085b900cc40c28,EXP-C01-T1,T1-CWA,cwa:within,cwa,not_applicable,3,2,standard,,complete,C-SPECTRAL-MATCH-001,C-SPECTRAL-MATCH-000,3,0.05555555555555558,0.16666666666666674,0.05555555555555547
P03OUTER-bb871abf93da0e36c7a8d7ad,EXP-C07-T1,T1-SURF,surfaces:within,surfaces,not_applicable,4,2,standard,,complete,C-RANDOM-FOREST-000,C-RANDOM-FOREST-001,16,0.0,0.0,0.0
P03OUTER-bbf5097b0a493620e148d013,EXP-C09-T3,T3-ZS,pills:Pendar-3,pills,Pendar-3,4,3,standard,,complete,C-PLS-DA-000,C-LOGREG-EN-000,124,0.0,0.0,0.0
P03OUTER-bbfdfccb5414d6795b425f18,EXP-C06-T1,T1-PILLS,pills:within,pills,not_applicable,3,2,standard,,complete,C-RBF-SVM-012,C-RBF-SVM-014,36,0.0,0.0,0.0
P03OUTER-bc07a1e8ca713572f1822cb0,EXP-C10-T3,T3-ZS,surfaces:Pendar-2,surfaces,Pendar-2,1,0,fixed_family_reuse,C-EXTRA-TREES,complete,C-EXTRA-TREES-005,C-EXTRA-TREES-009,16,0.0,0.0,0.0
P03OUTER-bc2f5a822108742c32361dfe,EXP-C07-T1,T1-SURF,surfaces:within,surfaces,not_applicable,5,3,standard,,complete,C-RANDOM-FOREST-000,C-RANDOM-FOREST-001,16,0.0,0.0,0.0
P03OUTER-bc3e8733784a580fcc263624,EXP-C09-T3,T3-ZS,surfaces:Agilent-3,surfaces,Agilent-3,3,1,standard,,complete,C-LOGREG-EN-026,C-LOGREG-EN-027,118,0.0,0.0,0.0
P03OUTER-bc561fba315693e9ce0a8e70,EXP-C05-T1,T1-PILLS,pills:within,pills,not_applicable,4,0,standard,,complete,C-LOGREG-EN-000,C-LOGREG-EN-005,28,0.0,0.0,0.0
P03OUTER-bc9a531d05554a758b69c840,EXP-C02-T1,T1-PILLS,pills:within,pills,not_applicable,4,3,standard,,complete,C-NEAREST-CENTROID-003,C-NEAREST-CENTROID-004,8,0.0,0.0,0.0
P03OUTER-bc9bb26dab77b5bd8597125f,EXP-C12-CORAL,T3-ZS,pills:Agilent-3,pills,Agilent-3,1,1,source_covariance,,unavailable,,,0,,,
P03OUTER-bcdbb5f7509e528fbbdffa67,EXP-C04-T1,T1-SURF,surfaces:within,surfaces,not_applicable,2,0,standard,,complete,C-PLS-DA-002,C-PLS-DA-001,5,0.05555555555555547,0.05555555555555547,0.05291005291005291
P03OUTER-bcf7a52af22842f21d487649,EXP-C09-CONTROL-META,T3-ZS,pills:Mira-3,pills,Mira-3,4,3,metadata_control,,complete,CTRL-META-C-LOGREG-EN-011,CTRL-META-C-LOGREG-EN-000,30,0.0,0.0,0.014814814814814836
P03OUTER-bd07159aef54a0a1a2f36e85,EXP-C09-CONTROL-META,T3-ZS,pills:Mira-3,pills,Mira-3,1,1,metadata_control,,complete,CTRL-META-C-LOGREG-EN-000,CTRL-META-C-LOGREG-EN-005,24,0.11111111111111116,0.0,0.14814814814814814
P03OUTER-bd7b0f28c41642ebd79c0f6d,EXP-C10-T3,T3-ZS,surfaces:Mira-1,surfaces,Mira-1,2,0,fixed_family_reuse,C-RANDOM-FOREST,complete,C-RANDOM-FOREST-004,C-RANDOM-FOREST-002,16,0.0,0.0,0.004856572258533087
P03OUTER-bd7ed977ab90fa19b8913c21,EXP-C09-CONTROL-META,T3-ZS,pills:Pendar-3,pills,Pendar-3,4,0,metadata_control,,complete,CTRL-META-C-LOGREG-EN-015,CTRL-META-C-LOGREG-EN-016,30,0.0,0.0,0.0
P03OUTER-bddceb52f644e896fcd3d58f,EXP-C10-T3,T3-ZS,cwa:RMX-1,cwa,RMX-1,5,1,fixed_family_reuse,C-PCA-LDA,complete,C-PCA-LDA-001,C-PCA-LDA-003,10,0.0,0.0,0.03888888888888886
P03OUTER-bddd5ece8b9dbc8fa7044aca,EXP-C10-T3,T3-ZS,pills:Pendar-1,pills,Pendar-1,1,3,fixed_family_reuse,C-RANDOM-FOREST,complete,C-RANDOM-FOREST-000,C-RANDOM-FOREST-001,16,0.0,0.0,0.0
P03OUTER-be0105244d599292b08a5e31,EXP-C10-T3,T3-ZS,cwa:Pendar-2,cwa,Pendar-2,5,1,fixed_family_reuse,C-RANDOM-FOREST,complete,C-RANDOM-FOREST-004,C-RANDOM-FOREST-008,16,0.0,0.0,0.0
P03OUTER-be14904e7cbbc5de688ca05e,EXP-C09-CONTROL-META,T3-ZS,cwa:Mira-2,cwa,Mira-2,1,1,metadata_control,,complete,CTRL-META-C-LOGREG-EN-001,CTRL-META-C-LOGREG-EN-002,30,0.0,0.0,0.0
P03OUTER-be1a5059e7786a97d93ce163,EXP-C12-CORAL,T3-ZS,surfaces:RMX-2,surfaces,RMX-2,3,3,source_covariance,,unavailable,,,0,,,
P03OUTER-be34b11463d9110856733314,EXP-C10-T3,T3-ZS,surfaces:Mira-1,surfaces,Mira-1,4,0,fixed_family_reuse,C-EXTRA-TREES,complete,C-EXTRA-TREES-002,C-EXTRA-TREES-003,16,0.0,0.0,0.0
P03OUTER-be46bd01024a66869f60f243,EXP-C09-T3,T3-ZS,cwa:Mira-2,cwa,Mira-2,2,1,standard,,complete,C-SPECTRAL-MATCH-001,C-PLS-DA-003,122,0.05555555555555558,-0.1111111111111111,0.11031746031746031
P03OUTER-be4a8933acf925fda61042f0,EXP-C12-CORAL,T3-ZS,surfaces:Pendar-2,surfaces,Pendar-2,4,1,source_covariance,,unavailable,,,0,,,
P03OUTER-be938a84c9a33f3fea768a29,EXP-C10-T3,T3-ZS,pills:Agilent-3,pills,Agilent-3,5,0,fixed_family_reuse,C-PCA-LDA,complete,C-PCA-LDA-004,C-PCA-LDA-006,10,0.0,0.0,0.0
P03OUTER-beaf2645c9e179c6e9f43e6b,EXP-C10-T3,T3-ZS,cwa:Pendar-2,cwa,Pendar-2,4,2,fixed_family_reuse,C-EXTRA-TREES,complete,C-EXTRA-TREES-009,C-EXTRA-TREES-013,16,0.05555555555555558,0.0,0.029894179894179862
P03OUTER-bed94ffb1eceda217050bab2,EXP-C12-CORAL,T3-ZS,surfaces:Agilent-3,surfaces,Agilent-3,4,1,source_covariance,,complete,CORAL-C-PCA-LDA-002,CORAL-C-PCA-LDA-003,44,0.01388888888888895,0.0,0.031565656565656575
P03OUTER-befcbd1a65bbe1b93b1d7572,EXP-C10-T3,T3-ZS,cwa:Mira-2,cwa,Mira-2,4,1,fixed_family_reuse,C-RANDOM-FOREST,complete,C-RANDOM-FOREST-001,C-RANDOM-FOREST-004,16,0.0,0.0,0.0
P03OUTER-bf05009d61e7cc1424d38fe6,EXP-C12-CORAL,T3-ZS,pills:Pendar-3,pills,Pendar-3,1,2,source_covariance,,unavailable,,,0,,,
P03OUTER-bf44e5574842ee9e68776ce5,EXP-C02-T1,T1-CWA,cwa:within,cwa,not_applicable,3,0,standard,,complete,C-NEAREST-CENTROID-000,C-NEAREST-CENTROID-001,8,0.0,0.0,0.0
P03OUTER-bf62225ce1ec381cf08912b6,EXP-C05-T1,T1-SURF,surfaces:within,surfaces,not_applicable,4,3,standard,,complete,C-LOGREG-EN-000,C-LOGREG-EN-005,29,0.0,0.0,0.0
P03OUTER-bf7559febf5773f03079b934,EXP-C02-T1,T1-PILLS,pills:within,pills,not_applicable,2,0,standard,,complete,C-NEAREST-CENTROID-000,C-NEAREST-CENTROID-001,8,0.0,0.0,0.0
P03OUTER-bf78ae6092293c2c32ab7a93,EXP-C12-CORAL,T3-ZS,surfaces:Pendar-3,surfaces,Pendar-3,2,0,source_covariance,,complete,CORAL-C-PCA-LDA-002,CORAL-C-PCA-LDA-003,42,0.03333333333333344,-0.06666666666666671,0.050072150072149935
P03OUTER-bfa40739a1da4dd05f792356,EXP-C07-T1,T1-CWA,cwa:within,cwa,not_applicable,4,1,standard,,complete,C-RANDOM-FOREST-000,C-RANDOM-FOREST-001,16,0.0,0.0,0.0
P03OUTER-bfc8879069f6842e4d18d4ff,EXP-C10-T3,T3-ZS,surfaces:RMX-2,surfaces,RMX-2,1,3,fixed_family_reuse,C-RANDOM-FOREST,complete,C-RANDOM-FOREST-001,C-RANDOM-FOREST-005,16,0.0,0.0,0.0
P03OUTER-bfeac5d95a23fc85fb571718,EXP-C10-T3,T3-ZS,surfaces:Agilent-3,surfaces,Agilent-3,2,0,fixed_family_reuse,C-RANDOM-FOREST,complete,C-RANDOM-FOREST-010,C-RANDOM-FOREST-014,16,0.0,0.0,0.0
P03OUTER-c04a24f9873e5536507b63bf,EXP-C10-T3,T3-ZS,pills:Agilent-1,pills,Agilent-1,2,1,fixed_family_reuse,C-EXTRA-TREES,complete,C-EXTRA-TREES-000,C-EXTRA-TREES-001,16,0.0,0.0,0.0
P03OUTER-c0814810093f94749d101782,EXP-C12-CORAL,T3-ZS,cwa:RMX-1,cwa,RMX-1,1,2,source_covariance,,unavailable,,,0,,,
P03OUTER-c08339a706f89a3cc5bb8161,EXP-C09-T3,T3-ZS,pills:Agilent-1,pills,Agilent-1,4,0,standard,,complete,C-PLS-DA-000,C-LOGREG-EN-000,122,0.0,0.0,0.0
P03OUTER-c0857ff1a1557cccdbafb3e0,EXP-C09-CONTROL-META,T3-ZS,cwa:Pendar-2,cwa,Pendar-2,1,0,metadata_control,,complete,CTRL-META-C-LOGREG-EN-025,CTRL-META-C-LOGREG-EN-026,30,0.0,0.0,0.0
P03OUTER-c08b55c770b784bfd579b929,EXP-C10-T3,T3-ZS,pills:Pendar-3,pills,Pendar-3,5,1,fixed_family_reuse,C-RBF-SVM,complete,C-RBF-SVM-012,C-RBF-SVM-014,36,0.0,0.0,0.0
P03OUTER-c08dede69d6fe9afcb6d6713,EXP-C10-T3,T3-ZS,pills:Pendar-1,pills,Pendar-1,1,3,fixed_family_reuse,C-RBF-SVM,complete,C-RBF-SVM-012,C-RBF-SVM-014,36,0.0,0.0,0.0
P03OUTER-c0938e210c6ad9cc975abd53,EXP-C10-T3,T3-ZS,surfaces:RMX-2,surfaces,RMX-2,3,0,fixed_family_reuse,C-RBF-SVM,complete,C-RBF-SVM-012,C-RBF-SVM-014,36,0.0,0.0,0.0
P03OUTER-c09743030f9dccc2495e83cd,EXP-C10-T3,T3-ZS,pills:Pendar-3,pills,Pendar-3,5,2,fixed_family_reuse,C-PCA-LDA,complete,C-PCA-LDA-002,C-PCA-LDA-003,10,0.0,0.0,0.0
P03OUTER-c0a21315b41ef63218af38c8,EXP-C09-CONTROL-META,T3-ZS,pills:Agilent-3,pills,Agilent-3,5,2,metadata_control,,complete,CTRL-META-C-LOGREG-EN-005,CTRL-META-C-LOGREG-EN-011,18,0.0,0.0,0.01851851851851849
P03OUTER-c0a7b7fac21a979193ec3d41,EXP-C09-T3,T3-ZS,surfaces:RMX-2,surfaces,RMX-2,2,0,standard,,complete,C-SPECTRAL-MATCH-001,C-LOGREG-EN-018,117,0.022222222222222254,0.06666666666666671,0.008297258297258248
P03OUTER-c0d8ca80ac72d94e5fcf473a,EXP-C10-T3,T3-ZS,pills:Pendar-3,pills,Pendar-3,1,3,fixed_family_reuse,C-EXTRA-TREES,complete,C-EXTRA-TREES-000,C-EXTRA-TREES-001,16,0.0,0.0,0.0
P03OUTER-c0ff5565d615f9e84d45c0e4,EXP-C06-T1,T1-PILLS,pills:within,pills,not_applicable,1,0,standard,,complete,C-RBF-SVM-012,C-RBF-SVM-014,36,0.0,0.0,0.0
P03OUTER-c103beacacede4f58423ce75,EXP-C10-T3,T3-ZS,pills:Pendar-1,pills,Pendar-1,5,1,fixed_family_reuse,C-PCA-LDA,complete,C-PCA-LDA-004,C-PCA-LDA-005,10,0.0,0.0,0.0
P03OUTER-c1077ad31aef519b3b99c8cc,EXP-C02-T1,T1-PILLS,pills:within,pills,not_applicable,1,2,standard,,complete,C-NEAREST-CENTROID-000,C-NEAREST-CENTROID-001,8,0.0,0.0,0.0
P03OUTER-c11672b370924e2151aac4ef,EXP-C09-T3,T3-ZS,surfaces:Pendar-3,surfaces,Pendar-3,3,0,standard,,complete,C-LOGREG-EN-022,C-SPECTRAL-MATCH-001,119,0.008333333333333415,-0.0666666666666666,0.047435897435897545
P03OUTER-c12d13bcd6595aeb194846db,EXP-C08-T1,T1-CWA,cwa:within,cwa,not_applicable,4,0,standard,,complete,C-EXTRA-TREES-002,C-EXTRA-TREES-006,16,0.0,0.0,0.0
P03OUTER-c19382414ba02f2cbb43608b,EXP-C06-T1,T1-PILLS,pills:within,pills,not_applicable,5,3,standard,,complete,C-RBF-SVM-012,C-RBF-SVM-014,36,0.0,0.0,0.0
P03OUTER-c1c751ac44b0371784b76cba,EXP-C12-CORAL,T3-ZS,surfaces:Pendar-3,surfaces,Pendar-3,2,3,source_covariance,,complete,CORAL-C-PCA-LDA-003,CORAL-C-PCA-LDA-001,42,0.07142857142857151,0.0714285714285714,0.06265172735760982
P03OUTER-c1d24471650f031420c168d0,EXP-C06-T1,T1-SURF,surfaces:within,surfaces,not_applicable,5,3,standard,,complete,C-RBF-SVM-019,C-RBF-SVM-013,36,0.0,0.11111111111111116,-0.003968253968253954
P03OUTER-c1e6d5355c103991f778f052,EXP-C10-T3,T3-ZS,pills:Agilent-1,pills,Agilent-1,5,3,fixed_family_reuse,C-RBF-SVM,complete,C-RBF-SVM-012,C-RBF-SVM-014,36,0.0,0.0,0.0
P03OUTER-c1f90afd05242a2795a636fc,EXP-C10-T3,T3-ZS,pills:Pendar-1,pills,Pendar-1,1,1,fixed_family_reuse,C-RBF-SVM,complete,C-RBF-SVM-012,C-RBF-SVM-014,36,0.0,0.0,0.0
P03OUTER-c1fe783a5b352614b3c7e6bb,EXP-C10-T3,T3-ZS,pills:Agilent-3,pills,Agilent-3,2,3,fixed_family_reuse,C-PCA-LDA,complete,C-PCA-LDA-004,C-PCA-LDA-005,10,0.0,0.0,0.0
P03OUTER-c20338ad299be7f5da2f63a4,EXP-C10-T3,T3-ZS,surfaces:Pendar-2,surfaces,Pendar-2,1,0,fixed_family_reuse,C-RBF-SVM,complete,C-RBF-SVM-002,C-RBF-SVM-008,36,0.0,0.0,0.0
P03OUTER-c271f816d36092f492243289,EXP-C09-T3,T3-ZS,surfaces:Mira-1,surfaces,Mira-1,3,2,standard,,complete,C-PLS-DA-000,C-RBF-SVM-019,119,0.01666666666666672,0.033333333333333326,0.004731379731379715
P03OUTER-c2988155f0d01d1e57b7b807,EXP-C12-CORAL,T3-ZS,surfaces:RMX-2,surfaces,RMX-2,2,0,source_covariance,,unavailable,,,0,,,
P03OUTER-c2a8f799cf8b14b8929029fa,EXP-C10-T3,T3-ZS,pills:Pendar-3,pills,Pendar-3,2,2,fixed_family_reuse,C-RBF-SVM,complete,C-RBF-SVM-012,C-RBF-SVM-014,36,0.0,0.0,0.0
P03OUTER-c302cda02b886ec5988754fd,EXP-C05-T1,T1-CWA,cwa:within,cwa,not_applicable,2,1,standard,,complete,C-LOGREG-EN-005,C-LOGREG-EN-011,29,0.0,0.0,0.0
P03OUTER-c316f41c14d2ae159e58311f,EXP-C09-T3,T3-ZS,surfaces:Pendar-3,surfaces,Pendar-3,2,2,standard,,complete,C-RBF-SVM-025,C-RBF-SVM-031,121,0.0,0.0,0.0
P03OUTER-c364968ae091b848e8450ad2,EXP-C10-T3,T3-ZS,surfaces:Pendar-2,surfaces,Pendar-2,4,3,fixed_family_reuse,C-RBF-SVM,complete,C-RBF-SVM-002,C-RBF-SVM-008,36,0.0,0.0,0.0
P03OUTER-c36fa7887d33e6c61ab55755,EXP-C09-T3,T3-ZS,pills:Agilent-3,pills,Agilent-3,3,1,standard,,complete,C-PLS-DA-000,C-LOGREG-EN-000,122,0.0,0.0,0.0
P03OUTER-c394dbefacd1d1cebce8e70f,EXP-C09-T3,T3-ZS,pills:Mira-3,pills,Mira-3,4,2,standard,,complete,C-SPECTRAL-MATCH-000,C-PLS-DA-000,124,0.0,0.0,0.0
P03OUTER-c3aadc1c4c30a093d3afd9b3,EXP-C07-T1,T1-CWA,cwa:within,cwa,not_applicable,4,2,standard,,complete,C-RANDOM-FOREST-001,C-RANDOM-FOREST-002,16,0.0,0.0,0.0
P03OUTER-c3c2b7562d0c2e19652040e8,EXP-C05-T1,T1-SURF,surfaces:within,surfaces,not_applicable,5,0,standard,,complete,C-LOGREG-EN-000,C-LOGREG-EN-005,29,0.0,0.0,0.0
P03OUTER-c3c9ceb760f0410b21a78575,EXP-C12-CORAL,T3-ZS,surfaces:Pendar-2,surfaces,Pendar-2,5,1,source_covariance,,unavailable,,,0,,,
P03OUTER-c3dcdd8ea8fe62db44938b4d,EXP-C02-T1,T1-CWA,cwa:within,cwa,not_applicable,3,3,standard,,complete,C-NEAREST-CENTROID-004,C-NEAREST-CENTROID-005,8,0.05555555555555558,0.0,0.09629629629629621
P03OUTER-c3e6661c113e365c37076548,EXP-C09-CONTROL-META,T3-ZS,surfaces:Pendar-3,surfaces,Pendar-3,2,3,metadata_control,,complete,CTRL-META-C-LOGREG-EN-000,CTRL-META-C-LOGREG-EN-012,17,0.0,0.0,0.0
P03OUTER-c3fe754cbeac680be9716072,EXP-C10-T3,T3-ZS,cwa:Pendar-2,cwa,Pendar-2,4,3,fixed_family_reuse,C-RBF-SVM,complete,C-RBF-SVM-019,C-RBF-SVM-018,36,0.13888888888888873,0.33333333333333326,0.06587301587301586
P03OUTER-c400373d45bcb624f84ff9cb,EXP-C10-T3,T3-ZS,cwa:Pendar-2,cwa,Pendar-2,3,1,fixed_family_reuse,C-EXTRA-TREES,complete,C-EXTRA-TREES-000,C-EXTRA-TREES-004,16,0.02777777777777779,0.0,0.031481481481481555
P03OUTER-c444a1056dfbf835ef8e1cfc,EXP-C10-T3,T3-ZS,pills:Pendar-3,pills,Pendar-3,1,2,fixed_family_reuse,C-RANDOM-FOREST,complete,C-RANDOM-FOREST-000,C-RANDOM-FOREST-001,16,0.0,0.0,0.0
P03OUTER-c461030742c3ebe2dc3aef01,EXP-C09-CONTROL-META,T3-ZS,surfaces:Pendar-2,surfaces,Pendar-2,2,3,metadata_control,,complete,CTRL-META-C-LOGREG-EN-000,CTRL-META-C-LOGREG-EN-001,30,0.0,0.0,0.0
P03OUTER-c46b8249f3d695c66a5c520c,EXP-C10-T3,T3-ZS,cwa:Mira-2,cwa,Mira-2,3,0,fixed_family_reuse,C-EXTRA-TREES,complete,C-EXTRA-TREES-001,C-EXTRA-TREES-013,16,0.01851851851851849,0.0,0.016666666666666607
P03OUTER-c47498d8c9d1c5b67fc5bdab,EXP-C09-T3,T3-ZS,pills:Pendar-1,pills,Pendar-1,3,1,standard,,complete,C-PLS-DA-000,C-LOGREG-EN-000,125,0.0,0.0,0.0
P03OUTER-c4d74687b33321a38fcd0d9f,EXP-C10-T3,T3-ZS,surfaces:Pendar-3,surfaces,Pendar-3,5,0,fixed_family_reuse,C-PCA-LDA,complete,C-PCA-LDA-004,C-PCA-LDA-005,10,0.0,0.0,0.0
P03OUTER-c500f8a3df5d250ba1cd4162,EXP-C10-T3,T3-ZS,surfaces:Pendar-2,surfaces,Pendar-2,4,2,fixed_family_reuse,C-RANDOM-FOREST,complete,C-RANDOM-FOREST-001,C-RANDOM-FOREST-005,16,0.0,0.0,0.0
P03OUTER-c5028e71571f60e2fb0541aa,EXP-C10-T3,T3-ZS,surfaces:Pendar-3,surfaces,Pendar-3,2,3,fixed_family_reuse,C-RBF-SVM,complete,C-RBF-SVM-025,C-RBF-SVM-031,36,0.0,0.0,0.0
P03OUTER-c511aa2cc7ecf303996575b5,EXP-C09-T3,T3-ZS,surfaces:Pendar-3,surfaces,Pendar-3,2,3,standard,,complete,C-LOGREG-EN-016,C-LOGREG-EN-017,117,0.023809523809523725,0.0,0.010489510489510634
P03OUTER-c513c5718f17e71ccc8c97e8,EXP-C09-T3,T3-ZS,pills:Agilent-3,pills,Agilent-3,5,2,standard,,complete,C-SPECTRAL-MATCH-000,C-NEAREST-CENTROID-000,124,0.0,0.0,0.0
P03OUTER-c51deac85902c09b7377c252,EXP-C09-T3,T3-ZS,surfaces:Mira-1,surfaces,Mira-1,4,2,standard,,complete,C-SPECTRAL-MATCH-002,C-NEAREST-CENTROID-005,118,0.023809523809523836,0.0,0.033475783475783505
P03OUTER-c52625765b6be72ea2ea5568,EXP-C09-CONTROL-META,T3-ZS,cwa:RMX-1,cwa,RMX-1,3,3,metadata_control,,complete,CTRL-META-C-LOGREG-EN-025,CTRL-META-C-LOGREG-EN-026,30,0.0,0.0,0.0
P03OUTER-c53b9199bb76ae1ab58c2120,EXP-C09-CONTROL-META,T3-ZS,pills:Pendar-3,pills,Pendar-3,2,2,metadata_control,,complete,CTRL-META-C-LOGREG-EN-020,CTRL-META-C-LOGREG-EN-024,30,0.0,0.0,0.0
P03OUTER-c55ad667c0d76ac318338f0c,EXP-C09-CONTROL-META,T3-ZS,surfaces:Agilent-3,surfaces,Agilent-3,5,2,metadata_control,,complete,CTRL-META-C-LOGREG-EN-002,CTRL-META-C-LOGREG-EN-005,19,0.0,0.0,0.0
P03OUTER-c55befa4d2286771112ad16b,EXP-C05-T1,T1-CWA,cwa:within,cwa,not_applicable,1,1,standard,,complete,C-LOGREG-EN-019,C-LOGREG-EN-010,30,0.05555555555555547,0.16666666666666663,0.059259259259259234
P03OUTER-c55e5763fc2c5b779792225f,EXP-C09-CONTROL-META,T3-ZS,surfaces:Agilent-3,surfaces,Agilent-3,1,3,metadata_control,,complete,CTRL-META-C-LOGREG-EN-005,CTRL-META-C-LOGREG-EN-010,20,0.0,0.0,0.0
P03OUTER-c56013d062f45fde0f912290,EXP-C07-T1,T1-PILLS,pills:within,pills,not_applicable,4,1,standard,,complete,C-RANDOM-FOREST-000,C-RANDOM-FOREST-001,16,0.0,0.0,0.0
P03OUTER-c573ad96a12b2988d4613db8,EXP-C06-T1,T1-CWA,cwa:within,cwa,not_applicable,5,2,standard,,complete,C-RBF-SVM-025,C-RBF-SVM-018,36,0.05555555555555558,0.16666666666666674,0.05555555555555569
P03OUTER-c5938de4b23d47ec48ae22c5,EXP-C10-T3,T3-ZS,pills:Agilent-3,pills,Agilent-3,4,1,fixed_family_reuse,C-EXTRA-TREES,complete,C-EXTRA-TREES-000,C-EXTRA-TREES-001,16,0.0,0.0,0.0
P03OUTER-c595bf8ae0e599645df6fbaf,EXP-C12-CORAL,T3-ZS,pills:Mira-3,pills,Mira-3,5,2,source_covariance,,unavailable,,,0,,,
P03OUTER-c5be76483de261153ef8bc4f,EXP-C10-T3,T3-ZS,surfaces:RMX-2,surfaces,RMX-2,3,0,fixed_family_reuse,C-RANDOM-FOREST,complete,C-RANDOM-FOREST-002,C-RANDOM-FOREST-006,16,0.0,0.0,0.0
P03OUTER-c5c234287a291778aa82c5d2,EXP-C08-T1,T1-SURF,surfaces:within,surfaces,not_applicable,4,0,standard,,complete,C-EXTRA-TREES-000,C-EXTRA-TREES-001,16,0.0,0.0,0.0
P03OUTER-c61e187d33783c60a7c9ed83,EXP-C10-T3,T3-ZS,pills:Agilent-3,pills,Agilent-3,3,3,fixed_family_reuse,C-EXTRA-TREES,complete,C-EXTRA-TREES-000,C-EXTRA-TREES-001,16,0.0,0.0,0.0
P03OUTER-c629d7d114cafe3f2c7fe425,EXP-C10-T3,T3-ZS,surfaces:Pendar-2,surfaces,Pendar-2,4,3,fixed_family_reuse,C-EXTRA-TREES,complete,C-EXTRA-TREES-001,C-EXTRA-TREES-009,16,0.011111111111111127,0.2,-0.051647426647426636
P03OUTER-c63b917e7fc85f92c68df1cb,EXP-C10-T3,T3-ZS,cwa:Pendar-2,cwa,Pendar-2,1,3,fixed_family_reuse,C-PCA-LDA,complete,C-PCA-LDA-004,C-PCA-LDA-005,10,0.0,0.0,0.0
P03OUTER-c66c9158202837a9125e41da,EXP-C10-T3,T3-ZS,surfaces:RMX-2,surfaces,RMX-2,5,2,fixed_family_reuse,C-RANDOM-FOREST,complete,C-RANDOM-FOREST-001,C-RANDOM-FOREST-005,16,0.0,0.0,0.0
P03OUTER-c6b204a3dea7796d076254e7,EXP-C02-T1,T1-CWA,cwa:within,cwa,not_applicable,2,3,standard,,complete,C-NEAREST-CENTROID-004,C-NEAREST-CENTROID-005,8,0.0,0.0,0.0
P03OUTER-c6c2206b427dafa69c505a09,EXP-C05-T1,T1-PILLS,pills:within,pills,not_applicable,3,1,standard,,complete,C-LOGREG-EN-000,C-LOGREG-EN-005,27,0.0,0.0,0.0
P03OUTER-c6d188b7af7439f5365e31d2,EXP-C06-T1,T1-SURF,surfaces:within,surfaces,not_applicable,1,1,standard,,complete,C-RBF-SVM-012,C-RBF-SVM-019,36,0.0,0.0,0.0
P03OUTER-c706195f2eccdfaf7413ebef,EXP-C01-T1,T1-SURF,surfaces:within,surfaces,not_applicable,1,2,standard,,complete,C-SPECTRAL-MATCH-002,C-SPECTRAL-MATCH-000,3,0.0370370370370372,0.0,0.040740740740740744
P03OUTER-c7255d505e4c385511c17b96,EXP-C10-T3,T3-ZS,pills:Agilent-3,pills,Agilent-3,2,0,fixed_family_reuse,C-EXTRA-TREES,complete,C-EXTRA-TREES-000,C-EXTRA-TREES-001,16,0.0,0.0,0.0
P03OUTER-c75df73a6dfd8ccc02bcb8f0,EXP-C10-T3,T3-ZS,pills:Agilent-3,pills,Agilent-3,2,0,fixed_family_reuse,C-RANDOM-FOREST,complete,C-RANDOM-FOREST-000,C-RANDOM-FOREST-001,16,0.0,0.0,0.0
P03OUTER-c778cf30cacdb5f3702a93ed,EXP-C10-T3,T3-ZS,pills:Pendar-1,pills,Pendar-1,2,3,fixed_family_reuse,C-RBF-SVM,complete,C-RBF-SVM-012,C-RBF-SVM-014,36,0.0,0.0,0.0
P03OUTER-c77d6a5080b3dd29f32fd29e,EXP-C10-T3,T3-ZS,cwa:RMX-1,cwa,RMX-1,4,1,fixed_family_reuse,C-RBF-SVM,complete,C-RBF-SVM-024,C-RBF-SVM-030,36,0.0,0.0,0.0
P03OUTER-c7846c0f3f86ef253c4983f7,EXP-C10-T3,T3-ZS,cwa:Mira-2,cwa,Mira-2,1,2,fixed_family_reuse,C-RANDOM-FOREST,complete,C-RANDOM-FOREST-003,C-RANDOM-FOREST-000,16,0.02777777777777779,0.05555555555555547,0.01666666666666672
P03OUTER-c79c731dc7757d08faa47170,EXP-C09-T3,T3-ZS,cwa:Mira-2,cwa,Mira-2,1,2,standard,,complete,C-RBF-SVM-020,C-RBF-SVM-026,121,0.0,0.0,0.0
P03OUTER-c7b5a91d296c992d3f6f0be1,EXP-C09-T3,T3-ZS,surfaces:Agilent-3,surfaces,Agilent-3,1,3,standard,,complete,C-LOGREG-EN-021,C-LOGREG-EN-022,119,0.0,0.0,0.0
P03OUTER-c7bdbf78a1f8da768f6599ab,EXP-C09-T3,T3-ZS,surfaces:Pendar-3,surfaces,Pendar-3,4,2,standard,,complete,C-SPECTRAL-MATCH-000,C-SPECTRAL-MATCH-002,118,0.0,0.0,0.0
P03OUTER-c802ba83bd82a44271a329a4,EXP-C08-T1,T1-CWA,cwa:within,cwa,not_applicable,3,3,standard,,complete,C-EXTRA-TREES-007,C-EXTRA-TREES-009,16,0.0,0.0,0.0
P03OUTER-c81938b7736bda7f4d32ad12,EXP-C06-T1,T1-SURF,surfaces:within,surfaces,not_applicable,4,2,standard,,complete,C-RBF-SVM-012,C-RBF-SVM-014,36,0.0,0.0,0.0
P03OUTER-c839953ee24205401eee2bb9,EXP-C12-CORAL,T3-ZS,cwa:Mira-2,cwa,Mira-2,5,1,source_covariance,,complete,CORAL-C-PCA-LDA-009,CORAL-C-PCA-LDA-008,46,0.0,0.0,0.037698412698412787
P03OUTER-c840cb65fea4c3f2933732bc,EXP-C04-T1,T1-SURF,surfaces:within,surfaces,not_applicable,5,3,standard,,complete,C-PLS-DA-001,C-PLS-DA-002,5,0.0,0.0,0.0
P03OUTER-c84b0fc97d96295a2d7c2824,EXP-C09-T3,T3-ZS,surfaces:Pendar-3,surfaces,Pendar-3,1,3,standard,,complete,C-SPECTRAL-MATCH-002,C-SPECTRAL-MATCH-001,119,0.005555555555555536,0.0,-0.03684463684463679
P03OUTER-c857c6c18610932c358dfc16,EXP-C04-T1,T1-PILLS,pills:within,pills,not_applicable,2,0,standard,,complete,C-PLS-DA-000,C-PLS-DA-001,5,0.0,0.0,0.0
P03OUTER-c860566004fab9a884fa6d2b,EXP-C10-T3,T3-ZS,cwa:Pendar-2,cwa,Pendar-2,1,2,fixed_family_reuse,C-PCA-LDA,complete,C-PCA-LDA-008,C-PCA-LDA-009,8,0.08333333333333326,0.16666666666666663,0.12698412698412698
P03OUTER-c8c085f562a41894eeef7770,EXP-C10-T3,T3-ZS,pills:Mira-3,pills,Mira-3,1,1,fixed_family_reuse,C-RANDOM-FOREST,complete,C-RANDOM-FOREST-000,C-RANDOM-FOREST-001,16,0.0,0.0,0.0
P03OUTER-c8d499c1e3dd5dc31102b17e,EXP-C10-T3,T3-ZS,surfaces:Pendar-2,surfaces,Pendar-2,2,2,fixed_family_reuse,C-PCA-LDA,complete,C-PCA-LDA-001,C-PCA-LDA-009,4,0.03703703703703698,0.0,0.04853479853479853
P03OUTER-c8d94c2918568ea484027918,EXP-C10-T3,T3-ZS,cwa:RMX-1,cwa,RMX-1,3,1,fixed_family_reuse,C-RANDOM-FOREST,complete,C-RANDOM-FOREST-001,C-RANDOM-FOREST-000,16,0.02777777777777779,0.0,0.00925925925925919
P03OUTER-c8e7c23ddbb708f64729f61c,EXP-C10-T3,T3-ZS,pills:Agilent-1,pills,Agilent-1,5,2,fixed_family_reuse,C-RBF-SVM,complete,C-RBF-SVM-012,C-RBF-SVM-014,36,0.0,0.0,0.0
P03OUTER-c903eb7edb5c1c079317dfe6,EXP-C10-T3,T3-ZS,pills:Pendar-3,pills,Pendar-3,2,2,fixed_family_reuse,C-PCA-LDA,complete,C-PCA-LDA-002,C-PCA-LDA-003,10,0.0,0.0,0.0
P03OUTER-c92cf0985e51bf1f9043fe70,EXP-C08-T1,T1-PILLS,pills:within,pills,not_applicable,3,0,standard,,complete,C-EXTRA-TREES-000,C-EXTRA-TREES-001,16,0.0,0.0,0.0
P03OUTER-c97e68a361653bb41a652993,EXP-C09-CONTROL-META,T3-ZS,cwa:Mira-2,cwa,Mira-2,4,2,metadata_control,,complete,CTRL-META-C-LOGREG-EN-000,CTRL-META-C-LOGREG-EN-019,30,0.0,0.0,0.0
P03OUTER-c990636e055959c3193079fe,EXP-C12-CORAL,T3-ZS,surfaces:Pendar-2,surfaces,Pendar-2,2,2,source_covariance,,unavailable,,,0,,,
P03OUTER-c99f959b33b807889d8ef78e,EXP-C10-T3,T3-ZS,cwa:Mira-2,cwa,Mira-2,3,2,fixed_family_reuse,C-PCA-LDA,complete,C-PCA-LDA-007,C-PCA-LDA-002,10,0.05555555555555547,0.05555555555555547,0.03968253968253971
P03OUTER-c9a94bb1d65c8792ed22e475,EXP-C05-T1,T1-CWA,cwa:within,cwa,not_applicable,5,3,standard,,complete,C-LOGREG-EN-010,C-LOGREG-EN-011,27,0.0,0.0,0.0
P03OUTER-c9b622271412da53141c9a3b,EXP-C09-T3,T3-ZS,surfaces:RMX-2,surfaces,RMX-2,5,1,standard,,complete,C-PCA-LDA-003,C-RBF-SVM-025,117,0.0,0.0277777777777779,-0.021428571428571352
P03OUTER-c9b90f8386d9da34b87609b4,EXP-C10-T3,T3-ZS,surfaces:Pendar-3,surfaces,Pendar-3,5,3,fixed_family_reuse,C-RBF-SVM,complete,C-RBF-SVM-019,C-RBF-SVM-018,36,5.551115123125783e-17,0.05714285714285716,-0.0575729825729826
P03OUTER-c9cf5a90d71cbdbda7d429d8,EXP-C09-T3,T3-ZS,cwa:Pendar-2,cwa,Pendar-2,4,1,standard,,complete,C-SPECTRAL-MATCH-000,C-SPECTRAL-MATCH-002,124,0.0,0.0,0.0
P03OUTER-ca240bcecf3181c32037c582,EXP-C10-T3,T3-ZS,cwa:RMX-1,cwa,RMX-1,4,1,fixed_family_reuse,C-RANDOM-FOREST,complete,C-RANDOM-FOREST-005,C-RANDOM-FOREST-008,16,0.05555555555555558,0.11111111111111116,0.05555555555555558
P03OUTER-ca2449ba91f1b4a64e566968,EXP-C09-T3,T3-ZS,surfaces:RMX-2,surfaces,RMX-2,4,3,standard,,complete,C-SPECTRAL-MATCH-001,C-PLS-DA-000,113,0.04285714285714293,0.0,0.06133557800224454
P03OUTER-ca264c966dfae3153a0cb231,EXP-C10-T3,T3-ZS,pills:Agilent-1,pills,Agilent-1,3,0,fixed_family_reuse,C-RANDOM-FOREST,complete,C-RANDOM-FOREST-000,C-RANDOM-FOREST-001,16,0.0,0.0,0.0
P03OUTER-ca3d22d97f6055d661c98ddf,EXP-C10-T3,T3-ZS,cwa:RMX-1,cwa,RMX-1,5,1,fixed_family_reuse,C-RBF-SVM,complete,C-RBF-SVM-019,C-RBF-SVM-012,36,0.05555555555555558,0.0,0.06309523809523815
P03OUTER-ca46c07fc24ad4116792cafc,EXP-C10-T3,T3-ZS,pills:Pendar-3,pills,Pendar-3,2,0,fixed_family_reuse,C-PCA-LDA,complete,C-PCA-LDA-004,C-PCA-LDA-005,10,0.0,0.0,0.0
P03OUTER-ca5fe25d1a76542855c2b1e9,EXP-C10-T3,T3-ZS,pills:Agilent-3,pills,Agilent-3,1,3,fixed_family_reuse,C-RBF-SVM,complete,C-RBF-SVM-012,C-RBF-SVM-014,36,0.0,0.0,0.0
P03OUTER-ca80de8c238d9368fecaf067,EXP-C10-T3,T3-ZS,surfaces:Mira-1,surfaces,Mira-1,2,3,fixed_family_reuse,C-RBF-SVM,complete,C-RBF-SVM-014,C-RBF-SVM-020,36,0.0,0.0,0.0
P03OUTER-ca8188101f638b1923217586,EXP-C09-CONTROL-META,T3-ZS,surfaces:Mira-1,surfaces,Mira-1,5,0,metadata_control,,complete,CTRL-META-C-LOGREG-EN-006,CTRL-META-C-LOGREG-EN-002,30,0.0,0.0,0.018518518518518517
P03OUTER-ca84b6b6e462becdc5fd4518,EXP-C05-T1,T1-CWA,cwa:within,cwa,not_applicable,3,2,standard,,complete,C-LOGREG-EN-016,C-LOGREG-EN-017,27,0.0,0.0,0.0
P03OUTER-ca8a73fc3ebef7457be98a93,EXP-C02-T1,T1-CWA,cwa:within,cwa,not_applicable,4,2,standard,,complete,C-NEAREST-CENTROID-003,C-NEAREST-CENTROID-000,8,0.0185185185185186,-0.11111111111111105,-0.011111111111111072
P03OUTER-ca8ec2fc7526a385e7d33052,EXP-C12-CORAL,T3-ZS,surfaces:Agilent-3,surfaces,Agilent-3,5,0,source_covariance,,complete,CORAL-C-PCA-LDA-002,CORAL-C-PCA-LDA-003,46,0.0,0.0,0.0
P03OUTER-ca935099c14748c586bf26b9,EXP-C09-T3,T3-ZS,surfaces:Pendar-3,surfaces,Pendar-3,5,3,standard,,complete,C-LOGREG-EN-021,C-PLS-DA-002,115,0.004761904761904745,0.09523809523809523,0.05160074130662362
P03OUTER-cacef3cd6211fa4b386b057c,EXP-C12-CORAL,T3-ZS,pills:Agilent-1,pills,Agilent-1,3,1,source_covariance,,unavailable,,,0,,,
P03OUTER-cae9bf5fc7dc98df16595d72,EXP-C10-T3,T3-ZS,surfaces:Mira-1,surfaces,Mira-1,5,2,fixed_family_reuse,C-RBF-SVM,complete,C-RBF-SVM-019,C-RBF-SVM-025,36,0.0,0.0,0.0
P03OUTER-cb094e25874d8815c9960d6c,EXP-C10-T3,T3-ZS,pills:Agilent-1,pills,Agilent-1,2,3,fixed_family_reuse,C-PCA-LDA,complete,C-PCA-LDA-004,C-PCA-LDA-005,10,0.0,0.0,0.0
P03OUTER-cb11346655f81ab32135a26a,EXP-C09-T3,T3-ZS,surfaces:Pendar-2,surfaces,Pendar-2,5,2,standard,,complete,C-NEAREST-CENTROID-000,C-NEAREST-CENTROID-001,110,0.0,0.0,0.0
P03OUTER-cb240fd096618cbc95922e53,EXP-C03-T1,T1-CWA,cwa:within,cwa,not_applicable,4,3,standard,,complete,C-PCA-LDA-004,C-PCA-LDA-008,10,0.0,0.0,0.0
P03OUTER-cb26117752bbcc7b460607ca,EXP-C12-CORAL,T3-ZS,surfaces:Mira-1,surfaces,Mira-1,5,3,source_covariance,,complete,CORAL-C-PCA-LDA-001,CORAL-C-PCA-LDA-003,42,0.0023809523809523725,-0.09047619047619049,0.08996003996003987
P03OUTER-cb2e5837c878f45b0e7d9e27,EXP-C10-T3,T3-ZS,pills:Pendar-1,pills,Pendar-1,5,0,fixed_family_reuse,C-EXTRA-TREES,complete,C-EXTRA-TREES-000,C-EXTRA-TREES-001,16,0.0,0.0,0.0
P03OUTER-cb440da095d13d4d0d44b9cc,EXP-C08-T1,T1-PILLS,pills:within,pills,not_applicable,3,3,standard,,complete,C-EXTRA-TREES-000,C-EXTRA-TREES-001,16,0.0,0.0,0.0
P03OUTER-cb49efa7fc09bea82bde486b,EXP-C10-T3,T3-ZS,surfaces:Pendar-3,surfaces,Pendar-3,5,0,fixed_family_reuse,C-RBF-SVM,complete,C-RBF-SVM-012,C-RBF-SVM-018,36,0.0,0.0,0.0
P03OUTER-cb775e95714f97eb4656fc25,EXP-C10-T3,T3-ZS,pills:Mira-3,pills,Mira-3,3,1,fixed_family_reuse,C-RBF-SVM,complete,C-RBF-SVM-012,C-RBF-SVM-014,36,0.0,0.0,0.0
P03OUTER-cb84b6211b825d3eac9e5657,EXP-C07-T1,T1-CWA,cwa:within,cwa,not_applicable,1,0,standard,,complete,C-RANDOM-FOREST-008,C-RANDOM-FOREST-012,16,0.0,0.0,0.0
P03OUTER-cb8d23fb2a5fa20237dc21a6,EXP-C10-T3,T3-ZS,surfaces:Mira-1,surfaces,Mira-1,2,1,fixed_family_reuse,C-EXTRA-TREES,complete,C-EXTRA-TREES-000,C-EXTRA-TREES-001,16,0.0,0.0,0.0
P03OUTER-cba0f32970069d840a9a2681,EXP-C09-T3,T3-ZS,cwa:Pendar-2,cwa,Pendar-2,2,3,standard,,complete,C-PCA-LDA-008,C-EXTRA-TREES-006,124,0.0,0.0,0.06666666666666665
P03OUTER-cba349b78c13be8f62e1c297,EXP-C10-T3,T3-ZS,surfaces:Pendar-3,surfaces,Pendar-3,4,3,fixed_family_reuse,C-PCA-LDA,complete,C-PCA-LDA-003,C-PCA-LDA-002,6,0.023809523809523836,0.028571428571428525,-0.009508547008546975
P03OUTER-cbb8a7a9e760110570473c07,EXP-C10-T3,T3-ZS,pills:Agilent-3,pills,Agilent-3,2,2,fixed_family_reuse,C-RANDOM-FOREST,complete,C-RANDOM-FOREST-000,C-RANDOM-FOREST-001,16,0.0,0.0,0.0
P03OUTER-cbb8f99a0e67eb5ca8b20469,EXP-C10-T3,T3-ZS,pills:Agilent-1,pills,Agilent-1,1,2,fixed_family_reuse,C-RBF-SVM,complete,C-RBF-SVM-012,C-RBF-SVM-014,36,0.0,0.0,0.0
P03OUTER-cbf9c10ba15cbd7946a63144,EXP-C10-T3,T3-ZS,pills:Pendar-3,pills,Pendar-3,5,3,fixed_family_reuse,C-RBF-SVM,complete,C-RBF-SVM-012,C-RBF-SVM-014,36,0.0,0.0,0.0
P03OUTER-cc5c6f252e57159396ac264f,EXP-C10-T3,T3-ZS,cwa:Pendar-2,cwa,Pendar-2,3,2,fixed_family_reuse,C-RBF-SVM,complete,C-RBF-SVM-025,C-RBF-SVM-019,36,0.05555555555555558,0.0,0.07777777777777772
P03OUTER-cc8d57649c14208eb2e990be,EXP-C09-T3,T3-ZS,surfaces:Pendar-3,surfaces,Pendar-3,5,2,standard,,complete,C-RANDOM-FOREST-004,C-RANDOM-FOREST-013,119,0.0,0.0,0.0
P03OUTER-cc8dc7a37ef43924e18018ab,EXP-C12-CORAL,T3-ZS,surfaces:RMX-2,surfaces,RMX-2,1,3,source_covariance,,unavailable,,,0,,,
P03OUTER-cca623ba95dc3a53ef764529,EXP-C07-T1,T1-SURF,surfaces:within,surfaces,not_applicable,5,1,standard,,complete,C-RANDOM-FOREST-000,C-RANDOM-FOREST-002,16,0.0,0.0,0.0
P03OUTER-ccbb98333b3a9a90c12c8ea8,EXP-C10-T3,T3-ZS,cwa:Pendar-2,cwa,Pendar-2,5,2,fixed_family_reuse,C-EXTRA-TREES,complete,C-EXTRA-TREES-009,C-EXTRA-TREES-013,16,0.0,0.0,0.0
P03OUTER-ccce0a47a93ff4bab3a92143,EXP-C12-CORAL,T3-ZS,pills:Pendar-1,pills,Pendar-1,1,0,source_covariance,,unavailable,,,0,,,
P03OUTER-cce57a14a23efdf9c4ec858c,EXP-C12-CORAL,T3-ZS,pills:Pendar-1,pills,Pendar-1,1,1,source_covariance,,unavailable,,,0,,,
P03OUTER-ccf49804718381b61b113bc1,EXP-C10-T3,T3-ZS,cwa:Pendar-2,cwa,Pendar-2,2,0,fixed_family_reuse,C-EXTRA-TREES,complete,C-EXTRA-TREES-002,C-EXTRA-TREES-015,16,0.030864197530864224,-0.07407407407407407,0.02874779541446215
P03OUTER-ccf71820bc4faa8ce756f0e0,EXP-C08-T1,T1-PILLS,pills:within,pills,not_applicable,2,1,standard,,complete,C-EXTRA-TREES-000,C-EXTRA-TREES-001,16,0.0,0.0,0.0
P03OUTER-ccfc4c91f911c21cc213f04e,EXP-C10-T3,T3-ZS,pills:Mira-3,pills,Mira-3,2,3,fixed_family_reuse,C-EXTRA-TREES,complete,C-EXTRA-TREES-000,C-EXTRA-TREES-001,16,0.0,0.0,0.0
P03OUTER-cd2171875a6bbfdd30792ae2,EXP-C10-T3,T3-ZS,pills:Agilent-1,pills,Agilent-1,5,3,fixed_family_reuse,C-PCA-LDA,complete,C-PCA-LDA-004,C-PCA-LDA-005,10,0.0,0.0,0.0
P03OUTER-cd904dbcbdcb90dabbcb0f0f,EXP-C09-T3,T3-ZS,surfaces:Pendar-2,surfaces,Pendar-2,4,2,standard,,complete,C-LOGREG-EN-016,C-LOGREG-EN-017,111,0.08333333333333337,0.25,0.05890652557319226
P03OUTER-cd96c7366332e08f5cdc8890,EXP-C10-T3,T3-ZS,surfaces:Pendar-2,surfaces,Pendar-2,5,3,fixed_family_reuse,C-RBF-SVM,complete,C-RBF-SVM-024,C-RBF-SVM-030,36,0.0,0.0,0.0
P03OUTER-ce3321f06b9fcb31efdba351,EXP-C10-T3,T3-ZS,surfaces:RMX-2,surfaces,RMX-2,2,2,fixed_family_reuse,C-RBF-SVM,complete,C-RBF-SVM-025,C-RBF-SVM-031,36,0.0,0.0,0.0
P03OUTER-ce5e850d9acef929e0bece78,EXP-C09-CONTROL-META,T3-ZS,surfaces:RMX-2,surfaces,RMX-2,5,3,metadata_control,,complete,CTRL-META-C-LOGREG-EN-014,CTRL-META-C-LOGREG-EN-021,26,0.0,0.0,0.015594541910331411
P03OUTER-ce76d29892af80e4284f52d7,EXP-C09-T3,T3-ZS,pills:Mira-3,pills,Mira-3,4,0,standard,,complete,C-SPECTRAL-MATCH-000,C-PLS-DA-000,125,0.0,0.0,0.0
P03OUTER-cea1f7bab58423081e70b5b2,EXP-C10-T3,T3-ZS,surfaces:Pendar-3,surfaces,Pendar-3,3,1,fixed_family_reuse,C-RANDOM-FOREST,complete,C-RANDOM-FOREST-009,C-RANDOM-FOREST-008,16,0.0,0.0,0.002450980392156854
P03OUTER-ceb32078354df6c28d51d73d,EXP-C12-CORAL,T3-ZS,surfaces:RMX-2,surfaces,RMX-2,4,0,source_covariance,,unavailable,,,0,,,
P03OUTER-cef76cab71984f112d947bac,EXP-C10-T3,T3-ZS,cwa:Mira-2,cwa,Mira-2,2,0,fixed_family_reuse,C-EXTRA-TREES,complete,C-EXTRA-TREES-015,C-EXTRA-TREES-014,16,0.01851851851851849,0.0,0.028218694885361606
P03OUTER-cf0dcf9aa0d2608f0e812f5b,EXP-C10-T3,T3-ZS,surfaces:Pendar-3,surfaces,Pendar-3,4,3,fixed_family_reuse,C-RBF-SVM,complete,C-RBF-SVM-020,C-RBF-SVM-026,36,0.0,0.0,0.0
P03OUTER-cf19ac5397e3b0878ef8eca7,EXP-C10-T3,T3-ZS,pills:Agilent-3,pills,Agilent-3,5,1,fixed_family_reuse,C-PCA-LDA,complete,C-PCA-LDA-006,C-PCA-LDA-007,10,0.0,0.0,0.0
P03OUTER-cf1c8ab5a0ff281c55eb675f,EXP-C01-T1,T1-CWA,cwa:within,cwa,not_applicable,1,3,standard,,complete,C-SPECTRAL-MATCH-001,C-SPECTRAL-MATCH-002,3,0.0,0.0,0.0
P03OUTER-cf26954a47a3bc810a99b96a,EXP-C02-T1,T1-PILLS,pills:within,pills,not_applicable,5,1,standard,,complete,C-NEAREST-CENTROID-000,C-NEAREST-CENTROID-001,8,0.0,0.0,0.0
P03OUTER-cf3109c8d9592b6e1630895a,EXP-C12-CORAL,T3-ZS,cwa:Pendar-2,cwa,Pendar-2,1,0,source_covariance,,complete,CORAL-C-RBF-SVM-013,CORAL-C-PCA-LDA-003,46,0.02777777777777779,-0.16666666666666669,0.0
P03OUTER-cf97b24b50314e780265e79a,EXP-C09-CONTROL-META,T3-ZS,surfaces:Mira-1,surfaces,Mira-1,4,1,metadata_control,,complete,CTRL-META-C-LOGREG-EN-009,CTRL-META-C-LOGREG-EN-011,19,0.0,0.0,0.02777777777777779
P03OUTER-cfc510daf8485ac9e0343d4a,EXP-C10-T3,T3-ZS,pills:Agilent-3,pills,Agilent-3,5,3,fixed_family_reuse,C-EXTRA-TREES,complete,C-EXTRA-TREES-000,C-EXTRA-TREES-001,16,0.0,0.0,0.0
P03OUTER-cfde4cbdb67988566f96fb51,EXP-C12-CORAL,T3-ZS,pills:Pendar-1,pills,Pendar-1,2,3,source_covariance,,unavailable,,,0,,,
P03OUTER-cfe108d954afd83810e4e8a9,EXP-C12-CORAL,T3-ZS,cwa:Pendar-2,cwa,Pendar-2,3,0,source_covariance,,complete,CORAL-C-PCA-LDA-007,CORAL-C-PCA-LDA-005,46,0.05555555555555547,0.0,0.023809523809523725
P03OUTER-cfec42f1010cd2a5b8ac9520,EXP-C10-T3,T3-ZS,cwa:Pendar-2,cwa,Pendar-2,2,3,fixed_family_reuse,C-PCA-LDA,complete,C-PCA-LDA-008,C-PCA-LDA-009,8,0.08333333333333326,0.16666666666666663,0.12698412698412698
P03OUTER-d007e26097b053419722f08d,EXP-C10-T3,T3-ZS,pills:Agilent-1,pills,Agilent-1,3,1,fixed_family_reuse,C-EXTRA-TREES,complete,C-EXTRA-TREES-000,C-EXTRA-TREES-001,16,0.0,0.0,0.0
P03OUTER-d00905db3d4cc39cb99f1254,EXP-C10-T3,T3-ZS,surfaces:Mira-1,surfaces,Mira-1,1,1,fixed_family_reuse,C-EXTRA-TREES,complete,C-EXTRA-TREES-006,C-EXTRA-TREES-010,16,0.0,0.0,0.01565656565656559
P03OUTER-d03a945fc8c4528848c26c30,EXP-C12-CORAL,T3-ZS,pills:Pendar-1,pills,Pendar-1,5,2,source_covariance,,unavailable,,,0,,,
P03OUTER-d058320ee4167864bf7a57e2,EXP-C10-T3,T3-ZS,surfaces:Pendar-2,surfaces,Pendar-2,4,0,fixed_family_reuse,C-RBF-SVM,complete,C-RBF-SVM-018,C-RBF-SVM-020,36,0.0,0.0,0.0
P03OUTER-d05fbc54c54c5bc7f64893d5,EXP-C10-T3,T3-ZS,cwa:Pendar-2,cwa,Pendar-2,3,1,fixed_family_reuse,C-RBF-SVM,complete,C-RBF-SVM-019,C-RBF-SVM-012,36,0.08333333333333337,-0.16666666666666674,0.15555555555555556
P03OUTER-d06752fb8d12e6ed15ef13f4,EXP-C09-CONTROL-META,T3-ZS,surfaces:Pendar-2,surfaces,Pendar-2,4,1,metadata_control,,complete,CTRL-META-C-LOGREG-EN-000,CTRL-META-C-LOGREG-EN-005,30,0.0,0.0,0.0
P03OUTER-d071f60914ba8d511b343bc4,EXP-C12-CORAL,T3-ZS,cwa:Pendar-2,cwa,Pendar-2,5,0,source_covariance,,complete,CORAL-C-PCA-LDA-002,CORAL-C-RBF-SVM-019,46,0.16666666666666674,0.0,0.13968253968253969
P03OUTER-d0b9edc47bdccf7f57660388,EXP-C07-T1,T1-CWA,cwa:within,cwa,not_applicable,1,3,standard,,complete,C-RANDOM-FOREST-000,C-RANDOM-FOREST-001,16,0.0,0.0,0.0
P03OUTER-d0d2b9c82e79b52469aa323f,EXP-C09-CONTROL-META,T3-ZS,pills:Agilent-1,pills,Agilent-1,4,2,metadata_control,,complete,CTRL-META-C-LOGREG-EN-000,CTRL-META-C-LOGREG-EN-005,15,0.0,0.0,0.025925925925925963
P03OUTER-d0ec08b7adb62c1440b2eec2,EXP-C10-T3,T3-ZS,cwa:Mira-2,cwa,Mira-2,5,2,fixed_family_reuse,C-RBF-SVM,complete,C-RBF-SVM-018,C-RBF-SVM-024,36,0.0,0.0,0.0
P03OUTER-d10fc67b268ee52c42d3e5bd,EXP-C10-T3,T3-ZS,cwa:Mira-2,cwa,Mira-2,5,0,fixed_family_reuse,C-RANDOM-FOREST,complete,C-RANDOM-FOREST-005,C-RANDOM-FOREST-006,16,0.0,0.0,0.0
P03OUTER-d112bdcdb6332513bba02d53,EXP-C10-T3,T3-ZS,pills:Agilent-1,pills,Agilent-1,1,2,fixed_family_reuse,C-EXTRA-TREES,complete,C-EXTRA-TREES-000,C-EXTRA-TREES-001,16,0.0,0.0,0.0
P03OUTER-d11c402a7a149744a91ccaf5,EXP-C06-T1,T1-CWA,cwa:within,cwa,not_applicable,5,3,standard,,complete,C-RBF-SVM-025,C-RBF-SVM-026,36,0.03703703703703709,0.0,0.05555555555555558
P03OUTER-d131c80abf98d673d057ffa2,EXP-C05-T1,T1-SURF,surfaces:within,surfaces,not_applicable,3,0,standard,,complete,C-LOGREG-EN-000,C-LOGREG-EN-005,29,0.0,0.0,0.0
P03OUTER-d140dab9fb8a1110961df683,EXP-C10-T3,T3-ZS,surfaces:Mira-1,surfaces,Mira-1,3,0,fixed_family_reuse,C-RANDOM-FOREST,complete,C-RANDOM-FOREST-000,C-RANDOM-FOREST-001,16,0.0,0.0,0.0
P03OUTER-d1632aa7578bfca65f6c7103,EXP-C12-CORAL,T3-ZS,cwa:RMX-1,cwa,RMX-1,3,0,source_covariance,,complete,CORAL-C-PCA-LDA-007,CORAL-C-RBF-SVM-013,46,0.08333333333333331,0.055555555555555636,0.005555555555555591
P03OUTER-d1664a5456278d57ce5520ad,EXP-C09-CONTROL-META,T3-ZS,cwa:Mira-2,cwa,Mira-2,5,3,metadata_control,,complete,CTRL-META-C-LOGREG-EN-015,CTRL-META-C-LOGREG-EN-000,30,0.08333333333333337,0.0,0.019841269841269882
P03OUTER-d16c60bfc12df92eb5d588dd,EXP-C10-T3,T3-ZS,pills:Pendar-3,pills,Pendar-3,3,1,fixed_family_reuse,C-PCA-LDA,complete,C-PCA-LDA-002,C-PCA-LDA-003,10,0.0,0.0,0.0
P03OUTER-d1d17bedc7adc1a09457888b,EXP-C10-T3,T3-ZS,cwa:Mira-2,cwa,Mira-2,5,1,fixed_family_reuse,C-PCA-LDA,complete,C-PCA-LDA-000,C-PCA-LDA-001,10,0.08333333333333326,0.16666666666666669,0.061111111111111116
P03OUTER-d1d691258a3de267bf16bd8f,EXP-C01-T1,T1-SURF,surfaces:within,surfaces,not_applicable,3,1,standard,,complete,C-SPECTRAL-MATCH-001,C-SPECTRAL-MATCH-000,3,0.0,0.0,0.022222222222222143
P03OUTER-d1e6ce317de57d9f87bb6ee8,EXP-C07-T1,T1-SURF,surfaces:within,surfaces,not_applicable,5,2,standard,,complete,C-RANDOM-FOREST-000,C-RANDOM-FOREST-001,16,0.0,0.0,0.0
P03OUTER-d23b57e97a04d664164bbefe,EXP-C09-T3,T3-ZS,pills:Mira-3,pills,Mira-3,2,1,standard,,complete,C-SPECTRAL-MATCH-000,C-PLS-DA-000,124,0.0,0.0,0.0
P03OUTER-d23fe2396d54605edc7c46b6,EXP-C09-T3,T3-ZS,pills:Mira-3,pills,Mira-3,4,1,standard,,complete,C-SPECTRAL-MATCH-000,C-PLS-DA-000,124,0.0,0.0,0.0
P03OUTER-d247f973ecb15b2337d5a303,EXP-C10-T3,T3-ZS,pills:Pendar-1,pills,Pendar-1,1,2,fixed_family_reuse,C-EXTRA-TREES,complete,C-EXTRA-TREES-000,C-EXTRA-TREES-001,16,0.0,0.0,0.0
P03OUTER-d2503ea031bf1d738222e358,EXP-C10-T3,T3-ZS,surfaces:Pendar-3,surfaces,Pendar-3,3,1,fixed_family_reuse,C-PCA-LDA,complete,C-PCA-LDA-003,C-PCA-LDA-002,6,0.13333333333333341,0.12222222222222229,0.058119658119658135
P03OUTER-d255467d88c99574b49e1a08,EXP-C10-T3,T3-ZS,cwa:Mira-2,cwa,Mira-2,3,0,fixed_family_reuse,C-RANDOM-FOREST,complete,C-RANDOM-FOREST-000,C-RANDOM-FOREST-002,16,0.0,0.0,0.0
P03OUTER-d280d050625e93df32c7a003,EXP-C02-T1,T1-PILLS,pills:within,pills,not_applicable,2,1,standard,,complete,C-NEAREST-CENTROID-000,C-NEAREST-CENTROID-001,8,0.0,0.0,0.0
P03OUTER-d2ae31de51bb5abe778b5f90,EXP-C09-T3,T3-ZS,pills:Pendar-1,pills,Pendar-1,4,0,standard,,complete,C-PLS-DA-000,C-LOGREG-EN-000,122,0.0,0.0,0.0
P03OUTER-d2b952dfcfb84ec7a33a4f8f,EXP-C09-CONTROL-META,T3-ZS,pills:Pendar-1,pills,Pendar-1,4,3,metadata_control,,complete,CTRL-META-C-LOGREG-EN-005,CTRL-META-C-LOGREG-EN-016,19,0.05555555555555558,0.0,-0.0661375661375661
P03OUTER-d2daddf5262b61df0e18c978,EXP-C03-T1,T1-SURF,surfaces:within,surfaces,not_applicable,2,0,standard,,complete,C-PCA-LDA-004,C-PCA-LDA-005,10,0.0,0.0,0.0
P03OUTER-d2ddf1627d548870e9a9f8bb,EXP-C03-T1,T1-CWA,cwa:within,cwa,not_applicable,4,2,standard,,complete,C-PCA-LDA-006,C-PCA-LDA-008,10,0.07407407407407407,0.2222222222222222,0.049206349206349254
P03OUTER-d2f6f8082134ae0247c8a040,EXP-C06-T1,T1-SURF,surfaces:within,surfaces,not_applicable,2,3,standard,,complete,C-RBF-SVM-014,C-RBF-SVM-019,36,0.0,0.0,0.0
P03OUTER-d30e12d78fbe728764d583cb,EXP-C10-T3,T3-ZS,pills:Agilent-1,pills,Agilent-1,5,1,fixed_family_reuse,C-RANDOM-FOREST,complete,C-RANDOM-FOREST-000,C-RANDOM-FOREST-001,16,0.0,0.0,0.0
P03OUTER-d32811fb5e52274f6a132df5,EXP-C10-T3,T3-ZS,pills:Agilent-3,pills,Agilent-3,2,1,fixed_family_reuse,C-RBF-SVM,complete,C-RBF-SVM-012,C-RBF-SVM-014,36,0.0,0.0,0.0
P03OUTER-d38735a1991a351e36a7dc76,EXP-C10-T3,T3-ZS,surfaces:Mira-1,surfaces,Mira-1,1,3,fixed_family_reuse,C-PCA-LDA,complete,C-PCA-LDA-008,C-PCA-LDA-003,6,0.005555555555555536,0.1111111111111111,0.005399937752878892
P03OUTER-d3be8b6c00137cff9b224cdb,EXP-C10-T3,T3-ZS,pills:Agilent-3,pills,Agilent-3,4,2,fixed_family_reuse,C-RBF-SVM,complete,C-RBF-SVM-012,C-RBF-SVM-014,36,0.0,0.0,0.0
P03OUTER-d3f672dc6fc2cf60725ded22,EXP-C09-CONTROL-META,T3-ZS,surfaces:Agilent-3,surfaces,Agilent-3,1,2,metadata_control,,complete,CTRL-META-C-LOGREG-EN-016,CTRL-META-C-LOGREG-EN-017,25,0.09259259259259256,0.2777777777777777,0.10000000000000003
P03OUTER-d4291458db63893c2ccbabc1,EXP-C10-T3,T3-ZS,surfaces:Agilent-3,surfaces,Agilent-3,4,2,fixed_family_reuse,C-PCA-LDA,complete,C-PCA-LDA-002,C-PCA-LDA-003,6,0.011904761904761862,0.20238095238095244,-0.034530284530284505
P03OUTER-d439b1503f1496682d26995d,EXP-C10-T3,T3-ZS,surfaces:RMX-2,surfaces,RMX-2,3,2,fixed_family_reuse,C-RANDOM-FOREST,complete,C-RANDOM-FOREST-001,C-RANDOM-FOREST-005,16,0.0,0.0,0.0
P03OUTER-d44d81fea4a6b47048c8a1e5,EXP-C10-T3,T3-ZS,cwa:RMX-1,cwa,RMX-1,5,2,fixed_family_reuse,C-RBF-SVM,complete,C-RBF-SVM-018,C-RBF-SVM-024,36,0.02777777777777768,0.0,0.0182539682539683
P03OUTER-d4b122037e40bbe08f627f07,EXP-C10-T3,T3-ZS,cwa:Mira-2,cwa,Mira-2,1,3,fixed_family_reuse,C-RBF-SVM,complete,C-RBF-SVM-026,C-RBF-SVM-032,36,0.0,0.0,0.0
P03OUTER-d4c061dbb3ebddec097e896a,EXP-C10-T3,T3-ZS,cwa:Mira-2,cwa,Mira-2,1,1,fixed_family_reuse,C-EXTRA-TREES,complete,C-EXTRA-TREES-007,C-EXTRA-TREES-015,16,0.0,0.0,0.0
P03OUTER-d4f77b9f0b843b82dd13adec,EXP-C07-T1,T1-PILLS,pills:within,pills,not_applicable,2,1,standard,,complete,C-RANDOM-FOREST-000,C-RANDOM-FOREST-001,16,0.0,0.0,0.0
P03OUTER-d5096582e418ffc188129cfa,EXP-C09-CONTROL-META,T3-ZS,cwa:RMX-1,cwa,RMX-1,4,3,metadata_control,,complete,CTRL-META-C-LOGREG-EN-023,CTRL-META-C-LOGREG-EN-028,29,0.0,0.0,0.0
P03OUTER-d5150d61b62dea5ff64042e0,EXP-C10-T3,T3-ZS,surfaces:Pendar-3,surfaces,Pendar-3,1,2,fixed_family_reuse,C-PCA-LDA,complete,C-PCA-LDA-004,C-PCA-LDA-005,10,0.0,0.0,0.0
P03OUTER-d54ce910132c2bd9c69c886d,EXP-C09-CONTROL-META,T3-ZS,surfaces:RMX-2,surfaces,RMX-2,5,2,metadata_control,,complete,CTRL-META-C-LOGREG-EN-000,CTRL-META-C-LOGREG-EN-012,24,0.0,0.0,0.0
P03OUTER-d55754a3182a2faae739295d,EXP-C09-CONTROL-META,T3-ZS,cwa:Pendar-2,cwa,Pendar-2,3,1,metadata_control,,complete,CTRL-META-C-LOGREG-EN-000,CTRL-META-C-LOGREG-EN-005,30,0.0,0.0,0.0
P03OUTER-d566944f5a1725be07847e81,EXP-C09-CONTROL-META,T3-ZS,surfaces:Pendar-3,surfaces,Pendar-3,4,3,metadata_control,,complete,CTRL-META-C-LOGREG-EN-000,CTRL-META-C-LOGREG-EN-007,18,0.0,0.0,0.0
P03OUTER-d5a31df6b5336da69c449ec6,EXP-C08-T1,T1-CWA,cwa:within,cwa,not_applicable,5,1,standard,,complete,C-EXTRA-TREES-006,C-EXTRA-TREES-007,16,0.0,0.0,0.0037037037037036535
P03OUTER-d5c6c8f397900e363b6ae1f0,EXP-C06-T1,T1-CWA,cwa:within,cwa,not_applicable,3,3,standard,,complete,C-RBF-SVM-025,C-RBF-SVM-019,36,1.1102230246251565e-16,0.16666666666666674,0.0370370370370372
P03OUTER-d5f16e778d198a283bfcdc5f,EXP-C12-CORAL,T3-ZS,pills:Pendar-1,pills,Pendar-1,5,1,source_covariance,,unavailable,,,0,,,
P03OUTER-d5f7f337fe719c11cd28e37e,EXP-C09-T3,T3-ZS,pills:Agilent-1,pills,Agilent-1,1,2,standard,,complete,C-NEAREST-CENTROID-000,C-PLS-DA-000,124,0.0,0.0,0.0
P03OUTER-d61bb05f0ce857428cdfd2f6,EXP-C12-CORAL,T3-ZS,surfaces:Pendar-2,surfaces,Pendar-2,3,0,source_covariance,,unavailable,,,0,,,
P03OUTER-d64b6f292c9e7169a75dc263,EXP-C10-T3,T3-ZS,cwa:Mira-2,cwa,Mira-2,4,3,fixed_family_reuse,C-RANDOM-FOREST,complete,C-RANDOM-FOREST-003,C-RANDOM-FOREST-002,16,0.01851851851851849,0.0,0.030423280423280408
P03OUTER-d6604d67609686613d292256,EXP-C03-T1,T1-SURF,surfaces:within,surfaces,not_applicable,3,0,standard,,complete,C-PCA-LDA-007,C-PCA-LDA-006,10,0.03703703703703709,0.0,0.0444444444444444
P03OUTER-d682947dfa4cb1e5b8cfdc3e,EXP-C09-CONTROL-META,T3-ZS,surfaces:Mira-1,surfaces,Mira-1,1,1,metadata_control,,complete,CTRL-META-C-LOGREG-EN-000,CTRL-META-C-LOGREG-EN-001,23,0.0,0.0,0.0
P03OUTER-d6b0a0e0e6f6e2ffd853671b,EXP-C10-T3,T3-ZS,cwa:RMX-1,cwa,RMX-1,1,0,fixed_family_reuse,C-RBF-SVM,complete,C-RBF-SVM-024,C-RBF-SVM-025,36,0.08333333333333337,0.16666666666666669,0.08888888888888885
P03OUTER-d6b0dfee35896749eb4accfc,EXP-C10-T3,T3-ZS,surfaces:Agilent-3,surfaces,Agilent-3,1,0,fixed_family_reuse,C-PCA-LDA,complete,C-PCA-LDA-003,C-PCA-LDA-002,6,0.033333333333333326,0.2,-0.03343508343508339
P03OUTER-d6d97624557f7072f31b7214,EXP-C10-T3,T3-ZS,cwa:Pendar-2,cwa,Pendar-2,3,3,fixed_family_reuse,C-RANDOM-FOREST,complete,C-RANDOM-FOREST-001,C-RANDOM-FOREST-002,16,0.0,0.0,0.0
P03OUTER-d77517725bc0a0cbc8320d36,EXP-C10-T3,T3-ZS,pills:Pendar-3,pills,Pendar-3,2,1,fixed_family_reuse,C-EXTRA-TREES,complete,C-EXTRA-TREES-000,C-EXTRA-TREES-001,16,0.0,0.0,0.0
P03OUTER-d783b4852f9e71ebcebbf2f8,EXP-C10-T3,T3-ZS,pills:Mira-3,pills,Mira-3,4,2,fixed_family_reuse,C-PCA-LDA,complete,C-PCA-LDA-004,C-PCA-LDA-005,10,0.0,0.0,0.0
P03OUTER-d7ba34f011a56795afadc1d1,EXP-C01-T1,T1-PILLS,pills:within,pills,not_applicable,2,1,standard,,complete,C-SPECTRAL-MATCH-000,C-SPECTRAL-MATCH-001,3,0.0,0.0,0.0
P03OUTER-d7cff814a3adff110c45556b,EXP-C06-T1,T1-PILLS,pills:within,pills,not_applicable,2,2,standard,,complete,C-RBF-SVM-012,C-RBF-SVM-013,36,0.0,0.0,0.0
P03OUTER-d7dd42d9ad4618681bbf903c,EXP-C10-T3,T3-ZS,cwa:RMX-1,cwa,RMX-1,2,2,fixed_family_reuse,C-RBF-SVM,complete,C-RBF-SVM-014,C-RBF-SVM-012,36,0.02777777777777779,-0.1111111111111111,-0.012962962962962954
P03OUTER-d83146365c28fd574db294be,EXP-C04-T1,T1-CWA,cwa:within,cwa,not_applicable,2,2,standard,,complete,C-PLS-DA-004,C-PLS-DA-002,5,0.0370370370370372,0.0,0.04444444444444462
P03OUTER-d8330b470b5a3b22c808ec9f,EXP-C10-T3,T3-ZS,surfaces:Pendar-3,surfaces,Pendar-3,3,2,fixed_family_reuse,C-EXTRA-TREES,complete,C-EXTRA-TREES-000,C-EXTRA-TREES-006,16,0.04629629629629628,0.16666666666666669,0.035837936573230755
P03OUTER-d87f64133f6a9cacdcdd8ff0,EXP-C10-T3,T3-ZS,surfaces:Pendar-3,surfaces,Pendar-3,4,1,fixed_family_reuse,C-RANDOM-FOREST,complete,C-RANDOM-FOREST-005,C-RANDOM-FOREST-008,16,0.0,0.0,0.0009157509157509125
P03OUTER-d89e3f9d315aa64f25b9fc37,EXP-C10-T3,T3-ZS,cwa:Pendar-2,cwa,Pendar-2,4,2,fixed_family_reuse,C-RBF-SVM,complete,C-RBF-SVM-012,C-RBF-SVM-000,36,0.0,0.0,0.011904761904761918
P03OUTER-d8ae17e06a5b45875f0db44c,EXP-C10-T3,T3-ZS,cwa:RMX-1,cwa,RMX-1,4,2,fixed_family_reuse,C-EXTRA-TREES,complete,C-EXTRA-TREES-013,C-EXTRA-TREES-010,16,0.0,0.05555555555555554,5.551115123125783e-17
P03OUTER-d8b39dc77279952a642ea90e,EXP-C10-T3,T3-ZS,cwa:Pendar-2,cwa,Pendar-2,5,2,fixed_family_reuse,C-RBF-SVM,complete,C-RBF-SVM-013,C-RBF-SVM-012,36,0.05555555555555547,0.1111111111111111,0.08333333333333337
P03OUTER-d8bccbb1ec0ebb4f3e1d8ba7,EXP-C10-T3,T3-ZS,surfaces:RMX-2,surfaces,RMX-2,1,0,fixed_family_reuse,C-RANDOM-FOREST,complete,C-RANDOM-FOREST-000,C-RANDOM-FOREST-008,16,0.0,0.0,0.0
P03OUTER-d8f7b7ea07e87f31d8c1b52c,EXP-C03-T1,T1-PILLS,pills:within,pills,not_applicable,2,2,standard,,complete,C-PCA-LDA-002,C-PCA-LDA-003,10,0.0,0.0,0.0
P03OUTER-d9030d27eea9b091b22b3f0d,EXP-C09-CONTROL-META,T3-ZS,surfaces:RMX-2,surfaces,RMX-2,3,0,metadata_control,,complete,CTRL-META-C-LOGREG-EN-013,CTRL-META-C-LOGREG-EN-004,21,0.0,0.0,0.010185185185185186
P03OUTER-d914684af76e25a91750bba1,EXP-C12-CORAL,T3-ZS,cwa:Pendar-2,cwa,Pendar-2,1,2,source_covariance,,unavailable,,,0,,,
P03OUTER-d9195b4b950383e1e5abb8c7,EXP-C10-T3,T3-ZS,cwa:Pendar-2,cwa,Pendar-2,1,0,fixed_family_reuse,C-EXTRA-TREES,complete,C-EXTRA-TREES-006,C-EXTRA-TREES-014,16,0.0,0.0,0.0
P03OUTER-d93c0dceb33427db1b9f21d2,EXP-C08-T1,T1-CWA,cwa:within,cwa,not_applicable,1,3,standard,,complete,C-EXTRA-TREES-015,C-EXTRA-TREES-001,16,0.0,0.16666666666666674,0.030687830687830764
P03OUTER-d965e3f389328204ad421e99,EXP-C09-T3,T3-ZS,surfaces:Pendar-2,surfaces,Pendar-2,2,2,standard,,complete,C-NEAREST-CENTROID-003,C-LOGREG-EN-016,112,0.0,0.0,0.001492334825668129
P03OUTER-d96ad72c285dd9a7d3911df3,EXP-C02-T1,T1-CWA,cwa:within,cwa,not_applicable,5,2,standard,,complete,C-NEAREST-CENTROID-005,C-NEAREST-CENTROID-000,8,0.0,0.0,0.006878306878306928
P03OUTER-d9718e8e214e0a42dfad66dd,EXP-C12-CORAL,T3-ZS,pills:Agilent-1,pills,Agilent-1,3,0,source_covariance,,unavailable,,,0,,,
P03OUTER-d979915a768fdce0ddc24f84,EXP-C10-T3,T3-ZS,pills:Pendar-1,pills,Pendar-1,2,2,fixed_family_reuse,C-RBF-SVM,complete,C-RBF-SVM-012,C-RBF-SVM-014,36,0.0,0.0,0.0
P03OUTER-d9806d9b2df39edccd28ea3b,EXP-C10-T3,T3-ZS,surfaces:Mira-1,surfaces,Mira-1,3,1,fixed_family_reuse,C-RBF-SVM,complete,C-RBF-SVM-014,C-RBF-SVM-018,36,0.0,0.0,0.020707070707070674
P03OUTER-d989c07e807694a8fc3209a4,EXP-C08-T1,T1-CWA,cwa:within,cwa,not_applicable,4,2,standard,,complete,C-EXTRA-TREES-015,C-EXTRA-TREES-002,16,0.03703703703703698,0.0,0.03950617283950608
P03OUTER-d98a03c8a7bb657544ae5624,EXP-C10-T3,T3-ZS,cwa:RMX-1,cwa,RMX-1,1,0,fixed_family_reuse,C-RANDOM-FOREST,complete,C-RANDOM-FOREST-000,C-RANDOM-FOREST-004,16,0.0277777777777779,0.0,0.0444444444444444
P03OUTER-d98ebf023ec184eef095cd11,EXP-C10-T3,T3-ZS,pills:Agilent-1,pills,Agilent-1,5,3,fixed_family_reuse,C-RANDOM-FOREST,complete,C-RANDOM-FOREST-000,C-RANDOM-FOREST-001,16,0.0,0.0,0.0
P03OUTER-d9945d64c2030adf14a7bac0,EXP-C03-T1,T1-SURF,surfaces:within,surfaces,not_applicable,3,3,standard,,complete,C-PCA-LDA-007,C-PCA-LDA-008,10,0.0,0.0,0.0
P03OUTER-d9b88ee865314e5766b6bd00,EXP-C12-CORAL,T3-ZS,pills:Pendar-1,pills,Pendar-1,2,2,source_covariance,,unavailable,,,0,,,
P03OUTER-d9c3848a4bcb4e7e6dfdb46d,EXP-C07-T1,T1-PILLS,pills:within,pills,not_applicable,1,2,standard,,complete,C-RANDOM-FOREST-000,C-RANDOM-FOREST-001,16,0.0,0.0,0.0
P03OUTER-d9ccf5c16c75bfa63f9c8c1f,EXP-C08-T1,T1-SURF,surfaces:within,surfaces,not_applicable,2,3,standard,,complete,C-EXTRA-TREES-003,C-EXTRA-TREES-005,16,0.0,0.0,0.0
P03OUTER-d9d454c1963889bc0a3e6ec2,EXP-C12-CORAL,T3-ZS,surfaces:Pendar-3,surfaces,Pendar-3,3,1,source_covariance,,complete,CORAL-C-PCA-LDA-003,CORAL-C-RBF-SVM-001,42,0.09444444444444444,0.022222222222222254,0.21262626262626272
P03OUTER-d9fd4094882391c5e1c6d840,EXP-C10-T3,T3-ZS,pills:Pendar-1,pills,Pendar-1,5,1,fixed_family_reuse,C-RANDOM-FOREST,complete,C-RANDOM-FOREST-000,C-RANDOM-FOREST-001,16,0.0,0.0,0.0
P03OUTER-d9fe015fae83534a7fe9a5ef,EXP-C09-CONTROL-META,T3-ZS,surfaces:Pendar-3,surfaces,Pendar-3,5,3,metadata_control,,complete,CTRL-META-C-LOGREG-EN-005,CTRL-META-C-LOGREG-EN-016,22,0.0,0.0,0.0
P03OUTER-da509b13798e7eca78a5db92,EXP-C10-T3,T3-ZS,surfaces:Pendar-3,surfaces,Pendar-3,3,0,fixed_family_reuse,C-PCA-LDA,complete,C-PCA-LDA-002,C-PCA-LDA-003,6,0.033333333333333326,0.0,0.06410256410256404
P03OUTER-dac07fdde60ad94f62bd6916,EXP-C12-CORAL,T3-ZS,pills:Pendar-1,pills,Pendar-1,5,0,source_covariance,,unavailable,,,0,,,
P03OUTER-db1999dcf816a9d40c4e19e7,EXP-C05-T1,T1-SURF,surfaces:within,surfaces,not_applicable,4,0,standard,,complete,C-LOGREG-EN-000,C-LOGREG-EN-005,28,0.0,0.0,0.0
P03OUTER-db1d89dc04d4b5a07b27ae57,EXP-C09-T3,T3-ZS,surfaces:Agilent-3,surfaces,Agilent-3,2,0,standard,,complete,C-LOGREG-EN-019,C-LOGREG-EN-018,121,0.0,0.0,0.018181818181818077
P03OUTER-db1f5246cee8bb78e51b53a8,EXP-C12-CORAL,T3-ZS,cwa:Mira-2,cwa,Mira-2,1,0,source_covariance,,complete,CORAL-C-RBF-SVM-012,CORAL-C-RBF-SVM-026,46,0.02777777777777779,0.0,0.06428571428571428
P03OUTER-db2565ebf8946db7dd11897b,EXP-C12-CORAL,T3-ZS,pills:Mira-3,pills,Mira-3,3,3,source_covariance,,unavailable,,,0,,,
P03OUTER-db5b3f87766248c5db5a670d,EXP-C10-T3,T3-ZS,pills:Pendar-1,pills,Pendar-1,1,3,fixed_family_reuse,C-PCA-LDA,complete,C-PCA-LDA-004,C-PCA-LDA-005,10,0.0,0.0,0.0
P03OUTER-db5cad3d6fc8b4919bbcde88,EXP-C09-T3,T3-ZS,pills:Pendar-3,pills,Pendar-3,1,3,standard,,complete,C-PLS-DA-000,C-LOGREG-EN-000,125,0.0,0.0,0.0
P03OUTER-db6d4d4d43e0331aec38475c,EXP-C09-CONTROL-META,T3-ZS,cwa:Pendar-2,cwa,Pendar-2,2,0,metadata_control,,complete,CTRL-META-C-LOGREG-EN-013,CTRL-META-C-LOGREG-EN-015,30,0.0,0.3333333333333333,-0.06666666666666671
P03OUTER-db7587679fc2422eb204b148,EXP-C09-T3,T3-ZS,pills:Pendar-3,pills,Pendar-3,3,2,standard,,complete,C-PLS-DA-000,C-LOGREG-EN-000,125,0.0,0.0,0.0
P03OUTER-db9a8245d9470323e576e726,EXP-C12-CORAL,T3-ZS,surfaces:Pendar-3,surfaces,Pendar-3,5,3,source_covariance,,complete,CORAL-C-PCA-LDA-003,CORAL-C-RBF-SVM-002,42,0.20238095238095244,0.10000000000000009,0.12777777777777788
P03OUTER-dbc78d432f7b1fddf2b92127,EXP-C09-T3,T3-ZS,pills:Pendar-1,pills,Pendar-1,1,0,standard,,complete,C-PLS-DA-000,C-LOGREG-EN-000,124,0.0,0.0,0.0
P03OUTER-dc0afc82f259a9c785ff945c,EXP-C10-T3,T3-ZS,surfaces:RMX-2,surfaces,RMX-2,4,0,fixed_family_reuse,C-RANDOM-FOREST,complete,C-RANDOM-FOREST-000,C-RANDOM-FOREST-001,16,0.0,0.0,0.0
P03OUTER-dc170a4492194d1aa9b28c26,EXP-C06-T1,T1-PILLS,pills:within,pills,not_applicable,5,0,standard,,complete,C-RBF-SVM-012,C-RBF-SVM-013,36,0.0,0.0,0.0
P03OUTER-dc276e24c454c28bfc2679cc,EXP-C10-T3,T3-ZS,surfaces:Agilent-3,surfaces,Agilent-3,2,1,fixed_family_reuse,C-PCA-LDA,complete,C-PCA-LDA-004,C-PCA-LDA-005,10,0.0,0.0,0.0
P03OUTER-dc280eca81060e1fb5c5ab8e,EXP-C07-T1,T1-PILLS,pills:within,pills,not_applicable,1,3,standard,,complete,C-RANDOM-FOREST-000,C-RANDOM-FOREST-001,16,0.0,0.0,0.0
P03OUTER-dc3c4628b218234f18364dba,EXP-C12-CORAL,T3-ZS,cwa:RMX-1,cwa,RMX-1,4,1,source_covariance,,unavailable,,,0,,,
P03OUTER-dc924aefd8bad90f7c64aa73,EXP-C04-T1,T1-CWA,cwa:within,cwa,not_applicable,3,1,standard,,complete,C-PLS-DA-003,C-PLS-DA-004,5,0.0,0.0,0.0
P03OUTER-dc9297cf89a35884670c26a0,EXP-C10-T3,T3-ZS,pills:Pendar-1,pills,Pendar-1,4,1,fixed_family_reuse,C-RANDOM-FOREST,complete,C-RANDOM-FOREST-000,C-RANDOM-FOREST-001,16,0.0,0.0,0.0
P03OUTER-dcb8790e5a0eff6a98f02022,EXP-C05-T1,T1-PILLS,pills:within,pills,not_applicable,5,2,standard,,complete,C-LOGREG-EN-000,C-LOGREG-EN-005,27,0.0,0.0,0.0
P03OUTER-dcd152e9318211cad1a023f0,EXP-C10-T3,T3-ZS,pills:Pendar-3,pills,Pendar-3,1,1,fixed_family_reuse,C-EXTRA-TREES,complete,C-EXTRA-TREES-000,C-EXTRA-TREES-001,16,0.0,0.0,0.0
P03OUTER-dce98bbea2eeac51006a9b82,EXP-C10-T3,T3-ZS,surfaces:Mira-1,surfaces,Mira-1,4,3,fixed_family_reuse,C-PCA-LDA,complete,C-PCA-LDA-008,C-PCA-LDA-000,6,0.11904761904761907,0.2380952380952382,0.07645502645502644
P03OUTER-dd04e6b264f5e37c1d50f73a,EXP-C09-CONTROL-META,T3-ZS,pills:Agilent-1,pills,Agilent-1,1,2,metadata_control,,complete,CTRL-META-C-LOGREG-EN-005,CTRL-META-C-LOGREG-EN-010,23,0.0,0.0,0.0
P03OUTER-dda36ab12170da92d739856c,EXP-C10-T3,T3-ZS,pills:Mira-3,pills,Mira-3,5,0,fixed_family_reuse,C-RANDOM-FOREST,complete,C-RANDOM-FOREST-000,C-RANDOM-FOREST-001,16,0.0,0.0,0.0
P03OUTER-ddb86498d0e35ba46399a6f2,EXP-C10-T3,T3-ZS,surfaces:RMX-2,surfaces,RMX-2,5,0,fixed_family_reuse,C-RANDOM-FOREST,complete,C-RANDOM-FOREST-002,C-RANDOM-FOREST-003,16,0.0,0.0,0.0
P03OUTER-de12748f65f248072fcdf32e,EXP-C12-CORAL,T3-ZS,pills:Pendar-3,pills,Pendar-3,4,0,source_covariance,,unavailable,,,0,,,
P03OUTER-de1ffc82246ae44f614aefe3,EXP-C10-T3,T3-ZS,cwa:RMX-1,cwa,RMX-1,2,1,fixed_family_reuse,C-RANDOM-FOREST,complete,C-RANDOM-FOREST-005,C-RANDOM-FOREST-013,16,0.02777777777777779,0.0,0.005555555555555536
P03OUTER-de5b707dfccdb639d9d6d679,EXP-C10-T3,T3-ZS,surfaces:Mira-1,surfaces,Mira-1,5,0,fixed_family_reuse,C-RANDOM-FOREST,complete,C-RANDOM-FOREST-000,C-RANDOM-FOREST-001,16,0.0,0.0,0.0
P03OUTER-de718d1e2f9771716f3724e1,EXP-C10-T3,T3-ZS,cwa:Mira-2,cwa,Mira-2,3,1,fixed_family_reuse,C-RANDOM-FOREST,complete,C-RANDOM-FOREST-002,C-RANDOM-FOREST-003,16,0.0,0.0,0.0
P03OUTER-de7f2029cb4018d975f672b6,EXP-C10-T3,T3-ZS,pills:Agilent-3,pills,Agilent-3,3,1,fixed_family_reuse,C-EXTRA-TREES,complete,C-EXTRA-TREES-000,C-EXTRA-TREES-001,16,0.0,0.0,0.0
P03OUTER-de8302fa7a5332685549dec6,EXP-C06-T1,T1-PILLS,pills:within,pills,not_applicable,2,1,standard,,complete,C-RBF-SVM-012,C-RBF-SVM-014,36,0.0,0.0,0.0
P03OUTER-def2f47a1087a00f9957ccf7,EXP-C09-CONTROL-META,T3-ZS,surfaces:Pendar-2,surfaces,Pendar-2,4,3,metadata_control,,complete,CTRL-META-C-LOGREG-EN-019,CTRL-META-C-LOGREG-EN-014,30,0.0,0.0,0.04629629629629631
P03OUTER-df1964d90223263843a20fb1,EXP-C10-T3,T3-ZS,surfaces:Pendar-2,surfaces,Pendar-2,3,1,fixed_family_reuse,C-PCA-LDA,complete,C-PCA-LDA-008,C-PCA-LDA-009,2,0.05185185185185187,0.055555555555555636,0.09319988004198526
P03OUTER-df463416d53d64a25e1a3783,EXP-C12-CORAL,T3-ZS,pills:Agilent-1,pills,Agilent-1,5,0,source_covariance,,unavailable,,,0,,,
P03OUTER-df58b315ab2e25d94dab7f13,EXP-C09-T3,T3-ZS,cwa:Mira-2,cwa,Mira-2,2,3,standard,,complete,C-RBF-SVM-020,C-RBF-SVM-026,121,0.0,0.0,0.0
P03OUTER-df682e7fc516926e90dbbe42,EXP-C12-CORAL,T3-ZS,surfaces:Agilent-3,surfaces,Agilent-3,1,2,source_covariance,,unavailable,,,0,,,
P03OUTER-df72699d80f6b4af4686ec7d,EXP-C10-T3,T3-ZS,pills:Agilent-1,pills,Agilent-1,4,2,fixed_family_reuse,C-RBF-SVM,complete,C-RBF-SVM-012,C-RBF-SVM-014,36,0.0,0.0,0.0
P03OUTER-df7e247e8cb80fdcdec14409,EXP-C09-T3,T3-ZS,cwa:RMX-1,cwa,RMX-1,2,3,standard,,complete,C-LOGREG-EN-000,C-PLS-DA-000,125,0.08333333333333326,0.0,0.04444444444444451
P03OUTER-df85f9bf0e398aa23a0ea3bb,EXP-C09-T3,T3-ZS,surfaces:Mira-1,surfaces,Mira-1,4,1,standard,,complete,C-PLS-DA-001,C-RBF-SVM-014,119,0.0,0.0,0.0
P03OUTER-df8f93382c99f3e5cdd1e129,EXP-C09-T3,T3-ZS,pills:Agilent-3,pills,Agilent-3,5,1,standard,,complete,C-PLS-DA-000,C-LOGREG-EN-000,124,0.0,0.0,0.0
P03OUTER-df96a7fbc086182f15c477a1,EXP-C10-T3,T3-ZS,pills:Mira-3,pills,Mira-3,3,3,fixed_family_reuse,C-EXTRA-TREES,complete,C-EXTRA-TREES-000,C-EXTRA-TREES-001,16,0.0,0.0,0.0
P03OUTER-e0001e3d52a53fc01717f5c9,EXP-C10-T3,T3-ZS,pills:Agilent-3,pills,Agilent-3,5,2,fixed_family_reuse,C-PCA-LDA,complete,C-PCA-LDA-004,C-PCA-LDA-005,10,0.0,0.0,0.0
P03OUTER-e015bc55ee29b7c790478186,EXP-C10-T3,T3-ZS,pills:Pendar-1,pills,Pendar-1,3,0,fixed_family_reuse,C-EXTRA-TREES,complete,C-EXTRA-TREES-000,C-EXTRA-TREES-001,16,0.0,0.0,0.0
P03OUTER-e02c487e9ddada43040879dc,EXP-C10-T3,T3-ZS,pills:Agilent-1,pills,Agilent-1,3,3,fixed_family_reuse,C-RBF-SVM,complete,C-RBF-SVM-012,C-RBF-SVM-014,36,0.0,0.0,0.0
P03OUTER-e04d124eb8c2cd7ad771dd75,EXP-C10-T3,T3-ZS,surfaces:Pendar-2,surfaces,Pendar-2,3,2,fixed_family_reuse,C-RANDOM-FOREST,complete,C-RANDOM-FOREST-004,C-RANDOM-FOREST-001,16,0.0,0.0,0.008185496420790472
P03OUTER-e05775d67bf614d5757bb090,EXP-C10-T3,T3-ZS,surfaces:RMX-2,surfaces,RMX-2,4,2,fixed_family_reuse,C-RANDOM-FOREST,complete,C-RANDOM-FOREST-008,C-RANDOM-FOREST-012,16,0.0092592592592593,0.0,0.022448744670966914
P03OUTER-e05e1e84b759996f564a9a99,EXP-C12-CORAL,T3-ZS,pills:Pendar-3,pills,Pendar-3,5,1,source_covariance,,unavailable,,,0,,,
P03OUTER-e068b250679ad03961c6079d,EXP-C10-T3,T3-ZS,pills:Agilent-1,pills,Agilent-1,5,2,fixed_family_reuse,C-RANDOM-FOREST,complete,C-RANDOM-FOREST-000,C-RANDOM-FOREST-001,16,0.0,0.0,0.0
P03OUTER-e08aa67e29f9bcf7903c275b,EXP-C10-T3,T3-ZS,surfaces:RMX-2,surfaces,RMX-2,3,2,fixed_family_reuse,C-PCA-LDA,complete,C-PCA-LDA-001,C-PCA-LDA-009,4,0.0,0.0,0.0
P03OUTER-e09aaf1cb165059dc37edb42,EXP-C09-CONTROL-META,T3-ZS,pills:Agilent-1,pills,Agilent-1,4,3,metadata_control,,complete,CTRL-META-C-LOGREG-EN-010,CTRL-META-C-LOGREG-EN-005,19,0.0,0.0,0.08465608465608465
P03OUTER-e09ee5622b9d7a27d1a28339,EXP-C09-T3,T3-ZS,cwa:Pendar-2,cwa,Pendar-2,3,2,standard,,complete,C-LOGREG-EN-010,C-LOGREG-EN-011,125,0.02777777777777768,0.05555555555555547,0.008333333333333415
P03OUTER-e0b0ad948dee9cb450616440,EXP-C09-CONTROL-META,T3-ZS,surfaces:Pendar-3,surfaces,Pendar-3,1,0,metadata_control,,complete,CTRL-META-C-LOGREG-EN-003,CTRL-META-C-LOGREG-EN-005,23,0.0,0.0,0.0
P03OUTER-e0b1ab985efe413a929be62e,EXP-C02-T1,T1-SURF,surfaces:within,surfaces,not_applicable,4,3,standard,,complete,C-NEAREST-CENTROID-004,C-NEAREST-CENTROID-000,8,0.05555555555555547,0.16666666666666674,0.05555555555555558
P03OUTER-e0f476d9faaa3ff8c31a9459,EXP-C04-T1,T1-CWA,cwa:within,cwa,not_applicable,5,2,standard,,complete,C-PLS-DA-002,C-PLS-DA-004,5,0.0,0.0,0.0
P03OUTER-e117e0bf7877067b8c350a8f,EXP-C12-CORAL,T3-ZS,pills:Pendar-1,pills,Pendar-1,4,2,source_covariance,,unavailable,,,0,,,
P03OUTER-e12bc592e086c19283a6cdd2,EXP-C10-T3,T3-ZS,pills:Pendar-1,pills,Pendar-1,4,2,fixed_family_reuse,C-RBF-SVM,complete,C-RBF-SVM-012,C-RBF-SVM-014,36,0.0,0.0,0.0
P03OUTER-e140f0f6dfbd405c97ee8b7b,EXP-C09-T3,T3-ZS,cwa:Pendar-2,cwa,Pendar-2,5,1,standard,,complete,C-SPECTRAL-MATCH-000,C-SPECTRAL-MATCH-002,123,0.0,0.0,0.0
P03OUTER-e15d80c4b4e6d020ad8a7737,EXP-C12-CORAL,T3-ZS,pills:Agilent-3,pills,Agilent-3,5,2,source_covariance,,unavailable,,,0,,,
P03OUTER-e1699e83067929ff8d670a00,EXP-C08-T1,T1-PILLS,pills:within,pills,not_applicable,2,0,standard,,complete,C-EXTRA-TREES-000,C-EXTRA-TREES-001,16,0.0,0.0,0.0
P03OUTER-e170705f800bdb3915c9a4bb,EXP-C05-T1,T1-CWA,cwa:within,cwa,not_applicable,3,1,standard,,complete,C-LOGREG-EN-011,C-LOGREG-EN-016,27,0.0,0.0,0.0
P03OUTER-e1a5165ebbb31cf65c4fa8f8,EXP-C03-T1,T1-PILLS,pills:within,pills,not_applicable,5,2,standard,,complete,C-PCA-LDA-002,C-PCA-LDA-003,10,0.0,0.0,0.0
P03OUTER-e1ae9c5b90f052271b21f4d4,EXP-C09-T3,T3-ZS,pills:Agilent-3,pills,Agilent-3,4,1,standard,,complete,C-PLS-DA-000,C-LOGREG-EN-000,123,0.0,0.0,0.0
P03OUTER-e1efd8d32254272ac920ec55,EXP-C10-T3,T3-ZS,cwa:Pendar-2,cwa,Pendar-2,4,3,fixed_family_reuse,C-RANDOM-FOREST,complete,C-RANDOM-FOREST-014,C-RANDOM-FOREST-002,16,0.01851851851851849,0.037037037037037035,0.027777777777777762
P03OUTER-e2206a975111adb8bb0b3580,EXP-C09-T3,T3-ZS,cwa:Pendar-2,cwa,Pendar-2,2,1,standard,,complete,C-LOGREG-EN-020,C-LOGREG-EN-025,122,0.0,0.0,0.0
P03OUTER-e232cefc00b0e9f2ccb480ba,EXP-C02-T1,T1-CWA,cwa:within,cwa,not_applicable,2,2,standard,,complete,C-NEAREST-CENTROID-004,C-NEAREST-CENTROID-005,8,0.0,0.0,0.0
P03OUTER-e23af63be839dfcca36e409a,EXP-C12-CORAL,T3-ZS,cwa:Mira-2,cwa,Mira-2,2,0,source_covariance,,unavailable,,,0,,,
P03OUTER-e23ef2da9a558b4730fbace5,EXP-C10-T3,T3-ZS,surfaces:Pendar-3,surfaces,Pendar-3,3,3,fixed_family_reuse,C-PCA-LDA,complete,C-PCA-LDA-005,C-PCA-LDA-007,10,0.0,0.0,0.0
P03OUTER-e264b323c7e47ded125b2f07,EXP-C09-CONTROL-META,T3-ZS,pills:Pendar-3,pills,Pendar-3,5,1,metadata_control,,complete,CTRL-META-C-LOGREG-EN-008,CTRL-META-C-LOGREG-EN-009,30,0.0,0.0,0.0
P03OUTER-e27889f18ce65218e838764f,EXP-C10-T3,T3-ZS,pills:Pendar-3,pills,Pendar-3,5,3,fixed_family_reuse,C-PCA-LDA,complete,C-PCA-LDA-002,C-PCA-LDA-003,10,0.0,0.0,0.0
P03OUTER-e2903dc3750921e779b8e183,EXP-C10-T3,T3-ZS,pills:Pendar-3,pills,Pendar-3,4,1,fixed_family_reuse,C-EXTRA-TREES,complete,C-EXTRA-TREES-000,C-EXTRA-TREES-001,16,0.0,0.0,0.0
P03OUTER-e2b707d84315879773099115,EXP-C09-T3,T3-ZS,cwa:Pendar-2,cwa,Pendar-2,4,0,standard,,complete,C-LOGREG-EN-010,C-LOGREG-EN-016,124,0.0,0.0,0.0
P03OUTER-e2ba1eed1bc58c9e2d840a00,EXP-C10-T3,T3-ZS,pills:Mira-3,pills,Mira-3,2,2,fixed_family_reuse,C-PCA-LDA,complete,C-PCA-LDA-000,C-PCA-LDA-002,10,0.0,0.0,0.0
P03OUTER-e2bcde4c537e4d5eec770ee5,EXP-C10-T3,T3-ZS,surfaces:Mira-1,surfaces,Mira-1,2,2,fixed_family_reuse,C-PCA-LDA,complete,C-PCA-LDA-002,C-PCA-LDA-003,6,0.06944444444444453,0.0,0.07633477633477626
P03OUTER-e2f61b008838b971838c9ed4,EXP-C10-T3,T3-ZS,pills:Agilent-1,pills,Agilent-1,4,1,fixed_family_reuse,C-RBF-SVM,complete,C-RBF-SVM-012,C-RBF-SVM-013,36,0.0,0.0,0.0
P03OUTER-e35c123af4e2e5e0061141e7,EXP-C09-CONTROL-META,T3-ZS,surfaces:Agilent-3,surfaces,Agilent-3,2,0,metadata_control,,complete,CTRL-META-C-LOGREG-EN-003,CTRL-META-C-LOGREG-EN-005,24,0.0,0.0,0.0
P03OUTER-e38286062f55f410a8064593,EXP-C12-CORAL,T3-ZS,surfaces:RMX-2,surfaces,RMX-2,3,0,source_covariance,,unavailable,,,0,,,
P03OUTER-e3d284fe1202fa1a59c3bc24,EXP-C12-CORAL,T3-ZS,pills:Agilent-1,pills,Agilent-1,2,2,source_covariance,,unavailable,,,0,,,
P03OUTER-e3f999e32abd69302c509225,EXP-C10-T3,T3-ZS,pills:Pendar-1,pills,Pendar-1,1,0,fixed_family_reuse,C-RANDOM-FOREST,complete,C-RANDOM-FOREST-000,C-RANDOM-FOREST-001,16,0.0,0.0,0.0
P03OUTER-e40a11fceecd505cede56efc,EXP-C05-T1,T1-SURF,surfaces:within,surfaces,not_applicable,1,0,standard,,complete,C-LOGREG-EN-000,C-LOGREG-EN-005,29,0.0,0.0,0.0
P03OUTER-e4aba9097b42e3a142e1ab04,EXP-C09-T3,T3-ZS,surfaces:Pendar-3,surfaces,Pendar-3,1,2,standard,,complete,C-PLS-DA-002,C-PLS-DA-003,125,0.0,0.0,0.0
P03OUTER-e4e7d3f2b7f3bcf3a929bbe5,EXP-C10-T3,T3-ZS,surfaces:Pendar-3,surfaces,Pendar-3,3,0,fixed_family_reuse,C-RBF-SVM,complete,C-RBF-SVM-014,C-RBF-SVM-018,36,0.03333333333333327,0.0666666666666666,0.06190476190476191
P03OUTER-e500bcff9e2fc78c7903f838,EXP-C10-T3,T3-ZS,surfaces:Agilent-3,surfaces,Agilent-3,2,3,fixed_family_reuse,C-RANDOM-FOREST,complete,C-RANDOM-FOREST-012,C-RANDOM-FOREST-013,16,0.026984126984127,0.031746031746031744,0.034775718109051446
P03OUTER-e51e215773835f4891f194c7,EXP-C09-CONTROL-META,T3-ZS,surfaces:Pendar-3,surfaces,Pendar-3,1,2,metadata_control,,complete,CTRL-META-C-LOGREG-EN-010,CTRL-META-C-LOGREG-EN-007,23,0.01851851851851849,-0.2222222222222222,0.13015873015873014
P03OUTER-e52b50695f1ae998814b194f,EXP-C10-T3,T3-ZS,surfaces:Agilent-3,surfaces,Agilent-3,4,0,fixed_family_reuse,C-RANDOM-FOREST,complete,C-RANDOM-FOREST-000,C-RANDOM-FOREST-001,16,0.0,0.0,0.0
P03OUTER-e53b6eebf8b08afc19f5a9da,EXP-C12-CORAL,T3-ZS,cwa:Mira-2,cwa,Mira-2,2,3,source_covariance,,unavailable,,,0,,,
P03OUTER-e53f66da519d519447fe1ae6,EXP-C12-CORAL,T3-ZS,surfaces:Agilent-3,surfaces,Agilent-3,5,1,source_covariance,,complete,CORAL-C-PCA-LDA-002,CORAL-C-PCA-LDA-005,44,0.08333333333333326,0.08333333333333326,0.13227513227513232
P03OUTER-e544316e107cd0642334e12e,EXP-C09-T3,T3-ZS,surfaces:Mira-1,surfaces,Mira-1,1,2,standard,,complete,C-LOGREG-EN-015,C-LOGREG-EN-020,125,0.0,0.0,0.0
P03OUTER-e577540b133296cd91036300,EXP-C05-T1,T1-SURF,surfaces:within,surfaces,not_applicable,3,3,standard,,complete,C-LOGREG-EN-005,C-LOGREG-EN-016,29,0.0,0.0,0.0
P03OUTER-e57c3697b7973d3e6d321589,EXP-C09-CONTROL-META,T3-ZS,surfaces:Agilent-3,surfaces,Agilent-3,3,1,metadata_control,,complete,CTRL-META-C-LOGREG-EN-002,CTRL-META-C-LOGREG-EN-003,22,0.0,0.0,0.0
P03OUTER-e583f8a998c7a9f66f882914,EXP-C05-T1,T1-CWA,cwa:within,cwa,not_applicable,4,2,standard,,complete,C-LOGREG-EN-005,C-LOGREG-EN-010,29,0.0,0.0,0.0
P03OUTER-e5ebb6978cebdbe17362ada7,EXP-C10-T3,T3-ZS,cwa:RMX-1,cwa,RMX-1,4,3,fixed_family_reuse,C-PCA-LDA,complete,C-PCA-LDA-008,C-PCA-LDA-009,10,0.0,0.0,0.0
P03OUTER-e622814337ad0fe42735d02e,EXP-C10-T3,T3-ZS,pills:Pendar-3,pills,Pendar-3,3,1,fixed_family_reuse,C-EXTRA-TREES,complete,C-EXTRA-TREES-000,C-EXTRA-TREES-001,16,0.0,0.0,0.0
P03OUTER-e63f7a689c526c02bec0c3a5,EXP-C09-CONTROL-META,T3-ZS,surfaces:Pendar-3,surfaces,Pendar-3,2,1,metadata_control,,complete,CTRL-META-C-LOGREG-EN-017,CTRL-META-C-LOGREG-EN-018,18,0.0,0.0,0.0
P03OUTER-e65f97df9ce9bc34af832e9f,EXP-C12-CORAL,T3-ZS,surfaces:Mira-1,surfaces,Mira-1,2,0,source_covariance,,complete,CORAL-C-RBF-SVM-012,CORAL-C-RBF-SVM-014,42,0.0,0.0,0.0
P03OUTER-e662ef865203f10a1182e4dc,EXP-C10-T3,T3-ZS,pills:Pendar-3,pills,Pendar-3,4,1,fixed_family_reuse,C-RANDOM-FOREST,complete,C-RANDOM-FOREST-000,C-RANDOM-FOREST-001,16,0.0,0.0,0.0
P03OUTER-e67bcbb7988b63d62a38941d,EXP-C05-T1,T1-PILLS,pills:within,pills,not_applicable,5,1,standard,,complete,C-LOGREG-EN-000,C-LOGREG-EN-005,28,0.0,0.0,0.0
P03OUTER-e68694048d4e6ebd485e2ded,EXP-C08-T1,T1-SURF,surfaces:within,surfaces,not_applicable,2,1,standard,,complete,C-EXTRA-TREES-000,C-EXTRA-TREES-001,16,0.0,0.0,0.0
P03OUTER-e6be18e4851ecef4d7e19147,EXP-C10-T3,T3-ZS,surfaces:Pendar-2,surfaces,Pendar-2,3,3,fixed_family_reuse,C-PCA-LDA,complete,C-PCA-LDA-006,C-PCA-LDA-007,10,0.0,0.0,0.0
P03OUTER-e6d6cebeefd780ba8ad1da11,EXP-C08-T1,T1-CWA,cwa:within,cwa,not_applicable,1,0,standard,,complete,C-EXTRA-TREES-006,C-EXTRA-TREES-007,16,0.0,0.0,0.0
P03OUTER-e6dca3989ac734ad217ea9a5,EXP-C10-T3,T3-ZS,surfaces:RMX-2,surfaces,RMX-2,1,3,fixed_family_reuse,C-EXTRA-TREES,complete,C-EXTRA-TREES-004,C-EXTRA-TREES-008,16,0.0,0.0,0.0
P03OUTER-e6eab1eb30e5d929842649e0,EXP-C09-CONTROL-META,T3-ZS,pills:Agilent-1,pills,Agilent-1,5,2,metadata_control,,complete,CTRL-META-C-LOGREG-EN-024,CTRL-META-C-LOGREG-EN-018,30,0.0,0.0,0.051851851851851816
P03OUTER-e6fbfe3cd3a8c08c079024e2,EXP-C12-CORAL,T3-ZS,surfaces:Pendar-3,surfaces,Pendar-3,5,1,source_covariance,,complete,CORAL-C-PCA-LDA-005,CORAL-C-PCA-LDA-002,44,0.06944444444444442,0.16666666666666663,0.053114478114478114
P03OUTER-e70641f2b4d204f018f91a06,EXP-C06-T1,T1-CWA,cwa:within,cwa,not_applicable,2,1,standard,,complete,C-RBF-SVM-025,C-RBF-SVM-024,36,0.05555555555555558,0.16666666666666674,0.05555555555555558
P03OUTER-e7116923da0bc8c9a3436cb6,EXP-C10-T3,T3-ZS,pills:Agilent-3,pills,Agilent-3,4,3,fixed_family_reuse,C-EXTRA-TREES,complete,C-EXTRA-TREES-000,C-EXTRA-TREES-001,16,0.0,0.0,0.0
P03OUTER-e72dbc49e61c54631d122297,EXP-C09-CONTROL-META,T3-ZS,surfaces:RMX-2,surfaces,RMX-2,1,3,metadata_control,,complete,CTRL-META-C-LOGREG-EN-007,CTRL-META-C-LOGREG-EN-000,23,0.0,0.0,0.008447043534762805
P03OUTER-e73caa572b774a908e178b85,EXP-C06-T1,T1-CWA,cwa:within,cwa,not_applicable,3,2,standard,,complete,C-RBF-SVM-030,C-RBF-SVM-024,36,0.01851851851851849,-0.05555555555555569,0.011111111111111072
P03OUTER-e754b5907bea566304bef70e,EXP-C04-T1,T1-CWA,cwa:within,cwa,not_applicable,2,0,standard,,complete,C-PLS-DA-004,C-PLS-DA-002,5,0.12962962962962965,0.22222222222222232,0.14021164021164012
P03OUTER-e7812e9e5fd0ff7d5ec86ed4,EXP-C10-T3,T3-ZS,cwa:RMX-1,cwa,RMX-1,2,0,fixed_family_reuse,C-RANDOM-FOREST,complete,C-RANDOM-FOREST-007,C-RANDOM-FOREST-010,16,0.0,0.0,0.0
P03OUTER-e7e18df890de57031ed76767,EXP-C10-T3,T3-ZS,pills:Pendar-1,pills,Pendar-1,3,2,fixed_family_reuse,C-RBF-SVM,complete,C-RBF-SVM-012,C-RBF-SVM-014,36,0.0,0.0,0.0
P03OUTER-e7f1c8bda7a649b7c54d64b9,EXP-C09-CONTROL-META,T3-ZS,pills:Agilent-1,pills,Agilent-1,4,0,metadata_control,,complete,CTRL-META-C-LOGREG-EN-028,CTRL-META-C-LOGREG-EN-029,26,0.0,0.0,0.0
P03OUTER-e802cc8c8395e59aa393a7dc,EXP-C09-T3,T3-ZS,pills:Pendar-1,pills,Pendar-1,4,1,standard,,complete,C-PLS-DA-000,C-LOGREG-EN-000,124,0.0,0.0,0.0
P03OUTER-e8567eac957f6581245b1365,EXP-C10-T3,T3-ZS,cwa:RMX-1,cwa,RMX-1,1,2,fixed_family_reuse,C-EXTRA-TREES,complete,C-EXTRA-TREES-007,C-EXTRA-TREES-000,16,0.0,0.0,0.007407407407407418
P03OUTER-e85ace0ab80dcf7f47dccbe2,EXP-C07-T1,T1-PILLS,pills:within,pills,not_applicable,3,0,standard,,complete,C-RANDOM-FOREST-000,C-RANDOM-FOREST-001,16,0.0,0.0,0.0
P03OUTER-e86ba8d5b2f59b9c84684dd8,EXP-C09-T3,T3-ZS,cwa:Pendar-2,cwa,Pendar-2,2,0,standard,,complete,C-SPECTRAL-MATCH-002,C-LOGREG-EN-010,119,0.11111111111111116,0.16666666666666674,0.12698412698412698
P03OUTER-e875d14e052f7f7b1751e2ae,EXP-C09-T3,T3-ZS,cwa:RMX-1,cwa,RMX-1,5,2,standard,,complete,C-LOGREG-EN-019,C-NEAREST-CENTROID-006,126,0.13888888888888895,0.0,0.13888888888888884
P03OUTER-e8a49969abc00fe597a1c1fc,EXP-C10-T3,T3-ZS,cwa:Pendar-2,cwa,Pendar-2,3,2,fixed_family_reuse,C-RANDOM-FOREST,complete,C-RANDOM-FOREST-005,C-RANDOM-FOREST-004,16,0.00925925925925919,-0.05555555555555558,-0.0017195767195765654
P03OUTER-e8c0588047e3a9a24162472c,EXP-C10-T3,T3-ZS,pills:Pendar-3,pills,Pendar-3,3,1,fixed_family_reuse,C-RANDOM-FOREST,complete,C-RANDOM-FOREST-000,C-RANDOM-FOREST-001,16,0.0,0.0,0.0
P03OUTER-e8cc5669c4a1f26e7585d835,EXP-C10-T3,T3-ZS,cwa:Mira-2,cwa,Mira-2,3,1,fixed_family_reuse,C-EXTRA-TREES,complete,C-EXTRA-TREES-003,C-EXTRA-TREES-007,16,0.09259259259259256,0.07407407407407404,0.1071428571428571
P03OUTER-e8e8727e9b7eea3788a1e31e,EXP-C10-T3,T3-ZS,pills:Agilent-3,pills,Agilent-3,3,3,fixed_family_reuse,C-PCA-LDA,complete,C-PCA-LDA-004,C-PCA-LDA-006,10,0.0,0.0,0.0
P03OUTER-e8ecba4586d323fb43400f9b,EXP-C09-T3,T3-ZS,surfaces:Pendar-2,surfaces,Pendar-2,2,0,standard,,complete,C-LOGREG-EN-018,C-SPECTRAL-MATCH-002,110,0.022222222222222143,-0.13333333333333341,0.006825890159223469
P03OUTER-e8f7c0189f5fe59b5d431743,EXP-C10-T3,T3-ZS,surfaces:Pendar-3,surfaces,Pendar-3,5,1,fixed_family_reuse,C-EXTRA-TREES,complete,C-EXTRA-TREES-000,C-EXTRA-TREES-005,16,0.01851851851851849,-0.05555555555555558,0.010086790478947338
P03OUTER-e904d7d1b74e0103813f2aa6,EXP-C01-T1,T1-SURF,surfaces:within,surfaces,not_applicable,1,1,standard,,complete,C-SPECTRAL-MATCH-000,C-SPECTRAL-MATCH-002,3,0.0,0.0,0.0
P03OUTER-e93d58dde5688bcb4484d93b,EXP-C11-T2,T2-PS,pills_to_surfaces,pills,target_station,-1,-1,standard,,complete,C-PCA-LDA-000,C-PLS-DA-000,115,0.0,0.0,0.0
P03OUTER-e945cd84cde03cd785dd2460,EXP-C09-T3,T3-ZS,cwa:Mira-2,cwa,Mira-2,3,2,standard,,complete,C-PLS-DA-004,C-PCA-LDA-007,123,0.02777777777777779,0.05555555555555558,0.07142857142857151
P03OUTER-e95a4208e97549527cdca4a6,EXP-C09-CONTROL-META,T3-ZS,surfaces:Pendar-2,surfaces,Pendar-2,3,2,metadata_control,,complete,CTRL-META-C-LOGREG-EN-007,CTRL-META-C-LOGREG-EN-000,30,0.0,0.0,0.016894087069525582
P03OUTER-e96bde5f93f8c70c046ca2d7,EXP-C10-T3,T3-ZS,pills:Pendar-1,pills,Pendar-1,2,0,fixed_family_reuse,C-PCA-LDA,complete,C-PCA-LDA-004,C-PCA-LDA-005,10,0.0,0.0,0.0
P03OUTER-e979d2e8a1c525cff965ea59,EXP-C10-T3,T3-ZS,cwa:Pendar-2,cwa,Pendar-2,4,0,fixed_family_reuse,C-PCA-LDA,complete,C-PCA-LDA-002,C-PCA-LDA-003,10,0.0,0.0,0.017460317460317454
P03OUTER-e98949ea36d61115b66f620e,EXP-C10-T3,T3-ZS,surfaces:Agilent-3,surfaces,Agilent-3,4,1,fixed_family_reuse,C-RBF-SVM,complete,C-RBF-SVM-019,C-RBF-SVM-012,36,0.08333333333333326,0.16666666666666674,0.08576423576423586
P03OUTER-e9913ace32df0f15e624071c,EXP-C08-T1,T1-SURF,surfaces:within,surfaces,not_applicable,5,1,standard,,complete,C-EXTRA-TREES-002,C-EXTRA-TREES-003,16,0.0,0.0,0.0
P03OUTER-e99d194d898acd18012dfa44,EXP-C10-T3,T3-ZS,surfaces:RMX-2,surfaces,RMX-2,1,1,fixed_family_reuse,C-PCA-LDA,complete,C-PCA-LDA-001,C-PCA-LDA-000,4,0.022222222222222365,0.0,-0.009832451499118156
P03OUTER-e9bf0ff41a1b4ce8d3218113,EXP-C10-T3,T3-ZS,surfaces:RMX-2,surfaces,RMX-2,3,0,fixed_family_reuse,C-EXTRA-TREES,complete,C-EXTRA-TREES-012,C-EXTRA-TREES-002,16,0.0018518518518518823,0.0,0.007305657305657409
P03OUTER-e9d9de716499def9b8e77ed9,EXP-C09-CONTROL-META,T3-ZS,surfaces:Mira-1,surfaces,Mira-1,4,2,metadata_control,,complete,CTRL-META-C-LOGREG-EN-001,CTRL-META-C-LOGREG-EN-003,28,0.0,0.0,0.0
P03OUTER-e9dc427753e78ea22d98ca36,EXP-C10-T3,T3-ZS,pills:Agilent-3,pills,Agilent-3,5,1,fixed_family_reuse,C-EXTRA-TREES,complete,C-EXTRA-TREES-001,C-EXTRA-TREES-002,16,0.0,0.0,0.0
P03OUTER-e9dee0f9e57d3d847214ffa0,EXP-C09-CONTROL-META,T3-ZS,cwa:Pendar-2,cwa,Pendar-2,1,3,metadata_control,,complete,CTRL-META-C-LOGREG-EN-025,CTRL-META-C-LOGREG-EN-001,30,0.08333333333333331,0.0,0.095959595959596
P03OUTER-e9e63195437de08e4da6c733,EXP-C10-T3,T3-ZS,pills:Agilent-1,pills,Agilent-1,2,0,fixed_family_reuse,C-EXTRA-TREES,complete,C-EXTRA-TREES-000,C-EXTRA-TREES-001,16,0.0,0.0,0.0
P03OUTER-e9f7be6f06a36e6ecd440c95,EXP-C06-T1,T1-SURF,surfaces:within,surfaces,not_applicable,5,2,standard,,complete,C-RBF-SVM-012,C-RBF-SVM-019,36,0.0,0.0,0.0
P03OUTER-ea093030a8d138530871760f,EXP-C09-CONTROL-META,T3-ZS,surfaces:Agilent-3,surfaces,Agilent-3,2,2,metadata_control,,complete,CTRL-META-C-LOGREG-EN-000,CTRL-META-C-LOGREG-EN-005,23,0.0,0.0,0.0
P03OUTER-ea29ba4d875c66ec8ff59e00,EXP-C03-T1,T1-CWA,cwa:within,cwa,not_applicable,3,0,standard,,complete,C-PCA-LDA-004,C-PCA-LDA-006,10,0.11111111111111116,0.16666666666666674,0.1333333333333333
P03OUTER-ea4c68ed91656d3d03ce5d02,EXP-C12-CORAL,T3-ZS,cwa:Pendar-2,cwa,Pendar-2,2,3,source_covariance,,unavailable,,,0,,,
P03OUTER-ea62c4e55258d333f94f0671,EXP-C10-T3,T3-ZS,cwa:Mira-2,cwa,Mira-2,5,0,fixed_family_reuse,C-PCA-LDA,complete,C-PCA-LDA-006,C-PCA-LDA-007,10,0.0,0.0,0.0
P03OUTER-eaea487ce8e2c1c6344e9358,EXP-C09-CONTROL-META,T3-ZS,pills:Agilent-3,pills,Agilent-3,2,3,metadata_control,,complete,CTRL-META-C-LOGREG-EN-005,CTRL-META-C-LOGREG-EN-001,30,0.055555555555555525,0.0,0.028571428571428636
P03OUTER-eb18b1a743bf2554056d413e,EXP-C01-T1,T1-SURF,surfaces:within,surfaces,not_applicable,3,0,standard,,complete,C-SPECTRAL-MATCH-000,C-SPECTRAL-MATCH-001,3,0.0,0.0,0.0
P03OUTER-eb1fe2534e6def0a37e26884,EXP-C02-T1,T1-SURF,surfaces:within,surfaces,not_applicable,5,2,standard,,complete,C-NEAREST-CENTROID-003,C-NEAREST-CENTROID-000,8,0.07407407407407407,0.0,0.06772486772486774
P03OUTER-eb2060c32b36dcb369d0d2b3,EXP-C10-T3,T3-ZS,pills:Agilent-1,pills,Agilent-1,3,1,fixed_family_reuse,C-RBF-SVM,complete,C-RBF-SVM-012,C-RBF-SVM-013,36,0.0,0.0,0.0
P03OUTER-eb21ee92d0c49010487333d6,EXP-C10-T3,T3-ZS,pills:Pendar-3,pills,Pendar-3,1,3,fixed_family_reuse,C-RBF-SVM,complete,C-RBF-SVM-012,C-RBF-SVM-014,36,0.0,0.0,0.0
P03OUTER-eb33b9108ca95aa945a35029,EXP-C09-T3,T3-ZS,surfaces:RMX-2,surfaces,RMX-2,2,3,standard,,complete,C-LOGREG-EN-023,C-LOGREG-EN-024,115,0.0,0.0,0.0
P03OUTER-eb62b889079cac9ef3777ecf,EXP-C12-CORAL,T3-ZS,pills:Agilent-3,pills,Agilent-3,1,2,source_covariance,,unavailable,,,0,,,
P03OUTER-eb733d893590a42291ce8f14,EXP-C03-T1,T1-SURF,surfaces:within,surfaces,not_applicable,5,1,standard,,complete,C-PCA-LDA-007,C-PCA-LDA-006,10,0.09259259259259256,0.16666666666666663,0.11111111111111116
P03OUTER-ebad0809a5172bb0aae8e02b,EXP-C12-CORAL,T3-ZS,pills:Mira-3,pills,Mira-3,1,0,source_covariance,,unavailable,,,0,,,
P03OUTER-ebdeada0edbc7cb26950fb31,EXP-C02-T1,T1-SURF,surfaces:within,surfaces,not_applicable,5,3,standard,,complete,C-NEAREST-CENTROID-000,C-NEAREST-CENTROID-001,8,0.0,0.0,0.0
P03OUTER-ebf5f7c91b894ccc6a25b337,EXP-C10-T3,T3-ZS,surfaces:Pendar-3,surfaces,Pendar-3,4,0,fixed_family_reuse,C-RBF-SVM,complete,C-RBF-SVM-018,C-RBF-SVM-019,36,0.0,0.0,0.0
P03OUTER-ebfb0adb26ef93aac85a10ea,EXP-C02-T1,T1-PILLS,pills:within,pills,not_applicable,1,0,standard,,complete,C-NEAREST-CENTROID-000,C-NEAREST-CENTROID-001,8,0.0,0.0,0.0
P03OUTER-ebfeecbeb8065bc30c8b7286,EXP-C09-CONTROL-META,T3-ZS,pills:Agilent-1,pills,Agilent-1,3,3,metadata_control,,complete,CTRL-META-C-LOGREG-EN-012,CTRL-META-C-LOGREG-EN-000,30,0.0,0.0,0.0037037037037036535
P03OUTER-ec0ebf446e80fc35a441da9a,EXP-C10-T3,T3-ZS,cwa:Mira-2,cwa,Mira-2,5,3,fixed_family_reuse,C-RANDOM-FOREST,complete,C-RANDOM-FOREST-002,C-RANDOM-FOREST-003,16,0.0,0.0,0.0
P03OUTER-ec1f6378909887a9fb3da429,EXP-C10-T3,T3-ZS,pills:Mira-3,pills,Mira-3,4,2,fixed_family_reuse,C-EXTRA-TREES,complete,C-EXTRA-TREES-000,C-EXTRA-TREES-001,16,0.0,0.0,0.0
P03OUTER-ec238211a824c16dd43f30bb,EXP-C04-T1,T1-SURF,surfaces:within,surfaces,not_applicable,1,0,standard,,complete,C-PLS-DA-001,C-PLS-DA-002,5,0.0,0.0,0.0
P03OUTER-ec2c76a552c23a84ee02b53d,EXP-C10-T3,T3-ZS,pills:Pendar-3,pills,Pendar-3,3,0,fixed_family_reuse,C-PCA-LDA,complete,C-PCA-LDA-004,C-PCA-LDA-005,10,0.0,0.0,0.0
P03OUTER-ec4b4be1c8bbe012f6b730b1,EXP-C09-CONTROL-META,T3-ZS,cwa:Mira-2,cwa,Mira-2,1,0,metadata_control,,complete,CTRL-META-C-LOGREG-EN-020,CTRL-META-C-LOGREG-EN-028,30,0.0,0.0,0.0
P03OUTER-eca59beb66a3de1405aa2597,EXP-C02-T1,T1-SURF,surfaces:within,surfaces,not_applicable,3,3,standard,,complete,C-NEAREST-CENTROID-000,C-NEAREST-CENTROID-001,8,0.0,0.0,0.0
P03OUTER-eccff6e7576d100478802469,EXP-C12-CORAL,T3-ZS,surfaces:Agilent-3,surfaces,Agilent-3,4,2,source_covariance,,complete,CORAL-C-RBF-SVM-025,CORAL-C-PCA-LDA-002,42,0.011904761904761862,-0.16666666666666669,0.13433048433048433
P03OUTER-ecf11de9b34da36e795a8298,EXP-C10-T3,T3-ZS,cwa:RMX-1,cwa,RMX-1,5,2,fixed_family_reuse,C-EXTRA-TREES,complete,C-EXTRA-TREES-001,C-EXTRA-TREES-002,16,0.027777777777777846,-0.0555555555555555,0.07301587301587303
P03OUTER-ed0f63e3ee218033da4e4bce,EXP-C10-T3,T3-ZS,pills:Mira-3,pills,Mira-3,2,1,fixed_family_reuse,C-RBF-SVM,complete,C-RBF-SVM-012,C-RBF-SVM-014,36,0.0,0.0,0.0
P03OUTER-ed3780dcc7f2540b312a2b03,EXP-C10-T3,T3-ZS,surfaces:Mira-1,surfaces,Mira-1,1,0,fixed_family_reuse,C-RANDOM-FOREST,complete,C-RANDOM-FOREST-000,C-RANDOM-FOREST-001,16,0.0,0.0,0.0
P03OUTER-ed5042a80c5737146aea46d8,EXP-C01-T1,T1-PILLS,pills:within,pills,not_applicable,1,1,standard,,complete,C-SPECTRAL-MATCH-000,C-SPECTRAL-MATCH-001,3,0.0,0.0,0.0
P03OUTER-ed71e40d527398a5a7bf6db8,EXP-C10-T3,T3-ZS,cwa:Pendar-2,cwa,Pendar-2,5,1,fixed_family_reuse,C-RBF-SVM,complete,C-RBF-SVM-024,C-RBF-SVM-025,36,0.08333333333333326,0.16666666666666669,0.11111111111111116
P03OUTER-ed77cd9fe9555f390e463ef6,EXP-C10-T3,T3-ZS,cwa:Pendar-2,cwa,Pendar-2,1,2,fixed_family_reuse,C-EXTRA-TREES,complete,C-EXTRA-TREES-006,C-EXTRA-TREES-008,16,0.0,0.0,0.0
P03OUTER-ed826c9e31edeac5d027c8cf,EXP-C10-T3,T3-ZS,pills:Mira-3,pills,Mira-3,4,1,fixed_family_reuse,C-EXTRA-TREES,complete,C-EXTRA-TREES-000,C-EXTRA-TREES-001,16,0.0,0.0,0.0
P03OUTER-eda484198c068f6b42dc1dcb,EXP-C09-CONTROL-META,T3-ZS,pills:Pendar-3,pills,Pendar-3,1,2,metadata_control,,complete,CTRL-META-C-LOGREG-EN-005,CTRL-META-C-LOGREG-EN-000,22,0.0,0.0,0.007407407407407418
P03OUTER-edc2396f1b26bdd668f77be4,EXP-C12-CORAL,T3-ZS,pills:Pendar-1,pills,Pendar-1,3,1,source_covariance,,unavailable,,,0,,,
P03OUTER-edddca3ce63263f1e4ccb3c5,EXP-C10-T3,T3-ZS,cwa:Pendar-2,cwa,Pendar-2,3,0,fixed_family_reuse,C-EXTRA-TREES,complete,C-EXTRA-TREES-013,C-EXTRA-TREES-010,16,0.06481481481481488,0.0,0.060582010582010626
P03OUTER-ede3f28ee04f8e4d6f693a8c,EXP-C04-T1,T1-SURF,surfaces:within,surfaces,not_applicable,2,2,standard,,complete,C-PLS-DA-002,C-PLS-DA-003,5,0.0,0.0,0.0
P03OUTER-edf32da76d43a08f70c8a738,EXP-C08-T1,T1-CWA,cwa:within,cwa,not_applicable,2,1,standard,,complete,C-EXTRA-TREES-015,C-EXTRA-TREES-011,16,0.0185185185185186,0.0,0.024691358024691468
P03OUTER-edfa79784d282059cdca12ca,EXP-C10-T3,T3-ZS,cwa:RMX-1,cwa,RMX-1,5,1,fixed_family_reuse,C-EXTRA-TREES,complete,C-EXTRA-TREES-010,C-EXTRA-TREES-008,16,0.08333333333333337,0.16666666666666669,0.06666666666666665
P03OUTER-ee497280a436535a8fa069c0,EXP-C10-T3,T3-ZS,pills:Mira-3,pills,Mira-3,2,0,fixed_family_reuse,C-RBF-SVM,complete,C-RBF-SVM-012,C-RBF-SVM-014,36,0.0,0.0,0.0
P03OUTER-ee6f1d6c6e78359e6c26c6c5,EXP-C10-T3,T3-ZS,cwa:Pendar-2,cwa,Pendar-2,2,3,fixed_family_reuse,C-RANDOM-FOREST,complete,C-RANDOM-FOREST-001,C-RANDOM-FOREST-003,16,0.02777777777777779,0.05555555555555558,-0.0037037037037036535
P03OUTER-eecc6ea30447a90911e7edbf,EXP-C10-T3,T3-ZS,cwa:RMX-1,cwa,RMX-1,3,1,fixed_family_reuse,C-PCA-LDA,complete,C-PCA-LDA-007,C-PCA-LDA-004,10,5.551115123125783e-17,0.16666666666666674,0.014285714285714235
P03OUTER-eeda30ddd1181b28a3697bf0,EXP-C10-T3,T3-ZS,pills:Mira-3,pills,Mira-3,2,2,fixed_family_reuse,C-RBF-SVM,complete,C-RBF-SVM-012,C-RBF-SVM-014,36,0.0,0.0,0.0
P03OUTER-ef090dd2d5db601e92f99f21,EXP-C10-T3,T3-ZS,surfaces:Mira-1,surfaces,Mira-1,3,3,fixed_family_reuse,C-EXTRA-TREES,complete,C-EXTRA-TREES-000,C-EXTRA-TREES-001,16,0.0,0.0,0.0
P03OUTER-ef27dce8929f16fe0e8dd1f4,EXP-C10-T3,T3-ZS,pills:Agilent-3,pills,Agilent-3,2,1,fixed_family_reuse,C-EXTRA-TREES,complete,C-EXTRA-TREES-000,C-EXTRA-TREES-001,16,0.0,0.0,0.0
P03OUTER-ef4dec1d339164ae8bbc9505,EXP-C10-T3,T3-ZS,pills:Mira-3,pills,Mira-3,5,2,fixed_family_reuse,C-PCA-LDA,complete,C-PCA-LDA-002,C-PCA-LDA-003,10,0.0,0.0,0.0
P03OUTER-efa51b4a13810b0e1129af6c,EXP-C01-T1,T1-CWA,cwa:within,cwa,not_applicable,4,3,standard,,complete,C-SPECTRAL-MATCH-001,C-SPECTRAL-MATCH-000,3,0.05555555555555558,0.0,0.07407407407407418
P03OUTER-efc2fd099746c5971e096baf,EXP-C05-T1,T1-PILLS,pills:within,pills,not_applicable,2,3,standard,,complete,C-LOGREG-EN-000,C-LOGREG-EN-005,27,0.0,0.0,0.0
P03OUTER-efda1eac5bea99ff54f7b5e4,EXP-C10-T3,T3-ZS,pills:Pendar-3,pills,Pendar-3,3,2,fixed_family_reuse,C-EXTRA-TREES,complete,C-EXTRA-TREES-000,C-EXTRA-TREES-001,16,0.0,0.0,0.0
P03OUTER-eff4b05acad3f7e086514479,EXP-C09-T3,T3-ZS,cwa:Pendar-2,cwa,Pendar-2,3,1,standard,,complete,C-SPECTRAL-MATCH-001,C-SPECTRAL-MATCH-000,126,0.02777777777777779,0.055555555555555636,-0.05687830687830692
P03OUTER-f019665341f0932e306078fa,EXP-C12-CORAL,T3-ZS,pills:Mira-3,pills,Mira-3,5,3,source_covariance,,unavailable,,,0,,,
P03OUTER-f0447af50d9afddb822ac907,EXP-C06-T1,T1-CWA,cwa:within,cwa,not_applicable,4,1,standard,,complete,C-RBF-SVM-012,C-RBF-SVM-014,36,0.0,0.0,0.0
P03OUTER-f0529050565c28b0840285f9,EXP-C10-T3,T3-ZS,pills:Pendar-1,pills,Pendar-1,2,0,fixed_family_reuse,C-EXTRA-TREES,complete,C-EXTRA-TREES-000,C-EXTRA-TREES-001,16,0.0,0.0,0.0
P03OUTER-f0595bc516fd5b7ae18d4078,EXP-C12-CORAL,T3-ZS,pills:Agilent-1,pills,Agilent-1,5,2,source_covariance,,unavailable,,,0,,,
P03OUTER-f059f7a1aebd12ed208b1600,EXP-C09-T3,T3-ZS,cwa:Mira-2,cwa,Mira-2,3,3,standard,,complete,C-SPECTRAL-MATCH-002,C-SPECTRAL-MATCH-001,124,0.0,0.0,0.0444444444444444
P03OUTER-f08ab0c0a553b1bbc4758b65,EXP-C07-T1,T1-SURF,surfaces:within,surfaces,not_applicable,3,0,standard,,complete,C-RANDOM-FOREST-000,C-RANDOM-FOREST-001,16,0.0,0.0,0.0
P03OUTER-f09e1edf82e397b688a08947,EXP-C01-T1,T1-CWA,cwa:within,cwa,not_applicable,4,0,standard,,complete,C-SPECTRAL-MATCH-002,C-SPECTRAL-MATCH-001,3,1.1102230246251565e-16,0.0,-0.0185185185185186
P03OUTER-f09feb5b0061af6c04b51d32,EXP-C10-T3,T3-ZS,surfaces:RMX-2,surfaces,RMX-2,5,1,fixed_family_reuse,C-RBF-SVM,complete,C-RBF-SVM-025,C-RBF-SVM-031,36,0.0,0.0,0.0
P03OUTER-f0a345468720152d2b0da09d,EXP-C10-T3,T3-ZS,surfaces:Mira-1,surfaces,Mira-1,4,0,fixed_family_reuse,C-RANDOM-FOREST,complete,C-RANDOM-FOREST-000,C-RANDOM-FOREST-001,16,0.0,0.0,0.0
P03OUTER-f0b043a835997ddf5fbeaab9,EXP-C10-T3,T3-ZS,pills:Pendar-1,pills,Pendar-1,4,3,fixed_family_reuse,C-EXTRA-TREES,complete,C-EXTRA-TREES-000,C-EXTRA-TREES-001,16,0.0,0.0,0.0
P03OUTER-f0b5a9b4513c7182d75b5d2a,EXP-C03-T1,T1-CWA,cwa:within,cwa,not_applicable,2,1,standard,,complete,C-PCA-LDA-004,C-PCA-LDA-005,10,0.0,0.0,0.0
P03OUTER-f0c02d298355e439ab778d93,EXP-C10-T3,T3-ZS,surfaces:Pendar-3,surfaces,Pendar-3,5,1,fixed_family_reuse,C-RBF-SVM,complete,C-RBF-SVM-031,C-RBF-SVM-025,36,0.01388888888888884,-0.05555555555555547,0.021733821733821657
P03OUTER-f121369608807b0136742dac,EXP-C10-T3,T3-ZS,cwa:RMX-1,cwa,RMX-1,1,3,fixed_family_reuse,C-RANDOM-FOREST,complete,C-RANDOM-FOREST-005,C-RANDOM-FOREST-002,16,0.01851851851851849,0.03703703703703701,0.012301587301587258
P03OUTER-f192379a1d8189b42a9c8b2b,EXP-C10-T3,T3-ZS,surfaces:Mira-1,surfaces,Mira-1,1,3,fixed_family_reuse,C-RBF-SVM,complete,C-RBF-SVM-019,C-RBF-SVM-018,36,0.011111111111111072,0.0222222222222222,-0.06433452168746279
P03OUTER-f1b9f6301f2af10c0c386247,EXP-C10-T3,T3-ZS,surfaces:Pendar-2,surfaces,Pendar-2,1,2,fixed_family_reuse,C-RANDOM-FOREST,complete,C-RANDOM-FOREST-000,C-RANDOM-FOREST-001,16,0.0,0.0,0.0
P03OUTER-f1ba0e872309bc92a4ee6f45,EXP-C02-T1,T1-PILLS,pills:within,pills,not_applicable,5,0,standard,,complete,C-NEAREST-CENTROID-000,C-NEAREST-CENTROID-001,8,0.0,0.0,0.0
P03OUTER-f1c203b45b89daea7f45333b,EXP-C10-T3,T3-ZS,surfaces:Pendar-3,surfaces,Pendar-3,4,3,fixed_family_reuse,C-RANDOM-FOREST,complete,C-RANDOM-FOREST-013,C-RANDOM-FOREST-004,16,0.0,0.0,0.0022742040285899934
P03OUTER-f1c6decb5d2907c08e8396f3,EXP-C10-T3,T3-ZS,pills:Agilent-3,pills,Agilent-3,3,0,fixed_family_reuse,C-RBF-SVM,complete,C-RBF-SVM-012,C-RBF-SVM-014,36,0.0,0.0,0.0
P03OUTER-f1f27b22b12488cf0cf0369b,EXP-C09-T3,T3-ZS,cwa:Pendar-2,cwa,Pendar-2,4,2,standard,,complete,C-SPECTRAL-MATCH-000,C-SPECTRAL-MATCH-002,124,0.0,0.0,0.0
P03OUTER-f1f4499c27ad5e7d08811a06,EXP-C10-T3,T3-ZS,surfaces:Pendar-2,surfaces,Pendar-2,5,2,fixed_family_reuse,C-EXTRA-TREES,complete,C-EXTRA-TREES-001,C-EXTRA-TREES-005,16,0.0,0.0,0.0
P03OUTER-f1fb590d779a198b49477fc6,EXP-C08-T1,T1-CWA,cwa:within,cwa,not_applicable,2,2,standard,,complete,C-EXTRA-TREES-000,C-EXTRA-TREES-001,16,0.0,0.0,0.0
P03OUTER-f20bf5fb1b8d36602708bec6,EXP-C04-T1,T1-SURF,surfaces:within,surfaces,not_applicable,3,1,standard,,complete,C-PLS-DA-003,C-PLS-DA-004,5,0.0,0.0,0.0
P03OUTER-f2492604abc283d70901719b,EXP-C12-CORAL,T3-ZS,cwa:Mira-2,cwa,Mira-2,2,2,source_covariance,,complete,CORAL-C-PCA-LDA-007,CORAL-C-RBF-SVM-006,46,0.027777777777777735,0.0,0.024999999999999967
P03OUTER-f299872109e1f769ab9720eb,EXP-C06-T1,T1-SURF,surfaces:within,surfaces,not_applicable,2,1,standard,,complete,C-RBF-SVM-012,C-RBF-SVM-014,36,0.0,0.0,0.0
P03OUTER-f2a7ceb8d5942eecd303ce66,EXP-C10-T3,T3-ZS,cwa:Pendar-2,cwa,Pendar-2,1,0,fixed_family_reuse,C-PCA-LDA,complete,C-PCA-LDA-003,C-PCA-LDA-000,10,0.08333333333333326,0.0,0.06587301587301586
P03OUTER-f2dc0ddaa34a4fd301644e32,EXP-C10-T3,T3-ZS,cwa:RMX-1,cwa,RMX-1,2,0,fixed_family_reuse,C-PCA-LDA,complete,C-PCA-LDA-004,C-PCA-LDA-008,10,0.0,0.0,0.0
P03OUTER-f2f261f13ce1e402b9173a32,EXP-C12-CORAL,T3-ZS,surfaces:Pendar-2,surfaces,Pendar-2,1,2,source_covariance,,unavailable,,,0,,,
P03OUTER-f3096a4e63c106b949247b8c,EXP-C09-T3,T3-ZS,pills:Agilent-3,pills,Agilent-3,4,3,standard,,complete,C-PLS-DA-000,C-LOGREG-EN-000,124,0.0,0.0,0.0
P03OUTER-f3103e42ae4cecd0e7e1b6d9,EXP-C07-T1,T1-SURF,surfaces:within,surfaces,not_applicable,2,3,standard,,complete,C-RANDOM-FOREST-000,C-RANDOM-FOREST-001,16,0.0,0.0,0.0
P03OUTER-f310b548ecc3db0d02734700,EXP-C10-T3,T3-ZS,pills:Pendar-1,pills,Pendar-1,2,1,fixed_family_reuse,C-RBF-SVM,complete,C-RBF-SVM-012,C-RBF-SVM-014,36,0.0,0.0,0.0
P03OUTER-f35d438b2df1b06256ed90c8,EXP-C09-CONTROL-META,T3-ZS,surfaces:Pendar-2,surfaces,Pendar-2,3,1,metadata_control,,complete,CTRL-META-C-LOGREG-EN-011,CTRL-META-C-LOGREG-EN-004,30,0.0,0.0,0.023651721897336025
P03OUTER-f36331f3864b2f486296dbb4,EXP-C12-CORAL,T3-ZS,cwa:Pendar-2,cwa,Pendar-2,3,1,source_covariance,,unavailable,,,0,,,
P03OUTER-f37e100845b31be26f7a1f2a,EXP-C07-T1,T1-CWA,cwa:within,cwa,not_applicable,5,2,standard,,complete,C-RANDOM-FOREST-008,C-RANDOM-FOREST-012,16,0.0,0.0,0.0
P03OUTER-f38147a21deea4b694d32293,EXP-C09-CONTROL-META,T3-ZS,cwa:Pendar-2,cwa,Pendar-2,3,3,metadata_control,,complete,CTRL-META-C-LOGREG-EN-025,CTRL-META-C-LOGREG-EN-011,30,0.0,0.0,0.04999999999999999
P03OUTER-f39909bb15cf6905a28d3164,EXP-C10-T3,T3-ZS,cwa:Mira-2,cwa,Mira-2,4,2,fixed_family_reuse,C-EXTRA-TREES,complete,C-EXTRA-TREES-015,C-EXTRA-TREES-000,16,0.02777777777777779,0.0,0.04074074074074069
P03OUTER-f3b29f895978214f0fbe09a0,EXP-C10-T3,T3-ZS,cwa:RMX-1,cwa,RMX-1,4,0,fixed_family_reuse,C-RANDOM-FOREST,complete,C-RANDOM-FOREST-009,C-RANDOM-FOREST-013,16,0.01851851851851849,0.03703703703703709,0.010582010582010692
P03OUTER-f3c26cc5cc04f39605eb6579,EXP-C10-T3,T3-ZS,cwa:RMX-1,cwa,RMX-1,2,1,fixed_family_reuse,C-PCA-LDA,complete,C-PCA-LDA-002,C-PCA-LDA-007,10,0.05555555555555547,-0.1666666666666667,0.08888888888888896
P03OUTER-f3c6dd6a0adf868584ecd9fd,EXP-C10-T3,T3-ZS,pills:Mira-3,pills,Mira-3,2,2,fixed_family_reuse,C-RANDOM-FOREST,complete,C-RANDOM-FOREST-000,C-RANDOM-FOREST-001,16,0.0,0.0,0.0
P03OUTER-f3f055de102ac01f668413b0,EXP-C02-T1,T1-CWA,cwa:within,cwa,not_applicable,2,1,standard,,complete,C-NEAREST-CENTROID-004,C-NEAREST-CENTROID-005,8,0.05555555555555558,-0.16666666666666663,0.04814814814814827
P03OUTER-f414d47dfadfbe336cd4af0c,EXP-C09-T3,T3-ZS,surfaces:Pendar-2,surfaces,Pendar-2,1,3,standard,,complete,C-SPECTRAL-MATCH-000,C-SPECTRAL-MATCH-002,110,0.0,0.0,0.0
P03OUTER-f42238277552f960b3d048bf,EXP-C08-T1,T1-PILLS,pills:within,pills,not_applicable,5,0,standard,,complete,C-EXTRA-TREES-000,C-EXTRA-TREES-001,16,0.0,0.0,0.0
P03OUTER-f44f473b8d299af538165368,EXP-C10-T3,T3-ZS,pills:Agilent-1,pills,Agilent-1,2,2,fixed_family_reuse,C-RBF-SVM,complete,C-RBF-SVM-012,C-RBF-SVM-013,36,0.0,0.0,0.0
P03OUTER-f4612d532e29a6a0ef1aa59f,EXP-C12-CORAL,T3-ZS,cwa:RMX-1,cwa,RMX-1,5,3,source_covariance,,complete,CORAL-C-PCA-LDA-005,CORAL-C-PCA-LDA-007,46,0.0,0.0,0.080952380952381
P03OUTER-f461e4a59e9f9d08e8b8f511,EXP-C04-T1,T1-SURF,surfaces:within,surfaces,not_applicable,1,1,standard,,complete,C-PLS-DA-004,C-PLS-DA-001,5,0.0,0.0,0.021164021164021163
P03OUTER-f49cbfd934f9f998a7e680e0,EXP-C09-CONTROL-META,T3-ZS,pills:Agilent-3,pills,Agilent-3,5,3,metadata_control,,complete,CTRL-META-C-LOGREG-EN-001,CTRL-META-C-LOGREG-EN-003,18,0.0,0.0,0.0
P03OUTER-f4bfdc649c25f652edb87a27,EXP-C10-T3,T3-ZS,cwa:Pendar-2,cwa,Pendar-2,4,3,fixed_family_reuse,C-PCA-LDA,complete,C-PCA-LDA-004,C-PCA-LDA-005,10,0.0,0.0,0.0
P03OUTER-f4cab2f74121c32be45830a1,EXP-C10-T3,T3-ZS,surfaces:Mira-1,surfaces,Mira-1,5,2,fixed_family_reuse,C-PCA-LDA,complete,C-PCA-LDA-003,C-PCA-LDA-001,6,0.033333333333333326,-0.2,0.05729199993905876
P03OUTER-f4cccf258c8f0da20246dc69,EXP-C09-T3,T3-ZS,pills:Pendar-1,pills,Pendar-1,2,3,standard,,complete,C-PLS-DA-000,C-LOGREG-EN-000,124,0.0,0.0,0.0
P03OUTER-f4e3442787c0b1500eeb6b87,EXP-C05-T1,T1-SURF,surfaces:within,surfaces,not_applicable,4,2,standard,,complete,C-LOGREG-EN-000,C-LOGREG-EN-005,28,0.0,0.0,0.0
P03OUTER-f4e3aada2516d083ec4a2419,EXP-C10-T3,T3-ZS,cwa:Mira-2,cwa,Mira-2,5,0,fixed_family_reuse,C-EXTRA-TREES,complete,C-EXTRA-TREES-005,C-EXTRA-TREES-007,16,0.0,0.0,0.0
P03OUTER-f4ea8766503245382a8564ab,EXP-C10-T3,T3-ZS,cwa:Pendar-2,cwa,Pendar-2,3,1,fixed_family_reuse,C-RANDOM-FOREST,complete,C-RANDOM-FOREST-000,C-RANDOM-FOREST-001,16,0.08333333333333331,0.0,0.12037037037037038
P03OUTER-f518ff03fc06c4888bd54067,EXP-C09-T3,T3-ZS,pills:Pendar-3,pills,Pendar-3,1,2,standard,,complete,C-PLS-DA-000,C-LOGREG-EN-000,123,0.0,0.0,0.0
P03OUTER-f52e1ae35c9e8c282f35db27,EXP-C10-T3,T3-ZS,pills:Agilent-3,pills,Agilent-3,3,2,fixed_family_reuse,C-RANDOM-FOREST,complete,C-RANDOM-FOREST-000,C-RANDOM-FOREST-001,16,0.0,0.0,0.0
P03OUTER-f5331298ca7cf9bca795e0df,EXP-C01-T1,T1-PILLS,pills:within,pills,not_applicable,4,2,standard,,complete,C-SPECTRAL-MATCH-000,C-SPECTRAL-MATCH-001,3,0.0,0.0,0.0
P03OUTER-f54ca54079d273f7bfddae5e,EXP-C10-T3,T3-ZS,pills:Agilent-3,pills,Agilent-3,5,1,fixed_family_reuse,C-RANDOM-FOREST,complete,C-RANDOM-FOREST-000,C-RANDOM-FOREST-001,16,0.0,0.0,0.0
P03OUTER-f550aaa4e31a55489bd6e2f5,EXP-C10-T3,T3-ZS,surfaces:Agilent-3,surfaces,Agilent-3,1,2,fixed_family_reuse,C-RBF-SVM,complete,C-RBF-SVM-018,C-RBF-SVM-019,36,0.0,0.0,0.0
P03OUTER-f58203ad14f545f609f2bc45,EXP-C12-CORAL,T3-ZS,cwa:Pendar-2,cwa,Pendar-2,4,2,source_covariance,,unavailable,,,0,,,
P03OUTER-f58c5104c36d29dcbe2fd302,EXP-C09-CONTROL-META,T3-ZS,pills:Agilent-1,pills,Agilent-1,2,0,metadata_control,,complete,CTRL-META-C-LOGREG-EN-015,CTRL-META-C-LOGREG-EN-020,30,0.05555555555555547,0.0,0.05185185185185187
P03OUTER-f59d18530d126ea81a99abdd,EXP-C09-CONTROL-META,T3-ZS,surfaces:Pendar-3,surfaces,Pendar-3,1,3,metadata_control,,complete,CTRL-META-C-LOGREG-EN-004,CTRL-META-C-LOGREG-EN-005,22,0.0,0.0,0.0
P03OUTER-f59d25646136c01786bf7b05,EXP-C10-T3,T3-ZS,pills:Mira-3,pills,Mira-3,2,3,fixed_family_reuse,C-RBF-SVM,complete,C-RBF-SVM-012,C-RBF-SVM-014,36,0.0,0.0,0.0
P03OUTER-f59de9c61e8991fe41c22c85,EXP-C03-T1,T1-PILLS,pills:within,pills,not_applicable,1,1,standard,,complete,C-PCA-LDA-004,C-PCA-LDA-005,10,0.0,0.0,0.0
P03OUTER-f5b63c6f9480cef8a0611233,EXP-C10-T3,T3-ZS,surfaces:Mira-1,surfaces,Mira-1,3,2,fixed_family_reuse,C-RANDOM-FOREST,complete,C-RANDOM-FOREST-013,C-RANDOM-FOREST-008,16,0.0185185185185186,0.05555555555555558,-0.0004208754208753218
P03OUTER-f5f72bcf4e5675c4ce0d66b0,EXP-C01-T1,T1-CWA,cwa:within,cwa,not_applicable,3,1,standard,,complete,C-SPECTRAL-MATCH-001,C-SPECTRAL-MATCH-002,3,0.05555555555555558,0.0,0.014814814814814725
P03OUTER-f6208f99bf4e86dc3f3d94ed,EXP-C10-T3,T3-ZS,pills:Pendar-3,pills,Pendar-3,1,0,fixed_family_reuse,C-RBF-SVM,complete,C-RBF-SVM-012,C-RBF-SVM-014,36,0.0,0.0,0.0
P03OUTER-f64ffb37e324a1d48ef95721,EXP-C10-T3,T3-ZS,surfaces:RMX-2,surfaces,RMX-2,5,3,fixed_family_reuse,C-PCA-LDA,complete,C-PCA-LDA-001,C-PCA-LDA-009,4,0.15714285714285714,0.09523809523809518,0.11550635848881463
P03OUTER-f67138c419b4e7ccffcc1104,EXP-C09-CONTROL-META,T3-ZS,cwa:RMX-1,cwa,RMX-1,3,2,metadata_control,,complete,CTRL-META-C-LOGREG-EN-025,CTRL-META-C-LOGREG-EN-003,29,0.08333333333333331,0.0,0.08465608465608465
P03OUTER-f699276e265c3f2a1df3b117,EXP-C12-CORAL,T3-ZS,pills:Mira-3,pills,Mira-3,1,1,source_covariance,,unavailable,,,0,,,
P03OUTER-f6cc59656f550fd7a4dc0a02,EXP-C12-CORAL,T3-ZS,surfaces:Pendar-3,surfaces,Pendar-3,4,1,source_covariance,,complete,CORAL-C-PCA-LDA-005,CORAL-C-PCA-LDA-002,44,0.06944444444444442,0.11111111111111116,0.0726689976689977
P03OUTER-f6ee8c541691f75122e63422,EXP-C03-T1,T1-CWA,cwa:within,cwa,not_applicable,5,2,standard,,complete,C-PCA-LDA-006,C-PCA-LDA-007,10,0.0,0.0,0.0
P03OUTER-f708b18d864f29a0d91362bb,EXP-C10-T3,T3-ZS,pills:Agilent-3,pills,Agilent-3,1,1,fixed_family_reuse,C-RANDOM-FOREST,complete,C-RANDOM-FOREST-000,C-RANDOM-FOREST-001,16,0.0,0.0,0.0
P03OUTER-f70eaca23c6d48d1767848f5,EXP-C10-T3,T3-ZS,pills:Agilent-3,pills,Agilent-3,4,2,fixed_family_reuse,C-PCA-LDA,complete,C-PCA-LDA-006,C-PCA-LDA-007,10,0.0,0.0,0.0
P03OUTER-f71e64bb39ce77eb1ae500c7,EXP-C10-T3,T3-ZS,pills:Pendar-1,pills,Pendar-1,5,2,fixed_family_reuse,C-EXTRA-TREES,complete,C-EXTRA-TREES-000,C-EXTRA-TREES-001,16,0.0,0.0,0.0
P03OUTER-f7440f378d8e9385a57bc1c8,EXP-C10-T3,T3-ZS,surfaces:Mira-1,surfaces,Mira-1,1,3,fixed_family_reuse,C-EXTRA-TREES,complete,C-EXTRA-TREES-010,C-EXTRA-TREES-000,16,0.0092592592592593,0.05555555555555558,0.025974025974025983
P03OUTER-f74c039e14a1a34f8098c726,EXP-C12-CORAL,T3-ZS,pills:Agilent-3,pills,Agilent-3,4,2,source_covariance,,unavailable,,,0,,,
P03OUTER-f7519e559ad3eb88a29556ea,EXP-C12-CORAL,T3-ZS,pills:Agilent-1,pills,Agilent-1,4,1,source_covariance,,unavailable,,,0,,,
P03OUTER-f76893a0f2d5c1b4c5186f40,EXP-C09-CONTROL-META,T3-ZS,surfaces:Mira-1,surfaces,Mira-1,3,3,metadata_control,,complete,CTRL-META-C-LOGREG-EN-004,CTRL-META-C-LOGREG-EN-007,30,0.0,0.0,0.018518518518518573
P03OUTER-f7a5fc1c35008f0042414422,EXP-C09-CONTROL-META,T3-ZS,pills:Agilent-3,pills,Agilent-3,1,2,metadata_control,,complete,CTRL-META-C-LOGREG-EN-000,CTRL-META-C-LOGREG-EN-003,23,0.0,0.0,0.01746031746031751
P03OUTER-f7aab64e1917d1b583d8af99,EXP-C10-T3,T3-ZS,pills:Agilent-1,pills,Agilent-1,5,3,fixed_family_reuse,C-EXTRA-TREES,complete,C-EXTRA-TREES-000,C-EXTRA-TREES-001,16,0.0,0.0,0.0
P03OUTER-f7d155c1cd1a026c7e4432f2,EXP-C02-T1,T1-CWA,cwa:within,cwa,not_applicable,1,1,standard,,complete,C-NEAREST-CENTROID-005,C-NEAREST-CENTROID-006,8,0.0,0.0,0.033333333333333326
P03OUTER-f810897fd54b4e5e62945dfa,EXP-C10-T3,T3-ZS,pills:Mira-3,pills,Mira-3,3,0,fixed_family_reuse,C-RBF-SVM,complete,C-RBF-SVM-012,C-RBF-SVM-014,36,0.0,0.0,0.0
P03OUTER-f8113cad19728c4c734f702e,EXP-C10-T3,T3-ZS,surfaces:Pendar-2,surfaces,Pendar-2,3,3,fixed_family_reuse,C-RANDOM-FOREST,complete,C-RANDOM-FOREST-000,C-RANDOM-FOREST-007,16,0.0,0.05555555555555547,-0.00917107583774257
P03OUTER-f825ce1d53cfe8b975b63666,EXP-C10-T3,T3-ZS,surfaces:Pendar-2,surfaces,Pendar-2,2,3,fixed_family_reuse,C-PCA-LDA,complete,C-PCA-LDA-008,C-PCA-LDA-009,2,0.09206349206349207,0.0,0.09605600702091929
P03OUTER-f842eca7cfdb0933c85cc825,EXP-C01-T1,T1-CWA,cwa:within,cwa,not_applicable,5,3,standard,,complete,C-SPECTRAL-MATCH-001,C-SPECTRAL-MATCH-002,3,0.05555555555555558,0.0,0.05925925925925912
P03OUTER-f894c5c55ee35488a1bc4ff2,EXP-C09-CONTROL-META,T3-ZS,surfaces:Agilent-3,surfaces,Agilent-3,4,3,metadata_control,,complete,CTRL-META-C-LOGREG-EN-014,CTRL-META-C-LOGREG-EN-005,18,0.0,0.0,0.046783625730994205
P03OUTER-f899ad1aef2326f8d1338afe,EXP-C09-T3,T3-ZS,cwa:RMX-1,cwa,RMX-1,3,2,standard,,complete,C-EXTRA-TREES-014,C-EXTRA-TREES-005,126,0.01851851851851849,-0.07407407407407413,0.03439153439153442
P03OUTER-f8b1628c7da9919b41a5296c,EXP-C10-T3,T3-ZS,pills:Pendar-3,pills,Pendar-3,2,0,fixed_family_reuse,C-RANDOM-FOREST,complete,C-RANDOM-FOREST-000,C-RANDOM-FOREST-001,16,0.0,0.0,0.0
P03OUTER-f8ce6dc8a1fdeccfd35f5916,EXP-C12-CORAL,T3-ZS,cwa:Pendar-2,cwa,Pendar-2,2,0,source_covariance,,unavailable,,,0,,,
P03OUTER-f8d08ef6774e6f5d4974189b,EXP-C10-T3,T3-ZS,surfaces:Agilent-3,surfaces,Agilent-3,1,2,fixed_family_reuse,C-EXTRA-TREES,complete,C-EXTRA-TREES-011,C-EXTRA-TREES-015,16,0.012345679012345734,0.0,0.012698412698412653
P03OUTER-f8e83909749eade526d165c8,EXP-C10-T3,T3-ZS,pills:Agilent-3,pills,Agilent-3,5,3,fixed_family_reuse,C-PCA-LDA,complete,C-PCA-LDA-004,C-PCA-LDA-005,10,0.0,0.0,0.0
P03OUTER-f8ecb9eda9cb3800b24ac11f,EXP-C10-T3,T3-ZS,surfaces:Pendar-3,surfaces,Pendar-3,1,3,fixed_family_reuse,C-RANDOM-FOREST,complete,C-RANDOM-FOREST-012,C-RANDOM-FOREST-013,16,0.0,0.0,0.0
P03OUTER-f8f19372b793f5704f4a2f7b,EXP-C07-T1,T1-CWA,cwa:within,cwa,not_applicable,2,1,standard,,complete,C-RANDOM-FOREST-011,C-RANDOM-FOREST-012,16,0.0,0.0,0.0
P03OUTER-f910767a0fc815cb247ce9ad,EXP-C01-T1,T1-CWA,cwa:within,cwa,not_applicable,3,3,standard,,complete,C-SPECTRAL-MATCH-001,C-SPECTRAL-MATCH-000,3,0.05555555555555558,-0.16666666666666663,0.0788359788359787
P03OUTER-f9119561172ca6da9692ff4e,EXP-C12-CORAL,T3-ZS,cwa:Mira-2,cwa,Mira-2,1,2,source_covariance,,unavailable,,,0,,,
P03OUTER-f9713ae87728f4e035778f3b,EXP-C09-CONTROL-META,T3-ZS,cwa:Mira-2,cwa,Mira-2,5,0,metadata_control,,complete,CTRL-META-C-LOGREG-EN-023,CTRL-META-C-LOGREG-EN-024,30,0.0,0.0,0.0
P03OUTER-f99a4e9f99e06417a0953072,EXP-C07-T1,T1-CWA,cwa:within,cwa,not_applicable,2,3,standard,,complete,C-RANDOM-FOREST-011,C-RANDOM-FOREST-015,16,0.0,0.0,0.0
P03OUTER-f99d2107840dd7f3e6da523c,EXP-C10-T3,T3-ZS,surfaces:Pendar-3,surfaces,Pendar-3,1,3,fixed_family_reuse,C-EXTRA-TREES,complete,C-EXTRA-TREES-000,C-EXTRA-TREES-001,16,0.0,0.0,0.0
P03OUTER-f9c1a2845d9f6343194256f7,EXP-C09-T3,T3-ZS,cwa:Mira-2,cwa,Mira-2,2,0,standard,,complete,C-LOGREG-EN-016,C-PLS-DA-000,122,0.01851851851851849,0.05555555555555558,0.016931216931216908
P03OUTER-f9c8ca8f9dc7e9a725ebe83c,EXP-C10-T3,T3-ZS,pills:Mira-3,pills,Mira-3,4,0,fixed_family_reuse,C-EXTRA-TREES,complete,C-EXTRA-TREES-000,C-EXTRA-TREES-001,16,0.0,0.0,0.0
P03OUTER-f9da75b996646229db1ee9d2,EXP-C10-T3,T3-ZS,pills:Pendar-1,pills,Pendar-1,5,0,fixed_family_reuse,C-PCA-LDA,complete,C-PCA-LDA-004,C-PCA-LDA-005,10,0.0,0.0,0.0
P03OUTER-f9fe6cbc9a5515f3af8554ed,EXP-C12-CORAL,T3-ZS,surfaces:Pendar-3,surfaces,Pendar-3,1,0,source_covariance,,complete,CORAL-C-PCA-LDA-002,CORAL-C-PCA-LDA-003,42,0.09999999999999987,0.0,0.1342592592592593
P03OUTER-fa1d0316d1f5a947dc29847d,EXP-C10-T3,T3-ZS,cwa:Mira-2,cwa,Mira-2,4,3,fixed_family_reuse,C-EXTRA-TREES,complete,C-EXTRA-TREES-000,C-EXTRA-TREES-004,16,0.0,0.0,0.0
P03OUTER-fa7cf2ee8d47cfc636a4a34e,EXP-C06-T1,T1-SURF,surfaces:within,surfaces,not_applicable,3,2,standard,,complete,C-RBF-SVM-012,C-RBF-SVM-014,36,0.0,0.0,0.0
P03OUTER-fa8fc3e43fd2673e1fc09aea,EXP-C01-T1,T1-CWA,cwa:within,cwa,not_applicable,4,1,standard,,complete,C-SPECTRAL-MATCH-000,C-SPECTRAL-MATCH-001,3,0.0,0.0,0.0
P03OUTER-fab32471e238aa1d68ec148d,EXP-C10-T3,T3-ZS,pills:Agilent-1,pills,Agilent-1,4,3,fixed_family_reuse,C-PCA-LDA,complete,C-PCA-LDA-004,C-PCA-LDA-005,10,0.0,0.0,0.0
P03OUTER-fac738fbcf74b08ec7d3bf05,EXP-C02-T1,T1-CWA,cwa:within,cwa,not_applicable,2,0,standard,,complete,C-NEAREST-CENTROID-005,C-NEAREST-CENTROID-004,8,0.05555555555555558,0.0,0.051851851851851816
P03OUTER-faef7b02185295b2b5a2126f,EXP-C02-T1,T1-SURF,surfaces:within,surfaces,not_applicable,4,2,standard,,complete,C-NEAREST-CENTROID-000,C-NEAREST-CENTROID-001,8,0.0,0.0,0.0
P03OUTER-fb374d8fecfa6704e4b5454d,EXP-C10-T3,T3-ZS,surfaces:Mira-1,surfaces,Mira-1,5,3,fixed_family_reuse,C-RANDOM-FOREST,complete,C-RANDOM-FOREST-004,C-RANDOM-FOREST-012,16,0.0,0.0,0.004320987654320985
P03OUTER-fb6a4db73962e27f3391ce72,EXP-C10-T3,T3-ZS,surfaces:RMX-2,surfaces,RMX-2,1,3,fixed_family_reuse,C-RBF-SVM,complete,C-RBF-SVM-019,C-RBF-SVM-025,36,0.0,0.0,0.0
P03OUTER-fb90bcb6af669b97e406c0cb,EXP-C10-T3,T3-ZS,pills:Agilent-1,pills,Agilent-1,4,3,fixed_family_reuse,C-EXTRA-TREES,complete,C-EXTRA-TREES-000,C-EXTRA-TREES-001,16,0.0,0.0,0.0
P03OUTER-fbb65bc783c5ac7a6eaea7e3,EXP-C09-T3,T3-ZS,pills:Pendar-1,pills,Pendar-1,5,3,standard,,complete,C-PLS-DA-000,C-LOGREG-EN-000,123,0.0,0.0,0.0
P03OUTER-fbd0d6ecf052a6b520dd08ef,EXP-C04-T1,T1-CWA,cwa:within,cwa,not_applicable,1,3,standard,,complete,C-PLS-DA-004,C-PLS-DA-002,5,0.05555555555555558,0.0,0.059259259259259345
P03OUTER-fbf71ce0913876a50b65bb81,EXP-C09-CONTROL-META,T3-ZS,cwa:Pendar-2,cwa,Pendar-2,3,2,metadata_control,,complete,CTRL-META-C-LOGREG-EN-026,CTRL-META-C-LOGREG-EN-004,30,0.055555555555555525,0.0,0.024338624338624326
P03OUTER-fc04bc736f8590eeedbb27f7,EXP-C10-T3,T3-ZS,pills:Pendar-1,pills,Pendar-1,3,0,fixed_family_reuse,C-RBF-SVM,complete,C-RBF-SVM-012,C-RBF-SVM-014,36,0.0,0.0,0.0
P03OUTER-fc09c6c96ecdae61bbc032c7,EXP-C03-T1,T1-SURF,surfaces:within,surfaces,not_applicable,2,3,standard,,complete,C-PCA-LDA-004,C-PCA-LDA-006,10,0.0,0.0,0.0
P03OUTER-fc0e1e87fe1ec5739bf28d5e,EXP-C05-T1,T1-SURF,surfaces:within,surfaces,not_applicable,2,2,standard,,complete,C-LOGREG-EN-005,C-LOGREG-EN-010,30,0.0,0.0,0.0
P03OUTER-fc3e3b99f23a1599d6c6eb70,EXP-C10-T3,T3-ZS,pills:Agilent-1,pills,Agilent-1,1,0,fixed_family_reuse,C-EXTRA-TREES,complete,C-EXTRA-TREES-000,C-EXTRA-TREES-001,16,0.0,0.0,0.0
P03OUTER-fc623d2240a2938a11e9422e,EXP-C10-T3,T3-ZS,surfaces:Agilent-3,surfaces,Agilent-3,4,2,fixed_family_reuse,C-RBF-SVM,complete,C-RBF-SVM-019,C-RBF-SVM-025,36,0.04166666666666674,0.08333333333333331,0.06688453159041396
P03OUTER-fc6b9895977a9a1423cde825,EXP-C10-T3,T3-ZS,pills:Pendar-3,pills,Pendar-3,3,2,fixed_family_reuse,C-PCA-LDA,complete,C-PCA-LDA-002,C-PCA-LDA-003,10,0.0,0.0,0.0
P03OUTER-fc7f8036bae272467437890d,EXP-C08-T1,T1-CWA,cwa:within,cwa,not_applicable,2,0,standard,,complete,C-EXTRA-TREES-009,C-EXTRA-TREES-010,16,0.0,0.0,0.0
P03OUTER-fca35079c6049b04ed24e195,EXP-C09-T3,T3-ZS,pills:Agilent-1,pills,Agilent-1,3,0,standard,,complete,C-PLS-DA-000,C-LOGREG-EN-000,124,0.0,0.0,0.0
P03OUTER-fcae24acfeb0d8e5b492756f,EXP-C12-CORAL,T3-ZS,surfaces:RMX-2,surfaces,RMX-2,2,2,source_covariance,,unavailable,,,0,,,
P03OUTER-fcba7edd0f61ddc3d044e015,EXP-C10-T3,T3-ZS,surfaces:Agilent-3,surfaces,Agilent-3,1,3,fixed_family_reuse,C-PCA-LDA,complete,C-PCA-LDA-003,C-PCA-LDA-002,6,0.10555555555555551,0.10000000000000003,0.050955634779164094
P03OUTER-fcdb202b4d717c640ed535ca,EXP-C07-T1,T1-SURF,surfaces:within,surfaces,not_applicable,5,0,standard,,complete,C-RANDOM-FOREST-000,C-RANDOM-FOREST-001,16,0.0,0.0,0.0
P03OUTER-fce08e320a2935a3f821af86,EXP-C09-CONTROL-META,T3-ZS,pills:Agilent-1,pills,Agilent-1,1,0,metadata_control,,complete,CTRL-META-C-LOGREG-EN-003,CTRL-META-C-LOGREG-EN-006,30,0.0,0.0,0.0
P03OUTER-fd05aaa9df897e311655e340,EXP-C10-T3,T3-ZS,pills:Pendar-1,pills,Pendar-1,3,2,fixed_family_reuse,C-PCA-LDA,complete,C-PCA-LDA-004,C-PCA-LDA-005,10,0.0,0.0,0.0
P03OUTER-fd1914d859351f2e78a5501d,EXP-C08-T1,T1-SURF,surfaces:within,surfaces,not_applicable,4,1,standard,,complete,C-EXTRA-TREES-003,C-EXTRA-TREES-007,16,0.0,0.0,0.0
P03OUTER-fd3cc32ff02a80b20884467c,EXP-C09-CONTROL-META,T3-ZS,pills:Pendar-1,pills,Pendar-1,1,0,metadata_control,,complete,CTRL-META-C-LOGREG-EN-003,CTRL-META-C-LOGREG-EN-008,30,0.0,0.0,0.0
P03OUTER-fd3cee8a9b1a65f49c2872ee,EXP-C01-T1,T1-PILLS,pills:within,pills,not_applicable,1,0,standard,,complete,C-SPECTRAL-MATCH-000,C-SPECTRAL-MATCH-001,3,0.0,0.0,0.0
P03OUTER-fd5323607dc4a01e5a0d7640,EXP-C12-CORAL,T3-ZS,cwa:RMX-1,cwa,RMX-1,2,1,source_covariance,,unavailable,,,0,,,
P03OUTER-fd7a70a24f80948a3c17e8ee,EXP-C10-T3,T3-ZS,cwa:Mira-2,cwa,Mira-2,2,0,fixed_family_reuse,C-PCA-LDA,complete,C-PCA-LDA-004,C-PCA-LDA-008,10,0.0,0.0,0.0
P03OUTER-fd935b54672b1bcd62780c61,EXP-C09-CONTROL-META,T3-ZS,surfaces:Pendar-2,surfaces,Pendar-2,1,1,metadata_control,,complete,CTRL-META-C-LOGREG-EN-000,CTRL-META-C-LOGREG-EN-002,30,0.0,0.0,0.0
P03OUTER-fd96d14bf90b7405da92fd18,EXP-C09-CONTROL-META,T3-ZS,pills:Agilent-1,pills,Agilent-1,5,1,metadata_control,,complete,CTRL-META-C-LOGREG-EN-001,CTRL-META-C-LOGREG-EN-008,30,0.0,0.0,0.0
P03OUTER-fd9c936d5c9141aac1375eea,EXP-C10-T3,T3-ZS,pills:Agilent-3,pills,Agilent-3,2,2,fixed_family_reuse,C-RBF-SVM,complete,C-RBF-SVM-012,C-RBF-SVM-014,36,0.0,0.0,0.0
P03OUTER-fdadb3691d8d307404078dc5,EXP-C09-CONTROL-META,T3-ZS,pills:Pendar-1,pills,Pendar-1,5,3,metadata_control,,complete,CTRL-META-C-LOGREG-EN-001,CTRL-META-C-LOGREG-EN-003,21,0.0,0.0,0.0
P03OUTER-fdcc755a4f08bbbd64d522d6,EXP-C10-T3,T3-ZS,surfaces:Pendar-3,surfaces,Pendar-3,2,3,fixed_family_reuse,C-RANDOM-FOREST,complete,C-RANDOM-FOREST-000,C-RANDOM-FOREST-012,16,0.007936507936507908,0.031746031746031744,0.004514784416745132
P03OUTER-fdef011ebb5f4ca01c5613bb,EXP-C12-CORAL,T3-ZS,surfaces:Mira-1,surfaces,Mira-1,4,2,source_covariance,,complete,CORAL-C-RBF-SVM-018,CORAL-C-RBF-SVM-020,42,0.0,0.0,0.0
P03OUTER-fe17b228e1b76f359375dc1a,EXP-C04-T1,T1-CWA,cwa:within,cwa,not_applicable,4,1,standard,,complete,C-PLS-DA-002,C-PLS-DA-003,5,0.0,0.0,0.03703703703703698
P03OUTER-fe7e8e6a957a34842df512bb,EXP-C09-CONTROL-META,T3-ZS,cwa:Pendar-2,cwa,Pendar-2,2,1,metadata_control,,complete,CTRL-META-C-LOGREG-EN-000,CTRL-META-C-LOGREG-EN-005,30,0.0,0.0,0.0
P03OUTER-feb4bb12fe9ecbe9831a8662,EXP-C10-T3,T3-ZS,pills:Agilent-3,pills,Agilent-3,1,1,fixed_family_reuse,C-PCA-LDA,complete,C-PCA-LDA-004,C-PCA-LDA-005,10,0.0,0.0,0.0
P03OUTER-feec1a3ec5743ad7cdb4cd5d,EXP-C09-CONTROL-META,T3-ZS,pills:Agilent-3,pills,Agilent-3,2,1,metadata_control,,complete,CTRL-META-C-LOGREG-EN-017,CTRL-META-C-LOGREG-EN-018,18,0.0,0.0,0.0
P03OUTER-ff038e02e58387b60d8ca12e,EXP-C10-T3,T3-ZS,cwa:Pendar-2,cwa,Pendar-2,2,2,fixed_family_reuse,C-PCA-LDA,complete,C-PCA-LDA-000,C-PCA-LDA-004,10,0.05555555555555558,0.27777777777777773,0.07473544973544977
P03OUTER-ff179f03c4cf7875daceb041,EXP-C09-T3,T3-ZS,surfaces:Pendar-2,surfaces,Pendar-2,4,1,standard,,complete,C-LOGREG-EN-019,C-LOGREG-EN-018,110,0.0092592592592593,-0.05555555555555569,-0.02140822140822146
P03OUTER-ff1b4cd609e1cd442a186b15,EXP-C09-CONTROL-META,T3-ZS,pills:Pendar-3,pills,Pendar-3,2,3,metadata_control,,complete,CTRL-META-C-LOGREG-EN-002,CTRL-META-C-LOGREG-EN-004,30,0.0,0.0,0.0
P03OUTER-ff2876aee3442f406ab607cd,EXP-C09-T3,T3-ZS,pills:Pendar-1,pills,Pendar-1,1,2,standard,,complete,C-PLS-DA-000,C-LOGREG-EN-000,125,0.0,0.0,0.0
P03OUTER-ff4f24596b93b0acac6a2b73,EXP-C10-T3,T3-ZS,surfaces:Pendar-3,surfaces,Pendar-3,4,2,fixed_family_reuse,C-RBF-SVM,complete,C-RBF-SVM-025,C-RBF-SVM-031,36,0.0,0.0,0.0
P03OUTER-ff55173922e3ffa286d90aa4,EXP-C09-CONTROL-META,T3-ZS,pills:Agilent-3,pills,Agilent-3,5,0,metadata_control,,complete,CTRL-META-C-LOGREG-EN-017,CTRL-META-C-LOGREG-EN-018,18,0.0,0.0,0.0
P03OUTER-ff5afe572cddfae48735301f,EXP-C12-CORAL,T3-ZS,cwa:RMX-1,cwa,RMX-1,4,0,source_covariance,,complete,CORAL-C-PCA-LDA-007,CORAL-C-PCA-LDA-006,46,0.02777777777777779,0.05555555555555558,0.04126984126984129
P03OUTER-ff7a55cf3be1a71b45374d44,EXP-C12-CORAL,T3-ZS,cwa:Mira-2,cwa,Mira-2,1,3,source_covariance,,complete,CORAL-C-PCA-LDA-005,CORAL-C-RBF-SVM-006,46,0.027777777777777735,0.0,0.08783068783068781
P03OUTER-ffb10ee80d6808b5009207f5,EXP-C10-T3,T3-ZS,cwa:Pendar-2,cwa,Pendar-2,1,0,fixed_family_reuse,C-RBF-SVM,complete,C-RBF-SVM-019,C-RBF-SVM-025,36,0.08333333333333326,0.0,0.07777777777777783
P03OUTER-ffce88718b7137bd4f08a65f,EXP-C10-T3,T3-ZS,cwa:Mira-2,cwa,Mira-2,1,2,fixed_family_reuse,C-RBF-SVM,complete,C-RBF-SVM-020,C-RBF-SVM-026,36,0.0,0.0,0.0
P03OUTER-fffb33b5570bb59365264132,EXP-C07-T1,T1-CWA,cwa:within,cwa,not_applicable,3,0,standard,,complete,C-RANDOM-FOREST-015,C-RANDOM-FOREST-002,16,0.01851851851851849,0.0,0.01975308641975304
