scanname Scan041
timestamp 2024-03-06 17:14:25
ccdbias 1035.826660
ccdgain 4.045375
sigmaread 10.387852
laserwavenum -0.477176
wavenumcorrection -0.150743
scancount 8
totalexposurems 21075
singleexposurems 3000
measurementstate Unknown
scanmode Auto
snr 656.294128 12.477725 5.607836
replacelist 2
586 218589.000000 50200.000000
587 206679.000000 23982.000000
peaks 88
253.037537 4.591748 0.000000 0.166121 0.000073
279.186218 4.494733 0.000000 1.782897 0.000746
296.309845 4.353314 0.000000 1.436997 0.000649
305.076721 4.348982 0.000000 1.491952 0.000439
374.903564 3.991996 0.000000 2.141994 0.000860
395.402710 3.819907 0.000000 3.543467 0.000447
408.053741 3.776782 0.000000 7.376897 0.002315
431.057404 3.708979 0.000000 4.856108 0.001609
461.380341 3.728872 0.000000 0.792786 0.000311
513.536072 3.707601 0.000000 0.731982 0.000318
551.858215 3.683785 0.000000 1.363354 0.000713
637.442444 3.717231 0.000000 2.719422 0.001220
644.930908 3.674742 0.000000 0.613914 0.000211
657.054932 3.689782 0.000000 0.740745 0.000089
709.432800 3.570456 0.000000 0.813408 0.000618
737.811829 3.529894 0.000000 1.530717 0.000122
747.573608 3.515750 0.000000 0.802773 0.000262
816.576904 3.561668 0.000000 1.603907 0.000955
844.600281 3.673942 0.000000 6.901618 0.003026
857.426270 3.677116 0.000000 2.933637 0.001541
882.576477 3.550095 0.000000 0.757298 0.000284
917.441895 3.538839 0.000000 0.401011 0.000330
924.488281 3.562233 0.000000 0.899466 0.000488
999.475037 3.655765 0.000000 1.993165 0.001329
1050.292358 3.827177 0.000000 0.354799 0.000087
1059.395142 3.827638 0.000000 1.204275 0.000679
1092.953735 4.200557 0.000000 2.430894 0.001733
1118.562866 4.275501 0.000000 1.032706 0.001062
1152.816528 4.290565 0.000000 0.456259 0.000473
1169.392700 4.355725 0.000000 3.593333 0.001296
1206.574341 4.389599 0.000000 0.579780 0.000557
1255.719971 4.741971 0.000000 0.654938 0.000216
1265.384521 4.739405 0.000000 0.698597 0.000310
1278.558228 4.798557 0.000000 0.568594 0.000413
1326.265015 4.823079 0.000000 0.981525 0.000874
1362.123413 4.732521 0.000000 0.720307 0.000770
1377.825073 4.801853 0.000000 1.233011 0.001082
1420.285278 4.810062 0.000000 0.288631 0.000134
1439.508911 4.869245 0.000000 1.512357 0.002034
1511.044434 4.812336 0.000000 0.290892 0.000281
1534.194580 4.875889 0.000000 0.395877 0.000488
1559.336182 4.932349 0.000000 0.248444 0.000288
1580.641113 4.918639 0.000000 0.376365 0.000778
1597.427124 4.812194 0.000000 0.729482 0.000706
1603.710571 4.829858 0.000000 0.901186 0.000309
1618.986572 4.685890 0.000000 0.540667 0.000616
1721.229980 3.657064 0.000000 1.155836 0.001457
1767.904785 3.715938 0.000000 0.640503 0.000536
1780.251221 3.667963 0.000000 0.083403 0.000146
1868.758545 3.809701 0.000000 0.312271 0.000444
1886.615356 3.809432 0.000000 0.813000 0.002502
1963.531494 3.972013 0.000000 0.348898 0.000290
1971.347900 3.970068 0.000000 0.439744 0.000610
1997.357300 4.043728 0.000000 0.313798 0.001292
2056.329346 4.202400 0.000000 0.596452 0.000605
2066.207031 4.198308 0.000000 0.268363 0.000593
2083.563721 4.315063 0.000000 0.207103 0.000871
2179.831055 4.675494 0.000000 0.216684 0.000727
2187.540039 4.674924 0.000000 0.560969 0.000779
2198.230469 4.745117 0.000000 0.694491 0.001826
2254.210205 4.989858 0.000000 0.258720 0.000635
2270.907959 5.102419 0.000000 0.327429 0.002399
2305.958496 5.186124 0.000000 0.275392 0.002435
2355.156494 5.235831 0.000000 0.426259 0.001339
2371.081543 5.461119 0.000000 0.410300 0.000754
2377.564941 5.457340 0.000000 0.527803 0.001150
2397.537354 5.746934 0.000000 0.203463 0.000633
2405.891846 5.735811 0.000000 0.249891 0.000919
2414.963623 5.922681 0.000000 1.889361 0.012960
2424.871582 6.050764 0.000000 1.255446 0.010412
2434.706787 6.087185 0.000000 0.329084 0.001609
2490.310791 6.244586 0.000000 0.236498 0.002363
2510.623779 6.409400 0.000000 0.237792 0.001676
2533.043213 6.798620 0.000000 0.427293 0.002342
2554.499268 7.191739 0.000000 0.261804 0.003081
2567.534424 7.200619 0.000000 0.924623 0.005794
2605.162109 7.653762 0.000000 0.247507 0.002373
2643.954102 8.241869 0.000000 0.166262 0.002472
2699.165039 8.815454 0.000000 0.345904 0.002058
2723.593018 8.636327 0.000000 0.473703 0.001987
2743.752930 8.781213 0.000000 0.470294 0.011392
2755.208252 8.865107 0.000000 0.316178 0.004569
2776.486816 8.971505 0.000000 0.246697 0.001828
2787.458008 8.976008 0.000000 0.102333 0.002685
2836.988037 9.262948 0.000000 1.237073 0.013467
2876.173096 9.630206 0.000000 0.290269 0.003806
2894.906250 9.809035 0.000000 0.242304 0.003752
2902.688232 9.856116 0.000000 0.416435 0.013188
finalresult GLS_NoMatch 0
spectrum 2048
-92.208748 245.745819
-89.583542 246.986877
-86.960220 353.739380
-84.338783 371.936829
-81.719231 362.974426
-79.101570 373.928253
-76.485786 373.985016
-73.871880 394.804413
-71.259857 392.145203
-68.649712 353.610840
-66.041428 346.233185
-63.435020 338.295502
-60.830486 319.748871
-58.227818 292.859314
-55.627010 276.891663
-53.028072 266.181061
-50.430996 242.991211
-47.835773 227.550644
-45.242409 204.270508
-42.650906 185.640503
-40.061256 167.766357
-37.473454 146.436447
-34.887497 128.599182
-32.303394 113.991127
-29.721134 99.421844
-27.140713 85.833801
-24.562143 76.241531
-21.985416 65.818222
-19.410515 55.252857
-16.837452 41.763035
-14.266231 4.527877
-11.696839 1.540861
-9.129272 1.183648
-6.563532 1.125071
-3.999627 1.095433
-1.437545 1.090359
1.122722 1.129853
3.681169 1.181294
6.237790 1.736808
8.792595 6.514610
11.345592 10.431176
13.896775 14.960856
16.446142 19.388943
18.993700 23.218246
21.539461 26.823849
24.083412 29.202396
26.625555 31.782658
29.165897 33.220131
31.704445 34.839836
34.241192 38.508320
36.776154 42.517303
39.309307 44.157730
41.840675 48.844391
44.370255 50.541679
46.898033 55.018250
49.424042 61.289047
51.948273 63.990757
54.470715 71.158852
56.991371 72.532379
59.510239 77.377167
62.027348 81.129730
64.542679 82.576637
67.056221 80.603676
69.568008 81.905045
72.078018 86.001938
74.586281 86.102737
77.092766 88.901596
79.597473 87.765907
82.100433 88.352135
84.601646 89.471870
87.101067 92.229843
89.598747 98.772240
92.094681 101.252899
94.588860 99.575897
97.081291 102.976768
99.571960 101.534370
102.060890 103.393951
104.548080 102.774773
107.033524 105.624496
109.517220 101.579147
111.999176 101.827629
114.479408 94.524620
116.957893 87.965843
119.434647 84.625854
121.909676 76.393387
124.382957 64.258873
126.854507 57.579178
129.324356 61.069134
131.792450 64.512291
134.258835 56.246365
136.723511 47.564358
139.186462 39.345806
141.647690 31.988148
144.107193 25.320217
146.564957 20.105307
149.021057 16.209818
151.475418 13.718763
153.928101 11.885251
156.379059 10.506009
158.828308 9.576943
161.275864 8.951850
163.721695 8.537868
166.165848 8.389575
168.608276 8.252658
171.049026 8.250337
173.488098 8.243549
175.925461 8.218919
178.361130 8.061679
180.795090 7.891070
183.227417 7.505630
185.658005 7.046366
188.086929 6.497905
190.514160 6.012237
192.939728 5.591573
195.363617 5.254667
197.785828 4.983576
200.206360 4.805703
202.625198 4.679014
205.042358 4.668796
207.457886 4.659164
209.871719 4.631045
212.283920 4.647430
214.694427 4.615436
217.103287 4.625784
219.510437 4.662714
221.915970 4.661517
224.319839 4.653003
226.722046 4.635452
229.122620 4.620384
231.521530 4.636848
233.918777 4.631977
236.314392 4.587078
238.708344 4.585069
241.100616 4.573939
243.491272 4.568696
245.880295 4.555081
248.267685 4.563394
250.653427 4.539716
253.037537 4.542649
255.419998 4.528379
257.800812 4.523746
260.180023 4.512394
262.557587 4.487734
264.933502 4.486567
267.307831 4.464268
269.680511 4.462727
272.051575 4.487955
274.421021 4.476058
276.788818 4.486950
279.154999 4.504058
281.519592 4.495924
283.882538 4.467778
286.243866 4.453514
288.603607 4.433865
290.961731 4.411599
293.318237 4.354197
295.673126 4.351303
298.026398 4.341881
300.378113 4.329041
302.728210 4.341162
305.076721 4.321411
307.423584 4.258578
309.768860 4.270751
312.112549 4.223135
314.454620 4.192916
316.795135 4.196717
319.134064 4.160866
321.471375 4.139108
323.807129 4.141899
326.141235 4.125006
328.473816 4.105159
330.804810 4.083567
333.134186 4.043544
335.462006 4.043454
337.788239 4.039179
340.112885 4.035284
342.435974 4.020969
344.757477 3.987468
347.077454 3.999779
349.395813 3.996291
351.712585 3.941159
354.027802 3.933824
356.341461 3.973097
358.653564 3.983396
360.964081 3.945752
363.273041 3.966785
365.580475 3.959731
367.886353 3.964461
370.190643 3.962727
372.493347 4.001134
374.794556 4.004177
377.094208 3.968605
379.392273 3.970379
381.688812 3.960239
383.983795 3.920579
386.277252 3.880946
388.569214 3.897489
390.859528 3.849468
393.148346 3.839150
395.435638 3.844294
397.721375 3.810729
400.005493 3.773597
402.288177 3.749885
404.569305 3.763194
406.848907 3.740026
409.126984 3.785309
411.403564 3.764814
413.678558 3.710509
415.952057 3.611501
418.224030 3.544908
420.494446 3.537700
422.763397 3.567933
425.030792 3.664963
427.296661 3.719892
429.561066 3.696550
431.823914 3.668721
434.085175 3.716270
436.345032 3.710383
438.603333 3.719737
440.860138 3.714881
443.115417 3.716990
445.369232 3.689767
447.621552 3.726514
449.872345 3.711576
452.121613 3.707081
454.369415 3.713821
456.615692 3.704021
458.860474 3.737883
461.103790 3.728021
463.345581 3.732817
465.585876 3.729105
467.824707 3.703758
470.062012 3.709320
472.297821 3.704174
474.532166 3.716912
476.765045 3.691559
478.996399 3.678687
481.226288 3.700900
483.454712 3.700672
485.681671 3.695930
487.907135 3.686880
490.131104 3.708693
492.353607 3.713238
494.574646 3.693104
496.794220 3.698822
499.012299 3.707615
501.228912 3.703090
503.444061 3.722219
505.657745 3.707862
507.869965 3.695947
510.080688 3.710411
512.289978 3.694187
514.497803 3.712912
516.704224 3.713289
518.909180 3.702179
521.112610 3.664935
523.314575 3.694355
525.515137 3.658916
527.714233 3.653358
529.911987 3.648300
532.108093 3.632655
534.302856 3.630067
536.496155 3.622706
538.688049 3.649147
540.878479 3.661650
543.067383 3.662939
545.254944 3.655756
547.441040 3.674273
549.625610 3.667477
551.808899 3.671427
553.990662 3.704491
556.171021 3.670509
558.349915 3.647504
560.527405 3.652663
562.703430 3.646479
564.878052 3.646937
567.051270 3.632569
569.223145 3.620990
571.393433 3.624599
573.562378 3.596897
575.729797 3.599224
577.895874 3.595390
580.060547 3.580165
582.223816 3.576876
584.385681 3.567780
586.546082 3.562516
588.705017 3.551124
590.862671 3.577095
593.018860 3.592441
595.173584 3.571021
597.326965 3.551976
599.478943 3.577045
601.629517 3.589180
603.778625 3.592772
605.926392 3.558537
608.072754 3.579832
610.217651 3.599156
612.361145 3.618112
614.503296 3.610603
616.644104 3.631551
618.783386 3.643931
620.921448 3.667997
623.058044 3.685015
625.193115 3.659036
627.327026 3.689878
629.459412 3.723575
631.590393 3.649287
633.720093 3.722080
635.848206 3.757117
637.975220 3.695035
640.100647 3.691561
642.224854 3.665288
644.347412 3.683445
646.468811 3.674738
648.588745 3.670155
650.707336 3.684530
652.824585 3.644794
654.940430 3.642345
657.054932 3.657218
659.168091 3.636983
661.279724 3.603667
663.390137 3.610258
665.499207 3.593495
667.606873 3.568261
669.713135 3.575339
671.817993 3.578357
673.921570 3.538054
676.023865 3.554956
678.124634 3.549394
680.224060 3.497946
682.322205 3.511080
684.418945 3.513754
686.514404 3.509744
688.608582 3.458257
690.701172 3.492866
692.792603 3.489324
694.882690 3.514538
696.971313 3.504841
699.058655 3.537298
701.144714 3.522898
703.229309 3.544946
705.312622 3.581495
707.394531 3.555460
709.475220 3.571767
711.554443 3.555151
713.632324 3.568426
715.708984 3.543391
717.784302 3.544085
719.858215 3.543322
721.930908 3.555770
724.002136 3.543136
726.072083 3.549698
728.140747 3.547748
730.208069 3.506535
732.274048 3.550376
734.338745 3.544260
736.401978 3.517527
738.463989 3.542090
740.524719 3.513160
742.584045 3.515209
744.642151 3.509845
746.698792 3.521739
748.754211 3.510216
750.808350 3.524757
752.861145 3.481329
754.912659 3.511445
756.962769 3.491566
759.011658 3.482584
761.059204 3.471704
763.105408 3.446377
765.150391 3.459049
767.194031 3.397838
769.236328 3.418024
771.277405 3.435091
773.317078 3.421761
775.355530 3.404667
777.392578 3.419407
779.428345 3.418029
781.462891 3.441256
783.496155 3.461054
785.528076 3.427057
787.558716 3.448192
789.588074 3.468206
791.616211 3.455389
793.642944 3.481359
795.668457 3.463025
797.692627 3.490637
799.715515 3.496633
801.737122 3.487189
803.757507 3.533712
805.776550 3.504502
807.794312 3.538903
809.810852 3.556419
811.826111 3.550244
813.840027 3.527949
815.852600 3.573296
817.864014 3.570496
819.874084 3.560787
821.883057 3.507968
823.890503 3.521736
825.896912 3.521122
827.901917 3.543966
829.905579 3.535063
831.908142 3.525581
833.909241 3.505219
835.909302 3.536913
837.907898 3.530191
839.905396 3.600224
841.901550 3.689783
843.896545 3.663899
845.890137 3.660540
847.882507 3.616433
849.873657 3.608926
851.863586 3.628496
853.852112 3.659293
855.839539 3.674921
857.825562 3.677796
859.810486 3.650956
861.794067 3.669347
863.776428 3.607227
865.757568 3.632324
867.737366 3.622256
869.716064 3.596642
871.693359 3.510981
873.669556 3.528095
875.644409 3.536650
877.618103 3.537105
879.590454 3.561702
881.561646 3.554684
883.531494 3.530069
885.500305 3.538815
887.467651 3.548346
889.433899 3.542130
891.398865 3.549829
893.362549 3.499860
895.325134 3.530324
897.286377 3.540614
899.246460 3.510552
901.205200 3.494496
903.162842 3.483987
905.119202 3.480503
907.074463 3.498753
909.028320 3.493483
910.981079 3.537100
912.932434 3.545853
914.882751 3.541010
916.831726 3.537953
918.779602 3.531542
920.726135 3.571033
922.671448 3.549173
924.615662 3.568890
926.558655 3.575391
928.500427 3.536229
930.440796 3.540484
932.380127 3.538671
934.318176 3.538136
936.255188 3.540249
938.190796 3.526949
940.125305 3.517576
942.058472 3.553114
943.990662 3.513843
945.921448 3.533011
947.851135 3.547568
949.779541 3.496822
951.706848 3.516265
953.632690 3.515052
955.557556 3.499343
957.481262 3.535010
959.403625 3.477382
961.325012 3.518310
963.244995 3.460807
965.163818 3.493947
967.081482 3.508881
968.998047 3.464350
970.913208 3.497581
972.827393 3.468657
974.740234 3.494574
976.651978 3.490393
978.562439 3.495118
980.471863 3.498787
982.379944 3.518358
984.286865 3.525165
986.192688 3.556639
988.097229 3.559572
990.000793 3.530009
991.902954 3.589509
993.804016 3.599730
995.703857 3.633817
997.602661 3.652288
999.500122 3.653967
1001.396606 3.669803
1003.291565 3.624451
1005.185730 3.672159
1007.078491 3.637929
1008.970215 3.627105
1010.860718 3.672183
1012.749939 3.655611
1014.638184 3.660104
1016.525085 3.670651
1018.411011 3.672559
1020.295471 3.676808
1022.179077 3.707613
1024.061279 3.715991
1025.942627 3.685362
1027.822510 3.685475
1029.701416 3.729155
1031.579102 3.709362
1033.455688 3.702193
1035.331055 3.722487
1037.205200 3.723795
1039.078125 3.746604
1040.950073 3.760741
1042.820801 3.733793
1044.690308 3.753183
1046.558960 3.757631
1048.426025 3.796395
1050.292358 3.768671
1052.157227 3.791572
1054.021118 3.809010
1055.883789 3.827605
1057.745361 3.828855
1059.605713 3.819523
1061.464966 3.819147
1063.322998 3.817978
1065.180054 3.808606
1067.035889 3.857629
1068.890625 3.876901
1070.743896 3.898754
1072.596436 3.910195
1074.447754 3.949186
1076.297852 3.970641
1078.146851 4.025674
1079.994751 4.037535
1081.841431 3.985692
1083.687012 4.069356
1085.531494 4.111571
1087.374756 4.149326
1089.216919 4.154928
1091.058105 4.189874
1092.897949 4.217772
1094.736938 4.207130
1096.574585 4.165201
1098.411011 4.232112
1100.246582 4.214090
1102.080688 4.225991
1103.913940 4.197001
1105.745972 4.171806
1107.576782 4.215818
1109.406616 4.234574
1111.235352 4.224890
1113.062988 4.260973
1114.889404 4.264200
1116.714722 4.264844
1118.538940 4.283412
1120.362061 4.259480
1122.183960 4.276778
1124.005127 4.236772
1125.824707 4.220288
1127.643433 4.227172
1129.460938 4.215309
1131.277344 4.214586
1133.092651 4.190196
1134.906860 4.210470
1136.719971 4.197469
1138.532104 4.213953
1140.343018 4.242986
1142.152710 4.242892
1143.961426 4.240046
1145.768921 4.275990
1147.575684 4.263216
1149.380981 4.301081
1151.185181 4.302036
1152.988281 4.276670
1154.790405 4.277357
1156.591431 4.293012
1158.391357 4.295666
1160.190063 4.272421
1161.987671 4.304175
1163.784424 4.334932
1165.579834 4.296470
1167.374268 4.349174
1169.167603 4.326487
1170.959839 4.371565
1172.750977 4.284254
1174.541138 4.354070
1176.329956 4.344296
1178.117920 4.322182
1179.904541 4.133084
1181.690308 4.289084
1183.474976 4.293749
1185.258545 4.280359
1187.041016 4.309594
1188.822266 4.295039
1190.602539 4.280360
1192.381714 4.330152
1194.159790 4.313123
1195.937012 4.341099
1197.712891 4.317918
1199.487549 4.364758
1201.261597 4.389060
1203.034302 4.387651
1204.805908 4.370303
1206.576538 4.393576
1208.346191 4.397224
1210.114502 4.376907
1211.881958 4.419214
1213.648193 4.417411
1215.413452 4.416526
1217.177612 4.436062
1218.940552 4.412835
1220.702637 4.429739
1222.463501 4.456027
1224.223511 4.449139
1225.982422 4.471331
1227.739990 4.451119
1229.496826 4.485140
1231.252441 4.527950
1233.006958 4.482669
1234.760498 4.545298
1236.512939 4.545417
1238.264404 4.568484
1240.014526 4.567795
1241.763916 4.619940
1243.512085 4.629955
1245.259277 4.595176
1247.005249 4.642440
1248.750366 4.676104
1250.494263 4.665693
1252.237183 4.691027
1253.979126 4.702642
1255.719971 4.704072
1257.459717 4.699950
1259.198486 4.721506
1260.936157 4.760427
1262.672729 4.720083
1264.408325 4.741621
1266.142944 4.743160
1267.876343 4.737424
1269.608765 4.785813
1271.340332 4.787720
1273.070435 4.771508
1274.799805 4.778791
1276.528198 4.800250
1278.255249 4.827038
1279.981567 4.767228
1281.706543 4.800965
1283.430786 4.794918
1285.153687 4.778214
1286.875854 4.807825
1288.596802 4.780995
1290.316895 4.809689
1292.035767 4.753857
1293.753662 4.765773
1295.470459 4.735826
1297.186279 4.785645
1298.900879 4.746729
1300.614746 4.810391
1302.327393 4.791387
1304.039063 4.759983
1305.749878 4.735464
1307.459473 4.775647
1309.168091 4.790340
1310.875610 4.778789
1312.582153 4.789387
1314.287598 4.801030
1315.992188 4.789072
1317.695557 4.814703
1319.398071 4.789288
1321.099487 4.790126
1322.799927 4.798765
1324.499146 4.842038
1326.197632 4.826341
1327.895020 4.821175
1329.591187 4.777483
1331.286499 4.841146
1332.980713 4.770150
1334.674072 4.796339
1336.366333 4.768788
1338.057495 4.751735
1339.747681 4.740205
1341.437012 4.754897
1343.125122 4.720869
1344.812378 4.727366
1346.498413 4.717315
1348.183594 4.669512
1349.867554 4.654859
1351.550781 4.680872
1353.232788 4.665540
1354.913940 4.685367
1356.594238 4.717554
1358.273315 4.756722
1359.951294 4.710362
1361.628296 4.719874
1363.304565 4.716573
1364.979614 4.736810
1366.653442 4.721065
1368.326660 4.754301
1369.998779 4.726112
1371.669678 4.777468
1373.339966 4.785770
1375.008911 4.781817
1376.676880 4.782427
1378.343872 4.816113
1380.010254 4.805662
1381.675171 4.778544
1383.339233 4.769268
1385.002319 4.755921
1386.664185 4.783480
1388.325439 4.766908
1389.985596 4.752766
1391.644531 4.769100
1393.302734 4.736894
1394.959839 4.777430
1396.615845 4.737891
1398.270996 4.747911
1399.925171 4.797808
1401.578491 4.752643
1403.230347 4.760710
1404.881714 4.815178
1406.531738 4.770866
1408.181152 4.772234
1409.829224 4.809048
1411.476318 4.810418
1413.122803 4.802287
1414.767944 4.832830
1416.412354 4.788082
1418.055420 4.788186
1419.697876 4.816349
1421.339233 4.799907
1422.979492 4.836649
1424.618774 4.778382
1426.257202 4.797120
1427.894531 4.822571
1429.531006 4.829799
1431.166504 4.814936
1432.800903 4.762938
1434.434448 4.830337
1436.066895 4.860368
1437.698486 4.860438
1439.329224 4.871460
1440.958862 4.827268
1442.587280 4.873619
1444.214966 4.822590
1445.841675 4.825527
1447.467407 4.787921
1449.092041 4.783278
1450.715942 4.814178
1452.338623 4.736089
1453.960571 4.787885
1455.581421 4.794132
1457.201294 4.768352
1458.820190 4.780282
1460.438110 4.751272
1462.055054 4.742406
1463.671265 4.755899
1465.286377 4.722662
1466.900391 4.757391
1468.513672 4.729648
1470.125732 4.768788
1471.736938 4.740381
1473.347290 4.741887
1474.956787 4.706141
1476.564819 4.770784
1478.172363 4.736590
1479.778809 4.718095
1481.384277 4.717894
1482.988770 4.743649
1484.592407 4.724511
1486.194702 4.710185
1487.796509 4.731963
1489.397339 4.700963
1490.996948 4.730186
1492.595703 4.714128
1494.193726 4.731867
1495.790405 4.737920
1497.386353 4.778485
1498.981445 4.780611
1500.575317 4.774908
1502.168579 4.774621
1503.760620 4.806201
1505.351685 4.798703
1506.942017 4.817951
1508.531250 4.806015
1510.119629 4.798108
1511.707153 4.823510
1513.293457 4.811987
1514.878906 4.828781
1516.463623 4.832585
1518.047363 4.813831
1519.629761 4.833459
1521.211548 4.819813
1522.792480 4.855794
1524.372437 4.839885
1525.951172 4.838965
1527.529053 4.843652
1529.106323 4.857570
1530.682251 4.874866
1532.257324 4.871375
1533.831665 4.878406
1535.404907 4.864464
1536.977539 4.895175
1538.548584 4.873879
1540.119019 4.843307
1541.688721 4.887379
1543.257324 4.867409
1544.825073 4.895842
1546.391846 4.870579
1547.957520 4.894022
1549.522217 4.931211
1551.086304 4.889566
1552.649414 4.910954
1554.211548 4.922763
1555.772583 4.929722
1557.332886 4.928053
1558.892090 4.925612
1560.450684 4.940861
1562.008057 4.949163
1563.564575 4.919439
1565.120117 4.935432
1566.674683 4.901061
1568.228516 4.926388
1569.781372 4.934254
1571.333252 4.954185
1572.884277 4.918527
1574.434204 4.919425
1575.983276 4.939282
1577.531738 4.908881
1579.078735 4.923933
1580.625244 4.904136
1582.170776 4.920680
1583.715454 4.918498
1585.258667 4.902322
1586.801514 4.875595
1588.343262 4.884406
1589.884155 4.852482
1591.423950 4.825388
1592.963135 4.829494
1594.501099 4.830439
1596.038208 4.824708
1597.574585 4.799587
1599.109985 4.799149
1600.644531 4.816409
1602.177856 4.793173
1603.710571 4.771558
1605.242432 4.774456
1606.773193 4.761945
1608.302979 4.731057
1609.832031 4.707051
1611.360107 4.666255
1612.887085 4.678801
1614.413574 4.662013
1615.938843 4.641311
1617.463379 4.628699
1618.986572 4.602429
1620.509521 4.574860
1622.031250 4.561209
1623.552002 4.519897
1625.071777 4.502182
1626.591064 4.463531
1628.109009 4.442719
1629.626343 4.404485
1631.142456 4.367143
1632.657959 4.369352
1634.172607 4.342320
1635.686035 4.302402
1637.198730 4.299735
1638.710571 4.240261
1640.221558 4.216346
1641.731567 4.203181
1643.240479 4.178594
1644.748779 4.156036
1646.256104 4.139005
1647.762451 4.131699
1649.267822 4.092207
1650.772705 4.074031
1652.276489 4.041146
1653.779297 4.037740
1655.281128 4.018821
1656.782349 3.980221
1658.282593 3.973479
1659.781738 3.977459
1661.280029 3.954150
1662.777588 3.918144
1664.274048 3.920506
1665.769775 3.893751
1667.264526 3.895582
1668.758545 3.871170
1670.251587 3.846775
1671.743652 3.831764
1673.235107 3.800498
1674.725342 3.815995
1676.214844 3.800070
1677.703491 3.769298
1679.191162 3.773232
1680.678223 3.760703
1682.163940 3.765261
1683.649048 3.749020
1685.133423 3.740048
1686.616333 3.722283
1688.098877 3.712141
1689.580322 3.724209
1691.061035 3.717233
1692.540771 3.709474
1694.019775 3.691947
1695.497681 3.671051
1696.974976 3.689173
1698.450928 3.671364
1699.926514 3.666212
1701.400879 3.667460
1702.874634 3.659758
1704.347290 3.643745
1705.819336 3.648633
1707.290283 3.647975
1708.760132 3.672945
1710.229492 3.661953
1711.697998 3.643873
1713.165405 3.647953
1714.632080 3.584843
1716.097534 3.639327
1717.562622 3.624693
1719.026611 3.644979
1720.489746 3.671826
1721.951904 3.644973
1723.413452 3.646169
1724.874023 3.645223
1726.333374 3.617326
1727.792358 3.624481
1729.250244 3.606517
1730.707397 3.634425
1732.163330 3.631716
1733.618652 3.602328
1735.073242 3.641637
1736.526611 3.637944
1737.979370 3.633975
1739.431274 3.619379
1740.882202 3.629825
1742.332153 3.634889
1743.781616 3.638953
1745.229858 3.637420
1746.677612 3.633636
1748.124023 3.647823
1749.569946 3.661665
1751.014893 3.655898
1752.458984 3.674152
1753.902100 3.654483
1755.344360 3.674379
1756.785889 3.682562
1758.226563 3.674747
1759.666260 3.677334
1761.105225 3.706571
1762.543335 3.685573
1763.980469 3.710274
1765.416870 3.714457
1766.852417 3.707445
1768.286987 3.713644
1769.720703 3.711622
1771.153564 3.720781
1772.585815 3.693944
1774.017090 3.713537
1775.447144 3.688613
1776.876709 3.661687
1778.305664 3.667940
1779.733276 3.674366
1781.160034 3.676482
1782.586304 3.649431
1784.011719 3.665080
1785.435791 3.654598
1786.859497 3.680950
1788.282227 3.665028
1789.704102 3.661888
1791.125000 3.645500
1792.545288 3.644094
1793.964600 3.639234
1795.383057 3.626180
1796.800537 3.617266
1798.217407 3.619778
1799.633301 3.626474
1801.048218 3.604294
1802.462524 3.621734
1803.875977 3.609879
1805.288696 3.615182
1806.700195 3.597965
1808.111084 3.583482
1809.521118 3.572399
1810.930420 3.577562
1812.338379 3.548192
1813.746094 3.560945
1815.152832 3.559525
1816.558472 3.547197
1817.963379 3.574183
1819.367432 3.586504
1820.770874 3.602401
1822.173218 3.599760
1823.574951 3.622070
1824.975830 3.611015
1826.375732 3.601282
1827.774658 3.616106
1829.172974 3.622316
1830.570313 3.632299
1831.967041 3.627467
1833.362671 3.647899
1834.757690 3.639235
1836.151855 3.638690
1837.545044 3.661557
1838.937378 3.651717
1840.329102 3.668702
1841.719849 3.687275
1843.109863 3.695358
1844.498657 3.715156
1845.887085 3.701073
1847.274658 3.706074
1848.661011 3.689650
1850.046753 3.727952
1851.431885 3.736706
1852.815918 3.742584
1854.199097 3.743865
1855.581787 3.728445
1856.963135 3.740460
1858.344116 3.771343
1859.723877 3.786915
1861.103149 3.777090
1862.481567 3.779520
1863.859131 3.816706
1865.235718 3.806800
1866.611450 3.795229
1867.986450 3.813699
1869.360474 3.787431
1870.733887 3.823661
1872.106567 3.806587
1873.478271 3.817270
1874.849121 3.803658
1876.219238 3.794260
1877.588623 3.767915
1878.957153 3.778203
1880.324463 3.798932
1881.691406 3.741913
1883.057251 3.797045
1884.422607 3.778846
1885.786865 3.812339
1887.150269 3.816071
1888.513062 3.790718
1889.874878 3.786690
1891.236084 3.766637
1892.596313 3.772169
1893.955688 3.790043
1895.314209 3.772444
1896.671997 3.752114
1898.029053 3.756096
1899.385376 3.763718
1900.740601 3.748535
1902.095093 3.739304
1903.448975 3.723446
1904.802002 3.759563
1906.153809 3.719083
1907.505127 3.730029
1908.855835 3.708961
1910.205444 3.703082
1911.554077 3.729437
1912.902344 3.726257
1914.249512 3.726330
1915.595825 3.704378
1916.941406 3.715248
1918.286377 3.729113
1919.630493 3.692471
1920.973511 3.726493
1922.315918 3.723819
1923.657471 3.718143
1924.998535 3.704455
1926.338257 3.705929
1927.677490 3.707204
1929.015869 3.692995
1930.353516 3.698764
1931.690063 3.726269
1933.025879 3.720822
1934.361084 3.735201
1935.695313 3.722754
1937.028931 3.752631
1938.361572 3.774565
1939.693726 3.762530
1941.024780 3.754657
1942.355225 3.769268
1943.684692 3.805030
1945.013550 3.783922
1946.341064 3.803903
1947.668213 3.796689
1948.994751 3.817934
1950.320190 3.830471
1951.644775 3.826581
1952.968872 3.819656
1954.291870 3.861732
1955.614136 3.867585
1956.935791 3.885617
1958.256226 3.902100
1959.576416 3.884106
1960.895386 3.897710
1962.213867 3.939707
1963.531494 3.911796
1964.848389 3.952502
1966.164185 3.949169
1967.479248 3.971330
1968.793701 3.974862
1970.107300 3.941943
1971.419678 3.978918
1972.732056 3.971817
1974.043213 3.966260
1975.353516 3.959910
1976.663086 3.993723
1977.972046 3.992718
1979.280151 3.979963
1980.587158 3.980494
1981.893555 4.006980
1983.199463 4.006659
1984.504395 4.006296
1985.808228 4.030247
1987.111694 4.035863
1988.414185 4.033306
1989.715942 4.049453
1991.016846 4.007504
1992.316895 3.999973
1993.616211 4.039088
1994.914673 4.038011
1996.212646 4.045828
1997.509766 4.039229
1998.805908 4.037098
2000.101196 4.028907
2001.395874 4.024982
2002.689819 4.009867
2003.982910 3.982668
2005.275269 3.985960
2006.566772 3.951782
2007.857422 3.963162
2009.147461 3.957668
2010.436523 3.918825
2011.724976 3.958685
2013.012573 3.924668
2014.299561 3.936137
2015.585327 3.891389
2016.870850 3.895823
2018.155518 3.921487
2019.438843 3.877409
2020.721802 3.886535
2022.004150 3.878008
2023.285278 3.877601
2024.565918 3.863839
2025.845703 3.844865
2027.125000 3.853730
2028.403198 3.882420
2029.680664 3.876211
2030.957397 3.881506
2032.233398 3.867334
2033.508545 3.870999
2034.782959 3.899166
2036.056519 3.861949
2037.329468 3.909437
2038.601318 3.932025
2039.872803 3.941882
2041.143311 3.909556
2042.413330 3.933974
2043.682007 3.938149
2044.950317 3.966474
2046.217896 3.961021
2047.484375 3.974688
2048.750000 4.022972
2050.015137 4.030373
2051.279785 4.077008
2052.543457 4.098320
2053.805908 4.078764
2055.068115 4.132315
2056.329346 4.132672
2057.589844 4.144884
2058.849609 4.162480
2060.108643 4.178762
2061.366943 4.200963
2062.624268 4.197300
2063.881104 4.209466
2065.136963 4.185954
2066.392090 4.189830
2067.646484 4.219368
2068.900391 4.235409
2070.153076 4.215710
2071.405518 4.228910
2072.656494 4.277734
2073.906982 4.235936
2075.156982 4.262877
2076.406006 4.260788
2077.654297 4.284154
2078.901855 4.292474
2080.148682 4.303496
2081.394531 4.303724
2082.639893 4.328768
2083.884521 4.325469
2085.128174 4.302532
2086.370850 4.306598
2087.613037 4.300858
2088.854980 4.310644
2090.095703 4.296582
2091.335205 4.287067
2092.574707 4.290471
2093.812988 4.260886
2095.050781 4.250533
2096.287842 4.243069
2097.523682 4.229303
2098.759277 4.229999
2099.993896 4.210299
2101.227783 4.244109
2102.461182 4.206748
2103.693359 4.190186
2104.924805 4.206010
2106.156006 4.192202
2107.386230 4.191595
2108.615479 4.189192
2109.843994 4.178076
2111.071777 4.176242
2112.299072 4.177272
2113.525635 4.189248
2114.750977 4.191117
2115.975830 4.187912
2117.199951 4.189636
2118.423096 4.186982
2119.645996 4.216419
2120.868164 4.218957
2122.089355 4.219979
2123.309326 4.190932
2124.529053 4.208307
2125.748047 4.199081
2126.966553 4.213449
2128.183594 4.247207
2129.400146 4.225511
2130.615967 4.214880
2131.831299 4.212031
2133.045898 4.231067
2134.259521 4.225741
2135.472412 4.208573
2136.684570 4.262701
2137.895752 4.244269
2139.106689 4.245007
2140.316895 4.260682
2141.525879 4.259342
2142.734131 4.273948
2143.942139 4.275346
2145.149170 4.263087
2146.355225 4.262362
2147.560791 4.295710
2148.765625 4.264984
2149.969727 4.262283
2151.172607 4.286353
2152.375732 4.274199
2153.577393 4.275183
2154.778320 4.280641
2155.978516 4.308834
2157.178223 4.338530
2158.377197 4.298144
2159.574951 4.348866
2160.772461 4.394971
2161.969238 4.384635
2163.165283 4.403699
2164.360107 4.431637
2165.554688 4.442403
2166.748535 4.446481
2167.941650 4.439432
2169.133789 4.455036
2170.325195 4.473132
2171.516357 4.510324
2172.706299 4.502756
2173.895508 4.525858
2175.083984 4.545489
2176.271729 4.595434
2177.458740 4.582249
2178.645508 4.619596
2179.831055 4.630568
2181.016113 4.646162
2182.199951 4.660100
2183.383789 4.644124
2184.566406 4.641796
2185.748535 4.669175
2186.929199 4.694167
2188.110107 4.685740
2189.290283 4.678650
2190.469238 4.683692
2191.647461 4.639235
2192.825439 4.713153
2194.002197 4.726691
2195.177979 4.718689
2196.353516 4.767247
2197.528320 4.748612
2198.702637 4.720551
2199.875488 4.707382
2201.048096 4.736527
2202.219971 4.733250
2203.391357 4.697967
2204.561768 4.687514
2205.731445 4.679141
2206.900635 4.663432
2208.068604 4.647614
2209.236084 4.622700
2210.402832 4.596923
2211.569092 4.570334
2212.734131 4.586597
2213.898682 4.597845
2215.062744 4.530145
2216.226074 4.552767
2217.388428 4.550787
2218.550049 4.528382
2219.711426 4.540027
2220.871582 4.528584
2222.031250 4.519186
2223.190186 4.510110
2224.348389 4.532600
2225.505859 4.532219
2226.662354 4.516346
2227.818604 4.521718
2228.973633 4.554122
2230.128418 4.573932
2231.281982 4.578422
2232.435303 4.555675
2233.587646 4.581818
2234.739258 4.607218
2235.890381 4.612464
2237.040771 4.610100
2238.190430 4.611990
2239.339111 4.607048
2240.487549 4.660760
2241.635254 4.647114
2242.781738 4.652278
2243.927490 4.653492
2245.073242 4.695058
2246.217529 4.719116
2247.361572 4.735745
2248.504883 4.763437
2249.647217 4.781867
2250.789307 4.835885
2251.929932 4.830678
2253.070801 4.876567
2254.210205 4.875971
2255.349121 4.902674
2256.487549 4.931075
2257.625000 4.913713
2258.761719 4.939282
2259.897949 4.973584
2261.033203 4.960079
2262.167969 4.972364
2263.302002 5.041094
2264.435547 5.016053
2265.567871 5.049413
2266.699951 5.047679
2267.831299 5.071868
2268.961426 5.077838
2270.091309 5.106885
2271.220947 5.117911
2272.348877 5.112570
2273.476563 5.072091
2274.603760 5.067441
2275.729980 5.076709
2276.855713 5.103460
2277.980225 5.083615
2279.104736 5.127283
2280.228271 5.070845
2281.351074 5.108762
2282.473145 5.083085
2283.594482 5.095314
2284.715332 5.125357
2285.834961 5.110601
2286.954590 5.112323
2288.072998 5.120913
2289.190918 5.097263
2290.308350 5.106261
2291.424805 5.123023
2292.540771 5.134301
2293.656006 5.153585
2294.770264 5.131478
2295.884033 5.149522
2296.997314 5.168004
2298.109863 5.165246
2299.220947 5.105978
2300.332275 5.118793
2301.442383 5.157860
2302.552002 5.154027
2303.660889 5.168244
2304.769531 5.204183
2305.876709 5.176843
2306.983643 5.188311
2308.089844 5.156326
2309.195313 5.171949
2310.300293 5.138093
2311.404053 5.115358
2312.507568 5.093101
2313.610352 5.136991
2314.712402 5.082126
2315.813721 5.117006
2316.914307 5.106962
2318.014404 5.069929
2319.113770 5.102132
2320.212158 5.063859
2321.310059 5.105213
2322.407471 5.093529
2323.503662 5.098190
2324.599854 5.082318
2325.695068 5.090150
2326.789551 5.091372
2327.883301 5.054590
2328.976563 5.073503
2330.068848 5.047939
2331.160889 5.045323
2332.251709 5.064838
2333.342285 5.062278
2334.432129 5.044467
2335.521484 5.067912
2336.609375 5.070952
2337.697266 5.080288
2338.784180 5.059112
2339.870361 5.091196
2340.956299 5.106166
2342.041260 5.100630
2343.125732 5.105786
2344.208984 5.138692
2345.292236 5.131452
2346.374268 5.082792
2347.455811 5.153467
2348.536865 5.201208
2349.617432 5.202257
2350.696777 5.199262
2351.775879 5.236264
2352.854004 5.235225
2353.931641 5.242122
2355.008545 5.230511
2356.084473 5.193295
2357.160156 5.228134
2358.234863 5.246798
2359.309326 5.263053
2360.382568 5.243012
2361.455566 5.239375
2362.527832 5.249815
2363.599609 5.288554
2364.670166 5.294224
2365.740479 5.283561
2366.810303 5.304676
2367.879150 5.336885
2368.947021 5.389777
2370.014648 5.367733
2371.081543 5.437079
2372.147705 5.421920
2373.213135 5.418944
2374.277832 5.414340
2375.342285 5.484437
2376.405762 5.483307
2377.468506 5.478159
2378.530762 5.426578
2379.592529 5.445140
2380.653076 5.522829
2381.713379 5.535949
2382.773438 5.505796
2383.832031 5.512253
2384.890137 5.509487
2385.947998 5.510216
2387.004639 5.517995
2388.061035 5.578941
2389.116211 5.524718
2390.171387 5.530342
2391.225586 5.539537
2392.279053 5.559655
2393.332275 5.614489
2394.384766 5.605013
2395.436279 5.629526
2396.486816 5.645063
2397.537354 5.674572
2398.587158 5.673193
2399.635986 5.689394
2400.684326 5.730562
2401.731934 5.715971
2402.779297 5.742107
2403.825439 5.744061
2404.871094 5.733014
2405.916504 5.720852
2406.961182 5.783013
2408.004639 5.782938
2409.047852 5.854795
2410.090088 5.818393
2411.132080 5.886748
2412.173096 5.822666
2413.213623 5.876770
2414.253906 5.923024
2415.292725 5.923775
2416.331055 5.898266
2417.369385 5.838691
2418.406982 5.774136
2419.443359 5.731083
2420.479004 5.870184
2421.514404 5.936821
2422.549316 5.986497
2423.583496 6.026971
2424.616699 6.049270
2425.649658 6.049012
2426.681641 6.051283
2427.713135 6.057593
2428.744141 5.997015
2429.773926 6.079969
2430.803711 6.042372
2431.832275 6.092273
2432.860596 6.099546
2433.888428 6.111958
2434.915527 6.084568
2435.941406 6.071997
2436.967285 6.054288
2437.992432 6.056827
2439.016846 6.038104
2440.040283 6.054022
2441.063721 6.040865
2442.085938 6.043642
2443.108154 6.022202
2444.129150 6.011517
2445.149902 6.020112
2446.169678 6.003969
2447.188721 6.023255
2448.207520 5.990057
2449.225830 5.913411
2450.243164 5.991849
2451.260010 5.982289
2452.275635 6.016616
2453.291504 5.990878
2454.306396 5.932287
2455.320313 5.973923
2456.334229 5.932222
2457.347412 5.956268
2458.359131 5.942820
2459.370850 5.951647
2460.382324 5.954377
2461.392578 5.981694
2462.402100 5.954112
2463.411621 5.869044
2464.420166 5.981768
2465.428223 5.929739
2466.435303 5.956721
2467.441895 5.930543
2468.448242 5.923614
2469.453613 5.967069
2470.458008 5.979908
2471.462402 5.969501
2472.466064 5.946002
2473.468994 6.053167
2474.470947 6.015581
2475.472656 6.033879
2476.473877 6.065514
2477.474121 6.066195
2478.474121 6.069431
2479.473145 6.053223
2480.471924 6.021105
2481.469482 6.128455
2482.466797 6.135292
2483.463867 6.141077
2484.459961 6.193067
2485.455078 6.202062
2486.449707 6.196498
2487.444092 6.220047
2488.437256 6.209223
2489.430176 6.284878
2490.422852 6.232054
2491.414795 6.258018
2492.405762 6.226057
2493.396240 6.223239
2494.386475 6.186376
2495.375244 6.195892
2496.364258 6.228631
2497.352539 6.225578
2498.339600 6.181520
2499.326416 6.234441
2500.312988 6.266941
2501.298096 6.257872
2502.282959 6.282775
2503.267578 6.346142
2504.251221 6.333680
2505.234375 6.351072
2506.217041 6.387732
2507.198730 6.367441
2508.180664 6.451605
2509.160889 6.375661
2510.140869 6.424590
2511.120605 6.373827
2512.099365 6.398311
2513.077393 6.421411
2514.055420 6.412485
2515.032227 6.488338
2516.009033 6.512346
2516.984863 6.502809
2517.959717 6.527131
2518.934814 6.595950
2519.908691 6.584636
2520.881836 6.624590
2521.854736 6.600050
2522.827148 6.606197
2523.798584 6.665689
2524.769775 6.607411
2525.739990 6.699997
2526.710205 6.716042
2527.679199 6.759770
2528.647705 6.725897
2529.615967 6.783586
2530.583252 6.728150
2531.550049 6.803859
2532.516357 6.844600
2533.481689 6.821040
2534.447266 6.753160
2535.411621 6.742066
2536.375244 6.813020
2537.338867 6.826142
2538.301270 6.807418
2539.263184 6.858152
2540.224854 6.858028
2541.185791 6.847979
2542.145996 6.919956
2543.105713 6.945311
2544.064941 6.882853
2545.023438 6.973957
2545.981201 6.959322
2546.938477 7.006305
2547.895508 7.051933
2548.851563 7.139106
2549.806641 7.131181
2550.761963 7.154165
2551.716064 7.144171
2552.669922 7.145711
2553.623779 7.201810
2554.575928 7.193770
2555.528320 7.198575
2556.479248 7.209233
2557.430176 7.230784
2558.380859 7.266695
2559.330566 7.207877
2560.279541 7.209758
2561.228271 7.219920
2562.175781 7.195142
2563.123779 7.038457
2564.070557 7.170383
2565.016602 7.193347
2565.962646 7.190751
2566.907227 7.210896
2567.851563 7.183387
2568.795410 7.156147
2569.738525 7.208972
2570.681396 7.118199
2571.623779 7.067555
2572.565674 7.094331
2573.506836 7.002109
2574.446777 7.064495
2575.386475 7.122906
2576.325928 7.101335
2577.264648 7.125490
2578.202881 7.010702
2579.140381 7.072800
2580.077393 7.118622
2581.013672 7.049527
2581.949707 7.060359
2582.884766 7.083554
2583.820068 7.063943
2584.753906 7.065939
2585.687500 7.063249
2586.620850 7.055983
2587.552979 7.009918
2588.484375 7.054817
2589.416260 7.126073
2590.346436 7.091958
2591.277344 7.090247
2592.206543 7.116897
2593.135742 7.176358
2594.064453 7.178977
2594.992188 7.129768
2595.919434 7.246593
2596.846436 7.253187
2597.772461 7.315747
2598.697754 7.342025
2599.623047 7.340492
2600.547607 7.394328
2601.471924 7.489959
2602.395264 7.494285
2603.318115 7.515781
2604.240479 7.546448
2605.162109 7.554012
2606.082764 7.630061
2607.003906 7.622929
2607.923828 7.600075
2608.843994 7.629788
2609.762451 7.690162
2610.680664 7.645615
2611.599121 7.694213
2612.516113 7.709250
2613.432373 7.728527
2614.349121 7.716217
2615.264893 7.778286
2616.179688 7.796566
2617.094482 7.811979
2618.008545 7.820329
2618.922119 7.872242
2619.834961 7.812497
2620.746338 7.850002
2621.658936 7.824615
2622.570068 7.864833
2623.480713 7.901721
2624.391113 7.889509
2625.300537 7.894248
2626.209229 7.920752
2627.117920 7.853191
2628.026123 7.967368
2628.934082 8.010527
2629.840332 8.002923
2630.746826 7.994610
2631.652832 7.925616
2632.557861 8.016667
2633.462158 8.012914
2634.366943 8.095316
2635.270264 8.089369
2636.173828 8.090178
2637.075928 8.128077
2637.977783 8.123771
2638.879395 8.213433
2639.780518 8.190892
2640.680908 8.257617
2641.581055 8.208607
2642.479980 8.207098
2643.378906 8.247334
2644.277588 8.202463
2645.175049 8.267014
2646.072510 8.266024
2646.968750 8.195977
2647.864990 8.227103
2648.760742 8.213135
2649.656006 8.197222
2650.550049 8.213910
2651.444580 8.179840
2652.337891 8.168430
2653.230469 8.190809
2654.123779 8.160691
2655.015381 8.089519
2655.906982 8.121982
2656.797607 8.099588
2657.687500 8.120044
2658.577881 8.086918
2659.466797 8.139419
2660.355469 8.045694
2661.244385 8.034168
2662.131592 8.070745
2663.019287 8.057194
2663.905762 8.096899
2664.791504 8.031359
2665.677979 8.048940
2666.562744 8.060538
2667.446777 8.092241
2668.331299 8.136446
2669.214844 8.127611
2670.097656 8.169077
2670.980469 8.191909
2671.862305 8.253201
2672.744141 8.328540
2673.625244 8.260542
2674.505127 8.294347
2675.385498 8.310996
2676.264648 8.367069
2677.143555 8.358319
2678.022217 8.431479
2678.900391 8.422902
2679.778076 8.480248
2680.654541 8.491797
2681.530762 8.502605
2682.406982 8.526786
2683.282471 8.467884
2684.157227 8.425470
2685.031982 8.607434
2685.905273 8.615302
2686.778809 8.634015
2687.651611 8.653315
2688.523682 8.603771
2689.395996 8.674823
2690.266846 8.668322
2691.137939 8.634065
2692.008301 8.722726
2692.878174 8.802627
2693.747314 8.773696
2694.616455 8.699397
2695.484619 8.776546
2696.352295 8.778974
2697.219971 8.831320
2698.086670 8.826435
2698.953613 8.809861
2699.818848 8.771978
2700.683838 8.850842
2701.549561 8.826767
2702.413818 8.815604
2703.277100 8.758830
2704.141113 8.750305
2705.003906 8.818475
2705.866211 8.806297
2706.728027 8.748867
2707.589355 8.744447
2708.450928 8.749818
2709.310791 8.741107
2710.170654 8.763371
2711.030762 8.735765
2711.889648 8.763423
2712.747803 8.736023
2713.605957 8.679424
2714.463379 8.700671
2715.320801 8.687276
2716.177246 8.736902
2717.032959 8.636806
2717.889160 8.644956
2718.744141 8.670967
2719.598389 8.649766
2720.452881 8.620277
2721.306396 8.588902
2722.160156 8.581117
2723.012451 8.687780
2723.864990 8.632620
2724.716797 8.596786
2725.568115 8.633517
2726.418457 8.633563
2727.269531 8.620370
2728.118896 8.488181
2728.968018 8.645577
2729.817383 8.562778
2730.666016 8.596384
2731.514160 8.512639
2732.361572 8.471886
2733.208252 8.585794
2734.055176 8.223482
2734.901123 8.432237
2735.746582 8.535689
2736.592041 8.482027
2737.436523 8.582679
2738.280762 8.498369
2739.124756 8.563798
2739.968018 8.558998
2740.811279 8.667520
2741.653564 8.808958
2742.495361 8.778803
2743.337158 8.720617
2744.177734 8.804417
2745.018311 8.727513
2745.858643 8.753548
2746.697998 8.796408
2747.537842 8.737000
2748.376221 8.683045
2749.214111 8.589448
2750.052734 8.804368
2750.889893 8.840342
2751.726563 8.913313
2752.563232 8.810430
2753.399170 8.808578
2754.234619 8.821984
2755.069824 8.833656
2755.904297 8.877936
2756.738770 8.816607
2757.572510 8.842807
2758.405762 8.860949
2759.238525 8.789055
2760.071045 8.860531
2760.902832 8.884071
2761.734619 8.826756
2762.565430 8.882843
2763.396484 8.798862
2764.226318 8.936374
2765.056396 8.783746
2765.885742 8.887441
2766.714111 8.867659
2767.542725 8.847840
2768.371094 8.755719
2769.198486 8.959053
2770.024902 8.959688
2770.852295 8.885621
2771.678223 8.954644
2772.504150 8.911084
2773.329834 8.935346
2774.154297 8.994991
2774.979004 8.929062
2775.803223 8.926746
2776.626465 8.965890
2777.449951 8.974746
2778.272461 8.997416
2779.094727 9.049989
2779.916992 8.961969
2780.738525 8.829358
2781.559814 8.901252
2782.380371 8.940667
2783.200439 8.901603
2784.020264 8.938281
2784.839600 9.016780
2785.658203 8.871618
2786.477295 8.986658
2787.295166 9.037981
2788.113037 8.959785
2788.930176 8.962159
2789.746826 8.906926
2790.563477 8.959556
2791.379150 9.005728
2792.194824 8.879221
2793.010254 8.858715
2793.824463 8.892861
2794.639160 8.924780
2795.453369 8.805556
2796.266602 8.919988
2797.080078 8.961543
2797.892334 8.956341
2798.704346 8.875200
2799.516602 8.977905
2800.327881 8.960115
2801.138916 9.010539
2801.949707 8.963815
2802.759766 8.985822
2803.569580 8.927500
2804.379150 8.970874
2805.187988 8.977755
2805.996826 8.966707
2806.805176 9.016068
2807.612549 8.717916
2808.420654 9.018023
2809.227051 8.973282
2810.033936 8.943573
2810.840332 8.908099
2811.645508 8.839711
2812.451172 9.076264
2813.256348 8.895584
2814.060791 8.843697
2814.864990 8.966631
2815.668701 8.977361
2816.472168 8.773638
2817.275391 8.976780
2818.077881 8.847523
2818.880127 8.867729
2819.681885 9.003844
2820.483154 8.973866
2821.284912 8.957802
2822.085205 8.883693
2822.885986 8.944161
2823.685791 8.928538
2824.485107 8.998839
2825.283936 8.995122
2826.083252 9.010008
2826.881348 8.964841
2827.679688 8.937287
2828.477051 9.035211
2829.274170 9.047923
2830.071289 8.680987
2830.867676 9.049647
2831.663330 9.214649
2832.459717 9.066927
2833.255127 9.119041
2834.049561 9.140796
2834.844482 9.082360
2835.638672 9.190174
2836.432861 9.201934
2837.226074 9.176421
2838.019287 9.277070
2838.812012 9.221942
2839.604492 9.229209
2840.395996 9.287370
2841.187744 9.313802
2841.979248 8.559114
2842.769775 9.166594
2843.560791 9.145584
2844.350830 9.148866
2845.140869 9.182113
2845.930176 9.144870
2846.718994 9.264194
2847.508301 9.247938
2848.296387 9.137266
2849.084229 9.164540
2849.872559 9.251721
2850.659180 9.114317
2851.446777 9.263200
2852.232910 9.269887
2853.019043 9.267421
2853.805420 9.331780
2854.590820 9.260571
2855.375732 9.366399
2856.160889 9.223765
2856.945068 9.220277
2857.728760 9.176064
2858.513184 9.264684
2859.296631 9.293865
2860.079590 9.376201
2860.862549 9.341103
2861.644531 9.291591
2862.426758 9.319691
2863.208252 9.326982
2863.989746 9.368564
2864.770752 9.360753
2865.551270 9.331122
2866.331787 9.335856
2867.112061 9.336533
2867.891602 9.383556
2868.671143 9.396466
2869.449951 9.528832
2870.228760 9.478514
2871.007080 9.537215
2871.784912 9.521153
2872.562500 9.564134
2873.339844 9.558157
2874.116943 9.660257
2874.893799 9.568096
2875.669922 9.650327
2876.445801 9.633293
2877.221924 9.653655
2877.997070 9.583723
2878.771973 9.706196
2879.547119 9.579887
2880.321289 9.543612
2881.095215 9.507235
2881.869385 9.539398
2882.642578 9.627632
2883.415771 9.662559
2884.188232 9.603011
2884.960938 9.729133
2885.733154 9.584900
2886.504883 9.509479
2887.276367 9.709185
2888.048340 9.632032
2888.818604 9.580856
2889.589600 9.773573
2890.359619 9.767588
2891.129639 9.752929
2891.899902 9.749033
2892.668213 9.833839
2893.437256 9.831537
2894.206299 9.945545
2894.974854 9.588023
2895.742920 9.770530
2896.510986 9.774471
2897.278564 9.795977
2898.045654 9.853703
2898.812500 9.744493
2899.579102 9.739508
2900.345703 9.684149
2901.111572 9.836143
2901.877686 9.744777
2902.642822 9.817228
2903.407959 9.830944
2904.173096 9.879793
2904.937744 9.902438
2905.701660 9.980124
2906.466064 9.407659
2907.229248 9.788112
2907.992432 9.827118
2908.756348 9.813785
2909.518799 9.919445
2910.281250 9.776375
2911.043701 9.778107
2911.805908 9.774473
2912.567871 9.830009
2913.329346 9.790044
2914.089844 9.838484
2914.851074 9.836777
spectrumdark 2048
-92.208748 26448.000000
-89.583542 26448.000000
-86.960220 27383.000000
-84.338783 24574.000000
-81.719231 25079.000000
-79.101570 23149.000000
-76.485786 27041.000000
-73.871880 26858.000000
-71.259857 24901.000000
-68.649712 24467.000000
-66.041428 23640.000000
-63.435020 23294.000000
-60.830486 23043.000000
-58.227818 24694.000000
-55.627010 25292.000000
-53.028072 24520.000000
-50.430996 26044.000000
-47.835773 25943.000000
-45.242409 25031.000000
-42.650906 25504.000000
-40.061256 25556.000000
-37.473454 23623.000000
-34.887497 23342.000000
-32.303394 24734.000000
-29.721134 25214.000000
-27.140713 25911.000000
-24.562143 25460.000000
-21.985416 26197.000000
-19.410515 23759.000000
-16.837452 24625.000000
-14.266231 24774.000000
-11.696839 24966.000000
-9.129272 23109.000000
-6.563532 23237.000000
-3.999627 24155.000000
-1.437545 24771.000000
1.122722 25469.000000
3.681169 24660.000000
6.237790 25129.000000
8.792595 24589.000000
11.345592 23634.000000
13.896775 24161.000000
16.446142 25954.000000
18.993700 24367.000000
21.539461 23599.000000
24.083412 27840.000000
26.625555 23034.000000
29.165897 29535.000000
31.704445 27760.000000
34.241192 26146.000000
36.776154 23762.000000
39.309307 25688.000000
41.840675 25723.000000
44.370255 26127.000000
46.898033 23677.000000
49.424042 25583.000000
51.948273 26837.000000
54.470715 24530.000000
56.991371 23946.000000
59.510239 25662.000000
62.027348 26899.000000
64.542679 26725.000000
67.056221 26526.000000
69.568008 25184.000000
72.078018 24204.000000
74.586281 24522.000000
77.092766 24369.000000
79.597473 26366.000000
82.100433 23131.000000
84.601646 24524.000000
87.101067 25544.000000
89.598747 24817.000000
92.094681 26653.000000
94.588860 24718.000000
97.081291 23215.000000
99.571960 24901.000000
102.060890 26050.000000
104.548080 25294.000000
107.033524 22000.000000
109.517220 25483.000000
111.999176 23679.000000
114.479408 24419.000000
116.957893 24869.000000
119.434647 24973.000000
121.909676 26393.000000
124.382957 25302.000000
126.854507 24962.000000
129.324356 24731.000000
131.792450 25092.000000
134.258835 25070.000000
136.723511 25731.000000
139.186462 25699.000000
141.647690 24214.000000
144.107193 24440.000000
146.564957 24709.000000
149.021057 27968.000000
151.475418 25721.000000
153.928101 24476.000000
156.379059 27022.000000
158.828308 27546.000000
161.275864 26389.000000
163.721695 26468.000000
166.165848 24792.000000
168.608276 26703.000000
171.049026 25427.000000
173.488098 25709.000000
175.925461 27338.000000
178.361130 27750.000000
180.795090 24906.000000
183.227417 26155.000000
185.658005 25006.000000
188.086929 26428.000000
190.514160 26144.000000
192.939728 24476.000000
195.363617 23998.000000
197.785828 25221.000000
200.206360 26133.000000
202.625198 27592.000000
205.042358 25209.000000
207.457886 24750.000000
209.871719 26206.000000
212.283920 24538.000000
214.694427 26464.000000
217.103287 25428.000000
219.510437 22852.000000
221.915970 23837.000000
224.319839 24034.000000
226.722046 24996.000000
229.122620 26408.000000
231.521530 25367.000000
233.918777 24797.000000
236.314392 27958.000000
238.708344 27649.000000
241.100616 26725.000000
243.491272 26291.000000
245.880295 26773.000000
248.267685 25369.000000
250.653427 26817.000000
253.037537 27651.000000
255.419998 28269.000000
257.800812 27570.000000
260.180023 27204.000000
262.557587 28413.000000
264.933502 27293.000000
267.307831 29084.000000
269.680511 29207.000000
272.051575 26025.000000
274.421021 26922.000000
276.788818 24459.000000
279.154999 23459.000000
281.519592 23047.000000
283.882538 25713.000000
286.243866 25247.000000
288.603607 25655.000000
290.961731 25906.000000
293.318237 28426.000000
295.673126 26675.000000
298.026398 27547.000000
300.378113 26803.000000
302.728210 24778.000000
305.076721 24982.000000
307.423584 28654.000000
309.768860 25927.000000
312.112549 26703.000000
314.454620 25967.000000
316.795135 23761.000000
319.134064 25377.000000
321.471375 25036.000000
323.807129 23260.000000
326.141235 24501.000000
328.473816 24935.000000
330.804810 24879.000000
333.134186 27087.000000
335.462006 26306.000000
337.788239 25970.000000
340.112885 25238.000000
342.435974 25005.000000
344.757477 27535.000000
347.077454 24787.000000
349.395813 24227.000000
351.712585 28963.000000
354.027802 28854.000000
356.341461 25478.000000
358.653564 24062.000000
360.964081 26014.000000
363.273041 24904.000000
365.580475 26486.000000
367.886353 27269.000000
370.190643 27049.000000
372.493347 24389.000000
374.794556 24940.000000
377.094208 26392.000000
379.392273 24689.000000
381.688812 24832.000000
383.983795 25529.000000
386.277252 28224.000000
388.569214 24597.000000
390.859528 26190.000000
393.148346 25792.000000
395.435638 24961.000000
397.721375 27304.000000
400.005493 29989.000000
402.288177 32358.000000
404.569305 30375.000000
406.848907 32210.000000
409.126984 27287.000000
411.403564 27707.000000
413.678558 33380.000000
415.952057 43091.000000
418.224030 49269.000000
420.494446 49008.000000
422.763397 43395.000000
425.030792 32496.000000
427.296661 25827.000000
429.561066 26870.000000
431.823914 29112.000000
434.085175 24315.000000
436.345032 24567.000000
438.603333 23970.000000
440.860138 24156.000000
443.115417 23613.000000
445.369232 26159.000000
447.621552 22508.000000
449.872345 24307.000000
452.121613 24708.000000
454.369415 24402.000000
456.615692 26548.000000
458.860474 24352.000000
461.103790 25251.000000
463.345581 23826.000000
465.585876 23427.000000
467.824707 24850.000000
470.062012 25012.000000
472.297821 25242.000000
474.532166 23675.000000
476.765045 26134.000000
478.996399 26707.000000
481.226288 25115.000000
483.454712 26561.000000
485.681671 26233.000000
487.907135 26853.000000
490.131104 25582.000000
492.353607 25398.000000
494.574646 26517.000000
496.794220 27034.000000
499.012299 26163.000000
501.228912 26478.000000
503.444061 24454.000000
505.657745 25420.000000
507.869965 26366.000000
510.080688 25454.000000
512.289978 26864.000000
514.497803 24388.000000
516.704224 25019.000000
518.909180 25366.000000
521.112610 26801.000000
523.314575 24095.000000
525.515137 26716.000000
527.714233 27165.000000
529.911987 26868.000000
532.108093 27498.000000
534.302856 27686.000000
536.496155 28667.000000
538.688049 25299.000000
540.878479 25239.000000
543.067383 24970.000000
545.254944 24729.000000
547.441040 22643.000000
549.625610 23353.000000
551.808899 24993.000000
553.990662 23558.000000
556.171021 23551.000000
558.349915 26011.000000
560.527405 25240.000000
562.703430 25465.000000
564.878052 25203.000000
567.051270 26090.000000
569.223145 25833.000000
571.393433 24282.000000
573.562378 26662.000000
575.729797 26430.000000
577.895874 26441.000000
580.060547 26390.000000
582.223816 25433.000000
584.385681 25341.000000
586.546082 26228.000000
588.705017 26785.000000
590.862671 24650.000000
593.018860 23221.000000
595.173584 24532.000000
597.326965 26794.000000
599.478943 24818.000000
601.629517 23963.000000
603.778625 24859.000000
605.926392 28013.000000
608.072754 26255.000000
610.217651 25562.000000
612.361145 24794.000000
614.503296 26223.000000
616.644104 25807.000000
618.783386 25721.000000
620.921448 24671.000000
623.058044 23632.000000
625.193115 27735.000000
627.327026 26459.000000
629.459412 24172.000000
631.590393 32362.000000
633.720093 26241.000000
635.848206 23463.000000
637.975220 30137.000000
640.100647 29635.000000
642.224854 30980.000000
644.347412 27957.000000
646.468811 26824.000000
648.588745 26254.000000
650.707336 24679.000000
652.824585 26546.000000
654.940430 26275.000000
657.054932 23514.000000
659.168091 25461.000000
661.279724 27650.000000
663.390137 25306.000000
665.499207 25057.000000
667.606873 26165.000000
669.713135 24363.000000
671.817993 22996.000000
673.921570 25608.000000
676.023865 23787.000000
678.124634 23597.000000
680.224060 27503.000000
682.322205 25973.000000
684.418945 24887.000000
686.514404 26066.000000
688.608582 31152.000000
690.701172 27522.000000
692.792603 28901.000000
694.882690 27372.000000
696.971313 28041.000000
699.058655 25425.000000
701.144714 27150.000000
703.229309 26408.000000
705.312622 23535.000000
707.394531 26373.000000
709.475220 24438.000000
711.554443 25798.000000
713.632324 25085.000000
715.708984 25970.000000
717.784302 25947.000000
719.858215 25942.000000
721.930908 24779.000000
724.002136 25943.000000
726.072083 24690.000000
728.140747 24332.000000
730.208069 28206.000000
732.274048 24557.000000
734.338745 25273.000000
736.401978 26695.000000
738.463989 24277.000000
740.524719 26969.000000
742.584045 26145.000000
744.642151 26110.000000
746.698792 24243.000000
748.754211 25044.000000
750.808350 23399.000000
752.861145 27351.000000
754.912659 23530.000000
756.962769 24280.000000
759.011658 24774.000000
761.059204 25098.000000
763.105408 26030.000000
765.150391 24645.000000
767.194031 29236.000000
769.236328 26171.000000
771.277405 24585.000000
773.317078 25411.000000
775.355530 26396.000000
777.392578 26163.000000
779.428345 25887.000000
781.462891 24354.000000
783.496155 22944.000000
785.528076 25926.000000
787.558716 24021.000000
789.588074 23383.000000
791.616211 25503.000000
793.642944 25248.000000
795.668457 27051.000000
797.692627 25104.000000
799.715515 24194.000000
801.737122 26904.000000
803.757507 25043.000000
805.776550 29224.000000
807.794312 26338.000000
809.810852 24183.000000
811.826111 24178.000000
813.840027 27130.000000
815.852600 24842.000000
817.864014 25020.000000
819.874084 24647.000000
821.883057 26483.000000
823.890503 24817.000000
825.896912 25979.000000
827.901917 24406.000000
829.905579 24952.000000
831.908142 24249.000000
833.909241 24910.000000
835.909302 24148.000000
837.907898 25444.000000
839.905396 23637.000000
841.901550 23543.000000
843.896545 25216.000000
845.890137 26222.000000
847.882507 28899.000000
849.873657 29716.000000
851.863586 28044.000000
853.852112 25988.000000
855.839539 24968.000000
857.825562 24486.000000
859.810486 26429.000000
861.794067 23720.000000
863.776428 27382.000000
865.757568 25537.000000
867.737366 26356.000000
869.716064 28317.000000
871.693359 34568.000000
873.669556 31041.000000
875.644409 28876.000000
877.618103 27814.000000
879.590454 25271.000000
881.561646 25135.000000
883.531494 26770.000000
885.500305 25645.000000
887.467651 24349.000000
889.433899 24383.000000
891.398865 25146.000000
893.362549 29689.000000
895.325134 25707.000000
897.286377 24359.000000
899.246460 26483.000000
901.205200 25129.000000
903.162842 23779.000000
905.119202 26399.000000
907.074463 25233.000000
909.028320 26860.000000
910.981079 22779.000000
912.932434 23329.000000
914.882751 24355.000000
916.831726 25141.000000
918.779602 25356.000000
920.726135 23095.000000
922.671448 25488.000000
924.615662 24656.000000
926.558655 23845.000000
928.500427 25981.000000
930.440796 24013.000000
932.380127 25085.000000
934.318176 24370.000000
936.255188 25438.000000
938.190796 24368.000000
940.125305 25238.000000
942.058472 22441.000000
943.990662 25311.000000
945.921448 23603.000000
947.851135 23678.000000
949.779541 27402.000000
951.706848 25802.000000
953.632690 25533.000000
955.557556 25805.000000
957.481262 23724.000000
959.403625 27076.000000
961.325012 23208.000000
963.244995 27615.000000
965.163818 24877.000000
967.081482 24152.000000
968.998047 27552.000000
970.913208 24763.000000
972.827393 26394.000000
974.740234 24965.000000
976.651978 24844.000000
978.562439 24431.000000
980.471863 25952.000000
982.379944 25124.000000
984.286865 25483.000000
986.192688 24532.000000
988.097229 25340.000000
990.000793 28624.000000
991.902954 24521.000000
993.804016 25417.000000
995.703857 24446.000000
997.602661 24521.000000
999.500122 25639.000000
1001.396606 24321.000000
1003.291565 29234.000000
1005.185730 24655.000000
1007.078491 26673.000000
1008.970215 26950.000000
1010.860718 24640.000000
1012.749939 26076.000000
1014.638184 25498.000000
1016.525085 24688.000000
1018.411011 24827.000000
1020.295471 24436.000000
1022.179077 22805.000000
1024.061279 23365.000000
1025.942627 26517.000000
1027.822510 26395.000000
1029.701416 24163.000000
1031.579102 26146.000000
1033.455688 26259.000000
1035.331055 23881.000000
1037.205200 23950.000000
1039.078125 22716.000000
1040.950073 22894.000000
1042.820801 25380.000000
1044.690308 25031.000000
1046.558960 24849.000000
1048.426025 23371.000000
1050.292358 25667.000000
1052.157227 23740.000000
1054.021118 23942.000000
1055.883789 24055.000000
1057.745361 24358.000000
1059.605713 24446.000000
1061.464966 25897.000000
1063.322998 26408.000000
1065.180054 27947.000000
1067.035889 24325.000000
1068.890625 23811.000000
1070.743896 24652.000000
1072.596436 25900.000000
1074.447754 24776.000000
1076.297852 25079.000000
1078.146851 23250.000000
1079.994751 24587.000000
1081.841431 29696.000000
1083.687012 26020.000000
1085.531494 24509.000000
1087.374756 24016.000000
1089.216919 25672.000000
1091.058105 23874.000000
1092.897949 23221.000000
1094.736938 24471.000000
1096.574585 30537.000000
1098.411011 23779.000000
1100.246582 24589.000000
1102.080688 23426.000000
1103.913940 25263.000000
1105.745972 26753.000000
1107.576782 24033.000000
1109.406616 23319.000000
1111.235352 25730.000000
1113.062988 23988.000000
1114.889404 23710.000000
1116.714722 24542.000000
1118.538940 22958.000000
1120.362061 24624.000000
1122.183960 23383.000000
1124.005127 25300.000000
1125.824707 25449.000000
1127.643433 24773.000000
1129.460938 24946.000000
1131.277344 23972.000000
1133.092651 25485.000000
1134.906860 24272.000000
1136.719971 24806.000000
1138.532104 24022.000000
1140.343018 23485.000000
1142.152710 24979.000000
1143.961426 25253.000000
1145.768921 24060.000000
1147.575684 26125.000000
1149.380981 24298.000000
1151.185181 24029.000000
1152.988281 26778.000000
1154.790405 26609.000000
1156.591431 26693.000000
1158.391357 26204.000000
1160.190063 28063.000000
1161.987671 25443.000000
1163.784424 24542.000000
1165.579834 28025.000000
1167.374268 25256.000000
1169.167603 27182.000000
1170.959839 22982.000000
1172.750977 29465.000000
1174.541138 23410.000000
1176.329956 24536.000000
1178.117920 24259.000000
1179.904541 37785.000000
1181.690308 25370.000000
1183.474976 24788.000000
1185.258545 25269.000000
1187.041016 23101.000000
1188.822266 24265.000000
1190.602539 26313.000000
1192.381714 22968.000000
1194.159790 25521.000000
1195.937012 24442.000000
1197.712891 26892.000000
1199.487549 24702.000000
1201.261597 23851.000000
1203.034302 24756.000000
1204.805908 26423.000000
1206.576538 24426.000000
1208.346191 25544.000000
1210.114502 27030.000000
1211.881958 24434.000000
1213.648193 24330.000000
1215.413452 24712.000000
1217.177612 23535.000000
1218.940552 25354.000000
1220.702637 24708.000000
1222.463501 23997.000000
1224.223511 26146.000000
1225.982422 25654.000000
1227.739990 27859.000000
1229.496826 24945.000000
1231.252441 23773.000000
1233.006958 28048.000000
1234.760498 24188.000000
1236.512939 25795.000000
1238.264404 25049.000000
1240.014526 25974.000000
1241.763916 24207.000000
1243.512085 24459.000000
1245.259277 27711.000000
1247.005249 25743.000000
1248.750366 23638.000000
1250.494263 23883.000000
1252.237183 24611.000000
1253.979126 23774.000000
1255.719971 24265.000000
1257.459717 25577.000000
1259.198486 24724.000000
1260.936157 23876.000000
1262.672729 26451.000000
1264.408325 25404.000000
1266.142944 25563.000000
1267.876343 27543.000000
1269.608765 24270.000000
1271.340332 24780.000000
1273.070435 25782.000000
1274.799805 25697.000000
1276.528198 25188.000000
1278.255249 23790.000000
1279.981567 27410.000000
1281.706543 25269.000000
1283.430786 25086.000000
1285.153687 26361.000000
1286.875854 24914.000000
1288.596802 26885.000000
1290.316895 23976.000000
1292.035767 26560.000000
1293.753662 25548.000000
1295.470459 27911.000000
1297.186279 24658.000000
1298.900879 27911.000000
1300.614746 22744.000000
1302.327393 24040.000000
1304.039063 26413.000000
1305.749878 28313.000000
1307.459473 25456.000000
1309.168091 23598.000000
1310.875610 24110.000000
1312.582153 24272.000000
1314.287598 24232.000000
1315.992188 24332.000000
1317.695557 23847.000000
1319.398071 25180.000000
1321.099487 25188.000000
1322.799927 24229.000000
1324.499146 25055.000000
1326.197632 24268.000000
1327.895020 25166.000000
1329.591187 27547.000000
1331.286499 23931.000000
1332.980713 27580.000000
1334.674072 25677.000000
1336.366333 26573.000000
1338.057495 25697.000000
1339.747681 26525.000000
1341.437012 24202.000000
1343.125122 26323.000000
1344.812378 26453.000000
1346.498413 26697.000000
1348.183594 29200.000000
1349.867554 29861.000000
1351.550781 26207.000000
1353.232788 26534.000000
1354.913940 25931.000000
1356.594238 24763.000000
1358.273315 22702.000000
1359.951294 25622.000000
1361.628296 26841.000000
1363.304565 25644.000000
1364.979614 25389.000000
1366.653442 26860.000000
1368.326660 26204.000000
1369.998779 27409.000000
1371.669678 24449.000000
1373.339966 24495.000000
1375.008911 25479.000000
1376.676880 25424.000000
1378.343872 23406.000000
1380.010254 24672.000000
1381.675171 25893.000000
1383.339233 25764.000000
1385.002319 26351.000000
1386.664185 24180.000000
1388.325439 24729.000000
1389.985596 25609.000000
1391.644531 25009.000000
1393.302734 27160.000000
1394.959839 24693.000000
1396.615845 26918.000000
1398.270996 26591.000000
1399.925171 24137.000000
1401.578491 26620.000000
1403.230347 26620.000000
1404.881714 24265.000000
1406.531738 27525.000000
1408.181152 26962.000000
1409.829224 24955.000000
1411.476318 25228.000000
1413.122803 26147.000000
1414.767944 23100.000000
1416.412354 26613.000000
1418.055420 25819.000000
1419.697876 23732.000000
1421.339233 26243.000000
1422.979492 24264.000000
1424.618774 27886.000000
1426.257202 25966.000000
1427.894531 24652.000000
1429.531006 24821.000000
1431.166504 26699.000000
1432.800903 29489.000000
1434.434448 25407.000000
1436.066895 23840.000000
1437.698486 24275.000000
1439.329224 24350.000000
1440.958862 26903.000000
1442.587280 23481.000000
1444.214966 26574.000000
1445.841675 26902.000000
1447.467407 27968.000000
1449.092041 27596.000000
1450.715942 24901.000000
1452.338623 29676.000000
1453.960571 25609.000000
1455.581421 24631.000000
1457.201294 25091.000000
1458.820190 24836.000000
1460.438110 26163.000000
1462.055054 25922.000000
1463.671265 25844.000000
1465.286377 27383.000000
1466.900391 25846.000000
1468.513672 27022.000000
1470.125732 24080.000000
1471.736938 25979.000000
1473.347290 24573.000000
1474.956787 26465.000000
1476.564819 22231.000000
1478.172363 24462.000000
1479.778809 25535.000000
1481.384277 25728.000000
1482.988770 23859.000000
1484.592407 25069.000000
1486.194702 25696.000000
1487.796509 25265.000000
1489.397339 27315.000000
1490.996948 25105.000000
1492.595703 26719.000000
1494.193726 26322.000000
1495.790405 25670.000000
1497.386353 24362.000000
1498.981445 25146.000000
1500.575317 26031.000000
1502.168579 26388.000000
1503.760620 23816.000000
1505.351685 24776.000000
1506.942017 23896.000000
1508.531250 24424.000000
1510.119629 26012.000000
1511.707153 24069.000000
1513.293457 26059.000000
1514.878906 25053.000000
1516.463623 25420.000000
1518.047363 26037.000000
1519.629761 24774.000000
1521.211548 25430.000000
1522.792480 23400.000000
1524.372437 24861.000000
1525.951172 25742.000000
1527.529053 25485.000000
1529.106323 25314.000000
1530.682251 24209.000000
1532.257324 24418.000000
1533.831665 24498.000000
1535.404907 26039.000000
1536.977539 23430.000000
1538.548584 26146.000000
1540.119019 27976.000000
1541.688721 25804.000000
1543.257324 27336.000000
1544.825073 25192.000000
1546.391846 27404.000000
1547.957520 26372.000000
1549.522217 23506.000000
1551.086304 25887.000000
1552.649414 25231.000000
1554.211548 25159.000000
1555.772583 25419.000000
1557.332886 26114.000000
1558.892090 25705.000000
1560.450684 25311.000000
1562.008057 24474.000000
1563.564575 26572.000000
1565.120117 25137.000000
1566.674683 27225.000000
1568.228516 26216.000000
1569.781372 24412.000000
1571.333252 23741.000000
1572.884277 25706.000000
1574.434204 25821.000000
1575.983276 23901.000000
1577.531738 25724.000000
1579.078735 23085.000000
1580.625244 25341.000000
1582.170776 23978.000000
1583.715454 24073.000000
1585.258667 25173.000000
1586.801514 26358.000000
1588.343262 24573.000000
1589.884155 25142.000000
1591.423950 27645.000000
1592.963135 27078.000000
1594.501099 24957.000000
1596.038208 24829.000000
1597.574585 26667.000000
1599.109985 25762.000000
1600.644531 23445.000000
1602.177856 25971.000000
1603.710571 26269.000000
1605.242432 24568.000000
1606.773193 25081.000000
1608.302979 26953.000000
1609.832031 27009.000000
1611.360107 28001.000000
1612.887085 23936.000000
1614.413574 25398.000000
1615.938843 26927.000000
1617.463379 25939.000000
1618.986572 24663.000000
1620.509521 25509.000000
1622.031250 24586.000000
1623.552002 26952.000000
1625.071777 24741.000000
1626.591064 25131.000000
1628.109009 24230.000000
1629.626343 25802.000000
1631.142456 27633.000000
1632.657959 25285.000000
1634.172607 25017.000000
1635.686035 26508.000000
1637.198730 25087.000000
1638.710571 27310.000000
1640.221558 25699.000000
1641.731567 25214.000000
1643.240479 23970.000000
1644.748779 25408.000000
1646.256104 24833.000000
1647.762451 23441.000000
1649.267822 24247.000000
1650.772705 24851.000000
1652.276489 26879.000000
1653.779297 25456.000000
1655.281128 24806.000000
1656.782349 26736.000000
1658.282593 24669.000000
1659.781738 24350.000000
1661.280029 24582.000000
1662.777588 25710.000000
1664.274048 25181.000000
1665.769775 26366.000000
1667.264526 25260.000000
1668.758545 24312.000000
1670.251587 25997.000000
1671.743652 25257.000000
1673.235107 25540.000000
1674.725342 23572.000000
1676.214844 24013.000000
1677.703491 26905.000000
1679.191162 25502.000000
1680.678223 26565.000000
1682.163940 23727.000000
1683.649048 25001.000000
1685.133423 24938.000000
1686.616333 24926.000000
1688.098877 25986.000000
1689.580322 25277.000000
1691.061035 24422.000000
1692.540771 24722.000000
1694.019775 25777.000000
1695.497681 28393.000000
1696.974976 25094.000000
1698.450928 25675.000000
1699.926514 27143.000000
1701.400879 24755.000000
1702.874634 25749.000000
1704.347290 27663.000000
1705.819336 27083.000000
1707.290283 25794.000000
1708.760132 23706.000000
1710.229492 24661.000000
1711.697998 23678.000000
1713.165405 24425.000000
1714.632080 34830.000000
1716.097534 26346.000000
1717.562622 28704.000000
1719.026611 26421.000000
1720.489746 22269.000000
1721.951904 26916.000000
1723.413452 24691.000000
1724.874023 24245.000000
1726.333374 29051.000000
1727.792358 26585.000000
1729.250244 29041.000000
1730.707397 24840.000000
1732.163330 24134.000000
1733.618652 28515.000000
1735.073242 24003.000000
1736.526611 23987.000000
1737.979370 26428.000000
1739.431274 27016.000000
1740.882202 25138.000000
1742.332153 25289.000000
1743.781616 24924.000000
1745.229858 25220.000000
1746.677612 25496.000000
1748.124023 25258.000000
1749.569946 25565.000000
1751.014893 28512.000000
1752.458984 24440.000000
1753.902100 30055.000000
1755.344360 25241.000000
1756.785889 25121.000000
1758.226563 26153.000000
1759.666260 25400.000000
1761.105225 23810.000000
1762.543335 25722.000000
1763.980469 25561.000000
1765.416870 24339.000000
1766.852417 26162.000000
1768.286987 24873.000000
1769.720703 25262.000000
1771.153564 24733.000000
1772.585815 28376.000000
1774.017090 24556.000000
1775.447144 26769.000000
1776.876709 28280.000000
1778.305664 28173.000000
1779.733276 29027.000000
1781.160034 26072.000000
1782.586304 29345.000000
1784.011719 27013.000000
1785.435791 29575.000000
1786.859497 23619.000000
1788.282227 25275.000000
1789.704102 24874.000000
1791.125000 25224.000000
1792.545288 24206.000000
1793.964600 24389.000000
1795.383057 26320.000000
1796.800537 26332.000000
1798.217407 24435.000000
1799.633301 24769.000000
1801.048218 26031.000000
1802.462524 24965.000000
1803.875977 25732.000000
1805.288696 22967.000000
1806.700195 24864.000000
1808.111084 25118.000000
1809.521118 25745.000000
1810.930420 23801.000000
1812.338379 25530.000000
1813.746094 24856.000000
1815.152832 25208.000000
1816.558472 26742.000000
1817.963379 24631.000000
1819.367432 24311.000000
1820.770874 25463.000000
1822.173218 24132.000000
1823.574951 24942.000000
1824.975830 24189.000000
1826.375732 26790.000000
1827.774658 25070.000000
1829.172974 24946.000000
1830.570313 24692.000000
1831.967041 24824.000000
1833.362671 24235.000000
1834.757690 26309.000000
1836.151855 26239.000000
1837.545044 23712.000000
1838.937378 25385.000000
1840.329102 26154.000000
1841.719849 24862.000000
1843.109863 24195.000000
1844.498657 24377.000000
1845.887085 25031.000000
1847.274658 25697.000000
1848.661011 27077.000000
1850.046753 23381.000000
1851.431885 24165.000000
1852.815918 24672.000000
1854.199097 24686.000000
1855.581787 27248.000000
1856.963135 25640.000000
1858.344116 25064.000000
1859.723877 23635.000000
1861.103149 26518.000000
1862.481567 26346.000000
1863.859131 23931.000000
1865.235718 25518.000000
1866.611450 26830.000000
1867.986450 23344.000000
1869.360474 28041.000000
1870.733887 22461.000000
1872.106567 25398.000000
1873.478271 25482.000000
1874.849121 26369.000000
1876.219238 24458.000000
1877.588623 28773.000000
1878.957153 27164.000000
1880.324463 24783.000000
1881.691406 30990.000000
1883.057251 22625.000000
1884.422607 27174.000000
1885.786865 23693.000000
1887.150269 23839.000000
1888.513062 24172.000000
1889.874878 24285.000000
1891.236084 24515.000000
1892.596313 24446.000000
1893.955688 22034.000000
1895.314209 26679.000000
1896.671997 26824.000000
1898.029053 27083.000000
1899.385376 25849.000000
1900.740601 25278.000000
1902.095093 25143.000000
1903.448975 27662.000000
1904.802002 23687.000000
1906.153809 27157.000000
1907.505127 24700.000000
1908.855835 26854.000000
1910.205444 27049.000000
1911.554077 24141.000000
1912.902344 24828.000000
1914.249512 24642.000000
1915.595825 26883.000000
1916.941406 24643.000000
1918.286377 24878.000000
1919.630493 28550.000000
1920.973511 26742.000000
1922.315918 24848.000000
1923.657471 25515.000000
1924.998535 25939.000000
1926.338257 24764.000000
1927.677490 25757.000000
1929.015869 27070.000000
1930.353516 26814.000000
1931.690063 25130.000000
1933.025879 25207.000000
1934.361084 25190.000000
1935.695313 25351.000000
1937.028931 22793.000000
1938.361572 22703.000000
1939.693726 24970.000000
1941.024780 24561.000000
1942.355225 24579.000000
1943.684692 23045.000000
1945.013550 25774.000000
1946.341064 24249.000000
1947.668213 24181.000000
1948.994751 25089.000000
1950.320190 22940.000000
1951.644775 24643.000000
1952.968872 26911.000000
1954.291870 25342.000000
1955.614136 25221.000000
1956.935791 24738.000000
1958.256226 23093.000000
1959.576416 24791.000000
1960.895386 25137.000000
1962.213867 23399.000000
1963.531494 25365.000000
1964.848389 22887.000000
1966.164185 25372.000000
1967.479248 24039.000000
1968.793701 24156.000000
1970.107300 27893.000000
1971.419678 23822.000000
1972.732056 24234.000000
1974.043213 26236.000000
1975.353516 25629.000000
1976.663086 23853.000000
1977.972046 26112.000000
1979.280151 31380.000000
1980.587158 27258.000000
1981.893555 23875.000000
1983.199463 24500.000000
1984.504395 26799.000000
1985.808228 25912.000000
1987.111694 26424.000000
1988.414185 27378.000000
1989.715942 24918.000000
1991.016846 27477.000000
1992.316895 26337.000000
1993.616211 23061.000000
1994.914673 24704.000000
1996.212646 24558.000000
1997.509766 26266.000000
1998.805908 24620.000000
2000.101196 24521.000000
2001.395874 24488.000000
2002.689819 25579.000000
2003.982910 25779.000000
2005.275269 23928.000000
2006.566772 25965.000000
2007.857422 24848.000000
2009.147461 25019.000000
2010.436523 26669.000000
2011.724976 23524.000000
2013.012573 24741.000000
2014.299561 22896.000000
2015.585327 28120.000000
2016.870850 26020.000000
2018.155518 23660.000000
2019.438843 25394.000000
2020.721802 24392.000000
2022.004150 25672.000000
2023.285278 25925.000000
2024.565918 26033.000000
2025.845703 29141.000000
2027.125000 27007.000000
2028.403198 24783.000000
2029.680664 26047.000000
2030.957397 25121.000000
2032.233398 25406.000000
2033.508545 25433.000000
2034.782959 23658.000000
2036.056519 27971.000000
2037.329468 24757.000000
2038.601318 24127.000000
2039.872803 25075.000000
2041.143311 27140.000000
2042.413330 25618.000000
2043.682007 25289.000000
2044.950317 24169.000000
2046.217896 25414.000000
2047.484375 25761.000000
2048.750000 25045.000000
2050.015137 25568.000000
2051.279785 23561.000000
2052.543457 24745.000000
2053.805908 27278.000000
2055.068115 23846.000000
2056.329346 24854.000000
2057.589844 26303.000000
2058.849609 26377.000000
2060.108643 26111.000000
2061.366943 25552.000000
2062.624268 24964.000000
2063.881104 25187.000000
2065.136963 25089.000000
2066.392090 25560.000000
2067.646484 25832.000000
2068.900391 24572.000000
2070.153076 26203.000000
2071.405518 24791.000000
2072.656494 23476.000000
2073.906982 27499.000000
2075.156982 24830.000000
2076.406006 27089.000000
2077.654297 27813.000000
2078.901855 25179.000000
2080.148682 24508.000000
2081.394531 24927.000000
2082.639893 25012.000000
2083.884521 23799.000000
2085.128174 26155.000000
2086.370850 26848.000000
2087.613037 27783.000000
2088.854980 24706.000000
2090.095703 26613.000000
2091.335205 25518.000000
2092.574707 25862.000000
2093.812988 27981.000000
2095.050781 25801.000000
2096.287842 25163.000000
2097.523682 26563.000000
2098.759277 25371.000000
2099.993896 27689.000000
2101.227783 23934.000000
2102.461182 26754.000000
2103.693359 26421.000000
2104.924805 23965.000000
2106.156006 24424.000000
2107.386230 24488.000000
2108.615479 26106.000000
2109.843994 25193.000000
2111.071777 25138.000000
2112.299072 25295.000000
2113.525635 25425.000000
2114.750977 25713.000000
2115.975830 25250.000000
2117.199951 25365.000000
2118.423096 25426.000000
2119.645996 23066.000000
2120.868164 24578.000000
2122.089355 23342.000000
2123.309326 26762.000000
2124.529053 25577.000000
2125.748047 25757.000000
2126.966553 24003.000000
2128.183594 22436.000000
2129.400146 24634.000000
2130.615967 25156.000000
2131.831299 26292.000000
2133.045898 24686.000000
2134.259521 25939.000000
2135.472412 26135.000000
2136.684570 25258.000000
2137.895752 24975.000000
2139.106689 25851.000000
2140.316895 24093.000000
2141.525879 23997.000000
2142.734131 24770.000000
2143.942139 23390.000000
2145.149170 24590.000000
2146.355225 24880.000000
2147.560791 24395.000000
2148.765625 25766.000000
2149.969727 25250.000000
2151.172607 24565.000000
2152.375732 26118.000000
2153.577393 25456.000000
2154.778320 27300.000000
2155.978516 24739.000000
2157.178223 25459.000000
2158.377197 26388.000000
2159.574951 25125.000000
2160.772461 24685.000000
2161.969238 25656.000000
2163.165283 26847.000000
2164.360107 25810.000000
2165.554688 26303.000000
2166.748535 26749.000000
2167.941650 27345.000000
2169.133789 26742.000000
2170.325195 27048.000000
2171.516357 23622.000000
2172.706299 25476.000000
2173.895508 25782.000000
2175.083984 25040.000000
2176.271729 24950.000000
2177.458740 24793.000000
2178.645508 24578.000000
2179.831055 25070.000000
2181.016113 24332.000000
2182.199951 24804.000000
2183.383789 26378.000000
2184.566406 26250.000000
2185.748535 26031.000000
2186.929199 25025.000000
2188.110107 25118.000000
2189.290283 25336.000000
2190.469238 26988.000000
2191.647461 30890.000000
2192.825439 25689.000000
2194.002197 26434.000000
2195.177979 27649.000000
2196.353516 22772.000000
2197.528320 24389.000000
2198.702637 27605.000000
2199.875488 28492.000000
2201.048096 25611.000000
2202.219971 25009.000000
2203.391357 25218.000000
2204.561768 26809.000000
2205.731445 24929.000000
2206.900635 24943.000000
2208.068604 25869.000000
2209.236084 25929.000000
2210.402832 28783.000000
2211.569092 28837.000000
2212.734131 26251.000000
2213.898682 25575.000000
2215.062744 28802.000000
2216.226074 24746.000000
2217.388428 24469.000000
2218.550049 27054.000000
2219.711426 24972.000000
2220.871582 25347.000000
2222.031250 26437.000000
2223.190186 26596.000000
2224.348389 25134.000000
2225.505859 26965.000000
2226.662354 26821.000000
2227.818604 26275.000000
2228.973633 24077.000000
2230.128418 24262.000000
2231.281982 25666.000000
2232.435303 26411.000000
2233.587646 27923.000000
2234.739258 25091.000000
2235.890381 26016.000000
2237.040771 24468.000000
2238.190430 26570.000000
2239.339111 26297.000000
2240.487549 24809.000000
2241.635254 25303.000000
2242.781738 27670.000000
2243.927490 27501.000000
2245.073242 25951.000000
2246.217529 25923.000000
2247.361572 26071.000000
2248.504883 25241.000000
2249.647217 24300.000000
2250.789307 25672.000000
2251.929932 24959.000000
2253.070801 25248.000000
2254.210205 25855.000000
2255.349121 24448.000000
2256.487549 24765.000000
2257.625000 27800.000000
2258.761719 26280.000000
2259.897949 24563.000000
2261.033203 26191.000000
2262.167969 26157.000000
2263.302002 23668.000000
2264.435547 26569.000000
2265.567871 24407.000000
2266.699951 26048.000000
2267.831299 26684.000000
2268.961426 25180.000000
2270.091309 24723.000000
2271.220947 24166.000000
2272.348877 25021.000000
2273.476563 26384.000000
2274.603760 26469.000000
2275.729980 25542.000000
2276.855713 26011.000000
2277.980225 28677.000000
2279.104736 25066.000000
2280.228271 26532.000000
2281.351074 25373.000000
2282.473145 26219.000000
2283.594482 28032.000000
2284.715332 24128.000000
2285.834961 24993.000000
2286.954590 24352.000000
2288.072998 25861.000000
2289.190918 25632.000000
2290.308350 26447.000000
2291.424805 26799.000000
2292.540771 25135.000000
2293.656006 24968.000000
2294.770264 26825.000000
2295.884033 24159.000000
2296.997314 22826.000000
2298.109863 22728.000000
2299.220947 27641.000000
2300.332275 27543.000000
2301.442383 24958.000000
2302.552002 25642.000000
2303.660889 25395.000000
2304.769531 25509.000000
2305.876709 25977.000000
2306.983643 23985.000000
2308.089844 27951.000000
2309.195313 25052.000000
2310.300293 26336.000000
2311.404053 25387.000000
2312.507568 25016.000000
2313.610352 24033.000000
2314.712402 26927.000000
2315.813721 25847.000000
2316.914307 26867.000000
2318.014404 28802.000000
2319.113770 24754.000000
2320.212158 27804.000000
2321.310059 25080.000000
2322.407471 27511.000000
2323.503662 25479.000000
2324.599854 25404.000000
2325.695068 23583.000000
2326.789551 25048.000000
2327.883301 26415.000000
2328.976563 25607.000000
2330.068848 27124.000000
2331.160889 27656.000000
2332.251709 25034.000000
2333.342285 25955.000000
2334.432129 26629.000000
2335.521484 26511.000000
2336.609375 25939.000000
2337.697266 26093.000000
2338.784180 28254.000000
2339.870361 25467.000000
2340.956299 25898.000000
2342.041260 27319.000000
2343.125732 26866.000000
2344.208984 24063.000000
2345.292236 26109.000000
2346.374268 30214.000000
2347.455811 25339.000000
2348.536865 24769.000000
2349.617432 25521.000000
2350.696777 26358.000000
2351.775879 24699.000000
2352.854004 24970.000000
2353.931641 24486.000000
2355.008545 26280.000000
2356.084473 26825.000000
2357.160156 25012.000000
2358.234863 24566.000000
2359.309326 25379.000000
2360.382568 25929.000000
2361.455566 25911.000000
2362.527832 24248.000000
2363.599609 25006.000000
2364.670166 25986.000000
2365.740479 26088.000000
2366.810303 26017.000000
2367.879150 25578.000000
2368.947021 23771.000000
2370.014648 26167.000000
2371.081543 24283.000000
2372.147705 27458.000000
2373.213135 26947.000000
2374.277832 28074.000000
2375.342285 26247.000000
2376.405762 25388.000000
2377.468506 25652.000000
2378.530762 27532.000000
2379.592529 26322.000000
2380.653076 24898.000000
2381.713379 25374.000000
2382.773438 26849.000000
2383.832031 24690.000000
2384.890137 26892.000000
2385.947998 28618.000000
2387.004639 27465.000000
2388.061035 25515.000000
2389.116211 28562.000000
2390.171387 27639.000000
2391.225586 25889.000000
2392.279053 27506.000000
2393.332275 26458.000000
2394.384766 25823.000000
2395.436279 27179.000000
2396.486816 27265.000000
2397.537354 25932.000000
2398.587158 25739.000000
2399.635986 27922.000000
2400.684326 25072.000000
2401.731934 27586.000000
2402.779297 25288.000000
2403.825439 26558.000000
2404.871094 26736.000000
2405.916504 28262.000000
2406.961182 26190.000000
2408.004639 27314.000000
2409.047852 25413.000000
2410.090088 27392.000000
2411.132080 24802.000000
2412.173096 29391.000000
2413.213623 25481.000000
2414.253906 24871.000000
2415.292725 24975.000000
2416.331055 26826.000000
2417.369385 27900.000000
2418.406982 25065.000000
2419.443359 26094.000000
2420.479004 26479.000000
2421.514404 26808.000000
2422.549316 27105.000000
2423.583496 25227.000000
2424.616699 25185.000000
2425.649658 24907.000000
2426.681641 24595.000000
2427.713135 26141.000000
2428.744141 28469.000000
2429.773926 25953.000000
2430.803711 27637.000000
2431.832275 24487.000000
2432.860596 25579.000000
2433.888428 24687.000000
2434.915527 27114.000000
2435.941406 25357.000000
2436.967285 28069.000000
2437.992432 24923.000000
2439.016846 28856.000000
2440.040283 26048.000000
2441.063721 26728.000000
2442.085938 27108.000000
2443.108154 26382.000000
2444.129150 27185.000000
2445.149902 26242.000000
2446.169678 24945.000000
2447.188721 26717.000000
2448.207520 26711.000000
2449.225830 29956.000000
2450.243164 25238.000000
2451.260010 25642.000000
2452.275635 23645.000000
2453.291504 26297.000000
2454.306396 27857.000000
2455.320313 24440.000000
2456.334229 27022.000000
2457.347412 25238.000000
2458.359131 26765.000000
2459.370850 26359.000000
2460.382324 26016.000000
2461.392578 24030.000000
2462.402100 25978.000000
2463.411621 29609.000000
2464.420166 24528.000000
2465.428223 27084.000000
2466.435303 26567.000000
2467.441895 26996.000000
2468.448242 26650.000000
2469.453613 26072.000000
2470.458008 25094.000000
2471.462402 26351.000000
2472.466064 28537.000000
2473.468994 24859.000000
2474.470947 27717.000000
2475.472656 25263.000000
2476.473877 24493.000000
2477.474121 24962.000000
2478.474121 25528.000000
2479.473145 26964.000000
2480.471924 28878.000000
2481.469482 26182.000000
2482.466797 26224.000000
2483.463867 28875.000000
2484.459961 25129.000000
2485.455078 26672.000000
2486.449707 28089.000000
2487.444092 27481.000000
2488.437256 27193.000000
2489.430176 26133.000000
2490.422852 29623.000000
2491.414795 27506.000000
2492.405762 27331.000000
2493.396240 25983.000000
2494.386475 27338.000000
2495.375244 27529.000000
2496.364258 26418.000000
2497.352539 25571.000000
2498.339600 28188.000000
2499.326416 26079.000000
2500.312988 24668.000000
2501.298096 25827.000000
2502.282959 26103.000000
2503.267578 25354.000000
2504.251221 26745.000000
2505.234375 27639.000000
2506.217041 24476.000000
2507.198730 26951.000000
2508.180664 23516.000000
2509.160889 27977.000000
2510.140869 24181.000000
2511.120605 28843.000000
2512.099365 28270.000000
2513.077393 28624.000000
2514.055420 28594.000000
2515.032227 26747.000000
2516.009033 26178.000000
2516.984863 28553.000000
2517.959717 27412.000000
2518.934814 24684.000000
2519.908691 26646.000000
2520.881836 26336.000000
2521.854736 26643.000000
2522.827148 27776.000000
2523.798584 26285.000000
2524.769775 28191.000000
2525.739990 26879.000000
2526.710205 27286.000000
2527.679199 27265.000000
2528.647705 29316.000000
2529.615967 26205.000000
2530.583252 28667.000000
2531.550049 24993.000000
2532.516357 24801.000000
2533.481689 24980.000000
2534.447266 29226.000000
2535.411621 28048.000000
2536.375244 27242.000000
2537.338867 26566.000000
2538.301270 28094.000000
2539.263184 28467.000000
2540.224854 25076.000000
2541.185791 28665.000000
2542.145996 26335.000000
2543.105713 26484.000000
2544.064941 30295.000000
2545.023438 26107.000000
2545.981201 28719.000000
2546.938477 27745.000000
2547.895508 26486.000000
2548.851563 25160.000000
2549.806641 26564.000000
2550.761963 25554.000000
2551.716064 26897.000000
2552.669922 26530.000000
2553.623779 25311.000000
2554.575928 26664.000000
2555.528320 25489.000000
2556.479248 26016.000000
2557.430176 26408.000000
2558.380859 24463.000000
2559.330566 26172.000000
2560.279541 26594.000000
2561.228271 25557.000000
2562.175781 27688.000000
2563.123779 37199.000000
2564.070557 28935.000000
2565.016602 27121.000000
2565.962646 26172.000000
2566.907227 26085.000000
2567.851563 26976.000000
2568.795410 28505.000000
2569.738525 26610.000000
2570.681396 28397.000000
2571.623779 27925.000000
2572.565674 25660.000000
2573.506836 29327.000000
2574.446777 27675.000000
2575.386475 26027.000000
2576.325928 26269.000000
2577.264648 23986.000000
2578.202881 28849.000000
2579.140381 27518.000000
2580.077393 27296.000000
2581.013672 26419.000000
2581.949707 27277.000000
2582.884766 27846.000000
2583.820068 27019.000000
2584.753906 26566.000000
2585.687500 27506.000000
2586.620850 28136.000000
2587.552979 30039.000000
2588.484375 28679.000000
2589.416260 25750.000000
2590.346436 28280.000000
2591.277344 29653.000000
2592.206543 27233.000000
2593.135742 25688.000000
2594.064453 27700.000000
2594.992188 29676.000000
2595.919434 26044.000000
2596.846436 27029.000000
2597.772461 25759.000000
2598.697754 26497.000000
2599.623047 26784.000000
2600.547607 27217.000000
2601.471924 26292.000000
2602.395264 27056.000000
2603.318115 28179.000000
2604.240479 26333.000000
2605.162109 27897.000000
2606.082764 24603.000000
2607.003906 26258.000000
2607.923828 27473.000000
2608.843994 27505.000000
2609.762451 24648.000000
2610.680664 26810.000000
2611.599121 27598.000000
2612.516113 25946.000000
2613.432373 27022.000000
2614.349121 28179.000000
2615.264893 25801.000000
2616.179688 27562.000000
2617.094482 26217.000000
2618.008545 25553.000000
2618.922119 24944.000000
2619.834961 27002.000000
2620.746338 25600.000000
2621.658936 27947.000000
2622.570068 27060.000000
2623.480713 26835.000000
2624.391113 27573.000000
2625.300537 26688.000000
2626.209229 26646.000000
2627.117920 30960.000000
2628.026123 26243.000000
2628.934082 25683.000000
2629.840332 25164.000000
2630.746826 26830.000000
2631.652832 28804.000000
2632.557861 27136.000000
2633.462158 27296.000000
2634.366943 26506.000000
2635.270264 27896.000000
2636.173828 28524.000000
2637.075928 25961.000000
2637.977783 28929.000000
2638.879395 24982.000000
2639.780518 26906.000000
2640.680908 25010.000000
2641.581055 26758.000000
2642.479980 26472.000000
2643.378906 25122.000000
2644.277588 26195.000000
2645.175049 25532.000000
2646.072510 25533.000000
2646.968750 27372.000000
2647.864990 26084.000000
2648.760742 25687.000000
2649.656006 27136.000000
2650.550049 25811.000000
2651.444580 26836.000000
2652.337891 25402.000000
2653.230469 25231.000000
2654.123779 26418.000000
2655.015381 28402.000000
2655.906982 26935.000000
2656.797607 28088.000000
2657.687500 26078.000000
2658.577881 29087.000000
2659.466797 26309.000000
2660.355469 27629.000000
2661.244385 28103.000000
2662.131592 28633.000000
2663.019287 27055.000000
2663.905762 25441.000000
2664.791504 27733.000000
2665.677979 25787.000000
2666.562744 27488.000000
2667.446777 26379.000000
2668.331299 25990.000000
2669.214844 25318.000000
2670.097656 26657.000000
2670.980469 26727.000000
2671.862305 25798.000000
2672.744141 25480.000000
2673.625244 29215.000000
2674.505127 27466.000000
2675.385498 27505.000000
2676.264648 25185.000000
2677.143555 26768.000000
2678.022217 25742.000000
2678.900391 27471.000000
2679.778076 27260.000000
2680.654541 27207.000000
2681.530762 27186.000000
2682.406982 25519.000000
2683.282471 27888.000000
2684.157227 31675.000000
2685.031982 26094.000000
2685.905273 25767.000000
2686.778809 26284.000000
2687.651611 24827.000000
2688.523682 28601.000000
2689.395996 27555.000000
2690.266846 27569.000000
2691.137939 27379.000000
2692.008301 26994.000000
2692.878174 25618.000000
2693.747314 27217.000000
2694.616455 29568.000000
2695.484619 27459.000000
2696.352295 26969.000000
2697.219971 25273.000000
2698.086670 27438.000000
2698.953613 28649.000000
2699.818848 27879.000000
2700.683838 26005.000000
2701.549561 27137.000000
2702.413818 26966.000000
2703.277100 28011.000000
2704.141113 28774.000000
2705.003906 26588.000000
2705.866211 27600.000000
2706.728027 27144.000000
2707.589355 27943.000000
2708.450928 27056.000000
2709.310791 29207.000000
2710.170654 26662.000000
2711.030762 27207.000000
2711.889648 26898.000000
2712.747803 26753.000000
2713.605957 30793.000000
2714.463379 28536.000000
2715.320801 27700.000000
2716.177246 26463.000000
2717.032959 27857.000000
2717.889160 27651.000000
2718.744141 27070.000000
2719.598389 27949.000000
2720.452881 28060.000000
2721.306396 29195.000000
2722.160156 27592.000000
2723.012451 26295.000000
2723.864990 27973.000000
2724.716797 28657.000000
2725.568115 27573.000000
2726.418457 27773.000000
2727.269531 27421.000000
2728.118896 31989.000000
2728.968018 25950.000000
2729.817383 26981.000000
2730.666016 26578.000000
2731.514160 26924.000000
2732.361572 29088.000000
2733.208252 25064.000000
2734.055176 37253.000000
2734.901123 29143.000000
2735.746582 26104.000000
2736.592041 28277.000000
2737.436523 25600.000000
2738.280762 28223.000000
2739.124756 26970.000000
2739.968018 28764.000000
2740.811279 27432.000000
2741.653564 25226.000000
2742.495361 26273.000000
2743.337158 27838.000000
2744.177734 25297.000000
2745.018311 29164.000000
2745.858643 27967.000000
2746.697998 27608.000000
2747.537842 28237.000000
2748.376221 31254.000000
2749.214111 33633.000000
2750.052734 26283.000000
2750.889893 25895.000000
2751.726563 24451.000000
2752.563232 27429.000000
2753.399170 27815.000000
2754.234619 28619.000000
2755.069824 26982.000000
2755.904297 26558.000000
2756.738770 25971.000000
2757.572510 28287.000000
2758.405762 25824.000000
2759.238525 27428.000000
2760.071045 27325.000000
2760.902832 26554.000000
2761.734619 28850.000000
2762.565430 27057.000000
2763.396484 28589.000000
2764.226318 24890.000000
2765.056396 28282.000000
2765.885742 26205.000000
2766.714111 27537.000000
2767.542725 26904.000000
2768.371094 31350.000000
2769.198486 26789.000000
2770.024902 27417.000000
2770.852295 28741.000000
2771.678223 26628.000000
2772.504150 27878.000000
2773.329834 26508.000000
2774.154297 25435.000000
2774.979004 26433.000000
2775.803223 27554.000000
2776.626465 26825.000000
2777.449951 29048.000000
2778.272461 26897.000000
2779.094727 26015.000000
2779.916992 27488.000000
2780.738525 30310.000000
2781.559814 26957.000000
2782.380371 29978.000000
2783.200439 29257.000000
2784.020264 28384.000000
2784.839600 26274.000000
2785.658203 29655.000000
2786.477295 28917.000000
2787.295166 26345.000000
2788.113037 26481.000000
2788.930176 28011.000000
2789.746826 28286.000000
2790.563477 27170.000000
2791.379150 26364.000000
2792.194824 29968.000000
2793.010254 31442.000000
2793.824463 28548.000000
2794.639160 27323.000000
2795.453369 32777.000000
2796.266602 28888.000000
2797.080078 27270.000000
2797.892334 28333.000000
2798.704346 29535.000000
2799.516602 26313.000000
2800.327881 27883.000000
2801.138916 25633.000000
2801.949707 28900.000000
2802.759766 27895.000000
2803.569580 28844.000000
2804.379150 28196.000000
2805.187988 28129.000000
2805.996826 28515.000000
2806.805176 26567.000000
2807.612549 35648.000000
2808.420654 27728.000000
2809.227051 29510.000000
2810.033936 28044.000000
2810.840332 27670.000000
2811.645508 28708.000000
2812.451172 25312.000000
2813.256348 29716.000000
2814.060791 30812.000000
2814.864990 28431.000000
2815.668701 28517.000000
2816.472168 33970.000000
2817.275391 27177.000000
2818.077881 31068.000000
2818.880127 31573.000000
2819.681885 27548.000000
2820.483154 27405.000000
2821.284912 27332.000000
2822.085205 29474.000000
2822.885986 28354.000000
2823.685791 29286.000000
2824.485107 27598.000000
2825.283936 28419.000000
2826.083252 27917.000000
2826.881348 29511.000000
2827.679688 28705.000000
2828.477051 28875.000000
2829.274170 28159.000000
2830.071289 38021.000000
2830.867676 29285.000000
2831.663330 24155.000000
2832.459717 28131.000000
2833.255127 27411.000000
2834.049561 27121.000000
2834.844482 29584.000000
2835.638672 28030.000000
2836.432861 27745.000000
2837.226074 28125.000000
2838.019287 26356.000000
2838.812012 27412.000000
2839.604492 29919.000000
2840.395996 27839.000000
2841.187744 28162.000000
2841.979248 47105.000000
2842.769775 30265.000000
2843.560791 29572.000000
2844.350830 27919.000000
2845.140869 26844.000000
2845.930176 26661.000000
2846.718994 25770.000000
2847.508301 25869.000000
2848.296387 28872.000000
2849.084229 30245.000000
2849.872559 27884.000000
2850.659180 31445.000000
2851.446777 27872.000000
2852.232910 27813.000000
2853.019043 29596.000000
2853.805420 27547.000000
2854.590820 27943.000000
2855.375732 27094.000000
2856.160889 30716.000000
2856.945068 30134.000000
2857.728760 31074.000000
2858.513184 29488.000000
2859.296631 28561.000000
2860.079590 26653.000000
2860.862549 27530.000000
2861.644531 28912.000000
2862.426758 29054.000000
2863.208252 27000.000000
2863.989746 28209.000000
2864.770752 28296.000000
2865.551270 28893.000000
2866.331787 29377.000000
2867.112061 30229.000000
2867.891602 28783.000000
2868.671143 28636.000000
2869.449951 25929.000000
2870.228760 29364.000000
2871.007080 27558.000000
2871.784912 27722.000000
2872.562500 30906.000000
2873.339844 30459.000000
2874.116943 27239.000000
2874.893799 30678.000000
2875.669922 28649.000000
2876.445801 29159.000000
2877.221924 31286.000000
2877.997070 33277.000000
2878.771973 32864.000000
2879.547119 36431.000000
2880.321289 35021.000000
2881.095215 35132.000000
2881.869385 33669.000000
2882.642578 31807.000000
2883.415771 30767.000000
2884.188232 31721.000000
2884.960938 30072.000000
2885.733154 31772.000000
2886.504883 33750.000000
2887.276367 29235.000000
2888.048340 28826.000000
2888.818604 31295.000000
2889.589600 27925.000000
2890.359619 27884.000000
2891.129639 29119.000000
2891.899902 30451.000000
2892.668213 28573.000000
2893.437256 30474.000000
2894.206299 28787.000000
2894.974854 38692.000000
2895.742920 31009.000000
2896.510986 29857.000000
2897.278564 29413.000000
2898.045654 29251.000000
2898.812500 32782.000000
2899.579102 29408.000000
2900.345703 29425.000000
2901.111572 28523.000000
2901.877686 29421.000000
2902.642822 28202.000000
2903.407959 28004.000000
2904.173096 28815.000000
2904.937744 29904.000000
2905.701660 27832.000000
2906.466064 43898.000000
2907.229248 31140.000000
2907.992432 29159.000000
2908.756348 28635.000000
2909.518799 26548.000000
2910.281250 31264.000000
2911.043701 31838.000000
2911.805908 28511.000000
2912.567871 27922.000000
2913.329346 29801.000000
2914.089844 28555.000000
2914.851074 28555.000000
